station_id,model,experiment,mask_type,gap_length,pattern,target,metric,mean,median,std,ci_lower,ci_upper,n_events,ci_method,reason
B1,air_hydro,M2,block,10.0,T,T,MAE,2.0806049262542796,2.2101911800473544,0.5606016146226541,1.826184859060825,2.2999700975277944,20,percentile bootstrap over scenario_id (1000 replicates),
B1,air_hydro,M2,block,10.0,T,T,RMSE,2.14526487458138,2.231143256586134,0.5340487640225795,1.915353800196733,2.366591725980783,20,percentile bootstrap over scenario_id (1000 replicates),
B1,air_hydro,M2,block,10.0,T,T,skill,-4.165712302289206,-3.7134998845308242,3.989464736343571,-6.073408588547232,-2.6681416802186457,20,percentile bootstrap over scenario_id (1000 replicates),
B1,air_hydro,M2,block,10.0,T+F,T,MAE,2.5900735682757334,2.2467367445348465,1.1188761072426432,2.1519880550326556,3.060500254306475,20,percentile bootstrap over scenario_id (1000 replicates),
B1,air_hydro,M2,block,10.0,T+F,T,RMSE,2.655772168563421,2.3143841018039093,1.0945678461967399,2.2129391773321148,3.1088703396542954,20,percentile bootstrap over scenario_id (1000 replicates),
B1,air_hydro,M2,block,10.0,T+F,T,skill,-5.091660294882332,-3.879303751892324,4.685108914959066,-7.20541676550431,-3.3391098647890765,20,percentile bootstrap over scenario_id (1000 replicates),
B1,air_hydro,M2,block,10.0,T+F+L,T,MAE,0.6783023363923327,0.6913422254645136,0.30035549650744225,0.5504232537464419,0.8007645218556909,20,percentile bootstrap over scenario_id (1000 replicates),
B1,air_hydro,M2,block,10.0,T+F+L,T,RMSE,0.7666839175619515,0.7619643383145756,0.31856326747416963,0.6286617855522219,0.8950555776036188,20,percentile bootstrap over scenario_id (1000 replicates),
B1,air_hydro,M2,block,10.0,T+F+L,T,skill,-0.4391842562043853,0.0624224739334564,1.1727332312149035,-1.000081719193861,0.02583752118646457,20,percentile bootstrap over scenario_id (1000 replicates),
B1,air_hydro,M2,block,10.0,T+L,T,MAE,0.7869409771706455,0.6229345524400562,0.7294201811923962,0.5018962153498584,1.116076433346976,20,percentile bootstrap over scenario_id (1000 replicates),
B1,air_hydro,M2,block,10.0,T+L,T,RMSE,0.8637992417723035,0.6786526183192659,0.7494957640197223,0.5778660046590012,1.198870773975372,20,percentile bootstrap over scenario_id (1000 replicates),
B1,air_hydro,M2,block,10.0,T+L,T,skill,-0.2716146149264492,-0.013116920270198562,0.7461909189944633,-0.6070822250472352,0.03859912475846493,20,percentile bootstrap over scenario_id (1000 replicates),
B1,air_hydro,M2,block,30.0,T,T,MAE,2.1565719614684413,2.338476634672273,0.6408936986067958,1.8829901931924355,2.422514721980523,20,percentile bootstrap over scenario_id (1000 replicates),
B1,air_hydro,M2,block,30.0,T,T,RMSE,2.26969618223728,2.38054981242382,0.5832487124118486,2.0216302157820043,2.503413149845037,20,percentile bootstrap over scenario_id (1000 replicates),
B1,air_hydro,M2,block,30.0,T,T,skill,-2.93095551469238,-2.738117584397708,2.106027142249274,-3.8773024259169135,-2.0158832972828895,20,percentile bootstrap over scenario_id (1000 replicates),
B1,air_hydro,M2,block,30.0,T+F,T,MAE,2.725820692147641,2.2480656581097307,1.1253513206256311,2.2354548713712465,3.188913331752976,20,percentile bootstrap over scenario_id (1000 replicates),
B1,air_hydro,M2,block,30.0,T+F,T,RMSE,2.820849567375789,2.3174044150258792,1.108587036441818,2.3781855456325607,3.288643049814318,20,percentile bootstrap over scenario_id (1000 replicates),
B1,air_hydro,M2,block,30.0,T+F,T,skill,-3.693742672462631,-3.3081562071795414,2.9625204358441786,-4.986585168909113,-2.5476169085343554,20,percentile bootstrap over scenario_id (1000 replicates),
B1,air_hydro,M2,block,30.0,T+F+L,T,MAE,0.7591682524100977,0.7054429235705979,0.3588148147035103,0.6101253605453665,0.9139086059507497,20,percentile bootstrap over scenario_id (1000 replicates),
B1,air_hydro,M2,block,30.0,T+F+L,T,RMSE,0.8719380939683676,0.8204369745620321,0.37370869702117554,0.7136202742707146,1.0366835086759334,20,percentile bootstrap over scenario_id (1000 replicates),
B1,air_hydro,M2,block,30.0,T+F+L,T,skill,-0.20744952915029638,0.035605798982481895,0.7029695494018934,-0.5261113024129167,0.06566047134235463,20,percentile bootstrap over scenario_id (1000 replicates),
B1,air_hydro,M2,block,30.0,T+L,T,MAE,0.7861617715947808,0.7336301159536187,0.49714454895364274,0.5878831874929642,0.9934033871380094,20,percentile bootstrap over scenario_id (1000 replicates),
B1,air_hydro,M2,block,30.0,T+L,T,RMSE,0.936144506756996,0.888941900710227,0.5504422292273228,0.7190203115550214,1.1847699728025933,20,percentile bootstrap over scenario_id (1000 replicates),
B1,air_hydro,M2,block,30.0,T+L,T,skill,-0.11486321214398906,0.10043664080767978,0.582970513516371,-0.3772572746122424,0.10271091604918466,20,percentile bootstrap over scenario_id (1000 replicates),
B1,air_hydro,M2,block,90.0,T,T,MAE,2.1750231407616045,2.410039331416324,0.6232676865258422,1.8933871046295092,2.41489643167697,20,percentile bootstrap over scenario_id (1000 replicates),
B1,air_hydro,M2,block,90.0,T,T,RMSE,2.315485920497708,2.465538321222941,0.5793302292257282,2.0467140727367314,2.5503276698536643,20,percentile bootstrap over scenario_id (1000 replicates),
B1,air_hydro,M2,block,90.0,T,T,skill,-3.002195014433834,-2.634293445402232,2.4215952313707425,-4.081255407987998,-1.981328548664391,20,percentile bootstrap over scenario_id (1000 replicates),
B1,air_hydro,M2,block,90.0,T+F,T,MAE,2.6964870161206473,2.3657321866048524,1.0063445862824691,2.249226349941297,3.152200177638597,20,percentile bootstrap over scenario_id (1000 replicates),
B1,air_hydro,M2,block,90.0,T+F,T,RMSE,2.8375512740993747,2.525201167970399,0.999600652040255,2.4249130827999603,3.275328286169339,20,percentile bootstrap over scenario_id (1000 replicates),
B1,air_hydro,M2,block,90.0,T+F,T,skill,-3.4928324249972755,-3.390113415750943,1.9626258933386518,-4.255603866547449,-2.6183598309469955,20,percentile bootstrap over scenario_id (1000 replicates),
B1,air_hydro,M2,block,90.0,T+F+L,T,MAE,0.7287423518647274,0.7189317171690597,0.3059326038307542,0.6007013828473203,0.8595520468388825,20,percentile bootstrap over scenario_id (1000 replicates),
B1,air_hydro,M2,block,90.0,T+F+L,T,RMSE,0.8727742317200031,0.883756975503828,0.3477262852922752,0.7273872301030252,1.0199148137767784,20,percentile bootstrap over scenario_id (1000 replicates),
B1,air_hydro,M2,block,90.0,T+F+L,T,skill,-0.09403567468317797,-0.020139327567616938,0.2949955253938946,-0.22314894760655352,0.026152803855664427,20,percentile bootstrap over scenario_id (1000 replicates),
B1,air_hydro,M2,block,90.0,T+L,T,MAE,0.805940353090001,0.7902974372201201,0.37521736851009835,0.6566741868001763,0.9723714495006789,20,percentile bootstrap over scenario_id (1000 replicates),
B1,air_hydro,M2,block,90.0,T+L,T,RMSE,0.9817195244913194,0.9714710100913431,0.44414088973644517,0.7929251793077712,1.1817386084540984,20,percentile bootstrap over scenario_id (1000 replicates),
B1,air_hydro,M2,block,90.0,T+L,T,skill,-0.17133579643550892,-0.10641363904243761,0.2753851965603732,-0.2882953118151873,-0.055916847668542234,20,percentile bootstrap over scenario_id (1000 replicates),
B1,air_hydro,M2,block,180.0,T,T,MAE,2.098162167025185,2.291160938858618,0.5070609860856367,1.872212107356653,2.287983143827886,20,percentile bootstrap over scenario_id (1000 replicates),
B1,air_hydro,M2,block,180.0,T,T,RMSE,2.28302769452256,2.431733375022234,0.4662756870810277,2.0811495587742828,2.463008379365612,20,percentile bootstrap over scenario_id (1000 replicates),
B1,air_hydro,M2,block,180.0,T,T,skill,-2.1854022079033735,-2.3229373743885056,1.155909885386563,-2.672416399830597,-1.7244194415578604,20,percentile bootstrap over scenario_id (1000 replicates),
B1,air_hydro,M2,block,180.0,T+F,T,MAE,2.577316536917466,2.6398496069756603,0.8132648341098617,2.229154976865037,2.924271078677315,20,percentile bootstrap over scenario_id (1000 replicates),
B1,air_hydro,M2,block,180.0,T+F,T,RMSE,2.7843768101299076,2.822468611462161,0.8291692113606939,2.4240440425492964,3.1231924167814404,20,percentile bootstrap over scenario_id (1000 replicates),
B1,air_hydro,M2,block,180.0,T+F,T,skill,-2.7365932368479484,-3.224343637755432,1.0429448062426414,-3.162204137302485,-2.291944666630478,20,percentile bootstrap over scenario_id (1000 replicates),
B1,air_hydro,M2,block,180.0,T+F+L,T,MAE,0.7264553940035442,0.7170091112165053,0.19464894298191127,0.6459956922612143,0.808844184149635,20,percentile bootstrap over scenario_id (1000 replicates),
B1,air_hydro,M2,block,180.0,T+F+L,T,RMSE,0.9045208362739638,0.9307989867012485,0.23383391335318887,0.8002034731895235,1.0087686938801255,20,percentile bootstrap over scenario_id (1000 replicates),
B1,air_hydro,M2,block,180.0,T+F+L,T,skill,-0.03468297904859561,-0.02316124776409456,0.15433865887379367,-0.10039212412931553,0.035566290530596116,20,percentile bootstrap over scenario_id (1000 replicates),
B1,air_hydro,M2,block,180.0,T+L,T,MAE,0.8076122702643185,0.8924583812812569,0.27148462216750185,0.6869071956484268,0.9242718799557292,20,percentile bootstrap over scenario_id (1000 replicates),
B1,air_hydro,M2,block,180.0,T+L,T,RMSE,1.0337655607862613,1.1814826711037636,0.32494419232110666,0.8911250416241039,1.1769393785238849,20,percentile bootstrap over scenario_id (1000 replicates),
B1,air_hydro,M2,block,180.0,T+L,T,skill,-0.13361292089065796,-0.07687840388486933,0.225445565279542,-0.23023198077029983,-0.04245349706964061,20,percentile bootstrap over scenario_id (1000 replicates),
B1,air_hydro,M3,multiblock,10.0,T,T,MAE,1.9938660433907356,2.1256427287271653,0.5900695695031211,1.7492681125686493,2.242771758049209,20,percentile bootstrap over scenario_id (1000 replicates),
B1,air_hydro,M3,multiblock,10.0,T,T,RMSE,2.129774131935368,2.178136402108113,0.5851441317943941,1.8847705770605439,2.3684664545271734,20,percentile bootstrap over scenario_id (1000 replicates),
B1,air_hydro,M3,multiblock,10.0,T,T,skill,-1.6674845604332131,-1.9320362157543878,1.4018918509620641,-2.3079188647743027,-1.0731521853555428,20,percentile bootstrap over scenario_id (1000 replicates),
B1,air_hydro,M3,multiblock,10.0,T+F,T,MAE,2.4025670328886397,2.5441984510943674,0.869508873375875,2.0523061235598927,2.7745524673254334,20,percentile bootstrap over scenario_id (1000 replicates),
B1,air_hydro,M3,multiblock,10.0,T+F,T,RMSE,2.6146035593150163,2.695628667791217,0.9596048107293248,2.1786182336549187,3.0316401331460248,20,percentile bootstrap over scenario_id (1000 replicates),
B1,air_hydro,M3,multiblock,10.0,T+F,T,skill,-2.2303236272253795,-2.2700261615055766,1.7917513482272291,-2.9882845539020377,-1.457645421409727,20,percentile bootstrap over scenario_id (1000 replicates),
B1,air_hydro,M3,multiblock,10.0,T+F+L,T,MAE,0.8495328574848544,0.9371608141729146,0.2563902044234141,0.7473844392081536,0.957306407064024,20,percentile bootstrap over scenario_id (1000 replicates),
B1,air_hydro,M3,multiblock,10.0,T+F+L,T,RMSE,1.0026903706333938,1.0844255105994869,0.277551195390306,0.8814872748303986,1.1169087515028424,20,percentile bootstrap over scenario_id (1000 replicates),
B1,air_hydro,M3,multiblock,10.0,T+F+L,T,skill,-0.019153419469219713,0.02106746583446817,0.33783691081009276,-0.16827498175077604,0.12486292104911,20,percentile bootstrap over scenario_id (1000 replicates),
B1,air_hydro,M3,multiblock,10.0,T+L,T,MAE,0.8889783857797859,0.9083493245539533,0.39477112546131177,0.7290975486293525,1.0561861486884518,20,percentile bootstrap over scenario_id (1000 replicates),
B1,air_hydro,M3,multiblock,10.0,T+L,T,RMSE,1.0753956799457693,1.0148513483677808,0.4865415346142555,0.869263967219889,1.2919818431449508,20,percentile bootstrap over scenario_id (1000 replicates),
B1,air_hydro,M3,multiblock,10.0,T+L,T,skill,-0.022095780007137123,0.11544375283599351,0.37164509653712685,-0.19068220322281668,0.1220155008998246,20,percentile bootstrap over scenario_id (1000 replicates),
B1,air_hydro,M3,multiblock,30.0,T,T,MAE,1.8794278083206553,1.9020470755065695,0.5390304948862804,1.653015705708045,2.0951898735994767,20,percentile bootstrap over scenario_id (1000 replicates),
B1,air_hydro,M3,multiblock,30.0,T,T,RMSE,2.05945386630298,2.022472267020132,0.5409515842958066,1.8367969286718855,2.304310772086216,20,percentile bootstrap over scenario_id (1000 replicates),
B1,air_hydro,M3,multiblock,30.0,T,T,skill,-1.6832070029855235,-1.8201158419197474,1.113696361847698,-2.1563020333283798,-1.2200194904765576,20,percentile bootstrap over scenario_id (1000 replicates),
B1,air_hydro,M3,multiblock,30.0,T+F,T,MAE,2.2916679474890036,1.9595756603332193,0.7976337429029245,1.9809553096711114,2.6459474977547184,20,percentile bootstrap over scenario_id (1000 replicates),
B1,air_hydro,M3,multiblock,30.0,T+F,T,RMSE,2.5340155814782666,2.359623923045051,0.8529080305285739,2.1875726683266787,2.882532973994663,20,percentile bootstrap over scenario_id (1000 replicates),
B1,air_hydro,M3,multiblock,30.0,T+F,T,skill,-2.2000239920294105,-2.1891685701204726,1.398836708045418,-2.877400196793445,-1.6184528826387417,20,percentile bootstrap over scenario_id (1000 replicates),
B1,air_hydro,M3,multiblock,30.0,T+F+L,T,MAE,0.7848787663527278,0.6849200542664322,0.2916133782531304,0.6622903897157162,0.9142218671571951,20,percentile bootstrap over scenario_id (1000 replicates),
B1,air_hydro,M3,multiblock,30.0,T+F+L,T,RMSE,0.919985628853398,0.8553720068403023,0.3093057709232727,0.7885566203333433,1.0529638254582534,20,percentile bootstrap over scenario_id (1000 replicates),
B1,air_hydro,M3,multiblock,30.0,T+F+L,T,skill,-0.015340003078637098,-0.03650268321034622,0.26458885454469605,-0.13225798523635723,0.09292709635563356,20,percentile bootstrap over scenario_id (1000 replicates),
B1,air_hydro,M3,multiblock,30.0,T+L,T,MAE,0.8461465144316869,0.8295461744340283,0.37619424895340153,0.6862136047867233,1.0126148516110165,20,percentile bootstrap over scenario_id (1000 replicates),
B1,air_hydro,M3,multiblock,30.0,T+L,T,RMSE,1.0340708328118908,1.0758640409218525,0.43930709865418666,0.8582965352012898,1.2175003875881834,20,percentile bootstrap over scenario_id (1000 replicates),
B1,air_hydro,M3,multiblock,30.0,T+L,T,skill,-0.05133643841532777,0.01742176216386826,0.2989198372256597,-0.18065178440058685,0.08025018534731503,20,percentile bootstrap over scenario_id (1000 replicates),
B1,air_hydro,M3,multiblock,90.0,T,T,MAE,1.9209586378679624,2.000532851700779,0.3258561112905548,1.7816893395911082,2.0571896589958367,20,percentile bootstrap over scenario_id (1000 replicates),
B1,air_hydro,M3,multiblock,90.0,T,T,RMSE,2.1447629884190857,2.2766453469683396,0.33054315948253943,2.001569957760474,2.28183941490714,20,percentile bootstrap over scenario_id (1000 replicates),
B1,air_hydro,M3,multiblock,90.0,T,T,skill,-1.5179761448095235,-1.463328324930281,0.8006476893064196,-1.8603273414640495,-1.181210389037411,20,percentile bootstrap over scenario_id (1000 replicates),
B1,air_hydro,M3,multiblock,90.0,T+F,T,MAE,2.5607385321389087,2.435388611097596,0.6517206898800223,2.296781698757744,2.8679932298526842,20,percentile bootstrap over scenario_id (1000 replicates),
B1,air_hydro,M3,multiblock,90.0,T+F,T,RMSE,2.8455272282330197,2.7138074589571133,0.6663329417119154,2.557634404357794,3.135761461570863,20,percentile bootstrap over scenario_id (1000 replicates),
B1,air_hydro,M3,multiblock,90.0,T+F,T,skill,-2.2628759488347177,-2.128816563798193,0.8431258032397448,-2.620850799776761,-1.8964256770417987,20,percentile bootstrap over scenario_id (1000 replicates),
B1,air_hydro,M3,multiblock,90.0,T+F+L,T,MAE,0.8103295643011826,0.7746966232680613,0.1740605746276809,0.739450471446125,0.8853884344287557,20,percentile bootstrap over scenario_id (1000 replicates),
B1,air_hydro,M3,multiblock,90.0,T+F+L,T,RMSE,0.996613041920655,0.9585785108798295,0.1840031449584494,0.913753629239591,1.0724184690374923,20,percentile bootstrap over scenario_id (1000 replicates),
B1,air_hydro,M3,multiblock,90.0,T+F+L,T,skill,-0.02909494139612776,0.047540733570714255,0.24081770341584585,-0.1326155724402428,0.06621497690503554,20,percentile bootstrap over scenario_id (1000 replicates),
B1,air_hydro,M3,multiblock,90.0,T+L,T,MAE,0.9322867497817839,0.8539176356058547,0.2596248308290447,0.8188219444159367,1.0532912328861146,20,percentile bootstrap over scenario_id (1000 replicates),
B1,air_hydro,M3,multiblock,90.0,T+L,T,RMSE,1.1639613903869819,1.151095164841245,0.27056867554816194,1.0585988214941515,1.273460882887671,20,percentile bootstrap over scenario_id (1000 replicates),
B1,air_hydro,M3,multiblock,90.0,T+L,T,skill,-0.15543363759360324,-0.0942428205378888,0.2219681804886211,-0.2536484298974872,-0.06926388400882073,20,percentile bootstrap over scenario_id (1000 replicates),
B1,air_hydro,M3,multiblock,180.0,T,T,MAE,1.9238820117328264,2.0317026508087865,0.26346363278872065,1.8069064167587083,2.0306016873801838,20,percentile bootstrap over scenario_id (1000 replicates),
B1,air_hydro,M3,multiblock,180.0,T,T,RMSE,2.153319661861632,2.191177933005103,0.22398452314173561,2.066460263357085,2.249751371429891,20,percentile bootstrap over scenario_id (1000 replicates),
B1,air_hydro,M3,multiblock,180.0,T,T,skill,-1.142182136717381,-1.1238829238399437,0.4649443483414664,-1.3412488877177837,-0.9352617040786306,20,percentile bootstrap over scenario_id (1000 replicates),
B1,air_hydro,M3,multiblock,180.0,T+F,T,MAE,2.522667046553461,2.5415769890842177,0.39915078923859093,2.3512965181496637,2.6974833020914133,20,percentile bootstrap over scenario_id (1000 replicates),
B1,air_hydro,M3,multiblock,180.0,T+F,T,RMSE,2.8463118370984897,2.9265999516187593,0.4237227342781729,2.675221695814691,3.0259773991551664,20,percentile bootstrap over scenario_id (1000 replicates),
B1,air_hydro,M3,multiblock,180.0,T+F,T,skill,-1.781275706630225,-1.7982783355134861,0.5319777673322288,-1.9908272494803907,-1.5552810861280482,20,percentile bootstrap over scenario_id (1000 replicates),
B1,air_hydro,M3,multiblock,180.0,T+F+L,T,MAE,0.8156683492490929,0.8221872948784019,0.11936724642892256,0.7662507998726217,0.8659945417511342,20,percentile bootstrap over scenario_id (1000 replicates),
B1,air_hydro,M3,multiblock,180.0,T+F+L,T,RMSE,1.0083561883609147,1.0158984964213986,0.1248682642096445,0.9497797048396437,1.056394818182971,20,percentile bootstrap over scenario_id (1000 replicates),
B1,air_hydro,M3,multiblock,180.0,T+F+L,T,skill,0.10981798078663545,0.09805983411668467,0.1066641087011299,0.06692758664588856,0.15546990145202694,20,percentile bootstrap over scenario_id (1000 replicates),
B1,air_hydro,M3,multiblock,180.0,T+L,T,MAE,0.9808279965045225,0.9609230676787761,0.169418013011948,0.9138647852734507,1.0512729416315256,20,percentile bootstrap over scenario_id (1000 replicates),
B1,air_hydro,M3,multiblock,180.0,T+L,T,RMSE,1.2377230852778311,1.217640379530128,0.18155433581437044,1.1608578562870504,1.3111352492998667,20,percentile bootstrap over scenario_id (1000 replicates),
B1,air_hydro,M3,multiblock,180.0,T+L,T,skill,-0.06709806519392622,-0.062120029443263336,0.13466177020572964,-0.12333114859515709,-0.0073488383770186705,20,percentile bootstrap over scenario_id (1000 replicates),
B1,air_only,M2,block,10.0,T,T,MAE,0.6071681501481997,0.6104666410322976,0.3387853895612819,0.47748762208005685,0.7562193437964472,20,percentile bootstrap over scenario_id (1000 replicates),
B1,air_only,M2,block,10.0,T,T,RMSE,0.6964038965956421,0.6940663693208762,0.3649408893821026,0.551892532977622,0.857216520825706,20,percentile bootstrap over scenario_id (1000 replicates),
B1,air_only,M2,block,10.0,T,T,skill,-0.17687492727218707,0.08885416073470814,0.8722002011547756,-0.5827002506399531,0.14037525525873165,20,percentile bootstrap over scenario_id (1000 replicates),
B1,air_only,M2,block,10.0,T+F,T,MAE,0.6071681501481997,0.6104666410322976,0.3387853895612819,0.47497635447307657,0.7570021710801379,20,percentile bootstrap over scenario_id (1000 replicates),
B1,air_only,M2,block,10.0,T+F,T,RMSE,0.6964038965956421,0.6940663693208762,0.3649408893821026,0.5491395149842866,0.8562618325035403,20,percentile bootstrap over scenario_id (1000 replicates),
B1,air_only,M2,block,10.0,T+F,T,skill,-0.17687492727218707,0.08885416073470814,0.8722002011547756,-0.59037529373783,0.14847053641330743,20,percentile bootstrap over scenario_id (1000 replicates),
B1,air_only,M2,block,10.0,T+F+L,T,MAE,0.6071681501481997,0.6104666410322976,0.3387853895612819,0.4727835678848639,0.7412387293770801,20,percentile bootstrap over scenario_id (1000 replicates),
B1,air_only,M2,block,10.0,T+F+L,T,RMSE,0.6964038965956421,0.6940663693208762,0.3649408893821026,0.5525844586813837,0.8544080743412453,20,percentile bootstrap over scenario_id (1000 replicates),
B1,air_only,M2,block,10.0,T+F+L,T,skill,-0.17687492727218707,0.08885416073470814,0.8722002011547756,-0.591361196069475,0.14793784760443646,20,percentile bootstrap over scenario_id (1000 replicates),
B1,air_only,M2,block,10.0,T+L,T,MAE,0.6071681501481997,0.6104666410322976,0.3387853895612819,0.4636194252552232,0.7679575077733964,20,percentile bootstrap over scenario_id (1000 replicates),
B1,air_only,M2,block,10.0,T+L,T,RMSE,0.6964038965956421,0.6940663693208762,0.3649408893821026,0.548660879710742,0.8471835616153983,20,percentile bootstrap over scenario_id (1000 replicates),
B1,air_only,M2,block,10.0,T+L,T,skill,-0.17687492727218707,0.08885416073470814,0.8722002011547756,-0.6101792473096666,0.13691822836571896,20,percentile bootstrap over scenario_id (1000 replicates),
B1,air_only,M2,block,30.0,T,T,MAE,0.6693606994342314,0.6413238257483611,0.3189194042598987,0.5403201416334741,0.8067802740846365,20,percentile bootstrap over scenario_id (1000 replicates),
B1,air_only,M2,block,30.0,T,T,RMSE,0.7861085510635732,0.7451740253935982,0.35208447111206875,0.6328793581135602,0.9340355032998134,20,percentile bootstrap over scenario_id (1000 replicates),
B1,air_only,M2,block,30.0,T,T,skill,-0.0028231462533480356,0.09899104275095216,0.3775394076024021,-0.16306043563435385,0.14212235276670643,20,percentile bootstrap over scenario_id (1000 replicates),
B1,air_only,M2,block,30.0,T+F,T,MAE,0.6693606994342314,0.6413238257483611,0.3189194042598987,0.5426917533106146,0.8137240383466152,20,percentile bootstrap over scenario_id (1000 replicates),
B1,air_only,M2,block,30.0,T+F,T,RMSE,0.7861085510635732,0.7451740253935982,0.35208447111206875,0.6416409505025619,0.9458138867755148,20,percentile bootstrap over scenario_id (1000 replicates),
B1,air_only,M2,block,30.0,T+F,T,skill,-0.0028231462533480356,0.09899104275095216,0.3775394076024021,-0.1731884030220344,0.1421864246313619,20,percentile bootstrap over scenario_id (1000 replicates),
B1,air_only,M2,block,30.0,T+F+L,T,MAE,0.6693606994342314,0.6413238257483611,0.3189194042598987,0.5426581829692877,0.807443017042933,20,percentile bootstrap over scenario_id (1000 replicates),
B1,air_only,M2,block,30.0,T+F+L,T,RMSE,0.7861085510635732,0.7451740253935982,0.35208447111206875,0.6341329192985922,0.9314865465705475,20,percentile bootstrap over scenario_id (1000 replicates),
B1,air_only,M2,block,30.0,T+F+L,T,skill,-0.0028231462533480356,0.09899104275095216,0.3775394076024021,-0.15462246291337825,0.14697161416391233,20,percentile bootstrap over scenario_id (1000 replicates),
B1,air_only,M2,block,30.0,T+L,T,MAE,0.6693606994342314,0.6413238257483611,0.3189194042598987,0.5473736614908277,0.8138973322894848,20,percentile bootstrap over scenario_id (1000 replicates),
B1,air_only,M2,block,30.0,T+L,T,RMSE,0.7861085510635732,0.7451740253935982,0.35208447111206875,0.6538350304041564,0.9384053291407526,20,percentile bootstrap over scenario_id (1000 replicates),
B1,air_only,M2,block,30.0,T+L,T,skill,-0.0028231462533480356,0.09899104275095216,0.3775394076024021,-0.15972524963150603,0.13957525422808167,20,percentile bootstrap over scenario_id (1000 replicates),
B1,air_only,M2,block,90.0,T,T,MAE,0.6441578342055136,0.6376242068585581,0.24861537623202404,0.5331780668675067,0.7474001321914991,20,percentile bootstrap over scenario_id (1000 replicates),
B1,air_only,M2,block,90.0,T,T,RMSE,0.7908470755475084,0.8119955366795972,0.2997265467639436,0.6596929999660706,0.9166395055895343,20,percentile bootstrap over scenario_id (1000 replicates),
B1,air_only,M2,block,90.0,T,T,skill,0.03752345793650577,0.025767798962392174,0.14328731689662336,-0.024143323500260033,0.10064443059075916,20,percentile bootstrap over scenario_id (1000 replicates),
B1,air_only,M2,block,90.0,T+F,T,MAE,0.6441578342055136,0.6376242068585581,0.24861537623202404,0.5390485301468363,0.7499212273397832,20,percentile bootstrap over scenario_id (1000 replicates),
B1,air_only,M2,block,90.0,T+F,T,RMSE,0.7908470755475084,0.8119955366795972,0.2997265467639436,0.6617678417658471,0.9108980124820497,20,percentile bootstrap over scenario_id (1000 replicates),
B1,air_only,M2,block,90.0,T+F,T,skill,0.03752345793650577,0.025767798962392174,0.14328731689662336,-0.025852451805333118,0.09937329976657708,20,percentile bootstrap over scenario_id (1000 replicates),
B1,air_only,M2,block,90.0,T+F+L,T,MAE,0.6441578342055136,0.6376242068585581,0.24861537623202404,0.5368031111037372,0.7538052298424444,20,percentile bootstrap over scenario_id (1000 replicates),
B1,air_only,M2,block,90.0,T+F+L,T,RMSE,0.7908470755475084,0.8119955366795972,0.2997265467639436,0.6677018544197817,0.9380905368387358,20,percentile bootstrap over scenario_id (1000 replicates),
B1,air_only,M2,block,90.0,T+F+L,T,skill,0.03752345793650577,0.025767798962392174,0.14328731689662336,-0.02344452504280434,0.10368315133005693,20,percentile bootstrap over scenario_id (1000 replicates),
B1,air_only,M2,block,90.0,T+L,T,MAE,0.6441578342055136,0.6376242068585581,0.24861537623202404,0.5496970299092863,0.7563199113687484,20,percentile bootstrap over scenario_id (1000 replicates),
B1,air_only,M2,block,90.0,T+L,T,RMSE,0.7908470755475084,0.8119955366795972,0.2997265467639436,0.6688987630456866,0.9182888322957241,20,percentile bootstrap over scenario_id (1000 replicates),
B1,air_only,M2,block,90.0,T+L,T,skill,0.03752345793650577,0.025767798962392174,0.14328731689662336,-0.022215443017021372,0.09647612476169441,20,percentile bootstrap over scenario_id (1000 replicates),
B1,air_only,M2,block,180.0,T,T,MAE,0.6580464902196522,0.6511164392373467,0.1645039624551479,0.5919436612100036,0.7265288550796009,20,percentile bootstrap over scenario_id (1000 replicates),
B1,air_only,M2,block,180.0,T,T,RMSE,0.8342478301087638,0.8422531282069405,0.20819106511864735,0.7549936519576342,0.9296841016726449,20,percentile bootstrap over scenario_id (1000 replicates),
B1,air_only,M2,block,180.0,T,T,skill,0.06280805560958631,0.028507467880173665,0.10302493893050431,0.022749525192232407,0.10682799912284313,20,percentile bootstrap over scenario_id (1000 replicates),
B1,air_only,M2,block,180.0,T+F,T,MAE,0.6580464902196522,0.6511164392373467,0.1645039624551479,0.5907428097153093,0.7269562274118803,20,percentile bootstrap over scenario_id (1000 replicates),
B1,air_only,M2,block,180.0,T+F,T,RMSE,0.8342478301087638,0.8422531282069405,0.20819106511864735,0.7494110500558405,0.9271002390336313,20,percentile bootstrap over scenario_id (1000 replicates),
B1,air_only,M2,block,180.0,T+F,T,skill,0.06280805560958631,0.028507467880173665,0.10302493893050431,0.01780202633706848,0.11042153584149059,20,percentile bootstrap over scenario_id (1000 replicates),
B1,air_only,M2,block,180.0,T+F+L,T,MAE,0.6580464902196522,0.6511164392373467,0.1645039624551479,0.5870035670425687,0.7246208881913391,20,percentile bootstrap over scenario_id (1000 replicates),
B1,air_only,M2,block,180.0,T+F+L,T,RMSE,0.8342478301087638,0.8422531282069405,0.20819106511864735,0.7473684309231807,0.9146066151009006,20,percentile bootstrap over scenario_id (1000 replicates),
B1,air_only,M2,block,180.0,T+F+L,T,skill,0.06280805560958631,0.028507467880173665,0.10302493893050431,0.020677131670384295,0.10574667947672249,20,percentile bootstrap over scenario_id (1000 replicates),
B1,air_only,M2,block,180.0,T+L,T,MAE,0.6580464902196522,0.6511164392373467,0.1645039624551479,0.586048519111359,0.7299019053993872,20,percentile bootstrap over scenario_id (1000 replicates),
B1,air_only,M2,block,180.0,T+L,T,RMSE,0.8342478301087638,0.8422531282069405,0.20819106511864735,0.7421589048406951,0.9224942067196911,20,percentile bootstrap over scenario_id (1000 replicates),
B1,air_only,M2,block,180.0,T+L,T,skill,0.06280805560958631,0.028507467880173665,0.10302493893050431,0.022206149285592603,0.11003615888884619,20,percentile bootstrap over scenario_id (1000 replicates),
B1,air_only,M3,multiblock,10.0,T,T,MAE,0.7969441379246965,0.806874031020116,0.22096443020839066,0.7047194085460439,0.8872172558409731,20,percentile bootstrap over scenario_id (1000 replicates),
B1,air_only,M3,multiblock,10.0,T,T,RMSE,0.9515797520412772,0.9286641579620678,0.23642799695634728,0.8610277227913596,1.052059736794721,20,percentile bootstrap over scenario_id (1000 replicates),
B1,air_only,M3,multiblock,10.0,T,T,skill,0.06195615211369428,0.10683893372959236,0.19536569902844889,-0.027461911633060363,0.14203015063071325,20,percentile bootstrap over scenario_id (1000 replicates),
B1,air_only,M3,multiblock,10.0,T+F,T,MAE,0.7969441379246965,0.806874031020116,0.22096443020839066,0.7048921986569503,0.8908059861986374,20,percentile bootstrap over scenario_id (1000 replicates),
B1,air_only,M3,multiblock,10.0,T+F,T,RMSE,0.9515797520412772,0.9286641579620678,0.23642799695634728,0.854712914549254,1.0529478153558802,20,percentile bootstrap over scenario_id (1000 replicates),
B1,air_only,M3,multiblock,10.0,T+F,T,skill,0.06195615211369428,0.10683893372959236,0.19536569902844889,-0.023216323200465218,0.14243371237664448,20,percentile bootstrap over scenario_id (1000 replicates),
B1,air_only,M3,multiblock,10.0,T+F+L,T,MAE,0.7969441379246965,0.806874031020116,0.22096443020839066,0.6964494774666836,0.8972097127575596,20,percentile bootstrap over scenario_id (1000 replicates),
B1,air_only,M3,multiblock,10.0,T+F+L,T,RMSE,0.9515797520412772,0.9286641579620678,0.23642799695634728,0.8508728264733572,1.0515336984598875,20,percentile bootstrap over scenario_id (1000 replicates),
B1,air_only,M3,multiblock,10.0,T+F+L,T,skill,0.06195615211369428,0.10683893372959236,0.19536569902844889,-0.023565218453890216,0.13927812871505688,20,percentile bootstrap over scenario_id (1000 replicates),
B1,air_only,M3,multiblock,10.0,T+L,T,MAE,0.7969441379246965,0.806874031020116,0.22096443020839066,0.7002166629644754,0.8968604157888876,20,percentile bootstrap over scenario_id (1000 replicates),
B1,air_only,M3,multiblock,10.0,T+L,T,RMSE,0.9515797520412772,0.9286641579620678,0.23642799695634728,0.8552495046788365,1.0528300244474376,20,percentile bootstrap over scenario_id (1000 replicates),
B1,air_only,M3,multiblock,10.0,T+L,T,skill,0.06195615211369428,0.10683893372959236,0.19536569902844889,-0.02593422421395535,0.1425285004622896,20,percentile bootstrap over scenario_id (1000 replicates),
B1,air_only,M3,multiblock,30.0,T,T,MAE,0.7221232109397415,0.6496032750076177,0.2677845242585932,0.6205012441205343,0.8513162332739829,20,percentile bootstrap over scenario_id (1000 replicates),
B1,air_only,M3,multiblock,30.0,T,T,RMSE,0.8686800334483195,0.7704751164230187,0.3076806181144511,0.7377617209262719,1.0124478935494312,20,percentile bootstrap over scenario_id (1000 replicates),
B1,air_only,M3,multiblock,30.0,T,T,skill,0.08709656739864864,0.10797153636082907,0.14858606799628077,0.025990626717568657,0.1442395806251321,20,percentile bootstrap over scenario_id (1000 replicates),
B1,air_only,M3,multiblock,30.0,T+F,T,MAE,0.7221232109397415,0.6496032750076177,0.2677845242585932,0.6215905184172057,0.8371801277807115,20,percentile bootstrap over scenario_id (1000 replicates),
B1,air_only,M3,multiblock,30.0,T+F,T,RMSE,0.8686800334483195,0.7704751164230187,0.3076806181144511,0.7394224312952536,0.9858304091592116,20,percentile bootstrap over scenario_id (1000 replicates),
B1,air_only,M3,multiblock,30.0,T+F,T,skill,0.08709656739864864,0.10797153636082907,0.14858606799628077,0.025508498807319927,0.15256165317420287,20,percentile bootstrap over scenario_id (1000 replicates),
B1,air_only,M3,multiblock,30.0,T+F+L,T,MAE,0.7221232109397415,0.6496032750076177,0.2677845242585932,0.6130106501142129,0.8401146992377418,20,percentile bootstrap over scenario_id (1000 replicates),
B1,air_only,M3,multiblock,30.0,T+F+L,T,RMSE,0.8686800334483195,0.7704751164230187,0.3076806181144511,0.7347210011139419,1.0096130545190227,20,percentile bootstrap over scenario_id (1000 replicates),
B1,air_only,M3,multiblock,30.0,T+F+L,T,skill,0.08709656739864864,0.10797153636082907,0.14858606799628077,0.026137042835335546,0.14808649984802913,20,percentile bootstrap over scenario_id (1000 replicates),
B1,air_only,M3,multiblock,30.0,T+L,T,MAE,0.7221232109397415,0.6496032750076177,0.2677845242585932,0.6117752149800424,0.8372757642509536,20,percentile bootstrap over scenario_id (1000 replicates),
B1,air_only,M3,multiblock,30.0,T+L,T,RMSE,0.8686800334483195,0.7704751164230187,0.3076806181144511,0.7384166938440112,1.0093303494657195,20,percentile bootstrap over scenario_id (1000 replicates),
B1,air_only,M3,multiblock,30.0,T+L,T,skill,0.08709656739864864,0.10797153636082907,0.14858606799628077,0.024607798855533842,0.1447854772645286,20,percentile bootstrap over scenario_id (1000 replicates),
B1,air_only,M3,multiblock,90.0,T,T,MAE,0.7340068661177186,0.7066847038741028,0.12716912443045647,0.682654334947085,0.7913601020987444,20,percentile bootstrap over scenario_id (1000 replicates),
B1,air_only,M3,multiblock,90.0,T,T,RMSE,0.9182348573191605,0.9084715145062237,0.14076008633233794,0.861003606288208,0.9754834962354068,20,percentile bootstrap over scenario_id (1000 replicates),
B1,air_only,M3,multiblock,90.0,T,T,skill,0.07484847856599228,0.07839014120839738,0.13803056057415405,0.01130617891615172,0.13029778508484374,20,percentile bootstrap over scenario_id (1000 replicates),
B1,air_only,M3,multiblock,90.0,T+F,T,MAE,0.7340068661177186,0.7066847038741028,0.12716912443045647,0.678509569322602,0.7870684455966976,20,percentile bootstrap over scenario_id (1000 replicates),
B1,air_only,M3,multiblock,90.0,T+F,T,RMSE,0.9182348573191605,0.9084715145062237,0.14076008633233794,0.8596589820337097,0.976801061929642,20,percentile bootstrap over scenario_id (1000 replicates),
B1,air_only,M3,multiblock,90.0,T+F,T,skill,0.07484847856599228,0.07839014120839738,0.13803056057415405,0.018624424217679656,0.13255794736094872,20,percentile bootstrap over scenario_id (1000 replicates),
B1,air_only,M3,multiblock,90.0,T+F+L,T,MAE,0.7340068661177186,0.7066847038741028,0.12716912443045647,0.6822106073901969,0.7875938388064745,20,percentile bootstrap over scenario_id (1000 replicates),
B1,air_only,M3,multiblock,90.0,T+F+L,T,RMSE,0.9182348573191605,0.9084715145062237,0.14076008633233794,0.8577089200328484,0.9787720513251112,20,percentile bootstrap over scenario_id (1000 replicates),
B1,air_only,M3,multiblock,90.0,T+F+L,T,skill,0.07484847856599228,0.07839014120839738,0.13803056057415405,0.012277396468697887,0.13182213479939672,20,percentile bootstrap over scenario_id (1000 replicates),
B1,air_only,M3,multiblock,90.0,T+L,T,MAE,0.7340068661177186,0.7066847038741028,0.12716912443045647,0.683201438575546,0.7898727801049569,20,percentile bootstrap over scenario_id (1000 replicates),
B1,air_only,M3,multiblock,90.0,T+L,T,RMSE,0.9182348573191605,0.9084715145062237,0.14076008633233794,0.8547612425523219,0.9790264949352754,20,percentile bootstrap over scenario_id (1000 replicates),
B1,air_only,M3,multiblock,90.0,T+L,T,skill,0.07484847856599228,0.07839014120839738,0.13803056057415405,0.015365503784506653,0.1332290040604606,20,percentile bootstrap over scenario_id (1000 replicates),
B1,air_only,M3,multiblock,180.0,T,T,MAE,0.7920979204914241,0.7881987006735713,0.10249463020384665,0.7495762419687192,0.835130507900244,20,percentile bootstrap over scenario_id (1000 replicates),
B1,air_only,M3,multiblock,180.0,T,T,RMSE,0.9946900517950624,0.9822399372655167,0.10285793727412676,0.9504104131022559,1.037559712223321,20,percentile bootstrap over scenario_id (1000 replicates),
B1,air_only,M3,multiblock,180.0,T,T,skill,0.13739619808856945,0.14109767527877554,0.05837319878916521,0.11326395554921873,0.162558126189451,20,percentile bootstrap over scenario_id (1000 replicates),
B1,air_only,M3,multiblock,180.0,T+F,T,MAE,0.7920979204914241,0.7881987006735713,0.10249463020384665,0.7464929279821534,0.8333178741361984,20,percentile bootstrap over scenario_id (1000 replicates),
B1,air_only,M3,multiblock,180.0,T+F,T,RMSE,0.9946900517950624,0.9822399372655167,0.10285793727412676,0.9479989236534131,1.0376396633710143,20,percentile bootstrap over scenario_id (1000 replicates),
B1,air_only,M3,multiblock,180.0,T+F,T,skill,0.13739619808856945,0.14109767527877554,0.05837319878916521,0.11283750636927414,0.16273722933908333,20,percentile bootstrap over scenario_id (1000 replicates),
B1,air_only,M3,multiblock,180.0,T+F+L,T,MAE,0.7920979204914241,0.7881987006735713,0.10249463020384665,0.7480298842142616,0.8329200622811876,20,percentile bootstrap over scenario_id (1000 replicates),
B1,air_only,M3,multiblock,180.0,T+F+L,T,RMSE,0.9946900517950624,0.9822399372655167,0.10285793727412676,0.9521626087646419,1.0393165979047758,20,percentile bootstrap over scenario_id (1000 replicates),
B1,air_only,M3,multiblock,180.0,T+F+L,T,skill,0.13739619808856945,0.14109767527877554,0.05837319878916521,0.11406697674624242,0.16348334341585202,20,percentile bootstrap over scenario_id (1000 replicates),
B1,air_only,M3,multiblock,180.0,T+L,T,MAE,0.7920979204914241,0.7881987006735713,0.10249463020384665,0.7442547767604819,0.8363514792117334,20,percentile bootstrap over scenario_id (1000 replicates),
B1,air_only,M3,multiblock,180.0,T+L,T,RMSE,0.9946900517950624,0.9822399372655167,0.10285793727412676,0.9525670782663117,1.0428296831475612,20,percentile bootstrap over scenario_id (1000 replicates),
B1,air_only,M3,multiblock,180.0,T+L,T,skill,0.13739619808856945,0.14109767527877554,0.05837319878916521,0.11477136383921115,0.16376047280398312,20,percentile bootstrap over scenario_id (1000 replicates),
B1,climatology,M2,block,10.0,T,T,MAE,0.6807499921321869,0.4799999713897705,0.5390446148739773,0.4631875042021275,0.9310374646782874,20,percentile bootstrap over scenario_id (1000 replicates),
B1,climatology,M2,block,10.0,T,T,RMSE,0.7510093540037812,0.5560356042242434,0.5563484451755836,0.5449256398733701,1.0275891320186838,20,percentile bootstrap over scenario_id (1000 replicates),
B1,climatology,M2,block,10.0,T,T,skill,0.0,0.0,0.0,0.0,0.0,20,percentile bootstrap over scenario_id (1000 replicates),
B1,climatology,M2,block,10.0,T+F,T,MAE,0.6807499921321869,0.4799999713897705,0.5390446148739773,0.47669999991357326,0.9350312068164347,20,percentile bootstrap over scenario_id (1000 replicates),
B1,climatology,M2,block,10.0,T+F,T,RMSE,0.7510093540037812,0.5560356042242434,0.5563484451755836,0.539894971088399,1.0011694036793002,20,percentile bootstrap over scenario_id (1000 replicates),
B1,climatology,M2,block,10.0,T+F,T,skill,0.0,0.0,0.0,0.0,0.0,20,percentile bootstrap over scenario_id (1000 replicates),
B1,climatology,M2,block,10.0,T+F+L,T,MAE,0.6807499921321869,0.4799999713897705,0.5390446148739773,0.46295621411502375,0.9260562289655206,20,percentile bootstrap over scenario_id (1000 replicates),
B1,climatology,M2,block,10.0,T+F+L,T,RMSE,0.7510093540037812,0.5560356042242434,0.5563484451755836,0.5450870003805279,1.0242321445618687,20,percentile bootstrap over scenario_id (1000 replicates),
B1,climatology,M2,block,10.0,T+F+L,T,skill,0.0,0.0,0.0,0.0,0.0,20,percentile bootstrap over scenario_id (1000 replicates),
B1,climatology,M2,block,10.0,T+L,T,MAE,0.6807499921321869,0.4799999713897705,0.5390446148739773,0.4736562528461218,0.9247812131494284,20,percentile bootstrap over scenario_id (1000 replicates),
B1,climatology,M2,block,10.0,T+L,T,RMSE,0.7510093540037812,0.5560356042242434,0.5563484451755836,0.5502846136415849,1.0204032317545184,20,percentile bootstrap over scenario_id (1000 replicates),
B1,climatology,M2,block,10.0,T+L,T,skill,0.0,0.0,0.0,0.0,0.0,20,percentile bootstrap over scenario_id (1000 replicates),
B1,climatology,M2,block,30.0,T,T,MAE,0.7571666431427001,0.6541666626930236,0.5121440433472594,0.557108323827386,1.0058166141957043,20,percentile bootstrap over scenario_id (1000 replicates),
B1,climatology,M2,block,30.0,T,T,RMSE,0.8777873896661438,0.7605257140188239,0.5425306545974342,0.670348614640217,1.1355210188777938,20,percentile bootstrap over scenario_id (1000 replicates),
B1,climatology,M2,block,30.0,T,T,skill,0.0,0.0,0.0,0.0,0.0,20,percentile bootstrap over scenario_id (1000 replicates),
B1,climatology,M2,block,30.0,T+F,T,MAE,0.7571666431427001,0.6541666626930236,0.5121440433472594,0.5634020719875892,1.014037478292982,20,percentile bootstrap over scenario_id (1000 replicates),
B1,climatology,M2,block,30.0,T+F,T,RMSE,0.8777873896661438,0.7605257140188239,0.5425306545974342,0.6754360225974816,1.121400501726068,20,percentile bootstrap over scenario_id (1000 replicates),
B1,climatology,M2,block,30.0,T+F,T,skill,0.0,0.0,0.0,0.0,0.0,20,percentile bootstrap over scenario_id (1000 replicates),
B1,climatology,M2,block,30.0,T+F+L,T,MAE,0.7571666431427001,0.6541666626930236,0.5121440433472594,0.5624999941885471,0.9872145441025495,20,percentile bootstrap over scenario_id (1000 replicates),
B1,climatology,M2,block,30.0,T+F+L,T,RMSE,0.8777873896661438,0.7605257140188239,0.5425306545974342,0.6544731472562582,1.1230497296754576,20,percentile bootstrap over scenario_id (1000 replicates),
B1,climatology,M2,block,30.0,T+F+L,T,skill,0.0,0.0,0.0,0.0,0.0,20,percentile bootstrap over scenario_id (1000 replicates),
B1,climatology,M2,block,30.0,T+L,T,MAE,0.7571666431427001,0.6541666626930236,0.5121440433472594,0.5597499917149543,1.0102645530998706,20,percentile bootstrap over scenario_id (1000 replicates),
B1,climatology,M2,block,30.0,T+L,T,RMSE,0.8777873896661438,0.7605257140188239,0.5425306545974342,0.6552426041151131,1.1393420861151407,20,percentile bootstrap over scenario_id (1000 replicates),
B1,climatology,M2,block,30.0,T+L,T,skill,0.0,0.0,0.0,0.0,0.0,20,percentile bootstrap over scenario_id (1000 replicates),
B1,climatology,M2,block,90.0,T,T,MAE,0.6991110970576605,0.7047222349378798,0.3412425151663674,0.5655777772433227,0.841015253798829,20,percentile bootstrap over scenario_id (1000 replicates),
B1,climatology,M2,block,90.0,T,T,RMSE,0.8635737674380346,0.8713056136893482,0.41200730763899907,0.6899801203822105,1.0458711297867693,20,percentile bootstrap over scenario_id (1000 replicates),
B1,climatology,M2,block,90.0,T,T,skill,0.0,0.0,0.0,0.0,0.0,20,percentile bootstrap over scenario_id (1000 replicates),
B1,climatology,M2,block,90.0,T+F,T,MAE,0.6991110970576605,0.7047222349378798,0.3412425151663674,0.5586062440292702,0.8380881713810895,20,percentile bootstrap over scenario_id (1000 replicates),
B1,climatology,M2,block,90.0,T+F,T,RMSE,0.8635737674380346,0.8713056136893482,0.41200730763899907,0.7037141490662587,1.0614154144382246,20,percentile bootstrap over scenario_id (1000 replicates),
B1,climatology,M2,block,90.0,T+F,T,skill,0.0,0.0,0.0,0.0,0.0,20,percentile bootstrap over scenario_id (1000 replicates),
B1,climatology,M2,block,90.0,T+F+L,T,MAE,0.6991110970576605,0.7047222349378798,0.3412425151663674,0.5622180535578065,0.8520207988371452,20,percentile bootstrap over scenario_id (1000 replicates),
B1,climatology,M2,block,90.0,T+F+L,T,RMSE,0.8635737674380346,0.8713056136893482,0.41200730763899907,0.6889573392517638,1.0542455934782364,20,percentile bootstrap over scenario_id (1000 replicates),
B1,climatology,M2,block,90.0,T+F+L,T,skill,0.0,0.0,0.0,0.0,0.0,20,percentile bootstrap over scenario_id (1000 replicates),
B1,climatology,M2,block,90.0,T+L,T,MAE,0.6991110970576605,0.7047222349378798,0.3412425151663674,0.5620652820666631,0.8528409442835383,20,percentile bootstrap over scenario_id (1000 replicates),
B1,climatology,M2,block,90.0,T+L,T,RMSE,0.8635737674380346,0.8713056136893482,0.41200730763899907,0.6992603317701669,1.0391894811443592,20,percentile bootstrap over scenario_id (1000 replicates),
B1,climatology,M2,block,90.0,T+L,T,skill,0.0,0.0,0.0,0.0,0.0,20,percentile bootstrap over scenario_id (1000 replicates),
B1,climatology,M2,block,180.0,T,T,MAE,0.7175138778818979,0.6872222277853224,0.22701369454802658,0.624575682002637,0.8170965081353984,20,percentile bootstrap over scenario_id (1000 replicates),
B1,climatology,M2,block,180.0,T,T,RMSE,0.9170715895398759,0.892643786331236,0.28067344660292803,0.8048376432934157,1.035708703165844,20,percentile bootstrap over scenario_id (1000 replicates),
B1,climatology,M2,block,180.0,T,T,skill,0.0,0.0,0.0,0.0,0.0,20,percentile bootstrap over scenario_id (1000 replicates),
B1,climatology,M2,block,180.0,T+F,T,MAE,0.7175138778818979,0.6872222277853224,0.22701369454802658,0.6247999925952819,0.8123607485352289,20,percentile bootstrap over scenario_id (1000 replicates),
B1,climatology,M2,block,180.0,T+F,T,RMSE,0.9170715895398759,0.892643786331236,0.28067344660292803,0.7944706677800748,1.0427860771255675,20,percentile bootstrap over scenario_id (1000 replicates),
B1,climatology,M2,block,180.0,T+F,T,skill,0.0,0.0,0.0,0.0,0.0,20,percentile bootstrap over scenario_id (1000 replicates),
B1,climatology,M2,block,180.0,T+F+L,T,MAE,0.7175138778818979,0.6872222277853224,0.22701369454802658,0.6236017258009978,0.818246511357526,20,percentile bootstrap over scenario_id (1000 replicates),
B1,climatology,M2,block,180.0,T+F+L,T,RMSE,0.9170715895398759,0.892643786331236,0.28067344660292803,0.8014289031041137,1.0374412213727386,20,percentile bootstrap over scenario_id (1000 replicates),
B1,climatology,M2,block,180.0,T+F+L,T,skill,0.0,0.0,0.0,0.0,0.0,20,percentile bootstrap over scenario_id (1000 replicates),
B1,climatology,M2,block,180.0,T+L,T,MAE,0.7175138778818979,0.6872222277853224,0.22701369454802658,0.6216774240243765,0.8055770746096969,20,percentile bootstrap over scenario_id (1000 replicates),
B1,climatology,M2,block,180.0,T+L,T,RMSE,0.9170715895398759,0.892643786331236,0.28067344660292803,0.7976629891409525,1.0401612561843938,20,percentile bootstrap over scenario_id (1000 replicates),
B1,climatology,M2,block,180.0,T+L,T,skill,0.0,0.0,0.0,0.0,0.0,20,percentile bootstrap over scenario_id (1000 replicates),
B1,climatology,M3,multiblock,10.0,T,T,MAE,0.8754999774694442,0.9599999785423279,0.273990469319331,0.7587249996066093,0.9875312115252016,20,percentile bootstrap over scenario_id (1000 replicates),
B1,climatology,M3,multiblock,10.0,T,T,RMSE,1.0492162702502328,1.1260647914745228,0.3350492589850687,0.9035641712557786,1.1917949618359993,20,percentile bootstrap over scenario_id (1000 replicates),
B1,climatology,M3,multiblock,10.0,T,T,skill,0.0,0.0,0.0,0.0,0.0,20,percentile bootstrap over scenario_id (1000 replicates),
B1,climatology,M3,multiblock,10.0,T+F,T,MAE,0.8754999774694442,0.9599999785423279,0.273990469319331,0.758956233546138,0.9950062053352592,20,percentile bootstrap over scenario_id (1000 replicates),
B1,climatology,M3,multiblock,10.0,T+F,T,RMSE,1.0492162702502328,1.1260647914745228,0.3350492589850687,0.8953336738626068,1.1919470241611365,20,percentile bootstrap over scenario_id (1000 replicates),
B1,climatology,M3,multiblock,10.0,T+F,T,skill,0.0,0.0,0.0,0.0,0.0,20,percentile bootstrap over scenario_id (1000 replicates),
B1,climatology,M3,multiblock,10.0,T+F+L,T,MAE,0.8754999774694442,0.9599999785423279,0.273990469319331,0.7579624918699265,0.9888249785006047,20,percentile bootstrap over scenario_id (1000 replicates),
B1,climatology,M3,multiblock,10.0,T+F+L,T,RMSE,1.0492162702502328,1.1260647914745228,0.3350492589850687,0.9076082028324812,1.1883022431580559,20,percentile bootstrap over scenario_id (1000 replicates),
B1,climatology,M3,multiblock,10.0,T+F+L,T,skill,0.0,0.0,0.0,0.0,0.0,20,percentile bootstrap over scenario_id (1000 replicates),
B1,climatology,M3,multiblock,10.0,T+L,T,MAE,0.8754999774694442,0.9599999785423279,0.273990469319331,0.7659624829739334,0.9874999591112135,20,percentile bootstrap over scenario_id (1000 replicates),
B1,climatology,M3,multiblock,10.0,T+L,T,RMSE,1.0492162702502328,1.1260647914745228,0.3350492589850687,0.9181804618621583,1.2025907054551095,20,percentile bootstrap over scenario_id (1000 replicates),
B1,climatology,M3,multiblock,10.0,T+L,T,skill,0.0,0.0,0.0,0.0,0.0,20,percentile bootstrap over scenario_id (1000 replicates),
B1,climatology,M3,multiblock,30.0,T,T,MAE,0.8082499844829242,0.7525000751018525,0.32867911894441315,0.6830833427359662,0.9491687374959389,20,percentile bootstrap over scenario_id (1000 replicates),
B1,climatology,M3,multiblock,30.0,T,T,RMSE,0.9862797880224357,0.885276767424866,0.3882118290729707,0.8237416879842443,1.1546889510010006,20,percentile bootstrap over scenario_id (1000 replicates),
B1,climatology,M3,multiblock,30.0,T,T,skill,0.0,0.0,0.0,0.0,0.0,20,percentile bootstrap over scenario_id (1000 replicates),
B1,climatology,M3,multiblock,30.0,T+F,T,MAE,0.8082499844829242,0.7525000751018525,0.32867911894441315,0.6725562330832084,0.9653458559562765,20,percentile bootstrap over scenario_id (1000 replicates),
B1,climatology,M3,multiblock,30.0,T+F,T,RMSE,0.9862797880224357,0.885276767424866,0.3882118290729707,0.8214672288377113,1.1597295896840452,20,percentile bootstrap over scenario_id (1000 replicates),
B1,climatology,M3,multiblock,30.0,T+F,T,skill,0.0,0.0,0.0,0.0,0.0,20,percentile bootstrap over scenario_id (1000 replicates),
B1,climatology,M3,multiblock,30.0,T+F+L,T,MAE,0.8082499844829242,0.7525000751018525,0.32867911894441315,0.6704166151136159,0.9553478691130876,20,percentile bootstrap over scenario_id (1000 replicates),
B1,climatology,M3,multiblock,30.0,T+F+L,T,RMSE,0.9862797880224357,0.885276767424866,0.3882118290729707,0.8369951409148464,1.1604467356712462,20,percentile bootstrap over scenario_id (1000 replicates),
B1,climatology,M3,multiblock,30.0,T+F+L,T,skill,0.0,0.0,0.0,0.0,0.0,20,percentile bootstrap over scenario_id (1000 replicates),
B1,climatology,M3,multiblock,30.0,T+L,T,MAE,0.8082499844829242,0.7525000751018525,0.32867911894441315,0.6707353813474377,0.9620958022847769,20,percentile bootstrap over scenario_id (1000 replicates),
B1,climatology,M3,multiblock,30.0,T+L,T,RMSE,0.9862797880224357,0.885276767424866,0.3882118290729707,0.8333936943842927,1.1477819417453061,20,percentile bootstrap over scenario_id (1000 replicates),
B1,climatology,M3,multiblock,30.0,T+L,T,skill,0.0,0.0,0.0,0.0,0.0,20,percentile bootstrap over scenario_id (1000 replicates),
B1,climatology,M3,multiblock,90.0,T,T,MAE,0.8209999860657586,0.7791666779253218,0.23270584082003057,0.7249992811828851,0.9216118083513444,20,percentile bootstrap over scenario_id (1000 replicates),
B1,climatology,M3,multiblock,90.0,T,T,RMSE,1.0251471703128856,1.0029969045979092,0.27435400059328213,0.9111100407658028,1.1473111309401238,20,percentile bootstrap over scenario_id (1000 replicates),
B1,climatology,M3,multiblock,90.0,T,T,skill,0.0,0.0,0.0,0.0,0.0,20,percentile bootstrap over scenario_id (1000 replicates),
B1,climatology,M3,multiblock,90.0,T+F,T,MAE,0.8209999860657586,0.7791666779253218,0.23270584082003057,0.7260201271076997,0.9216951302886008,20,percentile bootstrap over scenario_id (1000 replicates),
B1,climatology,M3,multiblock,90.0,T+F,T,RMSE,1.0251471703128856,1.0029969045979092,0.27435400059328213,0.9083681180295021,1.1473736719336367,20,percentile bootstrap over scenario_id (1000 replicates),
B1,climatology,M3,multiblock,90.0,T+F,T,skill,0.0,0.0,0.0,0.0,0.0,20,percentile bootstrap over scenario_id (1000 replicates),
B1,climatology,M3,multiblock,90.0,T+F+L,T,MAE,0.8209999860657586,0.7791666779253218,0.23270584082003057,0.7282201152046521,0.9243999881396693,20,percentile bootstrap over scenario_id (1000 replicates),
B1,climatology,M3,multiblock,90.0,T+F+L,T,RMSE,1.0251471703128856,1.0029969045979092,0.27435400059328213,0.9065044536333164,1.1473091038119438,20,percentile bootstrap over scenario_id (1000 replicates),
B1,climatology,M3,multiblock,90.0,T+F+L,T,skill,0.0,0.0,0.0,0.0,0.0,20,percentile bootstrap over scenario_id (1000 replicates),
B1,climatology,M3,multiblock,90.0,T+L,T,MAE,0.8209999860657586,0.7791666779253218,0.23270584082003057,0.7211041587475274,0.9263493034276697,20,percentile bootstrap over scenario_id (1000 replicates),
B1,climatology,M3,multiblock,90.0,T+L,T,RMSE,1.0251471703128856,1.0029969045979092,0.27435400059328213,0.903822222986963,1.141553838418555,20,percentile bootstrap over scenario_id (1000 replicates),
B1,climatology,M3,multiblock,90.0,T+L,T,skill,0.0,0.0,0.0,0.0,0.0,20,percentile bootstrap over scenario_id (1000 replicates),
B1,climatology,M3,multiblock,180.0,T,T,MAE,0.9216944215363926,0.9002777609560224,0.1360897340177698,0.8641062288135289,0.9833603865914046,20,percentile bootstrap over scenario_id (1000 replicates),
B1,climatology,M3,multiblock,180.0,T,T,RMSE,1.1874790060922642,1.1549824153396946,0.1413922044437232,1.1291744019969345,1.2501570018133294,20,percentile bootstrap over scenario_id (1000 replicates),
B1,climatology,M3,multiblock,180.0,T,T,skill,0.0,0.0,0.0,0.0,0.0,20,percentile bootstrap over scenario_id (1000 replicates),
B1,climatology,M3,multiblock,180.0,T+F,T,MAE,0.9216944215363926,0.9002777609560224,0.1360897340177698,0.8686781033745243,0.9819353919770152,20,percentile bootstrap over scenario_id (1000 replicates),
B1,climatology,M3,multiblock,180.0,T+F,T,RMSE,1.1874790060922642,1.1549824153396946,0.1413922044437232,1.130290518759079,1.2527631557456744,20,percentile bootstrap over scenario_id (1000 replicates),
B1,climatology,M3,multiblock,180.0,T+F,T,skill,0.0,0.0,0.0,0.0,0.0,20,percentile bootstrap over scenario_id (1000 replicates),
B1,climatology,M3,multiblock,180.0,T+F+L,T,MAE,0.9216944215363926,0.9002777609560224,0.1360897340177698,0.8646975532716347,0.9822794916720853,20,percentile bootstrap over scenario_id (1000 replicates),
B1,climatology,M3,multiblock,180.0,T+F+L,T,RMSE,1.1874790060922642,1.1549824153396946,0.1413922044437232,1.1285903859549504,1.2460169641150443,20,percentile bootstrap over scenario_id (1000 replicates),
B1,climatology,M3,multiblock,180.0,T+F+L,T,skill,0.0,0.0,0.0,0.0,0.0,20,percentile bootstrap over scenario_id (1000 replicates),
B1,climatology,M3,multiblock,180.0,T+L,T,MAE,0.9216944215363926,0.9002777609560224,0.1360897340177698,0.8693451171020666,0.9839214978731341,20,percentile bootstrap over scenario_id (1000 replicates),
B1,climatology,M3,multiblock,180.0,T+L,T,RMSE,1.1874790060922642,1.1549824153396946,0.1413922044437232,1.1300756331092559,1.249839801489986,20,percentile bootstrap over scenario_id (1000 replicates),
B1,climatology,M3,multiblock,180.0,T+L,T,skill,0.0,0.0,0.0,0.0,0.0,20,percentile bootstrap over scenario_id (1000 replicates),
B1,donor_regression,M2,block,10.0,T,T,MAE,0.456018999493626,0.36164747642169304,0.20729584748286534,0.3729570558924387,0.5454387923155465,20,percentile bootstrap over scenario_id (1000 replicates),
B1,donor_regression,M2,block,10.0,T,T,RMSE,0.526324553439695,0.45386979756023993,0.2112753074981141,0.4460050921701972,0.6158084957590444,20,percentile bootstrap over scenario_id (1000 replicates),
B1,donor_regression,M2,block,10.0,T,T,skill,-0.18190306848693746,0.2620451861172182,1.8440243496859228,-1.0758523647178289,0.35289837095465043,20,percentile bootstrap over scenario_id (1000 replicates),
B1,donor_regression,M2,block,10.0,T+F,T,MAE,0.456018999493626,0.36164747642169304,0.20729584748286534,0.3723716617338467,0.5520518289847044,20,percentile bootstrap over scenario_id (1000 replicates),
B1,donor_regression,M2,block,10.0,T+F,T,RMSE,0.526324553439695,0.45386979756023993,0.2112753074981141,0.4376725047849031,0.6130641667347563,20,percentile bootstrap over scenario_id (1000 replicates),
B1,donor_regression,M2,block,10.0,T+F,T,skill,-0.18190306848693746,0.2620451861172182,1.8440243496859228,-1.1508167937251335,0.33826272749058267,20,percentile bootstrap over scenario_id (1000 replicates),
B1,donor_regression,M2,block,10.0,T+F+L,T,MAE,0.456018999493626,0.36164747642169304,0.20729584748286534,0.371852501451407,0.5457106609824186,20,percentile bootstrap over scenario_id (1000 replicates),
B1,donor_regression,M2,block,10.0,T+F+L,T,RMSE,0.526324553439695,0.45386979756023993,0.2112753074981141,0.44008966699740704,0.6233529835989023,20,percentile bootstrap over scenario_id (1000 replicates),
B1,donor_regression,M2,block,10.0,T+F+L,T,skill,-0.18190306848693746,0.2620451861172182,1.8440243496859228,-1.0983325986494987,0.3336273532240709,20,percentile bootstrap over scenario_id (1000 replicates),
B1,donor_regression,M2,block,10.0,T+L,T,MAE,0.456018999493626,0.36164747642169304,0.20729584748286534,0.3729262420435134,0.5501660315701759,20,percentile bootstrap over scenario_id (1000 replicates),
B1,donor_regression,M2,block,10.0,T+L,T,RMSE,0.526324553439695,0.45386979756023993,0.2112753074981141,0.44765306163810553,0.6193857511061162,20,percentile bootstrap over scenario_id (1000 replicates),
B1,donor_regression,M2,block,10.0,T+L,T,skill,-0.18190306848693746,0.2620451861172182,1.8440243496859228,-1.0884897549565897,0.3471446186442291,20,percentile bootstrap over scenario_id (1000 replicates),
B1,donor_regression,M2,block,30.0,T,T,MAE,0.5210180797193615,0.5534583337580588,0.18072275420647066,0.43896184841228875,0.5998738633533105,20,percentile bootstrap over scenario_id (1000 replicates),
B1,donor_regression,M2,block,30.0,T,T,RMSE,0.6051769700575182,0.6198891493765383,0.19084724284860155,0.5290552386563527,0.6914936679315127,20,percentile bootstrap over scenario_id (1000 replicates),
B1,donor_regression,M2,block,30.0,T,T,skill,0.08740979319173245,0.19708473498500634,0.5904077510072429,-0.19477291889284515,0.30901309083167755,20,percentile bootstrap over scenario_id (1000 replicates),
B1,donor_regression,M2,block,30.0,T+F,T,MAE,0.5210180797193615,0.5534583337580588,0.18072275420647066,0.44630679029139836,0.6011996520058243,20,percentile bootstrap over scenario_id (1000 replicates),
B1,donor_regression,M2,block,30.0,T+F,T,RMSE,0.6051769700575182,0.6198891493765383,0.19084724284860155,0.5184808270191297,0.6836019019959271,20,percentile bootstrap over scenario_id (1000 replicates),
B1,donor_regression,M2,block,30.0,T+F,T,skill,0.08740979319173245,0.19708473498500634,0.5904077510072429,-0.1876727576965588,0.31577686256133525,20,percentile bootstrap over scenario_id (1000 replicates),
B1,donor_regression,M2,block,30.0,T+F+L,T,MAE,0.5210180797193615,0.5534583337580588,0.18072275420647066,0.4440337884898529,0.5987354277021922,20,percentile bootstrap over scenario_id (1000 replicates),
B1,donor_regression,M2,block,30.0,T+F+L,T,RMSE,0.6051769700575182,0.6198891493765383,0.19084724284860155,0.5325750524941069,0.6848218207389507,20,percentile bootstrap over scenario_id (1000 replicates),
B1,donor_regression,M2,block,30.0,T+F+L,T,skill,0.08740979319173245,0.19708473498500634,0.5904077510072429,-0.21889484862584882,0.3149381432902,20,percentile bootstrap over scenario_id (1000 replicates),
B1,donor_regression,M2,block,30.0,T+L,T,MAE,0.5210180797193615,0.5534583337580588,0.18072275420647066,0.45095527288855014,0.5989511253268167,20,percentile bootstrap over scenario_id (1000 replicates),
B1,donor_regression,M2,block,30.0,T+L,T,RMSE,0.6051769700575182,0.6198891493765383,0.19084724284860155,0.5188462440826215,0.6895571759788182,20,percentile bootstrap over scenario_id (1000 replicates),
B1,donor_regression,M2,block,30.0,T+L,T,skill,0.08740979319173245,0.19708473498500634,0.5904077510072429,-0.19111796309279858,0.30623310207245613,20,percentile bootstrap over scenario_id (1000 replicates),
B1,donor_regression,M2,block,90.0,T,T,MAE,0.5237084833369953,0.5272644604904914,0.11515699503250887,0.4794763665492153,0.573921505668605,20,percentile bootstrap over scenario_id (1000 replicates),
B1,donor_regression,M2,block,90.0,T,T,RMSE,0.6284468624807613,0.6259751064079038,0.1194106882525899,0.5772442806482507,0.6795424995360778,20,percentile bootstrap over scenario_id (1000 replicates),
B1,donor_regression,M2,block,90.0,T,T,skill,0.040429694701708645,0.28596041121915833,0.5997464584882786,-0.2304938374452383,0.2826916108221454,20,percentile bootstrap over scenario_id (1000 replicates),
B1,donor_regression,M2,block,90.0,T+F,T,MAE,0.5237084833369953,0.5272644604904914,0.11515699503250887,0.47434435633644956,0.5680811607466456,20,percentile bootstrap over scenario_id (1000 replicates),
B1,donor_regression,M2,block,90.0,T+F,T,RMSE,0.6284468624807613,0.6259751064079038,0.1194106882525899,0.5783685251311171,0.6792674379764515,20,percentile bootstrap over scenario_id (1000 replicates),
B1,donor_regression,M2,block,90.0,T+F,T,skill,0.040429694701708645,0.28596041121915833,0.5997464584882786,-0.23819727159216955,0.2702621961495401,20,percentile bootstrap over scenario_id (1000 replicates),
B1,donor_regression,M2,block,90.0,T+F+L,T,MAE,0.5237084833369953,0.5272644604904914,0.11515699503250887,0.47716486046227974,0.572561583356961,20,percentile bootstrap over scenario_id (1000 replicates),
B1,donor_regression,M2,block,90.0,T+F+L,T,RMSE,0.6284468624807613,0.6259751064079038,0.1194106882525899,0.5803034646783518,0.6824418334059386,20,percentile bootstrap over scenario_id (1000 replicates),
B1,donor_regression,M2,block,90.0,T+F+L,T,skill,0.040429694701708645,0.28596041121915833,0.5997464584882786,-0.2245293608343255,0.2722407324969279,20,percentile bootstrap over scenario_id (1000 replicates),
B1,donor_regression,M2,block,90.0,T+L,T,MAE,0.5237084833369953,0.5272644604904914,0.11515699503250887,0.4761777129855751,0.5740964826382962,20,percentile bootstrap over scenario_id (1000 replicates),
B1,donor_regression,M2,block,90.0,T+L,T,RMSE,0.6284468624807613,0.6259751064079038,0.1194106882525899,0.5799530758761625,0.6788993459527064,20,percentile bootstrap over scenario_id (1000 replicates),
B1,donor_regression,M2,block,90.0,T+L,T,skill,0.040429694701708645,0.28596041121915833,0.5997464584882786,-0.21366244131645448,0.2701196140470523,20,percentile bootstrap over scenario_id (1000 replicates),
B1,donor_regression,M2,block,180.0,T,T,MAE,0.5335183336849623,0.49695024985210806,0.10365168220501966,0.4874767446581102,0.5780503824819281,20,percentile bootstrap over scenario_id (1000 replicates),
B1,donor_regression,M2,block,180.0,T,T,RMSE,0.6476222714331719,0.6235966162300461,0.10276024114770876,0.603640524252887,0.691167784295211,20,percentile bootstrap over scenario_id (1000 replicates),
B1,donor_regression,M2,block,180.0,T,T,skill,0.15835486265245094,0.29619578213648257,0.4007556565923443,-0.026940498584502235,0.31966418854280204,20,percentile bootstrap over scenario_id (1000 replicates),
B1,donor_regression,M2,block,180.0,T+F,T,MAE,0.5335183336849623,0.49695024985210806,0.10365168220501966,0.4921296353254045,0.578523368849688,20,percentile bootstrap over scenario_id (1000 replicates),
B1,donor_regression,M2,block,180.0,T+F,T,RMSE,0.6476222714331719,0.6235966162300461,0.10276024114770876,0.6077945029240885,0.6918969620128279,20,percentile bootstrap over scenario_id (1000 replicates),
B1,donor_regression,M2,block,180.0,T+F,T,skill,0.15835486265245094,0.29619578213648257,0.4007556565923443,-0.01932260906788767,0.32078394106554164,20,percentile bootstrap over scenario_id (1000 replicates),
B1,donor_regression,M2,block,180.0,T+F+L,T,MAE,0.5335183336849623,0.49695024985210806,0.10365168220501966,0.49196553103120233,0.5779055175218148,20,percentile bootstrap over scenario_id (1000 replicates),
B1,donor_regression,M2,block,180.0,T+F+L,T,RMSE,0.6476222714331719,0.6235966162300461,0.10276024114770876,0.606985102679435,0.6932880796723284,20,percentile bootstrap over scenario_id (1000 replicates),
B1,donor_regression,M2,block,180.0,T+F+L,T,skill,0.15835486265245094,0.29619578213648257,0.4007556565923443,-0.017786201492253288,0.3164097614207095,20,percentile bootstrap over scenario_id (1000 replicates),
B1,donor_regression,M2,block,180.0,T+L,T,MAE,0.5335183336849623,0.49695024985210806,0.10365168220501966,0.4909070641752236,0.5754742298033272,20,percentile bootstrap over scenario_id (1000 replicates),
B1,donor_regression,M2,block,180.0,T+L,T,RMSE,0.6476222714331719,0.6235966162300461,0.10276024114770876,0.6033331783704549,0.6913809756918015,20,percentile bootstrap over scenario_id (1000 replicates),
B1,donor_regression,M2,block,180.0,T+L,T,skill,0.15835486265245094,0.29619578213648257,0.4007556565923443,-0.01017031860958183,0.3110412460771572,20,percentile bootstrap over scenario_id (1000 replicates),
B1,donor_regression,M3,multiblock,10.0,T,T,MAE,0.5770640508160195,0.5631834703093508,0.12876987565652262,0.523372544867413,0.6298770585296578,20,percentile bootstrap over scenario_id (1000 replicates),
B1,donor_regression,M3,multiblock,10.0,T,T,RMSE,0.6824892742130538,0.6465345109488849,0.1418989156111544,0.6217457925486659,0.7436894446944204,20,percentile bootstrap over scenario_id (1000 replicates),
B1,donor_regression,M3,multiblock,10.0,T,T,skill,0.28400195540655354,0.2741268856540586,0.249969934021001,0.17874990880690947,0.38595804324928557,20,percentile bootstrap over scenario_id (1000 replicates),
B1,donor_regression,M3,multiblock,10.0,T+F,T,MAE,0.5770640508160195,0.5631834703093508,0.12876987565652262,0.5258862411364355,0.6329930337260192,20,percentile bootstrap over scenario_id (1000 replicates),
B1,donor_regression,M3,multiblock,10.0,T+F,T,RMSE,0.6824892742130538,0.6465345109488849,0.1418989156111544,0.6220728926628406,0.7467380053415155,20,percentile bootstrap over scenario_id (1000 replicates),
B1,donor_regression,M3,multiblock,10.0,T+F,T,skill,0.28400195540655354,0.2741268856540586,0.249969934021001,0.1709795632861106,0.3903772380881619,20,percentile bootstrap over scenario_id (1000 replicates),
B1,donor_regression,M3,multiblock,10.0,T+F+L,T,MAE,0.5770640508160195,0.5631834703093508,0.12876987565652262,0.5232077262398327,0.6315719474326632,20,percentile bootstrap over scenario_id (1000 replicates),
B1,donor_regression,M3,multiblock,10.0,T+F+L,T,RMSE,0.6824892742130538,0.6465345109488849,0.1418989156111544,0.6242774656588254,0.7513697654277989,20,percentile bootstrap over scenario_id (1000 replicates),
B1,donor_regression,M3,multiblock,10.0,T+F+L,T,skill,0.28400195540655354,0.2741268856540586,0.249969934021001,0.16678079958738895,0.38571870131608743,20,percentile bootstrap over scenario_id (1000 replicates),
B1,donor_regression,M3,multiblock,10.0,T+L,T,MAE,0.5770640508160195,0.5631834703093508,0.12876987565652262,0.5247584077783484,0.635704577319711,20,percentile bootstrap over scenario_id (1000 replicates),
B1,donor_regression,M3,multiblock,10.0,T+L,T,RMSE,0.6824892742130538,0.6465345109488849,0.1418989156111544,0.6256915647731419,0.7401455824927123,20,percentile bootstrap over scenario_id (1000 replicates),
B1,donor_regression,M3,multiblock,10.0,T+L,T,skill,0.28400195540655354,0.2741268856540586,0.249969934021001,0.1742633527501694,0.3861666999328223,20,percentile bootstrap over scenario_id (1000 replicates),
B1,donor_regression,M3,multiblock,30.0,T,T,MAE,0.49703038121788296,0.4877541950858656,0.15406229996075496,0.4279169404195079,0.5600240223180174,20,percentile bootstrap over scenario_id (1000 replicates),
B1,donor_regression,M3,multiblock,30.0,T,T,RMSE,0.5877156457857746,0.5633235582135783,0.16494477936917687,0.5214970109825489,0.6621253857595392,20,percentile bootstrap over scenario_id (1000 replicates),
B1,donor_regression,M3,multiblock,30.0,T,T,skill,0.33500419814945126,0.400179051676641,0.23847795691820808,0.22590080043677632,0.4267568862923722,20,percentile bootstrap over scenario_id (1000 replicates),
B1,donor_regression,M3,multiblock,30.0,T+F,T,MAE,0.49703038121788296,0.4877541950858656,0.15406229996075496,0.4318285402728029,0.5652737829909739,20,percentile bootstrap over scenario_id (1000 replicates),
B1,donor_regression,M3,multiblock,30.0,T+F,T,RMSE,0.5877156457857746,0.5633235582135783,0.16494477936917687,0.5141531232833416,0.6564950403586605,20,percentile bootstrap over scenario_id (1000 replicates),
B1,donor_regression,M3,multiblock,30.0,T+F,T,skill,0.33500419814945126,0.400179051676641,0.23847795691820808,0.21974000207579525,0.42503109379152076,20,percentile bootstrap over scenario_id (1000 replicates),
B1,donor_regression,M3,multiblock,30.0,T+F+L,T,MAE,0.49703038121788296,0.4877541950858656,0.15406229996075496,0.43466371337245624,0.5578969839496356,20,percentile bootstrap over scenario_id (1000 replicates),
B1,donor_regression,M3,multiblock,30.0,T+F+L,T,RMSE,0.5877156457857746,0.5633235582135783,0.16494477936917687,0.5232316001514821,0.6599756982626455,20,percentile bootstrap over scenario_id (1000 replicates),
B1,donor_regression,M3,multiblock,30.0,T+F+L,T,skill,0.33500419814945126,0.400179051676641,0.23847795691820808,0.2335981536484188,0.4256309186225582,20,percentile bootstrap over scenario_id (1000 replicates),
B1,donor_regression,M3,multiblock,30.0,T+L,T,MAE,0.49703038121788296,0.4877541950858656,0.15406229996075496,0.435841314805731,0.5644351161903435,20,percentile bootstrap over scenario_id (1000 replicates),
B1,donor_regression,M3,multiblock,30.0,T+L,T,RMSE,0.5877156457857746,0.5633235582135783,0.16494477936917687,0.5208304293632315,0.662679269562424,20,percentile bootstrap over scenario_id (1000 replicates),
B1,donor_regression,M3,multiblock,30.0,T+L,T,skill,0.33500419814945126,0.400179051676641,0.23847795691820808,0.22626428822045455,0.43105378426282864,20,percentile bootstrap over scenario_id (1000 replicates),
B1,donor_regression,M3,multiblock,90.0,T,T,MAE,0.5060216816547702,0.4895090734546565,0.06816557651743096,0.47775415425754425,0.5338203789861645,20,percentile bootstrap over scenario_id (1000 replicates),
B1,donor_regression,M3,multiblock,90.0,T,T,RMSE,0.6226410765747364,0.6037973764924849,0.08168619277841331,0.5887036254894902,0.6575336277310838,20,percentile bootstrap over scenario_id (1000 replicates),
B1,donor_regression,M3,multiblock,90.0,T,T,skill,0.33224911326898987,0.35527917099161643,0.22925194037989127,0.23121952075284152,0.424355090754055,20,percentile bootstrap over scenario_id (1000 replicates),
B1,donor_regression,M3,multiblock,90.0,T+F,T,MAE,0.5060216816547702,0.4895090734546565,0.06816557651743096,0.4789402499608678,0.5360270689154888,20,percentile bootstrap over scenario_id (1000 replicates),
B1,donor_regression,M3,multiblock,90.0,T+F,T,RMSE,0.6226410765747364,0.6037973764924849,0.08168619277841331,0.5859357080782153,0.6581515263441723,20,percentile bootstrap over scenario_id (1000 replicates),
B1,donor_regression,M3,multiblock,90.0,T+F,T,skill,0.33224911326898987,0.35527917099161643,0.22925194037989127,0.231479246947351,0.4231337221265426,20,percentile bootstrap over scenario_id (1000 replicates),
B1,donor_regression,M3,multiblock,90.0,T+F+L,T,MAE,0.5060216816547702,0.4895090734546565,0.06816557651743096,0.47829025334570613,0.5335091533809208,20,percentile bootstrap over scenario_id (1000 replicates),
B1,donor_regression,M3,multiblock,90.0,T+F+L,T,RMSE,0.6226410765747364,0.6037973764924849,0.08168619277841331,0.5868134906586728,0.6562157229410505,20,percentile bootstrap over scenario_id (1000 replicates),
B1,donor_regression,M3,multiblock,90.0,T+F+L,T,skill,0.33224911326898987,0.35527917099161643,0.22925194037989127,0.23411581311003427,0.42769343662765696,20,percentile bootstrap over scenario_id (1000 replicates),
B1,donor_regression,M3,multiblock,90.0,T+L,T,MAE,0.5060216816547702,0.4895090734546565,0.06816557651743096,0.4766064311380001,0.534773934287292,20,percentile bootstrap over scenario_id (1000 replicates),
B1,donor_regression,M3,multiblock,90.0,T+L,T,RMSE,0.6226410765747364,0.6037973764924849,0.08168619277841331,0.5873844404173914,0.6574612753025577,20,percentile bootstrap over scenario_id (1000 replicates),
B1,donor_regression,M3,multiblock,90.0,T+L,T,skill,0.33224911326898987,0.35527917099161643,0.22925194037989127,0.23777105378953398,0.42391453622750797,20,percentile bootstrap over scenario_id (1000 replicates),
B1,donor_regression,M3,multiblock,180.0,T,T,MAE,0.5020162142087754,0.5053162194408835,0.07331545622330683,0.46821843669022256,0.5336494579805936,20,percentile bootstrap over scenario_id (1000 replicates),
B1,donor_regression,M3,multiblock,180.0,T,T,RMSE,0.6154647185663451,0.6113718765911518,0.07991012469099326,0.5837906343275607,0.6512715285200115,20,percentile bootstrap over scenario_id (1000 replicates),
B1,donor_regression,M3,multiblock,180.0,T,T,skill,0.4464113507384577,0.49247973826918223,0.10719564606224939,0.3992469077128635,0.4887042567149315,20,percentile bootstrap over scenario_id (1000 replicates),
B1,donor_regression,M3,multiblock,180.0,T+F,T,MAE,0.5020162142087754,0.5053162194408835,0.07331545622330683,0.4699563388945472,0.5354894422871143,20,percentile bootstrap over scenario_id (1000 replicates),
B1,donor_regression,M3,multiblock,180.0,T+F,T,RMSE,0.6154647185663451,0.6113718765911518,0.07991012469099326,0.5815759662363892,0.647144420569185,20,percentile bootstrap over scenario_id (1000 replicates),
B1,donor_regression,M3,multiblock,180.0,T+F,T,skill,0.4464113507384577,0.49247973826918223,0.10719564606224939,0.39538186432806194,0.4909903515818895,20,percentile bootstrap over scenario_id (1000 replicates),
B1,donor_regression,M3,multiblock,180.0,T+F+L,T,MAE,0.5020162142087754,0.5053162194408835,0.07331545622330683,0.4705264969942661,0.5343441730387842,20,percentile bootstrap over scenario_id (1000 replicates),
B1,donor_regression,M3,multiblock,180.0,T+F+L,T,RMSE,0.6154647185663451,0.6113718765911518,0.07991012469099326,0.5809835535498322,0.6516081655029744,20,percentile bootstrap over scenario_id (1000 replicates),
B1,donor_regression,M3,multiblock,180.0,T+F+L,T,skill,0.4464113507384577,0.49247973826918223,0.10719564606224939,0.3970641309871361,0.4896240561238645,20,percentile bootstrap over scenario_id (1000 replicates),
B1,donor_regression,M3,multiblock,180.0,T+L,T,MAE,0.5020162142087754,0.5053162194408835,0.07331545622330683,0.47119545147935155,0.5331805206013245,20,percentile bootstrap over scenario_id (1000 replicates),
B1,donor_regression,M3,multiblock,180.0,T+L,T,RMSE,0.6154647185663451,0.6113718765911518,0.07991012469099326,0.5793286537381763,0.6483635536861561,20,percentile bootstrap over scenario_id (1000 replicates),
B1,donor_regression,M3,multiblock,180.0,T+L,T,skill,0.4464113507384577,0.49247973826918223,0.10719564606224939,0.39756005698586044,0.48971002283167103,20,percentile bootstrap over scenario_id (1000 replicates),
B1,kalman,M2,block,10.0,T,T,MAE,0.43800976437882194,0.48664630334516756,0.23515263554515772,0.3466854693300052,0.5383949737212708,20,percentile bootstrap over scenario_id (1000 replicates),
B1,kalman,M2,block,10.0,T,T,RMSE,0.5084213860857205,0.5484787462712437,0.24723239430819846,0.40311560885015657,0.607522219913058,20,percentile bootstrap over scenario_id (1000 replicates),
B1,kalman,M2,block,10.0,T,T,skill,0.0054257100940250155,0.29078214822609505,0.960013532101543,-0.4524221218696401,0.3647375929320614,20,percentile bootstrap over scenario_id (1000 replicates),
B1,kalman,M2,block,10.0,T+F,T,MAE,0.43800976437882194,0.48664630334516756,0.23515263554515772,0.3448768901938483,0.5542289100128659,20,percentile bootstrap over scenario_id (1000 replicates),
B1,kalman,M2,block,10.0,T+F,T,RMSE,0.5084213860857205,0.5484787462712437,0.24723239430819846,0.40088634155508507,0.6196298538683802,20,percentile bootstrap over scenario_id (1000 replicates),
B1,kalman,M2,block,10.0,T+F,T,skill,0.0054257100940250155,0.29078214822609505,0.960013532101543,-0.4387077741205188,0.3765110729665892,20,percentile bootstrap over scenario_id (1000 replicates),
B1,kalman,M2,block,10.0,T+F+L,T,MAE,0.43800976437882194,0.48664630334516756,0.23515263554515772,0.3370824845946727,0.5330322841206978,20,percentile bootstrap over scenario_id (1000 replicates),
B1,kalman,M2,block,10.0,T+F+L,T,RMSE,0.5084213860857205,0.5484787462712437,0.24723239430819846,0.40564731674073984,0.6253055945869893,20,percentile bootstrap over scenario_id (1000 replicates),
B1,kalman,M2,block,10.0,T+F+L,T,skill,0.0054257100940250155,0.29078214822609505,0.960013532101543,-0.44341959794666286,0.36833185579582356,20,percentile bootstrap over scenario_id (1000 replicates),
B1,kalman,M2,block,10.0,T+L,T,MAE,0.43800976437882194,0.48664630334516756,0.23515263554515772,0.33448388203475893,0.5346033602183821,20,percentile bootstrap over scenario_id (1000 replicates),
B1,kalman,M2,block,10.0,T+L,T,RMSE,0.5084213860857205,0.5484787462712437,0.24723239430819846,0.39618817839959264,0.6133161008826622,20,percentile bootstrap over scenario_id (1000 replicates),
B1,kalman,M2,block,10.0,T+L,T,skill,0.0054257100940250155,0.29078214822609505,0.960013532101543,-0.4495082396254074,0.3648143699709251,20,percentile bootstrap over scenario_id (1000 replicates),
B1,kalman,M2,block,30.0,T,T,MAE,0.651777939540578,0.5462940517297981,0.3452949210620779,0.5163648971792324,0.80186305084225,20,percentile bootstrap over scenario_id (1000 replicates),
B1,kalman,M2,block,30.0,T,T,RMSE,0.7768393176150625,0.6399814377315656,0.4180867786330996,0.6031950427737877,0.9444447629733701,20,percentile bootstrap over scenario_id (1000 replicates),
B1,kalman,M2,block,30.0,T,T,skill,0.06843088046954277,0.10541183167894108,0.2725596110547998,-0.047871911028190474,0.18356401267614927,20,percentile bootstrap over scenario_id (1000 replicates),
B1,kalman,M2,block,30.0,T+F,T,MAE,0.651777939540578,0.5462940517297981,0.3452949210620779,0.5146568035085732,0.8063309017375898,20,percentile bootstrap over scenario_id (1000 replicates),
B1,kalman,M2,block,30.0,T+F,T,RMSE,0.7768393176150625,0.6399814377315656,0.4180867786330996,0.6126986737001411,0.9651879708935079,20,percentile bootstrap over scenario_id (1000 replicates),
B1,kalman,M2,block,30.0,T+F,T,skill,0.06843088046954277,0.10541183167894108,0.2725596110547998,-0.058333907018108665,0.18418693104100037,20,percentile bootstrap over scenario_id (1000 replicates),
B1,kalman,M2,block,30.0,T+F+L,T,MAE,0.651777939540578,0.5462940517297981,0.3452949210620779,0.5096744296575011,0.7991682194381455,20,percentile bootstrap over scenario_id (1000 replicates),
B1,kalman,M2,block,30.0,T+F+L,T,RMSE,0.7768393176150625,0.6399814377315656,0.4180867786330996,0.6150261881103877,0.9650007074381025,20,percentile bootstrap over scenario_id (1000 replicates),
B1,kalman,M2,block,30.0,T+F+L,T,skill,0.06843088046954277,0.10541183167894108,0.2725596110547998,-0.05003543399686911,0.1826990010123751,20,percentile bootstrap over scenario_id (1000 replicates),
B1,kalman,M2,block,30.0,T+L,T,MAE,0.651777939540578,0.5462940517297981,0.3452949210620779,0.5079819874722382,0.8115559728202101,20,percentile bootstrap over scenario_id (1000 replicates),
B1,kalman,M2,block,30.0,T+L,T,RMSE,0.7768393176150625,0.6399814377315656,0.4180867786330996,0.6061733305638133,0.9668115290670583,20,percentile bootstrap over scenario_id (1000 replicates),
B1,kalman,M2,block,30.0,T+L,T,skill,0.06843088046954277,0.10541183167894108,0.2725596110547998,-0.048537145251159215,0.1812055339276047,20,percentile bootstrap over scenario_id (1000 replicates),
B1,kalman,M2,block,90.0,T,T,MAE,0.9714140760711855,0.9580095019380508,0.4580311874416063,0.7852045172276795,1.1580435155256523,20,percentile bootstrap over scenario_id (1000 replicates),
B1,kalman,M2,block,90.0,T,T,RMSE,1.169785406853007,1.1823422983652123,0.5318104801930387,0.9470226749367341,1.4192770661004745,20,percentile bootstrap over scenario_id (1000 replicates),
B1,kalman,M2,block,90.0,T,T,skill,-0.5265877718350545,-0.30416108977524603,0.7978383600601404,-0.8682128302400791,-0.22949018446974787,20,percentile bootstrap over scenario_id (1000 replicates),
B1,kalman,M2,block,90.0,T+F,T,MAE,0.9714140760711855,0.9580095019380508,0.4580311874416063,0.7794800838621565,1.1700589929576566,20,percentile bootstrap over scenario_id (1000 replicates),
B1,kalman,M2,block,90.0,T+F,T,RMSE,1.169785406853007,1.1823422983652123,0.5318104801930387,0.9376387988627266,1.3879554704389636,20,percentile bootstrap over scenario_id (1000 replicates),
B1,kalman,M2,block,90.0,T+F,T,skill,-0.5265877718350545,-0.30416108977524603,0.7978383600601404,-0.8808406021985824,-0.21358036341404937,20,percentile bootstrap over scenario_id (1000 replicates),
B1,kalman,M2,block,90.0,T+F+L,T,MAE,0.9714140760711855,0.9580095019380508,0.4580311874416063,0.764387525535586,1.1676531188505526,20,percentile bootstrap over scenario_id (1000 replicates),
B1,kalman,M2,block,90.0,T+F+L,T,RMSE,1.169785406853007,1.1823422983652123,0.5318104801930387,0.9415685457088621,1.4077064102939718,20,percentile bootstrap over scenario_id (1000 replicates),
B1,kalman,M2,block,90.0,T+F+L,T,skill,-0.5265877718350545,-0.30416108977524603,0.7978383600601404,-0.9020239497795386,-0.22771451271714413,20,percentile bootstrap over scenario_id (1000 replicates),
B1,kalman,M2,block,90.0,T+L,T,MAE,0.9714140760711855,0.9580095019380508,0.4580311874416063,0.769169101847249,1.147182159672681,20,percentile bootstrap over scenario_id (1000 replicates),
B1,kalman,M2,block,90.0,T+L,T,RMSE,1.169785406853007,1.1823422983652123,0.5318104801930387,0.945497586484642,1.3892168602811943,20,percentile bootstrap over scenario_id (1000 replicates),
B1,kalman,M2,block,90.0,T+L,T,skill,-0.5265877718350545,-0.30416108977524603,0.7978383600601404,-0.9254728872329029,-0.21355028834034087,20,percentile bootstrap over scenario_id (1000 replicates),
B1,kalman,M2,block,180.0,T,T,MAE,1.6398644124683617,1.3303445803150142,0.7231844269398632,1.3599008161006423,1.9546359510422233,20,percentile bootstrap over scenario_id (1000 replicates),
B1,kalman,M2,block,180.0,T,T,RMSE,1.9627831867735916,1.5506282493925019,0.8389311220004857,1.634074832382718,2.3505438919817587,20,percentile bootstrap over scenario_id (1000 replicates),
B1,kalman,M2,block,180.0,T,T,skill,-1.4389272375143607,-1.0561399492611243,1.247195937489357,-2.000851000463968,-0.9712582564561021,20,percentile bootstrap over scenario_id (1000 replicates),
B1,kalman,M2,block,180.0,T+F,T,MAE,1.6398644124683617,1.3303445803150142,0.7231844269398632,1.3408389374353036,1.9663439999942525,20,percentile bootstrap over scenario_id (1000 replicates),
B1,kalman,M2,block,180.0,T+F,T,RMSE,1.9627831867735916,1.5506282493925019,0.8389311220004857,1.6199005376818916,2.3436665021497634,20,percentile bootstrap over scenario_id (1000 replicates),
B1,kalman,M2,block,180.0,T+F,T,skill,-1.4389272375143607,-1.0561399492611243,1.247195937489357,-1.997475390896498,-0.9474793761290492,20,percentile bootstrap over scenario_id (1000 replicates),
B1,kalman,M2,block,180.0,T+F+L,T,MAE,1.6398644124683617,1.3303445803150142,0.7231844269398632,1.3407140632523318,1.9647572426856559,20,percentile bootstrap over scenario_id (1000 replicates),
B1,kalman,M2,block,180.0,T+F+L,T,RMSE,1.9627831867735916,1.5506282493925019,0.8389311220004857,1.6194148801194892,2.3544964793581586,20,percentile bootstrap over scenario_id (1000 replicates),
B1,kalman,M2,block,180.0,T+F+L,T,skill,-1.4389272375143607,-1.0561399492611243,1.247195937489357,-2.0220026757050777,-0.9552772935379763,20,percentile bootstrap over scenario_id (1000 replicates),
B1,kalman,M2,block,180.0,T+L,T,MAE,1.6398644124683617,1.3303445803150142,0.7231844269398632,1.3440726489577097,1.938187113785935,20,percentile bootstrap over scenario_id (1000 replicates),
B1,kalman,M2,block,180.0,T+L,T,RMSE,1.9627831867735916,1.5506282493925019,0.8389311220004857,1.622834132591465,2.3303353750021287,20,percentile bootstrap over scenario_id (1000 replicates),
B1,kalman,M2,block,180.0,T+L,T,skill,-1.4389272375143607,-1.0561399492611243,1.247195937489357,-2.0025216030972213,-0.9217384616438656,20,percentile bootstrap over scenario_id (1000 replicates),
B1,kalman,M3,multiblock,10.0,T,T,MAE,0.2687850552704904,0.24697209510554885,0.10309825872078328,0.22425340618526657,0.31792228297265657,20,percentile bootstrap over scenario_id (1000 replicates),
B1,kalman,M3,multiblock,10.0,T,T,RMSE,0.3265321063220112,0.3038273815629202,0.12043145053947765,0.27668876708164175,0.3780627678918144,20,percentile bootstrap over scenario_id (1000 replicates),
B1,kalman,M3,multiblock,10.0,T,T,skill,0.6322992633291611,0.7123370269762884,0.2456710054203732,0.5242791803610745,0.7321629830227495,20,percentile bootstrap over scenario_id (1000 replicates),
B1,kalman,M3,multiblock,10.0,T+F,T,MAE,0.2687850552704904,0.24697209510554885,0.10309825872078328,0.2288332820773929,0.3118927644967495,20,percentile bootstrap over scenario_id (1000 replicates),
B1,kalman,M3,multiblock,10.0,T+F,T,RMSE,0.3265321063220112,0.3038273815629202,0.12043145053947765,0.2776254024408332,0.3741016838543334,20,percentile bootstrap over scenario_id (1000 replicates),
B1,kalman,M3,multiblock,10.0,T+F,T,skill,0.6322992633291611,0.7123370269762884,0.2456710054203732,0.5233696913298672,0.7306781533264377,20,percentile bootstrap over scenario_id (1000 replicates),
B1,kalman,M3,multiblock,10.0,T+F+L,T,MAE,0.2687850552704904,0.24697209510554885,0.10309825872078328,0.2292815294063257,0.3117379869236561,20,percentile bootstrap over scenario_id (1000 replicates),
B1,kalman,M3,multiblock,10.0,T+F+L,T,RMSE,0.3265321063220112,0.3038273815629202,0.12043145053947765,0.27737174412430443,0.3800990176290479,20,percentile bootstrap over scenario_id (1000 replicates),
B1,kalman,M3,multiblock,10.0,T+F+L,T,skill,0.6322992633291611,0.7123370269762884,0.2456710054203732,0.5309993098099202,0.732925151823968,20,percentile bootstrap over scenario_id (1000 replicates),
B1,kalman,M3,multiblock,10.0,T+L,T,MAE,0.2687850552704904,0.24697209510554885,0.10309825872078328,0.2267897477109744,0.3088259255334375,20,percentile bootstrap over scenario_id (1000 replicates),
B1,kalman,M3,multiblock,10.0,T+L,T,RMSE,0.3265321063220112,0.3038273815629202,0.12043145053947765,0.27509222592632027,0.3798146944846614,20,percentile bootstrap over scenario_id (1000 replicates),
B1,kalman,M3,multiblock,10.0,T+L,T,skill,0.6322992633291611,0.7123370269762884,0.2456710054203732,0.5223398377455746,0.7354178164735715,20,percentile bootstrap over scenario_id (1000 replicates),
B1,kalman,M3,multiblock,30.0,T,T,MAE,0.36768030865760243,0.36104989406828036,0.1044223843144871,0.32456926984258244,0.41215443751819547,20,percentile bootstrap over scenario_id (1000 replicates),
B1,kalman,M3,multiblock,30.0,T,T,RMSE,0.4852654520245161,0.48242809219478033,0.13042795477490343,0.4330126551836204,0.5433866989814353,20,percentile bootstrap over scenario_id (1000 replicates),
B1,kalman,M3,multiblock,30.0,T,T,skill,0.4923857010850172,0.5173098694288747,0.1887089050178566,0.405811317175007,0.5673093516267055,20,percentile bootstrap over scenario_id (1000 replicates),
B1,kalman,M3,multiblock,30.0,T+F,T,MAE,0.36768030865760243,0.36104989406828036,0.1044223843144871,0.32818479180956944,0.41795787603453954,20,percentile bootstrap over scenario_id (1000 replicates),
B1,kalman,M3,multiblock,30.0,T+F,T,RMSE,0.4852654520245161,0.48242809219478033,0.13042795477490343,0.4334108451221766,0.543146070631903,20,percentile bootstrap over scenario_id (1000 replicates),
B1,kalman,M3,multiblock,30.0,T+F,T,skill,0.4923857010850172,0.5173098694288747,0.1887089050178566,0.41325472840878213,0.5677431741253721,20,percentile bootstrap over scenario_id (1000 replicates),
B1,kalman,M3,multiblock,30.0,T+F+L,T,MAE,0.36768030865760243,0.36104989406828036,0.1044223843144871,0.32825413223974653,0.41388336057278,20,percentile bootstrap over scenario_id (1000 replicates),
B1,kalman,M3,multiblock,30.0,T+F+L,T,RMSE,0.4852654520245161,0.48242809219478033,0.13042795477490343,0.429364764051525,0.5414043161926275,20,percentile bootstrap over scenario_id (1000 replicates),
B1,kalman,M3,multiblock,30.0,T+F+L,T,skill,0.4923857010850172,0.5173098694288747,0.1887089050178566,0.40817853933334974,0.5744675703911313,20,percentile bootstrap over scenario_id (1000 replicates),
B1,kalman,M3,multiblock,30.0,T+L,T,MAE,0.36768030865760243,0.36104989406828036,0.1044223843144871,0.32648383353150945,0.41749342402969547,20,percentile bootstrap over scenario_id (1000 replicates),
B1,kalman,M3,multiblock,30.0,T+L,T,RMSE,0.4852654520245161,0.48242809219478033,0.13042795477490343,0.4313486153075928,0.5485514911806703,20,percentile bootstrap over scenario_id (1000 replicates),
B1,kalman,M3,multiblock,30.0,T+L,T,skill,0.4923857010850172,0.5173098694288747,0.1887089050178566,0.41020505908648464,0.5704973649540058,20,percentile bootstrap over scenario_id (1000 replicates),
B1,kalman,M3,multiblock,90.0,T,T,MAE,0.6768783512522218,0.6305201871523148,0.13783823418866795,0.6215873422575062,0.7384708569175084,20,percentile bootstrap over scenario_id (1000 replicates),
B1,kalman,M3,multiblock,90.0,T,T,RMSE,0.884751192159646,0.8273992066822022,0.19314833903052323,0.8062130319385449,0.970531275458767,20,percentile bootstrap over scenario_id (1000 replicates),
B1,kalman,M3,multiblock,90.0,T,T,skill,0.13508862389168855,0.1643513650606313,0.20947132217536546,0.05158555077736567,0.2263329014052999,20,percentile bootstrap over scenario_id (1000 replicates),
B1,kalman,M3,multiblock,90.0,T+F,T,MAE,0.6768783512522218,0.6305201871523148,0.13783823418866795,0.6237223346536287,0.7396529867862224,20,percentile bootstrap over scenario_id (1000 replicates),
B1,kalman,M3,multiblock,90.0,T+F,T,RMSE,0.884751192159646,0.8273992066822022,0.19314833903052323,0.8057286017024904,0.973388475213507,20,percentile bootstrap over scenario_id (1000 replicates),
B1,kalman,M3,multiblock,90.0,T+F,T,skill,0.13508862389168855,0.1643513650606313,0.20947132217536546,0.04583157875954425,0.22959135616688683,20,percentile bootstrap over scenario_id (1000 replicates),
B1,kalman,M3,multiblock,90.0,T+F+L,T,MAE,0.6768783512522218,0.6305201871523148,0.13783823418866795,0.6219551225367818,0.7424694774262474,20,percentile bootstrap over scenario_id (1000 replicates),
B1,kalman,M3,multiblock,90.0,T+F+L,T,RMSE,0.884751192159646,0.8273992066822022,0.19314833903052323,0.807531781032484,0.9675907803198528,20,percentile bootstrap over scenario_id (1000 replicates),
B1,kalman,M3,multiblock,90.0,T+F+L,T,skill,0.13508862389168855,0.1643513650606313,0.20947132217536546,0.04517289843804412,0.22362403501164324,20,percentile bootstrap over scenario_id (1000 replicates),
B1,kalman,M3,multiblock,90.0,T+L,T,MAE,0.6768783512522218,0.6305201871523148,0.13783823418866795,0.6193718490707734,0.7356373962508924,20,percentile bootstrap over scenario_id (1000 replicates),
B1,kalman,M3,multiblock,90.0,T+L,T,RMSE,0.884751192159646,0.8273992066822022,0.19314833903052323,0.8092092448636022,0.9752698678509866,20,percentile bootstrap over scenario_id (1000 replicates),
B1,kalman,M3,multiblock,90.0,T+L,T,skill,0.13508862389168855,0.1643513650606313,0.20947132217536546,0.04421797987048452,0.22502826548685104,20,percentile bootstrap over scenario_id (1000 replicates),
B1,kalman,M3,multiblock,180.0,T,T,MAE,0.9021055688543497,0.8788626334138099,0.2422841096916518,0.8049860907206139,1.0057115212098595,20,percentile bootstrap over scenario_id (1000 replicates),
B1,kalman,M3,multiblock,180.0,T,T,RMSE,1.163342642093719,1.1493339967536298,0.3412351327845347,1.0205875993821532,1.30439868942216,20,percentile bootstrap over scenario_id (1000 replicates),
B1,kalman,M3,multiblock,180.0,T,T,skill,0.007913745222874557,0.0832258964315793,0.29846861480402076,-0.12637114459458573,0.1216509658216449,20,percentile bootstrap over scenario_id (1000 replicates),
B1,kalman,M3,multiblock,180.0,T+F,T,MAE,0.9021055688543497,0.8788626334138099,0.2422841096916518,0.8001667295928415,1.0187286986477946,20,percentile bootstrap over scenario_id (1000 replicates),
B1,kalman,M3,multiblock,180.0,T+F,T,RMSE,1.163342642093719,1.1493339967536298,0.3412351327845347,1.031849712448695,1.3110928165323599,20,percentile bootstrap over scenario_id (1000 replicates),
B1,kalman,M3,multiblock,180.0,T+F,T,skill,0.007913745222874557,0.0832258964315793,0.29846861480402076,-0.12415625329988156,0.12181341592356773,20,percentile bootstrap over scenario_id (1000 replicates),
B1,kalman,M3,multiblock,180.0,T+F+L,T,MAE,0.9021055688543497,0.8788626334138099,0.2422841096916518,0.8043026616146055,1.0120707345367759,20,percentile bootstrap over scenario_id (1000 replicates),
B1,kalman,M3,multiblock,180.0,T+F+L,T,RMSE,1.163342642093719,1.1493339967536298,0.3412351327845347,1.0244007121595669,1.3169717479123746,20,percentile bootstrap over scenario_id (1000 replicates),
B1,kalman,M3,multiblock,180.0,T+F+L,T,skill,0.007913745222874557,0.0832258964315793,0.29846861480402076,-0.129397274778239,0.12306728560362963,20,percentile bootstrap over scenario_id (1000 replicates),
B1,kalman,M3,multiblock,180.0,T+L,T,MAE,0.9021055688543497,0.8788626334138099,0.2422841096916518,0.8068396749667169,1.004594054966342,20,percentile bootstrap over scenario_id (1000 replicates),
B1,kalman,M3,multiblock,180.0,T+L,T,RMSE,1.163342642093719,1.1493339967536298,0.3412351327845347,1.033089788343333,1.3250074649131987,20,percentile bootstrap over scenario_id (1000 replicates),
B1,kalman,M3,multiblock,180.0,T+L,T,skill,0.007913745222874557,0.0832258964315793,0.29846861480402076,-0.12029522025217325,0.12786172435866253,20,percentile bootstrap over scenario_id (1000 replicates),
B1,linear,M2,block,10.0,T,T,MAE,0.44159097747369247,0.49636371785944167,0.23504040685332336,0.346950066474351,0.5392500702386553,20,percentile bootstrap over scenario_id (1000 replicates),
B1,linear,M2,block,10.0,T,T,RMSE,0.511384387421933,0.5538752239793853,0.24838168565552446,0.40153160935194204,0.617724274895851,20,percentile bootstrap over scenario_id (1000 replicates),
B1,linear,M2,block,10.0,T,T,skill,-0.004775133902768553,0.2891163199376189,0.9707155540548142,-0.4810555086033451,0.3860976624013761,20,percentile bootstrap over scenario_id (1000 replicates),
B1,linear,M2,block,10.0,T+F,T,MAE,0.44159097747369247,0.49636371785944167,0.23504040685332336,0.33471495304866267,0.5441114134165375,20,percentile bootstrap over scenario_id (1000 replicates),
B1,linear,M2,block,10.0,T+F,T,RMSE,0.511384387421933,0.5538752239793853,0.24838168565552446,0.40783708031011556,0.6198662878556909,20,percentile bootstrap over scenario_id (1000 replicates),
B1,linear,M2,block,10.0,T+F,T,skill,-0.004775133902768553,0.2891163199376189,0.9707155540548142,-0.4542454983241713,0.36162230331601664,20,percentile bootstrap over scenario_id (1000 replicates),
B1,linear,M2,block,10.0,T+F+L,T,MAE,0.44159097747369247,0.49636371785944167,0.23504040685332336,0.34706929233399303,0.5412852475507695,20,percentile bootstrap over scenario_id (1000 replicates),
B1,linear,M2,block,10.0,T+F+L,T,RMSE,0.511384387421933,0.5538752239793853,0.24838168565552446,0.40446054994566094,0.6131132052495921,20,percentile bootstrap over scenario_id (1000 replicates),
B1,linear,M2,block,10.0,T+F+L,T,skill,-0.004775133902768553,0.2891163199376189,0.9707155540548142,-0.4734211253773662,0.3545873424255913,20,percentile bootstrap over scenario_id (1000 replicates),
B1,linear,M2,block,10.0,T+L,T,MAE,0.44159097747369247,0.49636371785944167,0.23504040685332336,0.34679665004123345,0.546113609235395,20,percentile bootstrap over scenario_id (1000 replicates),
B1,linear,M2,block,10.0,T+L,T,RMSE,0.511384387421933,0.5538752239793853,0.24838168565552446,0.4080791640210628,0.6145820317812196,20,percentile bootstrap over scenario_id (1000 replicates),
B1,linear,M2,block,10.0,T+L,T,skill,-0.004775133902768553,0.2891163199376189,0.9707155540548142,-0.4134318554501639,0.3855461480642817,20,percentile bootstrap over scenario_id (1000 replicates),
B1,linear,M2,block,30.0,T,T,MAE,0.6418601777925287,0.5308064711991178,0.3553218016294372,0.5047833088090024,0.7954843175904727,20,percentile bootstrap over scenario_id (1000 replicates),
B1,linear,M2,block,30.0,T,T,RMSE,0.7644258886276534,0.6389882888178242,0.4255111285605752,0.6045359428428408,0.9585635421372168,20,percentile bootstrap over scenario_id (1000 replicates),
B1,linear,M2,block,30.0,T,T,skill,0.09826487043461782,0.12114890342085655,0.26236781470716214,-0.009019878526290707,0.2041073085469349,20,percentile bootstrap over scenario_id (1000 replicates),
B1,linear,M2,block,30.0,T+F,T,MAE,0.6418601777925287,0.5308064711991178,0.3553218016294372,0.5089400697799139,0.7916135149008485,20,percentile bootstrap over scenario_id (1000 replicates),
B1,linear,M2,block,30.0,T+F,T,RMSE,0.7644258886276534,0.6389882888178242,0.4255111285605752,0.5935958570414525,0.9689719675478021,20,percentile bootstrap over scenario_id (1000 replicates),
B1,linear,M2,block,30.0,T+F,T,skill,0.09826487043461782,0.12114890342085655,0.26236781470716214,-0.010355033486045988,0.20800529898543624,20,percentile bootstrap over scenario_id (1000 replicates),
B1,linear,M2,block,30.0,T+F+L,T,MAE,0.6418601777925287,0.5308064711991178,0.3553218016294372,0.49417338735714395,0.8075738716854524,20,percentile bootstrap over scenario_id (1000 replicates),
B1,linear,M2,block,30.0,T+F+L,T,RMSE,0.7644258886276534,0.6389882888178242,0.4255111285605752,0.5910268056735862,0.9683833478834541,20,percentile bootstrap over scenario_id (1000 replicates),
B1,linear,M2,block,30.0,T+F+L,T,skill,0.09826487043461782,0.12114890342085655,0.26236781470716214,-0.017560225804876782,0.20420541887453933,20,percentile bootstrap over scenario_id (1000 replicates),
B1,linear,M2,block,30.0,T+L,T,MAE,0.6418601777925287,0.5308064711991178,0.3553218016294372,0.4893675884151009,0.8033952289154772,20,percentile bootstrap over scenario_id (1000 replicates),
B1,linear,M2,block,30.0,T+L,T,RMSE,0.7644258886276534,0.6389882888178242,0.4255111285605752,0.5950187508123812,0.9697356885427311,20,percentile bootstrap over scenario_id (1000 replicates),
B1,linear,M2,block,30.0,T+L,T,skill,0.09826487043461782,0.12114890342085655,0.26236781470716214,-0.008585879510959519,0.20696520136326294,20,percentile bootstrap over scenario_id (1000 replicates),
B1,linear,M2,block,90.0,T,T,MAE,1.1626422161446095,1.0234250418432467,0.5326740631752555,0.9458474053443389,1.3956836551721865,20,percentile bootstrap over scenario_id (1000 replicates),
B1,linear,M2,block,90.0,T,T,RMSE,1.3865014344661815,1.173652547737656,0.6100006979297151,1.148780427477746,1.6476118996036349,20,percentile bootstrap over scenario_id (1000 replicates),
B1,linear,M2,block,90.0,T,T,skill,-0.9547617325888498,-0.7043939898824685,1.170501507973183,-1.4776804735899027,-0.5313753354705113,20,percentile bootstrap over scenario_id (1000 replicates),
B1,linear,M2,block,90.0,T+F,T,MAE,1.1626422161446095,1.0234250418432467,0.5326740631752555,0.932521731988578,1.4033714945764806,20,percentile bootstrap over scenario_id (1000 replicates),
B1,linear,M2,block,90.0,T+F,T,RMSE,1.3865014344661815,1.173652547737656,0.6100006979297151,1.145775583373841,1.640529262153629,20,percentile bootstrap over scenario_id (1000 replicates),
B1,linear,M2,block,90.0,T+F,T,skill,-0.9547617325888498,-0.7043939898824685,1.170501507973183,-1.4736217641973632,-0.5260074420229083,20,percentile bootstrap over scenario_id (1000 replicates),
B1,linear,M2,block,90.0,T+F+L,T,MAE,1.1626422161446095,1.0234250418432467,0.5326740631752555,0.9523727960911862,1.4062359668299718,20,percentile bootstrap over scenario_id (1000 replicates),
B1,linear,M2,block,90.0,T+F+L,T,RMSE,1.3865014344661815,1.173652547737656,0.6100006979297151,1.1429703375511315,1.6431403714247175,20,percentile bootstrap over scenario_id (1000 replicates),
B1,linear,M2,block,90.0,T+F+L,T,skill,-0.9547617325888498,-0.7043939898824685,1.170501507973183,-1.5002329823694132,-0.5181699879614176,20,percentile bootstrap over scenario_id (1000 replicates),
B1,linear,M2,block,90.0,T+L,T,MAE,1.1626422161446095,1.0234250418432467,0.5326740631752555,0.9377657397021343,1.4182154863959266,20,percentile bootstrap over scenario_id (1000 replicates),
B1,linear,M2,block,90.0,T+L,T,RMSE,1.3865014344661815,1.173652547737656,0.6100006979297151,1.1287254149116097,1.654888924269173,20,percentile bootstrap over scenario_id (1000 replicates),
B1,linear,M2,block,90.0,T+L,T,skill,-0.9547617325888498,-0.7043939898824685,1.170501507973183,-1.5438959158451628,-0.4788198022917948,20,percentile bootstrap over scenario_id (1000 replicates),
B1,linear,M2,block,180.0,T,T,MAE,2.595689250011617,2.759709866102522,1.1923176928194164,2.1292288955162557,3.1406911463534275,20,percentile bootstrap over scenario_id (1000 replicates),
B1,linear,M2,block,180.0,T,T,RMSE,3.016920020523311,3.1677742537210056,1.2968185163741806,2.4689464128443803,3.6033182934961596,20,percentile bootstrap over scenario_id (1000 replicates),
B1,linear,M2,block,180.0,T,T,skill,-3.0391487726836894,-2.09230782893162,2.6529765839164625,-4.233869055973207,-1.994325422743103,20,percentile bootstrap over scenario_id (1000 replicates),
B1,linear,M2,block,180.0,T+F,T,MAE,2.595689250011617,2.759709866102522,1.1923176928194164,2.1075376247868554,3.136678861305324,20,percentile bootstrap over scenario_id (1000 replicates),
B1,linear,M2,block,180.0,T+F,T,RMSE,3.016920020523311,3.1677742537210056,1.2968185163741806,2.4869135991112667,3.5382127053459738,20,percentile bootstrap over scenario_id (1000 replicates),
B1,linear,M2,block,180.0,T+F,T,skill,-3.0391487726836894,-2.09230782893162,2.6529765839164625,-4.3355477051552525,-2.045684331726318,20,percentile bootstrap over scenario_id (1000 replicates),
B1,linear,M2,block,180.0,T+F+L,T,MAE,2.595689250011617,2.759709866102522,1.1923176928194164,2.098418424420489,3.1438247194354196,20,percentile bootstrap over scenario_id (1000 replicates),
B1,linear,M2,block,180.0,T+F+L,T,RMSE,3.016920020523311,3.1677742537210056,1.2968185163741806,2.487076159788165,3.5891498760067897,20,percentile bootstrap over scenario_id (1000 replicates),
B1,linear,M2,block,180.0,T+F+L,T,skill,-3.0391487726836894,-2.09230782893162,2.6529765839164625,-4.20324332061367,-2.020896198689612,20,percentile bootstrap over scenario_id (1000 replicates),
B1,linear,M2,block,180.0,T+L,T,MAE,2.595689250011617,2.759709866102522,1.1923176928194164,2.0830838705291823,3.1290304720300726,20,percentile bootstrap over scenario_id (1000 replicates),
B1,linear,M2,block,180.0,T+L,T,RMSE,3.016920020523311,3.1677742537210056,1.2968185163741806,2.4872964681454657,3.5625715412465517,20,percentile bootstrap over scenario_id (1000 replicates),
B1,linear,M2,block,180.0,T+L,T,skill,-3.0391487726836894,-2.09230782893162,2.6529765839164625,-4.225403468417434,-1.9981507037365744,20,percentile bootstrap over scenario_id (1000 replicates),
B1,linear,M3,multiblock,10.0,T,T,MAE,0.26884998548030853,0.24749997854232797,0.10258306398011251,0.2262412992089987,0.3120349985927343,20,percentile bootstrap over scenario_id (1000 replicates),
B1,linear,M3,multiblock,10.0,T,T,RMSE,0.326535103801239,0.30462977657179235,0.11967528516466401,0.2742733072978149,0.3757743922925322,20,percentile bootstrap over scenario_id (1000 replicates),
B1,linear,M3,multiblock,10.0,T,T,skill,0.6323853259369001,0.7124446865862166,0.24493793100936823,0.5199747192317191,0.729287404946422,20,percentile bootstrap over scenario_id (1000 replicates),
B1,linear,M3,multiblock,10.0,T+F,T,MAE,0.26884998548030853,0.24749997854232797,0.10258306398011251,0.2232487629920244,0.3139074809193611,20,percentile bootstrap over scenario_id (1000 replicates),
B1,linear,M3,multiblock,10.0,T+F,T,RMSE,0.326535103801239,0.30462977657179235,0.11967528516466401,0.27117976949047273,0.38035386765454693,20,percentile bootstrap over scenario_id (1000 replicates),
B1,linear,M3,multiblock,10.0,T+F,T,skill,0.6323853259369001,0.7124446865862166,0.24493793100936823,0.5250098987864487,0.7236897780036671,20,percentile bootstrap over scenario_id (1000 replicates),
B1,linear,M3,multiblock,10.0,T+F+L,T,MAE,0.26884998548030853,0.24749997854232797,0.10258306398011251,0.22673001124560838,0.31075375554561613,20,percentile bootstrap over scenario_id (1000 replicates),
B1,linear,M3,multiblock,10.0,T+F+L,T,RMSE,0.326535103801239,0.30462977657179235,0.11967528516466401,0.2775503319478023,0.3779900076411022,20,percentile bootstrap over scenario_id (1000 replicates),
B1,linear,M3,multiblock,10.0,T+F+L,T,skill,0.6323853259369001,0.7124446865862166,0.24493793100936823,0.5162604379308187,0.7289942396848325,20,percentile bootstrap over scenario_id (1000 replicates),
B1,linear,M3,multiblock,10.0,T+L,T,MAE,0.26884998548030853,0.24749997854232797,0.10258306398011251,0.2241949978202582,0.3120512001544238,20,percentile bootstrap over scenario_id (1000 replicates),
B1,linear,M3,multiblock,10.0,T+L,T,RMSE,0.326535103801239,0.30462977657179235,0.11967528516466401,0.2751721244375725,0.3741898594280856,20,percentile bootstrap over scenario_id (1000 replicates),
B1,linear,M3,multiblock,10.0,T+L,T,skill,0.6323853259369001,0.7124446865862166,0.24493793100936823,0.5217178498760088,0.7247592434957526,20,percentile bootstrap over scenario_id (1000 replicates),
B1,linear,M3,multiblock,30.0,T,T,MAE,0.3693787797111453,0.3709090731360696,0.10375889676056368,0.3246462319899689,0.42165225713225923,20,percentile bootstrap over scenario_id (1000 replicates),
B1,linear,M3,multiblock,30.0,T,T,RMSE,0.48792464266699814,0.4895718681279695,0.13042989498127372,0.4358909415589417,0.5480391288382622,20,percentile bootstrap over scenario_id (1000 replicates),
B1,linear,M3,multiblock,30.0,T,T,skill,0.4901157714294328,0.5141367414902256,0.1892800880610793,0.4104580034866811,0.5645216227046673,20,percentile bootstrap over scenario_id (1000 replicates),
B1,linear,M3,multiblock,30.0,T+F,T,MAE,0.3693787797111453,0.3709090731360696,0.10375889676056368,0.32961890879634653,0.41390905726813904,20,percentile bootstrap over scenario_id (1000 replicates),
B1,linear,M3,multiblock,30.0,T+F,T,RMSE,0.48792464266699814,0.4895718681279695,0.13042989498127372,0.43342961493898513,0.5449418321152045,20,percentile bootstrap over scenario_id (1000 replicates),
B1,linear,M3,multiblock,30.0,T+F,T,skill,0.4901157714294328,0.5141367414902256,0.1892800880610793,0.4052677826972104,0.5681595182280459,20,percentile bootstrap over scenario_id (1000 replicates),
B1,linear,M3,multiblock,30.0,T+F+L,T,MAE,0.3693787797111453,0.3709090731360696,0.10375889676056368,0.3266708442022403,0.4159779831907063,20,percentile bootstrap over scenario_id (1000 replicates),
B1,linear,M3,multiblock,30.0,T+F+L,T,RMSE,0.48792464266699814,0.4895718681279695,0.13042989498127372,0.4364297992589642,0.5484255249541321,20,percentile bootstrap over scenario_id (1000 replicates),
B1,linear,M3,multiblock,30.0,T+F+L,T,skill,0.4901157714294328,0.5141367414902256,0.1892800880610793,0.407396207981139,0.5693731611861894,20,percentile bootstrap over scenario_id (1000 replicates),
B1,linear,M3,multiblock,30.0,T+L,T,MAE,0.3693787797111453,0.3709090731360696,0.10375889676056368,0.328006438196157,0.4179405030991995,20,percentile bootstrap over scenario_id (1000 replicates),
B1,linear,M3,multiblock,30.0,T+L,T,RMSE,0.48792464266699814,0.4895718681279695,0.13042989498127372,0.4334965466098991,0.5465223347702164,20,percentile bootstrap over scenario_id (1000 replicates),
B1,linear,M3,multiblock,30.0,T+L,T,skill,0.4901157714294328,0.5141367414902256,0.1892800880610793,0.4129455905607136,0.5704913878999883,20,percentile bootstrap over scenario_id (1000 replicates),
B1,linear,M3,multiblock,90.0,T,T,MAE,0.667614669005076,0.6373297578545026,0.13702822033720283,0.6092170743025758,0.725872768990455,20,percentile bootstrap over scenario_id (1000 replicates),
B1,linear,M3,multiblock,90.0,T,T,RMSE,0.8737798035532413,0.8242360008205465,0.1879716918862994,0.7993961167142437,0.9544626647587848,20,percentile bootstrap over scenario_id (1000 replicates),
B1,linear,M3,multiblock,90.0,T,T,skill,0.1504990575088791,0.1509938460208481,0.19325924957500576,0.06798732151024689,0.2365510333435847,20,percentile bootstrap over scenario_id (1000 replicates),
B1,linear,M3,multiblock,90.0,T+F,T,MAE,0.667614669005076,0.6373297578545026,0.13702822033720283,0.6108215556825148,0.7299797521484581,20,percentile bootstrap over scenario_id (1000 replicates),
B1,linear,M3,multiblock,90.0,T+F,T,RMSE,0.8737798035532413,0.8242360008205465,0.1879716918862994,0.7998187023028506,0.9506568096530376,20,percentile bootstrap over scenario_id (1000 replicates),
B1,linear,M3,multiblock,90.0,T+F,T,skill,0.1504990575088791,0.1509938460208481,0.19325924957500576,0.07143993276219059,0.2299481759344527,20,percentile bootstrap over scenario_id (1000 replicates),
B1,linear,M3,multiblock,90.0,T+F+L,T,MAE,0.667614669005076,0.6373297578545026,0.13702822033720283,0.6132917110926361,0.7282565806019904,20,percentile bootstrap over scenario_id (1000 replicates),
B1,linear,M3,multiblock,90.0,T+F+L,T,RMSE,0.8737798035532413,0.8242360008205465,0.1879716918862994,0.7991743919618226,0.9546141785528379,20,percentile bootstrap over scenario_id (1000 replicates),
B1,linear,M3,multiblock,90.0,T+F+L,T,skill,0.1504990575088791,0.1509938460208481,0.19325924957500576,0.07417268853574309,0.22972706625492578,20,percentile bootstrap over scenario_id (1000 replicates),
B1,linear,M3,multiblock,90.0,T+L,T,MAE,0.667614669005076,0.6373297578545026,0.13702822033720283,0.6089285032937176,0.7246972530509836,20,percentile bootstrap over scenario_id (1000 replicates),
B1,linear,M3,multiblock,90.0,T+L,T,RMSE,0.8737798035532413,0.8242360008205465,0.1879716918862994,0.79567464581273,0.9550172843657886,20,percentile bootstrap over scenario_id (1000 replicates),
B1,linear,M3,multiblock,90.0,T+L,T,skill,0.1504990575088791,0.1509938460208481,0.19325924957500576,0.07427500483243818,0.22899936696209125,20,percentile bootstrap over scenario_id (1000 replicates),
B1,linear,M3,multiblock,180.0,T,T,MAE,0.937904356587237,0.8935109059775896,0.2695999883993605,0.8335196865044113,1.0434225073330416,20,percentile bootstrap over scenario_id (1000 replicates),
B1,linear,M3,multiblock,180.0,T,T,RMSE,1.2131748552764143,1.1565098501548732,0.3809755962136097,1.0634375100405884,1.3832449112742884,20,percentile bootstrap over scenario_id (1000 replicates),
B1,linear,M3,multiblock,180.0,T,T,skill,-0.027216636152838914,0.02108792727200215,0.3058983796957376,-0.1673748169317333,0.09754939484484597,20,percentile bootstrap over scenario_id (1000 replicates),
B1,linear,M3,multiblock,180.0,T+F,T,MAE,0.937904356587237,0.8935109059775896,0.2695999883993605,0.8297776548856484,1.0482205820519253,20,percentile bootstrap over scenario_id (1000 replicates),
B1,linear,M3,multiblock,180.0,T+F,T,RMSE,1.2131748552764143,1.1565098501548732,0.3809755962136097,1.0644244964506213,1.3888138839690045,20,percentile bootstrap over scenario_id (1000 replicates),
B1,linear,M3,multiblock,180.0,T+F,T,skill,-0.027216636152838914,0.02108792727200215,0.3058983796957376,-0.17454934291710308,0.09653961352042031,20,percentile bootstrap over scenario_id (1000 replicates),
B1,linear,M3,multiblock,180.0,T+F+L,T,MAE,0.937904356587237,0.8935109059775896,0.2695999883993605,0.8273790491422425,1.0587005635579074,20,percentile bootstrap over scenario_id (1000 replicates),
B1,linear,M3,multiblock,180.0,T+F+L,T,RMSE,1.2131748552764143,1.1565098501548732,0.3809755962136097,1.068286221340381,1.3956811123048725,20,percentile bootstrap over scenario_id (1000 replicates),
B1,linear,M3,multiblock,180.0,T+F+L,T,skill,-0.027216636152838914,0.02108792727200215,0.3058983796957376,-0.16127036523694815,0.0909936875722741,20,percentile bootstrap over scenario_id (1000 replicates),
B1,linear,M3,multiblock,180.0,T+L,T,MAE,0.937904356587237,0.8935109059775896,0.2695999883993605,0.8273142014631698,1.055308804541202,20,percentile bootstrap over scenario_id (1000 replicates),
B1,linear,M3,multiblock,180.0,T+L,T,RMSE,1.2131748552764143,1.1565098501548732,0.3809755962136097,1.0625192683222808,1.3857915926995126,20,percentile bootstrap over scenario_id (1000 replicates),
B1,linear,M3,multiblock,180.0,T+L,T,skill,-0.027216636152838914,0.02108792727200215,0.3058983796957376,-0.16777978432629378,0.08603162192352534,20,percentile bootstrap over scenario_id (1000 replicates),
B1,pchip,M2,block,10.0,T,T,MAE,0.4233809248582963,0.3838408891236901,0.24486871544824404,0.32005071196258433,0.5290661586151139,20,percentile bootstrap over scenario_id (1000 replicates),
B1,pchip,M2,block,10.0,T,T,RMSE,0.4899856371341378,0.46177061338177916,0.2577702664106011,0.38051058620634176,0.600253741489207,20,percentile bootstrap over scenario_id (1000 replicates),
B1,pchip,M2,block,10.0,T,T,skill,0.02110252674379078,0.3650490950035334,0.9792313734771471,-0.41097674620567576,0.3762668554801079,20,percentile bootstrap over scenario_id (1000 replicates),
B1,pchip,M2,block,10.0,T+F,T,MAE,0.4233809248582963,0.3838408891236901,0.24486871544824404,0.3211501056488531,0.5360770457998791,20,percentile bootstrap over scenario_id (1000 replicates),
B1,pchip,M2,block,10.0,T+F,T,RMSE,0.4899856371341378,0.46177061338177916,0.2577702664106011,0.3833858180126755,0.6035666968733034,20,percentile bootstrap over scenario_id (1000 replicates),
B1,pchip,M2,block,10.0,T+F,T,skill,0.02110252674379078,0.3650490950035334,0.9792313734771471,-0.3827398951966356,0.37412833846034227,20,percentile bootstrap over scenario_id (1000 replicates),
B1,pchip,M2,block,10.0,T+F+L,T,MAE,0.4233809248582963,0.3838408891236901,0.24486871544824404,0.3225970154690628,0.5328255093203692,20,percentile bootstrap over scenario_id (1000 replicates),
B1,pchip,M2,block,10.0,T+F+L,T,RMSE,0.4899856371341378,0.46177061338177916,0.2577702664106011,0.3774798459781663,0.5972779413093423,20,percentile bootstrap over scenario_id (1000 replicates),
B1,pchip,M2,block,10.0,T+F+L,T,skill,0.02110252674379078,0.3650490950035334,0.9792313734771471,-0.44204542474097613,0.4044720678555794,20,percentile bootstrap over scenario_id (1000 replicates),
B1,pchip,M2,block,10.0,T+L,T,MAE,0.4233809248582963,0.3838408891236901,0.24486871544824404,0.3249116348221483,0.5311376408275876,20,percentile bootstrap over scenario_id (1000 replicates),
B1,pchip,M2,block,10.0,T+L,T,RMSE,0.4899856371341378,0.46177061338177916,0.2577702664106011,0.38219715959148604,0.6062498559978363,20,percentile bootstrap over scenario_id (1000 replicates),
B1,pchip,M2,block,10.0,T+L,T,skill,0.02110252674379078,0.3650490950035334,0.9792313734771471,-0.4396450929123554,0.40541267047653295,20,percentile bootstrap over scenario_id (1000 replicates),
B1,pchip,M2,block,30.0,T,T,MAE,0.7008619581229183,0.679699057292237,0.3792121438648771,0.5482821040110081,0.8471404739523448,20,percentile bootstrap over scenario_id (1000 replicates),
B1,pchip,M2,block,30.0,T,T,RMSE,0.8310890730231337,0.8364221643043876,0.45798222991649445,0.6359551668071336,1.0235696042246438,20,percentile bootstrap over scenario_id (1000 replicates),
B1,pchip,M2,block,30.0,T,T,skill,0.02456859439920277,0.053652978971548526,0.3255311452457341,-0.10393495674114943,0.15861407285068763,20,percentile bootstrap over scenario_id (1000 replicates),
B1,pchip,M2,block,30.0,T+F,T,MAE,0.7008619581229183,0.679699057292237,0.3792121438648771,0.5339833703193504,0.8630782804086699,20,percentile bootstrap over scenario_id (1000 replicates),
B1,pchip,M2,block,30.0,T+F,T,RMSE,0.8310890730231337,0.8364221643043876,0.45798222991649445,0.6487104944496189,1.0382428362522547,20,percentile bootstrap over scenario_id (1000 replicates),
B1,pchip,M2,block,30.0,T+F,T,skill,0.02456859439920277,0.053652978971548526,0.3255311452457341,-0.10938361854621935,0.16862501906555316,20,percentile bootstrap over scenario_id (1000 replicates),
B1,pchip,M2,block,30.0,T+F+L,T,MAE,0.7008619581229183,0.679699057292237,0.3792121438648771,0.545437689833781,0.8601317596742308,20,percentile bootstrap over scenario_id (1000 replicates),
B1,pchip,M2,block,30.0,T+F+L,T,RMSE,0.8310890730231337,0.8364221643043876,0.45798222991649445,0.6579269271495746,1.0150274418844647,20,percentile bootstrap over scenario_id (1000 replicates),
B1,pchip,M2,block,30.0,T+F+L,T,skill,0.02456859439920277,0.053652978971548526,0.3255311452457341,-0.10641158149789191,0.1706769537844989,20,percentile bootstrap over scenario_id (1000 replicates),
B1,pchip,M2,block,30.0,T+L,T,MAE,0.7008619581229183,0.679699057292237,0.3792121438648771,0.546358609898537,0.859135300709781,20,percentile bootstrap over scenario_id (1000 replicates),
B1,pchip,M2,block,30.0,T+L,T,RMSE,0.8310890730231337,0.8364221643043876,0.45798222991649445,0.6404931660558749,1.0377622718837933,20,percentile bootstrap over scenario_id (1000 replicates),
B1,pchip,M2,block,30.0,T+L,T,skill,0.02456859439920277,0.053652978971548526,0.3255311452457341,-0.12245025906578194,0.15606971941855824,20,percentile bootstrap over scenario_id (1000 replicates),
B1,pchip,M2,block,90.0,T,T,MAE,1.3597517937903698,1.0964688851322801,0.7596722234742161,1.0601348761719769,1.7005246939563106,20,percentile bootstrap over scenario_id (1000 replicates),
B1,pchip,M2,block,90.0,T,T,RMSE,1.5973924930408248,1.3657978570215525,0.8422864004668025,1.277096912807047,1.9782643712039207,20,percentile bootstrap over scenario_id (1000 replicates),
B1,pchip,M2,block,90.0,T,T,skill,-1.2544265315620637,-0.7493344432739673,1.4658861792567524,-1.9079203379328054,-0.7007272541650825,20,percentile bootstrap over scenario_id (1000 replicates),
B1,pchip,M2,block,90.0,T+F,T,MAE,1.3597517937903698,1.0964688851322801,0.7596722234742161,1.0723477544189235,1.6904914332788994,20,percentile bootstrap over scenario_id (1000 replicates),
B1,pchip,M2,block,90.0,T+F,T,RMSE,1.5973924930408248,1.3657978570215525,0.8422864004668025,1.2687258390388785,2.0078463553007766,20,percentile bootstrap over scenario_id (1000 replicates),
B1,pchip,M2,block,90.0,T+F,T,skill,-1.2544265315620637,-0.7493344432739673,1.4658861792567524,-1.9903258851289325,-0.6443032618405676,20,percentile bootstrap over scenario_id (1000 replicates),
B1,pchip,M2,block,90.0,T+F+L,T,MAE,1.3597517937903698,1.0964688851322801,0.7596722234742161,1.0552770430255451,1.6927399668970802,20,percentile bootstrap over scenario_id (1000 replicates),
B1,pchip,M2,block,90.0,T+F+L,T,RMSE,1.5973924930408248,1.3657978570215525,0.8422864004668025,1.269572488682026,1.987522360340611,20,percentile bootstrap over scenario_id (1000 replicates),
B1,pchip,M2,block,90.0,T+F+L,T,skill,-1.2544265315620637,-0.7493344432739673,1.4658861792567524,-1.8724754293455828,-0.698520179315449,20,percentile bootstrap over scenario_id (1000 replicates),
B1,pchip,M2,block,90.0,T+L,T,MAE,1.3597517937903698,1.0964688851322801,0.7596722234742161,1.0600708750424908,1.7004818587688544,20,percentile bootstrap over scenario_id (1000 replicates),
B1,pchip,M2,block,90.0,T+L,T,RMSE,1.5973924930408248,1.3657978570215525,0.8422864004668025,1.270769115902477,2.011856818107086,20,percentile bootstrap over scenario_id (1000 replicates),
B1,pchip,M2,block,90.0,T+L,T,skill,-1.2544265315620637,-0.7493344432739673,1.4658861792567524,-1.9261877739030477,-0.6850370417051451,20,percentile bootstrap over scenario_id (1000 replicates),
B1,pchip,M2,block,180.0,T,T,MAE,2.4800409098736673,1.9765791465830815,1.4693509958479274,1.8547113058434528,3.116629224942015,20,percentile bootstrap over scenario_id (1000 replicates),
B1,pchip,M2,block,180.0,T,T,RMSE,2.8905198165023362,2.2697280336783323,1.6062462718658874,2.2203491937998914,3.6185262099295183,20,percentile bootstrap over scenario_id (1000 replicates),
B1,pchip,M2,block,180.0,T,T,skill,-2.8191383441315074,-1.8053866760875985,2.9030294212578642,-4.067854005571491,-1.6353364840509346,20,percentile bootstrap over scenario_id (1000 replicates),
B1,pchip,M2,block,180.0,T+F,T,MAE,2.4800409098736673,1.9765791465830815,1.4693509958479274,1.85596644980283,3.1265581305050003,20,percentile bootstrap over scenario_id (1000 replicates),
B1,pchip,M2,block,180.0,T+F,T,RMSE,2.8905198165023362,2.2697280336783323,1.6062462718658874,2.2117045857207565,3.5673421411939366,20,percentile bootstrap over scenario_id (1000 replicates),
B1,pchip,M2,block,180.0,T+F,T,skill,-2.8191383441315074,-1.8053866760875985,2.9030294212578642,-4.092179786589294,-1.7084511864530119,20,percentile bootstrap over scenario_id (1000 replicates),
B1,pchip,M2,block,180.0,T+F+L,T,MAE,2.4800409098736673,1.9765791465830815,1.4693509958479274,1.8705669810510148,3.1708015297961794,20,percentile bootstrap over scenario_id (1000 replicates),
B1,pchip,M2,block,180.0,T+F+L,T,RMSE,2.8905198165023362,2.2697280336783323,1.6062462718658874,2.229010878879207,3.5528277812968816,20,percentile bootstrap over scenario_id (1000 replicates),
B1,pchip,M2,block,180.0,T+F+L,T,skill,-2.8191383441315074,-1.8053866760875985,2.9030294212578642,-4.204530883584454,-1.6472108721962622,20,percentile bootstrap over scenario_id (1000 replicates),
B1,pchip,M2,block,180.0,T+L,T,MAE,2.4800409098736673,1.9765791465830815,1.4693509958479274,1.9114276749635462,3.0826567917350687,20,percentile bootstrap over scenario_id (1000 replicates),
B1,pchip,M2,block,180.0,T+L,T,RMSE,2.8905198165023362,2.2697280336783323,1.6062462718658874,2.1973802568086933,3.5562239469791685,20,percentile bootstrap over scenario_id (1000 replicates),
B1,pchip,M2,block,180.0,T+L,T,skill,-2.8191383441315074,-1.8053866760875985,2.9030294212578642,-4.199817288352369,-1.7020568916364327,20,percentile bootstrap over scenario_id (1000 replicates),
B1,pchip,M3,multiblock,10.0,T,T,MAE,0.2562947222391496,0.2286292983605161,0.09516338655925703,0.21896679877885727,0.2999432170629142,20,percentile bootstrap over scenario_id (1000 replicates),
B1,pchip,M3,multiblock,10.0,T,T,RMSE,0.31405323076160985,0.28021802958086073,0.1088710720947118,0.27114061623268165,0.36345064858699594,20,percentile bootstrap over scenario_id (1000 replicates),
B1,pchip,M3,multiblock,10.0,T,T,skill,0.6531890999024949,0.7370768361840064,0.23423310708219283,0.5469830140546562,0.7414523144430474,20,percentile bootstrap over scenario_id (1000 replicates),
B1,pchip,M3,multiblock,10.0,T+F,T,MAE,0.2562947222391496,0.2286292983605161,0.09516338655925703,0.2168772732206476,0.3050810013131024,20,percentile bootstrap over scenario_id (1000 replicates),
B1,pchip,M3,multiblock,10.0,T+F,T,RMSE,0.31405323076160985,0.28021802958086073,0.1088710720947118,0.2728580635470747,0.3626142101911689,20,percentile bootstrap over scenario_id (1000 replicates),
B1,pchip,M3,multiblock,10.0,T+F,T,skill,0.6531890999024949,0.7370768361840064,0.23423310708219283,0.5432661920653531,0.7519219203619051,20,percentile bootstrap over scenario_id (1000 replicates),
B1,pchip,M3,multiblock,10.0,T+F+L,T,MAE,0.2562947222391496,0.2286292983605161,0.09516338655925703,0.21855470483375322,0.298984574733719,20,percentile bootstrap over scenario_id (1000 replicates),
B1,pchip,M3,multiblock,10.0,T+F+L,T,RMSE,0.31405323076160985,0.28021802958086073,0.1088710720947118,0.2696679187335905,0.3582360749794959,20,percentile bootstrap over scenario_id (1000 replicates),
B1,pchip,M3,multiblock,10.0,T+F+L,T,skill,0.6531890999024949,0.7370768361840064,0.23423310708219283,0.5426046620769359,0.7437313072466851,20,percentile bootstrap over scenario_id (1000 replicates),
B1,pchip,M3,multiblock,10.0,T+L,T,MAE,0.2562947222391496,0.2286292983605161,0.09516338655925703,0.21694656573223145,0.29711023230147954,20,percentile bootstrap over scenario_id (1000 replicates),
B1,pchip,M3,multiblock,10.0,T+L,T,RMSE,0.31405323076160985,0.28021802958086073,0.1088710720947118,0.26861298246484205,0.36228428636758175,20,percentile bootstrap over scenario_id (1000 replicates),
B1,pchip,M3,multiblock,10.0,T+L,T,skill,0.6531890999024949,0.7370768361840064,0.23423310708219283,0.5474873343810144,0.741449940990838,20,percentile bootstrap over scenario_id (1000 replicates),
B1,pchip,M3,multiblock,30.0,T,T,MAE,0.359783731836003,0.3390877621970765,0.12358572015280887,0.31216703130715606,0.42078581710109936,20,percentile bootstrap over scenario_id (1000 replicates),
B1,pchip,M3,multiblock,30.0,T,T,RMSE,0.46087775129373265,0.43598919338066155,0.15029567149215456,0.4048951581102306,0.5328289212393852,20,percentile bootstrap over scenario_id (1000 replicates),
B1,pchip,M3,multiblock,30.0,T,T,skill,0.50011241643928,0.5047207095965256,0.206460978188741,0.3981056467166895,0.5902694596798509,20,percentile bootstrap over scenario_id (1000 replicates),
B1,pchip,M3,multiblock,30.0,T+F,T,MAE,0.359783731836003,0.3390877621970765,0.12358572015280887,0.3101817989312987,0.41543227584417863,20,percentile bootstrap over scenario_id (1000 replicates),
B1,pchip,M3,multiblock,30.0,T+F,T,RMSE,0.46087775129373265,0.43598919338066155,0.15029567149215456,0.4009218088163712,0.5335142937058296,20,percentile bootstrap over scenario_id (1000 replicates),
B1,pchip,M3,multiblock,30.0,T+F,T,skill,0.50011241643928,0.5047207095965256,0.206460978188741,0.40774854987156134,0.5852765980405868,20,percentile bootstrap over scenario_id (1000 replicates),
B1,pchip,M3,multiblock,30.0,T+F+L,T,MAE,0.359783731836003,0.3390877621970765,0.12358572015280887,0.3139579469665401,0.4137408833824507,20,percentile bootstrap over scenario_id (1000 replicates),
B1,pchip,M3,multiblock,30.0,T+F+L,T,RMSE,0.46087775129373265,0.43598919338066155,0.15029567149215456,0.397343683509896,0.5264213381683683,20,percentile bootstrap over scenario_id (1000 replicates),
B1,pchip,M3,multiblock,30.0,T+F+L,T,skill,0.50011241643928,0.5047207095965256,0.206460978188741,0.41639708417515675,0.5898044881576676,20,percentile bootstrap over scenario_id (1000 replicates),
B1,pchip,M3,multiblock,30.0,T+L,T,MAE,0.359783731836003,0.3390877621970765,0.12358572015280887,0.3098402175860769,0.4126377864197455,20,percentile bootstrap over scenario_id (1000 replicates),
B1,pchip,M3,multiblock,30.0,T+L,T,RMSE,0.46087775129373265,0.43598919338066155,0.15029567149215456,0.4006448813141487,0.5252524599987592,20,percentile bootstrap over scenario_id (1000 replicates),
B1,pchip,M3,multiblock,30.0,T+L,T,skill,0.50011241643928,0.5047207095965256,0.206460978188741,0.4118265625638026,0.5858425471864314,20,percentile bootstrap over scenario_id (1000 replicates),
B1,pchip,M3,multiblock,90.0,T,T,MAE,0.7429780265863763,0.8082434941471852,0.2048263192861487,0.6525243230379143,0.8258235053824766,20,percentile bootstrap over scenario_id (1000 replicates),
B1,pchip,M3,multiblock,90.0,T,T,RMSE,0.9578437003255967,1.0106550395757739,0.2651085438238299,0.8378944537961192,1.069195990837874,20,percentile bootstrap over scenario_id (1000 replicates),
B1,pchip,M3,multiblock,90.0,T,T,skill,0.05837341994479976,0.1370340203410932,0.2800228428609043,-0.07055071181696419,0.17636952107212664,20,percentile bootstrap over scenario_id (1000 replicates),
B1,pchip,M3,multiblock,90.0,T+F,T,MAE,0.7429780265863763,0.8082434941471852,0.2048263192861487,0.6578913197543612,0.8289840747946438,20,percentile bootstrap over scenario_id (1000 replicates),
B1,pchip,M3,multiblock,90.0,T+F,T,RMSE,0.9578437003255967,1.0106550395757739,0.2651085438238299,0.8378975251371362,1.0783337605967238,20,percentile bootstrap over scenario_id (1000 replicates),
B1,pchip,M3,multiblock,90.0,T+F,T,skill,0.05837341994479976,0.1370340203410932,0.2800228428609043,-0.061044935647179124,0.17419818878942914,20,percentile bootstrap over scenario_id (1000 replicates),
B1,pchip,M3,multiblock,90.0,T+F+L,T,MAE,0.7429780265863763,0.8082434941471852,0.2048263192861487,0.6563037441700929,0.823893041942034,20,percentile bootstrap over scenario_id (1000 replicates),
B1,pchip,M3,multiblock,90.0,T+F+L,T,RMSE,0.9578437003255967,1.0106550395757739,0.2651085438238299,0.8382388102502707,1.0625862614525885,20,percentile bootstrap over scenario_id (1000 replicates),
B1,pchip,M3,multiblock,90.0,T+F+L,T,skill,0.05837341994479976,0.1370340203410932,0.2800228428609043,-0.06629687336955134,0.17301297243227673,20,percentile bootstrap over scenario_id (1000 replicates),
B1,pchip,M3,multiblock,90.0,T+L,T,MAE,0.7429780265863763,0.8082434941471852,0.2048263192861487,0.6512659704920999,0.8352691260641534,20,percentile bootstrap over scenario_id (1000 replicates),
B1,pchip,M3,multiblock,90.0,T+L,T,RMSE,0.9578437003255967,1.0106550395757739,0.2651085438238299,0.844391873513676,1.0647086871510811,20,percentile bootstrap over scenario_id (1000 replicates),
B1,pchip,M3,multiblock,90.0,T+L,T,skill,0.05837341994479976,0.1370340203410932,0.2800228428609043,-0.0604634392283116,0.173283214907713,20,percentile bootstrap over scenario_id (1000 replicates),
B1,pchip,M3,multiblock,180.0,T,T,MAE,1.0754702503056432,1.1207867220469903,0.31718427553029227,0.9417283887486366,1.2136351724070966,20,percentile bootstrap over scenario_id (1000 replicates),
B1,pchip,M3,multiblock,180.0,T,T,RMSE,1.3759296532638285,1.388166423176508,0.4337626309961558,1.1978543455336048,1.5718904101412225,20,percentile bootstrap over scenario_id (1000 replicates),
B1,pchip,M3,multiblock,180.0,T,T,skill,-0.18462672466209284,-0.09398044275224948,0.38185148433531757,-0.35830454917329285,-0.032676569828871155,20,percentile bootstrap over scenario_id (1000 replicates),
B1,pchip,M3,multiblock,180.0,T+F,T,MAE,1.0754702503056432,1.1207867220469903,0.31718427553029227,0.9504766610679921,1.219600889012925,20,percentile bootstrap over scenario_id (1000 replicates),
B1,pchip,M3,multiblock,180.0,T+F,T,RMSE,1.3759296532638285,1.388166423176508,0.4337626309961558,1.1838008590115587,1.570020480295653,20,percentile bootstrap over scenario_id (1000 replicates),
B1,pchip,M3,multiblock,180.0,T+F,T,skill,-0.18462672466209284,-0.09398044275224948,0.38185148433531757,-0.35498198553615656,-0.027088256535899583,20,percentile bootstrap over scenario_id (1000 replicates),
B1,pchip,M3,multiblock,180.0,T+F+L,T,MAE,1.0754702503056432,1.1207867220469903,0.31718427553029227,0.9463262159699025,1.211212509661448,20,percentile bootstrap over scenario_id (1000 replicates),
B1,pchip,M3,multiblock,180.0,T+F+L,T,RMSE,1.3759296532638285,1.388166423176508,0.4337626309961558,1.1885539917870622,1.5783982162263819,20,percentile bootstrap over scenario_id (1000 replicates),
B1,pchip,M3,multiblock,180.0,T+F+L,T,skill,-0.18462672466209284,-0.09398044275224948,0.38185148433531757,-0.35593777064264376,-0.015514218599984064,20,percentile bootstrap over scenario_id (1000 replicates),
B1,pchip,M3,multiblock,180.0,T+L,T,MAE,1.0754702503056432,1.1207867220469903,0.31718427553029227,0.9425189317700304,1.2061917383112128,20,percentile bootstrap over scenario_id (1000 replicates),
B1,pchip,M3,multiblock,180.0,T+L,T,RMSE,1.3759296532638285,1.388166423176508,0.4337626309961558,1.1944538230154262,1.5662990349565873,20,percentile bootstrap over scenario_id (1000 replicates),
B1,pchip,M3,multiblock,180.0,T+L,T,skill,-0.18462672466209284,-0.09398044275224948,0.38185148433531757,-0.34933936500158363,-0.0363504308945227,20,percentile bootstrap over scenario_id (1000 replicates),
B1,random_forest,M2,block,10.0,T,T,MAE,0.4306379535283436,0.31512453053346706,0.29133557559435175,0.3215956121145096,0.5703803462944871,20,percentile bootstrap over scenario_id (1000 replicates),
B1,random_forest,M2,block,10.0,T,T,RMSE,0.4980280707948753,0.4067450239942003,0.300226200917055,0.38011790614220003,0.6385316258216679,20,percentile bootstrap over scenario_id (1000 replicates),
B1,random_forest,M2,block,10.0,T,T,skill,0.26419013069799513,0.3296373960637552,0.36264397639043877,0.09787287896090728,0.4040460135967083,20,percentile bootstrap over scenario_id (1000 replicates),
B1,random_forest,M2,block,10.0,T+F,T,MAE,0.40432797548623967,0.2976153019883666,0.26156236846282005,0.3022833528439487,0.5186670086099147,20,percentile bootstrap over scenario_id (1000 replicates),
B1,random_forest,M2,block,10.0,T+F,T,RMSE,0.4741360922603083,0.3655565583758136,0.27440481603315026,0.3706728689860197,0.5970798600614117,20,percentile bootstrap over scenario_id (1000 replicates),
B1,random_forest,M2,block,10.0,T+F,T,skill,0.28209101688491467,0.36092103504264045,0.40229754352954306,0.10193253856156788,0.42690791322924526,20,percentile bootstrap over scenario_id (1000 replicates),
B1,random_forest,M2,block,10.0,T+F+L,T,MAE,0.41741671333304414,0.3203628241069376,0.2592740969541669,0.3156933614000394,0.5366962242685395,20,percentile bootstrap over scenario_id (1000 replicates),
B1,random_forest,M2,block,10.0,T+F+L,T,RMSE,0.4881299543127294,0.3879331927359655,0.27607368436775054,0.37377164191168794,0.6092582120387094,20,percentile bootstrap over scenario_id (1000 replicates),
B1,random_forest,M2,block,10.0,T+F+L,T,skill,0.23828257038923573,0.3068532192720744,0.4559821633589169,0.01125201002283859,0.41447722232163503,20,percentile bootstrap over scenario_id (1000 replicates),
B1,random_forest,M2,block,10.0,T+L,T,MAE,0.42264109088646123,0.3035505851084187,0.2752861006317207,0.316494357007251,0.5526935692527878,20,percentile bootstrap over scenario_id (1000 replicates),
B1,random_forest,M2,block,10.0,T+L,T,RMSE,0.49136777728657555,0.3689739598386063,0.28687050546520604,0.3737235764340685,0.6262107194361339,20,percentile bootstrap over scenario_id (1000 replicates),
B1,random_forest,M2,block,10.0,T+L,T,skill,0.25611989408007096,0.36236538853056743,0.4132105229545347,0.06721295650166717,0.4207291508416909,20,percentile bootstrap over scenario_id (1000 replicates),
B1,random_forest,M2,block,30.0,T,T,MAE,0.4724939308131605,0.39227542319955633,0.23365904355964356,0.38068587201092235,0.5762744284468806,20,percentile bootstrap over scenario_id (1000 replicates),
B1,random_forest,M2,block,30.0,T,T,RMSE,0.5625764175747979,0.48205425151262354,0.2496576061303426,0.45856625561780123,0.670284193921738,20,percentile bootstrap over scenario_id (1000 replicates),
B1,random_forest,M2,block,30.0,T,T,skill,0.3036464771107471,0.41176283673671266,0.24072510773834824,0.19376566470855963,0.40667003823976006,20,percentile bootstrap over scenario_id (1000 replicates),
B1,random_forest,M2,block,30.0,T+F,T,MAE,0.44611549632903175,0.39270611557362456,0.20616007105490375,0.3601999982553624,0.5402115093525786,20,percentile bootstrap over scenario_id (1000 replicates),
B1,random_forest,M2,block,30.0,T+F,T,RMSE,0.5369813100273092,0.48564951608786805,0.22584455923118135,0.4410434171629208,0.6337818358284661,20,percentile bootstrap over scenario_id (1000 replicates),
B1,random_forest,M2,block,30.0,T+F,T,skill,0.33528247971168873,0.4275843469181024,0.2252600249584432,0.22849325581523391,0.42613065005699124,20,percentile bootstrap over scenario_id (1000 replicates),
B1,random_forest,M2,block,30.0,T+F+L,T,MAE,0.44494617493344124,0.4240887288729083,0.19161143065966824,0.36499076421034204,0.5242667847962547,20,percentile bootstrap over scenario_id (1000 replicates),
B1,random_forest,M2,block,30.0,T+F+L,T,RMSE,0.5349639564020563,0.5110703069146996,0.21062345337734883,0.4416545445619152,0.6217289342469006,20,percentile bootstrap over scenario_id (1000 replicates),
B1,random_forest,M2,block,30.0,T+F+L,T,skill,0.3208127842358436,0.4253314205094801,0.2547669768912302,0.21026164702152583,0.43209081990833764,20,percentile bootstrap over scenario_id (1000 replicates),
B1,random_forest,M2,block,30.0,T+L,T,MAE,0.4507984057445795,0.38972918058828016,0.21206305707452008,0.36870797759514085,0.5498221413015655,20,percentile bootstrap over scenario_id (1000 replicates),
B1,random_forest,M2,block,30.0,T+L,T,RMSE,0.5396225677758814,0.4791540697690557,0.22630174411345563,0.44756842021047244,0.6296119329386399,20,percentile bootstrap over scenario_id (1000 replicates),
B1,random_forest,M2,block,30.0,T+L,T,skill,0.3294073827974041,0.4349741511089545,0.23616892233502784,0.23023680908189312,0.4249180284656864,20,percentile bootstrap over scenario_id (1000 replicates),
B1,random_forest,M2,block,90.0,T,T,MAE,0.47939031669208265,0.4774220315936618,0.15345959517843166,0.4126299300343829,0.543604397710549,20,percentile bootstrap over scenario_id (1000 replicates),
B1,random_forest,M2,block,90.0,T,T,RMSE,0.5890760387920496,0.6052276349125335,0.1752971427706414,0.5100812693092484,0.667202368577321,20,percentile bootstrap over scenario_id (1000 replicates),
B1,random_forest,M2,block,90.0,T,T,skill,0.24966932833449276,0.2922949236037548,0.1978089448750324,0.1707466691854589,0.32980279047858135,20,percentile bootstrap over scenario_id (1000 replicates),
B1,random_forest,M2,block,90.0,T+F,T,MAE,0.46067634796569407,0.4358388295244822,0.13493845080550604,0.40039294403852504,0.5175933775889777,20,percentile bootstrap over scenario_id (1000 replicates),
B1,random_forest,M2,block,90.0,T+F,T,RMSE,0.5623335867789605,0.5571210294791399,0.15574492286685482,0.4920373337948514,0.6265563116139882,20,percentile bootstrap over scenario_id (1000 replicates),
B1,random_forest,M2,block,90.0,T+F,T,skill,0.26450078040676306,0.3262129285708242,0.2222120039805648,0.1755558285168859,0.35400397254944727,20,percentile bootstrap over scenario_id (1000 replicates),
B1,random_forest,M2,block,90.0,T+F+L,T,MAE,0.45947796760985005,0.4393136828018045,0.13255465160202565,0.40916569421316246,0.5165195858062297,20,percentile bootstrap over scenario_id (1000 replicates),
B1,random_forest,M2,block,90.0,T+F+L,T,RMSE,0.5598119464428886,0.5459845966750869,0.15310224980243559,0.4921665066980807,0.624923665479186,20,percentile bootstrap over scenario_id (1000 replicates),
B1,random_forest,M2,block,90.0,T+F+L,T,skill,0.2617066614552134,0.29589050968101704,0.23346367992751724,0.1615253071716908,0.3627964635737773,20,percentile bootstrap over scenario_id (1000 replicates),
B1,random_forest,M2,block,90.0,T+L,T,MAE,0.4599178717980138,0.44335652290315897,0.14054600016833133,0.39984825636292,0.5161418933065224,20,percentile bootstrap over scenario_id (1000 replicates),
B1,random_forest,M2,block,90.0,T+L,T,RMSE,0.5651647592663881,0.5636635094671609,0.1606834755926346,0.4995437684551906,0.6260554992767268,20,percentile bootstrap over scenario_id (1000 replicates),
B1,random_forest,M2,block,90.0,T+L,T,skill,0.27043472377624544,0.3068550992373445,0.21687539727753727,0.18699317833025592,0.35854347691344157,20,percentile bootstrap over scenario_id (1000 replicates),
B1,random_forest,M2,block,180.0,T,T,MAE,0.5061928915687719,0.5161453766120894,0.08943308697231682,0.4697924696575296,0.544349710141687,20,percentile bootstrap over scenario_id (1000 replicates),
B1,random_forest,M2,block,180.0,T,T,RMSE,0.6342914649366785,0.6426822627377208,0.09643694171662763,0.5950087285497219,0.6748395162780189,20,percentile bootstrap over scenario_id (1000 replicates),
B1,random_forest,M2,block,180.0,T,T,skill,0.24775314012613844,0.31769294201388176,0.19805058192636515,0.1625381316156106,0.32593771886050327,20,percentile bootstrap over scenario_id (1000 replicates),
B1,random_forest,M2,block,180.0,T+F,T,MAE,0.4846145186717843,0.48648468912958276,0.06884043374632136,0.4555533520507308,0.5139026951089793,20,percentile bootstrap over scenario_id (1000 replicates),
B1,random_forest,M2,block,180.0,T+F,T,RMSE,0.6038417481947265,0.613796346266896,0.07444339309874506,0.5723702962959388,0.6354049904996725,20,percentile bootstrap over scenario_id (1000 replicates),
B1,random_forest,M2,block,180.0,T+F,T,skill,0.27316392457059263,0.3576091071995103,0.20792828139451305,0.1810207492054764,0.3553632464572622,20,percentile bootstrap over scenario_id (1000 replicates),
B1,random_forest,M2,block,180.0,T+F+L,T,MAE,0.48051420053661686,0.49003441061902575,0.06468821921551714,0.4539285092086024,0.5075324096189509,20,percentile bootstrap over scenario_id (1000 replicates),
B1,random_forest,M2,block,180.0,T+F+L,T,RMSE,0.5979099354839719,0.6066765587904888,0.06988257886501306,0.5675325655148649,0.630476646840565,20,percentile bootstrap over scenario_id (1000 replicates),
B1,random_forest,M2,block,180.0,T+F+L,T,skill,0.27752932684706827,0.35074380148494333,0.20939278721210886,0.17413290567097758,0.3646645977859787,20,percentile bootstrap over scenario_id (1000 replicates),
B1,random_forest,M2,block,180.0,T+L,T,MAE,0.47992202459896866,0.47640581484136785,0.0721936555209166,0.44878538719427163,0.5102802172835066,20,percentile bootstrap over scenario_id (1000 replicates),
B1,random_forest,M2,block,180.0,T+L,T,RMSE,0.6023203935134438,0.6055191100462944,0.07822590304421989,0.5688296442333569,0.6365524021011749,20,percentile bootstrap over scenario_id (1000 replicates),
B1,random_forest,M2,block,180.0,T+L,T,skill,0.28025751001335725,0.36593484505744583,0.20462583210330682,0.19026900790739548,0.36707916533306173,20,percentile bootstrap over scenario_id (1000 replicates),
B1,random_forest,M3,multiblock,10.0,T,T,MAE,0.6080701501401141,0.6021993101344363,0.16431302345178533,0.5382138788026811,0.6774592568960995,20,percentile bootstrap over scenario_id (1000 replicates),
B1,random_forest,M3,multiblock,10.0,T,T,RMSE,0.7148609133817097,0.6960322370985218,0.18726770918638427,0.641825351657488,0.7970737944745133,20,percentile bootstrap over scenario_id (1000 replicates),
B1,random_forest,M3,multiblock,10.0,T,T,skill,0.25678858467131843,0.21394535363811734,0.2508127034140378,0.15127678803071332,0.35766852298585444,20,percentile bootstrap over scenario_id (1000 replicates),
B1,random_forest,M3,multiblock,10.0,T+F,T,MAE,0.6005044711522334,0.5969862039367694,0.15124699272258568,0.5375696800941429,0.6661482397805512,20,percentile bootstrap over scenario_id (1000 replicates),
B1,random_forest,M3,multiblock,10.0,T+F,T,RMSE,0.7057369497609409,0.6821162789955728,0.17464415551536797,0.6299449361428711,0.7790118839053904,20,percentile bootstrap over scenario_id (1000 replicates),
B1,random_forest,M3,multiblock,10.0,T+F,T,skill,0.260597460313882,0.26369638136414797,0.2594550297403278,0.13668458529246874,0.37173103167592475,20,percentile bootstrap over scenario_id (1000 replicates),
B1,random_forest,M3,multiblock,10.0,T+F+L,T,MAE,0.5966583902554763,0.5998944978682437,0.1553100801711911,0.5306803559803785,0.6588699113612961,20,percentile bootstrap over scenario_id (1000 replicates),
B1,random_forest,M3,multiblock,10.0,T+F+L,T,RMSE,0.7028294409384497,0.7027194868632274,0.18035358175680358,0.6287296444766289,0.7771326078631838,20,percentile bootstrap over scenario_id (1000 replicates),
B1,random_forest,M3,multiblock,10.0,T+F+L,T,skill,0.26521237414309434,0.29186141589104586,0.25294128057722687,0.1609111980276729,0.3751078790359711,20,percentile bootstrap over scenario_id (1000 replicates),
B1,random_forest,M3,multiblock,10.0,T+L,T,MAE,0.5873591131000383,0.5790951755136775,0.16594104083332561,0.517911494490532,0.6620681164342483,20,percentile bootstrap over scenario_id (1000 replicates),
B1,random_forest,M3,multiblock,10.0,T+L,T,RMSE,0.6921934834806903,0.6823453790456362,0.19418988015348115,0.6082443592051978,0.7721879159391436,20,percentile bootstrap over scenario_id (1000 replicates),
B1,random_forest,M3,multiblock,10.0,T+L,T,skill,0.2856880607847952,0.2630550498398958,0.23210921841316068,0.18574062787423534,0.3840943417985573,20,percentile bootstrap over scenario_id (1000 replicates),
B1,random_forest,M3,multiblock,30.0,T,T,MAE,0.537999778317804,0.528856781421356,0.12431780717784877,0.48703970642956507,0.595789388974707,20,percentile bootstrap over scenario_id (1000 replicates),
B1,random_forest,M3,multiblock,30.0,T,T,RMSE,0.6514471816161146,0.6336362772210575,0.1307407010617804,0.5953203188872811,0.7086091256705239,20,percentile bootstrap over scenario_id (1000 replicates),
B1,random_forest,M3,multiblock,30.0,T,T,skill,0.2592265175525318,0.2859822477966745,0.25873756359707606,0.1442529329839421,0.36131566648405705,20,percentile bootstrap over scenario_id (1000 replicates),
B1,random_forest,M3,multiblock,30.0,T+F,T,MAE,0.510275154055048,0.495543472009763,0.11127011173978127,0.46278821616981874,0.5588245620195331,20,percentile bootstrap over scenario_id (1000 replicates),
B1,random_forest,M3,multiblock,30.0,T+F,T,RMSE,0.6189242415279107,0.6052302203466313,0.12370225829313343,0.5663448040263307,0.6775436189014553,20,percentile bootstrap over scenario_id (1000 replicates),
B1,random_forest,M3,multiblock,30.0,T+F,T,skill,0.29144960715852425,0.32305909551865686,0.25360512947938535,0.18109065168093483,0.389342013666313,20,percentile bootstrap over scenario_id (1000 replicates),
B1,random_forest,M3,multiblock,30.0,T+F+L,T,MAE,0.5025036881878568,0.5026642543138049,0.11932150762791774,0.4492944525447355,0.5570801966593646,20,percentile bootstrap over scenario_id (1000 replicates),
B1,random_forest,M3,multiblock,30.0,T+F+L,T,RMSE,0.6055547333455839,0.6153771533566509,0.13692037025378703,0.5517564790558925,0.6677964466064396,20,percentile bootstrap over scenario_id (1000 replicates),
B1,random_forest,M3,multiblock,30.0,T+F+L,T,skill,0.29763981958174013,0.2777304988364614,0.26974435785028167,0.17776015063125244,0.4141454732892242,20,percentile bootstrap over scenario_id (1000 replicates),
B1,random_forest,M3,multiblock,30.0,T+L,T,MAE,0.5095336517831042,0.5172273184462299,0.11392231371228012,0.4610486260317514,0.5593482974666332,20,percentile bootstrap over scenario_id (1000 replicates),
B1,random_forest,M3,multiblock,30.0,T+L,T,RMSE,0.6186903540248296,0.6223164277289845,0.12688857994900768,0.5673168539222044,0.6758347978536282,20,percentile bootstrap over scenario_id (1000 replicates),
B1,random_forest,M3,multiblock,30.0,T+L,T,skill,0.29001941647984725,0.3664430861562445,0.269065964862063,0.17452865055053515,0.3941350556219009,20,percentile bootstrap over scenario_id (1000 replicates),
B1,random_forest,M3,multiblock,90.0,T,T,MAE,0.5498040524797364,0.5208742088912967,0.09343312083121345,0.506630981028925,0.5883967319957923,20,percentile bootstrap over scenario_id (1000 replicates),
B1,random_forest,M3,multiblock,90.0,T,T,RMSE,0.6795711181312953,0.6711317202918601,0.10045885064447041,0.634659140300209,0.7194873958049736,20,percentile bootstrap over scenario_id (1000 replicates),
B1,random_forest,M3,multiblock,90.0,T,T,skill,0.28966487205694114,0.3311081798966081,0.19783334375574785,0.1965764363611241,0.36413016194803166,20,percentile bootstrap over scenario_id (1000 replicates),
B1,random_forest,M3,multiblock,90.0,T+F,T,MAE,0.5124553981891635,0.5027064382319307,0.0814884642995251,0.47966500749627866,0.5464919410938405,20,percentile bootstrap over scenario_id (1000 replicates),
B1,random_forest,M3,multiblock,90.0,T+F,T,RMSE,0.627988872035621,0.6201042413000494,0.08935709921896925,0.5879401087152585,0.6657263037105428,20,percentile bootstrap over scenario_id (1000 replicates),
B1,random_forest,M3,multiblock,90.0,T+F,T,skill,0.3415034481041966,0.3330617122496212,0.15713460742504504,0.2724052417439945,0.4098177031356367,20,percentile bootstrap over scenario_id (1000 replicates),
B1,random_forest,M3,multiblock,90.0,T+F+L,T,MAE,0.5123070408988771,0.5119970610406952,0.07953232550897688,0.4789733280688327,0.5437973101196009,20,percentile bootstrap over scenario_id (1000 replicates),
B1,random_forest,M3,multiblock,90.0,T+F+L,T,RMSE,0.625461943555566,0.6347585710726782,0.08474893605449049,0.5898124580939771,0.6609277409244221,20,percentile bootstrap over scenario_id (1000 replicates),
B1,random_forest,M3,multiblock,90.0,T+F+L,T,skill,0.3400510987626383,0.3451219070281311,0.16601559479997804,0.2668464584333184,0.40462902122296296,20,percentile bootstrap over scenario_id (1000 replicates),
B1,random_forest,M3,multiblock,90.0,T+L,T,MAE,0.5188250585304808,0.5191909985869291,0.08150519614325939,0.48504638165843483,0.5507734647479161,20,percentile bootstrap over scenario_id (1000 replicates),
B1,random_forest,M3,multiblock,90.0,T+L,T,RMSE,0.6420941622006009,0.6423858255319717,0.08806943934042404,0.6042952581606814,0.6793020449002617,20,percentile bootstrap over scenario_id (1000 replicates),
B1,random_forest,M3,multiblock,90.0,T+L,T,skill,0.3257789452253637,0.3454491960378278,0.19903389716502942,0.24540780338424936,0.4062458602314269,20,percentile bootstrap over scenario_id (1000 replicates),
B1,random_forest,M3,multiblock,180.0,T,T,MAE,0.5417211992939341,0.5636294866454875,0.08694905397020512,0.505551877360136,0.5769277842983058,20,percentile bootstrap over scenario_id (1000 replicates),
B1,random_forest,M3,multiblock,180.0,T,T,RMSE,0.6749639675410288,0.7009353921034578,0.08596291729946,0.6379495715721177,0.7103050060580948,20,percentile bootstrap over scenario_id (1000 replicates),
B1,random_forest,M3,multiblock,180.0,T,T,skill,0.4063075134556378,0.3968818156707027,0.09778499792387438,0.3641490867859118,0.4465226536651392,20,percentile bootstrap over scenario_id (1000 replicates),
B1,random_forest,M3,multiblock,180.0,T+F,T,MAE,0.5096459747780008,0.5151001568481037,0.07627820770457021,0.4759284426006869,0.5421116084222294,20,percentile bootstrap over scenario_id (1000 replicates),
B1,random_forest,M3,multiblock,180.0,T+F,T,RMSE,0.633285937561573,0.647848163278619,0.07629072721562045,0.6018739580495304,0.6634824243464716,20,percentile bootstrap over scenario_id (1000 replicates),
B1,random_forest,M3,multiblock,180.0,T+F,T,skill,0.44083149374730224,0.44815722399557256,0.09158934645760307,0.3996537804623577,0.48229303281581043,20,percentile bootstrap over scenario_id (1000 replicates),
B1,random_forest,M3,multiblock,180.0,T+F+L,T,MAE,0.5035500445329637,0.5158555365689258,0.07330757562862081,0.47033404256513894,0.5348812295877922,20,percentile bootstrap over scenario_id (1000 replicates),
B1,random_forest,M3,multiblock,180.0,T+F+L,T,RMSE,0.6260557935144427,0.6443733452437118,0.0745312336356426,0.5948174605862485,0.6584723965522428,20,percentile bootstrap over scenario_id (1000 replicates),
B1,random_forest,M3,multiblock,180.0,T+F+L,T,skill,0.44686921727988593,0.4698361921949637,0.09206772031465808,0.40666519485604236,0.48496679966065603,20,percentile bootstrap over scenario_id (1000 replicates),
B1,random_forest,M3,multiblock,180.0,T+L,T,MAE,0.5104136873136672,0.522400111953288,0.07684364196935817,0.47637857663338595,0.5431437959027474,20,percentile bootstrap over scenario_id (1000 replicates),
B1,random_forest,M3,multiblock,180.0,T+L,T,RMSE,0.6377823350157981,0.6568046794023008,0.07739819833818361,0.6060895703793182,0.6698321508256366,20,percentile bootstrap over scenario_id (1000 replicates),
B1,random_forest,M3,multiblock,180.0,T+L,T,skill,0.4398512322297872,0.4465270224478073,0.09229633980470733,0.3997406322894408,0.48318425243449237,20,percentile bootstrap over scenario_id (1000 replicates),
B1,xgboost,M2,block,10.0,T,T,MAE,0.4667639672756196,0.37678445577621456,0.29332061091535416,0.3506378371119499,0.6031348512470722,20,percentile bootstrap over scenario_id (1000 replicates),
B1,xgboost,M2,block,10.0,T,T,RMSE,0.5258336153114674,0.44529410815457166,0.30539133969122195,0.4040060167008639,0.6616836530980823,20,percentile bootstrap over scenario_id (1000 replicates),
B1,xgboost,M2,block,10.0,T,T,skill,0.13559612515521263,0.2948790194879208,0.5501242762538036,-0.12108123737649192,0.3335355878581069,20,percentile bootstrap over scenario_id (1000 replicates),
B1,xgboost,M2,block,10.0,T+F,T,MAE,0.4356901389360427,0.39187486171722413,0.19331049184200405,0.3534815625697375,0.5234076813757419,20,percentile bootstrap over scenario_id (1000 replicates),
B1,xgboost,M2,block,10.0,T+F,T,RMSE,0.5076171175381667,0.44851660920124775,0.22112856981990686,0.41844090347334995,0.6025579264964823,20,percentile bootstrap over scenario_id (1000 replicates),
B1,xgboost,M2,block,10.0,T+F,T,skill,0.0965145216968409,0.23433594329166668,0.642819762107675,-0.20588562559287332,0.3392917131825803,20,percentile bootstrap over scenario_id (1000 replicates),
B1,xgboost,M2,block,10.0,T+F+L,T,MAE,0.43179642796516415,0.38544275760650637,0.19111052888711422,0.3580468796789646,0.5099901020228862,20,percentile bootstrap over scenario_id (1000 replicates),
B1,xgboost,M2,block,10.0,T+F+L,T,RMSE,0.5059324161370047,0.4370969281424288,0.2245513608497018,0.4194420556420771,0.6035556074252999,20,percentile bootstrap over scenario_id (1000 replicates),
B1,xgboost,M2,block,10.0,T+F+L,T,skill,0.09175133856952153,0.20425020104271802,0.6676481979716943,-0.20425107854618743,0.35801173797046937,20,percentile bootstrap over scenario_id (1000 replicates),
B1,xgboost,M2,block,10.0,T+L,T,MAE,0.4369733422994614,0.3544625759124756,0.2501946530640581,0.33695754566788677,0.5455542325675488,20,percentile bootstrap over scenario_id (1000 replicates),
B1,xgboost,M2,block,10.0,T+L,T,RMSE,0.498481271767083,0.43214210131759656,0.26161726293631876,0.39447437425662923,0.6162884998573886,20,percentile bootstrap over scenario_id (1000 replicates),
B1,xgboost,M2,block,10.0,T+L,T,skill,0.16709598218783056,0.35878614606761794,0.5559630435111158,-0.0920988360558227,0.3755739730044253,20,percentile bootstrap over scenario_id (1000 replicates),
B1,xgboost,M2,block,30.0,T,T,MAE,0.5167516944805781,0.4547948042551676,0.20200344479405732,0.43334268826742967,0.5991345084806284,20,percentile bootstrap over scenario_id (1000 replicates),
B1,xgboost,M2,block,30.0,T,T,RMSE,0.6066673545052195,0.5623379766281841,0.2215091032330164,0.5147336119279128,0.7088446395704358,20,percentile bootstrap over scenario_id (1000 replicates),
B1,xgboost,M2,block,30.0,T,T,skill,0.19402466000290472,0.2624724694473844,0.29588953697122433,0.07411612071400905,0.3191481915286978,20,percentile bootstrap over scenario_id (1000 replicates),
B1,xgboost,M2,block,30.0,T+F,T,MAE,0.49877908507982893,0.520118506749471,0.1352492064736452,0.44244778242707256,0.5567423206865787,20,percentile bootstrap over scenario_id (1000 replicates),
B1,xgboost,M2,block,30.0,T+F,T,RMSE,0.59186745391517,0.646349365824098,0.15870812630231396,0.526640137494595,0.6565444576567716,20,percentile bootstrap over scenario_id (1000 replicates),
B1,xgboost,M2,block,30.0,T+F,T,skill,0.17790177362884785,0.22457860425241521,0.34402632618267015,0.02409915636677059,0.32066378611254004,20,percentile bootstrap over scenario_id (1000 replicates),
B1,xgboost,M2,block,30.0,T+F+L,T,MAE,0.4890221357345581,0.5194944540659586,0.12844001003369318,0.4345692963997522,0.5450376693407694,20,percentile bootstrap over scenario_id (1000 replicates),
B1,xgboost,M2,block,30.0,T+F+L,T,RMSE,0.5838032595709397,0.6516881146552095,0.15370359807799075,0.5182479292927518,0.6480835283585153,20,percentile bootstrap over scenario_id (1000 replicates),
B1,xgboost,M2,block,30.0,T+F+L,T,skill,0.18701693408131131,0.20123151401097084,0.34948421748959,0.025420192403594683,0.32889189732731583,20,percentile bootstrap over scenario_id (1000 replicates),
B1,xgboost,M2,block,30.0,T+L,T,MAE,0.48173696676890054,0.43923031489054365,0.16228202505365952,0.41658144341905917,0.5491763948400816,20,percentile bootstrap over scenario_id (1000 replicates),
B1,xgboost,M2,block,30.0,T+L,T,RMSE,0.5699574579958274,0.5274100536659053,0.1852043572736811,0.4971665411580114,0.649729135212467,20,percentile bootstrap over scenario_id (1000 replicates),
B1,xgboost,M2,block,30.0,T+L,T,skill,0.23342156488690174,0.24984612050778227,0.2811303007838759,0.11605183709147637,0.349719444216104,20,percentile bootstrap over scenario_id (1000 replicates),
B1,xgboost,M2,block,90.0,T,T,MAE,0.5022711904181374,0.5024932278527154,0.13514878444556555,0.44451598262124603,0.5591438984870911,20,percentile bootstrap over scenario_id (1000 replicates),
B1,xgboost,M2,block,90.0,T,T,RMSE,0.6062373617580106,0.607394642320731,0.154581837241539,0.5440821126582442,0.672061660556841,20,percentile bootstrap over scenario_id (1000 replicates),
B1,xgboost,M2,block,90.0,T,T,skill,0.19785548544076026,0.22422200787817215,0.22906225712998027,0.09121295487031088,0.2878703910139332,20,percentile bootstrap over scenario_id (1000 replicates),
B1,xgboost,M2,block,90.0,T+F,T,MAE,0.48716046320067513,0.5108130878872341,0.11379235937118498,0.4352132816529936,0.5354128006498019,20,percentile bootstrap over scenario_id (1000 replicates),
B1,xgboost,M2,block,90.0,T+F,T,RMSE,0.5870876730043475,0.608926900763042,0.12970096910753232,0.5313656631054764,0.6400939580435959,20,percentile bootstrap over scenario_id (1000 replicates),
B1,xgboost,M2,block,90.0,T+F,T,skill,0.2013931065501747,0.1957106029916399,0.2553849470171308,0.09436403636567424,0.31242084701001316,20,percentile bootstrap over scenario_id (1000 replicates),
B1,xgboost,M2,block,90.0,T+F+L,T,MAE,0.4836373569567999,0.4945709228515625,0.11389110396870541,0.4348629361589749,0.5336831718401777,20,percentile bootstrap over scenario_id (1000 replicates),
B1,xgboost,M2,block,90.0,T+F+L,T,RMSE,0.5882243182612221,0.6206993132769305,0.13305942969966145,0.5304735331366606,0.6427172685696422,20,percentile bootstrap over scenario_id (1000 replicates),
B1,xgboost,M2,block,90.0,T+F+L,T,skill,0.20348381778746458,0.18657702125234538,0.2559161063794054,0.09955046347420499,0.326753510107163,20,percentile bootstrap over scenario_id (1000 replicates),
B1,xgboost,M2,block,90.0,T+L,T,MAE,0.47517231172985497,0.48259755505455865,0.11339425207411867,0.4207201394322846,0.5210779933068488,20,percentile bootstrap over scenario_id (1000 replicates),
B1,xgboost,M2,block,90.0,T+L,T,RMSE,0.5757566764048031,0.5819281451448886,0.1335056315149695,0.5177649493828269,0.6303887334017534,20,percentile bootstrap over scenario_id (1000 replicates),
B1,xgboost,M2,block,90.0,T+L,T,skill,0.22819198071565366,0.2772529786539535,0.24000002343081614,0.12249468779627498,0.3247762187587331,20,percentile bootstrap over scenario_id (1000 replicates),
B1,xgboost,M2,block,180.0,T,T,MAE,0.5175731349322531,0.5199417458640205,0.07013237724126538,0.48679217954973386,0.5479652527297537,20,percentile bootstrap over scenario_id (1000 replicates),
B1,xgboost,M2,block,180.0,T,T,RMSE,0.6359500522855791,0.6293185670033281,0.07988388543946703,0.6021213308104714,0.6676773322402415,20,percentile bootstrap over scenario_id (1000 replicates),
B1,xgboost,M2,block,180.0,T,T,skill,0.22526639654476938,0.2826551595089818,0.20210719967163127,0.1384173925122782,0.31069066356083513,20,percentile bootstrap over scenario_id (1000 replicates),
B1,xgboost,M2,block,180.0,T+F,T,MAE,0.5021118085251913,0.5077972892257903,0.052545993313513624,0.4816848546548023,0.5254548964566654,20,percentile bootstrap over scenario_id (1000 replicates),
B1,xgboost,M2,block,180.0,T+F,T,RMSE,0.615448329352605,0.6159789137334672,0.05666230374578879,0.5918341377959181,0.6369741339391934,20,percentile bootstrap over scenario_id (1000 replicates),
B1,xgboost,M2,block,180.0,T+F,T,skill,0.2431872746995926,0.2824309275466947,0.20747084458584833,0.15311632087466287,0.32900535210929804,20,percentile bootstrap over scenario_id (1000 replicates),
B1,xgboost,M2,block,180.0,T+F+L,T,MAE,0.4987530912624466,0.5018175562222799,0.051149726451917586,0.4758694554766019,0.521009223451217,20,percentile bootstrap over scenario_id (1000 replicates),
B1,xgboost,M2,block,180.0,T+F+L,T,RMSE,0.6182033276399488,0.6305189377408379,0.06046144685827249,0.5930085744388361,0.6446765628422493,20,percentile bootstrap over scenario_id (1000 replicates),
B1,xgboost,M2,block,180.0,T+F+L,T,skill,0.2495756624367087,0.2655915509896576,0.19579593486799768,0.17070396441734068,0.3222920914644227,20,percentile bootstrap over scenario_id (1000 replicates),
B1,xgboost,M2,block,180.0,T+L,T,MAE,0.48871763434675,0.48033097982406614,0.05498647245612976,0.46673886037203993,0.5135189325619075,20,percentile bootstrap over scenario_id (1000 replicates),
B1,xgboost,M2,block,180.0,T+L,T,RMSE,0.6019862312629066,0.5993783426801609,0.06373287344073778,0.5739510769436025,0.6311060604777068,20,percentile bootstrap over scenario_id (1000 replicates),
B1,xgboost,M2,block,180.0,T+L,T,skill,0.2636117737071817,0.304322862189406,0.20201803787510406,0.1846819549022524,0.34720473204834934,20,percentile bootstrap over scenario_id (1000 replicates),
B1,xgboost,M3,multiblock,10.0,T,T,MAE,0.620440543293953,0.622431892156601,0.19113089790678864,0.5440704379230736,0.7055741214752198,20,percentile bootstrap over scenario_id (1000 replicates),
B1,xgboost,M3,multiblock,10.0,T,T,RMSE,0.7283539349732252,0.7243525560123636,0.22691064111416853,0.63669351309437,0.8285700415107276,20,percentile bootstrap over scenario_id (1000 replicates),
B1,xgboost,M3,multiblock,10.0,T,T,skill,0.25235942192425803,0.24624740451156235,0.23499617743734103,0.15182341826204881,0.3458579738243268,20,percentile bootstrap over scenario_id (1000 replicates),
B1,xgboost,M3,multiblock,10.0,T+F,T,MAE,0.6025418877601625,0.5923447608947754,0.18800140159823245,0.5190181683897972,0.6806689737886191,20,percentile bootstrap over scenario_id (1000 replicates),
B1,xgboost,M3,multiblock,10.0,T+F,T,RMSE,0.7118753922703605,0.7435458997924584,0.22755387468575183,0.6137637957604274,0.8080573693748382,20,percentile bootstrap over scenario_id (1000 replicates),
B1,xgboost,M3,multiblock,10.0,T+F,T,skill,0.25857194769013575,0.288955419686891,0.2905080171990352,0.1386970382882869,0.37692318121448787,20,percentile bootstrap over scenario_id (1000 replicates),
B1,xgboost,M3,multiblock,10.0,T+F+L,T,MAE,0.5912645125389099,0.5976974904537201,0.2152671542504504,0.5059472086727619,0.6837717881649732,20,percentile bootstrap over scenario_id (1000 replicates),
B1,xgboost,M3,multiblock,10.0,T+F+L,T,RMSE,0.7053080471046999,0.7339937229628697,0.2521551505127224,0.5984802467317786,0.8162089954997391,20,percentile bootstrap over scenario_id (1000 replicates),
B1,xgboost,M3,multiblock,10.0,T+F+L,T,skill,0.2738269597960463,0.2438487603982728,0.30306695889986884,0.14603961938664692,0.39428680811566486,20,percentile bootstrap over scenario_id (1000 replicates),
B1,xgboost,M3,multiblock,10.0,T+L,T,MAE,0.5912535154819489,0.6275160968303681,0.19498701897639364,0.5114589689522981,0.6764869716912508,20,percentile bootstrap over scenario_id (1000 replicates),
B1,xgboost,M3,multiblock,10.0,T+L,T,RMSE,0.6988057005025338,0.703826865996231,0.2317837734906125,0.6020511312159574,0.7951706565504248,20,percentile bootstrap over scenario_id (1000 replicates),
B1,xgboost,M3,multiblock,10.0,T+L,T,skill,0.2910543788319316,0.24979404905798047,0.2196777333113866,0.1959186092469425,0.3803324018753147,20,percentile bootstrap over scenario_id (1000 replicates),
B1,xgboost,M3,multiblock,30.0,T,T,MAE,0.561822909116745,0.5303769787152608,0.15633908306018282,0.49815141241252414,0.6294228378087282,20,percentile bootstrap over scenario_id (1000 replicates),
B1,xgboost,M3,multiblock,30.0,T,T,RMSE,0.6640826398808146,0.6532781715601982,0.16327237137652587,0.596487429733252,0.7336052048532634,20,percentile bootstrap over scenario_id (1000 replicates),
B1,xgboost,M3,multiblock,30.0,T,T,skill,0.23396174681006382,0.33347634088198846,0.2735077176303295,0.11533235170440255,0.34303896107956616,20,percentile bootstrap over scenario_id (1000 replicates),
B1,xgboost,M3,multiblock,30.0,T+F,T,MAE,0.5186821230252584,0.4809825936953227,0.14470609403459497,0.4603926431934039,0.5829211384952069,20,percentile bootstrap over scenario_id (1000 replicates),
B1,xgboost,M3,multiblock,30.0,T+F,T,RMSE,0.6168580746933181,0.5760760072190045,0.1583996216965888,0.5538019191780013,0.6857357510998681,20,percentile bootstrap over scenario_id (1000 replicates),
B1,xgboost,M3,multiblock,30.0,T+F,T,skill,0.29159565898692297,0.343025594267252,0.25416248357571974,0.17868415747130484,0.3963891009977659,20,percentile bootstrap over scenario_id (1000 replicates),
B1,xgboost,M3,multiblock,30.0,T+F+L,T,MAE,0.5058678744236629,0.4559649308522542,0.15839636926070325,0.4419761795898279,0.5763552695761125,20,percentile bootstrap over scenario_id (1000 replicates),
B1,xgboost,M3,multiblock,30.0,T+F+L,T,RMSE,0.6041662532445897,0.5523031526689601,0.1795969842813329,0.5307340446738681,0.6863862778814512,20,percentile bootstrap over scenario_id (1000 replicates),
B1,xgboost,M3,multiblock,30.0,T+F+L,T,skill,0.3155759101409424,0.3006668468619498,0.2335459455186868,0.2080232951402552,0.4183266582212945,20,percentile bootstrap over scenario_id (1000 replicates),
B1,xgboost,M3,multiblock,30.0,T+L,T,MAE,0.5253507359822591,0.4914144118626912,0.14318116204717615,0.46401586271325745,0.5900121479332447,20,percentile bootstrap over scenario_id (1000 replicates),
B1,xgboost,M3,multiblock,30.0,T+L,T,RMSE,0.6226669257507573,0.599647344633645,0.15175764480986198,0.5632401864205246,0.694278391953945,20,percentile bootstrap over scenario_id (1000 replicates),
B1,xgboost,M3,multiblock,30.0,T+L,T,skill,0.2880204466533384,0.3368384984413213,0.23412772412930902,0.18869439440762492,0.38448686396640175,20,percentile bootstrap over scenario_id (1000 replicates),
B1,xgboost,M3,multiblock,90.0,T,T,MAE,0.5512371591726939,0.5378118462032742,0.08465345471922328,0.5170543795426688,0.5894699246452915,20,percentile bootstrap over scenario_id (1000 replicates),
B1,xgboost,M3,multiblock,90.0,T,T,RMSE,0.6671520332135449,0.6582133646489814,0.09075649192887597,0.6291696308803519,0.7035165250631599,20,percentile bootstrap over scenario_id (1000 replicates),
B1,xgboost,M3,multiblock,90.0,T,T,skill,0.2860040133581693,0.2894053326632017,0.19071063084689602,0.20521242319672356,0.36848683148843264,20,percentile bootstrap over scenario_id (1000 replicates),
B1,xgboost,M3,multiblock,90.0,T+F,T,MAE,0.5184575164980358,0.5120260583029853,0.07386927020640173,0.48635959984858823,0.5496367596470648,20,percentile bootstrap over scenario_id (1000 replicates),
B1,xgboost,M3,multiblock,90.0,T+F,T,RMSE,0.6295247275468043,0.6430748193439029,0.08337871975260629,0.592933081124776,0.6656949784977328,20,percentile bootstrap over scenario_id (1000 replicates),
B1,xgboost,M3,multiblock,90.0,T+F,T,skill,0.3321539191350079,0.32605419159781235,0.1576962263751527,0.2672274031918055,0.3934329750920562,20,percentile bootstrap over scenario_id (1000 replicates),
B1,xgboost,M3,multiblock,90.0,T+F+L,T,MAE,0.5249388970931371,0.5322690937254164,0.0771622264889576,0.49284518126481114,0.5564995572086838,20,percentile bootstrap over scenario_id (1000 replicates),
B1,xgboost,M3,multiblock,90.0,T+F+L,T,RMSE,0.6433964158563987,0.6490316161406557,0.09246315959020221,0.6036874704578221,0.6828510837954959,20,percentile bootstrap over scenario_id (1000 replicates),
B1,xgboost,M3,multiblock,90.0,T+F+L,T,skill,0.32262046218451845,0.3225420834120138,0.16875981728753278,0.2452421117174487,0.3935634025523339,20,percentile bootstrap over scenario_id (1000 replicates),
B1,xgboost,M3,multiblock,90.0,T+L,T,MAE,0.5220108720991348,0.5171410348680284,0.07320314171832074,0.489576159617967,0.5549063524454831,20,percentile bootstrap over scenario_id (1000 replicates),
B1,xgboost,M3,multiblock,90.0,T+L,T,RMSE,0.6338796559582668,0.6383774662932282,0.08162868386171229,0.5983920944139873,0.6658781597898187,20,percentile bootstrap over scenario_id (1000 replicates),
B1,xgboost,M3,multiblock,90.0,T+L,T,skill,0.32043922690931653,0.33787149626093765,0.19313373681523963,0.2355499762256612,0.3976754332738171,20,percentile bootstrap over scenario_id (1000 replicates),
B1,xgboost,M3,multiblock,180.0,T,T,MAE,0.5441401449508138,0.5501623259650337,0.06220750125793526,0.5187477880691488,0.5702906416489018,20,percentile bootstrap over scenario_id (1000 replicates),
B1,xgboost,M3,multiblock,180.0,T,T,RMSE,0.6642022109130556,0.6750451481730192,0.0678297148100283,0.6338062972954466,0.6906455776636097,20,percentile bootstrap over scenario_id (1000 replicates),
B1,xgboost,M3,multiblock,180.0,T,T,skill,0.4021425151601184,0.4068455781722132,0.08362204575224885,0.3649302376765243,0.43704322669502454,20,percentile bootstrap over scenario_id (1000 replicates),
B1,xgboost,M3,multiblock,180.0,T+F,T,MAE,0.5076264363858436,0.5215604345003764,0.05698066537844437,0.4836861854675744,0.5324342427982225,20,percentile bootstrap over scenario_id (1000 replicates),
B1,xgboost,M3,multiblock,180.0,T+F,T,RMSE,0.6234087398888956,0.6361189858369244,0.06459482411651066,0.5950414638959902,0.649379839525508,20,percentile bootstrap over scenario_id (1000 replicates),
B1,xgboost,M3,multiblock,180.0,T+F,T,skill,0.44045163319401953,0.4566794972131553,0.08895822562916884,0.40184326323984293,0.4784142918255168,20,percentile bootstrap over scenario_id (1000 replicates),
B1,xgboost,M3,multiblock,180.0,T+F+L,T,MAE,0.5042988002300263,0.52073259751002,0.05615293612467115,0.4803935273744994,0.5276314274321,20,percentile bootstrap over scenario_id (1000 replicates),
B1,xgboost,M3,multiblock,180.0,T+F+L,T,RMSE,0.6285287018657264,0.6481476568157288,0.06959085980485803,0.6000638214376149,0.6570873733566943,20,percentile bootstrap over scenario_id (1000 replicates),
B1,xgboost,M3,multiblock,180.0,T+F+L,T,skill,0.4443044307672774,0.454736829122028,0.0865608249567374,0.4072848714082383,0.4787790752693957,20,percentile bootstrap over scenario_id (1000 replicates),
B1,xgboost,M3,multiblock,180.0,T+L,T,MAE,0.5109099588460392,0.5156334949864281,0.04763004112344729,0.4912916253167722,0.5307567579083972,20,percentile bootstrap over scenario_id (1000 replicates),
B1,xgboost,M3,multiblock,180.0,T+L,T,RMSE,0.6267889658735032,0.6361958060131633,0.054057506341654946,0.6037078656113074,0.6489805716155895,20,percentile bootstrap over scenario_id (1000 replicates),
B1,xgboost,M3,multiblock,180.0,T+L,T,skill,0.4381985197911306,0.44874107204368646,0.07245623564599236,0.40798067910091323,0.4681629280487447,20,percentile bootstrap over scenario_id (1000 replicates),
P3,air_hydro,M2,block,10.0,T,T,MAE,1.180801792191193,0.927580031744432,0.7060516852831137,0.8774121484111611,1.5079438196434902,20,percentile bootstrap over scenario_id (1000 replicates),
P3,air_hydro,M2,block,10.0,T,T,RMSE,1.2389401575907946,1.0585410818230478,0.6740131899666771,0.9661798257517812,1.5486387026305082,20,percentile bootstrap over scenario_id (1000 replicates),
P3,air_hydro,M2,block,10.0,T,T,skill,-0.12853789065517396,0.12605060095355647,0.7038798345132564,-0.43800241628414294,0.12909470719280228,20,percentile bootstrap over scenario_id (1000 replicates),
P3,air_hydro,M2,block,10.0,T+F,T,MAE,1.3021320304103283,1.147444865411566,0.6994312862066915,1.026745291789216,1.616662957659295,20,percentile bootstrap over scenario_id (1000 replicates),
P3,air_hydro,M2,block,10.0,T+F,T,RMSE,1.3673889835081132,1.2508764253488833,0.6706210903069533,1.093595442364326,1.6487821488167091,20,percentile bootstrap over scenario_id (1000 replicates),
P3,air_hydro,M2,block,10.0,T+F,T,skill,-0.33840301317022625,0.1002382377753882,0.9008792986153347,-0.7247055052372204,0.011187786018293336,20,percentile bootstrap over scenario_id (1000 replicates),
P3,air_hydro,M2,block,10.0,T+F+L,T,MAE,1.277632956191881,1.440333349538423,0.8195628777695673,0.9311105300419071,1.618962077054337,20,percentile bootstrap over scenario_id (1000 replicates),
P3,air_hydro,M2,block,10.0,T+F+L,T,RMSE,1.3084110427363733,1.4859739740488394,0.804491122173682,0.9584492910087494,1.6612151281833687,20,percentile bootstrap over scenario_id (1000 replicates),
P3,air_hydro,M2,block,10.0,T+F+L,T,skill,-0.6486148343461682,0.10308435189054782,2.2761690283086407,-1.765207740584478,0.11262206620246767,20,percentile bootstrap over scenario_id (1000 replicates),
P3,air_hydro,M2,block,10.0,T+L,T,MAE,1.4319382375207221,1.586854066453489,0.8351130139603359,1.0918383260300124,1.7735417573594765,20,percentile bootstrap over scenario_id (1000 replicates),
P3,air_hydro,M2,block,10.0,T+L,T,RMSE,1.4630445674716763,1.5952196048455127,0.823005430971325,1.0890955834765434,1.7982645629254645,20,percentile bootstrap over scenario_id (1000 replicates),
P3,air_hydro,M2,block,10.0,T+L,T,skill,-0.979487825638085,-0.0046852132503035215,2.8114124588424425,-2.435257805578766,0.013443252232783563,20,percentile bootstrap over scenario_id (1000 replicates),
P3,air_hydro,M2,block,30.0,T,T,MAE,1.2640502038937362,1.0444796648772723,0.6047552691282092,1.0236094723082245,1.5240610654996871,20,percentile bootstrap over scenario_id (1000 replicates),
P3,air_hydro,M2,block,30.0,T,T,RMSE,1.3709882307778254,1.2425958812126179,0.5707502567440655,1.1441969351683887,1.616603124267975,20,percentile bootstrap over scenario_id (1000 replicates),
P3,air_hydro,M2,block,30.0,T,T,skill,-0.09394469700843677,0.12207256716611714,0.49817812762393915,-0.30505040368777503,0.09089453058528982,20,percentile bootstrap over scenario_id (1000 replicates),
P3,air_hydro,M2,block,30.0,T+F,T,MAE,1.3910412410318458,1.2590579643060016,0.5849301151673888,1.150467570684809,1.6245461316348042,20,percentile bootstrap over scenario_id (1000 replicates),
P3,air_hydro,M2,block,30.0,T+F,T,RMSE,1.504762376857671,1.4011795405734726,0.5556265835547872,1.2647331579607541,1.7605841974955145,20,percentile bootstrap over scenario_id (1000 replicates),
P3,air_hydro,M2,block,30.0,T+F,T,skill,-0.30331764467887595,0.049867152906103884,0.7684472968419621,-0.666783677111624,-0.004473235085432154,20,percentile bootstrap over scenario_id (1000 replicates),
P3,air_hydro,M2,block,30.0,T+F+L,T,MAE,1.3006298002973193,1.382135111524326,0.7118171469935183,1.0234582481071055,1.5910124397308918,20,percentile bootstrap over scenario_id (1000 replicates),
P3,air_hydro,M2,block,30.0,T+F+L,T,RMSE,1.3784918447875334,1.459579371784004,0.6841778738829445,1.0994848386064384,1.6714436256613707,20,percentile bootstrap over scenario_id (1000 replicates),
P3,air_hydro,M2,block,30.0,T+F+L,T,skill,-0.3577196912335142,0.13407659301157987,1.3011684491400468,-0.9813210301327935,0.12661175809679345,20,percentile bootstrap over scenario_id (1000 replicates),
P3,air_hydro,M2,block,30.0,T+L,T,MAE,1.441532468980836,1.4949942557224,0.7141273278332051,1.1455361194381424,1.7549118964514354,20,percentile bootstrap over scenario_id (1000 replicates),
P3,air_hydro,M2,block,30.0,T+L,T,RMSE,1.5147110145427316,1.5353589434731008,0.6891677509147072,1.2040705472552844,1.8174358210996082,20,percentile bootstrap over scenario_id (1000 replicates),
P3,air_hydro,M2,block,30.0,T+L,T,skill,-0.634587302560716,0.03101254020200489,1.7039152031403786,-1.3682757320368581,-0.001106641919292442,20,percentile bootstrap over scenario_id (1000 replicates),
P3,air_hydro,M2,block,90.0,T,T,MAE,1.253597079982119,1.3408038740963342,0.4798980639562127,1.0507363904065181,1.4663092772194952,20,percentile bootstrap over scenario_id (1000 replicates),
P3,air_hydro,M2,block,90.0,T,T,RMSE,1.4085228291433496,1.50197938675479,0.4837402097466809,1.2138445112699667,1.6206717538859015,20,percentile bootstrap over scenario_id (1000 replicates),
P3,air_hydro,M2,block,90.0,T,T,skill,-0.07534566280257055,0.074724423897851,0.3668910744445781,-0.25318445185462035,0.05982083069584014,20,percentile bootstrap over scenario_id (1000 replicates),
P3,air_hydro,M2,block,90.0,T+F,T,MAE,1.3704019695130498,1.3585938017783787,0.45403210865972404,1.1911453696704977,1.5553556687113963,20,percentile bootstrap over scenario_id (1000 replicates),
P3,air_hydro,M2,block,90.0,T+F,T,RMSE,1.5321967064393527,1.5420740164172737,0.45289771952134,1.338654112482524,1.7272381051775574,20,percentile bootstrap over scenario_id (1000 replicates),
P3,air_hydro,M2,block,90.0,T+F,T,skill,-0.24588450361828773,0.04926623069129388,0.6439776670042814,-0.5723099791070418,-0.010650847753926078,20,percentile bootstrap over scenario_id (1000 replicates),
P3,air_hydro,M2,block,90.0,T+F+L,T,MAE,1.3243224899163932,1.1957415157168887,0.49776211098558615,1.1412024954254316,1.5433560870096459,20,percentile bootstrap over scenario_id (1000 replicates),
P3,air_hydro,M2,block,90.0,T+F+L,T,RMSE,1.4797196569726934,1.3625184269552106,0.4831059084406144,1.291529673188244,1.695271626591299,20,percentile bootstrap over scenario_id (1000 replicates),
P3,air_hydro,M2,block,90.0,T+F+L,T,skill,-0.28299553323858057,0.08874342803911833,0.8730571207298187,-0.6782339794852992,0.056297499434778714,20,percentile bootstrap over scenario_id (1000 replicates),
P3,air_hydro,M2,block,90.0,T+L,T,MAE,1.451197204732778,1.3456239472633056,0.4903617323624862,1.258346675743809,1.6585836079428948,20,percentile bootstrap over scenario_id (1000 replicates),
P3,air_hydro,M2,block,90.0,T+L,T,RMSE,1.6117015404166668,1.524914493826566,0.4687514729684467,1.4405914168312468,1.807231043387808,20,percentile bootstrap over scenario_id (1000 replicates),
P3,air_hydro,M2,block,90.0,T+L,T,skill,-0.4952676794418589,0.03398843226980891,1.1757689986261288,-1.0491927093745523,-0.04001328025854757,20,percentile bootstrap over scenario_id (1000 replicates),
P3,air_hydro,M2,block,180.0,T,T,MAE,1.240460703068272,1.3029231065385272,0.29003457289991647,1.1155394457725283,1.374102341870891,20,percentile bootstrap over scenario_id (1000 replicates),
P3,air_hydro,M2,block,180.0,T,T,RMSE,1.4289540249823938,1.4678617902304523,0.32430925758454804,1.2950809615912289,1.5657236607902698,20,percentile bootstrap over scenario_id (1000 replicates),
P3,air_hydro,M2,block,180.0,T,T,skill,-0.06305768225834393,-0.0073151446288161615,0.1955605138629573,-0.1553360267617262,0.011020807706496206,20,percentile bootstrap over scenario_id (1000 replicates),
P3,air_hydro,M2,block,180.0,T+F,T,MAE,1.3744835350545646,1.385525151759314,0.2654961416458988,1.258864690132207,1.4877100595033061,20,percentile bootstrap over scenario_id (1000 replicates),
P3,air_hydro,M2,block,180.0,T+F,T,RMSE,1.5842026357138368,1.553977118152187,0.2862863767797325,1.4665060065747881,1.706133235980552,20,percentile bootstrap over scenario_id (1000 replicates),
P3,air_hydro,M2,block,180.0,T+F,T,skill,-0.21237245887944342,-0.09782430025821698,0.35778509404185316,-0.3775647816155938,-0.07410213633468628,20,percentile bootstrap over scenario_id (1000 replicates),
P3,air_hydro,M2,block,180.0,T+F+L,T,MAE,1.2437873200252136,1.1314576403749408,0.3143667703595964,1.1219964111834695,1.3884636086590616,20,percentile bootstrap over scenario_id (1000 replicates),
P3,air_hydro,M2,block,180.0,T+F+L,T,RMSE,1.4398891258361228,1.310415424402521,0.3666180881246993,1.2962830094948556,1.6215636835135412,20,percentile bootstrap over scenario_id (1000 replicates),
P3,air_hydro,M2,block,180.0,T+F+L,T,skill,-0.07374837410382624,0.01133517229735398,0.23408012063093728,-0.18347887883290548,0.03170786505255486,20,percentile bootstrap over scenario_id (1000 replicates),
P3,air_hydro,M2,block,180.0,T+L,T,MAE,1.3925946888090157,1.2609256872585481,0.2730614442267809,1.2857486027980731,1.5052267596042574,20,percentile bootstrap over scenario_id (1000 replicates),
P3,air_hydro,M2,block,180.0,T+L,T,RMSE,1.5868743779251457,1.4348385871876053,0.31014457795326356,1.4695156206515725,1.728012671431635,20,percentile bootstrap over scenario_id (1000 replicates),
P3,air_hydro,M2,block,180.0,T+L,T,skill,-0.23619386397585096,-0.09910173321941584,0.3581222821315671,-0.38369684895041306,-0.0877886368535414,20,percentile bootstrap over scenario_id (1000 replicates),
P3,air_hydro,M3,multiblock,10.0,T,T,MAE,2.1289407154593727,2.158293290922601,0.9256252140159793,1.7299050993030936,2.5003898542664356,20,percentile bootstrap over scenario_id (1000 replicates),
P3,air_hydro,M3,multiblock,10.0,T,T,RMSE,2.4159052672298644,2.369622422491827,1.0339996876821251,1.969872704216013,2.8510658699265767,20,percentile bootstrap over scenario_id (1000 replicates),
P3,air_hydro,M3,multiblock,10.0,T,T,skill,-0.018443694959555244,0.06960407007556352,0.2095597284342839,-0.10907426975675796,0.0652327977217764,20,percentile bootstrap over scenario_id (1000 replicates),
P3,air_hydro,M3,multiblock,10.0,T+F,T,MAE,2.2793192780236025,2.4774949887095774,0.8990525821728375,1.9209814305380546,2.6811985313908435,20,percentile bootstrap over scenario_id (1000 replicates),
P3,air_hydro,M3,multiblock,10.0,T+F,T,RMSE,2.567334635670978,2.6719805332452,0.9721321161627966,2.1927205145318975,2.945135936865443,20,percentile bootstrap over scenario_id (1000 replicates),
P3,air_hydro,M3,multiblock,10.0,T+F,T,skill,-0.12376597396348998,-0.020167549720622457,0.3212555924871362,-0.2664945482122984,0.005885102876303601,20,percentile bootstrap over scenario_id (1000 replicates),
P3,air_hydro,M3,multiblock,10.0,T+F+L,T,MAE,1.9362400698305702,1.8336109041322015,1.0291085128424433,1.5138796203302805,2.374611941451801,20,percentile bootstrap over scenario_id (1000 replicates),
P3,air_hydro,M3,multiblock,10.0,T+F+L,T,RMSE,2.25599418954456,2.1691146528618894,1.183939694747612,1.71552012914684,2.7792538827685194,20,percentile bootstrap over scenario_id (1000 replicates),
P3,air_hydro,M3,multiblock,10.0,T+F+L,T,skill,0.12123046279927992,0.10999035600119184,0.18867082190118287,0.04024606146698297,0.19796686908800093,20,percentile bootstrap over scenario_id (1000 replicates),
P3,air_hydro,M3,multiblock,10.0,T+L,T,MAE,2.04774120329746,1.9651251725383527,0.950838752280068,1.647216109111252,2.464177597531009,20,percentile bootstrap over scenario_id (1000 replicates),
P3,air_hydro,M3,multiblock,10.0,T+L,T,RMSE,2.367881297497994,2.334216537950535,1.1046697056811017,1.9161797770267093,2.823781582143111,20,percentile bootstrap over scenario_id (1000 replicates),
P3,air_hydro,M3,multiblock,10.0,T+L,T,skill,0.029370911992714854,0.08889340847537208,0.21385526513051864,-0.06370138292233891,0.1220935331291241,20,percentile bootstrap over scenario_id (1000 replicates),
P3,air_hydro,M3,multiblock,30.0,T,T,MAE,1.8324959898179451,1.6584055783743772,0.9969391810380392,1.4166320145038058,2.2813988952363324,20,percentile bootstrap over scenario_id (1000 replicates),
P3,air_hydro,M3,multiblock,30.0,T,T,RMSE,2.1432169862349624,2.1200227744507885,1.117821992905293,1.6797746547336738,2.6181714788249577,20,percentile bootstrap over scenario_id (1000 replicates),
P3,air_hydro,M3,multiblock,30.0,T,T,skill,-0.06220765242510875,-0.0011204718108843714,0.22686158023683586,-0.1637947685380806,0.02188944354207114,20,percentile bootstrap over scenario_id (1000 replicates),
P3,air_hydro,M3,multiblock,30.0,T+F,T,MAE,1.9211250109935771,1.5744447207709362,1.0183888661626288,1.5086150882945781,2.3673090011599944,20,percentile bootstrap over scenario_id (1000 replicates),
P3,air_hydro,M3,multiblock,30.0,T+F,T,RMSE,2.231515362764085,2.09660787821915,1.1048161142641886,1.7466674789238859,2.6826478040574977,20,percentile bootstrap over scenario_id (1000 replicates),
P3,air_hydro,M3,multiblock,30.0,T+F,T,skill,-0.15487332775487075,-0.07184996310980551,0.376020719053345,-0.3234996660025679,-0.009516935823903859,20,percentile bootstrap over scenario_id (1000 replicates),
P3,air_hydro,M3,multiblock,30.0,T+F+L,T,MAE,1.890080639118657,2.016154846559038,0.7919548259211121,1.5764371269478379,2.216650795372677,20,percentile bootstrap over scenario_id (1000 replicates),
P3,air_hydro,M3,multiblock,30.0,T+F+L,T,RMSE,2.2126648490356393,2.3815240362817303,0.9677588399231574,1.7986272643995818,2.6114961942067065,20,percentile bootstrap over scenario_id (1000 replicates),
P3,air_hydro,M3,multiblock,30.0,T+F+L,T,skill,-0.20278846677328005,-0.048308134799308566,0.4263937150388021,-0.39470465285622014,-0.03315405491049317,20,percentile bootstrap over scenario_id (1000 replicates),
P3,air_hydro,M3,multiblock,30.0,T+L,T,MAE,1.9871345062171581,1.9905160837711569,0.7316624277143772,1.678348750127759,2.277265136353809,20,percentile bootstrap over scenario_id (1000 replicates),
P3,air_hydro,M3,multiblock,30.0,T+L,T,RMSE,2.306534534359221,2.4524837116745166,0.8977157418899067,1.9358241205578095,2.6924403706524025,20,percentile bootstrap over scenario_id (1000 replicates),
P3,air_hydro,M3,multiblock,30.0,T+L,T,skill,-0.3341679249760614,-0.11629949842911758,0.6077693013737034,-0.5983472741224557,-0.07643033039531681,20,percentile bootstrap over scenario_id (1000 replicates),
P3,air_hydro,M3,multiblock,90.0,T,T,MAE,1.6181744836666965,1.4693697997659303,0.6249691837512827,1.3516307333426072,1.8728341679535339,20,percentile bootstrap over scenario_id (1000 replicates),
P3,air_hydro,M3,multiblock,90.0,T,T,RMSE,1.9852234420876886,1.8055642405555539,0.7824098277954884,1.6670979360308402,2.2986867877489656,20,percentile bootstrap over scenario_id (1000 replicates),
P3,air_hydro,M3,multiblock,90.0,T,T,skill,-0.10594393734514582,-0.0013787714889341718,0.30226314424685263,-0.254104811433416,0.009109189238246935,20,percentile bootstrap over scenario_id (1000 replicates),
P3,air_hydro,M3,multiblock,90.0,T+F,T,MAE,1.7822307499391496,1.622085382787262,0.6565291585774033,1.509370955988585,2.0655686685398478,20,percentile bootstrap over scenario_id (1000 replicates),
P3,air_hydro,M3,multiblock,90.0,T+F,T,RMSE,2.128479910765237,1.9285530432784714,0.7654719652464447,1.7851872311809216,2.46245688421948,20,percentile bootstrap over scenario_id (1000 replicates),
P3,air_hydro,M3,multiblock,90.0,T+F,T,skill,-0.2569345394171808,-0.10165576930756282,0.5015114698274951,-0.48581081151162536,-0.07176124664042881,20,percentile bootstrap over scenario_id (1000 replicates),
P3,air_hydro,M3,multiblock,90.0,T+F+L,T,MAE,1.6094908586269105,1.5822639257163178,0.5262677325979733,1.3856428658533908,1.8359360913067966,20,percentile bootstrap over scenario_id (1000 replicates),
P3,air_hydro,M3,multiblock,90.0,T+F+L,T,RMSE,1.987424092223534,1.8069257857885244,0.7412531193042756,1.6806984699063832,2.3204241659156297,20,percentile bootstrap over scenario_id (1000 replicates),
P3,air_hydro,M3,multiblock,90.0,T+F+L,T,skill,-0.14122048557823097,-0.0004551593995282266,0.4318606882304209,-0.3369685292698621,0.017857792658144887,20,percentile bootstrap over scenario_id (1000 replicates),
P3,air_hydro,M3,multiblock,90.0,T+L,T,MAE,1.7693485983653023,1.7234111628522162,0.5208738994948421,1.536368069237244,1.97089921313364,20,percentile bootstrap over scenario_id (1000 replicates),
P3,air_hydro,M3,multiblock,90.0,T+L,T,RMSE,2.119429366563431,1.9791922221728073,0.6953998151191463,1.814371270347905,2.4252032524487355,20,percentile bootstrap over scenario_id (1000 replicates),
P3,air_hydro,M3,multiblock,90.0,T+L,T,skill,-0.306527292522949,-0.09879435520571989,0.6396832612549075,-0.6219082205308203,-0.07396017459707085,20,percentile bootstrap over scenario_id (1000 replicates),
P3,air_hydro,M3,multiblock,180.0,T,T,MAE,1.7375127780667836,1.8018586675246362,0.48173367868479716,1.5374894442259894,1.936984704321623,20,percentile bootstrap over scenario_id (1000 replicates),
P3,air_hydro,M3,multiblock,180.0,T,T,RMSE,2.12608126690452,2.158458919402581,0.6111022113522667,1.8487794431244342,2.3934262602489347,20,percentile bootstrap over scenario_id (1000 replicates),
P3,air_hydro,M3,multiblock,180.0,T,T,skill,-0.03931475410576576,-0.004609597804223875,0.11806812784407787,-0.0948966168329122,0.009016531070305648,20,percentile bootstrap over scenario_id (1000 replicates),
P3,air_hydro,M3,multiblock,180.0,T+F,T,MAE,1.8826706295868127,1.982479820630594,0.4956926026017855,1.6677820170007662,2.0940993836096577,20,percentile bootstrap over scenario_id (1000 replicates),
P3,air_hydro,M3,multiblock,180.0,T+F,T,RMSE,2.26230969517504,2.2935254513112873,0.5874136306290637,1.9928231922617745,2.5073759326067293,20,percentile bootstrap over scenario_id (1000 replicates),
P3,air_hydro,M3,multiblock,180.0,T+F,T,skill,-0.14047319541052286,-0.0931335777470772,0.20465429987924044,-0.23773092299978402,-0.06301159798926381,20,percentile bootstrap over scenario_id (1000 replicates),
P3,air_hydro,M3,multiblock,180.0,T+F+L,T,MAE,1.670704909292768,1.6170029370861774,0.45099145258592976,1.4913741270111445,1.8597647034223181,20,percentile bootstrap over scenario_id (1000 replicates),
P3,air_hydro,M3,multiblock,180.0,T+F+L,T,RMSE,2.0250973801680887,2.057130022033193,0.5950373688176654,1.7550468329337021,2.2637779899014343,20,percentile bootstrap over scenario_id (1000 replicates),
P3,air_hydro,M3,multiblock,180.0,T+F+L,T,skill,-0.012747254821919667,0.02621067405884575,0.18655793937563533,-0.0926548880201621,0.05838528144356844,20,percentile bootstrap over scenario_id (1000 replicates),
P3,air_hydro,M3,multiblock,180.0,T+L,T,MAE,1.7905562055497217,1.7726205990804194,0.44225696578084567,1.5889475025292659,1.9724633872037525,20,percentile bootstrap over scenario_id (1000 replicates),
P3,air_hydro,M3,multiblock,180.0,T+L,T,RMSE,2.1158340501602355,2.1174877363185107,0.5558870791537983,1.8922332204772663,2.339169269391908,20,percentile bootstrap over scenario_id (1000 replicates),
P3,air_hydro,M3,multiblock,180.0,T+L,T,skill,-0.10635365241548,-0.036270594643255216,0.2738679147666365,-0.23151608169775065,-0.0013207143339529104,20,percentile bootstrap over scenario_id (1000 replicates),
P3,air_only,M2,block,10.0,T,T,MAE,1.1148604349184361,1.0274435482203925,0.7081833143223984,0.8187343346264759,1.4147960754453686,20,percentile bootstrap over scenario_id (1000 replicates),
P3,air_only,M2,block,10.0,T,T,RMSE,1.1507593356016192,1.090900672175103,0.6819644820959416,0.8707555132814246,1.4601920061683562,20,percentile bootstrap over scenario_id (1000 replicates),
P3,air_only,M2,block,10.0,T,T,skill,-0.01036307856423535,0.08168690601920336,0.606639275215245,-0.29466798545041434,0.2087992725411067,20,percentile bootstrap over scenario_id (1000 replicates),
P3,air_only,M2,block,10.0,T+F,T,MAE,1.1148604349184361,1.0274435482203925,0.7081833143223984,0.8263128683038817,1.4051592218113973,20,percentile bootstrap over scenario_id (1000 replicates),
P3,air_only,M2,block,10.0,T+F,T,RMSE,1.1507593356016192,1.090900672175103,0.6819644820959416,0.8717548323969041,1.4456304164828648,20,percentile bootstrap over scenario_id (1000 replicates),
P3,air_only,M2,block,10.0,T+F,T,skill,-0.01036307856423535,0.08168690601920336,0.606639275215245,-0.2706346276590163,0.20847607618255856,20,percentile bootstrap over scenario_id (1000 replicates),
P3,air_only,M2,block,10.0,T+F+L,T,MAE,1.1148604349184361,1.0274435482203925,0.7081833143223984,0.8194287979779347,1.4287551538514065,20,percentile bootstrap over scenario_id (1000 replicates),
P3,air_only,M2,block,10.0,T+F+L,T,RMSE,1.1507593356016192,1.090900672175103,0.6819644820959416,0.8736700910195208,1.4506582084876265,20,percentile bootstrap over scenario_id (1000 replicates),
P3,air_only,M2,block,10.0,T+F+L,T,skill,-0.01036307856423535,0.08168690601920336,0.606639275215245,-0.3077524988085552,0.21068347773263058,20,percentile bootstrap over scenario_id (1000 replicates),
P3,air_only,M2,block,10.0,T+L,T,MAE,1.1148604349184361,1.0274435482203925,0.7081833143223984,0.8249065323721465,1.416699747300716,20,percentile bootstrap over scenario_id (1000 replicates),
P3,air_only,M2,block,10.0,T+L,T,RMSE,1.1507593356016192,1.090900672175103,0.6819644820959416,0.8804634820765732,1.4633642145969108,20,percentile bootstrap over scenario_id (1000 replicates),
P3,air_only,M2,block,10.0,T+L,T,skill,-0.01036307856423535,0.08168690601920336,0.606639275215245,-0.2968952644625456,0.21132537535472093,20,percentile bootstrap over scenario_id (1000 replicates),
P3,air_only,M2,block,30.0,T,T,MAE,1.140807691081942,1.0979402754105687,0.6006135731258794,0.9022295034327846,1.4073290754385992,20,percentile bootstrap over scenario_id (1000 replicates),
P3,air_only,M2,block,30.0,T,T,RMSE,1.2201019450494128,1.142232323755251,0.5708630254498083,0.9812333850590399,1.4872051381219042,20,percentile bootstrap over scenario_id (1000 replicates),
P3,air_only,M2,block,30.0,T,T,skill,0.05675249695036011,0.01694475373400184,0.26070941279352056,-0.06318993132577115,0.16775258621058267,20,percentile bootstrap over scenario_id (1000 replicates),
P3,air_only,M2,block,30.0,T+F,T,MAE,1.140807691081942,1.0979402754105687,0.6006135731258794,0.8766793872230529,1.4189650639097122,20,percentile bootstrap over scenario_id (1000 replicates),
P3,air_only,M2,block,30.0,T+F,T,RMSE,1.2201019450494128,1.142232323755251,0.5708630254498083,0.992243189082877,1.4603491479691573,20,percentile bootstrap over scenario_id (1000 replicates),
P3,air_only,M2,block,30.0,T+F,T,skill,0.05675249695036011,0.01694475373400184,0.26070941279352056,-0.05691720619156548,0.1636221727369082,20,percentile bootstrap over scenario_id (1000 replicates),
P3,air_only,M2,block,30.0,T+F+L,T,MAE,1.140807691081942,1.0979402754105687,0.6006135731258794,0.8654280726358757,1.4001900775207188,20,percentile bootstrap over scenario_id (1000 replicates),
P3,air_only,M2,block,30.0,T+F+L,T,RMSE,1.2201019450494128,1.142232323755251,0.5708630254498083,0.9692484516314099,1.4789435881270063,20,percentile bootstrap over scenario_id (1000 replicates),
P3,air_only,M2,block,30.0,T+F+L,T,skill,0.05675249695036011,0.01694475373400184,0.26070941279352056,-0.051314252255068686,0.17378131524689,20,percentile bootstrap over scenario_id (1000 replicates),
P3,air_only,M2,block,30.0,T+L,T,MAE,1.140807691081942,1.0979402754105687,0.6006135731258794,0.9055889342307961,1.3920105300796526,20,percentile bootstrap over scenario_id (1000 replicates),
P3,air_only,M2,block,30.0,T+L,T,RMSE,1.2201019450494128,1.142232323755251,0.5708630254498083,1.0052962382865334,1.4584560381984448,20,percentile bootstrap over scenario_id (1000 replicates),
P3,air_only,M2,block,30.0,T+L,T,skill,0.05675249695036011,0.01694475373400184,0.26070941279352056,-0.04873395745204149,0.174457030706179,20,percentile bootstrap over scenario_id (1000 replicates),
P3,air_only,M2,block,90.0,T,T,MAE,1.1285376285581525,1.1038317392820156,0.5020880028183796,0.935678978132767,1.3474195673626204,20,percentile bootstrap over scenario_id (1000 replicates),
P3,air_only,M2,block,90.0,T,T,RMSE,1.268618735722495,1.1895087899905867,0.5111233883455845,1.0577718890905252,1.4907538093189725,20,percentile bootstrap over scenario_id (1000 replicates),
P3,air_only,M2,block,90.0,T,T,skill,0.08719857122923948,0.07128869317681452,0.14949992513846508,0.023430640562609694,0.14688896530302456,20,percentile bootstrap over scenario_id (1000 replicates),
P3,air_only,M2,block,90.0,T+F,T,MAE,1.1285376285581525,1.1038317392820156,0.5020880028183796,0.922015516751534,1.3500826435529723,20,percentile bootstrap over scenario_id (1000 replicates),
P3,air_only,M2,block,90.0,T+F,T,RMSE,1.268618735722495,1.1895087899905867,0.5111233883455845,1.0577121223571169,1.505035033080748,20,percentile bootstrap over scenario_id (1000 replicates),
P3,air_only,M2,block,90.0,T+F,T,skill,0.08719857122923948,0.07128869317681452,0.14949992513846508,0.020413748793413754,0.14786581047021113,20,percentile bootstrap over scenario_id (1000 replicates),
P3,air_only,M2,block,90.0,T+F+L,T,MAE,1.1285376285581525,1.1038317392820156,0.5020880028183796,0.9148847431523182,1.345445742849849,20,percentile bootstrap over scenario_id (1000 replicates),
P3,air_only,M2,block,90.0,T+F+L,T,RMSE,1.268618735722495,1.1895087899905867,0.5111233883455845,1.0513806424431864,1.4853821024456177,20,percentile bootstrap over scenario_id (1000 replicates),
P3,air_only,M2,block,90.0,T+F+L,T,skill,0.08719857122923948,0.07128869317681452,0.14949992513846508,0.026777562067002214,0.15164749677734066,20,percentile bootstrap over scenario_id (1000 replicates),
P3,air_only,M2,block,90.0,T+L,T,MAE,1.1285376285581525,1.1038317392820156,0.5020880028183796,0.9168933359120199,1.352105393372758,20,percentile bootstrap over scenario_id (1000 replicates),
P3,air_only,M2,block,90.0,T+L,T,RMSE,1.268618735722495,1.1895087899905867,0.5111233883455845,1.0565236985650055,1.4957013340377507,20,percentile bootstrap over scenario_id (1000 replicates),
P3,air_only,M2,block,90.0,T+L,T,skill,0.08719857122923948,0.07128869317681452,0.14949992513846508,0.021041452581562026,0.1526143542609548,20,percentile bootstrap over scenario_id (1000 replicates),
P3,air_only,M2,block,180.0,T,T,MAE,1.090287516801531,1.0255448284550521,0.3046230997262048,0.972704666524395,1.23484137455069,20,percentile bootstrap over scenario_id (1000 replicates),
P3,air_only,M2,block,180.0,T,T,RMSE,1.2660265756570197,1.177690352349543,0.34687083416454917,1.1325515335397014,1.4103315275876067,20,percentile bootstrap over scenario_id (1000 replicates),
P3,air_only,M2,block,180.0,T,T,skill,0.07907741822645069,0.10166238570810693,0.11956284887295461,0.028640172865485262,0.12957337929272075,20,percentile bootstrap over scenario_id (1000 replicates),
P3,air_only,M2,block,180.0,T+F,T,MAE,1.090287516801531,1.0255448284550521,0.3046230997262048,0.9712468134193821,1.214556636488816,20,percentile bootstrap over scenario_id (1000 replicates),
P3,air_only,M2,block,180.0,T+F,T,RMSE,1.2660265756570197,1.177690352349543,0.34687083416454917,1.1299430517412288,1.4176354657546923,20,percentile bootstrap over scenario_id (1000 replicates),
P3,air_only,M2,block,180.0,T+F,T,skill,0.07907741822645069,0.10166238570810693,0.11956284887295461,0.02602393899778926,0.12966198482208563,20,percentile bootstrap over scenario_id (1000 replicates),
P3,air_only,M2,block,180.0,T+F+L,T,MAE,1.090287516801531,1.0255448284550521,0.3046230997262048,0.9590260038288251,1.2312873886695763,20,percentile bootstrap over scenario_id (1000 replicates),
P3,air_only,M2,block,180.0,T+F+L,T,RMSE,1.2660265756570197,1.177690352349543,0.34687083416454917,1.120971431760207,1.4102388305099962,20,percentile bootstrap over scenario_id (1000 replicates),
P3,air_only,M2,block,180.0,T+F+L,T,skill,0.07907741822645069,0.10166238570810693,0.11956284887295461,0.023994287178845983,0.12869711720305335,20,percentile bootstrap over scenario_id (1000 replicates),
P3,air_only,M2,block,180.0,T+L,T,MAE,1.090287516801531,1.0255448284550521,0.3046230997262048,0.9536556874094785,1.2282086159312315,20,percentile bootstrap over scenario_id (1000 replicates),
P3,air_only,M2,block,180.0,T+L,T,RMSE,1.2660265756570197,1.177690352349543,0.34687083416454917,1.1270066604848907,1.4167863607957885,20,percentile bootstrap over scenario_id (1000 replicates),
P3,air_only,M2,block,180.0,T+L,T,skill,0.07907741822645069,0.10166238570810693,0.11956284887295461,0.02889377651048783,0.13136344795956767,20,percentile bootstrap over scenario_id (1000 replicates),
P3,air_only,M3,multiblock,10.0,T,T,MAE,1.9729697326423872,1.8525527280925584,0.8675373516040471,1.6203519457139595,2.3500383882083478,20,percentile bootstrap over scenario_id (1000 replicates),
P3,air_only,M3,multiblock,10.0,T,T,RMSE,2.2570858927701583,2.041925137043697,1.0091242111595535,1.8271207719590365,2.716234941348745,20,percentile bootstrap over scenario_id (1000 replicates),
P3,air_only,M3,multiblock,10.0,T,T,skill,0.0650838669673375,0.08040897367959743,0.09969753986414592,0.01968673728685996,0.10706568527952388,20,percentile bootstrap over scenario_id (1000 replicates),
P3,air_only,M3,multiblock,10.0,T+F,T,MAE,1.9729697326423872,1.8525527280925584,0.8675373516040471,1.5966872474603173,2.347404949869243,20,percentile bootstrap over scenario_id (1000 replicates),
P3,air_only,M3,multiblock,10.0,T+F,T,RMSE,2.2570858927701583,2.041925137043697,1.0091242111595535,1.8502788619642345,2.6818286491906886,20,percentile bootstrap over scenario_id (1000 replicates),
P3,air_only,M3,multiblock,10.0,T+F,T,skill,0.0650838669673375,0.08040897367959743,0.09969753986414592,0.0228524728760564,0.10766033522212491,20,percentile bootstrap over scenario_id (1000 replicates),
P3,air_only,M3,multiblock,10.0,T+F+L,T,MAE,1.9729697326423872,1.8525527280925584,0.8675373516040471,1.6140000377316892,2.3457935408584536,20,percentile bootstrap over scenario_id (1000 replicates),
P3,air_only,M3,multiblock,10.0,T+F+L,T,RMSE,2.2570858927701583,2.041925137043697,1.0091242111595535,1.8210783502729622,2.665630067001542,20,percentile bootstrap over scenario_id (1000 replicates),
P3,air_only,M3,multiblock,10.0,T+F+L,T,skill,0.0650838669673375,0.08040897367959743,0.09969753986414592,0.020070353002878287,0.10614438139060514,20,percentile bootstrap over scenario_id (1000 replicates),
P3,air_only,M3,multiblock,10.0,T+L,T,MAE,1.9729697326423872,1.8525527280925584,0.8675373516040471,1.6050921106564506,2.3603607614396154,20,percentile bootstrap over scenario_id (1000 replicates),
P3,air_only,M3,multiblock,10.0,T+L,T,RMSE,2.2570858927701583,2.041925137043697,1.0091242111595535,1.8693726512810545,2.693765302349621,20,percentile bootstrap over scenario_id (1000 replicates),
P3,air_only,M3,multiblock,10.0,T+L,T,skill,0.0650838669673375,0.08040897367959743,0.09969753986414592,0.023055184342226746,0.10482272644802283,20,percentile bootstrap over scenario_id (1000 replicates),
P3,air_only,M3,multiblock,30.0,T,T,MAE,1.701605654557356,1.658680959832142,0.9374338808631757,1.3150508785380894,2.110174987739194,20,percentile bootstrap over scenario_id (1000 replicates),
P3,air_only,M3,multiblock,30.0,T,T,RMSE,2.012584418483972,2.094230531617087,1.0832199729792427,1.5465705578955795,2.4583423378299356,20,percentile bootstrap over scenario_id (1000 replicates),
P3,air_only,M3,multiblock,30.0,T,T,skill,0.04668495107239313,0.07207893729769221,0.11134577396213843,-0.004898701914084766,0.08965465621572516,20,percentile bootstrap over scenario_id (1000 replicates),
P3,air_only,M3,multiblock,30.0,T+F,T,MAE,1.701605654557356,1.658680959832142,0.9374338808631757,1.2755350201927202,2.098513906341889,20,percentile bootstrap over scenario_id (1000 replicates),
P3,air_only,M3,multiblock,30.0,T+F,T,RMSE,2.012584418483972,2.094230531617087,1.0832199729792427,1.526720411034466,2.457661698666986,20,percentile bootstrap over scenario_id (1000 replicates),
P3,air_only,M3,multiblock,30.0,T+F,T,skill,0.04668495107239313,0.07207893729769221,0.11134577396213843,-0.004049450274278177,0.08929629160207077,20,percentile bootstrap over scenario_id (1000 replicates),
P3,air_only,M3,multiblock,30.0,T+F+L,T,MAE,1.701605654557356,1.658680959832142,0.9374338808631757,1.3013867019253604,2.0873990586370397,20,percentile bootstrap over scenario_id (1000 replicates),
P3,air_only,M3,multiblock,30.0,T+F+L,T,RMSE,2.012584418483972,2.094230531617087,1.0832199729792427,1.5153654131211538,2.4226961403446827,20,percentile bootstrap over scenario_id (1000 replicates),
P3,air_only,M3,multiblock,30.0,T+F+L,T,skill,0.04668495107239313,0.07207893729769221,0.11134577396213843,-0.006454808674337581,0.08894165597139146,20,percentile bootstrap over scenario_id (1000 replicates),
P3,air_only,M3,multiblock,30.0,T+L,T,MAE,1.701605654557356,1.658680959832142,0.9374338808631757,1.3176078533453843,2.1076659381083482,20,percentile bootstrap over scenario_id (1000 replicates),
P3,air_only,M3,multiblock,30.0,T+L,T,RMSE,2.012584418483972,2.094230531617087,1.0832199729792427,1.5074420177288477,2.4949832082042795,20,percentile bootstrap over scenario_id (1000 replicates),
P3,air_only,M3,multiblock,30.0,T+L,T,skill,0.04668495107239313,0.07207893729769221,0.11134577396213843,-0.0011135687931604931,0.08803767035955189,20,percentile bootstrap over scenario_id (1000 replicates),
P3,air_only,M3,multiblock,90.0,T,T,MAE,1.4572066802800316,1.3697967246315759,0.6100637500048409,1.2087354349553923,1.714769360195261,20,percentile bootstrap over scenario_id (1000 replicates),
P3,air_only,M3,multiblock,90.0,T,T,RMSE,1.8238875579765907,1.6925433214126109,0.7961929896625213,1.4975395440494579,2.1785515786121223,20,percentile bootstrap over scenario_id (1000 replicates),
P3,air_only,M3,multiblock,90.0,T,T,skill,0.05223196687577184,0.06591687517677003,0.07235450239761601,0.017736081444877903,0.08301374021667667,20,percentile bootstrap over scenario_id (1000 replicates),
P3,air_only,M3,multiblock,90.0,T+F,T,MAE,1.4572066802800316,1.3697967246315759,0.6100637500048409,1.1915888102762995,1.7436138291149366,20,percentile bootstrap over scenario_id (1000 replicates),
P3,air_only,M3,multiblock,90.0,T+F,T,RMSE,1.8238875579765907,1.6925433214126109,0.7961929896625213,1.4864179165132891,2.178236276230328,20,percentile bootstrap over scenario_id (1000 replicates),
P3,air_only,M3,multiblock,90.0,T+F,T,skill,0.05223196687577184,0.06591687517677003,0.07235450239761601,0.020129343376902965,0.08015167602150372,20,percentile bootstrap over scenario_id (1000 replicates),
P3,air_only,M3,multiblock,90.0,T+F+L,T,MAE,1.4572066802800316,1.3697967246315759,0.6100637500048409,1.197677889880305,1.7009665118798878,20,percentile bootstrap over scenario_id (1000 replicates),
P3,air_only,M3,multiblock,90.0,T+F+L,T,RMSE,1.8238875579765907,1.6925433214126109,0.7961929896625213,1.5056534794524798,2.171288410853308,20,percentile bootstrap over scenario_id (1000 replicates),
P3,air_only,M3,multiblock,90.0,T+F+L,T,skill,0.05223196687577184,0.06591687517677003,0.07235450239761601,0.017460607320360335,0.08250938908335718,20,percentile bootstrap over scenario_id (1000 replicates),
P3,air_only,M3,multiblock,90.0,T+L,T,MAE,1.4572066802800316,1.3697967246315759,0.6100637500048409,1.1900688154020709,1.7059114188355895,20,percentile bootstrap over scenario_id (1000 replicates),
P3,air_only,M3,multiblock,90.0,T+L,T,RMSE,1.8238875579765907,1.6925433214126109,0.7961929896625213,1.4675856470286117,2.1549020972624926,20,percentile bootstrap over scenario_id (1000 replicates),
P3,air_only,M3,multiblock,90.0,T+L,T,skill,0.05223196687577184,0.06591687517677003,0.07235450239761601,0.02047976690261838,0.0805242617436572,20,percentile bootstrap over scenario_id (1000 replicates),
P3,air_only,M3,multiblock,180.0,T,T,MAE,1.5984051525808898,1.5912437527877406,0.46959344148601284,1.4016515594247227,1.7967884415733917,20,percentile bootstrap over scenario_id (1000 replicates),
P3,air_only,M3,multiblock,180.0,T,T,RMSE,1.984901537679575,2.01317519318235,0.5906979534848689,1.7174833960820253,2.213906825371529,20,percentile bootstrap over scenario_id (1000 replicates),
P3,air_only,M3,multiblock,180.0,T,T,skill,0.054149800770573395,0.06979819227326445,0.058083462277721466,0.02685900665053165,0.07610430392458069,20,percentile bootstrap over scenario_id (1000 replicates),
P3,air_only,M3,multiblock,180.0,T+F,T,MAE,1.5984051525808898,1.5912437527877406,0.46959344148601284,1.39920426927754,1.7911781012807342,20,percentile bootstrap over scenario_id (1000 replicates),
P3,air_only,M3,multiblock,180.0,T+F,T,RMSE,1.984901537679575,2.01317519318235,0.5906979534848689,1.7219773616159997,2.21231261141082,20,percentile bootstrap over scenario_id (1000 replicates),
P3,air_only,M3,multiblock,180.0,T+F,T,skill,0.054149800770573395,0.06979819227326445,0.058083462277721466,0.027110226375648673,0.07731756255768671,20,percentile bootstrap over scenario_id (1000 replicates),
P3,air_only,M3,multiblock,180.0,T+F+L,T,MAE,1.5984051525808898,1.5912437527877406,0.46959344148601284,1.3834529193375005,1.794032829409787,20,percentile bootstrap over scenario_id (1000 replicates),
P3,air_only,M3,multiblock,180.0,T+F+L,T,RMSE,1.984901537679575,2.01317519318235,0.5906979534848689,1.727122593311778,2.2372303454585785,20,percentile bootstrap over scenario_id (1000 replicates),
P3,air_only,M3,multiblock,180.0,T+F+L,T,skill,0.054149800770573395,0.06979819227326445,0.058083462277721466,0.028862678487167198,0.07787523240550048,20,percentile bootstrap over scenario_id (1000 replicates),
P3,air_only,M3,multiblock,180.0,T+L,T,MAE,1.5984051525808898,1.5912437527877406,0.46959344148601284,1.4074169145838524,1.7917030076552924,20,percentile bootstrap over scenario_id (1000 replicates),
P3,air_only,M3,multiblock,180.0,T+L,T,RMSE,1.984901537679575,2.01317519318235,0.5906979534848689,1.74425914151446,2.234658328489937,20,percentile bootstrap over scenario_id (1000 replicates),
P3,air_only,M3,multiblock,180.0,T+L,T,skill,0.054149800770573395,0.06979819227326445,0.058083462277721466,0.026181881887274404,0.07757353685892708,20,percentile bootstrap over scenario_id (1000 replicates),
P3,climatology,M2,block,10.0,T,T,MAE,1.2932500410079957,1.2775002002716065,0.7957606088446139,0.9554437373280528,1.6042937784790992,20,percentile bootstrap over scenario_id (1000 replicates),
P3,climatology,M2,block,10.0,T,T,RMSE,1.3277526711964744,1.296236299168409,0.7740940066118364,0.9890229937132407,1.6700967849477122,20,percentile bootstrap over scenario_id (1000 replicates),
P3,climatology,M2,block,10.0,T,T,skill,0.0,0.0,0.0,0.0,0.0,20,percentile bootstrap over scenario_id (1000 replicates),
P3,climatology,M2,block,10.0,T+F,T,MAE,1.2932500410079957,1.2775002002716065,0.7957606088446139,0.9706563146710395,1.6325562686920165,20,percentile bootstrap over scenario_id (1000 replicates),
P3,climatology,M2,block,10.0,T+F,T,RMSE,1.3277526711964744,1.296236299168409,0.7740940066118364,1.0196549258153433,1.6656775963540795,20,percentile bootstrap over scenario_id (1000 replicates),
P3,climatology,M2,block,10.0,T+F,T,skill,0.0,0.0,0.0,0.0,0.0,20,percentile bootstrap over scenario_id (1000 replicates),
P3,climatology,M2,block,10.0,T+F+L,T,MAE,1.2932500410079957,1.2775002002716065,0.7957606088446139,0.9776750166416167,1.6467563576698303,20,percentile bootstrap over scenario_id (1000 replicates),
P3,climatology,M2,block,10.0,T+F+L,T,RMSE,1.3277526711964744,1.296236299168409,0.7740940066118364,0.9882737141266107,1.6654876918346184,20,percentile bootstrap over scenario_id (1000 replicates),
P3,climatology,M2,block,10.0,T+F+L,T,skill,0.0,0.0,0.0,0.0,0.0,20,percentile bootstrap over scenario_id (1000 replicates),
P3,climatology,M2,block,10.0,T+L,T,MAE,1.2932500410079957,1.2775002002716065,0.7957606088446139,0.9692063364386561,1.6475062764286996,20,percentile bootstrap over scenario_id (1000 replicates),
P3,climatology,M2,block,10.0,T+L,T,RMSE,1.3277526711964744,1.296236299168409,0.7740940066118364,1.0042278990356157,1.653568689895622,20,percentile bootstrap over scenario_id (1000 replicates),
P3,climatology,M2,block,10.0,T+L,T,skill,0.0,0.0,0.0,0.0,0.0,20,percentile bootstrap over scenario_id (1000 replicates),
P3,climatology,M2,block,30.0,T,T,MAE,1.306166684627533,1.2008333444595336,0.7141131296128033,1.0024854963024459,1.5950854421456655,20,percentile bootstrap over scenario_id (1000 replicates),
P3,climatology,M2,block,30.0,T,T,RMSE,1.3887098680706342,1.3011407157027701,0.6817494821916091,1.0808230820861242,1.682702762197858,20,percentile bootstrap over scenario_id (1000 replicates),
P3,climatology,M2,block,30.0,T,T,skill,0.0,0.0,0.0,0.0,0.0,20,percentile bootstrap over scenario_id (1000 replicates),
P3,climatology,M2,block,30.0,T+F,T,MAE,1.306166684627533,1.2008333444595336,0.7141131296128033,0.9906437825560568,1.6027729334433871,20,percentile bootstrap over scenario_id (1000 replicates),
P3,climatology,M2,block,30.0,T+F,T,RMSE,1.3887098680706342,1.3011407157027701,0.6817494821916091,1.121864666958795,1.6798479392948424,20,percentile bootstrap over scenario_id (1000 replicates),
P3,climatology,M2,block,30.0,T+F,T,skill,0.0,0.0,0.0,0.0,0.0,20,percentile bootstrap over scenario_id (1000 replicates),
P3,climatology,M2,block,30.0,T+F+L,T,MAE,1.306166684627533,1.2008333444595336,0.7141131296128033,1.0331563018560408,1.6314478758176167,20,percentile bootstrap over scenario_id (1000 replicates),
P3,climatology,M2,block,30.0,T+F+L,T,RMSE,1.3887098680706342,1.3011407157027701,0.6817494821916091,1.1219611761119372,1.672705922884962,20,percentile bootstrap over scenario_id (1000 replicates),
P3,climatology,M2,block,30.0,T+F+L,T,skill,0.0,0.0,0.0,0.0,0.0,20,percentile bootstrap over scenario_id (1000 replicates),
P3,climatology,M2,block,30.0,T+L,T,MAE,1.306166684627533,1.2008333444595336,0.7141131296128033,1.004391668935617,1.6078937751054767,20,percentile bootstrap over scenario_id (1000 replicates),
P3,climatology,M2,block,30.0,T+L,T,RMSE,1.3887098680706342,1.3011407157027701,0.6817494821916091,1.1055331389710046,1.6713671269851258,20,percentile bootstrap over scenario_id (1000 replicates),
P3,climatology,M2,block,30.0,T+L,T,skill,0.0,0.0,0.0,0.0,0.0,20,percentile bootstrap over scenario_id (1000 replicates),
P3,climatology,M2,block,90.0,T,T,MAE,1.2955555327733357,1.4558333449893528,0.6391768759882978,1.0336784590681394,1.5636333017547925,20,percentile bootstrap over scenario_id (1000 replicates),
P3,climatology,M2,block,90.0,T,T,RMSE,1.4520611326755701,1.5916205458606947,0.638518923335904,1.1998407054822964,1.7425742494759962,20,percentile bootstrap over scenario_id (1000 replicates),
P3,climatology,M2,block,90.0,T,T,skill,0.0,0.0,0.0,0.0,0.0,20,percentile bootstrap over scenario_id (1000 replicates),
P3,climatology,M2,block,90.0,T+F,T,MAE,1.2955555327733357,1.4558333449893528,0.6391768759882978,1.0279110890361995,1.5775805281400683,20,percentile bootstrap over scenario_id (1000 replicates),
P3,climatology,M2,block,90.0,T+F,T,RMSE,1.4520611326755701,1.5916205458606947,0.638518923335904,1.193782779428379,1.7411577288667128,20,percentile bootstrap over scenario_id (1000 replicates),
P3,climatology,M2,block,90.0,T+F,T,skill,0.0,0.0,0.0,0.0,0.0,20,percentile bootstrap over scenario_id (1000 replicates),
P3,climatology,M2,block,90.0,T+F+L,T,MAE,1.2955555327733357,1.4558333449893528,0.6391768759882978,1.0371103903121417,1.5703979040847884,20,percentile bootstrap over scenario_id (1000 replicates),
P3,climatology,M2,block,90.0,T+F+L,T,RMSE,1.4520611326755701,1.5916205458606947,0.638518923335904,1.2092719796835945,1.7357769873687636,20,percentile bootstrap over scenario_id (1000 replicates),
P3,climatology,M2,block,90.0,T+F+L,T,skill,0.0,0.0,0.0,0.0,0.0,20,percentile bootstrap over scenario_id (1000 replicates),
P3,climatology,M2,block,90.0,T+L,T,MAE,1.2955555327733357,1.4558333449893528,0.6391768759882978,1.0489666358894771,1.5800325895680318,20,percentile bootstrap over scenario_id (1000 replicates),
P3,climatology,M2,block,90.0,T+L,T,RMSE,1.4520611326755701,1.5916205458606947,0.638518923335904,1.176212225551894,1.7043433813539615,20,percentile bootstrap over scenario_id (1000 replicates),
P3,climatology,M2,block,90.0,T+L,T,skill,0.0,0.0,0.0,0.0,0.0,20,percentile bootstrap over scenario_id (1000 replicates),
P3,climatology,M2,block,180.0,T,T,MAE,1.2178888705041673,1.3026388274298775,0.40903952588430426,1.049513187928332,1.4026423428290422,20,percentile bootstrap over scenario_id (1000 replicates),
P3,climatology,M2,block,180.0,T,T,RMSE,1.428759082527389,1.442526163078763,0.458699383659363,1.2472683458578229,1.6402902589197201,20,percentile bootstrap over scenario_id (1000 replicates),
P3,climatology,M2,block,180.0,T,T,skill,0.0,0.0,0.0,0.0,0.0,20,percentile bootstrap over scenario_id (1000 replicates),
P3,climatology,M2,block,180.0,T+F,T,MAE,1.2178888705041673,1.3026388274298775,0.40903952588430426,1.037380889548196,1.3788715221186476,20,percentile bootstrap over scenario_id (1000 replicates),
P3,climatology,M2,block,180.0,T+F,T,RMSE,1.428759082527389,1.442526163078763,0.458699383659363,1.2354061355641934,1.623209047267965,20,percentile bootstrap over scenario_id (1000 replicates),
P3,climatology,M2,block,180.0,T+F,T,skill,0.0,0.0,0.0,0.0,0.0,20,percentile bootstrap over scenario_id (1000 replicates),
P3,climatology,M2,block,180.0,T+F+L,T,MAE,1.2178888705041673,1.3026388274298775,0.40903952588430426,1.0401392072141171,1.4032888774739372,20,percentile bootstrap over scenario_id (1000 replicates),
P3,climatology,M2,block,180.0,T+F+L,T,RMSE,1.428759082527389,1.442526163078763,0.458699383659363,1.2482052718401428,1.62788077241442,20,percentile bootstrap over scenario_id (1000 replicates),
P3,climatology,M2,block,180.0,T+F+L,T,skill,0.0,0.0,0.0,0.0,0.0,20,percentile bootstrap over scenario_id (1000 replicates),
P3,climatology,M2,block,180.0,T+L,T,MAE,1.2178888705041673,1.3026388274298775,0.40903952588430426,1.049887851830986,1.3930062344868979,20,percentile bootstrap over scenario_id (1000 replicates),
P3,climatology,M2,block,180.0,T+L,T,RMSE,1.428759082527389,1.442526163078763,0.458699383659363,1.231697288620115,1.6199686569913148,20,percentile bootstrap over scenario_id (1000 replicates),
P3,climatology,M2,block,180.0,T+L,T,skill,0.0,0.0,0.0,0.0,0.0,20,percentile bootstrap over scenario_id (1000 replicates),
P3,climatology,M3,multiblock,10.0,T,T,MAE,2.161749973297119,1.9349997997283936,1.0434523783468743,1.7371935350894925,2.5963436558246613,20,percentile bootstrap over scenario_id (1000 replicates),
P3,climatology,M3,multiblock,10.0,T,T,RMSE,2.4897695010230865,2.1198449316789683,1.2000043272275012,1.98449297216108,3.0043412338985545,20,percentile bootstrap over scenario_id (1000 replicates),
P3,climatology,M3,multiblock,10.0,T,T,skill,0.0,0.0,0.0,0.0,0.0,20,percentile bootstrap over scenario_id (1000 replicates),
P3,climatology,M3,multiblock,10.0,T+F,T,MAE,2.161749973297119,1.9349997997283936,1.0434523783468743,1.72474382430315,2.6220686442852017,20,percentile bootstrap over scenario_id (1000 replicates),
P3,climatology,M3,multiblock,10.0,T+F,T,RMSE,2.4897695010230865,2.1198449316789683,1.2000043272275012,2.013916483171496,3.0251891993590854,20,percentile bootstrap over scenario_id (1000 replicates),
P3,climatology,M3,multiblock,10.0,T+F,T,skill,0.0,0.0,0.0,0.0,0.0,20,percentile bootstrap over scenario_id (1000 replicates),
P3,climatology,M3,multiblock,10.0,T+F+L,T,MAE,2.161749973297119,1.9349997997283936,1.0434523783468743,1.732075079381466,2.6073062939047817,20,percentile bootstrap over scenario_id (1000 replicates),
P3,climatology,M3,multiblock,10.0,T+F+L,T,RMSE,2.4897695010230865,2.1198449316789683,1.2000043272275012,2.0151819003813,3.0069016126192913,20,percentile bootstrap over scenario_id (1000 replicates),
P3,climatology,M3,multiblock,10.0,T+F+L,T,skill,0.0,0.0,0.0,0.0,0.0,20,percentile bootstrap over scenario_id (1000 replicates),
P3,climatology,M3,multiblock,10.0,T+L,T,MAE,2.161749973297119,1.9349997997283936,1.0434523783468743,1.7412500602602958,2.595456203460693,20,percentile bootstrap over scenario_id (1000 replicates),
P3,climatology,M3,multiblock,10.0,T+L,T,RMSE,2.4897695010230865,2.1198449316789683,1.2000043272275012,1.998155699312195,3.005352370623771,20,percentile bootstrap over scenario_id (1000 replicates),
P3,climatology,M3,multiblock,10.0,T+L,T,skill,0.0,0.0,0.0,0.0,0.0,20,percentile bootstrap over scenario_id (1000 replicates),
P3,climatology,M3,multiblock,30.0,T,T,MAE,1.8450832986831665,1.8333333174387614,1.0734577563202445,1.3930978337128956,2.3156812299489977,20,percentile bootstrap over scenario_id (1000 replicates),
P3,climatology,M3,multiblock,30.0,T,T,RMSE,2.232966605758507,2.495277096719156,1.2540065060858518,1.7044603106966825,2.7822591265157985,20,percentile bootstrap over scenario_id (1000 replicates),
P3,climatology,M3,multiblock,30.0,T,T,skill,0.0,0.0,0.0,0.0,0.0,20,percentile bootstrap over scenario_id (1000 replicates),
P3,climatology,M3,multiblock,30.0,T+F,T,MAE,1.8450832986831665,1.8333333174387614,1.0734577563202445,1.3964916494886082,2.3003332730333006,20,percentile bootstrap over scenario_id (1000 replicates),
P3,climatology,M3,multiblock,30.0,T+F,T,RMSE,2.232966605758507,2.495277096719156,1.2540065060858518,1.6921779741005554,2.7683787141877154,20,percentile bootstrap over scenario_id (1000 replicates),
P3,climatology,M3,multiblock,30.0,T+F,T,skill,0.0,0.0,0.0,0.0,0.0,20,percentile bootstrap over scenario_id (1000 replicates),
P3,climatology,M3,multiblock,30.0,T+F+L,T,MAE,1.8450832986831665,1.8333333174387614,1.0734577563202445,1.3915583018461863,2.2911436992883676,20,percentile bootstrap over scenario_id (1000 replicates),
P3,climatology,M3,multiblock,30.0,T+F+L,T,RMSE,2.232966605758507,2.495277096719156,1.2540065060858518,1.6764603213956992,2.793198418917239,20,percentile bootstrap over scenario_id (1000 replicates),
P3,climatology,M3,multiblock,30.0,T+F+L,T,skill,0.0,0.0,0.0,0.0,0.0,20,percentile bootstrap over scenario_id (1000 replicates),
P3,climatology,M3,multiblock,30.0,T+L,T,MAE,1.8450832986831665,1.8333333174387614,1.0734577563202445,1.414383297065894,2.339347900748253,20,percentile bootstrap over scenario_id (1000 replicates),
P3,climatology,M3,multiblock,30.0,T+L,T,RMSE,2.232966605758507,2.495277096719156,1.2540065060858518,1.683418538941617,2.749475025657436,20,percentile bootstrap over scenario_id (1000 replicates),
P3,climatology,M3,multiblock,30.0,T+L,T,skill,0.0,0.0,0.0,0.0,0.0,20,percentile bootstrap over scenario_id (1000 replicates),
P3,climatology,M3,multiblock,90.0,T,T,MAE,1.5728611217604744,1.46472221215566,0.7171374648651283,1.27481531352467,1.8751979055868255,20,percentile bootstrap over scenario_id (1000 replicates),
P3,climatology,M3,multiblock,90.0,T,T,RMSE,2.0294141214361527,1.8513452522781506,0.9238706698576314,1.6331422292282758,2.437690670976941,20,percentile bootstrap over scenario_id (1000 replicates),
P3,climatology,M3,multiblock,90.0,T,T,skill,0.0,0.0,0.0,0.0,0.0,20,percentile bootstrap over scenario_id (1000 replicates),
P3,climatology,M3,multiblock,90.0,T+F,T,MAE,1.5728611217604744,1.46472221215566,0.7171374648651283,1.2749243272278044,1.8763993260529304,20,percentile bootstrap over scenario_id (1000 replicates),
P3,climatology,M3,multiblock,90.0,T+F,T,RMSE,2.0294141214361527,1.8513452522781506,0.9238706698576314,1.627807562733854,2.404061768832903,20,percentile bootstrap over scenario_id (1000 replicates),
P3,climatology,M3,multiblock,90.0,T+F,T,skill,0.0,0.0,0.0,0.0,0.0,20,percentile bootstrap over scenario_id (1000 replicates),
P3,climatology,M3,multiblock,90.0,T+F+L,T,MAE,1.5728611217604744,1.46472221215566,0.7171374648651283,1.267843092183272,1.8650139082603987,20,percentile bootstrap over scenario_id (1000 replicates),
P3,climatology,M3,multiblock,90.0,T+F+L,T,RMSE,2.0294141214361527,1.8513452522781506,0.9238706698576314,1.6226277937411036,2.4209054555486413,20,percentile bootstrap over scenario_id (1000 replicates),
P3,climatology,M3,multiblock,90.0,T+F+L,T,skill,0.0,0.0,0.0,0.0,0.0,20,percentile bootstrap over scenario_id (1000 replicates),
P3,climatology,M3,multiblock,90.0,T+L,T,MAE,1.5728611217604744,1.46472221215566,0.7171374648651283,1.2699034817285006,1.8846250187423497,20,percentile bootstrap over scenario_id (1000 replicates),
P3,climatology,M3,multiblock,90.0,T+L,T,RMSE,2.0294141214361527,1.8513452522781506,0.9238706698576314,1.6395800793918764,2.433589534858214,20,percentile bootstrap over scenario_id (1000 replicates),
P3,climatology,M3,multiblock,90.0,T+L,T,skill,0.0,0.0,0.0,0.0,0.0,20,percentile bootstrap over scenario_id (1000 replicates),
P3,climatology,M3,multiblock,180.0,T,T,MAE,1.7182082986831664,1.7850000037087335,0.5651720711956594,1.4803274050586757,1.9525281045767995,20,percentile bootstrap over scenario_id (1000 replicates),
P3,climatology,M3,multiblock,180.0,T,T,RMSE,2.1952316751956173,2.238161765809716,0.7223469146396809,1.8842177133151479,2.498291817212446,20,percentile bootstrap over scenario_id (1000 replicates),
P3,climatology,M3,multiblock,180.0,T,T,skill,0.0,0.0,0.0,0.0,0.0,20,percentile bootstrap over scenario_id (1000 replicates),
P3,climatology,M3,multiblock,180.0,T+F,T,MAE,1.7182082986831664,1.7850000037087335,0.5651720711956594,1.4883711569309233,1.9434916195306513,20,percentile bootstrap over scenario_id (1000 replicates),
P3,climatology,M3,multiblock,180.0,T+F,T,RMSE,2.1952316751956173,2.238161765809716,0.7223469146396809,1.8881087779159753,2.4939905928750896,20,percentile bootstrap over scenario_id (1000 replicates),
P3,climatology,M3,multiblock,180.0,T+F,T,skill,0.0,0.0,0.0,0.0,0.0,20,percentile bootstrap over scenario_id (1000 replicates),
P3,climatology,M3,multiblock,180.0,T+F+L,T,MAE,1.7182082986831664,1.7850000037087335,0.5651720711956594,1.4976138608190748,1.9307770272592704,20,percentile bootstrap over scenario_id (1000 replicates),
P3,climatology,M3,multiblock,180.0,T+F+L,T,RMSE,2.1952316751956173,2.238161765809716,0.7223469146396809,1.8919488096828172,2.487754638017117,20,percentile bootstrap over scenario_id (1000 replicates),
P3,climatology,M3,multiblock,180.0,T+F+L,T,skill,0.0,0.0,0.0,0.0,0.0,20,percentile bootstrap over scenario_id (1000 replicates),
P3,climatology,M3,multiblock,180.0,T+L,T,MAE,1.7182082986831664,1.7850000037087335,0.5651720711956594,1.4602947652803528,1.9337572472426625,20,percentile bootstrap over scenario_id (1000 replicates),
P3,climatology,M3,multiblock,180.0,T+L,T,RMSE,2.1952316751956173,2.238161765809716,0.7223469146396809,1.8701527347119586,2.5203811063173416,20,percentile bootstrap over scenario_id (1000 replicates),
P3,climatology,M3,multiblock,180.0,T+L,T,skill,0.0,0.0,0.0,0.0,0.0,20,percentile bootstrap over scenario_id (1000 replicates),
P3,donor_regression,M2,block,10.0,T,T,MAE,1.1508727057159207,0.7475405687133188,0.7541025295248616,0.842008642930259,1.4811183907330032,20,percentile bootstrap over scenario_id (1000 replicates),
P3,donor_regression,M2,block,10.0,T,T,RMSE,1.1919930833678594,0.8237490329586442,0.7268473427893882,0.8919603320708177,1.4992602605193512,20,percentile bootstrap over scenario_id (1000 replicates),
P3,donor_regression,M2,block,10.0,T,T,skill,-0.08623211301584298,0.1346597114464243,0.7404107572489681,-0.4246485926963537,0.1936599590809515,20,percentile bootstrap over scenario_id (1000 replicates),
P3,donor_regression,M2,block,10.0,T+F,T,MAE,1.1508727057159207,0.7475405687133188,0.7541025295248616,0.8429182484565338,1.4689553133866604,20,percentile bootstrap over scenario_id (1000 replicates),
P3,donor_regression,M2,block,10.0,T+F,T,RMSE,1.1919930833678594,0.8237490329586442,0.7268473427893882,0.9051663871466487,1.4939527905841021,20,percentile bootstrap over scenario_id (1000 replicates),
P3,donor_regression,M2,block,10.0,T+F,T,skill,-0.08623211301584298,0.1346597114464243,0.7404107572489681,-0.43601361901774455,0.19371563657734023,20,percentile bootstrap over scenario_id (1000 replicates),
P3,donor_regression,M2,block,10.0,T+F+L,T,MAE,1.1508727057159207,0.7475405687133188,0.7541025295248616,0.8489366053717954,1.4675796224533089,20,percentile bootstrap over scenario_id (1000 replicates),
P3,donor_regression,M2,block,10.0,T+F+L,T,RMSE,1.1919930833678594,0.8237490329586442,0.7268473427893882,0.8842824050112609,1.5037087537204186,20,percentile bootstrap over scenario_id (1000 replicates),
P3,donor_regression,M2,block,10.0,T+F+L,T,skill,-0.08623211301584298,0.1346597114464243,0.7404107572489681,-0.43049928292426975,0.20507446497776277,20,percentile bootstrap over scenario_id (1000 replicates),
P3,donor_regression,M2,block,10.0,T+L,T,MAE,1.1508727057159207,0.7475405687133188,0.7541025295248616,0.7976613295451691,1.4931305172595846,20,percentile bootstrap over scenario_id (1000 replicates),
P3,donor_regression,M2,block,10.0,T+L,T,RMSE,1.1919930833678594,0.8237490329586442,0.7268473427893882,0.8945107881852477,1.5057188238156654,20,percentile bootstrap over scenario_id (1000 replicates),
P3,donor_regression,M2,block,10.0,T+L,T,skill,-0.08623211301584298,0.1346597114464243,0.7404107572489681,-0.44432879609412745,0.19064031776826532,20,percentile bootstrap over scenario_id (1000 replicates),
P3,donor_regression,M2,block,30.0,T,T,MAE,1.0964701730897064,0.8940819939011366,0.6515423048945456,0.839345782352396,1.3806838176692857,20,percentile bootstrap over scenario_id (1000 replicates),
P3,donor_regression,M2,block,30.0,T,T,RMSE,1.188540360081637,1.025943065060337,0.6213717524488525,0.9457574893515017,1.4536952899652198,20,percentile bootstrap over scenario_id (1000 replicates),
P3,donor_regression,M2,block,30.0,T,T,skill,0.12458361178274333,0.1385682026541714,0.2526731231849091,0.009788610749899899,0.22260362288170374,20,percentile bootstrap over scenario_id (1000 replicates),
P3,donor_regression,M2,block,30.0,T+F,T,MAE,1.0964701730897064,0.8940819939011366,0.6515423048945456,0.8435057487360856,1.3973846505623075,20,percentile bootstrap over scenario_id (1000 replicates),
P3,donor_regression,M2,block,30.0,T+F,T,RMSE,1.188540360081637,1.025943065060337,0.6213717524488525,0.934726767491246,1.4767914033845386,20,percentile bootstrap over scenario_id (1000 replicates),
P3,donor_regression,M2,block,30.0,T+F,T,skill,0.12458361178274333,0.1385682026541714,0.2526731231849091,0.014403832623265151,0.21790223107679305,20,percentile bootstrap over scenario_id (1000 replicates),
P3,donor_regression,M2,block,30.0,T+F+L,T,MAE,1.0964701730897064,0.8940819939011366,0.6515423048945456,0.830802949229981,1.3947257807821554,20,percentile bootstrap over scenario_id (1000 replicates),
P3,donor_regression,M2,block,30.0,T+F+L,T,RMSE,1.188540360081637,1.025943065060337,0.6213717524488525,0.9235908198406857,1.4534114581384436,20,percentile bootstrap over scenario_id (1000 replicates),
P3,donor_regression,M2,block,30.0,T+F+L,T,skill,0.12458361178274333,0.1385682026541714,0.2526731231849091,0.012826900165331988,0.22287338591539657,20,percentile bootstrap over scenario_id (1000 replicates),
P3,donor_regression,M2,block,30.0,T+L,T,MAE,1.0964701730897064,0.8940819939011366,0.6515423048945456,0.8493499473163867,1.3916355379272964,20,percentile bootstrap over scenario_id (1000 replicates),
P3,donor_regression,M2,block,30.0,T+L,T,RMSE,1.188540360081637,1.025943065060337,0.6213717524488525,0.9222485607376792,1.4650109549180397,20,percentile bootstrap over scenario_id (1000 replicates),
P3,donor_regression,M2,block,30.0,T+L,T,skill,0.12458361178274333,0.1385682026541714,0.2526731231849091,0.0043912582098083715,0.22429578084448204,20,percentile bootstrap over scenario_id (1000 replicates),
P3,donor_regression,M2,block,90.0,T,T,MAE,1.104247356004675,1.3015860986575265,0.5305238909139411,0.8846233866284055,1.3088782628563917,20,percentile bootstrap over scenario_id (1000 replicates),
P3,donor_regression,M2,block,90.0,T,T,RMSE,1.2430581676446493,1.4296466440847428,0.5443574427986759,1.0227773484135183,1.4826588011420867,20,percentile bootstrap over scenario_id (1000 replicates),
P3,donor_regression,M2,block,90.0,T,T,skill,0.14027612277180207,0.17805504328347832,0.12494734059134742,0.08509402784364412,0.19322384963462935,20,percentile bootstrap over scenario_id (1000 replicates),
P3,donor_regression,M2,block,90.0,T+F,T,MAE,1.104247356004675,1.3015860986575265,0.5305238909139411,0.8856466810956588,1.320863237504045,20,percentile bootstrap over scenario_id (1000 replicates),
P3,donor_regression,M2,block,90.0,T+F,T,RMSE,1.2430581676446493,1.4296466440847428,0.5443574427986759,1.0332654594675243,1.481824830593381,20,percentile bootstrap over scenario_id (1000 replicates),
P3,donor_regression,M2,block,90.0,T+F,T,skill,0.14027612277180207,0.17805504328347832,0.12494734059134742,0.08938310139331163,0.18812049112744722,20,percentile bootstrap over scenario_id (1000 replicates),
P3,donor_regression,M2,block,90.0,T+F+L,T,MAE,1.104247356004675,1.3015860986575265,0.5305238909139411,0.8841620382694727,1.3254142888712406,20,percentile bootstrap over scenario_id (1000 replicates),
P3,donor_regression,M2,block,90.0,T+F+L,T,RMSE,1.2430581676446493,1.4296466440847428,0.5443574427986759,1.0032892641063564,1.4834474084238385,20,percentile bootstrap over scenario_id (1000 replicates),
P3,donor_regression,M2,block,90.0,T+F+L,T,skill,0.14027612277180207,0.17805504328347832,0.12494734059134742,0.08746218992407166,0.19129343980658628,20,percentile bootstrap over scenario_id (1000 replicates),
P3,donor_regression,M2,block,90.0,T+L,T,MAE,1.104247356004675,1.3015860986575265,0.5305238909139411,0.8976524920661687,1.3322013270626367,20,percentile bootstrap over scenario_id (1000 replicates),
P3,donor_regression,M2,block,90.0,T+L,T,RMSE,1.2430581676446493,1.4296466440847428,0.5443574427986759,1.0038599788222589,1.4769003349390177,20,percentile bootstrap over scenario_id (1000 replicates),
P3,donor_regression,M2,block,90.0,T+L,T,skill,0.14027612277180207,0.17805504328347832,0.12494734059134742,0.08286334773207212,0.1916726080075114,20,percentile bootstrap over scenario_id (1000 replicates),
P3,donor_regression,M2,block,180.0,T,T,MAE,1.087595368388214,1.1626089801043114,0.328722707088427,0.9436793635269294,1.232099455626286,20,percentile bootstrap over scenario_id (1000 replicates),
P3,donor_regression,M2,block,180.0,T,T,RMSE,1.2819182881954407,1.323703129367035,0.341180964018772,1.135848343554619,1.4288741282219546,20,percentile bootstrap over scenario_id (1000 replicates),
P3,donor_regression,M2,block,180.0,T,T,skill,0.09260868175077296,0.10394205620497599,0.10086941584792972,0.04788055219066336,0.13489858495859108,20,percentile bootstrap over scenario_id (1000 replicates),
P3,donor_regression,M2,block,180.0,T+F,T,MAE,1.087595368388214,1.1626089801043114,0.328722707088427,0.9532823960759519,1.2245630977907913,20,percentile bootstrap over scenario_id (1000 replicates),
P3,donor_regression,M2,block,180.0,T+F,T,RMSE,1.2819182881954407,1.323703129367035,0.341180964018772,1.1478551121421396,1.4308581316776694,20,percentile bootstrap over scenario_id (1000 replicates),
P3,donor_regression,M2,block,180.0,T+F,T,skill,0.09260868175077296,0.10394205620497599,0.10086941584792972,0.0478614266647607,0.13170094539309526,20,percentile bootstrap over scenario_id (1000 replicates),
P3,donor_regression,M2,block,180.0,T+F+L,T,MAE,1.087595368388214,1.1626089801043114,0.328722707088427,0.9445493228104832,1.2351552041149807,20,percentile bootstrap over scenario_id (1000 replicates),
P3,donor_regression,M2,block,180.0,T+F+L,T,RMSE,1.2819182881954407,1.323703129367035,0.341180964018772,1.129459409723666,1.4166616729833474,20,percentile bootstrap over scenario_id (1000 replicates),
P3,donor_regression,M2,block,180.0,T+F+L,T,skill,0.09260868175077296,0.10394205620497599,0.10086941584792972,0.04761457727351519,0.13379526165393604,20,percentile bootstrap over scenario_id (1000 replicates),
P3,donor_regression,M2,block,180.0,T+L,T,MAE,1.087595368388214,1.1626089801043114,0.328722707088427,0.9505778232888223,1.2230199486173556,20,percentile bootstrap over scenario_id (1000 replicates),
P3,donor_regression,M2,block,180.0,T+L,T,RMSE,1.2819182881954407,1.323703129367035,0.341180964018772,1.1360473405573708,1.4302226213898255,20,percentile bootstrap over scenario_id (1000 replicates),
P3,donor_regression,M2,block,180.0,T+L,T,skill,0.09260868175077296,0.10394205620497599,0.10086941584792972,0.04841070593568464,0.1335139035129674,20,percentile bootstrap over scenario_id (1000 replicates),
P3,donor_regression,M3,multiblock,10.0,T,T,MAE,1.8153053229291392,1.706501212272868,0.831619984193649,1.4618486172564382,2.214116355716455,20,percentile bootstrap over scenario_id (1000 replicates),
P3,donor_regression,M3,multiblock,10.0,T,T,RMSE,2.1107324635372935,1.9272804382963773,0.9676548336396447,1.68294974964589,2.5390787188836925,20,percentile bootstrap over scenario_id (1000 replicates),
P3,donor_regression,M3,multiblock,10.0,T,T,skill,0.14318034130199397,0.15598023760540447,0.15414149532420993,0.07674840215397638,0.20676941227939008,20,percentile bootstrap over scenario_id (1000 replicates),
P3,donor_regression,M3,multiblock,10.0,T+F,T,MAE,1.8153053229291392,1.706501212272868,0.831619984193649,1.4759688557807709,2.1751519387875176,20,percentile bootstrap over scenario_id (1000 replicates),
P3,donor_regression,M3,multiblock,10.0,T+F,T,RMSE,2.1107324635372935,1.9272804382963773,0.9676548336396447,1.7266861523673334,2.5549956751368534,20,percentile bootstrap over scenario_id (1000 replicates),
P3,donor_regression,M3,multiblock,10.0,T+F,T,skill,0.14318034130199397,0.15598023760540447,0.15414149532420993,0.07245692780154242,0.2077262165525277,20,percentile bootstrap over scenario_id (1000 replicates),
P3,donor_regression,M3,multiblock,10.0,T+F+L,T,MAE,1.8153053229291392,1.706501212272868,0.831619984193649,1.4604764063920181,2.174137310256024,20,percentile bootstrap over scenario_id (1000 replicates),
P3,donor_regression,M3,multiblock,10.0,T+F+L,T,RMSE,2.1107324635372935,1.9272804382963773,0.9676548336396447,1.7112705696297081,2.5220082139206914,20,percentile bootstrap over scenario_id (1000 replicates),
P3,donor_regression,M3,multiblock,10.0,T+F+L,T,skill,0.14318034130199397,0.15598023760540447,0.15414149532420993,0.07426769828414458,0.20817253294009502,20,percentile bootstrap over scenario_id (1000 replicates),
P3,donor_regression,M3,multiblock,10.0,T+L,T,MAE,1.8153053229291392,1.706501212272868,0.831619984193649,1.465262421082773,2.171584431502467,20,percentile bootstrap over scenario_id (1000 replicates),
P3,donor_regression,M3,multiblock,10.0,T+L,T,RMSE,2.1107324635372935,1.9272804382963773,0.9676548336396447,1.692898388325666,2.4960937070987024,20,percentile bootstrap over scenario_id (1000 replicates),
P3,donor_regression,M3,multiblock,10.0,T+L,T,skill,0.14318034130199397,0.15598023760540447,0.15414149532420993,0.07580331255142206,0.2052504179966902,20,percentile bootstrap over scenario_id (1000 replicates),
P3,donor_regression,M3,multiblock,30.0,T,T,MAE,1.5730369312928345,1.597377597555207,0.8786341406271505,1.219650226511048,1.9274050196639225,20,percentile bootstrap over scenario_id (1000 replicates),
P3,donor_regression,M3,multiblock,30.0,T,T,RMSE,1.895747036722065,2.0104584757442794,1.0374130463065196,1.4796015348603444,2.3252264763190604,20,percentile bootstrap over scenario_id (1000 replicates),
P3,donor_regression,M3,multiblock,30.0,T,T,skill,0.11788994303794782,0.1650005844157269,0.21184833408763823,0.018765511814504324,0.20135475472693692,20,percentile bootstrap over scenario_id (1000 replicates),
P3,donor_regression,M3,multiblock,30.0,T+F,T,MAE,1.5730369312928345,1.597377597555207,0.8786341406271505,1.214885643931142,1.926540529310251,20,percentile bootstrap over scenario_id (1000 replicates),
P3,donor_regression,M3,multiblock,30.0,T+F,T,RMSE,1.895747036722065,2.0104584757442794,1.0374130463065196,1.441697661979115,2.329136809630526,20,percentile bootstrap over scenario_id (1000 replicates),
P3,donor_regression,M3,multiblock,30.0,T+F,T,skill,0.11788994303794782,0.1650005844157269,0.21184833408763823,0.023715480993744775,0.19810226262717562,20,percentile bootstrap over scenario_id (1000 replicates),
P3,donor_regression,M3,multiblock,30.0,T+F+L,T,MAE,1.5730369312928345,1.597377597555207,0.8786341406271505,1.2063664620418317,1.9445814492623463,20,percentile bootstrap over scenario_id (1000 replicates),
P3,donor_regression,M3,multiblock,30.0,T+F+L,T,RMSE,1.895747036722065,2.0104584757442794,1.0374130463065196,1.4641451589708308,2.322876360806457,20,percentile bootstrap over scenario_id (1000 replicates),
P3,donor_regression,M3,multiblock,30.0,T+F+L,T,skill,0.11788994303794782,0.1650005844157269,0.21184833408763823,0.012733950081575823,0.2013271758337171,20,percentile bootstrap over scenario_id (1000 replicates),
P3,donor_regression,M3,multiblock,30.0,T+L,T,MAE,1.5730369312928345,1.597377597555207,0.8786341406271505,1.2083434597023004,1.9419073952076693,20,percentile bootstrap over scenario_id (1000 replicates),
P3,donor_regression,M3,multiblock,30.0,T+L,T,RMSE,1.895747036722065,2.0104584757442794,1.0374130463065196,1.4797672612897292,2.346763746052512,20,percentile bootstrap over scenario_id (1000 replicates),
P3,donor_regression,M3,multiblock,30.0,T+L,T,skill,0.11788994303794782,0.1650005844157269,0.21184833408763823,0.027998386816381265,0.20567486989620135,20,percentile bootstrap over scenario_id (1000 replicates),
P3,donor_regression,M3,multiblock,90.0,T,T,MAE,1.3729350163399923,1.1645853141193871,0.5601273292062947,1.1352627840987686,1.622987794183863,20,percentile bootstrap over scenario_id (1000 replicates),
P3,donor_regression,M3,multiblock,90.0,T,T,RMSE,1.7392977252065038,1.4201152558304866,0.7154345512718912,1.4473126682035207,2.057792494338995,20,percentile bootstrap over scenario_id (1000 replicates),
P3,donor_regression,M3,multiblock,90.0,T,T,skill,0.08792689215103981,0.12197541455331157,0.15448595411164245,0.020553154394782988,0.14909544270739036,20,percentile bootstrap over scenario_id (1000 replicates),
P3,donor_regression,M3,multiblock,90.0,T+F,T,MAE,1.3729350163399923,1.1645853141193871,0.5601273292062947,1.1462792251674234,1.6247318191335705,20,percentile bootstrap over scenario_id (1000 replicates),
P3,donor_regression,M3,multiblock,90.0,T+F,T,RMSE,1.7392977252065038,1.4201152558304866,0.7154345512718912,1.4451336305985734,2.0492805278424675,20,percentile bootstrap over scenario_id (1000 replicates),
P3,donor_regression,M3,multiblock,90.0,T+F,T,skill,0.08792689215103981,0.12197541455331157,0.15448595411164245,0.022156054574961274,0.15140452683572037,20,percentile bootstrap over scenario_id (1000 replicates),
P3,donor_regression,M3,multiblock,90.0,T+F+L,T,MAE,1.3729350163399923,1.1645853141193871,0.5601273292062947,1.130238793759399,1.6156478798186296,20,percentile bootstrap over scenario_id (1000 replicates),
P3,donor_regression,M3,multiblock,90.0,T+F+L,T,RMSE,1.7392977252065038,1.4201152558304866,0.7154345512718912,1.4317709775738061,2.0698749871845306,20,percentile bootstrap over scenario_id (1000 replicates),
P3,donor_regression,M3,multiblock,90.0,T+F+L,T,skill,0.08792689215103981,0.12197541455331157,0.15448595411164245,0.01814289931289412,0.1517831613232313,20,percentile bootstrap over scenario_id (1000 replicates),
P3,donor_regression,M3,multiblock,90.0,T+L,T,MAE,1.3729350163399923,1.1645853141193871,0.5601273292062947,1.143259452059392,1.6081384804764858,20,percentile bootstrap over scenario_id (1000 replicates),
P3,donor_regression,M3,multiblock,90.0,T+L,T,RMSE,1.7392977252065038,1.4201152558304866,0.7154345512718912,1.444437986632566,2.0613427024987483,20,percentile bootstrap over scenario_id (1000 replicates),
P3,donor_regression,M3,multiblock,90.0,T+L,T,skill,0.08792689215103981,0.12197541455331157,0.15448595411164245,0.018940140511469965,0.1478270161579687,20,percentile bootstrap over scenario_id (1000 replicates),
P3,donor_regression,M3,multiblock,180.0,T,T,MAE,1.43349297576445,1.3858835186487322,0.3797192135426809,1.2679782013578973,1.5889228312885315,20,percentile bootstrap over scenario_id (1000 replicates),
P3,donor_regression,M3,multiblock,180.0,T,T,RMSE,1.826526444921281,1.7309415612183288,0.49922468230627326,1.6216440205010898,2.044299786901523,20,percentile bootstrap over scenario_id (1000 replicates),
P3,donor_regression,M3,multiblock,180.0,T,T,skill,0.1329395732655631,0.18661198859989037,0.13084352465187696,0.07292554947014425,0.18485006847084226,20,percentile bootstrap over scenario_id (1000 replicates),
P3,donor_regression,M3,multiblock,180.0,T+F,T,MAE,1.43349297576445,1.3858835186487322,0.3797192135426809,1.268607049762549,1.5836669314678375,20,percentile bootstrap over scenario_id (1000 replicates),
P3,donor_regression,M3,multiblock,180.0,T+F,T,RMSE,1.826526444921281,1.7309415612183288,0.49922468230627326,1.6153800293751983,2.0320656258926455,20,percentile bootstrap over scenario_id (1000 replicates),
P3,donor_regression,M3,multiblock,180.0,T+F,T,skill,0.1329395732655631,0.18661198859989037,0.13084352465187696,0.07094530332190745,0.18204862983884462,20,percentile bootstrap over scenario_id (1000 replicates),
P3,donor_regression,M3,multiblock,180.0,T+F+L,T,MAE,1.43349297576445,1.3858835186487322,0.3797192135426809,1.271356790462529,1.588085021024261,20,percentile bootstrap over scenario_id (1000 replicates),
P3,donor_regression,M3,multiblock,180.0,T+F+L,T,RMSE,1.826526444921281,1.7309415612183288,0.49922468230627326,1.6093392968086777,2.043473549260087,20,percentile bootstrap over scenario_id (1000 replicates),
P3,donor_regression,M3,multiblock,180.0,T+F+L,T,skill,0.1329395732655631,0.18661198859989037,0.13084352465187696,0.06727861657502889,0.18283571887189937,20,percentile bootstrap over scenario_id (1000 replicates),
P3,donor_regression,M3,multiblock,180.0,T+L,T,MAE,1.43349297576445,1.3858835186487322,0.3797192135426809,1.2620023571581127,1.5984210246572619,20,percentile bootstrap over scenario_id (1000 replicates),
P3,donor_regression,M3,multiblock,180.0,T+L,T,RMSE,1.826526444921281,1.7309415612183288,0.49922468230627326,1.6143131582074006,2.0496941746741872,20,percentile bootstrap over scenario_id (1000 replicates),
P3,donor_regression,M3,multiblock,180.0,T+L,T,skill,0.1329395732655631,0.18661198859989037,0.13084352465187696,0.07324820039586537,0.18330121248747336,20,percentile bootstrap over scenario_id (1000 replicates),
P3,kalman,M2,block,10.0,T,T,MAE,0.18901657413025336,0.1387331300674507,0.15144601708263694,0.131295436632421,0.25690503451763663,20,percentile bootstrap over scenario_id (1000 replicates),
P3,kalman,M2,block,10.0,T,T,RMSE,0.2275845789662101,0.16540568438944542,0.18194224823028143,0.16094558010769242,0.3088770690629825,20,percentile bootstrap over scenario_id (1000 replicates),
P3,kalman,M2,block,10.0,T,T,skill,0.6947659993565992,0.8724544324239856,0.44322568655587347,0.4778841876332843,0.8482748821733537,20,percentile bootstrap over scenario_id (1000 replicates),
P3,kalman,M2,block,10.0,T+F,T,MAE,0.18901657413025336,0.1387331300674507,0.15144601708263694,0.12911230808157753,0.2600293790339852,20,percentile bootstrap over scenario_id (1000 replicates),
P3,kalman,M2,block,10.0,T+F,T,RMSE,0.2275845789662101,0.16540568438944542,0.18194224823028143,0.15781769584230737,0.31703960024401645,20,percentile bootstrap over scenario_id (1000 replicates),
P3,kalman,M2,block,10.0,T+F,T,skill,0.6947659993565992,0.8724544324239856,0.44322568655587347,0.47422445350765774,0.8480937872274131,20,percentile bootstrap over scenario_id (1000 replicates),
P3,kalman,M2,block,10.0,T+F+L,T,MAE,0.18901657413025336,0.1387331300674507,0.15144601708263694,0.1298433198485054,0.2594938949570019,20,percentile bootstrap over scenario_id (1000 replicates),
P3,kalman,M2,block,10.0,T+F+L,T,RMSE,0.2275845789662101,0.16540568438944542,0.18194224823028143,0.15605831196454356,0.3053592332632658,20,percentile bootstrap over scenario_id (1000 replicates),
P3,kalman,M2,block,10.0,T+F+L,T,skill,0.6947659993565992,0.8724544324239856,0.44322568655587347,0.4677596147912112,0.856222906539444,20,percentile bootstrap over scenario_id (1000 replicates),
P3,kalman,M2,block,10.0,T+L,T,MAE,0.18901657413025336,0.1387331300674507,0.15144601708263694,0.12973110802410776,0.25286611278941185,20,percentile bootstrap over scenario_id (1000 replicates),
P3,kalman,M2,block,10.0,T+L,T,RMSE,0.2275845789662101,0.16540568438944542,0.18194224823028143,0.16029325294623323,0.31311259438468625,20,percentile bootstrap over scenario_id (1000 replicates),
P3,kalman,M2,block,10.0,T+L,T,skill,0.6947659993565992,0.8724544324239856,0.44322568655587347,0.47330507652686166,0.8420686763302092,20,percentile bootstrap over scenario_id (1000 replicates),
P3,kalman,M2,block,30.0,T,T,MAE,0.3643764757577438,0.3281707990727525,0.19945505552268344,0.280970400451354,0.4469882759785395,20,percentile bootstrap over scenario_id (1000 replicates),
P3,kalman,M2,block,30.0,T,T,RMSE,0.4348733733835674,0.40421464193079704,0.22327125431879097,0.3451200548172122,0.5264473850003175,20,percentile bootstrap over scenario_id (1000 replicates),
P3,kalman,M2,block,30.0,T,T,skill,0.5804383293119113,0.6911956357116736,0.3214350917852339,0.4407087331733686,0.7105293837465544,20,percentile bootstrap over scenario_id (1000 replicates),
P3,kalman,M2,block,30.0,T+F,T,MAE,0.3643764757577438,0.3281707990727525,0.19945505552268344,0.28308593668199455,0.4502719281152037,20,percentile bootstrap over scenario_id (1000 replicates),
P3,kalman,M2,block,30.0,T+F,T,RMSE,0.4348733733835674,0.40421464193079704,0.22327125431879097,0.34385445129029174,0.52824844447499,20,percentile bootstrap over scenario_id (1000 replicates),
P3,kalman,M2,block,30.0,T+F,T,skill,0.5804383293119113,0.6911956357116736,0.3214350917852339,0.43779653505542876,0.7177211062533148,20,percentile bootstrap over scenario_id (1000 replicates),
P3,kalman,M2,block,30.0,T+F+L,T,MAE,0.3643764757577438,0.3281707990727525,0.19945505552268344,0.2866981650618074,0.4495750366444237,20,percentile bootstrap over scenario_id (1000 replicates),
P3,kalman,M2,block,30.0,T+F+L,T,RMSE,0.4348733733835674,0.40421464193079704,0.22327125431879097,0.3452253865663492,0.5350212375042686,20,percentile bootstrap over scenario_id (1000 replicates),
P3,kalman,M2,block,30.0,T+F+L,T,skill,0.5804383293119113,0.6911956357116736,0.3214350917852339,0.4338192698387868,0.7093950278954166,20,percentile bootstrap over scenario_id (1000 replicates),
P3,kalman,M2,block,30.0,T+L,T,MAE,0.3643764757577438,0.3281707990727525,0.19945505552268344,0.28187731174909897,0.4576192780168894,20,percentile bootstrap over scenario_id (1000 replicates),
P3,kalman,M2,block,30.0,T+L,T,RMSE,0.4348733733835674,0.40421464193079704,0.22327125431879097,0.3484074718784842,0.5299068095263887,20,percentile bootstrap over scenario_id (1000 replicates),
P3,kalman,M2,block,30.0,T+L,T,skill,0.5804383293119113,0.6911956357116736,0.3214350917852339,0.43900409612902697,0.7115628983934609,20,percentile bootstrap over scenario_id (1000 replicates),
P3,kalman,M2,block,90.0,T,T,MAE,0.48016754285477947,0.4324254708888169,0.1794110205417797,0.3998596140183028,0.5608234662292173,20,percentile bootstrap over scenario_id (1000 replicates),
P3,kalman,M2,block,90.0,T,T,RMSE,0.5964760905308637,0.5480422110365272,0.20739262831111221,0.5097182469962871,0.6864151991678451,20,percentile bootstrap over scenario_id (1000 replicates),
P3,kalman,M2,block,90.0,T,T,skill,0.47910479538695483,0.6571604927495274,0.4355544941538612,0.28244372589494326,0.637481642387765,20,percentile bootstrap over scenario_id (1000 replicates),
P3,kalman,M2,block,90.0,T+F,T,MAE,0.48016754285477947,0.4324254708888169,0.1794110205417797,0.4012977187110833,0.5582300529373285,20,percentile bootstrap over scenario_id (1000 replicates),
P3,kalman,M2,block,90.0,T+F,T,RMSE,0.5964760905308637,0.5480422110365272,0.20739262831111221,0.5084827333810683,0.6860162653824179,20,percentile bootstrap over scenario_id (1000 replicates),
P3,kalman,M2,block,90.0,T+F,T,skill,0.47910479538695483,0.6571604927495274,0.4355544941538612,0.2784280102437634,0.650038155244774,20,percentile bootstrap over scenario_id (1000 replicates),
P3,kalman,M2,block,90.0,T+F+L,T,MAE,0.48016754285477947,0.4324254708888169,0.1794110205417797,0.4001001315224089,0.5559602806997024,20,percentile bootstrap over scenario_id (1000 replicates),
P3,kalman,M2,block,90.0,T+F+L,T,RMSE,0.5964760905308637,0.5480422110365272,0.20739262831111221,0.510567022995193,0.6831968701553769,20,percentile bootstrap over scenario_id (1000 replicates),
P3,kalman,M2,block,90.0,T+F+L,T,skill,0.47910479538695483,0.6571604927495274,0.4355544941538612,0.29196182008894994,0.6546768472693835,20,percentile bootstrap over scenario_id (1000 replicates),
P3,kalman,M2,block,90.0,T+L,T,MAE,0.48016754285477947,0.4324254708888169,0.1794110205417797,0.4003378141344028,0.5535973265096574,20,percentile bootstrap over scenario_id (1000 replicates),
P3,kalman,M2,block,90.0,T+L,T,RMSE,0.5964760905308637,0.5480422110365272,0.20739262831111221,0.5031520386889738,0.6894359399307354,20,percentile bootstrap over scenario_id (1000 replicates),
P3,kalman,M2,block,90.0,T+L,T,skill,0.47910479538695483,0.6571604927495274,0.4355544941538612,0.2891068075551622,0.6496350416758649,20,percentile bootstrap over scenario_id (1000 replicates),
P3,kalman,M2,block,180.0,T,T,MAE,1.1193746332268033,1.0405077322374034,0.4541370713290969,0.938663987068015,1.3453772925569496,20,percentile bootstrap over scenario_id (1000 replicates),
P3,kalman,M2,block,180.0,T,T,RMSE,1.3100761692236722,1.2556644959067058,0.4720228179989611,1.1298622504764477,1.5382304014771502,20,percentile bootstrap over scenario_id (1000 replicates),
P3,kalman,M2,block,180.0,T,T,skill,-0.04460466510346949,0.19028288814842498,0.6685668081531333,-0.3748620665353444,0.19055148440858766,20,percentile bootstrap over scenario_id (1000 replicates),
P3,kalman,M2,block,180.0,T+F,T,MAE,1.1193746332268033,1.0405077322374034,0.4541370713290969,0.9474188024696799,1.3377007435339066,20,percentile bootstrap over scenario_id (1000 replicates),
P3,kalman,M2,block,180.0,T+F,T,RMSE,1.3100761692236722,1.2556644959067058,0.4720228179989611,1.1323116588506017,1.5326365499210892,20,percentile bootstrap over scenario_id (1000 replicates),
P3,kalman,M2,block,180.0,T+F,T,skill,-0.04460466510346949,0.19028288814842498,0.6685668081531333,-0.3638908626468182,0.19397655304373645,20,percentile bootstrap over scenario_id (1000 replicates),
P3,kalman,M2,block,180.0,T+F+L,T,MAE,1.1193746332268033,1.0405077322374034,0.4541370713290969,0.9503394008206887,1.3240884170028449,20,percentile bootstrap over scenario_id (1000 replicates),
P3,kalman,M2,block,180.0,T+F+L,T,RMSE,1.3100761692236722,1.2556644959067058,0.4720228179989611,1.1151021725389783,1.5175746493135727,20,percentile bootstrap over scenario_id (1000 replicates),
P3,kalman,M2,block,180.0,T+F+L,T,skill,-0.04460466510346949,0.19028288814842498,0.6685668081531333,-0.335364784660389,0.19482509083345334,20,percentile bootstrap over scenario_id (1000 replicates),
P3,kalman,M2,block,180.0,T+L,T,MAE,1.1193746332268033,1.0405077322374034,0.4541370713290969,0.9509248899006353,1.3442877394088828,20,percentile bootstrap over scenario_id (1000 replicates),
P3,kalman,M2,block,180.0,T+L,T,RMSE,1.3100761692236722,1.2556644959067058,0.4720228179989611,1.1299179780952835,1.5343857763166653,20,percentile bootstrap over scenario_id (1000 replicates),
P3,kalman,M2,block,180.0,T+L,T,skill,-0.04460466510346949,0.19028288814842498,0.6685668081531333,-0.3957377777720155,0.17812685447478765,20,percentile bootstrap over scenario_id (1000 replicates),
P3,kalman,M3,multiblock,10.0,T,T,MAE,0.107494558208354,0.09180355317173036,0.047003794655240363,0.08863548582331723,0.12900878168188512,20,percentile bootstrap over scenario_id (1000 replicates),
P3,kalman,M3,multiblock,10.0,T,T,RMSE,0.13636474242024887,0.1213379762343208,0.06148555632227723,0.11286328757108652,0.1635552064425641,20,percentile bootstrap over scenario_id (1000 replicates),
P3,kalman,M3,multiblock,10.0,T,T,skill,0.9336477147409937,0.9456331615363003,0.052024314394795615,0.9097154770346252,0.9541057472031218,20,percentile bootstrap over scenario_id (1000 replicates),
P3,kalman,M3,multiblock,10.0,T+F,T,MAE,0.107494558208354,0.09180355317173036,0.047003794655240363,0.08813116277014924,0.1284033048206228,20,percentile bootstrap over scenario_id (1000 replicates),
P3,kalman,M3,multiblock,10.0,T+F,T,RMSE,0.13636474242024887,0.1213379762343208,0.06148555632227723,0.112543307477649,0.16304621607407033,20,percentile bootstrap over scenario_id (1000 replicates),
P3,kalman,M3,multiblock,10.0,T+F,T,skill,0.9336477147409937,0.9456331615363003,0.052024314394795615,0.9069955369933953,0.9534945190420477,20,percentile bootstrap over scenario_id (1000 replicates),
P3,kalman,M3,multiblock,10.0,T+F+L,T,MAE,0.107494558208354,0.09180355317173036,0.047003794655240363,0.08957440981572151,0.12869243403033895,20,percentile bootstrap over scenario_id (1000 replicates),
P3,kalman,M3,multiblock,10.0,T+F+L,T,RMSE,0.13636474242024887,0.1213379762343208,0.06148555632227723,0.11144283276326805,0.16495348437045879,20,percentile bootstrap over scenario_id (1000 replicates),
P3,kalman,M3,multiblock,10.0,T+F+L,T,skill,0.9336477147409937,0.9456331615363003,0.052024314394795615,0.9101734934317736,0.9531214113103336,20,percentile bootstrap over scenario_id (1000 replicates),
P3,kalman,M3,multiblock,10.0,T+L,T,MAE,0.107494558208354,0.09180355317173036,0.047003794655240363,0.08985864778153022,0.12650195391332164,20,percentile bootstrap over scenario_id (1000 replicates),
P3,kalman,M3,multiblock,10.0,T+L,T,RMSE,0.13636474242024887,0.1213379762343208,0.06148555632227723,0.11123706928188853,0.1642424789669335,20,percentile bootstrap over scenario_id (1000 replicates),
P3,kalman,M3,multiblock,10.0,T+L,T,skill,0.9336477147409937,0.9456331615363003,0.052024314394795615,0.9083421282952102,0.9530204976772645,20,percentile bootstrap over scenario_id (1000 replicates),
P3,kalman,M3,multiblock,30.0,T,T,MAE,0.18082910541886305,0.17141390807503587,0.07908664630245499,0.1484679043946674,0.21725614656571282,20,percentile bootstrap over scenario_id (1000 replicates),
P3,kalman,M3,multiblock,30.0,T,T,RMSE,0.22582563031835873,0.21133377603382997,0.09836365308824652,0.18453534412057476,0.2675258968802238,20,percentile bootstrap over scenario_id (1000 replicates),
P3,kalman,M3,multiblock,30.0,T,T,skill,0.8315357534756611,0.9052812401132546,0.18216989365067546,0.7443385049052538,0.9006945318983282,20,percentile bootstrap over scenario_id (1000 replicates),
P3,kalman,M3,multiblock,30.0,T+F,T,MAE,0.18082910541886305,0.17141390807503587,0.07908664630245499,0.14949426724334178,0.21756612396361585,20,percentile bootstrap over scenario_id (1000 replicates),
P3,kalman,M3,multiblock,30.0,T+F,T,RMSE,0.22582563031835873,0.21133377603382997,0.09836365308824652,0.18471964818353429,0.2707253945902614,20,percentile bootstrap over scenario_id (1000 replicates),
P3,kalman,M3,multiblock,30.0,T+F,T,skill,0.8315357534756611,0.9052812401132546,0.18216989365067546,0.7451198004094143,0.8987113964754551,20,percentile bootstrap over scenario_id (1000 replicates),
P3,kalman,M3,multiblock,30.0,T+F+L,T,MAE,0.18082910541886305,0.17141390807503587,0.07908664630245499,0.1503934251271506,0.2160379224963982,20,percentile bootstrap over scenario_id (1000 replicates),
P3,kalman,M3,multiblock,30.0,T+F+L,T,RMSE,0.22582563031835873,0.21133377603382997,0.09836365308824652,0.1856448497251821,0.27039427188691967,20,percentile bootstrap over scenario_id (1000 replicates),
P3,kalman,M3,multiblock,30.0,T+F+L,T,skill,0.8315357534756611,0.9052812401132546,0.18216989365067546,0.7438513025215112,0.9027402438454555,20,percentile bootstrap over scenario_id (1000 replicates),
P3,kalman,M3,multiblock,30.0,T+L,T,MAE,0.18082910541886305,0.17141390807503587,0.07908664630245499,0.1475513909592402,0.2165542353399607,20,percentile bootstrap over scenario_id (1000 replicates),
P3,kalman,M3,multiblock,30.0,T+L,T,RMSE,0.22582563031835873,0.21133377603382997,0.09836365308824652,0.187317248749543,0.27272237529174864,20,percentile bootstrap over scenario_id (1000 replicates),
P3,kalman,M3,multiblock,30.0,T+L,T,skill,0.8315357534756611,0.9052812401132546,0.18216989365067546,0.7485995876163785,0.9001291778413755,20,percentile bootstrap over scenario_id (1000 replicates),
P3,kalman,M3,multiblock,90.0,T,T,MAE,0.30213401950506974,0.2970923257860433,0.07897386110573837,0.2723007407219778,0.33704187576551803,20,percentile bootstrap over scenario_id (1000 replicates),
P3,kalman,M3,multiblock,90.0,T,T,RMSE,0.3867051341137386,0.383738504721142,0.09979959664388686,0.34044841770187145,0.42754461220186696,20,percentile bootstrap over scenario_id (1000 replicates),
P3,kalman,M3,multiblock,90.0,T,T,skill,0.7419158414101913,0.7599516316668774,0.18645851463558805,0.6600930677071939,0.8141313193781092,20,percentile bootstrap over scenario_id (1000 replicates),
P3,kalman,M3,multiblock,90.0,T+F,T,MAE,0.30213401950506974,0.2970923257860433,0.07897386110573837,0.26965998008187725,0.3353068600302938,20,percentile bootstrap over scenario_id (1000 replicates),
P3,kalman,M3,multiblock,90.0,T+F,T,RMSE,0.3867051341137386,0.383738504721142,0.09979959664388686,0.344361568451566,0.4298319464885698,20,percentile bootstrap over scenario_id (1000 replicates),
P3,kalman,M3,multiblock,90.0,T+F,T,skill,0.7419158414101913,0.7599516316668774,0.18645851463558805,0.6594616491382834,0.8116467133984049,20,percentile bootstrap over scenario_id (1000 replicates),
P3,kalman,M3,multiblock,90.0,T+F+L,T,MAE,0.30213401950506974,0.2970923257860433,0.07897386110573837,0.2715519661338415,0.33472413674829543,20,percentile bootstrap over scenario_id (1000 replicates),
P3,kalman,M3,multiblock,90.0,T+F+L,T,RMSE,0.3867051341137386,0.383738504721142,0.09979959664388686,0.3451956568826654,0.4287899291658202,20,percentile bootstrap over scenario_id (1000 replicates),
P3,kalman,M3,multiblock,90.0,T+F+L,T,skill,0.7419158414101913,0.7599516316668774,0.18645851463558805,0.6517695368246883,0.8152469004711835,20,percentile bootstrap over scenario_id (1000 replicates),
P3,kalman,M3,multiblock,90.0,T+L,T,MAE,0.30213401950506974,0.2970923257860433,0.07897386110573837,0.26897438349881897,0.3380598410498919,20,percentile bootstrap over scenario_id (1000 replicates),
P3,kalman,M3,multiblock,90.0,T+L,T,RMSE,0.3867051341137386,0.383738504721142,0.09979959664388686,0.3452366220919405,0.4330110279646804,20,percentile bootstrap over scenario_id (1000 replicates),
P3,kalman,M3,multiblock,90.0,T+L,T,skill,0.7419158414101913,0.7599516316668774,0.18645851463558805,0.6505479693671417,0.8129077106083819,20,percentile bootstrap over scenario_id (1000 replicates),
P3,kalman,M3,multiblock,180.0,T,T,MAE,0.3902873741790879,0.326640296548388,0.13237701718716613,0.3329229242516946,0.44775343031830744,20,percentile bootstrap over scenario_id (1000 replicates),
P3,kalman,M3,multiblock,180.0,T,T,RMSE,0.5022697543714213,0.4311260671380947,0.16763465143386536,0.432349784004238,0.5762955013566488,20,percentile bootstrap over scenario_id (1000 replicates),
P3,kalman,M3,multiblock,180.0,T,T,skill,0.7204439133972913,0.7902649101514847,0.21739215195790618,0.6152346020931665,0.7996474143513828,20,percentile bootstrap over scenario_id (1000 replicates),
P3,kalman,M3,multiblock,180.0,T+F,T,MAE,0.3902873741790879,0.326640296548388,0.13237701718716613,0.33609685825461894,0.447276864419001,20,percentile bootstrap over scenario_id (1000 replicates),
P3,kalman,M3,multiblock,180.0,T+F,T,RMSE,0.5022697543714213,0.4311260671380947,0.16763465143386536,0.4368145730997777,0.5759170177061937,20,percentile bootstrap over scenario_id (1000 replicates),
P3,kalman,M3,multiblock,180.0,T+F,T,skill,0.7204439133972913,0.7902649101514847,0.21739215195790618,0.6114222378215619,0.7993541595699906,20,percentile bootstrap over scenario_id (1000 replicates),
P3,kalman,M3,multiblock,180.0,T+F+L,T,MAE,0.3902873741790879,0.326640296548388,0.13237701718716613,0.336125869361451,0.4482170642708497,20,percentile bootstrap over scenario_id (1000 replicates),
P3,kalman,M3,multiblock,180.0,T+F+L,T,RMSE,0.5022697543714213,0.4311260671380947,0.16763465143386536,0.4340724399488584,0.5721739615821338,20,percentile bootstrap over scenario_id (1000 replicates),
P3,kalman,M3,multiblock,180.0,T+F+L,T,skill,0.7204439133972913,0.7902649101514847,0.21739215195790618,0.6135087606506158,0.7967385980101985,20,percentile bootstrap over scenario_id (1000 replicates),
P3,kalman,M3,multiblock,180.0,T+L,T,MAE,0.3902873741790879,0.326640296548388,0.13237701718716613,0.33702566633190145,0.44888161969210355,20,percentile bootstrap over scenario_id (1000 replicates),
P3,kalman,M3,multiblock,180.0,T+L,T,RMSE,0.5022697543714213,0.4311260671380947,0.16763465143386536,0.4361508976701408,0.5704173554391119,20,percentile bootstrap over scenario_id (1000 replicates),
P3,kalman,M3,multiblock,180.0,T+L,T,skill,0.7204439133972913,0.7902649101514847,0.21739215195790618,0.615651258953729,0.7993893114674404,20,percentile bootstrap over scenario_id (1000 replicates),
P3,linear,M2,block,10.0,T,T,MAE,0.19199991486289286,0.14727253913879396,0.15065218103457478,0.13197493155436082,0.2636090294989672,20,percentile bootstrap over scenario_id (1000 replicates),
P3,linear,M2,block,10.0,T,T,RMSE,0.23058520904077998,0.17323765699966565,0.18088944854431843,0.16176877836129297,0.3178660140942797,20,percentile bootstrap over scenario_id (1000 replicates),
P3,linear,M2,block,10.0,T,T,skill,0.6910685805259658,0.8665010288994797,0.44529199217601345,0.46891296843463315,0.8424004007856758,20,percentile bootstrap over scenario_id (1000 replicates),
P3,linear,M2,block,10.0,T+F,T,MAE,0.19199991486289286,0.14727253913879396,0.15065218103457478,0.1340784430503845,0.26965210852839727,20,percentile bootstrap over scenario_id (1000 replicates),
P3,linear,M2,block,10.0,T+F,T,RMSE,0.23058520904077998,0.17323765699966565,0.18088944854431843,0.166166299594038,0.3148810750051501,20,percentile bootstrap over scenario_id (1000 replicates),
P3,linear,M2,block,10.0,T+F,T,skill,0.6910685805259658,0.8665010288994797,0.44529199217601345,0.4815102251096965,0.845866780934825,20,percentile bootstrap over scenario_id (1000 replicates),
P3,linear,M2,block,10.0,T+F+L,T,MAE,0.19199991486289286,0.14727253913879396,0.15065218103457478,0.13389763946966693,0.26087154885855585,20,percentile bootstrap over scenario_id (1000 replicates),
P3,linear,M2,block,10.0,T+F+L,T,RMSE,0.23058520904077998,0.17323765699966565,0.18088944854431843,0.15853448948305876,0.31427220535978667,20,percentile bootstrap over scenario_id (1000 replicates),
P3,linear,M2,block,10.0,T+F+L,T,skill,0.6910685805259658,0.8665010288994797,0.44529199217601345,0.46368282734482097,0.8497959434506682,20,percentile bootstrap over scenario_id (1000 replicates),
P3,linear,M2,block,10.0,T+L,T,MAE,0.19199991486289286,0.14727253913879396,0.15065218103457478,0.13399311299757527,0.25856238410689614,20,percentile bootstrap over scenario_id (1000 replicates),
P3,linear,M2,block,10.0,T+L,T,RMSE,0.23058520904077998,0.17323765699966565,0.18088944854431843,0.15711749811059372,0.3179180340370294,20,percentile bootstrap over scenario_id (1000 replicates),
P3,linear,M2,block,10.0,T+L,T,skill,0.6910685805259658,0.8665010288994797,0.44529199217601345,0.4822745611469166,0.8473828427472377,20,percentile bootstrap over scenario_id (1000 replicates),
P3,linear,M2,block,30.0,T,T,MAE,0.3684031938737439,0.32602142313475274,0.21201534086735305,0.28532415113654186,0.4552525713571937,20,percentile bootstrap over scenario_id (1000 replicates),
P3,linear,M2,block,30.0,T,T,RMSE,0.4386051788273774,0.41218783291035593,0.2367440736548901,0.3391196548458835,0.5394207663891043,20,percentile bootstrap over scenario_id (1000 replicates),
P3,linear,M2,block,30.0,T,T,skill,0.5834328192875831,0.6623241875753798,0.3079442545797738,0.4530305501924122,0.7037239750616294,20,percentile bootstrap over scenario_id (1000 replicates),
P3,linear,M2,block,30.0,T+F,T,MAE,0.3684031938737439,0.32602142313475274,0.21201534086735305,0.2809672159661529,0.45500094896234494,20,percentile bootstrap over scenario_id (1000 replicates),
P3,linear,M2,block,30.0,T+F,T,RMSE,0.4386051788273774,0.41218783291035593,0.2367440736548901,0.34112199969014595,0.5455417297969385,20,percentile bootstrap over scenario_id (1000 replicates),
P3,linear,M2,block,30.0,T+F,T,skill,0.5834328192875831,0.6623241875753798,0.3079442545797738,0.46102054083635363,0.7222978165127301,20,percentile bootstrap over scenario_id (1000 replicates),
P3,linear,M2,block,30.0,T+F+L,T,MAE,0.3684031938737439,0.32602142313475274,0.21201534086735305,0.28393307770964926,0.46497191718188685,20,percentile bootstrap over scenario_id (1000 replicates),
P3,linear,M2,block,30.0,T+F+L,T,RMSE,0.4386051788273774,0.41218783291035593,0.2367440736548901,0.34380667432299217,0.5422019267217829,20,percentile bootstrap over scenario_id (1000 replicates),
P3,linear,M2,block,30.0,T+F+L,T,skill,0.5834328192875831,0.6623241875753798,0.3079442545797738,0.44786780474508053,0.714990343760488,20,percentile bootstrap over scenario_id (1000 replicates),
P3,linear,M2,block,30.0,T+L,T,MAE,0.3684031938737439,0.32602142313475274,0.21201534086735305,0.2806325424640409,0.45828249494875634,20,percentile bootstrap over scenario_id (1000 replicates),
P3,linear,M2,block,30.0,T+L,T,RMSE,0.4386051788273774,0.41218783291035593,0.2367440736548901,0.3448795893007361,0.5428380390933204,20,percentile bootstrap over scenario_id (1000 replicates),
P3,linear,M2,block,30.0,T+L,T,skill,0.5834328192875831,0.6623241875753798,0.3079442545797738,0.4472720940882085,0.7192510803996742,20,percentile bootstrap over scenario_id (1000 replicates),
P3,linear,M2,block,90.0,T,T,MAE,0.6702197472603767,0.6284676430717349,0.2329686244751677,0.5686766078699202,0.7726591752102377,20,percentile bootstrap over scenario_id (1000 replicates),
P3,linear,M2,block,90.0,T,T,RMSE,0.796977106655699,0.7589955645968548,0.26855214158979146,0.6896003156643973,0.9066362640962182,20,percentile bootstrap over scenario_id (1000 replicates),
P3,linear,M2,block,90.0,T,T,skill,0.2543926898967843,0.4988064783415832,0.7261913122381246,-0.07087228533671405,0.5246874022470528,20,percentile bootstrap over scenario_id (1000 replicates),
P3,linear,M2,block,90.0,T+F,T,MAE,0.6702197472603767,0.6284676430717349,0.2329686244751677,0.5751651227143801,0.7788950489220893,20,percentile bootstrap over scenario_id (1000 replicates),
P3,linear,M2,block,90.0,T+F,T,RMSE,0.796977106655699,0.7589955645968548,0.26855214158979146,0.6944929345334573,0.9176010399758119,20,percentile bootstrap over scenario_id (1000 replicates),
P3,linear,M2,block,90.0,T+F,T,skill,0.2543926898967843,0.4988064783415832,0.7261913122381246,-0.11354111643688317,0.518008629575589,20,percentile bootstrap over scenario_id (1000 replicates),
P3,linear,M2,block,90.0,T+F+L,T,MAE,0.6702197472603767,0.6284676430717349,0.2329686244751677,0.5715779273959742,0.7659722506158664,20,percentile bootstrap over scenario_id (1000 replicates),
P3,linear,M2,block,90.0,T+F+L,T,RMSE,0.796977106655699,0.7589955645968548,0.26855214158979146,0.6864868898443778,0.9162252013020817,20,percentile bootstrap over scenario_id (1000 replicates),
P3,linear,M2,block,90.0,T+F+L,T,skill,0.2543926898967843,0.4988064783415832,0.7261913122381246,-0.09364964619364478,0.5284705068465666,20,percentile bootstrap over scenario_id (1000 replicates),
P3,linear,M2,block,90.0,T+L,T,MAE,0.6702197472603767,0.6284676430717349,0.2329686244751677,0.580109754446662,0.7686637022862067,20,percentile bootstrap over scenario_id (1000 replicates),
P3,linear,M2,block,90.0,T+L,T,RMSE,0.796977106655699,0.7589955645968548,0.26855214158979146,0.6894605844295265,0.9117170676939912,20,percentile bootstrap over scenario_id (1000 replicates),
P3,linear,M2,block,90.0,T+L,T,skill,0.2543926898967843,0.4988064783415832,0.7261913122381246,-0.07777771261165635,0.5328712097507515,20,percentile bootstrap over scenario_id (1000 replicates),
P3,linear,M2,block,180.0,T,T,MAE,1.9027816532798307,1.7533391490752455,0.7403652914254886,1.5663320402262983,2.2209077491642435,20,percentile bootstrap over scenario_id (1000 replicates),
P3,linear,M2,block,180.0,T,T,RMSE,2.176537012120611,2.052448921450762,0.777834865167926,1.858893565804866,2.5092788031588973,20,percentile bootstrap over scenario_id (1000 replicates),
P3,linear,M2,block,180.0,T,T,skill,-0.7590304219020535,-0.5325139341227825,1.0827527446232965,-1.2738664011408005,-0.3446725238906808,20,percentile bootstrap over scenario_id (1000 replicates),
P3,linear,M2,block,180.0,T+F,T,MAE,1.9027816532798307,1.7533391490752455,0.7403652914254886,1.5809014299398114,2.2039655966418445,20,percentile bootstrap over scenario_id (1000 replicates),
P3,linear,M2,block,180.0,T+F,T,RMSE,2.176537012120611,2.052448921450762,0.777834865167926,1.854590779199688,2.520472964571674,20,percentile bootstrap over scenario_id (1000 replicates),
P3,linear,M2,block,180.0,T+F,T,skill,-0.7590304219020535,-0.5325139341227825,1.0827527446232965,-1.2741540954876547,-0.3665275843594371,20,percentile bootstrap over scenario_id (1000 replicates),
P3,linear,M2,block,180.0,T+F+L,T,MAE,1.9027816532798307,1.7533391490752455,0.7403652914254886,1.6033358402155966,2.2395207816134426,20,percentile bootstrap over scenario_id (1000 replicates),
P3,linear,M2,block,180.0,T+F+L,T,RMSE,2.176537012120611,2.052448921450762,0.777834865167926,1.872340348840184,2.5096422430590994,20,percentile bootstrap over scenario_id (1000 replicates),
P3,linear,M2,block,180.0,T+F+L,T,skill,-0.7590304219020535,-0.5325139341227825,1.0827527446232965,-1.24707705184088,-0.33948786824594335,20,percentile bootstrap over scenario_id (1000 replicates),
P3,linear,M2,block,180.0,T+L,T,MAE,1.9027816532798307,1.7533391490752455,0.7403652914254886,1.598006730096189,2.2105637063136343,20,percentile bootstrap over scenario_id (1000 replicates),
P3,linear,M2,block,180.0,T+L,T,RMSE,2.176537012120611,2.052448921450762,0.777834865167926,1.8462223509100004,2.4909964867758077,20,percentile bootstrap over scenario_id (1000 replicates),
P3,linear,M2,block,180.0,T+L,T,skill,-0.7590304219020535,-0.5325139341227825,1.0827527446232965,-1.2308322790737973,-0.3334664745267917,20,percentile bootstrap over scenario_id (1000 replicates),
P3,linear,M3,multiblock,10.0,T,T,MAE,0.10719998311996459,0.09150017738342289,0.046892486547583996,0.08824758216142654,0.13000994017124176,20,percentile bootstrap over scenario_id (1000 replicates),
P3,linear,M3,multiblock,10.0,T,T,RMSE,0.13610391994931903,0.12020801138733873,0.061457974158865364,0.11274077536264056,0.161780783132663,20,percentile bootstrap over scenario_id (1000 replicates),
P3,linear,M3,multiblock,10.0,T,T,skill,0.9338594769017023,0.9460332398747029,0.051854377831112915,0.9087637959494419,0.9521014197875454,20,percentile bootstrap over scenario_id (1000 replicates),
P3,linear,M3,multiblock,10.0,T+F,T,MAE,0.10719998311996459,0.09150017738342289,0.046892486547583996,0.08810002044439316,0.12870878808498382,20,percentile bootstrap over scenario_id (1000 replicates),
P3,linear,M3,multiblock,10.0,T+F,T,RMSE,0.13610391994931903,0.12020801138733873,0.061457974158865364,0.11184141062926672,0.16231914496212826,20,percentile bootstrap over scenario_id (1000 replicates),
P3,linear,M3,multiblock,10.0,T+F,T,skill,0.9338594769017023,0.9460332398747029,0.051854377831112915,0.9090463618076775,0.9528801591045193,20,percentile bootstrap over scenario_id (1000 replicates),
P3,linear,M3,multiblock,10.0,T+F+L,T,MAE,0.10719998311996459,0.09150017738342289,0.046892486547583996,0.0884487014889717,0.12795629612207413,20,percentile bootstrap over scenario_id (1000 replicates),
P3,linear,M3,multiblock,10.0,T+F+L,T,RMSE,0.13610391994931903,0.12020801138733873,0.061457974158865364,0.11181116686650848,0.1652963959128715,20,percentile bootstrap over scenario_id (1000 replicates),
P3,linear,M3,multiblock,10.0,T+F+L,T,skill,0.9338594769017023,0.9460332398747029,0.051854377831112915,0.9098731407141537,0.9537111656901445,20,percentile bootstrap over scenario_id (1000 replicates),
P3,linear,M3,multiblock,10.0,T+L,T,MAE,0.10719998311996459,0.09150017738342289,0.046892486547583996,0.08990005959272383,0.12739996278285978,20,percentile bootstrap over scenario_id (1000 replicates),
P3,linear,M3,multiblock,10.0,T+L,T,RMSE,0.13610391994931903,0.12020801138733873,0.061457974158865364,0.11208401513503558,0.16370760785822908,20,percentile bootstrap over scenario_id (1000 replicates),
P3,linear,M3,multiblock,10.0,T+L,T,skill,0.9338594769017023,0.9460332398747029,0.051854377831112915,0.9093630872261275,0.9549131272224266,20,percentile bootstrap over scenario_id (1000 replicates),
P3,linear,M3,multiblock,30.0,T,T,MAE,0.1808030141483654,0.16818188898491127,0.08117283045488655,0.14670864827705152,0.2174337587537188,20,percentile bootstrap over scenario_id (1000 replicates),
P3,linear,M3,multiblock,30.0,T,T,RMSE,0.22653694645997352,0.20463135402475652,0.10024274160690048,0.1888875157579905,0.2732756375882241,20,percentile bootstrap over scenario_id (1000 replicates),
P3,linear,M3,multiblock,30.0,T,T,skill,0.8315632392658113,0.9066700512485725,0.1834580288869886,0.7500414967845447,0.8959983888048627,20,percentile bootstrap over scenario_id (1000 replicates),
P3,linear,M3,multiblock,30.0,T+F,T,MAE,0.1808030141483654,0.16818188898491127,0.08117283045488655,0.14722683908000136,0.21750189332167305,20,percentile bootstrap over scenario_id (1000 replicates),
P3,linear,M3,multiblock,30.0,T+F,T,RMSE,0.22653694645997352,0.20463135402475652,0.10024274160690048,0.18243148690452315,0.27346963001460384,20,percentile bootstrap over scenario_id (1000 replicates),
P3,linear,M3,multiblock,30.0,T+F,T,skill,0.8315632392658113,0.9066700512485725,0.1834580288869886,0.7492850767611128,0.899100285805388,20,percentile bootstrap over scenario_id (1000 replicates),
P3,linear,M3,multiblock,30.0,T+F+L,T,MAE,0.1808030141483654,0.16818188898491127,0.08117283045488655,0.1475282618204754,0.21966710908846424,20,percentile bootstrap over scenario_id (1000 replicates),
P3,linear,M3,multiblock,30.0,T+F+L,T,RMSE,0.22653694645997352,0.20463135402475652,0.10024274160690048,0.18904235269300682,0.2748893329596962,20,percentile bootstrap over scenario_id (1000 replicates),
P3,linear,M3,multiblock,30.0,T+F+L,T,skill,0.8315632392658113,0.9066700512485725,0.1834580288869886,0.7493969280673471,0.9005254615027736,20,percentile bootstrap over scenario_id (1000 replicates),
P3,linear,M3,multiblock,30.0,T+L,T,MAE,0.1808030141483654,0.16818188898491127,0.08117283045488655,0.14777224645108897,0.21523035626339193,20,percentile bootstrap over scenario_id (1000 replicates),
P3,linear,M3,multiblock,30.0,T+L,T,RMSE,0.22653694645997352,0.20463135402475652,0.10024274160690048,0.18690507210273663,0.2743111169781483,20,percentile bootstrap over scenario_id (1000 replicates),
P3,linear,M3,multiblock,30.0,T+L,T,skill,0.8315632392658113,0.9066700512485725,0.1834580288869886,0.7510028498095431,0.9018350874510562,20,percentile bootstrap over scenario_id (1000 replicates),
P3,linear,M3,multiblock,90.0,T,T,MAE,0.30321145067932787,0.30367384845637935,0.07099021877595585,0.27180290697680576,0.33256942381824645,20,percentile bootstrap over scenario_id (1000 replicates),
P3,linear,M3,multiblock,90.0,T,T,RMSE,0.39122081768048217,0.391512202630345,0.09219317824449386,0.350076860989,0.43321905604546473,20,percentile bootstrap over scenario_id (1000 replicates),
P3,linear,M3,multiblock,90.0,T,T,skill,0.7402774880849872,0.7604823747197602,0.1934040927067288,0.64613864212726,0.814720108090759,20,percentile bootstrap over scenario_id (1000 replicates),
P3,linear,M3,multiblock,90.0,T+F,T,MAE,0.30321145067932787,0.30367384845637935,0.07099021877595585,0.275052717139644,0.33442477532612386,20,percentile bootstrap over scenario_id (1000 replicates),
P3,linear,M3,multiblock,90.0,T+F,T,RMSE,0.39122081768048217,0.391512202630345,0.09219317824449386,0.35242914459770736,0.42941746236655004,20,percentile bootstrap over scenario_id (1000 replicates),
P3,linear,M3,multiblock,90.0,T+F,T,skill,0.7402774880849872,0.7604823747197602,0.1934040927067288,0.6518686166194307,0.8115541575999171,20,percentile bootstrap over scenario_id (1000 replicates),
P3,linear,M3,multiblock,90.0,T+F+L,T,MAE,0.30321145067932787,0.30367384845637935,0.07099021877595585,0.2745066835867461,0.3347174002034689,20,percentile bootstrap over scenario_id (1000 replicates),
P3,linear,M3,multiblock,90.0,T+F+L,T,RMSE,0.39122081768048217,0.391512202630345,0.09219317824449386,0.34977262419916727,0.43165004084724445,20,percentile bootstrap over scenario_id (1000 replicates),
P3,linear,M3,multiblock,90.0,T+F+L,T,skill,0.7402774880849872,0.7604823747197602,0.1934040927067288,0.6537800532135519,0.8102789569057259,20,percentile bootstrap over scenario_id (1000 replicates),
P3,linear,M3,multiblock,90.0,T+L,T,MAE,0.30321145067932787,0.30367384845637935,0.07099021877595585,0.2753373597048516,0.33291404865719515,20,percentile bootstrap over scenario_id (1000 replicates),
P3,linear,M3,multiblock,90.0,T+L,T,RMSE,0.39122081768048217,0.391512202630345,0.09219317824449386,0.3522907924597096,0.42850153360889015,20,percentile bootstrap over scenario_id (1000 replicates),
P3,linear,M3,multiblock,90.0,T+L,T,skill,0.7402774880849872,0.7604823747197602,0.1934040927067288,0.6537341549660812,0.8152487332703179,20,percentile bootstrap over scenario_id (1000 replicates),
P3,linear,M3,multiblock,180.0,T,T,MAE,0.4292778083622347,0.41719953010642463,0.1404166999430749,0.36932122472846013,0.4870109431018378,20,percentile bootstrap over scenario_id (1000 replicates),
P3,linear,M3,multiblock,180.0,T,T,RMSE,0.5486854122016762,0.5124965134290094,0.18251768464931412,0.4727351672588023,0.6268060595261234,20,percentile bootstrap over scenario_id (1000 replicates),
P3,linear,M3,multiblock,180.0,T,T,skill,0.6967283037751069,0.749676564793599,0.2255853889566065,0.5918425578602824,0.7750911765033158,20,percentile bootstrap over scenario_id (1000 replicates),
P3,linear,M3,multiblock,180.0,T+F,T,MAE,0.4292778083622347,0.41719953010642463,0.1404166999430749,0.3713956945761089,0.4866587063681016,20,percentile bootstrap over scenario_id (1000 replicates),
P3,linear,M3,multiblock,180.0,T+F,T,RMSE,0.5486854122016762,0.5124965134290094,0.18251768464931412,0.4782650496863581,0.6326605164612993,20,percentile bootstrap over scenario_id (1000 replicates),
P3,linear,M3,multiblock,180.0,T+F,T,skill,0.6967283037751069,0.749676564793599,0.2255853889566065,0.5848918134691559,0.7784022634449146,20,percentile bootstrap over scenario_id (1000 replicates),
P3,linear,M3,multiblock,180.0,T+F+L,T,MAE,0.4292778083622347,0.41719953010642463,0.1404166999430749,0.37280574104868436,0.48746339465555594,20,percentile bootstrap over scenario_id (1000 replicates),
P3,linear,M3,multiblock,180.0,T+F+L,T,RMSE,0.5486854122016762,0.5124965134290094,0.18251768464931412,0.4763736697588216,0.6297213805644505,20,percentile bootstrap over scenario_id (1000 replicates),
P3,linear,M3,multiblock,180.0,T+F+L,T,skill,0.6967283037751069,0.749676564793599,0.2255853889566065,0.5923026732769682,0.7785216449353801,20,percentile bootstrap over scenario_id (1000 replicates),
P3,linear,M3,multiblock,180.0,T+L,T,MAE,0.4292778083622347,0.41719953010642463,0.1404166999430749,0.3701210700606823,0.48742911288712193,20,percentile bootstrap over scenario_id (1000 replicates),
P3,linear,M3,multiblock,180.0,T+L,T,RMSE,0.5486854122016762,0.5124965134290094,0.18251768464931412,0.4756488733469605,0.6268813056983339,20,percentile bootstrap over scenario_id (1000 replicates),
P3,linear,M3,multiblock,180.0,T+L,T,skill,0.6967283037751069,0.749676564793599,0.2255853889566065,0.5844562080134083,0.777867159017643,20,percentile bootstrap over scenario_id (1000 replicates),
P3,pchip,M2,block,10.0,T,T,MAE,0.1943408378844281,0.1492371643091305,0.14496062308656907,0.13819308462701163,0.260393003784783,20,percentile bootstrap over scenario_id (1000 replicates),
P3,pchip,M2,block,10.0,T,T,RMSE,0.22931164181622704,0.17115697978334993,0.1771404087312927,0.16331624065069847,0.31150893481635666,20,percentile bootstrap over scenario_id (1000 replicates),
P3,pchip,M2,block,10.0,T,T,skill,0.6768969458533206,0.8712112567549191,0.46127753154841655,0.44774054027806814,0.8452433057795078,20,percentile bootstrap over scenario_id (1000 replicates),
P3,pchip,M2,block,10.0,T+F,T,MAE,0.1943408378844281,0.1492371643091305,0.14496062308656907,0.13897023648548767,0.259184487192103,20,percentile bootstrap over scenario_id (1000 replicates),
P3,pchip,M2,block,10.0,T+F,T,RMSE,0.22931164181622704,0.17115697978334993,0.1771404087312927,0.16264257272387542,0.30853432417471155,20,percentile bootstrap over scenario_id (1000 replicates),
P3,pchip,M2,block,10.0,T+F,T,skill,0.6768969458533206,0.8712112567549191,0.46127753154841655,0.4445093416478991,0.826987668159304,20,percentile bootstrap over scenario_id (1000 replicates),
P3,pchip,M2,block,10.0,T+F+L,T,MAE,0.1943408378844281,0.1492371643091305,0.14496062308656907,0.13886078885772474,0.26694218444824674,20,percentile bootstrap over scenario_id (1000 replicates),
P3,pchip,M2,block,10.0,T+F+L,T,RMSE,0.22931164181622704,0.17115697978334993,0.1771404087312927,0.1597804932161709,0.3068146721271192,20,percentile bootstrap over scenario_id (1000 replicates),
P3,pchip,M2,block,10.0,T+F+L,T,skill,0.6768969458533206,0.8712112567549191,0.46127753154841655,0.45754328729560434,0.8411556945386544,20,percentile bootstrap over scenario_id (1000 replicates),
P3,pchip,M2,block,10.0,T+L,T,MAE,0.1943408378844281,0.1492371643091305,0.14496062308656907,0.13716500368158077,0.26239680458236764,20,percentile bootstrap over scenario_id (1000 replicates),
P3,pchip,M2,block,10.0,T+L,T,RMSE,0.22931164181622704,0.17115697978334993,0.1771404087312927,0.159860041493102,0.3063351603191912,20,percentile bootstrap over scenario_id (1000 replicates),
P3,pchip,M2,block,10.0,T+L,T,skill,0.6768969458533206,0.8712112567549191,0.46127753154841655,0.44988940606193595,0.8314127074487667,20,percentile bootstrap over scenario_id (1000 replicates),
P3,pchip,M2,block,30.0,T,T,MAE,0.40110135420864407,0.3676660305572055,0.21208344096794304,0.31034016727405767,0.4927518964844767,20,percentile bootstrap over scenario_id (1000 replicates),
P3,pchip,M2,block,30.0,T,T,RMSE,0.478955830604425,0.48795196611724156,0.247454000355666,0.3803164154543426,0.5899545579921233,20,percentile bootstrap over scenario_id (1000 replicates),
P3,pchip,M2,block,30.0,T,T,skill,0.5357362610366087,0.54183564873673,0.34997802139350587,0.3898852760318797,0.677123452164638,20,percentile bootstrap over scenario_id (1000 replicates),
P3,pchip,M2,block,30.0,T+F,T,MAE,0.40110135420864407,0.3676660305572055,0.21208344096794304,0.3056051272095229,0.4920829771578047,20,percentile bootstrap over scenario_id (1000 replicates),
P3,pchip,M2,block,30.0,T+F,T,RMSE,0.478955830604425,0.48795196611724156,0.247454000355666,0.3786506949496498,0.5867003284558625,20,percentile bootstrap over scenario_id (1000 replicates),
P3,pchip,M2,block,30.0,T+F,T,skill,0.5357362610366087,0.54183564873673,0.34997802139350587,0.3944768495862333,0.690906237740152,20,percentile bootstrap over scenario_id (1000 replicates),
P3,pchip,M2,block,30.0,T+F+L,T,MAE,0.40110135420864407,0.3676660305572055,0.21208344096794304,0.31412445409223144,0.49216511744539504,20,percentile bootstrap over scenario_id (1000 replicates),
P3,pchip,M2,block,30.0,T+F+L,T,RMSE,0.478955830604425,0.48795196611724156,0.247454000355666,0.3683009532178001,0.5863974836660533,20,percentile bootstrap over scenario_id (1000 replicates),
P3,pchip,M2,block,30.0,T+F+L,T,skill,0.5357362610366087,0.54183564873673,0.34997802139350587,0.3894224862848783,0.6914016870077968,20,percentile bootstrap over scenario_id (1000 replicates),
P3,pchip,M2,block,30.0,T+L,T,MAE,0.40110135420864407,0.3676660305572055,0.21208344096794304,0.31250748475824625,0.48705958715564707,20,percentile bootstrap over scenario_id (1000 replicates),
P3,pchip,M2,block,30.0,T+L,T,RMSE,0.478955830604425,0.48795196611724156,0.247454000355666,0.3705497276903714,0.5893103024884996,20,percentile bootstrap over scenario_id (1000 replicates),
P3,pchip,M2,block,30.0,T+L,T,skill,0.5357362610366087,0.54183564873673,0.34997802139350587,0.38457685655205837,0.6850929599796411,20,percentile bootstrap over scenario_id (1000 replicates),
P3,pchip,M2,block,90.0,T,T,MAE,0.656292545768675,0.6500893264134402,0.3162343503692744,0.5217414625923374,0.7953768940079472,20,percentile bootstrap over scenario_id (1000 replicates),
P3,pchip,M2,block,90.0,T,T,RMSE,0.8021229880222173,0.8256259724423228,0.3685775286348864,0.6383977028606856,0.9513092054520899,20,percentile bootstrap over scenario_id (1000 replicates),
P3,pchip,M2,block,90.0,T,T,skill,0.2697861168233958,0.5607464742947252,0.662549852382533,-0.030031372794269973,0.525916142786381,20,percentile bootstrap over scenario_id (1000 replicates),
P3,pchip,M2,block,90.0,T+F,T,MAE,0.656292545768675,0.6500893264134402,0.3162343503692744,0.5347847593735539,0.7893123599188632,20,percentile bootstrap over scenario_id (1000 replicates),
P3,pchip,M2,block,90.0,T+F,T,RMSE,0.8021229880222173,0.8256259724423228,0.3685775286348864,0.655534909962159,0.9640978748685396,20,percentile bootstrap over scenario_id (1000 replicates),
P3,pchip,M2,block,90.0,T+F,T,skill,0.2697861168233958,0.5607464742947252,0.662549852382533,-0.016355285664902918,0.5411232561655781,20,percentile bootstrap over scenario_id (1000 replicates),
P3,pchip,M2,block,90.0,T+F+L,T,MAE,0.656292545768675,0.6500893264134402,0.3162343503692744,0.5338182588228544,0.7938052927190483,20,percentile bootstrap over scenario_id (1000 replicates),
P3,pchip,M2,block,90.0,T+F+L,T,RMSE,0.8021229880222173,0.8256259724423228,0.3685775286348864,0.6533130498153962,0.955285954079423,20,percentile bootstrap over scenario_id (1000 replicates),
P3,pchip,M2,block,90.0,T+F+L,T,skill,0.2697861168233958,0.5607464742947252,0.662549852382533,0.004822702794084755,0.5184135611954951,20,percentile bootstrap over scenario_id (1000 replicates),
P3,pchip,M2,block,90.0,T+L,T,MAE,0.656292545768675,0.6500893264134402,0.3162343503692744,0.5183200029252898,0.7901659810229984,20,percentile bootstrap over scenario_id (1000 replicates),
P3,pchip,M2,block,90.0,T+L,T,RMSE,0.8021229880222173,0.8256259724423228,0.3685775286348864,0.6526126801042085,0.9697845144612725,20,percentile bootstrap over scenario_id (1000 replicates),
P3,pchip,M2,block,90.0,T+L,T,skill,0.2697861168233958,0.5607464742947252,0.662549852382533,-0.05828069069240531,0.5248811459255175,20,percentile bootstrap over scenario_id (1000 replicates),
P3,pchip,M2,block,180.0,T,T,MAE,1.6067608074839554,1.51314498200544,0.7617059274318518,1.2904707032472547,1.9331772559407467,20,percentile bootstrap over scenario_id (1000 replicates),
P3,pchip,M2,block,180.0,T,T,RMSE,1.8582389902263192,1.8191091513780497,0.8184600213625258,1.5260362792732827,2.2084841433834668,20,percentile bootstrap over scenario_id (1000 replicates),
P3,pchip,M2,block,180.0,T,T,skill,-0.48196125483261393,-0.1400571106982298,1.0167721907100513,-0.9172798480332177,-0.0997827397604676,20,percentile bootstrap over scenario_id (1000 replicates),
P3,pchip,M2,block,180.0,T+F,T,MAE,1.6067608074839554,1.51314498200544,0.7617059274318518,1.2628674829326352,1.9439406335219458,20,percentile bootstrap over scenario_id (1000 replicates),
P3,pchip,M2,block,180.0,T+F,T,RMSE,1.8582389902263192,1.8191091513780497,0.8184600213625258,1.5220857765087894,2.197595704614242,20,percentile bootstrap over scenario_id (1000 replicates),
P3,pchip,M2,block,180.0,T+F,T,skill,-0.48196125483261393,-0.1400571106982298,1.0167721907100513,-0.9562335720856939,-0.1026450855288553,20,percentile bootstrap over scenario_id (1000 replicates),
P3,pchip,M2,block,180.0,T+F+L,T,MAE,1.6067608074839554,1.51314498200544,0.7617059274318518,1.2808903208356592,1.9286839904898792,20,percentile bootstrap over scenario_id (1000 replicates),
P3,pchip,M2,block,180.0,T+F+L,T,RMSE,1.8582389902263192,1.8191091513780497,0.8184600213625258,1.5393293406834325,2.244041880499566,20,percentile bootstrap over scenario_id (1000 replicates),
P3,pchip,M2,block,180.0,T+F+L,T,skill,-0.48196125483261393,-0.1400571106982298,1.0167721907100513,-0.9702330122590916,-0.09432401481657664,20,percentile bootstrap over scenario_id (1000 replicates),
P3,pchip,M2,block,180.0,T+L,T,MAE,1.6067608074839554,1.51314498200544,0.7617059274318518,1.2949650219159068,1.941830644583715,20,percentile bootstrap over scenario_id (1000 replicates),
P3,pchip,M2,block,180.0,T+L,T,RMSE,1.8582389902263192,1.8191091513780497,0.8184600213625258,1.5320440736588452,2.1904352716558337,20,percentile bootstrap over scenario_id (1000 replicates),
P3,pchip,M2,block,180.0,T+L,T,skill,-0.48196125483261393,-0.1400571106982298,1.0167721907100513,-0.949121212650623,-0.07350845560764949,20,percentile bootstrap over scenario_id (1000 replicates),
P3,pchip,M3,multiblock,10.0,T,T,MAE,0.10767475208783264,0.09777723771293373,0.04518817848510575,0.08884505506239852,0.1280881663645678,20,percentile bootstrap over scenario_id (1000 replicates),
P3,pchip,M3,multiblock,10.0,T,T,RMSE,0.1340503952325606,0.11735095128400483,0.05701428058498758,0.11071576850762711,0.1605455232135348,20,percentile bootstrap over scenario_id (1000 replicates),
P3,pchip,M3,multiblock,10.0,T,T,skill,0.9343934785957085,0.9505531318726059,0.04862344134773498,0.9117601545332793,0.9519666736030624,20,percentile bootstrap over scenario_id (1000 replicates),
P3,pchip,M3,multiblock,10.0,T+F,T,MAE,0.10767475208783264,0.09777723771293373,0.04518817848510575,0.09025209198104892,0.12745677167223152,20,percentile bootstrap over scenario_id (1000 replicates),
P3,pchip,M3,multiblock,10.0,T+F,T,RMSE,0.1340503952325606,0.11735095128400483,0.05701428058498758,0.11000736365702554,0.160288751988164,20,percentile bootstrap over scenario_id (1000 replicates),
P3,pchip,M3,multiblock,10.0,T+F,T,skill,0.9343934785957085,0.9505531318726059,0.04862344134773498,0.9117389268756848,0.9530154116316996,20,percentile bootstrap over scenario_id (1000 replicates),
P3,pchip,M3,multiblock,10.0,T+F+L,T,MAE,0.10767475208783264,0.09777723771293373,0.04518817848510575,0.08911283374008239,0.12711758895993014,20,percentile bootstrap over scenario_id (1000 replicates),
P3,pchip,M3,multiblock,10.0,T+F+L,T,RMSE,0.1340503952325606,0.11735095128400483,0.05701428058498758,0.11102981464867236,0.16016872047966343,20,percentile bootstrap over scenario_id (1000 replicates),
P3,pchip,M3,multiblock,10.0,T+F+L,T,skill,0.9343934785957085,0.9505531318726059,0.04862344134773498,0.9125737587091055,0.9549597939847824,20,percentile bootstrap over scenario_id (1000 replicates),
P3,pchip,M3,multiblock,10.0,T+L,T,MAE,0.10767475208783264,0.09777723771293373,0.04518817848510575,0.08718138244868467,0.12853131569472964,20,percentile bootstrap over scenario_id (1000 replicates),
P3,pchip,M3,multiblock,10.0,T+L,T,RMSE,0.1340503952325606,0.11735095128400483,0.05701428058498758,0.11134668454170163,0.15980014737812012,20,percentile bootstrap over scenario_id (1000 replicates),
P3,pchip,M3,multiblock,10.0,T+L,T,skill,0.9343934785957085,0.9505531318726059,0.04862344134773498,0.9105264752780807,0.9520737261560793,20,percentile bootstrap over scenario_id (1000 replicates),
P3,pchip,M3,multiblock,30.0,T,T,MAE,0.19880502737314645,0.17067584656144325,0.09780731202436344,0.163242463090483,0.246654662370467,20,percentile bootstrap over scenario_id (1000 replicates),
P3,pchip,M3,multiblock,30.0,T,T,RMSE,0.248721942413655,0.21538518473461682,0.11904336949518703,0.2022736455937832,0.3036814549214635,20,percentile bootstrap over scenario_id (1000 replicates),
P3,pchip,M3,multiblock,30.0,T,T,skill,0.8102490371536003,0.9026475480374025,0.2290585155804712,0.708480136777754,0.8937526571938366,20,percentile bootstrap over scenario_id (1000 replicates),
P3,pchip,M3,multiblock,30.0,T+F,T,MAE,0.19880502737314645,0.17067584656144325,0.09780731202436344,0.16154909266433384,0.24636581440005123,20,percentile bootstrap over scenario_id (1000 replicates),
P3,pchip,M3,multiblock,30.0,T+F,T,RMSE,0.248721942413655,0.21538518473461682,0.11904336949518703,0.20281978963376454,0.30454896059992537,20,percentile bootstrap over scenario_id (1000 replicates),
P3,pchip,M3,multiblock,30.0,T+F,T,skill,0.8102490371536003,0.9026475480374025,0.2290585155804712,0.7015722670753198,0.8940740982067362,20,percentile bootstrap over scenario_id (1000 replicates),
P3,pchip,M3,multiblock,30.0,T+F+L,T,MAE,0.19880502737314645,0.17067584656144325,0.09780731202436344,0.1617181812700418,0.24072240480917545,20,percentile bootstrap over scenario_id (1000 replicates),
P3,pchip,M3,multiblock,30.0,T+F+L,T,RMSE,0.248721942413655,0.21538518473461682,0.11904336949518703,0.20235893182312426,0.30168041040797644,20,percentile bootstrap over scenario_id (1000 replicates),
P3,pchip,M3,multiblock,30.0,T+F+L,T,skill,0.8102490371536003,0.9026475480374025,0.2290585155804712,0.6992900203656071,0.8916421892376004,20,percentile bootstrap over scenario_id (1000 replicates),
P3,pchip,M3,multiblock,30.0,T+L,T,MAE,0.19880502737314645,0.17067584656144325,0.09780731202436344,0.15887031717659533,0.2471445985626948,20,percentile bootstrap over scenario_id (1000 replicates),
P3,pchip,M3,multiblock,30.0,T+L,T,RMSE,0.248721942413655,0.21538518473461682,0.11904336949518703,0.20260136561023287,0.30502966454757646,20,percentile bootstrap over scenario_id (1000 replicates),
P3,pchip,M3,multiblock,30.0,T+L,T,skill,0.8102490371536003,0.9026475480374025,0.2290585155804712,0.7076890742340866,0.887994595077232,20,percentile bootstrap over scenario_id (1000 replicates),
P3,pchip,M3,multiblock,90.0,T,T,MAE,0.31938649005417685,0.32367849303463314,0.06631136540370695,0.29178391648396584,0.34684482415477735,20,percentile bootstrap over scenario_id (1000 replicates),
P3,pchip,M3,multiblock,90.0,T,T,RMSE,0.4060853270149639,0.3960380129918307,0.08227425350427499,0.36766635633464145,0.439646849798306,20,percentile bootstrap over scenario_id (1000 replicates),
P3,pchip,M3,multiblock,90.0,T,T,skill,0.7318271282288824,0.7692836035279385,0.19428050489844567,0.6443930155781078,0.8029852494555405,20,percentile bootstrap over scenario_id (1000 replicates),
P3,pchip,M3,multiblock,90.0,T+F,T,MAE,0.31938649005417685,0.32367849303463314,0.06631136540370695,0.2922344497015834,0.34882530052760835,20,percentile bootstrap over scenario_id (1000 replicates),
P3,pchip,M3,multiblock,90.0,T+F,T,RMSE,0.4060853270149639,0.3960380129918307,0.08227425350427499,0.3718091808455979,0.4375001377957103,20,percentile bootstrap over scenario_id (1000 replicates),
P3,pchip,M3,multiblock,90.0,T+F,T,skill,0.7318271282288824,0.7692836035279385,0.19428050489844567,0.6417610114354632,0.8063584218826093,20,percentile bootstrap over scenario_id (1000 replicates),
P3,pchip,M3,multiblock,90.0,T+F+L,T,MAE,0.31938649005417685,0.32367849303463314,0.06631136540370695,0.2898227063386246,0.34729593393037994,20,percentile bootstrap over scenario_id (1000 replicates),
P3,pchip,M3,multiblock,90.0,T+F+L,T,RMSE,0.4060853270149639,0.3960380129918307,0.08227425350427499,0.37064516477395054,0.4414936540867892,20,percentile bootstrap over scenario_id (1000 replicates),
P3,pchip,M3,multiblock,90.0,T+F+L,T,skill,0.7318271282288824,0.7692836035279385,0.19428050489844567,0.6359870191665808,0.803695858224519,20,percentile bootstrap over scenario_id (1000 replicates),
P3,pchip,M3,multiblock,90.0,T+L,T,MAE,0.31938649005417685,0.32367849303463314,0.06631136540370695,0.2937239055546359,0.3482515193897195,20,percentile bootstrap over scenario_id (1000 replicates),
P3,pchip,M3,multiblock,90.0,T+L,T,RMSE,0.4060853270149639,0.3960380129918307,0.08227425350427499,0.37156351138165755,0.44160799675420276,20,percentile bootstrap over scenario_id (1000 replicates),
P3,pchip,M3,multiblock,90.0,T+L,T,skill,0.7318271282288824,0.7692836035279385,0.19428050489844567,0.6457301786513365,0.8029749798067339,20,percentile bootstrap over scenario_id (1000 replicates),
P3,pchip,M3,multiblock,180.0,T,T,MAE,0.49091444022953973,0.4867145022299012,0.17570362425630234,0.4206954150929024,0.5691416837052453,20,percentile bootstrap over scenario_id (1000 replicates),
P3,pchip,M3,multiblock,180.0,T,T,RMSE,0.6341782856560009,0.6774842240847021,0.21867921958875772,0.5390807231094364,0.7244796290860971,20,percentile bootstrap over scenario_id (1000 replicates),
P3,pchip,M3,multiblock,180.0,T,T,skill,0.6590296613498893,0.7252024262832932,0.22215129263910185,0.5535502203578893,0.7419874228698847,20,percentile bootstrap over scenario_id (1000 replicates),
P3,pchip,M3,multiblock,180.0,T+F,T,MAE,0.49091444022953973,0.4867145022299012,0.17570362425630234,0.4189761753311162,0.5723658074803541,20,percentile bootstrap over scenario_id (1000 replicates),
P3,pchip,M3,multiblock,180.0,T+F,T,RMSE,0.6341782856560009,0.6774842240847021,0.21867921958875772,0.5422424276881999,0.7278591440925191,20,percentile bootstrap over scenario_id (1000 replicates),
P3,pchip,M3,multiblock,180.0,T+F,T,skill,0.6590296613498893,0.7252024262832932,0.22215129263910185,0.5570662780195819,0.7456964005192014,20,percentile bootstrap over scenario_id (1000 replicates),
P3,pchip,M3,multiblock,180.0,T+F+L,T,MAE,0.49091444022953973,0.4867145022299012,0.17570362425630234,0.42006418810839724,0.5701687652333409,20,percentile bootstrap over scenario_id (1000 replicates),
P3,pchip,M3,multiblock,180.0,T+F+L,T,RMSE,0.6341782856560009,0.6774842240847021,0.21867921958875772,0.540977027825171,0.7274449017606067,20,percentile bootstrap over scenario_id (1000 replicates),
P3,pchip,M3,multiblock,180.0,T+F+L,T,skill,0.6590296613498893,0.7252024262832932,0.22215129263910185,0.5649083163987036,0.7476716673202161,20,percentile bootstrap over scenario_id (1000 replicates),
P3,pchip,M3,multiblock,180.0,T+L,T,MAE,0.49091444022953973,0.4867145022299012,0.17570362425630234,0.41980584965084045,0.5646358031857533,20,percentile bootstrap over scenario_id (1000 replicates),
P3,pchip,M3,multiblock,180.0,T+L,T,RMSE,0.6341782856560009,0.6774842240847021,0.21867921958875772,0.5423354262477151,0.7313000459533987,20,percentile bootstrap over scenario_id (1000 replicates),
P3,pchip,M3,multiblock,180.0,T+L,T,skill,0.6590296613498893,0.7252024262832932,0.22215129263910185,0.562463206466747,0.7421609926730774,20,percentile bootstrap over scenario_id (1000 replicates),
P3,random_forest,M2,block,10.0,T,T,MAE,1.041633565562774,0.7923568986720069,0.733647883659065,0.7624489066722534,1.378220784841956,20,percentile bootstrap over scenario_id (1000 replicates),
P3,random_forest,M2,block,10.0,T,T,RMSE,1.1341104919905731,0.923727893904077,0.7039744803538998,0.855831888508584,1.4616202688693296,20,percentile bootstrap over scenario_id (1000 replicates),
P3,random_forest,M2,block,10.0,T,T,skill,0.0038700275636886937,0.12542809588646292,0.61122149534193,-0.28053744998376945,0.22667871776178158,20,percentile bootstrap over scenario_id (1000 replicates),
P3,random_forest,M2,block,10.0,T+F,T,MAE,1.0481576147068628,0.8329256704915031,0.7255341055101924,0.7585147424604715,1.385710001119175,20,percentile bootstrap over scenario_id (1000 replicates),
P3,random_forest,M2,block,10.0,T+F,T,RMSE,1.1202900628834196,0.9045315787875443,0.6994625330445551,0.857055071902678,1.462058879867484,20,percentile bootstrap over scenario_id (1000 replicates),
P3,random_forest,M2,block,10.0,T+F,T,skill,0.03018634996180819,0.19634002477510443,0.5875138239007308,-0.21773135210109376,0.2520637906912713,20,percentile bootstrap over scenario_id (1000 replicates),
P3,random_forest,M2,block,10.0,T+F+L,T,MAE,1.109447478935098,0.7716208767587721,0.799496087047964,0.7978533650870614,1.4530117996629288,20,percentile bootstrap over scenario_id (1000 replicates),
P3,random_forest,M2,block,10.0,T+F+L,T,RMSE,1.1724635590074683,0.8738202710046572,0.7694612452732108,0.8828580075396689,1.5181308206762982,20,percentile bootstrap over scenario_id (1000 replicates),
P3,random_forest,M2,block,10.0,T+F+L,T,skill,0.033777533023590704,0.23370258508916153,0.5886199627545913,-0.24310943764729404,0.2430501204889821,20,percentile bootstrap over scenario_id (1000 replicates),
P3,random_forest,M2,block,10.0,T+L,T,MAE,1.0907475855197315,0.7371059283467064,0.7808207080787875,0.8071488922854685,1.4458105832533905,20,percentile bootstrap over scenario_id (1000 replicates),
P3,random_forest,M2,block,10.0,T+L,T,RMSE,1.162256387711254,0.8610875388718269,0.750313630568305,0.876525888433392,1.4858557963687224,20,percentile bootstrap over scenario_id (1000 replicates),
P3,random_forest,M2,block,10.0,T+L,T,skill,0.022397577567101888,0.1826987771802494,0.5801319011906956,-0.23626357486508084,0.22767390012415378,20,percentile bootstrap over scenario_id (1000 replicates),
P3,random_forest,M2,block,30.0,T,T,MAE,1.0740478451671878,0.9888830447895645,0.5543467775259293,0.8379594244109254,1.3379843586604436,20,percentile bootstrap over scenario_id (1000 replicates),
P3,random_forest,M2,block,30.0,T,T,RMSE,1.222577280182667,1.1782854061022556,0.5684487731879924,0.9862130579234796,1.485366210397653,20,percentile bootstrap over scenario_id (1000 replicates),
P3,random_forest,M2,block,30.0,T,T,skill,0.08760569212569223,0.15014862823828745,0.35251080965838594,-0.0827092610620504,0.21996254004167934,20,percentile bootstrap over scenario_id (1000 replicates),
P3,random_forest,M2,block,30.0,T+F,T,MAE,1.0679636689927303,0.9837082081074631,0.5676600675094577,0.8154194352500594,1.330784089440665,20,percentile bootstrap over scenario_id (1000 replicates),
P3,random_forest,M2,block,30.0,T+F,T,RMSE,1.1983803725019004,1.158659948801402,0.5738254068910669,0.9660069019782599,1.4496490456746705,20,percentile bootstrap over scenario_id (1000 replicates),
P3,random_forest,M2,block,30.0,T+F,T,skill,0.10097866401444722,0.19031835390099533,0.34491189979148673,-0.05947102928294796,0.23087578330275846,20,percentile bootstrap over scenario_id (1000 replicates),
P3,random_forest,M2,block,30.0,T+F+L,T,MAE,1.1025575682093351,0.9731701289573231,0.630379108379808,0.8288318536944235,1.377939451257123,20,percentile bootstrap over scenario_id (1000 replicates),
P3,random_forest,M2,block,30.0,T+F+L,T,RMSE,1.2252638842691386,1.1605468763414917,0.6315567571557489,0.9768557701813686,1.485624680967123,20,percentile bootstrap over scenario_id (1000 replicates),
P3,random_forest,M2,block,30.0,T+F+L,T,skill,0.0929465711094489,0.17640850400874525,0.3525827618858657,-0.06587469318326412,0.22336808114437004,20,percentile bootstrap over scenario_id (1000 replicates),
P3,random_forest,M2,block,30.0,T+L,T,MAE,1.101547335445841,0.9843428378749808,0.6113317409955502,0.8623059752515811,1.352677058923992,20,percentile bootstrap over scenario_id (1000 replicates),
P3,random_forest,M2,block,30.0,T+L,T,RMSE,1.2322143641110652,1.1659951538097233,0.6177515239112665,0.9828517725572353,1.5063919164920274,20,percentile bootstrap over scenario_id (1000 replicates),
P3,random_forest,M2,block,30.0,T+L,T,skill,0.085519176838789,0.16474558845694015,0.35355016780495063,-0.0860845144147517,0.21314281705400825,20,percentile bootstrap over scenario_id (1000 replicates),
P3,random_forest,M2,block,90.0,T,T,MAE,1.065001126605123,1.0976816257954591,0.4555310164896782,0.8710900186671746,1.2448009706861094,20,percentile bootstrap over scenario_id (1000 replicates),
P3,random_forest,M2,block,90.0,T,T,RMSE,1.2614869572948695,1.319939109099325,0.4973594053507472,1.0432272850293005,1.480273739418149,20,percentile bootstrap over scenario_id (1000 replicates),
P3,random_forest,M2,block,90.0,T,T,skill,0.12603114468406634,0.20210384541433452,0.2273865540730071,0.02140870487611706,0.2151251706549059,20,percentile bootstrap over scenario_id (1000 replicates),
P3,random_forest,M2,block,90.0,T+F,T,MAE,1.0554166854069216,1.1028208592700026,0.46920507909620945,0.863757820450311,1.2541618710256175,20,percentile bootstrap over scenario_id (1000 replicates),
P3,random_forest,M2,block,90.0,T+F,T,RMSE,1.2424622285180242,1.2875815937993764,0.4995568040832222,1.0362020024339236,1.460047028748054,20,percentile bootstrap over scenario_id (1000 replicates),
P3,random_forest,M2,block,90.0,T+F,T,skill,0.13919555451696092,0.2142852896832465,0.2391957096655034,0.03632087731444919,0.23203523354575395,20,percentile bootstrap over scenario_id (1000 replicates),
P3,random_forest,M2,block,90.0,T+F+L,T,MAE,1.089777926817557,1.1555400803448321,0.5204048411805932,0.8750387149377962,1.3111999745966667,20,percentile bootstrap over scenario_id (1000 replicates),
P3,random_forest,M2,block,90.0,T+F+L,T,RMSE,1.26259861269762,1.3645105972952756,0.5410680613821396,1.0349028221327026,1.4932368046666706,20,percentile bootstrap over scenario_id (1000 replicates),
P3,random_forest,M2,block,90.0,T+F+L,T,skill,0.12324009664077167,0.20497393346252069,0.2547829072894468,0.006124965784315869,0.21644313697895032,20,percentile bootstrap over scenario_id (1000 replicates),
P3,random_forest,M2,block,90.0,T+L,T,MAE,1.0891493268394272,1.1376543637911878,0.5018352286091005,0.8828896255199836,1.298049425806576,20,percentile bootstrap over scenario_id (1000 replicates),
P3,random_forest,M2,block,90.0,T+L,T,RMSE,1.2656385276811428,1.3309324255010184,0.5321858021308123,1.0324899776113983,1.482855880792414,20,percentile bootstrap over scenario_id (1000 replicates),
P3,random_forest,M2,block,90.0,T+L,T,skill,0.11929627292528748,0.20225543589367195,0.23099586662680055,0.008582322002427523,0.20831341770044662,20,percentile bootstrap over scenario_id (1000 replicates),
P3,random_forest,M2,block,180.0,T,T,MAE,1.0385579899437483,1.1029249391980862,0.2578563107185512,0.9290387597165338,1.150067398764827,20,percentile bootstrap over scenario_id (1000 replicates),
P3,random_forest,M2,block,180.0,T,T,RMSE,1.2749158694080416,1.3337757939920325,0.28339748098000495,1.1522702509999967,1.395295094429528,20,percentile bootstrap over scenario_id (1000 replicates),
P3,random_forest,M2,block,180.0,T,T,skill,0.11494770413510311,0.13948048779157562,0.14478005416219958,0.04911606148258338,0.17269676946294332,20,percentile bootstrap over scenario_id (1000 replicates),
P3,random_forest,M2,block,180.0,T+F,T,MAE,1.019925950901678,1.0619324559882908,0.27588418946691584,0.8991642852855006,1.1336903200912225,20,percentile bootstrap over scenario_id (1000 replicates),
P3,random_forest,M2,block,180.0,T+F,T,RMSE,1.2512962961953282,1.292007827222721,0.2939854194825305,1.1214228737948684,1.3734559899368433,20,percentile bootstrap over scenario_id (1000 replicates),
P3,random_forest,M2,block,180.0,T+F,T,skill,0.13713240121982978,0.14509909182350095,0.1352368715053122,0.07386299419994695,0.19381371482523582,20,percentile bootstrap over scenario_id (1000 replicates),
P3,random_forest,M2,block,180.0,T+F+L,T,MAE,1.0564256308365692,1.1044639836965016,0.31723896712426397,0.9264921702576405,1.1895133704284526,20,percentile bootstrap over scenario_id (1000 replicates),
P3,random_forest,M2,block,180.0,T+F+L,T,RMSE,1.279668229708851,1.2949707570111462,0.3297825798927843,1.1506175171655562,1.4168790941453855,20,percentile bootstrap over scenario_id (1000 replicates),
P3,random_forest,M2,block,180.0,T+F+L,T,skill,0.11501440634248364,0.13349014236860396,0.13444783465462332,0.05562115988518735,0.17058391762743777,20,percentile bootstrap over scenario_id (1000 replicates),
P3,random_forest,M2,block,180.0,T+L,T,MAE,1.0626466727096433,1.1227185809892017,0.2947809063240023,0.9433552022221812,1.1700244543994966,20,percentile bootstrap over scenario_id (1000 replicates),
P3,random_forest,M2,block,180.0,T+L,T,RMSE,1.2865120430498274,1.310559897049163,0.31110532154715265,1.1656648007131,1.4100825378830129,20,percentile bootstrap over scenario_id (1000 replicates),
P3,random_forest,M2,block,180.0,T+L,T,skill,0.10299952060927856,0.12070681480495443,0.13636858789477588,0.0420401212475561,0.15449960178470784,20,percentile bootstrap over scenario_id (1000 replicates),
P3,random_forest,M3,multiblock,10.0,T,T,MAE,1.7677538828478796,1.7306743058731988,0.6754187716378891,1.4949775112568955,2.0415212823883238,20,percentile bootstrap over scenario_id (1000 replicates),
P3,random_forest,M3,multiblock,10.0,T,T,RMSE,2.0571638780732666,1.85478998910034,0.821925394546629,1.7062787485505126,2.4024513747245915,20,percentile bootstrap over scenario_id (1000 replicates),
P3,random_forest,M3,multiblock,10.0,T,T,skill,0.1259334462184273,0.21163131591503376,0.22084605895953438,0.02066598055762927,0.2127947697264129,20,percentile bootstrap over scenario_id (1000 replicates),
P3,random_forest,M3,multiblock,10.0,T+F,T,MAE,1.745891654552592,1.6471785234060914,0.709771490268777,1.434121907111289,2.0440675567106723,20,percentile bootstrap over scenario_id (1000 replicates),
P3,random_forest,M3,multiblock,10.0,T+F,T,RMSE,2.0377302597183498,1.785040374806154,0.8485808553943917,1.675510777253541,2.4022920977714226,20,percentile bootstrap over scenario_id (1000 replicates),
P3,random_forest,M3,multiblock,10.0,T+F,T,skill,0.1457764213166244,0.22758668131108994,0.2063966826478298,0.05041622073114138,0.22714386844663764,20,percentile bootstrap over scenario_id (1000 replicates),
P3,random_forest,M3,multiblock,10.0,T+F+L,T,MAE,1.7747359906604565,1.6478985223428522,0.7579869986771349,1.4451030698400298,2.1176297260787584,20,percentile bootstrap over scenario_id (1000 replicates),
P3,random_forest,M3,multiblock,10.0,T+F+L,T,RMSE,2.0829174529072114,1.7967636078311915,0.8838187851370265,1.6978984646772397,2.473328931549079,20,percentile bootstrap over scenario_id (1000 replicates),
P3,random_forest,M3,multiblock,10.0,T+F+L,T,skill,0.1380349899750346,0.20564857601616626,0.20242750637475165,0.05116478834958895,0.21825221742292436,20,percentile bootstrap over scenario_id (1000 replicates),
P3,random_forest,M3,multiblock,10.0,T+L,T,MAE,1.7954876919988478,1.6760736935041272,0.7182756963698126,1.489263367371853,2.1149157573744626,20,percentile bootstrap over scenario_id (1000 replicates),
P3,random_forest,M3,multiblock,10.0,T+L,T,RMSE,2.0946678076798233,1.8574672819210227,0.8487022217925686,1.7479690569616337,2.453024886590474,20,percentile bootstrap over scenario_id (1000 replicates),
P3,random_forest,M3,multiblock,10.0,T+L,T,skill,0.11951433714068745,0.19362504351802134,0.21096932835227783,0.02068382194274906,0.20494277708673322,20,percentile bootstrap over scenario_id (1000 replicates),
P3,random_forest,M3,multiblock,30.0,T,T,MAE,1.5141206746000537,1.5910207319238738,0.8970265073399806,1.1377479523010996,1.897353574239619,20,percentile bootstrap over scenario_id (1000 replicates),
P3,random_forest,M3,multiblock,30.0,T,T,RMSE,1.8354605420704826,1.9708376861281858,1.0514210711218381,1.3829041220466944,2.279821578861462,20,percentile bootstrap over scenario_id (1000 replicates),
P3,random_forest,M3,multiblock,30.0,T,T,skill,0.16504295990435827,0.15466962001741197,0.15171343243706048,0.09715047468916588,0.22295298732328378,20,percentile bootstrap over scenario_id (1000 replicates),
P3,random_forest,M3,multiblock,30.0,T+F,T,MAE,1.4797710578134056,1.6006782267440796,0.9162578762814906,1.115920619135562,1.8875858231690703,20,percentile bootstrap over scenario_id (1000 replicates),
P3,random_forest,M3,multiblock,30.0,T+F,T,RMSE,1.8151990769696316,1.9697803578695599,1.0779650735579307,1.3157959425564862,2.2758849175699765,20,percentile bootstrap over scenario_id (1000 replicates),
P3,random_forest,M3,multiblock,30.0,T+F,T,skill,0.20678995821247087,0.1988498244465135,0.1567939712202498,0.13932165320265316,0.2720378484443517,20,percentile bootstrap over scenario_id (1000 replicates),
P3,random_forest,M3,multiblock,30.0,T+F+L,T,MAE,1.504720183272084,1.6607730026520353,0.9079227639715634,1.1119503618307285,1.894919461262429,20,percentile bootstrap over scenario_id (1000 replicates),
P3,random_forest,M3,multiblock,30.0,T+F+L,T,RMSE,1.852950490138354,2.034102266201802,1.0742290682326892,1.3759289435282545,2.3298220864477193,20,percentile bootstrap over scenario_id (1000 replicates),
P3,random_forest,M3,multiblock,30.0,T+F+L,T,skill,0.1884155073604878,0.18192864052383745,0.16619794094140905,0.11575488104759145,0.2589203816495643,20,percentile bootstrap over scenario_id (1000 replicates),
P3,random_forest,M3,multiblock,30.0,T+L,T,MAE,1.5289992530847034,1.6351920784736351,0.8932156417820019,1.1603842220765017,1.901628487920489,20,percentile bootstrap over scenario_id (1000 replicates),
P3,random_forest,M3,multiblock,30.0,T+L,T,RMSE,1.8532698037118707,2.0055388329612014,1.0534350565677357,1.419473599688121,2.29438037225593,20,percentile bootstrap over scenario_id (1000 replicates),
P3,random_forest,M3,multiblock,30.0,T+L,T,skill,0.15714192763550844,0.16634813805770166,0.15444170850925043,0.08524869526075078,0.2177717565787445,20,percentile bootstrap over scenario_id (1000 replicates),
P3,random_forest,M3,multiblock,90.0,T,T,MAE,1.3223210609649194,1.0872026388118468,0.5464173248932785,1.0855792126598791,1.5490089978282837,20,percentile bootstrap over scenario_id (1000 replicates),
P3,random_forest,M3,multiblock,90.0,T,T,RMSE,1.6710261507959543,1.359702896374082,0.7021490674392213,1.3754207925934931,1.9876460411839476,20,percentile bootstrap over scenario_id (1000 replicates),
P3,random_forest,M3,multiblock,90.0,T,T,skill,0.10609420399405278,0.1740075855639176,0.2283612073233841,0.002505034313762123,0.192700208248667,20,percentile bootstrap over scenario_id (1000 replicates),
P3,random_forest,M3,multiblock,90.0,T+F,T,MAE,1.3008735833250427,1.0715880247304026,0.5627446064834201,1.065672907235532,1.5561584395259853,20,percentile bootstrap over scenario_id (1000 replicates),
P3,random_forest,M3,multiblock,90.0,T+F,T,RMSE,1.658562075254034,1.3437560036995309,0.7244059227138241,1.3693728110983836,1.966867989093635,20,percentile bootstrap over scenario_id (1000 replicates),
P3,random_forest,M3,multiblock,90.0,T+F,T,skill,0.12747430440979193,0.19299074604704702,0.22437759471209062,0.017789445735843266,0.21396559837783802,20,percentile bootstrap over scenario_id (1000 replicates),
P3,random_forest,M3,multiblock,90.0,T+F+L,T,MAE,1.3224060200595367,1.158050155864689,0.575800221188198,1.0739038779016439,1.5941271182859236,20,percentile bootstrap over scenario_id (1000 replicates),
P3,random_forest,M3,multiblock,90.0,T+F+L,T,RMSE,1.695364774751671,1.4276704018184487,0.7428854015827743,1.3948789277794449,2.052333296458884,20,percentile bootstrap over scenario_id (1000 replicates),
P3,random_forest,M3,multiblock,90.0,T+F+L,T,skill,0.11482392217602497,0.16369194959040922,0.22017025798761558,0.018037058917939237,0.20821673281349345,20,percentile bootstrap over scenario_id (1000 replicates),
P3,random_forest,M3,multiblock,90.0,T+L,T,MAE,1.3355278630632228,1.090853610074464,0.5592240979550502,1.117470249769518,1.593779310252833,20,percentile bootstrap over scenario_id (1000 replicates),
P3,random_forest,M3,multiblock,90.0,T+L,T,RMSE,1.6924321109988785,1.3573350559729507,0.7196147636580288,1.4118139988378056,2.0196035761283264,20,percentile bootstrap over scenario_id (1000 replicates),
P3,random_forest,M3,multiblock,90.0,T+L,T,skill,0.101188556861223,0.16705879067649942,0.21277142324877135,0.011337746018801035,0.18823071700599944,20,percentile bootstrap over scenario_id (1000 replicates),
P3,random_forest,M3,multiblock,180.0,T,T,MAE,1.414992885213924,1.3981898195577842,0.3513183823336971,1.269569735029256,1.5597462723906403,20,percentile bootstrap over scenario_id (1000 replicates),
P3,random_forest,M3,multiblock,180.0,T,T,RMSE,1.812158548998108,1.6768372843167951,0.460681188872774,1.638932038257974,1.9943349189554236,20,percentile bootstrap over scenario_id (1000 replicates),
P3,random_forest,M3,multiblock,180.0,T,T,skill,0.13219871492473534,0.19013307758717152,0.17916868249149281,0.049273420162402694,0.2031689160590547,20,percentile bootstrap over scenario_id (1000 replicates),
P3,random_forest,M3,multiblock,180.0,T+F,T,MAE,1.3842152975716815,1.3739919909373273,0.35517828870281076,1.225975911449627,1.5363219058393838,20,percentile bootstrap over scenario_id (1000 replicates),
P3,random_forest,M3,multiblock,180.0,T+F,T,RMSE,1.7965402013198808,1.6566790707647565,0.47025183318242453,1.5887500600859037,1.992865420375257,20,percentile bootstrap over scenario_id (1000 replicates),
P3,random_forest,M3,multiblock,180.0,T+F,T,skill,0.15187549930286948,0.22774324902928555,0.18108288294828412,0.07616282832717261,0.2229295339374596,20,percentile bootstrap over scenario_id (1000 replicates),
P3,random_forest,M3,multiblock,180.0,T+F+L,T,MAE,1.3911869136100248,1.3608603502494112,0.3563915879493408,1.2345063189191356,1.5389407378530604,20,percentile bootstrap over scenario_id (1000 replicates),
P3,random_forest,M3,multiblock,180.0,T+F+L,T,RMSE,1.8104203172645448,1.6913170073297927,0.4685845283792206,1.6035010313865576,2.0001389060555286,20,percentile bootstrap over scenario_id (1000 replicates),
P3,random_forest,M3,multiblock,180.0,T+F+L,T,skill,0.1484352006926069,0.22941455986983017,0.178958280531794,0.06187983849721225,0.21863075703311727,20,percentile bootstrap over scenario_id (1000 replicates),
P3,random_forest,M3,multiblock,180.0,T+L,T,MAE,1.4159368151046936,1.3705263054936596,0.3507005546109282,1.2874921675848887,1.5713051025419091,20,percentile bootstrap over scenario_id (1000 replicates),
P3,random_forest,M3,multiblock,180.0,T+L,T,RMSE,1.8159682553769216,1.6981425373590469,0.45728095738232066,1.616272041205046,2.0205990308862476,20,percentile bootstrap over scenario_id (1000 replicates),
P3,random_forest,M3,multiblock,180.0,T+L,T,skill,0.13228768991561676,0.20549500422375194,0.176749399819073,0.0487572146842233,0.19577959084405766,20,percentile bootstrap over scenario_id (1000 replicates),
P3,xgboost,M2,block,10.0,T,T,MAE,0.9353900957107545,0.661184024810791,0.732123373213801,0.6431671290397645,1.2881198102235794,20,percentile bootstrap over scenario_id (1000 replicates),
P3,xgboost,M2,block,10.0,T,T,RMSE,1.0330969751444088,0.7864815720790514,0.7045957109132654,0.7509414255601878,1.362206438806422,20,percentile bootstrap over scenario_id (1000 replicates),
P3,xgboost,M2,block,10.0,T,T,skill,0.07331399741323366,0.302846332166031,0.7210060506607379,-0.2812552951652294,0.32246541533382667,20,percentile bootstrap over scenario_id (1000 replicates),
P3,xgboost,M2,block,10.0,T+F,T,MAE,0.9199013137817381,0.6801293849945068,0.7227258381084457,0.6433468551635741,1.2535295323133469,20,percentile bootstrap over scenario_id (1000 replicates),
P3,xgboost,M2,block,10.0,T+F,T,RMSE,1.0111960555386879,0.8314203603647596,0.6943784609820548,0.7337673440788208,1.374534519045736,20,percentile bootstrap over scenario_id (1000 replicates),
P3,xgboost,M2,block,10.0,T+F,T,skill,0.09850377439609814,0.2676999031128566,0.667441218370367,-0.22346259478342398,0.3369879430644958,20,percentile bootstrap over scenario_id (1000 replicates),
P3,xgboost,M2,block,10.0,T+F+L,T,MAE,0.9747031116485596,0.7145251274108886,0.7665707425448595,0.6792584705352783,1.3223837785720827,20,percentile bootstrap over scenario_id (1000 replicates),
P3,xgboost,M2,block,10.0,T+F+L,T,RMSE,1.0482763411472606,0.7931896382451243,0.7410429344385309,0.7448445153550153,1.364140682241454,20,percentile bootstrap over scenario_id (1000 replicates),
P3,xgboost,M2,block,10.0,T+F+L,T,skill,0.1043240422159751,0.2428951697466724,0.650876184404848,-0.24577688695028235,0.3357737028676789,20,percentile bootstrap over scenario_id (1000 replicates),
P3,xgboost,M2,block,10.0,T+L,T,MAE,0.9762938308715821,0.7402637481689454,0.7698889564819301,0.6820903106927872,1.3354537258148194,20,percentile bootstrap over scenario_id (1000 replicates),
P3,xgboost,M2,block,10.0,T+L,T,RMSE,1.0542249769327356,0.8150310460382877,0.741968634017958,0.7836337350926154,1.3788186062598213,20,percentile bootstrap over scenario_id (1000 replicates),
P3,xgboost,M2,block,10.0,T+L,T,skill,0.09850074909405629,0.26234026159319146,0.6726361690267921,-0.20534796870758526,0.33850195114172094,20,percentile bootstrap over scenario_id (1000 replicates),
P3,xgboost,M2,block,30.0,T,T,MAE,0.955218276977539,0.9415053208669026,0.5676590410131184,0.7204657404820125,1.189660918633143,20,percentile bootstrap over scenario_id (1000 replicates),
P3,xgboost,M2,block,30.0,T,T,RMSE,1.0939834842160312,1.0949254782816362,0.579806786777632,0.867345992425046,1.3623175141084616,20,percentile bootstrap over scenario_id (1000 replicates),
P3,xgboost,M2,block,30.0,T,T,skill,0.1981457795171831,0.2865330770503368,0.36379106836626224,0.024056187236064355,0.34150930518560574,20,percentile bootstrap over scenario_id (1000 replicates),
P3,xgboost,M2,block,30.0,T+F,T,MAE,0.9382501284281413,0.9289573192596436,0.5661988129896993,0.7045351106325785,1.1974645018180212,20,percentile bootstrap over scenario_id (1000 replicates),
P3,xgboost,M2,block,30.0,T+F,T,RMSE,1.0703253506076877,1.0776281143701525,0.5742598796349734,0.8267204523275059,1.3023134445225613,20,percentile bootstrap over scenario_id (1000 replicates),
P3,xgboost,M2,block,30.0,T+F,T,skill,0.21133541884658044,0.27404875222789055,0.35467077569309413,0.05345694551935936,0.3523309560138392,20,percentile bootstrap over scenario_id (1000 replicates),
P3,xgboost,M2,block,30.0,T+F+L,T,MAE,0.9776007064183551,0.8920311450958252,0.6096187201478955,0.7434226601521173,1.2610376215775805,20,percentile bootstrap over scenario_id (1000 replicates),
P3,xgboost,M2,block,30.0,T+F+L,T,RMSE,1.0991184524894035,1.0444934911010046,0.6130552077272571,0.8583490935230198,1.3778216952694673,20,percentile bootstrap over scenario_id (1000 replicates),
P3,xgboost,M2,block,30.0,T+F+L,T,skill,0.19600040346156036,0.22952718375615438,0.3395755047610917,0.02457899975238094,0.32772076752493073,20,percentile bootstrap over scenario_id (1000 replicates),
P3,xgboost,M2,block,30.0,T+L,T,MAE,0.9835910685857139,0.9071046352386475,0.6202464312985894,0.7370571997563043,1.2544095283746717,20,percentile bootstrap over scenario_id (1000 replicates),
P3,xgboost,M2,block,30.0,T+L,T,RMSE,1.1086776436750372,1.0714469243971805,0.6226412263466286,0.842557962365081,1.3920889057803536,20,percentile bootstrap over scenario_id (1000 replicates),
P3,xgboost,M2,block,30.0,T+L,T,skill,0.19762139056415046,0.22683487512287626,0.3393397202820369,0.03389247704352519,0.32648899287702443,20,percentile bootstrap over scenario_id (1000 replicates),
P3,xgboost,M2,block,90.0,T,T,MAE,0.9374793084462484,0.8885153823428684,0.4348241444705536,0.7414992455244064,1.1239066921340095,20,percentile bootstrap over scenario_id (1000 replicates),
P3,xgboost,M2,block,90.0,T,T,RMSE,1.1372765474866782,1.1268671474927079,0.4850019415718993,0.9394422684399891,1.3309951396709554,20,percentile bootstrap over scenario_id (1000 replicates),
P3,xgboost,M2,block,90.0,T,T,skill,0.23058599265800922,0.292852418972587,0.266461567919567,0.11438709840036274,0.3291825149901949,20,percentile bootstrap over scenario_id (1000 replicates),
P3,xgboost,M2,block,90.0,T+F,T,MAE,0.9201586977640789,0.8619135008917914,0.4264331063478089,0.7508409896559185,1.1049481217993633,20,percentile bootstrap over scenario_id (1000 replicates),
P3,xgboost,M2,block,90.0,T+F,T,RMSE,1.1108559265860811,1.0622808697259936,0.47715800500799654,0.9062675151553471,1.30443146155648,20,percentile bootstrap over scenario_id (1000 replicates),
P3,xgboost,M2,block,90.0,T+F,T,skill,0.23617505080291518,0.3082753813650332,0.294150468781013,0.10278559910005043,0.34303002931678206,20,percentile bootstrap over scenario_id (1000 replicates),
P3,xgboost,M2,block,90.0,T+F+L,T,MAE,0.9853858025868734,1.0051983992258706,0.47455749857803,0.791445858332846,1.1984712462027867,20,percentile bootstrap over scenario_id (1000 replicates),
P3,xgboost,M2,block,90.0,T+F+L,T,RMSE,1.152591621742579,1.1025596958984825,0.5145703230121469,0.9412907809257722,1.374703945603682,20,percentile bootstrap over scenario_id (1000 replicates),
P3,xgboost,M2,block,90.0,T+F+L,T,skill,0.18748086897452237,0.29951169461071175,0.3259223232608182,0.04228032873208405,0.30408252130294394,20,percentile bootstrap over scenario_id (1000 replicates),
P3,xgboost,M2,block,90.0,T+L,T,MAE,0.9896782419416639,1.0257729318406845,0.4958258568162101,0.7726730373700459,1.1987530658774905,20,percentile bootstrap over scenario_id (1000 replicates),
P3,xgboost,M2,block,90.0,T+L,T,RMSE,1.1637901395563106,1.1321042949291829,0.532106248692041,0.930390267947672,1.3865209075311637,20,percentile bootstrap over scenario_id (1000 replicates),
P3,xgboost,M2,block,90.0,T+L,T,skill,0.20157479109994297,0.298169313038899,0.2914199708937527,0.05980305587298728,0.3153530618243667,20,percentile bootstrap over scenario_id (1000 replicates),
P3,xgboost,M2,block,180.0,T,T,MAE,0.9182780493630303,0.9045684549543593,0.2309664579035599,0.8224474359220928,1.0123702602850064,20,percentile bootstrap over scenario_id (1000 replicates),
P3,xgboost,M2,block,180.0,T,T,RMSE,1.1635633254815951,1.1417439406992216,0.2517932363788379,1.0551728952872157,1.268303475728195,20,percentile bootstrap over scenario_id (1000 replicates),
P3,xgboost,M2,block,180.0,T,T,skill,0.2165722231752277,0.246165960398541,0.14173456925211483,0.15012567249583025,0.27194756372727424,20,percentile bootstrap over scenario_id (1000 replicates),
P3,xgboost,M2,block,180.0,T+F,T,MAE,0.8917572477128772,0.8700395981470743,0.23101685511268846,0.7881823757621976,0.9834205649561353,20,percentile bootstrap over scenario_id (1000 replicates),
P3,xgboost,M2,block,180.0,T+F,T,RMSE,1.1280674526669223,1.072755571596791,0.2545810578269428,1.0213158515932055,1.2465499851047241,20,percentile bootstrap over scenario_id (1000 replicates),
P3,xgboost,M2,block,180.0,T+F,T,skill,0.23984095496614896,0.27865598644107464,0.14367689952783222,0.17898353853197968,0.2972121267187228,20,percentile bootstrap over scenario_id (1000 replicates),
P3,xgboost,M2,block,180.0,T+F+L,T,MAE,0.9626448000801936,0.95584610303243,0.27980710649583584,0.8485347819129626,1.07630354683929,20,percentile bootstrap over scenario_id (1000 replicates),
P3,xgboost,M2,block,180.0,T+F+L,T,RMSE,1.1757499510812779,1.105009997985558,0.29775946432588024,1.0538120029484288,1.2987303714420002,20,percentile bootstrap over scenario_id (1000 replicates),
P3,xgboost,M2,block,180.0,T+F+L,T,skill,0.1888819114047699,0.22882196395230614,0.1423341467535853,0.12382076761278697,0.24463793260524858,20,percentile bootstrap over scenario_id (1000 replicates),
P3,xgboost,M2,block,180.0,T+L,T,MAE,0.9766707844204372,0.9850565804375542,0.2890682105609463,0.8597238173418573,1.0975274883177542,20,percentile bootstrap over scenario_id (1000 replicates),
P3,xgboost,M2,block,180.0,T+L,T,RMSE,1.1990558613409137,1.1503157464642537,0.30053902912689906,1.071250483624128,1.3293133611962402,20,percentile bootstrap over scenario_id (1000 replicates),
P3,xgboost,M2,block,180.0,T+L,T,skill,0.17936339496498568,0.21785894816926382,0.13313489307375242,0.12109060832981454,0.22922141800833223,20,percentile bootstrap over scenario_id (1000 replicates),
P3,xgboost,M3,multiblock,10.0,T,T,MAE,1.670762219429016,1.6490946769714356,0.6401866103548212,1.4103081749677657,1.9345839692354203,20,percentile bootstrap over scenario_id (1000 replicates),
P3,xgboost,M3,multiblock,10.0,T,T,RMSE,1.9289130721233065,1.7181780441338959,0.7254553967649391,1.6450483323715839,2.242848331674692,20,percentile bootstrap over scenario_id (1000 replicates),
P3,xgboost,M3,multiblock,10.0,T,T,skill,0.16639966807773732,0.2336343664503261,0.23307129653054326,0.06476115269191997,0.25681580198387,20,percentile bootstrap over scenario_id (1000 replicates),
P3,xgboost,M3,multiblock,10.0,T+F,T,MAE,1.6108692836761473,1.5309784889221192,0.6604266049736622,1.3310262554883956,1.9023417578935626,20,percentile bootstrap over scenario_id (1000 replicates),
P3,xgboost,M3,multiblock,10.0,T+F,T,RMSE,1.8736559794222312,1.6610700115808887,0.7428799710949836,1.561011478187399,2.181002714938285,20,percentile bootstrap over scenario_id (1000 replicates),
P3,xgboost,M3,multiblock,10.0,T+F,T,skill,0.2065832120567534,0.23218976023823035,0.20397582547165297,0.11036922209739675,0.29079790774521236,20,percentile bootstrap over scenario_id (1000 replicates),
P3,xgboost,M3,multiblock,10.0,T+F+L,T,MAE,1.6698346900939942,1.5907274246215821,0.7034494140771466,1.3894024226665496,1.9657308064699177,20,percentile bootstrap over scenario_id (1000 replicates),
P3,xgboost,M3,multiblock,10.0,T+F+L,T,RMSE,1.944045493482393,1.759644276514092,0.7789028161945952,1.610091426671177,2.262882022836798,20,percentile bootstrap over scenario_id (1000 replicates),
P3,xgboost,M3,multiblock,10.0,T+F+L,T,skill,0.1850685172554401,0.22027100506985714,0.18147894137388018,0.10223989608136254,0.25856801469503043,20,percentile bootstrap over scenario_id (1000 replicates),
P3,xgboost,M3,multiblock,10.0,T+L,T,MAE,1.711955461502075,1.6256689071655273,0.6833461689796226,1.4163921508789066,1.9850659178495405,20,percentile bootstrap over scenario_id (1000 replicates),
P3,xgboost,M3,multiblock,10.0,T+L,T,RMSE,1.9818730831935845,1.7999189282276906,0.7642909951826585,1.667388435365652,2.3290740818370783,20,percentile bootstrap over scenario_id (1000 replicates),
P3,xgboost,M3,multiblock,10.0,T+L,T,skill,0.1546492506267208,0.18805219139313362,0.20629140301458035,0.06573001377255154,0.23693806045958385,20,percentile bootstrap over scenario_id (1000 replicates),
P3,xgboost,M3,multiblock,30.0,T,T,MAE,1.4234237257639568,1.4580329100290936,0.8087516696772938,1.0719115440448126,1.7665279349486034,20,percentile bootstrap over scenario_id (1000 replicates),
P3,xgboost,M3,multiblock,30.0,T,T,RMSE,1.7368814233700482,1.836997393456893,0.9584502078147237,1.322195111445843,2.12109110893414,20,percentile bootstrap over scenario_id (1000 replicates),
P3,xgboost,M3,multiblock,30.0,T,T,skill,0.20113011608345657,0.21540429395782323,0.1687871834304094,0.12877010537362152,0.2671480204546793,20,percentile bootstrap over scenario_id (1000 replicates),
P3,xgboost,M3,multiblock,30.0,T+F,T,MAE,1.3838802814483644,1.4544604937235515,0.7997538822337598,1.0584959449768068,1.7196006726821267,20,percentile bootstrap over scenario_id (1000 replicates),
P3,xgboost,M3,multiblock,30.0,T+F,T,RMSE,1.7035197617571947,1.8336726839145308,0.9571378007950652,1.2932120084874263,2.0758525045223166,20,percentile bootstrap over scenario_id (1000 replicates),
P3,xgboost,M3,multiblock,30.0,T+F,T,skill,0.22957428707336214,0.24276357686676464,0.16073200288000555,0.153992110965311,0.2948270301931635,20,percentile bootstrap over scenario_id (1000 replicates),
P3,xgboost,M3,multiblock,30.0,T+F+L,T,MAE,1.4463444566726686,1.5219726244608562,0.7603270884876256,1.111775085012118,1.7731621240377429,20,percentile bootstrap over scenario_id (1000 replicates),
P3,xgboost,M3,multiblock,30.0,T+F+L,T,RMSE,1.7600767144288352,1.900038451449182,0.932402316123389,1.3603799594536234,2.180934590958143,20,percentile bootstrap over scenario_id (1000 replicates),
P3,xgboost,M3,multiblock,30.0,T+F+L,T,skill,0.1566303531811645,0.1754266200056513,0.22377836271181803,0.051908230223325,0.24311850610367888,20,percentile bootstrap over scenario_id (1000 replicates),
P3,xgboost,M3,multiblock,30.0,T+L,T,MAE,1.470698661804199,1.551873779296875,0.7751660342551848,1.136584353049596,1.8100888559818265,20,percentile bootstrap over scenario_id (1000 replicates),
P3,xgboost,M3,multiblock,30.0,T+L,T,RMSE,1.7807869246284729,1.8913848837636356,0.9327436218095648,1.3572473847740594,2.165661183676884,20,percentile bootstrap over scenario_id (1000 replicates),
P3,xgboost,M3,multiblock,30.0,T+L,T,skill,0.14455658527795084,0.18481221029869493,0.22162523233920806,0.04006253260749902,0.22856139722810473,20,percentile bootstrap over scenario_id (1000 replicates),
P3,xgboost,M3,multiblock,90.0,T,T,MAE,1.2225067287021214,0.964813952975803,0.5186520298200121,1.0079104145765305,1.453132979883088,20,percentile bootstrap over scenario_id (1000 replicates),
P3,xgboost,M3,multiblock,90.0,T,T,RMSE,1.5762742234390603,1.2985764286297306,0.6590674965969411,1.3099654788369126,1.8718613407226596,20,percentile bootstrap over scenario_id (1000 replicates),
P3,xgboost,M3,multiblock,90.0,T,T,skill,0.17199775451996782,0.2413176640406947,0.22143405971799546,0.07432878091739042,0.2594591203736051,20,percentile bootstrap over scenario_id (1000 replicates),
P3,xgboost,M3,multiblock,90.0,T+F,T,MAE,1.1823933696746827,0.9379399405585395,0.517566043997614,0.9701640105512407,1.4219055870903863,20,percentile bootstrap over scenario_id (1000 replicates),
P3,xgboost,M3,multiblock,90.0,T+F,T,RMSE,1.5371430981869822,1.2574822582695426,0.6681767965415888,1.262815864990871,1.8260032878380539,20,percentile bootstrap over scenario_id (1000 replicates),
P3,xgboost,M3,multiblock,90.0,T+F,T,skill,0.2039922859973718,0.26783171401562494,0.21227123774986015,0.10739141607238416,0.2897632036782674,20,percentile bootstrap over scenario_id (1000 replicates),
P3,xgboost,M3,multiblock,90.0,T+F+L,T,MAE,1.2325945859485203,1.0737432638804119,0.5115572474527226,1.010369738154941,1.439617400262091,20,percentile bootstrap over scenario_id (1000 replicates),
P3,xgboost,M3,multiblock,90.0,T+F+L,T,RMSE,1.5966322449114458,1.3313786761029909,0.6705533917256291,1.3256379350033571,1.8878926967383831,20,percentile bootstrap over scenario_id (1000 replicates),
P3,xgboost,M3,multiblock,90.0,T+F+L,T,skill,0.16537365137347929,0.22069806058284464,0.21862142404980972,0.07316438444865672,0.25133329411466043,20,percentile bootstrap over scenario_id (1000 replicates),
P3,xgboost,M3,multiblock,90.0,T+L,T,MAE,1.253432921833462,1.0768013424343534,0.515135769505965,1.0421672822237016,1.4577256142165926,20,percentile bootstrap over scenario_id (1000 replicates),
P3,xgboost,M3,multiblock,90.0,T+L,T,RMSE,1.617972288098538,1.3339887862491917,0.6632546514305325,1.3436686449362212,1.9112515017928153,20,percentile bootstrap over scenario_id (1000 replicates),
P3,xgboost,M3,multiblock,90.0,T+L,T,skill,0.15091132820376346,0.20433219292617993,0.216556107442378,0.04816024958386859,0.23691046428316384,20,percentile bootstrap over scenario_id (1000 replicates),
P3,xgboost,M3,multiblock,180.0,T,T,MAE,1.3290867400169373,1.2912844922807483,0.31978184952399796,1.1889189626905652,1.459555037856102,20,percentile bootstrap over scenario_id (1000 replicates),
P3,xgboost,M3,multiblock,180.0,T,T,RMSE,1.7161520157117187,1.5626602022292815,0.42558609593927954,1.5294883426743175,1.896507608048127,20,percentile bootstrap over scenario_id (1000 replicates),
P3,xgboost,M3,multiblock,180.0,T,T,skill,0.17786368605756964,0.25013405319159665,0.1960607780484399,0.08393384229953166,0.2537515025674794,20,percentile bootstrap over scenario_id (1000 replicates),
P3,xgboost,M3,multiblock,180.0,T+F,T,MAE,1.2886457098854913,1.2653634389241537,0.31795440641394895,1.1516623443232643,1.4313556707965003,20,percentile bootstrap over scenario_id (1000 replicates),
P3,xgboost,M3,multiblock,180.0,T+F,T,RMSE,1.6764189256659559,1.547128109115322,0.42869884953177806,1.5047357636775431,1.8536039595923242,20,percentile bootstrap over scenario_id (1000 replicates),
P3,xgboost,M3,multiblock,180.0,T+F,T,skill,0.2026934600504829,0.2807564625383756,0.19730873537578625,0.11022666732321924,0.28228747535092413,20,percentile bootstrap over scenario_id (1000 replicates),
P3,xgboost,M3,multiblock,180.0,T+F+L,T,MAE,1.3299798832999337,1.3233215279049344,0.31303594611894525,1.2094644634922345,1.4580689568983183,20,percentile bootstrap over scenario_id (1000 replicates),
P3,xgboost,M3,multiblock,180.0,T+F+L,T,RMSE,1.7169274280385998,1.5887981287246347,0.42266681532890876,1.536432499378522,1.897307164815984,20,percentile bootstrap over scenario_id (1000 replicates),
P3,xgboost,M3,multiblock,180.0,T+F+L,T,skill,0.17744378138259442,0.25665734428997855,0.19583686599659156,0.08601049142449098,0.2579101194417457,20,percentile bootstrap over scenario_id (1000 replicates),
P3,xgboost,M3,multiblock,180.0,T+L,T,MAE,1.3541830144988167,1.3161001390881009,0.31822401241498294,1.2142863399253951,1.4786896536416474,20,percentile bootstrap over scenario_id (1000 replicates),
P3,xgboost,M3,multiblock,180.0,T+L,T,RMSE,1.7438509472793182,1.6296919096436508,0.4203085813686194,1.5636022925866795,1.9161409454558693,20,percentile bootstrap over scenario_id (1000 replicates),
P3,xgboost,M3,multiblock,180.0,T+L,T,skill,0.16419141757422726,0.24185380529748046,0.1885487065055504,0.07495295635816883,0.2373294780927433,20,percentile bootstrap over scenario_id (1000 replicates),
S2,air_hydro,M2,block,10.0,T,T,MAE,0.6986349390799478,0.5843505803414415,0.4614100906412546,0.5212352825532525,0.8874929849943648,20,percentile bootstrap over scenario_id (1000 replicates),
S2,air_hydro,M2,block,10.0,T,T,RMSE,0.7587305381459772,0.688456090832493,0.45590599769787993,0.565134842224195,0.9720516852940572,20,percentile bootstrap over scenario_id (1000 replicates),
S2,air_hydro,M2,block,10.0,T,T,skill,-0.18477687496662282,0.05754618708916215,0.8164102030217553,-0.5638738076421468,0.0911749174900639,20,percentile bootstrap over scenario_id (1000 replicates),
S2,air_hydro,M2,block,10.0,T+F,T,MAE,0.7098172650272412,0.5706514976919661,0.4577771139802681,0.5350889357039335,0.9218358798183633,20,percentile bootstrap over scenario_id (1000 replicates),
S2,air_hydro,M2,block,10.0,T+F,T,RMSE,0.7691777068426835,0.6672593280876982,0.4581528415105699,0.5782402248469308,0.9719279646851705,20,percentile bootstrap over scenario_id (1000 replicates),
S2,air_hydro,M2,block,10.0,T+F,T,skill,-0.2624747007657898,0.04023510882840442,1.07738991160862,-0.844825225808246,0.11820842732693203,20,percentile bootstrap over scenario_id (1000 replicates),
S2,air_hydro,M2,block,10.0,T+F+L,T,MAE,0.7924179181427369,0.555420317218235,0.6983884207301687,0.5160719479686888,1.0876836914652184,20,percentile bootstrap over scenario_id (1000 replicates),
S2,air_hydro,M2,block,10.0,T+F+L,T,RMSE,0.8454488451848514,0.6311860709619486,0.6851251372461735,0.5718436668139321,1.1577618809319805,20,percentile bootstrap over scenario_id (1000 replicates),
S2,air_hydro,M2,block,10.0,T+F+L,T,skill,-0.2682497976197662,-0.1789636232056785,0.8345867207802455,-0.6241957528972965,0.08832017456829798,20,percentile bootstrap over scenario_id (1000 replicates),
S2,air_hydro,M2,block,10.0,T+L,T,MAE,0.8495948287983112,0.6281757629091012,0.7408600483509181,0.5435613411927311,1.1662149430126414,20,percentile bootstrap over scenario_id (1000 replicates),
S2,air_hydro,M2,block,10.0,T+L,T,RMSE,0.9033877734558307,0.7487307270758805,0.7302285441540923,0.6304815074689282,1.2277778159370503,20,percentile bootstrap over scenario_id (1000 replicates),
S2,air_hydro,M2,block,10.0,T+L,T,skill,-0.39905799181461754,-0.22266733682122786,0.9795424126003944,-0.8275548748763247,0.0011861923026702291,20,percentile bootstrap over scenario_id (1000 replicates),
S2,air_hydro,M2,block,30.0,T,T,MAE,0.5862095684035797,0.4793484519540493,0.30153192200373247,0.4609031681948982,0.723452007856394,20,percentile bootstrap over scenario_id (1000 replicates),
S2,air_hydro,M2,block,30.0,T,T,RMSE,0.697230168059556,0.5900114051913232,0.32782504729753353,0.5660495090460035,0.8432030661677968,20,percentile bootstrap over scenario_id (1000 replicates),
S2,air_hydro,M2,block,30.0,T,T,skill,0.12363302930105417,0.11597252909949685,0.15439749635135763,0.06101331070664725,0.18954858027259897,20,percentile bootstrap over scenario_id (1000 replicates),
S2,air_hydro,M2,block,30.0,T+F,T,MAE,0.6005701459720701,0.5010864341315033,0.2856050287733223,0.48911974355706755,0.7276102054201186,20,percentile bootstrap over scenario_id (1000 replicates),
S2,air_hydro,M2,block,30.0,T+F,T,RMSE,0.711221217988814,0.6093959400231044,0.3099524452278271,0.5861546501587485,0.8529434174913972,20,percentile bootstrap over scenario_id (1000 replicates),
S2,air_hydro,M2,block,30.0,T+F,T,skill,0.08584900385942036,0.09988664756484406,0.1945801638092853,0.007795252485130729,0.16851429552205455,20,percentile bootstrap over scenario_id (1000 replicates),
S2,air_hydro,M2,block,30.0,T+F+L,T,MAE,0.7924790944179964,0.48978617352090237,0.5647535126960148,0.5725127834923126,1.0440626029709483,20,percentile bootstrap over scenario_id (1000 replicates),
S2,air_hydro,M2,block,30.0,T+F+L,T,RMSE,0.90239921891143,0.6185107358842238,0.5707930153469447,0.6771276714628158,1.1547170400282185,20,percentile bootstrap over scenario_id (1000 replicates),
S2,air_hydro,M2,block,30.0,T+F+L,T,skill,-0.200083265538457,-0.1366471520674547,0.6686846173728228,-0.5230486236812931,0.05128356024352378,20,percentile bootstrap over scenario_id (1000 replicates),
S2,air_hydro,M2,block,30.0,T+L,T,MAE,0.8635236427233257,0.510373010352305,0.6354983875917095,0.6068475404887379,1.1332349519605067,20,percentile bootstrap over scenario_id (1000 replicates),
S2,air_hydro,M2,block,30.0,T+L,T,RMSE,0.9705659444840535,0.6261261108336971,0.6413805391972337,0.7187986377925037,1.24975536842591,20,percentile bootstrap over scenario_id (1000 replicates),
S2,air_hydro,M2,block,30.0,T+L,T,skill,-0.31602163987392623,-0.18166400498151247,0.8279489537570384,-0.707140590268169,-0.003739462749909778,20,percentile bootstrap over scenario_id (1000 replicates),
S2,air_hydro,M2,block,90.0,T,T,MAE,0.6341875421911599,0.5296403411863924,0.20648858588504368,0.5509278661354255,0.7272481321293228,20,percentile bootstrap over scenario_id (1000 replicates),
S2,air_hydro,M2,block,90.0,T,T,RMSE,0.7853651951156446,0.6686898064816451,0.23327313692393115,0.6883133382962067,0.8856437514270682,20,percentile bootstrap over scenario_id (1000 replicates),
S2,air_hydro,M2,block,90.0,T,T,skill,0.06829798928239723,0.1371094967374188,0.12689099417794297,0.010080353528699302,0.11907899006558702,20,percentile bootstrap over scenario_id (1000 replicates),
S2,air_hydro,M2,block,90.0,T+F,T,MAE,0.6752964819936113,0.545928382904513,0.25086207578599995,0.5785818966566643,0.7845264611221754,20,percentile bootstrap over scenario_id (1000 replicates),
S2,air_hydro,M2,block,90.0,T+F,T,RMSE,0.8227468007247486,0.675882325651526,0.278029720624621,0.711937989054256,0.9496199928836774,20,percentile bootstrap over scenario_id (1000 replicates),
S2,air_hydro,M2,block,90.0,T+F,T,skill,0.01752432831946519,0.09077218010095617,0.16719253590571792,-0.05969942930216214,0.08495594374310853,20,percentile bootstrap over scenario_id (1000 replicates),
S2,air_hydro,M2,block,90.0,T+F+L,T,MAE,0.7828916907417163,0.709380050300499,0.35525582884681856,0.6361753246735204,0.9430940217896975,20,percentile bootstrap over scenario_id (1000 replicates),
S2,air_hydro,M2,block,90.0,T+F+L,T,RMSE,0.945524651585248,0.8935813760576021,0.3915982253046493,0.7922828189197946,1.1159846500237391,20,percentile bootstrap over scenario_id (1000 replicates),
S2,air_hydro,M2,block,90.0,T+F+L,T,skill,-0.15681041896182463,-0.3098060000729522,0.39887686919668014,-0.3231652429466169,0.02095591822093469,20,percentile bootstrap over scenario_id (1000 replicates),
S2,air_hydro,M2,block,90.0,T+L,T,MAE,0.8613902735968046,0.7575346908787399,0.4331946193032238,0.6857474812239913,1.0561974054440348,20,percentile bootstrap over scenario_id (1000 replicates),
S2,air_hydro,M2,block,90.0,T+L,T,RMSE,1.027889007357381,0.953732665235286,0.4684881957138264,0.8404805949998619,1.2198258085028846,20,percentile bootstrap over scenario_id (1000 replicates),
S2,air_hydro,M2,block,90.0,T+L,T,skill,-0.26319195073322155,-0.4091425875465067,0.4788653586542947,-0.48253758755895126,-0.06381032105649903,20,percentile bootstrap over scenario_id (1000 replicates),
S2,air_hydro,M2,block,180.0,T,T,MAE,0.5935843252478298,0.5586818253694582,0.09144678976134325,0.5543651449214747,0.6328928577531674,20,percentile bootstrap over scenario_id (1000 replicates),
S2,air_hydro,M2,block,180.0,T,T,RMSE,0.7558017281506515,0.7323424329194916,0.11666853202276023,0.7047188867662095,0.8043537709427937,20,percentile bootstrap over scenario_id (1000 replicates),
S2,air_hydro,M2,block,180.0,T,T,skill,0.09056253945858454,0.11187735280298233,0.05559468534043445,0.068584171770069,0.11298574510708476,20,percentile bootstrap over scenario_id (1000 replicates),
S2,air_hydro,M2,block,180.0,T+F,T,MAE,0.6285333940722413,0.5687284141552296,0.12142330660283938,0.5771526485003257,0.6799129334636113,20,percentile bootstrap over scenario_id (1000 replicates),
S2,air_hydro,M2,block,180.0,T+F,T,RMSE,0.7977683078082586,0.7523985352377731,0.15587883119873908,0.7277084112380708,0.8656173462336424,20,percentile bootstrap over scenario_id (1000 replicates),
S2,air_hydro,M2,block,180.0,T+F,T,skill,0.04054252439856772,0.07287673766184644,0.09291306575768744,0.0017787313816466322,0.07604627659704291,20,percentile bootstrap over scenario_id (1000 replicates),
S2,air_hydro,M2,block,180.0,T+F+L,T,MAE,0.7686517605021014,0.7698315275188623,0.24654927647179312,0.669358159349195,0.86673453988944,20,percentile bootstrap over scenario_id (1000 replicates),
S2,air_hydro,M2,block,180.0,T+F+L,T,RMSE,0.963109053842372,1.0110782016331838,0.2908681342443576,0.8254094623048617,1.0765270712426134,20,percentile bootstrap over scenario_id (1000 replicates),
S2,air_hydro,M2,block,180.0,T+F+L,T,skill,-0.172052288080774,-0.2216847066756753,0.32122582105128583,-0.31511832127702233,-0.041693410710892005,20,percentile bootstrap over scenario_id (1000 replicates),
S2,air_hydro,M2,block,180.0,T+L,T,MAE,0.8512642615678747,0.8419452655969886,0.3102812772400575,0.711696912213316,0.9854190010204095,20,percentile bootstrap over scenario_id (1000 replicates),
S2,air_hydro,M2,block,180.0,T+L,T,RMSE,1.0603048485523572,1.1090982515382943,0.360472432398898,0.9083581642812854,1.2154149985896157,20,percentile bootstrap over scenario_id (1000 replicates),
S2,air_hydro,M2,block,180.0,T+L,T,skill,-0.2932596392377957,-0.3361211159970158,0.4025726076843225,-0.4608914062601053,-0.13202847429015724,20,percentile bootstrap over scenario_id (1000 replicates),
S2,air_hydro,M3,multiblock,10.0,T,T,MAE,0.6306377005749465,0.6151012896363033,0.30265259976202097,0.5085461832010468,0.7557039357888676,20,percentile bootstrap over scenario_id (1000 replicates),
S2,air_hydro,M3,multiblock,10.0,T,T,RMSE,0.7350738070421687,0.805482865061956,0.3188802022564665,0.6026441460971196,0.8724995872560767,20,percentile bootstrap over scenario_id (1000 replicates),
S2,air_hydro,M3,multiblock,10.0,T,T,skill,0.020325648058013047,0.06183586353882725,0.31519525380151353,-0.11066365209194756,0.1615107711939465,20,percentile bootstrap over scenario_id (1000 replicates),
S2,air_hydro,M3,multiblock,10.0,T+F,T,MAE,0.6846705692552166,0.6601761985462711,0.3004795551216105,0.5613355937884971,0.8233823180899701,20,percentile bootstrap over scenario_id (1000 replicates),
S2,air_hydro,M3,multiblock,10.0,T+F,T,RMSE,0.8071054205788183,0.8673839582954611,0.32043567151994146,0.6650702416690585,0.9391428718887413,20,percentile bootstrap over scenario_id (1000 replicates),
S2,air_hydro,M3,multiblock,10.0,T+F,T,skill,-0.08322838461016221,0.0032946634306530442,0.32990115732322006,-0.22770328410674157,0.04530460442947811,20,percentile bootstrap over scenario_id (1000 replicates),
S2,air_hydro,M3,multiblock,10.0,T+F+L,T,MAE,0.8071133151275186,0.7889895189215865,0.2990995703025524,0.6879762325814104,0.9376447609613814,20,percentile bootstrap over scenario_id (1000 replicates),
S2,air_hydro,M3,multiblock,10.0,T+F+L,T,RMSE,0.946584262162505,0.9550131979233181,0.33270189464486866,0.8093099529898031,1.0917391742281481,20,percentile bootstrap over scenario_id (1000 replicates),
S2,air_hydro,M3,multiblock,10.0,T+F+L,T,skill,-0.41823131470503083,-0.45789312546196914,0.6634904541825558,-0.7077268169508627,-0.1433651584925615,20,percentile bootstrap over scenario_id (1000 replicates),
S2,air_hydro,M3,multiblock,10.0,T+L,T,MAE,0.891010561603186,0.8657167959167855,0.318543540209082,0.762604561592189,1.0262242540189492,20,percentile bootstrap over scenario_id (1000 replicates),
S2,air_hydro,M3,multiblock,10.0,T+L,T,RMSE,1.0511806550021123,1.0516445133974561,0.3738878807851048,0.90121794047415,1.2024319466462503,20,percentile bootstrap over scenario_id (1000 replicates),
S2,air_hydro,M3,multiblock,10.0,T+L,T,skill,-0.5900510252135966,-0.6873753249462491,0.8119303480682095,-0.96862641402031,-0.27187976820743537,20,percentile bootstrap over scenario_id (1000 replicates),
S2,air_hydro,M3,multiblock,30.0,T,T,MAE,0.5310782482470181,0.5106051218520208,0.19488872750799666,0.4489888601236835,0.6193974872989144,20,percentile bootstrap over scenario_id (1000 replicates),
S2,air_hydro,M3,multiblock,30.0,T,T,RMSE,0.6794610392805953,0.6036226159510016,0.25389712014458327,0.5739737477705816,0.7904461546752866,20,percentile bootstrap over scenario_id (1000 replicates),
S2,air_hydro,M3,multiblock,30.0,T,T,skill,0.015294730305576298,0.025851518954871144,0.2225261030033788,-0.08772170811474125,0.11144500671598746,20,percentile bootstrap over scenario_id (1000 replicates),
S2,air_hydro,M3,multiblock,30.0,T+F,T,MAE,0.5632852102999661,0.52927387858822,0.23224422745847656,0.469898897946433,0.6735191838274822,20,percentile bootstrap over scenario_id (1000 replicates),
S2,air_hydro,M3,multiblock,30.0,T+F,T,RMSE,0.7138284927692828,0.643105188582806,0.29081737731077234,0.5954364914727227,0.8337687203355957,20,percentile bootstrap over scenario_id (1000 replicates),
S2,air_hydro,M3,multiblock,30.0,T+F,T,skill,-0.032516689136652066,0.02565236202481147,0.24840140218354995,-0.13938753689681005,0.07118965438106666,20,percentile bootstrap over scenario_id (1000 replicates),
S2,air_hydro,M3,multiblock,30.0,T+F+L,T,MAE,0.7705972010202642,0.7662587430987514,0.3114489616664863,0.6441293048315134,0.9075692471687318,20,percentile bootstrap over scenario_id (1000 replicates),
S2,air_hydro,M3,multiblock,30.0,T+F+L,T,RMSE,0.9169331962389606,0.9375537661043527,0.3538974623911218,0.7723309303272013,1.0791289079172817,20,percentile bootstrap over scenario_id (1000 replicates),
S2,air_hydro,M3,multiblock,30.0,T+F+L,T,skill,-0.5006036256847145,-0.5193484803025482,0.5660650958939663,-0.739245628921422,-0.26925237754847353,20,percentile bootstrap over scenario_id (1000 replicates),
S2,air_hydro,M3,multiblock,30.0,T+L,T,MAE,0.8495043581020372,0.8763970032127961,0.35737704477500953,0.6974789953585232,1.0104797967485688,20,percentile bootstrap over scenario_id (1000 replicates),
S2,air_hydro,M3,multiblock,30.0,T+L,T,RMSE,1.0097776684091728,0.9835861554775671,0.4111843886285774,0.848737713568434,1.175171196237688,20,percentile bootstrap over scenario_id (1000 replicates),
S2,air_hydro,M3,multiblock,30.0,T+L,T,skill,-0.6557326198317585,-0.707843774133936,0.6537034108836635,-0.9401427752375606,-0.3889916121419531,20,percentile bootstrap over scenario_id (1000 replicates),
S2,air_hydro,M3,multiblock,90.0,T,T,MAE,0.6054875621186239,0.583000516746027,0.16208780311193124,0.5447986690725061,0.6767406649277641,20,percentile bootstrap over scenario_id (1000 replicates),
S2,air_hydro,M3,multiblock,90.0,T,T,RMSE,0.7859028798406544,0.7763362357622956,0.20292817677102923,0.705047774050421,0.8815411914860536,20,percentile bootstrap over scenario_id (1000 replicates),
S2,air_hydro,M3,multiblock,90.0,T,T,skill,0.07839575030401583,0.10991711874825882,0.11483371656408907,0.027891249708247808,0.1218567754913596,20,percentile bootstrap over scenario_id (1000 replicates),
S2,air_hydro,M3,multiblock,90.0,T+F,T,MAE,0.653692060494299,0.6079974616368504,0.20044079200603684,0.5658078710480345,0.7433458468747065,20,percentile bootstrap over scenario_id (1000 replicates),
S2,air_hydro,M3,multiblock,90.0,T+F,T,RMSE,0.8418219924588497,0.8042832345780094,0.21038778343923115,0.75688948037262,0.9424984510443788,20,percentile bootstrap over scenario_id (1000 replicates),
S2,air_hydro,M3,multiblock,90.0,T+F,T,skill,0.013604108602357824,0.03879891045729472,0.1265858457782216,-0.03824783993821657,0.06005632752585663,20,percentile bootstrap over scenario_id (1000 replicates),
S2,air_hydro,M3,multiblock,90.0,T+F+L,T,MAE,0.9288550563809093,0.9152666031514853,0.27649718658676337,0.8100056446471767,1.0441896203002141,20,percentile bootstrap over scenario_id (1000 replicates),
S2,air_hydro,M3,multiblock,90.0,T+F+L,T,RMSE,1.1267938035729463,1.132454536686831,0.2988015031418988,1.00131178153076,1.2472729508036593,20,percentile bootstrap over scenario_id (1000 replicates),
S2,air_hydro,M3,multiblock,90.0,T+F+L,T,skill,-0.44689818744476206,-0.4533812963683368,0.4179007373245535,-0.6169019593202832,-0.2683875769501646,20,percentile bootstrap over scenario_id (1000 replicates),
S2,air_hydro,M3,multiblock,90.0,T+L,T,MAE,1.0441652660556828,1.0420530333570663,0.32383170880515805,0.9034041870019257,1.1811321397137746,20,percentile bootstrap over scenario_id (1000 replicates),
S2,air_hydro,M3,multiblock,90.0,T+L,T,RMSE,1.2609173834757914,1.3010977151677572,0.3518707824717961,1.1031046173661505,1.4107550328583236,20,percentile bootstrap over scenario_id (1000 replicates),
S2,air_hydro,M3,multiblock,90.0,T+L,T,skill,-0.6296878329075664,-0.6671028443634115,0.4955585843832231,-0.8295321130023585,-0.41659189768876964,20,percentile bootstrap over scenario_id (1000 replicates),
S2,air_hydro,M3,multiblock,180.0,T,T,MAE,0.6739856070713975,0.6511962329827217,0.10452776054122426,0.6294308674072783,0.720950561441404,20,percentile bootstrap over scenario_id (1000 replicates),
S2,air_hydro,M3,multiblock,180.0,T,T,RMSE,0.8781647944556239,0.8837458274545409,0.11574090047247938,0.8298315382659471,0.93072793672141,20,percentile bootstrap over scenario_id (1000 replicates),
S2,air_hydro,M3,multiblock,180.0,T,T,skill,0.08314356274246151,0.08868363910471183,0.05007453193446945,0.06418898436209047,0.10390651159040465,20,percentile bootstrap over scenario_id (1000 replicates),
S2,air_hydro,M3,multiblock,180.0,T+F,T,MAE,0.7321517946479436,0.73039052365938,0.1125383697013255,0.6840293946502527,0.7850199715991147,20,percentile bootstrap over scenario_id (1000 replicates),
S2,air_hydro,M3,multiblock,180.0,T+F,T,RMSE,0.9398432250473696,0.9508631896553401,0.1185690548568921,0.8872175980164543,0.9901176257137553,20,percentile bootstrap over scenario_id (1000 replicates),
S2,air_hydro,M3,multiblock,180.0,T+F,T,skill,0.0034162473214651213,-0.006093967472103001,0.06732061386062925,-0.026476605469044862,0.03159591087162268,20,percentile bootstrap over scenario_id (1000 replicates),
S2,air_hydro,M3,multiblock,180.0,T+F+L,T,MAE,0.8636636892053581,0.8947478119777679,0.1428237361930431,0.7972702806456297,0.919044644423945,20,percentile bootstrap over scenario_id (1000 replicates),
S2,air_hydro,M3,multiblock,180.0,T+F+L,T,RMSE,1.0819779145979174,1.1180154994958298,0.16852495239467077,1.005238284510095,1.1520846896922061,20,percentile bootstrap over scenario_id (1000 replicates),
S2,air_hydro,M3,multiblock,180.0,T+F+L,T,skill,-0.1808089721761031,-0.20448917005335665,0.1745671212181096,-0.251025475336808,-0.111510671228308,20,percentile bootstrap over scenario_id (1000 replicates),
S2,air_hydro,M3,multiblock,180.0,T+L,T,MAE,0.9559395609128476,1.0022661151613013,0.17232641662172046,0.8831215758053805,1.0300779217011864,20,percentile bootstrap over scenario_id (1000 replicates),
S2,air_hydro,M3,multiblock,180.0,T+L,T,RMSE,1.1921147992202359,1.258457529892814,0.20395618745662128,1.105064858795505,1.2774551383418056,20,percentile bootstrap over scenario_id (1000 replicates),
S2,air_hydro,M3,multiblock,180.0,T+L,T,skill,-0.30685807016073713,-0.3168486428161452,0.2172244475268362,-0.4013959663365088,-0.21304608029603436,20,percentile bootstrap over scenario_id (1000 replicates),
S2,air_only,M2,block,10.0,T,T,MAE,0.7341590839131412,0.5770021396718177,0.5158563974032865,0.5277273416788425,0.9840057905872572,20,percentile bootstrap over scenario_id (1000 replicates),
S2,air_only,M2,block,10.0,T,T,RMSE,0.7946065351537605,0.6505055945058844,0.49658651600918946,0.6000348312887254,1.0198032166548794,20,percentile bootstrap over scenario_id (1000 replicates),
S2,air_only,M2,block,10.0,T,T,skill,-0.12879945150405347,-0.07675436329344065,0.37422590729504185,-0.3016469526627923,0.015801096907290875,20,percentile bootstrap over scenario_id (1000 replicates),
S2,air_only,M2,block,10.0,T+F,T,MAE,0.7341590839131412,0.5770021396718177,0.5158563974032865,0.5481701355821216,0.972517414074176,20,percentile bootstrap over scenario_id (1000 replicates),
S2,air_only,M2,block,10.0,T+F,T,RMSE,0.7946065351537605,0.6505055945058844,0.49658651600918946,0.6025976037988698,1.0379103495206994,20,percentile bootstrap over scenario_id (1000 replicates),
S2,air_only,M2,block,10.0,T+F,T,skill,-0.12879945150405347,-0.07675436329344065,0.37422590729504185,-0.302750914908236,0.022381845255797925,20,percentile bootstrap over scenario_id (1000 replicates),
S2,air_only,M2,block,10.0,T+F+L,T,MAE,0.7341590839131412,0.5770021396718177,0.5158563974032865,0.5159095264660072,0.9538515573996506,20,percentile bootstrap over scenario_id (1000 replicates),
S2,air_only,M2,block,10.0,T+F+L,T,RMSE,0.7946065351537605,0.6505055945058844,0.49658651600918946,0.5997676302958351,1.0231378576549084,20,percentile bootstrap over scenario_id (1000 replicates),
S2,air_only,M2,block,10.0,T+F+L,T,skill,-0.12879945150405347,-0.07675436329344065,0.37422590729504185,-0.29387210634535343,0.016154843486612978,20,percentile bootstrap over scenario_id (1000 replicates),
S2,air_only,M2,block,10.0,T+L,T,MAE,0.7341590839131412,0.5770021396718177,0.5158563974032865,0.5419191927069928,0.9716242965065522,20,percentile bootstrap over scenario_id (1000 replicates),
S2,air_only,M2,block,10.0,T+L,T,RMSE,0.7946065351537605,0.6505055945058844,0.49658651600918946,0.6004036168410785,1.0466122179962372,20,percentile bootstrap over scenario_id (1000 replicates),
S2,air_only,M2,block,10.0,T+L,T,skill,-0.12879945150405347,-0.07675436329344065,0.37422590729504185,-0.2896878029085432,0.014172749630013068,20,percentile bootstrap over scenario_id (1000 replicates),
S2,air_only,M2,block,30.0,T,T,MAE,0.6544742391882437,0.5039626722836367,0.3783955260284357,0.5034106625657677,0.8145901246926874,20,percentile bootstrap over scenario_id (1000 replicates),
S2,air_only,M2,block,30.0,T,T,RMSE,0.75326837975135,0.5965222103065206,0.3965676393349081,0.591967185544459,0.9368967575571976,20,percentile bootstrap over scenario_id (1000 replicates),
S2,air_only,M2,block,30.0,T,T,skill,0.041971467662835826,0.026838018788930995,0.16761645623984775,-0.023880427267343594,0.11203737858113771,20,percentile bootstrap over scenario_id (1000 replicates),
S2,air_only,M2,block,30.0,T+F,T,MAE,0.6544742391882437,0.5039626722836367,0.3783955260284357,0.5116352848002914,0.8270319010364026,20,percentile bootstrap over scenario_id (1000 replicates),
S2,air_only,M2,block,30.0,T+F,T,RMSE,0.75326837975135,0.5965222103065206,0.3965676393349081,0.589387425206536,0.9287367199948009,20,percentile bootstrap over scenario_id (1000 replicates),
S2,air_only,M2,block,30.0,T+F,T,skill,0.041971467662835826,0.026838018788930995,0.16761645623984775,-0.03205780424379275,0.11022150329925119,20,percentile bootstrap over scenario_id (1000 replicates),
S2,air_only,M2,block,30.0,T+F+L,T,MAE,0.6544742391882437,0.5039626722836367,0.3783955260284357,0.5069941630262363,0.8150135572778416,20,percentile bootstrap over scenario_id (1000 replicates),
S2,air_only,M2,block,30.0,T+F+L,T,RMSE,0.75326837975135,0.5965222103065206,0.3965676393349081,0.5985032473304419,0.9328545350500174,20,percentile bootstrap over scenario_id (1000 replicates),
S2,air_only,M2,block,30.0,T+F+L,T,skill,0.041971467662835826,0.026838018788930995,0.16761645623984775,-0.03368646846014291,0.11423918429592121,20,percentile bootstrap over scenario_id (1000 replicates),
S2,air_only,M2,block,30.0,T+L,T,MAE,0.6544742391882437,0.5039626722836367,0.3783955260284357,0.5072226335010425,0.8212785747834501,20,percentile bootstrap over scenario_id (1000 replicates),
S2,air_only,M2,block,30.0,T+L,T,RMSE,0.75326837975135,0.5965222103065206,0.3965676393349081,0.6027173452874894,0.9310043947318899,20,percentile bootstrap over scenario_id (1000 replicates),
S2,air_only,M2,block,30.0,T+L,T,skill,0.041971467662835826,0.026838018788930995,0.16761645623984775,-0.03301342747849731,0.11447792548261912,20,percentile bootstrap over scenario_id (1000 replicates),
S2,air_only,M2,block,90.0,T,T,MAE,0.6547423403438879,0.6191476644795502,0.17916384951060493,0.572560942241649,0.7348293022436053,20,percentile bootstrap over scenario_id (1000 replicates),
S2,air_only,M2,block,90.0,T,T,RMSE,0.795548863191212,0.7254694196063317,0.21276542780923352,0.7015506303999369,0.8811690118573913,20,percentile bootstrap over scenario_id (1000 replicates),
S2,air_only,M2,block,90.0,T,T,skill,0.03481701070486341,0.02906789056290965,0.06455886837902651,0.008313709938822099,0.06233335733114533,20,percentile bootstrap over scenario_id (1000 replicates),
S2,air_only,M2,block,90.0,T+F,T,MAE,0.6547423403438879,0.6191476644795502,0.17916384951060493,0.5787120948545907,0.7306887404342499,20,percentile bootstrap over scenario_id (1000 replicates),
S2,air_only,M2,block,90.0,T+F,T,RMSE,0.795548863191212,0.7254694196063317,0.21276542780923352,0.7101766326159867,0.887778940303467,20,percentile bootstrap over scenario_id (1000 replicates),
S2,air_only,M2,block,90.0,T+F,T,skill,0.03481701070486341,0.02906789056290965,0.06455886837902651,0.009384210736084525,0.0615943788491715,20,percentile bootstrap over scenario_id (1000 replicates),
S2,air_only,M2,block,90.0,T+F+L,T,MAE,0.6547423403438879,0.6191476644795502,0.17916384951060493,0.5801628155937119,0.7276742876121187,20,percentile bootstrap over scenario_id (1000 replicates),
S2,air_only,M2,block,90.0,T+F+L,T,RMSE,0.795548863191212,0.7254694196063317,0.21276542780923352,0.702981771610117,0.8947841586179909,20,percentile bootstrap over scenario_id (1000 replicates),
S2,air_only,M2,block,90.0,T+F+L,T,skill,0.03481701070486341,0.02906789056290965,0.06455886837902651,0.007464128818710383,0.060049310275377465,20,percentile bootstrap over scenario_id (1000 replicates),
S2,air_only,M2,block,90.0,T+L,T,MAE,0.6547423403438879,0.6191476644795502,0.17916384951060493,0.5774885792261213,0.7310542617755148,20,percentile bootstrap over scenario_id (1000 replicates),
S2,air_only,M2,block,90.0,T+L,T,RMSE,0.795548863191212,0.7254694196063317,0.21276542780923352,0.711225952103142,0.8896688017461177,20,percentile bootstrap over scenario_id (1000 replicates),
S2,air_only,M2,block,90.0,T+L,T,skill,0.03481701070486341,0.02906789056290965,0.06455886837902651,0.008649294482433184,0.06230280820374392,20,percentile bootstrap over scenario_id (1000 replicates),
S2,air_only,M2,block,180.0,T,T,MAE,0.6206076192024297,0.5871137847913512,0.08839095482137038,0.5860531452708112,0.6598717064017214,20,percentile bootstrap over scenario_id (1000 replicates),
S2,air_only,M2,block,180.0,T,T,RMSE,0.7679726023231509,0.7522837633309511,0.10572330035398365,0.7212164260914284,0.8130073217694046,20,percentile bootstrap over scenario_id (1000 replicates),
S2,air_only,M2,block,180.0,T,T,skill,0.0486092084114439,0.03660845041124783,0.047944679908042166,0.028972066778275515,0.06912566923757936,20,percentile bootstrap over scenario_id (1000 replicates),
S2,air_only,M2,block,180.0,T+F,T,MAE,0.6206076192024297,0.5871137847913512,0.08839095482137038,0.5842422963209107,0.6574012391486551,20,percentile bootstrap over scenario_id (1000 replicates),
S2,air_only,M2,block,180.0,T+F,T,RMSE,0.7679726023231509,0.7522837633309511,0.10572330035398365,0.7216636662086511,0.8118652749266252,20,percentile bootstrap over scenario_id (1000 replicates),
S2,air_only,M2,block,180.0,T+F,T,skill,0.0486092084114439,0.03660845041124783,0.047944679908042166,0.027277552247440218,0.06724051680015804,20,percentile bootstrap over scenario_id (1000 replicates),
S2,air_only,M2,block,180.0,T+F+L,T,MAE,0.6206076192024297,0.5871137847913512,0.08839095482137038,0.584734298981875,0.6557093722338397,20,percentile bootstrap over scenario_id (1000 replicates),
S2,air_only,M2,block,180.0,T+F+L,T,RMSE,0.7679726023231509,0.7522837633309511,0.10572330035398365,0.723917902259154,0.8136372658680951,20,percentile bootstrap over scenario_id (1000 replicates),
S2,air_only,M2,block,180.0,T+F+L,T,skill,0.0486092084114439,0.03660845041124783,0.047944679908042166,0.02734106791793418,0.06804224197525989,20,percentile bootstrap over scenario_id (1000 replicates),
S2,air_only,M2,block,180.0,T+L,T,MAE,0.6206076192024297,0.5871137847913512,0.08839095482137038,0.5828983481902236,0.6602701998284546,20,percentile bootstrap over scenario_id (1000 replicates),
S2,air_only,M2,block,180.0,T+L,T,RMSE,0.7679726023231509,0.7522837633309511,0.10572330035398365,0.7218323056598747,0.8109509916230506,20,percentile bootstrap over scenario_id (1000 replicates),
S2,air_only,M2,block,180.0,T+L,T,skill,0.0486092084114439,0.03660845041124783,0.047944679908042166,0.029666529924123594,0.06981912879511928,20,percentile bootstrap over scenario_id (1000 replicates),
S2,air_only,M3,multiblock,10.0,T,T,MAE,0.5790096018727627,0.544009018147481,0.22501838299020224,0.49041074496415843,0.6820273239683312,20,percentile bootstrap over scenario_id (1000 replicates),
S2,air_only,M3,multiblock,10.0,T,T,RMSE,0.6934505261971494,0.6962245139978702,0.2690316394573302,0.5859317302079955,0.81051396966933,20,percentile bootstrap over scenario_id (1000 replicates),
S2,air_only,M3,multiblock,10.0,T,T,skill,0.07409484531031807,0.0660837403022792,0.18415650274250328,-0.0075795634282240934,0.1454777930644289,20,percentile bootstrap over scenario_id (1000 replicates),
S2,air_only,M3,multiblock,10.0,T+F,T,MAE,0.5790096018727627,0.544009018147481,0.22501838299020224,0.49091250716581386,0.6719506290966867,20,percentile bootstrap over scenario_id (1000 replicates),
S2,air_only,M3,multiblock,10.0,T+F,T,RMSE,0.6934505261971494,0.6962245139978702,0.2690316394573302,0.5912858296941698,0.8213689248603575,20,percentile bootstrap over scenario_id (1000 replicates),
S2,air_only,M3,multiblock,10.0,T+F,T,skill,0.07409484531031807,0.0660837403022792,0.18415650274250328,-0.0051021329611417865,0.14947487961168043,20,percentile bootstrap over scenario_id (1000 replicates),
S2,air_only,M3,multiblock,10.0,T+F+L,T,MAE,0.5790096018727627,0.544009018147481,0.22501838299020224,0.4952020256533985,0.6877502118842301,20,percentile bootstrap over scenario_id (1000 replicates),
S2,air_only,M3,multiblock,10.0,T+F+L,T,RMSE,0.6934505261971494,0.6962245139978702,0.2690316394573302,0.5861834631176317,0.8099541899379502,20,percentile bootstrap over scenario_id (1000 replicates),
S2,air_only,M3,multiblock,10.0,T+F+L,T,skill,0.07409484531031807,0.0660837403022792,0.18415650274250328,-0.002731257620476361,0.14921529741560094,20,percentile bootstrap over scenario_id (1000 replicates),
S2,air_only,M3,multiblock,10.0,T+L,T,MAE,0.5790096018727627,0.544009018147481,0.22501838299020224,0.4821801996288307,0.684464536217601,20,percentile bootstrap over scenario_id (1000 replicates),
S2,air_only,M3,multiblock,10.0,T+L,T,RMSE,0.6934505261971494,0.6962245139978702,0.2690316394573302,0.5833337671209672,0.8199426927771309,20,percentile bootstrap over scenario_id (1000 replicates),
S2,air_only,M3,multiblock,10.0,T+L,T,skill,0.07409484531031807,0.0660837403022792,0.18415650274250328,-0.008383529576871147,0.1475164996674088,20,percentile bootstrap over scenario_id (1000 replicates),
S2,air_only,M3,multiblock,30.0,T,T,MAE,0.5438194163692255,0.4735973246580705,0.22440149045068594,0.45478258717232295,0.6433394926812535,20,percentile bootstrap over scenario_id (1000 replicates),
S2,air_only,M3,multiblock,30.0,T,T,RMSE,0.6755282647194039,0.5990872139450562,0.26444508487767004,0.5630946647552326,0.789255374008863,20,percentile bootstrap over scenario_id (1000 replicates),
S2,air_only,M3,multiblock,30.0,T,T,skill,0.011525785052458198,0.008364147980276404,0.14436665146763022,-0.05181782678190129,0.06778062447666398,20,percentile bootstrap over scenario_id (1000 replicates),
S2,air_only,M3,multiblock,30.0,T+F,T,MAE,0.5438194163692255,0.4735973246580705,0.22440149045068594,0.4517313111186444,0.642280881710971,20,percentile bootstrap over scenario_id (1000 replicates),
S2,air_only,M3,multiblock,30.0,T+F,T,RMSE,0.6755282647194039,0.5990872139450562,0.26444508487767004,0.5699613539159495,0.8017465699790041,20,percentile bootstrap over scenario_id (1000 replicates),
S2,air_only,M3,multiblock,30.0,T+F,T,skill,0.011525785052458198,0.008364147980276404,0.14436665146763022,-0.051207529141530754,0.07409814537904505,20,percentile bootstrap over scenario_id (1000 replicates),
S2,air_only,M3,multiblock,30.0,T+F+L,T,MAE,0.5438194163692255,0.4735973246580705,0.22440149045068594,0.44876471749086944,0.6400537231121474,20,percentile bootstrap over scenario_id (1000 replicates),
S2,air_only,M3,multiblock,30.0,T+F+L,T,RMSE,0.6755282647194039,0.5990872139450562,0.26444508487767004,0.5742985574215468,0.7868015139430501,20,percentile bootstrap over scenario_id (1000 replicates),
S2,air_only,M3,multiblock,30.0,T+F+L,T,skill,0.011525785052458198,0.008364147980276404,0.14436665146763022,-0.053421239712660336,0.06813500601530775,20,percentile bootstrap over scenario_id (1000 replicates),
S2,air_only,M3,multiblock,30.0,T+L,T,MAE,0.5438194163692255,0.4735973246580705,0.22440149045068594,0.4519796501985089,0.6419646335744378,20,percentile bootstrap over scenario_id (1000 replicates),
S2,air_only,M3,multiblock,30.0,T+L,T,RMSE,0.6755282647194039,0.5990872139450562,0.26444508487767004,0.5757923261820922,0.7890867485819705,20,percentile bootstrap over scenario_id (1000 replicates),
S2,air_only,M3,multiblock,30.0,T+L,T,skill,0.011525785052458198,0.008364147980276404,0.14436665146763022,-0.052141906630077825,0.0698618567392568,20,percentile bootstrap over scenario_id (1000 replicates),
S2,air_only,M3,multiblock,90.0,T,T,MAE,0.6366334337892141,0.6206650680877419,0.19119768353164798,0.5587467914632996,0.7170500775450647,20,percentile bootstrap over scenario_id (1000 replicates),
S2,air_only,M3,multiblock,90.0,T,T,RMSE,0.7997614527530338,0.7816682745031921,0.22962613877764063,0.7130078610823409,0.8973417152402848,20,percentile bootstrap over scenario_id (1000 replicates),
S2,air_only,M3,multiblock,90.0,T,T,skill,0.04147001298672542,0.039783580080155256,0.08803914362100101,0.005173861493354516,0.07948917393970553,20,percentile bootstrap over scenario_id (1000 replicates),
S2,air_only,M3,multiblock,90.0,T+F,T,MAE,0.6366334337892141,0.6206650680877419,0.19119768353164798,0.5566700477223097,0.7130282066729421,20,percentile bootstrap over scenario_id (1000 replicates),
S2,air_only,M3,multiblock,90.0,T+F,T,RMSE,0.7997614527530338,0.7816682745031921,0.22962613877764063,0.7051146919037093,0.9086780051562809,20,percentile bootstrap over scenario_id (1000 replicates),
S2,air_only,M3,multiblock,90.0,T+F,T,skill,0.04147001298672542,0.039783580080155256,0.08803914362100101,0.005125599387069766,0.08084938568298315,20,percentile bootstrap over scenario_id (1000 replicates),
S2,air_only,M3,multiblock,90.0,T+F+L,T,MAE,0.6366334337892141,0.6206650680877419,0.19119768353164798,0.5631301551762149,0.7171365226221441,20,percentile bootstrap over scenario_id (1000 replicates),
S2,air_only,M3,multiblock,90.0,T+F+L,T,RMSE,0.7997614527530338,0.7816682745031921,0.22962613877764063,0.705034521880751,0.9085047829701216,20,percentile bootstrap over scenario_id (1000 replicates),
S2,air_only,M3,multiblock,90.0,T+F+L,T,skill,0.04147001298672542,0.039783580080155256,0.08803914362100101,0.005604009543822281,0.07855960642351076,20,percentile bootstrap over scenario_id (1000 replicates),
S2,air_only,M3,multiblock,90.0,T+L,T,MAE,0.6366334337892141,0.6206650680877419,0.19119768353164798,0.5624725361125137,0.7169015323456384,20,percentile bootstrap over scenario_id (1000 replicates),
S2,air_only,M3,multiblock,90.0,T+L,T,RMSE,0.7997614527530338,0.7816682745031921,0.22962613877764063,0.7041191561682018,0.8972662679777271,20,percentile bootstrap over scenario_id (1000 replicates),
S2,air_only,M3,multiblock,90.0,T+L,T,skill,0.04147001298672542,0.039783580080155256,0.08803914362100101,0.006263947020033116,0.08036206636713157,20,percentile bootstrap over scenario_id (1000 replicates),
S2,air_only,M3,multiblock,180.0,T,T,MAE,0.6919037818713761,0.7146267215250539,0.1058151622905054,0.6474596169163817,0.7366974258913079,20,percentile bootstrap over scenario_id (1000 replicates),
S2,air_only,M3,multiblock,180.0,T,T,RMSE,0.8873464515909382,0.8855225064758956,0.12487574310491822,0.8356264000102008,0.9381935349467813,20,percentile bootstrap over scenario_id (1000 replicates),
S2,air_only,M3,multiblock,180.0,T,T,skill,0.05965121157064217,0.05842056992819383,0.04783853950266249,0.038900770780520955,0.08031020208189364,20,percentile bootstrap over scenario_id (1000 replicates),
S2,air_only,M3,multiblock,180.0,T+F,T,MAE,0.6919037818713761,0.7146267215250539,0.1058151622905054,0.6487327747886303,0.7402389983111386,20,percentile bootstrap over scenario_id (1000 replicates),
S2,air_only,M3,multiblock,180.0,T+F,T,RMSE,0.8873464515909382,0.8855225064758956,0.12487574310491822,0.8381275007295044,0.9394083760476163,20,percentile bootstrap over scenario_id (1000 replicates),
S2,air_only,M3,multiblock,180.0,T+F,T,skill,0.05965121157064217,0.05842056992819383,0.04783853950266249,0.03938265477940677,0.08116795451679075,20,percentile bootstrap over scenario_id (1000 replicates),
S2,air_only,M3,multiblock,180.0,T+F+L,T,MAE,0.6919037818713761,0.7146267215250539,0.1058151622905054,0.649228799010751,0.7405299835954959,20,percentile bootstrap over scenario_id (1000 replicates),
S2,air_only,M3,multiblock,180.0,T+F+L,T,RMSE,0.8873464515909382,0.8855225064758956,0.12487574310491822,0.8350212407918853,0.9419932416275941,20,percentile bootstrap over scenario_id (1000 replicates),
S2,air_only,M3,multiblock,180.0,T+F+L,T,skill,0.05965121157064217,0.05842056992819383,0.04783853950266249,0.04050999177291599,0.07953184908552562,20,percentile bootstrap over scenario_id (1000 replicates),
S2,air_only,M3,multiblock,180.0,T+L,T,MAE,0.6919037818713761,0.7146267215250539,0.1058151622905054,0.6492338542739121,0.7399290725313766,20,percentile bootstrap over scenario_id (1000 replicates),
S2,air_only,M3,multiblock,180.0,T+L,T,RMSE,0.8873464515909382,0.8855225064758956,0.12487574310491822,0.8319963100694244,0.9416046894299841,20,percentile bootstrap over scenario_id (1000 replicates),
S2,air_only,M3,multiblock,180.0,T+L,T,skill,0.05965121157064217,0.05842056992819383,0.04783853950266249,0.03951530253996434,0.08099598582746813,20,percentile bootstrap over scenario_id (1000 replicates),
S2,climatology,M2,block,10.0,T,T,MAE,0.6955000388622284,0.505000114440918,0.5088012183804194,0.49070629239082353,0.9194500437080857,20,percentile bootstrap over scenario_id (1000 replicates),
S2,climatology,M2,block,10.0,T,T,RMSE,0.753487840535704,0.5955037806965509,0.49657366494908123,0.5619408402303762,0.9673340459761186,20,percentile bootstrap over scenario_id (1000 replicates),
S2,climatology,M2,block,10.0,T,T,skill,0.0,0.0,0.0,0.0,0.0,20,percentile bootstrap over scenario_id (1000 replicates),
S2,climatology,M2,block,10.0,T+F,T,MAE,0.6955000388622284,0.505000114440918,0.5088012183804194,0.511468753874302,0.9350376186668873,20,percentile bootstrap over scenario_id (1000 replicates),
S2,climatology,M2,block,10.0,T+F,T,RMSE,0.753487840535704,0.5955037806965509,0.49657366494908123,0.5494377313205727,0.9706729044549496,20,percentile bootstrap over scenario_id (1000 replicates),
S2,climatology,M2,block,10.0,T+F,T,skill,0.0,0.0,0.0,0.0,0.0,20,percentile bootstrap over scenario_id (1000 replicates),
S2,climatology,M2,block,10.0,T+F+L,T,MAE,0.6955000388622284,0.505000114440918,0.5088012183804194,0.48724376514554024,0.9334375269711017,20,percentile bootstrap over scenario_id (1000 replicates),
S2,climatology,M2,block,10.0,T+F+L,T,RMSE,0.753487840535704,0.5955037806965509,0.49657366494908123,0.5698332766783581,0.9758712551358784,20,percentile bootstrap over scenario_id (1000 replicates),
S2,climatology,M2,block,10.0,T+F+L,T,skill,0.0,0.0,0.0,0.0,0.0,20,percentile bootstrap over scenario_id (1000 replicates),
S2,climatology,M2,block,10.0,T+L,T,MAE,0.6955000388622284,0.505000114440918,0.5088012183804194,0.49941259071230903,0.9255250938534738,20,percentile bootstrap over scenario_id (1000 replicates),
S2,climatology,M2,block,10.0,T+L,T,RMSE,0.753487840535704,0.5955037806965509,0.49657366494908123,0.550923988233389,0.9892373922070535,20,percentile bootstrap over scenario_id (1000 replicates),
S2,climatology,M2,block,10.0,T+L,T,skill,0.0,0.0,0.0,0.0,0.0,20,percentile bootstrap over scenario_id (1000 replicates),
S2,climatology,M2,block,30.0,T,T,MAE,0.6738333268960316,0.5550000031789144,0.3512180474291631,0.5399500054915747,0.833931268910567,20,percentile bootstrap over scenario_id (1000 replicates),
S2,climatology,M2,block,30.0,T,T,RMSE,0.7842005604746561,0.6118278829282159,0.3853175406885538,0.6346890013567806,0.9712652010578013,20,percentile bootstrap over scenario_id (1000 replicates),
S2,climatology,M2,block,30.0,T,T,skill,0.0,0.0,0.0,0.0,0.0,20,percentile bootstrap over scenario_id (1000 replicates),
S2,climatology,M2,block,30.0,T+F,T,MAE,0.6738333268960316,0.5550000031789144,0.3512180474291631,0.5371229269703228,0.8253749758402504,20,percentile bootstrap over scenario_id (1000 replicates),
S2,climatology,M2,block,30.0,T+F,T,RMSE,0.7842005604746561,0.6118278829282159,0.3853175406885538,0.6330371589395456,0.9712483292565403,20,percentile bootstrap over scenario_id (1000 replicates),
S2,climatology,M2,block,30.0,T+F,T,skill,0.0,0.0,0.0,0.0,0.0,20,percentile bootstrap over scenario_id (1000 replicates),
S2,climatology,M2,block,30.0,T+F+L,T,MAE,0.6738333268960316,0.5550000031789144,0.3512180474291631,0.5391520815094312,0.8359374716182548,20,percentile bootstrap over scenario_id (1000 replicates),
S2,climatology,M2,block,30.0,T+F+L,T,RMSE,0.7842005604746561,0.6118278829282159,0.3853175406885538,0.6284846068220756,0.9517986735662126,20,percentile bootstrap over scenario_id (1000 replicates),
S2,climatology,M2,block,30.0,T+F+L,T,skill,0.0,0.0,0.0,0.0,0.0,20,percentile bootstrap over scenario_id (1000 replicates),
S2,climatology,M2,block,30.0,T+L,T,MAE,0.6738333268960316,0.5550000031789144,0.3512180474291631,0.5337395373384158,0.8320958242813745,20,percentile bootstrap over scenario_id (1000 replicates),
S2,climatology,M2,block,30.0,T+L,T,RMSE,0.7842005604746561,0.6118278829282159,0.3853175406885538,0.6408610793339519,0.9562889022010537,20,percentile bootstrap over scenario_id (1000 replicates),
S2,climatology,M2,block,30.0,T+L,T,skill,0.0,0.0,0.0,0.0,0.0,20,percentile bootstrap over scenario_id (1000 replicates),
S2,climatology,M2,block,90.0,T,T,MAE,0.6735277616977692,0.6297222124205695,0.15824442288446572,0.6095416510568725,0.7336472074985504,20,percentile bootstrap over scenario_id (1000 replicates),
S2,climatology,M2,block,90.0,T,T,RMSE,0.8181816987243339,0.7389412942591276,0.2149515655534715,0.7245613287684597,0.9107114856250766,20,percentile bootstrap over scenario_id (1000 replicates),
S2,climatology,M2,block,90.0,T,T,skill,0.0,0.0,0.0,0.0,0.0,20,percentile bootstrap over scenario_id (1000 replicates),
S2,climatology,M2,block,90.0,T+F,T,MAE,0.6735277616977692,0.6297222124205695,0.15824442288446572,0.5993249926633305,0.7419319189455774,20,percentile bootstrap over scenario_id (1000 replicates),
S2,climatology,M2,block,90.0,T+F,T,RMSE,0.8181816987243339,0.7389412942591276,0.2149515655534715,0.7202684130908023,0.9048542627019864,20,percentile bootstrap over scenario_id (1000 replicates),
S2,climatology,M2,block,90.0,T+F,T,skill,0.0,0.0,0.0,0.0,0.0,20,percentile bootstrap over scenario_id (1000 replicates),
S2,climatology,M2,block,90.0,T+F+L,T,MAE,0.6735277616977692,0.6297222124205695,0.15824442288446572,0.6046062332656649,0.7374784607821042,20,percentile bootstrap over scenario_id (1000 replicates),
S2,climatology,M2,block,90.0,T+F+L,T,RMSE,0.8181816987243339,0.7389412942591276,0.2149515655534715,0.7291169098648426,0.9156856611485191,20,percentile bootstrap over scenario_id (1000 replicates),
S2,climatology,M2,block,90.0,T+F+L,T,skill,0.0,0.0,0.0,0.0,0.0,20,percentile bootstrap over scenario_id (1000 replicates),
S2,climatology,M2,block,90.0,T+L,T,MAE,0.6735277616977692,0.6297222124205695,0.15824442288446572,0.6108874802754987,0.7394735929734177,20,percentile bootstrap over scenario_id (1000 replicates),
S2,climatology,M2,block,90.0,T+L,T,RMSE,0.8181816987243339,0.7389412942591276,0.2149515655534715,0.725419446785653,0.9046777160138593,20,percentile bootstrap over scenario_id (1000 replicates),
S2,climatology,M2,block,90.0,T+L,T,skill,0.0,0.0,0.0,0.0,0.0,20,percentile bootstrap over scenario_id (1000 replicates),
S2,climatology,M2,block,180.0,T,T,MAE,0.6510416666666667,0.6301389376322428,0.07611184881540448,0.6196506916152106,0.6827513847268291,20,percentile bootstrap over scenario_id (1000 replicates),
S2,climatology,M2,block,180.0,T,T,RMSE,0.8037730245732035,0.8094528511249071,0.10703152123126355,0.7584727958133196,0.8489547059425671,20,percentile bootstrap over scenario_id (1000 replicates),
S2,climatology,M2,block,180.0,T,T,skill,0.0,0.0,0.0,0.0,0.0,20,percentile bootstrap over scenario_id (1000 replicates),
S2,climatology,M2,block,180.0,T+F,T,MAE,0.6510416666666667,0.6301389376322428,0.07611184881540448,0.61674687963393,0.6818416614797379,20,percentile bootstrap over scenario_id (1000 replicates),
S2,climatology,M2,block,180.0,T+F,T,RMSE,0.8037730245732035,0.8094528511249071,0.10703152123126355,0.7559703458280438,0.846594862248972,20,percentile bootstrap over scenario_id (1000 replicates),
S2,climatology,M2,block,180.0,T+F,T,skill,0.0,0.0,0.0,0.0,0.0,20,percentile bootstrap over scenario_id (1000 replicates),
S2,climatology,M2,block,180.0,T+F+L,T,MAE,0.6510416666666667,0.6301389376322428,0.07611184881540448,0.6194819444782204,0.6812718769361574,20,percentile bootstrap over scenario_id (1000 replicates),
S2,climatology,M2,block,180.0,T+F+L,T,RMSE,0.8037730245732035,0.8094528511249071,0.10703152123126355,0.7602268646929825,0.8504845824282005,20,percentile bootstrap over scenario_id (1000 replicates),
S2,climatology,M2,block,180.0,T+F+L,T,skill,0.0,0.0,0.0,0.0,0.0,20,percentile bootstrap over scenario_id (1000 replicates),
S2,climatology,M2,block,180.0,T+L,T,MAE,0.6510416666666667,0.6301389376322428,0.07611184881540448,0.6191802141699525,0.6841722171174154,20,percentile bootstrap over scenario_id (1000 replicates),
S2,climatology,M2,block,180.0,T+L,T,RMSE,0.8037730245732035,0.8094528511249071,0.10703152123126355,0.7603697237127329,0.8475752459162661,20,percentile bootstrap over scenario_id (1000 replicates),
S2,climatology,M2,block,180.0,T+L,T,skill,0.0,0.0,0.0,0.0,0.0,20,percentile bootstrap over scenario_id (1000 replicates),
S2,climatology,M3,multiblock,10.0,T,T,MAE,0.6347499966621399,0.55,0.2329190094397461,0.5414874901175498,0.7280187609195707,20,percentile bootstrap over scenario_id (1000 replicates),
S2,climatology,M3,multiblock,10.0,T,T,RMSE,0.7621328404160463,0.6266941039756876,0.2971639573049929,0.6356497356700991,0.8911961016234807,20,percentile bootstrap over scenario_id (1000 replicates),
S2,climatology,M3,multiblock,10.0,T,T,skill,0.0,0.0,0.0,0.0,0.0,20,percentile bootstrap over scenario_id (1000 replicates),
S2,climatology,M3,multiblock,10.0,T+F,T,MAE,0.6347499966621399,0.55,0.2329190094397461,0.5349749625027179,0.7362875148355958,20,percentile bootstrap over scenario_id (1000 replicates),
S2,climatology,M3,multiblock,10.0,T+F,T,RMSE,0.7621328404160463,0.6266941039756876,0.2971639573049929,0.6384637754406008,0.8973499789638626,20,percentile bootstrap over scenario_id (1000 replicates),
S2,climatology,M3,multiblock,10.0,T+F,T,skill,0.0,0.0,0.0,0.0,0.0,20,percentile bootstrap over scenario_id (1000 replicates),
S2,climatology,M3,multiblock,10.0,T+F+L,T,MAE,0.6347499966621399,0.55,0.2329190094397461,0.5389812145531176,0.737749989748001,20,percentile bootstrap over scenario_id (1000 replicates),
S2,climatology,M3,multiblock,10.0,T+F+L,T,RMSE,0.7621328404160463,0.6266941039756876,0.2971639573049929,0.6359917668639463,0.8803897135014439,20,percentile bootstrap over scenario_id (1000 replicates),
S2,climatology,M3,multiblock,10.0,T+F+L,T,skill,0.0,0.0,0.0,0.0,0.0,20,percentile bootstrap over scenario_id (1000 replicates),
S2,climatology,M3,multiblock,10.0,T+L,T,MAE,0.6347499966621399,0.55,0.2329190094397461,0.5284936982989311,0.7372500004470348,20,percentile bootstrap over scenario_id (1000 replicates),
S2,climatology,M3,multiblock,10.0,T+L,T,RMSE,0.7621328404160463,0.6266941039756876,0.2971639573049929,0.6352711166374214,0.8941713652128418,20,percentile bootstrap over scenario_id (1000 replicates),
S2,climatology,M3,multiblock,10.0,T+L,T,skill,0.0,0.0,0.0,0.0,0.0,20,percentile bootstrap over scenario_id (1000 replicates),
S2,climatology,M3,multiblock,30.0,T,T,MAE,0.5595833317438762,0.5183334271113078,0.23548313897144998,0.45805000636974963,0.6647604517440001,20,percentile bootstrap over scenario_id (1000 replicates),
S2,climatology,M3,multiblock,30.0,T,T,RMSE,0.7047391801148137,0.6177599048173091,0.29974587517491014,0.5808795066123187,0.8408007846658153,20,percentile bootstrap over scenario_id (1000 replicates),
S2,climatology,M3,multiblock,30.0,T,T,skill,0.0,0.0,0.0,0.0,0.0,20,percentile bootstrap over scenario_id (1000 replicates),
S2,climatology,M3,multiblock,30.0,T+F,T,MAE,0.5595833317438762,0.5183334271113078,0.23548313897144998,0.46498957552512493,0.6575937258402507,20,percentile bootstrap over scenario_id (1000 replicates),
S2,climatology,M3,multiblock,30.0,T+F,T,RMSE,0.7047391801148137,0.6177599048173091,0.29974587517491014,0.5828345163641985,0.8369880174424575,20,percentile bootstrap over scenario_id (1000 replicates),
S2,climatology,M3,multiblock,30.0,T+F,T,skill,0.0,0.0,0.0,0.0,0.0,20,percentile bootstrap over scenario_id (1000 replicates),
S2,climatology,M3,multiblock,30.0,T+F+L,T,MAE,0.5595833317438762,0.5183334271113078,0.23548313897144998,0.45282504891355835,0.6602020964821179,20,percentile bootstrap over scenario_id (1000 replicates),
S2,climatology,M3,multiblock,30.0,T+F+L,T,RMSE,0.7047391801148137,0.6177599048173091,0.29974587517491014,0.5795807870694633,0.8335109990872256,20,percentile bootstrap over scenario_id (1000 replicates),
S2,climatology,M3,multiblock,30.0,T+F+L,T,skill,0.0,0.0,0.0,0.0,0.0,20,percentile bootstrap over scenario_id (1000 replicates),
S2,climatology,M3,multiblock,30.0,T+L,T,MAE,0.5595833317438762,0.5183334271113078,0.23548313897144998,0.4649770886699359,0.6651666108866533,20,percentile bootstrap over scenario_id (1000 replicates),
S2,climatology,M3,multiblock,30.0,T+L,T,RMSE,0.7047391801148137,0.6177599048173091,0.29974587517491014,0.5754343627064705,0.8249305122391385,20,percentile bootstrap over scenario_id (1000 replicates),
S2,climatology,M3,multiblock,30.0,T+L,T,skill,0.0,0.0,0.0,0.0,0.0,20,percentile bootstrap over scenario_id (1000 replicates),
S2,climatology,M3,multiblock,90.0,T,T,MAE,0.6685277909702725,0.6252777602937487,0.21113414313948686,0.5805118087828159,0.7668236115343041,20,percentile bootstrap over scenario_id (1000 replicates),
S2,climatology,M3,multiblock,90.0,T,T,RMSE,0.8567072952324792,0.8261931642901478,0.26319818335843537,0.7444480879163967,0.9734953847771686,20,percentile bootstrap over scenario_id (1000 replicates),
S2,climatology,M3,multiblock,90.0,T,T,skill,0.0,0.0,0.0,0.0,0.0,20,percentile bootstrap over scenario_id (1000 replicates),
S2,climatology,M3,multiblock,90.0,T+F,T,MAE,0.6685277909702725,0.6252777602937487,0.21113414313948686,0.5766416702601646,0.7632222348716523,20,percentile bootstrap over scenario_id (1000 replicates),
S2,climatology,M3,multiblock,90.0,T+F,T,RMSE,0.8567072952324792,0.8261931642901478,0.26319818335843537,0.7492227447347756,0.9586193610245485,20,percentile bootstrap over scenario_id (1000 replicates),
S2,climatology,M3,multiblock,90.0,T+F,T,skill,0.0,0.0,0.0,0.0,0.0,20,percentile bootstrap over scenario_id (1000 replicates),
S2,climatology,M3,multiblock,90.0,T+F+L,T,MAE,0.6685277909702725,0.6252777602937487,0.21113414313948686,0.584700713356336,0.7696847300794389,20,percentile bootstrap over scenario_id (1000 replicates),
S2,climatology,M3,multiblock,90.0,T+F+L,T,RMSE,0.8567072952324792,0.8261931642901478,0.26319818335843537,0.7543210424229406,0.9711515892844929,20,percentile bootstrap over scenario_id (1000 replicates),
S2,climatology,M3,multiblock,90.0,T+F+L,T,skill,0.0,0.0,0.0,0.0,0.0,20,percentile bootstrap over scenario_id (1000 replicates),
S2,climatology,M3,multiblock,90.0,T+L,T,MAE,0.6685277909702725,0.6252777602937487,0.21113414313948686,0.5858118245171176,0.7606472459700372,20,percentile bootstrap over scenario_id (1000 replicates),
S2,climatology,M3,multiblock,90.0,T+L,T,RMSE,0.8567072952324792,0.8261931642901478,0.26319818335843537,0.7570619961743082,0.9741013928884601,20,percentile bootstrap over scenario_id (1000 replicates),
S2,climatology,M3,multiblock,90.0,T+L,T,skill,0.0,0.0,0.0,0.0,0.0,20,percentile bootstrap over scenario_id (1000 replicates),
S2,climatology,M3,multiblock,180.0,T,T,MAE,0.7360555398464201,0.7162499864896139,0.11138065473285173,0.689088875013921,0.784601028210587,20,percentile bootstrap over scenario_id (1000 replicates),
S2,climatology,M3,multiblock,180.0,T,T,RMSE,0.9667669932326686,0.9823940191638851,0.1429910200136369,0.9043234362888618,1.0286243500321417,20,percentile bootstrap over scenario_id (1000 replicates),
S2,climatology,M3,multiblock,180.0,T,T,skill,0.0,0.0,0.0,0.0,0.0,20,percentile bootstrap over scenario_id (1000 replicates),
S2,climatology,M3,multiblock,180.0,T+F,T,MAE,0.7360555398464201,0.7162499864896139,0.11138065473285173,0.6902319396005736,0.7849940843350356,20,percentile bootstrap over scenario_id (1000 replicates),
S2,climatology,M3,multiblock,180.0,T+F,T,RMSE,0.9667669932326686,0.9823940191638851,0.1429910200136369,0.9057021952615028,1.024527550232404,20,percentile bootstrap over scenario_id (1000 replicates),
S2,climatology,M3,multiblock,180.0,T+F,T,skill,0.0,0.0,0.0,0.0,0.0,20,percentile bootstrap over scenario_id (1000 replicates),
S2,climatology,M3,multiblock,180.0,T+F+L,T,MAE,0.7360555398464201,0.7162499864896139,0.11138065473285173,0.6864888739602433,0.7843638714833392,20,percentile bootstrap over scenario_id (1000 replicates),
S2,climatology,M3,multiblock,180.0,T+F+L,T,RMSE,0.9667669932326686,0.9823940191638851,0.1429910200136369,0.9085246336365798,1.0281478514789597,20,percentile bootstrap over scenario_id (1000 replicates),
S2,climatology,M3,multiblock,180.0,T+F+L,T,skill,0.0,0.0,0.0,0.0,0.0,20,percentile bootstrap over scenario_id (1000 replicates),
S2,climatology,M3,multiblock,180.0,T+L,T,MAE,0.7360555398464201,0.7162499864896139,0.11138065473285173,0.6912624857690598,0.7802402629190021,20,percentile bootstrap over scenario_id (1000 replicates),
S2,climatology,M3,multiblock,180.0,T+L,T,RMSE,0.9667669932326686,0.9823940191638851,0.1429910200136369,0.9081683759025256,1.0284126013527057,20,percentile bootstrap over scenario_id (1000 replicates),
S2,climatology,M3,multiblock,180.0,T+L,T,skill,0.0,0.0,0.0,0.0,0.0,20,percentile bootstrap over scenario_id (1000 replicates),
S2,donor_regression,M2,block,10.0,T,T,MAE,0.5760216395862183,0.3649211780972096,0.4371678201781993,0.39698671676787683,0.7735305083142777,20,percentile bootstrap over scenario_id (1000 replicates),
S2,donor_regression,M2,block,10.0,T,T,RMSE,0.6230121307546962,0.4011371209930493,0.424138120712466,0.4579634684377536,0.8119323858619718,20,percentile bootstrap over scenario_id (1000 replicates),
S2,donor_regression,M2,block,10.0,T,T,skill,0.12766051759903915,0.1817081109013144,0.39331524108218263,-0.057406323506314076,0.2808686102607636,20,percentile bootstrap over scenario_id (1000 replicates),
S2,donor_regression,M2,block,10.0,T+F,T,MAE,0.5760216395862183,0.3649211780972096,0.4371678201781993,0.4080615247686869,0.7674102486801121,20,percentile bootstrap over scenario_id (1000 replicates),
S2,donor_regression,M2,block,10.0,T+F,T,RMSE,0.6230121307546962,0.4011371209930493,0.424138120712466,0.4431525951723425,0.8258693969610928,20,percentile bootstrap over scenario_id (1000 replicates),
S2,donor_regression,M2,block,10.0,T+F,T,skill,0.12766051759903915,0.1817081109013144,0.39331524108218263,-0.04773213542247719,0.2900909396796993,20,percentile bootstrap over scenario_id (1000 replicates),
S2,donor_regression,M2,block,10.0,T+F+L,T,MAE,0.5760216395862183,0.3649211780972096,0.4371678201781993,0.4042650579833853,0.7860128712086871,20,percentile bootstrap over scenario_id (1000 replicates),
S2,donor_regression,M2,block,10.0,T+F+L,T,RMSE,0.6230121307546962,0.4011371209930493,0.424138120712466,0.4465272345828917,0.8154512701322418,20,percentile bootstrap over scenario_id (1000 replicates),
S2,donor_regression,M2,block,10.0,T+F+L,T,skill,0.12766051759903915,0.1817081109013144,0.39331524108218263,-0.036609892219185175,0.3001293491624461,20,percentile bootstrap over scenario_id (1000 replicates),
S2,donor_regression,M2,block,10.0,T+L,T,MAE,0.5760216395862183,0.3649211780972096,0.4371678201781993,0.3980374053249577,0.7806489085127355,20,percentile bootstrap over scenario_id (1000 replicates),
S2,donor_regression,M2,block,10.0,T+L,T,RMSE,0.6230121307546962,0.4011371209930493,0.424138120712466,0.4514759342908733,0.8154331318126399,20,percentile bootstrap over scenario_id (1000 replicates),
S2,donor_regression,M2,block,10.0,T+L,T,skill,0.12766051759903915,0.1817081109013144,0.39331524108218263,-0.04932205696846522,0.2855239684769287,20,percentile bootstrap over scenario_id (1000 replicates),
S2,donor_regression,M2,block,30.0,T,T,MAE,0.5393926863965509,0.45677092499137617,0.3052538381730338,0.41902403025276214,0.6730087943401083,20,percentile bootstrap over scenario_id (1000 replicates),
S2,donor_regression,M2,block,30.0,T,T,RMSE,0.6175006554785328,0.5177662744237654,0.31357839892425654,0.4891731557764111,0.7673183352688842,20,percentile bootstrap over scenario_id (1000 replicates),
S2,donor_regression,M2,block,30.0,T,T,skill,0.18900788538854693,0.2645538665341347,0.2792874852782031,0.07248275423824577,0.30632926520167214,20,percentile bootstrap over scenario_id (1000 replicates),
S2,donor_regression,M2,block,30.0,T+F,T,MAE,0.5393926863965509,0.45677092499137617,0.3052538381730338,0.41809420791145524,0.6749744802302472,20,percentile bootstrap over scenario_id (1000 replicates),
S2,donor_regression,M2,block,30.0,T+F,T,RMSE,0.6175006554785328,0.5177662744237654,0.31357839892425654,0.47528397767188835,0.7535900565353956,20,percentile bootstrap over scenario_id (1000 replicates),
S2,donor_regression,M2,block,30.0,T+F,T,skill,0.18900788538854693,0.2645538665341347,0.2792874852782031,0.07048700571993978,0.29417513564017156,20,percentile bootstrap over scenario_id (1000 replicates),
S2,donor_regression,M2,block,30.0,T+F+L,T,MAE,0.5393926863965509,0.45677092499137617,0.3052538381730338,0.41720895713433104,0.6692116610739322,20,percentile bootstrap over scenario_id (1000 replicates),
S2,donor_regression,M2,block,30.0,T+F+L,T,RMSE,0.6175006554785328,0.5177662744237654,0.31357839892425654,0.4860293966966235,0.7605938470015564,20,percentile bootstrap over scenario_id (1000 replicates),
S2,donor_regression,M2,block,30.0,T+F+L,T,skill,0.18900788538854693,0.2645538665341347,0.2792874852782031,0.06635301499614091,0.3046794622668971,20,percentile bootstrap over scenario_id (1000 replicates),
S2,donor_regression,M2,block,30.0,T+L,T,MAE,0.5393926863965509,0.45677092499137617,0.3052538381730338,0.41894697369117934,0.6673283088987098,20,percentile bootstrap over scenario_id (1000 replicates),
S2,donor_regression,M2,block,30.0,T+L,T,RMSE,0.6175006554785328,0.5177662744237654,0.31357839892425654,0.49169516749165487,0.7387390155974389,20,percentile bootstrap over scenario_id (1000 replicates),
S2,donor_regression,M2,block,30.0,T+L,T,skill,0.18900788538854693,0.2645538665341347,0.2792874852782031,0.059466528870243264,0.3014336599206008,20,percentile bootstrap over scenario_id (1000 replicates),
S2,donor_regression,M2,block,90.0,T,T,MAE,0.5521599732193605,0.4784279303501748,0.19824877223193224,0.47403087754733503,0.6385567021034484,20,percentile bootstrap over scenario_id (1000 replicates),
S2,donor_regression,M2,block,90.0,T,T,RMSE,0.6614950425079842,0.6061891179589236,0.21029291507380568,0.5795036612828492,0.744291479194202,20,percentile bootstrap over scenario_id (1000 replicates),
S2,donor_regression,M2,block,90.0,T,T,skill,0.17473810264537484,0.1923443980965145,0.22788509251147196,0.07872746599012775,0.27208038968729154,20,percentile bootstrap over scenario_id (1000 replicates),
S2,donor_regression,M2,block,90.0,T+F,T,MAE,0.5521599732193605,0.4784279303501748,0.19824877223193224,0.47098535809470726,0.6376006266274149,20,percentile bootstrap over scenario_id (1000 replicates),
S2,donor_regression,M2,block,90.0,T+F,T,RMSE,0.6614950425079842,0.6061891179589236,0.21029291507380568,0.5711223034441899,0.7541702077624096,20,percentile bootstrap over scenario_id (1000 replicates),
S2,donor_regression,M2,block,90.0,T+F,T,skill,0.17473810264537484,0.1923443980965145,0.22788509251147196,0.07893914465739034,0.2678300336045964,20,percentile bootstrap over scenario_id (1000 replicates),
S2,donor_regression,M2,block,90.0,T+F+L,T,MAE,0.5521599732193605,0.4784279303501748,0.19824877223193224,0.47151359381414126,0.639365757224118,20,percentile bootstrap over scenario_id (1000 replicates),
S2,donor_regression,M2,block,90.0,T+F+L,T,RMSE,0.6614950425079842,0.6061891179589236,0.21029291507380568,0.577133313894877,0.7477724163603202,20,percentile bootstrap over scenario_id (1000 replicates),
S2,donor_regression,M2,block,90.0,T+F+L,T,skill,0.17473810264537484,0.1923443980965145,0.22788509251147196,0.07364419444841656,0.26655534310141765,20,percentile bootstrap over scenario_id (1000 replicates),
S2,donor_regression,M2,block,90.0,T+L,T,MAE,0.5521599732193605,0.4784279303501748,0.19824877223193224,0.4714895264715393,0.644610374024537,20,percentile bootstrap over scenario_id (1000 replicates),
S2,donor_regression,M2,block,90.0,T+L,T,RMSE,0.6614950425079842,0.6061891179589236,0.21029291507380568,0.5767677395488509,0.7556154163559271,20,percentile bootstrap over scenario_id (1000 replicates),
S2,donor_regression,M2,block,90.0,T+L,T,skill,0.17473810264537484,0.1923443980965145,0.22788509251147196,0.0723438056245,0.2660332204281833,20,percentile bootstrap over scenario_id (1000 replicates),
S2,donor_regression,M2,block,180.0,T,T,MAE,0.5391876010030094,0.5005724798527548,0.17764364943568153,0.46633416293250946,0.622802423099174,20,percentile bootstrap over scenario_id (1000 replicates),
S2,donor_regression,M2,block,180.0,T,T,RMSE,0.6517763920275981,0.6033242872163334,0.18751297637956912,0.5726107679429767,0.7327400105335093,20,percentile bootstrap over scenario_id (1000 replicates),
S2,donor_regression,M2,block,180.0,T,T,skill,0.17651786538940292,0.15296567226946295,0.2348640235594046,0.07846409829285726,0.2730697667265565,20,percentile bootstrap over scenario_id (1000 replicates),
S2,donor_regression,M2,block,180.0,T+F,T,MAE,0.5391876010030094,0.5005724798527548,0.17764364943568153,0.45987571585053594,0.614967484879757,20,percentile bootstrap over scenario_id (1000 replicates),
S2,donor_regression,M2,block,180.0,T+F,T,RMSE,0.6517763920275981,0.6033242872163334,0.18751297637956912,0.5729277363275419,0.7326872129182239,20,percentile bootstrap over scenario_id (1000 replicates),
S2,donor_regression,M2,block,180.0,T+F,T,skill,0.17651786538940292,0.15296567226946295,0.2348640235594046,0.07614484328900474,0.279944836786241,20,percentile bootstrap over scenario_id (1000 replicates),
S2,donor_regression,M2,block,180.0,T+F+L,T,MAE,0.5391876010030094,0.5005724798527548,0.17764364943568153,0.459270955616659,0.6185867421534155,20,percentile bootstrap over scenario_id (1000 replicates),
S2,donor_regression,M2,block,180.0,T+F+L,T,RMSE,0.6517763920275981,0.6033242872163334,0.18751297637956912,0.5748697602325351,0.7336250246608556,20,percentile bootstrap over scenario_id (1000 replicates),
S2,donor_regression,M2,block,180.0,T+F+L,T,skill,0.17651786538940292,0.15296567226946295,0.2348640235594046,0.08161142420352856,0.28103246154313677,20,percentile bootstrap over scenario_id (1000 replicates),
S2,donor_regression,M2,block,180.0,T+L,T,MAE,0.5391876010030094,0.5005724798527548,0.17764364943568153,0.4643907957146315,0.6170422479682174,20,percentile bootstrap over scenario_id (1000 replicates),
S2,donor_regression,M2,block,180.0,T+L,T,RMSE,0.6517763920275981,0.6033242872163334,0.18751297637956912,0.5739429994733418,0.7426797557949887,20,percentile bootstrap over scenario_id (1000 replicates),
S2,donor_regression,M2,block,180.0,T+L,T,skill,0.17651786538940292,0.15296567226946295,0.2348640235594046,0.07213445248168802,0.27666470570455787,20,percentile bootstrap over scenario_id (1000 replicates),
S2,donor_regression,M3,multiblock,10.0,T,T,MAE,0.49916251139584594,0.4912257225158215,0.23118654548634696,0.3955360337898014,0.5990585276289071,20,percentile bootstrap over scenario_id (1000 replicates),
S2,donor_regression,M3,multiblock,10.0,T,T,RMSE,0.601192655651948,0.6226835398060697,0.25929498906947157,0.48653461821592525,0.7103302443644404,20,percentile bootstrap over scenario_id (1000 replicates),
S2,donor_regression,M3,multiblock,10.0,T,T,skill,0.14506274072598974,0.17927072685116924,0.5085216943099369,-0.09246562996769732,0.33070781528787113,20,percentile bootstrap over scenario_id (1000 replicates),
S2,donor_regression,M3,multiblock,10.0,T+F,T,MAE,0.49916251139584594,0.4912257225158215,0.23118654548634696,0.4000238450087173,0.5971170214498236,20,percentile bootstrap over scenario_id (1000 replicates),
S2,donor_regression,M3,multiblock,10.0,T+F,T,RMSE,0.601192655651948,0.6226835398060697,0.25929498906947157,0.49408634137465385,0.7096769733272247,20,percentile bootstrap over scenario_id (1000 replicates),
S2,donor_regression,M3,multiblock,10.0,T+F,T,skill,0.14506274072598974,0.17927072685116924,0.5085216943099369,-0.10204265676652852,0.33136134740528034,20,percentile bootstrap over scenario_id (1000 replicates),
S2,donor_regression,M3,multiblock,10.0,T+F+L,T,MAE,0.49916251139584594,0.4912257225158215,0.23118654548634696,0.4014921710151145,0.6013305115931615,20,percentile bootstrap over scenario_id (1000 replicates),
S2,donor_regression,M3,multiblock,10.0,T+F+L,T,RMSE,0.601192655651948,0.6226835398060697,0.25929498906947157,0.49350395860024027,0.7131001765595807,20,percentile bootstrap over scenario_id (1000 replicates),
S2,donor_regression,M3,multiblock,10.0,T+F+L,T,skill,0.14506274072598974,0.17927072685116924,0.5085216943099369,-0.10099590616926321,0.3382794168010333,20,percentile bootstrap over scenario_id (1000 replicates),
S2,donor_regression,M3,multiblock,10.0,T+L,T,MAE,0.49916251139584594,0.4912257225158215,0.23118654548634696,0.4035892589075293,0.6028386152924811,20,percentile bootstrap over scenario_id (1000 replicates),
S2,donor_regression,M3,multiblock,10.0,T+L,T,RMSE,0.601192655651948,0.6226835398060697,0.25929498906947157,0.48465209400451253,0.7045259642018179,20,percentile bootstrap over scenario_id (1000 replicates),
S2,donor_regression,M3,multiblock,10.0,T+L,T,skill,0.14506274072598974,0.17927072685116924,0.5085216943099369,-0.0941923457364639,0.3308281343916426,20,percentile bootstrap over scenario_id (1000 replicates),
S2,donor_regression,M3,multiblock,30.0,T,T,MAE,0.4380011313956311,0.4509016793864452,0.11552092977471162,0.38887347109912485,0.48926478256554445,20,percentile bootstrap over scenario_id (1000 replicates),
S2,donor_regression,M3,multiblock,30.0,T,T,RMSE,0.5435425657910874,0.541539004455234,0.14802709636329206,0.48247199098267496,0.6075840606323785,20,percentile bootstrap over scenario_id (1000 replicates),
S2,donor_regression,M3,multiblock,30.0,T,T,skill,0.11050852302411056,0.19194635614783245,0.3693686026649417,-0.04813127020891304,0.25189723803356673,20,percentile bootstrap over scenario_id (1000 replicates),
S2,donor_regression,M3,multiblock,30.0,T+F,T,MAE,0.4380011313956311,0.4509016793864452,0.11552092977471162,0.38910780528706573,0.4874528040572454,20,percentile bootstrap over scenario_id (1000 replicates),
S2,donor_regression,M3,multiblock,30.0,T+F,T,RMSE,0.5435425657910874,0.541539004455234,0.14802709636329206,0.48161994228613964,0.6074299519746021,20,percentile bootstrap over scenario_id (1000 replicates),
S2,donor_regression,M3,multiblock,30.0,T+F,T,skill,0.11050852302411056,0.19194635614783245,0.3693686026649417,-0.0563624061329333,0.26594854261377743,20,percentile bootstrap over scenario_id (1000 replicates),
S2,donor_regression,M3,multiblock,30.0,T+F+L,T,MAE,0.4380011313956311,0.4509016793864452,0.11552092977471162,0.39147493300857766,0.48364886574927274,20,percentile bootstrap over scenario_id (1000 replicates),
S2,donor_regression,M3,multiblock,30.0,T+F+L,T,RMSE,0.5435425657910874,0.541539004455234,0.14802709636329206,0.4780286989496539,0.6040823608633182,20,percentile bootstrap over scenario_id (1000 replicates),
S2,donor_regression,M3,multiblock,30.0,T+F+L,T,skill,0.11050852302411056,0.19194635614783245,0.3693686026649417,-0.06649239472402155,0.25833426847182933,20,percentile bootstrap over scenario_id (1000 replicates),
S2,donor_regression,M3,multiblock,30.0,T+L,T,MAE,0.4380011313956311,0.4509016793864452,0.11552092977471162,0.3861409368643006,0.4859818718458777,20,percentile bootstrap over scenario_id (1000 replicates),
S2,donor_regression,M3,multiblock,30.0,T+L,T,RMSE,0.5435425657910874,0.541539004455234,0.14802709636329206,0.4742621048151456,0.5994298740377363,20,percentile bootstrap over scenario_id (1000 replicates),
S2,donor_regression,M3,multiblock,30.0,T+L,T,skill,0.11050852302411056,0.19194635614783245,0.3693686026649417,-0.045222878617454235,0.26238941489439305,20,percentile bootstrap over scenario_id (1000 replicates),
S2,donor_regression,M3,multiblock,90.0,T,T,MAE,0.46167690372750353,0.4351244041416155,0.10888234509780294,0.4169194670667174,0.5108182156112189,20,percentile bootstrap over scenario_id (1000 replicates),
S2,donor_regression,M3,multiblock,90.0,T,T,RMSE,0.5845154950538224,0.5684416511703699,0.12681737378192207,0.5361314179156663,0.6437371386322916,20,percentile bootstrap over scenario_id (1000 replicates),
S2,donor_regression,M3,multiblock,90.0,T,T,skill,0.26349245463205095,0.21055032059925427,0.21490869213607222,0.17524167187422113,0.3557411489056815,20,percentile bootstrap over scenario_id (1000 replicates),
S2,donor_regression,M3,multiblock,90.0,T+F,T,MAE,0.46167690372750353,0.4351244041416155,0.10888234509780294,0.4159173434336764,0.5083604674534973,20,percentile bootstrap over scenario_id (1000 replicates),
S2,donor_regression,M3,multiblock,90.0,T+F,T,RMSE,0.5845154950538224,0.5684416511703699,0.12681737378192207,0.5335266628673092,0.6391214466612207,20,percentile bootstrap over scenario_id (1000 replicates),
S2,donor_regression,M3,multiblock,90.0,T+F,T,skill,0.26349245463205095,0.21055032059925427,0.21490869213607222,0.16652420588110933,0.35784646776039064,20,percentile bootstrap over scenario_id (1000 replicates),
S2,donor_regression,M3,multiblock,90.0,T+F+L,T,MAE,0.46167690372750353,0.4351244041416155,0.10888234509780294,0.41839299082724796,0.510501501208459,20,percentile bootstrap over scenario_id (1000 replicates),
S2,donor_regression,M3,multiblock,90.0,T+F+L,T,RMSE,0.5845154950538224,0.5684416511703699,0.12681737378192207,0.5325879673323288,0.639770134835392,20,percentile bootstrap over scenario_id (1000 replicates),
S2,donor_regression,M3,multiblock,90.0,T+F+L,T,skill,0.26349245463205095,0.21055032059925427,0.21490869213607222,0.1696030668977921,0.3592223403057735,20,percentile bootstrap over scenario_id (1000 replicates),
S2,donor_regression,M3,multiblock,90.0,T+L,T,MAE,0.46167690372750353,0.4351244041416155,0.10888234509780294,0.4200524887924186,0.5076617785994468,20,percentile bootstrap over scenario_id (1000 replicates),
S2,donor_regression,M3,multiblock,90.0,T+L,T,RMSE,0.5845154950538224,0.5684416511703699,0.12681737378192207,0.530651655925091,0.641822020061288,20,percentile bootstrap over scenario_id (1000 replicates),
S2,donor_regression,M3,multiblock,90.0,T+L,T,skill,0.26349245463205095,0.21055032059925427,0.21490869213607222,0.17707308640431843,0.3571671122960296,20,percentile bootstrap over scenario_id (1000 replicates),
S2,donor_regression,M3,multiblock,180.0,T,T,MAE,0.4135098468577034,0.3833938941733549,0.08436654517131983,0.3796823795696835,0.4495230361838709,20,percentile bootstrap over scenario_id (1000 replicates),
S2,donor_regression,M3,multiblock,180.0,T,T,RMSE,0.543759657595733,0.5302789878497629,0.09745362619471117,0.5036781267722404,0.5862614014382275,20,percentile bootstrap over scenario_id (1000 replicates),
S2,donor_regression,M3,multiblock,180.0,T,T,skill,0.42671282390936865,0.4759297869138321,0.15069590479882394,0.35786222396998907,0.48803751141073876,20,percentile bootstrap over scenario_id (1000 replicates),
S2,donor_regression,M3,multiblock,180.0,T+F,T,MAE,0.4135098468577034,0.3833938941733549,0.08436654517131983,0.3776659447832768,0.45197250690966995,20,percentile bootstrap over scenario_id (1000 replicates),
S2,donor_regression,M3,multiblock,180.0,T+F,T,RMSE,0.543759657595733,0.5302789878497629,0.09745362619471117,0.5025776380829162,0.5900162818374763,20,percentile bootstrap over scenario_id (1000 replicates),
S2,donor_regression,M3,multiblock,180.0,T+F,T,skill,0.42671282390936865,0.4759297869138321,0.15069590479882394,0.3561603786815251,0.4833105176658524,20,percentile bootstrap over scenario_id (1000 replicates),
S2,donor_regression,M3,multiblock,180.0,T+F+L,T,MAE,0.4135098468577034,0.3833938941733549,0.08436654517131983,0.3800892126706008,0.4507426074723696,20,percentile bootstrap over scenario_id (1000 replicates),
S2,donor_regression,M3,multiblock,180.0,T+F+L,T,RMSE,0.543759657595733,0.5302789878497629,0.09745362619471117,0.5049422278263517,0.5873298411582418,20,percentile bootstrap over scenario_id (1000 replicates),
S2,donor_regression,M3,multiblock,180.0,T+F+L,T,skill,0.42671282390936865,0.4759297869138321,0.15069590479882394,0.36224491596509434,0.48526901507046943,20,percentile bootstrap over scenario_id (1000 replicates),
S2,donor_regression,M3,multiblock,180.0,T+L,T,MAE,0.4135098468577034,0.3833938941733549,0.08436654517131983,0.37696160942729107,0.45014981736417864,20,percentile bootstrap over scenario_id (1000 replicates),
S2,donor_regression,M3,multiblock,180.0,T+L,T,RMSE,0.543759657595733,0.5302789878497629,0.09745362619471117,0.5018944161156751,0.585485889224694,20,percentile bootstrap over scenario_id (1000 replicates),
S2,donor_regression,M3,multiblock,180.0,T+L,T,skill,0.42671282390936865,0.4759297869138321,0.15069590479882394,0.35316426156229475,0.4880902629687608,20,percentile bootstrap over scenario_id (1000 replicates),
S2,kalman,M2,block,10.0,T,T,MAE,0.33192373344490905,0.2184678165163354,0.2596099183864164,0.23272660628553896,0.4563890371182052,20,percentile bootstrap over scenario_id (1000 replicates),
S2,kalman,M2,block,10.0,T,T,RMSE,0.3770831264845088,0.27014510400225256,0.26999480036247,0.2693273074258178,0.4979037878880123,20,percentile bootstrap over scenario_id (1000 replicates),
S2,kalman,M2,block,10.0,T,T,skill,0.2262391866047666,0.5288328926013846,0.8083041206570465,-0.1502370050215393,0.5327971812436012,20,percentile bootstrap over scenario_id (1000 replicates),
S2,kalman,M2,block,10.0,T+F,T,MAE,0.33192373344490905,0.2184678165163354,0.2596099183864164,0.2294274550814576,0.45073310806619843,20,percentile bootstrap over scenario_id (1000 replicates),
S2,kalman,M2,block,10.0,T+F,T,RMSE,0.3770831264845088,0.27014510400225256,0.26999480036247,0.2700750319227143,0.49809125069472604,20,percentile bootstrap over scenario_id (1000 replicates),
S2,kalman,M2,block,10.0,T+F,T,skill,0.2262391866047666,0.5288328926013846,0.8083041206570465,-0.1628426955970861,0.5217029653558272,20,percentile bootstrap over scenario_id (1000 replicates),
S2,kalman,M2,block,10.0,T+F+L,T,MAE,0.33192373344490905,0.2184678165163354,0.2596099183864164,0.22660461192773043,0.45451879650219823,20,percentile bootstrap over scenario_id (1000 replicates),
S2,kalman,M2,block,10.0,T+F+L,T,RMSE,0.3770831264845088,0.27014510400225256,0.26999480036247,0.27473700481275165,0.5004623046392729,20,percentile bootstrap over scenario_id (1000 replicates),
S2,kalman,M2,block,10.0,T+F+L,T,skill,0.2262391866047666,0.5288328926013846,0.8083041206570465,-0.1264898948396542,0.5386084097367844,20,percentile bootstrap over scenario_id (1000 replicates),
S2,kalman,M2,block,10.0,T+L,T,MAE,0.33192373344490905,0.2184678165163354,0.2596099183864164,0.23312459451631576,0.44930559761951877,20,percentile bootstrap over scenario_id (1000 replicates),
S2,kalman,M2,block,10.0,T+L,T,RMSE,0.3770831264845088,0.27014510400225256,0.26999480036247,0.27547950247947106,0.5001862855926762,20,percentile bootstrap over scenario_id (1000 replicates),
S2,kalman,M2,block,10.0,T+L,T,skill,0.2262391866047666,0.5288328926013846,0.8083041206570465,-0.14795260473409666,0.5191851933464274,20,percentile bootstrap over scenario_id (1000 replicates),
S2,kalman,M2,block,30.0,T,T,MAE,0.47641874665692796,0.4377059727782747,0.241454998411789,0.3894382681108282,0.5899636855501839,20,percentile bootstrap over scenario_id (1000 replicates),
S2,kalman,M2,block,30.0,T,T,RMSE,0.595839736729513,0.504119184633697,0.29832513995786086,0.48233784615305736,0.7336879417330667,20,percentile bootstrap over scenario_id (1000 replicates),
S2,kalman,M2,block,30.0,T,T,skill,0.20489901394945628,0.3314656520572189,0.4286141289191974,0.005358874273663218,0.37670884583722136,20,percentile bootstrap over scenario_id (1000 replicates),
S2,kalman,M2,block,30.0,T+F,T,MAE,0.47641874665692796,0.4377059727782747,0.241454998411789,0.38533012207794115,0.5806459622672578,20,percentile bootstrap over scenario_id (1000 replicates),
S2,kalman,M2,block,30.0,T+F,T,RMSE,0.595839736729513,0.504119184633697,0.29832513995786086,0.4816961648188488,0.7314046040239244,20,percentile bootstrap over scenario_id (1000 replicates),
S2,kalman,M2,block,30.0,T+F,T,skill,0.20489901394945628,0.3314656520572189,0.4286141289191974,0.010769296920931181,0.37597708386143686,20,percentile bootstrap over scenario_id (1000 replicates),
S2,kalman,M2,block,30.0,T+F+L,T,MAE,0.47641874665692796,0.4377059727782747,0.241454998411789,0.38488395538605263,0.5979796382832099,20,percentile bootstrap over scenario_id (1000 replicates),
S2,kalman,M2,block,30.0,T+F+L,T,RMSE,0.595839736729513,0.504119184633697,0.29832513995786086,0.47973413488355665,0.7297442159364732,20,percentile bootstrap over scenario_id (1000 replicates),
S2,kalman,M2,block,30.0,T+F+L,T,skill,0.20489901394945628,0.3314656520572189,0.4286141289191974,0.004300215605330896,0.3735551834388725,20,percentile bootstrap over scenario_id (1000 replicates),
S2,kalman,M2,block,30.0,T+L,T,MAE,0.47641874665692796,0.4377059727782747,0.241454998411789,0.38360326527516203,0.5823703783607681,20,percentile bootstrap over scenario_id (1000 replicates),
S2,kalman,M2,block,30.0,T+L,T,RMSE,0.595839736729513,0.504119184633697,0.29832513995786086,0.4834097371377884,0.7298349378644851,20,percentile bootstrap over scenario_id (1000 replicates),
S2,kalman,M2,block,30.0,T+L,T,skill,0.20489901394945628,0.3314656520572189,0.4286141289191974,0.012056052915161096,0.3845872661138954,20,percentile bootstrap over scenario_id (1000 replicates),
S2,kalman,M2,block,90.0,T,T,MAE,0.710048602208196,0.7346281607754283,0.21611219633395076,0.6163811267160749,0.804776865381294,20,percentile bootstrap over scenario_id (1000 replicates),
S2,kalman,M2,block,90.0,T,T,RMSE,0.8752015637334495,0.8988255568676571,0.27002380143409593,0.7615592661630586,0.9833106661807368,20,percentile bootstrap over scenario_id (1000 replicates),
S2,kalman,M2,block,90.0,T,T,skill,-0.09694105002741502,-0.06366095824917606,0.394249512021952,-0.2731596327667042,0.07805893460255958,20,percentile bootstrap over scenario_id (1000 replicates),
S2,kalman,M2,block,90.0,T+F,T,MAE,0.710048602208196,0.7346281607754283,0.21611219633395076,0.6189277051041273,0.805943738674517,20,percentile bootstrap over scenario_id (1000 replicates),
S2,kalman,M2,block,90.0,T+F,T,RMSE,0.8752015637334495,0.8988255568676571,0.27002380143409593,0.7674355141982091,0.9856327335556153,20,percentile bootstrap over scenario_id (1000 replicates),
S2,kalman,M2,block,90.0,T+F,T,skill,-0.09694105002741502,-0.06366095824917606,0.394249512021952,-0.2736352223731541,0.054951573739651705,20,percentile bootstrap over scenario_id (1000 replicates),
S2,kalman,M2,block,90.0,T+F+L,T,MAE,0.710048602208196,0.7346281607754283,0.21611219633395076,0.6157271402147749,0.8017391402455526,20,percentile bootstrap over scenario_id (1000 replicates),
S2,kalman,M2,block,90.0,T+F+L,T,RMSE,0.8752015637334495,0.8988255568676571,0.27002380143409593,0.7630677679539565,0.9851366530166157,20,percentile bootstrap over scenario_id (1000 replicates),
S2,kalman,M2,block,90.0,T+F+L,T,skill,-0.09694105002741502,-0.06366095824917606,0.394249512021952,-0.2840429780264284,0.05537050584725853,20,percentile bootstrap over scenario_id (1000 replicates),
S2,kalman,M2,block,90.0,T+L,T,MAE,0.710048602208196,0.7346281607754283,0.21611219633395076,0.6163088877557237,0.8033819480724219,20,percentile bootstrap over scenario_id (1000 replicates),
S2,kalman,M2,block,90.0,T+L,T,RMSE,0.8752015637334495,0.8988255568676571,0.27002380143409593,0.7621808643186065,0.9867228125270063,20,percentile bootstrap over scenario_id (1000 replicates),
S2,kalman,M2,block,90.0,T+L,T,skill,-0.09694105002741502,-0.06366095824917606,0.394249512021952,-0.26953913473345337,0.04992690529291293,20,percentile bootstrap over scenario_id (1000 replicates),
S2,kalman,M2,block,180.0,T,T,MAE,1.47564165462436,1.215491280347553,0.8584171263526937,1.115499817124174,1.8847146981819711,20,percentile bootstrap over scenario_id (1000 replicates),
S2,kalman,M2,block,180.0,T,T,RMSE,1.746537917339762,1.4825174425330498,0.9276041036531215,1.3744841946246993,2.161789765624639,20,percentile bootstrap over scenario_id (1000 replicates),
S2,kalman,M2,block,180.0,T,T,skill,-1.2700154091707228,-0.8528329868120277,1.3098561745283988,-1.882572814300596,-0.7680480272268382,20,percentile bootstrap over scenario_id (1000 replicates),
S2,kalman,M2,block,180.0,T+F,T,MAE,1.47564165462436,1.215491280347553,0.8584171263526937,1.131205920985607,1.8727940839291441,20,percentile bootstrap over scenario_id (1000 replicates),
S2,kalman,M2,block,180.0,T+F,T,RMSE,1.746537917339762,1.4825174425330498,0.9276041036531215,1.3723136883453124,2.1965995785449874,20,percentile bootstrap over scenario_id (1000 replicates),
S2,kalman,M2,block,180.0,T+F,T,skill,-1.2700154091707228,-0.8528329868120277,1.3098561745283988,-1.9387742216686397,-0.7656668141455023,20,percentile bootstrap over scenario_id (1000 replicates),
S2,kalman,M2,block,180.0,T+F+L,T,MAE,1.47564165462436,1.215491280347553,0.8584171263526937,1.1437064622032445,1.8580874464320136,20,percentile bootstrap over scenario_id (1000 replicates),
S2,kalman,M2,block,180.0,T+F+L,T,RMSE,1.746537917339762,1.4825174425330498,0.9276041036531215,1.3778323391265719,2.1411706938265738,20,percentile bootstrap over scenario_id (1000 replicates),
S2,kalman,M2,block,180.0,T+F+L,T,skill,-1.2700154091707228,-0.8528329868120277,1.3098561745283988,-1.840854469257872,-0.7686483768956515,20,percentile bootstrap over scenario_id (1000 replicates),
S2,kalman,M2,block,180.0,T+L,T,MAE,1.47564165462436,1.215491280347553,0.8584171263526937,1.1268031240003635,1.8677848222785387,20,percentile bootstrap over scenario_id (1000 replicates),
S2,kalman,M2,block,180.0,T+L,T,RMSE,1.746537917339762,1.4825174425330498,0.9276041036531215,1.3725980769758908,2.1745482215028282,20,percentile bootstrap over scenario_id (1000 replicates),
S2,kalman,M2,block,180.0,T+L,T,skill,-1.2700154091707228,-0.8528329868120277,1.3098561745283988,-1.862210528967281,-0.7480591124869302,20,percentile bootstrap over scenario_id (1000 replicates),
S2,kalman,M3,multiblock,10.0,T,T,MAE,0.23522221625329123,0.20243219419603103,0.09877230604251931,0.1958182577577067,0.28179214511061,20,percentile bootstrap over scenario_id (1000 replicates),
S2,kalman,M3,multiblock,10.0,T,T,RMSE,0.2871043656751445,0.24490003646418898,0.12795882233315908,0.2363902941612139,0.3418399672440052,20,percentile bootstrap over scenario_id (1000 replicates),
S2,kalman,M3,multiblock,10.0,T,T,skill,0.5971608515928255,0.6195916004991523,0.17831150688878128,0.5245709723174543,0.6676193449618045,20,percentile bootstrap over scenario_id (1000 replicates),
S2,kalman,M3,multiblock,10.0,T+F,T,MAE,0.23522221625329123,0.20243219419603103,0.09877230604251931,0.19748368901936145,0.2807391054590678,20,percentile bootstrap over scenario_id (1000 replicates),
S2,kalman,M3,multiblock,10.0,T+F,T,RMSE,0.2871043656751445,0.24490003646418898,0.12795882233315908,0.23576619526618683,0.34866296103612776,20,percentile bootstrap over scenario_id (1000 replicates),
S2,kalman,M3,multiblock,10.0,T+F,T,skill,0.5971608515928255,0.6195916004991523,0.17831150688878128,0.5239300030012213,0.6690228944096095,20,percentile bootstrap over scenario_id (1000 replicates),
S2,kalman,M3,multiblock,10.0,T+F+L,T,MAE,0.23522221625329123,0.20243219419603103,0.09877230604251931,0.19718971562552026,0.2792971544645267,20,percentile bootstrap over scenario_id (1000 replicates),
S2,kalman,M3,multiblock,10.0,T+F+L,T,RMSE,0.2871043656751445,0.24490003646418898,0.12795882233315908,0.23717144805231577,0.34599190436719107,20,percentile bootstrap over scenario_id (1000 replicates),
S2,kalman,M3,multiblock,10.0,T+F+L,T,skill,0.5971608515928255,0.6195916004991523,0.17831150688878128,0.5221564970308151,0.6734900605799897,20,percentile bootstrap over scenario_id (1000 replicates),
S2,kalman,M3,multiblock,10.0,T+L,T,MAE,0.23522221625329123,0.20243219419603103,0.09877230604251931,0.19442563066625523,0.2761743450509819,20,percentile bootstrap over scenario_id (1000 replicates),
S2,kalman,M3,multiblock,10.0,T+L,T,RMSE,0.2871043656751445,0.24490003646418898,0.12795882233315908,0.23817182403740697,0.34665203555152435,20,percentile bootstrap over scenario_id (1000 replicates),
S2,kalman,M3,multiblock,10.0,T+L,T,skill,0.5971608515928255,0.6195916004991523,0.17831150688878128,0.5205170530566605,0.6712187815927637,20,percentile bootstrap over scenario_id (1000 replicates),
S2,kalman,M3,multiblock,30.0,T,T,MAE,0.319450671931945,0.30806545498359417,0.10797245402781061,0.27526275428523683,0.3652978463124183,20,percentile bootstrap over scenario_id (1000 replicates),
S2,kalman,M3,multiblock,30.0,T,T,RMSE,0.39975463603557226,0.394056846316452,0.125266237673098,0.3498079618742486,0.45528703275815674,20,percentile bootstrap over scenario_id (1000 replicates),
S2,kalman,M3,multiblock,30.0,T,T,skill,0.33456939007358233,0.40148327850644056,0.31719034806918833,0.19180848978308962,0.46756640314857945,20,percentile bootstrap over scenario_id (1000 replicates),
S2,kalman,M3,multiblock,30.0,T+F,T,MAE,0.319450671931945,0.30806545498359417,0.10797245402781061,0.27858179173471537,0.3680367914530765,20,percentile bootstrap over scenario_id (1000 replicates),
S2,kalman,M3,multiblock,30.0,T+F,T,RMSE,0.39975463603557226,0.394056846316452,0.125266237673098,0.34930566033823024,0.452945752506686,20,percentile bootstrap over scenario_id (1000 replicates),
S2,kalman,M3,multiblock,30.0,T+F,T,skill,0.33456939007358233,0.40148327850644056,0.31719034806918833,0.19698554141773056,0.4672765965553047,20,percentile bootstrap over scenario_id (1000 replicates),
S2,kalman,M3,multiblock,30.0,T+F+L,T,MAE,0.319450671931945,0.30806545498359417,0.10797245402781061,0.2769942318073749,0.36735927283482644,20,percentile bootstrap over scenario_id (1000 replicates),
S2,kalman,M3,multiblock,30.0,T+F+L,T,RMSE,0.39975463603557226,0.394056846316452,0.125266237673098,0.3480662780407142,0.4580223185427715,20,percentile bootstrap over scenario_id (1000 replicates),
S2,kalman,M3,multiblock,30.0,T+F+L,T,skill,0.33456939007358233,0.40148327850644056,0.31719034806918833,0.20240477404146645,0.463285944137903,20,percentile bootstrap over scenario_id (1000 replicates),
S2,kalman,M3,multiblock,30.0,T+L,T,MAE,0.319450671931945,0.30806545498359417,0.10797245402781061,0.27591414055845026,0.36822271211867347,20,percentile bootstrap over scenario_id (1000 replicates),
S2,kalman,M3,multiblock,30.0,T+L,T,RMSE,0.39975463603557226,0.394056846316452,0.125266237673098,0.3505071792550914,0.4627958143904321,20,percentile bootstrap over scenario_id (1000 replicates),
S2,kalman,M3,multiblock,30.0,T+L,T,skill,0.33456939007358233,0.40148327850644056,0.31719034806918833,0.1958208788590567,0.4641062071141656,20,percentile bootstrap over scenario_id (1000 replicates),
S2,kalman,M3,multiblock,90.0,T,T,MAE,0.5234117505145699,0.5156560771942156,0.1390548936564196,0.46632073239235544,0.5817463992034781,20,percentile bootstrap over scenario_id (1000 replicates),
S2,kalman,M3,multiblock,90.0,T,T,RMSE,0.650479301096193,0.6296634542867046,0.15984375140121743,0.5880804391243197,0.7219981179169326,20,percentile bootstrap over scenario_id (1000 replicates),
S2,kalman,M3,multiblock,90.0,T,T,skill,0.1867192745294281,0.2507565049241606,0.1984702898544624,0.1043926460579993,0.27049990522536893,20,percentile bootstrap over scenario_id (1000 replicates),
S2,kalman,M3,multiblock,90.0,T+F,T,MAE,0.5234117505145699,0.5156560771942156,0.1390548936564196,0.46724005861245477,0.5847358610386332,20,percentile bootstrap over scenario_id (1000 replicates),
S2,kalman,M3,multiblock,90.0,T+F,T,RMSE,0.650479301096193,0.6296634542867046,0.15984375140121743,0.5814576667349527,0.7167087757663333,20,percentile bootstrap over scenario_id (1000 replicates),
S2,kalman,M3,multiblock,90.0,T+F,T,skill,0.1867192745294281,0.2507565049241606,0.1984702898544624,0.10527754293922154,0.2720883678261957,20,percentile bootstrap over scenario_id (1000 replicates),
S2,kalman,M3,multiblock,90.0,T+F+L,T,MAE,0.5234117505145699,0.5156560771942156,0.1390548936564196,0.4688075336673651,0.5878431807905689,20,percentile bootstrap over scenario_id (1000 replicates),
S2,kalman,M3,multiblock,90.0,T+F+L,T,RMSE,0.650479301096193,0.6296634542867046,0.15984375140121743,0.586408619004015,0.7183815848256903,20,percentile bootstrap over scenario_id (1000 replicates),
S2,kalman,M3,multiblock,90.0,T+F+L,T,skill,0.1867192745294281,0.2507565049241606,0.1984702898544624,0.09536414655155083,0.27055012870115563,20,percentile bootstrap over scenario_id (1000 replicates),
S2,kalman,M3,multiblock,90.0,T+L,T,MAE,0.5234117505145699,0.5156560771942156,0.1390548936564196,0.46448115841710697,0.5835324849778074,20,percentile bootstrap over scenario_id (1000 replicates),
S2,kalman,M3,multiblock,90.0,T+L,T,RMSE,0.650479301096193,0.6296634542867046,0.15984375140121743,0.5862316536580403,0.7217501922475796,20,percentile bootstrap over scenario_id (1000 replicates),
S2,kalman,M3,multiblock,90.0,T+L,T,skill,0.1867192745294281,0.2507565049241606,0.1984702898544624,0.10246167175895939,0.2660762032152782,20,percentile bootstrap over scenario_id (1000 replicates),
S2,kalman,M3,multiblock,180.0,T,T,MAE,0.7463964003599346,0.7646967629065087,0.14990065490901464,0.6795098426754377,0.8130544354836997,20,percentile bootstrap over scenario_id (1000 replicates),
S2,kalman,M3,multiblock,180.0,T,T,RMSE,0.9387728168128173,0.9584298226024699,0.19922126128192505,0.8577809968806895,1.025632204311821,20,percentile bootstrap over scenario_id (1000 replicates),
S2,kalman,M3,multiblock,180.0,T,T,skill,-0.03355476921174078,0.015330404632578176,0.2657162959498157,-0.15238821855315052,0.07496020198539591,20,percentile bootstrap over scenario_id (1000 replicates),
S2,kalman,M3,multiblock,180.0,T+F,T,MAE,0.7463964003599346,0.7646967629065087,0.14990065490901464,0.6824863221831381,0.8126708671293577,20,percentile bootstrap over scenario_id (1000 replicates),
S2,kalman,M3,multiblock,180.0,T+F,T,RMSE,0.9387728168128173,0.9584298226024699,0.19922126128192505,0.8565073335318757,1.0352582675447273,20,percentile bootstrap over scenario_id (1000 replicates),
S2,kalman,M3,multiblock,180.0,T+F,T,skill,-0.03355476921174078,0.015330404632578176,0.2657162959498157,-0.16061627675501516,0.07187433105719057,20,percentile bootstrap over scenario_id (1000 replicates),
S2,kalman,M3,multiblock,180.0,T+F+L,T,MAE,0.7463964003599346,0.7646967629065087,0.14990065490901464,0.6848081421329719,0.8100576293569535,20,percentile bootstrap over scenario_id (1000 replicates),
S2,kalman,M3,multiblock,180.0,T+F+L,T,RMSE,0.9387728168128173,0.9584298226024699,0.19922126128192505,0.8474823783544536,1.0257815753410995,20,percentile bootstrap over scenario_id (1000 replicates),
S2,kalman,M3,multiblock,180.0,T+F+L,T,skill,-0.03355476921174078,0.015330404632578176,0.2657162959498157,-0.1564747198021924,0.07281953405803014,20,percentile bootstrap over scenario_id (1000 replicates),
S2,kalman,M3,multiblock,180.0,T+L,T,MAE,0.7463964003599346,0.7646967629065087,0.14990065490901464,0.682295855715376,0.8094066707239526,20,percentile bootstrap over scenario_id (1000 replicates),
S2,kalman,M3,multiblock,180.0,T+L,T,RMSE,0.9387728168128173,0.9584298226024699,0.19922126128192505,0.8539612128816526,1.024195369049444,20,percentile bootstrap over scenario_id (1000 replicates),
S2,kalman,M3,multiblock,180.0,T+L,T,skill,-0.03355476921174078,0.015330404632578176,0.2657162959498157,-0.14778530467531062,0.07499965334565584,20,percentile bootstrap over scenario_id (1000 replicates),
S2,linear,M2,block,10.0,T,T,MAE,0.33236371105367496,0.2122727567499334,0.26190541049160737,0.23526145412163316,0.45748873782157917,20,percentile bootstrap over scenario_id (1000 replicates),
S2,linear,M2,block,10.0,T,T,RMSE,0.3781806129220277,0.26462928925838514,0.271778463533775,0.26894115830302034,0.5134178974573738,20,percentile bootstrap over scenario_id (1000 replicates),
S2,linear,M2,block,10.0,T,T,skill,0.22402600973692383,0.5326952391465432,0.815860165347624,-0.16860275551930323,0.5418489636052248,20,percentile bootstrap over scenario_id (1000 replicates),
S2,linear,M2,block,10.0,T+F,T,MAE,0.33236371105367496,0.2122727567499334,0.26190541049160737,0.2321341366930442,0.44705918765609903,20,percentile bootstrap over scenario_id (1000 replicates),
S2,linear,M2,block,10.0,T+F,T,RMSE,0.3781806129220277,0.26462928925838514,0.271778463533775,0.274010600292849,0.49768174006904875,20,percentile bootstrap over scenario_id (1000 replicates),
S2,linear,M2,block,10.0,T+F,T,skill,0.22402600973692383,0.5326952391465432,0.815860165347624,-0.14795952943074997,0.5314706261397931,20,percentile bootstrap over scenario_id (1000 replicates),
S2,linear,M2,block,10.0,T+F+L,T,MAE,0.33236371105367496,0.2122727567499334,0.26190541049160737,0.22840007042884827,0.46292282343452634,20,percentile bootstrap over scenario_id (1000 replicates),
S2,linear,M2,block,10.0,T+F+L,T,RMSE,0.3781806129220277,0.26462928925838514,0.271778463533775,0.2651898931348352,0.5015970653631726,20,percentile bootstrap over scenario_id (1000 replicates),
S2,linear,M2,block,10.0,T+F+L,T,skill,0.22402600973692383,0.5326952391465432,0.815860165347624,-0.13660530569932208,0.5280229462641649,20,percentile bootstrap over scenario_id (1000 replicates),
S2,linear,M2,block,10.0,T+L,T,MAE,0.33236371105367496,0.2122727567499334,0.26190541049160737,0.23453868198394773,0.4477898945808409,20,percentile bootstrap over scenario_id (1000 replicates),
S2,linear,M2,block,10.0,T+L,T,RMSE,0.3781806129220277,0.26462928925838514,0.271778463533775,0.27449699857155574,0.5099254286866087,20,percentile bootstrap over scenario_id (1000 replicates),
S2,linear,M2,block,10.0,T+L,T,skill,0.22402600973692383,0.5326952391465432,0.815860165347624,-0.16425838831928066,0.5319030461800694,20,percentile bootstrap over scenario_id (1000 replicates),
S2,linear,M2,block,30.0,T,T,MAE,0.49698924913201276,0.45844097778361337,0.23184659392184942,0.4037746387213789,0.5991034856727047,20,percentile bootstrap over scenario_id (1000 replicates),
S2,linear,M2,block,30.0,T,T,RMSE,0.6101786489028473,0.5438252755571782,0.2894470454959137,0.5002290591774394,0.7352307359061228,20,percentile bootstrap over scenario_id (1000 replicates),
S2,linear,M2,block,30.0,T,T,skill,0.1640271026809183,0.3062888486576269,0.44652793245412875,-0.04387334826012921,0.3508570844908672,20,percentile bootstrap over scenario_id (1000 replicates),
S2,linear,M2,block,30.0,T+F,T,MAE,0.49698924913201276,0.45844097778361337,0.23184659392184942,0.39834838714394527,0.6008567115311982,20,percentile bootstrap over scenario_id (1000 replicates),
S2,linear,M2,block,30.0,T+F,T,RMSE,0.6101786489028473,0.5438252755571782,0.2894470454959137,0.4959185936591767,0.7422472388052541,20,percentile bootstrap over scenario_id (1000 replicates),
S2,linear,M2,block,30.0,T+F,T,skill,0.1640271026809183,0.3062888486576269,0.44652793245412875,-0.03850560387466003,0.3409858630840851,20,percentile bootstrap over scenario_id (1000 replicates),
S2,linear,M2,block,30.0,T+F+L,T,MAE,0.49698924913201276,0.45844097778361337,0.23184659392184942,0.40289691504932224,0.5987439590602792,20,percentile bootstrap over scenario_id (1000 replicates),
S2,linear,M2,block,30.0,T+F+L,T,RMSE,0.6101786489028473,0.5438252755571782,0.2894470454959137,0.49404706556326783,0.7390021140629833,20,percentile bootstrap over scenario_id (1000 replicates),
S2,linear,M2,block,30.0,T+F+L,T,skill,0.1640271026809183,0.3062888486576269,0.44652793245412875,-0.0451552567452897,0.3479338083369374,20,percentile bootstrap over scenario_id (1000 replicates),
S2,linear,M2,block,30.0,T+L,T,MAE,0.49698924913201276,0.45844097778361337,0.23184659392184942,0.4015826922796105,0.5987609174527146,20,percentile bootstrap over scenario_id (1000 replicates),
S2,linear,M2,block,30.0,T+L,T,RMSE,0.6101786489028473,0.5438252755571782,0.2894470454959137,0.49363184957668077,0.7340213322572544,20,percentile bootstrap over scenario_id (1000 replicates),
S2,linear,M2,block,30.0,T+L,T,skill,0.1640271026809183,0.3062888486576269,0.44652793245412875,-0.02367283045983231,0.3439972047367916,20,percentile bootstrap over scenario_id (1000 replicates),
S2,linear,M2,block,90.0,T,T,MAE,0.9107692110203706,0.8597434094537308,0.31803638666495204,0.782624268986585,1.0475763901958246,20,percentile bootstrap over scenario_id (1000 replicates),
S2,linear,M2,block,90.0,T,T,RMSE,1.0943449200324404,1.0103826239326832,0.3668676113374862,0.9311574812283951,1.2508276270263983,20,percentile bootstrap over scenario_id (1000 replicates),
S2,linear,M2,block,90.0,T,T,skill,-0.46207089601503715,-0.30136956981305196,0.8122971008083733,-0.8828339832904691,-0.15585344930162584,20,percentile bootstrap over scenario_id (1000 replicates),
S2,linear,M2,block,90.0,T+F,T,MAE,0.9107692110203706,0.8597434094537308,0.31803638666495204,0.778623358067357,1.0537066350382036,20,percentile bootstrap over scenario_id (1000 replicates),
S2,linear,M2,block,90.0,T+F,T,RMSE,1.0943449200324404,1.0103826239326832,0.3668676113374862,0.943387102176797,1.2664818105637718,20,percentile bootstrap over scenario_id (1000 replicates),
S2,linear,M2,block,90.0,T+F,T,skill,-0.46207089601503715,-0.30136956981305196,0.8122971008083733,-0.8527785092213548,-0.16135630250415053,20,percentile bootstrap over scenario_id (1000 replicates),
S2,linear,M2,block,90.0,T+F+L,T,MAE,0.9107692110203706,0.8597434094537308,0.31803638666495204,0.7841502698210133,1.0436757504132201,20,percentile bootstrap over scenario_id (1000 replicates),
S2,linear,M2,block,90.0,T+F+L,T,RMSE,1.0943449200324404,1.0103826239326832,0.3668676113374862,0.9534262963359531,1.2347683477452198,20,percentile bootstrap over scenario_id (1000 replicates),
S2,linear,M2,block,90.0,T+F+L,T,skill,-0.46207089601503715,-0.30136956981305196,0.8122971008083733,-0.8558444852498792,-0.15721099397722602,20,percentile bootstrap over scenario_id (1000 replicates),
S2,linear,M2,block,90.0,T+L,T,MAE,0.9107692110203706,0.8597434094537308,0.31803638666495204,0.7742753059241798,1.0525097896336635,20,percentile bootstrap over scenario_id (1000 replicates),
S2,linear,M2,block,90.0,T+L,T,RMSE,1.0943449200324404,1.0103826239326832,0.3668676113374862,0.9428473675389065,1.2507004641092367,20,percentile bootstrap over scenario_id (1000 replicates),
S2,linear,M2,block,90.0,T+L,T,skill,-0.46207089601503715,-0.30136956981305196,0.8122971008083733,-0.8603808794826033,-0.17032773667759166,20,percentile bootstrap over scenario_id (1000 replicates),
S2,linear,M2,block,180.0,T,T,MAE,2.2544845729352803,1.8769857920043083,1.1753291812425013,1.798446714177371,2.817036645762444,20,percentile bootstrap over scenario_id (1000 replicates),
S2,linear,M2,block,180.0,T,T,RMSE,2.6303737713278217,2.1797774671011894,1.2755638881528317,2.115625087952381,3.186722190208326,20,percentile bootstrap over scenario_id (1000 replicates),
S2,linear,M2,block,180.0,T,T,skill,-2.5267112689924796,-2.040740894436449,1.9023155033387742,-3.371454629607212,-1.7755290075154404,20,percentile bootstrap over scenario_id (1000 replicates),
S2,linear,M2,block,180.0,T+F,T,MAE,2.2544845729352803,1.8769857920043083,1.1753291812425013,1.827292149404666,2.7672803905609005,20,percentile bootstrap over scenario_id (1000 replicates),
S2,linear,M2,block,180.0,T+F,T,RMSE,2.6303737713278217,2.1797774671011894,1.2755638881528317,2.100628669381536,3.189208361265979,20,percentile bootstrap over scenario_id (1000 replicates),
S2,linear,M2,block,180.0,T+F,T,skill,-2.5267112689924796,-2.040740894436449,1.9023155033387742,-3.300242623537591,-1.7552270332074336,20,percentile bootstrap over scenario_id (1000 replicates),
S2,linear,M2,block,180.0,T+F+L,T,MAE,2.2544845729352803,1.8769857920043083,1.1753291812425013,1.799135617526288,2.8243894783851924,20,percentile bootstrap over scenario_id (1000 replicates),
S2,linear,M2,block,180.0,T+F+L,T,RMSE,2.6303737713278217,2.1797774671011894,1.2755638881528317,2.130710983563881,3.2160139222642536,20,percentile bootstrap over scenario_id (1000 replicates),
S2,linear,M2,block,180.0,T+F+L,T,skill,-2.5267112689924796,-2.040740894436449,1.9023155033387742,-3.329941468341199,-1.725176351094724,20,percentile bootstrap over scenario_id (1000 replicates),
S2,linear,M2,block,180.0,T+L,T,MAE,2.2544845729352803,1.8769857920043083,1.1753291812425013,1.7916887735085227,2.7778904247224117,20,percentile bootstrap over scenario_id (1000 replicates),
S2,linear,M2,block,180.0,T+L,T,RMSE,2.6303737713278217,2.1797774671011894,1.2755638881528317,2.1711603123640977,3.2137330078874666,20,percentile bootstrap over scenario_id (1000 replicates),
S2,linear,M2,block,180.0,T+L,T,skill,-2.5267112689924796,-2.040740894436449,1.9023155033387742,-3.34064143673918,-1.7769058129179167,20,percentile bootstrap over scenario_id (1000 replicates),
S2,linear,M3,multiblock,10.0,T,T,MAE,0.23535006928443902,0.20249999761581422,0.0988498538060273,0.1969963299691677,0.27840757378339764,20,percentile bootstrap over scenario_id (1000 replicates),
S2,linear,M3,multiblock,10.0,T,T,RMSE,0.28727734670593064,0.2448716615842948,0.12812106761976566,0.23748022094598104,0.3452780082492407,20,percentile bootstrap over scenario_id (1000 replicates),
S2,linear,M3,multiblock,10.0,T,T,skill,0.597034580303919,0.619562686946898,0.17780248134628057,0.5176459073160835,0.6703664318487556,20,percentile bootstrap over scenario_id (1000 replicates),
S2,linear,M3,multiblock,10.0,T+F,T,MAE,0.23535006928443902,0.20249999761581422,0.0988498538060273,0.1964487573623657,0.27591134043931953,20,percentile bootstrap over scenario_id (1000 replicates),
S2,linear,M3,multiblock,10.0,T+F,T,RMSE,0.28727734670593064,0.2448716615842948,0.12812106761976566,0.23707261777590033,0.3460569260980687,20,percentile bootstrap over scenario_id (1000 replicates),
S2,linear,M3,multiblock,10.0,T+F,T,skill,0.597034580303919,0.619562686946898,0.17780248134628057,0.5190722418631195,0.6699213535947686,20,percentile bootstrap over scenario_id (1000 replicates),
S2,linear,M3,multiblock,10.0,T+F+L,T,MAE,0.23535006928443902,0.20249999761581422,0.0988498538060273,0.19798756864070893,0.279561305296421,20,percentile bootstrap over scenario_id (1000 replicates),
S2,linear,M3,multiblock,10.0,T+F+L,T,RMSE,0.28727734670593064,0.2448716615842948,0.12812106761976566,0.23663709338927894,0.34350618250820936,20,percentile bootstrap over scenario_id (1000 replicates),
S2,linear,M3,multiblock,10.0,T+F+L,T,skill,0.597034580303919,0.619562686946898,0.17780248134628057,0.5152547072754521,0.6708047040630343,20,percentile bootstrap over scenario_id (1000 replicates),
S2,linear,M3,multiblock,10.0,T+L,T,MAE,0.23535006928443902,0.20249999761581422,0.0988498538060273,0.19654758186936377,0.27610259283185007,20,percentile bootstrap over scenario_id (1000 replicates),
S2,linear,M3,multiblock,10.0,T+L,T,RMSE,0.28727734670593064,0.2448716615842948,0.12812106761976566,0.23877332512745536,0.34248147763014225,20,percentile bootstrap over scenario_id (1000 replicates),
S2,linear,M3,multiblock,10.0,T+L,T,skill,0.597034580303919,0.619562686946898,0.17780248134628057,0.5194502461717558,0.671004547867763,20,percentile bootstrap over scenario_id (1000 replicates),
S2,linear,M3,multiblock,30.0,T,T,MAE,0.32103029973579167,0.3069696968252008,0.10780039142330963,0.2766655199636112,0.3716575394886912,20,percentile bootstrap over scenario_id (1000 replicates),
S2,linear,M3,multiblock,30.0,T,T,RMSE,0.40131936109898847,0.39638366141266695,0.12477878318081258,0.348422541091902,0.4537670674159851,20,percentile bootstrap over scenario_id (1000 replicates),
S2,linear,M3,multiblock,30.0,T,T,skill,0.3325998588578691,0.39639657108659687,0.3133525901969806,0.20256700334459424,0.46673965928589917,20,percentile bootstrap over scenario_id (1000 replicates),
S2,linear,M3,multiblock,30.0,T+F,T,MAE,0.32103029973579167,0.3069696968252008,0.10780039142330963,0.27618940028096683,0.3668719747788978,20,percentile bootstrap over scenario_id (1000 replicates),
S2,linear,M3,multiblock,30.0,T+F,T,RMSE,0.40131936109898847,0.39638366141266695,0.12477878318081258,0.3511646463501503,0.46025475574950125,20,percentile bootstrap over scenario_id (1000 replicates),
S2,linear,M3,multiblock,30.0,T+F,T,skill,0.3325998588578691,0.39639657108659687,0.3133525901969806,0.20233747004622624,0.46896278711441647,20,percentile bootstrap over scenario_id (1000 replicates),
S2,linear,M3,multiblock,30.0,T+F+L,T,MAE,0.32103029973579167,0.3069696968252008,0.10780039142330963,0.27610793109373605,0.3660685543634674,20,percentile bootstrap over scenario_id (1000 replicates),
S2,linear,M3,multiblock,30.0,T+F+L,T,RMSE,0.40131936109898847,0.39638366141266695,0.12477878318081258,0.34907878876615084,0.4583131501357564,20,percentile bootstrap over scenario_id (1000 replicates),
S2,linear,M3,multiblock,30.0,T+F+L,T,skill,0.3325998588578691,0.39639657108659687,0.3133525901969806,0.20532665953264795,0.46692505370175863,20,percentile bootstrap over scenario_id (1000 replicates),
S2,linear,M3,multiblock,30.0,T+L,T,MAE,0.32103029973579167,0.3069696968252008,0.10780039142330963,0.2784488619385343,0.3688950568058273,20,percentile bootstrap over scenario_id (1000 replicates),
S2,linear,M3,multiblock,30.0,T+L,T,RMSE,0.40131936109898847,0.39638366141266695,0.12477878318081258,0.34811112463816235,0.45827399554222276,20,percentile bootstrap over scenario_id (1000 replicates),
S2,linear,M3,multiblock,30.0,T+L,T,skill,0.3325998588578691,0.39639657108659687,0.3133525901969806,0.19520133418895738,0.4540143538125796,20,percentile bootstrap over scenario_id (1000 replicates),
S2,linear,M3,multiblock,90.0,T,T,MAE,0.5233476659388525,0.5258780329885449,0.13981860438519803,0.46736387533269896,0.5797544523377144,20,percentile bootstrap over scenario_id (1000 replicates),
S2,linear,M3,multiblock,90.0,T,T,RMSE,0.6495980999401445,0.6482354810255231,0.16191210600059405,0.5812240494151951,0.7191949504762254,20,percentile bootstrap over scenario_id (1000 replicates),
S2,linear,M3,multiblock,90.0,T,T,skill,0.18574432104818195,0.24425181874322438,0.20883820398698996,0.09759442240883577,0.27341665458675574,20,percentile bootstrap over scenario_id (1000 replicates),
S2,linear,M3,multiblock,90.0,T+F,T,MAE,0.5233476659388525,0.5258780329885449,0.13981860438519803,0.4689686242730814,0.5820867396097456,20,percentile bootstrap over scenario_id (1000 replicates),
S2,linear,M3,multiblock,90.0,T+F,T,RMSE,0.6495980999401445,0.6482354810255231,0.16191210600059405,0.5826084776453315,0.7239681582834396,20,percentile bootstrap over scenario_id (1000 replicates),
S2,linear,M3,multiblock,90.0,T+F,T,skill,0.18574432104818195,0.24425181874322438,0.20883820398698996,0.08839340548561939,0.2714521527323764,20,percentile bootstrap over scenario_id (1000 replicates),
S2,linear,M3,multiblock,90.0,T+F+L,T,MAE,0.5233476659388525,0.5258780329885449,0.13981860438519803,0.46638188487504967,0.58480494882129,20,percentile bootstrap over scenario_id (1000 replicates),
S2,linear,M3,multiblock,90.0,T+F+L,T,RMSE,0.6495980999401445,0.6482354810255231,0.16191210600059405,0.5827682433651237,0.7234348879079989,20,percentile bootstrap over scenario_id (1000 replicates),
S2,linear,M3,multiblock,90.0,T+F+L,T,skill,0.18574432104818195,0.24425181874322438,0.20883820398698996,0.10117250981836176,0.2728537573268163,20,percentile bootstrap over scenario_id (1000 replicates),
S2,linear,M3,multiblock,90.0,T+L,T,MAE,0.5233476659388525,0.5258780329885449,0.13981860438519803,0.4660573893204385,0.5811032277454611,20,percentile bootstrap over scenario_id (1000 replicates),
S2,linear,M3,multiblock,90.0,T+L,T,RMSE,0.6495980999401445,0.6482354810255231,0.16191210600059405,0.5824846478138299,0.7179725748017726,20,percentile bootstrap over scenario_id (1000 replicates),
S2,linear,M3,multiblock,90.0,T+L,T,skill,0.18574432104818195,0.24425181874322438,0.20883820398698996,0.09440007389530039,0.2648957326126625,20,percentile bootstrap over scenario_id (1000 replicates),
S2,linear,M3,multiblock,180.0,T,T,MAE,0.80118711681531,0.7787703685204622,0.1581912877151432,0.7334955872648509,0.8708820120806249,20,percentile bootstrap over scenario_id (1000 replicates),
S2,linear,M3,multiblock,180.0,T,T,RMSE,0.9971952070782837,0.9685126111591206,0.20250650460284958,0.9152425934244688,1.0886666361759232,20,percentile bootstrap over scenario_id (1000 replicates),
S2,linear,M3,multiblock,180.0,T,T,skill,-0.10759079042934935,-0.04333626908585686,0.2741762219546402,-0.23046230772746495,0.0027718605400626787,20,percentile bootstrap over scenario_id (1000 replicates),
S2,linear,M3,multiblock,180.0,T+F,T,MAE,0.80118711681531,0.7787703685204622,0.1581912877151432,0.7292849911534395,0.8654655769757776,20,percentile bootstrap over scenario_id (1000 replicates),
S2,linear,M3,multiblock,180.0,T+F,T,RMSE,0.9971952070782837,0.9685126111591206,0.20250650460284958,0.9147555995149924,1.0892564097687143,20,percentile bootstrap over scenario_id (1000 replicates),
S2,linear,M3,multiblock,180.0,T+F,T,skill,-0.10759079042934935,-0.04333626908585686,0.2741762219546402,-0.22081456060874843,-0.0011025825702147272,20,percentile bootstrap over scenario_id (1000 replicates),
S2,linear,M3,multiblock,180.0,T+F+L,T,MAE,0.80118711681531,0.7787703685204622,0.1581912877151432,0.7331246203953342,0.865764876355619,20,percentile bootstrap over scenario_id (1000 replicates),
S2,linear,M3,multiblock,180.0,T+F+L,T,RMSE,0.9971952070782837,0.9685126111591206,0.20250650460284958,0.9187094433579963,1.081136262700816,20,percentile bootstrap over scenario_id (1000 replicates),
S2,linear,M3,multiblock,180.0,T+F+L,T,skill,-0.10759079042934935,-0.04333626908585686,0.2741762219546402,-0.2335555479363591,-0.008809328212199867,20,percentile bootstrap over scenario_id (1000 replicates),
S2,linear,M3,multiblock,180.0,T+L,T,MAE,0.80118711681531,0.7787703685204622,0.1581912877151432,0.7377070980547014,0.8648594621256508,20,percentile bootstrap over scenario_id (1000 replicates),
S2,linear,M3,multiblock,180.0,T+L,T,RMSE,0.9971952070782837,0.9685126111591206,0.20250650460284958,0.917007405117367,1.0890240451925564,20,percentile bootstrap over scenario_id (1000 replicates),
S2,linear,M3,multiblock,180.0,T+L,T,skill,-0.10759079042934935,-0.04333626908585686,0.2741762219546402,-0.22684383208163755,0.001423692494662016,20,percentile bootstrap over scenario_id (1000 replicates),
S2,pchip,M2,block,10.0,T,T,MAE,0.29081594951196843,0.19330540553249087,0.23022213730443872,0.2050700196887033,0.39573518786755457,20,percentile bootstrap over scenario_id (1000 replicates),
S2,pchip,M2,block,10.0,T,T,RMSE,0.33425310117370255,0.23617433326725554,0.24087207869903404,0.24380074536737006,0.4433210273541612,20,percentile bootstrap over scenario_id (1000 replicates),
S2,pchip,M2,block,10.0,T,T,skill,0.3590965663305369,0.5524067831644381,0.5752023762049374,0.11839266724988996,0.583398045193788,20,percentile bootstrap over scenario_id (1000 replicates),
S2,pchip,M2,block,10.0,T+F,T,MAE,0.29081594951196843,0.19330540553249087,0.23022213730443872,0.20830259544899615,0.39525100223817244,20,percentile bootstrap over scenario_id (1000 replicates),
S2,pchip,M2,block,10.0,T+F,T,RMSE,0.33425310117370255,0.23617433326725554,0.24087207869903404,0.23906732739079767,0.4457460346737932,20,percentile bootstrap over scenario_id (1000 replicates),
S2,pchip,M2,block,10.0,T+F,T,skill,0.3590965663305369,0.5524067831644381,0.5752023762049374,0.08442921410181325,0.584071880549994,20,percentile bootstrap over scenario_id (1000 replicates),
S2,pchip,M2,block,10.0,T+F+L,T,MAE,0.29081594951196843,0.19330540553249087,0.23022213730443872,0.2024619456694937,0.395568767842385,20,percentile bootstrap over scenario_id (1000 replicates),
S2,pchip,M2,block,10.0,T+F+L,T,RMSE,0.33425310117370255,0.23617433326725554,0.24087207869903404,0.24904594422005047,0.4554881442978223,20,percentile bootstrap over scenario_id (1000 replicates),
S2,pchip,M2,block,10.0,T+F+L,T,skill,0.3590965663305369,0.5524067831644381,0.5752023762049374,0.09545507172063081,0.5939318595057694,20,percentile bootstrap over scenario_id (1000 replicates),
S2,pchip,M2,block,10.0,T+L,T,MAE,0.29081594951196843,0.19330540553249087,0.23022213730443872,0.20456078035285596,0.39789213649187166,20,percentile bootstrap over scenario_id (1000 replicates),
S2,pchip,M2,block,10.0,T+L,T,RMSE,0.33425310117370255,0.23617433326725554,0.24087207869903404,0.24785641543869041,0.4559311630962828,20,percentile bootstrap over scenario_id (1000 replicates),
S2,pchip,M2,block,10.0,T+L,T,skill,0.3590965663305369,0.5524067831644381,0.5752023762049374,0.07661092422853741,0.6037234846842296,20,percentile bootstrap over scenario_id (1000 replicates),
S2,pchip,M2,block,30.0,T,T,MAE,0.5557795390385774,0.5028180169720491,0.2798164830484061,0.4494805239157047,0.6850659741492158,20,percentile bootstrap over scenario_id (1000 replicates),
S2,pchip,M2,block,30.0,T,T,RMSE,0.6820576764399415,0.6378206163704562,0.3398550761644318,0.5549097301371403,0.8474900947124994,20,percentile bootstrap over scenario_id (1000 replicates),
S2,pchip,M2,block,30.0,T,T,skill,0.0021909779747152137,0.10198314410853315,0.589292727306844,-0.2670955236967148,0.23895702323964924,20,percentile bootstrap over scenario_id (1000 replicates),
S2,pchip,M2,block,30.0,T+F,T,MAE,0.5557795390385774,0.5028180169720491,0.2798164830484061,0.44451200054710716,0.6827751522424459,20,percentile bootstrap over scenario_id (1000 replicates),
S2,pchip,M2,block,30.0,T+F,T,RMSE,0.6820576764399415,0.6378206163704562,0.3398550761644318,0.5526043769976038,0.8559998398192317,20,percentile bootstrap over scenario_id (1000 replicates),
S2,pchip,M2,block,30.0,T+F,T,skill,0.0021909779747152137,0.10198314410853315,0.589292727306844,-0.24726064888094615,0.24875340782759373,20,percentile bootstrap over scenario_id (1000 replicates),
S2,pchip,M2,block,30.0,T+F+L,T,MAE,0.5557795390385774,0.5028180169720491,0.2798164830484061,0.43535676203332646,0.6875431919417528,20,percentile bootstrap over scenario_id (1000 replicates),
S2,pchip,M2,block,30.0,T+F+L,T,RMSE,0.6820576764399415,0.6378206163704562,0.3398550761644318,0.5534915671374632,0.8385611973173531,20,percentile bootstrap over scenario_id (1000 replicates),
S2,pchip,M2,block,30.0,T+F+L,T,skill,0.0021909779747152137,0.10198314410853315,0.589292727306844,-0.2654380052635354,0.264588728325332,20,percentile bootstrap over scenario_id (1000 replicates),
S2,pchip,M2,block,30.0,T+L,T,MAE,0.5557795390385774,0.5028180169720491,0.2798164830484061,0.4456139872288175,0.6906671495179337,20,percentile bootstrap over scenario_id (1000 replicates),
S2,pchip,M2,block,30.0,T+L,T,RMSE,0.6820576764399415,0.6378206163704562,0.3398550761644318,0.5522885215770812,0.8456693736455184,20,percentile bootstrap over scenario_id (1000 replicates),
S2,pchip,M2,block,30.0,T+L,T,skill,0.0021909779747152137,0.10198314410853315,0.589292727306844,-0.26988587048629753,0.23907363767223277,20,percentile bootstrap over scenario_id (1000 replicates),
S2,pchip,M2,block,90.0,T,T,MAE,1.001153725954221,0.8698959300005955,0.4867828595264839,0.8090649565024176,1.2258371654255233,20,percentile bootstrap over scenario_id (1000 replicates),
S2,pchip,M2,block,90.0,T,T,RMSE,1.2012199405374453,1.1030783815199556,0.5373261052066596,0.9711560391002586,1.4548856204590308,20,percentile bootstrap over scenario_id (1000 replicates),
S2,pchip,M2,block,90.0,T,T,skill,-0.6590487027473569,-0.3204515008192491,1.3848760633875734,-1.3015367595024865,-0.22157697434837012,20,percentile bootstrap over scenario_id (1000 replicates),
S2,pchip,M2,block,90.0,T+F,T,MAE,1.001153725954221,0.8698959300005955,0.4867828595264839,0.8126165002841913,1.2283116056872607,20,percentile bootstrap over scenario_id (1000 replicates),
S2,pchip,M2,block,90.0,T+F,T,RMSE,1.2012199405374453,1.1030783815199556,0.5373261052066596,0.9801855986999998,1.4264526777702782,20,percentile bootstrap over scenario_id (1000 replicates),
S2,pchip,M2,block,90.0,T+F,T,skill,-0.6590487027473569,-0.3204515008192491,1.3848760633875734,-1.3332990315956819,-0.19065056785050188,20,percentile bootstrap over scenario_id (1000 replicates),
S2,pchip,M2,block,90.0,T+F+L,T,MAE,1.001153725954221,0.8698959300005955,0.4867828595264839,0.8241095615708283,1.2297333486300006,20,percentile bootstrap over scenario_id (1000 replicates),
S2,pchip,M2,block,90.0,T+F+L,T,RMSE,1.2012199405374453,1.1030783815199556,0.5373261052066596,0.9778721280332477,1.4436627900666608,20,percentile bootstrap over scenario_id (1000 replicates),
S2,pchip,M2,block,90.0,T+F+L,T,skill,-0.6590487027473569,-0.3204515008192491,1.3848760633875734,-1.2994729605128095,-0.20092456420686433,20,percentile bootstrap over scenario_id (1000 replicates),
S2,pchip,M2,block,90.0,T+L,T,MAE,1.001153725954221,0.8698959300005955,0.4867828595264839,0.8097142082250163,1.2317827873495066,20,percentile bootstrap over scenario_id (1000 replicates),
S2,pchip,M2,block,90.0,T+L,T,RMSE,1.2012199405374453,1.1030783815199556,0.5373261052066596,0.9787727457616527,1.4382648105153544,20,percentile bootstrap over scenario_id (1000 replicates),
S2,pchip,M2,block,90.0,T+L,T,skill,-0.6590487027473569,-0.3204515008192491,1.3848760633875734,-1.3369905393519088,-0.21353194970853834,20,percentile bootstrap over scenario_id (1000 replicates),
S2,pchip,M2,block,180.0,T,T,MAE,2.045520537503766,2.0893377155637882,0.9722706106628505,1.6554231881082573,2.478468296078818,20,percentile bootstrap over scenario_id (1000 replicates),
S2,pchip,M2,block,180.0,T,T,RMSE,2.3990724585280603,2.5508909566760067,1.058528774550448,1.9373912430553242,2.818662095197774,20,percentile bootstrap over scenario_id (1000 replicates),
S2,pchip,M2,block,180.0,T,T,skill,-2.21777928458564,-2.1774181723579504,1.627636273692008,-2.941872392930956,-1.493672082716523,20,percentile bootstrap over scenario_id (1000 replicates),
S2,pchip,M2,block,180.0,T+F,T,MAE,2.045520537503766,2.0893377155637882,0.9722706106628505,1.6299142687631005,2.4579826091173613,20,percentile bootstrap over scenario_id (1000 replicates),
S2,pchip,M2,block,180.0,T+F,T,RMSE,2.3990724585280603,2.5508909566760067,1.058528774550448,1.9330315386207415,2.855689743985744,20,percentile bootstrap over scenario_id (1000 replicates),
S2,pchip,M2,block,180.0,T+F,T,skill,-2.21777928458564,-2.1774181723579504,1.627636273692008,-2.9224925269896573,-1.5603644844214124,20,percentile bootstrap over scenario_id (1000 replicates),
S2,pchip,M2,block,180.0,T+F+L,T,MAE,2.045520537503766,2.0893377155637882,0.9722706106628505,1.635223178331271,2.4609281304241195,20,percentile bootstrap over scenario_id (1000 replicates),
S2,pchip,M2,block,180.0,T+F+L,T,RMSE,2.3990724585280603,2.5508909566760067,1.058528774550448,1.9338929923923975,2.826951233101469,20,percentile bootstrap over scenario_id (1000 replicates),
S2,pchip,M2,block,180.0,T+F+L,T,skill,-2.21777928458564,-2.1774181723579504,1.627636273692008,-2.9008539657337926,-1.5007029374403529,20,percentile bootstrap over scenario_id (1000 replicates),
S2,pchip,M2,block,180.0,T+L,T,MAE,2.045520537503766,2.0893377155637882,0.9722706106628505,1.6394241455183625,2.4392114311069784,20,percentile bootstrap over scenario_id (1000 replicates),
S2,pchip,M2,block,180.0,T+L,T,RMSE,2.3990724585280603,2.5508909566760067,1.058528774550448,1.9593826518877764,2.8650683317215253,20,percentile bootstrap over scenario_id (1000 replicates),
S2,pchip,M2,block,180.0,T+L,T,skill,-2.21777928458564,-2.1774181723579504,1.627636273692008,-2.934271297127322,-1.517072217542187,20,percentile bootstrap over scenario_id (1000 replicates),
S2,pchip,M3,multiblock,10.0,T,T,MAE,0.23305426610956131,0.2395522565806406,0.094421725408434,0.19418947184778756,0.27680155058695527,20,percentile bootstrap over scenario_id (1000 replicates),
S2,pchip,M3,multiblock,10.0,T,T,RMSE,0.2917471100518558,0.27244528196968354,0.12620080864926878,0.24148612350081822,0.34725122695348737,20,percentile bootstrap over scenario_id (1000 replicates),
S2,pchip,M3,multiblock,10.0,T,T,skill,0.5978079581460729,0.5989381184390469,0.17365446936552845,0.522474652060625,0.6682111982649118,20,percentile bootstrap over scenario_id (1000 replicates),
S2,pchip,M3,multiblock,10.0,T+F,T,MAE,0.23305426610956131,0.2395522565806406,0.094421725408434,0.19355866858903095,0.2750097766334649,20,percentile bootstrap over scenario_id (1000 replicates),
S2,pchip,M3,multiblock,10.0,T+F,T,RMSE,0.2917471100518558,0.27244528196968354,0.12620080864926878,0.2422966559550457,0.34729320122184876,20,percentile bootstrap over scenario_id (1000 replicates),
S2,pchip,M3,multiblock,10.0,T+F,T,skill,0.5978079581460729,0.5989381184390469,0.17365446936552845,0.5258234227435105,0.6769108072045,20,percentile bootstrap over scenario_id (1000 replicates),
S2,pchip,M3,multiblock,10.0,T+F+L,T,MAE,0.23305426610956131,0.2395522565806406,0.094421725408434,0.19723355189962727,0.27621499421530743,20,percentile bootstrap over scenario_id (1000 replicates),
S2,pchip,M3,multiblock,10.0,T+F+L,T,RMSE,0.2917471100518558,0.27244528196968354,0.12620080864926878,0.24233873148987126,0.3478520263355996,20,percentile bootstrap over scenario_id (1000 replicates),
S2,pchip,M3,multiblock,10.0,T+F+L,T,skill,0.5978079581460729,0.5989381184390469,0.17365446936552845,0.5226713752347067,0.6737955423114581,20,percentile bootstrap over scenario_id (1000 replicates),
S2,pchip,M3,multiblock,10.0,T+L,T,MAE,0.23305426610956131,0.2395522565806406,0.094421725408434,0.1933799100278231,0.2746787885205254,20,percentile bootstrap over scenario_id (1000 replicates),
S2,pchip,M3,multiblock,10.0,T+L,T,RMSE,0.2917471100518558,0.27244528196968354,0.12620080864926878,0.24308865486029327,0.3503393820922106,20,percentile bootstrap over scenario_id (1000 replicates),
S2,pchip,M3,multiblock,10.0,T+L,T,skill,0.5978079581460729,0.5989381184390469,0.17365446936552845,0.5239745608343519,0.6679339812843625,20,percentile bootstrap over scenario_id (1000 replicates),
S2,pchip,M3,multiblock,30.0,T,T,MAE,0.3228734607481274,0.32496200543164333,0.1136307620721015,0.2775605351404027,0.37292712529906147,20,percentile bootstrap over scenario_id (1000 replicates),
S2,pchip,M3,multiblock,30.0,T,T,RMSE,0.40045391754951726,0.40498733960909095,0.13067504972599608,0.34382298754443763,0.4562559606590715,20,percentile bootstrap over scenario_id (1000 replicates),
S2,pchip,M3,multiblock,30.0,T,T,skill,0.30762631252091466,0.4046437394078596,0.3701241134151626,0.15339278654852206,0.45602158961968126,20,percentile bootstrap over scenario_id (1000 replicates),
S2,pchip,M3,multiblock,30.0,T+F,T,MAE,0.3228734607481274,0.32496200543164333,0.1136307620721015,0.2726706840749846,0.37221544273109974,20,percentile bootstrap over scenario_id (1000 replicates),
S2,pchip,M3,multiblock,30.0,T+F,T,RMSE,0.40045391754951726,0.40498733960909095,0.13067504972599608,0.34748216016856975,0.45853558832939045,20,percentile bootstrap over scenario_id (1000 replicates),
S2,pchip,M3,multiblock,30.0,T+F,T,skill,0.30762631252091466,0.4046437394078596,0.3701241134151626,0.1461192760236538,0.45273679801329886,20,percentile bootstrap over scenario_id (1000 replicates),
S2,pchip,M3,multiblock,30.0,T+F+L,T,MAE,0.3228734607481274,0.32496200543164333,0.1136307620721015,0.27673907784141377,0.37061309445363566,20,percentile bootstrap over scenario_id (1000 replicates),
S2,pchip,M3,multiblock,30.0,T+F+L,T,RMSE,0.40045391754951726,0.40498733960909095,0.13067504972599608,0.3483945541735826,0.4585818136622169,20,percentile bootstrap over scenario_id (1000 replicates),
S2,pchip,M3,multiblock,30.0,T+F+L,T,skill,0.30762631252091466,0.4046437394078596,0.3701241134151626,0.1418970622154065,0.45830108799873326,20,percentile bootstrap over scenario_id (1000 replicates),
S2,pchip,M3,multiblock,30.0,T+L,T,MAE,0.3228734607481274,0.32496200543164333,0.1136307620721015,0.27322892821544226,0.3763498109232543,20,percentile bootstrap over scenario_id (1000 replicates),
S2,pchip,M3,multiblock,30.0,T+L,T,RMSE,0.40045391754951726,0.40498733960909095,0.13067504972599608,0.34775401926101335,0.46072092773667384,20,percentile bootstrap over scenario_id (1000 replicates),
S2,pchip,M3,multiblock,30.0,T+L,T,skill,0.30762631252091466,0.4046437394078596,0.3701241134151626,0.15805804833379564,0.4687289294268159,20,percentile bootstrap over scenario_id (1000 replicates),
S2,pchip,M3,multiblock,90.0,T,T,MAE,0.5894628669986652,0.5292815479447603,0.17638736667797852,0.5173758289730365,0.6695544446198247,20,percentile bootstrap over scenario_id (1000 replicates),
S2,pchip,M3,multiblock,90.0,T,T,RMSE,0.7369813349056245,0.6613827808199035,0.21157877928970428,0.6480848176384202,0.83317983190051,20,percentile bootstrap over scenario_id (1000 replicates),
S2,pchip,M3,multiblock,90.0,T,T,skill,0.0722082447174947,0.18772078605420084,0.31287266823639137,-0.06920331919109082,0.2087308394043813,20,percentile bootstrap over scenario_id (1000 replicates),
S2,pchip,M3,multiblock,90.0,T+F,T,MAE,0.5894628669986652,0.5292815479447603,0.17638736667797852,0.5201314224105846,0.6596830892927976,20,percentile bootstrap over scenario_id (1000 replicates),
S2,pchip,M3,multiblock,90.0,T+F,T,RMSE,0.7369813349056245,0.6613827808199035,0.21157877928970428,0.6520174938841977,0.8319776342968045,20,percentile bootstrap over scenario_id (1000 replicates),
S2,pchip,M3,multiblock,90.0,T+F,T,skill,0.0722082447174947,0.18772078605420084,0.31287266823639137,-0.06365010975748912,0.19500731273510344,20,percentile bootstrap over scenario_id (1000 replicates),
S2,pchip,M3,multiblock,90.0,T+F+L,T,MAE,0.5894628669986652,0.5292815479447603,0.17638736667797852,0.5164916712193471,0.6635480595024208,20,percentile bootstrap over scenario_id (1000 replicates),
S2,pchip,M3,multiblock,90.0,T+F+L,T,RMSE,0.7369813349056245,0.6613827808199035,0.21157877928970428,0.6488030047948071,0.8291473882549786,20,percentile bootstrap over scenario_id (1000 replicates),
S2,pchip,M3,multiblock,90.0,T+F+L,T,skill,0.0722082447174947,0.18772078605420084,0.31287266823639137,-0.08224914221051784,0.19790453768009633,20,percentile bootstrap over scenario_id (1000 replicates),
S2,pchip,M3,multiblock,90.0,T+L,T,MAE,0.5894628669986652,0.5292815479447603,0.17638736667797852,0.5196812943093169,0.6667252033248263,20,percentile bootstrap over scenario_id (1000 replicates),
S2,pchip,M3,multiblock,90.0,T+L,T,RMSE,0.7369813349056245,0.6613827808199035,0.21157877928970428,0.654760802222732,0.8262631803311845,20,percentile bootstrap over scenario_id (1000 replicates),
S2,pchip,M3,multiblock,90.0,T+L,T,skill,0.0722082447174947,0.18772078605420084,0.31287266823639137,-0.06315443526837565,0.2042997449980016,20,percentile bootstrap over scenario_id (1000 replicates),
S2,pchip,M3,multiblock,180.0,T,T,MAE,0.9285696429186002,0.9029795024823251,0.24516657900338407,0.8231013033660488,1.034200413935828,20,percentile bootstrap over scenario_id (1000 replicates),
S2,pchip,M3,multiblock,180.0,T,T,RMSE,1.1723671976215755,1.1250402032224378,0.32939868358757735,1.0286898374356792,1.30612852206982,20,percentile bootstrap over scenario_id (1000 replicates),
S2,pchip,M3,multiblock,180.0,T,T,skill,-0.2880081303585961,-0.1254220774171907,0.39874372671731095,-0.45981863900024084,-0.120816981018907,20,percentile bootstrap over scenario_id (1000 replicates),
S2,pchip,M3,multiblock,180.0,T+F,T,MAE,0.9285696429186002,0.9029795024823251,0.24516657900338407,0.8273164435174237,1.0433855920678883,20,percentile bootstrap over scenario_id (1000 replicates),
S2,pchip,M3,multiblock,180.0,T+F,T,RMSE,1.1723671976215755,1.1250402032224378,0.32939868358757735,1.0292642339241276,1.3102807706217394,20,percentile bootstrap over scenario_id (1000 replicates),
S2,pchip,M3,multiblock,180.0,T+F,T,skill,-0.2880081303585961,-0.1254220774171907,0.39874372671731095,-0.45799337350048214,-0.11619200996478486,20,percentile bootstrap over scenario_id (1000 replicates),
S2,pchip,M3,multiblock,180.0,T+F+L,T,MAE,0.9285696429186002,0.9029795024823251,0.24516657900338407,0.819863854340991,1.0332582587480554,20,percentile bootstrap over scenario_id (1000 replicates),
S2,pchip,M3,multiblock,180.0,T+F+L,T,RMSE,1.1723671976215755,1.1250402032224378,0.32939868358757735,1.0370542696805554,1.322165708970387,20,percentile bootstrap over scenario_id (1000 replicates),
S2,pchip,M3,multiblock,180.0,T+F+L,T,skill,-0.2880081303585961,-0.1254220774171907,0.39874372671731095,-0.4621759175506067,-0.10743361685169087,20,percentile bootstrap over scenario_id (1000 replicates),
S2,pchip,M3,multiblock,180.0,T+L,T,MAE,0.9285696429186002,0.9029795024823251,0.24516657900338407,0.8236989725892395,1.0330347694353308,20,percentile bootstrap over scenario_id (1000 replicates),
S2,pchip,M3,multiblock,180.0,T+L,T,RMSE,1.1723671976215755,1.1250402032224378,0.32939868358757735,1.0350069811190283,1.3150823660476196,20,percentile bootstrap over scenario_id (1000 replicates),
S2,pchip,M3,multiblock,180.0,T+L,T,skill,-0.2880081303585961,-0.1254220774171907,0.39874372671731095,-0.4600931970721783,-0.11805312718573005,20,percentile bootstrap over scenario_id (1000 replicates),
S2,random_forest,M2,block,10.0,T,T,MAE,0.5756777111956556,0.45069656956044446,0.3540411075693778,0.4375502160697676,0.734356280667403,20,percentile bootstrap over scenario_id (1000 replicates),
S2,random_forest,M2,block,10.0,T,T,RMSE,0.6413510628855937,0.5229370570366325,0.3492767755411856,0.5042943400198372,0.7955086215012068,20,percentile bootstrap over scenario_id (1000 replicates),
S2,random_forest,M2,block,10.0,T,T,skill,0.08000078799371792,0.18744634804786403,0.3562798114464402,-0.08181625800323776,0.21476314606308064,20,percentile bootstrap over scenario_id (1000 replicates),
S2,random_forest,M2,block,10.0,T+F,T,MAE,0.5790900027205488,0.44996172882063046,0.3719132584578413,0.4270099011115803,0.7449421790383431,20,percentile bootstrap over scenario_id (1000 replicates),
S2,random_forest,M2,block,10.0,T+F,T,RMSE,0.6434805442376212,0.5202307952624576,0.36669560873130197,0.4944287054499217,0.7984801868915399,20,percentile bootstrap over scenario_id (1000 replicates),
S2,random_forest,M2,block,10.0,T+F,T,skill,0.09661409110483613,0.21492584250730506,0.3509207031618361,-0.06132311429620691,0.24453212837145782,20,percentile bootstrap over scenario_id (1000 replicates),
S2,random_forest,M2,block,10.0,T+F+L,T,MAE,0.5838795427275685,0.4593365299380957,0.3773127837473512,0.43005800306413133,0.7647501052994187,20,percentile bootstrap over scenario_id (1000 replicates),
S2,random_forest,M2,block,10.0,T+F+L,T,RMSE,0.6477158247840735,0.5273394547704915,0.3712079636130297,0.4918513438734714,0.8016100022712513,20,percentile bootstrap over scenario_id (1000 replicates),
S2,random_forest,M2,block,10.0,T+F+L,T,skill,0.08956125097048576,0.19411709710249675,0.3709769225420436,-0.06412175240883296,0.24094095718256187,20,percentile bootstrap over scenario_id (1000 replicates),
S2,random_forest,M2,block,10.0,T+L,T,MAE,0.5780684451820104,0.4537787986274748,0.3573153398146884,0.4342196504547929,0.7383636663046099,20,percentile bootstrap over scenario_id (1000 replicates),
S2,random_forest,M2,block,10.0,T+L,T,RMSE,0.6426658886111234,0.5293201911307058,0.3524906682943047,0.5014413011187709,0.8031574847842495,20,percentile bootstrap over scenario_id (1000 replicates),
S2,random_forest,M2,block,10.0,T+L,T,skill,0.07902339950321483,0.19850860597751474,0.36584627886601634,-0.07707696198396789,0.22844044685020207,20,percentile bootstrap over scenario_id (1000 replicates),
S2,random_forest,M2,block,30.0,T,T,MAE,0.5390901067485634,0.5028423662738356,0.23204483777838103,0.4475368682502426,0.6446053244755192,20,percentile bootstrap over scenario_id (1000 replicates),
S2,random_forest,M2,block,30.0,T,T,RMSE,0.6387289653312694,0.5907057506090443,0.2622901168257436,0.536178694660386,0.7438185804588011,20,percentile bootstrap over scenario_id (1000 replicates),
S2,random_forest,M2,block,30.0,T,T,skill,0.16589148646588267,0.17416612530635783,0.1958194082324168,0.07905697050228268,0.2394092779845922,20,percentile bootstrap over scenario_id (1000 replicates),
S2,random_forest,M2,block,30.0,T+F,T,MAE,0.5363913483688344,0.5210465835526038,0.23950182518520022,0.44132156872325834,0.6277595502355017,20,percentile bootstrap over scenario_id (1000 replicates),
S2,random_forest,M2,block,30.0,T+F,T,RMSE,0.6352969707113197,0.611326423980654,0.27466458815464706,0.5258110542385332,0.7567314922605447,20,percentile bootstrap over scenario_id (1000 replicates),
S2,random_forest,M2,block,30.0,T+F,T,skill,0.17722938661643312,0.19168871692002537,0.20960526395047954,0.0831733094104395,0.2597493112888346,20,percentile bootstrap over scenario_id (1000 replicates),
S2,random_forest,M2,block,30.0,T+F+L,T,MAE,0.5399922141235182,0.5245121384483644,0.24256886427115823,0.4342284964169579,0.6520860874435367,20,percentile bootstrap over scenario_id (1000 replicates),
S2,random_forest,M2,block,30.0,T+F+L,T,RMSE,0.638610663606684,0.61472455758195,0.27719630117398225,0.5168954204213247,0.7650448782285652,20,percentile bootstrap over scenario_id (1000 replicates),
S2,random_forest,M2,block,30.0,T+F+L,T,skill,0.17253023356583067,0.15293513277136822,0.21252365995363828,0.07926912904048793,0.2576537263611913,20,percentile bootstrap over scenario_id (1000 replicates),
S2,random_forest,M2,block,30.0,T+L,T,MAE,0.5402184904572007,0.5041439003068466,0.23423236522853422,0.4439174358878462,0.6485141247271433,20,percentile bootstrap over scenario_id (1000 replicates),
S2,random_forest,M2,block,30.0,T+L,T,RMSE,0.6393447658419479,0.5916332834676102,0.2648003155020598,0.5308183190297413,0.7454078588435873,20,percentile bootstrap over scenario_id (1000 replicates),
S2,random_forest,M2,block,30.0,T+L,T,skill,0.16596148431393193,0.18120914175426572,0.19596654448069378,0.08025613181300052,0.24411176705736534,20,percentile bootstrap over scenario_id (1000 replicates),
S2,random_forest,M2,block,90.0,T,T,MAE,0.5475070177614179,0.5216161405879627,0.1390869918324467,0.4828672928178416,0.6057274180687308,20,percentile bootstrap over scenario_id (1000 replicates),
S2,random_forest,M2,block,90.0,T,T,RMSE,0.6642079869219071,0.6103595648529936,0.16091561258819262,0.5949848311481146,0.7296202825577344,20,percentile bootstrap over scenario_id (1000 replicates),
S2,random_forest,M2,block,90.0,T,T,skill,0.17734715147413707,0.18785454420482534,0.1406549852730008,0.11294645277136804,0.23711038871945328,20,percentile bootstrap over scenario_id (1000 replicates),
S2,random_forest,M2,block,90.0,T+F,T,MAE,0.5438296577018116,0.5266043849949005,0.14773233147637285,0.4842716765712595,0.6058372487356128,20,percentile bootstrap over scenario_id (1000 replicates),
S2,random_forest,M2,block,90.0,T+F,T,RMSE,0.6619327741419216,0.625670589013571,0.17050985139543948,0.5900474220702562,0.7350834428882839,20,percentile bootstrap over scenario_id (1000 replicates),
S2,random_forest,M2,block,90.0,T+F,T,skill,0.18692889550170297,0.19994899194815963,0.14674074812996113,0.12288466846933815,0.24827717212406905,20,percentile bootstrap over scenario_id (1000 replicates),
S2,random_forest,M2,block,90.0,T+F+L,T,MAE,0.5465489529442931,0.52546628838839,0.1496849653528123,0.48485280821059024,0.6144817883987601,20,percentile bootstrap over scenario_id (1000 replicates),
S2,random_forest,M2,block,90.0,T+F+L,T,RMSE,0.6648034267737152,0.6249588491499188,0.17185877440492997,0.5887981443053297,0.737044288717355,20,percentile bootstrap over scenario_id (1000 replicates),
S2,random_forest,M2,block,90.0,T+F+L,T,skill,0.18348212588500096,0.19737314944849893,0.14678398880398857,0.12297152901061076,0.24472458643745637,20,percentile bootstrap over scenario_id (1000 replicates),
S2,random_forest,M2,block,90.0,T+L,T,MAE,0.5481699043478852,0.5180655960171585,0.14181972673466686,0.48841313064941794,0.6145397288289907,20,percentile bootstrap over scenario_id (1000 replicates),
S2,random_forest,M2,block,90.0,T+L,T,RMSE,0.6640785686409346,0.6080099667558398,0.16385196436415506,0.5965952361061596,0.7361793223835708,20,percentile bootstrap over scenario_id (1000 replicates),
S2,random_forest,M2,block,90.0,T+L,T,skill,0.17780795804040667,0.1866292108427196,0.13900110787639602,0.11678419479391768,0.23371818001721448,20,percentile bootstrap over scenario_id (1000 replicates),
S2,random_forest,M2,block,180.0,T,T,MAE,0.537936604198475,0.4909097328265377,0.11196687836834915,0.49034730130926896,0.5855149931634244,20,percentile bootstrap over scenario_id (1000 replicates),
S2,random_forest,M2,block,180.0,T,T,RMSE,0.6576778948515203,0.6506353112952663,0.12258596846250701,0.6070878064647489,0.7087346782530869,20,percentile bootstrap over scenario_id (1000 replicates),
S2,random_forest,M2,block,180.0,T,T,skill,0.1747107446408983,0.1881162234574727,0.13477486509041198,0.11857136782451931,0.23154835505349375,20,percentile bootstrap over scenario_id (1000 replicates),
S2,random_forest,M2,block,180.0,T+F,T,MAE,0.5373369728873921,0.49793311315033306,0.11927138212660873,0.4865793036921875,0.5903520531080451,20,percentile bootstrap over scenario_id (1000 replicates),
S2,random_forest,M2,block,180.0,T+F,T,RMSE,0.6596989389547333,0.6541427354732481,0.12846326300915648,0.6075204621395544,0.7129981666029581,20,percentile bootstrap over scenario_id (1000 replicates),
S2,random_forest,M2,block,180.0,T+F,T,skill,0.1765723554873047,0.17247353021146622,0.14636449608027918,0.1135619382067635,0.24081558303373377,20,percentile bootstrap over scenario_id (1000 replicates),
S2,random_forest,M2,block,180.0,T+F+L,T,MAE,0.5416685949601893,0.5033512975892832,0.11956044150012324,0.49229173801255727,0.5925658918029224,20,percentile bootstrap over scenario_id (1000 replicates),
S2,random_forest,M2,block,180.0,T+F+L,T,RMSE,0.6648159221147514,0.6638280222376245,0.1277380971405782,0.6081670981618431,0.7215081277172114,20,percentile bootstrap over scenario_id (1000 replicates),
S2,random_forest,M2,block,180.0,T+F+L,T,skill,0.17020650405788085,0.17349663640113766,0.1445511473631922,0.10982911735890208,0.23264652412461426,20,percentile bootstrap over scenario_id (1000 replicates),
S2,random_forest,M2,block,180.0,T+L,T,MAE,0.5402683828634902,0.4950076967818201,0.113000222672798,0.4889590366442741,0.5871200831541974,20,percentile bootstrap over scenario_id (1000 replicates),
S2,random_forest,M2,block,180.0,T+L,T,RMSE,0.6599962668176231,0.6585570025295182,0.12316327170439997,0.6074055289658995,0.7100663513173018,20,percentile bootstrap over scenario_id (1000 replicates),
S2,random_forest,M2,block,180.0,T+L,T,skill,0.17162742153871266,0.19108001474977654,0.13367746602267974,0.11795734060484568,0.2300783740760053,20,percentile bootstrap over scenario_id (1000 replicates),
S2,random_forest,M3,multiblock,10.0,T,T,MAE,0.5173580053618766,0.5174301091713563,0.1807801092917707,0.4403959279093885,0.5957165397475923,20,percentile bootstrap over scenario_id (1000 replicates),
S2,random_forest,M3,multiblock,10.0,T,T,RMSE,0.6293438109028621,0.6089377591818903,0.21265432013270194,0.541713512653301,0.7169101495152025,20,percentile bootstrap over scenario_id (1000 replicates),
S2,random_forest,M3,multiblock,10.0,T,T,skill,0.09533802265321718,0.15263054221903993,0.4020722609991573,-0.08629180262619374,0.25388045675039583,20,percentile bootstrap over scenario_id (1000 replicates),
S2,random_forest,M3,multiblock,10.0,T+F,T,MAE,0.5145281471353038,0.5173205892337226,0.18764899553999903,0.43262412653749704,0.5907545758796626,20,percentile bootstrap over scenario_id (1000 replicates),
S2,random_forest,M3,multiblock,10.0,T+F,T,RMSE,0.6251499590058408,0.6070963310754034,0.2197830860433193,0.5310202916051362,0.7130218921891193,20,percentile bootstrap over scenario_id (1000 replicates),
S2,random_forest,M3,multiblock,10.0,T+F,T,skill,0.11056810520678828,0.18027983791941465,0.3895547835811432,-0.05857201533018455,0.2691337255485856,20,percentile bootstrap over scenario_id (1000 replicates),
S2,random_forest,M3,multiblock,10.0,T+F+L,T,MAE,0.5214705595867244,0.5291468642375305,0.19054291682052762,0.44101330341323974,0.5997164792525309,20,percentile bootstrap over scenario_id (1000 replicates),
S2,random_forest,M3,multiblock,10.0,T+F+L,T,RMSE,0.6312485255455783,0.6217784211334754,0.22184580504870502,0.5350641299610714,0.7241855551807563,20,percentile bootstrap over scenario_id (1000 replicates),
S2,random_forest,M3,multiblock,10.0,T+F+L,T,skill,0.10010823557597495,0.1548732429346631,0.3894221138455233,-0.07653468891409648,0.2582188629362818,20,percentile bootstrap over scenario_id (1000 replicates),
S2,random_forest,M3,multiblock,10.0,T+L,T,MAE,0.5233199994169793,0.5297957294413027,0.18327887927996217,0.4490871445195557,0.6014846068850843,20,percentile bootstrap over scenario_id (1000 replicates),
S2,random_forest,M3,multiblock,10.0,T+L,T,RMSE,0.6337592803923414,0.6203293096765745,0.2142153026198824,0.5424943028526106,0.7284700611463427,20,percentile bootstrap over scenario_id (1000 replicates),
S2,random_forest,M3,multiblock,10.0,T+L,T,skill,0.08793666584146675,0.1522906390181883,0.39597268274862873,-0.09317014638161525,0.25047694112067725,20,percentile bootstrap over scenario_id (1000 replicates),
S2,random_forest,M3,multiblock,30.0,T,T,MAE,0.48058842688378595,0.46257581938974973,0.1332281182359512,0.42496906579774246,0.5397336017076624,20,percentile bootstrap over scenario_id (1000 replicates),
S2,random_forest,M3,multiblock,30.0,T,T,RMSE,0.5840127767842638,0.5750504383154199,0.1404822377029747,0.5248839380973807,0.6457329371991245,20,percentile bootstrap over scenario_id (1000 replicates),
S2,random_forest,M3,multiblock,30.0,T,T,skill,0.025658037928713233,0.13756956235220041,0.4006797169589724,-0.1496777148607951,0.18975568109410088,20,percentile bootstrap over scenario_id (1000 replicates),
S2,random_forest,M3,multiblock,30.0,T+F,T,MAE,0.4911745883657609,0.480954678994495,0.12959082107355757,0.43644375989831374,0.5441931145077364,20,percentile bootstrap over scenario_id (1000 replicates),
S2,random_forest,M3,multiblock,30.0,T+F,T,RMSE,0.5942779468881083,0.5769686670320259,0.13797110133061508,0.5337959663789963,0.6508828321703812,20,percentile bootstrap over scenario_id (1000 replicates),
S2,random_forest,M3,multiblock,30.0,T+F,T,skill,0.001967944032790797,0.10913496782126758,0.4064688146554298,-0.17874194449534525,0.17253453529307614,20,percentile bootstrap over scenario_id (1000 replicates),
S2,random_forest,M3,multiblock,30.0,T+F+L,T,MAE,0.4977869031542392,0.49258985100065195,0.132718417147528,0.4416085688021513,0.5494079869328964,20,percentile bootstrap over scenario_id (1000 replicates),
S2,random_forest,M3,multiblock,30.0,T+F+L,T,RMSE,0.6016745076905984,0.5837263330020026,0.1407321410776833,0.5389278032424205,0.6601336439516016,20,percentile bootstrap over scenario_id (1000 replicates),
S2,random_forest,M3,multiblock,30.0,T+F+L,T,skill,-0.010263011234189757,0.10137922493625023,0.4117365931398429,-0.16875206949046784,0.1591673399264869,20,percentile bootstrap over scenario_id (1000 replicates),
S2,random_forest,M3,multiblock,30.0,T+L,T,MAE,0.4856210051159156,0.47090042281251665,0.13649377794583806,0.4266528580984,0.5458883567934105,20,percentile bootstrap over scenario_id (1000 replicates),
S2,random_forest,M3,multiblock,30.0,T+L,T,RMSE,0.5881403330045264,0.577394654017112,0.14467546626976513,0.5250534221835369,0.6550619936068729,20,percentile bootstrap over scenario_id (1000 replicates),
S2,random_forest,M3,multiblock,30.0,T+L,T,skill,0.016708238284293454,0.13587760101529744,0.40563913807430885,-0.15619233358454845,0.1875795902129463,20,percentile bootstrap over scenario_id (1000 replicates),
S2,random_forest,M3,multiblock,90.0,T,T,MAE,0.4938582785938938,0.4886478007815416,0.0782592661061283,0.46097055846785434,0.5267657508705977,20,percentile bootstrap over scenario_id (1000 replicates),
S2,random_forest,M3,multiblock,90.0,T,T,RMSE,0.622207735886406,0.6095598655872799,0.10899631467068076,0.5751995983208683,0.6709510018034297,20,percentile bootstrap over scenario_id (1000 replicates),
S2,random_forest,M3,multiblock,90.0,T,T,skill,0.22292883603547126,0.19928344925172664,0.15057760336207057,0.15849841600706305,0.28823151783370266,20,percentile bootstrap over scenario_id (1000 replicates),
S2,random_forest,M3,multiblock,90.0,T+F,T,MAE,0.4941854326802842,0.49126970800437797,0.07604644996992366,0.4613929198228001,0.5268198866470635,20,percentile bootstrap over scenario_id (1000 replicates),
S2,random_forest,M3,multiblock,90.0,T+F,T,RMSE,0.623325935946736,0.6176486902489577,0.10783678827746829,0.5793815865247625,0.6686159181748182,20,percentile bootstrap over scenario_id (1000 replicates),
S2,random_forest,M3,multiblock,90.0,T+F,T,skill,0.22302807305496705,0.20634459172687553,0.14387570183358228,0.16344364599484942,0.28716765624454293,20,percentile bootstrap over scenario_id (1000 replicates),
S2,random_forest,M3,multiblock,90.0,T+F+L,T,MAE,0.5020686961632915,0.5033257116122848,0.07480172957013707,0.47161806445169296,0.5319270578492042,20,percentile bootstrap over scenario_id (1000 replicates),
S2,random_forest,M3,multiblock,90.0,T+F+L,T,RMSE,0.6316696259068798,0.6269582336391446,0.1049948648143104,0.5882360112987841,0.677781624173245,20,percentile bootstrap over scenario_id (1000 replicates),
S2,random_forest,M3,multiblock,90.0,T+F+L,T,skill,0.20990710197904444,0.18231354676027678,0.14744721912233374,0.1502758827727163,0.27430367849403336,20,percentile bootstrap over scenario_id (1000 replicates),
S2,random_forest,M3,multiblock,90.0,T+L,T,MAE,0.5002332465754276,0.49630205946965494,0.07679056499619323,0.46942152225093814,0.5336878088039436,20,percentile bootstrap over scenario_id (1000 replicates),
S2,random_forest,M3,multiblock,90.0,T+L,T,RMSE,0.6282116405425039,0.6213603891494262,0.10686636282333549,0.5818489567343635,0.6765040571383583,20,percentile bootstrap over scenario_id (1000 replicates),
S2,random_forest,M3,multiblock,90.0,T+L,T,skill,0.21277540274516643,0.19058889228477932,0.14994062536064318,0.15325136322417135,0.27597951723285225,20,percentile bootstrap over scenario_id (1000 replicates),
S2,random_forest,M3,multiblock,180.0,T,T,MAE,0.4849280750831591,0.49361601430461877,0.047071077735648795,0.46564235508480245,0.5044294928031539,20,percentile bootstrap over scenario_id (1000 replicates),
S2,random_forest,M3,multiblock,180.0,T,T,RMSE,0.6207064869094785,0.6244876969688888,0.06946666322067953,0.5913417388134311,0.6502975737265682,20,percentile bootstrap over scenario_id (1000 replicates),
S2,random_forest,M3,multiblock,180.0,T,T,skill,0.3306456677156868,0.3511422341903332,0.10014916520955926,0.2859244788105955,0.3695649957335756,20,percentile bootstrap over scenario_id (1000 replicates),
S2,random_forest,M3,multiblock,180.0,T+F,T,MAE,0.483187256359863,0.48570098306556975,0.049353753135348774,0.461761146416056,0.5051122220371008,20,percentile bootstrap over scenario_id (1000 replicates),
S2,random_forest,M3,multiblock,180.0,T+F,T,RMSE,0.6208933445971333,0.6204440943652696,0.06993491270894232,0.5910279832405391,0.6513321204947659,20,percentile bootstrap over scenario_id (1000 replicates),
S2,random_forest,M3,multiblock,180.0,T+F,T,skill,0.33286737672873423,0.3662876696250814,0.103692892257934,0.28604749169037386,0.37565762581334516,20,percentile bootstrap over scenario_id (1000 replicates),
S2,random_forest,M3,multiblock,180.0,T+F+L,T,MAE,0.4905438188698607,0.4936602993658073,0.04984377977885077,0.4703807826254031,0.5121435831341314,20,percentile bootstrap over scenario_id (1000 replicates),
S2,random_forest,M3,multiblock,180.0,T+F+L,T,RMSE,0.6282928687552202,0.6288655043230129,0.07050184005681337,0.600802220542342,0.6561849525776394,20,percentile bootstrap over scenario_id (1000 replicates),
S2,random_forest,M3,multiblock,180.0,T+F+L,T,skill,0.32294711741023757,0.3560511081404917,0.1032470836069493,0.2760437533378334,0.36432694198919297,20,percentile bootstrap over scenario_id (1000 replicates),
S2,random_forest,M3,multiblock,180.0,T+L,T,MAE,0.4906424929402289,0.4986600230719328,0.04760626486176861,0.46982541111745557,0.5103375918640203,20,percentile bootstrap over scenario_id (1000 replicates),
S2,random_forest,M3,multiblock,180.0,T+L,T,RMSE,0.6260240407774538,0.6288621730282689,0.06949973826122709,0.5977794880928397,0.656511166424392,20,percentile bootstrap over scenario_id (1000 replicates),
S2,random_forest,M3,multiblock,180.0,T+L,T,skill,0.3229228296883512,0.3446282731980052,0.10007927986393517,0.2765701840509165,0.36245237153445253,20,percentile bootstrap over scenario_id (1000 replicates),
S2,xgboost,M2,block,10.0,T,T,MAE,0.5383991408348083,0.44672694206237795,0.24815747760911264,0.4485510323047638,0.6590078236460685,20,percentile bootstrap over scenario_id (1000 replicates),
S2,xgboost,M2,block,10.0,T,T,RMSE,0.6119785657704927,0.5398512601928855,0.2594239243330505,0.5093606397442455,0.7312703044971746,20,percentile bootstrap over scenario_id (1000 replicates),
S2,xgboost,M2,block,10.0,T,T,skill,0.07689385702951557,0.15326634055681282,0.38015424922230134,-0.09572922543280561,0.22247966980359288,20,percentile bootstrap over scenario_id (1000 replicates),
S2,xgboost,M2,block,10.0,T+F,T,MAE,0.5700150704383851,0.5599332332611084,0.2627130507486952,0.46162527185678476,0.6794290424585343,20,percentile bootstrap over scenario_id (1000 replicates),
S2,xgboost,M2,block,10.0,T+F,T,RMSE,0.6433415512814451,0.6416312738219666,0.2745035451894029,0.5199713060056963,0.7455663026083144,20,percentile bootstrap over scenario_id (1000 replicates),
S2,xgboost,M2,block,10.0,T+F,T,skill,0.02735331637528655,0.14320079489737814,0.4474511496855162,-0.20398588544020954,0.1869905028669053,20,percentile bootstrap over scenario_id (1000 replicates),
S2,xgboost,M2,block,10.0,T+F+L,T,MAE,0.6125559449195863,0.6235312223434448,0.29657957291055115,0.48914368003606795,0.7509903687834739,20,percentile bootstrap over scenario_id (1000 replicates),
S2,xgboost,M2,block,10.0,T+F+L,T,RMSE,0.6774306273749489,0.704556512696686,0.30368245347613676,0.5452807421196539,0.808599944086072,20,percentile bootstrap over scenario_id (1000 replicates),
S2,xgboost,M2,block,10.0,T+F+L,T,skill,-0.052449357505791695,0.14437008272312735,0.5682793104342636,-0.3242059789726871,0.16719562480732672,20,percentile bootstrap over scenario_id (1000 replicates),
S2,xgboost,M2,block,10.0,T+L,T,MAE,0.5807291173934936,0.5587184429168701,0.27918945802097783,0.4620784699916839,0.6994992102980614,20,percentile bootstrap over scenario_id (1000 replicates),
S2,xgboost,M2,block,10.0,T+L,T,RMSE,0.645343362855387,0.6326174509861575,0.28699187132959925,0.5244701950631001,0.7634291389480253,20,percentile bootstrap over scenario_id (1000 replicates),
S2,xgboost,M2,block,10.0,T+L,T,skill,0.0036321288661134822,0.13247024705654586,0.4829056747517219,-0.21088170242050158,0.17676248223270816,20,percentile bootstrap over scenario_id (1000 replicates),
S2,xgboost,M2,block,30.0,T,T,MAE,0.5092482956250508,0.5350640535354614,0.17711285672972238,0.43417432355880725,0.5864408921599387,20,percentile bootstrap over scenario_id (1000 replicates),
S2,xgboost,M2,block,30.0,T,T,RMSE,0.6011976201054563,0.6238437307401166,0.19276464346614042,0.529228203690336,0.6881244209317093,20,percentile bootstrap over scenario_id (1000 replicates),
S2,xgboost,M2,block,30.0,T,T,skill,0.18528160383212539,0.23601266280528366,0.22117453570648907,0.08542801019430896,0.27354597838998956,20,percentile bootstrap over scenario_id (1000 replicates),
S2,xgboost,M2,block,30.0,T+F,T,MAE,0.5403416403134664,0.5581662495930989,0.1941317593221674,0.4569309577147167,0.6203054306507111,20,percentile bootstrap over scenario_id (1000 replicates),
S2,xgboost,M2,block,30.0,T+F,T,RMSE,0.6294663301178997,0.6466182197517212,0.21381842891435254,0.5365400347254934,0.712864597166193,20,percentile bootstrap over scenario_id (1000 replicates),
S2,xgboost,M2,block,30.0,T+F,T,skill,0.14092850318622582,0.13369585289793462,0.24060540585966103,0.03148520615827076,0.2424202469648707,20,percentile bootstrap over scenario_id (1000 replicates),
S2,xgboost,M2,block,30.0,T+F+L,T,MAE,0.580383776028951,0.5795472939809163,0.23485427185845817,0.48275466485818225,0.6775828142364819,20,percentile bootstrap over scenario_id (1000 replicates),
S2,xgboost,M2,block,30.0,T+F+L,T,RMSE,0.6642159395070486,0.6551321272144173,0.25304036553094733,0.5625130934408663,0.7673615471187939,20,percentile bootstrap over scenario_id (1000 replicates),
S2,xgboost,M2,block,30.0,T+F+L,T,skill,0.09010158721710484,0.1161432060297437,0.26435005945423645,-0.03359314001695851,0.19337442324155693,20,percentile bootstrap over scenario_id (1000 replicates),
S2,xgboost,M2,block,30.0,T+L,T,MAE,0.5463070154190064,0.5457524935404459,0.2170096721993513,0.44752582279841097,0.6377243079940477,20,percentile bootstrap over scenario_id (1000 replicates),
S2,xgboost,M2,block,30.0,T+L,T,RMSE,0.6324729779644335,0.6311024401290448,0.2314169431386117,0.5346153260067062,0.7311445387871568,20,percentile bootstrap over scenario_id (1000 replicates),
S2,xgboost,M2,block,30.0,T+L,T,skill,0.14298126762146549,0.22353035191945797,0.22920935035857806,0.044953703838570974,0.2400145436902336,20,percentile bootstrap over scenario_id (1000 replicates),
S2,xgboost,M2,block,90.0,T,T,MAE,0.5196253270573086,0.5091484096315172,0.1210506815922319,0.4711546981467141,0.5709374633762572,20,percentile bootstrap over scenario_id (1000 replicates),
S2,xgboost,M2,block,90.0,T,T,RMSE,0.6190446252494208,0.6057150627202721,0.12297404509425601,0.5689125438810354,0.6712262386130429,20,percentile bootstrap over scenario_id (1000 replicates),
S2,xgboost,M2,block,90.0,T,T,skill,0.2180935738730862,0.2229394286642145,0.11811763978278751,0.1663212055577981,0.26637376318602085,20,percentile bootstrap over scenario_id (1000 replicates),
S2,xgboost,M2,block,90.0,T+F,T,MAE,0.5541420478290983,0.5553269624710083,0.13348755899952658,0.49764131706953046,0.6082969438632329,20,percentile bootstrap over scenario_id (1000 replicates),
S2,xgboost,M2,block,90.0,T+F,T,RMSE,0.6515612229840507,0.6469973193873716,0.13480407909278622,0.59587557968066,0.7063516062906587,20,percentile bootstrap over scenario_id (1000 replicates),
S2,xgboost,M2,block,90.0,T+F,T,skill,0.17092780786634912,0.1707846135719241,0.11361758923870169,0.12147000059753679,0.21858200759977506,20,percentile bootstrap over scenario_id (1000 replicates),
S2,xgboost,M2,block,90.0,T+F+L,T,MAE,0.5921283724572923,0.5742158439424303,0.1592154896009219,0.5277595601810349,0.6583823597629865,20,percentile bootstrap over scenario_id (1000 replicates),
S2,xgboost,M2,block,90.0,T+F+L,T,RMSE,0.6917357144877266,0.6888276913744437,0.16237653935440566,0.6183558201430448,0.7651970546888157,20,percentile bootstrap over scenario_id (1000 replicates),
S2,xgboost,M2,block,90.0,T+F+L,T,skill,0.12386344347870785,0.10832990081911181,0.09665011901069677,0.08165633842928322,0.16769859783059965,20,percentile bootstrap over scenario_id (1000 replicates),
S2,xgboost,M2,block,90.0,T+L,T,MAE,0.5560156003634135,0.5338167481952243,0.14286611012744885,0.5007735917237071,0.6180377989543808,20,percentile bootstrap over scenario_id (1000 replicates),
S2,xgboost,M2,block,90.0,T+L,T,RMSE,0.6554304351894461,0.647172998176544,0.14435106607144316,0.5927678072113994,0.7135708199342579,20,percentile bootstrap over scenario_id (1000 replicates),
S2,xgboost,M2,block,90.0,T+L,T,skill,0.17276442320830254,0.14820551277297683,0.09732081273526033,0.1320601548819882,0.21388083874912023,20,percentile bootstrap over scenario_id (1000 replicates),
S2,xgboost,M2,block,180.0,T,T,MAE,0.51172773109542,0.47512026362948945,0.09942292935322555,0.47233493357896805,0.5533888791104157,20,percentile bootstrap over scenario_id (1000 replicates),
S2,xgboost,M2,block,180.0,T,T,RMSE,0.6106623745914954,0.5837748262598569,0.09543975721144882,0.5697264389857163,0.6536198004905055,20,percentile bootstrap over scenario_id (1000 replicates),
S2,xgboost,M2,block,180.0,T,T,skill,0.21463027238899973,0.19622419213923648,0.11727188914278458,0.1656590828804952,0.2645965161599061,20,percentile bootstrap over scenario_id (1000 replicates),
S2,xgboost,M2,block,180.0,T+F,T,MAE,0.5524781409899394,0.5205556975470649,0.10849636830153395,0.5070808053745163,0.597802404794428,20,percentile bootstrap over scenario_id (1000 replicates),
S2,xgboost,M2,block,180.0,T+F,T,RMSE,0.6497994359466035,0.6381708414340429,0.09918203430763327,0.6076377342344595,0.69205145093858,20,percentile bootstrap over scenario_id (1000 replicates),
S2,xgboost,M2,block,180.0,T+F,T,skill,0.15428127091342475,0.14031117832477213,0.11755355912515679,0.10513996530902227,0.2058263466098501,20,percentile bootstrap over scenario_id (1000 replicates),
S2,xgboost,M2,block,180.0,T+F+L,T,MAE,0.5963058408101399,0.5659724394480388,0.12416322080920873,0.5394223629699814,0.6480087158282597,20,percentile bootstrap over scenario_id (1000 replicates),
S2,xgboost,M2,block,180.0,T+F+L,T,RMSE,0.6970368828885809,0.6881710398762886,0.11373348346627554,0.6501064181448235,0.7445871968924797,20,percentile bootstrap over scenario_id (1000 replicates),
S2,xgboost,M2,block,180.0,T+F+L,T,skill,0.09090294002016926,0.10268329025503709,0.11713508843556152,0.039296628834735406,0.14281567158052608,20,percentile bootstrap over scenario_id (1000 replicates),
S2,xgboost,M2,block,180.0,T+L,T,MAE,0.5524656993812985,0.5259760803646512,0.1105536812661341,0.5069081673787699,0.6037065222958724,20,percentile bootstrap over scenario_id (1000 replicates),
S2,xgboost,M2,block,180.0,T+L,T,RMSE,0.6514642479324453,0.6415114612442951,0.10245074107970621,0.6053832524818537,0.6944576581471552,20,percentile bootstrap over scenario_id (1000 replicates),
S2,xgboost,M2,block,180.0,T+L,T,skill,0.15572991770362846,0.17848798617632372,0.1091628359328675,0.10938112299050279,0.19878050513864548,20,percentile bootstrap over scenario_id (1000 replicates),
S2,xgboost,M3,multiblock,10.0,T,T,MAE,0.47925110101699825,0.4573401212692261,0.1320878120874824,0.4225305863022805,0.5364939544200897,20,percentile bootstrap over scenario_id (1000 replicates),
S2,xgboost,M3,multiblock,10.0,T,T,RMSE,0.5748579013895821,0.5451924806346629,0.1532504672868064,0.506754801149944,0.6418003917467747,20,percentile bootstrap over scenario_id (1000 replicates),
S2,xgboost,M3,multiblock,10.0,T,T,skill,0.15641975957667964,0.2487074551580008,0.35545245067849807,-0.0008230831075158086,0.2924051646020905,20,percentile bootstrap over scenario_id (1000 replicates),
S2,xgboost,M3,multiblock,10.0,T+F,T,MAE,0.512936646938324,0.5098316907882691,0.12507838983176853,0.46240589952468875,0.564735728442669,20,percentile bootstrap over scenario_id (1000 replicates),
S2,xgboost,M3,multiblock,10.0,T+F,T,RMSE,0.605270718834839,0.5727104991131111,0.14947457406361767,0.5393732068871935,0.6687292104022826,20,percentile bootstrap over scenario_id (1000 replicates),
S2,xgboost,M3,multiblock,10.0,T+F,T,skill,0.09873538974670408,0.18321374310045924,0.35139540222755294,-0.0573489336386571,0.24136227042869332,20,percentile bootstrap over scenario_id (1000 replicates),
S2,xgboost,M3,multiblock,10.0,T+F+L,T,MAE,0.5640971779823303,0.5461107492446899,0.13456881563895184,0.5063219233751296,0.6238255529403688,20,percentile bootstrap over scenario_id (1000 replicates),
S2,xgboost,M3,multiblock,10.0,T+F+L,T,RMSE,0.6594462309090086,0.6108535783600841,0.15588516326291316,0.590577605929453,0.724612025595704,20,percentile bootstrap over scenario_id (1000 replicates),
S2,xgboost,M3,multiblock,10.0,T+F+L,T,skill,0.011842543271079576,0.08300034895108965,0.36673054947315725,-0.14823834043701503,0.15710905520693277,20,percentile bootstrap over scenario_id (1000 replicates),
S2,xgboost,M3,multiblock,10.0,T+L,T,MAE,0.5259433722496032,0.5110993623733521,0.12897466800689233,0.47236348193883904,0.5795448988676072,20,percentile bootstrap over scenario_id (1000 replicates),
S2,xgboost,M3,multiblock,10.0,T+L,T,RMSE,0.6176552877585382,0.5944897672871419,0.15168034079256143,0.5556796637320682,0.6851412042764152,20,percentile bootstrap over scenario_id (1000 replicates),
S2,xgboost,M3,multiblock,10.0,T+L,T,skill,0.07517164073864616,0.15056311534988798,0.3583553334294262,-0.08646343521229925,0.21351821364328155,20,percentile bootstrap over scenario_id (1000 replicates),
S2,xgboost,M3,multiblock,30.0,T,T,MAE,0.47881099224090573,0.45651296774546307,0.11134587280216514,0.43300881290435805,0.527256077170372,20,percentile bootstrap over scenario_id (1000 replicates),
S2,xgboost,M3,multiblock,30.0,T,T,RMSE,0.5747606753181209,0.5527809763356542,0.12022260573501652,0.5262868242203714,0.6259341106675277,20,percentile bootstrap over scenario_id (1000 replicates),
S2,xgboost,M3,multiblock,30.0,T,T,skill,0.021086033714010216,0.1617967099385486,0.3973883607651109,-0.156173147971583,0.18559738420876198,20,percentile bootstrap over scenario_id (1000 replicates),
S2,xgboost,M3,multiblock,30.0,T+F,T,MAE,0.5286114033063252,0.5199978113174438,0.13541789214015673,0.47454531878232964,0.585280626952648,20,percentile bootstrap over scenario_id (1000 replicates),
S2,xgboost,M3,multiblock,30.0,T+F,T,RMSE,0.6229498272663134,0.6187682068960831,0.14409778046633373,0.562971053639953,0.685723405132065,20,percentile bootstrap over scenario_id (1000 replicates),
S2,xgboost,M3,multiblock,30.0,T+F,T,skill,-0.07384319585722043,0.026189886064232504,0.43856446078012223,-0.25900570485196084,0.0947339100807093,20,percentile bootstrap over scenario_id (1000 replicates),
S2,xgboost,M3,multiblock,30.0,T+F+L,T,MAE,0.5833996558189393,0.5789820988972982,0.1802054491349785,0.50434052246809,0.659802858988444,20,percentile bootstrap over scenario_id (1000 replicates),
S2,xgboost,M3,multiblock,30.0,T+F+L,T,RMSE,0.681279908930536,0.6625409036049129,0.1885651159568364,0.601374631527747,0.7656961693744917,20,percentile bootstrap over scenario_id (1000 replicates),
S2,xgboost,M3,multiblock,30.0,T+F+L,T,skill,-0.16882541463472545,-0.04293086614557573,0.48316160753484505,-0.39880459771618143,0.022790760389764395,20,percentile bootstrap over scenario_id (1000 replicates),
S2,xgboost,M3,multiblock,30.0,T+L,T,MAE,0.5309715366363525,0.510969591140747,0.15227170741527513,0.4680428650379181,0.6053357760310172,20,percentile bootstrap over scenario_id (1000 replicates),
S2,xgboost,M3,multiblock,30.0,T+L,T,RMSE,0.6262626557609036,0.5964927590431655,0.16044598093159984,0.5547581886422652,0.6890736849588764,20,percentile bootstrap over scenario_id (1000 replicates),
S2,xgboost,M3,multiblock,30.0,T+L,T,skill,-0.06957566157245779,0.02502559095113588,0.4324405641911187,-0.2670128072489761,0.1129824069273372,20,percentile bootstrap over scenario_id (1000 replicates),
S2,xgboost,M3,multiblock,90.0,T,T,MAE,0.47192351606157096,0.4622973971896701,0.0790014665970642,0.44028805828094475,0.5043507230679194,20,percentile bootstrap over scenario_id (1000 replicates),
S2,xgboost,M3,multiblock,90.0,T,T,RMSE,0.5788473477989811,0.5761160536696639,0.09102301903042426,0.541525045256335,0.6185406638879445,20,percentile bootstrap over scenario_id (1000 replicates),
S2,xgboost,M3,multiblock,90.0,T,T,skill,0.25816592398512134,0.279899770662939,0.15253983704582397,0.19379586582288735,0.32503900765142285,20,percentile bootstrap over scenario_id (1000 replicates),
S2,xgboost,M3,multiblock,90.0,T+F,T,MAE,0.5261525503794352,0.5092639790640937,0.08657761520658534,0.48919196117586555,0.5659763752950562,20,percentile bootstrap over scenario_id (1000 replicates),
S2,xgboost,M3,multiblock,90.0,T+F,T,RMSE,0.635240346557903,0.617021035930921,0.09077034600433098,0.5955005133803822,0.6739096564940071,20,percentile bootstrap over scenario_id (1000 replicates),
S2,xgboost,M3,multiblock,90.0,T+F,T,skill,0.17250523379706484,0.19706664889869618,0.17143974940426632,0.10013158805878657,0.24856432920877022,20,percentile bootstrap over scenario_id (1000 replicates),
S2,xgboost,M3,multiblock,90.0,T+F+L,T,MAE,0.5985717948277791,0.5579902860853407,0.11932706480509232,0.5468075542052586,0.6500241664184464,20,percentile bootstrap over scenario_id (1000 replicates),
S2,xgboost,M3,multiblock,90.0,T+F+L,T,RMSE,0.7137385388921876,0.6753038305653263,0.11778679519162456,0.6654350770188718,0.7640232702932075,20,percentile bootstrap over scenario_id (1000 replicates),
S2,xgboost,M3,multiblock,90.0,T+F+L,T,skill,0.0640458853672334,0.06964568344806127,0.1952275313563131,-0.019877622268677755,0.15434613792152835,20,percentile bootstrap over scenario_id (1000 replicates),
S2,xgboost,M3,multiblock,90.0,T+L,T,MAE,0.5392837765481737,0.5000458161036174,0.10484805736115571,0.49566029693020713,0.5838326581782766,20,percentile bootstrap over scenario_id (1000 replicates),
S2,xgboost,M3,multiblock,90.0,T+L,T,RMSE,0.6478509159250658,0.604400263384403,0.11106469181288933,0.6046704339339124,0.6980015986334694,20,percentile bootstrap over scenario_id (1000 replicates),
S2,xgboost,M3,multiblock,90.0,T+L,T,skill,0.15777605539196368,0.18537009998370296,0.1670623753386849,0.08345978802640934,0.22924206025664456,20,percentile bootstrap over scenario_id (1000 replicates),
S2,xgboost,M3,multiblock,180.0,T,T,MAE,0.485988685687383,0.4845400518841214,0.0422042141241871,0.4681847194830577,0.504802279104789,20,percentile bootstrap over scenario_id (1000 replicates),
S2,xgboost,M3,multiblock,180.0,T,T,RMSE,0.6011739640090012,0.6016059761909293,0.04884769537567096,0.5799827568738978,0.6223670114296213,20,percentile bootstrap over scenario_id (1000 replicates),
S2,xgboost,M3,multiblock,180.0,T,T,skill,0.3306532870114479,0.3412085941930906,0.08236623144521545,0.2925664883799458,0.3642046377891471,20,percentile bootstrap over scenario_id (1000 replicates),
S2,xgboost,M3,multiblock,180.0,T+F,T,MAE,0.5336711272928449,0.5221406459808349,0.05012940567054053,0.5143017735977967,0.5552718992829322,20,percentile bootstrap over scenario_id (1000 replicates),
S2,xgboost,M3,multiblock,180.0,T+F,T,RMSE,0.6517585827697365,0.656552822476187,0.05246476858616703,0.6294269211236552,0.6746277772839564,20,percentile bootstrap over scenario_id (1000 replicates),
S2,xgboost,M3,multiblock,180.0,T+F,T,skill,0.26611159380029364,0.27741038865607537,0.08360470332074355,0.2314386273891879,0.30070676086530107,20,percentile bootstrap over scenario_id (1000 replicates),
S2,xgboost,M3,multiblock,180.0,T+F+L,T,MAE,0.6015504784054226,0.5947813100285,0.07157708913579651,0.5704227016237047,0.6310204192333752,20,percentile bootstrap over scenario_id (1000 replicates),
S2,xgboost,M3,multiblock,180.0,T+F+L,T,RMSE,0.7279790223567872,0.7378371657491023,0.06881164726118001,0.7003001644303858,0.7587299034949543,20,percentile bootstrap over scenario_id (1000 replicates),
S2,xgboost,M3,multiblock,180.0,T+F+L,T,skill,0.17542774299055264,0.1931080076179884,0.08709686631830323,0.13551502160048637,0.21160872722941373,20,percentile bootstrap over scenario_id (1000 replicates),
S2,xgboost,M3,multiblock,180.0,T+L,T,MAE,0.5484147152635785,0.541404308213128,0.05530966052125933,0.5264166943596469,0.5719715205762121,20,percentile bootstrap over scenario_id (1000 replicates),
S2,xgboost,M3,multiblock,180.0,T+L,T,RMSE,0.6673332975087279,0.6706361760963635,0.05824468864379329,0.6439271707036693,0.6925663109154064,20,percentile bootstrap over scenario_id (1000 replicates),
S2,xgboost,M3,multiblock,180.0,T+L,T,skill,0.24713350956937824,0.2513680220272451,0.07739553341479191,0.21174214836314986,0.2783099396255508,20,percentile bootstrap over scenario_id (1000 replicates),
