date,05406460,05406470,05406491
1984-11-29,,4.7,7.2
1984-11-30,,3.9,6.6
1984-12-01,,2.2,5.9
1984-12-02,,2.2,5.8
1984-12-03,,-0.1,3.8
1984-12-04,,-0.1,3.4
1984-12-05,,-0.2,3.9
1984-12-06,,-0.2,2.3
1984-12-07,,-0.1,3.8
1984-12-08,,-0.1,5.6
1984-12-09,,-0.2,6.0
1984-12-10,,1.0,6.1
1984-12-11,,2.3,6.2
1984-12-12,,3.7,6.6
1984-12-13,,1.9,5.4
1984-12-14,,0.3,4.8
1984-12-15,,2.9,6.1
1984-12-16,,4.8,5.5
1984-12-17,,2.4,5.0
1984-12-18,,-0.1,3.6
1984-12-19,,0.3,4.7
1984-12-20,,0.0,4.3
1984-12-21,,0.7,4.7
1984-12-22,,0.1,3.1
1984-12-23,,0.0,4.1
1984-12-24,,-0.2,1.9
1984-12-25,,-0.1,1.4
1984-12-26,,0.0,2.3
1984-12-27,,0.0,5.6
1984-12-28,,2.2,3.7
1984-12-29,,3.5,3.9
1984-12-30,,0.0,3.3
1984-12-31,,0.0,3.1
1985-01-01,,0.0,2.2
1985-01-02,,0.0,1.4
1985-01-03,3.3,0.0,1.4
1985-01-04,4.0,0.0,3.1
1985-01-05,4.9,0.0,5.1
1985-01-06,5.1,0.0,5.0
1985-01-07,5.2,0.5,5.1
1985-01-08,4.7,1.2,4.2
1985-01-09,4.2,0.0,3.4
1985-01-10,4.7,0.3,4.0
1985-01-11,4.3,0.5,3.4
1985-01-12,3.6,0.0,2.5
1985-01-13,4.2,0.0,3.4
1985-01-14,4.2,0.0,3.5
1985-01-15,3.7,0.0,2.3
1985-01-16,4.2,0.0,3.4
1985-01-17,4.4,0.0,3.8
1985-01-18,4.6,0.0,3.8
1985-01-19,,0.0,0.4
1985-01-20,,0.0,0.1
1985-01-21,4.7,0.0,2.2
1985-01-22,5.1,0.0,3.7
1985-01-23,5.5,0.0,4.5
1985-01-24,5.8,0.0,5.0
1985-01-25,4.1,0.0,2.0
1985-01-26,4.9,0.0,2.5
1985-01-27,5.7,0.0,4.4
1985-01-28,5.1,0.0,2.9
1985-01-29,5.5,0.0,3.5
1985-01-30,6.0,0.2,4.5
1985-01-31,4.3,0.1,1.4
1985-02-01,4.6,0.0,1.2
1985-02-02,4.9,-0.1,1.6
1985-02-03,5.4,0.0,2.6
1985-02-04,5.5,0.0,2.7
1985-02-05,6.3,0.0,4.3
1985-02-06,6.1,0.0,4.5
1985-02-07,5.6,0.0,3.2
1985-02-08,5.7,0.0,2.6
1985-02-09,6.2,0.2,3.8
1985-02-10,7.0,0.7,5.1
1985-02-11,6.5,0.4,4.1
1985-02-12,5.6,0.0,3.0
1985-02-13,5.9,0.0,3.5
1985-02-14,5.4,0.0,2.7
1985-02-15,6.1,-0.2,3.0
1985-02-16,6.6,-0.1,4.4
1985-02-17,6.8,0.9,5.3
1985-02-18,7.0,1.2,5.3
1985-02-19,7.0,0.7,4.8
1985-02-20,7.8,1.7,6.1
1985-02-21,4.8,0.0,3.4
1985-02-22,2.7,0.0,2.0
1985-02-23,2.9,0.0,1.9
1985-02-24,3.3,0.6,2.2
1985-02-25,5.1,1.7,3.9
1985-02-26,5.9,2.2,4.6
1985-02-27,6.2,2.1,4.8
1985-02-28,6.7,3.3,5.7
1985-03-01,,4.2,6.1
1985-03-02,,3.4,5.9
1985-03-03,,0.3,4.1
1985-03-04,,0.0,3.6
1985-03-05,,2.8,4.5
1985-03-06,5.7,3.9,5.0
1985-03-07,6.5,2.3,6.4
1985-03-08,6.6,2.5,6.1
1985-03-09,6.3,5.9,5.1
1985-03-10,6.6,4.2,6.6
1985-03-11,6.5,4.9,6.2
1985-03-12,6.6,5.4,6.4
1985-03-13,6.3,6.1,5.9
1985-03-14,7.0,4.6,6.8
1985-03-15,7.4,7.1,7.2
1985-03-16,7.4,7.2,6.9
1985-03-17,7.6,6.1,6.6
1985-03-18,7.9,7.8,7.2
1985-03-19,8.7,6.9,8.5
1985-03-20,8.4,3.0,7.9
1985-03-21,8.3,3.6,7.9
1985-03-22,8.6,7.5,8.2
1985-03-23,8.0,10.8,7.0
1985-03-24,7.3,8.8,6.3
1985-03-25,8.7,13.0,8.2
1985-03-26,9.4,7.8,9.4
1985-03-27,10.6,7.8,10.6
1985-03-28,9.1,5.2,8.4
1985-03-29,9.2,2.8,8.7
1985-03-30,7.7,2.3,6.5
1985-03-31,6.1,5.9,5.1
1985-04-01,6.9,7.2,6.6
1985-04-02,7.7,9.4,7.6
1985-04-03,9.2,5.1,8.9
1985-04-04,7.2,4.4,6.3
1985-04-05,,3.7,5.8
1985-04-06,,6.5,6.6
1985-04-07,,7.0,7.3
1985-04-08,,5.3,6.8
1985-04-09,,6.3,7.9
1985-04-10,,8.9,9.5
1985-04-11,,10.4,10.4
1985-04-12,,12.9,12.0
1985-04-13,11.8,12.8,11.7
1985-04-14,11.6,12.1,11.4
1985-04-15,12.0,12.8,11.7
1985-04-16,11.3,11.6,11.2
1985-04-17,12.1,12.6,11.9
1985-04-18,13.6,17.4,14.5
1985-04-19,14.6,18.5,15.1
1985-04-20,,18.4,15.0
1985-04-21,14.7,17.8,14.5
1985-04-22,14.4,17.3,14.6
1985-04-23,14.0,16.8,14.4
1985-04-24,12.3,13.3,12.1
1985-04-25,11.7,12.2,11.5
1985-04-26,12.4,14.4,12.6
1985-04-27,11.1,11.1,10.8
1985-04-28,12.3,14.1,12.4
1985-04-29,12.6,14.9,12.6
1985-04-30,12.7,15.6,13.0
1985-05-01,12.4,14.8,12.5
1985-05-02,11.9,13.6,11.9
1985-05-03,,12.5,11.4
1985-05-04,,15.4,13.3
1985-05-05,,14.8,12.7
1985-05-06,,16.4,13.5
1985-05-07,,15.0,12.6
1985-05-08,12.5,16.4,13.2
1985-05-09,13.4,17.5,14.2
1985-05-10,14.7,18.4,14.6
1985-05-11,14.4,17.2,14.1
1985-05-12,14.0,16.0,13.7
1985-05-13,13.4,15.1,12.7
1985-05-14,14.5,17.7,14.3
1985-05-15,13.6,14.9,12.9
1985-05-16,13.0,13.8,12.3
1985-05-17,13.6,16.0,13.2
1985-05-18,14.0,17.0,13.4
1985-05-19,14.5,17.5,14.0
1985-05-20,14.7,18.2,14.0
1985-05-21,13.9,16.3,13.0
1985-05-22,14.0,16.4,13.0
1985-05-23,14.4,18.0,13.7
1985-05-24,15.1,19.7,14.2
1985-05-25,,19.6,14.5
1985-05-26,,20.6,15.0
1985-05-27,13.8,16.5,13.3
1985-05-28,14.7,16.5,13.4
1985-05-29,14.7,17.2,13.5
1985-05-30,13.7,18.0,13.7
1985-05-31,14.1,17.4,13.9
1985-06-01,16.3,17.8,14.1
1985-06-02,15.0,18.1,13.6
1985-06-03,14.6,17.0,13.3
1985-06-04,13.6,15.5,12.1
1985-06-05,14.7,17.3,13.9
1985-06-06,14.3,17.6,13.3
1985-06-07,14.9,18.5,14.0
1985-06-08,16.4,21.7,15.6
1985-06-09,15.4,21.5,15.1
1985-06-10,13.0,17.6,12.9
1985-06-11,12.5,15.9,12.5
1985-06-12,12.7,14.1,11.8
1985-06-13,13.9,14.7,12.5
1985-06-14,14.3,16.1,13.2
1985-06-15,14.5,17.2,13.3
1985-06-16,14.4,17.0,13.2
1985-06-17,15.4,18.6,14.6
1985-06-18,14.1,16.8,13.1
1985-06-19,14.0,16.1,13.0
1985-06-20,14.2,16.8,13.6
1985-06-21,14.4,18.9,14.7
1985-06-22,15.2,19.0,15.7
1985-06-23,15.0,20.1,15.4
1985-06-24,15.3,19.8,14.7
1985-06-25,16.6,20.2,15.1
1985-06-26,17.5,22.1,16.0
1985-06-27,17.7,22.3,15.7
1985-06-28,15.7,17.9,14.0
1985-06-29,16.2,17.7,15.2
1985-06-30,16.9,19.1,15.5
1985-07-01,17.0,19.4,15.1
1985-07-02,17.0,19.9,15.4
1985-07-03,16.5,19.3,14.9
1985-07-04,16.8,20.6,15.9
1985-07-05,14.0,18.9,14.4
1985-07-06,13.2,19.2,15.2
1985-07-07,13.1,20.4,15.6
1985-07-08,15.1,21.1,15.3
1985-07-09,15.1,20.4,15.2
1985-07-10,14.6,20.0,15.1
1985-07-11,15.4,20.1,15.2
1985-07-12,16.8,19.5,14.6
1985-07-13,16.8,19.9,15.2
1985-07-14,16.2,21.6,16.0
1985-07-15,14.8,20.4,15.3
1985-07-16,14.0,18.8,14.7
1985-07-17,14.2,18.8,15.1
1985-07-18,15.4,19.6,15.6
1985-07-19,17.1,20.5,15.4
1985-07-20,15.2,19.2,15.0
1985-07-21,14.5,19.7,15.6
1985-07-22,14.0,18.3,14.7
1985-07-23,13.9,17.5,14.4
1985-07-24,15.3,18.7,15.3
1985-07-25,21.2,21.7,22.3
1985-07-26,20.1,21.2,17.7
1985-07-27,18.7,20.0,15.7
1985-07-28,18.6,18.6,15.9
1985-07-29,18.0,18.9,15.7
1985-07-30,16.5,16.0,13.6
1985-07-31,15.1,16.6,13.9
1985-08-01,15.1,15.7,14.3
1985-08-02,15.4,17.9,14.2
1985-08-03,15.6,18.3,14.5
1985-08-04,14.6,17.3,13.4
1985-08-05,15.8,20.5,15.5
1985-08-06,15.9,21.4,15.4
1985-08-07,15.9,20.0,15.8
1985-08-08,15.0,19.5,14.8
1985-08-09,15.1,22.2,15.7
1985-08-10,14.7,19.5,15.8
1985-08-11,13.5,19.1,14.3
1985-08-12,,21.5,
1985-08-13,,20.5,
1985-08-14,,18.7,
1985-08-15,,18.2,
1985-08-16,,19.2,
1985-08-17,,18.7,
1985-08-18,,18.4,
1985-08-19,,15.8,
1985-08-20,,15.2,13.2
1985-08-21,14.3,15.7,12.9
1985-08-22,14.1,15.8,12.6
1985-08-23,14.2,16.2,
1985-08-24,13.8,15.8,
1985-08-25,14.5,16.2,
1985-08-26,14.8,17.1,
1985-08-27,14.5,16.8,
1985-08-28,13.6,16.9,
1985-08-29,12.8,16.4,13.4
1985-08-30,12.8,16.2,12.9
1985-08-31,13.0,16.3,13.2
1985-09-01,13.2,17.7,13.7
1985-09-02,13.0,16.5,13.8
1985-09-03,14.4,19.7,15.5
1985-09-04,13.8,20.1,14.3
1985-09-05,15.6,20.1,16.1
1985-09-06,,20.0,15.9
1985-09-07,16.4,21.2,16.0
1985-09-08,14.8,19.6,15.0
1985-09-09,,18.5,17.9
1985-09-10,,17.1,15.4
1985-09-11,,16.1,13.2
1985-09-12,,14.7,11.6
1985-09-13,,14.3,11.1
1985-09-14,,13.7,10.6
1985-09-15,,13.9,10.7
1985-09-16,,15.0,11.4
1985-09-17,,16.8,12.3
1985-09-18,,19.2,13.3
1985-09-19,,20.7,13.5
1985-09-20,,18.4,12.2
1985-09-21,,14.3,10.7
1985-09-22,,15.4,11.9
1985-09-23,,15.6,12.4
1985-09-24,,12.1,10.7
1985-09-25,10.8,10.6,10.1
1985-09-26,11.1,11.9,10.8
1985-09-27,11.3,11.7,10.7
1985-09-28,12.0,12.8,11.5
1985-09-29,12.1,13.7,11.6
1985-09-30,11.3,12.3,11.3
1985-10-01,10.5,10.7,10.8
1985-10-02,10.5,10.0,10.6
1985-10-03,11.0,11.5,11.1
1985-10-04,11.0,12.2,11.2
1985-10-05,10.5,10.5,10.4
1985-10-06,10.0,9.7,10.2
1985-10-07,10.5,10.5,10.6
1985-10-08,11.5,12.4,11.6
1985-10-09,10.0,10.6,10.3
1985-10-10,9.5,9.7,10.3
1985-10-11,9.5,9.8,10.2
1985-10-12,11.0,12.1,11.5
1985-10-13,11.0,12.8,11.6
1985-10-14,10.5,11.8,10.9
1985-10-15,10.5,11.1,10.6
1985-10-16,10.0,9.4,9.9
1985-10-17,10.0,10.3,10.4
1985-10-18,11.0,12.0,11.1
1985-10-19,11.0,11.6,11.0
1985-10-20,11.0,11.1,10.7
1985-10-21,11.0,11.4,10.7
1985-10-22,11.0,11.8,11.0
1985-10-23,11.5,12.6,11.3
1985-10-24,11.5,12.1,11.1
1985-10-25,10.0,9.6,9.9
1985-10-26,11.0,11.0,10.6
1985-10-27,10.5,10.1,9.8
1985-10-28,9.5,8.4,9.1
1985-10-29,10.0,8.6,9.3
1985-10-30,9.5,8.4,9.1
1985-10-31,9.5,8.3,9.0
1985-11-01,10.0,9.6,9.5
1985-11-02,9.0,8.7,8.7
1985-11-03,8.5,7.6,8.3
1985-11-04,9.0,7.7,8.3
1985-11-05,8.5,6.2,7.7
1985-11-06,9.0,7.0,8.1
1985-11-07,8.5,6.8,7.9
1985-11-08,8.0,5.4,7.4
1985-11-09,7.0,2.0,6.1
1985-11-10,6.5,1.4,5.9
1985-11-11,7.0,2.4,6.3
1985-11-12,8.0,4.7,7.1
1985-11-13,7.5,4.6,6.7
1985-11-14,7.0,4.5,6.7
1985-11-15,7.0,4.5,6.8
1985-11-16,6.5,4.6,6.5
1985-11-17,7.5,5.6,7.3
1985-11-18,9.0,8.1,8.7
1985-11-19,8.5,8.0,8.1
1985-11-20,5.5,0.7,4.9
1985-11-21,6.0,1.0,5.0
1985-11-22,6.5,1.8,5.5
1985-11-23,6.0,1.4,5.1
1985-11-24,5.0,0.0,4.3
1985-11-25,6.0,0.6,5.0
1985-11-26,6.5,2.9,5.8
1985-11-27,5.5,0.4,4.7
1985-11-28,6.0,0.9,5.1
1985-11-29,5.0,0.0,3.9
1985-11-30,6.0,0.0,5.1
1985-12-01,4.5,0.0,3.7
1985-12-02,3.5,0.0,2.7
1985-12-03,4.0,0.0,3.2
1985-12-04,5.0,0.0,4.5
1985-12-05,5.5,0.0,4.5
1985-12-06,4.5,0.0,3.7
1985-12-07,5.0,-0.2,4.6
1985-12-08,5.5,0.4,4.6
1985-12-09,5.5,1.8,5.4
1985-12-10,5.5,2.1,5.5
1985-12-11,5.0,1.3,4.7
1985-12-12,4.0,0.0,3.1
1985-12-13,3.5,0.0,2.5
1985-12-14,4.5,0.0,2.5
1985-12-15,4.0,0.0,3.8
1985-12-16,3.5,0.0,3.2
1985-12-17,3.0,0.0,2.4
1985-12-18,3.5,0.0,2.3
1985-12-19,,0.0,2.3
1985-12-20,,0.0,2.4
1985-12-21,,0.0,2.8
1985-12-22,,0.0,4.7
1985-12-23,,0.0,4.8
1985-12-24,,0.0,2.3
1985-12-25,,0.0,2.0
1985-12-26,,0.0,2.9
1985-12-27,,0.0,2.9
1985-12-28,,0.0,3.0
1985-12-29,,0.0,3.3
1985-12-30,,0.0,3.8
1985-12-31,,0.0,3.7
1986-01-01,5.0,0.0,4.2
1986-01-02,5.0,0.0,3.9
1986-01-03,5.5,-0.2,4.6
1986-01-04,5.0,-0.2,4.3
1986-01-05,4.0,-0.2,3.4
1986-01-06,3.5,-0.2,2.7
1986-01-07,3.5,-0.2,1.8
1986-01-08,3.5,-0.2,2.2
1986-01-09,4.5,-0.2,3.6
1986-01-10,5.5,-0.1,4.7
1986-01-11,6.0,0.0,5.0
1986-01-12,4.0,0.0,3.8
1986-01-13,4.5,0.0,3.1
1986-01-14,5.0,0.0,
1986-01-15,4.5,0.0,4.4
1986-01-16,5.5,0.0,4.4
1986-01-17,6.5,1.5,5.5
1986-01-18,6.5,2.6,5.7
1986-01-19,6.0,2.8,5.4
1986-01-20,6.0,2.6,5.4
1986-01-21,6.0,2.7,5.7
1986-01-22,5.5,1.7,4.4
1986-01-23,5.0,0.6,3.9
1986-01-24,5.5,1.5,4.7
1986-01-25,5.5,1.0,4.1
1986-01-26,3.5,-0.2,1.0
1986-01-27,3.5,0.0,1.3
1986-01-28,4.0,-0.2,3.2
1986-01-29,3.5,-0.2,2.5
1986-01-30,4.5,-0.2,3.6
1986-01-31,5.0,0.6,4.4
1986-02-01,6.0,1.8,5.3
1986-02-02,6.5,3.2,5.8
1986-02-03,6.5,3.0,5.5
1986-02-04,5.5,0.8,4.1
1986-02-05,5.0,1.1,3.3
1986-02-06,5.0,1.1,3.5
1986-02-07,4.5,1.4,4.2
1986-02-08,4.5,2.3,4.4
1986-02-09,3.5,-0.1,2.3
1986-02-10,3.5,0.0,2.1
1986-02-11,4.0,0.0,2.2
1986-02-12,4.0,-0.2,2.2
1986-02-13,4.0,-0.2,2.3
1986-02-14,5.0,-0.2,3.6
1986-02-15,4.5,0.6,3.1
1986-02-16,5.5,2.4,
1986-02-17,6.0,3.4,
1986-02-18,6.5,3.2,
1986-02-19,6.5,4.3,5.9
1986-02-20,5.5,2.1,4.1
1986-02-21,5.0,0.5,3.6
1986-02-22,5.0,0.9,4.2
1986-02-23,5.5,1.4,4.3
1986-02-24,6.0,2.1,3.5
1986-02-25,5.5,2.3,3.5
1986-02-26,6.0,1.9,4.3
1986-02-27,6.0,1.0,3.2
1986-02-28,5.0,2.2,3.1
1986-03-01,6.0,3.6,4.0
1986-03-02,6.5,4.3,5.7
1986-03-03,7.0,3.6,5.4
1986-03-04,6.5,2.0,5.2
1986-03-05,5.5,0.8,4.4
1986-03-06,5.0,0.0,3.4
1986-03-07,4.5,0.6,2.6
1986-03-08,5.5,1.9,4.5
1986-03-09,7.0,4.2,5.7
1986-03-10,4.5,1.0,2.7
1986-03-11,4.5,3.3,2.9
1986-03-12,4.5,2.9,3.2
1986-03-13,5.5,3.9,3.6
1986-03-14,5.5,3.7,3.7
1986-03-15,5.5,3.9,4.0
1986-03-16,6.0,4.5,3.7
1986-03-17,5.5,3.9,3.5
1986-03-18,4.0,2.2,2.2
1986-03-19,4.0,2.0,2.7
1986-03-20,4.0,2.0,3.4
1986-03-21,6.0,3.3,4.8
1986-03-22,7.0,4.5,5.2
1986-03-23,7.5,5.7,6.2
1986-03-24,7.0,4.9,5.7
1986-03-25,9.5,9.5,8.9
1986-03-26,9.5,9.0,9.0
1986-03-27,8.5,7.1,8.3
1986-03-28,10.0,10.5,10.5
1986-03-29,11.5,13.1,13.2
1986-03-30,11.0,12.1,12.3
1986-03-31,11.5,12.0,12.5
1986-04-01,11.0,11.7,11.2
1986-04-02,10.0,9.2,10.0
1986-04-03,8.5,6.7,8.6
1986-04-04,9.5,8.5,10.7
1986-04-05,10.5,10.6,11.2
1986-04-06,10.0,9.3,10.1
1986-04-07,10.5,10.7,11.6
1986-04-08,9.5,7.8,9.5
1986-04-09,9.5,8.4,9.5
1986-04-10,9.5,8.9,8.7
1986-04-11,10.0,9.8,9.7
1986-04-12,9.0,7.1,8.7
1986-04-13,9.5,9.1,10.3
1986-04-14,8.5,6.1,8.2
1986-04-15,8.5,6.6,8.2
1986-04-16,9.5,8.9,9.9
1986-04-17,9.5,10.2,10.5
1986-04-18,10.0,10.3,10.6
1986-04-19,10.5,11.1,10.8
1986-04-20,10.5,10.5,10.6
1986-04-21,9.5,7.8,8.1
1986-04-22,10.0,8.3,8.9
1986-04-23,10.5,9.4,10.0
1986-04-24,11.5,13.0,12.0
1986-04-25,12.0,14.5,13.1
1986-04-26,13.0,16.0,14.0
1986-04-27,13.5,16.8,14.5
1986-04-28,12.0,12.5,11.7
1986-04-29,12.0,13.4,12.1
1986-04-30,12.0,13.6,12.4
1986-05-01,11.5,11.3,11.0
1986-05-02,11.0,11.7,11.1
1986-05-03,11.5,12.4,11.4
1986-05-04,12.0,14.5,13.1
1986-05-05,12.5,14.9,13.2
1986-05-06,13.5,17.7,14.5
1986-05-07,12.5,14.9,12.7
1986-05-08,12.0,15.0,12.9
1986-05-09,12.5,15.0,13.3
1986-05-10,12.5,15.5,13.4
1986-05-11,12.0,13.7,12.4
1986-05-12,12.5,14.8,13.3
1986-05-13,12.0,13.2,12.1
1986-05-14,12.0,14.2,13.1
1986-05-15,12.5,13.0,12.4
1986-05-16,13.0,15.4,13.7
1986-05-17,13.0,13.5,13.1
1986-05-18,13.5,13.8,13.0
1986-05-19,12.0,11.8,11.7
1986-05-20,12.0,13.0,12.0
1986-05-21,12.5,13.8,12.3
1986-05-22,11.5,12.1,11.5
1986-05-23,12.0,13.3,12.0
1986-05-24,12.0,13.2,12.0
1986-05-25,13.0,15.9,13.4
1986-05-26,13.0,15.0,12.8
1986-05-27,13.0,14.6,12.7
1986-05-28,13.5,15.8,13.2
1986-05-29,14.0,17.2,13.7
1986-05-30,15.5,18.8,14.6
1986-05-31,15.5,19.1,15.0
1986-06-01,15.0,16.9,13.8
1986-06-02,13.5,15.1,13.2
1986-06-03,13.5,16.0,14.7
1986-06-04,14.5,17.6,
1986-06-05,13.5,14.9,13.4
1986-06-06,12.0,14.6,13.0
1986-06-07,13.0,17.0,14.2
1986-06-08,14.5,18.6,14.7
1986-06-09,14.0,18.0,14.6
1986-06-10,13.5,16.8,14.4
1986-06-11,13.5,18.6,15.9
1986-06-12,13.0,15.5,13.7
1986-06-13,12.5,16.3,14.2
1986-06-14,11.5,14.2,12.7
1986-06-15,11.5,14.7,13.3
1986-06-16,13.5,18.8,15.4
1986-06-17,13.0,17.3,14.7
1986-06-18,13.5,17.8,14.7
1986-06-19,14.5,19.9,15.4
1986-06-20,13.5,20.3,15.2
1986-06-21,14.5,20.9,15.9
1986-06-22,15.0,19.9,15.7
1986-06-23,15.0,19.0,15.2
1986-06-24,14.0,16.8,14.1
1986-06-25,13.5,16.1,14.2
1986-06-26,15.0,19.4,16.0
1986-06-27,15.5,20.5,16.7
1986-06-28,14.0,19.0,14.5
1986-06-29,15.0,18.3,15.0
1986-06-30,14.0,16.0,13.1
1986-07-01,13.0,15.1,12.7
1986-07-02,14.0,17.2,14.4
1986-07-03,14.0,17.9,14.4
1986-07-04,15.0,20.0,16.1
1986-07-05,16.5,22.3,17.2
1986-07-06,16.5,22.3,15.7
1986-07-07,15.0,18.3,14.2
1986-07-08,15.5,18.7,15.2
1986-07-09,16.5,20.1,15.5
1986-07-10,15.0,17.0,13.9
1986-07-11,16.5,17.8,16.1
1986-07-12,17.5,18.8,15.5
1986-07-13,17.5,18.9,14.0
1986-07-14,16.5,18.4,
1986-07-15,16.0,18.3,
1986-07-16,15.5,20.4,
1986-07-17,16.5,22.2,
1986-07-18,17.5,23.1,
1986-07-19,17.0,22.7,
1986-07-20,16.0,20.9,
1986-07-21,15.0,19.8,
1986-07-22,15.0,19.6,
1986-07-23,15.0,20.1,18.2
1986-07-24,15.5,21.7,16.8
1986-07-25,16.0,21.6,16.2
1986-07-26,15.5,20.3,15.3
1986-07-27,15.5,19.5,15.5
1986-07-28,16.0,19.4,15.4
1986-07-29,16.0,19.6,15.1
1986-07-30,15.5,18.7,14.4
1986-07-31,16.5,18.8,15.0
1986-08-01,16.0,17.9,14.7
1986-08-02,16.0,17.7,14.4
1986-08-03,15.5,17.0,14.1
1986-08-04,15.0,17.2,14.1
1986-08-05,14.5,16.1,13.7
1986-08-06,14.0,15.8,13.6
1986-08-07,14.5,16.5,14.3
1986-08-08,14.0,18.1,15.0
1986-08-09,14.5,17.3,14.1
1986-08-10,15.5,17.7,14.6
1986-08-11,14.5,16.6,13.9
1986-08-12,14.0,15.9,13.7
1986-08-13,13.5,15.0,12.7
1986-08-14,14.5,16.5,14.5
1986-08-15,15.5,19.0,15.2
1986-08-16,15.5,18.1,15.0
1986-08-17,15.5,18.7,14.6
1986-08-18,15.0,17.6,14.2
1986-08-19,14.5,17.5,14.3
1986-08-20,14.0,16.4,13.4
1986-08-21,15.0,17.8,14.5
1986-08-22,14.0,16.8,14.3
1986-08-23,14.5,17.5,14.3
1986-08-24,13.5,15.6,13.1
1986-08-25,14.5,17.3,14.0
1986-08-26,15.0,18.6,15.1
1986-08-27,14.0,15.9,13.3
1986-08-28,13.0,13.6,12.1
1986-08-29,12.5,14.0,12.5
1986-08-30,12.5,14.2,12.4
1986-08-31,13.0,15.9,13.3
1986-09-01,12.5,16.2,13.1
1986-09-02,12.0,16.4,13.3
1986-09-03,11.5,16.0,13.0
1986-09-04,12.5,16.6,13.9
1986-09-05,11.5,14.4,12.3
1986-09-06,11.0,13.3,11.7
1986-09-07,11.5,12.4,11.1
1986-09-08,12.0,12.6,11.3
1986-09-09,11.5,11.9,10.7
1986-09-10,13.0,14.7,14.3
1986-09-11,15.0,17.0,16.0
1986-09-12,14.0,15.7,13.8
1986-09-13,13.0,14.0,12.4
1986-09-14,12.5,13.1,11.9
1986-09-15,12.0,12.9,11.7
1986-09-16,12.0,12.7,11.4
1986-09-17,11.5,12.1,10.8
1986-09-18,12.5,14.0,12.2
1986-09-19,13.0,14.2,12.2
1986-09-20,12.5,14.1,12.1
1986-09-21,13.5,14.5,13.2
1986-09-22,14.0,16.2,13.8
1986-09-23,14.5,16.2,13.7
1986-09-24,14.5,15.7,13.0
1986-09-25,17.0,18.2,16.9
1986-09-26,17.0,18.4,15.5
1986-09-27,17.0,18.8,15.0
1986-09-28,15.5,16.4,13.6
1986-09-29,15.5,17.4,14.8
1989-10-24,,11.5,10.5
1989-10-25,,14.0,12.0
1989-10-26,,14.0,11.5
1989-10-27,,12.5,11.0
1989-10-28,11.0,13.0,11.5
1989-10-29,11.0,13.5,11.5
1989-10-30,10.5,12.5,11.0
1989-10-31,9.0,8.0,8.5
1989-11-01,8.5,5.5,7.5
1989-11-02,8.0,4.5,7.0
1989-11-03,7.0,1.5,5.0
1989-11-04,8.5,5.0,7.5
1989-11-05,9.5,8.0,9.0
1989-11-06,9.0,7.0,8.0
1989-11-07,9.5,7.5,8.5
1989-11-08,8.5,6.5,8.0
1989-11-09,,4.5,7.0
1989-11-10,,4.0,7.0
1989-11-11,,5.5,7.5
1989-11-12,,3.5,6.5
1989-11-13,,7.0,8.5
1989-11-14,,5.5,7.5
1989-11-15,,4.0,6.5
1989-11-16,,0.5,4.0
1989-11-17,6.0,0.0,3.0
1989-11-18,6.0,0.0,3.0
1989-11-19,7.5,0.0,4.5
1989-11-20,7.5,0.5,6.0
1989-11-21,6.5,0.0,4.0
1989-11-22,6.5,0.0,4.0
1989-11-23,5.5,0.0,2.0
1989-11-24,6.5,0.0,3.0
1989-11-25,7.5,0.0,6.0
1989-11-26,7.5,0.0,5.0
1989-11-27,7.5,0.0,6.0
1989-11-28,6.0,0.0,3.5
1989-11-29,5.5,0.0,2.0
1989-11-30,7.0,0.0,4.0
1989-12-01,7.0,0.0,4.5
1989-12-02,5.5,0.0,3.0
1989-12-03,5.5,0.0,2.0
1989-12-04,6.5,0.0,4.0
1989-12-05,7.5,0.0,6.0
1989-12-06,6.0,0.0,4.0
1989-12-07,5.5,0.0,1.5
1989-12-08,6.0,0.0,2.5
1989-12-09,6.0,0.0,3.5
1989-12-10,6.5,0.0,4.0
1989-12-11,5.0,0.0,1.5
1989-12-12,5.0,0.0,0.5
1989-12-13,5.5,0.0,1.5
1989-12-14,4.0,0.0,0.5
1989-12-15,4.0,0.0,0.0
1989-12-16,4.5,0.0,0.5
1989-12-17,5.5,0.0,2.0
1989-12-18,4.5,0.0,0.5
1989-12-19,4.5,0.0,0.5
1989-12-20,3.5,0.0,0.0
1989-12-21,2.5,0.0,0.0
1989-12-22,3.5,0.0,0.0
1989-12-23,4.0,0.0,0.0
1989-12-24,5.0,0.0,1.0
1989-12-25,6.0,0.0,3.5
1989-12-26,5.0,0.0,2.0
1989-12-27,6.0,0.0,3.0
1989-12-28,6.5,0.0,4.0
1989-12-29,6.0,0.0,4.0
1989-12-30,6.5,0.0,3.5
1989-12-31,6.5,0.0,4.0
1990-01-01,6.5,0.0,4.0
1990-01-02,6.0,0.0,3.5
1990-01-03,7.0,0.0,4.5
1990-01-04,6.5,0.0,3.5
1990-01-05,6.0,0.0,2.5
1990-01-06,6.0,0.0,3.0
1990-01-07,6.5,0.0,4.0
1990-01-08,7.0,0.0,4.5
1990-01-09,7.0,0.0,5.0
1990-01-10,6.5,0.0,4.5
1990-01-11,6.0,0.0,3.5
1990-01-12,5.0,0.0,2.0
1990-01-13,5.5,0.0,2.0
1990-01-14,6.0,0.0,3.0
1990-01-15,7.0,0.0,4.0
1990-01-16,7.0,0.0,4.5
1990-01-17,3.0,0.0,2.0
1990-01-18,5.0,0.0,3.0
1990-01-19,6.0,0.0,3.0
1990-01-20,6.0,0.0,3.5
1990-01-21,6.0,0.0,3.5
1990-01-22,7.0,0.0,4.5
1990-01-23,6.5,0.0,4.5
1990-01-24,5.0,0.0,3.0
1990-01-25,4.0,0.0,2.0
1990-01-26,5.5,0.0,2.0
1990-01-27,6.0,0.0,3.5
1990-01-28,6.0,0.0,3.0
1990-01-29,6.5,0.0,3.5
1990-01-30,6.5,0.0,4.0
1990-01-31,6.5,0.0,3.0
1990-02-01,7.0,0.0,5.0
1990-02-02,6.0,0.0,2.5
1990-02-03,6.5,0.0,3.5
1990-02-04,6.5,0.0,3.5
1990-02-05,6.5,0.0,4.0
1990-02-06,5.5,0.0,4.0
1990-02-07,7.0,0.0,5.0
1990-02-08,6.0,0.0,4.0
1990-02-09,6.0,0.0,4.0
1990-02-10,6.0,0.0,3.5
1990-02-11,6.0,0.0,3.5
1990-02-12,7.0,0.0,5.0
1990-02-13,6.5,0.0,4.0
1990-02-14,5.5,0.0,1.5
1990-02-15,6.0,0.0,2.0
1990-02-16,6.5,0.0,3.5
1990-02-17,6.0,0.0,2.0
1990-02-18,6.5,0.0,3.5
1990-02-19,6.5,0.0,3.0
1990-02-20,6.5,0.0,2.5
1990-02-21,7.5,0.0,4.5
1990-02-22,7.5,0.0,5.0
1990-02-23,7.5,0.0,5.0
1990-02-24,5.0,0.0,2.0
1990-02-25,5.5,0.0,1.5
1990-02-26,6.5,0.0,3.0
1990-02-27,7.0,0.0,4.5
1990-02-28,7.0,0.0,3.5
1990-03-01,7.0,0.0,4.5
1990-03-02,6.0,0.0,4.0
1990-03-03,5.5,0.0,3.0
1990-03-04,6.5,0.0,4.0
1990-03-05,6.5,0.0,3.5
1990-03-06,7.5,0.0,4.0
1990-03-07,7.0,0.0,4.0
1990-03-08,4.0,0.0,2.5
1990-03-09,2.0,0.0,2.0
1990-03-10,3.5,0.0,3.0
1990-03-11,3.0,0.5,3.5
1990-03-12,7.0,8.0,7.5
1990-03-13,8.0,8.0,7.5
1990-03-14,10.0,9.5,9.0
1990-03-15,9.5,7.5,8.5
1990-03-16,8.5,6.0,6.5
1990-03-17,7.0,3.0,5.0
1990-03-18,6.5,3.0,5.0
1990-03-19,6.5,2.0,5.0
1990-03-20,7.5,4.5,6.0
1990-03-21,8.0,6.0,7.0
1990-03-22,8.0,5.0,6.5
1990-03-23,6.0,2.0,4.5
1990-03-24,7.0,3.0,5.5
1990-03-25,7.5,3.5,6.0
1990-03-26,7.5,4.5,6.5
1990-03-27,8.0,5.0,6.5
1990-03-28,8.5,6.5,7.5
1990-03-29,8.0,5.5,7.0
1990-03-30,8.0,4.0,6.5
1990-03-31,9.0,6.0,8.0
1990-04-01,9.0,8.0,9.0
1990-04-02,6.5,2.0,6.0
1990-04-03,8.5,5.5,8.0
1990-04-04,9.0,7.0,8.5
1990-04-05,7.5,3.0,7.0
1990-04-06,6.5,0.5,5.0
1990-04-07,8.0,2.0,6.5
1990-04-08,9.0,7.5,8.5
1990-04-09,9.0,10.0,9.0
1990-04-10,8.5,7.5,8.0
1990-04-11,7.5,4.5,6.5
1990-04-12,7.5,4.5,6.5
1990-04-13,8.0,6.0,7.5
1990-04-14,9.5,10.0,9.5
1990-04-15,9.5,11.0,10.0
1990-04-16,7.5,6.0,7.0
1990-04-17,8.0,6.0,7.5
1990-04-18,9.0,7.0,8.5
1990-04-19,8.5,7.5,8.0
1990-04-20,10.0,12.5,10.5
1990-04-21,11.5,16.0,12.5
1990-04-22,11.5,15.0,12.0
1990-04-23,,17.5,13.5
1990-04-24,,19.5,16.0
1990-04-25,,19.5,16.0
1990-04-26,,19.5,15.7
1990-04-27,,19.5,15.1
1990-04-28,,15.0,12.2
1990-04-29,,15.0,12.5
1990-04-30,,13.0,11.8
1990-05-01,,9.5,10.8
1990-05-02,,10.5,11.2
1990-05-03,,10.0,10.0
1990-05-04,,9.0,9.0
1990-05-05,,11.5,10.5
1990-05-06,,13.0,12.5
1990-05-07,,14.5,13.5
1990-05-08,,16.5,14.5
1990-05-09,,12.0,
1990-05-10,,7.0,8.5
1990-05-11,,11.5,10.5
1990-05-12,,10.5,9.5
1990-05-13,,13.0,12.0
1990-05-14,,12.5,
1990-05-15,,12.0,11.0
1990-05-16,,14.5,12.5
1990-05-17,,11.0,10.5
1990-05-18,,12.5,12.5
1990-05-19,,10.0,10.0
1990-05-20,,9.0,9.5
1990-05-21,,11.5,11.0
1990-05-22,,14.0,11.5
1990-05-23,,14.0,11.5
1990-05-24,,15.5,12.5
1990-05-25,,14.0,12.0
1990-05-26,,15.0,12.5
1990-05-27,,17.5,13.0
1990-05-28,,19.0,13.5
1990-05-29,,16.0,13.5
1990-05-30,,14.5,12.5
1990-05-31,,15.5,13.0
1990-06-01,,20.5,15.0
1990-06-02,14.5,19.0,15.0
1990-06-03,13.5,13.0,12.0
1990-06-04,13.0,14.5,12.5
1990-06-05,12.0,13.0,10.5
1990-06-06,13.5,17.0,13.5
1990-06-07,13.5,18.5,13.5
1990-06-08,14.5,20.5,14.5
1990-06-09,15.0,20.0,15.0
1990-06-10,14.5,19.5,15.0
1990-06-11,13.0,18.5,13.5
1990-06-12,15.5,22.0,17.5
1990-06-13,14.0,22.5,16.0
1990-06-14,14.0,24.0,16.0
1990-06-15,12.5,21.0,14.0
1990-06-16,12.5,20.0,14.0
1990-06-17,15.5,23.0,16.5
1990-06-18,15.0,23.0,16.5
1990-06-19,12.5,19.5,14.0
1990-06-20,14.5,21.5,16.0
1990-06-21,14.5,20.5,15.0
1990-06-22,14.0,18.5,14.0
1990-06-23,14.5,19.0,15.5
1990-06-24,14.5,20.5,15.0
1990-06-25,15.5,22.5,16.0
1990-06-26,16.0,23.5,16.5
1990-06-27,16.0,25.0,16.5
1990-06-28,15.0,23.0,16.0
1990-06-29,19.0,20.5,20.0
1990-06-30,20.0,22.5,18.0
1990-07-01,19.0,22.5,16.0
1990-07-02,18.5,22.5,16.0
1990-07-03,19.0,24.5,17.0
1990-07-04,19.5,27.0,18.0
1990-07-05,18.0,24.0,16.5
1990-07-06,15.5,18.5,14.5
1990-07-07,14.0,17.5,13.5
1990-07-08,17.0,24.0,18.0
1990-07-09,14.5,22.0,15.5
1990-07-10,13.0,21.0,15.0
1990-07-11,14.0,19.0,15.5
1990-07-12,12.5,16.0,14.0
1990-07-13,12.5,16.0,14.0
1990-07-14,12.0,15.5,13.0
1990-07-15,12.5,16.5,14.0
1990-07-16,13.5,18.5,14.5
1990-07-17,14.5,21.0,16.0
1990-07-18,13.5,20.5,15.5
1990-07-19,12.5,18.5,13.5
1990-07-20,13.5,19.0,14.5
1990-07-21,13.0,16.5,14.0
1990-07-22,13.5,15.5,14.0
1990-07-23,13.0,14.0,14.0
1990-07-24,13.0,13.5,13.5
1990-07-25,14.0,17.0,15.5
1990-07-26,13.5,17.5,15.5
1990-07-27,13.0,18.0,14.5
1990-07-28,14.0,21.0,16.0
1990-07-29,14.0,21.5,16.0
1990-07-30,13.5,19.5,15.5
1990-07-31,12.5,16.5,15.0
1990-08-01,12.5,17.0,14.5
1990-08-02,13.0,18.5,14.5
1990-08-03,13.5,23.0,16.0
1990-08-04,13.5,22.0,16.0
1990-08-05,13.0,18.0,15.0
1990-08-06,12.5,15.5,14.0
1990-08-07,12.5,16.5,14.0
1990-08-08,13.0,18.0,14.5
1990-08-09,13.0,19.0,14.5
1990-08-10,13.5,21.5,15.5
1990-08-11,12.5,20.0,14.5
1990-08-12,12.5,19.5,14.0
1990-08-13,13.0,17.0,14.0
1990-08-14,13.0,19.0,14.5
1990-08-15,14.0,22.0,16.0
1990-08-16,14.5,21.0,15.5
1990-08-17,13.5,22.0,15.0
1990-08-18,16.5,23.5,17.5
1990-08-19,16.0,22.0,17.0
1990-08-20,15.5,19.0,17.0
1990-08-21,14.0,18.5,15.0
1990-08-22,14.0,19.5,15.0
1990-08-23,14.0,20.5,15.0
1990-08-24,15.0,22.5,15.0
1990-08-25,15.0,24.0,16.0
1990-08-26,14.0,23.5,15.5
1990-08-27,15.0,25.5,16.5
1990-08-28,14.5,26.0,16.5
1990-08-29,13.5,23.0,15.0
1990-08-30,13.0,21.5,14.0
1990-08-31,13.0,21.0,14.0
1990-09-01,13.0,22.0,14.5
1990-09-02,12.5,22.0,14.0
1990-09-03,12.5,20.5,14.0
1990-09-04,14.0,23.5,16.0
1990-09-05,14.0,24.5,15.5
1990-09-06,14.5,25.0,16.5
1990-09-07,13.0,23.0,15.5
1990-09-08,13.0,21.0,14.5
1990-09-09,13.0,22.0,15.0
1990-09-10,13.0,22.5,15.0
1990-09-11,12.5,21.5,14.5
1990-09-12,13.0,22.0,14.5
1990-09-13,13.5,21.5,15.0
1990-09-14,13.0,19.5,14.5
1990-09-15,12.0,17.5,13.0
1990-09-16,11.5,16.5,12.5
1990-09-17,11.0,16.0,11.5
1990-09-18,10.5,15.5,11.0
1990-09-19,11.5,16.5,12.0
1990-09-20,11.5,16.5,11.5
1990-09-21,12.0,17.5,13.0
1990-09-22,10.5,12.0,10.5
1990-09-23,10.5,11.5,10.5
1990-09-24,11.0,11.5,10.5
1990-09-25,12.0,15.0,12.5
1990-09-26,,15.0,12.0
1990-09-27,,15.5,12.0
1990-09-28,,16.5,12.5
1990-09-29,,12.5,10.5
1990-09-30,,12.5,10.5
1990-10-01,11.0,12.5,11.0
1990-10-02,11.0,12.0,10.5
1990-10-03,12.0,15.0,12.5
1990-10-04,11.0,13.0,11.0
1990-10-05,12.0,15.0,12.5
1990-10-06,13.0,18.0,14.5
1990-10-07,10.5,12.5,11.0
1990-10-08,9.5,8.5,8.5
1990-10-09,9.5,8.0,8.5
1990-10-10,7.5,4.5,6.5
1990-10-11,9.0,5.0,8.0
1990-10-12,9.5,8.0,9.5
1990-10-13,10.0,9.0,9.5
1990-10-14,10.0,11.0,10.5
1990-10-15,9.5,8.5,9.0
1990-10-16,10.5,11.0,10.5
1990-10-17,11.5,14.5,13.0
1990-10-18,8.5,8.0,8.5
1990-10-19,8.5,6.0,7.5
1990-10-20,9.5,8.5,9.0
1990-10-21,9.5,9.0,9.5
1990-10-22,9.0,6.0,7.5
1990-10-23,9.5,7.0,8.0
1990-10-24,9.0,7.0,8.0
1990-10-25,8.5,5.0,7.0
1990-10-26,9.0,5.0,7.0
1990-10-27,9.5,6.5,8.0
1990-10-28,8.5,4.5,7.0
1990-10-29,9.0,5.5,7.0
1990-10-30,10.5,9.5,10.0
1990-10-31,10.0,10.0,9.5
1990-11-01,10.5,11.0,11.0
1990-11-02,11.0,13.0,12.0
1990-11-03,9.5,11.0,10.0
1990-11-04,8.5,6.5,7.5
1990-11-05,8.0,4.0,6.5
1990-11-06,8.0,3.0,6.5
1990-11-07,7.5,2.5,6.0
1990-11-08,7.0,0.5,4.5
1990-11-09,7.0,1.5,5.5
1990-11-10,7.5,1.5,5.5
1990-11-11,7.0,1.0,5.0
1990-11-12,7.5,1.0,5.0
1990-11-13,7.5,1.0,5.0
1990-11-14,8.5,4.0,6.5
1990-11-15,10.0,9.0,9.5
1990-11-16,9.0,8.5,8.5
1990-11-17,8.0,3.5,5.5
1990-11-18,8.5,5.0,7.0
1990-11-19,8.5,,7.0
1990-11-20,8.5,,7.0
1990-11-21,10.5,0.0,10.5
1990-11-22,8.5,0.0,7.0
1990-11-23,7.5,0.0,6.0
1990-11-24,7.5,0.0,5.5
1990-11-25,7.5,0.0,6.0
1990-11-26,7.5,0.0,6.0
1990-11-27,9.5,0.0,9.5
1990-11-28,6.5,0.0,5.5
1990-11-29,6.0,,4.0
1990-11-30,7.0,,5.0
1990-12-01,7.5,0.0,
1990-12-02,6.5,0.0,
1990-12-03,3.5,0.0,
1990-12-04,5.0,0.0,
1990-12-05,6.0,0.0,
1990-12-06,6.0,0.0,
1990-12-07,6.5,0.0,3.0
1990-12-08,7.0,0.0,4.0
1990-12-09,7.0,0.0,4.5
1990-12-10,7.0,0.0,4.5
1990-12-11,7.0,0.0,5.0
1990-12-12,7.0,0.0,5.0
1990-12-13,6.0,0.0,3.5
1990-12-14,6.0,0.0,3.0
1990-12-15,7.0,0.0,4.5
1990-12-16,6.5,0.0,4.0
1990-12-17,7.0,0.0,4.5
1990-12-18,7.0,0.0,4.5
1990-12-19,6.5,0.0,4.0
1990-12-20,7.0,0.0,5.0
1990-12-21,6.0,0.0,3.5
1990-12-22,3.5,0.0,
1990-12-23,3.5,0.0,
1990-12-24,4.0,0.0,
1990-12-25,4.0,0.0,
1990-12-26,3.5,0.0,
1990-12-27,5.0,0.0,
1990-12-28,6.0,0.0,3.5
1990-12-29,6.5,0.0,4.0
1990-12-30,3.5,0.0,
1990-12-31,4.0,0.0,
1991-01-01,5.0,0.0,2.0
1991-01-02,4.5,0.0,1.5
1991-01-03,4.0,0.0,
1991-01-04,4.5,0.0,
1991-01-05,5.5,0.0,2.5
1991-01-06,4.5,0.0,
1991-01-07,4.5,0.0,
1991-01-08,5.5,0.0,2.5
1991-01-09,6.0,0.0,3.5
1991-01-10,5.5,0.0,2.0
1991-01-11,5.5,0.0,3.0
1991-01-12,6.5,0.0,4.0
1991-01-13,6.0,0.0,3.5
1991-01-14,7.0,0.0,4.5
1991-01-15,7.5,0.0,5.0
1991-01-16,6.5,0.0,4.0
1991-01-17,6.0,0.0,3.5
1991-01-18,5.5,0.0,2.5
1991-01-19,7.0,0.0,4.5
1991-01-20,6.0,0.0,3.5
1991-01-21,4.0,0.0,
1991-01-22,3.0,0.0,
1991-01-23,4.5,0.0,1.5
1991-01-24,4.0,0.0,
1991-01-25,3.5,0.0,
1991-01-26,4.0,0.0,
1991-01-27,5.0,0.0,1.5
1991-01-28,5.5,0.0,3.0
1991-01-29,5.0,0.0,2.0
1991-01-30,3.5,0.0,
1991-01-31,4.5,0.0,1.5
1991-02-01,6.0,0.0,2.5
1991-02-02,7.0,0.0,4.0
1991-02-03,7.5,0.0,5.0
1991-02-04,7.5,0.0,5.5
1991-02-05,7.5,0.0,5.0
1991-02-06,7.5,0.0,5.0
1991-02-07,8.0,0.0,5.5
1991-02-08,7.0,0.0,4.5
1991-02-09,7.0,0.0,4.5
1991-02-10,6.0,0.0,3.0
1991-02-11,5.5,0.0,2.0
1991-02-12,6.0,0.0,2.5
1991-02-13,7.0,0.0,4.0
1991-02-14,5.5,0.0,
1991-02-15,3.0,0.0,
1991-02-16,5.0,0.0,
1991-02-17,7.0,0.0,4.0
1991-02-18,7.0,0.0,4.5
1991-02-19,7.0,0.0,5.0
1991-02-20,7.0,0.0,4.5
1991-02-21,8.0,0.0,4.5
1991-02-22,6.0,0.0,3.5
1991-02-23,5.5,0.0,3.0
1991-02-24,6.0,0.0,3.5
1991-02-25,5.5,0.0,2.5
1991-02-26,6.0,0.0,2.5
1991-02-27,6.5,0.0,3.5
1991-02-28,7.0,0.0,4.5
1991-03-01,5.5,,3.5
1991-03-02,2.0,,1.0
1991-03-03,4.0,,2.5
1991-03-04,5.0,,3.5
1991-03-05,5.5,,4.0
1991-03-06,4.5,,3.0
1991-03-07,5.0,,3.0
1991-03-08,6.5,,4.5
1991-03-09,5.5,,3.5
1991-03-10,6.5,,5.0
1991-03-11,6.5,,5.0
1991-03-12,5.5,,3.5
1991-03-13,6.5,,4.0
1991-03-14,6.5,,4.5
1991-03-15,7.0,,5.5
1991-03-16,6.5,,5.0
1991-03-17,6.5,,5.0
1991-03-18,7.0,,5.0
1991-03-19,8.0,,6.5
1991-03-20,8.0,,6.5
1991-03-21,9.5,,8.5
1991-03-22,8.0,,6.5
1991-03-23,6.5,,4.5
1991-03-24,7.5,,6.5
1991-03-25,8.0,,7.5
1991-03-26,11.0,,10.0
1991-03-27,11.0,,10.0
1991-03-28,7.5,,5.5
1991-03-29,6.5,,5.0
1991-03-30,7.0,,5.5
1991-03-31,8.0,,6.5
1991-04-01,8.5,,7.0
1991-04-02,9.0,,7.0
1991-04-03,9.5,,8.5
1991-04-04,9.5,,8.5
1991-04-05,11.5,,11.0
1991-04-06,12.5,,13.0
1991-04-07,13.0,,14.0
1991-04-08,11.5,,12.5
1991-04-09,9.0,,8.0
1991-04-10,9.5,,8.5
1991-04-11,8.0,,6.5
1991-04-12,6.0,,4.0
1991-04-13,6.5,,5.0
1991-04-14,8.0,,7.0
1991-04-15,9.5,,8.5
1991-04-16,10.5,,9.5
1991-04-17,11.0,,9.5
1991-04-18,10.0,,8.5
1991-04-19,9.5,,8.5
1991-04-20,10.0,,9.0
1991-04-21,11.0,,10.0
1991-04-22,11.0,,10.0
1991-04-23,9.0,,9.0
1991-04-24,10.5,,10.5
1991-04-25,10.0,,10.0
1991-04-26,11.0,,11.0
1991-04-27,11.5,17.0,12.5
1991-04-28,12.5,18.0,12.5
1991-04-29,13.0,15.5,12.5
1991-04-30,10.0,10.5,10.0
1991-05-01,10.0,10.5,10.0
1991-05-02,10.5,11.5,10.5
1991-05-03,10.0,10.0,9.0
1991-05-04,11.0,12.5,10.5
1991-05-05,9.5,10.0,9.5
1991-05-06,9.0,7.5,8.5
1991-05-07,10.5,11.0,10.5
1991-05-08,11.0,12.5,11.0
1991-05-09,12.5,17.0,13.0
1991-05-10,13.0,18.0,13.0
1991-05-11,14.0,20.5,14.5
1991-05-12,14.0,22.0,14.5
1991-05-13,14.5,22.5,15.0
1991-05-14,13.5,21.5,14.0
1991-05-15,13.5,21.5,14.0
1991-05-16,13.5,21.5,14.0
1991-05-17,12.0,17.5,12.0
1991-05-18,10.5,11.5,10.0
1991-05-19,11.5,14.0,11.5
1991-05-20,13.0,18.5,13.5
1991-05-21,13.0,20.0,13.0
1991-05-22,14.5,23.5,15.0
1991-05-23,14.5,24.5,15.5
1991-05-24,14.5,24.5,16.0
1991-05-25,13.0,22.0,14.0
1991-05-26,14.5,23.5,16.0
1991-05-27,14.5,24.5,15.5
1991-05-28,15.0,26.5,16.0
1991-05-29,15.5,27.5,16.5
1991-05-30,14.5,25.5,15.5
1991-05-31,13.5,24.0,14.5
1991-06-01,13.5,23.5,14.5
1991-06-02,13.5,24.0,14.5
1991-06-03,14.5,24.5,15.0
1991-06-04,13.5,21.5,14.0
1991-06-05,13.5,20.5,14.0
1991-06-06,13.5,20.5,13.5
1991-06-07,13.5,21.0,14.0
1991-06-08,14.0,21.5,15.0
1991-06-09,13.0,20.5,13.5
1991-06-10,14.0,22.0,14.5
1991-06-11,14.5,23.0,15.0
1991-06-12,15.0,24.0,15.0
1991-06-13,15.5,23.5,15.5
1991-06-14,16.0,24.0,16.0
1991-06-15,16.0,22.0,16.5
1991-06-16,15.5,22.5,15.5
1991-06-17,15.0,22.5,15.0
1991-06-18,15.0,23.0,15.0
1991-06-19,,24.0,15.5
1991-06-20,,23.5,15.0
1991-06-21,14.0,22.0,14.5
1991-06-22,13.0,17.0,13.0
1991-06-23,13.5,18.0,14.0
1991-06-24,14.0,20.5,14.5
1991-06-25,14.5,22.0,15.0
1991-06-26,15.5,23.5,16.5
1991-06-27,17.0,26.0,18.0
1991-06-28,16.5,26.0,17.0
1991-06-29,15.5,26.5,17.0
1991-06-30,14.5,25.0,15.5
1991-07-01,15.0,24.0,16.0
1991-07-02,15.5,24.5,16.5
1991-07-03,15.0,24.0,15.5
1991-07-04,14.5,22.5,15.0
1991-07-05,14.5,23.5,15.5
1991-07-06,15.0,25.5,16.0
1991-07-07,14.9,24.0,15.5
1991-07-08,15.0,22.5,15.5
1991-07-09,14.0,22.5,15.0
1991-07-10,14.0,23.5,15.5
1991-07-11,14.5,24.0,15.5
1991-07-12,14.0,24.0,15.0
1991-07-13,14.0,23.0,15.0
1991-07-14,14.0,22.0,15.0
1991-07-15,13.5,21.5,15.0
1991-07-16,,23.0,16.0
1991-07-17,,23.0,15.0
1991-07-18,,25.0,16.0
1991-07-19,14.0,24.5,15.5
1991-07-20,14.0,25.5,16.0
1991-07-21,15.5,26.0,17.5
1991-07-22,16.5,27.0,17.5
1991-07-23,15.0,24.0,16.0
1991-07-24,14.0,21.5,15.0
1991-07-25,13.0,19.5,14.0
1991-07-26,13.0,19.5,13.5
1991-07-27,13.0,20.0,14.0
1991-07-28,12.5,19.0,13.0
1991-07-29,13.0,20.0,14.0
1991-07-30,14.0,20.5,14.5
1991-07-31,14.5,22.5,15.5
1991-08-01,14.5,22.0,15.0
1991-08-02,14.0,22.0,15.0
1991-08-03,14.0,21.5,14.5
1991-08-04,14.5,21.0,15.0
1991-08-05,14.0,20.5,14.5
1991-08-06,12.5,19.0,13.5
1991-08-07,12.5,19.5,13.5
1991-08-08,14.5,18.5,15.5
1991-08-09,14.5,20.0,15.0
1991-08-10,14.5,20.5,14.5
1991-08-11,14.5,21.5,14.5
1991-08-12,14.5,22.0,14.5
1991-08-13,14.0,21.0,14.0
1991-08-14,14.0,22.0,14.5
1991-08-15,14.5,23.0,15.0
1991-08-16,14.0,22.0,14.5
1991-08-17,14.5,22.5,15.0
1991-08-18,14.0,21.5,14.5
1991-08-19,13.0,18.0,13.5
1991-08-20,13.0,18.5,13.5
1991-08-21,14.0,20.5,14.5
1991-08-22,14.5,22.5,15.0
1991-08-23,14.0,21.5,14.5
1991-08-24,14.5,22.5,15.0
1991-08-25,14.5,23.5,16.0
1991-08-26,14.5,24.0,16.0
1991-08-27,14.0,23.5,15.5
1991-08-28,14.0,24.5,15.5
1991-08-29,14.0,24.5,15.5
1991-08-30,14.5,24.5,15.5
1991-08-31,14.0,21.5,15.0
1991-09-01,13.5,20.0,14.0
1991-09-02,13.5,20.5,14.0
1991-09-03,14.0,22.0,15.0
1991-09-04,13.0,19.0,13.5
1991-09-05,12.5,17.0,12.5
1991-09-06,13.5,19.5,14.0
1991-09-07,14.0,20.5,14.0
1991-09-08,13.5,20.0,14.0
1991-09-09,15.5,23.0,16.0
1991-09-10,14.5,22.0,14.5
1991-09-11,13.0,18.5,13.0
1991-09-12,13.5,19.0,13.5
1991-09-13,14.5,21.0,14.0
1991-09-14,15.0,22.0,15.0
1991-09-15,15.5,22.5,16.0
1991-09-16,14.0,20.5,14.5
1991-09-17,13.0,17.5,12.5
1991-09-18,12.5,15.5,12.0
1991-09-19,11.0,12.0,10.0
1991-09-20,11.0,11.5,10.0
1991-09-21,11.5,11.5,10.0
1991-09-22,11.5,13.5,11.5
1991-09-23,11.5,12.5,10.5
1991-09-24,11.0,12.0,10.5
1991-09-25,11.5,12.0,11.0
1991-09-26,11.0,11.5,10.5
1991-09-27,10.5,9.5,9.0
1991-09-28,10.5,10.0,9.5
1991-09-29,10.5,10.5,10.0
1991-09-30,11.5,13.0,12.0
1991-10-01,10.5,11.5,10.5
1991-10-02,11.5,14.0,12.0
1991-10-03,11.0,13.0,11.0
1991-10-04,10.5,12.0,10.0
1991-10-05,10.0,10.5,10.5
1991-10-06,10.0,9.5,9.5
1991-10-07,10.0,8.5,9.0
1991-10-08,11.0,11.0,11.0
1991-10-09,11.0,12.5,11.0
1991-10-10,10.0,10.5,9.5
1991-10-11,11.0,11.5,11.0
1991-10-12,10.0,11.0,10.0
1991-10-13,9.5,9.0,9.0
1991-10-14,9.5,10.0,9.5
1991-10-15,9.5,8.5,8.5
1991-10-16,9.5,8.5,8.5
1991-10-17,11.0,12.0,11.0
1991-10-18,9.5,11.0,9.0
1991-10-19,9.0,8.0,7.5
1991-10-20,9.5,9.5,8.5
1991-10-21,10.0,11.0,9.5
1991-10-22,11.0,13.0,11.5
1991-10-23,12.0,14.5,
1991-10-24,13.0,16.5,
1991-10-25,12.5,13.5,
1991-10-26,10.5,10.5,
1991-10-27,10.5,10.0,
1991-10-28,10.5,11.0,11.0
1991-10-29,11.5,13.0,12.5
1991-10-30,9.0,8.0,9.0
1991-10-31,8.5,6.0,8.0
1991-11-01,9.0,9.0,9.0
1991-11-02,6.0,3.0,5.5
1991-11-03,5.5,1.0,4.5
1991-11-04,6.0,0.5,4.5
1991-11-05,6.5,0.5,4.5
1991-11-06,6.0,0.5,4.5
1991-11-07,6.0,0.5,3.0
1991-11-08,6.0,0.5,3.5
1991-11-09,6.5,0.5,4.0
1991-11-10,7.0,0.5,5.0
1991-11-11,7.5,0.5,6.0
1991-11-12,7.5,0.5,6.0
1991-11-13,8.0,0.5,7.0
1991-11-14,8.0,1.0,7.0
1991-11-15,8.5,6.0,7.5
1991-11-16,7.5,4.5,6.5
1991-11-17,7.5,4.0,6.5
1991-11-18,8.5,8.5,8.0
1991-11-19,8.5,7.5,8.0
1991-11-20,8.0,6.5,7.5
1991-11-21,7.5,4.5,6.5
1991-11-22,8.5,5.5,7.5
1991-11-23,7.5,5.0,6.5
1991-11-24,6.0,1.5,4.5
1991-11-25,,0.5,3.5
1991-11-26,,0.5,3.5
1991-11-27,,0.5,5.0
1991-11-28,,0.5,4.5
1991-11-29,7.0,0.5,5.5
1991-11-30,5.0,2.5,3.5
1991-12-01,5.0,0.5,3.5
1991-12-02,5.5,0.5,3.5
1991-12-03,6.0,0.5,4.0
1991-12-04,5.0,0.5,2.0
1991-12-05,5.5,0.5,3.0
1991-12-06,6.0,0.5,3.0
1991-12-07,7.5,0.5,6.0
1991-12-08,7.0,0.5,6.0
1991-12-09,6.5,0.5,5.0
1991-12-10,6.5,1.0,5.5
1991-12-11,6.5,1.0,5.5
1991-12-12,7.0,3.5,6.0
1991-12-13,6.0,2.5,5.0
1991-12-14,5.0,1.0,3.5
1991-12-15,4.5,0.5,2.5
1991-12-16,5.5,0.5,3.5
1991-12-17,5.5,0.5,4.0
1991-12-18,4.5,0.5,2.5
1991-12-19,5.0,0.5,3.0
1991-12-20,6.0,0.5,4.5
1991-12-21,6.0,0.5,4.5
1991-12-22,6.5,0.5,5.0
1991-12-23,6.5,0.5,5.0
1991-12-24,6.0,0.5,4.0
1991-12-25,6.0,0.5,4.0
1991-12-26,6.5,0.5,5.0
1991-12-27,7.0,0.5,6.0
1991-12-28,7.0,0.5,5.5
1991-12-29,6.5,0.5,5.5
1991-12-30,6.5,0.5,5.5
1991-12-31,7.0,0.5,5.5
1992-01-01,6.5,0.5,5.5
1992-01-02,7.0,0.5,6.0
1992-01-03,7.5,0.5,6.5
1992-01-04,7.0,0.5,6.0
1992-01-05,7.0,0.5,6.0
1992-01-06,7.0,0.5,6.0
1992-01-07,7.0,0.5,6.0
1992-01-08,7.0,0.5,6.0
1992-01-09,6.5,0.5,5.5
1992-01-10,6.0,0.5,4.5
1992-01-11,6.5,0.5,5.5
1992-01-12,6.5,0.5,5.5
1992-01-13,6.0,0.5,5.0
1992-01-14,5.0,0.5,3.0
1992-01-15,4.0,0.5,1.5
1992-01-16,4.5,0.5,1.5
1992-01-17,5.0,0.5,3.0
1992-01-18,3.5,0.5,1.0
1992-01-19,4.5,0.5,2.0
1992-01-20,5.5,0.5,4.0
1992-01-21,6.5,0.5,5.0
1992-01-22,7.0,0.5,5.5
1992-01-23,5.5,0.5,4.0
1992-01-24,4.5,0.5,2.5
1992-01-25,5.5,0.5,3.5
1992-01-26,5.5,0.5,3.5
1992-01-27,6.0,0.5,4.0
1992-01-28,6.5,0.5,4.5
1992-01-29,6.5,0.5,5.0
1992-01-30,7.0,0.5,6.0
1992-01-31,6.5,0.5,5.5
1992-02-01,6.0,0.5,4.5
1992-02-02,7.0,0.5,5.5
1992-02-03,7.0,0.5,5.5
1992-02-04,6.5,0.5,5.0
1992-02-05,6.5,0.5,5.0
1992-02-06,6.5,0.5,5.0
1992-02-07,6.0,0.5,4.5
1992-02-08,5.0,0.5,2.5
1992-02-09,5.5,0.5,3.0
1992-02-10,6.0,0.5,4.0
1992-02-11,6.0,0.5,4.5
1992-02-12,5.5,0.5,3.0
1992-02-13,6.5,0.5,5.0
1992-02-14,6.5,0.5,5.5
1992-02-15,6.0,0.5,4.5
1992-02-16,7.0,0.5,6.0
1992-02-17,7.0,0.5,6.0
1992-02-18,6.0,0.5,4.5
1992-02-19,6.5,0.5,5.5
1992-02-20,6.5,0.5,5.0
1992-02-21,6.0,0.5,4.0
1992-02-22,6.5,0.5,4.5
1992-02-23,5.5,0.5,4.0
1992-02-24,5.0,0.5,4.0
1992-02-25,5.5,0.5,4.0
1992-02-26,5.5,0.5,4.0
1992-02-27,5.0,0.5,4.0
1992-02-28,4.0,0.5,3.5
1992-02-29,4.5,1.0,4.5
1992-03-01,6.5,3.0,6.0
1992-03-02,6.0,4.0,6.0
1992-03-03,6.0,3.5,5.5
1992-03-04,7.0,6.0,7.0
1992-03-05,7.0,6.0,7.0
1992-03-06,7.5,7.0,7.5
1992-03-07,8.0,6.5,7.0
1992-03-08,9.0,9.0,8.5
1992-03-09,6.5,4.0,5.0
1992-03-10,4.5,0.5,3.0
1992-03-11,5.5,1.0,4.0
1992-03-12,5.5,1.5,4.0
1992-03-13,6.5,2.0,4.5
1992-03-14,6.5,2.5,5.0
1992-03-15,6.5,2.5,5.0
1992-03-16,6.5,2.5,5.0
1992-03-17,7.5,5.5,6.5
1992-03-18,6.5,3.0,5.0
1992-03-19,7.0,4.0,6.0
1992-03-20,7.5,4.5,6.0
1992-03-21,5.0,0.5,3.5
1992-03-22,6.5,0.5,5.0
1992-03-23,7.0,3.0,5.5
1992-03-24,8.0,5.5,6.5
1992-03-25,8.0,6.5,6.5
1992-03-26,7.0,4.5,6.0
1992-03-27,7.0,4.5,6.0
1992-03-28,7.0,4.0,6.0
1992-03-29,7.0,3.5,5.5
1992-03-30,8.5,7.5,7.5
1992-03-31,8.0,6.5,7.0
1992-04-01,6.5,3.0,5.5
1992-04-02,7.5,4.5,6.0
1992-04-03,8.0,6.0,7.0
1992-04-04,8.5,6.5,7.5
1992-04-05,9.0,8.0,8.0
1992-04-06,9.5,9.5,9.0
1992-04-07,10.0,11.5,10.0
1992-04-08,9.0,8.0,8.0
1992-04-09,9.5,10.0,9.5
1992-04-10,8.0,6.0,7.0
1992-04-11,8.0,5.5,7.0
1992-04-12,8.0,6.0,7.0
1992-04-13,7.5,4.5,6.5
1992-04-14,8.0,5.5,7.0
1992-04-15,8.0,6.5,7.5
1992-04-16,8.0,6.5,7.0
1992-04-17,8.0,6.5,7.0
1992-04-18,9.0,8.5,9.0
1992-04-19,11.5,12.5,11.0
1992-04-20,12.0,13.0,11.5
1992-04-21,9.5,8.0,8.5
1992-04-22,8.5,6.5,7.5
1992-04-23,8.5,7.0,8.0
1992-04-24,8.5,7.5,8.0
1992-04-25,8.5,7.0,8.0
1992-04-26,8.5,7.5,8.0
1992-04-27,9.5,10.0,9.5
1992-04-28,10.0,9.5,9.5
1992-04-29,11.0,14.5,12.0
1992-04-30,12.0,15.5,12.5
1992-05-01,13.0,18.5,14.5
1992-05-02,12.0,16.5,13.0
1992-05-03,11.0,12.5,11.5
1992-05-04,9.5,10.5,10.0
1992-05-05,10.0,10.5,10.0
1992-05-06,10.0,11.5,10.5
1992-05-07,11.0,13.5,11.5
1992-05-08,11.5,15.5,12.5
1992-05-09,12.0,17.0,13.0
1992-05-10,13.0,18.5,14.0
1992-05-11,13.0,18.5,14.0
1992-05-12,12.5,18.5,13.5
1992-05-13,12.5,17.5,13.0
1992-05-14,11.5,15.5,12.0
1992-05-15,12.0,17.0,13.0
1992-05-16,13.0,19.5,14.5
1992-05-17,13.5,21.0,15.0
1992-05-18,13.0,19.0,14.0
1992-05-19,13.0,19.0,13.5
1992-05-20,13.5,,14.5
1992-05-21,13.5,,15.0
1992-05-22,14.0,,15.0
1992-05-23,12.0,17.5,13.0
1992-05-24,9.5,11.0,9.5
1992-05-25,9.5,9.5,9.5
1992-05-26,10.5,12.0,10.5
1992-05-27,11.0,13.5,11.0
1992-05-28,11.5,15.5,11.5
1992-05-29,12.0,16.5,12.5
1992-05-30,12.0,17.5,13.0
1992-05-31,13.0,19.0,13.5
1992-06-01,12.5,20.0,13.0
1992-06-02,14.0,21.5,14.5
1992-06-03,13.5,20.5,14.0
1992-06-04,12.5,19.5,13.0
1992-06-05,14.0,21.5,14.5
1992-06-06,12.0,19.0,12.5
1992-06-07,13.5,19.5,13.5
1992-06-08,13.0,19.0,13.0
1992-06-09,13.5,20.5,13.5
1992-06-10,13.5,21.0,13.5
1992-06-11,14.5,23.0,15.0
1992-06-12,14.5,23.5,15.0
1992-06-13,15.0,25.0,15.5
1992-06-14,15.0,25.0,16.0
1992-06-15,13.0,20.0,14.0
1992-06-16,13.0,19.0,13.5
1992-06-17,15.5,23.0,16.5
1992-06-18,14.0,20.5,15.0
1992-06-19,13.0,18.5,13.5
1992-06-20,13.5,17.5,13.5
1992-06-21,12.5,16.5,12.5
1992-06-22,11.0,14.5,11.5
1992-06-23,12.5,16.5,13.0
1992-06-24,13.5,18.0,13.5
1992-06-25,14.0,19.5,14.0
1992-06-26,13.5,19.0,14.0
1992-06-27,13.0,17.5,13.0
1992-06-28,13.5,18.5,14.0
1992-06-29,14.0,21.0,15.0
1992-06-30,14.0,21.0,14.5
1992-07-01,14.5,22.0,15.0
1992-07-02,13.5,21.0,14.5
1992-07-03,14.0,20.0,14.5
1992-07-04,14.0,20.5,15.0
1992-07-05,13.5,19.5,14.0
1992-07-06,13.5,20.0,14.0
1992-07-07,13.5,20.0,14.0
1992-07-08,15.5,23.5,16.0
1992-07-09,14.5,22.0,15.0
1992-07-10,15.0,23.0,15.5
1992-07-11,14.0,22.0,15.0
1992-07-12,14.0,22.0,15.0
1992-07-13,14.5,19.5,15.5
1992-07-14,14.0,17.5,15.0
1992-07-15,13.5,18.0,14.5
1992-07-16,14.0,20.0,14.5
1992-07-17,14.5,20.5,15.0
1992-07-18,14.0,20.0,14.5
1992-07-19,14.5,21.0,15.0
1992-07-20,13.5,20.5,14.0
1992-07-21,13.5,19.5,14.0
1992-07-22,12.0,17.0,12.5
1992-07-23,12.0,16.0,12.5
1992-07-24,13.5,18.0,14.0
1992-07-25,13.5,18.5,13.5
1992-07-26,15.0,21.0,15.0
1992-07-27,15.0,20.5,15.0
1992-07-28,15.0,21.0,15.0
1992-07-29,14.5,20.5,14.5
1992-07-30,13.0,17.5,13.0
1992-07-31,13.0,18.5,14.0
1992-08-01,14.5,19.5,14.5
1992-08-02,15.0,20.5,14.5
1992-08-03,15.0,19.0,13.5
1992-08-04,14.0,18.0,13.0
1992-08-05,14.0,19.0,14.0
1992-08-06,14.5,18.5,13.5
1992-08-07,14.0,18.5,13.5
1992-08-08,14.0,21.5,15.5
1992-08-09,15.5,23.5,16.0
1992-08-10,16.0,24.0,16.0
1992-08-11,15.5,20.5,14.5
1992-08-12,14.0,18.5,13.5
1992-08-13,13.5,17.0,13.0
1992-08-14,13.5,17.5,13.0
1992-08-15,13.5,16.5,13.0
1992-08-16,13.5,16.5,13.0
1992-08-17,13.5,17.0,13.5
1992-08-18,14.5,19.5,14.5
1992-08-19,14.0,18.0,13.5
1992-08-20,14.0,18.0,13.5
1992-08-21,14.0,18.0,13.5
1992-08-22,13.5,18.5,14.0
1992-08-23,14.0,20.0,15.0
1992-08-24,15.0,22.0,16.0
1992-08-25,15.0,22.5,16.0
1992-08-26,13.5,19.0,14.5
1992-08-27,13.0,16.5,13.0
1992-08-28,12.5,15.0,12.0
1992-08-29,14.5,18.0,14.5
1992-08-30,14.0,18.0,14.5
1992-08-31,13.0,16.5,13.0
1992-09-01,13.5,16.5,13.0
1992-09-02,14.0,18.5,14.0
1992-09-03,14.0,18.5,14.0
1992-09-04,13.5,17.5,
1992-09-05,14.5,19.0,
1992-09-06,14.5,20.0,
1992-09-07,14.0,19.0,
1992-09-08,14.0,18.0,
1992-09-09,13.0,16.0,
1992-09-10,13.0,15.0,
1992-09-11,13.0,15.0,
1992-09-12,13.5,15.5,
1992-09-13,14.5,18.0,
1992-09-14,14.5,19.0,
1992-09-15,14.5,19.0,
1992-09-16,15.5,19.5,
1992-09-17,15.5,18.5,
1992-09-18,15.5,18.0,
1992-09-19,13.0,14.5,
1992-09-20,12.5,13.5,
1992-09-21,13.0,15.0,
1992-09-22,12.5,14.0,
1992-09-23,12.0,12.0,
1992-09-24,12.5,12.5,
1992-09-25,12.5,13.0,
1992-09-26,13.0,15.5,
1992-09-27,13.0,14.5,
1992-09-28,12.0,12.5,
1992-09-29,11.5,10.5,
1992-09-30,12.0,11.0,
1992-10-01,12.5,13.0,
1992-10-02,13.5,15.0,
1992-10-03,13.5,15.0,
1992-10-04,13.0,14.0,
1992-10-05,12.0,13.0,
1992-10-06,11.5,12.5,11.5
1992-10-07,11.5,12.5,11.5
1992-10-08,11.5,13.0,11.5
1992-10-09,11.0,11.5,10.5
1992-10-10,10.5,10.5,10.5
1992-10-11,10.5,10.5,10.0
1992-10-12,10.5,10.0,10.5
1992-10-13,9.5,8.0,9.0
1992-10-14,10.0,9.0,10.0
1992-10-15,9.5,8.5,9.5
1992-10-16,8.5,8.0,8.5
1992-10-17,7.5,6.0,7.5
1992-10-18,8.0,7.0,7.5
1992-10-19,7.0,5.5,6.0
1992-10-20,8.0,6.5,7.5
1992-10-21,9.0,8.5,8.5
1992-10-22,11.0,11.0,11.0
1992-10-23,12.5,14.5,12.5
1992-10-24,11.5,15.5,11.0
1992-10-25,11.0,14.0,10.0
1992-10-26,11.0,14.0,10.0
1992-10-27,9.5,11.0,8.0
1992-10-28,9.5,9.5,8.5
1992-10-29,9.5,9.0,8.5
1992-10-30,9.0,7.0,7.5
1992-10-31,9.0,6.5,8.0
1992-11-01,8.5,6.0,7.0
1992-11-02,8.5,6.0,7.5
1992-11-03,8.0,5.5,7.0
1992-11-04,7.5,5.0,6.5
1992-11-05,7.5,4.5,6.5
1992-11-06,7.0,4.0,6.0
1992-11-07,7.0,3.5,6.0
1992-11-08,7.5,4.0,6.5
1992-11-09,9.0,5.5,9.0
1992-11-10,9.5,7.5,9.0
1992-11-11,8.0,6.5,7.5
1992-11-12,7.5,6.0,7.0
1992-11-13,6.0,4.0,5.5
1992-11-14,6.0,3.0,5.5
1992-11-15,6.0,3.0,5.5
1992-11-16,7.0,3.0,6.5
1992-11-17,7.0,4.0,6.5
1992-11-18,7.0,3.5,6.0
1992-11-19,7.0,4.0,6.5
1992-11-20,7.5,5.5,7.0
1992-11-21,8.0,7.0,7.5
1992-11-22,6.5,6.0,6.0
1992-11-23,5.5,5.0,5.5
1992-11-24,6.5,5.5,6.5
1992-11-25,6.0,5.0,6.0
1992-11-26,5.5,3.0,5.0
1992-11-27,5.0,2.0,4.0
1992-11-28,5.5,1.5,4.5
1992-11-29,6.0,2.0,5.0
1992-11-30,6.0,2.5,5.5
1992-12-01,6.0,2.0,5.0
1992-12-02,6.0,2.0,5.0
1992-12-03,5.5,1.5,4.5
1992-12-04,5.5,1.0,4.5
1992-12-05,4.5,1.0,3.0
1992-12-06,5.0,1.0,4.0
1992-12-07,5.5,0.5,4.5
1992-12-08,5.5,0.5,4.5
1992-12-09,5.0,0.5,3.5
1992-12-10,5.5,0.5,4.5
1992-12-11,6.0,0.5,5.0
1992-12-12,5.5,0.5,4.0
1992-12-13,6.0,0.5,5.5
1992-12-14,6.5,0.5,5.5
1992-12-15,6.0,0.5,5.0
1992-12-16,5.0,1.5,3.0
1992-12-17,4.5,2.0,3.5
1992-12-18,4.5,1.0,3.5
1992-12-19,5.0,1.5,4.5
1992-12-20,4.0,1.0,2.5
1992-12-21,4.5,0.5,3.5
1992-12-22,5.5,0.5,4.0
1992-12-23,4.5,0.5,3.0
1992-12-24,3.0,0.5,1.0
1992-12-25,3.5,0.5,1.5
1992-12-26,4.0,0.5,2.0
1992-12-27,5.0,0.5,3.0
1992-12-28,6.0,0.5,4.0
1992-12-29,7.0,0.5,5.0
1992-12-30,6.5,0.5,4.0
1992-12-31,4.0,0.5,2.0
1993-01-01,4.5,0.5,1.5
1993-01-02,6.0,0.5,3.0
1993-01-03,7.5,0.5,4.5
1993-01-04,4.5,0.5,2.5
1993-01-05,6.0,0.5,3.5
1993-01-06,6.0,0.5,
1993-01-07,6.0,0.5,
1993-01-08,6.0,0.0,2.5
1993-01-09,6.0,0.0,2.5
1993-01-10,6.0,0.0,2.5
1993-01-11,6.5,0.0,3.5
1993-01-12,6.5,0.0,4.0
1993-01-13,6.5,0.0,3.5
1993-01-14,6.5,0.0,3.0
1993-01-15,6.5,0.0,3.0
1993-01-16,6.0,0.0,3.0
1993-01-17,5.5,0.5,2.0
1993-01-18,5.5,0.0,1.0
1993-01-19,5.5,0.5,1.5
1993-01-20,6.0,0.5,2.5
1993-01-21,7.5,0.5,4.5
1993-01-22,6.5,0.5,3.5
1993-01-23,6.0,0.5,4.0
1993-01-24,5.5,0.5,3.0
1993-01-25,6.0,0.5,2.5
1993-01-26,6.5,0.5,3.5
1993-01-27,6.5,0.5,4.0
1993-01-28,6.5,0.5,4.0
1993-01-29,5.0,0.5,1.5
1993-01-30,6.0,0.5,2.5
1993-01-31,7.0,0.5,4.5
1993-02-01,7.0,0.5,4.5
1993-02-02,7.0,0.5,4.0
1993-02-03,7.0,0.5,4.0
1993-02-04,6.5,0.5,3.5
1993-02-05,6.0,0.5,3.5
1993-02-06,6.0,0.5,3.5
1993-02-07,7.0,0.5,4.5
1993-02-08,7.0,0.5,4.5
1993-02-09,7.0,0.5,4.0
1993-02-10,7.0,0.5,4.5
1993-02-11,6.0,0.5,3.0
1993-02-12,6.5,0.5,3.5
1993-02-13,7.0,0.5,4.5
1993-02-14,6.5,0.5,4.0
1993-02-15,6.5,0.5,3.5
1993-02-16,6.0,0.5,3.0
1993-02-17,5.0,0.5,
1993-02-18,5.0,0.5,
1993-02-19,6.0,1.0,3.0
1993-02-20,6.5,1.0,3.5
1993-02-21,5.5,1.0,2.0
1993-02-22,6.0,1.0,3.0
1993-02-23,5.5,1.0,2.5
1993-02-24,5.0,1.5,1.0
1993-02-25,5.5,1.5,2.0
1993-02-26,6.0,1.5,2.5
1993-02-27,6.0,1.5,2.5
1993-02-28,6.5,1.5,3.5
1993-03-01,7.5,1.5,5.0
1993-03-02,7.5,2.0,5.5
1993-03-03,7.0,2.0,5.5
1993-03-04,6.5,2.0,4.5
1993-03-05,6.5,2.0,4.0
1993-03-06,6.5,2.0,3.5
1993-03-07,5.0,2.0,3.0
1993-03-08,3.0,2.5,2.0
1993-03-09,3.5,2.5,2.5
1993-03-10,4.5,2.5,3.0
1993-03-11,5.5,2.5,3.5
1993-03-12,5.5,2.5,3.0
1993-03-13,5.0,3.0,2.5
1993-03-14,5.0,3.0,2.5
1993-03-15,6.0,3.0,3.5
1993-03-16,3.5,3.0,2.5
1993-03-17,3.5,3.0,2.0
1993-03-18,5.0,3.5,3.0
1993-03-19,5.5,3.5,4.0
1993-03-20,7.0,4.5,5.5
1993-03-21,7.0,5.5,5.0
1993-03-22,6.0,5.0,3.5
1993-03-23,4.5,4.0,2.5
1993-03-24,3.5,4.0,2.0
1993-03-25,2.0,4.5,1.0
1993-03-26,2.0,4.5,1.5
1993-03-27,2.5,5.0,2.5
1993-03-28,3.5,6.5,3.0
1993-03-29,4.5,7.5,4.0
1993-03-30,5.5,8.5,5.0
1993-03-31,4.0,7.5,3.0
1993-04-01,3.0,5.5,2.5
1993-04-02,5.5,7.5,4.5
1993-04-03,6.5,8.0,5.0
1993-04-04,7.0,8.5,5.0
1993-04-05,7.0,7.5,5.0
1993-04-06,8.5,9.5,6.5
1993-04-07,8.5,10.0,7.0
1993-04-08,8.5,10.0,6.5
1993-04-09,9.0,11.0,7.5
1993-04-10,9.5,11.0,8.0
1993-04-11,7.5,8.5,6.0
1993-04-12,8.0,9.0,7.0
1993-04-13,8.5,9.5,7.5
1993-04-14,7.5,7.5,6.0
1993-04-15,5.0,6.0,4.0
1993-04-16,5.0,5.5,4.0
1993-04-17,8.0,8.5,7.0
1993-04-18,9.5,11.0,8.5
1993-04-19,8.5,9.5,7.5
1993-04-20,7.0,8.0,6.0
1993-04-21,9.0,9.5,8.0
1993-04-22,9.5,10.5,8.5
1993-04-23,10.5,12.0,10.0
1993-04-24,11.0,13.5,11.0
1993-04-25,11.0,13.5,11.0
1993-04-26,10.5,13.0,10.5
1993-04-27,9.5,10.5,9.0
1993-04-28,11.5,14.5,11.5
1993-04-29,12.0,15.0,11.5
1993-04-30,11.5,14.0,11.0
1993-05-01,11.0,13.0,10.5
1993-05-02,12.0,13.5,11.5
1993-05-03,12.0,13.5,11.5
1993-05-04,12.5,14.5,12.0
1993-05-05,13.0,15.0,12.0
1993-05-06,13.0,16.0,12.5
1993-05-07,12.5,15.0,12.0
1993-05-08,14.5,17.5,14.0
1993-05-09,14.5,18.5,14.5
1993-05-10,14.5,18.0,14.0
1993-05-11,14.5,19.0,14.5
1993-05-12,14.0,17.5,13.5
1993-05-13,13.0,15.0,12.0
1993-05-14,13.0,15.5,12.5
1993-05-15,12.5,15.0,12.0
1993-05-16,12.5,14.5,11.5
1993-05-17,11.0,11.5,10.0
1993-05-18,12.0,13.5,11.0
1993-05-19,12.0,13.5,10.5
1993-05-20,11.5,13.0,10.5
1993-05-21,12.0,14.0,11.5
1993-05-22,12.0,14.0,11.5
1993-05-23,11.5,14.0,11.5
1993-05-24,11.0,12.5,11.0
1993-05-25,11.0,14.0,11.0
1993-05-26,,15.5,12.0
1993-05-27,12.5,16.0,12.5
1993-05-28,13.0,14.0,12.0
1993-05-29,13.0,14.5,12.0
1993-05-30,11.5,12.5,12.0
1993-05-31,12.5,13.5,12.5
1993-06-01,12.5,13.0,12.5
1993-06-02,12.0,11.5,11.0
1993-06-03,13.0,15.0,12.0
1993-06-04,12.0,12.5,10.5
1993-06-05,13.0,15.0,11.5
1993-06-06,13.5,16.0,12.0
1993-06-07,13.5,14.5,12.5
1993-06-08,15.5,17.0,14.5
1993-06-09,14.5,17.0,13.5
1993-06-10,14.5,17.5,13.5
1993-06-11,14.5,18.0,13.5
1993-06-12,14.5,18.5,14.0
1993-06-13,14.0,17.5,13.5
1993-06-14,16.0,19.0,15.5
1993-06-15,14.5,16.0,13.5
1993-06-16,13.5,14.5,12.0
1993-06-17,14.5,16.5,13.0
1993-06-18,15.5,17.5,14.0
1993-06-19,15.0,17.0,12.0
1993-06-20,14.5,17.0,11.5
1993-06-21,15.5,18.5,12.0
1993-06-22,16.0,20.0,11.3
1993-06-23,16.0,20.5,10.8
1993-06-24,16.0,21.0,10.9
1993-06-25,16.5,20.5,
1993-06-26,15.5,19.5,
1993-06-27,16.0,19.5,13.0
1993-06-28,15.5,19.5,13.5
1993-06-29,14.5,18.5,13.5
1993-06-30,14.0,17.0,13.5
1993-07-01,14.0,17.0,13.0
1993-07-02,15.0,18.5,14.0
1993-07-03,15.5,20.0,14.5
1993-07-04,15.0,20.0,14.5
1993-07-05,17.5,20.0,17.5
1993-07-06,20.0,22.5,20.0
1993-07-07,18.5,21.0,16.0
1993-07-08,18.0,20.0,16.0
1993-07-09,19.5,22.0,20.5
1993-07-10,18.5,20.5,16.5
1993-07-11,17.5,19.0,16.5
1993-07-12,16.5,18.5,15.0
1993-07-13,15.0,17.5,14.0
1993-07-14,15.5,18.0,14.5
1993-07-15,15.5,19.0,14.5
1993-07-16,15.0,17.5,14.0
1993-07-17,15.5,18.5,15.0
1993-07-18,16.0,19.5,15.5
1993-07-19,16.5,19.5,15.5
1993-07-20,15.5,18.0,14.0
1993-07-21,15.0,17.0,13.5
1993-07-22,14.5,16.5,13.5
1993-07-23,14.5,17.0,13.5
1993-07-24,15.0,18.0,14.5
1993-07-25,18.5,21.0,19.5
1993-07-26,17.5,20.0,16.0
1993-07-27,15.5,18.0,14.5
1993-07-28,16.5,20.5,16.0
1993-07-29,15.5,18.5,14.5
1993-07-30,15.5,18.0,14.0
1993-07-31,14.5,16.5,13.0
1993-08-01,15.0,18.0,14.5
1993-08-02,14.5,17.0,13.5
1993-08-03,14.0,16.5,13.5
1993-08-04,14.0,15.5,12.5
1993-08-05,13.5,14.5,12.5
1993-08-06,14.0,15.5,13.0
1993-08-07,14.0,16.0,12.5
1993-08-08,14.0,16.0,13.0
1993-08-09,14.0,16.0,13.0
1993-08-10,15.0,18.0,14.0
1993-08-11,15.0,18.0,13.5
1993-08-12,15.0,18.0,14.0
1993-08-13,15.0,18.0,13.5
1993-08-14,14.5,17.5,13.5
1993-08-15,17.5,20.0,18.5
1993-08-16,17.5,19.5,16.0
1993-08-17,16.5,19.0,14.5
1993-08-18,15.0,17.0,13.5
1993-08-19,15.0,17.5,14.0
1993-08-20,14.5,17.0,13.5
1993-08-21,14.0,16.5,13.0
1993-08-22,13.5,16.0,13.0
1993-08-23,16.0,18.5,16.0
1993-08-24,16.0,19.0,16.0
1993-08-25,15.5,18.5,14.5
1993-08-26,15.0,19.0,14.5
1993-08-27,15.0,19.0,15.0
1993-08-28,13.0,17.0,13.0
1993-08-29,12.5,16.0,13.0
1993-08-30,15.0,18.0,14.5
1993-08-31,14.0,17.5,13.5
1993-09-01,,15.5,12.5
1993-09-02,12.5,16.0,13.0
1993-09-03,12.5,16.0,12.5
1993-09-04,12.5,15.5,
1993-09-05,12.5,15.0,
1993-09-06,12.5,14.5,11.5
1993-09-07,12.0,14.5,11.5
1993-09-08,12.5,14.0,12.0
1993-09-09,12.5,14.0,12.5
1993-09-10,11.5,13.0,11.5
1993-09-11,11.0,11.5,11.0
1993-09-12,13.0,15.0,13.5
1993-09-13,14.5,16.5,14.5
1993-09-14,15.0,16.5,15.5
1993-09-15,12.5,13.0,12.5
1993-09-16,12.0,12.5,12.0
1993-09-17,12.0,13.0,12.0
1993-09-18,12.0,13.0,12.0
1993-09-19,11.0,11.5,11.0
1993-09-20,11.5,11.5,11.0
1993-09-21,11.5,12.0,11.5
1993-09-22,12.0,13.0,12.0
1993-09-23,11.5,12.5,11.5
1993-09-24,11.0,11.5,11.0
1993-09-25,10.5,10.0,10.5
1993-09-26,11.0,11.5,11.5
1993-09-27,10.5,10.5,11.5
1993-09-28,10.5,10.0,9.5
1993-09-29,10.0,9.5,9.0
1993-09-30,10.0,9.0,9.0
1993-10-01,10.5,11.0,10.5
1993-10-02,10.0,9.0,9.0
1993-10-03,10.5,10.0,10.0
1993-10-04,10.5,10.5,10.0
1993-10-05,9.5,9.0,9.0
1993-10-06,11.0,11.5,11.0
1993-10-07,12.0,13.5,12.0
1993-10-08,11.5,12.0,11.0
1993-10-09,9.5,8.5,8.5
1993-10-10,9.0,7.5,8.0
1993-10-11,9.0,7.5,8.0
1993-10-12,9.5,8.0,8.5
1993-10-13,8.5,7.0,7.5
1993-10-14,9.5,8.0,8.5
1993-10-15,10.0,8.5,9.0
1993-10-16,10.5,10.0,10.0
1993-10-17,10.0,9.5,9.0
1993-10-18,9.0,8.5,8.5
1993-10-19,10.0,9.5,9.0
1993-10-20,9.5,8.5,8.5
1993-10-21,8.5,7.5,8.0
1993-10-22,8.0,7.0,7.5
1993-10-23,8.5,8.0,8.5
1993-10-24,9.5,9.0,9.0
1993-10-25,9.0,9.0,9.0
1993-10-26,9.0,8.5,8.5
1993-10-27,8.0,7.0,7.5
1993-10-28,8.0,6.5,7.5
1993-10-29,6.5,4.5,6.0
1993-10-30,7.0,5.0,6.0
1993-10-31,6.5,4.5,6.0
1993-11-01,6.5,4.5,6.0
1993-11-02,7.0,5.0,6.5
1993-11-03,7.5,6.0,7.0
1993-11-04,8.5,7.5,8.0
1993-11-05,8.0,6.0,7.0
1993-11-06,6.5,3.5,5.0
1993-11-07,6.0,3.0,5.0
1993-11-08,7.5,5.0,6.0
1993-11-09,7.0,5.0,6.0
1993-11-10,7.5,5.5,6.5
1993-11-11,7.5,5.5,7.0
1993-11-12,7.0,5.0,6.0
1993-11-13,8.5,7.5,8.0
1993-11-14,8.0,6.5,7.5
1993-11-15,7.5,5.5,7.0
1993-11-16,7.0,5.0,6.5
1993-11-17,7.5,5.5,6.5
1993-11-18,7.0,4.5,6.0
1993-11-19,7.5,5.0,6.5
1993-11-20,6.0,3.5,5.0
1993-11-21,7.0,5.0,6.5
1993-11-22,7.5,5.0,6.5
1993-11-23,8.0,6.0,7.0
1993-11-24,7.0,4.5,6.0
1993-11-25,7.0,4.0,6.0
1993-11-26,6.0,3.0,5.0
1993-11-27,5.0,2.0,4.0
1993-11-28,5.5,2.5,4.0
1993-11-29,6.0,3.0,4.5
1993-11-30,6.0,2.5,4.5
1993-12-01,6.5,4.0,5.5
1993-12-02,7.0,4.5,6.0
1993-12-03,6.5,4.0,5.5
1993-12-04,7.0,4.5,6.5
1993-12-05,6.5,4.5,6.5
1993-12-06,5.5,4.5,6.0
1993-12-07,5.0,3.0,5.0
1993-12-08,5.5,4.0,5.5
1993-12-09,,4.5,6.5
1993-12-10,,4.0,5.5
1993-12-11,,2.0,4.0
1993-12-12,,3.0,5.0
1993-12-13,,4.5,6.0
1993-12-14,6.0,4.5,6.5
1993-12-15,6.0,4.5,6.0
1993-12-16,6.0,5.0,6.5
1993-12-17,6.0,5.0,6.5
1993-12-18,6.0,5.0,6.5
1993-12-19,5.5,4.5,6.0
1993-12-20,5.0,4.0,5.5
1993-12-21,4.5,3.0,5.0
1993-12-22,4.5,2.5,4.5
1993-12-23,4.5,2.5,4.0
1993-12-24,3.5,0.5,3.0
1993-12-25,3.0,0.5,2.5
1993-12-26,3.5,0.0,2.0
1993-12-27,3.5,0.5,2.0
1993-12-28,3.5,0.0,2.0
1993-12-29,3.5,0.5,2.5
1993-12-30,3.5,0.0,2.0
1993-12-31,5.0,3.0,5.0
1994-01-01,5.0,3.5,5.0
1994-01-02,4.5,2.5,4.0
1994-01-03,4.5,2.5,4.0
1994-01-04,4.5,2.5,4.0
1994-01-05,3.5,0.5,2.0
1994-01-06,4.0,1.5,4.0
1994-01-07,,1.0,2.0
1994-01-08,,0.0,1.0
1994-01-09,,0.0,1.5
1994-01-10,,1.5,3.5
1994-01-11,,3.0,4.0
1994-01-12,,2.5,4.0
1994-01-13,,1.5,2.5
1994-01-14,,0.5,0.5
1994-01-15,,0.5,0.0
1994-01-16,,0.5,0.5
1994-01-17,,0.5,1.0
1994-01-18,,0.5,0.0
1994-01-19,,0.5,0.5
1994-01-20,,0.5,1.0
1994-01-21,,0.5,2.5
1994-01-22,,0.5,4.0
1994-01-23,,2.5,5.0
1994-01-24,,3.0,4.0
1994-01-25,,2.5,3.5
1994-01-26,,1.5,3.5
1994-01-27,,0.0,3.5
1994-01-28,,0.0,4.5
1994-01-29,,0.0,3.5
1994-01-30,,0.0,2.5
1994-01-31,,0.0,1.0
1994-02-01,,0.0,1.5
1994-02-02,,0.0,2.5
1994-02-03,,0.0,2.0
1994-02-04,,0.0,2.5
1994-02-05,,0.0,3.0
1994-02-06,,0.0,3.0
1994-02-07,,0.0,1.5
1994-02-08,,0.0,1.5
1994-02-09,,0.0,2.0
1994-02-10,,0.0,2.0
1994-02-11,,,3.5
1994-02-12,5.5,,3.5
1994-02-13,6.0,,4.0
1994-02-14,6.5,,4.5
1994-02-15,7.0,,5.0
1994-02-16,6.5,,4.0
1994-02-17,7.5,,6.0
1994-02-18,7.5,,6.0
1994-02-19,4.5,,3.0
1994-02-20,2.0,,1.5
1994-02-21,3.5,,3.5
1994-02-22,4.0,,3.0
1994-02-23,4.0,,2.0
1994-02-24,5.0,,3.5
1994-02-25,4.5,,2.5
1994-02-26,4.5,,2.5
1994-02-27,4.5,,2.5
1994-02-28,5.5,,4.5
1994-03-01,6.0,,5.0
1994-03-02,6.5,,5.5
1994-03-03,7.0,,6.0
1994-03-04,7.0,,6.0
1994-03-05,5.0,,3.5
1994-03-06,4.5,,3.5
1994-03-07,5.0,,4.0
1994-03-08,5.0,,4.0
1994-03-09,6.0,,4.5
1994-03-10,5.5,,4.5
1994-03-11,6.5,,5.0
1994-03-12,7.0,,6.0
1994-03-13,6.0,,5.0
1994-03-14,7.0,,6.0
1994-03-15,6.5,,5.5
1994-03-16,6.5,,5.0
1994-03-17,6.0,,5.0
1994-03-18,6.5,4.0,5.5
1994-03-19,7.5,5.5,6.5
1994-03-20,8.5,7.0,7.5
1994-03-21,8.5,7.0,6.5
1994-03-22,8.5,7.5,7.5
1994-03-23,9.0,7.5,8.0
1994-03-24,7.5,5.5,6.5
1994-03-25,8.0,6.5,7.0
1994-03-26,7.5,5.5,6.5
1994-03-27,8.5,7.0,7.5
1994-03-28,7.5,5.0,6.0
1994-03-29,7.0,5.0,5.5
1994-03-30,8.0,6.0,6.5
1994-03-31,8.5,7.0,7.0
1994-04-01,9.5,8.5,8.5
1994-04-02,9.5,8.0,8.0
1994-04-03,9.0,7.5,7.5
1994-04-04,8.5,7.0,7.5
1994-04-05,8.0,6.0,6.5
1994-04-06,7.5,5.5,6.0
1994-04-07,8.5,7.0,7.0
1994-04-08,8.0,6.0,6.5
1994-04-09,9.5,9.0,8.5
1994-04-10,10.0,9.5,8.5
1994-04-11,9.0,8.0,7.5
1994-04-12,8.0,6.5,6.5
1994-04-13,9.0,8.0,7.5
1994-04-14,10.5,10.5,9.5
1994-04-15,9.5,9.5,8.5
1994-04-16,9.5,12.0,8.5
1994-04-17,10.5,14.0,9.5
1994-04-18,11.5,14.0,11.0
1994-04-19,11.0,12.0,10.0
1994-04-20,9.5,9.5,8.5
1994-04-21,10.5,11.0,9.5
1994-04-22,10.5,11.0,9.5
1994-04-23,10.5,11.5,10.0
1994-04-24,12.0,14.5,12.0
1994-04-25,12.0,14.0,
1994-04-26,13.0,15.5,
1994-04-27,10.0,10.5,
1994-04-28,8.0,7.0,
1994-04-29,,10.0,
1994-04-30,7.5,6.5,6.0
1994-05-01,9.5,9.5,8.0
1994-05-02,10.0,11.0,9.0
1994-05-03,10.5,11.5,9.5
1994-05-04,10.5,11.5,9.5
1994-05-05,10.0,10.5,8.5
1994-05-06,10.5,11.5,9.0
1994-05-07,11.0,12.5,10.0
1994-05-08,11.0,12.5,10.0
1994-05-09,11.5,13.5,11.0
1994-05-10,11.0,13.0,10.5
1994-05-11,12.0,14.5,11.5
1994-05-12,11.5,14.0,11.0
1994-05-13,12.0,15.0,12.0
1994-05-14,11.0,13.0,10.5
1994-05-15,12.5,16.0,12.5
1994-05-16,12.0,15.5,11.5
1994-05-17,12.0,14.5,11.0
1994-05-18,12.0,14.5,11.0
1994-05-19,12.0,15.0,11.5
1994-05-20,12.5,15.5,12.0
1994-05-21,13.0,16.5,13.0
1994-05-22,13.0,17.0,13.5
1994-05-23,13.0,16.5,13.0
1994-05-24,12.5,16.0,13.0
1994-05-25,12.0,14.5,12.0
1994-05-26,12.0,14.5,11.5
1994-05-27,11.5,13.5,11.0
1994-05-28,12.5,14.5,12.5
1994-05-29,12.5,15.0,13.0
1994-05-30,13.5,17.0,14.5
1994-05-31,14.0,17.5,14.5
1994-06-01,13.0,15.0,
1994-06-02,13.0,14.5,
1994-06-03,12.5,14.5,
1994-06-04,13.0,15.5,
1994-06-05,13.0,15.0,
1994-06-06,14.5,17.5,
1994-06-07,13.0,14.5,
1994-06-08,13.0,15.0,
1994-06-09,13.0,14.5,
1994-06-10,12.5,14.5,
1994-06-11,13.0,16.0,
1994-06-12,13.5,17.0,
1994-06-13,14.0,18.5,
1994-06-14,15.5,22.0,
1994-06-15,15.5,23.5,
1994-06-16,15.5,23.5,
1994-06-17,15.0,23.5,
1994-06-18,15.0,23.0,
1994-06-19,15.0,23.0,
1994-06-20,15.0,22.5,
1994-06-21,15.0,23.0,
1994-06-22,14.0,20.5,
1994-06-23,13.0,16.5,
1994-06-24,14.5,18.0,
1994-06-25,15.0,18.0,
1994-06-26,15.5,18.0,
1994-06-27,15.5,18.0,
1994-06-28,15.0,18.0,
1994-06-29,15.0,17.5,
1994-06-30,14.5,17.5,
1994-07-01,15.0,18.5,
1994-07-02,14.0,17.5,
1994-07-03,13.0,16.5,
1994-07-04,15.0,19.5,
1994-07-05,16.0,20.5,
1994-07-06,16.0,19.5,
1994-07-07,15.5,19.0,
1994-07-08,16.0,18.5,
1994-07-09,14.5,17.0,
1994-07-10,14.0,17.0,
1994-07-11,14.5,18.0,
1994-07-12,15.0,19.0,
1994-07-13,13.0,16.5,
1994-07-14,12.5,15.5,
1994-07-15,14.0,17.5,
1994-07-16,13.5,17.0,
1994-07-17,14.5,18.0,
1994-07-18,14.5,18.5,
1994-07-19,15.0,19.0,
1994-07-20,16.0,19.0,
1994-07-21,15.5,18.0,
1994-07-22,15.5,17.5,
1994-07-23,15.0,18.0,
1994-07-24,15.0,18.0,
1994-07-25,15.0,18.0,
1994-07-26,14.5,16.5,
1994-07-27,14.0,15.5,
1994-07-28,14.5,16.0,
1994-07-29,14.0,16.0,
1994-07-30,14.0,16.5,
1994-07-31,14.5,17.0,
1994-08-01,14.5,18.0,
1994-08-02,14.5,18.0,
1994-08-03,14.0,17.0,
1994-08-04,14.0,17.5,
1994-08-05,13.5,15.5,
1994-08-06,13.0,15.0,12.5
1994-08-07,13.0,15.5,13.0
1994-08-08,13.5,16.5,13.5
1994-08-09,12.5,15.0,11.5
1994-08-10,12.5,14.0,11.5
1994-08-11,13.0,14.0,13.5
1994-08-12,13.0,14.0,12.5
1994-08-13,14.0,16.0,13.5
1994-08-14,14.0,15.5,13.0
1994-08-15,14.0,15.5,12.5
1994-08-16,14.0,15.5,12.5
1994-08-17,14.0,16.5,13.0
1994-08-18,14.0,16.5,13.5
1994-08-19,14.0,16.0,13.0
1994-08-20,13.5,15.5,13.0
1994-08-21,13.5,15.5,13.0
1994-08-22,13.5,15.0,12.5
1994-08-23,,15.5,13.0
1994-08-24,,17.5,14.0
1994-08-25,,17.0,13.5
1994-08-26,,17.5,14.0
1994-08-27,,17.5,14.0
1994-08-28,,,14.0
1994-08-29,,,12.5
1994-08-30,12.0,,11.5
1994-08-31,12.0,,12.0
1994-09-01,12.0,,11.5
1994-09-02,11.5,13.5,11.0
1994-09-03,12.0,13.5,12.0
1994-09-04,11.5,13.0,11.5
1994-09-05,11.5,13.5,12.0
1994-09-06,12.0,14.0,12.0
1994-09-07,12.0,14.0,12.0
1994-09-08,12.0,14.5,12.5
1994-09-09,12.5,14.5,12.5
1994-09-10,14.0,16.0,13.5
1994-09-11,14.0,16.0,13.5
1994-09-12,13.5,15.5,13.0
1994-09-13,15.0,17.0,14.5
1994-09-14,15.5,18.0,15.5
1994-09-15,16.5,18.5,15.5
1994-09-16,16.0,17.5,14.0
1994-09-17,14.5,16.0,11.0
1994-09-18,14.0,15.0,11.5
1994-09-19,13.5,15.0,11.5
1994-09-20,13.5,15.0,
1994-09-21,14.0,15.5,
1994-09-22,12.0,14.5,13.0
1994-09-23,12.5,14.5,13.5
1994-09-24,13.5,15.0,13.5
1994-09-25,14.0,15.5,14.0
1994-09-26,13.0,13.0,12.5
1994-09-27,12.0,12.5,11.5
1994-09-28,12.0,12.5,11.5
1994-09-29,12.0,12.2,11.0
1994-09-30,12.5,12.9,11.0
1994-10-01,12.5,13.5,11.0
1994-10-02,11.5,11.0,9.5
1994-10-03,11.5,11.5,12.5
1994-10-04,11.0,12.0,10.5
1994-10-05,10.5,11.5,9.0
1994-10-06,11.0,12.5,10.0
1994-10-07,12.0,14.0,11.5
1994-10-08,11.0,12.0,10.0
1994-10-09,10.0,10.5,8.5
1994-10-10,9.5,10.0,8.0
1994-10-11,9.5,10.0,8.5
1994-10-12,,10.5,8.5
1994-10-13,10.0,10.5,8.5
1994-10-14,10.5,11.5,9.0
1994-10-15,11.0,12.5,10.0
1994-10-16,11.5,14.0,11.0
1994-10-17,12.0,14.0,11.5
1994-10-18,12.0,15.0,12.0
1994-10-19,11.5,13.5,11.0
1994-10-20,11.0,12.5,10.0
1994-10-21,10.5,11.5,9.5
1994-10-22,11.0,12.5,10.0
1994-10-23,10.0,11.0,9.0
1994-10-24,9.0,9.0,7.5
1994-10-25,8.5,9.0,7.5
1994-10-26,9.0,9.5,8.0
1994-10-27,9.0,9.0,7.5
1994-10-28,9.5,10.0,8.5
1994-10-29,10.0,11.5,9.5
1994-10-30,9.5,9.5,8.0
1994-10-31,9.5,10.0,8.5
1994-11-01,9.0,9.0,7.5
1994-11-02,9.5,10.5,
1994-11-03,10.5,12.0,
1994-11-04,10.5,11.5,
1994-11-05,10.0,10.5,
1994-11-06,9.5,10.0,
1994-11-07,9.5,9.5,
1994-11-08,10.0,11.0,
1994-11-09,9.0,9.5,
1994-11-10,8.5,7.5,
1994-11-11,8.5,8.0,
1994-11-12,9.0,8.5,
1994-11-13,10.0,11.0,
1994-11-14,10.0,11.0,
1994-11-15,8.5,7.5,
1994-11-16,8.0,7.0,
1994-11-17,8.0,7.5,
1994-11-18,8.0,8.0,
1994-11-19,7.5,6.0,6.0
1994-11-20,8.5,8.0,7.5
1994-11-21,8.0,8.0,7.0
1994-11-22,6.5,4.5,4.5
1994-11-23,6.5,4.5,5.0
1994-11-24,7.0,5.5,5.5
1994-11-25,7.0,5.5,5.5
1994-11-26,6.5,4.5,4.5
1994-11-27,6.0,4.5,5.0
1994-11-28,5.0,4.5,4.5
1994-11-29,5.5,5.0,5.0
1994-11-30,6.0,4.5,5.0
1994-12-01,7.0,5.5,6.0
1994-12-02,7.5,6.5,6.5
1994-12-03,8.0,7.5,7.0
1994-12-04,8.0,7.0,7.0
1994-12-05,8.0,7.5,7.0
1994-12-06,6.0,4.0,4.5
1994-12-07,5.5,2.0,3.5
1994-12-08,5.5,2.5,3.5
1994-12-09,6.0,4.0,4.5
1994-12-10,5.5,2.0,3.0
1994-12-11,5.0,1.0,2.5
1994-12-12,5.5,1.0,2.5
1994-12-13,6.0,2.5,3.5
1994-12-14,6.0,3.0,4.0
1994-12-15,6.5,4.0,5.0
1994-12-16,7.0,4.5,5.5
1994-12-17,7.0,5.0,6.0
1994-12-18,6.5,3.5,4.5
1994-12-19,6.0,3.0,4.5
1994-12-20,7.0,5.0,6.0
1994-12-21,7.0,4.5,5.5
1994-12-22,7.0,4.0,5.5
1994-12-23,7.5,5.0,6.0
1994-12-24,7.5,5.0,6.0
1994-12-25,6.5,3.0,4.5
1994-12-26,7.0,3.5,5.0
1994-12-27,7.5,5.0,6.0
1994-12-28,7.0,4.5,5.5
1994-12-29,6.5,3.0,5.0
1994-12-30,6.5,3.0,5.0
1994-12-31,6.5,3.5,5.0
1995-01-01,5.5,1.5,3.5
1995-01-02,5.5,0.5,2.5
1995-01-03,5.0,0.5,2.0
1995-01-04,4.5,0.5,1.0
1995-01-05,5.0,0.0,1.5
1995-01-06,6.0,0.0,3.5
1995-01-07,5.5,0.0,2.5
1995-01-08,5.0,0.0,1.5
1995-01-09,5.5,0.0,2.0
1995-01-10,6.5,1.5,4.0
1995-01-11,7.0,3.5,6.0
1995-01-12,7.0,4.0,6.5
1995-01-13,7.0,4.0,6.5
1995-01-14,7.0,3.5,6.0
1995-01-15,6.5,3.0,5.5
1995-01-16,6.5,2.5,5.0
1995-01-17,6.5,3.0,5.5
1995-01-18,6.5,2.0,4.5
1995-01-19,6.0,1.0,4.0
1995-01-20,6.0,2.0,4.0
1995-01-21,5.5,1.0,3.5
1995-01-22,6.0,1.0,3.5
1995-01-23,6.0,0.5,3.0
1995-01-24,5.5,0.0,2.0
1995-01-25,6.0,1.0,3.5
1995-01-26,5.5,0.0,2.0
1995-01-27,6.0,1.0,3.5
1995-01-28,6.5,2.0,4.0
1995-01-29,6.0,0.5,3.0
1995-01-30,6.5,2.5,4.5
1995-01-31,7.0,2.5,5.0
1995-02-01,7.0,3.5,6.0
1995-02-02,7.0,4.0,5.5
1995-02-03,7.0,3.0,5.0
1995-02-04,5.5,1.0,3.0
1995-02-05,5.0,0.0,1.5
1995-02-06,5.5,0.0,1.5
1995-02-07,5.5,0.0,2.0
1995-02-08,5.5,0.0,2.0
1995-02-09,6.5,1.5,4.5
1995-02-10,6.0,2.0,3.5
1995-02-11,4.0,0.0,0.5
1995-02-12,5.0,0.0,1.5
1995-02-13,5.5,0.0,2.0
1995-02-14,6.0,0.0,2.5
1995-02-15,6.0,2.0,4.0
1995-02-16,6.5,2.0,3.5
1995-02-17,6.5,2.0,4.0
1995-02-18,7.0,3.5,5.5
1995-02-19,6.5,2.5,5.5
1995-02-20,6.5,2.0,4.0
1995-02-21,6.0,2.0,3.5
1995-02-22,7.0,3.5,5.0
1995-02-23,6.5,3.5,5.0
1995-02-24,6.5,3.0,4.5
1995-02-25,7.0,3.0,5.0
1995-02-26,6.0,1.5,3.5
1995-02-27,7.0,3.0,5.0
1995-02-28,7.0,3.5,4.5
1995-03-01,5.5,0.5,2.0
1995-03-02,6.0,0.5,2.5
1995-03-03,6.5,1.5,3.5
1995-03-04,7.0,3.0,4.5
1995-03-05,7.0,3.0,4.5
1995-03-06,6.5,2.5,4.0
1995-03-07,6.5,2.0,4.0
1995-03-08,6.5,2.5,4.0
1995-03-09,6.5,1.5,3.0
1995-03-10,7.5,4.5,5.5
1995-03-11,7.0,3.0,4.0
1995-03-12,8.0,6.5,5.5
1995-03-13,9.0,7.5,7.0
1995-03-14,9.0,7.5,7.0
1995-03-15,9.5,8.5,8.0
1995-03-16,9.5,8.0,7.5
1995-03-17,9.0,7.0,7.0
1995-03-18,8.5,6.0,6.5
1995-03-19,9.0,7.0,7.0
1995-03-20,7.5,5.0,5.5
1995-03-21,7.0,5.5,5.5
1995-03-22,8.0,6.5,6.5
1995-03-23,7.5,5.0,5.5
1995-03-24,8.5,6.5,6.5
1995-03-25,9.0,7.0,7.0
1995-03-26,8.5,6.5,6.5
1995-03-27,7.0,4.0,4.5
1995-03-28,6.5,4.5,4.5
1995-03-29,7.5,5.5,5.5
1995-03-30,7.5,5.0,5.5
1995-03-31,7.5,5.0,5.5
1995-04-01,8.0,6.0,6.0
1995-04-02,8.5,7.5,7.0
1995-04-03,9.5,9.5,8.5
1995-04-04,7.0,4.0,4.5
1995-04-05,7.5,4.0,5.0
1995-04-06,9.5,9.0,8.0
1995-04-07,8.0,6.0,6.0
1995-04-08,7.5,5.5,5.5
1995-04-09,7.5,5.5,5.0
1995-04-10,6.5,4.0,4.5
1995-04-11,7.0,5.5,5.5
1995-04-12,7.0,5.5,5.0
1995-04-13,9.0,8.5,7.5
1995-04-14,9.5,9.0,8.0
1995-04-15,8.5,7.5,7.0
1995-04-16,9.0,8.5,8.0
1995-04-17,10.0,10.5,9.5
1995-04-18,10.0,9.5,8.5
1995-04-19,9.5,9.0,8.0
1995-04-20,8.5,7.0,7.0
1995-04-21,8.0,7.0,6.5
1995-04-22,10.0,10.0,8.5
1995-04-23,9.5,9.5,8.0
1995-04-24,9.0,8.0,7.5
1995-04-25,9.5,9.0,8.0
1995-04-26,,9.0,8.0
1995-04-27,,8.5,7.5
1995-04-28,,10.5,9.0
1995-04-29,9.5,9.0,8.0
1995-04-30,10.0,10.0,9.0
1995-05-01,9.5,8.5,8.0
1995-05-02,10.0,11.0,9.5
1995-05-03,10.0,11.0,9.0
1995-05-04,10.0,10.5,9.5
1995-05-05,10.5,12.0,10.5
1995-05-06,11.0,13.0,11.0
1995-05-07,11.5,14.5,12.5
1995-05-08,10.0,10.5,10.0
1995-05-09,10.0,10.5,10.0
1995-05-10,9.5,10.0,9.5
1995-05-11,11.5,13.0,11.5
1995-05-12,12.0,13.5,11.5
1995-05-13,11.0,12.0,11.0
1995-05-14,12.0,13.5,11.5
1995-05-15,12.5,14.0,11.5
1995-05-16,12.5,14.0,12.5
1995-05-17,12.0,13.0,12.0
1995-05-18,11.0,10.5,11.0
1995-05-19,12.0,11.5,12.0
1995-05-20,12.0,11.5,12.5
1995-05-21,11.5,10.0,12.0
1995-05-22,12.0,10.0,12.5
1995-05-23,10.5,8.0,11.0
1995-05-24,11.0,8.5,10.5
1995-05-25,12.0,11.0,11.5
1995-05-26,12.0,11.5,11.5
1995-05-27,11.0,9.5,10.5
1995-05-28,12.5,11.5,13.0
1995-05-29,13.0,12.5,12.5
1995-05-30,13.5,14.5,12.5
1995-05-31,13.0,15.0,12.5
1995-06-01,13.0,15.0,12.5
1995-06-02,12.5,14.5,12.0
1995-06-03,13.5,16.5,13.5
1995-06-04,13.5,16.5,13.5
1995-06-05,13.5,17.5,14.0
1995-06-06,13.5,17.5,14.0
1995-06-07,14.5,19.0,14.5
1995-06-08,11.5,13.0,11.5
1995-06-09,12.0,14.0,12.0
1995-06-10,13.5,16.5,13.0
1995-06-11,13.0,17.0,13.0
1995-06-12,13.0,17.0,12.5
1995-06-13,13.0,17.0,13.0
1995-06-14,14.0,18.5,13.5
1995-06-15,14.5,19.0,14.0
1995-06-16,14.5,19.5,14.5
1995-06-17,15.0,20.5,14.5
1995-06-18,15.5,21.5,15.0
1995-06-19,15.0,21.5,15.0
1995-06-20,14.0,21.5,15.0
1995-06-21,14.5,22.0,15.0
1995-06-22,14.0,21.5,15.0
1995-06-23,14.5,22.0,15.0
1995-06-24,14.0,21.0,14.5
1995-06-25,14.0,20.5,14.5
1995-06-26,13.5,19.0,13.5
1995-06-27,13.0,18.0,13.5
1995-06-28,13.0,18.0,14.0
1995-06-29,14.0,19.5,14.5
1995-06-30,14.0,19.0,14.0
1995-07-01,13.0,17.0,13.5
1995-07-02,13.0,16.5,13.0
1995-07-03,,17.5,14.0
1995-07-04,,17.5,13.5
1995-07-05,,18.5,15.0
1995-07-06,,16.5,13.5
1995-07-07,14.5,17.5,14.0
1995-07-08,14.0,17.0,13.0
1995-07-09,14.5,18.5,14.0
1995-07-10,14.5,19.0,14.0
1995-07-11,15.0,20.5,14.5
1995-07-12,,21.5,15.5
1995-07-13,,24.0,16.5
1995-07-14,,24.5,16.5
1995-07-15,,24.0,16.0
1995-07-16,,22.0,15.5
1995-07-17,,21.0,15.0
1995-07-18,14.0,20.5,14.5
1995-07-19,14.0,19.5,13.5
1995-07-20,15.0,21.0,14.5
1995-07-21,15.0,21.0,14.5
1995-07-22,14.5,21.0,14.0
1995-07-23,15.0,21.5,14.5
1995-07-24,15.5,21.5,14.5
1995-07-25,15.5,22.0,15.0
1995-07-26,16.0,21.5,15.0
1995-07-27,16.0,21.0,14.5
1995-07-28,16.0,21.5,15.5
1995-07-29,16.0,22.0,15.0
1995-07-30,16.5,22.5,15.5
1995-07-31,17.0,23.5,16.0
1995-08-01,15.0,20.0,14.5
1995-08-02,14.5,18.0,13.5
1995-08-03,15.0,19.0,14.0
1995-08-04,15.5,20.0,14.0
1995-08-05,15.5,20.5,14.5
1995-08-06,15.5,19.5,14.5
1995-08-07,15.5,19.5,15.0
1995-08-08,15.5,20.0,16.0
1995-08-09,15.0,17.5,15.5
1995-08-10,15.5,18.5,15.0
1995-08-11,16.0,20.0,15.5
1995-08-12,16.0,21.0,15.5
1995-08-13,16.5,21.5,16.5
1995-08-14,16.0,21.5,15.5
1995-08-15,13.5,19.0,14.0
1995-08-16,14.0,19.0,15.5
1995-08-17,16.0,19.5,18.0
1995-08-18,15.5,19.5,15.5
1995-08-19,16.0,19.0,17.0
1995-08-20,15.0,18.0,15.5
1995-08-21,15.0,18.5,15.0
1995-08-22,14.5,18.5,14.5
1995-08-23,14.5,19.0,15.0
1995-08-24,13.5,17.5,13.5
1995-08-25,14.0,19.0,14.0
1995-08-26,13.5,18.5,13.5
1995-08-27,13.5,18.5,14.0
1995-08-28,14.0,18.5,14.5
1995-08-29,14.5,18.0,16.0
1995-08-30,16.0,19.5,16.0
1995-08-31,15.5,19.0,15.0
1995-09-01,14.0,16.5,13.5
1995-09-02,14.0,16.5,13.5
1995-09-03,14.5,17.0,13.5
1995-09-04,14.5,17.5,13.5
1995-09-05,14.0,17.0,13.0
1995-09-06,14.0,17.0,13.0
1995-09-07,13.0,14.5,11.5
1995-09-08,12.5,13.0,10.5
1995-09-09,13.0,13.5,11.0
1995-09-10,13.0,13.5,11.0
1995-09-11,13.0,13.5,11.0
1995-09-12,13.0,14.0,11.5
1995-09-13,14.5,16.5,13.0
1995-09-14,13.5,15.0,12.0
1995-09-15,13.0,14.5,11.5
1995-09-16,14.0,15.5,13.5
1995-09-17,13.0,14.0,12.0
1995-09-18,12.0,12.5,11.0
1995-09-19,11.0,12.5,11.5
1995-09-20,11.0,12.5,11.0
1995-09-21,10.0,11.0,10.0
1995-09-22,9.5,10.0,9.0
1995-09-23,9.5,9.5,9.5
1995-09-24,9.5,9.5,9.5
1995-09-25,10.5,11.5,10.5
1995-09-26,11.5,12.5,11.0
1995-09-27,11.0,12.5,11.0
1995-09-28,11.5,13.5,11.0
1995-09-29,11.0,13.0,10.5
1995-09-30,,14.5,12.0
1995-10-01,,14.5,12.0
1995-10-02,,13.0,10.5
1995-10-03,,13.0,11.0
1995-10-04,,12.5,10.0
1995-10-05,,12.0,10.5
1995-10-06,,12.0,11.5
1995-10-07,,11.0,10.5
1995-10-08,,11.5,10.5
1995-10-09,,12.5,11.0
1995-10-10,,11.5,10.0
1995-10-11,,12.0,10.5
1995-10-12,,13.5,11.5
1995-10-13,,14.0,12.0
1995-10-14,,10.5,9.5
1995-10-15,,9.0,8.5
1995-10-16,,8.5,8.0
1995-10-17,,11.0,10.0
1995-10-18,,11.0,9.5
1995-10-19,,11.5,10.0
1995-10-20,,9.5,9.0
1995-10-21,,7.0,7.5
1995-10-22,,8.0,8.0
1995-10-23,,9.5,9.0
1995-10-24,,8.0,8.0
1995-10-25,,7.5,8.0
1995-10-26,,9.0,8.5
1995-10-27,,9.5,9.5
1995-10-28,,9.5,9.0
1995-10-29,,8.0,8.0
1995-10-30,,7.5,8.0
1995-10-31,,7.0,7.0
1995-11-01,,8.0,8.0
1995-11-02,,7.5,7.0
1995-11-03,,5.0,6.0
1995-11-04,,4.5,5.5
1995-11-05,,4.5,5.5
1995-11-06,,6.5,7.0
1995-11-07,,5.5,6.5
1995-11-08,,3.0,5.0
1995-11-09,,3.0,5.0
1995-11-10,,5.0,6.5
1995-11-11,,2.0,4.5
1995-11-12,,2.5,4.5
1995-11-13,,3.0,5.0
1995-11-14,,2.0,5.0
1995-11-15,,2.0,4.5
1995-11-16,,4.5,6.0
1995-11-17,,4.5,6.0
1995-11-18,,4.5,6.0
1995-11-19,,5.0,6.5
1995-11-20,,4.5,6.0
1995-11-21,,3.0,5.0
1995-11-22,,1.5,4.5
1995-11-23,,1.0,4.5
1995-11-24,,1.0,4.0
1995-11-25,,3.0,5.5
1995-11-26,,4.0,6.0
1995-11-27,,1.5,4.0
1995-11-28,,0.0,3.5
1995-11-29,,0.0,3.0
1995-11-30,,1.0,4.5
1995-12-01,,3.0,5.5
1995-12-02,,3.5,5.5
1995-12-03,,4.0,6.0
1995-12-04,,3.0,5.5
1995-12-05,,2.5,5.0
1995-12-06,,0.0,3.5
1995-12-07,,0.0,3.0
1995-12-08,,0.0,3.0
1995-12-09,,0.0,1.0
1995-12-10,,0.0,1.0
1995-12-11,,0.0,1.0
1995-12-12,,0.0,2.0
1995-12-13,,0.0,3.0
1995-12-14,,0.0,5.0
1995-12-15,,2.0,4.0
1995-12-16,,1.0,3.0
1995-12-17,,1.5,4.0
1995-12-18,,2.5,4.5
1995-12-19,,2.0,4.0
1995-12-20,,1.0,3.0
1995-12-21,,1.5,3.5
1995-12-22,,2.0,4.0
1995-12-23,,2.5,4.5
1995-12-24,,2.0,4.0
1995-12-25,,1.5,3.5
1995-12-26,,1.0,3.5
1995-12-27,,0.0,2.5
1995-12-28,,0.0,2.0
1995-12-29,,0.0,3.0
1995-12-30,,2.0,4.5
1995-12-31,,3.0,5.0
1996-01-01,,3.0,5.5
1996-01-02,,1.0,3.5
1996-01-03,,0.0,2.0
1996-01-04,,0.5,2.5
1996-01-05,,0.0,1.5
1996-01-06,,0.0,1.5
1996-01-07,,0.0,1.5
1996-01-08,,0.0,2.0
1996-01-09,,0.0,3.5
1996-01-10,,0.0,2.5
1996-01-11,,1.5,4.0
1996-01-12,,2.5,5.0
1996-01-13,,3.0,5.0
1996-01-14,,2.5,4.5
1996-01-15,,1.5,3.5
1996-01-16,,1.5,4.0
1996-01-17,,2.5,5.0
1996-01-18,,0.5,3.0
1996-01-19,,0.0,1.5
1996-01-20,,0.0,2.5
1996-01-21,,0.0,3.5
1996-01-22,,1.5,4.5
1996-01-23,,0.5,3.5
1996-01-24,,0.0,3.0
1996-01-25,,0.0,2.0
1996-01-26,,0.0,2.0
1996-01-27,,0.0,2.5
1996-01-28,,0.0,2.0
1996-01-29,,0.0,2.0
1996-01-30,,0.0,1.0
1996-01-31,,0.0,0.5
1996-02-01,,0.0,1.0
1996-02-02,,0.0,1.0
1996-02-03,,0.0,0.5
1996-02-04,,0.0,1.0
1996-02-05,,0.0,2.0
1996-02-06,,0.0,2.5
1996-02-07,,0.0,4.5
1996-02-08,,0.0,5.0
1996-02-09,,0.0,4.5
1996-02-10,,0.0,3.0
1996-02-11,,0.0,3.0
1996-02-12,,0.0,4.0
1996-02-13,,0.0,4.5
1996-02-14,,1.5,5.0
1996-02-15,,1.0,4.5
1996-02-16,,0.5,4.0
1996-02-17,,1.0,4.0
1996-02-18,,0.5,3.5
1996-02-19,,2.5,5.0
1996-02-20,,2.5,6.0
1996-02-21,,2.0,5.0
1996-02-22,,3.0,5.5
1996-02-23,,3.0,4.5
1996-02-24,,3.0,4.5
1996-02-25,,4.0,5.0
1996-02-26,,2.0,3.5
1996-02-27,,1.0,2.0
1996-02-28,,0.0,2.0
1996-02-29,,0.0,2.5
1996-03-01,,0.5,3.5
1996-03-02,,0.0,2.5
1996-03-03,,0.0,2.0
1996-03-04,,0.0,3.5
1996-03-05,,0.5,4.0
1996-03-06,,0.0,2.0
1996-03-07,,0.0,1.5
1996-03-08,,0.0,2.0
1996-03-09,,0.0,3.5
1996-03-10,,0.5,4.5
1996-03-11,,4.0,6.0
1996-03-12,,5.5,6.5
1996-03-13,,6.0,7.0
1996-03-14,,5.0,6.5
1996-03-15,,5.5,6.5
1996-03-16,,5.0,6.5
1996-03-17,,3.0,5.0
1996-03-18,,4.0,5.5
1996-03-19,,4.0,5.5
1996-03-20,,3.5,5.0
1996-03-21,,3.5,5.0
1996-03-22,,4.5,5.5
1996-03-23,,5.0,6.0
1996-03-24,,5.0,6.5
1996-03-25,,3.5,4.0
1996-03-26,,0.5,2.5
1996-03-27,,3.0,4.5
1996-03-28,,4.5,6.0
1996-03-29,,6.5,7.0
1996-03-30,,6.5,7.0
1996-03-31,,6.5,6.5
1996-04-01,,6.5,6.5
1996-04-02,,7.5,7.5
1996-04-03,,5.0,6.0
1996-04-04,,3.5,5.0
1996-04-05,,6.0,6.0
1996-04-06,,5.0,6.0
1996-04-07,,6.0,6.5
1996-04-08,,5.5,6.0
1996-04-09,,6.5,7.0
1996-04-10,,8.0,8.0
1996-04-11,,10.5,9.5
1996-04-12,,8.0,8.0
1996-04-13,,6.5,7.0
1996-04-14,,4.5,5.5
1996-04-15,,4.5,5.5
1996-04-16,,6.5,6.0
1996-04-17,,8.5,8.0
1996-04-18,,10.5,9.5
1996-04-19,,10.0,8.5
1996-04-20,,8.5,8.0
1996-04-21,,10.0,9.0
1996-04-22,,10.5,9.5
1996-04-23,,10.0,9.0
1996-04-24,,11.5,10.0
1996-04-25,,11.0,10.0
1996-04-26,,9.0,8.0
1996-04-27,,10.0,8.5
1996-04-28,,9.5,9.0
1996-04-29,,5.5,5.5
1996-04-30,,6.0,5.5
1996-05-01,,8.5,7.5
1996-05-02,,9.0,8.0
1996-05-03,,9.5,1.0
1996-05-04,,11.0,11.5
1996-05-05,,8.0,11.0
1996-05-06,,8.0,8.5
1996-05-07,,10.0,9.0
1996-05-08,,9.0,8.5
1996-05-09,,10.5,9.5
1996-05-10,,10.0,9.5
1996-05-11,,10.0,9.0
1996-05-12,,10.5,9.0
1996-05-13,,11.0,9.0
1996-05-14,,8.0,7.5
1996-05-15,,9.5,8.5
1996-05-16,,11.0,9.5
1996-05-17,,15.0,12.5
1996-05-18,,19.5,14.5
1996-05-19,,19.0,14.5
1996-05-20,,14.0,11.5
1996-05-21,,15.0,12.0
1996-05-22,,14.5,12.0
1996-05-23,,13.0,11.0
1996-05-24,,11.5,10.0
1996-05-25,,10.5,9.5
1996-05-26,,11.0,10.0
1996-05-27,,10.0,9.5
1996-05-28,,10.0,9.5
1996-05-29,,14.0,11.5
1996-05-30,,14.0,11.5
1996-05-31,,15.0,12.0
1996-06-01,,14.0,12.0
1996-06-02,,15.5,14.0
1996-06-03,,13.0,12.0
1996-06-04,,12.5,11.5
1996-06-05,,13.5,11.5
1996-06-06,,14.5,13.0
1996-06-07,,12.5,13.0
1996-06-08,,12.0,11.5
1996-06-09,,13.0,12.0
1996-06-10,,13.5,12.0
1996-06-11,,15.5,12.5
1996-06-12,,17.5,13.5
1996-06-13,,19.0,14.0
1996-06-14,,19.0,14.0
1996-06-15,,19.0,14.0
1996-06-16,,16.5,13.0
1996-06-17,,18.5,18.5
1996-06-18,,17.0,15.5
1996-06-19,,15.0,13.5
1996-06-20,,17.0,14.0
1996-06-21,,17.0,14.0
1996-06-22,,18.0,14.0
1996-06-23,,16.0,13.0
1996-06-24,,16.0,13.0
1996-06-25,,17.0,13.0
1996-06-26,,18.0,13.5
1996-06-27,,19.5,14.0
1996-06-28,,20.5,14.5
1996-06-29,,23.0,16.0
1996-06-30,,23.0,15.5
1996-07-01,,20.5,14.0
1996-07-02,,20.0,14.5
1996-07-03,,19.5,13.5
1996-07-04,,19.0,13.0
1996-07-05,,19.5,13.5
1996-07-06,,19.0,13.0
1996-07-07,,20.0,14.0
1996-07-08,,18.5,13.5
1996-07-09,,16.5,12.0
1996-07-10,,16.5,12.5
1996-07-11,,17.0,12.5
1996-07-12,,17.5,13.0
1996-07-13,,17.5,12.5
1996-07-14,,16.5,12.0
1996-07-15,,17.0,13.0
1996-07-16,,18.0,13.0
1996-07-17,,17.5,13.0
1996-07-18,,20.5,17.0
1996-07-19,,18.0,14.0
1996-07-20,,16.5,13.0
1996-07-21,,16.5,13.0
1996-07-22,,16.5,13.0
1996-07-23,,17.0,13.5
1996-07-24,,17.5,13.5
1996-07-25,,16.0,12.5
1996-07-26,,16.0,12.5
1996-07-27,,16.5,13.0
1996-07-28,,16.5,13.0
1996-07-29,,17.0,13.0
1996-07-30,,17.0,13.0
1996-07-31,,15.5,12.0
1996-08-01,,16.5,13.0
1996-08-02,,17.5,13.0
1996-08-03,,18.0,13.5
1996-08-04,,18.5,14.0
1996-08-05,,20.0,15.5
1996-08-06,,20.5,18.0
1996-08-07,,21.0,16.5
1996-08-08,,18.5,14.5
1996-08-09,,17.0,13.5
1996-08-10,,16.5,13.0
1996-08-11,,16.0,13.0
1996-08-12,,17.0,13.5
1996-08-13,,16.5,13.0
1996-08-14,,18.0,14.0
1996-08-15,,16.5,13.0
1996-08-16,,16.0,12.5
1996-08-17,,16.5,13.0
1996-08-18,,16.5,13.0
1996-08-19,,17.0,13.5
1996-08-20,,17.5,14.0
1996-08-21,,17.5,14.0
1996-08-22,,17.0,13.5
1996-08-23,,16.5,13.5
1996-08-24,,16.0,13.0
1996-08-25,,16.5,13.0
1996-08-26,,16.5,13.5
1996-08-27,,15.5,12.5
1996-08-28,,16.0,12.5
1996-08-29,,15.0,12.5
1996-08-30,,15.5,12.5
1996-08-31,,15.5,12.5
1996-09-01,,16.0,13.0
1996-09-02,,16.0,13.0
1996-09-03,,16.0,13.0
1996-09-04,,15.5,13.0
1996-09-05,,16.0,13.0
1996-09-06,,16.0,13.0
1996-09-07,,15.5,13.0
1996-09-08,,14.5,12.0
1996-09-09,,15.5,13.0
1996-09-10,,15.0,12.5
1996-09-11,,15.0,12.5
1996-09-12,,12.0,11.0
1996-09-13,,12.0,10.5
1996-09-14,,11.0,10.5
1996-09-15,,13.0,11.5
1996-09-16,,12.5,11.0
1996-09-17,,12.5,11.0
1996-09-18,,11.5,10.5
1996-09-19,,12.0,10.5
1996-09-20,,12.0,11.0
1996-09-21,,13.0,11.5
1996-09-22,,13.0,11.5
1996-09-23,,11.5,10.5
1996-09-24,,12.5,11.0
1996-09-25,,11.0,10.0
1996-09-26,,11.5,10.5
1996-09-27,,12.0,11.0
1996-09-28,,11.5,10.5
1996-09-29,,12.0,10.5
1996-09-30,,12.5,11.0
1996-10-01,,13.0,11.0
1996-10-02,,12.0,10.0
1996-10-03,,9.0,8.0
1996-10-04,,9.0,8.0
1996-10-05,,10.5,9.0
1996-10-06,,12.5,10.5
1996-10-07,,11.0,9.0
1996-10-08,,9.0,7.5
1996-10-09,,8.5,7.5
1996-10-10,,9.0,7.5
1996-10-11,,8.0,7.0
1996-10-12,,10.5,9.0
1996-10-13,,11.5,10.0
1996-10-14,,10.5,10.0
1996-10-15,,11.0,11.0
1996-10-16,,12.5,11.5
1996-10-17,,12.5,12.0
1996-10-18,,8.5,9.0
1996-10-19,,7.0,8.0
1996-10-20,,7.5,8.5
1996-10-21,,9.0,9.5
1996-10-22,,9.5,10.0
1996-10-23,,8.5,9.0
1996-10-24,,7.5,8.5
1996-10-25,,8.0,9.0
1996-10-26,,9.5,10.0
1996-10-27,,10.5,10.5
1996-10-28,,7.0,8.0
1996-10-29,,6.5,8.0
1996-10-30,,6.0,7.0
1996-10-31,,3.0,5.0
1996-11-01,,3.0,4.5
1996-11-02,,3.0,4.5
1996-11-03,,3.5,5.0
1996-11-04,,4.5,6.0
1996-11-05,,6.0,7.0
1996-11-06,,7.0,8.0
1996-11-07,,5.0,6.5
1996-11-08,,3.5,5.0
1996-11-09,,3.0,4.5
1996-11-10,,2.0,3.5
1996-11-11,,1.0,3.0
1996-11-12,,0.0,2.5
1996-11-13,,0.5,2.5
1996-11-14,,0.0,2.0
1996-11-15,,1.0,3.0
1996-11-16,,4.0,5.5
1996-11-17,,4.0,5.0
1996-11-18,,1.0,3.5
1996-11-19,,1.0,3.0
1996-11-20,,0.5,3.0
1996-11-21,,2.0,3.5
1996-11-22,,2.0,3.5
1996-11-23,,2.0,3.5
1996-11-24,,1.0,3.0
1996-11-25,,0.0,2.0
1996-11-26,,0.0,0.5
1996-11-27,,0.0,1.0
1996-11-28,,0.0,2.5
1996-11-29,,1.5,3.5
1996-11-30,,3.0,4.0
1996-12-01,,1.5,3.0
1996-12-02,,0.5,2.5
1996-12-03,,1.5,3.0
1996-12-04,,1.0,2.5
1996-12-05,,2.0,3.5
1996-12-06,,3.0,4.0
1996-12-07,,1.0,2.5
1996-12-08,,1.5,2.5
1996-12-09,,2.0,3.0
1996-12-10,,2.5,3.5
1996-12-11,,3.5,4.0
1996-12-12,,3.5,4.5
1996-12-13,,3.5,4.0
1996-12-14,,3.5,4.0
1996-12-15,,3.5,3.5
1996-12-16,,1.5,2.5
1996-12-17,,1.5,2.5
1996-12-18,,0.0,0.5
1996-12-19,,0.0,0.5
1996-12-20,,0.0,0.0
1996-12-21,,0.5,2.0
1996-12-22,,3.0,3.5
1996-12-23,,2.5,3.5
1996-12-24,,0.5,1.0
1996-12-25,,0.0,0.0
1996-12-26,,0.0,0.0
1996-12-27,,0.0,1.0
1996-12-28,,1.5,4.0
1996-12-29,,2.0,2.0
1996-12-30,,1.5,2.0
1996-12-31,,2.0,2.5
1997-01-01,,3.0,3.5
1997-01-02,,4.0,4.5
1997-01-03,,4.0,4.0
1997-01-04,,1.5,2.0
1997-01-05,,1.0,1.0
1997-01-06,,0.0,0.5
1997-01-07,,0.0,0.0
1997-01-08,,0.0,1.0
1997-01-09,,0.5,2.5
1997-01-10,,1.5,2.0
1997-01-11,,0.0,0.0
1997-01-12,,0.0,0.0
1997-01-13,,0.0,0.0
1997-01-14,,0.0,0.0
1997-01-15,,0.0,1.0
1997-01-16,,0.0,0.0
1997-01-17,,0.0,0.0
1997-01-18,,0.0,0.0
1997-01-19,,0.0,1.0
1997-01-20,,0.0,2.5
1997-01-21,,0.0,3.0
1997-01-22,,0.0,1.0
1997-01-23,,0.0,1.5
1997-01-24,,1.0,2.0
1997-01-25,,0.0,0.5
1997-01-26,,0.0,0.0
1997-01-27,,0.0,1.0
1997-01-28,,0.0,0.0
1997-01-29,,0.0,0.5
1997-01-30,,0.0,1.0
1997-01-31,,0.5,3.5
1997-02-01,,3.0,4.0
1997-02-02,,2.5,4.0
1997-02-03,,2.0,3.0
1997-02-04,,1.5,3.0
1997-02-05,,2.5,4.0
1997-02-06,,2.5,3.5
1997-02-07,,2.0,3.5
1997-02-08,,2.5,4.0
1997-02-09,,1.5,3.5
1997-02-10,,2.0,3.5
1997-02-11,,2.0,3.5
1997-02-12,,1.0,2.5
1997-02-13,,0.0,1.5
1997-02-14,,0.5,3.0
1997-02-15,,1.0,2.5
1997-02-16,,1.5,3.0
1997-02-17,,2.0,4.0
1997-02-18,,1.5,2.5
1997-02-19,,2.5,3.0
1997-02-20,,1.5,3.0
1997-02-21,,0.5,1.0
1997-02-22,,1.5,2.5
1997-02-23,,2.0,3.5
1997-02-24,,1.0,2.5
1997-02-25,,1.0,3.5
1997-02-26,,2.5,4.5
1997-02-27,,3.5,5.0
1997-02-28,,3.5,5.0
1997-03-01,,1.5,2.5
1997-03-02,,2.0,3.5
1997-03-03,,2.5,4.0
1997-03-04,,3.0,4.5
1997-03-05,,3.0,4.5
1997-03-06,,1.5,3.5
1997-03-07,,2.5,4.5
1997-03-08,,4.0,5.5
1997-03-09,,1.5,3.0
1997-03-10,,4.0,4.5
1997-03-11,,5.0,5.5
1997-03-12,,3.5,4.5
1997-03-13,,2.0,4.0
1997-03-14,,1.5,3.5
1997-03-15,,0.5,2.5
1997-03-16,,1.5,3.5
1997-03-17,,4.0,5.0
1997-03-18,,3.5,4.5
1997-03-19,,4.5,5.5
1997-03-20,,6.5,7.0
1997-03-21,,7.0,7.0
1997-03-22,,5.0,6.0
1997-03-23,,4.5,5.5
1997-03-24,,2.0,4.0
1997-03-25,,3.5,4.0
1997-03-26,,6.0,6.5
1997-03-27,,8.0,8.0
1997-03-28,,7.0,7.0
1997-03-29,,6.0,6.5
1997-03-30,,6.5,6.5
1997-03-31,,7.5,7.5
1997-04-01,,8.0,8.0
1997-04-02,,9.0,9.0
1997-04-03,,11.0,10.5
1997-04-04,,10.5,10.5
1997-04-05,,10.0,10.0
1997-04-06,,6.0,7.0
1997-04-07,,3.5,5.0
1997-04-08,,3.5,4.5
1997-04-09,,5.0,6.0
1997-04-10,,4.5,6.0
1997-04-11,,4.0,5.5
1997-04-12,,2.0,4.0
1997-04-13,,6.0,6.5
1997-04-14,,6.5,7.0
1997-04-15,,8.0,8.0
1997-04-16,,5.5,6.5
1997-04-17,,7.5,8.0
1997-04-18,,6.5,7.0
1997-04-19,,7.0,8.0
1997-04-20,,8.5,8.5
1997-04-21,,10.5,9.5
1997-04-22,,9.0,9.0
1997-04-23,,9.0,9.5
1997-04-24,,10.0,10.0
1997-04-25,,10.5,10.5
1997-04-26,,10.0,10.0
1997-04-27,,10.5,10.5
1997-04-28,,12.0,11.5
1997-04-29,,13.0,11.0
1997-04-30,,9.5,10.5
1997-05-01,,9.5,10.0
1997-05-02,,8.0,9.0
1997-05-03,,10.0,9.5
1997-05-04,,10.5,10.0
1997-05-05,,12.5,11.0
1997-05-06,,12.5,11.0
1997-05-07,,9.5,9.0
1997-05-08,,13.0,11.5
1997-05-09,,11.0,10.0
1997-05-10,,12.0,11.0
1997-05-11,,12.5,11.5
1997-05-12,,11.5,10.5
1997-05-13,,11.5,10.5
1997-05-14,,9.0,9.0
1997-05-15,,8.5,8.5
1997-05-16,,8.5,8.5
1997-05-17,,12.5,11.0
1997-05-18,,10.0,9.5
1997-05-19,,11.5,10.5
1997-05-20,,11.5,10.5
1997-05-21,,12.5,10.5
1997-05-22,,13.5,11.5
1997-05-23,,14.5,12.5
1997-05-24,,12.0,11.0
1997-05-25,,12.0,11.0
1997-05-26,,11.0,10.5
1997-05-27,,11.5,10.5
1997-05-28,,12.0,11.0
1997-05-29,,12.0,11.5
1997-05-30,,12.0,11.5
1997-05-31,,15.0,13.0
1997-06-01,,15.5,13.0
1997-06-02,,16.5,13.5
1997-06-03,,14.5,12.0
1997-06-04,,15.0,12.5
1997-06-05,,13.5,11.5
1997-06-06,,14.5,12.0
1997-06-07,,13.5,11.5
1997-06-08,,15.0,12.5
1997-06-09,,16.5,13.0
1997-06-10,,17.0,13.5
1997-06-11,,16.5,13.0
1997-06-12,,17.0,13.5
1997-06-13,,17.5,13.5
1997-06-14,,17.0,13.0
1997-06-15,,16.0,13.0
1997-06-16,,17.0,15.0
1997-06-17,,16.5,13.5
1997-06-18,,17.0,13.5
1997-06-19,,16.5,13.0
1997-06-20,,18.5,14.5
1997-06-21,,19.0,15.0
1997-06-22,,18.5,15.0
1997-06-23,,19.5,16.0
1997-06-24,,20.0,16.0
1997-06-25,,19.5,15.5
1997-06-26,,18.5,14.5
1997-06-27,,19.0,14.5
1997-06-28,,19.5,15.0
1997-06-29,,19.0,14.0
1997-06-30,,18.5,14.5
1997-07-01,,20.0,15.5
1997-07-02,,20.5,15.5
1997-07-03,,17.0,14.0
1997-07-04,,16.0,13.0
1997-07-05,,16.0,13.0
1997-07-06,,17.5,14.0
1997-07-07,,16.5,13.0
1997-07-08,,17.0,15.0
1997-07-09,,17.0,14.5
1997-07-10,,16.5,14.0
1997-07-11,,18.0,14.5
1997-07-12,,18.5,14.5
1997-07-13,,19.5,15.5
1997-07-14,,21.0,16.0
1997-07-15,,20.5,15.5
1997-07-16,,21.0,16.0
1997-07-17,,20.5,15.5
1997-07-18,,19.0,14.5
1997-07-19,,17.5,14.0
1997-07-20,,18.0,14.5
1997-07-21,,19.0,16.0
1997-07-22,,18.5,15.5
1997-07-23,,18.0,14.5
1997-07-24,,17.5,14.5
1997-07-25,,18.0,15.0
1997-07-26,,20.0,16.0
1997-07-27,,18.5,16.0
1997-07-28,,18.5,16.5
1997-07-29,,17.5,15.0
1997-07-30,,16.5,14.0
1997-07-31,,16.5,14.0
1997-08-01,,16.0,13.5
1997-08-02,,17.5,15.0
1997-08-03,,18.0,14.5
1997-08-04,,17.5,14.5
1997-08-05,,16.5,14.0
1997-08-06,,16.0,13.5
1997-08-07,,16.0,
1997-08-08,,16.5,
1997-08-09,,16.0,
1997-08-10,,16.5,
1997-08-11,,15.5,
1997-08-12,,15.0,
1997-08-13,,16.0,
1997-08-14,,15.0,
1997-08-15,,17.5,
1997-08-16,,17.5,15.0
1997-08-17,,16.0,13.5
1997-08-18,,15.0,13.0
1997-08-19,,14.0,12.5
1997-08-20,,14.5,12.5
1997-08-21,,15.0,13.0
1997-08-22,,14.5,13.0
1997-08-23,,13.5,12.5
1997-08-24,,14.5,13.0
1997-08-25,,14.0,13.0
1997-08-26,,14.5,13.0
1997-08-27,,16.0,14.0
1997-08-28,,16.0,13.5
1997-08-29,,15.0,13.0
1997-08-30,,14.5,13.0
1997-08-31,,16.0,13.5
1997-09-01,,16.0,14.0
1997-09-02,,15.5,13.5
1997-09-03,,13.5,
1997-09-04,,12.5,
1997-09-05,,12.0,
1997-09-06,,14.5,13.0
1997-09-07,,14.0,12.5
1997-09-08,,14.5,12.5
1997-09-09,,14.5,12.5
1997-09-10,,14.0,12.5
1997-09-11,,12.5,11.5
1997-09-12,,12.5,
1997-09-13,,12.0,
1997-09-14,,14.0,
1997-09-15,,14.5,
1997-09-16,,15.0,13.5
1997-09-17,,16.0,14.0
1997-09-18,,14.5,13.0
1997-09-19,,16.0,
1997-09-20,,14.0,
1997-09-21,,11.5,
1997-09-22,,11.0,
1997-09-23,,12.5,
1997-09-24,,11.0,
1997-09-25,,12.5,12.0
1997-09-26,,12.5,12.0
1997-09-27,,13.0,12.0
1997-09-28,,14.0,13.0
1997-09-29,,12.5,12.0
1997-09-30,,12.5,12.0
1997-10-01,,11.0,11.0
1997-10-02,,12.0,11.5
1997-10-03,,14.5,13.0
1997-10-04,,15.5,14.0
1997-10-05,,14.0,13.0
1997-10-06,,14.5,13.0
1997-10-07,,16.0,14.0
1997-10-08,,16.5,14.5
1997-10-09,,15.5,14.0
1997-10-10,,11.5,11.0
1997-10-11,,12.5,11.5
1997-10-12,,14.0,13.0
1997-10-13,,13.0,12.0
1997-10-14,,8.0,8.5
1997-10-15,,7.5,8.5
1997-10-16,,9.5,9.5
1997-10-17,,8.5,9.0
1997-10-18,,8.0,8.5
1997-10-19,,7.5,8.5
1997-10-20,,7.0,8.0
1997-10-21,,6.0,7.0
1997-10-22,,6.0,7.5
1997-10-23,,6.0,7.5
1997-10-24,,7.5,8.5
1997-10-25,,7.0,8.0
1997-10-26,,3.5,5.5
1997-10-27,,4.0,6.0
1997-10-28,,4.5,6.5
1997-10-29,,6.0,7.5
1997-10-30,,7.0,8.5
1997-10-31,,10.0,10.0
1997-11-01,,9.0,9.5
1997-11-02,,6.5,7.5
1997-11-03,,6.0,7.0
1997-11-04,,6.0,7.5
1997-11-05,,6.0,7.5
1997-11-06,,6.0,7.5
1997-11-07,,7.0,8.0
1997-11-08,,7.0,8.0
1997-11-09,,6.5,8.0
1997-11-10,,5.5,7.0
1997-11-11,,3.5,5.5
1997-11-12,,1.5,4.5
1997-11-13,,3.0,5.5
1997-11-14,,3.5,6.0
1997-11-15,,2.5,5.0
1997-11-16,,1.5,4.0
1997-11-17,,0.5,4.0
1997-11-18,,2.0,5.0
1997-11-19,,2.0,5.0
1997-11-20,,2.0,5.0
1997-11-21,,1.5,4.5
1997-11-22,,1.5,4.5
1997-11-23,,0.5,4.0
1997-11-24,,0.0,3.5
1997-11-25,,3.0,6.0
1997-11-26,,4.0,6.0
1997-11-27,,3.0,5.5
1997-11-28,,5.0,7.0
1997-11-29,,5.5,7.0
1997-11-30,,5.0,6.5
1997-12-01,,4.0,6.0
1997-12-02,,4.0,6.0
1997-12-03,,3.0,5.5
1997-12-04,,3.0,5.5
1997-12-05,,1.0,4.0
1997-12-06,,1.5,4.5
1997-12-07,,2.5,5.0
1997-12-08,,1.5,4.5
1997-12-09,,2.5,5.0
1997-12-10,,2.5,5.0
1997-12-11,,3.5,5.5
1997-12-12,,2.0,4.5
1997-12-13,,0.5,4.0
1997-12-14,,0.5,3.5
1997-12-15,,2.0,5.0
1997-12-16,,3.0,5.5
1997-12-17,,1.5,4.5
1997-12-18,,3.0,5.5
1997-12-19,,4.0,6.0
1997-12-20,,2.5,5.0
1997-12-21,,0.5,3.5
1997-12-22,,2.0,5.0
1997-12-23,,2.5,5.0
1997-12-24,,1.5,4.0
1997-12-25,,1.5,4.5
1997-12-26,,1.5,4.5
1997-12-27,,0.0,2.5
1997-12-28,,0.0,4.0
1997-12-29,,1.5,4.0
1997-12-30,,0.0,3.0
1997-12-31,,0.0,2.0
1998-01-01,,0.0,3.5
1998-01-02,,1.0,5.5
1998-01-03,,5.0,6.0
1998-01-04,,2.0,4.0
1998-01-05,,3.5,5.0
1998-01-06,,4.0,5.0
1998-01-07,,3.0,4.5
1998-01-08,,1.0,3.5
1998-01-09,,1.5,4.0
1998-01-10,,0.0,0.5
1998-01-11,,0.0,1.5
1998-01-12,,0.0,2.5
1998-01-13,,0.0,0.5
1998-01-14,,0.0,1.5
1998-01-15,,0.0,3.5
1998-01-16,,0.0,4.0
1998-01-17,,0.5,4.0
1998-01-18,,0.5,3.0
1998-01-19,,1.5,4.0
1998-01-20,,2.0,4.0
1998-01-21,,1.0,3.5
1998-01-22,,1.5,4.5
1998-01-23,,2.0,4.5
1998-01-24,,2.5,4.5
1998-01-25,,1.0,3.5
1998-01-26,,2.5,5.0
1998-01-27,,3.0,5.5
1998-01-28,,3.0,5.5
1998-01-29,,3.0,5.5
1998-01-30,,2.5,4.5
1998-01-31,,3.0,5.0
1998-02-01,,3.0,5.5
1998-02-02,,3.0,5.0
1998-02-03,,2.5,5.0
1998-02-04,,1.5,4.0
1998-02-05,,1.5,4.0
1998-02-06,,1.0,4.0
1998-02-07,,1.5,4.0
1998-02-08,,2.0,4.5
1998-02-09,,3.0,5.0
1998-02-10,,3.5,5.5
1998-02-11,,3.5,5.5
1998-02-12,,3.5,5.0
1998-02-13,,2.5,4.5
1998-02-14,,4.0,5.5
1998-02-15,,4.5,5.0
1998-02-16,,4.0,4.5
1998-02-17,,3.5,4.0
1998-02-18,,3.5,4.5
1998-02-19,,4.5,5.5
1998-02-20,,4.5,5.5
1998-02-21,,4.5,6.0
1998-02-22,,5.5,6.5
1998-02-23,,4.5,6.5
1998-02-24,,7.0,7.5
1998-02-25,,5.5,6.5
1998-02-26,,7.5,8.0
1998-02-27,,5.5,6.5
1998-02-28,,5.0,6.0
1998-03-01,,4.5,6.0
1998-03-02,,4.0,5.5
1998-03-03,,4.0,5.5
1998-03-04,,3.5,5.5
1998-03-05,,4.5,6.0
1998-03-06,,4.0,5.5
1998-03-07,,4.5,5.5
1998-03-08,,1.0,2.5
1998-03-09,,0.0,2.0
1998-03-10,,0.0,2.5
1998-03-11,,0.0,2.5
1998-03-12,,0.5,3.0
1998-03-13,,1.0,4.0
1998-03-14,,2.0,4.0
1998-03-15,,1.5,3.5
1998-03-16,,2.0,4.0
1998-03-17,,2.0,4.5
1998-03-18,,2.0,3.5
1998-03-19,,3.0,4.0
1998-03-20,,3.5,4.5
1998-03-21,,4.0,5.0
1998-03-22,,5.0,5.0
1998-03-23,,6.0,6.0
1998-03-24,,6.0,6.0
1998-03-25,,7.5,7.5
1998-03-26,,12.0,11.0
1998-03-27,,13.0,11.5
1998-03-28,,10.5,10.0
1998-03-29,,12.5,11.5
1998-03-30,,13.5,12.0
1998-03-31,,10.0,10.0
1998-04-01,,8.0,8.0
1998-04-02,,7.0,7.5
1998-04-03,,6.5,7.5
1998-04-04,,9.0,9.0
1998-04-05,,9.0,8.5
1998-04-06,,10.0,9.5
1998-04-07,,10.0,9.5
1998-04-08,,8.0,8.0
1998-04-09,,7.0,7.5
1998-04-10,,9.0,8.5
1998-04-11,,9.5,9.0
1998-04-12,,12.5,11.0
1998-04-13,,10.5,10.0
1998-04-14,,13.0,11.5
1998-04-15,,9.0,9.0
1998-04-16,,6.5,6.5
1998-04-17,,8.5,8.5
1998-04-18,,10.5,9.5
1998-04-19,,10.0,9.5
1998-04-20,,9.0,9.0
1998-04-21,,10.0,9.5
1998-04-22,,11.5,10.0
1998-04-23,,12.0,11.0
1998-04-24,,13.0,11.5
1998-04-25,,11.5,10.5
1998-04-26,,10.0,9.5
1998-04-27,,10.5,9.5
1998-04-28,,10.5,9.5
1998-04-29,,12.5,11.0
1998-04-30,,13.0,11.0
1998-05-01,,12.5,11.0
1998-05-02,,12.0,10.5
1998-05-03,,11.5,10.5
1998-05-04,,14.5,12.0
1998-05-05,,15.0,12.5
1998-05-06,,13.5,12.0
1998-05-07,,13.0,11.5
1998-05-08,,15.0,13.0
1998-05-09,,15.0,13.0
1998-05-10,,14.5,12.0
1998-05-11,,15.0,12.0
1998-05-12,,15.5,13.0
1998-05-13,,16.5,13.0
1998-05-14,,17.5,14.0
1998-05-15,,18.5,15.0
1998-05-16,,18.5,14.5
1998-05-17,,17.5,14.0
1998-05-18,,19.0,14.5
1998-05-19,,18.5,14.0
1998-05-20,,16.0,13.0
1998-05-21,,15.5,12.5
1998-05-22,,12.5,11.0
1998-05-23,,15.5,12.5
1998-05-24,,13.0,11.5
1998-05-25,,15.5,12.5
1998-05-26,,16.5,13.0
1998-05-27,,17.5,13.5
1998-05-28,,19.0,14.5
1998-05-29,,19.0,14.5
1998-05-30,,17.5,13.5
1998-05-31,,18.0,14.5
1998-06-01,,15.0,12.5
1998-06-02,,16.0,13.0
1998-06-03,,14.5,12.0
1998-06-04,,13.5,11.5
1998-06-05,,13.5,11.5
1998-06-06,,12.5,11.0
1998-06-07,,13.5,11.5
1998-06-08,,13.5,11.0
1998-06-09,,13.0,11.5
1998-06-10,,14.0,12.0
1998-06-11,,14.5,13.0
1998-06-12,,17.0,14.5
1998-06-13,,16.0,13.5
1998-06-14,,15.0,13.0
1998-06-15,,16.5,13.5
1998-06-16,,16.5,13.5
1998-06-17,,17.0,13.5
1998-06-18,,17.5,15.5
1998-06-19,,18.0,17.0
1998-06-20,,18.5,15.5
1998-06-21,,18.5,16.0
1998-06-22,,17.5,14.0
1998-06-23,,18.0,14.5
1998-06-24,,20.0,15.5
1998-06-25,,20.5,16.0
1998-06-26,,20.5,15.5
1998-06-27,,21.0,16.5
1998-06-28,,22.0,22.0
1998-06-29,,18.5,15.5
1998-06-30,,18.0,15.0
1998-07-01,,18.5,14.5
1998-07-02,,18.5,14.5
1998-07-03,,18.0,16.0
1998-07-04,,17.5,16.5
1998-07-05,,17.0,14.5
1998-07-06,,17.5,14.5
1998-07-07,,17.5,14.5
1998-07-08,,17.5,14.5
1998-07-09,,18.0,14.5
1998-07-10,,18.0,14.5
1998-07-11,,17.5,14.0
1998-07-12,,17.5,14.0
1998-07-13,,18.0,14.5
1998-07-14,,19.0,15.0
1998-07-15,,19.5,15.0
1998-07-16,,18.5,14.5
1998-07-17,,18.5,14.5
1998-07-18,,18.5,14.0
1998-07-19,,19.0,16.0
1998-07-20,,19.0,15.0
1998-07-21,,19.0,16.0
1998-07-22,,17.5,14.5
1998-07-23,,17.0,14.0
1998-07-24,,16.0,13.5
1998-07-25,,16.0,13.0
1998-07-26,,16.0,13.5
1998-07-27,,17.0,14.0
1998-07-28,,17.0,14.0
1998-07-29,,16.5,13.5
1998-07-30,,17.0,14.0
1998-07-31,,16.0,13.5
1998-08-01,,15.5,13.0
1998-08-02,,16.0,13.5
1998-08-03,,16.5,13.5
1998-08-04,,16.5,14.0
1998-08-05,,16.5,16.0
1998-08-06,,16.5,14.5
1998-08-07,,16.5,14.5
1998-08-08,,17.5,14.5
1998-08-09,,17.0,14.5
1998-08-10,,17.0,14.5
1998-08-11,,16.5,14.0
1998-08-12,,15.5,13.5
1998-08-13,,16.0,13.5
1998-08-14,,16.0,14.0
1998-08-15,,16.5,14.0
1998-08-16,,16.0,14.0
1998-08-17,,16.5,14.0
1998-08-18,,16.0,14.0
1998-08-19,,15.5,13.5
1998-08-20,,16.0,14.0
1998-08-21,,16.5,14.0
1998-08-22,,16.5,15.0
1998-08-23,,17.5,16.5
1998-08-24,,16.5,14.5
1998-08-25,,16.5,15.0
1998-08-26,,15.5,14.0
1998-08-27,,15.0,13.5
1998-08-28,,15.5,14.0
1998-08-29,,15.5,14.0
1998-08-30,,15.0,13.5
1998-08-31,,14.0,13.0
1998-09-01,,14.5,13.0
1998-09-02,,14.0,12.5
1998-09-03,,14.0,13.0
1998-09-04,,14.0,13.0
1998-09-05,,14.0,13.0
1998-09-06,,15.0,13.0
1998-09-07,,15.0,13.5
1998-09-08,,13.0,12.0
1998-09-09,,12.5,11.5
1998-09-10,,13.0,12.0
1998-09-11,,14.0,13.0
1998-09-12,,14.5,13.0
1998-09-13,,14.5,13.5
1998-09-14,,16.0,15.0
1998-09-15,,16.5,15.5
1998-09-16,,15.0,14.0
1998-09-17,,14.0,13.0
1998-09-18,,14.0,13.0
1998-09-19,,15.0,13.5
1998-09-20,,15.0,13.5
1998-09-21,,13.5,12.5
1998-09-22,,13.0,12.0
1998-09-23,,12.0,11.0
1998-09-24,,12.5,11.5
1998-09-25,,13.0,12.5
1998-09-26,,16.0,14.5
1998-09-27,,16.0,14.0
1998-09-28,,13.5,12.0
1998-09-29,,14.0,13.0
1998-09-30,,13.5,
1999-05-01,,12.3,
1999-05-02,,12.6,
1999-05-03,,13.2,
1999-05-04,,14.0,
1999-05-05,,14.6,
1999-05-06,,11.1,
1999-05-07,,11.0,
1999-05-08,,10.9,
1999-05-09,,12.8,
1999-05-10,,13.5,
1999-05-11,,14.1,
1999-05-12,,12.5,
1999-05-13,,11.6,
1999-05-14,,12.9,
1999-05-15,,12.4,
1999-05-16,,13.5,
1999-05-17,,14.7,
1999-05-18,,14.3,
1999-05-19,,13.7,
1999-05-20,,13.1,
1999-05-21,,12.8,
1999-05-22,,14.9,
1999-05-23,,13.1,
1999-05-24,,11.0,
1999-05-25,,12.2,
1999-05-26,,14.0,
1999-05-27,,14.3,
1999-05-28,,16.2,
1999-05-29,,16.4,
1999-05-30,,16.0,
1999-05-31,,15.6,
1999-06-01,,15.0,
1999-06-02,,15.6,
1999-06-03,,15.0,
1999-06-04,,12.9,
1999-06-05,,16.7,
1999-06-06,,18.3,
1999-06-07,,18.9,
1999-06-08,,17.4,
1999-06-09,,17.6,
1999-06-10,,17.5,
1999-06-11,,18.7,
1999-06-12,,18.1,
1999-06-13,,16.3,
1999-06-14,,16.1,
1999-06-15,,13.5,
1999-06-16,,13.9,
1999-06-17,,14.3,
1999-06-18,,14.8,
1999-06-19,,15.8,
1999-06-20,,16.3,
1999-06-21,,16.6,
1999-06-22,,17.1,
1999-06-23,,16.4,
1999-06-24,,17.4,
1999-06-25,,17.7,
1999-06-26,,17.6,
1999-06-27,,17.3,
1999-06-28,,16.4,
1999-06-29,,15.7,
1999-07-02,,15.9,
1999-07-03,,17.1,
1999-07-04,,20.6,
1999-07-05,,21.4,
1999-07-06,,20.2,
1999-07-07,,17.7,
1999-07-08,,16.9,
1999-07-09,,18.9,
1999-07-10,,17.3,
1999-07-11,,16.0,
1999-07-12,,16.4,
1999-07-13,,16.2,
1999-07-14,,17.7,
1999-07-15,,19.0,
1999-07-16,,20.0,
1999-07-17,,20.5,
1999-07-18,,17.5,
1999-07-19,,16.7,
1999-07-20,,18.3,
1999-07-21,,20.2,
1999-07-22,,19.6,
1999-07-23,,19.1,
1999-07-24,,19.2,
1999-07-25,,18.9,
1999-07-26,,18.9,
1999-07-27,,18.6,
1999-07-28,,18.7,
1999-07-29,,19.3,
1999-07-30,,20.4,
1999-07-31,,20.6,
1999-08-01,,18.2,
1999-08-02,,17.3,
1999-08-03,,17.0,
1999-08-04,,17.7,
1999-08-06,,17.1,
1999-08-07,,16.3,
1999-08-08,,16.4,
1999-08-09,,14.7,
1999-08-10,,16.6,
1999-08-11,,16.6,
1999-08-12,,16.2,
1999-08-13,,16.1,
1999-08-14,,15.0,
1999-08-15,,15.3,
1999-08-16,,16.1,
1999-08-17,,16.5,
1999-08-18,,15.5,
1999-08-19,,15.5,
1999-08-20,,15.6,
1999-08-21,,15.6,
1999-08-22,,14.9,
1999-08-23,,15.1,
1999-08-24,,16.0,
1999-08-25,,16.2,
1999-08-26,,16.4,
1999-08-27,,16.5,
1999-08-28,,16.9,
1999-08-29,,15.9,
1999-08-30,,14.6,
1999-08-31,,14.6,
1999-09-01,,14.8,
1999-09-02,,15.6,
1999-09-03,,16.2,
1999-09-04,,16.4,
1999-09-05,,15.7,
1999-09-06,,14.7,
1999-09-07,,14.4,
1999-09-08,,15.5,
1999-09-09,,13.1,
1999-09-10,,13.4,
1999-09-11,,13.2,
1999-09-12,,13.2,
1999-09-13,,12.3,
1999-09-14,,12.4,
1999-09-15,,11.8,
1999-09-16,,11.6,
1999-09-17,,11.6,
1999-09-18,,12.1,
1999-09-19,,12.8,
1999-09-20,,11.8,
1999-09-21,,10.8,
1999-09-22,,10.8,
1999-09-23,,12.0,
1999-09-24,,11.9,
1999-09-25,,11.7,
1999-09-26,,13.8,
1999-09-27,,13.0,
1999-09-28,,12.1,
1999-09-29,,11.5,
1999-09-30,,11.4,
1999-10-01,,10.0,
1999-10-02,,9.5,
1999-10-03,,8.0,
1999-10-04,,8.5,
1999-10-05,,10.0,
1999-10-06,,9.5,
1999-10-07,,10.0,
1999-10-08,,11.5,
1999-10-09,,11.5,
1999-10-10,,12.0,
1999-10-11,,10.5,
1999-10-12,,11.0,
1999-10-13,,11.0,
1999-10-14,,9.0,
1999-10-15,,10.5,
1999-10-16,,11.5,
1999-10-17,,9.0,
1999-10-18,,8.0,
1999-10-19,,9.0,
1999-10-20,,8.0,
1999-10-21,,8.5,
1999-10-22,,8.5,
1999-10-23,,7.0,
1999-10-24,,6.5,
1999-10-25,,7.5,
1999-10-26,,8.0,
1999-10-27,,8.0,
1999-10-28,,9.5,
1999-10-29,,10.0,
1999-10-30,,11.5,
1999-10-31,,10.5,
1999-11-01,,9.5,
1999-11-02,,7.5,
1999-11-03,,5.5,
1999-11-04,,6.0,
1999-11-05,,7.5,
1999-11-06,,6.0,
1999-11-07,,6.0,
1999-11-08,,8.0,
1999-11-09,,10.5,
1999-11-10,,9.5,
1999-11-11,,8.0,
1999-11-12,,8.0,
1999-11-13,,8.5,
1999-11-14,,8.0,
1999-11-15,,6.0,
1999-11-16,,5.5,
1999-11-17,,5.5,
1999-11-18,,7.5,
1999-11-19,,8.5,
1999-11-20,,7.5,
1999-11-21,,6.5,
1999-11-22,,8.0,
1999-11-23,,8.5,
1999-11-24,,6.5,
1999-11-25,,5.0,
1999-11-26,,5.5,
1999-11-27,,5.5,
1999-11-28,,4.0,
1999-11-29,,3.0,
1999-11-30,,2.5,
1999-12-01,,4.0,
1999-12-02,,6.0,
1999-12-03,,8.0,
1999-12-04,,8.0,
1999-12-05,,6.0,
1999-12-06,,4.0,
1999-12-07,,4.0,
1999-12-08,,5.0,
1999-12-09,,5.5,
1999-12-10,,3.5,
1999-12-11,,2.5,
1999-12-12,,4.0,
1999-12-13,,4.0,
1999-12-14,,4.0,
1999-12-15,,4.5,
1999-12-16,,2.0,
1999-12-17,,1.0,
1999-12-18,,0.0,
1999-12-19,,1.5,
1999-12-20,,1.0,
1999-12-21,,0.0,
1999-12-22,,0.0,
1999-12-23,,0.0,
1999-12-24,,0.0,
1999-12-25,,0.0,
1999-12-26,,0.0,
1999-12-27,,0.5,
1999-12-28,,1.0,
1999-12-29,,3.0,
1999-12-30,,3.5,
1999-12-31,,3.0,
2000-01-01,,3.5,
2000-01-02,,4.5,
2000-01-03,,3.0,
2000-01-04,,2.0,
2000-01-05,,1.0,
2000-01-06,,2.0,
2000-01-07,,0.5,
2000-01-08,,2.0,
2000-01-09,,4.0,
2000-01-10,,4.5,
2000-01-11,,3.0,
2000-01-12,,1.0,
2000-01-13,,0.5,
2000-01-14,,0.0,
2000-01-15,,1.5,
2000-01-16,,1.5,
2000-01-17,,0.5,
2000-01-18,,2.0,
2000-01-19,,0.5,
2000-01-20,,0.0,
2000-01-21,,0.0,
2000-01-22,,0.0,
2000-01-23,,0.0,
2000-01-24,,0.0,
2000-01-25,,0.0,
2000-01-26,,0.0,
2000-01-27,,0.0,
2000-01-28,,0.0,
2000-01-29,,0.0,
2000-01-30,,0.0,
2000-01-31,,1.5,
2000-02-01,,2.5,
2000-02-02,,1.0,
2000-02-03,,2.0,
2000-02-04,,2.5,
2000-02-05,,1.5,
2000-02-06,,2.0,
2000-02-07,,3.0,
2000-02-08,,1.0,
2000-02-09,,3.5,
2000-02-10,,3.5,
2000-02-11,,2.0,
2000-02-12,,1.0,
2000-02-13,,1.5,
2000-02-14,,2.5,
2000-02-15,,3.5,
2000-02-16,,3.5,
2000-02-17,,2.0,
2000-02-18,,1.5,
2000-02-19,,2.0,
2000-02-20,,3.0,
2000-02-21,,3.0,
2000-02-22,,4.0,
2000-02-23,,2.0,
2000-02-24,,3.0,
2000-02-25,,5.0,
2000-02-26,,5.5,
2000-02-27,,5.5,
2000-02-28,,5.0,
2000-02-29,,6.5,
2000-03-01,,6.0,
2000-03-02,,4.5,
2000-03-03,,4.5,
2000-03-04,,6.0,
2000-03-05,,7.0,
2000-03-06,,7.5,
2000-03-07,,10.5,
2000-03-08,,10.0,
2000-03-09,,6.5,
2000-03-10,,4.0,
2000-03-11,,4.5,
2000-03-12,,5.0,
2000-03-13,,5.5,
2000-03-14,,5.5,
2000-03-15,,6.5,
2000-03-16,,5.0,
2000-03-17,,4.5,
2000-03-18,,3.5,
2000-03-19,,3.5,
2000-03-20,,5.0,
2000-03-21,,7.0,
2000-03-22,,8.0,
2000-03-23,,8.5,
2000-03-24,,8.5,
2000-03-25,,9.0,
2000-03-26,,7.0,
2000-03-27,,7.0,
2000-03-28,,5.5,
2000-03-29,,7.5,
2000-03-30,,8.0,
2000-03-31,,9.0,
2000-04-01,,8.5,
2000-04-02,,9.5,
2000-04-03,,9.5,
2000-04-04,,7.5,
2000-04-05,,6.5,
2000-04-06,,9.5,
2000-04-07,,4.5,
2000-04-08,,6.0,
2000-04-09,,8.5,
2000-04-10,,5.5,
2000-04-11,,5.5,
2000-04-12,,7.5,
2000-04-13,,8.0,
2000-04-14,,11.5,
2000-04-15,,11.0,
2000-04-16,,6.5,
2000-04-17,,6.0,
2000-04-18,,8.5,
2000-04-19,,8.0,
2000-04-20,,7.5,
2000-04-21,,9.0,
2000-04-22,,10.5,
2000-04-23,,10.5,
2000-04-24,,11.0,
2000-04-25,,11.0,
2000-04-26,,12.0,
2000-04-27,,12.0,
2000-04-28,,11.0,
2000-04-29,,11.5,
2000-04-30,,12.0,
2000-05-01,,14.0,
2000-05-02,,13.5,
2000-05-03,,14.5,
2000-05-04,,16.0,
2000-05-05,,17.0,
2000-05-06,,17.0,
2000-05-07,,18.5,
2000-05-08,,16.5,
2000-05-09,,13.5,
2000-05-10,,12.0,
2000-05-11,,12.5,
2000-05-12,,13.5,
2000-05-13,,11.0,
2000-05-14,,11.5,
2000-05-15,,12.5,
2000-05-16,,14.0,
2000-05-17,,12.5,
2000-05-18,,11.5,
2000-05-19,,11.5,
2000-05-20,,12.5,
2000-05-21,,12.5,
2000-05-22,,14.5,
2000-05-23,,16.0,
2000-05-24,,15.5,
2000-05-25,,14.5,
2000-05-26,,13.5,
2000-05-27,,12.0,
2000-05-28,,12.0,
2000-05-29,,13.5,
2000-05-30,,13.5,
2000-05-31,,16.0,
2000-06-01,,18.0,
2000-06-02,,18.0,
2000-06-03,,15.5,
2000-06-04,,13.0,
2000-06-05,,13.5,
2000-06-06,,14.5,
2000-06-07,,14.5,
2000-06-08,,17.5,
2000-06-09,,18.5,
2000-06-10,,19.0,
2000-06-11,,19.0,
2000-06-12,,14.5,
2000-06-13,,15.0,
2000-06-14,,17.0,
2000-06-15,,16.5,
2000-06-16,,16.5,
2000-06-17,,15.0,
2000-06-18,,16.0,
2000-06-19,,17.0,
2000-06-20,,17.5,
2000-06-21,,17.5,
2000-06-22,,17.0,
2000-06-23,,15.0,
2000-06-24,,14.5,
2000-06-25,,17.5,
2000-06-26,,17.5,
2000-06-27,,16.5,
2000-06-28,,15.5,
2000-06-29,,15.5,
2000-06-30,,16.0,
2000-07-01,,17.5,
2000-07-02,,16.5,
2000-07-03,,18.5,
2000-07-04,,16.5,
2000-07-05,,17.5,
2000-07-06,,18.0,
2000-07-07,,16.5,
2000-07-08,,17.5,
2000-07-09,,18.5,
2000-07-10,,19.0,
2000-07-11,,18.0,
2000-07-12,,17.5,
2000-07-13,,18.0,
2000-07-14,,18.5,
2000-07-15,,17.5,
2000-07-16,,17.0,
2000-07-17,,18.0,
2000-07-18,,16.0,
2000-07-19,,15.5,
2000-07-20,,15.0,
2000-07-21,,14.5,
2000-07-22,,15.0,
2000-07-23,,15.0,
2000-07-24,,15.5,
2000-07-25,,15.5,
2000-07-26,,16.0,
2000-07-27,,16.5,
2000-07-28,,16.0,
2000-07-29,,16.0,
2000-07-30,,16.0,
2000-07-31,,16.5,
2000-08-01,,16.5,
2000-08-02,,17.0,
2000-08-03,,16.0,
2000-08-04,,16.0,
2000-08-05,,15.0,
2000-08-06,,17.5,
2000-08-07,,17.0,
2000-08-08,,17.0,
2000-08-09,,17.0,
2000-08-10,,16.5,
2000-08-11,,16.0,
2000-08-12,,16.0,
2000-08-13,,16.5,
2000-08-14,,17.0,
2000-08-15,,17.5,
2000-08-16,,15.5,
2000-08-17,,15.0,
2000-08-18,,15.0,
2000-08-19,,14.5,
2000-08-20,,15.0,
2000-08-21,,15.0,
2000-08-22,,15.0,
2000-08-23,,15.0,
2000-08-24,,15.5,
2000-08-25,,15.5,
2000-08-26,,16.5,
2000-08-27,,16.5,
2000-08-28,,16.0,
2000-08-29,,16.0,
2000-08-30,,15.5,
2000-08-31,,17.5,
2000-09-01,,17.5,
2000-09-02,,17.5,
2000-09-03,,17.0,
2000-09-04,,15.5,
2000-09-05,,14.0,
2000-09-06,,13.5,
2000-09-07,,14.5,
2000-09-08,,15.5,
2000-09-09,,15.5,
2000-09-10,,16.5,
2000-09-11,,17.0,
2000-09-12,,16.0,
2000-09-13,,14.5,
2000-09-14,,15.0,
2000-09-15,,13.0,
2000-09-16,,12.5,
2000-09-17,,13.5,
2000-09-18,,14.0,
2000-09-19,,14.5,
2000-09-20,,13.5,
2000-09-21,,12.0,
2000-09-22,,11.5,
2000-09-23,,12.5,
2000-09-24,,12.0,
2000-09-25,,11.0,
2000-09-26,,11.0,
2000-09-27,,11.5,
2000-09-28,,11.5,
2000-09-29,,12.0,
2000-09-30,,13.0,
2000-10-01,,13.5,
2000-10-02,,14.0,
2000-10-03,,11.5,
2000-10-04,,11.5,
2000-10-05,,11.0,
2000-10-06,,9.0,
2000-10-07,,7.5,
2000-10-08,,8.0,
2000-10-09,,7.5,
2000-10-10,,8.0,
2000-10-11,,8.5,
2000-10-12,,9.5,
2000-10-13,,12.0,
2000-10-14,,13.5,
2000-10-15,,11.0,
2000-10-16,,10.5,
2000-10-17,,10.0,
2000-10-18,,10.0,
2000-10-19,,10.5,
2000-10-20,,12.0,
2000-10-21,,10.5,
2000-10-22,,10.5,
2000-10-23,,11.5,
2000-10-24,,12.5,
2000-10-25,,12.5,
2000-10-26,,13.0,
2000-10-27,,12.0,
2000-10-28,,10.0,
2000-10-29,,9.0,
2000-10-30,,9.5,
2000-10-31,,10.5,
2000-11-01,,11.5,
2000-11-02,,12.0,
2000-11-03,,9.0,
2000-11-04,,8.0,
2000-11-05,,8.0,
2000-11-06,,9.0,
2000-11-07,,8.5,
2000-11-08,,7.0,
2000-11-09,,6.5,
2000-11-10,,6.5,
2000-11-11,,7.0,
2000-11-12,,7.5,
2000-11-13,,6.5,
2000-11-14,,5.0,
2000-11-15,,4.5,
2000-11-16,,5.0,
2000-11-17,,4.5,
2000-11-18,,3.5,
2000-11-19,,3.5,
2000-11-20,,3.0,
2000-11-21,,1.0,
2000-11-22,,1.5,
2000-11-23,,3.0,
2000-11-24,,3.0,
2000-11-25,,4.0,
2000-11-26,,5.5,
2000-11-27,,5.0,
2000-11-28,,5.0,
2000-11-29,,5.0,
2000-11-30,,5.5,
2000-12-01,,4.0,
2000-12-02,,2.5,
2000-12-03,,2.0,
2000-12-04,,3.0,
2000-12-05,,0.5,
2000-12-06,,0.0,
2000-12-07,,2.0,
2000-12-08,,1.5,
2000-12-09,,0.5,
2000-12-10,,2.0,
2000-12-11,,0.0,
2000-12-12,,0.0,
2000-12-13,,0.0,
2000-12-14,,0.0,
2000-12-15,,0.5,
2000-12-16,,1.5,
2000-12-17,,0.5,
2000-12-18,,0.0,
2000-12-19,,0.0,
2000-12-20,,0.0,
2000-12-21,,0.0,
2000-12-22,,0.0,
2000-12-23,,0.0,
2000-12-24,,0.0,
2000-12-25,,0.0,
2000-12-26,,0.0,
2000-12-27,,0.0,
2000-12-28,,0.0,
2000-12-29,,0.0,
2000-12-30,,0.0,
2000-12-31,,0.5,
2001-01-01,,0.0,
2001-01-02,,0.0,
2001-01-03,,0.0,
2001-01-04,,0.5,
2001-01-05,,2.0,
2001-01-06,,2.0,
2001-01-07,,3.0,
2001-01-08,,1.5,
2001-01-09,,0.0,
2001-01-10,,1.0,
2001-01-11,,3.0,
2001-01-12,,4.0,
2001-01-13,,4.5,
2001-01-14,,4.0,
2001-01-15,,4.0,
2001-01-16,,3.5,
2001-01-17,,2.5,
2001-01-18,,1.5,
2001-01-19,,2.0,
2001-01-20,,0.0,
2001-01-21,,0.0,
2001-01-22,,0.0,
2001-01-23,,1.0,
2001-01-24,,1.5,
2001-01-25,,0.5,
2001-01-26,,1.5,
2001-01-27,,1.5,
2001-01-28,,1.0,
2001-01-29,,2.5,
2001-01-30,,4.0,
2001-01-31,,3.5,
2001-02-01,,1.0,
2001-02-02,,0.0,
2001-02-03,,0.5,
2001-02-04,,3.0,
2001-02-05,,3.5,
2001-02-06,,3.5,
2001-02-07,,1.5,
2001-02-08,,3.5,
2001-02-09,,2.0,
2001-02-10,,1.0,
2001-02-11,,1.0,
2001-02-12,,3.0,
2001-02-13,,3.5,
2001-02-14,,3.5,
2001-02-15,,3.0,
2001-02-16,,2.5,
2001-02-17,,0.5,
2001-02-18,,0.5,
2001-02-19,,2.5,
2001-02-20,,2.5,
2001-02-21,,1.0,
2001-02-22,,1.0,
2001-02-23,,2.5,
2001-02-24,,3.0,
2001-02-25,,3.0,
2001-02-26,,2.0,
2001-02-27,,2.0,
2001-02-28,,1.0,
2001-03-01,,2.5,
2001-03-02,,4.5,
2001-03-03,,4.0,
2001-03-04,,3.5,
2001-03-05,,2.5,
2001-03-06,,3.0,
2001-03-07,,3.5,
2001-03-08,,3.5,
2001-03-09,,4.5,
2001-03-10,,3.0,
2001-03-11,,5.0,
2001-03-12,,3.5,
2001-03-13,,4.0,
2001-03-14,,3.5,
2001-03-15,,4.0,
2001-03-16,,3.0,
2001-03-17,,4.5,
2001-03-18,,4.0,
2001-03-19,,4.0,
2001-03-20,,4.5,
2001-03-21,,5.0,
2001-03-22,,5.5,
2001-03-23,,5.5,
2001-03-24,,3.5,
2001-03-25,,3.0,
2001-03-26,,3.5,
2001-03-27,,5.5,
2001-03-28,,5.5,
2001-03-29,,5.5,
2001-03-30,,6.5,
2001-03-31,,6.5,
2001-04-01,,6.0,
2001-04-02,,6.5,
2001-04-03,,6.0,
2001-04-04,,7.5,
2001-04-05,,7.0,
2001-04-06,,9.0,
2001-04-07,,11.5,
2001-04-08,,10.5,
2001-04-09,,8.0,
2001-04-10,,10.0,
2001-04-11,,9.5,
2001-04-12,,8.5,
2001-04-13,,9.5,
2001-04-14,,10.5,
2001-04-15,,9.0,
2001-04-16,,5.5,
2001-04-17,,7.5,
2001-04-18,,9.0,
2001-04-19,,9.5,
2001-04-20,,11.5,
2001-04-21,,14.0,
2001-04-22,,10.5,
2001-04-23,,12.5,
2001-04-24,,11.0,
2001-04-25,,12.0,
2001-04-26,,13.5,
2001-04-27,,13.0,
2001-04-28,,13.0,
2001-04-29,,14.0,
2001-04-30,,15.0,
2001-05-01,,16.0,
2001-05-02,,15.0,
2001-05-03,,14.5,
2001-05-04,,12.5,
2001-05-05,,11.0,
2001-05-06,,12.5,
2001-05-07,,14.0,
2001-05-08,,13.5,
2001-05-09,,14.0,
2001-05-10,,16.0,
2001-05-11,,14.0,
2001-05-12,,13.0,
2001-05-13,,13.5,
2001-05-14,,11.5,
2001-05-15,,17.0,
2001-05-16,,18.0,
2001-05-17,,17.0,
2001-05-18,,15.5,
2001-05-19,,15.5,
2001-05-20,,15.0,
2001-05-21,,15.0,
2001-05-22,,12.5,
2001-05-23,,11.5,
2001-05-24,,11.5,
2001-05-25,,12.5,
2001-05-26,,11.5,
2001-05-27,,12.5,
2001-05-28,,13.5,
2001-05-29,,13.0,
2001-05-30,,13.0,
2001-05-31,,11.0,
2001-06-01,,12.5,
2001-06-02,,11.0,
2001-06-03,,11.0,
2001-06-04,,11.5,
2001-06-05,,11.0,
2001-06-06,,12.0,
2001-06-07,,13.5,
2001-06-08,,15.0,
2001-06-09,,15.5,
2001-06-10,,16.0,
2001-06-11,,17.5,
2001-06-12,,17.5,
2001-06-13,,17.5,
2001-06-14,,17.0,
2001-06-15,,16.5,
2001-06-16,,16.0,
2001-06-17,,16.5,
2001-06-18,,16.5,
2001-06-19,,16.5,
2001-06-20,,16.0,
2001-06-21,,15.5,
2001-06-22,,15.5,
2001-06-23,,15.5,
2001-06-24,,16.5,
2001-06-25,,18.0,
2001-06-26,,18.5,
2001-06-27,,18.0,
2001-06-28,,18.5,
2001-06-29,,18.5,
2001-06-30,,19.0,
2001-07-01,,17.0,
2001-07-02,,15.0,
2001-07-03,,17.5,
2001-07-04,,18.0,
2001-07-05,,16.5,
2001-07-06,,15.5,
2001-07-07,,17.5,
2001-07-08,,19.0,
2001-07-09,,19.5,
2001-07-10,,19.0,
2001-07-11,,17.5,
2001-07-12,,18.0,
2001-07-13,,17.5,
2001-07-14,,17.5,
2001-07-15,,18.0,
2001-07-16,,18.0,
2001-07-17,,19.0,
2001-07-18,,18.5,
2001-07-19,,18.0,
2001-07-20,,19.0,
2001-07-21,,20.0,
2001-07-22,,19.5,
2001-07-23,,19.0,
2001-07-24,,19.0,
2001-07-25,,17.5,
2001-07-26,,16.5,
2001-07-27,,17.0,
2001-07-28,,17.0,
2001-07-29,,17.5,
2001-07-30,,18.5,
2001-07-31,,20.0,
2001-08-01,,21.0,
2001-08-02,,22.5,
2001-08-03,,22.5,
2001-08-04,,21.5,
2001-08-05,,20.5,
2001-08-06,,21.0,
2001-08-07,,22.0,
2001-08-08,,21.5,
2001-08-09,,22.0,
2001-08-10,,18.0,
2001-08-11,,18.0,
2001-08-12,,18.5,
2001-08-13,,18.0,
2001-08-14,,17.0,
2001-08-15,,15.5,
2001-08-16,,15.5,
2001-08-17,,17.0,
2001-08-18,,16.5,
2001-08-19,,17.0,
2001-08-20,,17.0,
2001-08-21,,16.0,
2001-08-22,,16.5,
2001-08-23,,18.0,
2001-08-24,,18.0,
2001-08-25,,17.5,
2001-08-26,,18.0,
2001-08-27,,17.5,
2001-08-28,,17.0,
2001-08-29,,16.5,
2001-08-30,,18.0,
2001-08-31,,15.5,
2001-09-01,,14.5,
2001-09-02,,15.5,
2001-09-03,,17.0,
2001-09-04,,15.5,
2001-09-05,,16.0,
2001-09-06,,16.0,
2001-09-07,,18.0,
2001-09-08,,17.5,
2001-09-09,,15.0,
2001-09-10,,15.0,
2001-09-11,,15.0,
2001-09-12,,15.5,
2001-09-13,,14.0,
2001-09-14,,12.5,
2001-09-15,,13.5,
2001-09-16,,13.5,
2001-09-17,,13.5,
2001-09-18,,14.0,
2001-09-19,,14.0,
2001-09-20,,14.5,
2001-09-21,,14.5,
2001-09-22,,14.0,
2001-09-23,,14.5,
2001-09-24,,12.5,
2001-09-25,,11.5,
2001-09-26,,12.0,
2001-09-27,,12.0,
2001-09-28,,11.0,
2001-09-29,,12.0,
2001-09-30,,12.0,
2001-10-01,,13.0,
2001-10-02,,13.0,
2001-10-03,,13.5,
2001-10-04,,12.0,
2001-10-05,,10.0,
2001-10-06,,8.0,
2001-10-07,,7.5,
2001-10-08,,9.5,
2001-10-09,,11.5,
2001-10-10,,13.0,
2001-10-11,,11.0,
2001-10-12,,11.5,
2001-10-13,,11.5,
2001-10-14,,10.5,
2001-10-15,,9.5,
2001-10-16,,9.0,
2001-10-17,,8.0,
2001-10-18,,9.0,
2001-10-19,,9.0,
2001-10-20,,9.0,
2001-10-21,,10.0,
2001-10-22,,9.0,
2001-10-23,,10.5,
2001-10-24,,10.5,
2001-10-25,,6.5,
2001-10-26,,6.5,
2001-10-27,,7.5,
2001-10-28,,7.0,
2001-10-29,,8.5,
2001-10-30,,8.0,
2001-10-31,,9.5,
2001-11-01,,10.5,
2001-11-02,,9.0,
2001-11-03,,8.0,
2001-11-04,,7.5,
2001-11-05,,7.0,
2001-11-06,,8.5,
2001-11-07,,10.5,
2001-11-08,,8.5,
2001-11-09,,6.0,
2001-11-10,,7.0,
2001-11-11,,6.0,
2001-11-12,,6.0,
2001-11-13,,8.0,
2001-11-14,,10.0,
2001-11-15,,11.0,
2001-11-16,,9.5,
2001-11-17,,8.5,
2001-11-18,,10.0,
2001-11-19,,7.5,
2001-11-20,,4.5,
2001-11-21,,6.0,
2001-11-22,,6.5,
2001-11-23,,8.0,
2001-11-24,,9.5,
2001-11-25,,7.5,
2001-11-26,,6.5,
2001-11-27,,7.0,
2001-11-28,,6.5,
2001-11-29,,6.0,
2001-11-30,,6.5,
2001-12-01,,6.0,
2001-12-02,,6.5,
2001-12-03,,6.5,
2001-12-04,,9.5,
2001-12-05,,10.5,
2001-12-06,,6.5,
2001-12-07,,5.5,
2001-12-08,,5.5,
2001-12-09,,3.5,
2001-12-10,,4.0,
2001-12-11,,4.0,
2001-12-12,,5.5,
2001-12-13,,5.0,
2001-12-14,,4.5,
2001-12-15,,5.0,
2001-12-16,,6.0,
2001-12-17,,6.0,
2001-12-18,,4.5,
2001-12-19,,4.0,
2001-12-20,,2.0,
2001-12-21,,2.0,
2001-12-22,,4.0,
2001-12-23,,1.5,
2001-12-24,,0.5,
2001-12-25,,0.0,
2001-12-26,,0.0,
2001-12-27,,0.5,
2001-12-28,,0.5,
2001-12-29,,0.0,
2001-12-30,,0.0,
2001-12-31,,0.0,
2002-01-01,,0.0,
2002-01-02,,0.0,
2002-01-03,,0.0,
2002-01-04,,0.0,
2002-01-05,,3.0,
2002-01-06,,1.5,
2002-01-07,,0.0,
2002-01-08,,2.0,
2002-01-09,,4.0,
2002-01-10,,3.5,
2002-01-11,,3.0,
2002-01-12,,2.5,
2002-01-13,,2.0,
2002-01-14,,3.5,
2002-01-15,,2.0,
2002-01-16,,1.0,
2002-01-17,,0.0,
2002-01-18,,0.0,
2002-01-19,,0.0,
2002-01-20,,1.0,
2002-01-21,,2.0,
2002-01-22,,2.0,
2002-01-23,,3.5,
2002-01-24,,2.5,
2002-01-25,,2.5,
2002-01-26,,3.5,
2002-01-27,,4.0,
2002-01-28,,2.5,
2002-01-29,,1.0,
2002-01-30,,1.5,
2002-01-31,,1.0,
2002-02-01,,1.0,
2002-02-02,,0.5,
2002-02-03,,1.0,
2002-02-04,,0.0,
2002-02-05,,0.5,
2002-02-06,,1.5,
2002-02-07,,2.5,
2002-02-08,,3.0,
2002-02-09,,4.0,
2002-02-10,,2.5,
2002-02-11,,1.0,
2002-02-12,,2.5,
2002-02-13,,1.0,
2002-02-14,,2.5,
2002-02-15,,3.0,
2002-02-16,,3.5,
2002-02-17,,2.5,
2002-02-18,,3.5,
2002-02-19,,3.5,
2002-02-20,,3.0,
2002-02-21,,2.0,
2002-02-22,,2.5,
2002-02-23,,4.0,
2002-02-24,,5.5,
2002-02-25,,3.5,
2002-02-26,,1.5,
2002-02-27,,1.5,
2002-02-28,,1.0,
2002-03-01,,1.0,
2002-03-02,,0.0,
2002-03-03,,0.5,
2002-03-04,,0.0,
2002-03-05,,0.5,
2002-03-06,,1.5,
2002-03-07,,2.0,
2002-03-08,,3.5,
2002-03-09,,2.0,
2002-03-10,,1.0,
2002-03-11,,2.5,
2002-03-12,,4.0,
2002-03-13,,4.5,
2002-03-14,,3.0,
2002-03-15,,3.0,
2002-03-16,,4.0,
2002-03-17,,3.0,
2002-03-18,,5.0,
2002-03-19,,3.5,
2002-03-20,,5.0,
2002-03-21,,2.0,
2002-03-22,,2.0,
2002-03-23,,3.5,
2002-03-24,,2.5,
2002-03-25,,1.5,
2002-03-26,,2.5,
2002-03-27,,4.5,
2002-03-28,,4.5,
2002-03-29,,5.5,
2002-03-30,,5.0,
2002-03-31,,4.5,
2002-04-01,,2.5,
2002-04-02,,3.0,
2002-04-03,,3.5,
2002-04-04,,3.0,
2002-04-05,,3.5,
2002-04-06,,4.5,
2002-04-07,,4.0,
2002-04-08,,5.0,
2002-04-09,,6.5,
2002-04-10,,7.5,
2002-04-11,,9.0,
2002-04-12,,8.5,
2002-04-13,,9.5,
2002-04-14,,10.0,
2002-04-15,,12.5,
2002-04-16,,15.0,
2002-04-17,,15.0,
2002-04-18,,12.5,
2002-04-19,,11.0,
2002-04-20,,8.5,
2002-04-21,,5.0,
2002-04-22,,5.5,
2002-04-23,,9.0,
2002-04-24,,9.0,
2002-04-25,,7.5,
2002-04-26,,8.5,
2002-04-27,,5.5,
2002-04-28,,6.0,
2002-04-29,,9.0,
2002-04-30,,9.0,
2002-05-01,,8.0,
2002-05-02,,8.5,
2002-05-03,,9.0,
2002-05-04,,10.0,
2002-05-05,,12.0,
2002-05-06,,14.0,
2002-05-07,,11.5,
2002-05-08,,11.0,
2002-05-09,,11.0,
2002-05-10,,10.0,
2002-05-11,,7.5,
2002-05-12,,7.5,
2002-05-13,,8.5,
2002-05-14,,9.5,
2002-05-15,,11.5,
2002-05-16,,11.0,
2002-05-17,,9.0,
2002-05-18,,8.5,
2002-05-19,,8.5,
2002-05-20,,8.0,
2002-05-21,,9.5,
2002-05-22,,10.5,
2002-05-23,,11.5,
2002-05-24,,10.5,
2002-05-25,,8.0,
2002-05-26,,12.0,
2002-05-27,,13.5,
2002-05-28,,14.0,
2002-05-29,,14.5,
2002-05-30,,15.5,
2002-05-31,,15.0,
2002-06-01,,15.0,
2002-06-02,,12.0,
2002-06-03,,10.5,
2002-06-04,,11.5,
2002-06-05,,12.0,
2002-06-06,,13.0,
2002-06-07,,14.0,
2002-06-08,,15.0,
2002-06-09,,15.5,
2002-06-10,,15.5,
2002-06-11,,15.5,
2002-06-12,,15.0,
2002-06-13,,14.0,
2002-06-14,,13.0,
2002-06-15,,14.0,
2002-06-16,,13.5,
2002-06-17,,12.5,
2002-06-18,,15.5,
2002-06-19,,13.5,
2002-06-20,,16.5,
2002-06-21,,16.0,
2002-06-22,,17.0,
2002-06-23,,17.5,
2002-06-24,,17.5,
2002-06-25,,18.0,
2002-06-26,,16.5,
2002-06-27,,16.5,
2002-06-28,,16.0,
2002-06-29,,16.5,
2002-06-30,,18.5,
2002-07-01,,19.0,
2002-07-02,,19.0,
2002-07-03,,19.0,
2002-07-04,,18.0,
2002-07-05,,16.0,
2002-07-06,,16.0,
2002-07-07,,17.5,
2002-07-08,,19.0,
2002-07-09,,19.0,
2002-07-10,,15.5,
2002-07-11,,14.5,
2002-07-12,,15.0,
2002-07-13,,15.5,
2002-07-14,,16.0,
2002-07-15,,17.0,
2002-07-16,,17.5,
2002-07-17,,17.5,
2002-07-18,,17.5,
2002-07-19,,16.5,
2002-07-20,,16.5,
2002-07-21,,18.5,
2002-07-22,,17.5,
2002-07-23,,16.0,
2002-07-24,,15.5,
2002-07-25,,15.5,
2002-07-26,,16.5,
2002-07-27,,16.0,
2002-07-28,,17.0,
2002-07-29,,16.5,
2002-07-30,,17.0,
2002-07-31,,18.0,
2002-08-01,,18.5,
2002-08-02,,16.5,
2002-08-03,,16.0,
2002-08-04,,16.0,
2002-08-05,,15.5,
2002-08-06,,15.0,
2002-08-07,,14.5,
2002-08-08,,15.0,
2002-08-09,,15.0,
2002-08-10,,15.5,
2002-08-11,,16.0,
2002-08-12,,17.0,
2002-08-13,,15.5,
2002-08-14,,15.0,
2002-08-15,,15.5,
2002-08-16,,15.5,
2002-08-17,,16.0,
2002-08-18,,14.5,
2002-08-19,,14.5,
2002-08-20,,14.0,
2002-08-21,,15.5,
2002-08-22,,15.5,
2002-08-23,,14.5,
2002-08-24,,15.0,
2002-08-25,,15.0,
2002-08-26,,15.0,
2002-08-27,,15.0,
2002-08-28,,15.0,
2002-08-29,,14.0,
2002-08-30,,14.0,
2002-08-31,,14.5,
2002-09-01,,14.5,
2002-09-02,,15.5,
2002-09-03,,15.0,
2002-09-04,,14.0,
2002-09-05,,14.0,
2002-09-06,,14.5,
2002-09-07,,15.0,
2002-09-08,,15.0,
2002-09-09,,15.5,
2002-09-10,,14.0,
2002-09-11,,13.0,
2002-09-12,,12.5,
2002-09-13,,12.5,
2002-09-14,,12.5,
2002-09-15,,12.5,
2002-09-16,,11.5,
2002-09-17,,12.0,
2002-09-18,,13.0,
2002-09-19,,15.0,
2002-09-20,,14.0,
2002-09-21,,12.5,
2002-09-22,,11.5,
2002-09-23,,9.5,
2002-09-24,,9.5,
2002-09-25,,11.0,
2002-09-26,,11.5,
2002-09-27,,11.0,
2002-09-28,,10.0,
2002-09-29,,13.0,
