network_id,station_id,gap_length,observed_recovery_loss,acf_only,donor_r2_only,additive_d_over_4_heuristic,nearest_donor_correlation,placement_season_sin,placement_season_cos,complete_operator_risk,simple_prediction,simple_prediction_lower,simple_prediction_upper,simple_interval_radius,simple_interval_calibration_unit,n_simple_interval_calibration_networks,simple_plus_operator_prediction,selected_simple_model,held_out_network
huc8_01070004,01095220,7.0,0.7734082546085121,0.23354387378303954,0.5419578680929924,0.69344242435289,0.907992435299465,0.015320847821855305,0.06437946364257922,0.45767906552468346,0.5859244247554601,-2.6395696517319824,3.8114185012429025,3.2254940764874425,network_max_absolute_inner_lono_residual,54.0,0.7019243844429687,gap_length|acf_only|donor_r2_only|additive_d_over_4_heuristic|nearest_donor_correlation,huc8_01070004
huc8_01070004,01095220,14.0,0.7784150613691392,0.35192544773246504,0.5419578680929924,0.6008415234407187,0.907992435299465,0.03916101373587596,0.07625689062655801,0.4833734622786771,0.7251366860931642,-2.5003573903942784,3.9506307625806065,3.2254940764874425,network_max_absolute_inner_lono_residual,54.0,0.8183995470700084,gap_length|acf_only|donor_r2_only|additive_d_over_4_heuristic|nearest_donor_correlation,huc8_01070004
huc8_01070004,01095220,30.0,1.0894393902520338,0.5177659056424202,0.5419578680929924,0.5575323277772947,0.907992435299465,0.013297310595173889,0.05155453088662647,0.4988720067511341,0.7392782197052296,-2.486215856782213,3.964772296192672,3.2254940764874425,network_max_absolute_inner_lono_residual,54.0,0.8116771348008331,gap_length|acf_only|donor_r2_only|additive_d_over_4_heuristic|nearest_donor_correlation,huc8_01070004
huc8_01070004,01095220,60.0,1.3446186341475694,0.6548107973960795,0.5419578680929924,0.5461206576607565,0.907992435299465,0.0035701503619191277,0.01911148868755504,0.5056946309134289,0.9101975063222024,-2.31529657016524,4.1356915828096446,3.2254940764874425,network_max_absolute_inner_lono_residual,54.0,0.9724036805520515,gap_length|acf_only|donor_r2_only|additive_d_over_4_heuristic|nearest_donor_correlation,huc8_01070004
huc8_01070004,01095220,90.0,1.5381140030171307,0.7180698006933565,0.5419578680929924,0.5465250581148812,0.907992435299465,-0.21844388926160457,-0.010733613469970848,0.5079688518599255,1.1974781152504907,-2.0280159612369517,4.422972191737934,3.2254940764874425,network_max_absolute_inner_lono_residual,54.0,1.2605165549923025,gap_length|acf_only|donor_r2_only|additive_d_over_4_heuristic|nearest_donor_correlation,huc8_01070004
huc8_01070004,01095220,180.0,2.6779745953538354,0.800643728446063,0.5419578680929924,0.5441588614856139,0.907992435299465,-0.07317289907257321,-0.4244794496958596,0.5102430728064458,2.2926081549830597,-0.9328859215043828,5.518102231470502,3.2254940764874425,network_max_absolute_inner_lono_residual,54.0,2.369086501877274,gap_length|acf_only|donor_r2_only|additive_d_over_4_heuristic|nearest_donor_correlation,huc8_01070004
huc8_01070004,01095220,365.0,7.222024896483367,0.8600026796433156,0.5419578680929924,0.5437474202009063,0.907992435299465,0.7483516287197952,0.49985656821866237,0.511395760135504,4.758709857851499,1.5332157813640563,7.984203934338941,3.2254940764874425,network_max_absolute_inner_lono_residual,54.0,4.87803202455967,gap_length|acf_only|donor_r2_only|additive_d_over_4_heuristic|nearest_donor_correlation,huc8_01070004
huc8_01070004,01095375,7.0,0.5372918417863548,0.24813297879239926,0.5210819388265688,0.6784436877221517,0.907992435299465,0.019437869064006547,0.06547015255114397,0.5097737661290356,0.5488844679637038,-2.6766096085237385,3.7743785444511464,3.2254940764874425,network_max_absolute_inner_lono_residual,54.0,0.7063838485434337,gap_length|acf_only|donor_r2_only|additive_d_over_4_heuristic|nearest_donor_correlation,huc8_01070004
huc8_01070004,01095375,14.0,0.8102938093378075,0.3702903436008341,0.5210819388265688,0.5876523067645587,0.907992435299465,0.02734150991101012,0.07447446284614281,0.5507174713296764,0.6746685367941233,-2.550825539693319,3.900162613281566,3.2254940764874425,network_max_absolute_inner_lono_residual,54.0,0.8246415313929017,gap_length|acf_only|donor_r2_only|additive_d_over_4_heuristic|nearest_donor_correlation,huc8_01070004
huc8_01070004,01095375,30.0,0.99924697860082,0.5361693336281798,0.5210819388265688,0.5428674174198224,0.907992435299465,0.012677272644040139,0.05101889869284284,0.5799562743189319,0.6932986041952548,-2.5321954722921878,3.918792680682697,3.2254940764874425,network_max_absolute_inner_lono_residual,54.0,0.8355703314728467,gap_length|acf_only|donor_r2_only|additive_d_over_4_heuristic|nearest_donor_correlation,huc8_01070004
huc8_01070004,01095375,60.0,1.141120620049963,0.6689804129872806,0.5210819388265688,0.5281767344202926,0.907992435299465,0.0020684942266999684,0.019064435609569462,0.5932528321809799,0.8831446620942983,-2.3423494143931443,4.108638738581741,3.2254940764874425,network_max_absolute_inner_lono_residual,54.0,1.0212004467018025,gap_length|acf_only|donor_r2_only|additive_d_over_4_heuristic|nearest_donor_correlation,huc8_01070004
huc8_01070004,01095375,90.0,1.4162179969665076,0.7296775744124715,0.5210819388265688,0.5276711561236793,0.907992435299465,-0.21884271926080606,-0.011569533489029993,0.5976864374900416,1.1785524587320906,-2.046941617755352,4.404046535219533,3.2254940764874425,network_max_absolute_inner_lono_residual,54.0,1.3196762610865609,gap_length|acf_only|donor_r2_only|additive_d_over_4_heuristic|nearest_donor_correlation,huc8_01070004
huc8_01070004,01095375,180.0,2.6441906323201128,0.8088525613124768,0.5210819388265688,0.5260468390964771,0.907992435299465,-0.07962775328071739,-0.4241266576049122,0.6021200429557493,2.278431032538778,-0.9470630439486643,5.503925109026221,3.2254940764874425,network_max_absolute_inner_lono_residual,54.0,2.4359282016429953,gap_length|acf_only|donor_r2_only|additive_d_over_4_heuristic|nearest_donor_correlation,huc8_01070004
huc8_01070004,01095375,365.0,7.1220038052448,0.8657673069516512,0.5210819388265688,0.5237172136458828,0.907992435299465,0.7549677184285122,0.49492837449616756,0.6043672128493326,4.75553725800436,1.530043181516917,7.981031334491802,3.2254940764874425,network_max_absolute_inner_lono_residual,54.0,4.956689537490478,gap_length|acf_only|donor_r2_only|additive_d_over_4_heuristic|nearest_donor_correlation,huc8_01070004
huc8_01070004,01095434,7.0,0.5346556181567056,0.3926921673923076,0.3342459308589081,0.4613138611894988,0.7649363572453982,0.005235037611712684,0.056194449765541464,0.4552952555762882,0.5660776361871087,-2.6594164403003338,3.791571712674551,3.2254940764874425,network_max_absolute_inner_lono_residual,54.0,0.5112233693496688,gap_length|acf_only|donor_r2_only|additive_d_over_4_heuristic|nearest_donor_correlation,huc8_01070004
huc8_01070004,01095434,14.0,0.7096712589263916,0.5318347467549567,0.3342459308589081,0.3775705683921148,0.7649363572453982,0.0005460448823031816,0.0959833923719923,0.46971846144485896,0.6348360472713213,-2.5906580292161214,3.8603301237587635,3.2254940764874425,network_max_absolute_inner_lono_residual,54.0,0.5458346357938102,gap_length|acf_only|donor_r2_only|additive_d_over_4_heuristic|nearest_donor_correlation,huc8_01070004
huc8_01070004,01095434,30.0,0.6592626897891363,0.6749379046330775,0.3342459308589081,0.35188932982839716,0.7649363572453982,-0.021933089486405988,0.05660895099554027,0.47757701819351567,0.6415347276101169,-2.5839593488773254,3.8670288040975596,3.2254940764874425,network_max_absolute_inner_lono_residual,54.0,0.533661360257363,gap_length|acf_only|donor_r2_only|additive_d_over_4_heuristic|nearest_donor_correlation,huc8_01070004
huc8_01070004,01095434,60.0,0.6954627923766773,0.7700713127897949,0.3342459308589081,0.34097139585203373,0.7649363572453982,-0.11538335499809078,-0.018136246242601683,0.4810157137050579,0.897798350580892,-2.3276957259065503,4.123292427068335,3.2254940764874425,network_max_absolute_inner_lono_residual,54.0,0.7830625348441994,gap_length|acf_only|donor_r2_only|additive_d_over_4_heuristic|nearest_donor_correlation,huc8_01070004
huc8_01070004,01095434,90.0,0.785709136499299,0.8122639729926492,0.3342459308589081,0.3389627488180065,0.7649363572453982,-0.2228786070502177,-0.05623879615020311,0.48216194554472813,1.2362148541438558,-1.9892792223435867,4.461708930631298,3.2254940764874425,network_max_absolute_inner_lono_residual,54.0,1.1236414821928484,gap_length|acf_only|donor_r2_only|additive_d_over_4_heuristic|nearest_donor_correlation,huc8_01070004
huc8_01070004,01095434,180.0,1.184156439161963,0.8672505822115699,0.3342459308589081,0.3353516647777506,0.7649363572453982,-0.11868852426761674,-0.45757292598487503,0.48330817738439835,2.3923809148809534,-0.8331131616064891,5.617874991368396,3.2254940764874425,network_max_absolute_inner_lono_residual,54.0,2.295994613541749,gap_length|acf_only|donor_r2_only|additive_d_over_4_heuristic|nearest_donor_correlation,huc8_01070004
huc8_01070004,01095434,365.0,1.8567691536798872,0.9067771351145424,0.3342459308589081,0.33702293386008886,0.7649363572453982,0.6117988400937493,0.7422219717932682,0.48388914420724477,4.8931430165074286,1.667648940019986,8.11863709299487,3.2254940764874425,network_max_absolute_inner_lono_residual,54.0,4.842836153282619,gap_length|acf_only|donor_r2_only|additive_d_over_4_heuristic|nearest_donor_correlation,huc8_01070004
huc8_01090001,01104370,7.0,0.5036869122726576,0.305344890526157,0.6688992464569685,0.7526634049306116,0.8841114870436041,0.17059447877930486,0.1414247139516013,0.350776609001534,0.5977626665237044,-2.6576805063747253,3.8532058394221336,3.2554431728984294,network_max_absolute_inner_lono_residual,54.0,0.631053542282118,gap_length|acf_only|donor_r2_only|additive_d_over_4_heuristic|nearest_donor_correlation,huc8_01090001
huc8_01090001,01104370,14.0,0.4564904863068035,0.4385202160157248,0.6688992464569685,0.6968912060079546,0.8841114870436041,0.1615458219774559,0.23333445693564675,0.35340718031956625,0.5925422985571445,-2.662900874341285,3.8479854714555737,3.2554431728984294,network_max_absolute_inner_lono_residual,54.0,0.5871435441346389,gap_length|acf_only|donor_r2_only|additive_d_over_4_heuristic|nearest_donor_correlation,huc8_01090001
huc8_01090001,01104370,30.0,0.5007962139695883,0.5992638491812672,0.6688992464569685,0.6794347802264888,0.8841114870436041,0.24200304831860206,0.22799681958696918,0.35481851928873537,0.5377437579151287,-2.7176994149833007,3.793186930813558,3.2554431728984294,network_max_absolute_inner_lono_residual,54.0,0.5062950511117041,gap_length|acf_only|donor_r2_only|additive_d_over_4_heuristic|nearest_donor_correlation,huc8_01090001
huc8_01090001,01104370,60.0,0.569002196195225,0.7158434237544165,0.6688992464569685,0.6720365950387426,0.8841114870436041,0.41868696930331,0.37813404577420195,0.3554358557909036,0.7405063348825476,-2.514936838015882,3.995949507780977,3.2554431728984294,network_max_absolute_inner_lono_residual,54.0,0.6970580863916283,gap_length|acf_only|donor_r2_only|additive_d_over_4_heuristic|nearest_donor_correlation,huc8_01090001
huc8_01090001,01104370,90.0,0.5689354830715392,0.7679835000916013,0.6688992464569685,0.6728592062499674,0.8841114870436041,0.26258176484002355,0.5217249434847782,0.3556416346146365,1.051690407705156,-2.2037527651932733,4.307133580603585,3.2554431728984294,network_max_absolute_inner_lono_residual,54.0,1.0091644605650052,gap_length|acf_only|donor_r2_only|additive_d_over_4_heuristic|nearest_donor_correlation,huc8_01090001
huc8_01090001,01104370,180.0,0.7020588177757131,0.8359395451061558,0.6688992464569685,0.6700736606467483,0.8841114870436041,-0.49662020066241225,0.6153296001134408,0.3558474134383699,2.185414676365008,-1.0700284965334212,5.440857849263438,3.2554431728984294,network_max_absolute_inner_lono_residual,54.0,2.1567748522785792,gap_length|acf_only|donor_r2_only|additive_d_over_4_heuristic|nearest_donor_correlation,huc8_01090001
huc8_01090001,01104415,7.0,0.5004962333611078,0.37921862600200174,0.6658742779659759,0.7356521325848315,0.9016957432230324,0.1711263580709314,0.1463684903241121,0.3582934375750309,0.47544135163388535,-2.780001821264544,3.730884524532315,3.2554431728984294,network_max_absolute_inner_lono_residual,54.0,0.5022310778415656,gap_length|acf_only|donor_r2_only|additive_d_over_4_heuristic|nearest_donor_correlation,huc8_01090001
huc8_01090001,01104415,14.0,0.5907242215531212,0.5182371021095608,0.6658742779659759,0.6910593644208352,0.9016957432230324,0.1592910972197363,0.2401035463784807,0.3586087330472357,0.4233814806006453,-2.832061692297784,3.678824653499075,3.2554431728984294,network_max_absolute_inner_lono_residual,54.0,0.4126083622175743,gap_length|acf_only|donor_r2_only|additive_d_over_4_heuristic|nearest_donor_correlation,huc8_01090001
huc8_01090001,01104415,30.0,0.6695055909554164,0.6645039324057386,0.6658742779659759,0.6779372046952072,0.9016957432230324,0.25494205503304584,0.2518820384378506,0.35877762336328994,0.3852210849193398,-2.87022208797909,3.640664257817769,3.2554431728984294,network_max_absolute_inner_lono_residual,54.0,0.351052727428567,gap_length|acf_only|donor_r2_only|additive_d_over_4_heuristic|nearest_donor_correlation,huc8_01090001
huc8_01090001,01104415,60.0,0.7872009332577388,0.7626572866934853,0.6658742779659759,0.6724162985341896,0.9016957432230324,0.4135983157311033,0.38253217002851003,0.3588515135320542,0.6204556124269609,-2.6349875604714685,3.8758987853253903,3.2554431728984294,network_max_absolute_inner_lono_residual,54.0,0.5773183428372626,gap_length|acf_only|donor_r2_only|additive_d_over_4_heuristic|nearest_donor_correlation,huc8_01090001
huc8_01090001,01104415,90.0,0.826664173775249,0.8062104010067989,0.6658742779659759,0.6720151339105083,0.9016957432230324,0.25797096418669446,0.5227625749166955,0.35887614358831044,0.9532851899606538,-2.302157982937776,4.208728362859083,3.2554431728984294,network_max_absolute_inner_lono_residual,54.0,0.9117006248508783,gap_length|acf_only|donor_r2_only|additive_d_over_4_heuristic|nearest_donor_correlation,huc8_01090001
huc8_01090001,01104415,180.0,1.6081642975674737,0.8629700603720425,0.6658742779659759,0.6669430487167668,0.9016957432230324,-0.5020200691799173,0.6100164319702344,0.35890077364456885,2.1173767558435714,-1.138066417054858,5.372819928742,3.2554431728984294,network_max_absolute_inner_lono_residual,54.0,2.090277430376947,gap_length|acf_only|donor_r2_only|additive_d_over_4_heuristic|nearest_donor_correlation,huc8_01090001
huc8_01090001,01104420,7.0,0.6403255507775716,0.33700682657475656,0.5047606286966531,0.6207655018013736,0.8613370830028139,0.16458270942165418,0.13875218615428453,0.5467193907838693,0.542133889724655,-2.7133092831737744,3.7975770626230845,3.2554431728984294,network_max_absolute_inner_lono_residual,54.0,0.7039031343387324,gap_length|acf_only|donor_r2_only|additive_d_over_4_heuristic|nearest_donor_correlation,huc8_01090001
huc8_01090001,01104420,14.0,0.5587856471538544,0.4737923726726313,0.5047606286966531,0.545385936107208,0.8613370830028139,0.16873648911635783,0.23473166101624104,0.5727752549692653,0.5902603344481854,-2.665182838450244,3.845703507346615,3.2554431728984294,network_max_absolute_inner_lono_residual,54.0,0.730588061111856,gap_length|acf_only|donor_r2_only|additive_d_over_4_heuristic|nearest_donor_correlation,huc8_01090001
huc8_01090001,01104420,30.0,0.6161007985870044,0.6290844643082625,0.5047606286966531,0.5248608932965684,0.8613370830028139,0.26103306604064963,0.20379354798267343,0.5878449085137416,0.5563158534102326,-2.6991273194881966,3.8117590263086623,3.2554431728984294,network_max_absolute_inner_lono_residual,54.0,0.6852565087804359,gap_length|acf_only|donor_r2_only|additive_d_over_4_heuristic|nearest_donor_correlation,huc8_01090001
huc8_01090001,01104420,60.0,0.8491187624434631,0.7373689779512129,0.5047606286966531,0.513056801270917,0.8613370830028139,0.4247968465690445,0.3766744526834112,0.5944544136927282,0.7899928168622488,-2.4654503560361807,4.045435989760678,3.2554431728984294,network_max_absolute_inner_lono_residual,54.0,0.9130270182259752,gap_length|acf_only|donor_r2_only|additive_d_over_4_heuristic|nearest_donor_correlation,huc8_01090001
huc8_01090001,01104420,90.0,0.9400701453818214,0.7855618876280699,0.5047606286966531,0.5120544664534689,0.8613370830028139,0.26341081068989575,0.5227783469006388,0.5966575837240996,1.1150445096626307,-2.140398663235799,4.37048768256106,3.2554431728984294,network_max_absolute_inner_lono_residual,54.0,1.2410692472208236,gap_length|acf_only|donor_r2_only|additive_d_over_4_heuristic|nearest_donor_correlation,huc8_01090001
huc8_01090001,01104420,180.0,1.589534602648682,0.8483693551009367,0.5047606286966531,0.5065636817289219,0.8613370830028139,-0.49641077267393163,0.6197426782675793,0.598860753755472,2.267865417095946,-0.9875777558024836,5.523308589994375,3.2554431728984294,network_max_absolute_inner_lono_residual,54.0,2.409669602303187,gap_length|acf_only|donor_r2_only|additive_d_over_4_heuristic|nearest_donor_correlation,huc8_01090001
huc8_01090001,01104430,7.0,0.4358648708888463,0.0873740687850385,0.008635074966019674,0.6060657073025708,0.5810012963724346,0.17403632364010682,0.1392542421738724,0.36527805475086417,0.067100120396289,-3.1883430525021406,3.3225432932947183,3.2554431728984294,network_max_absolute_inner_lono_residual,54.0,-0.07470712312203617,gap_length|acf_only|donor_r2_only|additive_d_over_4_heuristic|nearest_donor_correlation,huc8_01090001
huc8_01090001,01104430,14.0,0.7043100430284228,0.14481667312223345,0.008635074966019674,0.44486255983771805,0.5810012963724346,0.1642058926165067,0.23264799923416185,0.4498267284994518,0.5464861413401487,-2.7089570315582807,3.801929314238578,3.2554431728984294,network_max_absolute_inner_lono_residual,54.0,0.424886026914234,gap_length|acf_only|donor_r2_only|additive_d_over_4_heuristic|nearest_donor_correlation,huc8_01090001
huc8_01090001,01104430,30.0,0.7806249310970307,0.2558361054525524,0.008635074966019674,0.25909128677591475,0.5810012963724346,0.2600563370026078,0.20148611110122702,0.533740029033327,1.1173935834992692,-2.1380495893991602,4.372836756397699,3.2554431728984294,network_max_absolute_inner_lono_residual,54.0,0.9994331633553987,gap_length|acf_only|donor_r2_only|additive_d_over_4_heuristic|nearest_donor_correlation,huc8_01090001
huc8_01090001,01104430,60.0,1.1234104471405346,0.4013432207670532,0.008635074966019674,0.1126144255566347,0.5810012963724346,0.4293356735102917,0.37647284453186336,0.5781487497285785,1.6916553805039998,-1.5637877923944297,4.947098553402429,3.2554431728984294,network_max_absolute_inner_lono_residual,54.0,1.5484498534882076,gap_length|acf_only|donor_r2_only|additive_d_over_4_heuristic|nearest_donor_correlation,huc8_01090001
huc8_01090001,01104430,90.0,1.569875026596917,0.49510482618515717,0.008635074966019674,0.059465362176194025,0.5810012963724346,0.2674997087732313,0.5276529892344298,0.5930899400905754,2.083829536862139,-1.1716136360362905,5.339272709760568,3.2554431728984294,network_max_absolute_inner_lono_residual,54.0,1.9291955448049818,gap_length|acf_only|donor_r2_only|additive_d_over_4_heuristic|nearest_donor_correlation,huc8_01090001
huc8_01090001,01104430,180.0,3.3929338558779825,0.6384618019353047,0.008635074966019674,0.012431163676887791,0.5810012963724346,-0.49662020066241225,0.6153296001134408,0.6080315399404006,3.1981601558973223,-0.05728301700110716,6.453603328795752,3.2554431728984294,network_max_absolute_inner_lono_residual,54.0,3.0438106986876026,gap_length|acf_only|donor_r2_only|additive_d_over_4_heuristic|nearest_donor_correlation,huc8_01090001
huc8_01090001,01104455,7.0,0.75990934916905,0.1401350958657347,0.0,0.5609849576468215,0.39617838518451126,0.17086545373710238,0.14773450086346418,0.6140130516465329,0.22133403712816016,-3.034109135770269,3.4767772100265897,3.2554431728984294,network_max_absolute_inner_lono_residual,54.0,0.28324471115679317,gap_length|acf_only|donor_r2_only|additive_d_over_4_heuristic|nearest_donor_correlation,huc8_01090001
huc8_01090001,01104455,14.0,0.7998340443202429,0.22454072408567405,0.0,0.4710980006909111,0.39617838518451126,0.15773122367375242,0.2401844060646229,0.7667306577405284,0.42335252307585647,-2.832090649822573,3.678795695974286,3.2554431728984294,network_max_absolute_inner_lono_residual,54.0,0.6058091502592929,gap_length|acf_only|donor_r2_only|additive_d_over_4_heuristic|nearest_donor_correlation,huc8_01090001
huc8_01090001,01104455,30.0,0.801400058110555,0.36970725836434126,0.0,0.40003112916770844,0.39617838518451126,0.2572247306077512,0.24796332979956018,0.9922681457873354,0.5673075427748727,-2.688135630123557,3.822750715673302,3.2554431728984294,network_max_absolute_inner_lono_residual,54.0,0.9515216045810333,gap_length|acf_only|donor_r2_only|additive_d_over_4_heuristic|nearest_donor_correlation,huc8_01090001
huc8_01090001,01104455,60.0,1.132446315685908,0.5263794030057883,0.0,0.34319979134333145,0.39617838518451126,0.4116848613119829,0.38175318142679476,1.1993844671520202,0.8401529942602559,-2.4152901786381733,4.095596167158686,3.2554431728984294,network_max_absolute_inner_lono_residual,54.0,1.413792084040974,gap_length|acf_only|donor_r2_only|additive_d_over_4_heuristic|nearest_donor_correlation,huc8_01090001
huc8_01090001,01104455,90.0,0.9888459228144753,0.6104387368172812,0.0,0.28127912049307724,0.39617838518451126,0.25708399312507507,0.5207038140110372,1.2892334757608817,1.2797150879741312,-1.9757280849242982,4.535158260872561,3.2554431728984294,network_max_absolute_inner_lono_residual,54.0,1.9225163542993997,gap_length|acf_only|donor_r2_only|additive_d_over_4_heuristic|nearest_donor_correlation,huc8_01090001
huc8_01090001,01104455,180.0,2.026433782418569,0.7242410671979682,0.0,0.14533773291637642,0.39617838518451126,-0.49662020066241225,0.6153296001134408,1.3827321855027066,2.7313925806827344,-0.524050592215695,5.986835753581164,3.2554431728984294,network_max_absolute_inner_lono_residual,54.0,3.429281374821248,gap_length|acf_only|donor_r2_only|additive_d_over_4_heuristic|nearest_donor_correlation,huc8_01090001
huc8_01090001,01104460,7.0,0.5936944311005729,0.2480191572128564,0.609354537245246,0.7366705092504504,0.8585085358546358,0.17047071246043546,0.14996338102061055,0.38126844232098916,0.6354334233319203,-2.620009749566509,3.89087659623035,3.2554431728984294,network_max_absolute_inner_lono_residual,54.0,0.6902582546140268,gap_length|acf_only|donor_r2_only|additive_d_over_4_heuristic|nearest_donor_correlation,huc8_01090001
huc8_01090001,01104460,14.0,0.7806522122451238,0.3701486154793733,0.609354537245246,0.6649999036697338,0.8585085358546358,0.1608753405903202,0.23997680938991134,0.3921010954127783,0.7025112535858933,-2.5529319193125364,3.9579544264843225,3.2554431728984294,network_max_absolute_inner_lono_residual,54.0,0.7228879853040578,gap_length|acf_only|donor_r2_only|additive_d_over_4_heuristic|nearest_donor_correlation,huc8_01090001
huc8_01090001,01104460,30.0,0.8887078176736832,0.5360297955486271,0.609354537245246,0.6302224292909555,0.8585085358546358,0.2778667440279158,0.22556494137652666,0.3987071405959462,0.6907895794356764,-2.564653593462753,3.946232752334106,3.2554431728984294,network_max_absolute_inner_lono_residual,54.0,0.682942478613617,gap_length|acf_only|donor_r2_only|additive_d_over_4_heuristic|nearest_donor_correlation,huc8_01090001
huc8_01090001,01104460,60.0,1.2109686953226726,0.6688739966128079,0.609354537245246,0.6182184947078697,0.8585085358546358,0.4146164413283334,0.3820676859847388,0.401621986844165,0.8740406429731133,-2.381402529925316,4.129483815871543,3.2554431728984294,network_max_absolute_inner_lono_residual,54.0,0.8523149696635968,gap_length|acf_only|donor_r2_only|additive_d_over_4_heuristic|nearest_donor_correlation,huc8_01090001
huc8_01090001,01104460,90.0,1.294143839173847,0.7295904647729489,0.609354537245246,0.6170175637542283,0.8585085358546358,0.25777634648652914,0.5219241669580016,0.4025936175141154,1.1736790691257724,-2.081764103772657,4.429122242024202,3.2554431728984294,network_max_absolute_inner_lono_residual,54.0,1.1515592684075406,gap_length|acf_only|donor_r2_only|additive_d_over_4_heuristic|nearest_donor_correlation,huc8_01090001
huc8_01090001,01104460,180.0,2.7949674843549728,0.8087909610997613,0.609354537245246,0.6122940956498553,0.8585085358546358,-0.49662020066241225,0.6153296001134408,0.4035652481841832,2.290046544484414,-0.9653966284140156,5.545489717382843,3.2554431728984294,network_max_absolute_inner_lono_residual,54.0,2.280117489354689,gap_length|acf_only|donor_r2_only|additive_d_over_4_heuristic|nearest_donor_correlation,huc8_01090001
huc8_01090001,01104475,7.0,0.5451158080782209,0.3217242754501324,0.5811080255890659,0.6874057753117991,0.8816103387637686,0.17059447877930486,0.1414247139516013,0.4190748856731458,0.5451049215595768,-2.7103382513388525,3.8005480944580063,3.2554431728984294,network_max_absolute_inner_lono_residual,54.0,0.6113249219765904,gap_length|acf_only|donor_r2_only|additive_d_over_4_heuristic|nearest_donor_correlation,huc8_01090001
huc8_01090001,01104475,14.0,0.5460522936071668,0.4569810071397662,0.5811080255890659,0.6212854382788198,0.8816103387637686,0.1615458219774559,0.23333445693564675,0.4285402862684178,0.5676733804265389,-2.6877697924718906,3.8231165533249682,3.2554431728984294,network_max_absolute_inner_lono_residual,54.0,0.59817712226034,gap_length|acf_only|donor_r2_only|additive_d_over_4_heuristic|nearest_donor_correlation,huc8_01090001
huc8_01090001,01104475,30.0,0.5842793836990993,0.6150805530887097,0.5811080255890659,0.5974795279765119,0.8816103387637686,0.24200304831860206,0.22799681958696918,0.43377118563105843,0.5380757513689695,-2.71736742152946,3.793518924267399,3.2554431728984294,network_max_absolute_inner_lono_residual,54.0,0.5445494988520762,gap_length|acf_only|donor_r2_only|additive_d_over_4_heuristic|nearest_donor_correlation,huc8_01090001
huc8_01090001,01104475,60.0,0.6597222399711609,0.7272949377412888,0.5811080255890659,0.5885718312807309,0.8816103387637686,0.41868696930331,0.37813404577420195,0.4360608866741825,0.7545958538815879,-2.5008473190168417,4.010039026780017,3.2554431728984294,network_max_absolute_inner_lono_residual,54.0,0.7509738902753411,gap_length|acf_only|donor_r2_only|additive_d_over_4_heuristic|nearest_donor_correlation,huc8_01090001
huc8_01090001,01104475,90.0,0.7013751496473948,0.7773355896566394,0.5811080255890659,0.5877500900618138,0.8816103387637686,0.26258176484002355,0.5217249434847782,0.4368241203783021,1.0752466422341536,-2.1801965306642757,4.330689815132583,3.2554431728984294,network_max_absolute_inner_lono_residual,54.0,1.0728131234661598,gap_length|acf_only|donor_r2_only|additive_d_over_4_heuristic|nearest_donor_correlation,huc8_01090001
huc8_01090001,01104475,180.0,1.0779370413886178,0.8425524809608573,0.5811080255890659,0.5815842801609163,0.8816103387637686,-0.49662020066241225,0.6153296001134408,0.43758735408242183,2.2251545875961436,-1.0302885853022858,5.4805977604945735,3.2554431728984294,network_max_absolute_inner_lono_residual,54.0,2.2362600027509636,gap_length|acf_only|donor_r2_only|additive_d_over_4_heuristic|nearest_donor_correlation,huc8_01090001
huc8_01090004,01115098,7.0,0.6093483915073531,0.18445102085989684,0.5795868850433994,0.7461370359195645,0.869609234578653,0.10128481645174263,0.028460309404005853,0.4185047843644315,0.6566631824539128,-2.5916232508846746,3.9049496157925003,3.2482864333385875,network_max_absolute_inner_lono_residual,54.0,0.7616800717899421,gap_length|acf_only|donor_r2_only|additive_d_over_4_heuristic|nearest_donor_correlation,huc8_01090004
huc8_01090004,01115098,14.0,0.938939950742892,0.28712492028101744,0.5795868850433994,0.6589193067532542,0.869609234578653,0.043093157122518835,-0.06372409405916676,0.4416798014732004,0.8087258271422936,-2.439560606196294,4.057012260480881,3.2482864333385875,network_max_absolute_inner_lono_residual,54.0,0.8919467438076257,gap_length|acf_only|donor_r2_only|additive_d_over_4_heuristic|nearest_donor_correlation,huc8_01090004
huc8_01090004,01115098,30.0,1.1130213301877183,0.44720808732032413,0.5795868850433994,0.6100580308788943,0.869609234578653,0.1816318046299586,-0.07845767391447553,0.4556248809280847,0.8505525724277477,-2.3977338609108396,4.098839005766335,3.2482864333385875,network_max_absolute_inner_lono_residual,54.0,0.9092541267364093,gap_length|acf_only|donor_r2_only|additive_d_over_4_heuristic|nearest_donor_correlation,huc8_01090004
huc8_01090004,01115098,60.0,1.3088016480803488,0.5973512542373036,0.5795868850433994,0.5875442350268789,0.869609234578653,0.21978291546932618,0.12004546598706556,0.4617639498238851,1.0292783929967972,-2.21900804034179,4.277564826335385,3.2482864333385875,network_max_absolute_inner_lono_residual,54.0,1.0701697614654264,gap_length|acf_only|donor_r2_only|additive_d_over_4_heuristic|nearest_donor_correlation,huc8_01090004
huc8_01090004,01115098,90.0,1.6232016779482366,0.6706607166022269,0.5795868850433994,0.5866117233655539,0.869609234578653,0.41092936644220746,0.14108577495508962,0.4638103189468933,1.301669509835294,-1.9466169235032935,4.549955943173881,3.2482864333385875,network_max_absolute_inner_lono_residual,54.0,1.3406907634515168,gap_length|acf_only|donor_r2_only|additive_d_over_4_heuristic|nearest_donor_correlation,huc8_01090004
huc8_01090004,01115110,7.0,0.3275688816135516,0.30567199390958033,0.7433152256886282,0.80942247618009,0.9453724167387803,0.0005386935482438293,0.03553341793447853,0.34315024287154655,0.5620321506566118,-2.6862542826819755,3.8103185839951994,3.2482864333385875,network_max_absolute_inner_lono_residual,54.0,0.6349854646427583,gap_length|acf_only|donor_r2_only|additive_d_over_4_heuristic|nearest_donor_correlation,huc8_01090004
huc8_01090004,01115110,14.0,0.3911069180271755,0.43889344079398673,0.7433152256886282,0.7679366693082358,0.9453724167387803,0.0658649523163293,-0.03296253976926067,0.3457960279349651,0.5105358809081676,-2.7377505524304198,3.758822314246755,3.2482864333385875,network_max_absolute_inner_lono_residual,54.0,0.5515681176364934,gap_length|acf_only|donor_r2_only|additive_d_over_4_heuristic|nearest_donor_correlation,huc8_01090004
huc8_01090004,01115110,30.0,0.4461583083259562,0.5995884195502623,0.7433152256886282,0.7524861215424548,0.9453724167387803,0.18323661626763615,-0.07311708489420099,0.34728226400923445,0.448777372928188,-2.7995090604103994,3.6970638062667756,3.2482864333385875,network_max_absolute_inner_lono_residual,54.0,0.46410206131690535,gap_length|acf_only|donor_r2_only|additive_d_over_4_heuristic|nearest_donor_correlation,huc8_01090004
huc8_01090004,01115110,60.0,0.4106148477191261,0.7160793189238407,0.7433152256886282,0.7455729030462372,0.9453724167387803,0.15790767527020358,0.19766480779068413,0.3479333265808744,0.649699881515608,-2.5985865518229794,3.8979863148541956,3.2482864333385875,network_max_absolute_inner_lono_residual,54.0,0.6525088130336724,gap_length|acf_only|donor_r2_only|additive_d_over_4_heuristic|nearest_donor_correlation,huc8_01090004
huc8_01090004,01115110,90.0,0.475333758936988,0.7681761629837739,0.7433152256886282,0.7461574653137439,0.9453724167387803,0.4899037294161109,0.18907355488469085,0.3481503475061905,0.9615507546637844,-2.286735678674803,4.209837188002372,3.2482864333385875,network_max_absolute_inner_lono_residual,54.0,0.9645386401960361,gap_length|acf_only|donor_r2_only|additive_d_over_4_heuristic|nearest_donor_correlation,huc8_01090004
huc8_01090004,01115170,7.0,0.6178501055921828,0.19626318229427087,0.2579621168780267,0.5641403858895948,0.7734159560053121,0.002607924472377837,0.03167101697983226,0.49195066959754497,0.4575372230614038,-2.7907492102771836,3.7058236563999913,3.2482864333385875,network_max_absolute_inner_lono_residual,54.0,0.4981695450214425,gap_length|acf_only|donor_r2_only|additive_d_over_4_heuristic|nearest_donor_correlation,huc8_01090004
huc8_01090004,01115170,14.0,0.6665260399239404,0.3031455910328913,0.2579621168780267,0.44038430175903365,0.7734159560053121,0.006879830476141597,-0.05801809967496221,0.5663815491546368,0.7127403502252173,-2.53554608311337,3.961026783563805,3.2482864333385875,network_max_absolute_inner_lono_residual,54.0,0.7719684409265869,gap_length|acf_only|donor_r2_only|additive_d_over_4_heuristic|nearest_donor_correlation,huc8_01090004
huc8_01090004,01115170,30.0,0.9020868054231008,0.4655162987524948,0.2579621168780267,0.3526720246009257,0.7734159560053121,0.19549413604255733,-0.07130387954679904,0.6257937580056687,0.8687836553932665,-2.379502777945321,4.117070088731854,3.2482864333385875,network_max_absolute_inner_lono_residual,54.0,0.9372216589047443,gap_length|acf_only|donor_r2_only|additive_d_over_4_heuristic|nearest_donor_correlation,huc8_01090004
huc8_01090004,01115170,60.0,1.2954042021830878,0.6128143801827193,0.2579621168780267,0.28924485793071575,0.7734159560053121,0.22007557935784372,0.12246509520525835,0.6536891947097248,1.1787134019759369,-2.0695730313626504,4.426999835314525,3.2482864333385875,network_max_absolute_inner_lono_residual,54.0,1.2380246712589433,gap_length|acf_only|donor_r2_only|additive_d_over_4_heuristic|nearest_donor_correlation,huc8_01090004
huc8_01090004,01115170,90.0,1.4756032391521667,0.6834948422773084,0.2579621168780267,0.27665082516357153,0.7734159560053121,0.4899037294161109,0.18907355488469085,0.6629970416627438,1.492281660289474,-1.7560047730491135,4.740568093628061,3.2482864333385875,network_max_absolute_inner_lono_residual,54.0,1.5536162191480145,gap_length|acf_only|donor_r2_only|additive_d_over_4_heuristic|nearest_donor_correlation,huc8_01090004
huc8_01090004,01115183,7.0,0.4308811228961818,0.3240659032769895,0.6968617490338791,0.7729712502436519,0.9453724167387803,0.015862418517621952,0.04983552819322731,0.4429659169067283,0.5186203688369183,-2.7296660645016693,3.7669068021755057,3.2482864333385875,network_max_absolute_inner_lono_residual,54.0,0.673886698334613,gap_length|acf_only|donor_r2_only|additive_d_over_4_heuristic|nearest_donor_correlation,huc8_01090004
huc8_01090004,01115183,14.0,0.581396243507822,0.45958251230384783,0.6968617490338791,0.7269741979625104,0.9453724167387803,0.023722345623051887,-0.02213480897002923,0.44841901896547076,0.4761666958632603,-2.772119737475327,3.724453129201848,3.2482864333385875,network_max_absolute_inner_lono_residual,54.0,0.6004794414383424,gap_length|acf_only|donor_r2_only|additive_d_over_4_heuristic|nearest_donor_correlation,huc8_01090004
huc8_01090004,01115183,30.0,0.681102642932286,0.6172716923832078,0.6968617490338791,0.7092641608753176,0.9453724167387803,0.19530752481936603,-0.07294483456063673,0.45156362526593885,0.42757707190267513,-2.820709361435912,3.6758635052412627,3.2482864333385875,network_max_absolute_inner_lono_residual,54.0,0.5276076771172973,gap_length|acf_only|donor_r2_only|additive_d_over_4_heuristic|nearest_donor_correlation,huc8_01090004
huc8_01090004,01115183,60.0,0.6913164213721951,0.7288748495606507,0.6968617490338791,0.7001660882310987,0.9453724167387803,0.2209553020117178,0.12174302484193919,0.45294349952358054,0.6453528644261745,-2.602933568912413,3.893639297764762,3.2482864333385875,network_max_absolute_inner_lono_residual,54.0,0.7336399883668091,gap_length|acf_only|donor_r2_only|additive_d_over_4_heuristic|nearest_donor_correlation,huc8_01090004
huc8_01090004,01115183,90.0,0.7836799603572323,0.7786257609700427,0.6968617490338791,0.7001315458330768,0.9453724167387803,0.41208699828653766,0.14731207403694352,0.45340345846194385,0.9639772969587769,-2.2843091363798105,4.212263730297364,3.2482864333385875,network_max_absolute_inner_lono_residual,54.0,1.0528565398826912,gap_length|acf_only|donor_r2_only|additive_d_over_4_heuristic|nearest_donor_correlation,huc8_01090004
huc8_01090004,01115184,7.0,0.6738975492545537,0.2979163573678346,0.6028350302555434,0.7102221708908316,0.8974596803914494,0.024967242428991936,0.07296168492661649,0.4014649998176905,0.5669630464443016,-2.681323386894286,3.815249479782889,3.2482864333385875,network_max_absolute_inner_lono_residual,54.0,0.6330789047586807,gap_length|acf_only|donor_r2_only|additive_d_over_4_heuristic|nearest_donor_correlation,huc8_01090004
huc8_01090004,01115184,14.0,0.5744498260106359,0.4299937183856657,0.6028350302555434,0.6451394093725817,0.8974596803914494,0.019322477174166953,0.10250026399789014,0.41369035008484945,0.5901061687548161,-2.6581802645837715,3.8383926020934034,3.2482864333385875,network_max_absolute_inner_lono_residual,54.0,0.626082483969614,gap_length|acf_only|donor_r2_only|additive_d_over_4_heuristic|nearest_donor_correlation,huc8_01090004
huc8_01090004,01115184,30.0,0.6926693647702534,0.591792724329083,0.6028350302555434,0.6208556953783773,0.8974596803914494,0.08820363373399112,0.17249332510445145,0.4211252926693598,0.5531018291230332,-2.6951846042155543,3.8013882624616206,3.2482864333385875,network_max_absolute_inner_lono_residual,54.0,0.5662933001998379,gap_length|acf_only|donor_r2_only|additive_d_over_4_heuristic|nearest_donor_correlation,huc8_01090004
huc8_01090004,01115184,60.0,0.5806978956311941,0.7104018678265751,0.6028350302555434,0.6084322767010586,0.8974596803914494,0.1574414815938137,0.27255822550643316,0.4244051916340292,0.7664938681698217,-2.4817925651687656,4.014780301508409,3.2482864333385875,network_max_absolute_inner_lono_residual,54.0,0.7676143435200213,gap_length|acf_only|donor_r2_only|additive_d_over_4_heuristic|nearest_donor_correlation,huc8_01090004
huc8_01090004,01115184,90.0,0.6602967227829827,0.763538987940563,0.6028350302555434,0.6077724505820021,0.8974596803914494,0.8418953223809709,0.26980782445749424,0.42549850809629014,1.0799924616725036,-2.168293971666084,4.328278895011091,3.2482864333385875,network_max_absolute_inner_lono_residual,54.0,1.0816007987017802,gap_length|acf_only|donor_r2_only|additive_d_over_4_heuristic|nearest_donor_correlation,huc8_01090004
huc8_01090004,01115190,7.0,0.453591381944716,0.2709627439137765,0.7778481187785817,0.843844346824174,0.9543397195192679,0.04092267552279212,0.024858235265116203,0.3540107655366507,0.6084591474014336,-2.639827285937154,3.856745580740021,3.2482864333385875,network_max_absolute_inner_lono_residual,54.0,0.7186708410460151,gap_length|acf_only|donor_r2_only|additive_d_over_4_heuristic|nearest_donor_correlation,huc8_01090004
huc8_01090004,01115190,14.0,0.6619423660290028,0.39823055827589104,0.7778481187785817,0.8041282228683024,0.9543397195192679,0.03278073215987715,-0.032073146334049285,0.3609155808151862,0.5639224512423049,-2.684363982096283,3.812208884580892,3.2482864333385875,network_max_absolute_inner_lono_residual,54.0,0.6483335727827461,gap_length|acf_only|donor_r2_only|additive_d_over_4_heuristic|nearest_donor_correlation,huc8_01090004
huc8_01090004,01115190,30.0,0.7341065574735403,0.5629587399451161,0.7778481187785817,0.7868956561910772,0.9543397195192679,0.19079362641769868,-0.07320360987016059,0.3649301993917954,0.49923512071704895,-2.7490513126215386,3.7475215540556364,3.2482864333385875,network_max_absolute_inner_lono_residual,54.0,0.5593185625333859,gap_length|acf_only|donor_r2_only|additive_d_over_4_heuristic|nearest_donor_correlation,huc8_01090004
huc8_01090004,01115190,60.0,0.7706404670470705,0.689157199322135,0.7778481187785817,0.7796276218004158,0.9543397195192679,0.21977748973361194,0.11745843045844666,0.3666926586971558,0.6810601296114374,-2.56722630372715,3.929346562950025,3.2482864333385875,network_max_absolute_inner_lono_residual,54.0,0.7281038274149808,gap_length|acf_only|donor_r2_only|additive_d_over_4_heuristic|nearest_donor_correlation,huc8_01090004
huc8_01090004,01115190,90.0,0.8784013370863265,0.7461806439679368,0.7778481187785817,0.7804289661287422,0.9543397195192679,0.4922165725292412,0.19037884907726504,0.36728014646191914,0.9820037215758277,-2.2662827117627597,4.230290154914416,3.2482864333385875,network_max_absolute_inner_lono_residual,54.0,1.0288992028517148,gap_length|acf_only|donor_r2_only|additive_d_over_4_heuristic|nearest_donor_correlation,huc8_01090004
huc8_01090004,01115265,7.0,0.4429327483315551,0.24173824641892205,0.7020602589789968,0.7961670710776367,0.954339719519268,0.008424398223108975,0.026337625922641127,0.36077580225777084,0.624682295414355,-2.6236041379242323,3.8729687287529426,3.2482864333385875,network_max_absolute_inner_lono_residual,54.0,0.717638467794216,gap_length|acf_only|donor_r2_only|additive_d_over_4_heuristic|nearest_donor_correlation,huc8_01090004
huc8_01090004,01115265,14.0,0.6750794992128171,0.3622900446206685,0.7020602589789968,0.7376584215264799,0.954339719519268,0.01845647303514462,-0.02472283061517147,0.37244599283318985,0.6516576688393255,-2.596628764499262,3.899944102177913,3.2482864333385875,network_max_absolute_inner_lono_residual,54.0,0.7181376888037876,gap_length|acf_only|donor_r2_only|additive_d_over_4_heuristic|nearest_donor_correlation,huc8_01090004
huc8_01090004,01115265,30.0,0.9891902146875704,0.5282327562530742,0.7020602589789968,0.7121253594073471,0.954339719519268,0.15456753340113671,-0.016643516605653254,0.3807001388761712,0.6098635585695519,-2.6384228747690357,3.8581499919081392,3.2482864333385875,network_max_absolute_inner_lono_residual,54.0,0.6533023844398933,gap_length|acf_only|donor_r2_only|additive_d_over_4_heuristic|nearest_donor_correlation,huc8_01090004
huc8_01090004,01115265,60.0,1.1072810548550138,0.662903651814328,0.7020602589789968,0.7033595978230568,0.954339719519268,0.313219541973233,0.10052718697890457,0.3844697000670274,0.7786590684838329,-2.4696273648547544,4.0269455018224205,3.2482864333385875,network_max_absolute_inner_lono_residual,54.0,0.8092691973032018,gap_length|acf_only|donor_r2_only|additive_d_over_4_heuristic|nearest_donor_correlation,huc8_01090004
huc8_01090004,01115265,90.0,1.2235500700337192,0.7247017988377047,0.7020602589789968,0.7042115413702944,0.954339719519268,0.4112058249253841,0.14419066333267735,0.3857269611224473,1.0695201066110946,-2.1787663267274926,4.317806539949682,3.2482864333385875,network_max_absolute_inner_lono_residual,54.0,1.0999364229744975,gap_length|acf_only|donor_r2_only|additive_d_over_4_heuristic|nearest_donor_correlation,huc8_01090004
huc8_01090004,01115276,7.0,0.5867068177461625,0.2944786214410693,0.5644232813615502,0.6814291122980451,0.8875442278274908,0.003121450168215245,0.031279142772990105,0.46363322044346145,0.5736187778971947,-2.6746676554413926,3.8219052112357823,3.2482864333385875,network_max_absolute_inner_lono_residual,54.0,0.6872553261726786,gap_length|acf_only|donor_r2_only|additive_d_over_4_heuristic|nearest_donor_correlation,huc8_01090004
huc8_01090004,01115276,14.0,0.7542564326844045,0.4260149309809578,0.5644232813615502,0.6082088173141922,0.8875442278274908,0.031936001708709416,-0.0323993774325178,0.4940478783695617,0.6228063053614227,-2.625480127977165,3.87109273870001,3.2482864333385875,network_max_absolute_inner_lono_residual,54.0,0.7227180324778062,gap_length|acf_only|donor_r2_only|additive_d_over_4_heuristic|nearest_donor_correlation,huc8_01090004
huc8_01090004,01115276,30.0,0.8409399523437024,0.5882689076696637,0.5644232813615502,0.5804626018192665,0.8875442278274908,0.19060297434229906,-0.07342442237890552,0.5177424986154091,0.5954591525412328,-2.6528272807973545,3.8437455858798204,3.2482864333385875,network_max_absolute_inner_lono_residual,54.0,0.6884894919257512,gap_length|acf_only|donor_r2_only|additive_d_over_4_heuristic|nearest_donor_correlation,huc8_01090004
huc8_01090004,01115276,60.0,0.8628339532986284,0.7078272074698013,0.5644232813615502,0.568442850620188,0.8875442278274908,0.21977748973361194,0.11745843045844666,0.5289096177923452,0.8056415523400103,-2.4426448809985772,4.053927985678598,3.2482864333385875,network_max_absolute_inner_lono_residual,54.0,0.894952695777981,gap_length|acf_only|donor_r2_only|additive_d_over_4_heuristic|nearest_donor_correlation,huc8_01090004
huc8_01090004,01115276,90.0,0.8827854422231516,0.7614359060483061,0.5644232813615502,0.5679348184806304,0.8875442278274908,0.4922165725292412,0.19037884907726504,0.5326378739718706,1.117694799195954,-2.1305916341426334,4.3659812325345415,3.2482864333385875,network_max_absolute_inner_lono_residual,54.0,1.2102650548758385,gap_length|acf_only|donor_r2_only|additive_d_over_4_heuristic|nearest_donor_correlation,huc8_01090004
huc8_02020006,01362230,7.0,0.3247012872355324,0.08069206179315869,0.0,0.6560746570753833,0.5126086049552687,-0.0033624860148135593,0.029219045485733203,0.4989780013193723,-0.07208056154360852,-3.3125164189402074,3.16835529585299,3.240435857396599,network_max_absolute_inner_lono_residual,54.0,-0.06299107227952844,gap_length|acf_only|donor_r2_only|additive_d_over_4_heuristic|nearest_donor_correlation,huc8_02020006
huc8_02020006,01362230,14.0,0.588381284560476,0.13430884318626535,0.0,0.5501904258422039,0.5126086049552687,0.028023005418475227,0.010234366129344247,0.6325091386216445,0.24882042311430355,-2.9916154342822954,3.489256280510902,3.240435857396599,network_max_absolute_inner_lono_residual,54.0,0.3553368508260512,gap_length|acf_only|donor_r2_only|additive_d_over_4_heuristic|nearest_donor_correlation,huc8_02020006
huc8_02020006,01362230,30.0,0.8550958534081777,0.23946577680907655,0.0,0.42095606991283974,0.5126086049552687,0.05567392529642602,0.06452195999178958,0.7884090258467596,0.6614449737869359,-2.578990883609663,3.9018808311835347,3.240435857396599,network_max_absolute_inner_lono_residual,54.0,0.8747427932953407,gap_length|acf_only|donor_r2_only|additive_d_over_4_heuristic|nearest_donor_correlation,huc8_02020006
huc8_02020006,01362230,60.0,1.2670713820258777,0.380952115194398,0.0,0.29450890581357847,0.5126086049552687,0.12235017944151731,0.01863688034407493,0.8850802488416993,1.1853441373858746,-2.055091720010724,4.425779994782474,3.240435857396599,network_max_absolute_inner_lono_residual,54.0,1.4406107963339763,gap_length|acf_only|donor_r2_only|additive_d_over_4_heuristic|nearest_donor_correlation,huc8_02020006
huc8_02020006,01362230,90.0,1.7978077425956729,0.47478127037655393,0.0,0.19869472326706283,0.5126086049552687,0.20681899171833976,-0.06952394973907634,0.9185975441215073,1.7127654784397353,-1.5276703789568635,4.953201335836334,3.240435857396599,network_max_absolute_inner_lono_residual,54.0,1.9614571046601899,gap_length|acf_only|donor_r2_only|additive_d_over_4_heuristic|nearest_donor_correlation,huc8_02020006
huc8_02020006,01362230,180.0,2.838349243832959,0.6222891450500853,0.0,0.05224985106427116,0.5126086049552687,0.17609318848970745,0.16047256997440745,0.9521347113977537,3.130933645908167,-0.10950221148843164,6.371369503304766,3.240435857396599,network_max_absolute_inner_lono_residual,54.0,3.3635169971423218,gap_length|acf_only|donor_r2_only|additive_d_over_4_heuristic|nearest_donor_correlation,huc8_02020006
huc8_02020006,01362230,365.0,5.246623083444491,0.7345972373539054,0.0,0.0004930924227870559,0.5126086049552687,0.3082913565581972,0.267616545587844,0.9691330562897937,5.658892431163665,2.418456573767066,8.899328288560262,3.240435857396599,network_max_absolute_inner_lono_residual,54.0,5.92877718774921,gap_length|acf_only|donor_r2_only|additive_d_over_4_heuristic|nearest_donor_correlation,huc8_02020006
huc8_02020006,01362500,7.0,0.6362987918087415,0.24054198132814708,0.2864268311151049,0.5506705042063176,0.6781322085463717,-0.0026031715209650697,0.030152738547898045,0.5205860064006353,0.5413825299398547,-2.699053327456744,3.7818183873364535,3.240435857396599,network_max_absolute_inner_lono_residual,54.0,0.587775608113988,gap_length|acf_only|donor_r2_only|additive_d_over_4_heuristic|nearest_donor_correlation,huc8_02020006
huc8_02020006,01362500,14.0,0.8435464355349541,0.36078487622461075,0.2864268311151049,0.43307885931295487,0.6781322085463717,0.027227105281487824,0.012029414352553575,0.5667459151190652,0.7586955695406732,-2.4817402878559256,3.999131426937272,3.240435857396599,network_max_absolute_inner_lono_residual,54.0,0.7922826917480523,gap_length|acf_only|donor_r2_only|additive_d_over_4_heuristic|nearest_donor_correlation,huc8_02020006
huc8_02020006,01362500,30.0,0.9564234214524427,0.5267258109227169,0.2864268311151049,0.36496738360902337,0.6781322085463717,0.053224857605229395,0.06754720797481625,0.5950073096657821,0.84915457606598,-2.3912812813306186,4.089590433462579,3.240435857396599,network_max_absolute_inner_lono_residual,54.0,0.8641927075285785,gap_length|acf_only|donor_r2_only|additive_d_over_4_heuristic|nearest_donor_correlation,huc8_02020006
huc8_02020006,01362500,60.0,1.1119041866560777,0.6617441580824919,0.2864268311151049,0.33137374226069927,0.6781322085463717,0.11827652356846437,0.025923860465939492,0.607456880637043,1.0923123359318705,-2.1481235214647283,4.332748193328469,3.240435857396599,network_max_absolute_inner_lono_residual,54.0,1.094370735430024,gap_length|acf_only|donor_r2_only|additive_d_over_4_heuristic|nearest_donor_correlation,huc8_02020006
huc8_02020006,01362500,90.0,1.6183073427478472,0.723752011140619,0.2864268311151049,0.31969670135494643,0.6781322085463717,0.20670028558428868,-0.0633969227896806,0.6116067608593346,1.4201719700859161,-1.8202638873106827,4.660607827482515,3.240435857396599,network_max_absolute_inner_lono_residual,54.0,1.4210434294262,gap_length|acf_only|donor_r2_only|additive_d_over_4_heuristic|nearest_donor_correlation,huc8_02020006
huc8_02020006,01362500,180.0,3.247005192958646,0.8046621849825224,0.2864268311151049,0.2963762258562075,0.6781322085463717,0.17622937352975218,0.15784808013175652,0.6157566410816597,2.588609690425577,-0.6518261669710217,5.829045547822176,3.240435857396599,network_max_absolute_inner_lono_residual,54.0,2.599373273077666,gap_length|acf_only|donor_r2_only|additive_d_over_4_heuristic|nearest_donor_correlation,huc8_02020006
huc8_02020006,01362500,365.0,5.843441053556865,0.8628246282303832,0.2864268311151049,0.2883710384393354,0.6781322085463717,0.30930385022234597,0.26562263543309883,0.6178600050299635,5.092199854628831,1.851763997232232,8.332635712025429,3.240435857396599,network_max_absolute_inner_lono_residual,54.0,5.149916475709735,gap_length|acf_only|donor_r2_only|additive_d_over_4_heuristic|nearest_donor_correlation,huc8_02020006
huc8_02040103,01428750,7.0,0.8719054413693291,0.3245556096180484,0.08473197951247147,0.311471410435163,0.46689794459844364,-0.023090035050058143,0.025656242274952418,0.6117241354904234,0.8011452370008004,-2.4320840409271156,4.034374514928716,3.233229277927916,network_max_absolute_inner_lono_residual,54.0,0.735810037856583,gap_length|acf_only|donor_r2_only|additive_d_over_4_heuristic|nearest_donor_correlation,huc8_02040103
huc8_02040103,01428750,14.0,0.8463834348108087,0.46012538661477786,0.08473197951247147,0.15509334934015528,0.46689794459844364,-0.03348188644546232,0.014205825802361427,0.6422666510612359,1.111393074355063,-2.121836203572853,4.344622352282979,3.233229277927916,network_max_absolute_inner_lono_residual,54.0,0.99717916617113,gap_length|acf_only|donor_r2_only|additive_d_over_4_heuristic|nearest_donor_correlation,huc8_02040103
huc8_02040103,01428750,30.0,0.9965320668170852,0.6177277959254582,0.08473197951247147,0.09946095481116857,0.46689794459844364,0.01393402972038484,0.0021317232692085546,0.6590354168622684,1.183189030002004,-2.050040247925912,4.41641830792992,3.233229277927916,network_max_absolute_inner_lono_residual,54.0,1.0445417717139382,gap_length|acf_only|donor_r2_only|additive_d_over_4_heuristic|nearest_donor_correlation,huc8_02040103
huc8_02040103,01428750,60.0,0.9775193284749986,0.7292035398343447,0.08473197951247147,0.08628451969344042,0.46689794459844364,-0.11663517830393769,0.04904234277957138,0.6663736827145365,1.4126770362954977,-1.8205522416324182,4.645906314223414,3.233229277927916,network_max_absolute_inner_lono_residual,54.0,1.2675379953166936,gap_length|acf_only|donor_r2_only|additive_d_over_4_heuristic|nearest_donor_correlation,huc8_02040103
huc8_02040103,01428750,90.0,1.211568723767996,0.7788941704247426,0.08473197951247147,0.09064351488620559,0.46689794459844364,-0.008153202064071413,-0.06687444760453146,0.6688197713423307,1.7153161867533684,-1.5179130911745475,4.948545464681285,3.233229277927916,network_max_absolute_inner_lono_residual,54.0,1.5750789392811138,gap_length|acf_only|donor_r2_only|additive_d_over_4_heuristic|nearest_donor_correlation,huc8_02040103
huc8_02040103,01428750,180.0,2.5555370448976755,0.8436545648304842,0.08473197951247147,0.08941048032112253,0.46689794459844364,-0.028821257600332977,-0.015047293046452475,0.6712658599701247,2.8439622595522946,-0.3892670183756213,6.077191537480211,3.233229277927916,network_max_absolute_inner_lono_residual,54.0,2.720744170492744,gap_length|acf_only|donor_r2_only|additive_d_over_4_heuristic|nearest_donor_correlation,huc8_02040103
huc8_02040103,01428750,365.0,4.9684806025144646,0.8902069054532895,0.08473197951247147,0.08484216916662024,0.46689794459844364,-0.0942446646485641,0.26468524393641757,0.6725056583157183,5.350562120048622,2.117332842120706,8.583791397976537,3.233229277927916,network_max_absolute_inner_lono_residual,54.0,5.270995558369041,gap_length|acf_only|donor_r2_only|additive_d_over_4_heuristic|nearest_donor_correlation,huc8_02040103
huc8_02040103,01429000,7.0,0.4475832949365887,0.13770226698590848,0.011968015043123947,0.5328971223229887,0.46689794459844364,-0.06498659351435399,-0.002299527256110384,0.4033740417491297,0.30121041550817595,-2.93201886241974,3.534439693436092,3.233229277927916,network_max_absolute_inner_lono_residual,54.0,0.12498949113312097,gap_length|acf_only|donor_r2_only|additive_d_over_4_heuristic|nearest_donor_correlation,huc8_02040103
huc8_02040103,01429000,14.0,0.5177925642899105,0.2209902703355574,0.011968015043123947,0.364666155015435,0.46689794459844364,-0.07326298622915126,-0.019359315812620397,0.49266786189851436,0.7577526527019879,-2.475476625225928,3.990981930629904,3.233229277927916,network_max_absolute_inner_lono_residual,54.0,0.5975993529246421,gap_length|acf_only|donor_r2_only|additive_d_over_4_heuristic|nearest_donor_correlation,huc8_02040103
huc8_02040103,01429000,30.0,0.8851607559521992,0.3650098022671384,0.011968015043123947,0.1782129433272348,0.46689794459844364,-0.03242198935798317,-0.04509709702019822,0.5712799084640326,1.2714619022604585,-1.9617673756674574,4.504691180188375,3.233229277927916,network_max_absolute_inner_lono_residual,54.0,1.1020689583755976,gap_length|acf_only|donor_r2_only|additive_d_over_4_heuristic|nearest_donor_correlation,huc8_02040103
huc8_02040103,01429000,60.0,0.9839473440845808,0.5217498242824837,0.011968015043123947,0.07028213024904373,0.46689794459844364,-0.03412945589099805,-0.07392400799911507,0.6097215348050592,1.7063431321449616,-1.5268861457829543,4.939572410072877,3.233229277927916,network_max_absolute_inner_lono_residual,54.0,1.5185766867474182,gap_length|acf_only|donor_r2_only|additive_d_over_4_heuristic|nearest_donor_correlation,huc8_02040103
huc8_02040103,01429000,90.0,1.6599688633680345,0.6064091942670025,0.011968015043123947,0.03919166906554572,0.46689794459844364,0.06064130781440165,-0.06011600732742739,0.6225690179277673,2.048287791421219,-1.184941486506697,5.281517069349135,3.233229277927916,network_max_absolute_inner_lono_residual,54.0,1.8568855673644167,gap_length|acf_only|donor_r2_only|additive_d_over_4_heuristic|nearest_donor_correlation,huc8_02040103
huc8_02040103,01429000,180.0,2.933948472334279,0.7213508595868547,0.011968015043123947,0.03126824213943924,0.46689794459844364,0.11086840660784936,0.04158610351630525,0.6354165249864736,3.0936434341660637,-0.13958584376185224,6.32687271209398,3.233229277927916,network_max_absolute_inner_lono_residual,54.0,2.9197190257625065,gap_length|acf_only|donor_r2_only|additive_d_over_4_heuristic|nearest_donor_correlation,huc8_02040103
huc8_02040103,01429000,365.0,6.40005970189996,0.8043189302978554,0.011968015043123947,0.018325352146882468,0.46689794459844364,-0.0958048832670221,0.26108401589836366,0.6419282751425139,5.550929006587777,2.3176997286598615,8.784158284515694,3.233229277927916,network_max_absolute_inner_lono_residual,54.0,5.417215912121424,gap_length|acf_only|donor_r2_only|additive_d_over_4_heuristic|nearest_donor_correlation,huc8_02040103
huc8_02040106,01447500,7.0,0.7504730590752192,0.289376035982544,0.5274302274062477,0.6600770233921238,0.8433528807086972,-0.018506502538071047,-0.002554568663681843,0.5054416067647979,0.591540166057192,-2.655282470202552,3.8383628023169365,3.2468226362597443,network_max_absolute_inner_lono_residual,54.0,0.7240929103651664,gap_length|acf_only|donor_r2_only|additive_d_over_4_heuristic|nearest_donor_correlation,huc8_02040106
huc8_02040106,01447500,14.0,0.9420804831971016,0.42007056542596355,0.5274302274062477,0.5737211578918131,0.8433528807086972,-0.023643996796086593,-0.017135582257323197,0.5353554382555967,0.6813470361065312,-2.565475600153213,3.9281696723662756,3.2468226362597443,network_max_absolute_inner_lono_residual,54.0,0.7949001881925171,gap_length|acf_only|donor_r2_only|additive_d_over_4_heuristic|nearest_donor_correlation,huc8_02040106
huc8_02040106,01447500,30.0,1.0763730815599362,0.5829586536578859,0.5274302274062477,0.5404444556737211,0.8433528807086972,-0.03375901725146024,-0.04001775655713911,0.5552115580522636,0.6677796670575817,-2.5790429692021624,3.9146023033173263,3.2468226362597443,network_max_absolute_inner_lono_residual,54.0,0.7684803900975186,gap_length|acf_only|donor_r2_only|additive_d_over_4_heuristic|nearest_donor_correlation,huc8_02040106
huc8_02040106,01447500,60.0,1.0637423660090817,0.7039367871676325,0.5274302274062477,0.532613144439871,0.8433528807086972,-0.0821052792480391,0.013150523060221653,0.5640885313328285,0.8610210765101185,-2.385801559749626,4.107843712769863,3.2468226362597443,network_max_absolute_inner_lono_residual,54.0,0.9572868245112199,gap_length|acf_only|donor_r2_only|additive_d_over_4_heuristic|nearest_donor_correlation,huc8_02040106
huc8_02040106,01447500,90.0,1.3605593376681209,0.7582578128591538,0.5274302274062477,0.5320435789078525,0.8433528807086972,-0.030997055088015535,-0.08928661644396793,0.5670478067162362,1.1714863691900055,-2.075336267069739,4.41830900544975,3.2468226362597443,network_max_absolute_inner_lono_residual,54.0,1.2704446755287413,gap_length|acf_only|donor_r2_only|additive_d_over_4_heuristic|nearest_donor_correlation,huc8_02040106
huc8_02040106,01447500,180.0,2.589379396471609,0.8290624171662261,0.5274302274062477,0.5301252974738979,0.8433528807086972,-0.013339901962105511,-0.14999516275021615,0.5700070821096606,2.2963747352140635,-0.9504479010456808,5.543197371473807,3.2468226362597443,network_max_absolute_inner_lono_residual,54.0,2.411910164517952,gap_length|acf_only|donor_r2_only|additive_d_over_4_heuristic|nearest_donor_correlation,huc8_02040106
huc8_02040106,01447500,365.0,4.337405516394453,0.8799596152371938,0.5274302274062477,0.5274345872319799,0.8433528807086972,-0.3419778535806888,-0.17534010016465978,0.5715069888159161,4.8028602462458325,1.5560376099860882,8.049682882505577,3.2468226362597443,network_max_absolute_inner_lono_residual,54.0,4.963315682003565,gap_length|acf_only|donor_r2_only|additive_d_over_4_heuristic|nearest_donor_correlation,huc8_02040106
huc8_02040106,01447720,7.0,0.6668282031161444,0.2711171824337004,0.4982908002386387,0.6570112901828502,0.8433528807086972,-0.019761705821710475,-0.002515404790518226,0.4350784830989604,0.5657194731487734,-2.681103163110971,3.8125421094085175,3.2468226362597443,network_max_absolute_inner_lono_residual,54.0,0.621277041840087,gap_length|acf_only|donor_r2_only|additive_d_over_4_heuristic|nearest_donor_correlation,huc8_02040106
huc8_02040106,01447720,14.0,0.7992775734833308,0.39841629594791694,0.4982908002386387,0.5704542821807724,0.8433528807086972,-0.025267833094643095,-0.0163305296336096,0.46585733966047266,0.6632481970845148,-2.5835744391752296,3.910070833344259,3.2468226362597443,network_max_absolute_inner_lono_residual,54.0,0.7011928434465292,gap_length|acf_only|donor_r2_only|additive_d_over_4_heuristic|nearest_donor_correlation,huc8_02040106
huc8_02040106,01447720,30.0,0.9278335463702678,0.5631321907946838,0.4982908002386387,0.521262745314977,0.8433528807086972,-0.035380755933274194,-0.040723685685540946,0.4867170596002237,0.6946457148359437,-2.5521769214238006,3.941468351095688,3.2468226362597443,network_max_absolute_inner_lono_residual,54.0,0.714687900517485,gap_length|acf_only|donor_r2_only|additive_d_over_4_heuristic|nearest_donor_correlation,huc8_02040106
huc8_02040106,01447720,60.0,1.026209320874264,0.6892863244606019,0.4982908002386387,0.5053014669848837,0.8433528807086972,-0.08316902293891025,0.013238095788122396,0.49607677143119017,0.9019797250218349,-2.3448429112379094,4.148802361281579,3.2468226362597443,network_max_absolute_inner_lono_residual,54.0,0.9142929370549406,gap_length|acf_only|donor_r2_only|additive_d_over_4_heuristic|nearest_donor_correlation,huc8_02040106
huc8_02040106,01447720,90.0,1.2413361697213516,0.7462861909204226,0.4982908002386387,0.503573345311404,0.8433528807086972,-0.031008538601024548,-0.08942674438934979,0.4991970679159265,1.2103910588490387,-2.0364315774107054,4.457213695108783,3.2468226362597443,network_max_absolute_inner_lono_residual,54.0,1.2247125018276914,gap_length|acf_only|donor_r2_only|additive_d_over_4_heuristic|nearest_donor_correlation,huc8_02040106
huc8_02040106,01447720,180.0,2.7659915072884824,0.8205971015472954,0.4982908002386387,0.5015379027295237,0.8433528807086972,-0.011519944253683167,-0.1510986397798564,0.5023173644172229,2.328301338867696,-0.9185212973920485,5.57512397512744,3.2468226362597443,network_max_absolute_inner_lono_residual,54.0,2.358763019378664,gap_length|acf_only|donor_r2_only|additive_d_over_4_heuristic|nearest_donor_correlation,huc8_02040106
huc8_02040106,01447720,365.0,4.898879547411754,0.8740148737285458,0.4982908002386387,0.4983168810184684,0.8433528807086972,-0.34411353344445395,-0.17522336440250244,0.503898884561719,4.831138083328523,1.5843154470687786,8.077960719588267,3.2468226362597443,network_max_absolute_inner_lono_residual,54.0,4.9060066151384625,gap_length|acf_only|donor_r2_only|additive_d_over_4_heuristic|nearest_donor_correlation,huc8_02040106
huc8_02040106,01447800,7.0,0.5066839540856225,0.14675143306470395,0.3082117399531451,0.6234103519478302,0.7105548035785911,-0.01997149514769759,-0.006801378678000453,0.39013404287689013,0.5560504534000185,-2.690772182859726,3.8028730896597627,3.2468226362597443,network_max_absolute_inner_lono_residual,54.0,0.5100192049621755,gap_length|acf_only|donor_r2_only|additive_d_over_4_heuristic|nearest_donor_correlation,huc8_02040106
huc8_02040106,01447800,14.0,0.7299807016125748,0.23413571722696547,0.3082117399531451,0.46665876156695685,0.7105548035785911,-0.024872045814947074,-0.018707906494445894,0.45380955199205,0.9522984773097664,-2.294524158949978,4.199121113569511,3.2468226362597443,network_max_absolute_inner_lono_residual,54.0,0.9041769498630099,gap_length|acf_only|donor_r2_only|additive_d_over_4_heuristic|nearest_donor_correlation,huc8_02040106
huc8_02040106,01447800,30.0,0.8840504476030666,0.3822353687622355,0.3082117399531451,0.3580598162319112,0.7105548035785911,-0.03403732087449681,-0.043634831233899475,0.49946180400505424,1.2005909012542781,-2.046231735005466,4.447413537514023,3.2468226362597443,network_max_absolute_inner_lono_residual,54.0,1.1417214782238077,gap_length|acf_only|donor_r2_only|additive_d_over_4_heuristic|nearest_donor_correlation,huc8_02040106
huc8_02040106,01447800,60.0,1.0612355994333824,0.5385289276814758,0.3082117399531451,0.3201020860934193,0.7105548035785911,-0.08404719553796514,0.011713871155226225,0.5201042730722834,1.4122894387907372,-1.8345331974690071,4.659112075050482,3.2468226362597443,network_max_absolute_inner_lono_residual,54.0,1.344722290795289,gap_length|acf_only|donor_r2_only|additive_d_over_4_heuristic|nearest_donor_correlation,huc8_02040106
huc8_02040106,01447800,90.0,1.4887790140377153,0.6209448883868001,0.3082117399531451,0.3153555015896471,0.7105548035785911,-0.028710118044069886,-0.08913621041110072,0.5269862150540852,1.6767689198486562,-1.5700537164110882,4.9235915561084,3.2468226362597443,network_max_absolute_inner_lono_residual,54.0,1.6099912911161576,gap_length|acf_only|donor_r2_only|additive_d_over_4_heuristic|nearest_donor_correlation,huc8_02040106
huc8_02040106,01447800,180.0,3.629825961593125,0.7317583356488959,0.3082117399531451,0.3187908815036734,0.7105548035785911,-0.013532307693454065,-0.1463709446555383,0.5338681570761715,2.701522555816361,-0.5453000804433832,5.948345192076106,3.2468226362597443,network_max_absolute_inner_lono_residual,54.0,2.6509850660420105,gap_length|acf_only|donor_r2_only|additive_d_over_4_heuristic|nearest_donor_correlation,huc8_02040106
huc8_02040106,01447800,365.0,5.8125353752815565,0.8116278975319571,0.3082117399531451,0.30964549526007124,0.7105548035785911,-0.34503992011364504,-0.18019489296985775,0.537356264676406,5.1671687159557855,1.9203460796960412,8.413991352215529,3.2468226362597443,network_max_absolute_inner_lono_residual,54.0,5.156630987827895,gap_length|acf_only|donor_r2_only|additive_d_over_4_heuristic|nearest_donor_correlation,huc8_02040106
huc8_02040106,01449360,7.0,0.794799919671246,0.28898937518492085,0.5242560021397419,0.6629519281452396,0.836608289227223,-0.020129497504626715,-0.00511762873705751,0.4484449866622081,0.5809231852206194,-2.6658994510391247,3.827745821480364,3.2468226362597443,network_max_absolute_inner_lono_residual,54.0,0.6522306165626902,gap_length|acf_only|donor_r2_only|additive_d_over_4_heuristic|nearest_donor_correlation,huc8_02040106
huc8_02040106,01449360,14.0,0.9187464588029044,0.41961822417977757,0.5242560021397419,0.5839438158539347,0.836608289227223,-0.025498574262155203,-0.017128167591229097,0.4633273806252501,0.648341661634459,-2.5984809746252853,3.8951642978942034,3.2468226362597443,network_max_absolute_inner_lono_residual,54.0,0.6874655835211821,gap_length|acf_only|donor_r2_only|additive_d_over_4_heuristic|nearest_donor_correlation,huc8_02040106
huc8_02040106,01449360,30.0,1.1803751544952392,0.5825522959392306,0.5242560021397419,0.5478966471405302,0.836608289227223,-0.033796490275172696,-0.041163252844315656,0.4715167956857533,0.6431714225106431,-2.6036512137491012,3.8899940587703874,3.2468226362597443,network_max_absolute_inner_lono_residual,54.0,0.6560978951069872,gap_length|acf_only|donor_r2_only|additive_d_over_4_heuristic|nearest_donor_correlation,huc8_02040106
huc8_02040106,01449360,60.0,1.200819176767021,0.7036385395214495,0.5242560021397419,0.5344040042063141,0.836608289227223,-0.08502345341873699,0.0144016267232635,0.47510111927028914,0.8535424146055768,-2.3932802216541678,4.100365050865321,3.2468226362597443,network_max_absolute_inner_lono_residual,54.0,0.8543561987376052,gap_length|acf_only|donor_r2_only|additive_d_over_4_heuristic|nearest_donor_correlation,huc8_02040106
huc8_02040106,01449360,90.0,1.3649107065797887,0.7580141601258622,0.5242560021397419,0.5326110633236747,0.836608289227223,-0.033956727999087256,-0.08823467564439043,0.4762958938200813,1.1676439358037547,-2.07917870045599,4.414466572063499,3.2468226362597443,network_max_absolute_inner_lono_residual,54.0,1.1688303200743524,gap_length|acf_only|donor_r2_only|additive_d_over_4_heuristic|nearest_donor_correlation,huc8_02040106
huc8_02040106,01449360,180.0,2.20448275025934,0.8288901275348268,0.5242560021397419,0.5271650909530647,0.836608289227223,-0.014093292001914842,-0.14966994186024096,0.4774906683698725,2.303197728029518,-0.9436249082302264,5.550020364289262,3.2468226362597443,network_max_absolute_inner_lono_residual,54.0,2.317796453087675,gap_length|acf_only|donor_r2_only|additive_d_over_4_heuristic|nearest_donor_correlation,huc8_02040106
huc8_02040106,01449360,365.0,4.455896799351561,0.8798386253805393,0.5242560021397419,0.5250778878342823,0.836608289227223,-0.34563725791101263,-0.175968694393903,0.4780962390320956,4.807725731890676,1.5609030956309313,8.05454836815042,3.2468226362597443,network_max_absolute_inner_lono_residual,54.0,4.866511954748624,gap_length|acf_only|donor_r2_only|additive_d_over_4_heuristic|nearest_donor_correlation,huc8_02040106
huc8_02040205,01480400,7.0,0.7189838927132743,0.13683298285186563,0.0,0.5044221575688833,0.4637323867620037,0.05803919687497272,-0.12255538751984751,0.8306373426487081,0.3586977755762914,-2.8945382541545506,3.6119338053071335,3.253236029730842,network_max_absolute_inner_lono_residual,54.0,0.6503395604404394,gap_length|acf_only|donor_r2_only|additive_d_over_4_heuristic|nearest_donor_correlation,huc8_02040205
huc8_02040205,01480400,14.0,0.8907453931229454,0.2197187208360568,0.0,0.3251662517286682,0.4637323867620037,0.1441078472036236,-0.01118756989115382,1.0144155557445007,0.8370156159188862,-2.416220413811956,4.090251645649728,3.253236029730842,network_max_absolute_inner_lono_residual,54.0,1.2572324531268855,gap_length|acf_only|donor_r2_only|additive_d_over_4_heuristic|nearest_donor_correlation,huc8_02040205
huc8_02040205,01480400,30.0,1.1789002191225688,0.3633193051281771,0.0,0.17001419219475267,0.4637323867620037,0.11890543864236683,-0.08429995464114456,1.1862142043548118,1.2409129071204923,-2.0123231226103497,4.494148936851334,3.253236029730842,network_max_absolute_inner_lono_residual,54.0,1.7763706077053851,gap_length|acf_only|donor_r2_only|additive_d_over_4_heuristic|nearest_donor_correlation,huc8_02040205
huc8_02040205,01480400,60.0,1.5028054687778154,0.5200736692362589,0.0,0.05928827855137542,0.4637323867620037,0.07507286416250068,0.0629203732171092,1.2733383181805464,1.6775459335657574,-1.5756900961650846,4.9307819632965995,3.253236029730842,network_max_absolute_inner_lono_residual,54.0,2.251156269056683,gap_length|acf_only|donor_r2_only|additive_d_over_4_heuristic|nearest_donor_correlation,huc8_02040205
huc8_02040205,01480400,90.0,1.9733471881018745,0.6049465707696491,0.0,0.033019173562496174,0.4637323867620037,-0.10088256892522089,0.0736704138546402,1.3025288937944748,2.0038929075508993,-1.2493431221799427,5.257128937281742,3.253236029730842,network_max_absolute_inner_lono_residual,54.0,2.594198137194157,gap_length|acf_only|donor_r2_only|additive_d_over_4_heuristic|nearest_donor_correlation,huc8_02040205
huc8_02040205,01480400,180.0,2.780770695679718,0.720300723715084,0.0,0.01586684537797245,0.4637323867620037,0.47816389316169217,0.590838405265563,1.331719696320103,3.0837931648582098,-0.16944286487263227,6.337029194589052,3.253236029730842,network_max_absolute_inner_lono_residual,54.0,3.7065880620788216,gap_length|acf_only|donor_r2_only|additive_d_over_4_heuristic|nearest_donor_correlation,huc8_02040205
huc8_02040205,01480500,7.0,0.5673539222989763,0.2801205137262277,0.6467389448856429,0.7465735699640553,0.9450241591018579,0.06985731494514362,-0.12731832738312826,0.29134455447917906,0.5644011791798178,-2.6888348505510242,3.81763720891066,3.253236029730842,network_max_absolute_inner_lono_residual,54.0,0.544767273727578,gap_length|acf_only|donor_r2_only|additive_d_over_4_heuristic|nearest_donor_correlation,huc8_02040205
huc8_02040205,01480500,14.0,0.7228275813800948,0.40916920282435865,0.6467389448856429,0.68051246084466,0.9450241591018579,0.07657337115070294,0.05774265331751138,0.28820974041964403,0.5971076947773404,-2.6561283349535016,3.8503437245081824,3.253236029730842,network_max_absolute_inner_lono_residual,54.0,0.528719820795637,gap_length|acf_only|donor_r2_only|additive_d_over_4_heuristic|nearest_donor_correlation,huc8_02040205
huc8_02040205,01480500,30.0,0.8255418227910996,0.573074108891797,0.6467389448856429,0.6559511548064356,0.9450241591018579,0.13061717135526732,-0.113913101741029,0.286501859715461,0.5557754288126253,-2.697460600918217,3.809011458543467,3.253236029730842,network_max_absolute_inner_lono_residual,54.0,0.45126319797917924,gap_length|acf_only|donor_r2_only|additive_d_over_4_heuristic|nearest_donor_correlation,huc8_02040205
huc8_02040205,01480500,60.0,0.9265864929954212,0.6966588624646234,0.6467389448856429,0.6482792446059864,0.9450241591018579,0.0757537201043647,0.0666320973110623,0.2857545067949923,0.7438620041773596,-2.509374025553482,3.997098033908202,3.253236029730842,network_max_absolute_inner_lono_residual,54.0,0.6220118788965996,gap_length|acf_only|donor_r2_only|additive_d_over_4_heuristic|nearest_donor_correlation,huc8_02040205
huc8_02040205,01480500,90.0,1.096256889462471,0.7523114845905841,0.6467389448856429,0.6488809096607269,0.9450241591018579,-0.03950734445584474,0.10707903395560392,0.28550538915325774,1.0483913796447035,-2.2048446500861383,4.301627409375546,3.253236029730842,network_max_absolute_inner_lono_residual,54.0,0.9252741954087409,gap_length|acf_only|donor_r2_only|additive_d_over_4_heuristic|nearest_donor_correlation,huc8_02040205
huc8_02040205,01480500,180.0,1.9119694256149231,0.8248576914794702,0.6467389448856429,0.6477514845398367,0.9450241591018579,0.47816389316169217,0.590838405265563,0.2852562715115238,2.1683285574453874,-1.0849074722854546,5.4215645871762295,3.253236029730842,network_max_absolute_inner_lono_residual,54.0,2.0583964517457223,gap_length|acf_only|donor_r2_only|additive_d_over_4_heuristic|nearest_donor_correlation,huc8_02040205
huc8_02040205,01480617,7.0,0.6201778384617397,0.24985546343993748,0.7112000208153176,0.804703995057045,0.9450241591018579,0.04333805061918515,-0.1320264482743255,0.3266028132658527,0.6107356333476746,-2.6425003963831672,3.863971663078517,3.253236029730842,network_max_absolute_inner_lono_residual,54.0,0.6684756271563456,gap_length|acf_only|donor_r2_only|additive_d_over_4_heuristic|nearest_donor_correlation,huc8_02040205
huc8_02040205,01480617,14.0,0.7068383503173078,0.37243218126694677,0.7112000208153176,0.752181796627678,0.9450241591018579,0.13807033461073137,-0.0086932326824327,0.3332760425780863,0.615207185213474,-2.6380288445173683,3.8684432149443158,3.253236029730842,network_max_absolute_inner_lono_residual,54.0,0.641173507966901,gap_length|acf_only|donor_r2_only|additive_d_over_4_heuristic|nearest_donor_correlation,huc8_02040205
huc8_02040205,01480617,30.0,0.95213804713885,0.5382734643451821,0.7112000208153176,0.7277716078329657,0.9450241591018579,0.008688664739825653,-0.10472517532918854,0.3377207061966256,0.5693622385394905,-2.6838737911913517,3.8225982682703323,3.253236029730842,network_max_absolute_inner_lono_residual,54.0,0.5657802243757577,gap_length|acf_only|donor_r2_only|additive_d_over_4_heuristic|nearest_donor_correlation,huc8_02040205
huc8_02040205,01480617,60.0,0.929163185954094,0.670583308534078,0.7112000208153176,0.7198018417270471,0.9450241591018579,0.1348660256347372,0.13717332740861335,0.33971636060401733,0.7401341551924623,-2.5131018745383797,3.9933701849233043,3.253236029730842,network_max_absolute_inner_lono_residual,54.0,0.720561243650974,gap_length|acf_only|donor_r2_only|additive_d_over_4_heuristic|nearest_donor_correlation,huc8_02040205
huc8_02040205,01480617,90.0,1.1480172616905635,0.7309895573651473,0.7112000208153176,0.7228720519633268,0.9450241591018579,-0.007572757920469991,0.044948697968377645,0.340381715761105,1.0271155152247367,-2.226120514506105,4.280351544955579,3.253236029730842,network_max_absolute_inner_lono_residual,54.0,1.0072962028842034,gap_length|acf_only|donor_r2_only|additive_d_over_4_heuristic|nearest_donor_correlation,huc8_02040205
huc8_02040205,01480617,180.0,1.4617206839902532,0.809780336311589,0.7112000208153176,0.7207913550760855,0.9450241591018579,0.47816389316169217,0.590838405265563,0.34104707093803344,2.1369371481586983,-1.1162988815721437,5.39017317788954,3.253236029730842,network_max_absolute_inner_lono_residual,54.0,2.129831720438746,gap_length|acf_only|donor_r2_only|additive_d_over_4_heuristic|nearest_donor_correlation,huc8_02040205
huc8_02040205,01480870,7.0,0.5614364726202828,0.2789688830646727,0.7262650223973077,0.8065213992070128,0.9078515850395545,0.06298211268468448,-0.1299336186955542,0.2774837816977052,0.6113731634931986,-2.6418628662376435,3.8646091932240405,3.253236029730842,network_max_absolute_inner_lono_residual,54.0,0.6032751980232275,gap_length|acf_only|donor_r2_only|additive_d_over_4_heuristic|nearest_donor_correlation,huc8_02040205
huc8_02040205,01480870,14.0,0.9083899647848946,0.4078019885196239,0.7262650223973077,0.7581786575631764,0.9078515850395545,0.14541480706268992,-0.0076130394474608065,0.27547261096607306,0.5898790942543078,-2.6633569354765343,3.8431151239851498,3.253236029730842,network_max_absolute_inner_lono_residual,54.0,0.5406235059686215,gap_length|acf_only|donor_r2_only|additive_d_over_4_heuristic|nearest_donor_correlation,huc8_02040205
huc8_02040205,01480870,30.0,0.9722663154999416,0.5718207557715482,0.7262650223973077,0.7378196643444518,0.9078515850395545,0.12743533619980255,-0.11464230186088731,0.2743883825141507,0.535347136266391,-2.717888893464451,3.788583165997233,3.253236029730842,network_max_absolute_inner_lono_residual,54.0,0.4521377235460565,gap_length|acf_only|donor_r2_only|additive_d_over_4_heuristic|nearest_donor_correlation,huc8_02040205
huc8_02040205,01480870,60.0,1.0125378529628115,0.6957324367135267,0.7262650223973077,0.7315874017687536,0.9078515850395545,0.07768307575206608,0.06369328559426363,0.2739140086969572,0.7183100152505911,-2.534926014480251,3.9715460449814333,3.253236029730842,network_max_absolute_inner_lono_residual,54.0,0.6185193608803207,gap_length|acf_only|donor_r2_only|additive_d_over_4_heuristic|nearest_donor_correlation,huc8_02040205
huc8_02040205,01480870,90.0,1.1627470950020684,0.7515544539477315,0.7262650223973077,0.7324184064141508,0.9078515850395545,-0.036986724118305836,0.10680400658566562,0.27375588409120905,1.0217780125956637,-2.2314580171351786,4.2750140423265055,3.253236029730842,network_max_absolute_inner_lono_residual,54.0,0.9208722538264069,gap_length|acf_only|donor_r2_only|additive_d_over_4_heuristic|nearest_donor_correlation,huc8_02040205
huc8_02040205,01480870,180.0,1.8805361324912973,0.8243223836955397,0.7262650223973077,0.7301073296722635,0.9078515850395545,0.4852618541042866,0.5891573587545282,0.2735977594854602,2.144896566420378,-1.1083394633104642,5.398132596151219,3.253236029730842,network_max_absolute_inner_lono_residual,54.0,2.05681647349708,gap_length|acf_only|donor_r2_only|additive_d_over_4_heuristic|nearest_donor_correlation,huc8_02040205
huc8_02040205,01481000,7.0,0.7213680137906755,0.25700295610121093,0.7730348472118885,0.840591742191516,0.9161903777094532,0.07288700087797517,-0.12526512828923334,0.23446126970841158,0.6634740562017519,-2.58976197352909,3.916710085932594,3.253236029730842,network_max_absolute_inner_lono_residual,54.0,0.6339058323303615,gap_length|acf_only|donor_r2_only|additive_d_over_4_heuristic|nearest_donor_correlation,huc8_02040205
huc8_02040205,01481000,14.0,1.0464039113119776,0.3812606003616912,0.7730348472118885,0.7965749728871755,0.9161903777094532,0.0746431044735781,0.056281229674749265,0.23244789445191794,0.6381984498278533,-2.615037579902989,3.8914344795586953,3.253236029730842,network_max_absolute_inner_lono_residual,54.0,0.5698550161907141,gap_length|acf_only|donor_r2_only|additive_d_over_4_heuristic|nearest_donor_correlation,huc8_02040205
huc8_02040205,01481000,30.0,1.221028566201528,0.5468562522653557,0.7730348472118885,0.7790093752196557,0.9161903777094532,0.1306840341946997,-0.11553556979160524,0.23137412425537676,0.5717551367427164,-2.6814808929881258,3.8249911664735583,3.253236029730842,network_max_absolute_inner_lono_residual,54.0,0.47017094874260457,gap_length|acf_only|donor_r2_only|additive_d_over_4_heuristic|nearest_donor_correlation,huc8_02040205
huc8_02040205,01481000,60.0,1.3044177355468274,0.6770879466284936,0.7730348472118885,0.7750028959586411,0.9161903777094532,0.07656878352027277,0.06491144055021796,0.23090434979492802,0.7346454051817551,-2.5185906245490868,3.9878814349125973,3.253236029730842,network_max_absolute_inner_lono_residual,54.0,0.6161068841526839,gap_length|acf_only|donor_r2_only|additive_d_over_4_heuristic|nearest_donor_correlation,huc8_02040205
huc8_02040205,01481000,90.0,1.4377894078095754,0.7363117894124909,0.7730348472118885,0.7761333455467296,0.9161903777094532,-0.10039121145504086,0.07321807324176759,0.2307477583081147,1.0300807743549696,-2.2231552553758727,4.283316804085811,3.253236029730842,network_max_absolute_inner_lono_residual,54.0,0.9099057694888305,gap_length|acf_only|donor_r2_only|additive_d_over_4_heuristic|nearest_donor_correlation,huc8_02040205
huc8_02040205,01481000,180.0,2.431578305246929,0.813543923632992,0.7730348472118885,0.775211384038916,0.9161903777094532,0.47816389316169217,0.590838405265563,0.23059116682130115,2.1395855652505267,-1.1136504644803153,5.392821594981369,3.253236029730842,network_max_absolute_inner_lono_residual,54.0,2.031905672726303,gap_length|acf_only|donor_r2_only|additive_d_over_4_heuristic|nearest_donor_correlation,huc8_02040205
huc8_02040205,01481500,7.0,0.3766240324292864,0.22755328649293272,0.7127150969805025,0.8044100124113412,0.9428062493349679,0.013270371996233371,-0.11587478164657199,0.27455742255750587,0.6638035672929802,-2.5894324624378617,3.9170395970238223,3.253236029730842,network_max_absolute_inner_lono_residual,54.0,0.6671056726222019,gap_length|acf_only|donor_r2_only|additive_d_over_4_heuristic|nearest_donor_correlation,huc8_02040205
huc8_02040205,01481500,14.0,0.4729636430846793,0.34426757374892225,0.7127150969805025,0.7422150081760449,0.9428062493349679,0.06123490371668868,0.03329177932917095,0.27449521903056245,0.7103613259736913,-2.5428747037571506,3.9635973557045334,3.253236029730842,network_max_absolute_inner_lono_residual,54.0,0.6720029796930563,gap_length|acf_only|donor_r2_only|additive_d_over_4_heuristic|nearest_donor_correlation,huc8_02040205
huc8_02040205,01481500,30.0,0.5269281500577926,0.5098949473267655,0.7127150969805025,0.7213336933412284,0.9428062493349679,0.08414791868186476,-0.07404340067795456,0.2744599863797739,0.6540788269798566,-2.5991572027509853,3.907314856710699,3.253236029730842,network_max_absolute_inner_lono_residual,54.0,0.5824563801533693,gap_length|acf_only|donor_r2_only|additive_d_over_4_heuristic|nearest_donor_correlation,huc8_02040205
huc8_02040205,01481500,60.0,0.5763564924995104,0.64866186653706,0.7127150969805025,0.7144652698778926,0.9428062493349679,0.07689885527526463,0.06352538669346683,0.2744445678061468,0.8079599678173331,-2.4452760619135088,4.061195997548175,3.253236029730842,network_max_absolute_inner_lono_residual,54.0,0.717294157102517,gap_length|acf_only|donor_r2_only|additive_d_over_4_heuristic|nearest_donor_correlation,huc8_02040205
huc8_02040205,01481500,90.0,0.7348477459218767,0.7130258987598388,0.7127150969805025,0.7140867967135666,0.9428062493349679,-0.09817644707400089,0.07216905869491927,0.2744394282816019,1.0973077271770926,-2.1559283025537495,4.350543756907935,3.253236029730842,network_max_absolute_inner_lono_residual,54.0,1.0036870295567235,gap_length|acf_only|donor_r2_only|additive_d_over_4_heuristic|nearest_donor_correlation,huc8_02040205
huc8_02040205,01481500,180.0,1.4155320491370642,0.7970764906821486,0.7127150969805025,0.7127291048555311,0.9428062493349679,0.47816389316169217,0.590838405265563,0.2744342887570525,2.1939075354304665,-1.0593284943003756,5.4471435651613085,3.253236029730842,network_max_absolute_inner_lono_residual,54.0,2.111534533975825,gap_length|acf_only|donor_r2_only|additive_d_over_4_heuristic|nearest_donor_correlation,huc8_02040205
huc8_02050104,01518700,7.0,0.5743749996594022,0.21340397581240222,0.21746991754396094,0.517696323586507,0.6475750718272055,-0.006292212483490732,-0.017019792961983204,0.57178875393206,0.560931963424553,-2.635358430519347,3.757222357368453,3.1962903939439,network_max_absolute_inner_lono_residual,54.0,0.6318316702267675,gap_length|acf_only|donor_r2_only|additive_d_over_4_heuristic|nearest_donor_correlation,huc8_02050104
huc8_02050104,01518700,14.0,0.620737142946039,0.3259072043675316,0.21746991754396094,0.3728492287207027,0.6475750718272055,0.002203495666680635,-0.014826817365096046,0.6402416831246759,0.8644824207729026,-2.3318079731709975,4.0607728147168025,3.1962903939439,network_max_absolute_inner_lono_residual,54.0,0.9391674321001074,gap_length|acf_only|donor_r2_only|additive_d_over_4_heuristic|nearest_donor_correlation,huc8_02050104
huc8_02050104,01518700,30.0,0.7709308710098266,0.4905308496309084,0.21746991754396094,0.28517224574442945,0.6475750718272055,0.01133248221502973,-0.014593501852204066,0.6842842877882885,1.0152496086210945,-2.1810407853228053,4.211540002564995,3.1962903939439,network_max_absolute_inner_lono_residual,54.0,1.082361680814447,gap_length|acf_only|donor_r2_only|additive_d_over_4_heuristic|nearest_donor_correlation,huc8_02050104
huc8_02050104,01518700,60.0,1.0655893392662208,0.6332812032453283,0.21746991754396094,0.24931613726404822,0.6475750718272055,0.022388674638405038,-0.0063652784265909425,0.7037926291072966,1.2486899715051096,-1.9476004224387904,4.44498036544901,3.1962903939439,network_max_absolute_inner_lono_residual,54.0,1.3085832370783117,gap_length|acf_only|donor_r2_only|additive_d_over_4_heuristic|nearest_donor_correlation,huc8_02050104
huc8_02050104,01518700,90.0,1.5110203755510352,0.7003856650022373,0.21746991754396094,0.23806921490077115,0.6475750718272055,0.07631946172190503,0.058283504451171066,0.710295529847822,1.5617453234131673,-1.6345450705307327,4.7580357173570675,3.1962903939439,network_max_absolute_inner_lono_residual,54.0,1.6220587625132912,gap_length|acf_only|donor_r2_only|additive_d_over_4_heuristic|nearest_donor_correlation,huc8_02050104
huc8_02050104,01518700,180.0,3.1806610067948284,0.7881356300812196,0.21746991754396094,0.22357303219476898,0.6475750718272055,0.015585338344467552,0.10566804855463341,0.7167984305888061,2.673578115315696,-0.5227122786282039,5.869868509259597,3.1962903939439,network_max_absolute_inner_lono_residual,54.0,2.747199797844029,gap_length|acf_only|donor_r2_only|additive_d_over_4_heuristic|nearest_donor_correlation,huc8_02050104
huc8_02050104,01518700,365.0,5.864720326494476,0.8512189063997917,0.21746991754396094,0.21831385835136796,0.6475750718272055,0.05180110236467317,-0.006266400854878851,0.7200944213753327,5.123349203388788,1.9270588094448877,8.319639597332689,3.1962903939439,network_max_absolute_inner_lono_residual,54.0,5.2418726389549395,gap_length|acf_only|donor_r2_only|additive_d_over_4_heuristic|nearest_donor_correlation,huc8_02050104
huc8_02050104,01520000,7.0,0.4985871282645633,0.10166746147886496,0.12347189890486043,0.6348601456513892,0.6475750718272055,-0.0036599724658161734,-0.023960195715782506,0.5629771625762603,0.20129189203793107,-2.994998501905969,3.397582285981831,3.1962903939439,network_max_absolute_inner_lono_residual,54.0,0.30887730717409756,gap_length|acf_only|donor_r2_only|additive_d_over_4_heuristic|nearest_donor_correlation,huc8_02050104
huc8_02050104,01520000,14.0,0.7071696501118796,0.16698192055275152,0.12347189890486043,0.4982133967723571,0.6475750718272055,0.009115460103176007,-0.022230186988144635,0.6543251751439066,0.5759786271543773,-2.6203117667895226,3.7722690210982774,3.1962903939439,network_max_absolute_inner_lono_residual,54.0,0.721710285104744,gap_length|acf_only|donor_r2_only|additive_d_over_4_heuristic|nearest_donor_correlation,huc8_02050104
huc8_02050104,01520000,30.0,0.863903279085954,0.2893024856184695,0.12347189890486043,0.3603035599319958,0.6475750718272055,0.02802195525883492,-0.05582320584768956,0.7225717543318384,0.9634153258301273,-2.232875068113773,4.159705719774028,3.1962903939439,network_max_absolute_inner_lono_residual,54.0,1.1161256187880653,gap_length|acf_only|donor_r2_only|additive_d_over_4_heuristic|nearest_donor_correlation,huc8_02050104
huc8_02050104,01520000,60.0,1.1313419454892475,0.44103697119742813,0.12347189890486043,0.23453483428278077,0.6475750718272055,0.0576642844088869,-0.03339256879885555,0.7538040326716323,1.4485900879667328,-1.7477003059771672,4.644880481910633,3.1962903939439,network_max_absolute_inner_lono_residual,54.0,1.5734053249384565,gap_length|acf_only|donor_r2_only|additive_d_over_4_heuristic|nearest_donor_correlation,huc8_02050104
huc8_02050104,01520000,90.0,1.873232268989086,0.5333493149077477,0.12347189890486043,0.1662988676951287,0.6475750718272055,0.10999525943153099,0.05782404817658242,0.7642183194345461,1.8816036248990902,-1.3146867690448099,5.07789401884299,3.1962903939439,network_max_absolute_inner_lono_residual,54.0,1.986861104127319,gap_length|acf_only|donor_r2_only|additive_d_over_4_heuristic|nearest_donor_correlation,huc8_02050104
huc8_02050104,01520000,180.0,3.626238794710901,0.6678346187537827,0.12347189890486043,0.12458850454508019,0.6475750718272055,0.045883643722901234,0.16095352894891385,0.774632606484626,2.9803099101116985,-0.21598048383220148,6.176600304055599,3.1962903939439,network_max_absolute_inner_lono_residual,54.0,3.085705402065696,gap_length|acf_only|donor_r2_only|additive_d_over_4_heuristic|nearest_donor_correlation,huc8_02050104
huc8_02050104,01520000,365.0,7.442806084863127,0.7667171432751759,0.12347189890486043,0.1326510837838979,0.6475750718272055,0.0036341409688031177,-0.004286004096274681,0.7799110807428898,5.317436182353836,2.121145788409936,8.513726576297735,3.1962903939439,network_max_absolute_inner_lono_residual,54.0,5.468498305188263,gap_length|acf_only|donor_r2_only|additive_d_over_4_heuristic|nearest_donor_correlation,huc8_02050104
huc8_02050305,0157155014,7.0,0.4104145726987293,0.2710039006120477,0.7408372589902353,0.8217390228841153,0.9857279514801462,0.05146519689625193,-0.007476000965790691,0.1692024503843229,0.6171825133024408,-2.459220241947785,3.6935852685526664,3.0764027552502258,network_max_absolute_inner_lono_residual,54.0,0.5048173834558802,gap_length|acf_only|donor_r2_only|additive_d_over_4_heuristic|placement_season_sin|placement_season_cos,huc8_02050305
huc8_02050305,0157155014,14.0,0.385193365152393,0.39828006022224793,0.7408372589902353,0.7770859095665359,0.9857279514801462,0.083407933898207,-0.07208952567662333,0.16932031712076273,0.5916286961637507,-2.484774059086475,3.6680314514139765,3.0764027552502258,network_max_absolute_inner_lono_residual,54.0,0.4369390114107095,gap_length|acf_only|donor_r2_only|additive_d_over_4_heuristic|placement_season_sin|placement_season_cos,huc8_02050305
huc8_02050305,0157155014,30.0,0.4286835881471634,0.5630049730553086,0.7408372589902353,0.7564662243627546,0.9857279514801462,0.06540602236569286,-0.03735913883658764,0.1693838197011294,0.5463438877439977,-2.530058867506228,3.6227466429942234,3.0764027552502258,network_max_absolute_inner_lono_residual,54.0,0.36049246478466107,gap_length|acf_only|donor_r2_only|additive_d_over_4_heuristic|placement_season_sin|placement_season_cos,huc8_02050305
huc8_02050305,0157155014,60.0,0.5204480850944916,0.6891916192068337,0.7408372589902353,0.7459500152273211,0.9857279514801462,0.15514170265378419,-0.016870235755994716,0.16941158512768126,0.7137640627047394,-2.3626386925454863,3.7901668179549652,3.0764027552502258,network_max_absolute_inner_lono_residual,54.0,0.5037671898271308,gap_length|acf_only|donor_r2_only|additive_d_over_4_heuristic|placement_season_sin|placement_season_cos,huc8_02050305
huc8_02050305,0157155014,90.0,0.6076022869961129,0.7462087788647191,0.7408372589902353,0.7464898276571017,0.9857279514801462,0.25976128223064354,-0.03255502510156481,0.16942084026518014,0.9918017146618845,-2.0846010405883413,4.068204469912111,3.0764027552502258,network_max_absolute_inner_lono_residual,54.0,0.7723625040999488,gap_length|acf_only|donor_r2_only|additive_d_over_4_heuristic|placement_season_sin|placement_season_cos,huc8_02050305
huc8_02050305,0157155014,180.0,1.5095698816908731,0.8205423618986727,0.7408372589902353,0.7434172467436977,0.9857279514801462,0.2743040404981556,0.15605318811903746,0.1694300954026757,2.0806434433815224,-0.9957593118687034,5.157046198631749,3.0764027552502258,network_max_absolute_inner_lono_residual,54.0,1.87730163310155,gap_length|acf_only|donor_r2_only|additive_d_over_4_heuristic|placement_season_sin|placement_season_cos,huc8_02050305
huc8_02050305,0157155014,365.0,1.7182914031237773,0.8739764329809121,0.7408372589902353,0.7408529656874527,0.9857279514801462,-0.9624773599564846,0.1468877587642719,0.16943478636277812,5.058075837812081,1.981673082561855,8.134478593062306,3.0764027552502258,network_max_absolute_inner_lono_residual,54.0,4.981530080698374,gap_length|acf_only|donor_r2_only|additive_d_over_4_heuristic|placement_season_sin|placement_season_cos,huc8_02050305
huc8_02050305,01571820,7.0,0.427758379323142,0.2918877497804314,0.7330482347427197,0.8100371976192469,0.975978503431654,0.07233209866294221,-0.04090950034891342,0.26635613397722496,0.5937968359476832,-2.4826059193025425,3.670199591197909,3.0764027552502258,network_max_absolute_inner_lono_residual,54.0,0.5787868440016758,gap_length|acf_only|donor_r2_only|additive_d_over_4_heuristic|placement_season_sin|placement_season_cos,huc8_02050305
huc8_02050305,01571820,14.0,0.4762236892325537,0.4230024350515048,0.7330482347427197,0.7641565684107035,0.975978503431654,0.08289154773390975,-0.06597164796333119,0.2690537975833334,0.5619217525329256,-2.5144810027173,3.6383245077831514,3.0764027552502258,network_max_absolute_inner_lono_residual,54.0,0.5091195453116318,gap_length|acf_only|donor_r2_only|additive_d_over_4_heuristic|placement_season_sin|placement_season_cos,huc8_02050305
huc8_02050305,01571820,30.0,0.5019634283781051,0.5855846643736733,0.7330482347427197,0.7453384049800084,0.975978503431654,0.06324947636377182,-0.03273733277120079,0.27050872293311623,0.5168656809164177,-2.559537074333808,3.5932684361666434,3.0764027552502258,network_max_absolute_inner_lono_residual,54.0,0.435615327446197,gap_length|acf_only|donor_r2_only|additive_d_over_4_heuristic|placement_season_sin|placement_season_cos,huc8_02050305
huc8_02050305,01571820,60.0,0.5301586865882079,0.7058622852100418,0.7330482347427197,0.7366267268638799,0.975978503431654,0.14984394686079197,-0.016200567297248232,0.27114529120611647,0.6931464035699381,-2.383256351680288,3.7695491588201637,3.0764027552502258,network_max_absolute_inner_lono_residual,54.0,0.5902951712687116,gap_length|acf_only|donor_r2_only|additive_d_over_4_heuristic|placement_season_sin|placement_season_cos,huc8_02050305
huc8_02050305,01571820,90.0,0.642825630221102,0.7598307963489176,0.7330482347427197,0.7367362031841884,0.975978503431654,0.25196112122512754,-0.037114434471498196,0.27135748063054943,0.980630747611322,-2.095772007638904,4.057033502861548,3.0764027552502258,network_max_absolute_inner_lono_residual,54.0,0.8689747829244825,gap_length|acf_only|donor_r2_only|additive_d_over_4_heuristic|placement_season_sin|placement_season_cos,huc8_02050305
huc8_02050305,01571820,180.0,1.056747518999709,0.8301746911516719,0.7330482347427197,0.7336779713354573,0.975978503431654,0.2733522297956931,0.15411406889521487,0.27156967005498955,2.074273251635046,-1.0021295036151798,5.150676006885272,3.0764027552502258,network_max_absolute_inner_lono_residual,54.0,1.9793071614765814,gap_length|acf_only|donor_r2_only|additive_d_over_4_heuristic|placement_season_sin|placement_season_cos,huc8_02050305
huc8_02050305,01571820,365.0,0.9637260819755188,0.8807407061767161,0.7330482347427197,0.7332138108440815,0.975978503431654,-0.9650896287866111,0.14728965339914107,0.27167721811942874,5.051612204565156,1.9752094493149306,8.128014959815381,3.0764027552502258,network_max_absolute_inner_lono_residual,54.0,5.085060403599052,gap_length|acf_only|donor_r2_only|additive_d_over_4_heuristic|placement_season_sin|placement_season_cos,huc8_02050305
huc8_02060003,01581752,7.0,0.4753031122258731,0.3476671846913967,0.6703314171177389,0.7433014863171956,0.940873729618583,-0.006360024225666017,0.08240431904209133,0.3797475179117298,0.49524485197099594,-2.7486309034962466,3.7391206074382386,3.2438757554672426,network_max_absolute_inner_lono_residual,54.0,0.5629108740652455,gap_length|acf_only|donor_r2_only|additive_d_over_4_heuristic|nearest_donor_correlation,huc8_02060003
huc8_02060003,01581752,14.0,0.618935190242316,0.48528822979708863,0.6703314171177389,0.6957687891692681,0.940873729618583,0.007966558121590606,0.13476503184545932,0.3858696679157049,0.45339025935522587,-2.7904854961120167,3.6972660148224685,3.2438757554672426,network_max_absolute_inner_lono_residual,54.0,0.4894171746013489,gap_length|acf_only|donor_r2_only|additive_d_over_4_heuristic|nearest_donor_correlation,huc8_02060003
huc8_02060003,01581752,30.0,0.7404071510925423,0.6384575280040774,0.6703314171177389,0.677818296871213,0.940873729618583,-0.07851086679660836,0.21221459054514327,0.3893695745415144,0.41426780754950115,-2.8296079479177414,3.658143563016744,3.2438757554672426,network_max_absolute_inner_lono_residual,54.0,0.4263757592132327,gap_length|acf_only|donor_r2_only|additive_d_over_4_heuristic|nearest_donor_correlation,huc8_02060003
huc8_02060003,01581752,60.0,1.0751640267268132,0.744084039439422,0.6703314171177389,0.6779080548802053,0.940873729618583,-0.38473726631574034,0.2439945852907409,0.3909043403285007,0.6154371784040188,-2.628438577063224,3.8593129338712613,3.2438757554672426,network_max_absolute_inner_lono_residual,54.0,0.619957780455167,gap_length|acf_only|donor_r2_only|additive_d_over_4_heuristic|nearest_donor_correlation,huc8_02060003
huc8_02060003,01581920,7.0,0.3850856922354017,0.1787108996098551,0.021789905755911776,0.4690673656590084,0.42558699244905684,0.04769249555045967,0.11675188688145241,0.5213987641430197,0.4849796999286928,-2.7588960555385498,3.7288554553959354,3.2438757554672426,network_max_absolute_inner_lono_residual,54.0,0.4011109284309681,gap_length|acf_only|donor_r2_only|additive_d_over_4_heuristic|nearest_donor_correlation,huc8_02060003
huc8_02060003,01581920,14.0,0.4830248767137527,0.27924011353830536,0.021789905755911776,0.3321307281870176,0.42558699244905684,0.021979803624763546,0.14865450608893638,0.647514361165116,0.7966420115826841,-2.4472337438845586,4.040517767049927,3.2438757554672426,network_max_absolute_inner_lono_residual,54.0,0.7845046423331764,gap_length|acf_only|donor_r2_only|additive_d_over_4_heuristic|nearest_donor_correlation,huc8_02060003
huc8_02060003,01581920,30.0,0.5952472250461579,0.4379767991497454,0.021789905755911776,0.21772354219687218,0.42558699244905684,-0.03879254648083142,0.3037976239247519,0.800531679709671,1.0438304570331032,-2.2000452984341394,4.287706212500346,3.2438757554672426,network_max_absolute_inner_lono_residual,54.0,1.1332173294999859,gap_length|acf_only|donor_r2_only|additive_d_over_4_heuristic|nearest_donor_correlation,huc8_02060003
huc8_02060003,01581920,60.0,0.7865924038290977,0.5893845811539087,0.021789905755911776,0.12641894661779862,0.42558699244905684,-0.45942571744391925,0.31356466548930173,0.9002111718253057,1.4317860729601384,-1.8120896825071042,4.675661828427381,3.2438757554672426,network_max_absolute_inner_lono_residual,54.0,1.5787661418294772,gap_length|acf_only|donor_r2_only|additive_d_over_4_heuristic|nearest_donor_correlation,huc8_02060003
huc8_02060003,01581920,90.0,0.8872731765773562,0.6640179777239446,0.021789905755911776,0.09829175816077318,0.42558699244905684,-0.9536192004901043,0.2837314115232334,0.9353120804471573,1.784762399709145,-1.4591133557580975,5.028638155176388,3.2438757554672426,network_max_absolute_inner_lono_residual,54.0,1.955392748429706,gap_length|acf_only|donor_r2_only|additive_d_over_4_heuristic|nearest_donor_correlation,huc8_02060003
huc8_02060003,01585075,7.0,0.4675816882508141,0.3135822636766823,0.7174667539225464,0.7886735410062117,0.9567328294743737,0.04794888257543397,0.11474794103984079,0.3521930792178364,0.5324052404485967,-2.7114705150186458,3.7762809959158394,3.2438757554672426,network_max_absolute_inner_lono_residual,54.0,0.6042002357258107,gap_length|acf_only|donor_r2_only|additive_d_over_4_heuristic|nearest_donor_correlation,huc8_02060003
huc8_02060003,01585075,14.0,0.5939961730901684,0.4478623073763671,0.7174667539225464,0.7433443872587866,0.9567328294743737,0.014037512148317766,0.179401535974354,0.35905620864757715,0.49071412173591267,-2.75316163373133,3.734589877203155,3.2438757554672426,network_max_absolute_inner_lono_residual,54.0,0.5330204076509512,gap_length|acf_only|donor_r2_only|additive_d_over_4_heuristic|nearest_donor_correlation,huc8_02060003
huc8_02060003,01585075,30.0,0.6022484625776608,0.6073276726213247,0.7174667539225464,0.724292416419924,0.9567328294743737,-0.07076119456310401,0.2480323410840048,0.36280963300708546,0.44185980933430014,-2.8020159461329426,3.6857355648015426,3.2438757554672426,network_max_absolute_inner_lono_residual,54.0,0.459064953968731,gap_length|acf_only|donor_r2_only|additive_d_over_4_heuristic|nearest_donor_correlation,huc8_02060003
huc8_02060003,01585075,60.0,0.7124543664039422,0.7216925520977202,0.7174667539225464,0.7220140562260597,0.9567328294743737,-0.5593085861737956,0.4057905386911453,0.36445221734852906,0.6321147853660872,-2.6117609701011553,3.87599054083333,3.2438757554672426,network_max_absolute_inner_lono_residual,54.0,0.6395281327603721,gap_length|acf_only|donor_r2_only|additive_d_over_4_heuristic|nearest_donor_correlation,huc8_02060003
huc8_02060003,01585075,90.0,0.6777396912645135,0.7727604646281435,0.7174667539225464,0.7179323877440691,0.9567328294743737,-0.9536192004901043,0.2837314115232334,0.3649997454677817,0.9599810189792571,-2.2838947364879854,4.2038567744465,3.2438757554672426,network_max_absolute_inner_lono_residual,54.0,0.9664352887392953,gap_length|acf_only|donor_r2_only|additive_d_over_4_heuristic|nearest_donor_correlation,huc8_02060003
huc8_02060003,01589290,7.0,0.4309148516399519,0.3541726642700255,0.7236557722186321,0.779041292405181,0.9567328294743737,0.011238499809119456,0.13120176998465555,0.296680275775202,0.4931886745279491,-2.7506870809392936,3.7370644299951916,3.2438757554672426,network_max_absolute_inner_lono_residual,54.0,0.4959743390705668,gap_length|acf_only|donor_r2_only|additive_d_over_4_heuristic|nearest_donor_correlation,huc8_02060003
huc8_02060003,01589290,14.0,0.4301701406070163,0.4922120248618853,0.7236557722186321,0.7386273300811259,0.9567328294743737,-0.052138526353103606,0.17741431400319368,0.2963993888304129,0.42847388574408296,-2.8154018697231598,3.6723496412113255,3.2438757554672426,network_max_absolute_inner_lono_residual,54.0,0.39520917787801807,gap_length|acf_only|donor_r2_only|additive_d_over_4_heuristic|nearest_donor_correlation,huc8_02060003
huc8_02060003,01589290,30.0,0.5208565104007721,0.6440280239788397,0.7236557722186321,0.7254897557847092,0.9567328294743737,-0.08227521332227969,0.29694287201240466,0.2962491981052881,0.3773088886762975,-2.866566866790945,3.6211846441435402,3.2438757554672426,network_max_absolute_inner_lono_residual,54.0,0.3181492255522498,gap_length|acf_only|donor_r2_only|additive_d_over_4_heuristic|nearest_donor_correlation,huc8_02060003
huc8_02060003,01589290,60.0,0.678324850688378,0.74806598950466,0.7236557722186321,0.7253618579203863,0.9567328294743737,-0.5194109689706599,0.2800347492026186,0.2961834895111945,0.5824643362807062,-2.6614114191865363,3.826340091747949,3.2438757554672426,network_max_absolute_inner_lono_residual,54.0,0.5141837399086193,gap_length|acf_only|donor_r2_only|additive_d_over_4_heuristic|nearest_donor_correlation,huc8_02060003
huc8_02060003,01589290,90.0,0.7868524402512445,0.7942964168351015,0.7236557722186321,0.7236616578577535,0.9567328294743737,-0.9841821132021396,0.17547947973509687,0.2961615866464993,0.9130662465719818,-2.330809508895261,4.156942002039225,3.2438757554672426,network_max_absolute_inner_lono_residual,54.0,0.8448819997498408,gap_length|acf_only|donor_r2_only|additive_d_over_4_heuristic|nearest_donor_correlation,huc8_02060003
huc8_02070002,01595800,7.0,0.4956947640010288,0.1466234092364045,0.0,0.48871367706916935,0.33811071609167914,0.03328151142008648,0.03936329856480078,0.38414475725640423,0.5618687589575043,-2.6735906589939153,3.797328176908924,3.23545941795142,network_max_absolute_inner_lono_residual,54.0,0.2636661184776103,gap_length|acf_only|donor_r2_only|additive_d_over_4_heuristic|nearest_donor_correlation,huc8_02070002
huc8_02070002,01595800,14.0,0.4542261227539607,0.23395090021727283,0.0,0.3489437231378645,0.33811071609167914,0.012162619428778425,0.059156494796859894,0.48157685820790647,0.9070175595051709,-2.328441858446249,4.142476977456591,3.23545941795142,network_max_absolute_inner_lono_residual,54.0,0.6517528619369729,gap_length|acf_only|donor_r2_only|additive_d_over_4_heuristic|nearest_donor_correlation,huc8_02070002
huc8_02070002,01595800,30.0,0.5732885510921478,0.38199633564506974,0.0,0.24639589716466104,0.33811071609167914,-0.007075630281316697,0.1297688742626527,0.6080097620940799,1.138479239999347,-2.096980177952073,4.373938657950767,3.23545941795142,network_max_absolute_inner_lono_residual,54.0,0.9617323282644639,gap_length|acf_only|donor_r2_only|additive_d_over_4_heuristic|nearest_donor_correlation,huc8_02070002
huc8_02070002,01595800,60.0,0.9386131515900292,0.5382997577287242,0.0,0.17647925511597395,0.33811071609167914,0.017120332267893428,0.039691732576255044,0.6988274968077176,1.449400733972959,-1.7860586839784607,4.684860151924379,3.23545941795142,network_max_absolute_inner_lono_residual,54.0,1.3272505631076017,gap_length|acf_only|donor_r2_only|additive_d_over_4_heuristic|nearest_donor_correlation,huc8_02070002
huc8_02070002,01595800,90.0,1.2222180955410002,0.620747601030692,0.0,0.10778698841228407,0.33811071609167914,-0.016980056337394096,-0.0075638856308643115,0.7320920117296916,1.90986778072653,-1.3255916372248897,5.14532719867795,3.23545941795142,network_max_absolute_inner_lono_residual,54.0,1.7944361529112325,gap_length|acf_only|donor_r2_only|additive_d_over_4_heuristic|nearest_donor_correlation,huc8_02070002
huc8_02070002,01595800,180.0,2.371009992361069,0.7316173966512298,0.0,0.018546685977587574,0.33811071609167914,-0.49737829549466206,-0.0455995593170473,0.7654899526274669,3.2166531986551243,-0.018806219296295446,6.452112616606544,3.23545941795142,network_max_absolute_inner_lono_residual,54.0,3.113984068056355,gap_length|acf_only|donor_r2_only|additive_d_over_4_heuristic|nearest_donor_correlation,huc8_02070002
huc8_02070002,01596500,7.0,0.9472595528839156,0.26706940184692973,0.006025105779653317,0.30348251331712994,0.2951790292101936,0.025631804253076956,0.03788871267145806,0.594954216290283,0.9365738996072002,-2.2988855183442194,4.17203331755862,3.23545941795142,network_max_absolute_inner_lono_residual,54.0,0.7626496717187967,gap_length|acf_only|donor_r2_only|additive_d_over_4_heuristic|nearest_donor_correlation,huc8_02070002
huc8_02070002,01596500,14.0,1.155186387967967,0.3935337517661647,0.006025105779653317,0.11440927669576928,0.2951790292101936,0.005586425055063948,0.05935228535464658,0.6267129184497595,1.35151091189724,-1.8839485060541799,4.5869703298486595,3.23545941795142,network_max_absolute_inner_lono_residual,54.0,1.1276405154457951,gap_length|acf_only|donor_r2_only|additive_d_over_4_heuristic|nearest_donor_correlation,huc8_02070002
huc8_02070002,01596500,30.0,1.381886552574734,0.5585528292623179,0.006025105779653317,0.029913359101760295,0.2951790292101936,-0.010657740523927128,0.1291544270580028,0.6441090672214894,1.4924468218256135,-1.7430125961258063,4.727906239777033,3.23545941795142,network_max_absolute_inner_lono_residual,54.0,1.234909727097965,gap_length|acf_only|donor_r2_only|additive_d_over_4_heuristic|nearest_donor_correlation,huc8_02070002
huc8_02070002,01596500,60.0,1.5408593664870909,0.6858711741100868,0.006025105779653317,0.021884219923338333,0.2951790292101936,0.016388722263110216,0.03423158212633502,0.6517215448454908,1.6739620373336879,-1.561497380617732,4.909421455285107,3.23545941795142,network_max_absolute_inner_lono_residual,54.0,1.4088695389705397,gap_length|acf_only|donor_r2_only|additive_d_over_4_heuristic|nearest_donor_correlation,huc8_02070002
huc8_02070002,01596500,90.0,1.668465170057594,0.743494409273036,0.006025105779653317,0.015219642759195073,0.2951790292101936,-0.038479682738176035,0.0654363762728926,0.6542590373937733,1.9959578550244588,-1.239501562926961,5.231417272975879,3.23545941795142,network_max_absolute_inner_lono_residual,54.0,1.7303077662458015,gap_length|acf_only|donor_r2_only|additive_d_over_4_heuristic|nearest_donor_correlation,huc8_02070002
huc8_02070002,01596500,180.0,3.551865272273452,0.8186229708729931,0.006025105779653317,0.006062558582509925,0.2951790292101936,-0.4991587323813067,-0.03814132229231626,0.6567965299420557,3.1316247185405035,-0.10383469941091628,6.367084136491924,3.23545941795142,network_max_absolute_inner_lono_residual,54.0,2.8792982722480103,gap_length|acf_only|donor_r2_only|additive_d_over_4_heuristic|nearest_donor_correlation,huc8_02070002
huc8_02070002,01597500,7.0,0.2316672342164175,0.08679763813709362,0.0,0.6309581486837346,0.3381107160916792,0.050091375692585635,0.06179355493220488,0.2871459731502118,0.2503337502247641,-2.9851256677266558,3.485793168176184,3.23545941795142,network_max_absolute_inner_lono_residual,54.0,-0.09214196753660692,gap_length|acf_only|donor_r2_only|additive_d_over_4_heuristic|nearest_donor_correlation,huc8_02070002
huc8_02070002,01597500,14.0,0.2548758488042014,0.14391387203282102,0.0,0.529139757464266,0.3381107160916792,0.009265227328140935,0.061655182167507205,0.37143155115282994,0.5419397666697089,-2.693519651281711,3.7773991846211286,3.23545941795142,network_max_absolute_inner_lono_residual,54.0,0.2465000894443472,gap_length|acf_only|donor_r2_only|additive_d_over_4_heuristic|nearest_donor_correlation,huc8_02070002
huc8_02070002,01597500,30.0,0.414015039285024,0.2544424832007851,0.0,0.4040452794183138,0.3381107160916792,-0.008455717233777471,0.13257886591791848,0.49293035108152883,0.9203349045787487,-2.315124513372671,4.155794322530168,3.23545941795142,network_max_absolute_inner_lono_residual,54.0,0.6969663759049071,gap_length|acf_only|donor_r2_only|additive_d_over_4_heuristic|nearest_donor_correlation,huc8_02070002
huc8_02070002,01597500,60.0,0.8564652865727742,0.3996327405106348,0.0,0.25409767181672493,0.3381107160916792,0.01541097527747009,0.04400481513363419,0.5999508966200008,1.499466718159517,-1.7359926997919028,4.7349261361109365,3.23545941795142,network_max_absolute_inner_lono_residual,54.0,1.3226435107914634,gap_length|acf_only|donor_r2_only|additive_d_over_4_heuristic|nearest_donor_correlation,huc8_02070002
huc8_02070002,01597500,90.0,1.1795061356491512,0.4934181698695663,0.0,0.17389390896924617,0.3381107160916792,-0.01610053254778756,-0.0020891809311277903,0.6447418238913167,1.9716622473139132,-1.2637971706375066,5.207121665265333,3.23545941795142,network_max_absolute_inner_lono_residual,54.0,1.807921698214495,gap_length|acf_only|donor_r2_only|additive_d_over_4_heuristic|nearest_donor_correlation,huc8_02070002
huc8_02070002,01597500,180.0,3.548023565371832,0.6371360629769849,0.0,0.05861053701667851,0.3381107160916792,-0.5003280163327215,-0.03799800579277155,0.6908191585029447,3.290040354020164,0.05458093606874437,6.5254997719715835,3.23545941795142,network_max_absolute_inner_lono_residual,54.0,3.1380514806798465,gap_length|acf_only|donor_r2_only|additive_d_over_4_heuristic|nearest_donor_correlation,huc8_02070002
huc8_02070010,01649190,7.0,0.4218239968642592,0.2862496717634405,0.7732868527216619,0.834108281931528,0.9648886908886539,0.1591200167617268,0.18363433640037824,0.295575270852723,0.5873993111315355,-2.659810871856014,3.834609494119085,3.2472101829875495,network_max_absolute_inner_lono_residual,54.0,0.6310962580684052,gap_length|acf_only|donor_r2_only|additive_d_over_4_heuristic|nearest_donor_correlation,huc8_02070010
huc8_02070010,01649190,14.0,0.4141275955882987,0.4164054743596768,0.7732868527216619,0.7939939265806538,0.9648886908886539,0.160217346016585,0.21335074766759674,0.29645818997331297,0.5370877303126623,-2.710122452674887,3.784297913300212,3.2472101829875495,network_max_absolute_inner_lono_residual,54.0,0.548016685582132,gap_length|acf_only|donor_r2_only|additive_d_over_4_heuristic|nearest_donor_correlation,huc8_02070010
huc8_02070010,01649190,30.0,0.5172818336003304,0.5796567875363607,0.7732868527216619,0.7792830070392949,0.9648886908886539,-0.008803063981519966,0.40844855729937146,0.29693002218343206,0.46589756615778083,-2.781312616829769,3.71310774914533,3.2472101829875495,network_max_absolute_inner_lono_residual,54.0,0.4498999732446752,gap_length|acf_only|donor_r2_only|additive_d_over_4_heuristic|nearest_donor_correlation,huc8_02070010
huc8_02070010,01649190,60.0,0.7319780655378321,0.7015110708575953,0.7732868527216619,0.7756890593520456,0.9648886908886539,-0.31616736066177803,0.5772695472410925,0.2971364486769577,0.6441864245386587,-2.6030237584488907,3.8913966075262083,3.2472101829875495,network_max_absolute_inner_lono_residual,54.0,0.61554668629643,gap_length|acf_only|donor_r2_only|additive_d_over_4_heuristic|nearest_donor_correlation,huc8_02070010
huc8_02070010,01649190,90.0,1.0909505768616996,0.7562760683202484,0.7732868527216619,0.7737588434092297,0.9648886908886539,-0.7039358433908027,0.7100042190551015,0.2972052575081298,0.9577952847831371,-2.2894148982044125,4.205005467770687,3.2472101829875495,network_max_absolute_inner_lono_residual,54.0,0.9278535458753137,gap_length|acf_only|donor_r2_only|additive_d_over_4_heuristic|nearest_donor_correlation,huc8_02070010
huc8_02070010,01649500,7.0,0.7028488435915539,0.28413082008728396,0.7467068511761159,0.8161691376593219,0.964888690888654,0.11796253468330069,0.19604811171701547,0.3198244576203534,0.5799606914538032,-2.667249491533746,3.827170874441353,3.2472101829875495,network_max_absolute_inner_lono_residual,54.0,0.6390774935010265,gap_length|acf_only|donor_r2_only|additive_d_over_4_heuristic|nearest_donor_correlation,huc8_02070010
huc8_02070010,01649500,14.0,0.8266404041647911,0.41391154221490933,0.7467068511761159,0.7704834691937238,0.964888690888654,0.16556036564131774,0.24887447503928334,0.32131299942847513,0.5476038014507113,-2.6996063815368383,3.7948139844382607,3.2472101829875495,network_max_absolute_inner_lono_residual,54.0,0.5726404963451507,gap_length|acf_only|donor_r2_only|additive_d_over_4_heuristic|nearest_donor_correlation,huc8_02070010
huc8_02070010,01649500,30.0,0.9043202821115652,0.5773977164434014,0.7467068511761159,0.7541685777453427,0.964888690888654,0.1050694455195672,0.3821455302272691,0.3221109422518915,0.4808650364053518,-2.7663451465821978,3.728075219392901,3.2472101829875495,network_max_absolute_inner_lono_residual,54.0,0.47870245113036675,gap_length|acf_only|donor_r2_only|additive_d_over_4_heuristic|nearest_donor_correlation,huc8_02070010
huc8_02070010,01649500,60.0,0.9717100638179108,0.6998483600290415,0.7467068511761159,0.7485832613067748,0.964888690888654,-0.3148350603216084,0.5758292278016401,0.3224600463430247,0.6640423842688415,-2.583167798718708,3.911252567256391,3.2472101829875495,network_max_absolute_inner_lono_residual,54.0,0.648572042389688,gap_length|acf_only|donor_r2_only|additive_d_over_4_heuristic|nearest_donor_correlation,huc8_02070010
huc8_02070010,01649500,90.0,1.1993572172058953,0.7549175937275705,0.7467068511761159,0.7472988860306501,0.964888690888654,-0.709925747999082,0.7038580430235398,0.3225764143734025,0.9750240151374957,-2.272186167850054,4.2222341981250455,3.2472101829875495,network_max_absolute_inner_lono_residual,54.0,0.9584861381018825,gap_length|acf_only|donor_r2_only|additive_d_over_4_heuristic|nearest_donor_correlation,huc8_02070010
huc8_02070010,01654500,7.0,0.2985998975379125,0.27002067548360376,0.6613722895946468,0.7590465554437722,0.942740825724242,0.10700818782604424,0.1903554407258715,0.3552715326591223,0.587574254738188,-2.6596359282493616,3.8347844377257374,3.2472101829875495,network_max_absolute_inner_lono_residual,54.0,0.6470759278782857,gap_length|acf_only|donor_r2_only|additive_d_over_4_heuristic|nearest_donor_correlation,huc8_02070010
huc8_02070010,01654500,14.0,0.2984413541214806,0.39709662199671214,0.6613722895946468,0.6979398489632823,0.942740825724242,0.16860470167322222,0.1631474457308743,0.362884234827209,0.6084036741490407,-2.638806508838509,3.85561385713659,3.2472101829875495,network_max_absolute_inner_lono_residual,54.0,0.6351722689924086,gap_length|acf_only|donor_r2_only|additive_d_over_4_heuristic|nearest_donor_correlation,huc8_02070010
huc8_02070010,01654500,30.0,0.3311512170235316,0.5618985284159219,0.6613722895946468,0.671616123469762,0.942740825724242,0.1432213744722886,0.3581280108550873,0.3670229051720162,0.5697553901880587,-2.677454792799491,3.816965573175608,3.2472101829875495,network_max_absolute_inner_lono_residual,54.0,0.5690294659059631,gap_length|acf_only|donor_r2_only|additive_d_over_4_heuristic|nearest_donor_correlation,huc8_02070010
huc8_02070010,01654500,60.0,0.4947662572835883,0.6883675389728092,0.6613722895946468,0.6673289413754699,0.942740825724242,-0.2672442082757406,0.5115611074380921,0.368833881693001,0.7405199912634174,-2.506690191724132,3.987730174250967,3.2472101829875495,network_max_absolute_inner_lono_residual,54.0,0.7278512150810224,gap_length|acf_only|donor_r2_only|additive_d_over_4_heuristic|nearest_donor_correlation,huc8_02070010
huc8_02070010,01654500,90.0,0.5642889361414645,0.7455351603945627,0.6613722895946468,0.6631442560940564,0.942740825724242,-0.7160202833802987,0.6978156034901786,0.3694375405355774,1.0560468550923507,-2.1911633278951985,4.3032570380799005,3.2472101829875495,network_max_absolute_inner_lono_residual,54.0,1.041437466175836,gap_length|acf_only|donor_r2_only|additive_d_over_4_heuristic|nearest_donor_correlation,huc8_02070010
huc8_02070010,01656903,7.0,0.6209039905028685,0.2988170816483787,0.6107842840522728,0.7121633939458485,0.9397181464453915,0.15968452694858754,0.1628487409689629,0.49983399102271997,0.5463636622382662,-2.700846520749283,3.793573845225816,3.2472101829875495,network_max_absolute_inner_lono_residual,54.0,0.7286964062383382,gap_length|acf_only|donor_r2_only|additive_d_over_4_heuristic|nearest_donor_correlation,huc8_02070010
huc8_02070010,01656903,14.0,0.5606412581886564,0.43103274781508827,0.6107842840522728,0.6473035902352897,0.9397181464453915,0.10155124614985862,0.22260722245842826,0.5313718210071544,0.567999566646892,-2.6792106163406575,3.8152097496344415,3.2472101829875495,network_max_absolute_inner_lono_residual,54.0,0.7407358530425784,gap_length|acf_only|donor_r2_only|additive_d_over_4_heuristic|nearest_donor_correlation,huc8_02070010
huc8_02070010,01656903,30.0,0.8602568025688331,0.5927089700491966,0.6107842840522728,0.6229530876575387,0.9397181464453915,-0.008420519525805692,0.40529088100605615,0.5531572434192749,0.5298136962274691,-2.71739648676008,3.777023879215019,3.2472101829875495,network_max_absolute_inner_lono_residual,54.0,0.6949568400762237,gap_length|acf_only|donor_r2_only|additive_d_over_4_heuristic|nearest_donor_correlation,huc8_02070010
huc8_02070010,01656903,60.0,1.0009924886748194,0.711070443499233,0.6107842840522728,0.6187099753930903,0.9397181464453915,-0.31739636882257616,0.5760717863796643,0.5629927014967967,0.7174151074461592,-2.52979507554139,3.964625290433709,3.2472101829875495,network_max_absolute_inner_lono_residual,54.0,0.8804414289249611,gap_length|acf_only|donor_r2_only|additive_d_over_4_heuristic|nearest_donor_correlation,huc8_02070010
huc8_02070010,01656903,90.0,1.2560303350554571,0.7640850871170359,0.6107842840522728,0.614561087714993,0.9397181464453915,-0.709925747999082,0.7038580430235398,0.56627192150082,1.0415256513373767,-2.2056845316501725,4.288735834324926,3.2472101829875495,network_max_absolute_inner_lono_residual,54.0,1.2061304302045113,gap_length|acf_only|donor_r2_only|additive_d_over_4_heuristic|nearest_donor_correlation,huc8_02070010
huc8_03070101,02217274,7.0,0.340328345979963,0.3002386054179398,0.8256151376257461,0.8711659080553957,0.9850588155410938,0.04137312232262565,0.005973860168322692,0.22541664302547354,0.565112494670621,-2.5849055708553594,3.7151305601966014,3.1500180655259804,network_max_absolute_inner_lono_residual,54.0,0.5569187014692847,gap_length|acf_only|donor_r2_only|additive_d_over_4_heuristic|nearest_donor_correlation,huc8_03070101
huc8_03070101,02217274,14.0,0.3592064942632403,0.43266963275270887,0.8256151376257461,0.8409754509648727,0.9850588155410938,0.05097094012255032,-0.036747420704897095,0.22739302037083536,0.48354051084738714,-2.6664775546785933,3.6335585763733675,3.1500180655259804,network_max_absolute_inner_lono_residual,54.0,0.4468811500098574,gap_length|acf_only|donor_r2_only|additive_d_over_4_heuristic|nearest_donor_correlation,huc8_03070101
huc8_03070101,02217274,30.0,0.3958924442927042,0.5941491160757306,0.8256151376257461,0.8303683637904677,0.9850588155410938,0.09541851897416856,0.006147172405581996,0.22851213634111697,0.4174677637587203,-2.73255030176726,3.567485829284701,3.1500180655259804,network_max_absolute_inner_lono_residual,54.0,0.3558913316747852,gap_length|acf_only|donor_r2_only|additive_d_over_4_heuristic|nearest_donor_correlation,huc8_03070101
huc8_03070101,02217274,60.0,0.4488737274805705,0.7121205922242462,0.8256151376257461,0.8272667910668896,0.9850588155410938,0.11030273379868587,0.07219857244648245,0.2290025851360119,0.6203112281144918,-2.5297068374114886,3.770329293640472,3.1500180655259804,network_max_absolute_inner_lono_residual,54.0,0.5469254250341306,gap_length|acf_only|donor_r2_only|additive_d_over_4_heuristic|nearest_donor_correlation,huc8_03070101
huc8_03070101,02217274,90.0,0.4703191118505266,0.7649428439116172,0.8256151376257461,0.8262078634768489,0.9850588155410938,0.11681850257807828,0.15176545156132043,0.22916606816052607,0.9493331960077815,-2.2006848695181986,4.099351261533762,3.1500180655259804,network_max_absolute_inner_lono_residual,54.0,0.8753568457245595,gap_length|acf_only|donor_r2_only|additive_d_over_4_heuristic|nearest_donor_correlation,huc8_03070101
huc8_03070101,02217274,180.0,0.7850275957849291,0.8337894703950408,0.8256151376257461,0.825812703918309,0.9850588155410938,-0.12271624575610274,0.18181826001819076,0.2293295511850461,2.1100521043246157,-1.0399659612013648,5.2600701698505965,3.1500180655259804,network_max_absolute_inner_lono_residual,54.0,2.049854059652564,gap_length|acf_only|donor_r2_only|additive_d_over_4_heuristic|nearest_donor_correlation,huc8_03070101
huc8_03070101,02217274,365.0,1.6747337781827745,0.8832791736337514,0.8256151376257461,0.8258683980318826,0.9850588155410938,-0.46556369959958604,-0.3018672372204933,0.22941241244404728,4.679935236904607,1.529917171378627,7.829953302430588,3.1500180655259804,network_max_absolute_inner_lono_residual,54.0,4.663426834132815,gap_length|acf_only|donor_r2_only|additive_d_over_4_heuristic|nearest_donor_correlation,huc8_03070101
huc8_03070101,02217643,7.0,0.3455097661699567,0.29522776852754407,0.6083630222520797,0.715807482899824,0.929011484506162,-0.011515082953944739,0.0751862677890613,0.3545252880261389,0.5421587308400142,-2.6078593346859664,3.6921767963659944,3.1500180655259804,network_max_absolute_inner_lono_residual,54.0,0.566983148161478,gap_length|acf_only|donor_r2_only|additive_d_over_4_heuristic|nearest_donor_correlation,huc8_03070101
huc8_03070101,02217643,14.0,0.375697751556124,0.42688376761387026,0.6083630222520797,0.6472653011362697,0.929011484506162,-0.013852051396466725,0.05789914276000806,0.3579730159216251,0.5709701893622641,-2.5790478761637163,3.7209882548882445,3.1500180655259804,network_max_absolute_inner_lono_residual,54.0,0.5557558957485597,gap_length|acf_only|donor_r2_only|additive_d_over_4_heuristic|nearest_donor_correlation,huc8_03070101
huc8_03070101,02217643,30.0,0.3840935413042704,0.5890404638780057,0.6083630222520797,0.6200803584109794,0.929011484506162,-0.015520934158600064,0.07955976257846717,0.35981530043685417,0.55056112969762,-2.5994569358283606,3.7005791952236002,3.1500180655259804,network_max_absolute_inner_lono_residual,54.0,0.5053486493075008,gap_length|acf_only|donor_r2_only|additive_d_over_4_heuristic|nearest_donor_correlation,huc8_03070101
huc8_03070101,02217643,60.0,0.3592717273632685,0.7083914052568645,0.6083630222520797,0.6151098429914548,0.929011484506162,-0.06793698459877673,0.11671871201710457,0.36062130047426383,0.7559128443487586,-2.394105221177222,3.905930909874739,3.1500180655259804,network_max_absolute_inner_lono_residual,54.0,0.6983429621208778,gap_length|acf_only|donor_r2_only|additive_d_over_4_heuristic|nearest_donor_correlation,huc8_03070101
huc8_03070101,02217643,90.0,0.4247468602657318,0.7618967750243463,0.6083630222520797,0.6103832101437032,0.929011484506162,-0.05979614556219186,0.1032938332042791,0.36088996715339966,1.0939572060788163,-2.056060859447164,4.243975271604796,3.1500180655259804,network_max_absolute_inner_lono_residual,54.0,1.0345271399058595,gap_length|acf_only|donor_r2_only|additive_d_over_4_heuristic|nearest_donor_correlation,huc8_03070101
huc8_03070101,02217643,180.0,0.6295575347211625,0.8316355660355145,0.6083630222520797,0.6083731045988625,0.929011484506162,-0.0002502087977867773,0.06702866157709725,0.36115863383253627,2.2574508465046312,-0.8925672190213492,5.407468912030612,3.1500180655259804,network_max_absolute_inner_lono_residual,54.0,2.21120237893011,gap_length|acf_only|donor_r2_only|additive_d_over_4_heuristic|nearest_donor_correlation,huc8_03070101
huc8_03070101,02217643,365.0,0.8559116928414122,0.8817666010106097,0.6083630222520797,0.6136766407172245,0.929011484506162,0.31517806446597363,-0.15194263983937767,0.3612948073548382,4.811145378635455,1.6611273131094748,7.961163444161436,3.1500180655259804,network_max_absolute_inner_lono_residual,54.0,4.810344177387785,gap_length|acf_only|donor_r2_only|additive_d_over_4_heuristic|nearest_donor_correlation,huc8_03070101
huc8_03070101,02218565,7.0,0.3117545468466622,0.29869225502287844,0.8247041651789841,0.8700096059013201,0.9850588155410939,-0.0006524708985590766,0.021632783506608667,0.22203219051100614,0.5693597258744795,-2.580658339651501,3.71937779140046,3.1500180655259804,network_max_absolute_inner_lono_residual,54.0,0.557382886324318,gap_length|acf_only|donor_r2_only|additive_d_over_4_heuristic|nearest_donor_correlation,huc8_03070101
huc8_03070101,02218565,14.0,0.4154254763466971,0.43088883970828096,0.8247041651789841,0.8387199185481337,0.9850588155410939,0.006977094510070153,0.029813376824651933,0.2220430344567322,0.4913814486034441,-2.658636616922536,3.6413995141294246,3.1500180655259804,network_max_absolute_inner_lono_residual,54.0,0.44856764204835553,gap_length|acf_only|donor_r2_only|additive_d_over_4_heuristic|nearest_donor_correlation,huc8_03070101
huc8_03070101,02218565,30.0,0.4844761567115784,0.5925821652457314,0.8247041651789841,0.8284954635213702,0.9850588155410939,0.1079696245703119,-0.0060034449309753265,0.2220448477954561,0.4237898940671504,-2.72622817145883,3.5738079595931307,3.1500180655259804,network_max_absolute_inner_lono_residual,54.0,0.35500054117550855,gap_length|acf_only|donor_r2_only|additive_d_over_4_heuristic|nearest_donor_correlation,huc8_03070101
huc8_03070101,02218565,60.0,0.502155133207639,0.710977936398145,0.8247041651789841,0.8256585792549882,0.9850588155410939,0.09870710465080286,0.04698472208772353,0.2220455675104569,0.625022868637153,-2.5249951968888276,3.7750409341631332,3.1500180655259804,network_max_absolute_inner_lono_residual,54.0,0.5439385707309252,gap_length|acf_only|donor_r2_only|additive_d_over_4_heuristic|nearest_donor_correlation,huc8_03070101
huc8_03070101,02218565,90.0,0.5411700753900741,0.7640095268587261,0.8247041651789841,0.825084846439005,0.9850588155410939,0.11292309478914997,0.10728551855834816,0.22204580740688343,0.9522441559162013,-2.1977739096097793,4.1022622214421816,3.1500180655259804,network_max_absolute_inner_lono_residual,54.0,0.8705330069044356,gap_length|acf_only|donor_r2_only|additive_d_over_4_heuristic|nearest_donor_correlation,huc8_03070101
huc8_03070101,02218565,180.0,0.908198619776302,0.8331295132785701,0.8247041651789841,0.8248592242205728,0.9850588155410939,0.08879262457188265,0.12019094810464559,0.22204604730330232,2.1119282939921704,-1.03808977153381,5.26194635951815,3.1500180655259804,network_max_absolute_inner_lono_residual,54.0,2.04383964941155,gap_length|acf_only|donor_r2_only|additive_d_over_4_heuristic|nearest_donor_correlation,huc8_03070101
huc8_03070101,02218565,365.0,1.512739562021543,0.8828157208056786,0.8247041651789841,0.8247736753468664,0.9850588155410939,0.11276617656900885,-0.2556589931704382,0.22204616889463877,4.681814105916423,1.531796040390443,7.831832171442404,3.1500180655259804,network_max_absolute_inner_lono_residual,54.0,4.657248157032789,gap_length|acf_only|donor_r2_only|additive_d_over_4_heuristic|nearest_donor_correlation,huc8_03070101
huc8_04020105,04043097,7.0,0.4190648100644882,0.29465568146626797,0.4817636132452151,0.6211457777246999,0.8730518468963273,-0.0412982468035233,0.0060826456903911915,0.43410151425857074,0.6074834015963645,-2.7648921561434205,3.9798589593361493,3.372375557739785,network_max_absolute_inner_lono_residual,54.0,0.63463692773139,gap_length|acf_only|donor_r2_only|additive_d_over_4_heuristic,huc8_04020105
huc8_04020105,04043097,14.0,0.5128864075606023,0.4262203693526998,0.4817636132452151,0.5337947383829185,0.8730518468963273,-0.03862406484481667,-0.008357602994129788,0.4533409060184644,0.6939078668614865,-2.6784676908782985,4.066283424601272,3.372375557739785,network_max_absolute_inner_lono_residual,54.0,0.6901400845265384,gap_length|acf_only|donor_r2_only|additive_d_over_4_heuristic,huc8_04020105
huc8_04020105,04043097,30.0,0.4828704462725824,0.5884514488342039,0.4817636132452151,0.504814887105238,0.8730518468963273,-0.013746385545425838,-0.04099663732740584,0.46407278738227575,0.6777503630669195,-2.6946251946728657,4.050125920806704,3.372375557739785,network_max_absolute_inner_lono_residual,54.0,0.6503474114354852,gap_length|acf_only|donor_r2_only|additive_d_over_4_heuristic,huc8_04020105
huc8_04020105,04043097,60.0,0.6280332861361967,0.7079607138710302,0.4817636132452151,0.4880744605424251,0.8730518468963273,0.04878843371121039,-0.12798729269384698,0.46877135555595006,0.9117976882242904,-2.4605778695154945,4.284173245964075,3.372375557739785,network_max_absolute_inner_lono_residual,54.0,0.8706478642132535,gap_length|acf_only|donor_r2_only|additive_d_over_4_heuristic,huc8_04020105
huc8_04020105,04043097,90.0,0.7158331754528918,0.7615449622513992,0.4817636132452151,0.48450078519542106,0.8730518468963273,0.21571632336230287,-0.1687107750663913,0.4703375450186555,1.2409461515041893,-2.1314294062355956,4.613321709243975,3.372375557739785,network_max_absolute_inner_lono_residual,54.0,1.199452153503581,gap_length|acf_only|donor_r2_only|additive_d_over_4_heuristic,huc8_04020105
huc8_04020105,04043097,180.0,1.74747792246247,0.8313867956905627,0.4817636132452151,0.48189039067290973,0.8730518468963273,0.36675551077415064,0.027529096024326537,0.47190373448136186,2.388580939529767,-0.9837946182100179,5.760956497269552,3.372375557739785,network_max_absolute_inner_lono_residual,54.0,2.362466031535508,gap_length|acf_only|donor_r2_only|additive_d_over_4_heuristic,huc8_04020105
huc8_04020105,04043097,365.0,3.0851699061272826,0.8815919028112399,0.4817636132452151,0.48180978125873164,0.8730518468963273,-0.048100939157501243,0.19267410800747475,0.47269755653780227,4.920910216957012,1.5485346592172267,8.293285774696797,3.372375557739785,network_max_absolute_inner_lono_residual,54.0,4.943102098860606,gap_length|acf_only|donor_r2_only|additive_d_over_4_heuristic,huc8_04020105
huc8_04020105,04043238,7.0,0.464790764534846,0.3279645473379815,0.7412336186078292,0.8039984622724015,0.9633021235656614,-0.039673337969954585,0.003766869249213273,0.24827105293198198,0.5179213510907432,-2.8544542066490415,3.8902969088305284,3.372375557739785,network_max_absolute_inner_lono_residual,54.0,0.48340432918270904,gap_length|acf_only|donor_r2_only|additive_d_over_4_heuristic,huc8_04020105
huc8_04020105,04043238,14.0,0.4390692918790072,0.4638931590695615,0.7412336186078292,0.7630847204130373,0.9633021235656614,-0.036186382093095944,-0.010587142606583593,0.24917613625963972,0.4612787872773702,-2.911096770462415,3.833654345017155,3.372375557739785,network_max_absolute_inner_lono_residual,54.0,0.3906531350374211,gap_length|acf_only|donor_r2_only|additive_d_over_4_heuristic,huc8_04020105
huc8_04020105,04043238,30.0,0.6013563312432184,0.6208826468500108,0.7412336186078292,0.7501076842548661,0.9633021235656614,-0.01014293473644733,-0.04096323205361663,0.24966107900559983,0.4094443976185788,-2.9629311601212063,3.7818199553583636,3.372375557739785,network_max_absolute_inner_lono_residual,54.0,0.3104021265115271,gap_length|acf_only|donor_r2_only|additive_d_over_4_heuristic,huc8_04020105
huc8_04020105,04043238,60.0,0.6810897108895394,0.731475418226085,0.7412336186078292,0.7448121367456049,0.9633021235656614,0.045144182756425476,-0.12470811379709508,0.24987324332063118,0.6284152074609644,-2.7439603502788206,4.000790765200749,3.372375557739785,network_max_absolute_inner_lono_residual,54.0,0.5162618845357363,gap_length|acf_only|donor_r2_only|additive_d_over_4_heuristic,huc8_04020105
huc8_04020105,04043238,90.0,0.8616376198522954,0.7807493737842558,0.7412336186078292,0.7427189808829475,0.9633021235656614,0.182891236440557,-0.229571400183757,0.24994396475897684,0.9619901049128877,-2.410385452826897,4.334365662652672,3.372375557739785,network_max_absolute_inner_lono_residual,54.0,0.8491757451086543,gap_length|acf_only|donor_r2_only|additive_d_over_4_heuristic,huc8_04020105
huc8_04020105,04043238,180.0,1.5425208933299617,0.8449663925193482,0.7412336186078292,0.7417374275311754,0.9633021235656614,0.364799046795742,0.030444210038009945,0.250014686197321,2.1162778215177616,-1.2560977362220234,5.4886533792575465,3.372375557739785,network_max_absolute_inner_lono_residual,54.0,2.0188225121339416,gap_length|acf_only|donor_r2_only|additive_d_over_4_heuristic,huc8_04020105
huc8_04020105,04043238,365.0,3.405910270498702,0.8911281323590594,0.7412336186078292,0.7419789263864804,0.9633021235656614,-0.0514126118505881,0.19181674142471627,0.2500505313099072,4.655843362461763,1.2834678047219779,8.028218920201548,3.372375557739785,network_max_absolute_inner_lono_residual,54.0,4.6067406327050335,gap_length|acf_only|donor_r2_only|additive_d_over_4_heuristic,huc8_04020105
huc8_04020105,04043244,7.0,0.4022171495961291,0.32528623650009847,0.7135036260296281,0.7845831498004737,0.9633021235656615,-0.0415514213289598,0.003691945108964334,0.2530014373760619,0.5253468670598073,-2.8470286906799775,3.8977224247995923,3.372375557739785,network_max_absolute_inner_lono_residual,54.0,0.4808821088160094,gap_length|acf_only|donor_r2_only|additive_d_over_4_heuristic,huc8_04020105
huc8_04020105,04043244,14.0,0.3657137300180537,0.460934580843678,0.7135036260296281,0.7397057780353253,0.9633021235656615,-0.038150527041438134,-0.01078872761123611,0.25306875780618693,0.48072944300228715,-2.891646114737498,3.853105000742072,3.372375557739785,network_max_absolute_inner_lono_residual,54.0,0.3979746589793114,gap_length|acf_only|donor_r2_only|additive_d_over_4_heuristic,huc8_04020105
huc8_04020105,04043244,30.0,0.4093293291823938,0.6184069279012492,0.7135036260296281,0.7250727518560951,0.9633021235656615,-0.012398703333152494,-0.04172533631759566,0.2531008523267037,0.43270722203463274,-2.9396683357051523,3.8050827797744176,3.372375557739785,network_max_absolute_inner_lono_residual,54.0,0.32040003017628493,gap_length|acf_only|donor_r2_only|additive_d_over_4_heuristic,huc8_04020105
huc8_04020105,04043244,60.0,0.463941600143599,0.7296928414050838,0.7135036260296281,0.7184015207667348,0.9633021235656615,0.04755426349094788,-0.1268996941225593,0.2531148864980377,0.6542550582193598,-2.718120499520425,4.026630615959145,3.372375557739785,network_max_absolute_inner_lono_residual,54.0,0.5280315503690092,gap_length|acf_only|donor_r2_only|additive_d_over_4_heuristic,huc8_04020105
huc8_04020105,04043244,90.0,0.5017383707273337,0.779293734192398,0.7135036260296281,0.7158286771946945,0.9633021235656615,0.2175812157146221,-0.16147466094806068,0.2531195645551432,0.9885563471539758,-2.383819210585809,4.360931904893761,3.372375557739785,network_max_absolute_inner_lono_residual,54.0,0.8613782828497468,gap_length|acf_only|donor_r2_only|additive_d_over_4_heuristic,huc8_04020105
huc8_04020105,04043244,180.0,0.7895136339797431,0.8439370992710772,0.7135036260296281,0.714957355004026,0.9633021235656615,0.36508222337526086,0.03340178874349149,0.2531242426122493,2.141664173292382,-1.2307113844474031,5.514039731032167,3.372375557739785,network_max_absolute_inner_lono_residual,54.0,2.0297301716358573,gap_length|acf_only|donor_r2_only|additive_d_over_4_heuristic,huc8_04020105
huc8_04020105,04043244,365.0,1.8524004129325424,0.8904053143835862,0.7135036260296281,0.7146373878985754,0.9633021235656615,-0.0481574931925665,0.19020833349407712,0.2531266136822911,4.682233862396402,1.3098583046566175,8.054609420136188,3.372375557739785,network_max_absolute_inner_lono_residual,54.0,4.618370764682109,gap_length|acf_only|donor_r2_only|additive_d_over_4_heuristic,huc8_04020105
huc8_04040003,040871473,7.0,0.7064924037131797,0.21306268226622893,0.23541682558672516,0.536684163165775,0.6782289684448077,0.2212436554585011,-0.12388521894181163,0.6384792293040394,0.5226551492111511,-2.725325917936229,3.7706362163585316,3.2479810671473803,network_max_absolute_inner_lono_residual,54.0,0.6894163474907877,gap_length|acf_only|donor_r2_only|additive_d_over_4_heuristic|nearest_donor_correlation,huc8_04040003
huc8_04040003,040871473,14.0,0.8748822051228281,0.3254595690301213,0.23541682558672516,0.4043353025015146,0.6782289684448077,0.25309670110073307,-0.07991126783985242,0.742933323563112,0.7958319037520847,-2.452149163395296,4.043812970899465,3.2479810671473803,network_max_absolute_inner_lono_residual,54.0,1.0128132899107687,gap_length|acf_only|donor_r2_only|additive_d_over_4_heuristic|nearest_donor_correlation,huc8_04040003
huc8_04040003,040871473,30.0,1.0121303753463144,0.4900498451584343,0.23541682558672516,0.3322462592589699,0.6782289684448077,0.29922929111058905,0.04387874052239563,0.8381588845456077,0.901174010307263,-2.3468070568401176,4.149155077454643,3.2479810671473803,network_max_absolute_inner_lono_residual,54.0,1.1740070293515008,gap_length|acf_only|donor_r2_only|additive_d_over_4_heuristic|nearest_donor_correlation,huc8_04040003
huc8_04040003,040871473,60.0,1.187997341001998,0.6328942690319588,0.23541682558672516,0.284793676241644,0.6782289684448077,0.3505769734755455,0.3075031929225044,0.8860456678783196,1.1724900709440722,-2.075490996203308,4.420471138091452,3.2479810671473803,network_max_absolute_inner_lono_residual,54.0,1.4653711337975839,gap_length|acf_only|donor_r2_only|additive_d_over_4_heuristic|nearest_donor_correlation,huc8_04040003
huc8_04040003,040871473,90.0,1.4846554019585083,0.7000671616127738,0.23541682558672516,0.27583486086732,0.6782289684448077,0.40331837347120086,0.8767242582017577,0.9020853222200064,1.4822729720693189,-1.7657080950780615,4.7302540392167,3.2479810671473803,network_max_absolute_inner_lono_residual,54.0,1.7863396842725399,gap_length|acf_only|donor_r2_only|additive_d_over_4_heuristic|nearest_donor_correlation,huc8_04040003
huc8_04040003,040871475,7.0,0.5186101078987122,0.23537179632133787,0.0791899527660942,0.45722778466311875,0.5611400742559548,0.22198523749985766,-0.12157030753502691,0.5684621475621144,0.4192641001507537,-2.828716966996627,3.667245167298134,3.2479810671473803,network_max_absolute_inner_lono_residual,54.0,0.4239940372569542,gap_length|acf_only|donor_r2_only|additive_d_over_4_heuristic|nearest_donor_correlation,huc8_04040003
huc8_04040003,040871475,14.0,0.7197445745979036,0.3542485103861107,0.0791899527660942,0.3510835681267901,0.5611400742559548,0.2530617208259288,-0.07896608298600138,0.6701189788331187,0.5981347387824418,-2.6498463283649385,3.846115805929822,3.2479810671473803,network_max_absolute_inner_lono_residual,54.0,0.6584494744133209,gap_length|acf_only|donor_r2_only|additive_d_over_4_heuristic|nearest_donor_correlation,huc8_04040003
huc8_04040003,040871475,30.0,0.7683649921417237,0.5201303205572813,0.0791899527660942,0.2696817180587764,0.5611400742559548,0.29669682045302964,0.044780905794857204,0.7488529717757433,0.7295240295393766,-2.5184570376080035,3.977505096686757,3.2479810671473803,network_max_absolute_inner_lono_residual,54.0,0.8241234035177277,gap_length|acf_only|donor_r2_only|additive_d_over_4_heuristic|nearest_donor_correlation,huc8_04040003
huc8_04040003,040871475,60.0,0.9894591212272644,0.6566471071372284,0.0791899527660942,0.18398719728457835,0.5611400742559548,0.3486732194983148,0.3051923115005956,0.7852885008000483,1.1319658177965481,-2.1160152493508324,4.379946884943928,3.2479810671473803,network_max_absolute_inner_lono_residual,54.0,1.2213291283562637,gap_length|acf_only|donor_r2_only|additive_d_over_4_heuristic|nearest_donor_correlation,huc8_04040003
huc8_04040003,040871475,90.0,1.3225698669089212,0.719575237819006,0.0791899527660942,0.16746787061367785,0.5611400742559548,0.4100934318428564,0.871617795719495,0.7974403772333866,1.4738927089856249,-1.7740883581617555,4.721873776133005,3.2479810671473803,network_max_absolute_inner_lono_residual,54.0,1.5681459797840331,gap_length|acf_only|donor_r2_only|additive_d_over_4_heuristic|nearest_donor_correlation,huc8_04040003
huc8_04040003,040871488,7.0,0.6158099719735661,0.2883144435440047,0.2076340046238332,0.4503416978001422,0.6782289684448077,0.2200660132850453,-0.12755920336354135,0.7108269204317686,0.5623887307385587,-2.6855923364088214,3.810369797885939,3.2479810671473803,network_max_absolute_inner_lono_residual,54.0,0.7608881922300993,gap_length|acf_only|donor_r2_only|additive_d_over_4_heuristic|nearest_donor_correlation,huc8_04040003
huc8_04040003,040871488,14.0,0.9235996301931196,0.41882800415194976,0.2076340046238332,0.3221473893798441,0.6782289684448077,0.24266185967135812,-0.09350515823938511,0.7750125065046245,0.7851074567875216,-2.4628736103598587,4.033088523934902,3.2479810671473803,network_max_absolute_inner_lono_residual,54.0,0.9884844309571639,gap_length|acf_only|donor_r2_only|additive_d_over_4_heuristic|nearest_donor_correlation,huc8_04040003
huc8_04040003,040871488,30.0,1.033836213838076,0.5818416294059019,0.2076340046238332,0.25769569079956656,0.6782289684448077,0.29912728379583975,0.03698653704659129,0.8180091334314206,0.8701636730584945,-2.377817394088886,4.118144740205874,3.2479810671473803,network_max_absolute_inner_lono_residual,54.0,1.0753778560241372,gap_length|acf_only|donor_r2_only|additive_d_over_4_heuristic|nearest_donor_correlation,huc8_04040003
huc8_04040003,040871488,60.0,0.9842964894833276,0.7031167540119718,0.2076340046238332,0.22541907082343893,0.6782289684448077,0.3511851338751239,0.30190040012957414,0.8372215513833563,1.1394754046350417,-2.1085056625123384,4.387456471782422,3.2479810671473803,network_max_absolute_inner_lono_residual,54.0,1.3423333361828265,gap_length|acf_only|donor_r2_only|additive_d_over_4_heuristic|nearest_donor_correlation,huc8_04040003
huc8_04040003,040871488,90.0,1.0828517663900017,0.7575878836891276,0.2076340046238332,0.2194400067588148,0.6782289684448077,0.4100934318428564,0.871617795719495,0.8436261652526184,1.4664560062805871,-1.7815250608667932,4.714437073427968,3.2479810671473803,network_max_absolute_inner_lono_residual,54.0,1.6730739590965775,gap_length|acf_only|donor_r2_only|additive_d_over_4_heuristic|nearest_donor_correlation,huc8_04040003
huc8_04060102,04121944,7.0,0.5360241510865411,0.22076114927181612,0.6647772466544773,0.7794296127113951,0.9435359589649625,-0.03442977892699852,0.12788072681387225,0.3200141744781175,0.6379902315563104,-2.52196096050979,3.7979414236224107,3.1599511920661003,network_max_absolute_inner_lono_residual,54.0,0.6754468754229437,gap_length|acf_only|donor_r2_only|additive_d_over_4_heuristic|nearest_donor_correlation,huc8_04060102
huc8_04060102,04121944,14.0,0.8603880929722385,0.33550205334253236,0.6647772466544773,0.7071212991513682,0.9435359589649625,-0.01694706448309633,0.15349988196587744,0.32082804535277776,0.7212180106608597,-2.4387331814052406,3.88116920272696,3.1599511920661003,network_max_absolute_inner_lono_residual,54.0,0.7150921171354359,gap_length|acf_only|donor_r2_only|additive_d_over_4_heuristic|nearest_donor_correlation,huc8_04060102
huc8_04060102,04121944,30.0,1.058561522201945,0.5007383197176416,0.6647772466544773,0.6738551814688123,0.9435359589649625,-0.09765760938320281,0.1346005358091835,0.32126254275037525,0.7036619139178166,-2.456289278148284,3.8636131059839167,3.1599511920661003,network_max_absolute_inner_lono_residual,54.0,0.6622691888537432,gap_length|acf_only|donor_r2_only|additive_d_over_4_heuristic|nearest_donor_correlation,huc8_04060102
huc8_04060102,04121944,60.0,1.2630135922084254,0.6414355110896658,0.6647772466544773,0.6670246170481069,0.9435359589649625,0.09489425074328156,0.17229306089280966,0.32145263475736807,0.8477074461883485,-2.312243745877752,4.007658638254449,3.1599511920661003,network_max_absolute_inner_lono_residual,54.0,0.7887550312123931,gap_length|acf_only|donor_r2_only|additive_d_over_4_heuristic|nearest_donor_correlation,huc8_04060102
huc8_04060102,04121944,90.0,1.4207527974846048,0.7070917282519968,0.6647772466544773,0.6665423793915907,0.9435359589649625,-0.07454635452377478,0.1828352596400005,0.3215159987596966,1.1267886486734775,-2.033162543392623,4.286739840739578,3.1599511920661003,network_max_absolute_inner_lono_residual,54.0,1.0651101866261412,gap_length|acf_only|donor_r2_only|additive_d_over_4_heuristic|nearest_donor_correlation,huc8_04060102
huc8_04060102,04121944,180.0,3.111995533322708,0.7928793094609827,0.6647772466544773,0.6656832744812389,0.9435359589649625,-0.17006291448951477,0.28967639268090517,0.3215793627620256,2.191338762404589,-0.9686124296615115,5.351289954470689,3.1599511920661003,network_max_absolute_inner_lono_residual,54.0,2.1402106633095794,gap_length|acf_only|donor_r2_only|additive_d_over_4_heuristic|nearest_donor_correlation,huc8_04060102
huc8_04060102,04121944,365.0,6.31987197005912,0.854550140555247,0.6647772466544773,0.6652819533979409,0.9435359589649625,-0.7817929953090068,-0.6037536621447281,0.32161147876320584,4.611677782443499,1.4517265903773984,7.771628974509599,3.1599511920661003,network_max_absolute_inner_lono_residual,54.0,4.601873881344696,gap_length|acf_only|donor_r2_only|additive_d_over_4_heuristic|nearest_donor_correlation,huc8_04060102
huc8_04060102,04121970,7.0,0.2728461053541728,0.11675582194317546,0.5679010393613215,0.8180052246473957,0.7891007310843453,-0.034791806994401965,0.1264035344564128,0.25577776854075124,0.6111002541942743,-2.5488509378718263,3.7710514462603744,3.1599511920661003,network_max_absolute_inner_lono_residual,54.0,0.5539452737480104,gap_length|acf_only|donor_r2_only|additive_d_over_4_heuristic|nearest_donor_correlation,huc8_04060102
huc8_04060102,04121970,14.0,0.4598093828558921,0.18992093256235376,0.5679010393613215,0.7569951400582321,0.7891007310843453,-0.009597989122267506,0.14158472921135867,0.2734120468999434,0.7451097392253352,-2.414841452840765,3.9050609312914357,3.1599511920661003,network_max_absolute_inner_lono_residual,54.0,0.6740821034698691,gap_length|acf_only|donor_r2_only|additive_d_over_4_heuristic|nearest_donor_correlation,huc8_04060102
huc8_04060102,04121970,30.0,0.5406103690067927,0.32244884848378064,0.5679010393613215,0.6827846428747978,0.7891007310843453,-0.10055399227871047,0.1323170459863954,0.2831740918140932,0.9214262303046858,-2.2385249617614145,4.081377422370786,3.1599511920661003,network_max_absolute_inner_lono_residual,54.0,0.8154720827917398,gap_length|acf_only|donor_r2_only|additive_d_over_4_heuristic|nearest_donor_correlation,huc8_04060102
huc8_04060102,04121970,60.0,0.770864317437013,0.4778480551243056,0.5679010393613215,0.6296079800529271,0.7891007310843453,0.09183077442697193,0.17142856152535482,0.28744662337940907,1.1783258786835533,-1.981625313382547,4.338277070749654,3.1599511920661003,network_max_absolute_inner_lono_residual,54.0,1.039404354760672,gap_length|acf_only|donor_r2_only|additive_d_over_4_heuristic|nearest_donor_correlation,huc8_04060102
huc8_04060102,04121970,90.0,1.361333851734797,0.5673821453639719,0.5679010393613215,0.6047171235228981,0.7891007310843453,-0.1150880325151187,0.11881716173198295,0.28887080057879744,1.4835920217646228,-1.6763591703014775,4.643543213830723,3.1599511920661003,network_max_absolute_inner_lono_residual,54.0,1.3302562706785457,gap_length|acf_only|donor_r2_only|additive_d_over_4_heuristic|nearest_donor_correlation,huc8_04060102
huc8_04060102,04121970,180.0,3.643219897892741,0.6930817308288312,0.5679010393613215,0.578921402410181,0.7891007310843453,-0.17558510455815962,0.2873176653478698,0.29029497777818525,2.5429148623060702,-0.6170363297600301,5.702866054372171,3.1599511920661003,network_max_absolute_inner_lono_residual,54.0,2.3855535563813657,gap_length|acf_only|donor_r2_only|additive_d_over_4_heuristic|nearest_donor_correlation,huc8_04060102
huc8_04060102,04121970,365.0,7.680081928671223,0.784462875847495,0.5679010393613215,0.5720498646907264,0.7891007310843453,-0.7758617426095813,-0.6099068520404127,0.2910168210162311,4.92201193654452,1.7620607444784193,8.08196312861062,3.1599511920661003,network_max_absolute_inner_lono_residual,54.0,4.799316832645141,gap_length|acf_only|donor_r2_only|additive_d_over_4_heuristic|nearest_donor_correlation,huc8_04060102
huc8_04060103,04124000,7.0,0.5611467174430643,0.17587748205582399,0.629969953069916,0.7741894929320544,0.9130073949638201,-0.01104424935227799,0.05811356361751234,0.33212695479732424,0.6944616104118739,-2.57351573731496,3.962438958138708,3.267977347726834,network_max_absolute_inner_lono_residual,54.0,0.7341423174842069,gap_length|acf_only|donor_r2_only|additive_d_over_4_heuristic|nearest_donor_correlation,huc8_04060103
huc8_04060103,04124000,14.0,0.8192584085080308,0.27532392452535037,0.629969953069916,0.6832117931557307,0.9130073949638201,0.029627615308644394,0.10546348655202782,0.34639012494685334,0.8631092996231482,-2.404868048103686,4.131086647349982,3.267977347726834,network_max_absolute_inner_lono_residual,54.0,0.8710619356243448,gap_length|acf_only|donor_r2_only|additive_d_over_4_heuristic|nearest_donor_correlation,huc8_04060103
huc8_04060103,04124000,30.0,1.0295274313251332,0.43333665403779487,0.629969953069916,0.6397309109204403,0.9130073949638201,0.03966548871413782,0.08157950647682441,0.3542656011266043,0.8882683850599788,-2.3797089626668555,4.156245732786813,3.267977347726834,network_max_absolute_inner_lono_residual,54.0,0.8685014274218719,gap_length|acf_only|donor_r2_only|additive_d_over_4_heuristic|nearest_donor_correlation,huc8_04060103
huc8_04060103,04124000,60.0,1.0734772624347824,0.5853347802879161,0.629969953069916,0.6327456475334821,0.9130073949638201,-0.0019262325227317855,0.05595166270790788,0.35771265425976034,1.0116969421321027,-2.2562804055947314,4.279674289858937,3.267977347726834,network_max_absolute_inner_lono_residual,54.0,0.9774749541364078,gap_length|acf_only|donor_r2_only|additive_d_over_4_heuristic|nearest_donor_correlation,huc8_04060103
huc8_04060103,04124000,90.0,1.3654481417644355,0.6606321753603258,0.629969953069916,0.6325261953634251,0.9130073949638201,0.06617095937440391,0.06648890223812454,0.3588616719908105,1.2770470319691625,-1.9909303157576717,4.545024379695997,3.267977347726834,network_max_absolute_inner_lono_residual,54.0,1.2402193083691169,gap_length|acf_only|donor_r2_only|additive_d_over_4_heuristic|nearest_donor_correlation,huc8_04060103
huc8_04060103,04124000,180.0,2.2447566704002933,0.7599878347283509,0.629969953069916,0.6309054936769105,0.9130073949638201,-0.004412134818773478,0.12322860957203399,0.3600106897218604,2.344635290746371,-0.9233420569804633,5.612612638473205,3.267977347726834,network_max_absolute_inner_lono_residual,54.0,2.3166771659357526,gap_length|acf_only|donor_r2_only|additive_d_over_4_heuristic|nearest_donor_correlation,huc8_04060103
huc8_04060103,04124000,365.0,4.654056990164639,0.8314521942505391,0.629969953069916,0.6306299780101534,0.9130073949638201,-0.023131139874973766,0.0424666283111103,0.3605930685718439,4.81148699965278,1.5435096519259455,8.079464347379613,3.267977347726834,network_max_absolute_inner_lono_residual,54.0,4.8214077974629035,gap_length|acf_only|donor_r2_only|additive_d_over_4_heuristic|nearest_donor_correlation,huc8_04060103
huc8_04060103,04124200,7.0,0.147523592029299,0.04299656980965527,0.587536678516247,0.8848361403187781,0.9123198827840383,0.011283605013075659,0.08468706563938191,0.19737007350598096,0.528598644942424,-2.73937870278441,3.796575992669258,3.267977347726834,network_max_absolute_inner_lono_residual,54.0,0.48216784193826046,gap_length|acf_only|donor_r2_only|additive_d_over_4_heuristic|nearest_donor_correlation,huc8_04060103
huc8_04060103,04124200,14.0,0.3057856686626161,0.07327828184880425,0.587536678516247,0.82010536467937,0.9123198827840383,0.01362542950295446,0.014220612571698165,0.2300801939061251,0.7630725840955115,-2.5049047636313224,4.031049931822346,3.267977347726834,network_max_absolute_inner_lono_residual,54.0,0.7243007077352568,gap_length|acf_only|donor_r2_only|additive_d_over_4_heuristic|nearest_donor_correlation,huc8_04060103
huc8_04060103,04124200,30.0,0.5545181449453036,0.13774707961224264,0.587536678516247,0.7144327112059219,0.9123198827840383,-0.03756951034977013,0.08487097397087769,0.25250405222582306,1.1786405438135286,-2.0893368039133056,4.446617891540363,3.267977347726834,network_max_absolute_inner_lono_residual,54.0,1.1190076987082478,gap_length|acf_only|donor_r2_only|additive_d_over_4_heuristic|nearest_donor_correlation,huc8_04060103
huc8_04060103,04124200,60.0,0.9589730242888131,0.23878361630725475,0.587536678516247,0.6263994097288443,0.9123198827840383,0.06076057895703335,-0.01160070303163692,0.26253553730019086,1.6602712409462739,-1.6077061067805603,4.928248588673108,3.267977347726834,network_max_absolute_inner_lono_residual,54.0,1.5713433506449186,gap_length|acf_only|donor_r2_only|additive_d_over_4_heuristic|nearest_donor_correlation,huc8_04060103
huc8_04060103,04124200,90.0,1.3069954691727956,0.31906492909976325,0.587536678516247,0.6026186700113956,0.9123198827840383,0.07293736118521026,0.02474936294183621,0.2658795801606239,1.9877311327013851,-1.280246215025449,5.255708480428219,3.267977347726834,network_max_absolute_inner_lono_residual,54.0,1.889135686345785,gap_length|acf_only|donor_r2_only|additive_d_over_4_heuristic|nearest_donor_correlation,huc8_04060103
huc8_04060103,04124200,180.0,2.6361721882621447,0.47819663241346255,0.587536678516247,0.5911447740360589,0.9123198827840383,0.022575169148894077,0.06549483364371551,0.26922362302379943,2.9588446431400115,-0.3091327045868226,6.226821990866846,3.267977347726834,network_max_absolute_inner_lono_residual,54.0,2.8586365309907302,gap_length|acf_only|donor_r2_only|additive_d_over_4_heuristic|nearest_donor_correlation,huc8_04060103
huc8_04060103,04124200,365.0,5.842057527507821,0.6280156459222261,0.587536678516247,0.5923112398721881,0.9123198827840383,-0.024594975373879065,0.04417414194155842,0.2709185488585583,5.254942897245244,1.98696554951841,8.522920244972077,3.267977347726834,network_max_absolute_inner_lono_residual,54.0,5.182265745537352,gap_length|acf_only|donor_r2_only|additive_d_over_4_heuristic|nearest_donor_correlation,huc8_04060103
huc8_04060103,04125460,7.0,0.5400750633209412,0.24980230792042057,0.5774286461209752,0.7063497388330182,0.9130073949638201,0.017765959481220513,0.07108499789958421,0.32224237287885626,0.6142704821760245,-2.6537068655508094,3.882247829902859,3.267977347726834,network_max_absolute_inner_lono_residual,54.0,0.5997352062988234,gap_length|acf_only|donor_r2_only|additive_d_over_4_heuristic|nearest_donor_correlation,huc8_04060103
huc8_04060103,04125460,14.0,0.6302393643983774,0.37236616765103003,0.5774286461209752,0.6203931793248729,0.9130073949638201,0.013195969169974814,0.009755746439989815,0.328957339474497,0.7183617897355801,-2.5496155579912543,3.986339137462414,3.267977347726834,network_max_absolute_inner_lono_residual,54.0,0.6625186219638363,gap_length|acf_only|donor_r2_only|additive_d_over_4_heuristic|nearest_donor_correlation,huc8_04060103
huc8_04060103,04125460,30.0,0.7118743935724099,0.5382087417599961,0.5774286461209752,0.5860366474631136,0.9130073949638201,-0.039520669772629344,0.07899277944464214,0.33258094449029496,0.6987531522818344,-2.569224195445,3.9667305000086683,3.267977347726834,network_max_absolute_inner_lono_residual,54.0,0.6128846092569815,gap_length|acf_only|donor_r2_only|additive_d_over_4_heuristic|nearest_donor_correlation,huc8_04060103
huc8_04060103,04125460,60.0,0.8664212476064762,0.6705340534106861,0.5774286461209752,0.5793331896822009,0.9130073949638201,0.062470494659254194,-0.016354938540498045,0.33416635098885844,0.8630671436671931,-2.4049102040596413,4.131044491394027,3.267977347726834,network_max_absolute_inner_lono_residual,54.0,0.7639287266588382,gap_length|acf_only|donor_r2_only|additive_d_over_4_heuristic|nearest_donor_correlation,huc8_04060103
huc8_04060103,04125460,90.0,1.0037388706118024,0.7309492445369412,0.5774286461209752,0.5794828348286198,0.9130073949638201,0.0741661678642129,0.020403297800636346,0.3346948198217992,1.1588654737097495,-2.109111874017085,4.426842821436583,3.267977347726834,network_max_absolute_inner_lono_residual,54.0,1.0588948594828604,gap_length|acf_only|donor_r2_only|additive_d_over_4_heuristic|nearest_donor_correlation,huc8_04060103
huc8_04060103,04125460,180.0,1.530463383934771,0.8097518289912156,0.5774286461209752,0.5787074031845132,0.9130073949638201,0.02215368974049859,0.0648922474090013,0.3352232886547396,2.2674691652377774,-1.0005081824890567,5.5354465129646115,3.267977347726834,network_max_absolute_inner_lono_residual,54.0,2.1791859041096555,gap_length|acf_only|donor_r2_only|additive_d_over_4_heuristic|nearest_donor_correlation,huc8_04060103
huc8_04060103,04125460,365.0,2.9365469481291835,0.8663988148767042,0.5774286461209752,0.5778793460153271,0.9130073949638201,-0.024594975373879065,0.04417414194155842,0.3354911427207507,4.767474825360887,1.499497477634053,8.035452173087721,3.267977347726834,network_max_absolute_inner_lono_residual,54.0,4.718816997882159,gap_length|acf_only|donor_r2_only|additive_d_over_4_heuristic|nearest_donor_correlation,huc8_04060103
huc8_04060103,04125550,7.0,0.2189501482248307,0.06052785022105156,0.6403399784719636,0.8884457864440207,0.9123198827840382,0.016358653754574588,0.07121577547302926,0.20641389191444137,0.6134923891367294,-2.6544849585901047,3.8814697368635636,3.267977347726834,network_max_absolute_inner_lono_residual,54.0,0.5830030235176897,gap_length|acf_only|donor_r2_only|additive_d_over_4_heuristic|nearest_donor_correlation,huc8_04060103
huc8_04060103,04125550,14.0,0.2588462145413671,0.10203351859642229,0.6403399784719636,0.8391256160924951,0.9123198827840382,0.013057703442649327,0.014058436460107543,0.22489678032100388,0.776601255904463,-2.491376091822371,4.044578603631297,3.267977347726834,network_max_absolute_inner_lono_residual,54.0,0.7428474888819647,gap_length|acf_only|donor_r2_only|additive_d_over_4_heuristic|nearest_donor_correlation,huc8_04060103
huc8_04060103,04125550,30.0,0.3820724979440371,0.18710386492216746,0.6403399784719636,0.7618612561310478,0.9123198827840382,-0.03838114855031742,0.08299599020715664,0.23534948229731376,1.0608019040278378,-2.207175443698996,4.328779251754672,3.267977347726834,network_max_absolute_inner_lono_residual,54.0,1.0009071103985325,gap_length|acf_only|donor_r2_only|additive_d_over_4_heuristic|nearest_donor_correlation,huc8_04060103
huc8_04060103,04125550,60.0,0.7988359138667583,0.31119302502199864,0.6403399784719636,0.6943002708869066,0.9123198827840382,0.0642644058026964,-0.01253903884740247,0.23992690681300008,1.430345938979336,-1.837631408747498,4.69832328670617,3.267977347726834,network_max_absolute_inner_lono_residual,54.0,1.3393945048253524,gap_length|acf_only|donor_r2_only|additive_d_over_4_heuristic|nearest_donor_correlation,huc8_04060103
huc8_04060103,04125550,90.0,1.035773630725013,0.4015223391657029,0.6403399784719636,0.6666614579347461,0.9123198827840382,0.07503725672479675,0.023873990174419702,0.24145271506763455,1.7483817064004512,-1.519595641326383,5.016359054127285,3.267977347726834,network_max_absolute_inner_lono_residual,54.0,1.6429214680328286,gap_length|acf_only|donor_r2_only|additive_d_over_4_heuristic|nearest_donor_correlation,huc8_04060103
huc8_04060103,04125550,180.0,2.6240477126273847,0.5596239637649401,0.6403399784719636,0.6472360905711109,0.9123198827840382,0.02134386392560368,0.06751238372161102,0.2429785233222705,2.7462122861982325,-0.5217650615286016,6.014189633925067,3.267977347726834,network_max_absolute_inner_lono_residual,54.0,2.6345082258772634,gap_length|acf_only|donor_r2_only|additive_d_over_4_heuristic|nearest_donor_correlation,huc8_04060103
huc8_04060103,04125550,365.0,5.387950452930307,0.6896859602221057,0.6403399784719636,0.6463359200294985,0.9123198827840382,-0.0238599484483625,0.04206209727794412,0.24375187819105937,5.090619775356194,1.8226424276293596,8.358597123083028,3.267977347726834,network_max_absolute_inner_lono_residual,54.0,5.007768149077537,gap_length|acf_only|donor_r2_only|additive_d_over_4_heuristic|nearest_donor_correlation,huc8_04060103
huc8_04070007,04136000,7.0,0.7802503767024194,0.28491757308120114,0.631386696136015,0.7301007529027088,0.8873343395019968,-0.014541871992008204,0.09734961444255379,0.2908487894578431,0.6190311400816951,-2.6025677756222496,3.84063005578564,3.221598915703945,network_max_absolute_inner_lono_residual,54.0,0.5749169047990792,gap_length|acf_only|donor_r2_only|additive_d_over_4_heuristic|nearest_donor_correlation,huc8_04070007
huc8_04070007,04136000,14.0,0.9460430972357946,0.4148385082438655,0.631386696136015,0.6612903239482137,0.8873343395019968,0.0212188080938168,0.13322162367763202,0.28595661922176757,0.6574528144882449,-2.5641461012157,3.87905173019219,3.221598915703945,network_max_absolute_inner_lono_residual,54.0,0.5632761672546319,gap_length|acf_only|donor_r2_only|additive_d_over_4_heuristic|nearest_donor_correlation,huc8_04070007
huc8_04070007,04136000,30.0,1.0155323478467762,0.5782385582224241,0.631386696136015,0.6370746082659912,0.8873343395019968,0.018074648381406776,0.1698724151887792,0.28334749441218265,0.6144795571918814,-2.6071193585120636,3.836078472895826,3.221598915703945,network_max_absolute_inner_lono_residual,54.0,0.48637870158717994,gap_length|acf_only|donor_r2_only|additive_d_over_4_heuristic|nearest_donor_correlation,huc8_04070007
huc8_04070007,04136000,60.0,1.109065793931484,0.7004675305340112,0.631386696136015,0.6327057550208564,0.8873343395019968,-0.08477518337273651,0.10787723302660897,0.2822060023080182,0.7921514971369356,-2.429447418567009,4.0137504128408805,3.221598915703945,network_max_absolute_inner_lono_residual,54.0,0.6495364038462494,gap_length|acf_only|donor_r2_only|additive_d_over_4_heuristic|nearest_donor_correlation,huc8_04070007
huc8_04070007,04136000,90.0,1.394231243821844,0.7554234793211999,0.631386696136015,0.6330150009015285,0.8873343395019968,-0.034644020958886926,0.258913997729363,0.28182550493996283,1.0959250919387742,-2.1256738237651707,4.317524007642719,3.221598915703945,network_max_absolute_inner_lono_residual,54.0,0.9522217419265778,gap_length|acf_only|donor_r2_only|additive_d_over_4_heuristic|nearest_donor_correlation,huc8_04070007
huc8_04070007,04136000,180.0,2.3614064367639367,0.827058225756512,0.631386696136015,0.6318865754211945,0.8873343395019968,-0.17218064652978443,0.23314889974957848,0.28144500757190805,2.2083051011421855,-1.0132938145617594,5.42990401684613,3.221598915703945,network_max_absolute_inner_lono_residual,54.0,2.076437802755034,gap_length|acf_only|donor_r2_only|additive_d_over_4_heuristic|nearest_donor_correlation,huc8_04070007
huc8_04070007,04136000,365.0,5.007340161413479,0.8785521780664203,0.631386696136015,0.6315917178422755,0.8873343395019968,-0.24653517042761047,0.6518342450543654,0.28125215274152376,4.688624699379182,1.4670257836752372,7.910223615083127,3.221598915703945,network_max_absolute_inner_lono_residual,54.0,4.597933629979281,gap_length|acf_only|donor_r2_only|additive_d_over_4_heuristic|nearest_donor_correlation,huc8_04070007
huc8_04070007,04136500,7.0,0.5533948837859289,0.11485692300683659,0.705324637250143,0.8524016259079333,0.9219087445516942,-0.01286851408872251,0.09366093552056601,0.21009082765146467,0.7568435105545416,-2.464755405149403,3.9784424262584865,3.221598915703945,network_max_absolute_inner_lono_residual,54.0,0.7184928604349323,gap_length|acf_only|donor_r2_only|additive_d_over_4_heuristic|nearest_donor_correlation,huc8_04070007
huc8_04070007,04136500,14.0,1.0652113441590751,0.18705984623529337,0.705324637250143,0.7741543536111735,0.9219087445516942,0.020505992743975538,0.13214454670489717,0.20995731854816832,0.9448748701434778,-2.276724045560467,4.166473785847423,3.221598915703945,network_max_absolute_inner_lono_residual,54.0,0.8673892950845487,gap_length|acf_only|donor_r2_only|additive_d_over_4_heuristic|nearest_donor_correlation,huc8_04070007
huc8_04070007,04136500,30.0,0.913583708355824,0.3183957939370503,0.705324637250143,0.7182323106722122,0.9219087445516942,0.017425880037485474,0.16943885062505107,0.20988609557675036,1.0665056224762741,-2.1550932932276705,4.288104538180219,3.221598915703945,network_max_absolute_inner_lono_residual,54.0,0.9511691364843828,gap_length|acf_only|donor_r2_only|additive_d_over_4_heuristic|nearest_donor_correlation,huc8_04070007
huc8_04070007,04136500,60.0,1.211422161700825,0.4734747549168644,0.705324637250143,0.7077779825342525,0.9219087445516942,-0.0557980628035567,0.19019818184114734,0.20985493552581777,1.1943059970829897,-2.0272929186209554,4.415904912786934,3.221598915703945,network_max_absolute_inner_lono_residual,54.0,1.0580792534596417,gap_length|acf_only|donor_r2_only|additive_d_over_4_heuristic|nearest_donor_correlation,huc8_04070007
huc8_04070007,04136500,90.0,1.7717230770670702,0.5634057631406022,0.705324637250143,0.707151904216099,0.9219087445516942,-0.03764979883537299,0.2600414758459636,0.20984454884217388,1.4279105108336954,-1.7936884048702495,4.64950942653764,3.221598915703945,network_max_absolute_inner_lono_residual,54.0,1.285000909879948,gap_length|acf_only|donor_r2_only|additive_d_over_4_heuristic|nearest_donor_correlation,huc8_04070007
huc8_04070007,04136500,180.0,3.2387453608728114,0.6901658081269494,0.705324637250143,0.7059987330800666,0.9219087445516942,-0.1767109482987899,0.23330574313598001,0.2098341621585294,2.4252314634060057,-0.7963674522979391,5.64683037910995,3.221598915703945,network_max_absolute_inner_lono_residual,54.0,2.285651238797989,gap_length|acf_only|donor_r2_only|additive_d_over_4_heuristic|nearest_donor_correlation,huc8_04070007
huc8_04070007,04136500,365.0,6.412448405902272,0.7824142029699701,0.705324637250143,0.7059556411904666,0.9219087445516942,-0.2393531356305821,0.6496527084797712,0.20982889767503785,4.8196556476757895,1.5980567319718446,8.041254563379734,3.221598915703945,network_max_absolute_inner_lono_residual,54.0,4.714970612080505,gap_length|acf_only|donor_r2_only|additive_d_over_4_heuristic|nearest_donor_correlation,huc8_04070007
huc8_04070007,04136900,7.0,0.3582692384691472,0.18567596167048528,0.7535104688617427,0.8631226414167297,0.9219087445516941,-0.016133280364676983,0.0997478124764963,0.19479811757457788,0.6976961152230774,-2.5239028004808675,3.9192950309270222,3.221598915703945,network_max_absolute_inner_lono_residual,54.0,0.6426318800789153,gap_length|acf_only|donor_r2_only|additive_d_over_4_heuristic|nearest_donor_correlation,huc8_04070007
huc8_04070007,04136900,14.0,0.573823518441594,0.28879908454782977,0.7535104688617427,0.8162733755481276,0.9219087445516941,0.026565026844815726,0.13228941754689033,0.19105601255792762,0.7244620568387043,-2.4971368588652405,3.946060972542649,3.221598915703945,network_max_absolute_inner_lono_residual,54.0,0.6331033902858806,gap_length|acf_only|donor_r2_only|additive_d_over_4_heuristic|nearest_donor_correlation,huc8_04070007
huc8_04070007,04136900,30.0,0.5438384321710521,0.4491492174152223,0.7535104688617427,0.7668016756874155,0.9219087445516941,0.023024764586011427,0.17217964542784042,0.18906022338191117,0.7656306807358504,-2.4559682349680942,3.9872295964397955,3.221598915703945,network_max_absolute_inner_lono_residual,54.0,0.6320699796795591,gap_length|acf_only|donor_r2_only|additive_d_over_4_heuristic|nearest_donor_correlation,huc8_04070007
huc8_04070007,04136900,60.0,0.6959891598736868,0.5990115737360971,0.7535104688617427,0.7553145741002045,0.9219087445516941,-0.059086327016650154,0.19310456342891605,0.18818706561740495,0.9075067705401536,-2.3140921451637912,4.129105686244099,3.221598915703945,network_max_absolute_inner_lono_residual,54.0,0.7526032108066211,gap_length|acf_only|donor_r2_only|additive_d_over_4_heuristic|nearest_donor_correlation,huc8_04070007
huc8_04070007,04136900,90.0,1.0921966231912374,0.6720423309557173,0.7535104688617427,0.7550228612461347,0.9219087445516941,-0.043178318814696796,0.2623431322556665,0.18789601302923617,1.1753796943703367,-2.046219221333608,4.396978610074282,3.221598915703945,network_max_absolute_inner_lono_residual,54.0,1.0163428132185202,gap_length|acf_only|donor_r2_only|additive_d_over_4_heuristic|nearest_donor_correlation,huc8_04070007
huc8_04070007,04136900,180.0,2.306560389731959,0.7680741083957898,0.7535104688617427,0.7540845903463467,0.9219087445516941,-0.18211117258246096,0.2313381563599472,0.18760496044106748,2.236218266645675,-0.9853806490582699,5.45781718234962,3.221598915703945,network_max_absolute_inner_lono_residual,54.0,2.0852474489007515,gap_length|acf_only|donor_r2_only|additive_d_over_4_heuristic|nearest_donor_correlation,huc8_04070007
huc8_04070007,04136900,365.0,3.846387201310467,0.8371307617672363,0.7535104688617427,0.7539098544422886,0.9219087445516941,-0.2393531356305821,0.6496527084797712,0.18745744063610412,4.679486333916832,1.457887418212887,7.901085249620777,3.221598915703945,network_max_absolute_inner_lono_residual,54.0,4.566951015038661,gap_length|acf_only|donor_r2_only|additive_d_over_4_heuristic|nearest_donor_correlation,huc8_04070007
huc8_04070007,04137005,7.0,0.2627961522766521,0.0793357475968064,0.7647083787323505,0.9076112416450556,0.9675849198661871,-0.012227618642666398,0.09471689358487305,0.19207292329257442,0.7745961257685371,-2.4470027899354077,3.996195041472482,3.221598915703945,network_max_absolute_inner_lono_residual,54.0,0.7635833850556648,gap_length|acf_only|donor_r2_only|additive_d_over_4_heuristic|nearest_donor_correlation,huc8_04070007
huc8_04070007,04137005,14.0,0.4979393621427673,0.13216458914611762,0.7647083787323505,0.857186998428364,0.9675849198661871,0.023338348074927056,0.13030976459870838,0.19582314840839263,0.9174157879744375,-2.3041831277295075,4.139014703678383,3.221598915703945,network_max_absolute_inner_lono_residual,54.0,0.8849777841109979,gap_length|acf_only|donor_r2_only|additive_d_over_4_heuristic|nearest_donor_correlation,huc8_04070007
huc8_04070007,04137005,30.0,0.5816322198708852,0.23608477744864143,0.7647083787323505,0.7961313352001027,0.9675849198661871,0.019118865519498908,0.16959177563588307,0.1978271167751522,1.1121155417214628,-2.1094833739824823,4.333714457425407,3.221598915703945,network_max_absolute_inner_lono_residual,54.0,1.0465740973178872,gap_length|acf_only|donor_r2_only|additive_d_over_4_heuristic|nearest_donor_correlation,huc8_04070007
huc8_04070007,04137005,60.0,0.9030756768037876,0.37665851732764866,0.7647083787323505,0.7699402834477563,0.9675849198661871,-0.08237974076433403,0.11029236820891097,0.19870385398564464,1.3186704099240718,-1.902928505779873,4.540269325628016,3.221598915703945,network_max_absolute_inner_lono_residual,54.0,1.2296827069026997,gap_length|acf_only|donor_r2_only|additive_d_over_4_heuristic|nearest_donor_correlation,huc8_04070007
huc8_04070007,04137005,90.0,1.4728924326433075,0.4704408666640866,0.7647083787323505,0.7679375907171788,0.9675849198661871,0.03630355743617753,0.24255113121800967,0.19899609972247673,1.5484700391343187,-1.6731288765696262,4.770068954838264,3.221598915703945,network_max_absolute_inner_lono_residual,54.0,1.4519904382790259,gap_length|acf_only|donor_r2_only|additive_d_over_4_heuristic|nearest_donor_correlation,huc8_04070007
huc8_04070007,04137005,180.0,3.1193601610395643,0.6187761935966201,0.7647083787323505,0.7662323475267121,0.9675849198661871,-0.17184620472375683,0.23606778467428793,0.19928834545930765,2.5024286575255337,-0.7191702581784112,5.7240275732294785,3.221598915703945,network_max_absolute_inner_lono_residual,54.0,2.405916778142808,gap_length|acf_only|donor_r2_only|additive_d_over_4_heuristic|nearest_donor_correlation,huc8_04070007
huc8_04070007,04137005,365.0,3.920060583913164,0.7321086505909944,0.7647083787323505,0.7655657996819933,0.9675849198661871,-0.2421067137300202,0.6571724112751831,0.1994364700108526,4.854736289642189,1.6331373739382444,8.076335205346133,3.221598915703945,network_max_absolute_inner_lono_residual,54.0,4.7896494756164065,gap_length|acf_only|donor_r2_only|additive_d_over_4_heuristic|nearest_donor_correlation,huc8_04070007
huc8_04070007,04137500,7.0,0.149621492922306,0.051050709619147705,0.6870810054538838,0.9036241440743024,0.9562003587858662,-0.014737660312106748,0.09464036638425939,0.17815229962414983,0.6588626419780742,-2.5627362737258705,3.880461557682019,3.221598915703945,network_max_absolute_inner_lono_residual,54.0,0.6213947823609721,gap_length|acf_only|donor_r2_only|additive_d_over_4_heuristic|nearest_donor_correlation,huc8_04070007
huc8_04070007,04137500,14.0,0.2745208150574139,0.08656930664124363,0.6870810054538838,0.8551737631892536,0.9562003587858662,0.019574177972994912,0.13150353427711636,0.2006442627403169,0.8317584605858005,-2.3898404551181445,4.053357376289745,3.221598915703945,network_max_absolute_inner_lono_residual,54.0,0.7966256893802167,gap_length|acf_only|donor_r2_only|additive_d_over_4_heuristic|nearest_donor_correlation,huc8_04070007
huc8_04070007,04137500,30.0,0.3508031566639741,0.16088192622227626,0.6870810054538838,0.7917330968240761,0.9562003587858662,0.014542886501164975,0.17136177776534162,0.21552828877748098,1.0956411207728871,-2.1259577949310575,4.317240036476832,3.221598915703945,network_max_absolute_inner_lono_residual,54.0,1.0451951548312992,gap_length|acf_only|donor_r2_only|additive_d_over_4_heuristic|nearest_donor_correlation,huc8_04070007
huc8_04070007,04137500,60.0,0.9376587836494048,0.273551358488059,0.6870810054538838,0.7358284434836837,0.9562003587858662,-0.08909071508885558,0.10977389295535052,0.22215100853817593,1.4519755270188925,-1.7696233886850523,4.673574442722837,3.221598915703945,network_max_absolute_inner_lono_residual,54.0,1.377692164898947,gap_length|acf_only|donor_r2_only|additive_d_over_4_heuristic|nearest_donor_correlation,huc8_04070007
huc8_04070007,04137500,90.0,1.5144635541339715,0.3594891801161927,0.6870810054538838,0.711109614755965,0.9562003587858662,-0.03968870643542878,0.26067366891638044,0.2243586650893605,1.7681100504567917,-1.4534888652471532,4.989708966160737,3.221598915703945,network_max_absolute_inner_lono_residual,54.0,1.6811847497805996,gap_length|acf_only|donor_r2_only|additive_d_over_4_heuristic|nearest_donor_correlation,huc8_04070007
huc8_04070007,04137500,180.0,4.094539558202028,0.5197811003050932,0.6870810054538838,0.6932204722593762,0.9562003587858662,-0.1767109482987899,0.23330574313598001,0.22656632164122478,2.746931755476084,-0.47466716022786093,5.968530671180028,3.221598915703945,network_max_absolute_inner_lono_residual,54.0,2.6540678682343755,gap_length|acf_only|donor_r2_only|additive_d_over_4_heuristic|nearest_donor_correlation,huc8_04070007
huc8_04070007,04137500,365.0,7.68707097949802,0.6601710096749098,0.6870810054538838,0.6900132628637781,0.9562003587858662,-0.2393531356305821,0.6496527084797712,0.22768527085244714,5.05055048234986,1.828951566645915,8.272149398053806,3.221598915703945,network_max_absolute_inner_lono_residual,54.0,4.9848437873438085,gap_length|acf_only|donor_r2_only|additive_d_over_4_heuristic|nearest_donor_correlation,huc8_04070007
huc8_05010005,03026480,7.0,0.4656003941808427,0.31116526852578963,0.5657979667176347,0.6818529294427651,0.9155744530514773,0.011700337465843615,0.07109524089549775,0.36944511179055073,0.5192137079371728,-2.5565453392835513,3.5949727551578965,3.075759047220724,network_max_absolute_inner_lono_residual,54.0,0.5359186573758737,gap_length|acf_only|donor_r2_only|additive_d_over_4_heuristic|nearest_donor_correlation,huc8_05010005
huc8_05010005,03026480,14.0,0.3849230547887938,0.4451333870877817,0.5657979667176347,0.6094623638364819,0.9155744530514773,-0.023885951695719183,0.09468012656589143,0.3765562309320484,0.561881163967578,-2.513877883253146,3.6376402111883017,3.075759047220724,network_max_absolute_inner_lono_residual,54.0,0.5407904829269913,gap_length|acf_only|donor_r2_only|additive_d_over_4_heuristic|nearest_donor_correlation,huc8_05010005
huc8_05010005,03026480,30.0,0.5044061034070328,0.604985039075461,0.5657979667176347,0.5762045591757985,0.9155744530514773,-0.025434866218311085,0.14014339589838007,0.38055074429800656,0.5544219143956695,-2.5213371328250545,3.6301809616163934,3.075759047220724,network_max_absolute_inner_lono_residual,54.0,0.5043100794162727,gap_length|acf_only|donor_r2_only|additive_d_over_4_heuristic|nearest_donor_correlation,huc8_05010005
huc8_05010005,03026480,60.0,0.6109964901109537,0.7199957417753264,0.5657979667176347,0.5710268119363776,0.9155744530514773,-0.11449067486356423,0.19106695354916342,0.38230054163312854,0.7524772954088392,-2.3232817518118845,3.8282363426295634,3.075759047220724,network_max_absolute_inner_lono_residual,54.0,0.6921498704151424,gap_length|acf_only|donor_r2_only|additive_d_over_4_heuristic|nearest_donor_correlation,huc8_05010005
huc8_05010005,03026480,90.0,0.6344974468505631,0.771374725233928,0.5657979667176347,0.5711545083123146,0.9155744530514773,-0.1624787059657708,0.17836657859966482,0.38288380757105955,1.0687969550229286,-2.0069620921977953,4.144556002243652,3.075759047220724,network_max_absolute_inner_lono_residual,54.0,1.0092907608773227,gap_length|acf_only|donor_r2_only|additive_d_over_4_heuristic|nearest_donor_correlation,huc8_05010005
huc8_05010005,03026480,180.0,1.0565789135512378,0.8383375082262766,0.5657979667176347,0.5668131215231743,0.9155744530514773,-0.30034401151742884,0.08249227374351886,0.38346707350899273,2.217452879661669,-0.8583061675590549,5.2932119268823925,3.075759047220724,network_max_absolute_inner_lono_residual,54.0,2.1717843100750738,gap_length|acf_only|donor_r2_only|additive_d_over_4_heuristic|nearest_donor_correlation,huc8_05010005
huc8_05010005,03026480,365.0,1.4876743726354755,0.8864730190253096,0.5657979667176347,0.5685516470945153,0.9155744530514773,-0.6882478901587108,-0.03243227260353697,0.3837627014501352,4.7348890375090065,1.6591299902882826,7.81064808472973,3.075759047220724,network_max_absolute_inner_lono_residual,54.0,4.7350819445859855,gap_length|acf_only|donor_r2_only|additive_d_over_4_heuristic|nearest_donor_correlation,huc8_05010005
huc8_05010005,03027500,7.0,0.327781445980072,0.06754884399091576,0.12596923455432363,0.7025189323223212,0.5468699471870518,0.057033600369432315,0.031479182312572115,0.32891819409777695,0.14223866693527068,-2.933520380285453,3.217997714155995,3.075759047220724,network_max_absolute_inner_lono_residual,54.0,0.0027036052851638,gap_length|acf_only|donor_r2_only|additive_d_over_4_heuristic|nearest_donor_correlation,huc8_05010005
huc8_05010005,03027500,14.0,0.3206920443262372,0.11336818560089057,0.12596923455432363,0.5796297614109819,0.5468699471870518,0.08066817300528446,0.08015317031250611,0.4194525481454392,0.5304760964716132,-2.545282950749111,3.606235143692337,3.075759047220724,network_max_absolute_inner_lono_residual,54.0,0.4372008409966032,gap_length|acf_only|donor_r2_only|additive_d_over_4_heuristic|nearest_donor_correlation,huc8_05010005
huc8_05010005,03027500,30.0,0.5242013422648112,0.2058540026487502,0.12596923455432363,0.4076843676263533,0.5468699471870518,0.017284806409377688,0.14927393594851063,0.5338454711263848,1.1015752748413352,-1.9741837723793887,4.177334322062059,3.075759047220724,network_max_absolute_inner_lono_residual,54.0,1.0573034997558914,gap_length|acf_only|donor_r2_only|additive_d_over_4_heuristic|nearest_donor_correlation,huc8_05010005
huc8_05010005,03027500,60.0,0.5997588475346565,0.33698585782448,0.12596923455432363,0.2550708261246788,0.5468699471870518,-0.0558288496444445,0.17988046837652374,0.6128129150930979,1.7286373307588752,-1.3471217164618488,4.804396377979599,3.075759047220724,network_max_absolute_inner_lono_residual,54.0,1.7007338237232599,gap_length|acf_only|donor_r2_only|additive_d_over_4_heuristic|nearest_donor_correlation,huc8_05010005
huc8_05010005,03027500,90.0,0.8750636751916673,0.4292995034516518,0.12596923455432363,0.19170254622151028,0.5468699471870518,-0.1856590167816123,0.29884353088649374,0.6412207418647858,2.157636564355559,-0.9181224828651651,5.233395611576283,3.075759047220724,network_max_absolute_inner_lono_residual,54.0,2.1307624842901642,gap_length|acf_only|donor_r2_only|additive_d_over_4_heuristic|nearest_donor_correlation,huc8_05010005
huc8_05010005,03027500,180.0,1.8483363717397052,0.584292364550268,0.12596923455432363,0.1295948952830538,0.5468699471870518,-0.6423473171676907,0.22369808275084443,0.6696994569883661,3.3011046829617934,0.22534563574106947,6.376863730182517,3.075759047220724,network_max_absolute_inner_lono_residual,54.0,3.2826584530661838,gap_length|acf_only|donor_r2_only|additive_d_over_4_heuristic|nearest_donor_correlation,huc8_05010005
huc8_05010005,03027500,365.0,4.460728696339751,0.7075244612689005,0.12596923455432363,0.14070598171369364,0.5468699471870518,-0.20494499303210995,-0.9779789278029198,0.6841343107424247,5.629851947944685,2.554092900723961,8.705610995165408,3.075759047220724,network_max_absolute_inner_lono_residual,54.0,5.663073743016489,gap_length|acf_only|donor_r2_only|additive_d_over_4_heuristic|nearest_donor_correlation,huc8_05010005
huc8_05010005,03028000,7.0,0.6548861570443425,0.24554106162380074,0.561801175161881,0.7087608025382586,0.9155744530514774,0.0013630126381135282,0.06505063952880771,0.4495059233939746,0.5635887706847195,-2.5121702765360046,3.6393478179054433,3.075759047220724,network_max_absolute_inner_lono_residual,54.0,0.6836046024790681,gap_length|acf_only|donor_r2_only|additive_d_over_4_heuristic|nearest_donor_correlation,huc8_05010005
huc8_05010005,03028000,14.0,0.745609126136239,0.36705692129110123,0.561801175161881,0.6298956994918068,0.9155744530514774,-0.02530949430770784,0.09227532414627385,0.47717724841082737,0.6530021901782345,-2.4227568570424896,3.7287612373989583,3.075759047220724,network_max_absolute_inner_lono_residual,54.0,0.7565129809843157,gap_length|acf_only|donor_r2_only|additive_d_over_4_heuristic|nearest_donor_correlation,huc8_05010005
huc8_05010005,03028000,30.0,0.9601777098973592,0.5329763984260323,0.561801175161881,0.5863571337546917,0.9155744530514774,-0.027269206055995355,0.13919511096892204,0.49587868570629895,0.6649745812815345,-2.4107844659391895,3.7407336285022583,3.075759047220724,network_max_absolute_inner_lono_residual,54.0,0.7502683070213265,gap_length|acf_only|donor_r2_only|additive_d_over_4_heuristic|nearest_donor_correlation,huc8_05010005
huc8_05010005,03028000,60.0,1.141302512978514,0.6665416336384646,0.561801175161881,0.5736624444542725,0.9155744530514774,-0.11183864422857093,0.18914899668652296,0.5042765206168652,0.8473003741948163,-2.2284586730259077,3.92305942141554,3.075759047220724,network_max_absolute_inner_lono_residual,54.0,0.9236733537648297,gap_length|acf_only|donor_r2_only|additive_d_over_4_heuristic|nearest_donor_correlation,huc8_05010005
huc8_05010005,03028000,90.0,1.1466298029238566,0.7276810270113852,0.561801175161881,0.5701668622248395,0.9155744530514774,-0.15847224301532056,0.17877476736068973,0.5070762145544405,1.1543059980414463,-1.9214530491792776,4.230065045262171,3.075759047220724,network_max_absolute_inner_lono_residual,54.0,1.2309565995490708,gap_length|acf_only|donor_r2_only|additive_d_over_4_heuristic|nearest_donor_correlation,huc8_05010005
huc8_05010005,03028000,180.0,2.177342091279104,0.8074406811185594,0.561801175161881,0.5641758768941367,0.9155744530514774,-0.2992992641883726,0.08607161472474992,0.5098759085157637,2.281008405321908,-0.794750641898816,5.356767452542632,3.075759047220724,network_max_absolute_inner_lono_residual,54.0,2.371147588938579,gap_length|acf_only|donor_r2_only|additive_d_over_4_heuristic|nearest_donor_correlation,huc8_05010005
huc8_05010005,03028000,365.0,5.051464024318408,0.864775818485015,0.561801175161881,0.5641842915987986,0.9155744530514774,-0.684147096806139,-0.038149491309769974,0.5112949314824612,4.784372005103233,1.7086129578825089,7.860131052323957,3.075759047220724,network_max_absolute_inner_lono_residual,54.0,4.919439271911207,gap_length|acf_only|donor_r2_only|additive_d_over_4_heuristic|nearest_donor_correlation,huc8_05010005
huc8_05010005,03028500,7.0,0.5664882298239641,0.18176788645613706,0.30521454466446696,0.6201466157966775,0.699768398345727,0.05617610936363837,0.02707264445658596,0.4754296534540651,0.4943807663342381,-2.5813782808864856,3.5701398135549622,3.075759047220724,network_max_absolute_inner_lono_residual,54.0,0.5269133594336348,gap_length|acf_only|donor_r2_only|additive_d_over_4_heuristic|nearest_donor_correlation,huc8_05010005
huc8_05010005,03028500,14.0,0.7245045275773321,0.28344741751363145,0.30521454466446696,0.511728824442562,0.699768398345727,0.07794716702490259,0.0651789628832106,0.5507478208978636,0.7187016954490137,-2.35705735177171,3.7944607426697377,3.075759047220724,network_max_absolute_inner_lono_residual,54.0,0.7775015785682392,gap_length|acf_only|donor_r2_only|additive_d_over_4_heuristic|nearest_donor_correlation,huc8_05010005
huc8_05010005,03028500,30.0,0.9224010438347856,0.44292095268346343,0.30521454466446696,0.42004151944337087,0.699768398345727,0.010241414805597676,0.1425888611973257,0.6242018126703069,0.8956093628764794,-2.1801496843442445,3.9713684100972033,3.075759047220724,network_max_absolute_inner_lono_residual,54.0,0.9777043038614179,gap_length|acf_only|donor_r2_only|additive_d_over_4_heuristic|nearest_donor_correlation,huc8_05010005
huc8_05010005,03028500,60.0,0.9788848101099332,0.5936661239413403,0.30521454466446696,0.38764147119304493,0.699768398345727,-0.05373396574314928,0.18089943766795513,0.6629862105644964,1.103412178041123,-1.972346869179601,4.179171225261847,3.075759047220724,network_max_absolute_inner_lono_residual,54.0,1.1986879504206793,gap_length|acf_only|donor_r2_only|additive_d_over_4_heuristic|nearest_donor_correlation,huc8_05010005
huc8_05010005,03028500,90.0,1.197155214154058,0.6675908136254588,0.30521454466446696,0.36623813796808136,0.699768398345727,-0.18312507177740728,0.301312148081462,0.6760428315517129,1.4395662743934985,-1.6361927728272254,4.515325321614222,3.075759047220724,network_max_absolute_inner_lono_residual,54.0,1.5374978735647247,gap_length|acf_only|donor_r2_only|additive_d_over_4_heuristic|nearest_donor_correlation,huc8_05010005
huc8_05010005,03028500,180.0,2.8141225290281904,0.7649203303136606,0.30521454466446696,0.3351198575125338,0.699768398345727,-0.6400722717210261,0.22788630522272219,0.6890999145823712,2.6079526908074437,-0.46780635641328017,5.683711738028167,3.075759047220724,network_max_absolute_inner_lono_residual,54.0,2.7184423265474185,gap_length|acf_only|donor_r2_only|additive_d_over_4_heuristic|nearest_donor_correlation,huc8_05010005
huc8_05010005,03028500,365.0,6.1375979283302335,0.8349160289651698,0.30521454466446696,0.33824987421747454,0.699768398345727,-0.21331006882845507,-0.9759737902314559,0.6957178884737225,5.074662372280424,1.9989033250597004,8.150421419501148,3.075759047220724,network_max_absolute_inner_lono_residual,54.0,5.234545468863681,gap_length|acf_only|donor_r2_only|additive_d_over_4_heuristic|nearest_donor_correlation,huc8_05010005
huc8_05010006,03034000,7.0,0.9084961096303802,0.2222123117566236,0.6617538810083674,0.7797150199378813,0.9415920832478841,0.008315214631639445,0.09121992528436346,0.3998089212234832,0.624168007625213,-2.622546573636811,3.870882588887237,3.246714581262024,network_max_absolute_inner_lono_residual,54.0,0.7467151244681604,gap_length|acf_only|donor_r2_only|additive_d_over_4_heuristic|nearest_donor_correlation,huc8_05010006
huc8_05010006,03034000,14.0,0.9548950852706496,0.33738227135536114,0.6617538810083674,0.7140838301410375,0.9415920832478841,-0.006933877839302516,0.1009486751184725,0.41271892746862915,0.683107960363146,-2.563606620898878,3.92982254162517,3.246714581262024,network_max_absolute_inner_lono_residual,54.0,0.7786437394098624,gap_length|acf_only|donor_r2_only|additive_d_over_4_heuristic|nearest_donor_correlation,huc8_05010006
huc8_05010006,03034000,30.0,0.9854933675366144,0.5027158490513859,0.6617538810083674,0.6775439648651356,0.9415920832478841,-0.034175859149087766,0.04505929016827561,0.4200873919077978,0.6742557457992764,-2.572458835462748,3.9209703270613003,3.246714581262024,network_max_absolute_inner_lono_residual,54.0,0.7414439430949354,gap_length|acf_only|donor_r2_only|additive_d_over_4_heuristic|nearest_donor_correlation,huc8_05010006
huc8_05010006,03034000,60.0,1.300148359524164,0.6430030551232206,0.6617538810083674,0.6749534746800829,0.9415920832478841,-0.3731866201717148,0.026173710642541082,0.42331740843442023,0.8108034120305379,-2.4359111692314865,4.057517993292562,3.246714581262024,network_max_absolute_inner_lono_residual,54.0,0.865442472235057,gap_length|acf_only|donor_r2_only|additive_d_over_4_heuristic|nearest_donor_correlation,huc8_05010006
huc8_05010006,03034000,90.0,1.4294243320888944,0.7083796203262585,0.6617538810083674,0.6692726875137645,0.9415920832478841,-0.45066759895987224,-0.8779786597969028,0.4243940812037181,1.113901210686649,-2.1328133705753753,4.360615791948673,3.246714581262024,network_max_absolute_inner_lono_residual,54.0,1.1650979155300996,gap_length|acf_only|donor_r2_only|additive_d_over_4_heuristic|nearest_donor_correlation,huc8_05010006
huc8_05010006,03034500,7.0,0.6181862210429141,0.23914454097322657,0.6601256066048208,0.7691841297491916,0.941592083247884,0.004218785381914936,0.08342562624056775,0.46375824750738204,0.6169266131251973,-2.629787968136827,3.8636411943872213,3.246714581262024,network_max_absolute_inner_lono_residual,54.0,0.8001543025299898,gap_length|acf_only|donor_r2_only|additive_d_over_4_heuristic|nearest_donor_correlation,huc8_05010006
huc8_05010006,03034500,14.0,0.6882417258533782,0.35902316190172956,0.6601256066048208,0.7013326031073085,0.941592083247884,-0.0015493959770327595,0.1055098458190233,0.4811559451643014,0.6728206672029043,-2.57389391405912,3.9195352484649284,3.246714581262024,network_max_absolute_inner_lono_residual,54.0,0.8321987263545513,gap_length|acf_only|donor_r2_only|additive_d_over_4_heuristic|nearest_donor_correlation,huc8_05010006
huc8_05010006,03034500,30.0,0.7798924111706824,0.5249564150260728,0.6601256066048208,0.6685072040781114,0.941592083247884,-0.09013299722150145,0.1274131816898068,0.49127393640040407,0.6512921667164634,-2.5954224145455607,3.8980067479784877,3.246714581262024,network_max_absolute_inner_lono_residual,54.0,0.7864496554130584,gap_length|acf_only|donor_r2_only|additive_d_over_4_heuristic|nearest_donor_correlation,huc8_05010006
huc8_05010006,03034500,60.0,0.8503371706201046,0.6603803419928854,0.6601256066048208,0.6661513948021688,0.941592083247884,-0.36313866998403727,0.02988086282057434,0.49571502692191455,0.7973142208383434,-2.449400360423681,4.044028802100367,3.246714581262024,network_max_absolute_inner_lono_residual,54.0,0.9220951351207797,gap_length|acf_only|donor_r2_only|additive_d_over_4_heuristic|nearest_donor_correlation,huc8_05010006
huc8_05010006,03034500,90.0,1.2331757539113364,0.7226346904892242,0.6601256066048208,0.6636396662717019,0.941592083247884,-0.4498265799534843,-0.8763456485579347,0.49719539294177645,1.097215367668329,-2.1494992135936952,4.343929948930353,3.246714581262024,network_max_absolute_inner_lono_residual,54.0,1.2206300841975795,gap_length|acf_only|donor_r2_only|additive_d_over_4_heuristic|nearest_donor_correlation,huc8_05010006
huc8_05010006,03036000,7.0,0.6106523748141314,0.0962377976101223,0.49712449304340456,0.7825187854242794,0.844893228878375,0.016816952995736906,0.07175212725364186,0.3823662454526389,0.5416954271527454,-2.7050191541092787,3.7884100084147696,3.246714581262024,network_max_absolute_inner_lono_residual,54.0,0.6175223002399487,gap_length|acf_only|donor_r2_only|additive_d_over_4_heuristic|nearest_donor_correlation,huc8_05010006
huc8_05010006,03036000,14.0,0.7496647843824966,0.15861192759587772,0.49712449304340456,0.6801680219950255,0.844893228878375,0.01768689129602443,0.11751604673328933,0.443361815222856,0.8242055210513455,-2.422509060210679,4.070920102313369,3.246714581262024,network_max_absolute_inner_lono_residual,54.0,0.9194933969032282,gap_length|acf_only|donor_r2_only|additive_d_over_4_heuristic|nearest_donor_correlation,huc8_05010006
huc8_05010006,03036000,30.0,0.9223467838838696,0.2768332288848636,0.49712449304340456,0.5760166039035468,0.844893228878375,-0.06474340016475535,0.06479004162773301,0.487299923474612,1.1219764895587765,-2.1247380917032475,4.368691070820801,3.246714581262024,network_max_absolute_inner_lono_residual,54.0,1.2112717390146994,gap_length|acf_only|donor_r2_only|additive_d_over_4_heuristic|nearest_donor_correlation,huc8_05010006
huc8_05010006,03036000,60.0,1.4074473443850877,0.42655334194519723,0.49712449304340456,0.5241703053924531,0.844893228878375,-0.3595184965286288,0.027506162336218287,0.5071948503084207,1.390171052923119,-1.8565435283389051,4.636885634185143,3.246714581262024,network_max_absolute_inner_lono_residual,54.0,1.4653799700214403,gap_length|acf_only|donor_r2_only|additive_d_over_4_heuristic|nearest_donor_correlation,huc8_05010006
huc8_05010006,03036000,90.0,2.2076890464358856,0.5195895464242891,0.49712449304340456,0.5059341449286001,0.844893228878375,-0.4498265799534843,-0.8763456485579347,0.5138276886380564,1.6738784344387014,-1.5728361468233227,4.920593015700725,3.246714581262024,network_max_absolute_inner_lono_residual,54.0,1.7424262531449972,gap_length|acf_only|donor_r2_only|additive_d_over_4_heuristic|nearest_donor_correlation,huc8_05010006
huc8_05010006,03038000,7.0,0.8536987157166005,0.23021003980086763,0.4839004497397975,0.6569698600325689,0.862376673609164,0.020302351060631822,0.008872339264910694,0.4555418234647548,0.5991879667554257,-2.6475266145065985,3.84590254801745,3.246714581262024,network_max_absolute_inner_lono_residual,54.0,0.6874874624655356,gap_length|acf_only|donor_r2_only|additive_d_over_4_heuristic|nearest_donor_correlation,huc8_05010006
huc8_05010006,03038000,14.0,0.7527110054570118,0.34767219265585214,0.4839004497397975,0.5575692084194732,0.862376673609164,0.011100728955149717,-0.018180786314750265,0.4768583981532246,0.757136936360281,-2.4895776449017433,4.003851517622305,3.246714581262024,network_max_absolute_inner_lono_residual,54.0,0.8148798128581571,gap_length|acf_only|donor_r2_only|additive_d_over_4_heuristic|nearest_donor_correlation,huc8_05010006
huc8_05010006,03038000,30.0,1.1586756719152134,0.513408938425976,0.4839004497397975,0.5043485361521469,0.862376673609164,0.07601179094571058,-0.03350002135751932,0.48910020461757225,0.7987198713256948,-2.4479947099363293,4.045434452587719,3.246714581262024,network_max_absolute_inner_lono_residual,54.0,0.8272464123211426,gap_length|acf_only|donor_r2_only|additive_d_over_4_heuristic|nearest_donor_correlation,huc8_05010006
huc8_05010006,03038000,60.0,1.5499101846193273,0.6514140132115875,0.4839004497397975,0.4943057506581524,0.862376673609164,-0.2352126347144235,-0.00617592708248074,0.4944681777026588,0.9629619770783865,-2.2837526041836376,4.20967655834041,3.246714581262024,network_max_absolute_inner_lono_residual,54.0,0.9789200849461918,gap_length|acf_only|donor_r2_only|additive_d_over_4_heuristic|nearest_donor_correlation,huc8_05010006
huc8_05010006,03038000,90.0,1.89565030781428,0.7152840325309842,0.4839004497397975,0.48875240393558506,0.862376673609164,-0.4498265799534843,-0.8763456485579347,0.4962575033210198,1.2688264645235576,-1.9778881167384665,4.515541045785582,3.246714581262024,network_max_absolute_inner_lono_residual,54.0,1.282391043228474,gap_length|acf_only|donor_r2_only|additive_d_over_4_heuristic|nearest_donor_correlation,huc8_05010006
huc8_05010006,03039000,7.0,0.4568269418392864,0.0641844818219578,0.44588291352416354,0.7922390572818622,0.844893228878375,0.015948394956754302,0.0717680033313763,0.3038688974261265,0.44944331886550715,-2.7972712623965172,3.696157900127531,3.246714581262024,network_max_absolute_inner_lono_residual,54.0,0.4431044560371978,gap_length|acf_only|donor_r2_only|additive_d_over_4_heuristic|nearest_donor_correlation,huc8_05010006
huc8_05010006,03039000,14.0,0.6830039102051939,0.10794968542631356,0.44588291352416354,0.6738734469907998,0.844893228878375,0.015162683456395747,0.11846168674577387,0.37104636673556013,0.8202000465732515,-2.4265145346887724,4.066914627835276,3.246714581262024,network_max_absolute_inner_lono_residual,54.0,0.8372401682327028,gap_length|acf_only|donor_r2_only|additive_d_over_4_heuristic|nearest_donor_correlation,huc8_05010006
huc8_05010006,03039000,30.0,0.9730718418955804,0.19693978373682985,0.44588291352416354,0.5447388742677479,0.844893228878375,-0.06017355569052394,0.04693810851535858,0.4366148574613809,1.2560577221715357,-1.9906568590904885,4.502772303433559,3.246714581262024,network_max_absolute_inner_lono_residual,54.0,1.2859054717798888,gap_length|acf_only|donor_r2_only|additive_d_over_4_heuristic|nearest_donor_correlation,huc8_05010006
huc8_05010006,03039000,60.0,1.3401430792808533,0.3248385613350573,0.44588291352416354,0.48424162874803867,0.844893228878375,-0.3610490034754144,0.02529631262146474,0.47089236438121185,1.5965955109882224,-1.6501190702738018,4.843310092250246,3.246714581262024,network_max_absolute_inner_lono_residual,54.0,1.6280930426226272,gap_length|acf_only|donor_r2_only|additive_d_over_4_heuristic|nearest_donor_correlation,huc8_05010006
huc8_05010006,03039000,90.0,1.821347627957662,0.4163203581507522,0.44588291352416354,0.46082143006721965,0.844893228878375,-0.4498265799534843,-0.8763456485579347,0.4824098702909717,1.8994985516431375,-1.3472160296188866,5.146213132905162,3.246714581262024,network_max_absolute_inner_lono_residual,54.0,1.9279028342437952,gap_length|acf_only|donor_r2_only|additive_d_over_4_heuristic|nearest_donor_correlation,huc8_05010006
huc8_05010007,03041500,7.0,0.650925788325923,0.23210520872696072,0.5441104668524936,0.6993651119054778,0.8884743277700475,0.02742999307897025,0.10255002534343202,0.513418599438985,0.5945004483948839,-2.6769621942773254,3.8659630910670932,3.2714626426722093,network_max_absolute_inner_lono_residual,54.0,0.776600217957007,gap_length|acf_only|donor_r2_only|additive_d_over_4_heuristic|nearest_donor_correlation,huc8_05010007
huc8_05010007,03041500,14.0,0.8337331832945347,0.35009261624159216,0.5441104668524936,0.6147702899821748,0.8884743277700475,0.029421884760213613,0.13646044217496192,0.5631877321710944,0.7034935271235443,-2.567969115548665,3.9749561697957536,3.2714626426722093,network_max_absolute_inner_lono_residual,54.0,0.8903275842673938,gap_length|acf_only|donor_r2_only|additive_d_over_4_heuristic|nearest_donor_correlation,huc8_05010007
huc8_05010007,03041500,30.0,0.9643016648118696,0.5158928410530261,0.5441104668524936,0.5674270465613785,0.8884743277700475,0.08719099742831246,0.20510093278414332,0.596206246582671,0.7259540425699449,-2.5455086001022647,3.997416685242154,3.2714626426722093,network_max_absolute_inner_lono_residual,54.0,0.9078839186123848,gap_length|acf_only|donor_r2_only|additive_d_over_4_heuristic|nearest_donor_correlation,huc8_05010007
huc8_05010007,03041500,60.0,1.2057852164780098,0.6533525988852011,0.5441104668524936,0.5586767586120132,0.8884743277700475,-0.025571983735219905,0.3240620209767939,0.6109326508137357,0.8888745968451846,-2.382588045827025,4.160337239517394,3.2714626426722093,network_max_absolute_inner_lono_residual,54.0,1.069284355649272,gap_length|acf_only|donor_r2_only|additive_d_over_4_heuristic|nearest_donor_correlation,huc8_05010007
huc8_05010007,03041500,90.0,1.682215996676021,0.7168740720140011,0.5441104668524936,0.5528560633470405,0.8884743277700475,-0.20504167503843007,0.28555801117668833,0.6158417459463847,1.1983892083605583,-2.073073434311651,4.469851851032768,3.2714626426722093,network_max_absolute_inner_lono_residual,54.0,1.380177160526442,gap_length|acf_only|donor_r2_only|additive_d_over_4_heuristic|nearest_donor_correlation,huc8_05010007
huc8_05010007,03041500,180.0,3.136873312968347,0.7997980824869702,0.5441104668524936,0.5453492532966828,0.8884743277700475,-0.5671632060950355,0.04846638078852078,0.6207508410837773,2.3229976809409143,-0.948464961731295,5.594460323613124,3.2714626426722093,network_max_absolute_inner_lono_residual,54.0,2.5200098093781,gap_length|acf_only|donor_r2_only|additive_d_over_4_heuristic|nearest_donor_correlation,huc8_05010007
huc8_05010007,03041500,365.0,3.329624415881013,0.859408827401269,0.5441104668524936,0.5460599011971847,0.8884743277700475,-0.04229673948416606,-0.9641172756090859,0.6232390125917738,4.818636058961459,1.54717341628925,8.090098701633668,3.2714626426722093,network_max_absolute_inner_lono_residual,54.0,5.063199904868209,gap_length|acf_only|donor_r2_only|additive_d_over_4_heuristic|nearest_donor_correlation,huc8_05010007
huc8_05010007,03042000,7.0,0.7456845196496162,0.26625598892416635,0.5846109363041767,0.7041744351280135,0.8884743277700475,0.03191596016308268,0.0956745110165759,0.44143349247393515,0.6092399766350127,-2.662222666037197,3.880702619307222,3.2714626426722093,network_max_absolute_inner_lono_residual,54.0,0.7166541619531022,gap_length|acf_only|donor_r2_only|additive_d_over_4_heuristic|nearest_donor_correlation,huc8_05010007
huc8_05010007,03042000,14.0,0.840593642735621,0.39254896520626703,0.5846109363041767,0.6253821217803915,0.8884743277700475,0.03495297964923435,0.13408758493356907,0.44086818082776186,0.6830715595846442,-2.588391083087565,3.9545342022568537,3.2714626426722093,network_max_absolute_inner_lono_residual,54.0,0.742066495988752,gap_length|acf_only|donor_r2_only|additive_d_over_4_heuristic|nearest_donor_correlation,huc8_05010007
huc8_05010007,03042000,30.0,1.031485805108212,0.5576241691656711,0.5846109363041767,0.5909930695874428,0.8884743277700475,0.08878988383448987,0.20160847219615094,0.4405654253498849,0.6675614918750501,-2.6039011507971592,3.9390241345472594,3.2714626426722093,network_max_absolute_inner_lono_residual,54.0,0.69083471433999,gap_length|acf_only|donor_r2_only|additive_d_over_4_heuristic|nearest_donor_correlation,huc8_05010007
huc8_05010007,03042000,60.0,1.2172779764284691,0.685177044699977,0.5846109363041767,0.5879182384003195,0.8884743277700475,-0.025398757929987126,0.32117549513797816,0.4404329687724535,0.8340170222324081,-2.437445620439801,4.1054796649046175,3.2714626426722093,network_max_absolute_inner_lono_residual,54.0,0.8435899513968111,gap_length|acf_only|donor_r2_only|additive_d_over_4_heuristic|nearest_donor_correlation,huc8_05010007
huc8_05010007,03042000,90.0,1.4463703951389633,0.7429269166944183,0.5846109363041767,0.5859026318339795,0.8884743277700475,-0.20241181363079525,0.28094912158815455,0.44038881657997536,1.1440707311502312,-2.127391911521978,4.4155333738224405,3.2714626426722093,network_max_absolute_inner_lono_residual,54.0,1.1520729792920497,gap_length|acf_only|donor_r2_only|additive_d_over_4_heuristic|nearest_donor_correlation,huc8_05010007
huc8_05010007,03042000,180.0,2.681026028924104,0.8182216829994838,0.5846109363041767,0.5847100249221411,0.8884743277700475,-0.564926700531238,0.04245506502443956,0.4403446643874983,2.265475811877031,-1.0059868307951785,5.53693845454924,3.2714626426722093,network_max_absolute_inner_lono_residual,54.0,2.2869806224754217,gap_length|acf_only|donor_r2_only|additive_d_over_4_heuristic|nearest_donor_correlation,huc8_05010007
huc8_05010007,03042000,365.0,2.988469388099566,0.8723467434569678,0.5846109363041767,0.5875550860180363,0.8884743277700475,-0.025694778724740124,-0.9647025000719983,0.44032228587898026,4.766145544781954,1.4946829021097443,8.037608187454163,3.2714626426722093,network_max_absolute_inner_lono_residual,54.0,4.834209915729148,gap_length|acf_only|donor_r2_only|additive_d_over_4_heuristic|nearest_donor_correlation,huc8_05010007
huc8_05010007,03044000,7.0,0.907181321467672,0.13009362312463035,0.5953499825139295,0.7876422859599038,0.8497388428655381,0.02866230764600266,0.10371918335573031,0.38686850112684673,0.6985743580309027,-2.572888284641307,3.970037000703112,3.2714626426722093,network_max_absolute_inner_lono_residual,54.0,0.7925915884371512,gap_length|acf_only|donor_r2_only|additive_d_over_4_heuristic|nearest_donor_correlation,huc8_05010007
huc8_05010007,03044000,14.0,0.9362046165764332,0.20980839792853656,0.5953499825139295,0.690963161421982,0.8497388428655381,0.03549456795819822,0.13784544212232602,0.40643777820730076,0.9249157304150228,-2.3465469122571863,4.196378373087232,3.2714626426722093,network_max_absolute_inner_lono_residual,54.0,0.9933034648728631,gap_length|acf_only|donor_r2_only|additive_d_over_4_heuristic|nearest_donor_correlation,huc8_05010007
huc8_05010007,03044000,30.0,1.1974257442255816,0.3499950516337552,0.5953499825139295,0.620140583640243,0.8497388428655381,0.09086754657644555,0.2016409915941983,0.41705703387821536,1.072838708059991,-2.1986239346122183,4.3443013507322,3.2714626426722093,network_max_absolute_inner_lono_residual,54.0,1.1080317524393588,gap_length|acf_only|donor_r2_only|additive_d_over_4_heuristic|nearest_donor_correlation,huc8_05010007
huc8_05010007,03044000,60.0,1.5307225420052808,0.5066718392395073,0.5953499825139295,0.6078263236160544,0.8497388428655381,-0.023242102615700626,0.32302752127794027,0.42170334068394455,1.206203151043603,-2.0652594916286064,4.477665793715812,3.2714626426722093,network_max_absolute_inner_lono_residual,54.0,1.2245745501808019,gap_length|acf_only|donor_r2_only|additive_d_over_4_heuristic|nearest_donor_correlation,huc8_05010007
huc8_05010007,03044000,90.0,1.965524995740917,0.5931780115554686,0.5953499825139295,0.6007915388786907,0.8497388428655381,-0.20063598910457242,0.28400089056904243,0.4232521096196305,1.4710720362477074,-1.8003906064245019,4.742534678919917,3.2714626426722093,network_max_absolute_inner_lono_residual,54.0,1.4829447663970128,gap_length|acf_only|donor_r2_only|additive_d_over_4_heuristic|nearest_donor_correlation,huc8_05010007
huc8_05010007,03044000,180.0,4.156481039519525,0.7118283183837609,0.5953499825139295,0.5974285263412562,0.8497388428655381,-0.5645908760313346,0.051456583724756845,0.4248008785553121,2.5078978848144593,-0.76356475785775,5.779360527486668,3.2714626426722093,network_max_absolute_inner_lono_residual,54.0,2.5269505057420685,gap_length|acf_only|donor_r2_only|additive_d_over_4_heuristic|nearest_donor_correlation,huc8_05010007
huc8_05010007,03044000,365.0,5.1579315650495765,0.7976310847926494,0.5953499825139295,0.5989838393332255,0.8497388428655381,-0.0339328488109573,-0.9626747978560234,0.42558587102956275,4.9458671988224445,1.6744045561502352,8.217329841494653,3.2714626426722093,network_max_absolute_inner_lono_residual,54.0,5.00658628493005,gap_length|acf_only|donor_r2_only|additive_d_over_4_heuristic|nearest_donor_correlation,huc8_05010007
huc8_05020001,03054500,7.0,1.0834543483744243,0.1643146864712327,0.37720580255150105,0.6295468008928551,0.7550601707021484,0.020095305712631566,0.04721077048440262,0.4702632977080837,0.640600056584399,-2.344004250714551,3.625204363883349,2.98460430729895,network_max_absolute_inner_lono_residual,54.0,0.6993720851760925,gap_length|acf_only|donor_r2_only|additive_d_over_4_heuristic|nearest_donor_correlation,huc8_05020001
huc8_05020001,03054500,14.0,1.4232546309820775,0.2591764639148838,0.37720580255150105,0.48265150777085,0.7550601707021484,0.00560038315886075,0.06984667312234892,0.49720945238810255,0.9747482440736321,-2.0098560632253175,3.9593525513725822,2.98460430729895,network_max_absolute_inner_lono_residual,54.0,0.994238462801538,gap_length|acf_only|donor_r2_only|additive_d_over_4_heuristic|nearest_donor_correlation,huc8_05020001
huc8_05020001,03054500,30.0,1.6861610971315144,0.41380972039289954,0.37720580255150105,0.404048567617011,0.7550601707021484,0.09041472882016394,0.09277112445273253,0.5123279890419806,1.1105135619796975,-1.8740907453192523,4.095117869278647,2.98460430729895,network_max_absolute_inner_lono_residual,54.0,1.0964042691395044,gap_length|acf_only|donor_r2_only|additive_d_over_4_heuristic|nearest_donor_correlation,huc8_05020001
huc8_05020001,03054500,60.0,1.942778196390951,0.5679426463100263,0.37720580255150105,0.3950245894902832,0.7550601707021484,-0.02100592422250755,0.16903963589761659,0.5189479305205656,1.238273071236586,-1.746331236062364,4.222877378535536,2.98460430729895,network_max_absolute_inner_lono_residual,54.0,1.2114515774551844,gap_length|acf_only|donor_r2_only|additive_d_over_4_heuristic|nearest_donor_correlation,huc8_05020001
huc8_05020001,03054500,90.0,2.5574859264896563,0.6460136413545263,0.37720580255150105,0.3812730201927217,0.7550601707021484,-0.10495468680151206,0.24975578146864907,0.5211545778024226,1.5368109144732254,-1.4477933928257245,4.521415221772175,2.98460430729895,network_max_absolute_inner_lono_residual,54.0,1.502987432743643,gap_length|acf_only|donor_r2_only|additive_d_over_4_heuristic|nearest_donor_correlation,huc8_05020001
huc8_05020001,03054500,180.0,7.582720959451463,0.7496128164983998,0.37720580255150105,0.37736930446900085,0.7550601707021484,-0.8161852315402527,0.5770421732179701,0.5233612250842946,2.591965315822294,-0.3926389914766557,5.5765696231212445,2.98460430729895,network_max_absolute_inner_lono_residual,54.0,2.5674383148578,gap_length|acf_only|donor_r2_only|additive_d_over_4_heuristic|nearest_donor_correlation,huc8_05020001
huc8_05020001,03056000,7.0,0.4153107831307819,0.0489697099760279,0.22852599934573836,0.7542681042680502,0.6881566484164048,0.012922166365455168,0.055503135307421944,0.265701044282615,0.20170558169207112,-2.782898725606879,3.186309888991021,2.98460430729895,network_max_absolute_inner_lono_residual,54.0,0.06343097498428737,gap_length|acf_only|donor_r2_only|additive_d_over_4_heuristic|nearest_donor_correlation,huc8_05020001
huc8_05020001,03056000,14.0,0.525369017294475,0.08314833106305108,0.22852599934573836,0.6145769639392937,0.6881566484164048,0.0013476384342070602,0.07199021640600275,0.3324919617766506,0.6398239187528427,-2.3447803885461074,3.6244282260517924,2.98460430729895,network_max_absolute_inner_lono_residual,54.0,0.5179410890160956,gap_length|acf_only|donor_r2_only|additive_d_over_4_heuristic|nearest_donor_correlation,huc8_05020001
huc8_05020001,03056000,30.0,0.7866916625301043,0.15498035991396986,0.22852599934573836,0.4379782869382435,0.6881566484164048,0.06925458697511724,0.14056657402997125,0.40720791174872367,1.2345590460410956,-1.7500452612578543,4.219163353340045,2.98460430729895,network_max_absolute_inner_lono_residual,54.0,1.1202389179642744,gap_length|acf_only|donor_r2_only|additive_d_over_4_heuristic|nearest_donor_correlation,huc8_05020001
huc8_05020001,03056000,60.0,1.2684921909769378,0.2648224966210708,0.22852599934573836,0.32178056304941005,0.6881566484164048,-0.03077196466077023,0.1696922448882417,0.45133114906950766,1.7688535491007482,-1.2157507581982017,4.753457856399698,2.98460430729895,network_max_absolute_inner_lono_residual,54.0,1.6493825994207092,gap_length|acf_only|donor_r2_only|additive_d_over_4_heuristic|nearest_donor_correlation,huc8_05020001
huc8_05020001,03056000,90.0,1.9154747653471096,0.3494853479167206,0.22852599934573836,0.2784759491564517,0.6881566484164048,-0.10743855998858512,0.2500960560878057,0.46644765853696646,2.1407083590165583,-0.8438959482823916,5.125312666315509,2.98460430729895,network_max_absolute_inner_lono_residual,54.0,2.0160710061876856,gap_length|acf_only|donor_r2_only|additive_d_over_4_heuristic|nearest_donor_correlation,huc8_05020001
huc8_05020001,03056000,180.0,4.934557438073335,0.5098053184391319,0.22852599934573836,0.2370101086942763,0.6881566484164048,-0.8161852315402527,0.5770421732179701,0.4815683108283155,3.189344476217656,0.20474016891870628,6.173948783516606,2.98460430729895,network_max_absolute_inner_lono_residual,54.0,3.06475249809621,gap_length|acf_only|donor_r2_only|additive_d_over_4_heuristic|nearest_donor_correlation,huc8_05020001
huc8_05020001,03057000,7.0,0.5258126393812043,0.15613320689089616,0.4965933110059927,0.7250892188906959,0.7550601707021485,0.021335460837629626,0.063570006656153,0.40478394815298324,0.6662798939998212,-2.3183244132991288,3.650884201298771,2.98460430729895,network_max_absolute_inner_lono_residual,54.0,0.7106374113192889,gap_length|acf_only|donor_r2_only|additive_d_over_4_heuristic|nearest_donor_correlation,huc8_05020001
huc8_05020001,03057000,14.0,0.7048287255423409,0.24758912761842178,0.4965933110059927,0.6301167063970452,0.7550601707021485,0.010296138308644393,0.07425687273489616,0.4284766566591005,0.8547530380813922,-2.1298512692175575,3.8393573453803422,2.98460430729895,network_max_absolute_inner_lono_residual,54.0,0.8763408666705227,gap_length|acf_only|donor_r2_only|additive_d_over_4_heuristic|nearest_donor_correlation,huc8_05020001
huc8_05020001,03057000,30.0,0.9951203151941298,0.3993978290886756,0.4965933110059927,0.5593649072205342,0.7550601707021485,0.09104358984138565,0.15166216741589952,0.4419569979158477,0.9732545091107049,-2.011349798188245,3.957858816409655,2.98460430729895,network_max_absolute_inner_lono_residual,54.0,0.9628698269944931,gap_length|acf_only|donor_r2_only|additive_d_over_4_heuristic|nearest_donor_correlation,huc8_05020001
huc8_05020001,03057000,60.0,1.3616046992565194,0.5547237511678906,0.4965933110059927,0.5295976179149615,0.7550601707021485,-0.02378121677254049,0.17003751998251487,0.4478632635797493,1.1595574285369683,-1.8250468787619816,4.144161735835918,2.98460430729895,network_max_absolute_inner_lono_residual,54.0,1.127708852328121,gap_length|acf_only|donor_r2_only|additive_d_over_4_heuristic|nearest_donor_correlation,huc8_05020001
huc8_05020001,03057000,90.0,2.0613509488345847,0.6348066240869656,0.4965933110059927,0.5127911705816266,0.7550601707021485,-0.09099913739711096,0.25507540227658815,0.44983201919154614,1.4629299251644257,-1.5216743821345242,4.447534232463376,2.98460430729895,network_max_absolute_inner_lono_residual,54.0,1.42235043477013,gap_length|acf_only|donor_r2_only|additive_d_over_4_heuristic|nearest_donor_correlation,huc8_05020001
huc8_05020001,03057000,180.0,5.103071869479285,0.7416429048525199,0.4965933110059927,0.4991687829383741,0.7550601707021485,-0.8163868317125651,0.577184704345779,0.45180077480334674,2.5399895170202123,-0.4446147902787376,5.524593824319162,2.98460430729895,network_max_absolute_inner_lono_residual,54.0,2.504278772136798,gap_length|acf_only|donor_r2_only|additive_d_over_4_heuristic|nearest_donor_correlation,huc8_05020001
huc8_05020005,03072000,7.0,0.5531833005164349,0.21117230294046097,0.6565752430518899,0.7786493423575686,0.9426884353335935,0.037649211250959026,0.029349061243980838,0.4326668819777185,0.64136438433508,-2.600681038609196,3.883409807279356,3.242045422944276,network_max_absolute_inner_lono_residual,54.0,0.8001891674542816,gap_length|acf_only|donor_r2_only|additive_d_over_4_heuristic|nearest_donor_correlation,huc8_05020005
huc8_05020005,03072000,14.0,0.6508123994725091,0.3229760909976329,0.6565752430518899,0.705252392276039,0.9426884353335935,0.04726314716358143,0.012508169680541364,0.4529520685715587,0.730728730606423,-2.511316692337853,3.972774153550699,3.242045422944276,network_max_absolute_inner_lono_residual,54.0,0.8679972401503167,gap_length|acf_only|donor_r2_only|additive_d_over_4_heuristic|nearest_donor_correlation,huc8_05020005
huc8_05020005,03072000,30.0,0.880084329833587,0.4873733968922266,0.6565752430518899,0.6676357950593108,0.9426884353335935,0.05177875741810697,-0.007245094539953517,0.46434898616881504,0.7260088277158261,-2.5160365952284502,3.968054250660102,3.242045422944276,network_max_absolute_inner_lono_residual,54.0,0.8388928943233217,gap_length|acf_only|donor_r2_only|additive_d_over_4_heuristic|nearest_donor_correlation,huc8_05020005
huc8_05020005,03072000,60.0,0.9293985497107108,0.6307367214566981,0.6565752430518899,0.664876381902527,0.9426884353335935,0.040267886861738,0.005226380611104364,0.46934015825135156,0.8552206078966775,-2.3868248150475986,4.097266030840954,3.242045422944276,network_max_absolute_inner_lono_residual,54.0,0.9569134726097003,gap_length|acf_only|donor_r2_only|additive_d_over_4_heuristic|nearest_donor_correlation,huc8_05020005
huc8_05020005,03072000,90.0,1.050078256326417,0.6982906661292749,0.6565752430518899,0.6573681576713004,0.9426884353335935,0.03901805948081351,0.09083771512455516,0.4710038824463353,1.1584526515970779,-2.083592771347198,4.400498074541354,3.242045422944276,network_max_absolute_inner_lono_residual,54.0,1.2564108077041192,gap_length|acf_only|donor_r2_only|additive_d_over_4_heuristic|nearest_donor_correlation,huc8_05020005
huc8_05020005,03072000,180.0,1.3250277829650376,0.7866535378336648,0.6565752430518899,0.6566153972303387,0.9426884353335935,-0.503508433353824,0.23075570025698164,0.47266760664132046,2.241458114409107,-1.0005873085351693,5.483503537353383,3.242045422944276,network_max_absolute_inner_lono_residual,54.0,2.351605465924335,gap_length|acf_only|donor_r2_only|additive_d_over_4_heuristic|nearest_donor_correlation,huc8_05020005
huc8_05020005,03072655,7.0,0.3361869740486145,0.06274529903372905,0.5789280107165122,0.8499816074728466,0.915654725816411,0.03345885892626861,0.03269870521915153,0.2991149969057689,0.5594885606380006,-2.6825568623062757,3.8015339835822766,3.242045422944276,network_max_absolute_inner_lono_residual,54.0,0.6083338836202337,gap_length|acf_only|donor_r2_only|additive_d_over_4_heuristic|nearest_donor_correlation,huc8_05020005
huc8_05020005,03072655,14.0,0.5415177815301078,0.10562454291087009,0.5789280107165122,0.7712731871821235,0.915654725816411,0.03908976912609905,0.01658811241532363,0.35963980845242327,0.8101287804330756,-2.4319166425112004,4.052174203377351,3.242045422944276,network_max_absolute_inner_lono_residual,54.0,0.8895931834553253,gap_length|acf_only|donor_r2_only|additive_d_over_4_heuristic|nearest_donor_correlation,huc8_05020005
huc8_05020005,03072655,30.0,0.7629011571208636,0.19308697200215097,0.5789280107165122,0.6728134054362783,0.915654725816411,-0.007662226478233086,0.027728453463490725,0.4097333726212111,1.1544768523618008,-2.0875685705824756,4.396522275306077,3.242045422944276,network_max_absolute_inner_lono_residual,54.0,1.2415462115747067,gap_length|acf_only|donor_r2_only|additive_d_over_4_heuristic|nearest_donor_correlation,huc8_05020005
huc8_05020005,03072655,60.0,0.9292828092575072,0.31952392488044146,0.5789280107165122,0.6164846820978049,0.915654725816411,0.04033610109626155,0.007390022507188831,0.4335127367184387,1.484187076610193,-1.757858346334083,4.726232499554469,3.242045422944276,network_max_absolute_inner_lono_residual,54.0,1.5635731626015612,gap_length|acf_only|donor_r2_only|additive_d_over_4_heuristic|nearest_donor_correlation,huc8_05020005
huc8_05020005,03072655,90.0,1.4365553216404383,0.4105844046623307,0.5789280107165122,0.5946281005419762,0.915654725816411,0.035412579317002466,0.09513382610320491,0.4414493845381681,1.7821628700171634,-1.4598825529271127,5.02420829296144,3.242045422944276,network_max_absolute_inner_lono_residual,54.0,1.855376986278034,gap_length|acf_only|donor_r2_only|additive_d_over_4_heuristic|nearest_donor_correlation,huc8_05020005
huc8_05020005,03072655,180.0,3.4958333984580308,0.5678069797428433,0.5789280107165122,0.5792259471586527,0.915654725816411,-0.503508433353824,0.23075570025698164,0.44938603571877367,2.7654764085666206,-0.47656901437765553,6.007521831510896,3.242045422944276,network_max_absolute_inner_lono_residual,54.0,2.840750899822996,gap_length|acf_only|donor_r2_only|additive_d_over_4_heuristic|nearest_donor_correlation,huc8_05020005
huc8_05020005,03073000,7.0,0.7742453253588507,0.2334045910925271,0.6679077331358099,0.7752579704715296,0.9426884353335935,0.03195892175181456,0.03287886375911965,0.4591726135614152,0.6336443206788407,-2.6084011022654354,3.875689743623117,3.242045422944276,network_max_absolute_inner_lono_residual,54.0,0.8173571751527748,gap_length|acf_only|donor_r2_only|additive_d_over_4_heuristic|nearest_donor_correlation,huc8_05020005
huc8_05020005,03073000,14.0,1.191073750427791,0.35174817640003253,0.6679077331358099,0.7088865390804739,0.9426884353335935,0.03875378565156186,0.017463825009438383,0.4710838245318145,0.6876302954444782,-2.554415127499798,3.9296757183887543,3.242045422944276,network_max_absolute_inner_lono_residual,54.0,0.8423547701424515,gap_length|acf_only|donor_r2_only|additive_d_over_4_heuristic|nearest_donor_correlation,huc8_05020005
huc8_05020005,03073000,30.0,1.3870436272000273,0.5175850367923279,0.6679077331358099,0.678500159174898,0.9426884353335935,-0.007856200947229487,0.02643693310744667,0.4776293061354983,0.6576259625056975,-2.5844194604385784,3.899671385449974,3.242045422944276,network_max_absolute_inner_lono_residual,54.0,0.7851851001415286,gap_length|acf_only|donor_r2_only|additive_d_over_4_heuristic|nearest_donor_correlation,huc8_05020005
huc8_05020005,03073000,60.0,1.3878325868075092,0.6546701248553479,0.6679077331358099,0.6755130477847798,0.9426884353335935,0.04033610109626155,0.007390022507188831,0.4804939578706123,0.8007396992542719,-2.441305723690004,4.0427851221985485,3.242045422944276,network_max_absolute_inner_lono_residual,54.0,0.9158271075159639,gap_length|acf_only|donor_r2_only|additive_d_over_4_heuristic|nearest_donor_correlation,huc8_05020005
huc8_05020005,03073000,90.0,1.4972840432328067,0.7179544593632701,0.6679077331358099,0.6699651091972858,0.9426884353335935,0.035412579317002466,0.09513382610320491,0.48144884179379743,1.1069147378423403,-2.135130685101936,4.348960160786616,3.242045422944276,network_max_absolute_inner_lono_residual,54.0,1.218934043069556,gap_length|acf_only|donor_r2_only|additive_d_over_4_heuristic|nearest_donor_correlation,huc8_05020005
huc8_05020005,03073000,180.0,3.2151927440346526,0.8005621569453213,0.6679077331358099,0.6684238606862467,0.9426884353335935,-0.503508433353824,0.23075570025698164,0.4824037257169836,2.204448671792806,-1.03759675115147,5.446494094737082,3.242045422944276,network_max_absolute_inner_lono_residual,54.0,2.328587463692371,gap_length|acf_only|donor_r2_only|additive_d_over_4_heuristic|nearest_donor_correlation,huc8_05020005
huc8_05020005,03075070,7.0,0.4333229984555925,0.061618334739642844,0.6048292174858806,0.8598045882245344,0.9156547258164112,0.05949793791156251,-0.046269536553947596,0.26001692199686566,0.5969564783931336,-2.6450889445511425,3.8390019013374097,3.242045422944276,network_max_absolute_inner_lono_residual,54.0,0.6122570762022788,gap_length|acf_only|donor_r2_only|additive_d_over_4_heuristic|nearest_donor_correlation,huc8_05020005
huc8_05020005,03075070,14.0,0.678713823897498,0.10380078339373155,0.6048292174858806,0.7866235569405982,0.9156547258164112,0.10461185463418618,-0.09134796015906611,0.30617529617168854,0.8320462838270619,-2.409999139117214,4.074091706771338,3.242045422944276,network_max_absolute_inner_lono_residual,54.0,0.8648702708849687,gap_length|acf_only|donor_r2_only|additive_d_over_4_heuristic|nearest_donor_correlation,huc8_05020005
huc8_05020005,03075070,30.0,0.70733496260643,0.1900533223265496,0.6048292174858806,0.7018814921221119,0.9156547258164112,0.19629094768966263,-0.10498686126179661,0.3430478302049069,1.1367096642820589,-2.1053357586622172,4.3787550872263346,3.242045422944276,network_max_absolute_inner_lono_residual,54.0,1.1682740772348348,gap_length|acf_only|donor_r2_only|additive_d_over_4_heuristic|nearest_donor_correlation,huc8_05020005
huc8_05020005,03075070,60.0,1.0319253194530804,0.3153117051449953,0.6048292174858806,0.6522827872761128,0.9156547258164112,0.13812329754948038,-0.13469797858940663,0.3603282475411421,1.4481803037882492,-1.7938651191560269,4.690225726732526,3.242045422944276,network_max_absolute_inner_lono_residual,54.0,1.4677969234130483,gap_length|acf_only|donor_r2_only|additive_d_over_4_heuristic|nearest_donor_correlation,huc8_05020005
huc8_05020005,03075070,90.0,1.4380583600600558,0.4060133162789963,0.6048292174858806,0.6293091407851512,0.9156547258164112,0.29239603474052644,0.13336472099921595,0.3660935715713549,1.7503494543872133,-1.4916959685570628,4.992394877331489,3.242045422944276,network_max_absolute_inner_lono_residual,54.0,1.761157784616962,gap_length|acf_only|donor_r2_only|additive_d_over_4_heuristic|nearest_donor_correlation,huc8_05020005
huc8_05020005,03075070,180.0,3.9806801616748175,0.5636962321377229,0.6048292174858806,0.6077131611382621,0.9156547258164112,-0.43055673154112534,0.46991858759347094,0.37185889681607637,2.7517621545238717,-0.4902832684204044,5.993807577468148,3.242045422944276,network_max_absolute_inner_lono_residual,54.0,2.7600388515052496,gap_length|acf_only|donor_r2_only|additive_d_over_4_heuristic|nearest_donor_correlation,huc8_05020005
huc8_05020006,03076500,7.0,0.4924699587694235,0.257810584467952,0.5733563144093009,0.7014496599755269,0.9006738820570793,0.02047777111026201,0.09256266476304027,0.4445416856142263,0.6035501785365188,-2.6470514320545893,3.8541517891276267,3.250601610591108,network_max_absolute_inner_lono_residual,54.0,0.7147411838917529,gap_length|acf_only|donor_r2_only|additive_d_over_4_heuristic|nearest_donor_correlation,huc8_05020006
huc8_05020006,03076500,14.0,0.7436830622170653,0.382252186540627,0.5733563144093009,0.6188379627421619,0.9006738820570793,0.04491701778543119,0.13291609533552626,0.45947632641743236,0.6912209373275743,-2.559380673263534,3.941822547918682,3.250601610591108,network_max_absolute_inner_lono_residual,54.0,0.7699752190803338,gap_length|acf_only|donor_r2_only|additive_d_over_4_heuristic|nearest_donor_correlation,huc8_05020006
huc8_05020006,03076500,30.0,0.9350319020549456,0.5478112982087757,0.5733563144093009,0.5827467919026524,0.9006738820570793,-0.018524482168036326,-0.013692096682556786,0.46763009269783473,0.6785695457341115,-2.5720320648569963,3.9291711563252196,3.250601610591108,network_max_absolute_inner_lono_residual,54.0,0.7302099336037015,gap_length|acf_only|donor_r2_only|additive_d_over_4_heuristic|nearest_donor_correlation,huc8_05020006
huc8_05020006,03076500,60.0,1.0220304570992789,0.6778085236107616,0.5733563144093009,0.5785868652917141,0.9006738820570793,0.009836362137566718,-0.4597154039819791,0.47119810615247565,0.8414962398887996,-2.4091053707023082,4.092097850479908,3.250601610591108,network_max_absolute_inner_lono_residual,54.0,0.8823521574576779,gap_length|acf_only|donor_r2_only|additive_d_over_4_heuristic|nearest_donor_correlation,huc8_05020006
huc8_05020006,03076500,90.0,1.059064999873342,0.7369012122533912,0.5733563144093009,0.5760713639701713,0.9006738820570793,0.499461315896856,-0.8622335334482157,0.47238744397498483,1.1484203537030946,-2.1021812568880134,4.399021964294203,3.250601610591108,network_max_absolute_inner_lono_residual,54.0,1.188192270070816,gap_length|acf_only|donor_r2_only|additive_d_over_4_heuristic|nearest_donor_correlation,huc8_05020006
huc8_05020006,03077500,7.0,0.2428071437563215,0.03241228203234925,0.535744879734446,0.8955056662530693,0.7460311239510745,-0.029239106498136276,-0.02237756363251054,0.21362603263876018,0.5254838278208992,-2.7251177827702087,3.7760854384120073,3.250601610591108,network_max_absolute_inner_lono_residual,54.0,0.45606229930634673,gap_length|acf_only|donor_r2_only|additive_d_over_4_heuristic|nearest_donor_correlation,huc8_05020006
huc8_05020006,03077500,14.0,0.2200194946357182,0.05560358234917717,0.535744879734446,0.8539679793379085,0.7460311239510745,-0.046169870017104986,0.06737312064012886,0.27092353195022967,0.7014322840669008,-2.5491693265242072,3.9520338946580087,3.250601610591108,network_max_absolute_inner_lono_residual,54.0,0.6756597424139775,gap_length|acf_only|donor_r2_only|additive_d_over_4_heuristic|nearest_donor_correlation,huc8_05020006
huc8_05020006,03077500,30.0,0.4600194671948751,0.10611443396154507,0.535744879734446,0.7942638279911605,0.7460311239510745,-0.038225963563672104,-0.08017328599660908,0.339273148814992,1.0020660517791808,-2.248535558811927,4.252667662370289,3.250601610591108,network_max_absolute_inner_lono_residual,54.0,1.023067216519281,gap_length|acf_only|donor_r2_only|additive_d_over_4_heuristic|nearest_donor_correlation,huc8_05020006
huc8_05020006,03077500,60.0,0.5973359564145405,0.18882288778057443,0.535744879734446,0.7176688180802429,0.7460311239510745,0.3138804028524812,-0.4097444615256687,0.3828120557861859,1.4838475612134376,-1.7667540493776703,4.734449171804545,3.250601610591108,network_max_absolute_inner_lono_residual,54.0,1.5179309082479064,gap_length|acf_only|donor_r2_only|additive_d_over_4_heuristic|nearest_donor_correlation,huc8_05020006
huc8_05020006,03077500,90.0,1.1996945638126797,0.2582647060898273,0.535744879734446,0.6635352733099906,0.7460311239510745,0.5070709003151617,-0.8582528307141135,0.39802687029748796,1.9254408859736032,-1.3251607246175048,5.176042496564711,3.250601610591108,network_max_absolute_inner_lono_residual,54.0,1.9529700302168485,gap_length|acf_only|donor_r2_only|additive_d_over_4_heuristic|nearest_donor_correlation,huc8_05020006
huc8_05020006,03079000,7.0,0.7707102428336761,0.24756757129641216,0.6591115035712394,0.764297402764033,0.9166695138341119,-0.018257209964598425,0.027230937428139795,0.49022936507844095,0.6367838914905911,-2.613817719100517,3.887385502081699,3.250601610591108,network_max_absolute_inner_lono_residual,54.0,0.8380951014962706,gap_length|acf_only|donor_r2_only|additive_d_over_4_heuristic|nearest_donor_correlation,huc8_05020006
huc8_05020006,03079000,14.0,0.9392102216342132,0.36958607134143917,0.6591115035712394,0.6974747142064839,0.9166695138341119,-0.03917670193974697,0.0404494058620663,0.5020029089446235,0.6817017096275048,-2.5688999009636033,3.9323033202186126,3.250601610591108,network_max_absolute_inner_lono_residual,54.0,0.853319381639848,gap_length|acf_only|donor_r2_only|additive_d_over_4_heuristic|nearest_donor_correlation,huc8_05020006
huc8_05020006,03079000,30.0,1.0410600167556356,0.5354755694926349,0.6591115035712394,0.6701310539133267,0.9166695138341119,-0.03800702877982968,-0.07503081373004532,0.5085055645553044,0.6418492212549348,-2.608752389336173,3.892450831846043,3.250601610591108,network_max_absolute_inner_lono_residual,54.0,0.7877044356821693,gap_length|acf_only|donor_r2_only|additive_d_over_4_heuristic|nearest_donor_correlation,huc8_05020006
huc8_05020006,03079000,60.0,1.2538453348527354,0.6684511789164467,0.6591115035712394,0.6666052678821621,0.9166695138341119,0.3163914524898716,-0.3976322517878862,0.5113518794881613,0.7965963246409357,-2.4540052859501724,4.0471979352320435,3.250601610591108,network_max_absolute_inner_lono_residual,54.0,0.9306455188537865,gap_length|acf_only|donor_r2_only|additive_d_over_4_heuristic|nearest_donor_correlation,huc8_05020006
huc8_05020006,03079000,90.0,1.1404442656273936,0.7292443485874216,0.6591115035712394,0.6620723871414914,0.9166695138341119,0.499461315896856,-0.8622335334482157,0.5123006511576438,1.106060598543347,-2.1445410120477613,4.356662209134455,3.250601610591108,network_max_absolute_inner_lono_residual,54.0,1.2377671781348367,gap_length|acf_only|donor_r2_only|additive_d_over_4_heuristic|nearest_donor_correlation,huc8_05020006
huc8_05020006,03081000,7.0,0.3484996322223119,0.1330262831360287,0.5602067394224612,0.8106827690512559,0.7460311239510746,0.020177631587834845,0.09277127982468825,0.3745448404846057,0.6326415216587058,-2.617960088932402,3.883243132249814,3.250601610591108,network_max_absolute_inner_lono_residual,54.0,0.6899540029149018,gap_length|acf_only|donor_r2_only|additive_d_over_4_heuristic|nearest_donor_correlation,huc8_05020006
huc8_05020006,03081000,14.0,0.3904618154253278,0.2141323094266261,0.5602067394224612,0.7766215786055332,0.7460311239510746,-0.0010384157338186762,0.18660609803990627,0.4256938487259401,0.6642475483860533,-2.5863540622050545,3.9148491589771615,3.250601610591108,network_max_absolute_inner_lono_residual,54.0,0.7519199316719904,gap_length|acf_only|donor_r2_only|additive_d_over_4_heuristic|nearest_donor_correlation,huc8_05020006
huc8_05020006,03081000,30.0,0.5666058722337087,0.3558410024989901,0.5602067394224612,0.7394667691703853,0.7460311239510746,-0.015607800674118716,0.018808231669032404,0.45899222004701107,0.7049322999072545,-2.5456693106838535,3.9555339104983624,3.250601610591108,network_max_absolute_inner_lono_residual,54.0,0.7955548810108779,gap_length|acf_only|donor_r2_only|additive_d_over_4_heuristic|nearest_donor_correlation,huc8_05020006
huc8_05020006,03081000,60.0,1.0584394076665242,0.5125938616301655,0.5602067394224612,0.6803583860686141,0.7460311239510746,0.004498576190128056,-0.4577063513489087,0.47376078428961405,0.9781477290234348,-2.272453881567673,4.228749339614543,3.250601610591108,network_max_absolute_inner_lono_residual,54.0,1.045646953502368,gap_length|acf_only|donor_r2_only|additive_d_over_4_heuristic|nearest_donor_correlation,huc8_05020006
huc8_05020006,03081000,90.0,0.9914441564971324,0.598394856731425,0.5602067394224612,0.6401120514612968,0.7460311239510746,0.499461315896856,-0.8622335334482157,0.47868374735334324,1.3432867798209243,-1.9073148307701837,4.593888390412032,3.250601610591108,network_max_absolute_inner_lono_residual,54.0,1.3956866147330993,gap_length|acf_only|donor_r2_only|additive_d_over_4_heuristic|nearest_donor_correlation,huc8_05020006
huc8_05020006,03083500,7.0,0.8315418417113168,0.18213772005934747,0.6124936009219839,0.7616189636031001,0.9166695138341119,0.04157639732117482,0.04938544299634913,0.4225015568729385,0.6651182566924333,-2.585483353898675,3.915719867283541,3.250601610591108,network_max_absolute_inner_lono_residual,54.0,0.7972538860668776,gap_length|acf_only|donor_r2_only|additive_d_over_4_heuristic|nearest_donor_correlation,huc8_05020006
huc8_05020006,03083500,14.0,1.0704169925089393,0.2839551589149145,0.6124936009219839,0.6749178489332834,0.9166695138341119,0.03552523685847805,0.0027072800962771705,0.44152425084400315,0.8127174086154306,-2.4378842019756775,4.0633190192065385,3.250601610591108,network_max_absolute_inner_lono_residual,54.0,0.9189666536386857,gap_length|acf_only|donor_r2_only|additive_d_over_4_heuristic|nearest_donor_correlation,huc8_05020006
huc8_05020006,03083500,30.0,1.4019377482806643,0.4435147686790898,0.6124936009219839,0.6296468041834473,0.9166695138341119,-0.02222640280826956,0.0651021059847047,0.45200598909249473,0.8404888793602202,-2.4101127312308877,4.091090489951328,3.250601610591108,network_max_absolute_inner_lono_residual,54.0,0.919760572909742,gap_length|acf_only|donor_r2_only|additive_d_over_4_heuristic|nearest_donor_correlation,huc8_05020006
huc8_05020006,03083500,60.0,1.700072896917661,0.5941780631724027,0.6124936009219839,0.6238963854327042,0.9166695138341119,0.3074906333169444,-0.4000728616936756,0.45659341983621793,0.9648128043816003,-2.2857888062095078,4.215414414972709,3.250601610591108,network_max_absolute_inner_lono_residual,54.0,1.0304169760238948,gap_length|acf_only|donor_r2_only|additive_d_over_4_heuristic|nearest_donor_correlation,huc8_05020006
huc8_05020006,03083500,90.0,1.3237230865160623,0.6680175692034636,0.6124936009219839,0.6174419113720271,0.9166695138341119,0.49222236064270153,-0.8668540632993214,0.4581225634325498,1.252687748770066,-1.997913861821042,4.503289359361174,3.250601610591108,network_max_absolute_inner_lono_residual,54.0,1.313732358743553,gap_length|acf_only|donor_r2_only|additive_d_over_4_heuristic|nearest_donor_correlation,huc8_05020006
huc8_05030102,03094704,7.0,0.4931434620065347,0.28844326445609125,0.7003019810059568,0.7825063797135755,0.9470004959062307,0.0053479892420752575,0.07741056832395601,0.3707217943502254,0.5695112892439739,-2.666942173892063,3.805964752380011,3.236453463136037,network_max_absolute_inner_lono_residual,54.0,0.6570399628409542,gap_length|acf_only|donor_r2_only|additive_d_over_4_heuristic|nearest_donor_correlation,huc8_05030102
huc8_05030102,03094704,14.0,0.5825972796776997,0.41897889251746245,0.7003019810059568,0.7274030441282314,0.9470004959062307,0.0164670984407645,0.1360190354302012,0.37077785981047295,0.5640451004762365,-2.6724083626598008,3.8004985636122735,3.236453463136037,network_max_absolute_inner_lono_residual,54.0,0.6122518560838024,gap_length|acf_only|donor_r2_only|additive_d_over_4_heuristic|nearest_donor_correlation,huc8_05030102
huc8_05030102,03094704,30.0,0.5186660857517272,0.5819774039649842,0.7003019810059568,0.7055062008116519,0.9470004959062307,0.03461337324706963,0.23290510435265827,0.370807655949994,0.5156084573603502,-2.7208450057756868,3.7520619204963874,3.236453463136037,network_max_absolute_inner_lono_residual,54.0,0.533786384434629,gap_length|acf_only|donor_r2_only|additive_d_over_4_heuristic|nearest_donor_correlation,huc8_05030102
huc8_05030102,03094704,60.0,0.6287046198738195,0.7032164610864604,0.7003019810059568,0.702732684788865,0.9470004959062307,0.03919946353039803,0.3387932159531578,0.3708206916238046,0.6925208840767775,-2.5439325790592595,3.9289743472128147,3.236453463136037,network_max_absolute_inner_lono_residual,54.0,0.6983289945680214,gap_length|acf_only|donor_r2_only|additive_d_over_4_heuristic|nearest_donor_correlation,huc8_05030102
huc8_05030102,03094704,90.0,0.6978221499229678,0.7576693405954475,0.7003019810059568,0.7013513992495168,0.9470004959062307,-0.08140954144903577,0.4719992631752109,0.37082503684840784,1.0045981352722928,-2.2318553278637445,4.24105159840833,3.236453463136037,network_max_absolute_inner_lono_residual,54.0,1.0094131781321458,gap_length|acf_only|donor_r2_only|additive_d_over_4_heuristic|nearest_donor_correlation,huc8_05030102
huc8_05030102,03094704,180.0,1.1883195693757282,0.8286463016592044,0.7003019810059568,0.7003252979350725,0.9470004959062307,-0.6103139599918304,0.17830542800207164,0.3708293820730108,2.124146995610909,-1.1123064675251282,5.360600458746946,3.236453463136037,network_max_absolute_inner_lono_residual,54.0,2.14215738734416,gap_length|acf_only|donor_r2_only|additive_d_over_4_heuristic|nearest_donor_correlation,huc8_05030102
huc8_05030102,03102850,7.0,0.6514966315031051,0.2150675731008429,0.566793537373582,0.7267503508033923,0.889546977945853,0.002763302414698404,0.08395656475609425,0.39459422374831415,0.6039311345041206,-2.6325223286319166,3.8403845976401576,3.236453463136037,network_max_absolute_inner_lono_residual,54.0,0.6733696494187325,gap_length|acf_only|donor_r2_only|additive_d_over_4_heuristic|nearest_donor_correlation,huc8_05030102
huc8_05030102,03102850,14.0,0.8555112157123428,0.3280859261492701,0.566793537373582,0.6447421855016986,0.889546977945853,0.014972306675381774,0.14128692855353822,0.4138983162757755,0.7174006662962621,-2.519052796839775,3.9538541294322993,3.236453463136037,network_max_absolute_inner_lono_residual,54.0,0.7609149952219825,gap_length|acf_only|donor_r2_only|additive_d_over_4_heuristic|nearest_donor_correlation,huc8_05030102
huc8_05030102,03102850,30.0,0.968461502683349,0.49286585058543575,0.566793537373582,0.5974630358579557,0.889546977945853,0.029903945595286262,0.23668973785109043,0.425014567448174,0.7429496056442827,-2.4935038574917545,3.9794030687803197,3.236453463136037,network_max_absolute_inner_lono_residual,54.0,0.7586171885318455,gap_length|acf_only|donor_r2_only|additive_d_over_4_heuristic|nearest_donor_correlation,huc8_05030102
huc8_05030102,03102850,60.0,1.3165418034934748,0.6351560603925357,0.566793537373582,0.5812246237540193,0.889546977945853,0.03308142588511991,0.34029935028627745,0.42988895100959984,0.9171353411042359,-2.319318122031801,4.153588804240273,3.236453463136037,network_max_absolute_inner_lono_residual,54.0,0.9172376263672006,gap_length|acf_only|donor_r2_only|additive_d_over_4_heuristic|nearest_donor_correlation,huc8_05030102
huc8_05030102,03102850,90.0,1.3123047762836018,0.7019285574129392,0.566793537373582,0.5731999402933504,0.889546977945853,-0.08501170666422439,0.47267046864347895,0.43151374651688246,1.2238312802517195,-2.012622182884318,4.460284743387756,3.236453463136037,network_max_absolute_inner_lono_residual,54.0,1.2202265663622232,gap_length|acf_only|donor_r2_only|additive_d_over_4_heuristic|nearest_donor_correlation,huc8_05030102
huc8_05030102,03102850,180.0,3.1834611240285966,0.7892270894317017,0.566793537373582,0.5677977300313768,0.889546977945853,-0.6105519830771582,0.17338163737778675,0.4331385420241662,2.3227030980736187,-0.9137503650624184,5.559156561209656,3.236453463136037,network_max_absolute_inner_lono_residual,54.0,2.3297538297680984,gap_length|acf_only|donor_r2_only|additive_d_over_4_heuristic|nearest_donor_correlation,huc8_05030102
huc8_05030102,03102950,7.0,0.8176664062057222,0.2397410271380347,0.6850371677012486,0.7850839702401584,0.9470004959062306,-0.0007800567735987751,0.08476455615624803,0.37404192765832894,0.6249023649364848,-2.6115510981995524,3.8613558280725218,3.236453463136037,network_max_absolute_inner_lono_residual,54.0,0.7224255665888449,gap_length|acf_only|donor_r2_only|additive_d_over_4_heuristic|nearest_donor_correlation,huc8_05030102
huc8_05030102,03102950,14.0,1.1470488829897452,0.359775586904979,0.6850371677012486,0.7210657340221436,0.9470004959062306,-0.02439578184019724,0.1702745815138538,0.37522528976619524,0.6686506436331056,-2.5678028195029317,3.9051041067691425,3.236453463136037,network_max_absolute_inner_lono_residual,54.0,0.7265065535874294,gap_length|acf_only|donor_r2_only|additive_d_over_4_heuristic|nearest_donor_correlation,huc8_05030102
huc8_05030102,03102950,30.0,1.483950179095574,0.5257128618601647,0.6850371677012486,0.6926517393439102,0.9470004959062306,0.06096325157480672,0.26501622833183874,0.3758567704640116,0.6340302521786344,-2.6024232109574026,3.8704837153146716,3.236453463136037,network_max_absolute_inner_lono_residual,54.0,0.6596406101295211,gap_length|acf_only|donor_r2_only|additive_d_over_4_heuristic|nearest_donor_correlation,huc8_05030102
huc8_05030102,03102950,60.0,1.6292835428682158,0.6609637138150475,0.6850371677012486,0.6886421537106219,0.9470004959062306,-0.09765917597196008,0.3559181404847841,0.37613304321072144,0.7854748531145576,-2.4509786100214797,4.0219283162505945,3.236453463136037,network_max_absolute_inner_lono_residual,54.0,0.7962609918457992,gap_length|acf_only|donor_r2_only|additive_d_over_4_heuristic|nearest_donor_correlation,huc8_05030102
huc8_05030102,03102950,90.0,2.0328070543001715,0.7231126461018181,0.6850371677012486,0.6859857403503717,0.9470004959062306,-0.06808836810301236,0.43467236361409284,0.37622513412629066,1.0853889836880992,-2.151064479447938,4.321842446824136,3.236453463136037,network_max_absolute_inner_lono_residual,54.0,1.0935567017013237,gap_length|acf_only|donor_r2_only|additive_d_over_4_heuristic|nearest_donor_correlation,huc8_05030102
huc8_05030102,03102950,180.0,3.9525973238370176,0.8042100358084365,0.6850371677012486,0.6851263519174152,0.9470004959062306,-0.6434719238126461,0.011971223758201005,0.3763172250418614,2.1832994420295493,-1.0531540211064878,5.419752905165586,3.236453463136037,network_max_absolute_inner_lono_residual,54.0,2.2031674692154417,gap_length|acf_only|donor_r2_only|additive_d_over_4_heuristic|nearest_donor_correlation,huc8_05030102
huc8_05030102,03103500,7.0,0.410524070603507,0.08252457808284064,0.26418452770836365,0.725147510326817,0.6733991828876573,0.02852625289901863,0.056350759661854724,0.3648949696234736,0.298754321133271,-2.9376991420027663,3.535207784269308,3.236453463136037,network_max_absolute_inner_lono_residual,54.0,0.25748483463515015,gap_length|acf_only|donor_r2_only|additive_d_over_4_heuristic|nearest_donor_correlation,huc8_05030102
huc8_05030102,03103500,14.0,0.6222752466797828,0.13719984521827744,0.26418452770836365,0.6153247396795372,0.6733991828876573,0.01827635778619529,0.12157953145434056,0.4393506760586219,0.619175218225652,-2.617278244910385,3.855628681361689,3.236453463136037,network_max_absolute_inner_lono_residual,54.0,0.6096477135426432,gap_length|acf_only|donor_r2_only|additive_d_over_4_heuristic|nearest_donor_correlation,huc8_05030102
huc8_05030102,03103500,30.0,0.8536417966882388,0.2440024740081933,0.26418452770836365,0.462276562567457,0.6733991828876573,0.0354108701670666,0.23715456858982034,0.5006351314889611,1.0895590191531765,-2.146894443982861,4.326012482289213,3.236453463136037,network_max_absolute_inner_lono_residual,54.0,1.0761274726885024,gap_length|acf_only|donor_r2_only|additive_d_over_4_heuristic|nearest_donor_correlation,huc8_05030102
huc8_05030102,03103500,60.0,1.4093630203505358,0.38666887830767604,0.26418452770836365,0.3395685294420202,0.6733991828876573,0.04058784066410618,0.3424455117332341,0.5296505351055174,1.588902036584412,-1.6475514265516251,4.825355499720449,3.236453463136037,network_max_absolute_inner_lono_residual,54.0,1.546577030265124,gap_length|acf_only|donor_r2_only|additive_d_over_4_heuristic|nearest_donor_correlation,huc8_05030102
huc8_05030102,03103500,90.0,1.811758306019836,0.48052713309683903,0.26418452770836365,0.28903169049867916,0.6733991828876573,-0.08041395103973639,0.4747811958678091,0.5393338186347129,1.9691974087680353,-1.2672560543680018,5.205650871904073,3.236453463136037,network_max_absolute_inner_lono_residual,54.0,1.9117852434198568,gap_length|acf_only|donor_r2_only|additive_d_over_4_heuristic|nearest_donor_correlation,huc8_05030102
huc8_05030102,03103500,180.0,4.781629235621955,0.6269066042448699,0.26418452770836365,0.26495919262140244,0.6733991828876573,-0.6164786864411661,0.1787872473559307,0.5490171056143685,3.001884818788141,-0.23456864434789626,6.238338281924178,3.236453463136037,network_max_absolute_inner_lono_residual,54.0,2.94722113412291,gap_length|acf_only|donor_r2_only|additive_d_over_4_heuristic|nearest_donor_correlation,huc8_05030102
huc8_05030102,03104490,7.0,0.5649349347182683,0.1839582778371579,0.3080613075526526,0.5947694559713248,0.7437668921584728,0.03318862172717971,0.05213836004917769,0.4428576980524324,0.5397423410398521,-2.6967111220961852,3.776195804175889,3.236453463136037,network_max_absolute_inner_lono_residual,54.0,0.5409801180258901,gap_length|acf_only|donor_r2_only|additive_d_over_4_heuristic|nearest_donor_correlation,huc8_05030102
huc8_05030102,03104490,14.0,0.6790500250458718,0.2864506358035268,0.3080613075526526,0.46051046109448623,0.7437668921584728,-0.005220815611270274,0.12074861126984845,0.489827268495127,0.8351455880542604,-2.401307875081777,4.071599051190297,3.236453463136037,network_max_absolute_inner_lono_residual,54.0,0.8223824740448249,gap_length|acf_only|donor_r2_only|additive_d_over_4_heuristic|nearest_donor_correlation,huc8_05030102
huc8_05030102,03104490,30.0,0.7929615099579096,0.44642441661137033,0.3080613075526526,0.37055014158669375,0.7437668921584728,0.030071752382789287,0.22404922998138624,0.5197957086078682,1.0013908808274163,-2.235062582308621,4.237844343963453,3.236453463136037,network_max_absolute_inner_lono_residual,54.0,0.9659429931069423,gap_length|acf_only|donor_r2_only|additive_d_over_4_heuristic|nearest_donor_correlation,huc8_05030102
huc8_05030102,03104490,60.0,1.090808435102304,0.5966795058829029,0.3080613075526526,0.3461357625443716,0.7437668921584728,0.006000781423739371,0.31224358534231134,0.5330607961422376,1.1839782817835365,-2.0524751813525004,4.420431744919574,3.236453463136037,network_max_absolute_inner_lono_residual,54.0,1.1375583286057223,gap_length|acf_only|donor_r2_only|additive_d_over_4_heuristic|nearest_donor_correlation,huc8_05030102
huc8_05030102,03104490,90.0,1.2212224518988652,0.6701014654305784,0.3080613075526526,0.3220072538922898,0.7437668921584728,-0.06602123701661759,0.42276857925511,0.5374825687074091,1.5260921206010134,-1.7103613425350237,4.762545583737051,3.236453463136037,network_max_absolute_inner_lono_residual,54.0,1.4719722732706544,gap_length|acf_only|donor_r2_only|additive_d_over_4_heuristic|nearest_donor_correlation,huc8_05030102
huc8_05030102,03104490,180.0,3.0597906300127504,0.766699196097937,0.3080613075526526,0.31148636182238243,0.7437668921584728,-0.6069469499865007,0.1826648956548083,0.5419043412728771,2.621220523027408,-0.615232940108629,5.857673986163445,3.236453463136037,network_max_absolute_inner_lono_residual,54.0,2.5773331706991094,gap_length|acf_only|donor_r2_only|additive_d_over_4_heuristic|nearest_donor_correlation,huc8_05030102
huc8_05040001,03119341,7.0,0.5722533149378639,0.2393786812530807,0.6661535134215137,0.7753894165097748,0.9422022667225237,0.09277004660679075,0.04733796799406814,0.39641253238040913,0.6144300767824803,-2.648958497539043,3.877818651104004,3.2633885743215236,network_max_absolute_inner_lono_residual,54.0,0.7254301840693411,gap_length|acf_only|donor_r2_only|additive_d_over_4_heuristic|nearest_donor_correlation,huc8_05040001
huc8_05040001,03119341,14.0,0.843603810455118,0.3593185934576014,0.6661535134215137,0.7070108004446897,0.9422022667225237,0.07677633904265044,0.013011453769134543,0.40632848698365154,0.672692791067283,-2.5906957832542408,3.9360813653888065,3.2633885743215236,network_max_absolute_inner_lono_residual,54.0,0.7522934306848854,gap_length|acf_only|donor_r2_only|additive_d_over_4_heuristic|nearest_donor_correlation,huc8_05040001
huc8_05040001,03119341,30.0,0.90763603413105,0.525253557650549,0.6661535134215137,0.6745853260013706,0.9422022667225237,0.19377807766824304,-0.046824796526701296,0.4117643467172041,0.6573943789869844,-2.605994195334539,3.920782953308508,3.2633885743215236,network_max_absolute_inner_lono_residual,54.0,0.7081918940987162,gap_length|acf_only|donor_r2_only|additive_d_over_4_heuristic|nearest_donor_correlation,huc8_05040001
huc8_05040001,03119341,60.0,1.0300665469144783,0.6606095551223975,0.6661535134215137,0.6727401067096442,0.9422022667225237,0.27200954455982834,-0.10191704496375968,0.41414326989550226,0.8099761153428028,-2.453412458978721,4.073364689664326,3.2633885743215236,network_max_absolute_inner_lono_residual,54.0,0.8484078236455469,gap_length|acf_only|donor_r2_only|additive_d_over_4_heuristic|nearest_donor_correlation,huc8_05040001
huc8_05040001,03119341,90.0,1.1672474585374195,0.7228224884285673,0.6661535134215137,0.6673331620204124,0.9422022667225237,0.44453269100298265,-0.12947548646911106,0.4149362442961847,1.121414635062473,-2.1419739392590507,4.384803209383996,3.2633885743215236,network_max_absolute_inner_lono_residual,54.0,1.156842598283562,gap_length|acf_only|donor_r2_only|additive_d_over_4_heuristic|nearest_donor_correlation,huc8_05040001
huc8_05040001,03119341,180.0,2.4224584996302925,0.8040048400186163,0.6661535134215137,0.6663651650035944,0.9422022667225237,0.7012336873663706,0.2821976424518213,0.4157292186968672,2.224221732781575,-1.0391668415399486,5.487610307103099,3.2633885743215236,network_max_absolute_inner_lono_residual,54.0,2.271898098440409,gap_length|acf_only|donor_r2_only|additive_d_over_4_heuristic|nearest_donor_correlation,huc8_05040001
huc8_05040001,03119971,7.0,0.302754346318543,0.28885716103088455,0.8411972110626417,0.8851093568508726,0.9729878381290237,0.0783469173394643,0.036751205915618944,0.24126133295815314,0.5973309342906319,-2.6660576400308917,3.8607195086121555,3.2633885743215236,network_max_absolute_inner_lono_residual,54.0,0.6118999739846345,gap_length|acf_only|donor_r2_only|additive_d_over_4_heuristic|nearest_donor_correlation,huc8_05040001
huc8_05040001,03119971,14.0,0.3558305555688483,0.41946349004281225,0.8411972110626417,0.8563577272152213,0.9729878381290237,0.06289853225640933,0.0045899891155449036,0.24059151575401222,0.5162916648879576,-2.7470969094335658,3.7796802392094815,3.2633885743215236,network_max_absolute_inner_lono_residual,54.0,0.5003666075859279,gap_length|acf_only|donor_r2_only|additive_d_over_4_heuristic|nearest_donor_correlation,huc8_05040001
huc8_05040001,03119971,30.0,0.3347053081740936,0.582413217231636,0.8411972110626417,0.8440774645380233,0.9729878381290237,0.16677063516289975,-0.0912862199227401,0.24022995413594123,0.44722078739907073,-2.816167786922453,3.710609361720594,3.2633885743215236,network_max_absolute_inner_lono_residual,54.0,0.40392791116825205,gap_length|acf_only|donor_r2_only|additive_d_over_4_heuristic|nearest_donor_correlation,huc8_05040001
huc8_05040001,03119971,60.0,0.3902250682911447,0.7035364441707562,0.8411972110626417,0.8431971122308655,0.9729878381290237,0.21868283755807855,-0.1438921421128873,0.24007176131242483,0.6257906677471015,-2.637597906574422,3.889179242068625,3.2633885743215236,network_max_absolute_inner_lono_residual,54.0,0.5702136530674164,gap_length|acf_only|donor_r2_only|additive_d_over_4_heuristic|nearest_donor_correlation,huc8_05040001
huc8_05040001,03119971,90.0,0.4847106178303559,0.757930753091609,0.8411972110626417,0.8413211062348639,0.9729878381290237,0.4720486866848467,-0.18811657151960404,0.24001903037123312,0.9425938727401317,-2.320794701581392,4.205982447061656,3.2633885743215236,network_max_absolute_inner_lono_residual,54.0,0.8856619937516622,gap_length|acf_only|donor_r2_only|additive_d_over_4_heuristic|nearest_donor_correlation,huc8_05040001
huc8_05040001,03119971,180.0,0.6351011735548575,0.8288311494618363,0.8411972110626417,0.8412768291146314,0.9729878381290237,0.7012336873663706,0.2821976424518213,0.23996629943004247,2.0635019942820887,-1.199886580039435,5.326890568603613,3.2633885743215236,network_max_absolute_inner_lono_residual,54.0,2.01997991384242,gap_length|acf_only|donor_r2_only|additive_d_over_4_heuristic|nearest_donor_correlation,huc8_05040001
huc8_05040001,03119979,7.0,0.4345481884399695,0.3318896950744683,0.8115979524802418,0.8568942279737201,0.9660986159395463,0.08051056927982717,0.05971085493681076,0.24521214798025015,0.5260958393153327,-2.737292735006191,3.789484413636856,3.2633885743215236,network_max_absolute_inner_lono_residual,54.0,0.521507544831711,gap_length|acf_only|donor_r2_only|additive_d_over_4_heuristic|nearest_donor_correlation,huc8_05040001
huc8_05040001,03119979,14.0,0.3178649335673877,0.4682071523155016,0.8115979524802418,0.8266022389231674,0.9660986159395463,0.07069018546385455,0.05680832020704405,0.24449173039664887,0.4380529869286223,-2.8253355873929014,3.701441561250146,3.2633885743215236,network_max_absolute_inner_lono_residual,54.0,0.40143117423834884,gap_length|acf_only|donor_r2_only|additive_d_over_4_heuristic|nearest_donor_correlation,huc8_05040001
huc8_05040001,03119979,30.0,0.3960721022946139,0.6244722227413502,0.8115979524802418,0.8140490208111764,0.9660986159395463,0.16557998468429647,-0.035225116034884055,0.24410599231035468,0.3833442009514741,-2.8800443733700494,3.646732775272998,3.2633885743215236,network_max_absolute_inner_lono_residual,54.0,0.32035361347295366,gap_length|acf_only|donor_r2_only|additive_d_over_4_heuristic|nearest_donor_correlation,huc8_05040001
huc8_05040001,03119979,60.0,0.3532732538754741,0.734056955479232,0.8115979524802418,0.8131220113737724,0.9660986159395463,0.2515743203574502,-0.12209138739076389,0.24393723071823464,0.5854441147029076,-2.677944459618616,3.848832689024431,3.2633885743215236,network_max_absolute_inner_lono_residual,54.0,0.5120726536154614,gap_length|acf_only|donor_r2_only|additive_d_over_4_heuristic|nearest_donor_correlation,huc8_05040001
huc8_05040001,03119979,90.0,0.3538126752343443,0.782857405679342,0.8115979524802418,0.8116251815712556,0.9660986159395463,0.44453269100298265,-0.12947548646911106,0.24388097685419208,0.9124614795347928,-2.350927094786731,4.175850053856316,3.2633885743215236,network_max_absolute_inner_lono_residual,54.0,0.8387981515803448,gap_length|acf_only|donor_r2_only|additive_d_over_4_heuristic|nearest_donor_correlation,huc8_05040001
huc8_05040001,03119979,180.0,0.4416040148321125,0.8464569968904787,0.8115979524802418,0.8116834279873466,0.9660986159395463,0.7012336873663706,0.2821976424518213,0.24382472299015112,2.047865740380536,-1.2155228339409878,5.31125431470206,3.2633885743215236,network_max_absolute_inner_lono_residual,54.0,1.9888653160756895,gap_length|acf_only|donor_r2_only|additive_d_over_4_heuristic|nearest_donor_correlation,huc8_05040001
huc8_05040001,03120820,7.0,0.6648808491230012,0.2412675920573969,0.6364446889750988,0.7532344954882639,0.9204866601470755,0.09066047598382083,0.0367128841305282,0.42955834290972034,0.6204913448391465,-2.642897229482377,3.88387991916067,3.2633885743215236,network_max_absolute_inner_lono_residual,54.0,0.7479696488113998,gap_length|acf_only|donor_r2_only|additive_d_over_4_heuristic|nearest_donor_correlation,huc8_05040001
huc8_05040001,03120820,14.0,0.768312345785754,0.3616981786766619,0.6364446889750988,0.6824345755180461,0.9204866601470755,0.07995580059640746,0.011307096059489964,0.4376426678873286,0.6849497709016541,-2.5784388034198695,3.9483383452231777,3.2633885743215236,network_max_absolute_inner_lono_residual,54.0,0.778210725113115,gap_length|acf_only|donor_r2_only|additive_d_over_4_heuristic|nearest_donor_correlation,huc8_05040001
huc8_05040001,03120820,30.0,1.113531294584274,0.527640716278196,0.6364446889750988,0.649232912088672,0.9204866601470755,0.19984189045885764,-0.04692574574307638,0.44205708056956117,0.6719410181346837,-2.59144755618684,3.935329592456207,3.2633885743215236,network_max_absolute_inner_lono_residual,54.0,0.7350699934358493,gap_length|acf_only|donor_r2_only|additive_d_over_4_heuristic|nearest_donor_correlation,huc8_05040001
huc8_05040001,03120820,60.0,1.1751090677479905,0.6624483377881536,0.6364446889750988,0.6429044572270113,0.9204866601470755,0.28458161597577464,-0.10056299357378595,0.44398883054364097,0.8389481101860008,-2.4244404641355226,4.102336684507525,3.2633885743215236,network_max_absolute_inner_lono_residual,54.0,0.8877921852593545,gap_length|acf_only|donor_r2_only|additive_d_over_4_heuristic|nearest_donor_correlation,huc8_05040001
huc8_05040001,03120820,90.0,1.929596779319975,0.724328847933267,0.6364446889750988,0.6384619441798275,0.9204866601470755,0.4573222284719094,-0.11864069857490633,0.44463274720524787,1.148196508584315,-2.1151920657372085,4.411585082905839,3.2633885743215236,network_max_absolute_inner_lono_residual,54.0,1.1942705650904926,gap_length|acf_only|donor_r2_only|additive_d_over_4_heuristic|nearest_donor_correlation,huc8_05040001
huc8_05040001,03120820,180.0,3.525058475368553,0.8050701133128016,0.6364446889750988,0.6365293962525864,0.9204866601470755,0.7026631507818173,0.28981929955347885,0.44527666386685405,2.2547621830757616,-1.008626391245762,5.518150757397285,3.2633885743215236,network_max_absolute_inner_lono_residual,54.0,2.312670977053659,gap_length|acf_only|donor_r2_only|additive_d_over_4_heuristic|nearest_donor_correlation,huc8_05040001
huc8_05040001,03120869,7.0,0.3429416708222458,0.3067306152893068,0.7837649973715342,0.8412883006055437,0.9710694164921807,0.07042371756945853,0.05532925916132535,0.2763922266938567,0.5503156367816328,-2.713072937539891,3.8137042111031563,3.2633885743215236,network_max_absolute_inner_lono_residual,54.0,0.5737460036822488,gap_length|acf_only|donor_r2_only|additive_d_over_4_heuristic|nearest_donor_correlation,huc8_05040001
huc8_05040001,03120869,14.0,0.3458283214483942,0.4401000454763676,0.7837649973715342,0.8041599284083958,0.9710694164921807,0.04341062612041751,0.028800950999812523,0.2799945713676496,0.48855087996419744,-2.774837694357326,3.751939454285721,3.2633885743215236,network_max_absolute_inner_lono_residual,54.0,0.48256707309344476,gap_length|acf_only|donor_r2_only|additive_d_over_4_heuristic|nearest_donor_correlation,huc8_05040001
huc8_05040001,03120869,30.0,0.4733598144849141,0.6006363383480594,0.7837649973715342,0.7875676503496778,0.9710694164921807,0.1449289730757407,-0.03293935810220163,0.28201018983377946,0.43717784363249457,-2.826210730689029,3.7005664179540183,3.2633885743215236,network_max_absolute_inner_lono_residual,54.0,0.4052085440276116,gap_length|acf_only|donor_r2_only|additive_d_over_4_heuristic|nearest_donor_correlation,huc8_05040001
huc8_05040001,03120869,60.0,0.5053594375142517,0.7168406625834973,0.7837649973715342,0.7861356583930239,0.9710694164921807,0.2348087895745114,-0.26776235525291947,0.28289301837303815,0.6273577761791894,-2.6360307981423343,3.890746350500713,3.2633885743215236,network_max_absolute_inner_lono_residual,54.0,0.5848169906024794,gap_length|acf_only|donor_r2_only|additive_d_over_4_heuristic|nearest_donor_correlation,huc8_05040001
huc8_05040001,03120869,90.0,0.7096909510824416,0.768797970948655,0.7837649973715342,0.784024845674,0.9710694164921807,0.4160914813590015,-0.5722334813614582,0.28318729462859926,0.9497986990554269,-2.313589875266097,4.213187273376951,3.2633885743215236,network_max_absolute_inner_lono_residual,54.0,0.9065897569038394,gap_length|acf_only|donor_r2_only|additive_d_over_4_heuristic|nearest_donor_correlation,huc8_05040001
huc8_05040001,03120869,180.0,1.122020554304123,0.8365154642989306,0.7837649973715342,0.7838119393043255,0.9710694164921807,0.9129009687580615,-0.17975004769995828,0.2834815708841581,2.0776601493022815,-1.1857284250192421,5.341048723623805,3.2633885743215236,network_max_absolute_inner_lono_residual,54.0,2.048695332614085,gap_length|acf_only|donor_r2_only|additive_d_over_4_heuristic|nearest_donor_correlation,huc8_05040001
huc8_05040001,03120961,7.0,0.3000754797458648,0.31805205655808,0.7865975625127937,0.8423639246355309,0.9710694164921807,0.030522343673909665,-0.04155736209519603,0.29430284837323945,0.5311974554401381,-2.7321911188813854,3.794586029761662,3.2633885743215236,network_max_absolute_inner_lono_residual,54.0,0.5721319885587715,gap_length|acf_only|donor_r2_only|additive_d_over_4_heuristic|nearest_donor_correlation,huc8_05040001
huc8_05040001,03120961,14.0,0.294344445168972,0.452882376380086,0.7865975625127937,0.8073652449320734,0.9710694164921807,0.06513082949333986,-0.05203100577774198,0.2952089354701311,0.46014665247246833,-2.803241921849055,3.723535226793992,3.2633885743215236,network_max_absolute_inner_lono_residual,54.0,0.469360009429995,gap_length|acf_only|donor_r2_only|additive_d_over_4_heuristic|nearest_donor_correlation,huc8_05040001
huc8_05040001,03120961,30.0,0.331468819975853,0.6116099453060593,0.7865975625127937,0.7908125559861539,0.9710694164921807,0.19202840903655144,-0.14114512985538147,0.2957064025735031,0.41232279607088895,-2.851065778250635,3.6757113703924125,3.2633885743215236,network_max_absolute_inner_lono_residual,54.0,0.39429179480330023,gap_length|acf_only|donor_r2_only|additive_d_over_4_heuristic|nearest_donor_correlation,huc8_05040001
huc8_05040001,03120961,60.0,0.3750383136073748,0.7247894268204556,0.7865975625127937,0.7884451091628523,0.9710694164921807,0.3696171442284179,-0.19235889713068732,0.29592413167555526,0.611412835269388,-2.6519757390521357,3.8748014095909116,3.2633885743215236,network_max_absolute_inner_lono_residual,54.0,0.5823035664795839,gap_length|acf_only|donor_r2_only|additive_d_over_4_heuristic|nearest_donor_correlation,huc8_05040001
huc8_05040001,03120961,90.0,0.4297927793131934,0.7752895260683595,0.7865975625127937,0.7868578960129671,0.9710694164921807,0.4720486866848467,-0.18811657151960404,0.2959967080448853,0.9352529841674516,-2.328135590154072,4.198641558488975,3.2633885743215236,network_max_absolute_inner_lono_residual,54.0,0.9056699848584059,gap_length|acf_only|donor_r2_only|additive_d_over_4_heuristic|nearest_donor_correlation,huc8_05040001
huc8_05040001,03120961,180.0,0.4811378687355254,0.8411056941561257,0.7865975625127937,0.7868458607130134,0.9710694164921807,0.7012336873663706,0.2821976424518213,0.29606928441421493,2.0663723893181976,-1.197016185003326,5.329760963639721,3.2633885743215236,network_max_absolute_inner_lono_residual,54.0,2.0511908865403163,gap_length|acf_only|donor_r2_only|additive_d_over_4_heuristic|nearest_donor_correlation,huc8_05040001
huc8_05040001,03125338,7.0,0.4523753060613359,0.2778767287637499,0.813777370658499,0.8659114221640115,0.981063380804173,0.09105970176072042,0.05023800047301998,0.2437968836975898,0.6019533286372194,-2.661435245684304,3.8653419029587432,3.2633885743215236,network_max_absolute_inner_lono_residual,54.0,0.6120314739527788,gap_length|acf_only|donor_r2_only|additive_d_over_4_heuristic|nearest_donor_correlation,huc8_05040001
huc8_05040001,03125338,14.0,0.4411588323701705,0.40650316620856886,0.813777370658499,0.8312072405010444,0.981063380804173,0.051078497651960174,0.09650744651430472,0.2448557775831855,0.5426048242257144,-2.7207837500958094,3.805993398547238,3.2633885743215236,network_max_absolute_inner_lono_residual,54.0,0.5222598229165921,gap_length|acf_only|donor_r2_only|additive_d_over_4_heuristic|nearest_donor_correlation,huc8_05040001
huc8_05040001,03125338,30.0,0.4726418890076068,0.5706272287070051,0.813777370658499,0.8167108470761957,0.981063380804173,0.16557998468429647,-0.035225116034884055,0.2454215312550902,0.47773440984316745,-2.7856541644783563,3.741122984164691,3.2633885743215236,network_max_absolute_inner_lono_residual,54.0,0.4300225923949579,gap_length|acf_only|donor_r2_only|additive_d_over_4_heuristic|nearest_donor_correlation,huc8_05040001
huc8_05040001,03125338,60.0,0.5313387469003599,0.694849445786682,0.813777370658499,0.8154159711913385,0.981063380804173,0.2515743203574502,-0.12209138739076389,0.24566904625007596,0.651252836339246,-2.6121357379822774,3.91464141066077,3.2633885743215236,network_max_absolute_inner_lono_residual,54.0,0.5910163406489535,gap_length|acf_only|donor_r2_only|additive_d_over_4_heuristic|nearest_donor_correlation,huc8_05040001
huc8_05040001,03125338,90.0,0.5855572448041704,0.7508328908310096,0.813777370658499,0.8138932837191447,0.981063380804173,0.44453269100298265,-0.12947548646911106,0.24575155124839393,0.9637852224171155,-2.299603351904408,4.227173796738639,3.2633885743215236,network_max_absolute_inner_lono_residual,54.0,0.9021902265828914,gap_length|acf_only|donor_r2_only|additive_d_over_4_heuristic|nearest_donor_correlation,huc8_05040001
huc8_05040001,03125338,180.0,1.0276159739163189,0.8238121551212544,0.813777370658499,0.8139598968557302,0.981063380804173,0.7012336873663706,0.2821976424518213,0.24583405624671434,2.080149641495946,-1.1832389328255775,5.343538215817469,3.2633885743215236,network_max_absolute_inner_lono_residual,54.0,2.0317952321487316,gap_length|acf_only|donor_r2_only|additive_d_over_4_heuristic|nearest_donor_correlation,huc8_05040001
huc8_05040001,03126395,7.0,0.2150089975286807,0.29374950120868737,0.8905516354348427,0.91914579869719,0.9874314537626274,0.09851761623523343,0.04730195829209603,0.15512811428664489,0.5969408157087399,-2.666447758612784,3.8603293900302633,3.2633885743215236,network_max_absolute_inner_lono_residual,54.0,0.5443317935677338,gap_length|acf_only|donor_r2_only|additive_d_over_4_heuristic|nearest_donor_correlation,huc8_05040001
huc8_05040001,03126395,14.0,0.24925682374534,0.42516836424711235,0.8905516354348427,0.899336641631304,0.9874314537626274,0.08791793074158558,0.011139956571071126,0.1544601069921974,0.48769828470520765,-2.775690289616316,3.7510868590267314,3.2633885743215236,network_max_absolute_inner_lono_residual,54.0,0.40754659411221467,gap_length|acf_only|donor_r2_only|additive_d_over_4_heuristic|nearest_donor_correlation,huc8_05040001
huc8_05040001,03126395,30.0,0.2379045851808042,0.5875160077850798,0.8905516354348427,0.8916818351361703,0.9874314537626274,0.1887907509826582,-0.06902633462031274,0.15410348871195853,0.40611198132561427,-2.8572765929959094,3.669500555647138,3.2633885743215236,network_max_absolute_inner_lono_residual,54.0,0.3002942792403186,gap_length|acf_only|donor_r2_only|additive_d_over_4_heuristic|nearest_donor_correlation,huc8_05040001
huc8_05040001,03126395,60.0,0.2718596051260829,0.7072763968888675,0.8905516354348427,0.8915741491690579,0.9874314537626274,0.32234576337138615,-0.18820579750551097,0.1539474681686294,0.5851501309031197,-2.6782384434184037,3.8485387052246436,3.2633885743215236,network_max_absolute_inner_lono_residual,54.0,0.46754513809192033,gap_length|acf_only|donor_r2_only|additive_d_over_4_heuristic|nearest_donor_correlation,huc8_05040001
huc8_05040001,03126395,90.0,0.3061699252401789,0.7609859665786594,0.8905516354348427,0.8905665087733627,0.9874314537626274,0.4548583150211069,-0.19973428587563924,0.1538954613208454,0.9007627322110803,-2.362625842110443,4.164151306532604,3.2633885743215236,network_max_absolute_inner_lono_residual,54.0,0.7822177977848501,gap_length|acf_only|donor_r2_only|additive_d_over_4_heuristic|nearest_donor_correlation,huc8_05040001
huc8_05040001,03126395,180.0,0.3265063033596509,0.8309915241512023,0.8905516354348427,0.890581507826559,0.9874314537626274,0.7012336873663706,0.2821976424518213,0.15384345447306091,2.0233088910742887,-1.240079683247235,5.286697465395813,3.2633885743215236,network_max_absolute_inner_lono_residual,54.0,1.9183446606917756,gap_length|acf_only|donor_r2_only|additive_d_over_4_heuristic|nearest_donor_correlation,huc8_05040001
huc8_05040001,03127980,7.0,0.2546701311320067,0.281669895603075,0.8711078271101668,0.9066742407541496,0.9874314537626275,0.09278086656739819,0.05268502856147648,0.1744787210062678,0.6102259922489259,-2.6531625820725977,3.8736145665704496,3.2633885743215236,network_max_absolute_inner_lono_residual,54.0,0.5723608663253829,gap_length|acf_only|donor_r2_only|additive_d_over_4_heuristic|nearest_donor_correlation,huc8_05040001
huc8_05040001,03127980,14.0,0.3447530201875737,0.4110048444804222,0.8711078271101668,0.8826901047876765,0.9874314537626275,0.072747930986336,0.05765867263222489,0.17408730625071853,0.5176063298930589,-2.7457822444284647,3.7809949042145825,3.2633885743215236,network_max_absolute_inner_lono_residual,54.0,0.45139361210321177,gap_length|acf_only|donor_r2_only|additive_d_over_4_heuristic|nearest_donor_correlation,huc8_05040001
huc8_05040001,03127980,30.0,0.3689960359881322,0.5747520332229787,0.8711078271101668,0.8728212205964243,0.9874314537626275,0.17567930329951656,-0.009038815426149,0.173878330861103,0.43975783472933444,-2.8236307395921894,3.703146409050858,3.2633885743215236,network_max_absolute_inner_lono_residual,54.0,0.3470342131188802,gap_length|acf_only|donor_r2_only|additive_d_over_4_heuristic|nearest_donor_correlation,huc8_05040001
huc8_05040001,03127980,60.0,0.4484992267992347,0.6978978093413643,0.8711078271101668,0.8725664334780087,0.9874314537626275,0.2515743203574502,-0.12209138739076389,0.17378690408263425,0.6123697787491309,-2.6510187955723925,3.8757583530706547,3.2633885743215236,network_max_absolute_inner_lono_residual,54.0,0.5073087713093576,gap_length|acf_only|donor_r2_only|additive_d_over_4_heuristic|nearest_donor_correlation,huc8_05040001
huc8_05040001,03127980,90.0,0.5267796765830781,0.7533238516028177,0.8711078271101668,0.8712197132274118,0.9874314537626275,0.44453269100298265,-0.12947548646911106,0.17375642848981565,0.9255096010602446,-2.337878973261279,4.188898175381768,3.2633885743215236,network_max_absolute_inner_lono_residual,54.0,0.8191268393612343,gap_length|acf_only|donor_r2_only|additive_d_over_4_heuristic|nearest_donor_correlation,huc8_05040001
huc8_05040001,03127980,180.0,1.0402343334837092,0.8255735508120317,0.8711078271101668,0.871134542754509,0.9874314537626275,0.7012336873663706,0.2821976424518213,0.17372595289699355,2.0438037798599717,-1.2195847944615519,5.307192354181495,3.2633885743215236,network_max_absolute_inner_lono_residual,54.0,1.950614066225266,gap_length|acf_only|donor_r2_only|additive_d_over_4_heuristic|nearest_donor_correlation,huc8_05040001
huc8_05040001,03127986,7.0,0.3787679013290576,0.3176778581189962,0.8321647443483888,0.8739650837214532,0.9785025783744783,0.07990854818366297,0.05920319293686025,0.24283379628421672,0.5450677988057288,-2.718320775515795,3.8084563731272523,3.2633885743215236,network_max_absolute_inner_lono_residual,54.0,0.5525279253768777,gap_length|acf_only|donor_r2_only|additive_d_over_4_heuristic|nearest_donor_correlation,huc8_05040001
huc8_05040001,03127986,14.0,0.3383333720586129,0.4524634290884312,0.8321647443483888,0.8456226126005815,0.9785025783744783,0.06123815360849281,0.04410294969650326,0.24183461683997742,0.45434107829049125,-2.8090474960310323,3.717729652612015,3.2633885743215236,network_max_absolute_inner_lono_residual,54.0,0.43040739726270505,gap_length|acf_only|donor_r2_only|additive_d_over_4_heuristic|nearest_donor_correlation,huc8_05040001
huc8_05040001,03127986,30.0,0.3222582485154271,0.6112539026809465,0.8321647443483888,0.8345419615059237,0.9785025783744783,0.16557998468429647,-0.035225116034884055,0.24129536230546078,0.39013964021042996,-2.8732489341110936,3.6535282145319536,3.2633885743215236,network_max_absolute_inner_lono_residual,54.0,0.3397635112565226,gap_length|acf_only|donor_r2_only|additive_d_over_4_heuristic|nearest_donor_correlation,huc8_05040001
huc8_05040001,03127986,60.0,0.3068701554760337,0.7245321740305173,0.8321647443483888,0.8342113874800713,0.9785025783744783,0.2515743203574502,-0.12209138739076389,0.24105942304201247,0.5829806001721657,-2.680407974149358,3.8463691744936894,3.2633885743215236,network_max_absolute_inner_lono_residual,54.0,0.5217417822305531,gap_length|acf_only|donor_r2_only|additive_d_over_4_heuristic|nearest_donor_correlation,huc8_05040001
huc8_05040001,03127986,90.0,0.3113064458072186,0.7750794440047133,0.8321647443483888,0.8322676829094462,0.9785025783744783,0.44453269100298265,-0.12947548646911106,0.24098077662082354,0.9077837780392072,-2.3556047962823166,4.171172352360731,3.2633885743215236,network_max_absolute_inner_lono_residual,54.0,0.8457834385236259,gap_length|acf_only|donor_r2_only|additive_d_over_4_heuristic|nearest_donor_correlation,huc8_05040001
huc8_05040001,03127986,180.0,0.4994637840721342,0.8409571435445284,0.8321647443483888,0.8321834196942564,0.9785025783744783,0.7012336873663706,0.2821976424518213,0.24090213019963327,2.0389929351052345,-1.2243956392162891,5.302381509426758,3.2633885743215236,network_max_absolute_inner_lono_residual,54.0,1.9912019800021719,gap_length|acf_only|donor_r2_only|additive_d_over_4_heuristic|nearest_donor_correlation,huc8_05040001
huc8_05040001,03127989,7.0,0.340621244470988,0.3208983269663599,0.811635358290828,0.8598486239956944,0.9668452040000503,0.1104950020801341,0.06232096207182608,0.23309329139125248,0.5390852887255543,-2.7243032855959695,3.802473863047078,3.2633885743215236,network_max_absolute_inner_lono_residual,54.0,0.5249693332701187,gap_length|acf_only|donor_r2_only|additive_d_over_4_heuristic|nearest_donor_correlation,huc8_05040001
huc8_05040001,03127989,14.0,0.3367596816338066,0.4560611622009535,0.811635358290828,0.8286471692683174,0.9668452040000503,0.10350095243824761,0.06295084891721707,0.23166978660553333,0.4560839485330218,-2.8073046257885017,3.7194725228545455,3.2633885743215236,network_max_absolute_inner_lono_residual,54.0,0.4090843694575396,gap_length|acf_only|donor_r2_only|additive_d_over_4_heuristic|nearest_donor_correlation,huc8_05040001
huc8_05040001,03127989,30.0,0.3076871019136161,0.6143036347563184,0.811635358290828,0.8147371804795664,0.9668452040000503,0.3012356470175436,0.010743022719932365,0.2309082752001505,0.4013956020175099,-2.8619929723040136,3.6647841763390336,3.2633885743215236,network_max_absolute_inner_lono_residual,54.0,0.32683843032024074,gap_length|acf_only|donor_r2_only|additive_d_over_4_heuristic|nearest_donor_correlation,huc8_05040001
huc8_05040001,03127989,60.0,0.4058727173620524,0.7267343917082629,0.811635358290828,0.8141202325792424,0.9668452040000503,0.48540801595725985,0.042126457496754435,0.2305751128190082,0.596805121609732,-2.6665834527117918,3.8601936959312555,3.2633885743215236,network_max_absolute_inner_lono_residual,54.0,0.5113273649032132,gap_length|acf_only|donor_r2_only|additive_d_over_4_heuristic|nearest_donor_correlation,huc8_05040001
huc8_05040001,03127989,90.0,0.4980539002948337,0.7768778379095457,0.811635358290828,0.811800000734745,0.9668452040000503,0.6908507849589066,0.21579335204972866,0.23046405869196132,0.9235451091516359,-2.3398434651698876,4.18693368347316,3.2633885743215236,network_max_absolute_inner_lono_residual,54.0,0.8372098489197057,gap_length|acf_only|donor_r2_only|additive_d_over_4_heuristic|nearest_donor_correlation,huc8_05040001
huc8_05040001,03127989,180.0,0.4800356557766596,0.8422288013186128,0.811635358290828,0.811676707640973,0.9668452040000503,0.43043658721271694,0.8567248676370799,0.23035300456491636,2.0559380002554155,-1.2074505740661081,5.319326574576939,3.2633885743215236,network_max_absolute_inner_lono_residual,54.0,1.9838531541343443,gap_length|acf_only|donor_r2_only|additive_d_over_4_heuristic|nearest_donor_correlation,huc8_05040001
huc8_05040005,03140853,7.0,0.3748295221264873,0.2849799157504721,0.8246604768595316,0.8729196087294059,0.9727977814740281,0.10159902597181163,0.07028060247722381,0.2658687271578987,0.5969149850725649,-2.48619939062411,3.6800293607692396,3.083114375696675,network_max_absolute_inner_lono_residual,54.0,0.6338307095408283,gap_length|acf_only|donor_r2_only|additive_d_over_4_heuristic|nearest_donor_correlation,huc8_05040005
huc8_05040005,03140853,14.0,0.4650519214164732,0.41491191387806936,0.8246604768595316,0.840940294293693,0.9727977814740281,0.13217904655815804,-0.028861443587313334,0.2662358362599913,0.5243442738403029,-2.5587701018563718,3.607458649536978,3.083114375696675,network_max_absolute_inner_lono_residual,54.0,0.530297678503934,gap_length|acf_only|donor_r2_only|additive_d_over_4_heuristic|nearest_donor_correlation,huc8_05040005
huc8_05040005,03140853,30.0,0.5100510062823693,0.5783050844405172,0.8246604768595316,0.8280275994768362,0.9727977814740281,0.11479348746969627,-0.04120002654915444,0.26643038921978385,0.4545826161037375,-2.628531759592937,3.5376969918004124,3.083114375696675,network_max_absolute_inner_lono_residual,54.0,0.433412401214023,gap_length|acf_only|donor_r2_only|additive_d_over_4_heuristic|nearest_donor_correlation,huc8_05040005
huc8_05040005,03140853,60.0,0.5875015904307366,0.7005165032645353,0.8246604768595316,0.8274567558947453,0.9727977814740281,0.23109239031078413,-0.21109777464629573,0.2665154972138085,0.6318352111676419,-2.451279164529033,3.7149495868643165,3.083114375696675,network_max_absolute_inner_lono_residual,54.0,0.5988013651252246,gap_length|acf_only|donor_r2_only|additive_d_over_4_heuristic|nearest_donor_correlation,huc8_05040005
huc8_05040005,03140853,90.0,0.7990947568565607,0.7554634914503976,0.8246604768595316,0.8249922652641497,0.9727977814740281,0.28645000133786275,-0.3213623110748857,0.26654386654510337,0.9527738346954507,-2.130340541001224,4.035888210392126,3.083114375696675,network_max_absolute_inner_lono_residual,54.0,0.9182941209021864,gap_length|acf_only|donor_r2_only|additive_d_over_4_heuristic|nearest_donor_correlation,huc8_05040005
huc8_05040005,03140853,180.0,1.9492440805170268,0.827086518844557,0.8246604768595316,0.8246608643088705,0.9727977814740281,0.6405179538522313,-0.4357068776097274,0.26657223587639844,2.086046215875407,-0.9970681598212678,5.169160591572082,3.083114375696675,network_max_absolute_inner_lono_residual,54.0,2.065253780750136,gap_length|acf_only|donor_r2_only|additive_d_over_4_heuristic|nearest_donor_correlation,huc8_05040005
huc8_05040005,03140900,7.0,0.4227530100941657,0.27726768420426906,0.7499491616935348,0.8207359271982329,0.9707225541673457,0.11778272844440099,0.055517097303921834,0.3824401158750092,0.5853172198601113,-2.4977971558365635,3.668431595556786,3.083114375696675,network_max_absolute_inner_lono_residual,54.0,0.7169453227443305,gap_length|acf_only|donor_r2_only|additive_d_over_4_heuristic|nearest_donor_correlation,huc8_05040005
huc8_05040005,03140900,14.0,0.4904318331394877,0.4057779333675242,0.7499491616935348,0.7739260394357332,0.9707225541673457,0.06988401620596756,0.051959030555368727,0.38668928442274003,0.5595606931888544,-2.5235536825078206,3.642675068885529,3.083114375696675,network_max_absolute_inner_lono_residual,54.0,0.6591726922725881,gap_length|acf_only|donor_r2_only|additive_d_over_4_heuristic|nearest_donor_correlation,huc8_05040005
huc8_05040005,03140900,30.0,0.5538714199066163,0.5699595683561489,0.7499491616935348,0.7547726481956172,0.9707225541673457,0.08541832860423378,-0.049793985402335456,0.38899653384673305,0.5066517096367318,-2.576462666059943,3.5897660853334066,3.083114375696675,network_max_absolute_inner_lono_residual,54.0,0.5789805297248506,gap_length|acf_only|donor_r2_only|additive_d_over_4_heuristic|nearest_donor_correlation,huc8_05040005
huc8_05040005,03140900,60.0,0.6905263392875592,0.6943551614098414,0.7499491616935348,0.7540702261622452,0.9707225541673457,0.10403320605351285,-0.19867598377034726,0.3900060991598835,0.6798100530539759,-2.4033043226426987,3.762924428750651,3.083114375696675,network_max_absolute_inner_lono_residual,54.0,0.7408562024009487,gap_length|acf_only|donor_r2_only|additive_d_over_4_heuristic|nearest_donor_correlation,huc8_05040005
huc8_05040005,03140900,90.0,0.989865290787485,0.7504289600794554,0.7499491616935348,0.7506143101319809,0.9707225541673457,0.15322068625587554,-0.20856025741499934,0.3903426209317221,1.0013699725957388,-2.0817444031009362,4.084484348292413,3.083114375696675,network_max_absolute_inner_lono_residual,54.0,1.0607490111642917,gap_length|acf_only|donor_r2_only|additive_d_over_4_heuristic|nearest_donor_correlation,huc8_05040005
huc8_05040005,03140900,180.0,1.3617027791933052,0.8235265291792548,0.7499491616935348,0.7499675438199223,0.9707225541673457,0.4917670661237069,-0.06521762981323323,0.3906791427035612,2.132548817360972,-0.9505655583357027,5.215663193057647,3.083114375696675,network_max_absolute_inner_lono_residual,54.0,2.205584868373597,gap_length|acf_only|donor_r2_only|additive_d_over_4_heuristic|nearest_donor_correlation,huc8_05040005
huc8_05040005,03140950,7.0,0.4113434473957333,0.3189992601712901,0.762959762859684,0.8210063347683603,0.9727977814740282,0.1265560631533304,0.08512721251442396,0.32012509645403336,0.5291778217187879,-2.553936553977887,3.6122921974154627,3.083114375696675,network_max_absolute_inner_lono_residual,54.0,0.5896889641359783,gap_length|acf_only|donor_r2_only|additive_d_over_4_heuristic|nearest_donor_correlation,huc8_05040005
huc8_05040005,03140950,14.0,0.441679837868682,0.45394177811103087,0.762959762859684,0.780995669406079,0.9727977814740282,0.13179673441113232,0.08538475876438176,0.3194395088536909,0.4700926881929293,-2.6130216875037453,3.5532070638896043,3.083114375696675,network_max_absolute_inner_lono_residual,54.0,0.49472410275949724,gap_length|acf_only|donor_r2_only|additive_d_over_4_heuristic|nearest_donor_correlation,huc8_05040005
huc8_05040005,03140950,30.0,0.4613104676629106,0.6125092063095864,0.762959762859684,0.7660332968073156,0.9727977814740282,0.19700067173614882,0.05115780254069487,0.3190710513767559,0.41630401641065934,-2.6668103592860155,3.499418392107334,3.083114375696675,network_max_absolute_inner_lono_residual,54.0,0.4132551088072171,gap_length|acf_only|donor_r2_only|additive_d_over_4_heuristic|nearest_donor_correlation,huc8_05040005
huc8_05040005,03140950,60.0,0.4939442347101866,0.7254389906762235,0.762959762859684,0.7655485305743004,0.9727977814740282,0.2024471946308501,0.11034271324291126,0.3189098481417848,0.6123552861235035,-2.4707590895731713,3.6954696618201783,3.083114375696675,network_max_absolute_inner_lono_residual,54.0,0.5987521077916544,gap_length|acf_only|donor_r2_only|additive_d_over_4_heuristic|nearest_donor_correlation,huc8_05040005
huc8_05040005,03140950,90.0,0.5197388738998108,0.7758199812306952,0.762959762859684,0.763090922573262,0.9727977814740282,0.2393570273947266,0.12893126234032498,0.31885611373012757,0.9426466712739283,-2.1404677044227465,4.025761046970603,3.083114375696675,network_max_absolute_inner_lono_residual,54.0,0.9282706340567777,gap_length|acf_only|donor_r2_only|additive_d_over_4_heuristic|nearest_donor_correlation,huc8_05040005
huc8_05040005,03140950,180.0,0.80620023161504,0.8414807829849983,0.762959762859684,0.7630377130902275,0.9727977814740282,0.12284718097922313,0.14661521450444504,0.31880237931847116,2.0873349859068813,-0.9957793897897935,5.170449361603556,3.083114375696675,network_max_absolute_inner_lono_residual,54.0,2.087651032908198,gap_length|acf_only|donor_r2_only|additive_d_over_4_heuristic|nearest_donor_correlation,huc8_05040005
huc8_05040005,03140950,365.0,0.9767766410102174,0.8886803739275906,0.762959762859684,0.7630021742102739,0.9727977814740282,0.6821835331256214,0.1705725272785311,0.318775144068727,4.62026180418456,1.5371474284878852,7.703376179881235,3.083114375696675,network_max_absolute_inner_lono_residual,54.0,4.665476944913438,gap_length|acf_only|donor_r2_only|additive_d_over_4_heuristic|nearest_donor_correlation,huc8_05040005
huc8_05090203,03262001,7.0,0.5316611551759498,0.2721970004013158,0.8009521285644879,0.8579649843590836,0.9787156091708911,0.21312864825654185,-0.17932075366877745,0.33814315242812026,0.600145724496346,-2.654068090062184,3.854359539054876,3.25421381455853,network_max_absolute_inner_lono_residual,54.0,0.7086853817674471,gap_length|acf_only|donor_r2_only|additive_d_over_4_heuristic|nearest_donor_correlation,huc8_05090203
huc8_05090203,03262001,14.0,0.5686795707126813,0.3997137369317635,0.8009521285644879,0.8197454216361766,0.9787156091708911,0.24793541465877875,-0.18442305680194063,0.3421365960237145,0.5496389204203045,-2.7045748941382257,3.8038527349788342,3.25421381455853,network_max_absolute_inner_lono_residual,54.0,0.6297328515801659,gap_length|acf_only|donor_r2_only|additive_d_over_4_heuristic|nearest_donor_correlation,huc8_05090203
huc8_05090203,03262001,30.0,0.7033427001599921,0.5643421545765652,0.8009521285644879,0.8057011037444182,0.9787156091708911,0.3249834554062291,-0.17854406513797402,0.34431754655308483,0.4743061498157621,-2.779907664742768,3.728519964374292,3.25421381455853,network_max_absolute_inner_lono_residual,54.0,0.5294051121387252,gap_length|acf_only|donor_r2_only|additive_d_over_4_heuristic|nearest_donor_correlation,huc8_05090203
huc8_05090203,03262001,60.0,0.9264001588793084,0.6901865871725632,0.8009521285644879,0.8009608726351465,0.9787156091708911,0.4755355252477839,-0.11882461387011678,0.34527195766817426,0.6488315749413538,-2.6053822396171764,3.9030453894998836,3.25421381455853,network_max_absolute_inner_lono_residual,54.0,0.6911905566907419,gap_length|acf_only|donor_r2_only|additive_d_over_4_heuristic|nearest_donor_correlation,huc8_05090203
huc8_05090203,03262001,90.0,1.1352071369703174,0.7470220475996637,0.8009521285644879,0.8009587795123093,0.9787156091708911,0.6054012887451213,0.007812856961828558,0.3455900947094035,0.9530097400137416,-2.3012040745447884,4.207223554572272,3.25421381455853,network_max_absolute_inner_lono_residual,54.0,0.9948368418949822,gap_length|acf_only|donor_r2_only|additive_d_over_4_heuristic|nearest_donor_correlation,huc8_05090203
huc8_05090203,03262001,180.0,1.6759208744901408,0.8211174405197091,0.8009521285644879,0.8011040840011029,0.9787156091708911,0.6270726663546697,0.6289201578017125,0.3459082317506312,2.066520992922656,-1.1876928216358742,5.320734807481186,3.25421381455853,network_max_absolute_inner_lono_residual,54.0,2.121702226652102,gap_length|acf_only|donor_r2_only|additive_d_over_4_heuristic|nearest_donor_correlation,huc8_05090203
huc8_05090203,03277075,7.0,0.482276874809925,0.28371818176007546,0.8118552619690427,0.8633257162997596,0.9787156091708912,0.21312864825654185,-0.17932075366877745,0.3211635252871139,0.5870274827114997,-2.6671863318470304,3.8412412972700296,3.25421381455853,network_max_absolute_inner_lono_residual,54.0,0.6794132459435038,gap_length|acf_only|donor_r2_only|additive_d_over_4_heuristic|nearest_donor_correlation,huc8_05090203
huc8_05090203,03277075,14.0,0.6358586078642734,0.4134249194887858,0.8118552619690427,0.8281098288419546,0.9787156091708912,0.24793541465877875,-0.18442305680194063,0.3224101662891606,0.5227305737206823,-2.7314832408378478,3.776944388279212,3.25421381455853,network_max_absolute_inner_lono_residual,54.0,0.5845071255291352,gap_length|acf_only|donor_r2_only|additive_d_over_4_heuristic|nearest_donor_correlation,huc8_05090203
huc8_05090203,03277075,30.0,0.7525256757714475,0.5769557490685824,0.8118552619690427,0.816897785474804,0.9787156091708912,0.3249834554062291,-0.17854406513797402,0.3230786206325336,0.4410026112191273,-2.8132112033394026,3.6952164257776574,3.25421381455853,network_max_absolute_inner_lono_residual,54.0,0.4773973231453265,gap_length|acf_only|donor_r2_only|additive_d_over_4_heuristic|nearest_donor_correlation,huc8_05090203
huc8_05090203,03277075,60.0,0.92331970109907,0.6995227653936051,0.8118552619690427,0.8119114937724681,0.9787156091708912,0.4755355252477839,-0.11882461387011678,0.32337107327054715,0.6231307260607627,-2.631083088497767,3.877344540619293,3.25421381455853,network_max_absolute_inner_lono_residual,54.0,0.6465225807137708,gap_length|acf_only|donor_r2_only|additive_d_over_4_heuristic|nearest_donor_correlation,huc8_05090203
huc8_05090203,03277075,90.0,1.0290346361453542,0.7546515665293876,0.8118552619690427,0.8118832993329226,0.9787156091708912,0.6054012887451213,0.007812856961828558,0.3234685574832201,0.9309548669156301,-2.3232589476428998,4.18516868147416,3.25421381455853,network_max_absolute_inner_lono_residual,54.0,0.9538469193510655,gap_length|acf_only|donor_r2_only|additive_d_over_4_heuristic|nearest_donor_correlation,huc8_05090203
huc8_05090203,03277075,180.0,1.5731752952539797,0.8265123961730898,0.8118552619690427,0.8119363268560295,0.9787156091708912,0.6270726663546697,0.6289201578017125,0.3235660416958921,2.049418107176969,-1.2047957073815612,5.303631921735499,3.25421381455853,network_max_absolute_inner_lono_residual,54.0,2.0857573298133723,gap_length|acf_only|donor_r2_only|additive_d_over_4_heuristic|nearest_donor_correlation,huc8_05090203
huc8_05120201,03353611,7.0,0.7288499339137757,0.1341167238507357,0.21950552670442125,0.6146369923997443,0.7962732724217616,-0.046778152637916515,0.07046368200083021,0.5233189053290627,0.28397688335709026,-2.9060150545197136,3.473968821233894,3.189991937876804,network_max_absolute_inner_lono_residual,54.0,0.3878916900785511,gap_length|acf_only|donor_r2_only|additive_d_over_4_heuristic|nearest_donor_correlation,huc8_05120201
huc8_05120201,03353611,14.0,0.8624612021871976,0.21573557487025197,0.21950552670442125,0.4613829238541417,0.7962732724217616,-0.04435308284637796,0.1303572671043244,0.607332437585955,0.6752587060818495,-2.5147332317949544,3.865250643958653,3.189991937876804,network_max_absolute_inner_lono_residual,54.0,0.8018952867273447,gap_length|acf_only|donor_r2_only|additive_d_over_4_heuristic|nearest_donor_correlation,huc8_05120201
huc8_05120201,03353611,30.0,1.0926617057323456,0.3579958022886097,0.21950552670442125,0.3324471462510258,0.7962732724217616,-0.03495713013232031,0.16653123088222224,0.6723949778334475,0.9947488428019703,-2.1952430950748334,4.184740780678774,3.189991937876804,network_max_absolute_inner_lono_residual,54.0,1.1257625667446105,gap_length|acf_only|donor_r2_only|additive_d_over_4_heuristic|nearest_donor_correlation,huc8_05120201
huc8_05120201,03353611,60.0,1.2451921135783195,0.5147600378995999,0.21950552670442125,0.26643082560007203,0.7962732724217616,0.12339874511068002,0.20233663647883976,0.702548456508164,1.2900157460198853,-1.8999761918569185,4.480007683896689,3.189991937876804,network_max_absolute_inner_lono_residual,54.0,1.4126471053282303,gap_length|acf_only|donor_r2_only|additive_d_over_4_heuristic|nearest_donor_correlation,huc8_05120201
huc8_05120201,03353611,90.0,1.5221569083399245,0.6002964810960496,0.21950552670442125,0.24909532814948665,0.7962732724217616,0.07336106741651449,0.2083971845629086,0.7126057484203535,1.5842984781240044,-1.6056934597527994,4.774290416000808,3.189991937876804,network_max_absolute_inner_lono_residual,54.0,1.705948959395438,gap_length|acf_only|donor_r2_only|additive_d_over_4_heuristic|nearest_donor_correlation,huc8_05120201
huc8_05120201,03353611,180.0,3.5356373259358933,0.7169580547422256,0.21950552670442125,0.2310457067135716,0.7962732724217616,-0.31119204579205484,-0.024706647811930355,0.7226630412990855,2.65060935463304,-0.5393825832437638,5.840601292509843,3.189991937876804,network_max_absolute_inner_lono_residual,54.0,2.7830361076907613,gap_length|acf_only|donor_r2_only|additive_d_over_4_heuristic|nearest_donor_correlation,huc8_05120201
huc8_05120201,03353611,365.0,5.442067337476227,0.8012338429574215,0.21950552670442125,0.22246130836278444,0.7962732724217616,-0.11664502702733473,0.3521300479884608,0.7277605733061412,5.0740665187472676,1.8840745808704638,8.26405845662407,3.189991937876804,network_max_absolute_inner_lono_residual,54.0,5.2476681041709465,gap_length|acf_only|donor_r2_only|additive_d_over_4_heuristic|nearest_donor_correlation,huc8_05120201
huc8_05120201,03354000,7.0,0.9671054216793604,0.1756010425203588,0.2755015784968382,0.5773778343607887,0.7962732724217616,-0.04274018446155765,0.018467149478161728,0.5227964632805088,0.4571368320358854,-2.7328551058409185,3.647128769912689,3.189991937876804,network_max_absolute_inner_lono_residual,54.0,0.5487303607501255,gap_length|acf_only|donor_r2_only|additive_d_over_4_heuristic|nearest_donor_correlation,huc8_05120201
huc8_05120201,03354000,14.0,1.360207333735057,0.27494099019206486,0.2755015784968382,0.4253382557501717,0.7962732724217616,-0.08256313381618603,0.10411068651020124,0.5899176445911869,0.8086154638805175,-2.381376473996286,3.9986074017573214,3.189991937876804,network_max_absolute_inner_lono_residual,54.0,0.9034812271229085,gap_length|acf_only|donor_r2_only|additive_d_over_4_heuristic|nearest_donor_correlation,huc8_05120201
huc8_05120201,03354000,30.0,1.4370336306095124,0.43288094668314114,0.2755015784968382,0.3366845976514147,0.7962732724217616,-0.043104747647960365,0.16929828423861099,0.6385040041881141,0.9750589986376407,-2.214932939239163,4.165050936514445,3.189991937876804,network_max_absolute_inner_lono_residual,54.0,1.068444700310429,gap_length|acf_only|donor_r2_only|additive_d_over_4_heuristic|nearest_donor_correlation,huc8_05120201
huc8_05120201,03354000,60.0,1.6545146453976631,0.5849353787778186,0.2755015784968382,0.3043041526226523,0.7962732724217616,0.11478401613920353,0.20303716839743768,0.6605996004916482,1.1788502359230564,-2.0111417019537474,4.368842173799861,3.189991937876804,network_max_absolute_inner_lono_residual,54.0,1.2675829583814555,gap_length|acf_only|donor_r2_only|additive_d_over_4_heuristic|nearest_donor_correlation,huc8_05120201
huc8_05120201,03354000,90.0,1.7379537411133448,0.6602979121369759,0.2755015784968382,0.295814874464177,0.7962732724217616,0.13884734093002093,0.20542790297285823,0.6679667693911927,1.4673039507477172,-1.7226879871290866,4.657295888624521,3.189991937876804,network_max_absolute_inner_lono_residual,54.0,1.55691634467562,gap_length|acf_only|donor_r2_only|additive_d_over_4_heuristic|nearest_donor_correlation,huc8_05120201
huc8_05120201,03354000,180.0,3.697234538222353,0.7597508123609876,0.2755015784968382,0.2861963531849625,0.7962732724217616,-0.3014681042142263,-0.019597075447824252,0.6753339384322198,2.543385180490198,-0.6466067573866057,5.733377118367002,3.189991937876804,network_max_absolute_inner_lono_residual,54.0,2.6466420040803738,gap_length|acf_only|donor_r2_only|additive_d_over_4_heuristic|nearest_donor_correlation,huc8_05120201
huc8_05120201,03354000,365.0,7.26117441046881,0.8312857457074558,0.2755015784968382,0.2785738217960837,0.7962732724217616,-0.12193914053511026,0.3554208267359293,0.6790679830146461,4.989944693682967,1.7999527558061628,8.17993663155977,3.189991937876804,network_max_absolute_inner_lono_residual,54.0,5.135395092850898,gap_length|acf_only|donor_r2_only|additive_d_over_4_heuristic|nearest_donor_correlation,huc8_05120201
huc8_05130202,03431091,7.0,0.2467472757611954,0.04904091476840877,0.8422703226078152,0.9517091908967751,0.9890177697778838,0.0018515144152710008,0.04170007513093913,0.13735592204865016,0.9367144692169058,-2.306214343138782,4.179643281572593,3.2429288123556876,network_max_absolute_inner_lono_residual,54.0,0.901379226462135,gap_length|acf_only|donor_r2_only|additive_d_over_4_heuristic|nearest_donor_correlation,huc8_05130202
huc8_05130202,03431091,14.0,0.3574716728074209,0.08326553618273191,0.8422703226078152,0.9286062730312137,0.9890177697778838,-0.012484403308961911,0.0842927278927316,0.13809687278582428,1.034078553387654,-2.2088502589680337,4.277007365743342,3.2429288123556876,network_max_absolute_inner_lono_residual,54.0,0.9878860829766578,gap_length|acf_only|donor_r2_only|additive_d_over_4_heuristic|nearest_donor_correlation,huc8_05130202
huc8_05130202,03431091,30.0,0.3999762109120686,0.15518315922196202,0.8422703226078152,0.8974125777449768,0.9890177697778838,-0.06364544343252845,0.0710793117645653,0.13849206320671642,1.2014909182495586,-2.041437894106129,4.444419730605246,3.2429288123556876,network_max_absolute_inner_lono_residual,54.0,1.1379682519413732,gap_length|acf_only|donor_r2_only|additive_d_over_4_heuristic|nearest_donor_correlation,huc8_05130202
huc8_05130202,03431091,60.0,0.8096967633565267,0.26512403649807714,0.8422703226078152,0.8685820576063328,0.9890177697778838,-0.17319208005398667,-0.013967663018277931,0.13866495901595563,1.4755999537324926,-1.767328858623195,4.7185287660881805,3.2429288123556876,network_max_absolute_inner_lono_residual,54.0,1.393383410349013,gap_length|acf_only|donor_r2_only|additive_d_over_4_heuristic|nearest_donor_correlation,huc8_05130202
huc8_05130202,03431091,90.0,1.01385793850157,0.34983255164452864,0.8422703226078152,0.8564624711041353,0.9890177697778838,-0.09848875578853244,-0.12991058609355513,0.13872259095236852,1.7520151125919081,-1.4909136997637795,4.994943924947596,3.2429288123556876,network_max_absolute_inner_lono_residual,54.0,1.6606597540187729,gap_length|acf_only|donor_r2_only|additive_d_over_4_heuristic|nearest_donor_correlation,huc8_05130202
huc8_05130202,03431091,180.0,2.491758111953735,0.5101549142639527,0.8422703226078152,0.8478411528034951,0.9890177697778838,0.04947084464869504,-0.2200604224792234,0.1387802228887826,2.69971790839951,-0.5432109039561777,5.942646720755198,3.2429288123556876,network_max_absolute_inner_lono_residual,54.0,2.604152020640899,gap_length|acf_only|donor_r2_only|additive_d_over_4_heuristic|nearest_donor_correlation,huc8_05130202
huc8_05130202,03431091,365.0,5.267921729989248,0.6528690543159844,0.8422703226078152,0.8431335633359506,0.9890177697778838,-0.21672623926295342,0.2770908995746795,0.13880943359627973,5.018676077999205,1.775747265643517,8.261604890354892,3.2429288123556876,network_max_absolute_inner_lono_residual,54.0,4.945298303204076,gap_length|acf_only|donor_r2_only|additive_d_over_4_heuristic|nearest_donor_correlation,huc8_05130202
huc8_05130202,03431514,7.0,0.3122591495513914,0.04650087540021375,0.8420492936740368,0.9522434838325695,0.9890177697778838,-0.0006437515757697513,0.04706918874841208,0.12681191476216816,0.9400206268051021,-2.3029081855505855,4.18294943916079,3.2429288123556876,network_max_absolute_inner_lono_residual,54.0,0.8943185707720787,gap_length|acf_only|donor_r2_only|additive_d_over_4_heuristic|nearest_donor_correlation,huc8_05130202
huc8_05130202,03431514,14.0,0.4457061117036002,0.0790779450886222,0.8420492936740368,0.9283403793569075,0.9890177697778838,-0.007422652857315669,0.08530164718655486,0.12799208877572435,1.043579114381943,-2.1993496979737444,4.286507926737631,3.2429288123556876,network_max_absolute_inner_lono_residual,54.0,0.9874099581569942,gap_length|acf_only|donor_r2_only|additive_d_over_4_heuristic|nearest_donor_correlation,huc8_05130202
huc8_05130202,03431514,30.0,0.4630323286056518,0.14791060395034605,0.8420492936740368,0.8968627608567201,0.9890177697778838,-0.08622201838613534,0.13057624493368633,0.12862154070917356,1.2187095809782214,-2.024219231377466,4.461638393333909,3.2429288123556876,network_max_absolute_inner_lono_residual,54.0,1.1457796237226316,gap_length|acf_only|donor_r2_only|additive_d_over_4_heuristic|nearest_donor_correlation,huc8_05130202
huc8_05130202,03431514,60.0,0.8427856621742249,0.25423978421577853,0.8420492936740368,0.8681736473711164,0.9890177697778838,-0.04854554222454521,-0.0016616201727295277,0.12889692593017998,1.5003404503646196,-1.742588361991068,4.7432692627203075,3.2429288123556876,network_max_absolute_inner_lono_residual,54.0,1.4093799772255833,gap_length|acf_only|donor_r2_only|additive_d_over_4_heuristic|nearest_donor_correlation,huc8_05130202
huc8_05130202,03431514,90.0,1.2505528269873725,0.33722649763226054,0.8420492936740368,0.8554546267124511,0.9890177697778838,-0.057403406616544826,-0.08579720967532625,0.12898872100384728,1.7824724247935688,-1.4604563875621188,5.025401237149256,3.2429288123556876,network_max_absolute_inner_lono_residual,54.0,1.6824290935666388,gap_length|acf_only|donor_r2_only|additive_d_over_4_heuristic|nearest_donor_correlation,huc8_05130202
huc8_05130202,03431514,180.0,2.463095905383428,0.49730327970945254,0.8420492936740368,0.8472112221509411,0.9890177697778838,-0.013167965394488963,-0.0291230827137606,0.12908051607751608,2.7295097605263785,-0.5134190518293091,5.972438572882066,3.2429288123556876,network_max_absolute_inner_lono_residual,54.0,2.625464465318599,gap_length|acf_only|donor_r2_only|additive_d_over_4_heuristic|nearest_donor_correlation,huc8_05130202
huc8_05130202,03431514,365.0,5.792117399646811,0.6429945627472988,0.8420492936740368,0.8434906685065523,0.9890177697778838,-0.143677775416519,-0.09814364928496175,0.12912704234773442,5.038741044215562,1.7958122318598742,8.281669856571249,3.2429288123556876,network_max_absolute_inner_lono_residual,54.0,4.956847829250939,gap_length|acf_only|donor_r2_only|additive_d_over_4_heuristic|nearest_donor_correlation,huc8_05130202
huc8_05140101,03292470,7.0,1.0056877022130148,0.21523409861356935,0.666525446672358,0.7828792883037632,0.5945917023564782,-0.01937502549737003,0.01177372097535248,0.5610839271355552,0.659690201572741,-2.618759483420291,3.9381398865657733,3.2784496849930322,network_max_absolute_inner_lono_residual,54.0,0.9542694715003786,gap_length|acf_only|donor_r2_only|additive_d_over_4_heuristic,huc8_05140101
huc8_05140101,03292470,14.0,1.1392480696205582,0.32830372078948267,0.666525446672358,0.7132196796790158,0.5945917023564782,-0.0173621292357951,-0.03707371733062052,0.6193476769380145,0.7342722228388099,-2.5441774621542224,4.012721907831843,3.2784496849930322,network_max_absolute_inner_lono_residual,54.0,1.049932946305108,gap_length|acf_only|donor_r2_only|additive_d_over_4_heuristic,huc8_05140101
huc8_05140101,03292470,30.0,1.394053985953331,0.49309870940764544,0.666525446672358,0.6759922702802149,0.5945917023564782,0.0022402380698599957,-0.01438938938154733,0.655374479635597,0.7313634606870058,-2.5470862243060264,4.009813145680038,3.2784496849930322,network_max_absolute_inner_lono_residual,54.0,1.0500815940710433,gap_length|acf_only|donor_r2_only|additive_d_over_4_heuristic,huc8_05140101
huc8_05140101,03292470,60.0,1.6050949274798234,0.6353427161985234,0.666525446672358,0.6691141251777741,0.5945917023564782,0.015992130233219208,0.09928385765916424,0.6712555050978605,0.8798156197093877,-2.3986340652836446,4.15826530470242,3.2784496849930322,network_max_absolute_inner_lono_residual,54.0,1.1984573376472882,gap_length|acf_only|donor_r2_only|additive_d_over_4_heuristic,huc8_05140101
huc8_05140101,03292470,90.0,1.9245164450539485,0.702082128975786,0.666525446672358,0.66732090744794,0.5945917023564782,0.10105336986015923,-0.029109089038414183,0.6765492136116786,1.168141081044135,-2.110308603948897,4.4465907660371675,3.2784496849930322,network_max_absolute_inner_lono_residual,54.0,1.4894132198265915,gap_length|acf_only|donor_r2_only|additive_d_over_4_heuristic,huc8_05140101
huc8_05140101,03292470,180.0,2.743845797830158,0.7893357255242379,0.666525446672358,0.666796750998176,0.5945917023564782,-0.3816469046012202,0.09086027288021721,0.6818429221255436,2.250638063341715,-1.0278116216513173,5.529087748334748,3.2784496849930322,network_max_absolute_inner_lono_residual,54.0,2.5884783267589073,gap_length|acf_only|donor_r2_only|additive_d_over_4_heuristic,huc8_05140101
huc8_05140101,03292470,365.0,7.152336898241957,0.8520616697160192,0.666525446672358,0.6701296038439872,0.5945917023564782,-0.14494879465044058,-0.9862772719292999,0.6845260346599669,4.702153762211862,1.4237040772188294,7.980603447204894,3.2784496849930322,network_max_absolute_inner_lono_residual,54.0,5.0857113283805155,gap_length|acf_only|donor_r2_only|additive_d_over_4_heuristic,huc8_05140101
huc8_05140101,03292474,7.0,0.4517964791400093,0.2903590471900539,0.7710487869858771,0.833091985304095,0.9244529299721949,0.02638936829096041,0.05739451857526674,0.3638488949015281,0.5640831180328816,-2.714366566960151,3.8425328030259136,3.2784496849930322,network_max_absolute_inner_lono_residual,54.0,0.687109432844857,gap_length|acf_only|donor_r2_only|additive_d_over_4_heuristic,huc8_05140101
huc8_05140101,03292474,14.0,0.5795468495999063,0.4212193539515904,0.7710487869858771,0.7919412836819999,0.9244529299721949,-0.019255526681078203,-0.05131363059782389,0.368436633456038,0.5166361582017219,-2.76181352679131,3.7950858431947543,3.2784496849930322,network_max_absolute_inner_lono_residual,54.0,0.6107224618553555,gap_length|acf_only|donor_r2_only|additive_d_over_4_heuristic,huc8_05140101
huc8_05140101,03292474,30.0,0.5861676325201988,0.5839892079518789,0.7710487869858771,0.7749316568878536,0.9244529299721949,0.10077185086285398,-0.11652615075781769,0.3708982175285351,0.4572683335783527,-2.8211813514146797,3.7357180185713847,3.2784496849930322,network_max_absolute_inner_lono_residual,54.0,0.5261079469610864,gap_length|acf_only|donor_r2_only|additive_d_over_4_heuristic,huc8_05140101
huc8_05140101,03292474,60.0,0.53939014651378,0.7046928157906913,0.7710487869858771,0.7716956118134362,0.9244529299721949,-0.07483945474064788,-0.028353237705069857,0.3719751773576902,0.6390537139909057,-2.6393959710021266,3.917503398983938,3.2784496849930322,network_max_absolute_inner_lono_residual,54.0,0.6967901502183964,gap_length|acf_only|donor_r2_only|additive_d_over_4_heuristic,huc8_05140101
huc8_05140101,03292474,90.0,0.6338101609812842,0.7588754396835101,0.7710487869858771,0.7713932551082406,0.9244529299721949,-0.04536697362270033,-0.20971412402132678,0.3723341639674142,0.9487062406360536,-2.3297434443569784,4.227155925629086,3.2784496849930322,network_max_absolute_inner_lono_residual,54.0,1.0063646956788848,gap_length|acf_only|donor_r2_only|additive_d_over_4_heuristic,huc8_05140101
huc8_05140101,03292474,180.0,0.6874061036374834,0.8294991480330931,0.7710487869858771,0.7710637443449211,0.9244529299721949,0.9776352016060459,0.1047635977824666,0.37269315057713914,2.0647847037432214,-1.2136649812498108,5.343234388736254,3.2784496849930322,network_max_absolute_inner_lono_residual,54.0,2.1364992420345694,gap_length|acf_only|donor_r2_only|additive_d_over_4_heuristic,huc8_05140101
huc8_05140101,03292475,7.0,0.6245560336112976,0.2669876535308642,0.8241064847769907,0.8750368495975367,0.8620888913709434,-0.05192697058480174,-0.08937731042303487,0.4702534243231083,0.5925709594349968,-2.6858787255580356,3.871020644428029,3.2784496849930322,network_max_absolute_inner_lono_residual,54.0,0.864784416539056,gap_length|acf_only|donor_r2_only|additive_d_over_4_heuristic,huc8_05140101
huc8_05140101,03292475,14.0,1.181085788863046,0.39343483526079603,0.8241064847769907,0.8412983632894837,0.8620888913709434,0.024311381115370824,0.01756086600907108,0.4825189554441241,0.5319662308900933,-2.746483454102939,3.8104159158831257,3.2784496849930322,network_max_absolute_inner_lono_residual,54.0,0.7867889549126271,gap_length|acf_only|donor_r2_only|additive_d_over_4_heuristic,huc8_05140101
huc8_05140101,03292475,30.0,1.1641358166808884,0.5584596270019638,0.8241064847769907,0.8269381957697264,0.8620888913709434,-0.04997125052945904,-0.12068422730749924,0.4893885007109855,0.46002182151950405,-2.818427863473528,3.7384715065125365,3.2784496849930322,network_max_absolute_inner_lono_residual,54.0,0.6948828741943145,gap_length|acf_only|donor_r2_only|additive_d_over_4_heuristic,huc8_05140101
huc8_05140101,03292475,60.0,1.2778147968550524,0.6858015339971777,0.8241064847769907,0.824841301795038,0.8620888913709434,0.033873217554180976,-0.1981943381775529,0.4923971144982865,0.6247536699183116,-2.6536960150747206,3.903203354911344,3.2784496849930322,network_max_absolute_inner_lono_residual,54.0,0.8499069382930733,gap_length|acf_only|donor_r2_only|additive_d_over_4_heuristic,huc8_05140101
huc8_05140101,03292475,90.0,1.6292619682682887,0.7434374752863593,0.8241064847769907,0.8244951157684808,0.8620888913709434,0.04440120622432618,-0.2348717531779807,0.4933999859259417,0.9274429809925024,-2.35100670400053,4.205892665985535,3.2784496849930322,network_max_absolute_inner_lono_residual,54.0,1.1526321296117714,gap_length|acf_only|donor_r2_only|additive_d_over_4_heuristic,huc8_05140101
huc8_05140101,03292475,180.0,3.629462553183237,0.8185827114805104,0.8241064847769907,0.8241387944962195,0.8620888913709434,0.852537307035685,-0.3839649212405093,0.4944028573535978,2.034312627192529,-1.2441370578005033,5.312762312185561,3.2784496849930322,network_max_absolute_inner_lono_residual,54.0,2.2735052075573945,gap_length|acf_only|donor_r2_only|additive_d_over_4_heuristic,huc8_05140101
huc8_05140101,03292480,7.0,0.2942740666653428,0.2904757544409572,0.8034019296606536,0.8564458183535414,0.9266678233777654,0.03663828300400869,0.05341325655179,0.39248818326287116,0.5586014590312054,-2.719848225961827,3.8370511440242376,3.2784496849930322,network_max_absolute_inner_lono_residual,54.0,0.7307939564574572,gap_length|acf_only|donor_r2_only|additive_d_over_4_heuristic,huc8_05140101
huc8_05140101,03292480,14.0,0.3827116585203579,0.42135562841655094,0.8034019296606536,0.8213760235026505,0.9266678233777654,0.015043974240047869,-0.022931453516849602,0.39651676863683283,0.49288173611884323,-2.785567948874189,3.7713314211118756,3.2784496849930322,network_max_absolute_inner_lono_residual,54.0,0.6376999560042897,gap_length|acf_only|donor_r2_only|additive_d_over_4_heuristic,huc8_05140101
huc8_05140101,03292480,30.0,0.3612158618768056,0.5841113190053924,0.8034019296606536,0.8054680815521916,0.9266678233777654,0.11270005911752021,-0.03948156655955652,0.3986715825820133,0.43023979496485354,-2.848209890028179,3.7086894799578856,3.2784496849930322,network_max_absolute_inner_lono_residual,54.0,0.5498785065636329,gap_length|acf_only|donor_r2_only|additive_d_over_4_heuristic,huc8_05140101
huc8_05140101,03292480,60.0,0.3657548621495564,0.7047823650317502,0.8034019296606536,0.8034478340153162,0.9266678233777654,0.0810896056437455,-0.12941745424668885,0.3996143167863652,0.6084467097612377,-2.6700029752317946,3.88689639475427,3.2784496849930322,network_max_absolute_inner_lono_residual,54.0,0.7172772394674165,gap_length|acf_only|donor_r2_only|additive_d_over_4_heuristic,huc8_05140101
huc8_05140101,03292480,90.0,0.4129078029178911,0.7589485948171973,0.8034019296606536,0.8036093293287101,0.9266678233777654,-0.059327433691964714,-0.1642828145506492,0.3999285615211483,0.9167421358137511,-2.361707549179281,4.195191820806784,3.2784496849930322,network_max_absolute_inner_lono_residual,54.0,1.0256147775329316,gap_length|acf_only|donor_r2_only|additive_d_over_4_heuristic,huc8_05140101
huc8_05140101,03292480,180.0,0.5348046814335718,0.8295508768392492,0.8034019296606536,0.8034626293602506,0.9266678233777654,0.9776352016060459,0.1047635977824666,0.40024280625593206,2.032316490968837,-1.2461331940241953,5.310766175961869,3.2784496849930322,network_max_absolute_inner_lono_residual,54.0,2.155266024784773,gap_length|acf_only|donor_r2_only|additive_d_over_4_heuristic,huc8_05140101
huc8_05140101,03292500,7.0,0.7244538896424431,0.24978290658958213,0.6933193191236506,0.7905681899081776,0.6766531387833808,-0.02598058418752412,-0.10526915356065181,0.6722403123070997,0.6193072073875469,-2.6591424776054855,3.897756892380579,3.2784496849930322,network_max_absolute_inner_lono_residual,54.0,1.0382320690684097,gap_length|acf_only|donor_r2_only|additive_d_over_4_heuristic,huc8_05140101
huc8_05140101,03292500,14.0,1.0058471066185406,0.3723420719031446,0.6933193191236506,0.7316655774387844,0.6766531387833808,0.01981925733438204,0.02976565087351881,0.7208231939154774,0.6421405189159071,-2.636309166077125,3.9205902039089393,3.2784496849930322,network_max_absolute_inner_lono_residual,54.0,1.0741103320648522,gap_length|acf_only|donor_r2_only|additive_d_over_4_heuristic,huc8_05140101
huc8_05140101,03292500,30.0,0.993443012992541,0.5381851152162023,0.6933193191236506,0.7011974899381569,0.6766531387833808,0.016430676876686767,-0.016594429937072133,0.7491755233289128,0.6168119165450402,-2.661637768447992,3.8952616015380723,3.2784496849930322,network_max_absolute_inner_lono_residual,54.0,1.0458844677565577,gap_length|acf_only|donor_r2_only|additive_d_over_4_heuristic,huc8_05140101
huc8_05140101,03292500,60.0,1.2323507898698252,0.6705160723800989,0.6933193191236506,0.6961979436982957,0.6766531387833808,0.0954050071067349,-0.20433607560166003,0.7616149497567439,0.7799971736648568,-2.4984525113281757,4.058446858657889,3.2784496849930322,network_max_absolute_inner_lono_residual,54.0,1.2075898637206202,gap_length|acf_only|donor_r2_only|additive_d_over_4_heuristic,huc8_05140101
huc8_05140101,03292500,90.0,1.380223045070966,0.7309345279275652,0.6933193191236506,0.6948017006707516,0.6766531387833808,0.22294478751977884,-0.2060105520243058,0.7657614286260089,1.0801183957179126,-2.19833128927512,4.358568080710945,3.2784496849930322,network_max_absolute_inner_lono_residual,54.0,1.510279364466703,gap_length|acf_only|donor_r2_only|additive_d_over_4_heuristic,huc8_05140101
huc8_05140101,03292500,180.0,2.44055450047387,0.809741422101605,0.6933193191236506,0.6934162383000566,0.6766531387833808,0.9946847814257909,-0.02225486527208517,0.7699079074952753,2.182551092877518,-1.0958985921155144,5.4610007778705505,3.2784496849930322,network_max_absolute_inner_lono_residual,54.0,2.6291133115239957,gap_length|acf_only|donor_r2_only|additive_d_over_4_heuristic,huc8_05140101
huc8_05140101,03293000,7.0,0.7000584891864231,0.2656868999741826,0.6876870251267191,0.7812698047535434,0.787870248124199,0.017455325589495013,0.06599964750153185,0.616484658036163,0.6032355204368631,-2.675214164556169,3.8816852054298954,3.2784496849930322,network_max_absolute_inner_lono_residual,54.0,0.9549659482927628,gap_length|acf_only|donor_r2_only|additive_d_over_4_heuristic,huc8_05140101
huc8_05140101,03293000,14.0,0.9213667540145772,0.3918592550600458,0.6876870251267191,0.7222790177320781,0.787870248124199,0.0044429507288375695,-0.003925522115463725,0.6601587728648048,0.6189101299548163,-2.659539555038216,3.8973598149478486,3.2784496849930322,network_max_absolute_inner_lono_residual,54.0,0.977830079959834,gap_length|acf_only|donor_r2_only|additive_d_over_4_heuristic,huc8_05140101
huc8_05140101,03293000,30.0,1.4406084043979646,0.5569727559948957,0.6876870251267191,0.694941671986795,0.787870248124199,0.05667771355589239,0.03213888579084202,0.6876166775072687,0.5856933319629857,-2.6927563530300467,3.864143016956018,3.2784496849930322,network_max_absolute_inner_lono_residual,54.0,0.9419941121069407,gap_length|acf_only|donor_r2_only|additive_d_over_4_heuristic,huc8_05140101
huc8_05140101,03293000,60.0,1.2998770671685536,0.6846898233005562,0.6876870251267191,0.6901809881572951,0.787870248124199,-0.00958310372773547,-0.12742869900963066,0.6997614278869209,0.757641356607411,-2.520808328385621,4.036091041600443,3.2784496849930322,network_max_absolute_inner_lono_residual,54.0,1.1129781680391115,gap_length|acf_only|donor_r2_only|additive_d_over_4_heuristic,huc8_05140101
huc8_05140101,03293000,90.0,1.559214013311598,0.7425285704929274,0.6876870251267191,0.6893091560725979,0.787870248124199,-0.11178076175095972,-0.07441284026021151,0.7038097525282785,1.0614900754944956,-2.2169596094985367,4.339939760487528,3.2784496849930322,network_max_absolute_inner_lono_residual,54.0,1.4198939236637667,gap_length|acf_only|donor_r2_only|additive_d_over_4_heuristic,huc8_05140101
huc8_05140101,03293000,180.0,2.813157303359773,0.8179400023777943,0.6876870251267191,0.6883948637129074,0.787870248124199,0.9794052108628929,0.09643286046108149,0.7078580771700277,2.1694858201442537,-1.1089638648487785,5.447935505137286,3.2784496849930322,network_max_absolute_inner_lono_residual,54.0,2.5449025025559897,gap_length|acf_only|donor_r2_only|additive_d_over_4_heuristic,huc8_05140101
huc8_05140102,03293510,7.0,0.7526464005453246,0.23047391162614816,0.6120502943967675,0.7428089004389503,0.48764360478212976,-0.07657909029528225,-0.1095235136792724,0.21639496423199764,0.6384469216588222,-2.6595048794045733,3.9363987227222177,3.2979518010633955,network_max_absolute_inner_lono_residual,54.0,0.5239847969430473,gap_length|acf_only|donor_r2_only|additive_d_over_4_heuristic,huc8_05140102
huc8_05140102,03293510,14.0,1.110179330451148,0.3480096079418502,0.6120502943967675,0.6634610000889274,0.48764360478212976,0.004438918244279758,-0.043260886268722605,0.2176171059647584,0.7314876592219309,-2.5664641418414647,4.029439460285326,3.2979518010633955,network_max_absolute_inner_lono_residual,54.0,0.5697102190866534,gap_length|acf_only|donor_r2_only|additive_d_over_4_heuristic,huc8_05140102
huc8_05140102,03293510,30.0,0.9684307449857392,0.5137559120277506,0.6120502943967675,0.6218518873395724,0.48764360478212976,0.014813149424898642,-0.16001308009408638,0.21826893633418074,0.7374698961610934,-2.560481904902302,4.035421697224489,3.2979518010633955,network_max_absolute_inner_lono_residual,54.0,0.5367404969525269,gap_length|acf_only|donor_r2_only|additive_d_over_4_heuristic,huc8_05140102
huc8_05140102,03293510,60.0,1.09820721022288,0.6516851472741072,0.6120502943967675,0.6184090193770466,0.48764360478212976,0.09102276272976996,-0.20149608120324122,0.2185541121205677,0.8838213934890279,-2.4141304075743677,4.181773194552424,3.2979518010633955,network_max_absolute_inner_lono_residual,54.0,0.6673879400347518,gap_length|acf_only|donor_r2_only|additive_d_over_4_heuristic,huc8_05140102
huc8_05140102,03293510,90.0,1.3733493037223814,0.7155064458651433,0.6120502943967675,0.6141178093498436,0.48764360478212976,0.2342714857015979,-0.13352270865226493,0.2186491707160299,1.1869450554604168,-2.1110067456029786,4.484896856523813,3.2979518010633955,network_max_absolute_inner_lono_residual,54.0,0.9669392896334176,gap_length|acf_only|donor_r2_only|additive_d_over_4_heuristic,huc8_05140102
huc8_05140102,03293510,180.0,2.7725353774759505,0.7988308533553681,0.6120502943967675,0.6126198057706123,0.48764360478212976,0.943343160558505,0.021533721243330965,0.21874422931149223,2.287099318180447,-1.0108524828829486,5.585051119243842,3.2979518010633955,network_max_absolute_inner_lono_residual,54.0,2.079055717483358,gap_length|acf_only|donor_r2_only|additive_d_over_4_heuristic,huc8_05140102
huc8_05140102,03297800,7.0,0.8295092237075524,0.2957965109157422,0.7921524568452417,0.8477678493144766,0.8168501693792078,0.09480962366052124,0.08935531889563038,0.5818891577520455,0.5483983774550636,-2.749553423608332,3.846350178518459,3.2979518010633955,network_max_absolute_inner_lono_residual,54.0,0.940466219178038,gap_length|acf_only|donor_r2_only|additive_d_over_4_heuristic,huc8_05140102
huc8_05140102,03297800,14.0,0.9044515893555112,0.42754271206702754,0.7921524568452417,0.8116412270884517,0.8168501693792078,-0.06006286318327057,0.022057092900168968,0.6008415961047087,0.4817217772081976,-2.816230023855198,3.779673578271593,3.2979518010633955,network_max_absolute_inner_lono_residual,54.0,0.8609539798345117,gap_length|acf_only|donor_r2_only|additive_d_over_4_heuristic,huc8_05140102
huc8_05140102,03297800,30.0,0.9826680947678784,0.5896248548013272,0.7921524568452417,0.7969290276623241,0.8168501693792078,0.04274026643891676,-0.01955241956072502,0.6111110924844947,0.4143386314568008,-2.8836131696065945,3.7122904325201964,3.2979518010633955,network_max_absolute_inner_lono_residual,54.0,0.7766020159086543,gap_length|acf_only|donor_r2_only|additive_d_over_4_heuristic,huc8_05140102
huc8_05140102,03297800,60.0,1.2421781355285395,0.708818564446471,0.7921524568452417,0.7935087053510066,0.8168501693792078,0.007624564859952198,-0.019165805518866052,0.615604386486212,0.5996106340235982,-2.698341167039797,3.8975624350869937,3.2979518010633955,network_max_absolute_inner_lono_residual,54.0,0.9541776346497178,gap_length|acf_only|donor_r2_only|additive_d_over_4_heuristic,huc8_05140102
huc8_05140102,03297800,90.0,1.185846967741433,0.7622456990507589,0.7921524568452417,0.792778489357953,0.8168501693792078,-0.02156721896148268,0.03283604670553256,0.6171021511541546,0.9136417578712036,-2.3843100431921918,4.211593558934599,3.2979518010633955,network_max_absolute_inner_lono_residual,54.0,1.2693892544740673,gap_length|acf_only|donor_r2_only|additive_d_over_4_heuristic,huc8_05140102
huc8_05140102,03297800,180.0,2.5256959163414106,0.8318822936793518,0.7921524568452417,0.7923414405968559,0.8168501693792078,0.032439080029268104,0.12427199593082064,0.6185999158220981,2.0390855003732224,-1.258866300690173,5.337037301436618,3.2979518010633955,network_max_absolute_inner_lono_residual,54.0,2.411144760066022,gap_length|acf_only|donor_r2_only|additive_d_over_4_heuristic,huc8_05140102
huc8_05140102,03297800,365.0,5.298037233750962,0.8819398647294886,0.7921524568452417,0.7951822177713552,0.8168501693792078,0.3416840518653824,-0.20920919886487382,0.6193590568181782,4.534945802454947,1.236994001391552,7.832897603518343,3.2979518010633955,network_max_absolute_inner_lono_residual,54.0,4.955260108214057,gap_length|acf_only|donor_r2_only|additive_d_over_4_heuristic,huc8_05140102
huc8_05140102,03297900,7.0,0.6274780126554624,0.2374990338166374,0.6966101219924208,0.797542965847376,0.6667883128288792,-0.10026283159671975,-0.06680575242398383,0.8523148316049044,0.6289470909281487,-2.6690047101352468,3.926898891991544,3.2979518010633955,network_max_absolute_inner_lono_residual,54.0,1.2874431196028366,gap_length|acf_only|donor_r2_only|additive_d_over_4_heuristic,huc8_05140102
huc8_05140102,03297900,14.0,0.8653614416931358,0.35694398195282595,0.6966101219924208,0.7376094029123703,0.6667883128288792,-0.1080211623690875,-0.08508066527987106,0.8957888477733508,0.6595553502274281,-2.6383964508359674,3.9575071512908235,3.2979518010633955,network_max_absolute_inner_lono_residual,54.0,1.3260521476372369,gap_length|acf_only|donor_r2_only|additive_d_over_4_heuristic,huc8_05140102
huc8_05140102,03297900,30.0,0.9135596348320444,0.5228603541956278,0.6966101219924208,0.7065361331434925,0.6667883128288792,0.2811504527363188,-0.14773535084303402,0.9193263595795955,0.6334587459993555,-2.6644930550640398,3.931410547062751,3.2979518010633955,network_max_absolute_inner_lono_residual,54.0,1.2911210496715049,gap_length|acf_only|donor_r2_only|additive_d_over_4_heuristic,huc8_05140102
huc8_05140102,03297900,60.0,1.016099598303437,0.65876135884301,0.6966101219924208,0.7020638964731716,0.6667883128288792,0.26159563886788584,-0.2416864256739364,0.9296246134406139,0.7871305422633944,-2.510821258800001,4.08508234332679,3.2979518010633955,network_max_absolute_inner_lono_residual,54.0,1.4404453744991559,gap_length|acf_only|donor_r2_only|additive_d_over_4_heuristic,huc8_05140102
huc8_05140102,03297900,90.0,1.1818862758609985,0.7213080822512196,0.6966101219924208,0.6984190350422301,0.6667883128288792,0.38708781643935947,-0.3477747086844742,0.933057364728026,1.0909603310279992,-2.2069914700353963,4.388912132091395,3.2979518010633955,network_max_absolute_inner_lono_residual,54.0,1.7449733149513385,gap_length|acf_only|donor_r2_only|additive_d_over_4_heuristic,huc8_05140102
huc8_05140102,03298000,7.0,0.8976643762311767,0.21033150497286068,0.749938365105441,0.8374975488411034,0.7987157899033194,-0.04810941689657228,-0.1737257104677969,0.531288416841858,0.6723418688822077,-2.6256099321811877,3.9702936699456033,3.2979518010633955,network_max_absolute_inner_lono_residual,54.0,1.0031764402181025,gap_length|acf_only|donor_r2_only|additive_d_over_4_heuristic,huc8_05140102
huc8_05140102,03298000,14.0,0.9220172095298768,0.32186927025414924,0.749938365105441,0.7838017086010598,0.7987157899033194,0.017940759033940996,-0.074718740669235,0.5751705854263598,0.7006222003797025,-2.5973296006836932,3.9985740014430977,3.2979518010633955,network_max_absolute_inner_lono_residual,54.0,1.043686786623,gap_length|acf_only|donor_r2_only|additive_d_over_4_heuristic,huc8_05140102
huc8_05140102,03298000,30.0,1.181570731242498,0.48617628047195205,0.749938365105441,0.7567809702592958,0.7987157899033194,0.12532042441440855,-0.03626571808812272,0.6023255826018722,0.6656719060432477,-2.632279895020148,3.963623707106643,3.2979518010633955,network_max_absolute_inner_lono_residual,54.0,1.0058654304304044,gap_length|acf_only|donor_r2_only|additive_d_over_4_heuristic,huc8_05140102
huc8_05140102,03298000,60.0,1.5699885098139446,0.6297691874634861,0.749938365105441,0.7516089562176298,0.7987157899033194,0.2409474493923553,-0.3517309467950804,0.6143071107482314,0.8054440799955822,-2.4925077210678133,4.103395881058978,3.2979518010633955,network_max_absolute_inner_lono_residual,54.0,1.1416215686725277,gap_length|acf_only|donor_r2_only|additive_d_over_4_heuristic,huc8_05140102
huc8_05140102,03298000,90.0,1.7729963098631962,0.6974937194120552,0.749938365105441,0.7503489482165308,0.7987157899033194,0.4028101045047972,-0.4402099000776447,0.6183009924215158,1.0913177791507493,-2.206634021912646,4.389269580214145,3.2979518010633955,network_max_absolute_inner_lono_residual,54.0,1.4288690865589677,gap_length|acf_only|donor_r2_only|additive_d_over_4_heuristic,huc8_05140102
huc8_05140102,03298135,7.0,0.4682102966308594,0.3035387665456871,0.8023837173992425,0.8532911464335443,0.936241995492868,-0.044132021310503165,-0.1731654491087221,0.31389626843630114,0.536216148138924,-2.7617356529244717,3.8341679492023193,3.2979518010633955,network_max_absolute_inner_lono_residual,54.0,0.6272275634968376,gap_length|acf_only|donor_r2_only|additive_d_over_4_heuristic,huc8_05140102
huc8_05140102,03298135,14.0,0.4656074808325087,0.43645605814752153,0.8023837173992425,0.8189480055092521,0.936241995492868,0.006324212084982156,-0.091901853560269,0.31498066361001226,0.46173220586244235,-2.8362195952009532,3.7596840069258377,3.2979518010633955,network_max_absolute_inner_lono_residual,54.0,0.5200406242685366,gap_length|acf_only|donor_r2_only|additive_d_over_4_heuristic,huc8_05140102
huc8_05140102,03298135,30.0,0.527624255458514,0.5974650906974099,0.8023837173992425,0.8052330065855462,0.936241995492868,0.12989332100231946,-0.03297209162116175,0.3155609483661757,0.39357947545781585,-2.90437232560558,3.691531276521211,3.2979518010633955,network_max_absolute_inner_lono_residual,54.0,0.42444951966082034,gap_length|acf_only|donor_r2_only|additive_d_over_4_heuristic,huc8_05140102
huc8_05140102,03298135,60.0,0.5437670729955038,0.7145353585238499,0.8023837173992425,0.8034974706501865,0.936241995492868,0.247088849190994,-0.34804967311099766,0.31581482424204327,0.5781972008118453,-2.7197546002515502,3.8761490018752407,3.2979518010633955,network_max_absolute_inner_lono_residual,54.0,0.597555616473134,gap_length|acf_only|donor_r2_only|additive_d_over_4_heuristic,huc8_05140102
huc8_05140102,03298135,90.0,0.5932231916719013,0.7669151489400338,0.8023837173992425,0.8028567138394801,0.936241995492868,0.4120260417758611,-0.4327493382397659,0.31589944953399907,0.8941384603537085,-2.403813340709687,4.192090261417104,3.2979518010633955,network_max_absolute_inner_lono_residual,54.0,0.9132811579128725,gap_length|acf_only|donor_r2_only|additive_d_over_4_heuristic,huc8_05140102
huc8_05140102,03298150,7.0,0.9764140428815568,0.32579474713067713,0.7433922963744348,0.804946823867135,0.816850169379208,0.04131739557877538,0.08399368930146807,0.5654685644748675,0.5169242224774392,-2.7810275785859564,3.8148760235408345,3.2979518010633955,network_max_absolute_inner_lono_residual,54.0,0.852156773142178,gap_length|acf_only|donor_r2_only|additive_d_over_4_heuristic,huc8_05140102
huc8_05140102,03298150,14.0,1.0176276579446026,0.4614972387841746,0.7433922963744348,0.7612600673977543,0.816850169379208,0.11443621600881193,0.1344162427520625,0.5833950739461521,0.46477927786912493,-2.8331725231942704,3.7627310789325206,3.2979518010633955,network_max_absolute_inner_lono_residual,54.0,0.7824076486405439,gap_length|acf_only|donor_r2_only|additive_d_over_4_heuristic,huc8_05140102
huc8_05140102,03298150,30.0,1.1921282993530231,0.6188786402921149,0.7433922963744348,0.7458319028674858,0.816850169379208,-0.060741515612345066,0.03631831871874947,0.5933441260629779,0.40933418898180146,-2.888617612081594,3.707285990045197,3.2979518010633955,network_max_absolute_inner_lono_residual,54.0,0.7101559250689977,gap_length|acf_only|donor_r2_only|additive_d_over_4_heuristic,huc8_05140102
huc8_05140102,03298150,60.0,1.16045126414299,0.7300326216906783,0.7433922963744348,0.7438441176435304,0.816850169379208,-0.0365392265316814,0.007060605901283268,0.5976995410487426,0.6070231907910126,-2.690928610272383,3.904974991854408,3.2979518010633955,network_max_absolute_inner_lono_residual,54.0,0.9019205407700639,gap_length|acf_only|donor_r2_only|additive_d_over_4_heuristic,huc8_05140102
huc8_05140102,03298150,90.0,1.4954595340490342,0.7795711979165016,0.7433922963744348,0.7436048055927662,0.816850169379208,0.0730859832487937,0.13174828221621743,0.5991513461028874,0.9276681737310745,-2.370283627332321,4.22561997479447,3.2979518010633955,network_max_absolute_inner_lono_residual,54.0,1.2245486054828414,gap_length|acf_only|donor_r2_only|additive_d_over_4_heuristic,huc8_05140102
huc8_05140102,03298150,180.0,2.230156744983461,0.8441332958791772,0.7433922963744348,0.7434423431125763,0.816850169379208,-0.029869096338271818,0.1742299791391674,0.6006031511570302,2.0628450614493903,-1.2351067396140052,5.360796862512785,3.2979518010633955,network_max_absolute_inner_lono_residual,54.0,2.376959064116973,gap_length|acf_only|donor_r2_only|additive_d_over_4_heuristic,huc8_05140102
huc8_05140102,03298150,365.0,3.674621406604166,0.8905430928401141,0.7433922963744348,0.7439465718464632,0.816850169379208,-0.1972619117951924,-0.04627723974835405,0.6013389975543354,4.573332017430189,1.275380216366793,7.871283818493584,3.2979518010633955,network_max_absolute_inner_lono_residual,54.0,4.935395101650779,gap_length|acf_only|donor_r2_only|additive_d_over_4_heuristic,huc8_05140102
huc8_05140102,03298200,7.0,0.5526610141141074,0.2278682810935423,0.8231537348087177,0.8825851098302547,0.8998684496908324,-0.13271993206578805,-0.07813444547334615,0.36815299039686783,0.647216596554004,-2.6507352045093917,3.9451683976173992,3.2979518010633955,network_max_absolute_inner_lono_residual,54.0,0.8313139115219264,gap_length|acf_only|donor_r2_only|additive_d_over_4_heuristic,huc8_05140102
huc8_05140102,03298200,14.0,0.6058177909946866,0.3446719425527247,0.8231537348087177,0.8466577516097573,0.8998684496908324,0.034432969774503094,-0.07171799388822472,0.3715829145366473,0.6110352212533756,-2.6869165798100196,3.9089870223167713,3.2979518010633955,network_max_absolute_inner_lono_residual,54.0,0.7672455024790034,gap_length|acf_only|donor_r2_only|additive_d_over_4_heuristic,huc8_05140102
huc8_05140102,03298200,30.0,0.6632414470600585,0.5103135411512341,0.8231537348087177,0.8294924323269893,0.8998684496908324,0.05656574593453558,-0.12949833216467893,0.37341455789185973,0.54363158762597,-2.7543202134374254,3.8415833886893656,3.2979518010633955,network_max_absolute_inner_lono_residual,54.0,0.671702717159371,gap_length|acf_only|donor_r2_only|additive_d_over_4_heuristic,huc8_05140102
huc8_05140102,03298200,60.0,1.0323167502731083,0.6489903072772393,0.8231537348087177,0.8254175972021777,0.8998684496908324,0.2357659352739431,-0.34956118571995887,0.37421590242602504,0.6903304261784496,-2.6076213748849457,3.9882822272418452,3.2979518010633955,network_max_absolute_inner_lono_residual,54.0,0.8029133529668797,gap_length|acf_only|donor_r2_only|additive_d_over_4_heuristic,huc8_05140102
huc8_05140102,03298200,90.0,1.3652765507565603,0.7132954355844882,0.8231537348087177,0.8238881779830122,0.8998684496908324,0.40533286527781875,-0.43831716486477257,0.3744830172707495,0.9841310971020342,-2.3138207039613614,4.28208289816543,3.2979518010633955,network_max_absolute_inner_lono_residual,54.0,1.0943227688393875,gap_length|acf_only|donor_r2_only|additive_d_over_4_heuristic,huc8_05140102
huc8_05140102,03298250,7.0,0.7270049257789339,0.2813971962932843,0.7839959078275316,0.8442965004842167,0.6554374340880922,-0.028003344456285745,0.11820715738489074,0.6657838592584436,0.572424494080376,-2.7255273069830195,3.8703762951437715,3.2979518010633955,network_max_absolute_inner_lono_residual,54.0,1.0584421199470646,gap_length|acf_only|donor_r2_only|additive_d_over_4_heuristic,huc8_05140102
huc8_05140102,03298250,14.0,0.8232932346207754,0.4106820762999561,0.7839959078275316,0.8061312875665881,0.6554374340880922,-0.1200911055003819,0.1564417081585756,0.7191801769502711,0.5170083606227093,-2.7809434404406863,3.8149601616861046,3.2979518010633955,network_max_absolute_inner_lono_residual,54.0,1.0290641832126735,gap_length|acf_only|donor_r2_only|additive_d_over_4_heuristic,huc8_05140102
huc8_05140102,03298250,30.0,0.9126691313584644,0.5744573980896339,0.7839959078275316,0.7913510802898194,0.6554374340880922,-0.046876003243999056,-0.0428986790450894,0.7503133203736092,0.44630651190055187,-2.8516452891628434,3.7442583129639475,3.2979518010633955,network_max_absolute_inner_lono_residual,54.0,0.9648470049734242,gap_length|acf_only|donor_r2_only|additive_d_over_4_heuristic,huc8_05140102
huc8_05140102,03298250,60.0,1.1120348295966784,0.6976803634634383,0.7839959078275316,0.7858789221036722,0.6554374340880922,-0.08398270929561087,-0.008582838954569266,0.763970024126889,0.6293720554601016,-2.668579745603294,3.927323856523497,3.2979518010633955,network_max_absolute_inner_lono_residual,54.0,1.1491732765285017,gap_length|acf_only|donor_r2_only|additive_d_over_4_heuristic,huc8_05140102
huc8_05140102,03298250,90.0,1.1471796762545905,0.7531461757486083,0.7839959078275316,0.7854091326998862,0.6554374340880922,0.07119248571663085,0.1361327279214138,0.7685222616024078,0.9383765349219129,-2.3595752661414826,4.236328335985308,3.2979518010633955,network_max_absolute_inner_lono_residual,54.0,1.4625901014560219,gap_length|acf_only|donor_r2_only|additive_d_over_4_heuristic,huc8_05140102
huc8_05140102,03298250,180.0,2.236520893719461,0.8254479137013913,0.7839959078275316,0.784407481517391,0.6554374340880922,-0.032856013068260935,0.17047768213849931,0.7730744990779271,2.059974246361868,-1.2379775547015273,5.357926047425264,3.2979518010633955,network_max_absolute_inner_lono_residual,54.0,2.6033052839683024,gap_length|acf_only|donor_r2_only|additive_d_over_4_heuristic,huc8_05140102
huc8_05140102,03298250,365.0,3.2474519745029817,0.8774213414447539,0.7839959078275316,0.785404406975621,0.6554374340880922,-0.18997233759731486,-0.04021328446791586,0.7753817975244232,4.557399776205436,1.2594479751420407,7.855351577268832,3.2979518010633955,network_max_absolute_inner_lono_residual,54.0,5.149709030087471,gap_length|acf_only|donor_r2_only|additive_d_over_4_heuristic,huc8_05140102
huc8_05140102,03301900,7.0,0.743714349610465,0.30138847935290014,0.7908170709484721,0.8456946004843833,0.7608210098889205,-0.060955866115062915,-0.17408390911294205,0.4390233892886725,0.5403208183210294,-2.757630982742366,3.838272619384425,3.2979518010633955,network_max_absolute_inner_lono_residual,54.0,0.7674170867577853,gap_length|acf_only|donor_r2_only|additive_d_over_4_heuristic,huc8_05140102
huc8_05140102,03301900,14.0,0.7407555624416896,0.4339911086070595,0.7908170709484721,0.8108229029625196,0.7608210098889205,0.015447743415389731,-0.07437251008856308,0.45662389537744946,0.46808324401792084,-2.8298685570454745,3.7660350450813165,3.2979518010633955,network_max_absolute_inner_lono_residual,54.0,0.6811423532376111,gap_length|acf_only|donor_r2_only|additive_d_over_4_heuristic,huc8_05140102
huc8_05140102,03301900,30.0,0.8151507038275401,0.5953088285906929,0.7908170709484721,0.7967322700747504,0.7608210098889205,0.12157467835083757,-0.03478102560263756,0.46652756857289934,0.4004192265809163,-2.8975325744824794,3.6983710276443116,3.2979518010633955,network_max_absolute_inner_lono_residual,54.0,0.596463819049062,gap_length|acf_only|donor_r2_only|additive_d_over_4_heuristic,huc8_05140102
huc8_05140102,03301900,60.0,1.111694884300232,0.7129656268592373,0.7908170709484721,0.7928250175936193,0.7608210098889205,0.24256103528485626,-0.34895374741840196,0.47086563849415614,0.5903557388635021,-2.7075960621998933,3.8883075399268976,3.2979518010633955,network_max_absolute_inner_lono_residual,54.0,0.7786017339618445,gap_length|acf_only|donor_r2_only|additive_d_over_4_heuristic,huc8_05140102
huc8_05140102,03301900,90.0,1.420289356496599,0.7656330516311214,0.7908170709484721,0.7911069852280846,0.7608210098889205,0.4050238552688188,-0.4367352093443121,0.4723116620694968,0.9089422658369796,-2.389009535226416,4.206894066900375,3.2979518010633955,network_max_absolute_inner_lono_residual,54.0,1.0980578377612435,gap_length|acf_only|donor_r2_only|additive_d_over_4_heuristic,huc8_05140102
huc8_05140102,03301940,7.0,0.6623941714423045,0.28648606249506847,0.7382963193070395,0.8092334721944712,0.8709073256140034,-0.12183197846169044,-0.08095810599566203,0.58427563406837,0.5755765118917403,-2.722375289171655,3.873528312955136,3.2979518010633955,network_max_absolute_inner_lono_residual,54.0,0.9388984511259751,gap_length|acf_only|donor_r2_only|additive_d_over_4_heuristic,huc8_05140102
huc8_05140102,03301940,14.0,0.9042929594857352,0.41668321128501085,0.7382963193070395,0.7606099941032384,0.8709073256140034,0.01796370781299479,-0.07627927269543669,0.6257262836687095,0.5497532921429104,-2.7481985089204852,3.8477050932063057,3.2979518010633955,network_max_absolute_inner_lono_residual,54.0,0.9213044904015438,gap_length|acf_only|donor_r2_only|additive_d_over_4_heuristic,huc8_05140102
huc8_05140102,03301940,30.0,0.8692814571460088,0.5799077500915761,0.7382963193070395,0.7420311698469952,0.8709073256140034,0.12329285968781611,-0.03471444376665476,0.6534320569277349,0.49163579540459645,-2.806316005658799,3.789587596467992,3.2979518010633955,network_max_absolute_inner_lono_residual,54.0,0.8643924949279543,gap_length|acf_only|donor_r2_only|additive_d_over_4_heuristic,huc8_05140102
huc8_05140102,03301940,60.0,1.0530722858905792,0.7016956266624104,0.7382963193070395,0.7395381389805727,0.8709073256140034,0.24256103528485626,-0.34895374741840196,0.6658267070626422,0.6687171619000607,-2.629234639163335,3.966668962963456,3.2979518010633955,network_max_absolute_inner_lono_residual,54.0,1.042694067882003,gap_length|acf_only|donor_r2_only|additive_d_over_4_heuristic,huc8_05140102
huc8_05140102,03301940,90.0,1.1829882898595598,0.756426850448726,0.7382963193070395,0.7383259180585874,0.8709073256140034,0.4050238552688188,-0.4367352093443121,0.6699586521608645,0.9814858783839747,-2.316465922679421,4.27943767944737,3.2979518010633955,network_max_absolute_inner_lono_residual,54.0,1.359234906606493,gap_length|acf_only|donor_r2_only|additive_d_over_4_heuristic,huc8_05140102
huc8_05140102,03302000,7.0,0.9571796151569912,0.28584980982342145,0.7250909482535082,0.7999065187410144,0.8159178083544432,-0.05128920187632306,-0.1541580859181338,0.6153288046290616,0.5784478182843033,-2.7195039827790923,3.8763996193476986,3.2979518010633955,network_max_absolute_inner_lono_residual,54.0,0.9691980907207873,gap_length|acf_only|donor_r2_only|additive_d_over_4_heuristic,huc8_05140102
huc8_05140102,03302000,14.0,1.253023041827338,0.41593544586505204,0.7250909482535082,0.7482638071509113,0.8159178083544432,0.020629445956928127,-0.058374425012317044,0.6303285125310678,0.5619479994463028,-2.736003801617093,3.859899800509698,3.2979518010633955,network_max_absolute_inner_lono_residual,54.0,0.9296444084294919,gap_length|acf_only|donor_r2_only|additive_d_over_4_heuristic,huc8_05140102
huc8_05140102,03302000,30.0,1.4014929024328788,0.579231788790856,0.7250909482535082,0.7277001667054057,0.8159178083544432,0.12817273764855147,-0.03210601529364662,0.6384853172748539,0.5096576449193809,-2.7882941561440147,3.8076094459827763,3.2979518010633955,network_max_absolute_inner_lono_residual,54.0,0.855508252070223,gap_length|acf_only|donor_r2_only|additive_d_over_4_heuristic,huc8_05140102
huc8_05140102,03302000,60.0,1.720046268383662,0.7011984594098322,0.7250909482535082,0.7258790829235343,0.8159178083544432,0.24459516290527433,-0.3483442147530306,0.6420544399509099,0.6843436143827245,-2.613608186680671,3.98229541544612,3.2979518010633955,network_max_absolute_inner_lono_residual,54.0,1.021588949950126,gap_length|acf_only|donor_r2_only|additive_d_over_4_heuristic,huc8_05140102
huc8_05140102,03302000,90.0,1.9030391107665168,0.7560206627432495,0.7250909482535082,0.7259832018179428,0.8159178083544432,0.408931379474372,-0.4342102408872847,0.6432441475117286,0.9929593159446729,-2.3049924851187225,4.2909111170080685,3.2979518010633955,network_max_absolute_inner_lono_residual,54.0,1.3311181374491765,gap_length|acf_only|donor_r2_only|additive_d_over_4_heuristic,huc8_05140102
huc8_05140102,03302030,7.0,0.8077075474602836,0.23650235909795347,0.7443440389069809,0.8255948117074045,0.8568596277862923,-0.07255110589543665,-0.17122454279488655,0.40472769258320046,0.6424791352597191,-2.6554726658036762,3.9404309363231147,3.2979518010633955,network_max_absolute_inner_lono_residual,54.0,0.8181615878007242,gap_length|acf_only|donor_r2_only|additive_d_over_4_heuristic,huc8_05140102
huc8_05140102,03302030,14.0,0.880800817183086,0.3556821406534455,0.7443440389069809,0.7730822219829302,0.8568596277862923,0.023819063158214526,-0.0808316751442318,0.4096581584809262,0.6512935901987156,-2.64665821086468,3.949245391262111,3.2979518010633955,network_max_absolute_inner_lono_residual,54.0,0.7939797048401763,gap_length|acf_only|donor_r2_only|additive_d_over_4_heuristic,huc8_05140102
huc8_05140102,03302030,30.0,0.9892315869728724,0.5215841211335492,0.7443440389069809,0.7497384213305731,0.8568596277862923,0.12446912816659272,-0.03445798241593129,0.41229124439735215,0.6019523970287605,-2.695999404034635,3.899904198092156,3.2979518010633955,network_max_absolute_inner_lono_residual,54.0,0.7149790812149385,gap_length|acf_only|donor_r2_only|additive_d_over_4_heuristic,huc8_05140102
huc8_05140102,03302030,60.0,1.4079451865752537,0.6577737852524121,0.7443440389069809,0.7455302901808383,0.8568596277862923,0.24459516290527433,-0.3483442147530306,0.4134432204840582,0.7542282370283441,-2.5437235640350515,4.052180038091739,3.2979518010633955,network_max_absolute_inner_lono_residual,54.0,0.8525400717514361,gap_length|acf_only|donor_r2_only|additive_d_over_4_heuristic,huc8_05140102
huc8_05140102,03302030,90.0,1.7313302778667876,0.7204987241641898,0.7443440389069809,0.7446133507257995,0.8568596277862923,0.408931379474372,-0.4342102408872847,0.41382721251296023,1.0494729979845991,-2.2484788030787963,4.347424799047994,3.2979518010633955,network_max_absolute_inner_lono_residual,54.0,1.1460338324564967,gap_length|acf_only|donor_r2_only|additive_d_over_4_heuristic,huc8_05140102
huc8_05140102,03302050,7.0,0.7319696441718511,0.2509665417338346,0.6669917566904358,0.7756574413165891,0.8457664915647042,0.12312123577371263,-0.021620077672621647,0.38514554449202704,0.6073007435859806,-2.6906510574774147,3.905252544649376,3.2979518010633955,network_max_absolute_inner_lono_residual,54.0,0.7128113448423706,gap_length|acf_only|donor_r2_only|additive_d_over_4_heuristic,huc8_05140102
huc8_05140102,03302050,14.0,0.8587624937295913,0.3738108151989117,0.6669917566904358,0.7148134374276482,0.8457664915647042,0.07293007012301773,-0.15856111522366703,0.42433866638482093,0.6335765176240091,-2.6643752834393863,3.9315283186874046,3.2979518010633955,network_max_absolute_inner_lono_residual,54.0,0.7412773086284539,gap_length|acf_only|donor_r2_only|additive_d_over_4_heuristic,huc8_05140102
huc8_05140102,03302050,30.0,1.1018799998760225,0.5396232704227417,0.6669917566904358,0.6848491542916082,0.8457664915647042,-0.019307501119243876,-0.1624701067135419,0.4542463873262605,0.6043568458989558,-2.6935949551644396,3.9023086469623514,3.2979518010633955,network_max_absolute_inner_lono_residual,54.0,0.7109271006902852,gap_length|acf_only|donor_r2_only|additive_d_over_4_heuristic,huc8_05140102
huc8_05140102,03302050,60.0,1.3238340056538582,0.671609826642285,0.6669917566904358,0.6769592027110407,0.8457664915647042,0.07961383010636475,-0.36371252358335887,0.46813222821455447,0.7764657890249098,-2.5214860120384857,4.074417590088306,3.2979518010633955,network_max_absolute_inner_lono_residual,54.0,0.8821239914946246,gap_length|acf_only|donor_r2_only|additive_d_over_4_heuristic,huc8_05140102
huc8_05140102,03302050,90.0,1.6031810587512123,0.7318296699249949,0.6669917566904358,0.6740662041274947,0.8457664915647042,0.37243763529382556,-0.4103174991499777,0.4727645193972091,1.0828738194344558,-2.21507798162894,4.380825620497851,3.2979518010633955,network_max_absolute_inner_lono_residual,54.0,1.1912854907934234,gap_length|acf_only|donor_r2_only|additive_d_over_4_heuristic,huc8_05140102
huc8_07040006,05382255,7.0,0.3679094328199113,0.25323614720645227,0.595655019046315,0.7403193577759195,0.9217881052139062,-0.01013784667370889,-0.1108011488962372,0.34247428486405923,0.5311885552647072,-2.727638376373828,3.7900154869032425,3.258826931638535,network_max_absolute_inner_lono_residual,54.0,0.5561782230838253,gap_length|acf_only|donor_r2_only|additive_d_over_4_heuristic|nearest_donor_correlation,huc8_07040006
huc8_07040006,05382255,14.0,0.525879190819604,0.37661979215093255,0.595655019046315,0.6732874408593059,0.9217881052139062,-0.08208394753403248,-0.10135644992689523,0.3529387958291009,0.5790020171676583,-2.679824914470877,3.8378289488061936,3.258826931638535,network_max_absolute_inner_lono_residual,54.0,0.5736499168021488,gap_length|acf_only|donor_r2_only|additive_d_over_4_heuristic|nearest_donor_correlation,huc8_07040006
huc8_07040006,05382255,30.0,0.8092116450468699,0.5423625408697519,0.595655019046315,0.6243846532809155,0.9217881052139062,0.04554556318523288,-0.2013522440144324,0.3586427173081364,0.6110018904267515,-2.647825041211784,3.8698288220652866,3.258826931638535,network_max_absolute_inner_lono_residual,54.0,0.5723215863654847,gap_length|acf_only|donor_r2_only|additive_d_over_4_heuristic|nearest_donor_correlation,huc8_07040006
huc8_07040006,05382255,60.0,0.7590399195750555,0.6736889069395604,0.595655019046315,0.6070283711792235,0.9217881052139062,-0.003617737661161441,-0.2961983963397299,0.36113860741918263,0.8150682617493704,-2.443758669889165,4.073895193387906,3.258826931638535,network_max_absolute_inner_lono_residual,54.0,0.7599703265360521,gap_length|acf_only|donor_r2_only|additive_d_over_4_heuristic|nearest_donor_correlation,huc8_07040006
huc8_07040006,05382255,90.0,0.9283172905445098,0.7335309796318625,0.595655019046315,0.6033684904239167,0.9217881052139062,0.11937588214337727,-0.42982637756404773,0.3619705707913204,1.124905211877483,-2.1339217197610525,4.383732143516018,3.258826931638535,network_max_absolute_inner_lono_residual,54.0,1.0677634304378507,gap_length|acf_only|donor_r2_only|additive_d_over_4_heuristic|nearest_donor_correlation,huc8_07040006
huc8_07040006,05382255,180.0,2.1842593480878407,0.8115774992001767,0.595655019046315,0.5979602067978425,0.9217881052139062,0.8230585514511782,-0.2065785461158443,0.3628025341634603,2.246731971396726,-1.012094960241809,5.505558903035261,3.258826931638535,network_max_absolute_inner_lono_residual,54.0,2.19963696206594,gap_length|acf_only|donor_r2_only|additive_d_over_4_heuristic|nearest_donor_correlation,huc8_07040006
huc8_07040006,05382257,7.0,0.8673174456187656,0.40704971702284987,0.1988842862977137,0.3705852533120978,0.6430801423924731,0.0006398363265626095,-0.11891584987918477,0.936086883116518,0.5664298430358575,-2.692397088602678,3.8252567746743926,3.258826931638535,network_max_absolute_inner_lono_residual,54.0,0.9460186438128204,gap_length|acf_only|donor_r2_only|additive_d_over_4_heuristic|nearest_donor_correlation,huc8_07040006
huc8_07040006,05382257,14.0,0.946020247084754,0.5460259765596982,0.1988842862977137,0.27128229318631736,0.6430801423924731,-0.07815498487148609,-0.10063996154082959,0.9894145869302015,0.6801763084841063,-2.578650623154429,3.9390032401226414,3.258826931638535,network_max_absolute_inner_lono_residual,54.0,1.0618973444502666,gap_length|acf_only|donor_r2_only|additive_d_over_4_heuristic|nearest_donor_correlation,huc8_07040006
huc8_07040006,05382257,30.0,1.055225077311198,0.6856556547530731,0.1988842862977137,0.24143069615412383,0.6430801423924731,-0.020853665604094344,-0.19325770536833656,1.0185660139655328,0.708116658317309,-2.550710273321226,3.9669435899558443,3.258826931638535,network_max_absolute_inner_lono_residual,54.0,1.0929188350211683,gap_length|acf_only|donor_r2_only|additive_d_over_4_heuristic|nearest_donor_correlation,huc8_07040006
huc8_07040006,05382257,60.0,1.2036848558187483,0.7776762301865836,0.1988842862977137,0.22288934843789343,0.6430801423924731,-0.0005285989600796792,-0.2961057380931384,1.0313218650967466,0.9968328345861878,-2.2619940970523476,4.255659766224723,3.258826931638535,network_max_absolute_inner_lono_residual,54.0,1.3821186226028153,gap_length|acf_only|donor_r2_only|additive_d_over_4_heuristic|nearest_donor_correlation,huc8_07040006
huc8_07040006,05382257,90.0,1.333767596854104,0.8184733846272448,0.1988842862977137,0.2156890735378213,0.6430801423924731,0.11937588214337727,-0.42982637756404773,1.0355738154790706,1.3567007886233649,-1.9021261430151704,4.6155277202619,3.258826931638535,network_max_absolute_inner_lono_residual,54.0,1.7453822359620212,gap_length|acf_only|donor_r2_only|additive_d_over_4_heuristic|nearest_donor_correlation,huc8_07040006
huc8_07040006,05382257,180.0,1.9315478195084463,0.8716412992986635,0.1988842862977137,0.20202894249702363,0.6430801423924731,0.8230585514511782,-0.2065785461158443,1.039825765861398,2.5549075288403285,-0.7039194027982068,5.813734460478864,3.258826931638535,network_max_absolute_inner_lono_residual,54.0,2.958301057163693,gap_length|acf_only|donor_r2_only|additive_d_over_4_heuristic|nearest_donor_correlation,huc8_07040006
huc8_07040006,05382267,7.0,0.3542808857134411,0.2986515909184134,0.6869633033421132,0.7728875561416282,0.9311316945003751,-0.013694907454386751,-0.09990370084514508,0.29808301913983215,0.5590374039158258,-2.6997895277227095,3.817864335554361,3.258826931638535,network_max_absolute_inner_lono_residual,54.0,0.5572159897992464,gap_length|acf_only|donor_r2_only|additive_d_over_4_heuristic|nearest_donor_correlation,huc8_07040006
huc8_07040006,05382267,14.0,0.4680790053095136,0.43084195359264055,0.6869633033421132,0.7212326547177021,0.9311316945003751,-0.08389235216640427,-0.0960783501287181,0.2980131083296377,0.541954597968565,-2.7168723336699703,3.8007815296071,3.258826931638535,network_max_absolute_inner_lono_residual,54.0,0.5024952835603487,gap_length|acf_only|donor_r2_only|additive_d_over_4_heuristic|nearest_donor_correlation,huc8_07040006
huc8_07040006,05382267,30.0,0.4215375256538391,0.5925408447277756,0.6869633033421132,0.6987405106197746,0.9311316945003751,0.03883948515931058,-0.1996364550297991,0.29797415461687043,0.5020202354420377,-2.7568066961964974,3.760847167080573,3.258826931638535,network_max_absolute_inner_lono_residual,54.0,0.43312616120211533,gap_length|acf_only|donor_r2_only|additive_d_over_4_heuristic|nearest_donor_correlation,huc8_07040006
huc8_07040006,05382267,60.0,0.4317910523811975,0.7109477906411674,0.6869633033421132,0.690387445439611,0.9311316945003751,-0.011074062169832356,-0.29213296463398586,0.2979571117374699,0.70536183454833,-2.5534650970902053,3.964188766186865,3.258826931638535,network_max_absolute_inner_lono_residual,54.0,0.6225923359236113,gap_length|acf_only|donor_r2_only|additive_d_over_4_heuristic|nearest_donor_correlation,huc8_07040006
huc8_07040006,05382267,90.0,0.5117155649132199,0.763984903624129,0.6869633033421132,0.6890062336968585,0.9311316945003751,0.11502210018358867,-0.43384849460266645,0.2979514307776712,1.0223047080056893,-2.236522223632846,4.281131639644224,3.258826931638535,network_max_absolute_inner_lono_residual,54.0,0.9384726809166033,gap_length|acf_only|donor_r2_only|additive_d_over_4_heuristic|nearest_donor_correlation,huc8_07040006
huc8_07040006,05382267,180.0,0.842701661798689,0.8331121019586969,0.6869633033421132,0.688059555415194,0.9311316945003751,0.8230585514511782,-0.2065785461158443,0.2979457498178711,2.148962345934052,-1.109864585704483,5.407789277572587,3.258826931638535,network_max_absolute_inner_lono_residual,54.0,2.0772758034702825,gap_length|acf_only|donor_r2_only|additive_d_over_4_heuristic|nearest_donor_correlation,huc8_07040006
huc8_07040006,05382284,7.0,0.5009344470926694,0.29942900753783874,0.6035762193814314,0.7136057129489684,0.931131694500375,-0.0011397644827026542,-0.12463962215768339,0.4445238568397758,0.5295692005893184,-2.7292577310492168,3.7883961322278537,3.258826931638535,network_max_absolute_inner_lono_residual,54.0,0.6520476900087936,gap_length|acf_only|donor_r2_only|additive_d_over_4_heuristic|nearest_donor_correlation,huc8_07040006
huc8_07040006,05382284,14.0,0.6060374078580311,0.43173781734772176,0.6035762193814314,0.6508293227291968,0.931131694500375,-0.06091628945147123,-0.11549734433869066,0.45868380893489735,0.5460448518911556,-2.7127820797473796,3.804871783529691,3.258826931638535,network_max_absolute_inner_lono_residual,54.0,0.6423162564386706,gap_length|acf_only|donor_r2_only|additive_d_over_4_heuristic|nearest_donor_correlation,huc8_07040006
huc8_07040006,05382284,30.0,0.5824726090828577,0.5933297911500004,0.6035762193814314,0.6234890736968172,0.931131694500375,-0.11481686084766944,-0.1698178910903722,0.4670444693817601,0.5210662989037504,-2.7377606327347848,3.7798932305422857,3.258826931638535,network_max_absolute_inner_lono_residual,54.0,0.5952950451827949,gap_length|acf_only|donor_r2_only|additive_d_over_4_heuristic|nearest_donor_correlation,huc8_07040006
huc8_07040006,05382284,60.0,0.7188852305412292,0.7115232497781795,0.6035762193814314,0.6137235918781687,0.931131694500375,0.001979029470880983,-0.30241047540849286,0.4707188908443033,0.7291410096304076,-2.5296859220081274,3.987967941268943,3.258826931638535,network_max_absolute_inner_lono_residual,54.0,0.7930273183392795,gap_length|acf_only|donor_r2_only|additive_d_over_4_heuristic|nearest_donor_correlation,huc8_07040006
huc8_07040006,05382284,90.0,0.9208205916086832,0.7644549394757806,0.6035762193814314,0.6090237020224789,0.931131694500375,0.12091915871402648,-0.4410706013728756,0.4719437022999539,1.0563880665009016,-2.2024388651376334,4.315214998139437,3.258826931638535,network_max_absolute_inner_lono_residual,54.0,1.1193715825809114,gap_length|acf_only|donor_r2_only|additive_d_over_4_heuristic|nearest_donor_correlation,huc8_07040006
huc8_07040006,05382284,180.0,1.7060702788035076,0.8334444686855689,0.6035762193814314,0.6059347258868455,0.931131694500375,0.8279660132649791,-0.2078192602779166,0.4731685137556109,2.189840883825736,-1.0689860478127993,5.448667815464271,3.258826931638535,network_max_absolute_inner_lono_residual,54.0,2.2655574080033936,gap_length|acf_only|donor_r2_only|additive_d_over_4_heuristic|nearest_donor_correlation,huc8_07040006
huc8_10230006,06610000,7.0,0.3883596122318081,0.08828202657000495,0.8057296246694575,0.9139730154779003,0.9726657331076768,0.08662229599509745,0.048128173908992614,0.2344496545796264,0.740245931852894,-2.2542514453990066,3.734743309104795,2.994497377251901,network_max_absolute_inner_lono_residual,54.0,0.7949009681802325,gap_length|acf_only|donor_r2_only|additive_d_over_4_heuristic,huc8_10230006
huc8_10230006,06610000,14.0,0.7195007910639314,0.14623730588997697,0.8057296246694575,0.8692167679449012,0.9726657331076768,0.09895467903830166,0.032365468666379585,0.24831173038165436,0.863079046092638,-2.1314183311592627,3.857576423344539,2.994497377251901,network_max_absolute_inner_lono_residual,54.0,0.909111865570503,gap_length|acf_only|donor_r2_only|additive_d_over_4_heuristic,huc8_10230006
huc8_10230006,06610000,30.0,1.132846976092551,0.25802421012927346,0.8057296246694575,0.8308655751166034,0.9726657331076768,0.07302759363479384,0.059774121229546805,0.25806214938987193,0.9796050643833342,-2.0148923128685667,3.974102441635235,2.994497377251901,network_max_absolute_inner_lono_residual,54.0,1.0077885969651204,gap_length|acf_only|donor_r2_only|additive_d_over_4_heuristic,huc8_10230006
huc8_10230006,06610000,60.0,1.1913418805280938,0.40401936590032206,0.8057296246694575,0.8128350568718946,0.9726657331076768,0.09527682956512402,0.1363925870558754,0.26248611319068327,1.1471469407982173,-1.8473504364536835,4.141644318050118,2.994497377251901,network_max_absolute_inner_lono_residual,54.0,1.1567057395899827,gap_length|acf_only|donor_r2_only|additive_d_over_4_heuristic,huc8_10230006
huc8_10230006,06610000,90.0,1.605540123987749,0.497737121221384,0.8057296246694575,0.8092314038636622,0.9726657331076768,-0.07644006295457675,0.21205469983798692,0.2639612286442959,1.3677738503465182,-1.6267235269053826,4.362271227598419,2.994497377251901,network_max_absolute_inner_lono_residual,54.0,1.3698705153820696,gap_length|acf_only|donor_r2_only|additive_d_over_4_heuristic,huc8_10230006
huc8_10230006,06610000,180.0,4.44542735338982,0.6405252093881707,0.8057296246694575,0.8077313771288087,0.9726657331076768,-0.4749993603882709,0.1487758919018785,0.26543634415605166,2.261989695265562,-0.732507681986339,5.256487072517462,2.994497377251901,network_max_absolute_inner_lono_residual,54.0,2.26671873743681,gap_length|acf_only|donor_r2_only|additive_d_over_4_heuristic,huc8_10230006
huc8_10230006,06610000,365.0,11.692189397838018,0.7474842938163516,0.8057296246694575,0.8077782546528294,0.9726657331076768,0.024791033986282116,-0.9925719421467628,0.2661840054427602,4.443314484439065,1.448817107187164,7.437811861690966,2.994497377251901,network_max_absolute_inner_lono_residual,54.0,4.485824638494464,gap_length|acf_only|donor_r2_only|additive_d_over_4_heuristic,huc8_10230006
huc8_10300101,06893620,7.0,0.8406988958801543,0.23416216108066745,0.5586161959483047,0.7068072213150529,0.9059447473487091,0.663633885667214,0.21007555675993123,0.476037246130129,0.5879133570012696,-2.660647219091275,3.8364739330938145,3.2485605760925447,network_max_absolute_inner_lono_residual,54.0,0.7448313820603647,gap_length|acf_only|donor_r2_only|additive_d_over_4_heuristic|nearest_donor_correlation,huc8_10300101
huc8_10300101,06893620,14.0,0.9642929884365627,0.3527119245439392,0.5586161959483047,0.6240794392091424,0.9059447473487091,0.6792047341650985,0.22497390098037187,0.4971006416487849,0.6932209667054019,-2.5553396093871426,3.941781542797947,3.2485605760925447,network_max_absolute_inner_lono_residual,54.0,0.8231978716486434,gap_length|acf_only|donor_r2_only|additive_d_over_4_heuristic|nearest_donor_correlation,huc8_10300101
huc8_10300101,06893620,30.0,1.1560257329146069,0.5185675861853661,0.5586161959483047,0.5884934244351264,0.9059447473487091,0.7086204016505359,0.19047312837791627,0.5095439983279352,0.6832525406918537,-2.565308035400691,3.931813116784398,3.2485605760925447,network_max_absolute_inner_lono_residual,54.0,0.7886398771793829,gap_length|acf_only|donor_r2_only|additive_d_over_4_heuristic|nearest_donor_correlation,huc8_10300101
huc8_10300101,06893820,7.0,0.5637580362813812,0.18917394666963627,0.7360118311516459,0.839332254026301,0.9555616845406595,0.6807697010863312,0.22102506073737826,0.3946716699362821,0.6809475831142753,-2.5676129929782694,3.92950815920682,3.2485605760925447,network_max_absolute_inner_lono_residual,54.0,0.8467963816753484,gap_length|acf_only|donor_r2_only|additive_d_over_4_heuristic|nearest_donor_correlation,huc8_10300101
huc8_10300101,06893820,14.0,0.6514496360080583,0.29356356211140233,0.7360118311516459,0.7848843556141216,0.9555616845406595,0.6892893908578814,0.22479544193708034,0.403769596388371,0.7292894845616607,-2.519271091530884,3.9778500606542053,3.2485605760925447,network_max_absolute_inner_lono_residual,54.0,0.8682982704906342,gap_length|acf_only|donor_r2_only|additive_d_over_4_heuristic|nearest_donor_correlation,huc8_10300101
huc8_10300101,06893820,30.0,0.7957569726308187,0.4546375376777422,0.7360118311516459,0.7566411008965896,0.9555616845406595,0.7121595927469877,0.19919508714743658,0.4089686911721999,0.7068200110033667,-2.541740565089178,3.9553805870959113,3.2485605760925447,network_max_absolute_inner_lono_residual,54.0,0.8170141890715508,gap_length|acf_only|donor_r2_only|additive_d_over_4_heuristic|nearest_donor_correlation,huc8_10300101
huc8_10300101,06893890,7.0,0.4532267505781991,0.14015090261873187,0.308286500469768,0.6507183873161104,0.7752482887337766,0.6783787130325079,0.21388090602177745,0.5850026425603281,0.4323870417284281,-2.8161735343641165,3.680947617820973,3.2485605760925447,network_max_absolute_inner_lono_residual,54.0,0.6305248624857631,gap_length|acf_only|donor_r2_only|additive_d_over_4_heuristic|nearest_donor_correlation,huc8_10300101
huc8_10300101,06893890,14.0,0.5745818487235478,0.22456375297285813,0.308286500469768,0.5358271007696823,0.7752482887337766,0.6886798478105718,0.224191108628101,0.694081782651996,0.7065926794218029,-2.5419678966707417,3.9551532555143476,3.2485605760925447,network_max_absolute_inner_lono_residual,54.0,0.9665485819124023,gap_length|acf_only|donor_r2_only|additive_d_over_4_heuristic|nearest_donor_correlation,huc8_10300101
huc8_10300101,06893890,30.0,0.871503629763921,0.36973761763559565,0.308286500469768,0.4479047569237927,0.7752482887337766,0.7098921891586192,0.1916615603792598,0.7995105147103202,0.8992068334297727,-2.349353742662772,4.147767409522317,3.2485605760925447,network_max_absolute_inner_lono_residual,54.0,1.218833604093284,gap_length|acf_only|donor_r2_only|additive_d_over_4_heuristic|nearest_donor_correlation,huc8_10300101
huc8_10300101,06894000,7.0,0.8702289388860975,0.16470451446104972,0.72303341812468,0.8408527130272103,0.9555616845406596,0.6710449656344555,0.2033551696783782,0.3439200769169507,0.6945065170738053,-2.5540540590187395,3.94306709316635,3.2485605760925447,network_max_absolute_inner_lono_residual,54.0,0.8087864478271688,gap_length|acf_only|donor_r2_only|additive_d_over_4_heuristic|nearest_donor_correlation,huc8_10300101
huc8_10300101,06894000,14.0,1.0227142695443971,0.2597252164522649,0.72303341812468,0.7816868548661502,0.9555616845406596,0.6886798478105718,0.224191108628101,0.3505268453411808,0.7766612586162597,-2.471899317476285,4.0252218347088045,3.2485605760925447,network_max_absolute_inner_lono_residual,54.0,0.861339294089818,gap_length|acf_only|donor_r2_only|additive_d_over_4_heuristic|nearest_donor_correlation,huc8_10300101
huc8_10300101,06894000,30.0,1.3653149737715722,0.41448387728758174,0.72303341812468,0.7448381439228755,0.9555616845406596,0.7098921891586192,0.1916615603792598,0.35410526874996356,0.7935413755016866,-2.455019200590858,4.042101951594232,3.2485605760925447,network_max_absolute_inner_lono_residual,54.0,0.8456006275789725,gap_length|acf_only|donor_r2_only|additive_d_over_4_heuristic|nearest_donor_correlation,huc8_10300101
huc8_13060011,08405200,7.0,0.6075474616459438,0.18085742443166408,0.5364020580878499,0.7288199612156858,0.9047367803112359,0.38128199581090944,0.891262173447186,0.298133241002529,0.5816519994319537,-2.665458025760381,3.828762024624288,3.2471100251923346,network_max_absolute_inner_lono_residual,54.0,0.5535602179919729,gap_length|acf_only|donor_r2_only|additive_d_over_4_heuristic|nearest_donor_correlation,huc8_13060011
huc8_13060011,08405200,14.0,0.809075713157654,0.2821962961015476,0.5364020580878499,0.6303172807651469,0.9047367803112359,0.3298104424001855,0.9201450096326408,0.32029977934111553,0.7713913275815202,-2.4757186976108145,4.018501352773855,3.2471100251923346,network_max_absolute_inner_lono_residual,54.0,0.7161999349718106,gap_length|acf_only|donor_r2_only|additive_d_over_4_heuristic|nearest_donor_correlation,huc8_13060011
huc8_13060011,08405200,30.0,0.9956899728775024,0.44145512220686167,0.5364020580878499,0.561498637046964,0.9047367803112359,0.20362168140338785,0.9703034699005058,0.33334044145167924,0.875947982703117,-2.3711620424892175,4.123058007895452,3.2471100251923346,network_max_absolute_inner_lono_residual,54.0,0.7879780510532334,gap_length|acf_only|donor_r2_only|additive_d_over_4_heuristic|nearest_donor_correlation,huc8_13060011
huc8_13060011,08406500,7.0,0.4558404111862182,0.2612124627177491,0.6640968203772184,0.767895099442966,0.9440995844158936,0.37381363993511013,0.8949643742701902,0.32265055911389057,0.5847157007678714,-2.662394324424463,3.831825725960206,3.2471100251923346,network_max_absolute_inner_lono_residual,54.0,0.6134351940045584,gap_length|acf_only|donor_r2_only|additive_d_over_4_heuristic|nearest_donor_correlation,huc8_13060011
huc8_13060011,08406500,14.0,0.5344124555587768,0.38641565875938,0.6640968203772184,0.7021377756788907,0.9440995844158936,0.32231830015300755,0.924136213004387,0.3356706214153233,0.6242412559314006,-2.622868769260934,3.871351281123735,3.2471100251923346,network_max_absolute_inner_lono_residual,54.0,0.6242822669047148,gap_length|acf_only|donor_r2_only|additive_d_over_4_heuristic|nearest_donor_correlation,huc8_13060011
huc8_13060011,08406500,30.0,0.5298487954139709,0.5518019199990729,0.6640968203772184,0.671291209833919,0.9440995844158936,0.1954539964916293,0.9728495374642534,0.34309892019788063,0.5994802530394014,-2.647629772152933,3.8465902782317363,3.2471100251923346,network_max_absolute_inner_lono_residual,54.0,0.5737128007819884,gap_length|acf_only|donor_r2_only|additive_d_over_4_heuristic|nearest_donor_correlation,huc8_13060011
huc8_13060011,08407500,7.0,0.4998461144311087,0.3213144741788,0.6501345447959798,0.737226568521195,0.9440995844158937,0.38128199581090944,0.891262173447186,0.37335021981959565,0.5185096225579365,-2.728600402634398,3.7656196477502712,3.2471100251923346,network_max_absolute_inner_lono_residual,54.0,0.5778079346151547,gap_length|acf_only|donor_r2_only|additive_d_over_4_heuristic|nearest_donor_correlation,huc8_13060011
huc8_13060011,08407500,14.0,0.5280434969493322,0.4565247640154789,0.6501345447959798,0.6776743586601638,0.9440995844158937,0.3298104424001855,0.9201450096326408,0.3762434038783399,0.5181471576077222,-2.7289628675846123,3.765257182800057,3.2471100251923346,network_max_absolute_inner_lono_residual,54.0,0.5386722011116807,gap_length|acf_only|donor_r2_only|additive_d_over_4_heuristic|nearest_donor_correlation,huc8_13060011
huc8_13060011,08407500,30.0,0.5542768190701803,0.6146953440470125,0.6501345447959798,0.6538187990418654,0.9440995844158937,0.20362168140338785,0.9703034699005058,0.37778915008873676,0.48695478132949643,-2.760155243862838,3.734064806521831,3.2471100251923346,network_max_absolute_inner_lono_residual,54.0,0.4791673763947933,gap_length|acf_only|donor_r2_only|additive_d_over_4_heuristic|nearest_donor_correlation,huc8_13060011
huc8_16020102,10133800,7.0,0.6090278475625175,0.2520390826767622,0.40016652471704595,0.6018875181301466,0.8607151916042821,0.03408219111586449,0.014537573537288784,0.4198557856319669,0.5148290504681233,-2.737099940970332,3.7667580419065785,3.2519289914384553,network_max_absolute_inner_lono_residual,54.0,0.5253555598758617,gap_length|acf_only|donor_r2_only|additive_d_over_4_heuristic|nearest_donor_correlation,huc8_16020102
huc8_16020102,10133800,14.0,0.5535625611032758,0.375139443526769,0.40016652471704595,0.502321079236504,0.8607151916042821,0.02547251151653243,-0.0108170285740474,0.4590222704712961,0.6626176774588518,-2.5893113139796036,3.914546668897307,3.2519289914384553,network_max_absolute_inner_lono_residual,54.0,0.6601645337186816,gap_length|acf_only|donor_r2_only|additive_d_over_4_heuristic|nearest_donor_correlation,huc8_16020102
huc8_16020102,10133800,30.0,0.708937979578972,0.5409207568137333,0.40016652471704595,0.45597361978185813,0.8607151916042821,0.05572788586670008,-0.07723313136856971,0.4859908578789304,0.6851720892603822,-2.566756902178073,3.9371010806988376,3.2519289914384553,network_max_absolute_inner_lono_residual,54.0,0.6713851783734008,gap_length|acf_only|donor_r2_only|additive_d_over_4_heuristic|nearest_donor_correlation,huc8_16020102
huc8_16020102,10133800,60.0,0.8837618709007898,0.6725952885743594,0.40016652471704595,0.4375061319290392,0.8607151916042821,0.059157237293705055,-0.03262542942597272,0.49811754507192046,0.8900829857612876,-2.3618460056771675,4.142011977199743,3.2519289914384553,network_max_absolute_inner_lono_residual,54.0,0.8690093597224564,gap_length|acf_only|donor_r2_only|additive_d_over_4_heuristic|nearest_donor_correlation,huc8_16020102
huc8_16020102,10133800,90.0,1.1196928583648469,0.7326361102619203,0.40016652471704595,0.425556489736043,0.8607151916042821,0.11841937912826188,-0.14839338686773082,0.5021603209130981,1.223899299458288,-2.0280296919801675,4.475828290896743,3.2519289914384553,network_max_absolute_inner_lono_residual,54.0,1.201331575949695,gap_length|acf_only|donor_r2_only|additive_d_over_4_heuristic|nearest_donor_correlation,huc8_16020102
huc8_16020102,10133800,180.0,2.5006226048933136,0.8109446959434322,0.40016652471704595,0.4203018672206389,0.8607151916042821,0.23322993367013364,-0.08383583038714704,0.506203096775848,2.343183917810396,-0.9087450736280593,5.595112909248851,3.2519289914384553,network_max_absolute_inner_lono_residual,54.0,2.3355966958853362,gap_length|acf_only|donor_r2_only|additive_d_over_4_heuristic|nearest_donor_correlation,huc8_16020102
huc8_16020102,10133800,365.0,5.257296388995157,0.8672365019764917,0.40016652471704595,0.41166566394689186,0.8607151916042821,-0.03161266177595922,-0.04718318643739912,0.5082521749528578,4.854857498781038,1.6029285073425825,8.106786490219493,3.2519289914384553,network_max_absolute_inner_lono_residual,54.0,4.8897420230303315,gap_length|acf_only|donor_r2_only|additive_d_over_4_heuristic|nearest_donor_correlation,huc8_16020102
huc8_16020102,10133980,7.0,0.5078813906466322,0.27865130098877533,0.5691978786855495,0.7004174801566394,0.9052110618989467,0.03272273236460001,0.014786485961648527,0.32870211191365784,0.5473480020644403,-2.7045809893740147,3.799276993502896,3.2519289914384553,network_max_absolute_inner_lono_residual,54.0,0.5305997047100193,gap_length|acf_only|donor_r2_only|additive_d_over_4_heuristic|nearest_donor_correlation,huc8_16020102
huc8_16020102,10133980,14.0,0.4744758116267622,0.4074245332932771,0.5691978786855495,0.631689021033309,0.9052110618989467,0.04468673346810868,0.009567792902672827,0.3346507000686922,0.5888256135716812,-2.663103377866774,3.8407546050101367,3.2519289914384553,network_max_absolute_inner_lono_residual,54.0,0.5341910794005839,gap_length|acf_only|donor_r2_only|additive_d_over_4_heuristic|nearest_donor_correlation,huc8_16020102
huc8_16020102,10133980,30.0,0.5998297141802807,0.5714741896694,0.5691978786855495,0.5991930256439271,0.9052110618989467,0.05416204792458107,-0.07601335751440169,0.33787724863802476,0.5725233893282422,-2.6794056021102133,3.8244523807666972,3.2519289914384553,network_max_absolute_inner_lono_residual,54.0,0.4867867530867648,gap_length|acf_only|donor_r2_only|additive_d_over_4_heuristic|nearest_donor_correlation,huc8_16020102
huc8_16020102,10133980,60.0,0.7165452376921506,0.6954761208872361,0.5691978786855495,0.587352153806762,0.9052110618989467,0.05567721489089539,-0.033269136481078966,0.3392890317244249,0.7730699329554316,-2.4788590584830237,4.024998924393887,3.2519289914384553,network_max_absolute_inner_lono_residual,54.0,0.6724116614426809,gap_length|acf_only|donor_r2_only|additive_d_over_4_heuristic|nearest_donor_correlation,huc8_16020102
huc8_16020102,10133980,90.0,0.8470035614179343,0.7513450001941834,0.5691978786855495,0.5801411755633904,0.9052110618989467,0.11587310060258102,-0.1498457821486145,0.33975962608721005,1.1010328515874919,-2.150896139850963,4.352961843025947,3.2519289914384553,network_max_absolute_inner_lono_residual,54.0,0.9975112121395279,gap_length|acf_only|donor_r2_only|additive_d_over_4_heuristic|nearest_donor_correlation,huc8_16020102
huc8_16020102,10133980,180.0,2.2381673039137904,0.8241742757104653,0.5691978786855495,0.5794958103597763,0.9052110618989467,0.23124306611994988,-0.08474668110351316,0.3402302204499929,2.2175779404834297,-1.0343510509550256,5.4695069319218845,3.2519289914384553,network_max_absolute_inner_lono_residual,54.0,2.127839751540903,gap_length|acf_only|donor_r2_only|additive_d_over_4_heuristic|nearest_donor_correlation,huc8_16020102
huc8_16020102,10133980,365.0,4.094754026152755,0.8765269331353123,0.5691978786855495,0.5718633731893491,0.9052110618989467,-0.030972005474438756,-0.04076407179261331,0.3404687408804445,4.7343620110274305,1.4824330195889752,7.986291002465886,3.2519289914384553,network_max_absolute_inner_lono_residual,54.0,4.686205738353945,gap_length|acf_only|donor_r2_only|additive_d_over_4_heuristic|nearest_donor_correlation,huc8_16020102
huc8_16050102,10348200,7.0,0.5465410845620292,0.1996702571005844,0.5926031587544465,0.7540292052911606,0.9184684148776587,0.07279510913319107,0.06275555851110856,0.4448689191710535,0.5950870275930121,-2.6331468053529874,3.823320860539012,3.2282338329459996,network_max_absolute_inner_lono_residual,54.0,0.7432870827326109,gap_length|acf_only|donor_r2_only|additive_d_over_4_heuristic|nearest_donor_correlation,huc8_16050102
huc8_16050102,10348200,14.0,0.6405255923952375,0.307715579960105,0.5926031587544465,0.6823608371197156,0.9184684148776587,0.07965978944701686,0.08268701634862907,0.4587209736224102,0.6894159323438779,-2.5388179006021216,3.9176497652898776,3.2282338329459996,network_max_absolute_inner_lono_residual,54.0,0.8102006113912864,gap_length|acf_only|donor_r2_only|additive_d_over_4_heuristic|nearest_donor_correlation,huc8_16050102
huc8_16050102,10348200,30.0,0.9745147616565226,0.4706310032830837,0.5926031587544465,0.6449358461678889,0.9184684148776587,0.11920653511016158,0.06396051913587142,0.46629079592564804,0.6900149707089246,-2.538218862237075,3.918248803654924,3.2282338329459996,network_max_absolute_inner_lono_residual,54.0,0.7828859257266276,gap_length|acf_only|donor_r2_only|additive_d_over_4_heuristic|nearest_donor_correlation,huc8_16050102
huc8_16050102,10348200,60.0,0.9517269087433816,0.6170585626475503,0.5926031587544465,0.6300382322396036,0.9184684148776587,-0.00511997493318338,0.09722559083406457,0.46960331765267044,0.8513805153446908,-2.376853317601309,4.079614348290691,3.2282338329459996,network_max_absolute_inner_lono_residual,54.0,0.9269211568720743,gap_length|acf_only|donor_r2_only|additive_d_over_4_heuristic|nearest_donor_correlation,huc8_16050102
huc8_16050102,10348200,90.0,1.228265510359572,0.6870055171957499,0.5926031587544465,0.6277888667121823,0.9184684148776587,0.03137536248200988,0.10075953524399908,0.4707074915659557,1.1327729687178794,-2.0954608642281203,4.361006801663879,3.2282338329459996,network_max_absolute_inner_lono_residual,54.0,1.2059054134525042,gap_length|acf_only|donor_r2_only|additive_d_over_4_heuristic|nearest_donor_correlation,huc8_16050102
huc8_16050102,10348200,180.0,2.1391530945650823,0.7786682860219154,0.5926031587544465,0.6071604557614705,0.9184684148776587,0.006361185508069717,0.031862542416022537,0.4718116654792428,2.265494949374349,-0.9627388835716508,5.493728782320348,3.2282338329459996,network_max_absolute_inner_lono_residual,54.0,2.34347703563118,gap_length|acf_only|donor_r2_only|additive_d_over_4_heuristic|nearest_donor_correlation,huc8_16050102
huc8_16050102,10348200,365.0,5.130882810708844,0.8445704929156311,0.5926031587544465,0.59539154432389,0.9184684148776587,-0.2502047561494982,0.04279285194821366,0.47237131527091025,4.754153280201532,1.5259194472555322,7.9823871131475315,3.2282338329459996,network_max_absolute_inner_lono_residual,54.0,4.871742641828485,gap_length|acf_only|donor_r2_only|additive_d_over_4_heuristic|nearest_donor_correlation,huc8_16050102
huc8_16050102,10351600,7.0,0.5066891476086208,0.18290587384705226,0.6867418719194449,0.81271591103386,0.9470212896594887,0.0632302113005202,0.05509577443801045,0.3757400927709882,0.6640753776078829,-2.5641584553381165,3.892309210553883,3.2282338329459996,network_max_absolute_inner_lono_residual,54.0,0.7849665519024592,gap_length|acf_only|donor_r2_only|additive_d_over_4_heuristic|nearest_donor_correlation,huc8_16050102
huc8_16050102,10351600,14.0,0.5906833097764423,0.2850088843132287,0.6867418719194449,0.74904982210943,0.9470212896594887,0.07194994197746346,0.05495387509021589,0.39182079453017155,0.7460822110408174,-2.4821516219051825,3.974316043986817,3.2282338329459996,network_max_absolute_inner_lono_residual,54.0,0.8458277165425541,gap_length|acf_only|donor_r2_only|additive_d_over_4_heuristic|nearest_donor_correlation,huc8_16050102
huc8_16050102,10351600,30.0,0.9837003537813824,0.44474517622207543,0.6867418719194449,0.7166820241333087,0.9470212896594887,0.12019857685838269,0.040823641687388716,0.4008935188121523,0.7376958807157648,-2.490537952230235,3.9659297136617644,3.2282338329459996,network_max_absolute_inner_lono_residual,54.0,0.813494681963133,gap_length|acf_only|donor_r2_only|additive_d_over_4_heuristic|nearest_donor_correlation,huc8_16050102
huc8_16050102,10351600,60.0,0.9264669431447984,0.5952372701845835,0.6867418719194449,0.7049079486344104,0.9470212896594887,0.007423095773604093,0.08560008282334042,0.4048675719231473,0.8809768851717168,-2.347256947774283,4.109210718117716,3.2282338329459996,network_max_absolute_inner_lono_residual,54.0,0.9406191767585844,gap_length|acf_only|donor_r2_only|additive_d_over_4_heuristic|nearest_donor_correlation,huc8_16050102
huc8_16050102,10351600,90.0,1.054543182373047,0.6689002368491022,0.6867418719194449,0.706128998262828,0.9470212896594887,-0.024184928006571554,0.14096515829557116,0.40619225649173324,1.1439397698044027,-2.0842940631415967,4.372173602750403,3.2282338329459996,network_max_absolute_inner_lono_residual,54.0,1.2020663116921595,gap_length|acf_only|donor_r2_only|additive_d_over_4_heuristic|nearest_donor_correlation,huc8_16050102
huc8_16050102,10351600,180.0,2.249336671906174,0.7658481386569751,0.6867418719194449,0.6941862540464507,0.9470212896594887,0.0034155252006420308,0.02502496418460522,0.4075169410603229,2.2388858890620593,-0.9893479438839403,5.467119722008059,3.2282338329459996,network_max_absolute_inner_lono_residual,54.0,2.3044079263618884,gap_length|acf_only|donor_r2_only|additive_d_over_4_heuristic|nearest_donor_correlation,huc8_16050102
huc8_16050102,10351600,365.0,5.516156338423561,0.8355675801446386,0.6867418719194449,0.6883347167712439,0.9470212896594887,-0.2474668838087629,0.039438943436404514,0.40818835652659374,4.70135791813514,1.4731240851891405,7.92959175108114,3.2282338329459996,network_max_absolute_inner_lono_residual,54.0,4.808145292829127,gap_length|acf_only|donor_r2_only|additive_d_over_4_heuristic|nearest_donor_correlation,huc8_16050102
huc8_03040206,02110725,7.0,0.6004493863242013,0.06585204722741256,0.627086529236417,0.8569500086835173,0.9356205876987732,0.047581857993293404,-0.03965862242267469,0.22522995415391417,0.6554198939853262,-2.6387991302186418,3.9496389181892937,3.2942190242039677,network_max_absolute_inner_lono_residual,54.0,0.6362251611841098,gap_length|acf_only|donor_r2_only|additive_d_over_4_heuristic|nearest_donor_correlation,huc8_03040206
huc8_03040206,02110725,14.0,0.8207552358082364,0.11063836467473775,0.627086529236417,0.7742188611156072,0.9356205876987732,0.08748517087524729,-0.03931589896323643,0.2732031884005469,0.917400015043689,-2.376819009160279,4.2116190392476565,3.2942190242039677,network_max_absolute_inner_lono_residual,54.0,0.9135608442835931,gap_length|acf_only|donor_r2_only|additive_d_over_4_heuristic|nearest_donor_correlation,huc8_03040206
huc8_03040206,02110725,30.0,1.1764904925028483,0.20137429010663632,0.627086529236417,0.6860891145057297,0.9356205876987732,0.2013014890223138,-0.07761494467763728,0.3308371863242598,1.2250125077806204,-2.069206516423347,4.519231531984588,3.2942190242039677,network_max_absolute_inner_lono_residual,54.0,1.239956248354682,gap_length|acf_only|donor_r2_only|additive_d_over_4_heuristic|nearest_donor_correlation,huc8_03040206
huc8_03040206,02110725,60.0,1.1843752683003743,0.3309073522080015,0.627086529236417,0.6416182090627325,0.9356205876987732,0.4598578947288406,0.00991442877800217,0.36805293813846746,1.5114926208955306,-1.7827264033084371,4.805711645099498,3.2942190242039677,network_max_absolute_inner_lono_residual,54.0,1.5372396727255713,gap_length|acf_only|donor_r2_only|additive_d_over_4_heuristic|nearest_donor_correlation,huc8_03040206
huc8_03040206,02110725,90.0,1.3861958795653448,0.42282747480106664,0.627086529236417,0.6321952504012175,0.9356205876987732,0.649860904193965,0.23499635835635693,0.38113154112229103,1.7698965043900863,-1.5243225198138814,5.064115528594054,3.2942190242039677,network_max_absolute_inner_lono_residual,54.0,1.7996919930541486,gap_length|acf_only|donor_r2_only|additive_d_over_4_heuristic|nearest_donor_correlation,huc8_03040206
huc8_03040206,02110725,180.0,1.711047541009055,0.5786525329118155,0.627086529236417,0.6300554881464292,0.9356205876987732,0.44042240759820095,0.7867182662857677,0.39422547508554706,2.7239826947396737,-0.570236329464294,6.018201718943642,3.2942190242039677,network_max_absolute_inner_lono_residual,54.0,2.7669271050234796,gap_length|acf_only|donor_r2_only|additive_d_over_4_heuristic|nearest_donor_correlation,huc8_03040206
huc8_03040206,021108125,7.0,0.3451174374989101,0.056594241857218175,0.7183743322899847,0.8996419327764723,0.9603754743248394,-0.043045263599895266,0.05547737979474003,0.19101136897591844,0.7586502408248442,-2.5355687833791234,4.052869265028812,3.2942190242039677,network_max_absolute_inner_lono_residual,54.0,0.7403812168543489,gap_length|acf_only|donor_r2_only|additive_d_over_4_heuristic|nearest_donor_correlation,huc8_03040206
huc8_03040206,021108125,14.0,0.4704529006140572,0.09563784614986026,0.7183743322899847,0.8409661319787665,0.9603754743248394,-0.044387328607045855,0.06230130098535721,0.2217130967534337,0.9577148450025313,-2.3365041792014365,4.251933869206499,3.2942190242039677,network_max_absolute_inner_lono_residual,54.0,0.9462059719774528,gap_length|acf_only|donor_r2_only|additive_d_over_4_heuristic|nearest_donor_correlation,huc8_03040206
huc8_03040206,021108125,30.0,0.6641755159695942,0.1763491621650387,0.7183743322899847,0.769701107986361,0.9603754743248394,-0.04246630760304874,0.09427602062764395,0.2508394480451413,1.23426115430128,-2.0599578699026875,4.528480178505248,3.2942190242039677,network_max_absolute_inner_lono_residual,54.0,1.2190435359668177,gap_length|acf_only|donor_r2_only|additive_d_over_4_heuristic|nearest_donor_correlation,huc8_03040206
huc8_03040206,021108125,60.0,0.7516697484254837,0.2959785933346294,0.7183743322899847,0.7338514495117457,0.9603754743248394,0.04598607795010066,0.1411669986166736,0.26597325811705785,1.5152513785985975,-1.7789676456053702,4.809470402802566,3.2942190242039677,network_max_absolute_inner_lono_residual,54.0,1.492125025553026,gap_length|acf_only|donor_r2_only|additive_d_over_4_heuristic|nearest_donor_correlation,huc8_03040206
huc8_03040206,021108125,90.0,1.1088791809082033,0.38474830211745104,0.7183743322899847,0.7264112754376322,0.9603754743248394,-0.03556504813444873,0.18355378090687308,0.27105936111610496,1.7742901662982895,-1.5199288579056782,5.068509190502257,3.2942190242039677,network_max_absolute_inner_lono_residual,54.0,1.747952050036439,gap_length|acf_only|donor_r2_only|additive_d_over_4_heuristic|nearest_donor_correlation,huc8_03040206
huc8_03040206,021108125,180.0,1.886872269339032,0.5441088411615838,0.7183743322899847,0.7228437477909839,0.9603754743248394,-0.35902041129965345,0.13833444096682884,0.2761455873688493,2.725164477628649,-0.5690545465753187,6.019383501832617,3.2942190242039677,network_max_absolute_inner_lono_residual,54.0,2.702376592630169,gap_length|acf_only|donor_r2_only|additive_d_over_4_heuristic|nearest_donor_correlation,huc8_03040206
huc8_03040206,021108125,365.0,2.5364660647405337,0.6783128739087629,0.7183743322899847,0.7188081915123365,0.9603754743248394,-0.35907945817993336,-0.9002575481434973,0.2787235377275216,5.0898503393388745,1.7956313151349068,8.384069363542842,3.2942190242039677,network_max_absolute_inner_lono_residual,54.0,5.098126931280341,gap_length|acf_only|donor_r2_only|additive_d_over_4_heuristic|nearest_donor_correlation,huc8_03040206
huc8_03040206,02110815,7.0,0.6182586710793632,0.06597532091019709,0.7030147127954638,0.890670523570172,0.9603754743248394,0.0431491244505378,0.05275158006983525,0.18236858965619146,0.7266506627796546,-2.567568361424313,4.020869686983622,3.2942190242039677,network_max_absolute_inner_lono_residual,54.0,0.692035612892919,gap_length|acf_only|donor_r2_only|additive_d_over_4_heuristic|nearest_donor_correlation,huc8_03040206
huc8_03040206,02110815,14.0,0.7233174518176487,0.11083689188098256,0.7030147127954638,0.8297019807790056,0.9603754743248394,0.06203611029167892,0.06164305891567452,0.20819402077772564,0.9202518385223927,-2.373967185681575,4.21447086272636,3.2942190242039677,network_max_absolute_inner_lono_residual,54.0,0.8854427374969268,gap_length|acf_only|donor_r2_only|additive_d_over_4_heuristic|nearest_donor_correlation,huc8_03040206
huc8_03040206,02110815,30.0,1.2733918997446696,0.2017008476027018,0.7030147127954638,0.7546270552923944,0.9603754743248394,0.03046270073479923,0.12460152955480866,0.23009425928843924,1.1866653551143331,-2.1075536690896346,4.480884379318301,3.2942190242039677,network_max_absolute_inner_lono_residual,54.0,1.1374458262345106,gap_length|acf_only|donor_r2_only|additive_d_over_4_heuristic|nearest_donor_correlation,huc8_03040206
huc8_03040206,02110815,60.0,1.7601912291844684,0.3313522246194328,0.7030147127954638,0.7166209401495032,0.9603754743248394,-0.049012740454400634,0.1773054067732568,0.24075210997280108,1.4526241999843426,-1.8415948242196252,4.746843224188311,3.2942190242039677,network_max_absolute_inner_lono_residual,54.0,1.3883448632871354,gap_length|acf_only|donor_r2_only|additive_d_over_4_heuristic|nearest_donor_correlation,huc8_03040206
huc8_03040206,02110815,90.0,1.950911303758621,0.4233026900015212,0.7030147127954638,0.7082324839615004,0.9603754743248394,-0.002362901814156382,0.21843384356176268,0.24431486941880004,1.7077194400624363,-1.5864995841415315,5.001938464266404,3.2942190242039677,network_max_absolute_inner_lono_residual,54.0,1.6377525934796862,gap_length|acf_only|donor_r2_only|additive_d_over_4_heuristic|nearest_donor_correlation,huc8_03040206
huc8_03040206,02110815,180.0,3.122514073504342,0.5790687975766187,0.7030147127954638,0.7050526562670301,0.9603754743248394,-0.25044300989111334,0.596780699000567,0.2478776388898184,2.6651939132211586,-0.6290251109828091,5.959412937425126,3.2942190242039677,network_max_absolute_inner_lono_residual,54.0,2.597875819714162,gap_length|acf_only|donor_r2_only|additive_d_over_4_heuristic|nearest_donor_correlation,huc8_03040206
huc8_03050106,02156500,7.0,1.0642077210971288,0.16729045203667814,0.31734173749046213,0.6135519861910269,0.7564327393442568,-0.04991762120416647,0.1249554258655838,0.5915517163984302,0.5212241432385613,-2.648129704863615,3.6905779913407373,3.169353848102176,network_max_absolute_inner_lono_residual,54.0,0.6823595943400392,gap_length|acf_only|donor_r2_only|additive_d_over_4_heuristic|nearest_donor_correlation,huc8_03050106
huc8_03050106,02156500,14.0,1.043632549558367,0.2633576734555305,0.31734173749046213,0.45753309309419643,0.7564327393442568,-0.06379462612830204,0.13350077214612682,0.6597526123741154,0.8865834642462104,-2.282770383855966,4.055937312348386,3.169353848102176,network_max_absolute_inner_lono_residual,54.0,1.0514647079325632,gap_length|acf_only|donor_r2_only|additive_d_over_4_heuristic|nearest_donor_correlation,huc8_03050106
huc8_03050106,02156500,30.0,1.3367189087073008,0.4189275679823776,0.31734173749046213,0.3572671595731881,0.7564327393442568,-0.14179774897550398,-0.04358273931232103,0.7014495978263549,1.090338529935875,-2.0790153181663014,4.259692378038051,3.169353848102176,network_max_absolute_inner_lono_residual,54.0,1.2439871394300954,gap_length|acf_only|donor_r2_only|additive_d_over_4_heuristic|nearest_donor_correlation,huc8_03050106
huc8_03050106,02156500,60.0,1.65301656973362,0.5725571229836612,0.31734173749046213,0.32765663535570355,0.7564327393442568,-0.07882103232776236,0.026722343869715958,0.7198022527069164,1.2814671919483906,-1.8878866561537855,4.450821040050567,3.169353848102176,network_max_absolute_inner_lono_residual,54.0,1.4276389276681996,gap_length|acf_only|donor_r2_only|additive_d_over_4_heuristic|nearest_donor_correlation,huc8_03050106
huc8_03050106,02156500,90.0,2.089935276057985,0.6499053728923564,0.31734173749046213,0.32090900743336925,0.7564327393442568,-0.06480215950607052,-0.062498049938882264,0.7259198257329167,1.5589722544323885,-1.6103815936697876,4.728326102534565,3.169353848102176,network_max_absolute_inner_lono_residual,54.0,1.7050066468058738,gap_length|acf_only|donor_r2_only|additive_d_over_4_heuristic|nearest_donor_correlation,huc8_03050106
huc8_03050106,02156500,180.0,4.003967614014943,0.7523768641735272,0.31734173749046213,0.3197442329449458,0.7564327393442568,-0.09767781397307507,0.14961916984508886,0.732037398758929,2.596842960440773,-0.5725108876614033,5.766196808542949,3.169353848102176,network_max_absolute_inner_lono_residual,54.0,2.756988531487646,gap_length|acf_only|donor_r2_only|additive_d_over_4_heuristic|nearest_donor_correlation,huc8_03050106
huc8_03050106,02156500,365.0,7.439801946953551,0.826107397753584,0.31734173749046213,0.3173507121771133,0.7564327393442568,-0.03176290557136297,-0.0897791817681173,0.7351380864570782,5.007039962126393,1.8376861140242164,8.176393810228568,3.169353848102176,network_max_absolute_inner_lono_residual,54.0,5.208554382361657,gap_length|acf_only|donor_r2_only|additive_d_over_4_heuristic|nearest_donor_correlation,huc8_03050106
huc8_03050106,02160991,7.0,0.7210849823270524,0.16413269002877573,0.2871175867084692,0.6249469528964859,0.7564327393442567,-0.03510298786013975,0.16461400207773663,0.5382914696137459,0.4175519320505636,-2.7518019160516127,3.5869057801527395,3.169353848102176,network_max_absolute_inner_lono_residual,54.0,0.5272364253704697,gap_length|acf_only|donor_r2_only|additive_d_over_4_heuristic|nearest_donor_correlation,huc8_03050106
huc8_03050106,02160991,14.0,0.8613337523596627,0.25892016704089404,0.2871175867084692,0.492933684084798,0.7564327393442567,-0.06913572743054225,0.10055154894788176,0.6075431519889408,0.7142564698339113,-2.455097378268265,3.8836103179360872,3.169353848102176,network_max_absolute_inner_lono_residual,54.0,0.8364194703350974,gap_length|acf_only|donor_r2_only|additive_d_over_4_heuristic|nearest_donor_correlation,huc8_03050106
huc8_03050106,02160991,30.0,1.073270270983378,0.41349459576574066,0.2871175867084692,0.38931757945239653,0.7564327393442567,-0.11751436840006887,0.006641396275210029,0.6504195198849224,0.9299665928232068,-2.2393872552789693,4.099320440925383,3.169353848102176,network_max_absolute_inner_lono_residual,54.0,1.0411415223925378,gap_length|acf_only|donor_r2_only|additive_d_over_4_heuristic|nearest_donor_correlation,huc8_03050106
huc8_03050106,02160991,60.0,1.4499001571337382,0.5676571761100624,0.2871175867084692,0.34787006898200046,0.7564327393442567,-0.12813220192950867,0.05544370167622692,0.669311975900633,1.1551465454935566,-2.01420730260862,4.3245003935957325,3.169353848102176,network_max_absolute_inner_lono_residual,54.0,1.255574297843333,gap_length|acf_only|donor_r2_only|additive_d_over_4_heuristic|nearest_donor_correlation,huc8_03050106
huc8_03050106,02160991,90.0,1.8632729122903613,0.6457725507687765,0.2871175867084692,0.32597007134644596,0.7564327393442567,-0.12237560920153316,0.044302354190793314,0.6756094920784811,1.4760687524473406,-1.6932850956548355,4.645422600549517,3.169353848102176,network_max_absolute_inner_lono_residual,54.0,1.5716666835567983,gap_length|acf_only|donor_r2_only|additive_d_over_4_heuristic|nearest_donor_correlation,huc8_03050106
huc8_03050106,02160991,180.0,3.0613823894924588,0.7494415302937727,0.2871175867084692,0.30468091694000676,0.7564327393442567,-0.06650979408816873,0.22545019265646188,0.681907008256356,2.5712420655964463,-0.5981117825057298,5.740595913698622,3.169353848102176,network_max_absolute_inner_lono_residual,54.0,2.6746339334022227,gap_length|acf_only|donor_r2_only|additive_d_over_4_heuristic|nearest_donor_correlation,huc8_03050106
huc8_03050106,02160991,365.0,6.761045936284001,0.8240460580159058,0.2871175867084692,0.2904581425249242,0.7564327393442567,-0.09492452316001163,0.016444023040323146,0.6850989000177441,5.014778031117292,1.8454241830151155,8.184131879219468,3.169353848102176,network_max_absolute_inner_lono_residual,54.0,5.1557846650313035,gap_length|acf_only|donor_r2_only|additive_d_over_4_heuristic|nearest_donor_correlation,huc8_03050106
huc8_03050109,02168504,7.0,0.170736107145037,0.07518498670005558,0.11827046250263706,0.7247008099366317,0.7430406798199,-0.061894613695657165,0.041383209468448194,0.26686489242801564,0.051668546500135804,-3.3439046426093175,3.447241735609589,3.395573189109453,network_max_absolute_inner_lono_residual,54.0,-0.1699459644892812,gap_length|acf_only|donor_r2_only|additive_d_over_4_heuristic,huc8_03050109
huc8_03050109,02168504,14.0,0.2308635473251342,0.12557859535447868,0.11827046250263706,0.6644254240581465,0.7430406798199,-0.015477339262620243,0.0027249229322819646,0.32111882551301696,0.22827167804729007,-3.167301511062163,3.6238448671567434,3.395573189109453,network_max_absolute_inner_lono_residual,54.0,0.04068066282106575,gap_length|acf_only|donor_r2_only|additive_d_over_4_heuristic,huc8_03050109
huc8_03050109,02168504,30.0,0.4155544176101684,0.2256138903774808,0.11827046250263706,0.5862798423110461,0.7430406798199,0.010508940375296765,0.018963845395935954,0.37123113297774624,0.48396819817619485,-2.911604990933258,3.879541387285648,3.395573189109453,network_max_absolute_inner_lono_residual,54.0,0.3141299401894452,gap_length|acf_only|donor_r2_only|additive_d_over_4_heuristic,huc8_03050109
huc8_03050109,02168504,60.0,0.4602790174484253,0.36318006158904115,0.11827046250263706,0.48641237730067344,0.7430406798199,0.24479598300903352,-0.04871145243283475,0.39648343950975073,0.9276923976340138,-2.4678807914754395,4.323265586743467,3.395573189109453,network_max_absolute_inner_lono_residual,54.0,0.739488520227612,gap_length|acf_only|donor_r2_only|additive_d_over_4_heuristic,huc8_03050109
huc8_03050109,02168504,90.0,0.6326835865444608,0.4566747852073608,0.11827046250263706,0.40965198406203707,0.7430406798199,0.0348668566021462,-0.013277676018894301,0.40494051698725164,1.3942616269749968,-2.0013115621344566,4.78983481608445,3.395573189109453,network_max_absolute_inner_lono_residual,54.0,1.1843174230070335,gap_length|acf_only|donor_r2_only|additive_d_over_4_heuristic,huc8_03050109
huc8_03050109,02168504,180.0,1.3089579617712233,0.6074850396640669,0.11827046250263706,0.2733274630243343,0.7430406798199,0.16061378702106632,0.08142081817429665,0.41339765048873406,2.7828979963347993,-0.6126751927746539,6.178471185444252,3.395573189109453,network_max_absolute_inner_lono_residual,54.0,2.5403546453908574,gap_length|acf_only|donor_r2_only|additive_d_over_4_heuristic,huc8_03050109
huc8_03050109,02168504,365.0,2.8120728347464783,0.7240930797820868,0.11827046250263706,0.16073526197055177,0.7430406798199,-0.28284677097253014,0.7544339105037231,0.4176841428254446,5.537874617421425,2.1423014283119715,8.933447806530879,3.395573189109453,network_max_absolute_inner_lono_residual,54.0,5.297942070731475,gap_length|acf_only|donor_r2_only|additive_d_over_4_heuristic,huc8_03050109
huc8_03050109,02169000,7.0,0.395569862638201,0.21481604815853605,0.2894692525083721,0.5869740678011928,0.7430406798199001,-0.02527670424716653,0.02451661185715804,0.5918003930283533,0.509488734811044,-2.886084454298409,3.9050619239204973,3.395573189109453,network_max_absolute_inner_lono_residual,54.0,0.6380431062731546,gap_length|acf_only|donor_r2_only|additive_d_over_4_heuristic,huc8_03050109
huc8_03050109,02169000,14.0,0.5116203498840332,0.3277568612137427,0.2894692525083721,0.4986021623656651,0.7430406798199001,-0.021241707752327154,0.01481164823083066,0.6345334867325995,0.6395069215078664,-2.756066267601587,4.0350801106173195,3.395573189109453,network_max_absolute_inner_lono_residual,54.0,0.7700032439731425,gap_length|acf_only|donor_r2_only|additive_d_over_4_heuristic,huc8_03050109
huc8_03050109,02169000,30.0,0.5569722245534261,0.4925138331147302,0.2894692525083721,0.4474028279091483,0.7430406798199001,0.04164243818260097,0.12313669373412124,0.6580952189119617,0.6781047684553525,-2.7174684206541007,4.073677957564806,3.395573189109453,network_max_absolute_inner_lono_residual,54.0,0.7933570730815149,gap_length|acf_only|donor_r2_only|additive_d_over_4_heuristic,huc8_03050109
huc8_03050109,02169000,60.0,0.7214169631004335,0.6348737809688954,0.2894692525083721,0.41392630005938,0.7430406798199001,0.1410091662192771,0.11993730583398476,0.6684064697321493,0.9116032578873854,-2.4839699312220676,4.307176446996839,3.395573189109453,network_max_absolute_inner_lono_residual,54.0,1.0104282869047763,gap_length|acf_only|donor_r2_only|additive_d_over_4_heuristic,huc8_03050109
huc8_03050109,02169000,90.0,0.9872908681233724,0.7016962994503471,0.2894692525083721,0.3829874149435054,0.7430406798199001,0.14452485278104021,-0.012437553781790078,0.6718435533523106,1.2960124678967977,-2.0995607212126552,4.691585657006251,3.395573189109453,network_max_absolute_inner_lono_residual,54.0,1.385714488390107,gap_length|acf_only|donor_r2_only|additive_d_over_4_heuristic,huc8_03050109
huc8_03050109,02169000,180.0,1.3191520734363134,0.7890627900764661,0.2894692525083721,0.3367472424358594,0.7430406798199001,0.1681013040933179,0.02181270310813175,0.675280636972487,2.546227720091321,-0.8493454690181323,5.941800909200774,3.395573189109453,network_max_absolute_inner_lono_residual,54.0,2.6354181964814654,gap_length|acf_only|donor_r2_only|additive_d_over_4_heuristic,huc8_03050109
huc8_03050109,02169000,365.0,2.8085740266826056,0.8518700016418049,0.2894692525083721,0.2973531658677211,0.7430406798199001,-0.29400738161655154,0.747129649547638,0.6770227204512234,5.19345215776014,1.7978789686506866,8.589025346869594,3.395573189109453,network_max_absolute_inner_lono_residual,54.0,5.313402057952521,gap_length|acf_only|donor_r2_only|additive_d_over_4_heuristic,huc8_03050109
huc8_03070103,02203603,7.0,0.47355683190482,0.2786229790854434,0.7811456423395773,0.8425451193763641,0.952420209974756,-0.022134889621503423,-0.09231555643317305,0.2436936232449404,0.6186370452411588,-2.6288992595209013,3.866173350003219,3.2475363047620602,network_max_absolute_inner_lono_residual,54.0,0.6062109134197645,gap_length|acf_only|donor_r2_only|additive_d_over_4_heuristic|nearest_donor_correlation,huc8_03070103
huc8_03070103,02203603,14.0,0.4914511619295393,0.4073908630442754,0.7811456423395773,0.8027438873904297,0.952420209974756,0.026555615823169045,-0.08317927767710813,0.2440636369896897,0.5721299910634893,-2.675406313698571,3.8196662958255496,3.2475363047620602,network_max_absolute_inner_lono_residual,54.0,0.5267461191651734,gap_length|acf_only|donor_r2_only|additive_d_over_4_heuristic|nearest_donor_correlation,huc8_03070103
huc8_03070103,02203603,30.0,0.6166019649505615,0.5714432633451947,0.7811456423395773,0.7885174161096276,0.952420209974756,-0.12237237313733525,-0.047999293374570914,0.24425981587170387,0.5014040829070189,-2.7461322218550412,3.748940387669079,3.2475363047620602,network_max_absolute_inner_lono_residual,54.0,0.42846901213802885,gap_length|acf_only|donor_r2_only|additive_d_over_4_heuristic|nearest_donor_correlation,huc8_03070103
huc8_03070103,02203603,60.0,0.3866734547085232,0.6954532450247799,0.7811456423395773,0.7865377338853261,0.952420209974756,-0.849733151812603,0.527025647142259,0.244345635476299,0.6724938657063263,-2.575042439055734,3.9200301704683866,3.2475363047620602,network_max_absolute_inner_lono_residual,54.0,0.5868578678857722,gap_length|acf_only|donor_r2_only|additive_d_over_4_heuristic|nearest_donor_correlation,huc8_03070103
huc8_03070103,02203655,7.0,0.3212074368340628,0.27452456277119985,0.8370753120283234,0.882433330331813,0.9706000985198656,0.028455671122902405,0.11551087362143608,0.20274283023973158,0.632733954920118,-2.614802349841942,3.8802702596821783,3.2475363047620602,network_max_absolute_inner_lono_residual,54.0,0.6052298853630006,gap_length|acf_only|donor_r2_only|additive_d_over_4_heuristic|nearest_donor_correlation,huc8_03070103
huc8_03070103,02203655,14.0,0.3910781606606074,0.40250315455116437,0.8370753120283234,0.8516563973347147,0.9706000985198656,0.00656309958336157,0.23891982202783738,0.20133738118968744,0.5604382744667894,-2.687098030295271,3.8079745792288495,3.2475363047620602,network_max_absolute_inner_lono_residual,54.0,0.5014027820577194,gap_length|acf_only|donor_r2_only|additive_d_over_4_heuristic|nearest_donor_correlation,huc8_03070103
huc8_03070103,02203655,30.0,0.5366919960975647,0.5669337801700829,0.8370753120283234,0.8404504817283804,0.9706000985198656,-0.13355939043827064,0.14057090472330175,0.2005864319578569,0.4797553205050923,-2.767780984256968,3.7272916252671524,3.2475363047620602,network_max_absolute_inner_lono_residual,54.0,0.3931720845433034,gap_length|acf_only|donor_r2_only|additive_d_over_4_heuristic|nearest_donor_correlation,huc8_03070103
huc8_03070103,02203655,60.0,0.5126601312756539,0.6921120041879207,0.8370753120283234,0.8383165177716838,0.9706000985198656,-0.46534563842738647,0.19618500887378756,0.20025789116421716,0.6489038444988932,-2.598632460263167,3.8964401492609535,3.2475363047620602,network_max_absolute_inner_lono_residual,54.0,0.54894033019784,gap_length|acf_only|donor_r2_only|additive_d_over_4_heuristic|nearest_donor_correlation,huc8_03070103
huc8_03070103,02203655,90.0,0.5011882591777377,0.7485957399678629,0.8370753120283234,0.8373484129517017,0.9706000985198656,-0.39505703160069694,0.1672749232275158,0.20014837756633916,0.956221242740028,-2.2913150620220324,4.2037575475020885,3.2475363047620602,network_max_absolute_inner_lono_residual,54.0,0.854982715652816,gap_length|acf_only|donor_r2_only|additive_d_over_4_heuristic|nearest_donor_correlation,huc8_03070103
huc8_03070103,02203831,7.0,0.2688924087796893,0.28336807680231635,0.8274722287407498,0.8766915557388665,0.97840103957216,0.023572613640652117,0.12271946134582441,0.19644644171638095,0.6012068246097462,-2.646329480152314,3.8487431293718064,3.2475363047620602,network_max_absolute_inner_lono_residual,54.0,0.5641481534288205,gap_length|acf_only|donor_r2_only|additive_d_over_4_heuristic|nearest_donor_correlation,huc8_03070103
huc8_03070103,02203831,14.0,0.2986999688829694,0.4130118018033384,0.8274722287407498,0.8469481362348271,0.97840103957216,-0.05861940491483558,0.24921299452013743,0.19738586553264922,0.5223361817825101,-2.72520012297955,3.7698724865445703,3.2475363047620602,network_max_absolute_inner_lono_residual,54.0,0.45626421796425976,gap_length|acf_only|donor_r2_only|additive_d_over_4_heuristic|nearest_donor_correlation,huc8_03070103
huc8_03070103,02203831,30.0,0.2459265764554342,0.5765802399640828,0.8274722287407498,0.8332219228829445,0.97840103957216,-0.09813387474383777,0.336208788594561,0.1978896075309767,0.4510888046637209,-2.7964475000983393,3.698625109425781,3.2475363047620602,network_max_absolute_inner_lono_residual,54.0,0.35804010153252463,gap_length|acf_only|donor_r2_only|additive_d_over_4_heuristic|nearest_donor_correlation,huc8_03070103
huc8_03070103,02203831,60.0,0.2513343813021978,0.6992460521320831,0.8274722287407498,0.8324422259688886,0.97840103957216,-0.42111396396692247,0.32646601449596224,0.19810999696319767,0.6213058000926133,-2.626230504669447,3.8688421048546733,3.2475363047620602,network_max_absolute_inner_lono_residual,54.0,0.5163379486929778,gap_length|acf_only|donor_r2_only|additive_d_over_4_heuristic|nearest_donor_correlation,huc8_03070103
huc8_03070103,02203831,90.0,0.2603502802451451,0.7544254755966431,0.8274722287407498,0.829443431073084,0.97840103957216,-0.39505703160069694,0.1672749232275158,0.19818346010726956,0.9374833561809888,-2.3100529485810712,4.185019660943049,3.2475363047620602,network_max_absolute_inner_lono_residual,54.0,0.8309419958042655,gap_length|acf_only|donor_r2_only|additive_d_over_4_heuristic|nearest_donor_correlation,huc8_03070103
huc8_03070103,02203863,7.0,0.1976272858892168,0.2699931468931782,0.8684841047747236,0.9067633974859343,0.991572483686904,0.023687955312390707,0.09232632708354156,0.17025740638488798,0.6305664385553694,-2.616969866206691,3.8781027433174295,3.2475363047620602,network_max_absolute_inner_lono_residual,54.0,0.5884198179636407,gap_length|acf_only|donor_r2_only|additive_d_over_4_heuristic|nearest_donor_correlation,huc8_03070103
huc8_03070103,02203863,14.0,0.1918944756473813,0.39706346234066636,0.8684841047747236,0.8822593788884474,0.991572483686904,0.06085678756344255,0.18404943980931168,0.16874396508540238,0.5410866121121017,-2.7064496926499584,3.788622916874162,3.2475363047620602,network_max_absolute_inner_lono_residual,54.0,0.46963031842837405,gap_length|acf_only|donor_r2_only|additive_d_over_4_heuristic|nearest_donor_correlation,huc8_03070103
huc8_03070103,02203863,30.0,0.1910864729881287,0.5618674913560373,0.8684841047747236,0.8725690708556573,0.991572483686904,-0.07655584422203826,0.1829315866161586,0.16793670597779514,0.45502876676406073,-2.7925075379979996,3.702565071526121,3.2475363047620602,network_max_absolute_inner_lono_residual,54.0,0.35643112170366503,gap_length|acf_only|donor_r2_only|additive_d_over_4_heuristic|nearest_donor_correlation,huc8_03070103
huc8_03070103,02203863,60.0,0.2057231956720352,0.6883444120467388,0.8684841047747236,0.8706096139783797,0.991572483686904,-0.4671565416977524,0.20092006529300002,0.1675835301261021,0.6209680171341373,-2.626568287627923,3.8685043218961974,3.2475363047620602,network_max_absolute_inner_lono_residual,54.0,0.5088083195521707,gap_length|acf_only|donor_r2_only|additive_d_over_4_heuristic|nearest_donor_correlation,huc8_03070103
huc8_03070103,02203863,90.0,0.1414990071720547,0.7455162556118635,0.8684841047747236,0.8693112182606696,0.991572483686904,-0.39505703160069694,0.1672749232275158,0.16746580484220502,0.9278693696347652,-2.319666935127295,4.175405674396825,3.2475363047620602,network_max_absolute_inner_lono_residual,54.0,0.81419630621086,gap_length|acf_only|donor_r2_only|additive_d_over_4_heuristic|nearest_donor_correlation,huc8_03070103
huc8_03070103,02203873,7.0,0.1383011007308959,0.26949812111859606,0.8712126174592228,0.9094854082381796,0.9879792378062145,-0.02285897847793757,0.09230174443897173,0.15583242799869715,0.6331768993331728,-2.6143594054288872,3.8807132040952332,3.2475363047620602,network_max_absolute_inner_lono_residual,54.0,0.5766010069639111,gap_length|acf_only|donor_r2_only|additive_d_over_4_heuristic|nearest_donor_correlation,huc8_03070103
huc8_03070103,02203873,14.0,0.1649090160642351,0.3964669406628073,0.8712126174592228,0.8861325707058127,0.9879792378062145,0.0076512886362995304,0.04512211823158013,0.15493653980891167,0.5404090284682361,-2.707127276293824,3.7879453332302964,3.2475363047620602,network_max_absolute_inner_lono_residual,54.0,0.45558262422921747,gap_length|acf_only|donor_r2_only|additive_d_over_4_heuristic|nearest_donor_correlation,huc8_03070103
huc8_03070103,02203873,30.0,0.17295965218544,0.561308829649483,0.8712126174592228,0.8749938074296904,0.9879792378062145,-0.06577332539802042,0.22822153397889472,0.15445782408493178,0.4586736565565532,-2.788862648205507,3.7062099613186135,3.2475363047620602,network_max_absolute_inner_lono_residual,54.0,0.3465370786642524,gap_length|acf_only|donor_r2_only|additive_d_over_4_heuristic|nearest_donor_correlation,huc8_03070103
huc8_03070103,02203873,60.0,0.1692665668328602,0.6879280326781804,0.8712126174592228,0.8744119423731489,0.9879792378062145,-0.48258834650731003,0.29170729328412676,0.15424838561147106,0.6201341065315307,-2.62740219823053,3.8676704112935907,3.2475363047620602,network_max_absolute_inner_lono_residual,54.0,0.49504032938484877,gap_length|acf_only|donor_r2_only|additive_d_over_4_heuristic|nearest_donor_correlation,huc8_03070103
huc8_03070103,02203873,90.0,0.1706338085730869,0.7451758882792541,0.8712126174592228,0.8722983454966873,0.9879792378062145,-0.39505703160069694,0.1672749232275158,0.15417857278698108,0.9293553285096381,-2.318180976252422,4.1768916332716985,3.2475363047620602,network_max_absolute_inner_lono_residual,54.0,0.8025016788011949,gap_length|acf_only|donor_r2_only|additive_d_over_4_heuristic|nearest_donor_correlation,huc8_03070103
huc8_03070103,02203900,7.0,0.2510687610081263,0.24204043099657668,0.8562347155124685,0.9022607205792981,0.9842972327407168,0.029087814419506162,0.11570518311952163,0.19664896615620098,0.6768325622769668,-2.5707037424850934,3.924368867039027,3.2475363047620602,network_max_absolute_inner_lono_residual,54.0,0.661575616571258,gap_length|acf_only|donor_r2_only|additive_d_over_4_heuristic|nearest_donor_correlation,huc8_03070103
huc8_03070103,02203900,14.0,0.2357649801458631,0.3626698330749748,0.8562347155124685,0.8734820831726837,0.9842972327407168,0.014729366622278639,0.22350219822955836,0.19571717951017598,0.6136265812466409,-2.633909723515419,3.8611628860087013,3.2475363047620602,network_max_absolute_inner_lono_residual,54.0,0.5692529284536161,gap_length|acf_only|donor_r2_only|additive_d_over_4_heuristic|nearest_donor_correlation,huc8_03070103
huc8_03070103,02203900,30.0,0.2637814316749572,0.52861229886882,0.8562347155124685,0.8603611167086092,0.9842972327407168,-0.13497380466977046,0.1402159742970256,0.19520902225912334,0.5356429765533867,-2.7118933282086735,3.783179281315447,3.2475363047620602,network_max_absolute_inner_lono_residual,54.0,0.46305516909178474,gap_length|acf_only|donor_r2_only|additive_d_over_4_heuristic|nearest_donor_correlation,huc8_03070103
huc8_03070103,02203900,60.0,0.2564709579149882,0.6631953928973846,0.8562347155124685,0.8586272040338956,0.9842972327407168,-0.46534563842738647,0.19618500887378756,0.19498666114780275,0.6841746509070311,-2.5633616538550292,3.9317109556690912,3.2475363047620602,network_max_absolute_inner_lono_residual,54.0,0.5968854488413905,gap_length|acf_only|donor_r2_only|additive_d_over_4_heuristic|nearest_donor_correlation,huc8_03070103
huc8_03070103,02203900,90.0,0.2503560057348675,0.7249407559184996,0.8562347155124685,0.8573906312650706,0.9842972327407168,-0.39505703160069694,0.1672749232275158,0.19491254077711292,0.9814533962450006,-2.2660829085170597,4.228989701007061,3.2475363047620602,network_max_absolute_inner_lono_residual,54.0,0.8919538637016569,gap_length|acf_only|donor_r2_only|additive_d_over_4_heuristic|nearest_donor_correlation,huc8_03070103
huc8_03070103,02203950,7.0,0.1688810334886822,0.24460808782227028,0.8943609688612424,0.9279578210731758,0.991572483686904,-0.014307753163604678,0.07658384072236712,0.14301461926991185,0.6841150913778292,-2.563421213384231,3.9316513961398893,3.2475363047620602,network_max_absolute_inner_lono_residual,54.0,0.6291832663720265,gap_length|acf_only|donor_r2_only|additive_d_over_4_heuristic|nearest_donor_correlation,huc8_03070103
huc8_03070103,02203950,14.0,0.1638689251456941,0.36588994644496087,0.8943609688612424,0.9072857793001821,0.991572483686904,-0.09635784293614189,0.20026167396417055,0.1421167276242242,0.594934368443253,-2.652601936318807,3.8424706732053133,3.2475363047620602,network_max_absolute_inner_lono_residual,54.0,0.5136323027100783,gap_length|acf_only|donor_r2_only|additive_d_over_4_heuristic|nearest_donor_correlation,huc8_03070103
huc8_03070103,02203950,30.0,0.1753172131776809,0.5318191456816755,0.8943609688612424,0.8978004664097583,0.991572483686904,-0.10329408276201049,0.25574949083860526,0.1416362722436406,0.50593259351222,-2.7416037112498404,3.75346889827428,3.2475363047620602,network_max_absolute_inner_lono_residual,54.0,0.39771218336435965,gap_length|acf_only|donor_r2_only|additive_d_over_4_heuristic|nearest_donor_correlation,huc8_03070103
huc8_03070103,02203950,60.0,0.1956020687023798,0.6656557636982599,0.8943609688612424,0.8963661701748847,0.991572483686904,-0.42518407151232,0.32775488191460206,0.14142607198888713,0.6550939148640088,-2.5924423898980513,3.902630219626069,3.2475363047620602,network_max_absolute_inner_lono_residual,54.0,0.5324136431531711,gap_length|acf_only|donor_r2_only|additive_d_over_4_heuristic|nearest_donor_correlation,huc8_03070103
huc8_03070103,02203950,90.0,0.2042150007883708,0.7269556736466477,0.8943609688612424,0.895025876570102,0.991572483686904,-0.4026127466442472,0.17048736354550503,0.1413560052373008,0.9536067079766736,-2.2939295967853868,4.201143012738734,3.2475363047620602,network_max_absolute_inner_lono_residual,54.0,0.8287586258865831,gap_length|acf_only|donor_r2_only|additive_d_over_4_heuristic|nearest_donor_correlation,huc8_03070103
huc8_03070103,02203960,7.0,0.1432685995101929,0.24256839745217307,0.8677348029321711,0.9108152256995039,0.9842972327407167,-0.006551715653509154,0.1081118463015354,0.17575893459048106,0.6788953118980815,-2.568640992863979,3.9264316166601416,3.2475363047620602,network_max_absolute_inner_lono_residual,54.0,0.6465567175781727,gap_length|acf_only|donor_r2_only|additive_d_over_4_heuristic|nearest_donor_correlation,huc8_03070103
huc8_03070103,02203960,14.0,0.1855718672275543,0.36333297314561297,0.8677348029321711,0.8849756845321386,0.9842972327407167,0.0049631061574893056,0.18158907600289026,0.17433566399987094,0.6064811632945545,-2.641055141467506,3.8540174680566146,3.2475363047620602,network_max_absolute_inner_lono_residual,54.0,0.5455150481118798,gap_length|acf_only|donor_r2_only|additive_d_over_4_heuristic|nearest_donor_correlation,huc8_03070103
huc8_03070103,02203960,30.0,0.1541640375852584,0.5292743407772238,0.8677348029321711,0.8726712427454671,0.9842972327407167,-0.1404809316141305,0.18735175989743086,0.17357592690140078,0.526019127167037,-2.721517177595023,3.7735554319290974,3.2475363047620602,network_max_absolute_inner_lono_residual,54.0,0.4368616740204097,gap_length|acf_only|donor_r2_only|additive_d_over_4_heuristic|nearest_donor_correlation,huc8_03070103
huc8_03070103,02203960,60.0,0.1700171012083689,0.6637040023600718,0.8677348029321711,0.8706033335054939,0.9842972327407167,-0.4695440826731332,0.19585598861130857,0.1732435420399245,0.6758820399889339,-2.571654264773126,3.9234183447509943,3.2475363047620602,network_max_absolute_inner_lono_residual,54.0,0.5718182909983354,gap_length|acf_only|donor_r2_only|additive_d_over_4_heuristic|nearest_donor_correlation,huc8_03070103
huc8_03070103,02203960,90.0,0.1592309073607127,0.7253573252968741,0.8677348029321711,0.8687455084351008,0.9842972327407167,-0.39505703160069694,0.1672749232275158,0.17313274708610135,0.9752380928781507,-2.2722982118839097,4.222774397640211,3.2475363047620602,network_max_absolute_inner_lono_residual,54.0,0.8687251464302496,gap_length|acf_only|donor_r2_only|additive_d_over_4_heuristic|nearest_donor_correlation,huc8_03070103
huc8_03070103,02204037,7.0,0.2299441606657845,0.24079722536386672,0.8277448038381734,0.8821776555491725,0.9812915540028432,0.030882878980478062,0.13604999453836208,0.17047501876678217,0.670681179560976,-2.5768551252010843,3.918217484323036,3.2475363047620602,network_max_absolute_inner_lono_residual,54.0,0.6164028699131081,gap_length|acf_only|donor_r2_only|additive_d_over_4_heuristic|nearest_donor_correlation,huc8_03070103
huc8_03070103,02204037,14.0,0.2411966960770743,0.36110625685372943,0.8277448038381734,0.8476961021111018,0.9812915540028432,-0.005845282670125934,0.16108855522494667,0.16952243532418856,0.6254622174001134,-2.6220740873619466,3.872998522162174,3.2475363047620602,network_max_absolute_inner_lono_residual,54.0,0.540115103150905,gap_length|acf_only|donor_r2_only|additive_d_over_4_heuristic|nearest_donor_correlation,huc8_03070103
huc8_03070103,02204037,30.0,0.2895798392295837,0.5270479404714923,0.8277448038381734,0.8327683403181261,0.9812915540028432,-0.13440392537422977,0.13980454636863934,0.16901126832778152,0.5529694804273055,-2.6945668243347547,3.8005057851893658,3.2475363047620602,network_max_absolute_inner_lono_residual,54.0,0.43877664806741595,gap_length|acf_only|donor_r2_only|additive_d_over_4_heuristic|nearest_donor_correlation,huc8_03070103
huc8_03070103,02204037,60.0,0.3073639862934748,0.661992171334508,0.8277448038381734,0.8303773658783754,0.9812915540028432,-0.46534563842738647,0.19618500887378756,0.16878763061416696,0.7027523901826955,-2.544783914579365,3.9502886949447555,3.2475363047620602,network_max_absolute_inner_lono_residual,54.0,0.5735679409063785,gap_length|acf_only|donor_r2_only|additive_d_over_4_heuristic|nearest_donor_correlation,huc8_03070103
huc8_03070103,02204037,90.0,0.3075720179875691,0.723955179355402,0.8277448038381734,0.8287400284742663,0.9812915540028432,-0.39505703160069694,0.1672749232275158,0.16871308470962904,1.000799721917888,-2.2467365828441723,4.248336026679948,3.2475363047620602,network_max_absolute_inner_lono_residual,54.0,0.8692287308439278,gap_length|acf_only|donor_r2_only|additive_d_over_4_heuristic|nearest_donor_correlation,huc8_03070103
huc8_03070103,02205865,7.0,0.3055361645562308,0.2137291073013604,0.7824216344077234,0.859527256196572,0.960535691334925,0.01799841341239026,0.11401048938945255,0.23998997304500866,0.6974960223364662,-2.550040282425594,3.9450323270985264,3.2475363047620602,network_max_absolute_inner_lono_residual,54.0,0.7001507466109688,gap_length|acf_only|donor_r2_only|additive_d_over_4_heuristic|nearest_donor_correlation,huc8_03070103
huc8_03070103,02205865,14.0,0.361098045025553,0.32633343210357957,0.7824216344077234,0.8153083345294874,0.960535691334925,-0.019433330779714753,0.25536635732979407,0.24111761998863362,0.6977544712800888,-2.5497818334819713,3.945290776042149,3.2475363047620602,network_max_absolute_inner_lono_residual,54.0,0.6694012107371285,gap_length|acf_only|donor_r2_only|additive_d_over_4_heuristic|nearest_donor_correlation,huc8_03070103
huc8_03070103,02205865,30.0,0.5577545495827992,0.49098845075339015,0.7824216344077234,0.7932424864415794,0.960535691334925,-0.21267192669837504,0.2191500077988607,0.24171419668885546,0.6496023503667782,-2.597933954395282,3.8971386551288383,3.2475363047620602,network_max_absolute_inner_lono_residual,54.0,0.5912860809504666,gap_length|acf_only|donor_r2_only|additive_d_over_4_heuristic|nearest_donor_correlation,huc8_03070103
huc8_03070103,02205865,60.0,0.6129702520767848,0.6336490824531732,0.7824216344077234,0.7875245776051306,0.960535691334925,-0.46534563842738647,0.19618500887378756,0.24197518433724627,0.7935745944227423,-2.453961710339318,4.041110899184803,3.2475363047620602,network_max_absolute_inner_lono_residual,54.0,0.7183242459924006,gap_length|acf_only|donor_r2_only|additive_d_over_4_heuristic|nearest_donor_correlation,huc8_03070103
huc8_03070103,02205865,90.0,0.6853174553977118,0.7006884576111228,0.7824216344077234,0.7846620988170151,0.960535691334925,-0.39505703160069694,0.1672749232275158,0.2420621802200279,1.0848719341621804,-2.16266437059988,4.33240823892424,3.2475363047620602,network_max_absolute_inner_lono_residual,54.0,1.006128934071581,gap_length|acf_only|donor_r2_only|additive_d_over_4_heuristic|nearest_donor_correlation,huc8_03070103
huc8_03070103,02207120,7.0,0.615261733191354,0.18961348630805042,0.7886317710071409,0.8671316309075544,0.9475213752788305,0.038074133257606904,0.09775563266844767,0.1797252055403008,0.7505443679617445,-2.496991936800316,3.9980806727238045,3.2475363047620602,network_max_absolute_inner_lono_residual,54.0,0.6949934413602713,gap_length|acf_only|donor_r2_only|additive_d_over_4_heuristic|nearest_donor_correlation,huc8_03070103
huc8_03070103,02207120,14.0,0.90506706901959,0.29416053479478055,0.7886317710071409,0.8199752247829606,0.9475213752788305,0.03793045977701968,0.21108486887929567,0.1801194041533561,0.7763487121414596,-2.4711875926206006,4.02388501690352,3.2475363047620602,network_max_absolute_inner_lono_residual,54.0,0.6893512962664798,gap_length|acf_only|donor_r2_only|additive_d_over_4_heuristic|nearest_donor_correlation,huc8_03070103
huc8_03070103,02207120,30.0,1.0670769518216452,0.4553214780127769,0.7886317710071409,0.7976077899010052,0.9475213752788305,-0.13355939043827064,0.14057090472330175,0.18032958165296398,0.7363208275503865,-2.5112154772116737,3.9838571323124468,3.2475363047620602,network_max_absolute_inner_lono_residual,54.0,0.6194374746867186,gap_length|acf_only|donor_r2_only|additive_d_over_4_heuristic|nearest_donor_correlation,huc8_03070103
huc8_03070103,02207120,60.0,1.3019933129151662,0.604257514609932,0.7886317710071409,0.7917117687089577,0.9475213752788305,-0.4648568340767656,0.20126440566515677,0.18042153430351263,0.8678885707843038,-2.379647733977756,4.115424875546364,3.2475363047620602,network_max_absolute_inner_lono_residual,54.0,0.7327855224338671,gap_length|acf_only|donor_r2_only|additive_d_over_4_heuristic|nearest_donor_correlation,huc8_03070103
huc8_03070103,02207120,90.0,1.3346954724258846,0.6764017821814469,0.7886317710071409,0.7900442813405905,0.9475213752788305,-0.39505703160069694,0.1672749232275158,0.18045218518702444,1.145024428631663,-2.1025118761303974,4.392560733393723,3.2475363047620602,network_max_absolute_inner_lono_residual,54.0,1.005933379906452,gap_length|acf_only|donor_r2_only|additive_d_over_4_heuristic|nearest_donor_correlation,huc8_03070103
huc8_03070103,02207135,7.0,0.1984541055134366,0.24804652155068474,0.848051382685779,0.8973651405075824,0.9879792378062145,0.011666634039982082,0.06531461808030134,0.14233030596028906,0.6555614177173319,-2.5919748870447283,3.903097722479392,3.2475363047620602,network_max_absolute_inner_lono_residual,54.0,0.5808199690793054,gap_length|acf_only|donor_r2_only|additive_d_over_4_heuristic|nearest_donor_correlation,huc8_03070103
huc8_03070103,02207135,14.0,0.2388567474910191,0.37018269116659497,0.848051382685779,0.8692329911414003,0.9879792378062145,-0.01986505461513401,0.09405574086942282,0.14166439489670835,0.5872829975533789,-2.6602533072086816,3.834819302315439,3.2475363047620602,network_max_absolute_inner_lono_residual,54.0,0.48367439948378604,gap_length|acf_only|donor_r2_only|additive_d_over_4_heuristic|nearest_donor_correlation,huc8_03070103
huc8_03070103,02207135,30.0,0.2443584993680318,0.5360633481502857,0.848051382685779,0.8537136582048346,0.9879792378062145,-0.12890844056293,0.09504613091302845,0.14130822522182762,0.516713415213438,-2.730822889548622,3.7642497199754983,3.2475363047620602,network_max_absolute_inner_lono_residual,54.0,0.3842245532516377,gap_length|acf_only|donor_r2_only|additive_d_over_4_heuristic|nearest_donor_correlation,huc8_03070103
huc8_03070103,02207135,60.0,0.2217177296082178,0.6688995862939614,0.848051382685779,0.8521960196290234,0.9879792378062145,-0.46249471908905776,0.20698770130216748,0.14115240049808292,0.6681916389206333,-2.579344665841427,3.9157279436826933,3.2475363047620602,network_max_absolute_inner_lono_residual,54.0,0.5214374902213422,gap_length|acf_only|donor_r2_only|additive_d_over_4_heuristic|nearest_donor_correlation,huc8_03070103
huc8_03070103,02207135,90.0,0.2206682653294668,0.7296114118921647,0.848051382685779,0.8493829560103194,0.9879792378062145,-0.39505703160069694,0.1672749232275158,0.14110045892350565,0.9723920464941451,-2.275144258267915,4.219928351256206,3.2475363047620602,network_max_absolute_inner_lono_residual,54.0,0.8230747706243379,gap_length|acf_only|donor_r2_only|additive_d_over_4_heuristic|nearest_donor_correlation,huc8_03070103
huc8_03070103,02207160,7.0,0.6320735985892159,0.1434655272197678,0.5063224790764622,0.73976774645661,0.8751440605037353,0.023233781914326818,0.1259739253998612,0.34163882453246086,0.5766305625213718,-2.6709057422406883,3.824166867283432,3.2475363047620602,network_max_absolute_inner_lono_residual,54.0,0.5922986108108814,gap_length|acf_only|donor_r2_only|additive_d_over_4_heuristic|nearest_donor_correlation,huc8_03070103
huc8_03070103,02207160,14.0,0.7626166956765311,0.22938161557807157,0.5063224790764622,0.6293512073191025,0.8751440605037353,0.027486586976333115,0.22473063990636258,0.36646590424174746,0.8330606285794729,-2.414475676182587,4.080596933341533,3.2475363047620602,network_max_absolute_inner_lono_residual,54.0,0.8237752796337069,gap_length|acf_only|donor_r2_only|additive_d_over_4_heuristic|nearest_donor_correlation,huc8_03070103
huc8_03070103,02207160,30.0,1.186772958914439,0.3760582360504183,0.5063224790764622,0.5415604969217961,0.8751440605037353,-0.13602180820873916,0.13829392792103085,0.3807838307696093,1.021676183714238,-2.2258601210478224,4.269212488476298,3.2475363047620602,network_max_absolute_inner_lono_residual,54.0,0.976823660908463,gap_length|acf_only|donor_r2_only|additive_d_over_4_heuristic|nearest_donor_correlation,huc8_03070103
huc8_03070103,02207160,60.0,1.3412929169336951,0.5325739482856202,0.5063224790764622,0.5167583588390768,0.8751440605037353,-0.46534563842738647,0.19618500887378756,0.3870608289673358,1.195046680419056,-2.0524896243430044,4.442582985181116,3.2475363047620602,network_max_absolute_inner_lono_residual,54.0,1.1305585445493116,gap_length|acf_only|donor_r2_only|additive_d_over_4_heuristic|nearest_donor_correlation,huc8_03070103
huc8_03070103,02207160,90.0,1.5706271872520443,0.6158075062660248,0.5063224790764622,0.5078199399638303,0.8751440605037353,-0.39505703160069694,0.1672749232275158,0.38915316250475457,1.4713962096069606,-1.7761400951550996,4.718932514369021,3.2475363047620602,network_max_absolute_inner_lono_residual,54.0,1.4006810454269594,gap_length|acf_only|donor_r2_only|additive_d_over_4_heuristic|nearest_donor_correlation,huc8_03070103
huc8_03070103,02207185,7.0,0.2599018590790884,0.2500677449180462,0.7958088470196288,0.8601742543658871,0.975249999699856,0.029257866030388335,0.12073445097592721,0.22805211569327266,0.642430853965352,-2.6051054507967084,3.889967158727412,3.2475363047620602,network_max_absolute_inner_lono_residual,54.0,0.6324709022357604,gap_length|acf_only|donor_r2_only|additive_d_over_4_heuristic|nearest_donor_correlation,huc8_03070103
huc8_03070103,02207185,14.0,0.3185538981642042,0.3726957600376196,0.7958088470196288,0.8205778541409605,0.975249999699856,-0.002515296133978573,0.2389125400939788,0.22888285081497825,0.6079675245848375,-2.639568780177223,3.8555038293468975,3.2475363047620602,network_max_absolute_inner_lono_residual,54.0,0.5666252141018402,gap_length|acf_only|donor_r2_only|additive_d_over_4_heuristic|nearest_donor_correlation,huc8_03070103
huc8_03070103,02207185,30.0,0.4944522278308868,0.5385318068113402,0.7958088470196288,0.803246444901427,0.975249999699856,-0.17010593597466897,0.17149750366702604,0.22932824168196655,0.542995267686458,-2.704541037075602,3.7905315724485185,3.2475363047620602,network_max_absolute_inner_lono_residual,54.0,0.47298267636077684,gap_length|acf_only|donor_r2_only|additive_d_over_4_heuristic|nearest_donor_correlation,huc8_03070103
huc8_03070103,02207185,60.0,0.5501668758392334,0.670779880946756,0.7958088470196288,0.7977706952598748,0.975249999699856,-0.4648568340767656,0.20126440566515677,0.22952308808619268,0.7077120250928282,-2.539824279669232,3.9552483298548884,3.2475363047620602,network_max_absolute_inner_lono_residual,54.0,0.6225197806956406,gap_length|acf_only|donor_r2_only|additive_d_over_4_heuristic|nearest_donor_correlation,huc8_03070103
huc8_03070103,02207185,90.0,0.6426956752671136,0.7311504401546891,0.7958088470196288,0.7962227635617201,0.975249999699856,-0.39505703160069694,0.1672749232275158,0.22958803688715287,1.0087728184375468,-2.2387634863245136,4.256309123199607,3.2475363047620602,network_max_absolute_inner_lono_residual,54.0,0.9216360318325014,gap_length|acf_only|donor_r2_only|additive_d_over_4_heuristic|nearest_donor_correlation,huc8_03070103
huc8_03070103,02207385,7.0,0.187887624331883,0.26674765115009713,0.850134439169287,0.8944901218157485,0.975249999699856,0.04680636903054035,0.1364379800628224,0.17065274177756637,0.6414283046261728,-2.6061080001358876,3.888964609388233,3.2475363047620602,network_max_absolute_inner_lono_residual,54.0,0.5891860675362278,gap_length|acf_only|donor_r2_only|additive_d_over_4_heuristic|nearest_donor_correlation,huc8_03070103
huc8_03070103,02207385,14.0,0.2432320804255348,0.39314435841631823,0.850134439169287,0.866401447017359,0.975249999699856,-0.025602016680028334,0.17172874972054472,0.16787891978619585,0.5642286766731097,-2.6833076280889507,3.8117649814351697,3.2475363047620602,network_max_absolute_inner_lono_residual,54.0,0.4802324760057152,gap_length|acf_only|donor_r2_only|additive_d_over_4_heuristic|nearest_donor_correlation,huc8_03070103
huc8_03070103,02207385,30.0,0.2375162990887959,0.558185831667372,0.850134439169287,0.854935486550051,0.975249999699856,-0.04007487353887611,0.20386867873238268,0.1663996349171034,0.4830756424768455,-2.764460662285215,3.7306119472389057,3.2475363047620602,network_max_absolute_inner_lono_residual,54.0,0.3705823732149669,gap_length|acf_only|donor_r2_only|additive_d_over_4_heuristic|nearest_donor_correlation,huc8_03070103
huc8_03070103,02207385,60.0,0.2376668982903162,0.6855969248143177,0.850134439169287,0.8515010418251343,0.975249999699856,-0.4793309758503371,0.166973646108041,0.1657524542288446,0.6515689589539331,-2.595967345808127,3.8991052637159935,3.2475363047620602,network_max_absolute_inner_lono_residual,54.0,0.5245389818262483,gap_length|acf_only|donor_r2_only|additive_d_over_4_heuristic|nearest_donor_correlation,huc8_03070103
huc8_03070103,02207385,90.0,0.2529264988104501,0.7432701966126785,0.850134439169287,0.8505081581573273,0.975249999699856,-0.39505703160069694,0.1672749232275158,0.1655367273327603,0.9565077265259951,-2.291028578236065,4.204044031288055,3.2475363047620602,network_max_absolute_inner_lono_residual,54.0,0.8278850912395185,gap_length|acf_only|donor_r2_only|additive_d_over_4_heuristic|nearest_donor_correlation,huc8_03070103
huc8_03070103,02207400,7.0,0.3005462162835258,0.253176274144579,0.8110694142884967,0.8695196263974188,0.9741201420277998,0.025227389673541274,0.05047314404923916,0.20505302814160187,0.6472225208146406,-2.6003137839474197,3.8947588255767007,3.2475363047620602,network_max_absolute_inner_lono_residual,54.0,0.6181246454431487,gap_length|acf_only|donor_r2_only|additive_d_over_4_heuristic|nearest_donor_correlation,huc8_03070103
huc8_03070103,02207400,14.0,0.3595008768354143,0.3765458136809785,0.8110694142884967,0.8326390690361072,0.9741201420277998,0.10817110926337684,0.18454545082186172,0.20460885209368906,0.6029784433975051,-2.644557861364555,3.8505147481595654,3.2475363047620602,network_max_absolute_inner_lono_residual,54.0,0.5419943727415165,gap_length|acf_only|donor_r2_only|additive_d_over_4_heuristic|nearest_donor_correlation,huc8_03070103
huc8_03070103,02207400,30.0,0.4810602543354035,0.5422905860648377,0.8110694142884967,0.8171140041972975,0.9741201420277998,-0.029209900682680263,0.086770768402664,0.20436127506754523,0.5327065936210426,-2.7148297111410176,3.780242898383103,3.2475363047620602,network_max_absolute_inner_lono_residual,54.0,0.44297580130868847,gap_length|acf_only|donor_r2_only|additive_d_over_4_heuristic|nearest_donor_correlation,huc8_03070103
huc8_03070103,02207400,60.0,0.505073512752851,0.6736343636204711,0.8110694142884967,0.8129592520259916,0.9741201420277998,-0.38930835544735193,0.2982481932789373,0.20425287785627397,0.6952754941869995,-2.552260810575061,3.9428117989490596,3.2475363047620602,network_max_absolute_inner_lono_residual,54.0,0.5906605159638048,gap_length|acf_only|donor_r2_only|additive_d_over_4_heuristic|nearest_donor_correlation,huc8_03070103
huc8_03070103,02207400,90.0,0.5427083293331995,0.7334863506953613,0.8110694142884967,0.8115666983745715,0.9741201420277998,-0.388615146987206,0.16454958919022702,0.2042167454501035,0.9969340011995246,-2.2506023035625358,4.244470305961585,3.2475363047620602,network_max_absolute_inner_lono_residual,54.0,0.8904100996105017,gap_length|acf_only|donor_r2_only|additive_d_over_4_heuristic|nearest_donor_correlation,huc8_03070103
huc8_03070103,02208150,7.0,0.299108852658953,0.2799211064939551,0.8411212158222713,0.8849569680669248,0.9711126552178382,-0.02219031906210008,0.10705716248077883,0.20256951238357235,0.623766571434219,-2.6237697333278414,3.871302876196279,3.2475363047620602,network_max_absolute_inner_lono_residual,54.0,0.5967964268403011,gap_length|acf_only|donor_r2_only|additive_d_over_4_heuristic|nearest_donor_correlation,huc8_03070103
huc8_03070103,02208150,14.0,0.2992757967540197,0.4089326385756462,0.8411212158222713,0.8552152030574038,0.9711126552178382,-0.06648507846994198,0.1632871992246769,0.20005899608510216,0.5461950623126414,-2.701341242449419,3.7937313670747015,3.2475363047620602,network_max_absolute_inner_lono_residual,54.0,0.4867327933371601,gap_length|acf_only|donor_r2_only|additive_d_over_4_heuristic|nearest_donor_correlation,huc8_03070103
huc8_03070103,02208150,30.0,0.3762693549791971,0.5728574666692209,0.8411212158222713,0.8450617221586463,0.9711126552178382,-0.18458368405930672,0.2793633370877697,0.1987203817616489,0.4633581067159324,-2.7841781980461278,3.7108944114779927,3.2475363047620602,network_max_absolute_inner_lono_residual,54.0,0.3761880262317039,gap_length|acf_only|donor_r2_only|additive_d_over_4_heuristic|nearest_donor_correlation,huc8_03070103
huc8_03070103,02208150,60.0,0.4540796309709549,0.696498789634751,0.8411212158222713,0.8420347699081921,0.9711126552178382,-0.4652807437221985,0.2018802933586037,0.1981347383162372,0.6383901291356234,-2.609146175626437,3.8859264338976836,3.2475363047620602,network_max_absolute_inner_lono_residual,54.0,0.5375186062937913,gap_length|acf_only|donor_r2_only|additive_d_over_4_heuristic|nearest_donor_correlation,huc8_03070103
huc8_03070103,02208150,90.0,0.418845667945014,0.7521806826633441,0.8411212158222713,0.8413442415234907,0.9711126552178382,-0.39505703160069694,0.1672749232275158,0.1979395238344311,0.9465183513465897,-2.3010179534154704,4.19405465610865,3.2475363047620602,network_max_absolute_inner_lono_residual,54.0,0.8445132351420535,gap_length|acf_only|donor_r2_only|additive_d_over_4_heuristic|nearest_donor_correlation,huc8_03070103
huc8_03070103,02208450,7.0,0.3845145968028476,0.17628075069483384,0.7576591444801065,0.8534334468763429,0.9386628816849745,-0.02480590780230543,0.10699284987218671,0.2393309197369814,0.7484402173125487,-2.4990960874495114,3.995976522074609,3.2475363047620602,network_max_absolute_inner_lono_residual,54.0,0.7454341565283145,gap_length|acf_only|donor_r2_only|additive_d_over_4_heuristic|nearest_donor_correlation,huc8_03070103
huc8_03070103,02208450,14.0,0.5515351714406693,0.2758822744023768,0.7576591444801065,0.7982863872633909,0.9386628816849745,-0.026349701443646994,0.2049311186640601,0.2420129350430921,0.8087232925179352,-2.438813012244125,4.056259597279995,3.2475363047620602,network_max_absolute_inner_lono_residual,54.0,0.7746941521939875,gap_length|acf_only|donor_r2_only|additive_d_over_4_heuristic|nearest_donor_correlation,huc8_03070103
huc8_03070103,02208450,30.0,0.6147702873547872,0.4340004785045678,0.7576591444801065,0.7667495863332356,0.9386628816849745,-0.13014614119593987,0.09674383005755348,0.24344792155273765,0.8028299196000258,-2.4447063851620343,4.050366224362086,3.2475363047620602,network_max_absolute_inner_lono_residual,54.0,0.7375058035737183,gap_length|acf_only|donor_r2_only|additive_d_over_4_heuristic|nearest_donor_correlation,huc8_03070103
huc8_03070103,02208450,60.0,0.7627502283652624,0.5859160463491536,0.7576591444801065,0.7614320349076132,0.9386628816849745,-0.4681242001080734,0.20012729254292067,0.24407573120560208,0.9264936847809274,-2.321042619981133,4.174029989542988,3.2475363047620602,network_max_absolute_inner_lono_residual,54.0,0.8432103640294044,gap_length|acf_only|donor_r2_only|additive_d_over_4_heuristic|nearest_donor_correlation,huc8_03070103
huc8_03070103,02208450,90.0,0.8024892081949446,0.6611185300088489,0.7576591444801065,0.7584258246806936,0.9386628816849745,-0.39505703160069694,0.1672749232275158,0.24428500108989107,1.20138789840876,-2.0461484063533,4.4489242031708205,3.2475363047620602,network_max_absolute_inner_lono_residual,54.0,1.1133257332057596,gap_length|acf_only|donor_r2_only|additive_d_over_4_heuristic|nearest_donor_correlation,huc8_03070103
huc8_03070103,02208493,7.0,0.5488050937652588,0.21105339513153332,0.5563956728634549,0.7256333496381675,0.897660399126054,-0.016110472020456644,0.06750021669043164,0.3442077622469049,0.5885772305258634,-2.658959074236197,3.8361135352879234,3.2475363047620602,network_max_absolute_inner_lono_residual,54.0,0.6038038027460653,gap_length|acf_only|donor_r2_only|additive_d_over_4_heuristic|nearest_donor_correlation,huc8_03070103
huc8_03070103,02208493,14.0,0.7305999885286605,0.3228196448141475,0.5563956728634549,0.6441257000778233,0.897660399126054,-0.021102076035231027,0.09252850010642476,0.3588035841495932,0.7038520454659929,-2.543684259296067,3.9513883502280533,3.2475363047620602,network_max_absolute_inner_lono_residual,54.0,0.6892335796676926,gap_length|acf_only|donor_r2_only|additive_d_over_4_heuristic|nearest_donor_correlation,huc8_03070103
huc8_03070103,02208493,30.0,1.004976480484009,0.48720434867671736,0.5563956728634549,0.595189774284191,0.897660399126054,-0.13180476022984866,0.16776381000714993,0.36743522500080505,0.7378919793363721,-2.509644325425688,3.9854282840984325,3.2475363047620602,network_max_absolute_inner_lono_residual,54.0,0.6923573974502854,gap_length|acf_only|donor_r2_only|additive_d_over_4_heuristic|nearest_donor_correlation,huc8_03070103
huc8_03070103,02208493,60.0,1.0711949008305868,0.6306001878756801,0.5563956728634549,0.5799135131924795,0.897660399126054,-0.46534563842738647,0.19618500887378756,0.3712304493805468,0.9093869376447132,-2.3381493671173468,4.156923242406774,3.2475363047620602,network_max_absolute_inner_lono_residual,54.0,0.8471428191045016,gap_length|acf_only|donor_r2_only|additive_d_over_4_heuristic|nearest_donor_correlation,huc8_03070103
huc8_03070103,02208493,90.0,1.0600859076182048,0.6981782161094285,0.5563956728634549,0.5651774378965668,0.897660399126054,-0.39505703160069694,0.1672749232275158,0.37249553021678533,1.235646447772737,-2.011889856989323,4.483182752534797,3.2475363047620602,network_max_absolute_inner_lono_residual,54.0,1.166913212976936,gap_length|acf_only|donor_r2_only|additive_d_over_4_heuristic|nearest_donor_correlation,huc8_03070103
huc8_03080103,02244040,7.0,0.4891041251591274,0.07616152459182068,0.5391509525897821,0.8166080793905017,0.9323402832758,0.06189778130982178,0.026131536283540157,0.18315610347410183,0.5169704143243982,-2.728981638045813,3.7629224666946093,3.2459520523702112,network_max_absolute_inner_lono_residual,54.0,0.41154703673027937,gap_length|acf_only|donor_r2_only|additive_d_over_4_heuristic|nearest_donor_correlation,huc8_03080103
huc8_03080103,02244040,14.0,0.8380275794437955,0.12713130386028448,0.5391509525897821,0.7132855407829297,0.9323402832758,0.0338088096454941,-0.03596029053407637,0.20820995162324332,0.8277302508871486,-2.4182218014830625,4.0736823032573595,3.2459520523702112,network_max_absolute_inner_lono_residual,54.0,0.7033286039319383,gap_length|acf_only|donor_r2_only|additive_d_over_4_heuristic|nearest_donor_correlation,huc8_03080103
huc8_03080103,02244040,30.0,0.9094205265045164,0.22809425486661306,0.5391509525897821,0.6094980664199714,0.9323402832758,0.1722244213343409,0.025451810156831595,0.226733442065658,1.1620204612778215,-2.08393159109239,4.4079725136480326,3.2459520523702112,network_max_absolute_inner_lono_residual,54.0,1.0057050675868193,gap_length|acf_only|donor_r2_only|additive_d_over_4_heuristic|nearest_donor_correlation,huc8_03080103
huc8_03080103,02244040,60.0,1.3348489638964334,0.36639777364872084,0.5391509525897821,0.5574732014112176,0.9323402832758,-0.23307332013198573,-0.14828250024212342,0.23520079654484602,1.4553904285845565,-1.7905616237856548,4.701342480954768,3.2459520523702112,network_max_absolute_inner_lono_residual,54.0,1.2743328796218079,gap_length|acf_only|donor_r2_only|additive_d_over_4_heuristic|nearest_donor_correlation,huc8_03080103
huc8_03080103,022462002,7.0,0.7195166533333912,0.1950858035661912,0.7093796119052125,0.8134657758965678,0.9307499799600489,-0.007572377055800039,0.02565190090281569,0.09512592612579569,0.7094110735231298,-2.536540978847081,3.9553631258933413,3.2459520523702112,network_max_absolute_inner_lono_residual,54.0,0.5122905552486778,gap_length|acf_only|donor_r2_only|additive_d_over_4_heuristic|nearest_donor_correlation,huc8_03080103
huc8_03080103,022462002,14.0,0.8775383349827356,0.3015610528205602,0.7093796119052125,0.7467206477328289,0.9307499799600489,0.11548834802348121,-0.022365098014115854,0.09289196389075656,0.7913855807140067,-2.4545664716562046,4.037337633084218,3.2459520523702112,network_max_absolute_inner_lono_residual,54.0,0.5503036455972391,gap_length|acf_only|donor_r2_only|additive_d_over_4_heuristic|nearest_donor_correlation,huc8_03080103
huc8_03080103,022462002,30.0,0.9214685004552206,0.4637318429687777,0.7093796119052125,0.7173548155023192,0.9307499799600489,0.1627553322155038,0.14691663790193882,0.09170056937568227,0.7682077849014382,-2.477744267468773,4.01415983727165,3.2459520523702112,network_max_absolute_inner_lono_residual,54.0,0.49255489600580066,gap_length|acf_only|donor_r2_only|additive_d_over_4_heuristic|nearest_donor_correlation,huc8_03080103
huc8_03080103,022462002,60.0,1.2825231134096782,0.6113260877780993,0.7093796119052125,0.7152393614091632,0.9307499799600489,-0.05195368954359009,0.6562062020092511,0.09117933427569723,0.8881721960265623,-2.357779856343649,4.134124248396773,3.2459520523702112,network_max_absolute_inner_lono_residual,54.0,0.5958679778501739,gap_length|acf_only|donor_r2_only|additive_d_over_4_heuristic|nearest_donor_correlation,huc8_03080103
huc8_03080103,022462002,90.0,1.372678051630656,0.6822626385277766,0.7093796119052125,0.7099000109740016,0.9307499799600489,-0.3801229448841978,0.7759093279832504,0.09100558924236953,1.1781806256460516,-2.0677714267241596,4.424132678016263,3.2459520523702112,network_max_absolute_inner_lono_residual,54.0,0.8808355966464827,gap_length|acf_only|donor_r2_only|additive_d_over_4_heuristic|nearest_donor_correlation,huc8_03080103
huc8_03080103,022462002,180.0,3.625272650596423,0.7753112051196603,0.7093796119052125,0.7103067947041903,0.9307499799600489,-0.9379077155687484,0.340862685416759,0.09083184420904164,2.247640649640287,-0.9983114027299242,5.493592702010498,3.2459520523702112,network_max_absolute_inner_lono_residual,54.0,1.9615158529309904,gap_length|acf_only|donor_r2_only|additive_d_over_4_heuristic|nearest_donor_correlation,huc8_03080103
huc8_03080103,02246459,7.0,0.6859054715292795,0.1473101758615335,0.5265388477292163,0.7490099836166308,0.9263102758552645,0.10368574816882625,0.03046088573326875,0.0901111459806504,0.5498332597504777,-2.6961187926197336,3.795785312120689,3.2459520523702112,network_max_absolute_inner_lono_residual,54.0,0.2995975923843981,gap_length|acf_only|donor_r2_only|additive_d_over_4_heuristic|nearest_donor_correlation,huc8_03080103
huc8_03080103,02246459,14.0,0.7077477427891324,0.2349419374217927,0.5265388477292163,0.6453245134056212,0.9263102758552645,0.2397148689926528,-0.05522792682945188,0.08694122969422477,0.7851460216454776,-2.4608060307247337,4.031098074015689,3.2459520523702112,network_max_absolute_inner_lono_residual,54.0,0.4784861811547641,gap_length|acf_only|donor_r2_only|additive_d_over_4_heuristic|nearest_donor_correlation,huc8_03080103
huc8_03080103,02246459,30.0,0.7743845548629762,0.38327705197850515,0.5265388477292163,0.5616763778157949,0.9263102758552645,0.2591733685104511,0.030861075528292387,0.08525066700287631,0.9583588655904453,-2.287593186779766,4.204310917960656,3.2459520523702112,network_max_absolute_inner_lono_residual,54.0,0.597529964149318,gap_length|acf_only|donor_r2_only|additive_d_over_4_heuristic|nearest_donor_correlation,huc8_03080103
huc8_03080103,02246459,60.0,1.1173807777828642,0.5395264473240253,0.5265388477292163,0.5580127076665872,0.9263102758552645,-0.21145410602623263,0.8162891266987125,0.08451104582551748,1.0650246040294735,-2.1809274483407375,4.310976656399685,3.2459520523702112,network_max_absolute_inner_lono_residual,54.0,0.6852843226269237,gap_length|acf_only|donor_r2_only|additive_d_over_4_heuristic|nearest_donor_correlation,huc8_03080103
huc8_03080103,02246518,7.0,0.4423641790662492,0.17892903378080316,0.6992017406948589,0.820492351602421,0.9475826155320584,-0.014932440682839287,0.04995883887632939,0.10102248203892938,0.6825973121600929,-2.5633547402101184,3.928549364530304,3.2459520523702112,network_max_absolute_inner_lono_residual,54.0,0.499735138603623,gap_length|acf_only|donor_r2_only|additive_d_over_4_heuristic|nearest_donor_correlation,huc8_03080103
huc8_03080103,02246518,14.0,0.5214873729433332,0.2795409444687641,0.6992017406948589,0.7509887688834457,0.9475826155320584,0.08643592912584494,-0.0628770847694587,0.09892068002230332,0.7853287329599717,-2.4606233194102396,4.031280785330183,3.2459520523702112,network_max_absolute_inner_lono_residual,54.0,0.5585248449847242,gap_length|acf_only|donor_r2_only|additive_d_over_4_heuristic|nearest_donor_correlation,huc8_03080103
huc8_03080103,02246518,30.0,0.6226194000244141,0.4383317192959141,0.6992017406948589,0.7110903468367917,0.9475826155320584,0.17523567625812356,0.12420175674566644,0.09779972051324583,0.8017096910401275,-2.4442423613300837,4.047661743410338,3.2459520523702112,network_max_absolute_inner_lono_residual,54.0,0.5368311668232455,gap_length|acf_only|donor_r2_only|additive_d_over_4_heuristic|nearest_donor_correlation,huc8_03080103
huc8_03080103,02246518,60.0,0.5867215639750163,0.5896930808353035,0.6992017406948589,0.7106584182026263,0.9475826155320584,-0.04390683547023699,0.6190953955901985,0.09730930072803341,0.9086118963835305,-2.3373401559866807,4.154563948753742,3.2459520523702112,network_max_absolute_inner_lono_residual,54.0,0.6271630284091435,gap_length|acf_only|donor_r2_only|additive_d_over_4_heuristic|nearest_donor_correlation,huc8_03080103
huc8_03080103,02246518,90.0,0.6693964465459188,0.6642756390147908,0.6992017406948589,0.702027453955263,0.9475826155320584,-0.3877217679027999,0.7744855528109373,0.0971458274662957,1.2011625210866084,-2.0447895312836026,4.44711457345682,3.2459520523702112,network_max_absolute_inner_lono_residual,54.0,0.9127987080796502,gap_length|acf_only|donor_r2_only|additive_d_over_4_heuristic|nearest_donor_correlation,huc8_03080103
huc8_03080103,02246518,180.0,0.7704964203304714,0.762570843855085,0.6992017406948589,0.6995551563098241,0.9475826155320584,-0.9410974527284571,0.3328803065384836,0.096982354204558,2.268548967593617,-0.9774030847765944,5.514501019963828,3.2459520523702112,network_max_absolute_inner_lono_residual,54.0,1.9894323259036146,gap_length|acf_only|donor_r2_only|additive_d_over_4_heuristic|nearest_donor_correlation,huc8_03080103
huc8_03080103,02246751,7.0,0.6908112839290076,0.19256769415279307,0.6801681178536982,0.7984012259868081,0.9307499799600488,-0.023805297482974754,0.03564969447766693,0.10782789616307831,0.687387719870091,-2.5585643325001204,3.933339772240302,3.2459520523702112,network_max_absolute_inner_lono_residual,54.0,0.4942329671440567,gap_length|acf_only|donor_r2_only|additive_d_over_4_heuristic|nearest_donor_correlation,huc8_03080103
huc8_03080103,02246751,14.0,0.6496115466526576,0.2981629933049519,0.6801681178536982,0.7266343830544679,0.9307499799600488,0.10267214272889205,0.05489278261088948,0.10653691194089025,0.7866951488503292,-2.459256903519882,4.0326472012205405,3.2459520523702112,network_max_absolute_inner_lono_residual,54.0,0.5487987939080323,gap_length|acf_only|donor_r2_only|additive_d_over_4_heuristic|nearest_donor_correlation,huc8_03080103
huc8_03080103,02246751,30.0,0.7498620510101318,0.4598857302101811,0.6801681178536982,0.692425864519666,0.9307499799600488,0.18767453745301702,0.10566331937111406,0.10584810047294146,0.7793958603973291,-2.4665561919728822,4.025347912767541,3.2459520523702112,network_max_absolute_inner_lono_residual,54.0,0.5056593744585763,gap_length|acf_only|donor_r2_only|additive_d_over_4_heuristic|nearest_donor_correlation,huc8_03080103
huc8_03080103,02246751,60.0,0.5132423636118572,0.6081047646409952,0.6801681178536982,0.6908084310206675,0.9307499799600488,-0.052688697827753386,0.6604391617808318,0.10554674544865175,0.8965187153453317,-2.3494333370248794,4.142470767715543,3.2459520523702112,network_max_absolute_inner_lono_residual,54.0,0.6064685889986141,gap_length|acf_only|donor_r2_only|additive_d_over_4_heuristic|nearest_donor_correlation,huc8_03080103
huc8_03080103,02246751,90.0,0.5311575451956856,0.6795934998450921,0.6801681178536982,0.6827294135618607,0.9307499799600488,-0.3801229448841978,0.7759093279832504,0.10544629377388852,1.19382754733027,-2.0521245050399415,4.439779599700481,3.2459520523702112,network_max_absolute_inner_lono_residual,54.0,0.8976530674909541,gap_length|acf_only|donor_r2_only|additive_d_over_4_heuristic|nearest_donor_correlation,huc8_03080103
huc8_03080103,02246751,180.0,3.128208742875319,0.7734215953949456,0.6801681178536982,0.6802448114766015,0.9307499799600488,-0.9379077155687484,0.340862685416759,0.10534584209912506,2.270581323601359,-0.9753707287688522,5.51653337597157,3.2459520523702112,network_max_absolute_inner_lono_residual,54.0,1.984446964088494,gap_length|acf_only|donor_r2_only|additive_d_over_4_heuristic|nearest_donor_correlation,huc8_03080103
huc8_03090101,02264000,7.0,0.464763570513044,0.1559193839752615,0.2551464696582968,0.5948022541622986,0.8250325355866701,-0.10861839688990271,0.15068568585025816,0.3838539379835793,0.5217189699735063,-2.7804407358854175,3.82387867583243,3.302159705858924,network_max_absolute_inner_lono_residual,54.0,0.4358228419698846,gap_length|acf_only|donor_r2_only|additive_d_over_4_heuristic,huc8_03090101
huc8_03090101,02264000,14.0,0.4735686254501342,0.24728448625132604,0.2551464696582968,0.4631365875559955,0.8250325355866701,-0.15185325812460296,0.02727303991514134,0.44259233710612045,0.8302855463335967,-2.471874159525327,4.132445252192521,3.302159705858924,network_max_absolute_inner_lono_residual,54.0,0.7473696135869282,gap_length|acf_only|donor_r2_only|additive_d_over_4_heuristic,huc8_03090101
huc8_03090101,02264000,30.0,0.5986512269973755,0.3990143442466715,0.2551464696582968,0.373703812871667,0.8250325355866701,-0.15460579708671543,0.1999735538499235,0.49095977215301195,1.0143575108471015,-2.2878021950118224,4.316517216706025,3.302159705858924,network_max_absolute_inner_lono_residual,54.0,0.930087391529403,gap_length|acf_only|donor_r2_only|additive_d_over_4_heuristic,huc8_03090101
huc8_03090101,02264000,60.0,0.7545302419662476,0.5543673659044746,0.2551464696582968,0.29068241608684775,0.8250325355866701,-0.39646038691142793,0.010568142067569019,0.5139775970756629,1.368146666194447,-1.9340130396644768,4.670306372053371,3.302159705858924,network_max_absolute_inner_lono_residual,54.0,1.2607008955233827,gap_length|acf_only|donor_r2_only|additive_d_over_4_heuristic,huc8_03090101
huc8_03090101,02264000,90.0,0.8772878849241469,0.6345032051521771,0.2551464696582968,0.27077524325875235,0.8250325355866701,-0.4984790720422286,-0.08838222282129995,0.5216617821471811,1.685348950746434,-1.6168107551124897,4.987508656605358,3.302159705858924,network_max_absolute_inner_lono_residual,54.0,1.573976269444585,gap_length|acf_only|donor_r2_only|additive_d_over_4_heuristic,huc8_03090101
huc8_03090101,02264000,180.0,1.359276937113868,0.7414268864860143,0.2551464696582968,0.29334646166055056,0.8250325355866701,-0.7327381473177619,-0.370527111428924,0.5293459723258135,2.6616449787665815,-0.6405147270923424,5.963804684625505,3.302159705858924,network_max_absolute_inner_lono_residual,54.0,2.574992791584502,gap_length|acf_only|donor_r2_only|additive_d_over_4_heuristic,huc8_03090101
huc8_03090101,02264100,7.0,0.5163129820142472,0.14307524484208733,0.3948440889760906,0.6962772630886576,0.8206388005923592,-0.12110866272652017,0.16916365222956545,0.3626687656217216,0.5234594567280748,-2.778700249130849,3.8256191625869986,3.302159705858924,network_max_absolute_inner_lono_residual,54.0,0.49766120499625793,gap_length|acf_only|donor_r2_only|additive_d_over_4_heuristic,huc8_03090101
huc8_03090101,02264100,14.0,0.7627418797356741,0.22881549298533066,0.3948440889760906,0.593129449089193,0.8206388005923592,-0.1707983104404382,0.3120067323673307,0.40063564427195314,0.7575113436856881,-2.544648362173236,4.059671049544612,3.302159705858924,network_max_absolute_inner_lono_residual,54.0,0.7231676714658706,gap_length|acf_only|donor_r2_only|additive_d_over_4_heuristic,huc8_03090101
huc8_03090101,02264100,30.0,0.8213266404469808,0.375318706613587,0.3948440889760906,0.49317635797586723,0.8206388005923592,-0.20618957368636526,-0.07033841812627148,0.42402962081947054,0.9839996514719467,-2.3181600543869774,4.28615935733087,3.302159705858924,network_max_absolute_inner_lono_residual,54.0,0.9181657830918467,gap_length|acf_only|donor_r2_only|additive_d_over_4_heuristic,huc8_03090101
huc8_03090101,02264100,60.0,0.8941116361618043,0.5318564166121855,0.3948440889760906,0.41082527643174194,0.8206388005923592,-0.29327160413708303,-0.01307515524470805,0.43433791356295043,1.3333450344317421,-1.9688146714271817,4.635504740290666,3.302159705858924,network_max_absolute_inner_lono_residual,54.0,1.2304614320574971,gap_length|acf_only|donor_r2_only|additive_d_over_4_heuristic,huc8_03090101
huc8_03090101,02264100,90.0,1.0328408682081434,0.6151869378421617,0.3948440889760906,0.3951969823678755,0.8206388005923592,-0.22522202409350772,-0.12348209842900307,0.43777403028213857,1.631110295081935,-1.6710494107769889,4.933270000940858,3.302159705858924,network_max_absolute_inner_lono_residual,54.0,1.5206092313884916,gap_length|acf_only|donor_r2_only|additive_d_over_4_heuristic,huc8_03090101
huc8_03090101,02264100,180.0,1.8712478899425933,0.7276415565058543,0.3948440889760906,0.3985286625358945,0.8206388005923592,0.05271028080906359,-0.20715083972280035,0.44121014700134725,2.654128190273677,-0.648031515585247,5.956287896132601,3.302159705858924,network_max_absolute_inner_lono_residual,54.0,2.5558384566772236,gap_length|acf_only|donor_r2_only|additive_d_over_4_heuristic,huc8_03090101
huc8_03090101,02266200,7.0,0.5959689453669957,0.20386600218177742,0.5383721701446172,0.7066144236462433,0.8250325355866701,-0.058097875428366065,0.11402522709193312,0.3482812865672231,0.657265138635021,-2.644894567223903,3.959424844493945,3.302159705858924,network_max_absolute_inner_lono_residual,54.0,0.6544804806794842,gap_length|acf_only|donor_r2_only|additive_d_over_4_heuristic,huc8_03090101
huc8_03090101,02266200,14.0,0.6941315160478865,0.31331222192755814,0.5383721701446172,0.6116167509380004,0.8250325355866701,-0.1896238614138645,0.2161951933766278,0.37681490218838154,0.8182700261644766,-2.483889679694447,4.120429732023401,3.302159705858924,network_max_absolute_inner_lono_residual,54.0,0.7952853774849188,gap_length|acf_only|donor_r2_only|additive_d_over_4_heuristic,huc8_03090101
huc8_03090101,02266200,30.0,0.796470770517985,0.4768308573580089,0.5383721701446172,0.5679653143279622,0.8250325355866701,-0.21640788371815872,0.09669500643568774,0.3946153164979762,0.8401572234633573,-2.4620024823955666,4.1423169293222815,3.302159705858924,network_max_absolute_inner_lono_residual,54.0,0.7966244764157516,gap_length|acf_only|donor_r2_only|additive_d_over_4_heuristic,huc8_03090101
huc8_03090101,02266200,60.0,0.9352427144050598,0.6221612142161668,0.5383721701446172,0.5385062297459247,0.8250325355866701,-0.29215246621206487,0.018680575228357848,0.40248028629992344,1.0528846993381658,-2.249275006520758,4.35504440519709,3.302159705858924,network_max_absolute_inner_lono_residual,54.0,0.9905292338702754,gap_length|acf_only|donor_r2_only|additive_d_over_4_heuristic,huc8_03090101
huc8_03090101,02266200,90.0,1.028087357627021,0.6912203589635771,0.5383721701446172,0.5434824657265811,0.8250325355866701,-0.23477810629173504,-0.229110994308846,0.40510198094588173,1.3176801784455847,-1.984479527413339,4.6198398843045085,3.302159705858924,network_max_absolute_inner_lono_residual,54.0,1.256732935227897,gap_length|acf_only|donor_r2_only|additive_d_over_4_heuristic,huc8_03090101
huc8_03090101,02266200,180.0,1.741185553073883,0.7816510334843441,0.5383721701446172,0.5399348388293133,0.8250325355866701,-0.26293188150624835,-0.32599121756690114,0.4077236755919896,2.4064732737140577,-0.8956864321448661,5.7086329795729815,3.302159705858924,network_max_absolute_inner_lono_residual,54.0,2.358335894760689,gap_length|acf_only|donor_r2_only|additive_d_over_4_heuristic,huc8_03090101
huc8_03090101,02266300,7.0,0.6703374930790493,0.26296881407837347,0.5480232512318587,0.6835503004555206,0.8352429468976793,-0.0823346192569806,0.1123408593727803,0.3494007875261863,0.6254499842034382,-2.6767097216554854,3.9276096900623623,3.302159705858924,network_max_absolute_inner_lono_residual,54.0,0.6081515075552999,gap_length|acf_only|donor_r2_only|additive_d_over_4_heuristic,huc8_03090101
huc8_03090101,02266300,14.0,0.7551175819124494,0.3885568355542084,0.5480232512318587,0.5999832778466342,0.8352429468976793,-0.1404870371702794,0.05565126298733212,0.35627432134833076,0.7189776770402436,-2.58318202881868,4.021137382899168,3.302159705858924,network_max_absolute_inner_lono_residual,54.0,0.6589784739011308,gap_length|acf_only|donor_r2_only|additive_d_over_4_heuristic,huc8_03090101
huc8_03090101,02266300,30.0,0.9047673107783,0.5538420868621656,0.5480232512318587,0.565870484743042,0.8352429468976793,-0.18215489152379738,0.06004173603908256,0.3600590167194203,0.708483152704069,-2.5936765531548547,4.010642858562993,3.302159705858924,network_max_absolute_inner_lono_residual,54.0,0.6156963039406884,gap_length|acf_only|donor_r2_only|additive_d_over_4_heuristic,huc8_03090101
huc8_03090101,02266300,60.0,0.9391797641118368,0.6823445047878669,0.5480232512318587,0.5554046698329421,0.8352429468976793,-0.2924020123543285,-0.02698621965967275,0.3617155977284157,0.8983273392727265,-2.4038323665861974,4.20048704513165,3.302159705858924,network_max_absolute_inner_lono_residual,54.0,0.7897263454083258,gap_length|acf_only|donor_r2_only|additive_d_over_4_heuristic,huc8_03090101
huc8_03090101,02266300,90.0,1.0254960086610585,0.7406109062662352,0.5480232512318587,0.549706968132298,0.8352429468976793,-0.3748049409913482,-0.02233393167989246,0.3622677914159399,1.2173819400645878,-2.0847777657943363,4.519541645923511,3.302159705858924,network_max_absolute_inner_lono_residual,54.0,1.106047159503646,gap_length|acf_only|donor_r2_only|additive_d_over_4_heuristic,huc8_03090101
huc8_03090101,02266300,180.0,1.667411968390147,0.8165839702155078,0.5480232512318587,0.54962773422081,0.8352429468976793,-0.27681790367008896,-0.3235955951704358,0.36281998510346447,2.325271226939708,-0.976888478919216,5.627430932798632,3.302159705858924,network_max_absolute_inner_lono_residual,54.0,2.2283121562822172,gap_length|acf_only|donor_r2_only|additive_d_over_4_heuristic,huc8_03090101
huc8_03090101,02266495,7.0,0.8194503130231585,0.16341665254345705,0.5485971253925386,0.7320708671426649,0.8352429468976792,-0.1633195411675774,-0.0063458425708411495,0.28899370145896824,0.683787288842009,-2.6183724170169147,3.985946994700933,3.302159705858924,network_max_absolute_inner_lono_residual,54.0,0.6357697252990596,gap_length|acf_only|donor_r2_only|additive_d_over_4_heuristic,huc8_03090101
huc8_03090101,02266495,14.0,0.9827156966073172,0.257911160702186,0.5485971253925386,0.6261932476541485,0.8352429468976792,-0.17906778917631697,0.07551609352580246,0.30990225447159425,0.9081753231417872,-2.3939843827171368,4.210335029000711,3.302159705858924,network_max_absolute_inner_lono_residual,54.0,0.8304109395659008,gap_length|acf_only|donor_r2_only|additive_d_over_4_heuristic,huc8_03090101
huc8_03090101,02266495,30.0,1.3501583426793418,0.41225239923674406,0.5485971253925386,0.5708808228282269,0.8352429468976792,-0.32800081269602127,0.15609807722483368,0.32221973899770556,0.9839962955326486,-2.3181634103262754,4.286156001391572,3.302159705858924,network_max_absolute_inner_lono_residual,54.0,0.8771663340823951,gap_length|acf_only|donor_r2_only|additive_d_over_4_heuristic,huc8_03090101
huc8_03090101,02266495,60.0,1.4418380376497906,0.5665303471692666,0.5485971253925386,0.556739128817606,0.8352429468976792,-0.3065743067214087,0.05073306021820243,0.3276279991428428,1.1322315419361197,-2.169928163922804,4.434391247795044,3.302159705858924,network_max_absolute_inner_lono_residual,54.0,1.0077593781951562,gap_length|acf_only|donor_r2_only|additive_d_over_4_heuristic,huc8_03090101
huc8_03090101,02266495,90.0,1.5795291953616672,0.6448205142464605,0.5485971253925386,0.5498077483786482,0.8352429468976792,-0.4006217077326921,-0.20301166036544802,0.3294307550925551,1.414070160459649,-1.8880895453992748,4.716229866318573,3.302159705858924,network_max_absolute_inner_lono_residual,54.0,1.284203428699708,gap_length|acf_only|donor_r2_only|additive_d_over_4_heuristic,huc8_03090101
huc8_03090101,02266495,180.0,2.481955909729004,0.7487650770018726,0.5485971253925386,0.5489111788242789,0.8352429468976792,-0.2761426716605143,-0.326092751922891,0.3312335110422719,2.4672392209054252,-0.8349204849534986,5.7693989267643495,3.302159705858924,network_max_absolute_inner_lono_residual,54.0,2.3478120015372372,gap_length|acf_only|donor_r2_only|additive_d_over_4_heuristic,huc8_03090101
huc8_03090204,255327081275900,7.0,0.3167592511858258,0.20467896777264172,0.8373057723979976,0.8934879168604566,0.9665995344776147,0.29837611471343584,0.6859411574172624,0.19639694990738982,0.7417028171506924,-2.505802549570084,3.9892081838714692,3.2475053667207767,network_max_absolute_inner_lono_residual,54.0,0.723225408276693,gap_length|acf_only|donor_r2_only|additive_d_over_4_heuristic|nearest_donor_correlation,huc8_03090204
huc8_03090204,255327081275900,14.0,0.4324376365116664,0.3143926495999807,0.8373057723979976,0.8560037534210494,0.9665995344776147,0.2486104933144563,0.7242657278104869,0.19779270188472303,0.7256915161597034,-2.5218138505610734,3.97319688288048,3.2475053667207767,network_max_absolute_inner_lono_residual,54.0,0.679233874634618,gap_length|acf_only|donor_r2_only|additive_d_over_4_heuristic|nearest_donor_correlation,huc8_03090204
huc8_03090204,255327081275900,30.0,0.4966428273518881,0.4780197091953833,0.8373057723979976,0.8404792821364928,0.9665995344776147,0.062100733906647124,0.8178751534716813,0.19856541426872792,0.6559995353183358,-2.591505831402441,3.9035049020391126,3.2475053667207767,network_max_absolute_inner_lono_residual,54.0,0.5824647575859269,gap_length|acf_only|donor_r2_only|additive_d_over_4_heuristic|nearest_donor_correlation,huc8_03090204
huc8_03090204,255327081275900,60.0,0.5308527256647746,0.6231345383362237,0.8373057723979976,0.8396670458720463,0.9665995344776147,-0.16725956711701234,0.8504427016745583,0.19890369730787869,0.776963689675002,-2.470541677045775,4.024469056395779,3.2475053667207767,network_max_absolute_inner_lono_residual,54.0,0.6881450055903192,gap_length|acf_only|donor_r2_only|additive_d_over_4_heuristic|nearest_donor_correlation,huc8_03090204
huc8_03090204,255327081275900,90.0,0.5313453763326009,0.6920236411800014,0.8373057723979976,0.837323722610266,0.9665995344776147,-0.4247623001388062,0.8287609422902236,0.19901645832784617,1.0622617610629321,-2.1852436056578446,4.309767127783709,3.2475053667207767,network_max_absolute_inner_lono_residual,54.0,0.9698759763433127,gap_length|acf_only|donor_r2_only|additive_d_over_4_heuristic|nearest_donor_correlation,huc8_03090204
huc8_03090204,255432081303900,7.0,0.3930316734313964,0.17556177620096625,0.7765998566934253,0.8638756615544141,0.9626626168892974,0.23306193894301366,0.6966893516386672,0.21050791326222268,0.7425900232502158,-2.504915343470561,3.9900953899709926,3.2475053667207767,network_max_absolute_inner_lono_residual,54.0,0.7229056751103319,gap_length|acf_only|donor_r2_only|additive_d_over_4_heuristic|nearest_donor_correlation,huc8_03090204
huc8_03090204,255432081303900,14.0,0.5847007519858225,0.2748865846831279,0.7765998566934253,0.8115291722113729,0.9626626168892974,0.1172941310695367,0.7544806763237776,0.2156780279955795,0.7940091810103638,-2.4534961857104127,4.041514547731141,3.2475053667207767,network_max_absolute_inner_lono_residual,54.0,0.7466910883233928,gap_length|acf_only|donor_r2_only|additive_d_over_4_heuristic|nearest_donor_correlation,huc8_03090204
huc8_03090204,255432081303900,30.0,0.824617696762085,0.4328161731812661,0.7765998566934253,0.785309696639473,0.9626626168892974,0.07621424423467191,0.7759890592485261,0.2188760349706063,0.7691162183332174,-2.478389148387559,4.016621585053994,3.2475053667207767,network_max_absolute_inner_lono_residual,54.0,0.6943731802491032,gap_length|acf_only|donor_r2_only|additive_d_over_4_heuristic|nearest_donor_correlation,huc8_03090204
huc8_03090204,255432081303900,60.0,0.9222507279713948,0.5848785840370212,0.7765998566934253,0.7806949954917912,0.9626626168892974,-0.02119769413979894,0.8342298615085177,0.22029046700414787,0.8872166879232393,-2.3602886787975375,4.1347220546440155,3.2475053667207767,network_max_absolute_inner_lono_residual,54.0,0.7958190338237279,gap_length|acf_only|donor_r2_only|additive_d_over_4_heuristic|nearest_donor_correlation,huc8_03090204
huc8_03090204,255432081303900,90.0,1.0814295109642875,0.660250374882654,0.7765998566934253,0.776939129572145,0.9626626168892974,-0.3116367524220634,0.8599831704780673,0.22076195816634,1.1632799854222378,-2.084225381298539,4.410785352143014,3.2475053667207767,network_max_absolute_inner_lono_residual,54.0,1.0671229767262091,gap_length|acf_only|donor_r2_only|additive_d_over_4_heuristic|nearest_donor_correlation,huc8_03090204
huc8_03090204,255534081324000,7.0,0.7504998670305525,0.23940889516257913,0.684020135081568,0.7807262574898565,0.9436899148044648,0.22440147036329497,0.6978209916068597,0.3595151985293728,0.6445711415669025,-2.602934225153874,3.8920765082876794,3.2475053667207767,network_max_absolute_inner_lono_residual,54.0,0.7224264571726271,gap_length|acf_only|donor_r2_only|additive_d_over_4_heuristic|nearest_donor_correlation,huc8_03090204
huc8_03090204,255534081324000,14.0,0.9505241298675536,0.3593567089599129,0.684020135081568,0.7105791079084762,0.9436899148044648,0.2053931659692351,0.7339296224657125,0.36391999607422176,0.7075070391583617,-2.539998327562415,3.9550124058791383,3.2475053667207767,network_max_absolute_inner_lono_residual,54.0,0.7471671619434334,gap_length|acf_only|donor_r2_only|additive_d_over_4_heuristic|nearest_donor_correlation,huc8_03090204
huc8_03090204,255534081324000,30.0,1.1808009936014812,0.5252918814792211,0.684020135081568,0.6857360401932628,0.9436899148044648,0.16229269916888295,0.7881981060333884,0.3663503422579661,0.6616191864061368,-2.58588618031464,3.9091245531269134,3.2475053667207767,network_max_absolute_inner_lono_residual,54.0,0.6722277912755463,gap_length|acf_only|donor_r2_only|additive_d_over_4_heuristic|nearest_donor_correlation,huc8_03090204
huc8_03090204,255534081324000,60.0,1.212305649439494,0.6606391124269918,0.684020135081568,0.6922534079829585,0.9436899148044648,0.0739467192512823,0.8773260296146764,0.3674142129679152,0.7805130658461427,-2.466992300874634,4.0280184325669195,3.2475053667207767,network_max_absolute_inner_lono_residual,54.0,0.7808270257810387,gap_length|acf_only|donor_r2_only|additive_d_over_4_heuristic|nearest_donor_correlation,huc8_03090204
huc8_03090204,255534081324000,90.0,1.2988096631368002,0.7228467048188405,0.684020135081568,0.6843957385807198,0.9436899148044648,-0.2188130862711582,0.8958352790146925,0.36776883655727516,1.0967498185329894,-2.1507555481877874,4.3442551852537665,3.2475053667207767,network_max_absolute_inner_lono_residual,54.0,1.0928717708520976,gap_length|acf_only|donor_r2_only|additive_d_over_4_heuristic|nearest_donor_correlation,huc8_03090204
huc8_03100101,02298202,7.0,0.4430544744219098,0.18450950122653442,0.6869396515144124,0.8065829707169833,0.9381606168359182,0.3658533330163198,0.06938517359557451,0.2729841183959004,0.6951019566505886,-2.551453627213555,3.9416575405147323,3.2465555838641436,network_max_absolute_inner_lono_residual,54.0,0.6991832071648966,gap_length|acf_only|donor_r2_only|additive_d_over_4_heuristic|nearest_donor_correlation,huc8_03100101
huc8_03100101,02298202,14.0,0.6597318976266044,0.28720491468201004,0.6869396515144124,0.7320529303213965,0.9381606168359182,0.41127466287944675,0.06011187340682318,0.2844392823863389,0.8084746161032049,-2.4380809677609387,4.055030199967349,3.2465555838641436,network_max_absolute_inner_lono_residual,54.0,0.7827383154542997,gap_length|acf_only|donor_r2_only|additive_d_over_4_heuristic|nearest_donor_correlation,huc8_03100101
huc8_03100101,02298202,30.0,0.7479187494913736,0.4473009877803369,0.6869396515144124,0.6930982301487829,0.9381606168359182,0.6728530318109068,0.28857082120483313,0.290773391365489,0.8181700598755871,-2.4283855239885566,4.064725643739731,3.2465555838641436,network_max_absolute_inner_lono_residual,54.0,0.7635094283983702,gap_length|acf_only|donor_r2_only|additive_d_over_4_heuristic|nearest_donor_correlation,huc8_03100101
huc8_03100101,02298202,60.0,0.713735787073771,0.5974308315126498,0.6869396515144124,0.6887479237903789,0.9381606168359182,0.7039358433908027,0.7100042190551015,0.2935458911187835,0.9387262851813089,-2.307829298682835,4.185281869045452,3.2465555838641436,network_max_absolute_inner_lono_residual,54.0,0.8696166658185039,gap_length|acf_only|donor_r2_only|additive_d_over_4_heuristic|nearest_donor_correlation,huc8_03100101
huc8_03100204,02301500,7.0,0.7365443597521101,0.20191949826944977,0.42654034089488024,0.6252452177354978,0.819937322242094,-0.0329559712138613,0.0627637365426108,0.2727662005087085,0.646539966234474,-2.624393366430955,3.917473298899903,3.270933332665429,network_max_absolute_inner_lono_residual,54.0,0.5113927725925143,gap_length|acf_only|donor_r2_only|additive_d_over_4_heuristic|nearest_donor_correlation,huc8_03100204
huc8_03100204,02301500,14.0,0.9611467674800328,0.3107200863984221,0.42654034089488024,0.49252650536545384,0.819937322242094,-0.07075142922864094,0.07313223707034507,0.2782863668803695,0.9280377215428584,-2.3428956111225707,4.198971054208287,3.270933332665429,network_max_absolute_inner_lono_residual,54.0,0.7322335291683515,gap_length|acf_only|donor_r2_only|additive_d_over_4_heuristic|nearest_donor_correlation,huc8_03100204
huc8_03100204,02301500,30.0,1.1535846751530965,0.47396802855769216,0.42654034089488024,0.4400545839435318,0.819937322242094,-0.056526689911813,0.13244077220121675,0.2812730536906919,0.9752686190066608,-2.295664713658768,4.24620195167209,3.270933332665429,network_max_absolute_inner_lono_residual,54.0,0.7416420951301657,gap_length|acf_only|donor_r2_only|additive_d_over_4_heuristic|nearest_donor_correlation,huc8_03100204
huc8_03100204,02301500,60.0,1.1040664264361064,0.6198106540006812,0.42654034089488024,0.42892141779048765,0.819937322242094,-0.15566852891270974,0.06282601325412784,0.28257983419841826,1.128942680434733,-2.141990652230696,4.399876013100162,3.270933332665429,network_max_absolute_inner_lono_residual,54.0,0.8781783411894449,gap_length|acf_only|donor_r2_only|additive_d_over_4_heuristic|nearest_donor_correlation,huc8_03100204
huc8_03100204,02301500,90.0,1.3529915551079643,0.6892795457464604,0.42654034089488024,0.426970056499567,0.819937322242094,-0.16672336543289784,0.07685190241116144,0.2830154277012159,1.4136825240735078,-1.857250808591921,4.684615856738937,3.270933332665429,network_max_absolute_inner_lono_residual,54.0,1.1599836135480481,gap_length|acf_only|donor_r2_only|additive_d_over_4_heuristic|nearest_donor_correlation,huc8_03100204
huc8_03100204,02301500,180.0,1.8858034201198155,0.7802776259917336,0.42654034089488024,0.43144926217974766,0.819937322242094,-0.14364646262980516,-0.20679013720229406,0.2834510212040165,2.4810633036939764,-0.7898700289714524,5.751996636359405,3.270933332665429,network_max_absolute_inner_lono_residual,54.0,2.2394082173964867,gap_length|acf_only|donor_r2_only|additive_d_over_4_heuristic|nearest_donor_correlation,huc8_03100204
huc8_03100204,02301500,365.0,3.1714129468839465,0.8457006470702724,0.42654034089488024,0.4289339865805667,0.819937322242094,0.6926456883424603,0.44573880117010384,0.2836718014725586,4.96518340042155,1.694250067756121,8.236116733086979,3.270933332665429,network_max_absolute_inner_lono_residual,54.0,4.761358717661969,gap_length|acf_only|donor_r2_only|additive_d_over_4_heuristic|nearest_donor_correlation,huc8_03100204
huc8_03100204,02301718,7.0,0.5880618204389298,0.12903348105484536,0.472281648497073,0.7209853421197452,0.821122543578197,-0.02967919634387207,0.04599532339018969,0.2725675075035965,0.6172655307009093,-2.6536678019645197,3.888198863366338,3.270933332665429,network_max_absolute_inner_lono_residual,54.0,0.5371384229112308,gap_length|acf_only|donor_r2_only|additive_d_over_4_heuristic|nearest_donor_correlation,huc8_03100204
huc8_03100204,02301718,14.0,0.8362519414084298,0.2082409994604304,0.472281648497073,0.5865736294142891,0.821122543578197,-0.0334375217345439,0.07969055292253306,0.3113141452134738,0.9657582122068614,-2.3051751204585673,4.23669154487229,3.270933332665429,network_max_absolute_inner_lono_residual,54.0,0.8636002184233225,gap_length|acf_only|donor_r2_only|additive_d_over_4_heuristic|nearest_donor_correlation,huc8_03100204
huc8_03100204,02301718,30.0,1.091829016685486,0.34786341209089733,0.472281648497073,0.49455335224558916,0.821122543578197,-0.0990530425221879,0.09277077891300331,0.33918811103748076,1.1843942948570405,-2.0865390378083886,4.455327627522469,3.270933332665429,network_max_absolute_inner_lono_residual,54.0,1.0586104359067612,gap_length|acf_only|donor_r2_only|additive_d_over_4_heuristic|nearest_donor_correlation,huc8_03100204
huc8_03100204,02301718,60.0,1.1811703780492149,0.5044958636555201,0.472281648497073,0.4834345640139054,0.821122543578197,-0.007312231553459702,0.10151293923936215,0.35182579337501335,1.3155028295738966,-1.9554305030915322,4.586436162239325,3.270933332665429,network_max_absolute_inner_lono_residual,54.0,1.1828324291788308,gap_length|acf_only|donor_r2_only|additive_d_over_4_heuristic|nearest_donor_correlation,huc8_03100204
huc8_03100204,02301718,90.0,1.2750767487419976,0.591254363555263,0.472281648497073,0.4757562188149359,0.821122543578197,-0.08751690240893875,0.014557099993124384,0.3560392391385057,1.5818350111673993,-1.6890983214980295,4.852768343832828,3.270933332665429,network_max_absolute_inner_lono_residual,54.0,1.4453416983312213,gap_length|acf_only|donor_r2_only|additive_d_over_4_heuristic|nearest_donor_correlation,huc8_03100204
huc8_03100204,02301718,180.0,2.03214717663659,0.7104392500805836,0.472281648497073,0.47228311827370106,0.821122543578197,0.31446859460975773,0.0038051128653038557,0.36025268494789403,2.614932832203352,-0.6560005004620768,5.885866164868781,3.270933332665429,network_max_absolute_inner_lono_residual,54.0,2.4870806095789737,gap_length|acf_only|donor_r2_only|additive_d_over_4_heuristic|nearest_donor_correlation,huc8_03100204
huc8_03100204,02301718,365.0,5.982206450214124,0.7966554753885887,0.472281648497073,0.4728753246884898,0.821122543578197,0.19597402395755806,0.9727018586081441,0.36238826707046184,5.046058832849555,1.7751255001841262,8.316992165514984,3.270933332665429,network_max_absolute_inner_lono_residual,54.0,4.956118878951014,gap_length|acf_only|donor_r2_only|additive_d_over_4_heuristic|nearest_donor_correlation,huc8_03100204
huc8_03100205,02304000,7.0,0.9332477160862512,0.1268871979686904,0.38583583536545485,0.6696985681819039,0.7077395844648571,0.013977266151120804,0.03202658299240914,0.15304524440359615,0.6477716192345683,-2.6100984235001636,3.9056416619693,3.257870042734732,network_max_absolute_inner_lono_residual,54.0,0.3524761581526874,gap_length|acf_only|donor_r2_only|additive_d_over_4_heuristic|nearest_donor_correlation,huc8_03100205
huc8_03100205,02304000,14.0,1.0157473346165249,0.2050607234427635,0.38583583536545485,0.512080109738044,0.7077395844648571,0.034193078863831716,0.01585754520603521,0.16601487482925512,1.077858637831042,-2.1800114049036896,4.335728680565774,3.257870042734732,network_max_absolute_inner_lono_residual,54.0,0.7080479791960026,gap_length|acf_only|donor_r2_only|additive_d_over_4_heuristic|nearest_donor_correlation,huc8_03100205
huc8_03100205,02304000,30.0,1.2547849089304604,0.34351773461314683,0.38583583536545485,0.4081020767656087,0.7077395844648571,0.05651006092182531,0.06106505359902503,0.17374857608201075,1.3399662850399667,-1.917903757694765,4.597836327774699,3.257870042734732,network_max_absolute_inner_lono_residual,54.0,0.91263482420243,gap_length|acf_only|donor_r2_only|additive_d_over_4_heuristic|nearest_donor_correlation,huc8_03100205
huc8_03100205,02304000,60.0,1.4515932366053264,0.5000320052474813,0.38583583536545485,0.3934951162901619,0.7077395844648571,0.12198400679261204,0.09700602413905882,0.17714661602880108,1.4807821576202567,-1.7770878851144751,4.738652200354989,3.257870042734732,network_max_absolute_inner_lono_residual,54.0,1.0389432161424326,gap_length|acf_only|donor_r2_only|additive_d_over_4_heuristic|nearest_donor_correlation,huc8_03100205
huc8_03100205,02304000,90.0,1.6438887536790634,0.5872964603330163,0.38583583536545485,0.3858402947570373,0.7077395844648571,0.06324664038993881,0.042513071464743826,0.17827929817191904,1.744847297527729,-1.5130227452070029,5.0027173402624605,3.257870042734732,network_max_absolute_inner_lono_residual,54.0,1.297891941434487,gap_length|acf_only|donor_r2_only|additive_d_over_4_heuristic|nearest_donor_correlation,huc8_03100205
huc8_03100205,02304000,180.0,1.7980917302767438,0.7075771694228215,0.38583583536545485,0.3880110947353568,0.7077395844648571,0.5464737888798425,0.3146246683074661,0.17941198031503705,2.754568267623063,-0.5033017751116686,6.012438310357795,3.257870042734732,network_max_absolute_inner_lono_residual,54.0,2.3198222687077337,gap_length|acf_only|donor_r2_only|additive_d_over_4_heuristic|nearest_donor_correlation,huc8_03100205
huc8_03100207,02310308,7.0,0.7497360352107456,0.14691785917150113,0.5883687260341517,0.7648569896019077,0.9019211098569505,-0.04911130443923637,-0.08158952798874634,0.23216978143026648,0.6774589605300292,-2.5672522066865477,3.9221701277466066,3.244711167216577,network_max_absolute_inner_lono_residual,54.0,0.6025539744367573,gap_length|acf_only|donor_r2_only|additive_d_over_4_heuristic|nearest_donor_correlation,huc8_03100207
huc8_03100207,02310308,14.0,0.8411609254564558,0.23437592265197482,0.5883687260341517,0.6569253966187647,0.9019211098569505,-0.006940378984102985,-0.13478645301643807,0.25120080812823514,0.927055153757727,-2.3176560134588504,4.171766320974304,3.244711167216577,network_max_absolute_inner_lono_residual,54.0,0.8185353841937706,gap_length|acf_only|donor_r2_only|additive_d_over_4_heuristic|nearest_donor_correlation,huc8_03100207
huc8_03100207,02310308,30.0,1.0560941365559895,0.3825459053325104,0.5883687260341517,0.5944423406847812,0.9019211098569505,0.06076351198306329,-0.25346265923339256,0.2628008891130973,1.0359223399185395,-2.2087888272980374,4.280633507135117,3.244711167216577,network_max_absolute_inner_lono_residual,54.0,0.8957030673307581,gap_length|acf_only|donor_r2_only|additive_d_over_4_heuristic|nearest_donor_correlation,huc8_03100207
huc8_03100207,02310308,60.0,1.2264697907765707,0.53882649947452,0.5883687260341517,0.5900632225209865,0.9019211098569505,0.2135540393700588,-0.9620565146391057,0.2679100495906438,1.1448245803578108,-2.0998865868587666,4.389535747574388,3.244711167216577,network_max_absolute_inner_lono_residual,54.0,0.9912876357077571,gap_length|acf_only|donor_r2_only|additive_d_over_4_heuristic|nearest_donor_correlation,huc8_03100207
huc8_03100207,02310650,7.0,0.1364837237766811,0.43654996853605466,0.5705678656523825,0.6350107791650796,0.8856690257623906,-0.2887288182052067,-0.27456437812757295,0.0778422582492596,0.44268131204773176,-2.802029855168845,3.687392479264309,3.244711167216577,network_max_absolute_inner_lono_residual,54.0,0.09709986173083548,gap_length|acf_only|donor_r2_only|additive_d_over_4_heuristic|nearest_donor_correlation,huc8_03100207
huc8_03100207,02310650,14.0,0.1661730670928955,0.5742602926715521,0.5705678656523825,0.5815704388690913,0.8856690257623906,-0.4275743596737117,-0.6137631494629402,0.07753775069516632,0.4190322730002154,-2.8256788942163618,3.6637434402167925,3.244711167216577,network_max_absolute_inner_lono_residual,54.0,0.031370875111714346,gap_length|acf_only|donor_r2_only|additive_d_over_4_heuristic|nearest_donor_correlation,huc8_03100207
huc8_03100207,02310650,30.0,0.2075182253519693,0.7065242783162389,0.5705678656523825,0.5710266305330807,0.8856690257623906,-0.09240126389337223,-0.9005867802869272,0.07737534164836501,0.40049490503622964,-2.8442162621803475,3.645206072252807,3.244711167216577,network_max_absolute_inner_lono_residual,54.0,-0.00887344073328384,gap_length|acf_only|donor_r2_only|additive_d_over_4_heuristic|nearest_donor_correlation,huc8_03100207
huc8_03100207,02310650,60.0,0.2111224591290509,0.792462181255875,0.5705678656523825,0.5711091408622762,0.8856690257623906,0.24677825220078034,-0.9680529525408629,0.07730428769038171,0.642280281631739,-2.6024308855848384,3.886991448848316,3.244711167216577,network_max_absolute_inner_lono_residual,54.0,0.22781760415975177,gap_length|acf_only|donor_r2_only|additive_d_over_4_heuristic|nearest_donor_correlation,huc8_03100207
huc8_03100207,02310689,7.0,0.5279993220738002,0.29853122387811415,0.7171482569942389,0.785661874988077,0.9410814013071157,-0.027866521085976547,-0.022031391145240213,0.25647505657152203,0.5914314366663806,-2.6532797305501967,3.8361426038829576,3.244711167216577,network_max_absolute_inner_lono_residual,54.0,0.5537346615183857,gap_length|acf_only|donor_r2_only|additive_d_over_4_heuristic|nearest_donor_correlation,huc8_03100207
huc8_03100207,02310689,14.0,0.7206086254119872,0.43070315209442267,0.7171482569942389,0.73429965822902,0.9410814013071157,-0.07215056258795949,-0.07223150854127988,0.25816325720608724,0.572906324335265,-2.671804842881312,3.817617491551842,3.244711167216577,network_max_absolute_inner_lono_residual,54.0,0.49700228699593696,gap_length|acf_only|donor_r2_only|additive_d_over_4_heuristic|nearest_donor_correlation,huc8_03100207
huc8_03100207,02310689,30.0,0.7158347040812175,0.5924185001201641,0.7171482569942389,0.718458070400309,0.9410814013071157,-0.07466309466183937,-0.33120988284210895,0.25908577702782104,0.5093361012032991,-2.735375066013278,3.7540472684198765,3.244711167216577,network_max_absolute_inner_lono_residual,54.0,0.405813660236734,gap_length|acf_only|donor_r2_only|additive_d_over_4_heuristic|nearest_donor_correlation,huc8_03100207
huc8_03100207,02310689,60.0,0.7818758042653402,0.7108585288072491,0.7171482569942389,0.7175606930876783,0.9410814013071157,0.20545126216341125,-0.964926336883779,0.25948949402615423,0.6863784174711152,-2.558332749745462,3.931089584687692,3.244711167216577,network_max_absolute_inner_lono_residual,54.0,0.5723244089375303,gap_length|acf_only|donor_r2_only|additive_d_over_4_heuristic|nearest_donor_correlation,huc8_03100207
huc8_03100207,02310700,7.0,0.3210829039982387,0.2250529035989346,0.825185807364083,0.8820856428432745,0.9674721302326207,0.04162073077573993,-0.04578292952260281,0.15989599777313662,0.6985840077452267,-2.5461271594713506,3.9432951749618037,3.244711167216577,network_max_absolute_inner_lono_residual,54.0,0.6301782917494737,gap_length|acf_only|donor_r2_only|additive_d_over_4_heuristic|nearest_donor_correlation,huc8_03100207
huc8_03100207,02310700,14.0,0.4470416150774275,0.3410510175473218,0.825185807364083,0.8429840211336119,0.9674721302326207,0.08346222012298814,-0.10632548995245668,0.15959517983807336,0.6758801427273674,-2.5688310244892096,3.9205913099439447,3.244711167216577,network_max_absolute_inner_lono_residual,54.0,0.5745961857928693,gap_length|acf_only|donor_r2_only|additive_d_over_4_heuristic|nearest_donor_correlation,huc8_03100207
huc8_03100207,02310700,30.0,0.4177282409667969,0.5065533093822688,0.825185807364083,0.8265665189926105,0.9674721302326207,0.21751249754747307,-0.16005603768855692,0.15943385419942233,0.6061939551033974,-2.6385172121131797,3.8509051223199746,3.244711167216577,network_max_absolute_inner_lono_residual,54.0,0.47526421329361973,gap_length|acf_only|donor_r2_only|additive_d_over_4_heuristic|nearest_donor_correlation,huc8_03100207
huc8_03100207,02310700,60.0,0.9334945314580744,0.6460340124471218,0.825185807364083,0.8253076451244343,0.9674721302326207,0.04295851736279393,-0.9975944929640754,0.1593632734535142,0.7404804977335279,-2.504230669483049,3.985191664950105,3.244711167216577,network_max_absolute_inner_lono_residual,54.0,0.5947681312582784,gap_length|acf_only|donor_r2_only|additive_d_over_4_heuristic|nearest_donor_correlation,huc8_03100207
huc8_03100207,02310740,7.0,0.3193260383605957,0.20299755572564093,0.3781377925860796,0.6113832524991023,0.8241922457890205,-0.026041112994832305,-0.02188144359330214,0.16708810339970312,0.5650696643780954,-2.6796415028384817,3.8097808315946726,3.244711167216577,network_max_absolute_inner_lono_residual,54.0,0.30146782354881846,gap_length|acf_only|donor_r2_only|additive_d_over_4_heuristic|nearest_donor_correlation,huc8_03100207
huc8_03100207,02310740,14.0,0.4481952599116733,0.31215663619763523,0.3781377925860796,0.47157558974258407,0.8241922457890205,0.03647272925159295,-0.06718162124012145,0.181453818984853,0.8679610994154864,-2.376750067801091,4.112672266632064,3.244711167216577,network_max_absolute_inner_lono_residual,54.0,0.5498641603737171,gap_length|acf_only|donor_r2_only|additive_d_over_4_heuristic|nearest_donor_correlation,huc8_03100207
huc8_03100207,02310740,30.0,0.5599347604115804,0.475556440971471,0.3781377925860796,0.3961155638935083,0.8241922457890205,0.11667403487768539,-0.16418463104984296,0.19028763104219423,0.9851901082323259,-2.259521058984251,4.229901275448903,3.244711167216577,network_max_absolute_inner_lono_residual,54.0,0.6248704871697814,gap_length|acf_only|donor_r2_only|additive_d_over_4_heuristic|nearest_donor_correlation,huc8_03100207
huc8_03100207,02310740,60.0,0.6830558897654215,0.6211160203339576,0.3781377925860796,0.3997941398192676,0.8241922457890205,0.20545126216341125,-0.964926336883779,0.19418076115670418,1.09153694464131,-2.1531742225752675,4.336248111857887,3.244711167216577,network_max_absolute_inner_lono_residual,54.0,0.7215150139057132,gap_length|acf_only|donor_r2_only|additive_d_over_4_heuristic|nearest_donor_correlation,huc8_03100207
huc8_03150104,02388975,7.0,1.0686628368922642,0.263311827592536,0.8107046634785123,0.8631068046768858,0.9489911213334019,0.07136536491015162,-0.02214518129514482,0.13999211574796733,0.6526479756419817,-2.604758898921436,3.9100548502053996,3.2574068745634177,network_max_absolute_inner_lono_residual,54.0,0.5477436855127553,gap_length|acf_only|donor_r2_only|additive_d_over_4_heuristic|nearest_donor_correlation,huc8_03150104
huc8_03150104,02388975,14.0,0.8970651064600264,0.38897434056236435,0.8107046634785123,0.8262751019391222,0.9489911213334019,0.041709514491587954,-0.04011076392592664,0.1404438967192813,0.6042781298624135,-2.653128744701004,3.8616850044258313,3.2574068745634177,network_max_absolute_inner_lono_residual,54.0,0.46780954477680714,gap_length|acf_only|donor_r2_only|additive_d_over_4_heuristic|nearest_donor_correlation,huc8_03150104
huc8_03150104,02388975,30.0,0.9364242838223776,0.554238944583686,0.8107046634785123,0.8146469610497011,0.9489911213334019,-0.07216664793199509,-0.021770533757623882,0.14069070911480677,0.5181582846027429,-2.739248589960675,3.7755651591661605,3.2574068745634177,network_max_absolute_inner_lono_residual,54.0,0.3531073011898344,gap_length|acf_only|donor_r2_only|additive_d_over_4_heuristic|nearest_donor_correlation,huc8_03150104
huc8_03150104,02388975,60.0,1.2045809096495312,0.6826421552770187,0.8107046634785123,0.8141975183003819,0.9489911213334019,0.11493707653067035,-0.07215719853175896,0.14079871905111271,0.6715837766832918,-2.5858230978801258,3.9289906512467097,3.2574068745634177,network_max_absolute_inner_lono_residual,54.0,0.49201707011525503,gap_length|acf_only|donor_r2_only|additive_d_over_4_heuristic|nearest_donor_correlation,huc8_03150104
huc8_03150104,02388975,90.0,1.2806829975446066,0.7408542972119166,0.8107046634785123,0.8107110668760491,0.9489911213334019,0.13704272288859368,0.06433172512765657,0.14083472236363534,0.9831424449806508,-2.2742644295827668,4.240549319544068,3.2574068745634177,network_max_absolute_inner_lono_residual,54.0,0.800773108950125,gap_length|acf_only|donor_r2_only|additive_d_over_4_heuristic|nearest_donor_correlation,huc8_03150104
huc8_03150104,02388975,180.0,1.3432787932289971,0.8167560788670669,0.8107046634785123,0.8112254874565237,0.9489911213334019,-0.6321532911960289,-0.07237315918622389,0.14087072567616843,2.091224346109122,-1.166182528454296,5.348631220672539,3.2574068745634177,network_max_absolute_inner_lono_residual,54.0,1.921639045824902,gap_length|acf_only|donor_r2_only|additive_d_over_4_heuristic|nearest_donor_correlation,huc8_03150104
huc8_03150104,02388985,7.0,0.890191355432783,0.16810341001080098,0.0,0.45297140243460554,0.6609051087763139,0.09074128038294647,-0.012682288055743424,0.32634035701986047,0.26651174291602203,-2.9908951316473957,3.5239186174794397,3.2574068745634177,network_max_absolute_inner_lono_residual,54.0,0.002925448414346767,gap_length|acf_only|donor_r2_only|additive_d_over_4_heuristic|nearest_donor_correlation,huc8_03150104
huc8_03150104,02388985,14.0,1.0811548362459455,0.2644968654822989,0.0,0.279338066863721,0.6609051087763139,0.06525498998830097,-0.04051462508970197,0.36010956488782697,0.7199855102550049,-2.537421364308413,3.9773923848184225,3.2574068745634177,network_max_absolute_inner_lono_residual,54.0,0.4236059422262234,gap_length|acf_only|donor_r2_only|additive_d_over_4_heuristic|nearest_donor_correlation,huc8_03150104
huc8_03150104,02388985,30.0,1.0506097787221274,0.4203144415047476,0.0,0.1845727913752977,0.6609051087763139,-0.028469866433545543,-0.08214211072651642,0.38280323289944146,0.92121685547566,-2.336190019087758,4.178623730039078,3.2574068745634177,network_max_absolute_inner_lono_residual,54.0,0.5963394275493872,gap_length|acf_only|donor_r2_only|additive_d_over_4_heuristic|nearest_donor_correlation,huc8_03150104
huc8_03150104,02388985,60.0,1.228633193174998,0.5738005944976552,0.0,0.16875530268044847,0.6609051087763139,0.10657367226542089,-0.10994309045963088,0.3929425947363723,1.0710496836751566,-2.186357190888261,4.328456558238575,3.2574068745634177,network_max_absolute_inner_lono_residual,54.0,0.7330762742675289,gap_length|acf_only|donor_r2_only|additive_d_over_4_heuristic|nearest_donor_correlation,huc8_03150104
huc8_03150104,02388985,90.0,1.2190939914915295,0.6509523914925335,0.0,0.0968700719427481,0.6609051087763139,0.2919401200152576,-0.009725225826189142,0.39632261517700845,1.5625565165595197,-1.694850358003898,4.819963391122937,3.2574068745634177,network_max_absolute_inner_lono_residual,54.0,1.2008941904350976,gap_length|acf_only|donor_r2_only|additive_d_over_4_heuristic|nearest_donor_correlation,huc8_03150104
huc8_03150104,02388985,180.0,0.8370154857635498,0.7531202217532087,0.0,0.055310551283173304,0.6609051087763139,0.1882267098432442,0.9821256058680006,0.39970263562180275,2.750435504755913,-0.5069713698075047,6.007842379319331,3.2574068745634177,network_max_absolute_inner_lono_residual,54.0,2.3874315246293722,gap_length|acf_only|donor_r2_only|additive_d_over_4_heuristic|nearest_donor_correlation,huc8_03150104
huc8_03150104,02389150,7.0,0.2699208572932652,0.24140774527507114,0.8291025628215951,0.8803705919664513,0.948991121333402,0.04155198258272774,-0.03885133373285403,0.150090495710478,0.6923166815101547,-2.565090193053263,3.9497235560735726,3.2574068745634177,network_max_absolute_inner_lono_residual,54.0,0.6112707277141931,gap_length|acf_only|donor_r2_only|additive_d_over_4_heuristic|nearest_donor_correlation,huc8_03150104
huc8_03150104,02389150,14.0,0.3095034071377344,0.36187447042968135,0.8291025628215951,0.8454424174931111,0.948991121333402,-0.0015324336353385128,-0.029351379895004852,0.15162356680446004,0.6488073210722751,-2.6085995534911426,3.906214195635693,3.2574068745634177,network_max_absolute_inner_lono_residual,54.0,0.5388758567323749,gap_length|acf_only|donor_r2_only|additive_d_over_4_heuristic|nearest_donor_correlation,huc8_03150104
huc8_03150104,02389150,30.0,0.3085977352460226,0.5278171309021757,0.8291025628215951,0.8329137204296193,0.948991121333402,-0.031365107550012136,-0.13876385209950065,0.1524711259313476,0.5641505769087818,-2.693256297654636,3.8215574514721995,3.2574068745634177,network_max_absolute_inner_lono_residual,54.0,0.42587719349429115,gap_length|acf_only|donor_r2_only|additive_d_over_4_heuristic|nearest_donor_correlation,huc8_03150104
huc8_03150104,02389150,60.0,0.3775038727919261,0.6625840409997068,0.8291025628215951,0.8318673659909632,0.948991121333402,0.18227548733852802,-0.17644601324610815,0.1528421649996547,0.7060446296348704,-2.5513622449285474,3.963451504198288,3.2574068745634177,network_max_absolute_inner_lono_residual,54.0,0.5521988742688023,gap_length|acf_only|donor_r2_only|additive_d_over_4_heuristic|nearest_donor_correlation,huc8_03150104
huc8_03150104,02389150,90.0,0.418526587539249,0.7244400054007178,0.8291025628215951,0.8291098733349246,0.948991121333402,0.43824449066609344,0.01661585957618866,0.15296584469776392,1.0075567544734054,-2.249850120090012,4.264963629036823,3.2574068745634177,network_max_absolute_inner_lono_residual,54.0,0.8505652822895673,gap_length|acf_only|donor_r2_only|additive_d_over_4_heuristic|nearest_donor_correlation,huc8_03150104
huc8_03150104,02394000,7.0,0.3817206117085047,0.06514646835801552,0.0,0.6814472342061932,0.28029492811094914,0.09257073492423619,-0.0017627510374493005,0.2504400971590443,0.07696949756925445,-3.1804373769941634,3.334376372132672,3.2574068745634177,network_max_absolute_inner_lono_residual,54.0,-0.284292062372552,gap_length|acf_only|donor_r2_only|additive_d_over_4_heuristic|nearest_donor_correlation,huc8_03150104
huc8_03150104,02394000,14.0,0.4208235039029803,0.10950144526835437,0.0,0.590874984534969,0.28029492811094914,0.0837829724646555,0.017902854727958016,0.32027468886968324,0.3733010250259386,-2.884105849537479,3.6307078995893565,3.2574068745634177,network_max_absolute_inner_lono_residual,54.0,0.052627589485943524,gap_length|acf_only|donor_r2_only|additive_d_over_4_heuristic|nearest_donor_correlation,huc8_03150104
huc8_03150104,02394000,30.0,0.5854433801968892,0.19950184517640224,0.0,0.47400750542516246,0.28029492811094914,-0.09565496177519643,0.0416292373824908,0.4218238015949616,0.7847370623900671,-2.4726698121733506,4.042143936953485,3.2574068745634177,network_max_absolute_inner_lono_residual,54.0,0.5247246150554269,gap_length|acf_only|donor_r2_only|additive_d_over_4_heuristic|nearest_donor_correlation,huc8_03150104
huc8_03150104,02394000,60.0,0.736659881591797,0.3283511215714475,0.0,0.29616894116415127,0.28029492811094914,0.023782856253419117,-0.036391435169072436,0.5125384432328097,1.507732133526845,-1.7496747410365727,4.765139008090262,3.2574068745634177,network_max_absolute_inner_lono_residual,54.0,1.2751590007031015,gap_length|acf_only|donor_r2_only|additive_d_over_4_heuristic|nearest_donor_correlation,huc8_03150104
huc8_03150104,02394000,90.0,1.1777297008832297,0.4200921641768103,0.0,0.19194500967667372,0.28029492811094914,0.04274679845572443,0.14140059148831563,0.5509469554734676,2.072407650648049,-1.1849992239153688,5.329814525211466,3.2574068745634177,network_max_absolute_inner_lono_residual,54.0,1.8408872831072525,gap_length|acf_only|donor_r2_only|additive_d_over_4_heuristic|nearest_donor_correlation,huc8_03150104
huc8_03150104,02394000,180.0,2.0896594545576304,0.5762498011769976,0.0,0.03328341158844028,0.28029492811094914,-0.5434404710764542,0.04996895763808201,0.5905945961999013,3.5227856784251297,0.265378803861712,6.780192552988547,3.2574068745634177,network_max_absolute_inner_lono_residual,54.0,3.2827993247078404,gap_length|acf_only|donor_r2_only|additive_d_over_4_heuristic|nearest_donor_correlation,huc8_03150104
huc8_03150104,02394682,7.0,1.37045793056488,0.09728356932471638,0.0,0.5774693708501647,0.4452923234116533,0.09217409823460426,-0.008003857491764027,0.516994947977986,0.20141142932528103,-3.055995445238137,3.4588183038886986,3.2574068745634177,network_max_absolute_inner_lono_residual,54.0,0.13219623638991437,gap_length|acf_only|donor_r2_only|additive_d_over_4_heuristic|nearest_donor_correlation,huc8_03150104
huc8_03150104,02394682,14.0,1.3149907752445764,0.16022877062561436,0.0,0.4257695761443926,0.4452923234116533,0.11554712397794761,-0.015830362839946065,0.5386093408695523,0.6550442474650641,-2.6023626270983535,3.912451122028482,3.2574068745634177,network_max_absolute_inner_lono_residual,54.0,0.5528871392820482,gap_length|acf_only|donor_r2_only|additive_d_over_4_heuristic|nearest_donor_correlation,huc8_03150104
huc8_03150104,02394682,30.0,1.4378348913192749,0.2792577443471518,0.0,0.3165766909276859,0.4452923234116533,-0.005104983379856825,-0.024581479234501286,0.5505003208811472,0.9804386815456817,-2.276968193017736,4.237845556109099,3.2574068745634177,network_max_absolute_inner_lono_residual,54.0,0.8405088696765933,gap_length|acf_only|donor_r2_only|additive_d_over_4_heuristic|nearest_donor_correlation,huc8_03150104
huc8_03150104,02394682,60.0,1.5436944664319356,0.4293975670344613,0.0,0.2634542668008234,0.4452923234116533,0.11318432011604555,-0.07772398036207462,0.5557044413109126,1.257323559065451,-2.0000833154979665,4.514730433628869,3.2574068745634177,network_max_absolute_inner_lono_residual,54.0,1.0881835193927405,gap_length|acf_only|donor_r2_only|additive_d_over_4_heuristic|nearest_donor_correlation,huc8_03150104
huc8_03150104,02394682,90.0,1.4968988925086126,0.5223088960335168,0.0,0.26893183428509826,0.4452923234116533,0.1367313232827599,0.06062569490962225,0.5574391481382532,1.4667074209917912,-1.7906994535716265,4.724114295555209,3.2574068745634177,network_max_absolute_inner_lono_residual,54.0,1.2930393570210905,gap_length|acf_only|donor_r2_only|additive_d_over_4_heuristic|nearest_donor_correlation,huc8_03150104
huc8_03150104,02394682,180.0,1.63401980082194,0.6594800025036246,0.0,0.17812140382359598,0.4452923234116533,-0.9056132915424532,-0.42387274753763204,0.5591738549655941,2.7389975755362794,-0.5184092990271383,5.996404450099697,3.2574068745634177,network_max_absolute_inner_lono_residual,54.0,2.5407571471739865,gap_length|acf_only|donor_r2_only|additive_d_over_4_heuristic|nearest_donor_correlation,huc8_03150104
huc8_03160111,02455980,7.0,0.4032577909742081,0.32587831933325473,0.7962716712770468,0.8431525845817285,0.9468622478942995,0.005477055380247276,0.023184636687935266,0.23279629881746233,0.543285801625318,-2.7079919433355526,3.794563546586189,3.2512777449608707,network_max_absolute_inner_lono_residual,54.0,0.5163268040823074,gap_length|acf_only|donor_r2_only|additive_d_over_4_heuristic|nearest_donor_correlation,huc8_03160111
huc8_03160111,02455980,14.0,0.4848369026184082,0.4615896679555901,0.7962716712770468,0.8096560017300187,0.9468622478942995,-0.018744720532566456,0.06438016461866192,0.23206272762339733,0.4655690393258716,-2.785708705634999,3.7168467842867425,3.2512777449608707,network_max_absolute_inner_lono_residual,54.0,0.4051881024112118,gap_length|acf_only|donor_r2_only|additive_d_over_4_heuristic|nearest_donor_correlation,huc8_03160111
huc8_03160111,02455980,30.0,0.5647948807080587,0.6189560897699786,0.7962716712770468,0.7998642553487099,0.9468622478942995,-0.014638692715284288,0.18288180359132414,0.23166850198157085,0.39574657491984816,-2.8555311700410226,3.647024319880719,3.2512777449608707,network_max_absolute_inner_lono_residual,54.0,0.30987013473847724,gap_length|acf_only|donor_r2_only|additive_d_over_4_heuristic|nearest_donor_correlation,huc8_03160111
huc8_03160111,02455980,60.0,0.5770121176242828,0.7300884033251893,0.7962716712770468,0.7974710108509595,0.9468622478942995,0.02536081099649945,0.03802375351559333,0.2314960242182894,0.5948323478925716,-2.6564453970682993,3.846110092853442,3.2512777449608707,network_max_absolute_inner_lono_residual,54.0,0.49816931084673877,gap_length|acf_only|donor_r2_only|additive_d_over_4_heuristic|nearest_donor_correlation,huc8_03160111
huc8_03160111,02455980,90.0,0.7375852922333611,0.7796167489868646,0.7962716712770468,0.7967459776318879,0.9468622478942995,0.12223052608522209,-0.04782439555606775,0.23143853163052971,0.9158888961039783,-2.3353888488568924,4.167166641064849,3.2512777449608707,network_max_absolute_inner_lono_residual,54.0,0.8194331934880511,gap_length|acf_only|donor_r2_only|additive_d_over_4_heuristic|nearest_donor_correlation,huc8_03160111
huc8_03160111,02455980,180.0,1.6605312734709845,0.8441655053704036,0.7962716712770468,0.7965879076518524,0.9468622478942995,0.6873560749784434,-0.29240855919579867,0.23138103904277013,2.0462477625166287,-1.205029982444242,5.297525507477499,3.2512777449608707,network_max_absolute_inner_lono_residual,54.0,1.965274998699419,gap_length|acf_only|donor_r2_only|additive_d_over_4_heuristic|nearest_donor_correlation,huc8_03160111
huc8_03160111,02457595,7.0,0.7400003351484027,0.2813507235646501,0.6731446361352562,0.7611115818647785,0.9468622478942995,0.008177400731728336,0.019428478983285053,0.3054677204900291,0.5794119994420642,-2.6718657455188066,3.830689744402935,3.2512777449608707,network_max_absolute_inner_lono_residual,54.0,0.5863079544952514,gap_length|acf_only|donor_r2_only|additive_d_over_4_heuristic|nearest_donor_correlation,huc8_03160111
huc8_03160111,02457595,14.0,0.9080807508741108,0.4106270575748209,0.6731446361352562,0.7012393083321347,0.9468622478942995,-0.00010481187023494015,0.004599122702952002,0.30712881083397303,0.5970010126976365,-2.6542767322632344,3.848278757658507,3.2512777449608707,network_max_absolute_inner_lono_residual,54.0,0.5644890987970581,gap_length|acf_only|donor_r2_only|additive_d_over_4_heuristic|nearest_donor_correlation,huc8_03160111
huc8_03160111,02457595,30.0,0.8366967387199402,0.5744071578577432,0.6731446361352562,0.6808094446118579,0.9468622478942995,-0.013060858248238785,0.017967049363268962,0.3080107587296507,0.5470222810011672,-2.7042554639597034,3.798300025962038,3.2512777449608707,network_max_absolute_inner_lono_residual,54.0,0.4854165837144921,gap_length|acf_only|donor_r2_only|additive_d_over_4_heuristic|nearest_donor_correlation,huc8_03160111
huc8_03160111,02457595,60.0,1.1538531044324238,0.6976432807675979,0.6731446361352562,0.6756442994793599,0.9468622478942995,0.0805693629887235,-0.03521700725009707,0.30839660090108156,0.7297442736244689,-2.5215334713364017,3.9810220185853398,3.2512777449608707,network_max_absolute_inner_lono_residual,54.0,0.6549062519865233,gap_length|acf_only|donor_r2_only|additive_d_over_4_heuristic|nearest_donor_correlation,huc8_03160111
huc8_03160111,02457595,90.0,1.1257650390201144,0.7531158751982941,0.6731446361352562,0.6744369650440241,0.9468622478942995,0.2176612472491266,-0.14045890683428736,0.30852521495821694,1.0400309812061805,-2.21124676375469,4.291308726167051,3.2512777449608707,network_max_absolute_inner_lono_residual,54.0,0.9644259340137902,gap_length|acf_only|donor_r2_only|additive_d_over_4_heuristic|nearest_donor_correlation,huc8_03160111
huc8_03160111,02457595,180.0,2.388376468022664,0.82542648775137,0.6731446361352562,0.6736267548264918,0.9468622478942995,0.6658712164825509,-0.3548428887063068,0.308653829015352,2.1563963947550917,-1.094881350205779,5.4076741397159624,3.2512777449608707,network_max_absolute_inner_lono_residual,54.0,2.094935513603128,gap_length|acf_only|donor_r2_only|additive_d_over_4_heuristic|nearest_donor_correlation,huc8_03160111
huc8_03160111,02458148,7.0,0.436556557246617,0.34724277208685006,0.1891794913091147,0.37556432279951,0.6373932725949516,-0.018719775807010248,0.06342621630387628,0.4065453966334842,0.6678398195021862,-2.583437925458685,3.9191175644630567,3.2512777449608707,network_max_absolute_inner_lono_residual,54.0,0.48222721052472933,gap_length|acf_only|donor_r2_only|additive_d_over_4_heuristic|nearest_donor_correlation,huc8_03160111
huc8_03160111,02458148,14.0,0.4983324602672032,0.4848341299263753,0.1891794913091147,0.22446015606758363,0.6373932725949516,-0.001872479699846459,0.036392642929248535,0.4453644403913597,0.9519783085210327,-2.299299436439838,4.203256053481903,3.2512777449608707,network_max_absolute_inner_lono_residual,54.0,0.7307906365068605,gap_length|acf_only|donor_r2_only|additive_d_over_4_heuristic|nearest_donor_correlation,huc8_03160111
huc8_03160111,02458148,30.0,0.4466255569458007,0.6380902599512517,0.1891794913091147,0.19045830808524866,0.6373932725949516,-0.05101677274841706,0.11765464712796969,0.467977012730692,0.9659285457321221,-2.2853491992287487,4.217206290692992,3.2512777449608707,network_max_absolute_inner_lono_residual,54.0,0.7348089728304432,gap_length|acf_only|donor_r2_only|additive_d_over_4_heuristic|nearest_donor_correlation,huc8_03160111
huc8_03160111,02458148,60.0,0.5348199480374654,0.7438212859753282,0.1891794913091147,0.1945356722905508,0.6373932725949516,0.061881058898775,-0.04116305238779181,0.4778933705416054,1.1560409900600375,-2.0952367549008333,4.407318735020908,3.2512777449608707,network_max_absolute_inner_lono_residual,54.0,0.9277253212695126,gap_length|acf_only|donor_r2_only|additive_d_over_4_heuristic|nearest_donor_correlation,huc8_03160111
huc8_03160111,02458148,90.0,0.5048721658918592,0.7908304911110464,0.1891794913091147,0.1955826278887729,0.6373932725949516,0.22775378551088937,-0.18100126673864264,0.4811988245670754,1.4767868435171936,-1.7744909014436772,4.728064588478064,3.2512777449608707,network_max_absolute_inner_lono_residual,54.0,1.2531896666702798,gap_length|acf_only|donor_r2_only|additive_d_over_4_heuristic|nearest_donor_correlation,huc8_03160111
huc8_03160111,02458148,180.0,0.5516343311203851,0.8520948211521379,0.1891794913091147,0.20095064642585392,0.6373932725949516,0.7512245474524409,-0.15940813506970647,0.48450427859254663,2.5967401724091537,-0.6545375725517171,5.848017917370024,3.2512777449608707,network_max_absolute_inner_lono_residual,54.0,2.394619287613322,gap_length|acf_only|donor_r2_only|additive_d_over_4_heuristic|nearest_donor_correlation,huc8_03160111
huc8_03160111,02458450,7.0,0.5594914776938301,0.29613655254517224,0.4876098694799109,0.6246788716148022,0.9406371750660315,-0.0073117006855367705,0.03172895298233551,0.3867843588632711,0.5096449199753527,-2.741632824985518,3.7609226649362233,3.2512777449608707,network_max_absolute_inner_lono_residual,54.0,0.5188728981201237,gap_length|acf_only|donor_r2_only|additive_d_over_4_heuristic|nearest_donor_correlation,huc8_03160111
huc8_03160111,02458450,14.0,0.5875413748196192,0.4279364101986034,0.4876098694799109,0.5330399184250301,0.9406371750660315,-0.030807716088458625,-0.02731008042838886,0.40755998004829846,0.6208130114997626,-2.630464733461108,3.8720907564606333,3.2512777449608707,network_max_absolute_inner_lono_residual,54.0,0.5983688462140929,gap_length|acf_only|donor_r2_only|additive_d_over_4_heuristic|nearest_donor_correlation,huc8_03160111
huc8_03160111,02458450,30.0,0.653512930393219,0.5899736918370553,0.4876098694799109,0.501625824632051,0.9406371750660315,0.03175497303428741,0.20209599001839268,0.42164076314725957,0.6085904205760152,-2.6426873243848554,3.859868165536886,3.2512777449608707,network_max_absolute_inner_lono_residual,54.0,0.5669267610432597,gap_length|acf_only|donor_r2_only|additive_d_over_4_heuristic|nearest_donor_correlation,huc8_03160111
huc8_03160111,02458450,60.0,0.7129229629039764,0.7090734748286565,0.4876098694799109,0.4918643662975569,0.9406371750660315,-0.07180791055457796,0.022654582944421596,0.4279709932412146,0.8141439607759736,-2.4371337841848972,4.065421705736845,3.2512777449608707,network_max_absolute_inner_lono_residual,54.0,0.7643805471783568,gap_length|acf_only|donor_r2_only|additive_d_over_4_heuristic|nearest_donor_correlation,huc8_03160111
huc8_03160111,02458450,90.0,0.9430595348146228,0.7624539204139228,0.4876098694799109,0.49019678638956776,0.9406371750660315,0.14667144914008248,-0.20583992447736596,0.4300814294796286,1.1301804052478546,-2.121097339713016,4.381458150208726,3.2512777449608707,network_max_absolute_inner_lono_residual,54.0,1.081866915097022,gap_length|acf_only|donor_r2_only|additive_d_over_4_heuristic|nearest_donor_correlation,huc8_03160111
huc8_03160111,02458450,180.0,1.8917258108456927,0.8320295290546472,0.4876098694799109,0.488996246235992,0.9406371750660315,0.689535894046943,-0.2862434293005245,0.4321918657433043,2.253405068679021,-0.9978726762818497,5.504682813639892,3.2512777449608707,network_max_absolute_inner_lono_residual,54.0,2.2215851326971245,gap_length|acf_only|donor_r2_only|additive_d_over_4_heuristic|nearest_donor_correlation,huc8_03160111
huc8_11010014,07075250,7.0,1.9516456622736795,0.17472593559304384,0.5178516709477159,0.720886993013639,0.909214592673831,-0.27803881369678235,0.056776301936589856,0.4434549211779528,0.5252449055251408,-2.714950432396672,3.765440243446954,3.240195337921813,network_max_absolute_inner_lono_residual,54.0,0.6440742663569317,gap_length|acf_only|donor_r2_only|additive_d_over_4_heuristic|nearest_donor_correlation,huc8_11010014
huc8_11010014,07075250,14.0,2.003746166910444,0.27372775604294786,0.5178516709477159,0.6280363363814803,0.909214592673831,-0.2809986106280217,-0.07049740473636257,0.4793969995733314,0.7056210163481015,-2.5345743215737118,3.9458163542699145,3.240195337921813,network_max_absolute_inner_lono_residual,54.0,0.8149142135617156,gap_length|acf_only|donor_r2_only|additive_d_over_4_heuristic|nearest_donor_correlation,huc8_11010014
huc8_11010014,07075250,30.0,1.7086879230340322,0.4314348076348663,0.5178516709477159,0.5829783700158709,0.909214592673831,-0.3838172252672135,-0.0866629034823341,0.5023775324789245,0.7477483040370959,-2.492447033884717,3.987943641958909,3.240195337921813,network_max_absolute_inner_lono_residual,54.0,0.8440510062623964,gap_length|acf_only|donor_r2_only|additive_d_over_4_heuristic|nearest_donor_correlation,huc8_11010014
huc8_11010014,07075250,60.0,1.545665242433548,0.5836659207603356,0.5178516709477159,0.5490653327840129,0.909214592673831,-0.4737495346424967,-0.35531851349950305,0.512564933942873,0.9638826736330989,-2.276312664288714,4.204078011554912,3.240195337921813,network_max_absolute_inner_lono_residual,54.0,1.042773320698803,gap_length|acf_only|donor_r2_only|additive_d_over_4_heuristic|nearest_donor_correlation,huc8_11010014
huc8_11010014,07075250,90.0,1.6906264823277788,0.6592350662720817,0.5178516709477159,0.5344878878283121,0.909214592673831,-0.35889052491003254,-0.9226970780476563,0.5159608256007658,1.2767209169841496,-1.9634744209376636,4.516916254905963,3.240195337921813,network_max_absolute_inner_lono_residual,54.0,1.3500692115620352,gap_length|acf_only|donor_r2_only|additive_d_over_4_heuristic|nearest_donor_correlation,huc8_11010014
huc8_11010014,07075270,7.0,1.3506337717601231,0.13518753088463697,0.525561179789957,0.7509044155491409,0.909214592673831,-0.28053870214397436,0.022539748459915833,0.3607465735982475,0.5341036447775881,-2.706091693144225,3.7742989826994013,3.240195337921813,network_max_absolute_inner_lono_residual,54.0,0.5877945281251871,gap_length|acf_only|donor_r2_only|additive_d_over_4_heuristic|nearest_donor_correlation,huc8_11010014
huc8_11010014,07075270,14.0,1.5898434361389706,0.21730761205483073,0.525561179789957,0.6499870337662201,0.909214592673831,-0.2798316408979394,-0.06344173662522012,0.3941324778094481,0.7733285929750388,-2.4668667449467745,4.013523930896852,3.240195337921813,network_max_absolute_inner_lono_residual,54.0,0.8148193232728146,gap_length|acf_only|donor_r2_only|additive_d_over_4_heuristic|nearest_donor_correlation,huc8_11010014
huc8_11010014,07075270,30.0,1.4096940197149912,0.3601019212457951,0.525561179789957,0.5827896360306445,0.909214592673831,-0.3618471304188986,-0.06761473064037735,0.4146214263325413,0.9131879167105487,-2.3270074212112646,4.153383254632362,3.240195337921813,network_max_absolute_inner_lono_residual,54.0,0.9339640097874361,gap_length|acf_only|donor_r2_only|additive_d_over_4_heuristic|nearest_donor_correlation,huc8_11010014
huc8_11010014,07075270,60.0,1.6251303904056549,0.5168686881043103,0.525561179789957,0.5555447779167215,0.909214592673831,-0.5294106792819594,-0.33676880652599805,0.42364928382963357,1.0997968726071827,-2.1403984653146306,4.339992210528996,3.240195337921813,network_max_absolute_inner_lono_residual,54.0,1.103570468267565,gap_length|acf_only|donor_r2_only|additive_d_over_4_heuristic|nearest_donor_correlation,huc8_11010014
huc8_11010014,07075270,90.0,1.9632703313827515,0.6021442728355387,0.525561179789957,0.5481998540573845,0.909214592673831,-0.36710908681178483,-0.9202987030815123,0.4266585877219007,1.3708936679849875,-1.8693016699368257,4.6110890059068,3.240195337921813,network_max_absolute_inner_lono_residual,54.0,1.3696881012514546,gap_length|acf_only|donor_r2_only|additive_d_over_4_heuristic|nearest_donor_correlation,huc8_11010014
huc8_11020002,07096000,7.0,0.4680557420211178,0.2803836130195313,0.6277790075786809,0.7324695484554935,0.9366608591022927,0.016875735380564926,0.014228930032124698,0.36183652035997976,0.5662619144719382,-2.682674673906117,3.8151985028499933,3.248936588378055,network_max_absolute_inner_lono_residual,54.0,0.6137690339246987,gap_length|acf_only|donor_r2_only|additive_d_over_4_heuristic|nearest_donor_correlation,huc8_11020002
huc8_11020002,07096000,14.0,0.5630767754068697,0.4094812173496043,0.6277790075786809,0.6685527326602474,0.9366608591022927,0.023785468366889072,-0.016326213401071342,0.3701516119127371,0.5902927272218065,-2.6586438611562486,3.839229315599862,3.248936588378055,network_max_absolute_inner_lono_residual,54.0,0.6036617256467808,gap_length|acf_only|donor_r2_only|additive_d_over_4_heuristic|nearest_donor_correlation,huc8_11020002
huc8_11020002,07096000,30.0,0.7119289937827464,0.5733597062771544,0.6277790075786809,0.643573251608105,0.9366608591022927,-0.03426494919076101,0.023324147114872858,0.3747492742800832,0.5478932516965292,-2.701043336681526,3.7968298400745844,3.248936588378055,network_max_absolute_inner_lono_residual,54.0,0.5339031643699036,gap_length|acf_only|donor_r2_only|additive_d_over_4_heuristic|nearest_donor_correlation,huc8_11020002
huc8_11020002,07096000,60.0,1.0241447210113983,0.6968698468781023,0.6277790075786809,0.6399714552326627,0.9366608591022927,-0.1531009490993703,0.015708463367719888,0.3767618422622602,0.72204324822583,-2.5268933401522253,3.970979836603885,3.248936588378055,network_max_absolute_inner_lono_residual,54.0,0.6965759998211576,gap_length|acf_only|donor_r2_only|additive_d_over_4_heuristic|nearest_donor_correlation,huc8_11020002
huc8_11020002,07096000,90.0,1.4553533644949397,0.7524838872169028,0.6277790075786809,0.6344054720940291,0.9366608591022927,-0.4164950352092841,0.17929436103615873,0.37743269827962395,1.0452538621449632,-2.203682726233092,4.294190450523018,3.248936588378055,network_max_absolute_inner_lono_residual,54.0,1.0177215840876292,gap_length|acf_only|donor_r2_only|additive_d_over_4_heuristic|nearest_donor_correlation,huc8_11020002
huc8_11020002,07109500,7.0,0.7171840596199036,0.33102014394956125,0.6338865149435075,0.7272887107335626,0.8502492534133022,0.06386346348953853,0.07592441895171494,0.352607310200387,0.5595803032717226,-2.6893562851063324,3.808516891649778,3.248936588378055,network_max_absolute_inner_lono_residual,54.0,0.5662487830443956,gap_length|acf_only|donor_r2_only|additive_d_over_4_heuristic|nearest_donor_correlation,huc8_11020002
huc8_11020002,07109500,14.0,0.8117756963627679,0.46725369653526927,0.6338865149435075,0.670862811030154,0.8502492534133022,0.017261257455775492,0.10576499966511073,0.3572175003484519,0.545471043056408,-2.703465545321647,3.7944076314344635,3.248936588378055,network_max_absolute_inner_lono_residual,54.0,0.515543142997644,gap_length|acf_only|donor_r2_only|additive_d_over_4_heuristic|nearest_donor_correlation,huc8_11020002
huc8_11020002,07109500,30.0,0.8109823240985472,0.6236809299779202,0.6338865149435075,0.6468945431012704,0.8502492534133022,-0.033072326909237545,0.12798485770135132,0.35969074750650964,0.5156454518629299,-2.7332911365151253,3.764582040240985,3.248936588378055,network_max_absolute_inner_lono_residual,54.0,0.457727564028456,gap_length|acf_only|donor_r2_only|additive_d_over_4_heuristic|nearest_donor_correlation,huc8_11020002
huc8_11020002,07109500,60.0,0.9447216239571572,0.7334881774695572,0.6338865149435075,0.6432271791799324,0.8502492534133022,0.052469290325938875,0.03758661233323708,0.3607728082324227,0.7188583745491903,-2.530078213828865,3.9677949629272455,3.248936588378055,network_max_absolute_inner_lono_residual,54.0,0.6507794040149237,gap_length|acf_only|donor_r2_only|additive_d_over_4_heuristic|nearest_donor_correlation,huc8_11020002
huc8_11020002,07109500,90.0,1.1692272647089428,0.782392956017454,0.6338865149435075,0.6387708885409853,0.8502492534133022,0.07789237983617744,0.22073553656802244,0.3611334951410654,1.0527762840328716,-2.1961603043451836,4.301712872410927,3.248936588378055,network_max_absolute_inner_lono_residual,54.0,0.9838435977201321,gap_length|acf_only|donor_r2_only|additive_d_over_4_heuristic|nearest_donor_correlation,huc8_11020002
huc8_11020002,07109500,180.0,2.148571177310414,0.8461285812417183,0.6338865149435075,0.637509483147974,0.8502492534133022,-0.4053856987964612,0.39010552316184655,0.36149418204970607,2.191944136552969,-1.0569924518250864,5.440880724931024,3.248936588378055,network_max_absolute_inner_lono_residual,54.0,2.138166580321374,gap_length|acf_only|donor_r2_only|additive_d_over_4_heuristic|nearest_donor_correlation,huc8_11020002
huc8_11020003,07105530,7.0,0.7561321857997348,0.2821502393127968,0.1424839942576176,0.43146055773977354,0.7542680507775653,0.1291823332843996,-0.2414041862524489,0.6270818766960022,0.4088693518402267,-2.845343599462709,3.6630823031431627,3.254212951302936,network_max_absolute_inner_lono_residual,54.0,0.5180544109750853,gap_length|acf_only|donor_r2_only|additive_d_over_4_heuristic|nearest_donor_correlation,huc8_11020003
huc8_11020003,07105530,14.0,0.7965657046863011,0.4115730552197795,0.1424839942576176,0.31159274205665843,0.7542680507775653,0.1567024834793993,-0.25494149312139364,0.7161138536226362,0.6069771042556438,-2.647235847047292,3.8611900555585796,3.254212951302936,network_max_absolute_inner_lono_residual,54.0,0.7495551263673939,gap_length|acf_only|donor_r2_only|additive_d_over_4_heuristic|nearest_donor_correlation,huc8_11020003
huc8_11020003,07105530,30.0,0.7938428092002867,0.575270303257482,0.1424839942576176,0.23827658421204978,0.7542680507775653,0.22946041616997342,-0.2792174049875954,0.7832247452874712,0.7174192304229414,-2.536793720879994,3.9716321817258775,3.254212951302936,network_max_absolute_inner_lono_residual,54.0,0.8845137631960065,gap_length|acf_only|donor_r2_only|additive_d_over_4_heuristic|nearest_donor_correlation,huc8_11020003
huc8_11020003,07105530,60.0,0.7976703879833221,0.6982801919713311,0.1424839942576176,0.23379591542503664,0.7542680507775653,0.38870398574574716,-0.28110429490780686,0.814088622631501,0.8979046985529839,-2.356308252749952,4.15211764985592,3.254212951302936,network_max_absolute_inner_lono_residual,54.0,1.08592514229601,gap_length|acf_only|donor_r2_only|additive_d_over_4_heuristic|nearest_donor_correlation,huc8_11020003
huc8_11020003,07105530,90.0,1.0633677953084308,0.7536362945682871,0.1424839942576176,0.1961971171988901,0.7542680507775653,0.5551994794333722,-0.21474728703320273,0.8243813000614859,1.3208609710234338,-1.933351980279502,4.57507392232637,3.254212951302936,network_max_absolute_inner_lono_residual,54.0,1.50523402890923,gap_length|acf_only|donor_r2_only|additive_d_over_4_heuristic|nearest_donor_correlation,huc8_11020003
huc8_11020003,07105530,180.0,1.8149859225220148,0.8257944836027673,0.1424839942576176,0.17522746196376005,0.7542680507775653,0.8140610590797625,0.3392435651513867,0.8346739780680685,2.5025871216758033,-0.7516258296271325,5.75680007297874,3.254212951302936,network_max_absolute_inner_lono_residual,54.0,2.7022208068724676,gap_length|acf_only|donor_r2_only|additive_d_over_4_heuristic|nearest_donor_correlation,huc8_11020003
huc8_11020003,07106000,7.0,0.4747723272868565,0.4328294202654155,0.5653863334892538,0.6429073015044269,0.9070048273605177,0.1250192741057438,-0.243586201323231,0.5057243172772047,0.3897239728095667,-2.864488978493369,3.6439369241125026,3.254212951302936,network_max_absolute_inner_lono_residual,54.0,0.5214937261295597,gap_length|acf_only|donor_r2_only|additive_d_over_4_heuristic|nearest_donor_correlation,huc8_11020003
huc8_11020003,07106000,14.0,0.4603528267996651,0.570765630705328,0.5653863334892538,0.5886075316340263,0.9070048273605177,0.1523029832697513,-0.25759393341208725,0.5145149790894641,0.3685187782606598,-2.885694173042276,3.6227317295635957,3.254212951302936,network_max_absolute_inner_lono_residual,54.0,0.4707654730214701,gap_length|acf_only|donor_r2_only|additive_d_over_4_heuristic|nearest_donor_correlation,huc8_11020003
huc8_11020003,07106000,30.0,0.5244044861793518,0.7039708879188991,0.5653863334892538,0.5716163543747026,0.9070048273605177,0.22463346660377453,-0.2831152548318002,0.5192461605697798,0.36915215057485073,-2.885060800728085,3.623365101877787,3.254212951302936,network_max_absolute_inner_lono_residual,54.0,0.4544897308538403,gap_length|acf_only|donor_r2_only|additive_d_over_4_heuristic|nearest_donor_correlation,huc8_11020003
huc8_11020003,07106000,60.0,0.595811117331187,0.7906541853895326,0.5653863334892538,0.5696853313670142,0.9070048273605177,0.3838211802995305,-0.287735494341106,0.5213161185978256,0.6173117584637247,-2.636901192839211,3.8715247097666605,3.254212951302936,network_max_absolute_inner_lono_residual,54.0,0.6989314130457761,gap_length|acf_only|donor_r2_only|additive_d_over_4_heuristic|nearest_donor_correlation,huc8_11020003
huc8_11020003,07106000,90.0,0.8434895275698768,0.8290698544918383,0.5653863334892538,0.5663075427093596,0.9070048273605177,0.551431246772769,-0.2242463808712143,0.522006104607223,0.9702565871630564,-2.2839563641398795,4.224469538465993,3.254212951302936,network_max_absolute_inner_lono_residual,54.0,1.053253031676906,gap_length|acf_only|donor_r2_only|additive_d_over_4_heuristic|nearest_donor_correlation,huc8_11020003
huc8_11020003,07106000,180.0,1.9120315577056672,0.8791341350014427,0.5653863334892538,0.5663372889638951,0.9070048273605177,0.81976467222101,0.32521913625287724,0.5226960906166209,2.133339328128423,-1.120873623174513,5.387552279431359,3.254212951302936,network_max_absolute_inner_lono_residual,54.0,2.232416204988324,gap_length|acf_only|donor_r2_only|additive_d_over_4_heuristic|nearest_donor_correlation,huc8_11020003
huc8_11020003,07106500,7.0,0.6512058384077889,0.4343598118850477,0.4792255180967374,0.5706611185477153,0.9070048273605178,0.12506137794254168,-0.23857244818499962,0.553027231438097,0.3915147010690033,-2.8626982502339327,3.645727652371939,3.254212951302936,network_max_absolute_inner_lono_residual,54.0,0.5361725553126221,gap_length|acf_only|donor_r2_only|additive_d_over_4_heuristic|nearest_donor_correlation,huc8_11020003
huc8_11020003,07106500,14.0,0.7052182248660496,0.5722053659692311,0.4792255180967374,0.5052150618963189,0.9070048273605178,0.15256721826258063,-0.2530331643256055,0.5628658870454677,0.40477176200920095,-2.849441189293735,3.6589847133121367,3.254212951302936,network_max_absolute_inner_lono_residual,54.0,0.5168613398937506,gap_length|acf_only|donor_r2_only|additive_d_over_4_heuristic|nearest_donor_correlation,huc8_11020003
huc8_11020003,07106500,30.0,0.7005850168863932,0.7050237767621074,0.4792255180967374,0.48517693583645227,0.9070048273605178,0.22316417757127768,-0.27633606924371207,0.5681632368806919,0.41557837942781306,-2.8386345718751227,3.669791330730749,3.254212951302936,network_max_absolute_inner_lono_residual,54.0,0.5102805646028092,gap_length|acf_only|donor_r2_only|additive_d_over_4_heuristic|nearest_donor_correlation,huc8_11020003
huc8_11020003,07106500,60.0,0.6830072485605876,0.7913997425493622,0.4792255180967374,0.4824717688687239,0.9070048273605178,0.3837422939320877,-0.2825534127960381,0.5704809100876116,0.6667572756710868,-2.587455675631849,3.9209702269740228,3.254212951302936,network_max_absolute_inner_lono_residual,54.0,0.7577625480134779,gap_length|acf_only|donor_r2_only|additive_d_over_4_heuristic|nearest_donor_correlation,huc8_11020003
huc8_11020003,07106500,90.0,0.9465895445081924,0.829678599698313,0.4792255180967374,0.4793883421198657,0.9070048273605178,0.5498723690753404,-0.218122995500775,0.5712534678233231,1.0190813671314793,-2.2351315841714565,4.273294318434415,3.254212951302936,network_max_absolute_inner_lono_residual,54.0,1.1116829364177667,gap_length|acf_only|donor_r2_only|additive_d_over_4_heuristic|nearest_donor_correlation,huc8_11020003
huc8_11020003,07106500,180.0,2.1215887978739207,0.8795645828650265,0.4792255180967374,0.48031830720789226,0.9070048273605178,0.8137038792341793,0.33846306272808835,0.5720260255590356,2.1797666546683203,-1.0744462966346155,5.433979605971256,3.254212951302936,network_max_absolute_inner_lono_residual,54.0,2.288901785727243,gap_length|acf_only|donor_r2_only|additive_d_over_4_heuristic|nearest_donor_correlation,huc8_11020003
huc8_11030012,07143672,7.0,0.6851840845176151,0.21690887657008728,0.7411781188528666,0.8330418815457226,0.9688214269908563,0.06065577054368789,-0.010734167409919542,0.3793077640709277,0.6528355839266636,-2.606761385851662,3.912432553704989,3.2595969697783254,network_max_absolute_inner_lono_residual,54.0,0.7881909101224754,gap_length|acf_only|donor_r2_only|additive_d_over_4_heuristic,huc8_11030012
huc8_11030012,07143672,14.0,0.7974920330728803,0.3304911433028439,0.7411781188528666,0.77931186649286,0.9688214269908563,0.07166668425876249,0.007108242836799774,0.3873858340555522,0.6774391659094633,-2.582157803868862,3.9370361356877885,3.2595969697783254,network_max_absolute_inner_lono_residual,54.0,0.7863327810863037,gap_length|acf_only|donor_r2_only|additive_d_over_4_heuristic,huc8_11030012
huc8_11030012,07143672,30.0,1.0701498272269965,0.49543182535135744,0.7411781188528666,0.7507341234865315,0.9688214269908563,-0.057282650929911895,0.0651815605351212,0.39172729587853045,0.6428532054367775,-2.616743764341548,3.902450175215103,3.2595969697783254,network_max_absolute_inner_lono_residual,54.0,0.7239608391216261,gap_length|acf_only|donor_r2_only|additive_d_over_4_heuristic,huc8_11030012
huc8_11030012,07143672,60.0,1.2701082014044125,0.6372097828459956,0.7411781188528666,0.743127713913517,0.9688214269908563,0.10959037938827358,0.08501888657863033,0.3936267235757409,0.7885190551977066,-2.4710779145806185,4.048116024976032,3.2595969697783254,network_max_absolute_inner_lono_residual,54.0,0.8541277527848435,gap_length|acf_only|donor_r2_only|additive_d_over_4_heuristic,huc8_11030012
huc8_11030012,07143672,90.0,1.361649187031719,0.703617926278609,0.7411781188528666,0.7417160342140912,0.9688214269908563,0.10521536939643047,0.14223169469940783,0.39425986614149233,1.0734845496611956,-2.18611242011713,4.333081519439521,3.2595969697783254,network_max_absolute_inner_lono_residual,54.0,1.1367854112507902,gap_length|acf_only|donor_r2_only|additive_d_over_4_heuristic,huc8_11030012
huc8_11030012,07143672,180.0,2.7184238193233807,0.7904221238629863,0.7411781188528666,0.7417267333211799,0.9688214269908563,-0.03723836025882156,0.024473457310794568,0.3948930087072418,2.1515129198053304,-1.108084049972995,5.411109889583656,3.2595969697783254,network_max_absolute_inner_lono_residual,54.0,2.2265298404530793,gap_length|acf_only|donor_r2_only|additive_d_over_4_heuristic,huc8_11030012
huc8_11030012,07143672,365.0,5.674834812167573,0.8528245895872035,0.7411781188528666,0.741777751093639,0.9688214269908563,0.6343793044822311,-0.19424247677780496,0.395213916583034,4.611137067968457,1.3515400981901315,7.870734037746782,3.2595969697783254,network_max_absolute_inner_lono_residual,54.0,4.728349475895874,gap_length|acf_only|donor_r2_only|additive_d_over_4_heuristic,huc8_11030012
huc8_11030012,07144100,7.0,0.7405446883610315,0.25306826892008993,0.7420818652009361,0.8213765398947701,0.5829673914231684,0.043500878833924665,-0.12524748364775146,0.5153583389342209,0.6145758249123977,-2.6450211448659275,3.874172794690723,3.2595969697783254,network_max_absolute_inner_lono_residual,54.0,0.8802481275388413,gap_length|acf_only|donor_r2_only|additive_d_over_4_heuristic,huc8_11030012
huc8_11030012,07144100,14.0,1.0786456097343138,0.37641234676023616,0.7420818652009361,0.7709042041438207,0.5829673914231684,0.03689616057074335,-0.09437299465012151,0.5234656298526662,0.6086546408401663,-2.650942328938159,3.8682516106184917,3.2595969697783254,network_max_absolute_inner_lono_residual,54.0,0.8473807626745186,gap_length|acf_only|donor_r2_only|additive_d_over_4_heuristic,huc8_11030012
huc8_11030012,07144100,30.0,1.5729946426550547,0.5421607444711087,0.7420818652009361,0.7481529698760414,0.5829673914231684,-0.0009241571537947329,-0.09956516187910414,0.5277940632871072,0.5544576671795942,-2.705139302598731,3.81405463695792,3.2595969697783254,network_max_absolute_inner_lono_residual,54.0,0.7672068835098003,gap_length|acf_only|donor_r2_only|additive_d_over_4_heuristic,huc8_11030012
huc8_11030012,07144100,60.0,1.7415655425786971,0.6735359314031728,0.7420818652009361,0.7433451245309541,0.5829673914231684,0.20716843683150263,-0.15219080769503007,0.5296877535864125,0.7133744801570984,-2.546222489621227,3.972971449935424,3.2595969697783254,network_max_absolute_inner_lono_residual,54.0,0.9132715700644058,gap_length|acf_only|donor_r2_only|additive_d_over_4_heuristic,huc8_11030012
huc8_11030012,07144100,90.0,1.8601052024232017,0.7334058100702866,0.7420818652009361,0.7423581455389411,0.5829673914231684,0.14157401126068875,-0.2147428344793839,0.5303189836861824,1.0107705597953272,-2.248826409982998,4.270367529573653,3.2595969697783254,network_max_absolute_inner_lono_residual,54.0,1.2095773076252592,gap_length|acf_only|donor_r2_only|additive_d_over_4_heuristic,huc8_11030012
huc8_11030012,07144100,180.0,3.520289474932684,0.8114889861908174,0.7420818652009361,0.7424292796663841,0.5829673914231684,0.6648732424392054,-0.06615583090343183,0.5309502137859508,2.1069352731630913,-1.152661696615234,5.366532242941417,3.2595969697783254,network_max_absolute_inner_lono_residual,54.0,2.318912840878568,gap_length|acf_only|donor_r2_only|additive_d_over_4_heuristic,huc8_11030012
