network_id,station_id,gap_length,information_condition,eligible,reason,train_target_days,donor_feature_count,meteorology_feature_count,hydraulics_feature_count,meteorology_feature_ids,hydraulics_feature_ids,candidate_windows,selected_placements,role
huc8_01070004,01095220,7,B_union_D,True,eligible,7152,2,5,1,Ta|P|W|RH|Rs,F,2768,20,development
huc8_01070004,01095220,7,B_union_D_union_M_union_H,True,eligible,7152,2,5,1,Ta|P|W|RH|Rs,F,2768,20,development
huc8_01070004,01095220,14,B_union_D,True,eligible,7152,2,5,1,Ta|P|W|RH|Rs,F,2618,20,development
huc8_01070004,01095220,14,B_union_D_union_M_union_H,True,eligible,7152,2,5,1,Ta|P|W|RH|Rs,F,2618,20,development
huc8_01070004,01095220,30,B_union_D,True,eligible,7152,2,5,1,Ta|P|W|RH|Rs,F,2320,20,development
huc8_01070004,01095220,30,B_union_D_union_M_union_H,True,eligible,7152,2,5,1,Ta|P|W|RH|Rs,F,2320,20,development
huc8_01070004,01095220,60,B_union_D,True,eligible,7152,2,5,1,Ta|P|W|RH|Rs,F,1834,20,development
huc8_01070004,01095220,60,B_union_D_union_M_union_H,True,eligible,7152,2,5,1,Ta|P|W|RH|Rs,F,1834,20,development
huc8_01070004,01095220,90,B_union_D,True,eligible,7152,2,5,1,Ta|P|W|RH|Rs,F,1411,20,development
huc8_01070004,01095220,90,B_union_D_union_M_union_H,True,eligible,7152,2,5,1,Ta|P|W|RH|Rs,F,1411,20,development
huc8_01070004,01095220,180,B_union_D,True,eligible,7152,2,5,1,Ta|P|W|RH|Rs,F,574,20,development
huc8_01070004,01095220,180,B_union_D_union_M_union_H,True,eligible,7152,2,5,1,Ta|P|W|RH|Rs,F,574,20,development
huc8_01070004,01095220,365,B_union_D,True,eligible,7152,2,5,1,Ta|P|W|RH|Rs,F,88,20,development
huc8_01070004,01095220,365,B_union_D_union_M_union_H,True,eligible,7152,2,5,1,Ta|P|W|RH|Rs,F,88,20,development
huc8_01070004,01095375,7,B_union_D,True,eligible,7309,2,5,1,Ta|P|W|RH|Rs,F,2758,20,development
huc8_01070004,01095375,7,B_union_D_union_M_union_H,True,eligible,7309,2,5,1,Ta|P|W|RH|Rs,F,2758,20,development
huc8_01070004,01095375,14,B_union_D,True,eligible,7309,2,5,1,Ta|P|W|RH|Rs,F,2608,20,development
huc8_01070004,01095375,14,B_union_D_union_M_union_H,True,eligible,7309,2,5,1,Ta|P|W|RH|Rs,F,2608,20,development
huc8_01070004,01095375,30,B_union_D,True,eligible,7309,2,5,1,Ta|P|W|RH|Rs,F,2311,20,development
huc8_01070004,01095375,30,B_union_D_union_M_union_H,True,eligible,7309,2,5,1,Ta|P|W|RH|Rs,F,2311,20,development
huc8_01070004,01095375,60,B_union_D,True,eligible,7309,2,5,1,Ta|P|W|RH|Rs,F,1827,20,development
huc8_01070004,01095375,60,B_union_D_union_M_union_H,True,eligible,7309,2,5,1,Ta|P|W|RH|Rs,F,1827,20,development
huc8_01070004,01095375,90,B_union_D,True,eligible,7309,2,5,1,Ta|P|W|RH|Rs,F,1405,20,development
huc8_01070004,01095375,90,B_union_D_union_M_union_H,True,eligible,7309,2,5,1,Ta|P|W|RH|Rs,F,1405,20,development
huc8_01070004,01095375,180,B_union_D,True,eligible,7309,2,5,1,Ta|P|W|RH|Rs,F,569,20,development
huc8_01070004,01095375,180,B_union_D_union_M_union_H,True,eligible,7309,2,5,1,Ta|P|W|RH|Rs,F,569,20,development
huc8_01070004,01095375,365,B_union_D,True,eligible,7309,2,5,1,Ta|P|W|RH|Rs,F,87,20,development
huc8_01070004,01095375,365,B_union_D_union_M_union_H,True,eligible,7309,2,5,1,Ta|P|W|RH|Rs,F,87,20,development
huc8_01070004,01095434,7,B_union_D,True,eligible,1855,2,5,1,Ta|P|W|RH|Rs,F,2752,20,development
huc8_01070004,01095434,7,B_union_D_union_M_union_H,True,eligible,1855,2,5,1,Ta|P|W|RH|Rs,F,2718,20,development
huc8_01070004,01095434,14,B_union_D,True,eligible,1855,2,5,1,Ta|P|W|RH|Rs,F,2606,20,development
huc8_01070004,01095434,14,B_union_D_union_M_union_H,True,eligible,1855,2,5,1,Ta|P|W|RH|Rs,F,2572,20,development
huc8_01070004,01095434,30,B_union_D,True,eligible,1855,2,5,1,Ta|P|W|RH|Rs,F,2311,20,development
huc8_01070004,01095434,30,B_union_D_union_M_union_H,True,eligible,1855,2,5,1,Ta|P|W|RH|Rs,F,2277,20,development
huc8_01070004,01095434,60,B_union_D,True,eligible,1855,2,5,1,Ta|P|W|RH|Rs,F,1826,20,development
huc8_01070004,01095434,60,B_union_D_union_M_union_H,True,eligible,1855,2,5,1,Ta|P|W|RH|Rs,F,1792,20,development
huc8_01070004,01095434,90,B_union_D,True,eligible,1855,2,5,1,Ta|P|W|RH|Rs,F,1404,20,development
huc8_01070004,01095434,90,B_union_D_union_M_union_H,True,eligible,1855,2,5,1,Ta|P|W|RH|Rs,F,1370,20,development
huc8_01070004,01095434,180,B_union_D,True,eligible,1855,2,5,1,Ta|P|W|RH|Rs,F,571,20,development
huc8_01070004,01095434,180,B_union_D_union_M_union_H,True,eligible,1855,2,5,1,Ta|P|W|RH|Rs,F,537,20,development
huc8_01070004,01095434,365,B_union_D,True,eligible,1855,2,5,1,Ta|P|W|RH|Rs,F,88,20,development
huc8_01070004,01095434,365,B_union_D_union_M_union_H,True,eligible,1855,2,5,1,Ta|P|W|RH|Rs,F,54,20,development
huc8_01090001,01104370,7,B_union_D,True,eligible,2543,8,5,1,Ta|P|W|RH|Rs,F,1476,20,development
huc8_01090001,01104370,7,B_union_D_union_M_union_H,True,eligible,2543,8,5,1,Ta|P|W|RH|Rs,F,1476,20,development
huc8_01090001,01104370,14,B_union_D,True,eligible,2543,8,5,1,Ta|P|W|RH|Rs,F,1286,20,development
huc8_01090001,01104370,14,B_union_D_union_M_union_H,True,eligible,2543,8,5,1,Ta|P|W|RH|Rs,F,1286,20,development
huc8_01090001,01104370,30,B_union_D,True,eligible,2543,8,5,1,Ta|P|W|RH|Rs,F,962,20,development
huc8_01090001,01104370,30,B_union_D_union_M_union_H,True,eligible,2543,8,5,1,Ta|P|W|RH|Rs,F,962,20,development
huc8_01090001,01104370,60,B_union_D,True,eligible,2543,8,5,1,Ta|P|W|RH|Rs,F,575,20,development
huc8_01090001,01104370,60,B_union_D_union_M_union_H,True,eligible,2543,8,5,1,Ta|P|W|RH|Rs,F,575,20,development
huc8_01090001,01104370,90,B_union_D,True,eligible,2543,8,5,1,Ta|P|W|RH|Rs,F,364,20,development
huc8_01090001,01104370,90,B_union_D_union_M_union_H,True,eligible,2543,8,5,1,Ta|P|W|RH|Rs,F,364,20,development
huc8_01090001,01104370,180,B_union_D,True,eligible,2543,8,5,1,Ta|P|W|RH|Rs,F,104,20,development
huc8_01090001,01104370,180,B_union_D_union_M_union_H,True,eligible,2543,8,5,1,Ta|P|W|RH|Rs,F,104,20,development
huc8_01090001,01104370,365,B_union_D,False,no_eligible_evaluation_windows,2543,8,5,1,Ta|P|W|RH|Rs,F,0,0,development
huc8_01090001,01104370,365,B_union_D_union_M_union_H,False,no_eligible_evaluation_windows,2543,8,5,1,Ta|P|W|RH|Rs,F,0,0,development
huc8_01090001,01104410,7,B_union_D,False,no_eligible_evaluation_windows,2025,8,5,1,Ta|P|W|RH|Rs,F,1462,0,development
huc8_01090001,01104410,7,B_union_D_union_M_union_H,False,no_eligible_evaluation_windows,2025,8,5,1,Ta|P|W|RH|Rs,F,0,0,development
huc8_01090001,01104410,14,B_union_D,False,no_eligible_evaluation_windows,2025,8,5,1,Ta|P|W|RH|Rs,F,1273,0,development
huc8_01090001,01104410,14,B_union_D_union_M_union_H,False,no_eligible_evaluation_windows,2025,8,5,1,Ta|P|W|RH|Rs,F,0,0,development
huc8_01090001,01104410,30,B_union_D,False,no_eligible_evaluation_windows,2025,8,5,1,Ta|P|W|RH|Rs,F,954,0,development
huc8_01090001,01104410,30,B_union_D_union_M_union_H,False,no_eligible_evaluation_windows,2025,8,5,1,Ta|P|W|RH|Rs,F,0,0,development
huc8_01090001,01104410,60,B_union_D,False,no_eligible_evaluation_windows,2025,8,5,1,Ta|P|W|RH|Rs,F,572,0,development
huc8_01090001,01104410,60,B_union_D_union_M_union_H,False,no_eligible_evaluation_windows,2025,8,5,1,Ta|P|W|RH|Rs,F,0,0,development
huc8_01090001,01104410,90,B_union_D,False,no_eligible_evaluation_windows,2025,8,5,1,Ta|P|W|RH|Rs,F,363,0,development
huc8_01090001,01104410,90,B_union_D_union_M_union_H,False,no_eligible_evaluation_windows,2025,8,5,1,Ta|P|W|RH|Rs,F,0,0,development
huc8_01090001,01104410,180,B_union_D,False,no_eligible_evaluation_windows,2025,8,5,1,Ta|P|W|RH|Rs,F,103,0,development
huc8_01090001,01104410,180,B_union_D_union_M_union_H,False,no_eligible_evaluation_windows,2025,8,5,1,Ta|P|W|RH|Rs,F,0,0,development
huc8_01090001,01104410,365,B_union_D,False,no_eligible_evaluation_windows,2025,8,5,1,Ta|P|W|RH|Rs,F,0,0,development
huc8_01090001,01104410,365,B_union_D_union_M_union_H,False,no_eligible_evaluation_windows,2025,8,5,1,Ta|P|W|RH|Rs,F,0,0,development
huc8_01090001,01104415,7,B_union_D,True,eligible,4666,8,5,1,Ta|P|W|RH|Rs,F,1472,20,development
huc8_01090001,01104415,7,B_union_D_union_M_union_H,True,eligible,4666,8,5,1,Ta|P|W|RH|Rs,F,1472,20,development
huc8_01090001,01104415,14,B_union_D,True,eligible,4666,8,5,1,Ta|P|W|RH|Rs,F,1282,20,development
huc8_01090001,01104415,14,B_union_D_union_M_union_H,True,eligible,4666,8,5,1,Ta|P|W|RH|Rs,F,1282,20,development
huc8_01090001,01104415,30,B_union_D,True,eligible,4666,8,5,1,Ta|P|W|RH|Rs,F,958,20,development
huc8_01090001,01104415,30,B_union_D_union_M_union_H,True,eligible,4666,8,5,1,Ta|P|W|RH|Rs,F,958,20,development
huc8_01090001,01104415,60,B_union_D,True,eligible,4666,8,5,1,Ta|P|W|RH|Rs,F,573,20,development
huc8_01090001,01104415,60,B_union_D_union_M_union_H,True,eligible,4666,8,5,1,Ta|P|W|RH|Rs,F,573,20,development
huc8_01090001,01104415,90,B_union_D,True,eligible,4666,8,5,1,Ta|P|W|RH|Rs,F,362,20,development
huc8_01090001,01104415,90,B_union_D_union_M_union_H,True,eligible,4666,8,5,1,Ta|P|W|RH|Rs,F,362,20,development
huc8_01090001,01104415,180,B_union_D,True,eligible,4666,8,5,1,Ta|P|W|RH|Rs,F,103,20,development
huc8_01090001,01104415,180,B_union_D_union_M_union_H,True,eligible,4666,8,5,1,Ta|P|W|RH|Rs,F,103,20,development
huc8_01090001,01104415,365,B_union_D,False,no_eligible_evaluation_windows,4666,8,5,1,Ta|P|W|RH|Rs,F,0,0,development
huc8_01090001,01104415,365,B_union_D_union_M_union_H,False,no_eligible_evaluation_windows,4666,8,5,1,Ta|P|W|RH|Rs,F,0,0,development
huc8_01090001,01104420,7,B_union_D,True,eligible,1719,8,5,1,Ta|P|W|RH|Rs,F,1468,20,development
huc8_01090001,01104420,7,B_union_D_union_M_union_H,True,eligible,1719,8,5,1,Ta|P|W|RH|Rs,F,1468,20,development
huc8_01090001,01104420,14,B_union_D,True,eligible,1719,8,5,1,Ta|P|W|RH|Rs,F,1280,20,development
huc8_01090001,01104420,14,B_union_D_union_M_union_H,True,eligible,1719,8,5,1,Ta|P|W|RH|Rs,F,1280,20,development
huc8_01090001,01104420,30,B_union_D,True,eligible,1719,8,5,1,Ta|P|W|RH|Rs,F,957,20,development
huc8_01090001,01104420,30,B_union_D_union_M_union_H,True,eligible,1719,8,5,1,Ta|P|W|RH|Rs,F,957,20,development
huc8_01090001,01104420,60,B_union_D,True,eligible,1719,8,5,1,Ta|P|W|RH|Rs,F,572,20,development
huc8_01090001,01104420,60,B_union_D_union_M_union_H,True,eligible,1719,8,5,1,Ta|P|W|RH|Rs,F,572,20,development
huc8_01090001,01104420,90,B_union_D,True,eligible,1719,8,5,1,Ta|P|W|RH|Rs,F,363,20,development
huc8_01090001,01104420,90,B_union_D_union_M_union_H,True,eligible,1719,8,5,1,Ta|P|W|RH|Rs,F,363,20,development
huc8_01090001,01104420,180,B_union_D,True,eligible,1719,8,5,1,Ta|P|W|RH|Rs,F,103,20,development
huc8_01090001,01104420,180,B_union_D_union_M_union_H,True,eligible,1719,8,5,1,Ta|P|W|RH|Rs,F,103,20,development
huc8_01090001,01104420,365,B_union_D,False,no_eligible_evaluation_windows,1719,8,5,1,Ta|P|W|RH|Rs,F,0,0,development
huc8_01090001,01104420,365,B_union_D_union_M_union_H,False,no_eligible_evaluation_windows,1719,8,5,1,Ta|P|W|RH|Rs,F,0,0,development
huc8_01090001,01104430,7,B_union_D,True,eligible,6535,8,5,1,Ta|P|W|RH|Rs,F,1466,20,development
huc8_01090001,01104430,7,B_union_D_union_M_union_H,True,eligible,6535,8,5,1,Ta|P|W|RH|Rs,F,1466,20,development
huc8_01090001,01104430,14,B_union_D,True,eligible,6535,8,5,1,Ta|P|W|RH|Rs,F,1278,20,development
huc8_01090001,01104430,14,B_union_D_union_M_union_H,True,eligible,6535,8,5,1,Ta|P|W|RH|Rs,F,1278,20,development
huc8_01090001,01104430,30,B_union_D,True,eligible,6535,8,5,1,Ta|P|W|RH|Rs,F,955,20,development
huc8_01090001,01104430,30,B_union_D_union_M_union_H,True,eligible,6535,8,5,1,Ta|P|W|RH|Rs,F,955,20,development
huc8_01090001,01104430,60,B_union_D,True,eligible,6535,8,5,1,Ta|P|W|RH|Rs,F,571,20,development
huc8_01090001,01104430,60,B_union_D_union_M_union_H,True,eligible,6535,8,5,1,Ta|P|W|RH|Rs,F,571,20,development
huc8_01090001,01104430,90,B_union_D,True,eligible,6535,8,5,1,Ta|P|W|RH|Rs,F,361,20,development
huc8_01090001,01104430,90,B_union_D_union_M_union_H,True,eligible,6535,8,5,1,Ta|P|W|RH|Rs,F,361,20,development
huc8_01090001,01104430,180,B_union_D,True,eligible,6535,8,5,1,Ta|P|W|RH|Rs,F,104,20,development
huc8_01090001,01104430,180,B_union_D_union_M_union_H,True,eligible,6535,8,5,1,Ta|P|W|RH|Rs,F,104,20,development
huc8_01090001,01104430,365,B_union_D,False,no_eligible_evaluation_windows,6535,8,5,1,Ta|P|W|RH|Rs,F,0,0,development
huc8_01090001,01104430,365,B_union_D_union_M_union_H,False,no_eligible_evaluation_windows,6535,8,5,1,Ta|P|W|RH|Rs,F,0,0,development
huc8_01090001,01104453,7,B_union_D,False,no_eligible_evaluation_windows,2739,8,5,1,Ta|P|W|RH|Rs,F,1473,0,development
huc8_01090001,01104453,7,B_union_D_union_M_union_H,False,no_eligible_evaluation_windows,2739,8,5,1,Ta|P|W|RH|Rs,F,0,0,development
huc8_01090001,01104453,14,B_union_D,False,no_eligible_evaluation_windows,2739,8,5,1,Ta|P|W|RH|Rs,F,1285,0,development
huc8_01090001,01104453,14,B_union_D_union_M_union_H,False,no_eligible_evaluation_windows,2739,8,5,1,Ta|P|W|RH|Rs,F,0,0,development
huc8_01090001,01104453,30,B_union_D,False,no_eligible_evaluation_windows,2739,8,5,1,Ta|P|W|RH|Rs,F,961,0,development
huc8_01090001,01104453,30,B_union_D_union_M_union_H,False,no_eligible_evaluation_windows,2739,8,5,1,Ta|P|W|RH|Rs,F,0,0,development
huc8_01090001,01104453,60,B_union_D,False,no_eligible_evaluation_windows,2739,8,5,1,Ta|P|W|RH|Rs,F,574,0,development
huc8_01090001,01104453,60,B_union_D_union_M_union_H,False,no_eligible_evaluation_windows,2739,8,5,1,Ta|P|W|RH|Rs,F,0,0,development
huc8_01090001,01104453,90,B_union_D,False,no_eligible_evaluation_windows,2739,8,5,1,Ta|P|W|RH|Rs,F,364,0,development
huc8_01090001,01104453,90,B_union_D_union_M_union_H,False,no_eligible_evaluation_windows,2739,8,5,1,Ta|P|W|RH|Rs,F,0,0,development
huc8_01090001,01104453,180,B_union_D,False,no_eligible_evaluation_windows,2739,8,5,1,Ta|P|W|RH|Rs,F,104,0,development
huc8_01090001,01104453,180,B_union_D_union_M_union_H,False,no_eligible_evaluation_windows,2739,8,5,1,Ta|P|W|RH|Rs,F,0,0,development
huc8_01090001,01104453,365,B_union_D,False,no_eligible_evaluation_windows,2739,8,5,1,Ta|P|W|RH|Rs,F,0,0,development
huc8_01090001,01104453,365,B_union_D_union_M_union_H,False,no_eligible_evaluation_windows,2739,8,5,1,Ta|P|W|RH|Rs,F,0,0,development
huc8_01090001,01104455,7,B_union_D,True,eligible,4988,8,5,1,Ta|P|W|RH|Rs,F,1471,20,development
huc8_01090001,01104455,7,B_union_D_union_M_union_H,True,eligible,4988,8,5,1,Ta|P|W|RH|Rs,F,1471,20,development
huc8_01090001,01104455,14,B_union_D,True,eligible,4988,8,5,1,Ta|P|W|RH|Rs,F,1281,20,development
huc8_01090001,01104455,14,B_union_D_union_M_union_H,True,eligible,4988,8,5,1,Ta|P|W|RH|Rs,F,1281,20,development
huc8_01090001,01104455,30,B_union_D,True,eligible,4988,8,5,1,Ta|P|W|RH|Rs,F,959,20,development
huc8_01090001,01104455,30,B_union_D_union_M_union_H,True,eligible,4988,8,5,1,Ta|P|W|RH|Rs,F,959,20,development
huc8_01090001,01104455,60,B_union_D,True,eligible,4988,8,5,1,Ta|P|W|RH|Rs,F,573,20,development
huc8_01090001,01104455,60,B_union_D_union_M_union_H,True,eligible,4988,8,5,1,Ta|P|W|RH|Rs,F,573,20,development
huc8_01090001,01104455,90,B_union_D,True,eligible,4988,8,5,1,Ta|P|W|RH|Rs,F,362,20,development
huc8_01090001,01104455,90,B_union_D_union_M_union_H,True,eligible,4988,8,5,1,Ta|P|W|RH|Rs,F,362,20,development
huc8_01090001,01104455,180,B_union_D,True,eligible,4988,8,5,1,Ta|P|W|RH|Rs,F,104,20,development
huc8_01090001,01104455,180,B_union_D_union_M_union_H,True,eligible,4988,8,5,1,Ta|P|W|RH|Rs,F,104,20,development
huc8_01090001,01104455,365,B_union_D,False,no_eligible_evaluation_windows,4988,8,5,1,Ta|P|W|RH|Rs,F,0,0,development
huc8_01090001,01104455,365,B_union_D_union_M_union_H,False,no_eligible_evaluation_windows,4988,8,5,1,Ta|P|W|RH|Rs,F,0,0,development
huc8_01090001,01104460,7,B_union_D,True,eligible,5454,8,5,1,Ta|P|W|RH|Rs,F,1462,20,development
huc8_01090001,01104460,7,B_union_D_union_M_union_H,True,eligible,5454,8,5,1,Ta|P|W|RH|Rs,F,1462,20,development
huc8_01090001,01104460,14,B_union_D,True,eligible,5454,8,5,1,Ta|P|W|RH|Rs,F,1277,20,development
huc8_01090001,01104460,14,B_union_D_union_M_union_H,True,eligible,5454,8,5,1,Ta|P|W|RH|Rs,F,1277,20,development
huc8_01090001,01104460,30,B_union_D,True,eligible,5454,8,5,1,Ta|P|W|RH|Rs,F,954,20,development
huc8_01090001,01104460,30,B_union_D_union_M_union_H,True,eligible,5454,8,5,1,Ta|P|W|RH|Rs,F,954,20,development
huc8_01090001,01104460,60,B_union_D,True,eligible,5454,8,5,1,Ta|P|W|RH|Rs,F,572,20,development
huc8_01090001,01104460,60,B_union_D_union_M_union_H,True,eligible,5454,8,5,1,Ta|P|W|RH|Rs,F,572,20,development
huc8_01090001,01104460,90,B_union_D,True,eligible,5454,8,5,1,Ta|P|W|RH|Rs,F,363,20,development
huc8_01090001,01104460,90,B_union_D_union_M_union_H,True,eligible,5454,8,5,1,Ta|P|W|RH|Rs,F,363,20,development
huc8_01090001,01104460,180,B_union_D,True,eligible,5454,8,5,1,Ta|P|W|RH|Rs,F,104,20,development
huc8_01090001,01104460,180,B_union_D_union_M_union_H,True,eligible,5454,8,5,1,Ta|P|W|RH|Rs,F,104,20,development
huc8_01090001,01104460,365,B_union_D,False,no_eligible_evaluation_windows,5454,8,5,1,Ta|P|W|RH|Rs,F,0,0,development
huc8_01090001,01104460,365,B_union_D_union_M_union_H,False,no_eligible_evaluation_windows,5454,8,5,1,Ta|P|W|RH|Rs,F,0,0,development
huc8_01090001,01104475,7,B_union_D,True,eligible,4718,8,5,1,Ta|P|W|RH|Rs,F,1476,20,development
huc8_01090001,01104475,7,B_union_D_union_M_union_H,True,eligible,4718,8,5,1,Ta|P|W|RH|Rs,F,1476,20,development
huc8_01090001,01104475,14,B_union_D,True,eligible,4718,8,5,1,Ta|P|W|RH|Rs,F,1286,20,development
huc8_01090001,01104475,14,B_union_D_union_M_union_H,True,eligible,4718,8,5,1,Ta|P|W|RH|Rs,F,1286,20,development
huc8_01090001,01104475,30,B_union_D,True,eligible,4718,8,5,1,Ta|P|W|RH|Rs,F,962,20,development
huc8_01090001,01104475,30,B_union_D_union_M_union_H,True,eligible,4718,8,5,1,Ta|P|W|RH|Rs,F,962,20,development
huc8_01090001,01104475,60,B_union_D,True,eligible,4718,8,5,1,Ta|P|W|RH|Rs,F,575,20,development
huc8_01090001,01104475,60,B_union_D_union_M_union_H,True,eligible,4718,8,5,1,Ta|P|W|RH|Rs,F,575,20,development
huc8_01090001,01104475,90,B_union_D,True,eligible,4718,8,5,1,Ta|P|W|RH|Rs,F,364,20,development
huc8_01090001,01104475,90,B_union_D_union_M_union_H,True,eligible,4718,8,5,1,Ta|P|W|RH|Rs,F,364,20,development
huc8_01090001,01104475,180,B_union_D,True,eligible,4718,8,5,1,Ta|P|W|RH|Rs,F,104,20,development
huc8_01090001,01104475,180,B_union_D_union_M_union_H,True,eligible,4718,8,5,1,Ta|P|W|RH|Rs,F,104,20,development
huc8_01090001,01104475,365,B_union_D,False,no_eligible_evaluation_windows,4718,8,5,1,Ta|P|W|RH|Rs,F,0,0,development
huc8_01090001,01104475,365,B_union_D_union_M_union_H,False,no_eligible_evaluation_windows,4718,8,5,1,Ta|P|W|RH|Rs,F,0,0,development
huc8_01090004,01115098,7,B_union_D,True,eligible,5498,8,5,1,Ta|P|W|RH|Rs,F,1420,20,development
huc8_01090004,01115098,7,B_union_D_union_M_union_H,True,eligible,5498,8,5,1,Ta|P|W|RH|Rs,F,1420,20,development
huc8_01090004,01115098,14,B_union_D,True,eligible,5498,8,5,1,Ta|P|W|RH|Rs,F,1191,20,development
huc8_01090004,01115098,14,B_union_D_union_M_union_H,True,eligible,5498,8,5,1,Ta|P|W|RH|Rs,F,1191,20,development
huc8_01090004,01115098,30,B_union_D,True,eligible,5498,8,5,1,Ta|P|W|RH|Rs,F,781,20,development
huc8_01090004,01115098,30,B_union_D_union_M_union_H,True,eligible,5498,8,5,1,Ta|P|W|RH|Rs,F,781,20,development
huc8_01090004,01115098,60,B_union_D,True,eligible,5498,8,5,1,Ta|P|W|RH|Rs,F,368,20,development
huc8_01090004,01115098,60,B_union_D_union_M_union_H,True,eligible,5498,8,5,1,Ta|P|W|RH|Rs,F,368,20,development
huc8_01090004,01115098,90,B_union_D,True,eligible,5498,8,5,1,Ta|P|W|RH|Rs,F,129,20,development
huc8_01090004,01115098,90,B_union_D_union_M_union_H,True,eligible,5498,8,5,1,Ta|P|W|RH|Rs,F,129,20,development
huc8_01090004,01115098,180,B_union_D,False,no_eligible_evaluation_windows,5498,8,5,1,Ta|P|W|RH|Rs,F,0,0,development
huc8_01090004,01115098,180,B_union_D_union_M_union_H,False,no_eligible_evaluation_windows,5498,8,5,1,Ta|P|W|RH|Rs,F,0,0,development
huc8_01090004,01115098,365,B_union_D,False,no_eligible_evaluation_windows,5498,8,5,1,Ta|P|W|RH|Rs,F,0,0,development
huc8_01090004,01115098,365,B_union_D_union_M_union_H,False,no_eligible_evaluation_windows,5498,8,5,1,Ta|P|W|RH|Rs,F,0,0,development
huc8_01090004,01115110,7,B_union_D,True,eligible,5052,8,5,1,Ta|P|W|RH|Rs,F,1423,20,development
huc8_01090004,01115110,7,B_union_D_union_M_union_H,True,eligible,5052,8,5,1,Ta|P|W|RH|Rs,F,1423,20,development
huc8_01090004,01115110,14,B_union_D,True,eligible,5052,8,5,1,Ta|P|W|RH|Rs,F,1194,20,development
huc8_01090004,01115110,14,B_union_D_union_M_union_H,True,eligible,5052,8,5,1,Ta|P|W|RH|Rs,F,1194,20,development
huc8_01090004,01115110,30,B_union_D,True,eligible,5052,8,5,1,Ta|P|W|RH|Rs,F,784,20,development
huc8_01090004,01115110,30,B_union_D_union_M_union_H,True,eligible,5052,8,5,1,Ta|P|W|RH|Rs,F,784,20,development
huc8_01090004,01115110,60,B_union_D,True,eligible,5052,8,5,1,Ta|P|W|RH|Rs,F,370,20,development
huc8_01090004,01115110,60,B_union_D_union_M_union_H,True,eligible,5052,8,5,1,Ta|P|W|RH|Rs,F,370,20,development
huc8_01090004,01115110,90,B_union_D,True,eligible,5052,8,5,1,Ta|P|W|RH|Rs,F,129,20,development
huc8_01090004,01115110,90,B_union_D_union_M_union_H,True,eligible,5052,8,5,1,Ta|P|W|RH|Rs,F,129,20,development
huc8_01090004,01115110,180,B_union_D,False,no_eligible_evaluation_windows,5052,8,5,1,Ta|P|W|RH|Rs,F,0,0,development
huc8_01090004,01115110,180,B_union_D_union_M_union_H,False,no_eligible_evaluation_windows,5052,8,5,1,Ta|P|W|RH|Rs,F,0,0,development
huc8_01090004,01115110,365,B_union_D,False,no_eligible_evaluation_windows,5052,8,5,1,Ta|P|W|RH|Rs,F,0,0,development
huc8_01090004,01115110,365,B_union_D_union_M_union_H,False,no_eligible_evaluation_windows,5052,8,5,1,Ta|P|W|RH|Rs,F,0,0,development
huc8_01090004,01115170,7,B_union_D,True,eligible,5280,8,5,1,Ta|P|W|RH|Rs,F,1425,20,development
huc8_01090004,01115170,7,B_union_D_union_M_union_H,True,eligible,5280,8,5,1,Ta|P|W|RH|Rs,F,1425,20,development
huc8_01090004,01115170,14,B_union_D,True,eligible,5280,8,5,1,Ta|P|W|RH|Rs,F,1195,20,development
huc8_01090004,01115170,14,B_union_D_union_M_union_H,True,eligible,5280,8,5,1,Ta|P|W|RH|Rs,F,1195,20,development
huc8_01090004,01115170,30,B_union_D,True,eligible,5280,8,5,1,Ta|P|W|RH|Rs,F,783,20,development
huc8_01090004,01115170,30,B_union_D_union_M_union_H,True,eligible,5280,8,5,1,Ta|P|W|RH|Rs,F,783,20,development
huc8_01090004,01115170,60,B_union_D,True,eligible,5280,8,5,1,Ta|P|W|RH|Rs,F,367,20,development
huc8_01090004,01115170,60,B_union_D_union_M_union_H,True,eligible,5280,8,5,1,Ta|P|W|RH|Rs,F,367,20,development
huc8_01090004,01115170,90,B_union_D,True,eligible,5280,8,5,1,Ta|P|W|RH|Rs,F,129,20,development
huc8_01090004,01115170,90,B_union_D_union_M_union_H,True,eligible,5280,8,5,1,Ta|P|W|RH|Rs,F,129,20,development
huc8_01090004,01115170,180,B_union_D,False,no_eligible_evaluation_windows,5280,8,5,1,Ta|P|W|RH|Rs,F,0,0,development
huc8_01090004,01115170,180,B_union_D_union_M_union_H,False,no_eligible_evaluation_windows,5280,8,5,1,Ta|P|W|RH|Rs,F,0,0,development
huc8_01090004,01115170,365,B_union_D,False,no_eligible_evaluation_windows,5280,8,5,1,Ta|P|W|RH|Rs,F,0,0,development
huc8_01090004,01115170,365,B_union_D_union_M_union_H,False,no_eligible_evaluation_windows,5280,8,5,1,Ta|P|W|RH|Rs,F,0,0,development
huc8_01090004,01115183,7,B_union_D,True,eligible,5479,8,5,1,Ta|P|W|RH|Rs,F,1422,20,development
huc8_01090004,01115183,7,B_union_D_union_M_union_H,True,eligible,5479,8,5,1,Ta|P|W|RH|Rs,F,1422,20,development
huc8_01090004,01115183,14,B_union_D,True,eligible,5479,8,5,1,Ta|P|W|RH|Rs,F,1191,20,development
huc8_01090004,01115183,14,B_union_D_union_M_union_H,True,eligible,5479,8,5,1,Ta|P|W|RH|Rs,F,1191,20,development
huc8_01090004,01115183,30,B_union_D,True,eligible,5479,8,5,1,Ta|P|W|RH|Rs,F,783,20,development
huc8_01090004,01115183,30,B_union_D_union_M_union_H,True,eligible,5479,8,5,1,Ta|P|W|RH|Rs,F,783,20,development
huc8_01090004,01115183,60,B_union_D,True,eligible,5479,8,5,1,Ta|P|W|RH|Rs,F,370,20,development
huc8_01090004,01115183,60,B_union_D_union_M_union_H,True,eligible,5479,8,5,1,Ta|P|W|RH|Rs,F,370,20,development
huc8_01090004,01115183,90,B_union_D,True,eligible,5479,8,5,1,Ta|P|W|RH|Rs,F,128,20,development
huc8_01090004,01115183,90,B_union_D_union_M_union_H,True,eligible,5479,8,5,1,Ta|P|W|RH|Rs,F,128,20,development
huc8_01090004,01115183,180,B_union_D,False,no_eligible_evaluation_windows,5479,8,5,1,Ta|P|W|RH|Rs,F,0,0,development
huc8_01090004,01115183,180,B_union_D_union_M_union_H,False,no_eligible_evaluation_windows,5479,8,5,1,Ta|P|W|RH|Rs,F,0,0,development
huc8_01090004,01115183,365,B_union_D,False,no_eligible_evaluation_windows,5479,8,5,1,Ta|P|W|RH|Rs,F,0,0,development
huc8_01090004,01115183,365,B_union_D_union_M_union_H,False,no_eligible_evaluation_windows,5479,8,5,1,Ta|P|W|RH|Rs,F,0,0,development
huc8_01090004,01115184,7,B_union_D,True,eligible,3140,8,5,1,Ta|P|W|RH|Rs,F,1432,20,development
huc8_01090004,01115184,7,B_union_D_union_M_union_H,True,eligible,3140,8,5,1,Ta|P|W|RH|Rs,F,769,20,development
huc8_01090004,01115184,14,B_union_D,True,eligible,3140,8,5,1,Ta|P|W|RH|Rs,F,1201,20,development
huc8_01090004,01115184,14,B_union_D_union_M_union_H,True,eligible,3140,8,5,1,Ta|P|W|RH|Rs,F,625,20,development
huc8_01090004,01115184,30,B_union_D,True,eligible,3140,8,5,1,Ta|P|W|RH|Rs,F,786,20,development
huc8_01090004,01115184,30,B_union_D_union_M_union_H,True,eligible,3140,8,5,1,Ta|P|W|RH|Rs,F,368,20,development
huc8_01090004,01115184,60,B_union_D,True,eligible,3140,8,5,1,Ta|P|W|RH|Rs,F,372,20,development
huc8_01090004,01115184,60,B_union_D_union_M_union_H,True,eligible,3140,8,5,1,Ta|P|W|RH|Rs,F,156,20,development
huc8_01090004,01115184,90,B_union_D,True,eligible,3140,8,5,1,Ta|P|W|RH|Rs,F,130,20,development
huc8_01090004,01115184,90,B_union_D_union_M_union_H,True,eligible,3140,8,5,1,Ta|P|W|RH|Rs,F,21,20,development
huc8_01090004,01115184,180,B_union_D,False,no_eligible_evaluation_windows,3140,8,5,1,Ta|P|W|RH|Rs,F,0,0,development
huc8_01090004,01115184,180,B_union_D_union_M_union_H,False,no_eligible_evaluation_windows,3140,8,5,1,Ta|P|W|RH|Rs,F,0,0,development
huc8_01090004,01115184,365,B_union_D,False,no_eligible_evaluation_windows,3140,8,5,1,Ta|P|W|RH|Rs,F,0,0,development
huc8_01090004,01115184,365,B_union_D_union_M_union_H,False,no_eligible_evaluation_windows,3140,8,5,1,Ta|P|W|RH|Rs,F,0,0,development
huc8_01090004,01115190,7,B_union_D,True,eligible,5396,8,5,1,Ta|P|W|RH|Rs,F,1433,20,development
huc8_01090004,01115190,7,B_union_D_union_M_union_H,True,eligible,5396,8,5,1,Ta|P|W|RH|Rs,F,1433,20,development
huc8_01090004,01115190,14,B_union_D,True,eligible,5396,8,5,1,Ta|P|W|RH|Rs,F,1203,20,development
huc8_01090004,01115190,14,B_union_D_union_M_union_H,True,eligible,5396,8,5,1,Ta|P|W|RH|Rs,F,1203,20,development
huc8_01090004,01115190,30,B_union_D,True,eligible,5396,8,5,1,Ta|P|W|RH|Rs,F,789,20,development
huc8_01090004,01115190,30,B_union_D_union_M_union_H,True,eligible,5396,8,5,1,Ta|P|W|RH|Rs,F,789,20,development
huc8_01090004,01115190,60,B_union_D,True,eligible,5396,8,5,1,Ta|P|W|RH|Rs,F,372,20,development
huc8_01090004,01115190,60,B_union_D_union_M_union_H,True,eligible,5396,8,5,1,Ta|P|W|RH|Rs,F,372,20,development
huc8_01090004,01115190,90,B_union_D,True,eligible,5396,8,5,1,Ta|P|W|RH|Rs,F,130,20,development
huc8_01090004,01115190,90,B_union_D_union_M_union_H,True,eligible,5396,8,5,1,Ta|P|W|RH|Rs,F,130,20,development
huc8_01090004,01115190,180,B_union_D,False,no_eligible_evaluation_windows,5396,8,5,1,Ta|P|W|RH|Rs,F,0,0,development
huc8_01090004,01115190,180,B_union_D_union_M_union_H,False,no_eligible_evaluation_windows,5396,8,5,1,Ta|P|W|RH|Rs,F,0,0,development
huc8_01090004,01115190,365,B_union_D,False,no_eligible_evaluation_windows,5396,8,5,1,Ta|P|W|RH|Rs,F,0,0,development
huc8_01090004,01115190,365,B_union_D_union_M_union_H,False,no_eligible_evaluation_windows,5396,8,5,1,Ta|P|W|RH|Rs,F,0,0,development
huc8_01090004,01115265,7,B_union_D,True,eligible,5407,8,5,1,Ta|P|W|RH|Rs,F,1422,20,development
huc8_01090004,01115265,7,B_union_D_union_M_union_H,True,eligible,5407,8,5,1,Ta|P|W|RH|Rs,F,1422,20,development
huc8_01090004,01115265,14,B_union_D,True,eligible,5407,8,5,1,Ta|P|W|RH|Rs,F,1192,20,development
huc8_01090004,01115265,14,B_union_D_union_M_union_H,True,eligible,5407,8,5,1,Ta|P|W|RH|Rs,F,1192,20,development
huc8_01090004,01115265,30,B_union_D,True,eligible,5407,8,5,1,Ta|P|W|RH|Rs,F,779,20,development
huc8_01090004,01115265,30,B_union_D_union_M_union_H,True,eligible,5407,8,5,1,Ta|P|W|RH|Rs,F,779,20,development
huc8_01090004,01115265,60,B_union_D,True,eligible,5407,8,5,1,Ta|P|W|RH|Rs,F,366,20,development
huc8_01090004,01115265,60,B_union_D_union_M_union_H,True,eligible,5407,8,5,1,Ta|P|W|RH|Rs,F,366,20,development
huc8_01090004,01115265,90,B_union_D,True,eligible,5407,8,5,1,Ta|P|W|RH|Rs,F,126,20,development
huc8_01090004,01115265,90,B_union_D_union_M_union_H,True,eligible,5407,8,5,1,Ta|P|W|RH|Rs,F,126,20,development
huc8_01090004,01115265,180,B_union_D,False,no_eligible_evaluation_windows,5407,8,5,1,Ta|P|W|RH|Rs,F,0,0,development
huc8_01090004,01115265,180,B_union_D_union_M_union_H,False,no_eligible_evaluation_windows,5407,8,5,1,Ta|P|W|RH|Rs,F,0,0,development
huc8_01090004,01115265,365,B_union_D,False,no_eligible_evaluation_windows,5407,8,5,1,Ta|P|W|RH|Rs,F,0,0,development
huc8_01090004,01115265,365,B_union_D_union_M_union_H,False,no_eligible_evaluation_windows,5407,8,5,1,Ta|P|W|RH|Rs,F,0,0,development
huc8_01090004,01115275,7,B_union_D,False,no_eligible_evaluation_windows,5423,8,5,1,Ta|P|W|RH|Rs,F,1435,0,development
huc8_01090004,01115275,7,B_union_D_union_M_union_H,False,no_eligible_evaluation_windows,5423,8,5,1,Ta|P|W|RH|Rs,F,0,0,development
huc8_01090004,01115275,14,B_union_D,False,no_eligible_evaluation_windows,5423,8,5,1,Ta|P|W|RH|Rs,F,1203,0,development
huc8_01090004,01115275,14,B_union_D_union_M_union_H,False,no_eligible_evaluation_windows,5423,8,5,1,Ta|P|W|RH|Rs,F,0,0,development
huc8_01090004,01115275,30,B_union_D,False,no_eligible_evaluation_windows,5423,8,5,1,Ta|P|W|RH|Rs,F,788,0,development
huc8_01090004,01115275,30,B_union_D_union_M_union_H,False,no_eligible_evaluation_windows,5423,8,5,1,Ta|P|W|RH|Rs,F,0,0,development
huc8_01090004,01115275,60,B_union_D,False,no_eligible_evaluation_windows,5423,8,5,1,Ta|P|W|RH|Rs,F,372,0,development
huc8_01090004,01115275,60,B_union_D_union_M_union_H,False,no_eligible_evaluation_windows,5423,8,5,1,Ta|P|W|RH|Rs,F,0,0,development
huc8_01090004,01115275,90,B_union_D,False,no_eligible_evaluation_windows,5423,8,5,1,Ta|P|W|RH|Rs,F,130,0,development
huc8_01090004,01115275,90,B_union_D_union_M_union_H,False,no_eligible_evaluation_windows,5423,8,5,1,Ta|P|W|RH|Rs,F,0,0,development
huc8_01090004,01115275,180,B_union_D,False,no_eligible_evaluation_windows,5423,8,5,1,Ta|P|W|RH|Rs,F,0,0,development
huc8_01090004,01115275,180,B_union_D_union_M_union_H,False,no_eligible_evaluation_windows,5423,8,5,1,Ta|P|W|RH|Rs,F,0,0,development
huc8_01090004,01115275,365,B_union_D,False,no_eligible_evaluation_windows,5423,8,5,1,Ta|P|W|RH|Rs,F,0,0,development
huc8_01090004,01115275,365,B_union_D_union_M_union_H,False,no_eligible_evaluation_windows,5423,8,5,1,Ta|P|W|RH|Rs,F,0,0,development
huc8_01090004,01115276,7,B_union_D,True,eligible,3174,8,5,1,Ta|P|W|RH|Rs,F,1434,20,development
huc8_01090004,01115276,7,B_union_D_union_M_union_H,True,eligible,3174,8,5,1,Ta|P|W|RH|Rs,F,1434,20,development
huc8_01090004,01115276,14,B_union_D,True,eligible,3174,8,5,1,Ta|P|W|RH|Rs,F,1203,20,development
huc8_01090004,01115276,14,B_union_D_union_M_union_H,True,eligible,3174,8,5,1,Ta|P|W|RH|Rs,F,1203,20,development
huc8_01090004,01115276,30,B_union_D,True,eligible,3174,8,5,1,Ta|P|W|RH|Rs,F,788,20,development
huc8_01090004,01115276,30,B_union_D_union_M_union_H,True,eligible,3174,8,5,1,Ta|P|W|RH|Rs,F,788,20,development
huc8_01090004,01115276,60,B_union_D,True,eligible,3174,8,5,1,Ta|P|W|RH|Rs,F,372,20,development
huc8_01090004,01115276,60,B_union_D_union_M_union_H,True,eligible,3174,8,5,1,Ta|P|W|RH|Rs,F,372,20,development
huc8_01090004,01115276,90,B_union_D,True,eligible,3174,8,5,1,Ta|P|W|RH|Rs,F,130,20,development
huc8_01090004,01115276,90,B_union_D_union_M_union_H,True,eligible,3174,8,5,1,Ta|P|W|RH|Rs,F,130,20,development
huc8_01090004,01115276,180,B_union_D,False,no_eligible_evaluation_windows,3174,8,5,1,Ta|P|W|RH|Rs,F,0,0,development
huc8_01090004,01115276,180,B_union_D_union_M_union_H,False,no_eligible_evaluation_windows,3174,8,5,1,Ta|P|W|RH|Rs,F,0,0,development
huc8_01090004,01115276,365,B_union_D,False,no_eligible_evaluation_windows,3174,8,5,1,Ta|P|W|RH|Rs,F,0,0,development
huc8_01090004,01115276,365,B_union_D_union_M_union_H,False,no_eligible_evaluation_windows,3174,8,5,1,Ta|P|W|RH|Rs,F,0,0,development
huc8_02020006,01359139,7,B_union_D,True,eligible,5756,2,5,0,Ta|P|W|RH|Rs,,2746,20,development
huc8_02020006,01359139,7,B_union_D_union_M_union_H,False,no_hydraulics_with_minimum_training_days,5756,2,5,0,Ta|P|W|RH|Rs,,0,0,development
huc8_02020006,01359139,14,B_union_D,True,eligible,5756,2,5,0,Ta|P|W|RH|Rs,,2643,20,development
huc8_02020006,01359139,14,B_union_D_union_M_union_H,False,no_hydraulics_with_minimum_training_days,5756,2,5,0,Ta|P|W|RH|Rs,,0,0,development
huc8_02020006,01359139,30,B_union_D,True,eligible,5756,2,5,0,Ta|P|W|RH|Rs,,2419,20,development
huc8_02020006,01359139,30,B_union_D_union_M_union_H,False,no_hydraulics_with_minimum_training_days,5756,2,5,0,Ta|P|W|RH|Rs,,0,0,development
huc8_02020006,01359139,60,B_union_D,True,eligible,5756,2,5,0,Ta|P|W|RH|Rs,,2045,20,development
huc8_02020006,01359139,60,B_union_D_union_M_union_H,False,no_hydraulics_with_minimum_training_days,5756,2,5,0,Ta|P|W|RH|Rs,,0,0,development
huc8_02020006,01359139,90,B_union_D,True,eligible,5756,2,5,0,Ta|P|W|RH|Rs,,1773,20,development
huc8_02020006,01359139,90,B_union_D_union_M_union_H,False,no_hydraulics_with_minimum_training_days,5756,2,5,0,Ta|P|W|RH|Rs,,0,0,development
huc8_02020006,01359139,180,B_union_D,True,eligible,5756,2,5,0,Ta|P|W|RH|Rs,,1144,20,development
huc8_02020006,01359139,180,B_union_D_union_M_union_H,False,no_hydraulics_with_minimum_training_days,5756,2,5,0,Ta|P|W|RH|Rs,,0,0,development
huc8_02020006,01359139,365,B_union_D,True,eligible,5756,2,5,0,Ta|P|W|RH|Rs,,331,20,development
huc8_02020006,01359139,365,B_union_D_union_M_union_H,False,no_hydraulics_with_minimum_training_days,5756,2,5,0,Ta|P|W|RH|Rs,,0,0,development
huc8_02020006,01362230,7,B_union_D,True,eligible,6832,2,5,1,Ta|P|W|RH|Rs,F,2748,20,development
huc8_02020006,01362230,7,B_union_D_union_M_union_H,True,eligible,6832,2,5,1,Ta|P|W|RH|Rs,F,2748,20,development
huc8_02020006,01362230,14,B_union_D,True,eligible,6832,2,5,1,Ta|P|W|RH|Rs,F,2644,20,development
huc8_02020006,01362230,14,B_union_D_union_M_union_H,True,eligible,6832,2,5,1,Ta|P|W|RH|Rs,F,2644,20,development
huc8_02020006,01362230,30,B_union_D,True,eligible,6832,2,5,1,Ta|P|W|RH|Rs,F,2420,20,development
huc8_02020006,01362230,30,B_union_D_union_M_union_H,True,eligible,6832,2,5,1,Ta|P|W|RH|Rs,F,2420,20,development
huc8_02020006,01362230,60,B_union_D,True,eligible,6832,2,5,1,Ta|P|W|RH|Rs,F,2047,20,development
huc8_02020006,01362230,60,B_union_D_union_M_union_H,True,eligible,6832,2,5,1,Ta|P|W|RH|Rs,F,2047,20,development
huc8_02020006,01362230,90,B_union_D,True,eligible,6832,2,5,1,Ta|P|W|RH|Rs,F,1774,20,development
huc8_02020006,01362230,90,B_union_D_union_M_union_H,True,eligible,6832,2,5,1,Ta|P|W|RH|Rs,F,1774,20,development
huc8_02020006,01362230,180,B_union_D,True,eligible,6832,2,5,1,Ta|P|W|RH|Rs,F,1146,20,development
huc8_02020006,01362230,180,B_union_D_union_M_union_H,True,eligible,6832,2,5,1,Ta|P|W|RH|Rs,F,1146,20,development
huc8_02020006,01362230,365,B_union_D,True,eligible,6832,2,5,1,Ta|P|W|RH|Rs,F,333,20,development
huc8_02020006,01362230,365,B_union_D_union_M_union_H,True,eligible,6832,2,5,1,Ta|P|W|RH|Rs,F,333,20,development
huc8_02020006,01362500,7,B_union_D,True,eligible,7441,2,5,1,Ta|P|W|RH|Rs,F,2742,20,development
huc8_02020006,01362500,7,B_union_D_union_M_union_H,True,eligible,7441,2,5,1,Ta|P|W|RH|Rs,F,2742,20,development
huc8_02020006,01362500,14,B_union_D,True,eligible,7441,2,5,1,Ta|P|W|RH|Rs,F,2638,20,development
huc8_02020006,01362500,14,B_union_D_union_M_union_H,True,eligible,7441,2,5,1,Ta|P|W|RH|Rs,F,2638,20,development
huc8_02020006,01362500,30,B_union_D,True,eligible,7441,2,5,1,Ta|P|W|RH|Rs,F,2414,20,development
huc8_02020006,01362500,30,B_union_D_union_M_union_H,True,eligible,7441,2,5,1,Ta|P|W|RH|Rs,F,2414,20,development
huc8_02020006,01362500,60,B_union_D,True,eligible,7441,2,5,1,Ta|P|W|RH|Rs,F,2044,20,development
huc8_02020006,01362500,60,B_union_D_union_M_union_H,True,eligible,7441,2,5,1,Ta|P|W|RH|Rs,F,2044,20,development
huc8_02020006,01362500,90,B_union_D,True,eligible,7441,2,5,1,Ta|P|W|RH|Rs,F,1772,20,development
huc8_02020006,01362500,90,B_union_D_union_M_union_H,True,eligible,7441,2,5,1,Ta|P|W|RH|Rs,F,1772,20,development
huc8_02020006,01362500,180,B_union_D,True,eligible,7441,2,5,1,Ta|P|W|RH|Rs,F,1148,20,development
huc8_02020006,01362500,180,B_union_D_union_M_union_H,True,eligible,7441,2,5,1,Ta|P|W|RH|Rs,F,1148,20,development
huc8_02020006,01362500,365,B_union_D,True,eligible,7441,2,5,1,Ta|P|W|RH|Rs,F,334,20,development
huc8_02020006,01362500,365,B_union_D_union_M_union_H,True,eligible,7441,2,5,1,Ta|P|W|RH|Rs,F,334,20,development
huc8_02040103,01428750,7,B_union_D,True,eligible,5326,1,5,1,Ta|P|W|RH|Rs,F,2751,20,development
huc8_02040103,01428750,7,B_union_D_union_M_union_H,True,eligible,5326,1,5,1,Ta|P|W|RH|Rs,F,2582,20,development
huc8_02040103,01428750,14,B_union_D,True,eligible,5326,1,5,1,Ta|P|W|RH|Rs,F,2668,20,development
huc8_02040103,01428750,14,B_union_D_union_M_union_H,True,eligible,5326,1,5,1,Ta|P|W|RH|Rs,F,2499,20,development
huc8_02040103,01428750,30,B_union_D,True,eligible,5326,1,5,1,Ta|P|W|RH|Rs,F,2495,20,development
huc8_02040103,01428750,30,B_union_D_union_M_union_H,True,eligible,5326,1,5,1,Ta|P|W|RH|Rs,F,2326,20,development
huc8_02040103,01428750,60,B_union_D,True,eligible,5326,1,5,1,Ta|P|W|RH|Rs,F,2195,20,development
huc8_02040103,01428750,60,B_union_D_union_M_union_H,True,eligible,5326,1,5,1,Ta|P|W|RH|Rs,F,2044,20,development
huc8_02040103,01428750,90,B_union_D,True,eligible,5326,1,5,1,Ta|P|W|RH|Rs,F,1931,20,development
huc8_02040103,01428750,90,B_union_D_union_M_union_H,True,eligible,5326,1,5,1,Ta|P|W|RH|Rs,F,1810,20,development
huc8_02040103,01428750,180,B_union_D,True,eligible,5326,1,5,1,Ta|P|W|RH|Rs,F,1301,20,development
huc8_02040103,01428750,180,B_union_D_union_M_union_H,True,eligible,5326,1,5,1,Ta|P|W|RH|Rs,F,1270,20,development
huc8_02040103,01428750,365,B_union_D,True,eligible,5326,1,5,1,Ta|P|W|RH|Rs,F,584,20,development
huc8_02040103,01428750,365,B_union_D_union_M_union_H,True,eligible,5326,1,5,1,Ta|P|W|RH|Rs,F,584,20,development
huc8_02040103,01429000,7,B_union_D,True,eligible,5780,1,5,1,Ta|P|W|RH|Rs,F,2762,20,development
huc8_02040103,01429000,7,B_union_D_union_M_union_H,True,eligible,5780,1,5,1,Ta|P|W|RH|Rs,F,2762,20,development
huc8_02040103,01429000,14,B_union_D,True,eligible,5780,1,5,1,Ta|P|W|RH|Rs,F,2681,20,development
huc8_02040103,01429000,14,B_union_D_union_M_union_H,True,eligible,5780,1,5,1,Ta|P|W|RH|Rs,F,2681,20,development
huc8_02040103,01429000,30,B_union_D,True,eligible,5780,1,5,1,Ta|P|W|RH|Rs,F,2506,20,development
huc8_02040103,01429000,30,B_union_D_union_M_union_H,True,eligible,5780,1,5,1,Ta|P|W|RH|Rs,F,2506,20,development
huc8_02040103,01429000,60,B_union_D,True,eligible,5780,1,5,1,Ta|P|W|RH|Rs,F,2206,20,development
huc8_02040103,01429000,60,B_union_D_union_M_union_H,True,eligible,5780,1,5,1,Ta|P|W|RH|Rs,F,2206,20,development
huc8_02040103,01429000,90,B_union_D,True,eligible,5780,1,5,1,Ta|P|W|RH|Rs,F,1939,20,development
huc8_02040103,01429000,90,B_union_D_union_M_union_H,True,eligible,5780,1,5,1,Ta|P|W|RH|Rs,F,1939,20,development
huc8_02040103,01429000,180,B_union_D,True,eligible,5780,1,5,1,Ta|P|W|RH|Rs,F,1309,20,development
huc8_02040103,01429000,180,B_union_D_union_M_union_H,True,eligible,5780,1,5,1,Ta|P|W|RH|Rs,F,1309,20,development
huc8_02040103,01429000,365,B_union_D,True,eligible,5780,1,5,1,Ta|P|W|RH|Rs,F,588,20,development
huc8_02040103,01429000,365,B_union_D_union_M_union_H,True,eligible,5780,1,5,1,Ta|P|W|RH|Rs,F,588,20,development
huc8_02040103,01431500,7,B_union_D,False,no_donor_with_minimum_paired_training_days,2310,0,5,1,Ta|P|W|RH|Rs,F,0,0,development
huc8_02040103,01431500,7,B_union_D_union_M_union_H,False,no_donor_with_minimum_paired_training_days,2310,0,5,1,Ta|P|W|RH|Rs,F,0,0,development
huc8_02040103,01431500,14,B_union_D,False,no_donor_with_minimum_paired_training_days,2310,0,5,1,Ta|P|W|RH|Rs,F,0,0,development
huc8_02040103,01431500,14,B_union_D_union_M_union_H,False,no_donor_with_minimum_paired_training_days,2310,0,5,1,Ta|P|W|RH|Rs,F,0,0,development
huc8_02040103,01431500,30,B_union_D,False,no_donor_with_minimum_paired_training_days,2310,0,5,1,Ta|P|W|RH|Rs,F,0,0,development
huc8_02040103,01431500,30,B_union_D_union_M_union_H,False,no_donor_with_minimum_paired_training_days,2310,0,5,1,Ta|P|W|RH|Rs,F,0,0,development
huc8_02040103,01431500,60,B_union_D,False,no_donor_with_minimum_paired_training_days,2310,0,5,1,Ta|P|W|RH|Rs,F,0,0,development
huc8_02040103,01431500,60,B_union_D_union_M_union_H,False,no_donor_with_minimum_paired_training_days,2310,0,5,1,Ta|P|W|RH|Rs,F,0,0,development
huc8_02040103,01431500,90,B_union_D,False,no_donor_with_minimum_paired_training_days,2310,0,5,1,Ta|P|W|RH|Rs,F,0,0,development
huc8_02040103,01431500,90,B_union_D_union_M_union_H,False,no_donor_with_minimum_paired_training_days,2310,0,5,1,Ta|P|W|RH|Rs,F,0,0,development
huc8_02040103,01431500,180,B_union_D,False,no_donor_with_minimum_paired_training_days,2310,0,5,1,Ta|P|W|RH|Rs,F,0,0,development
huc8_02040103,01431500,180,B_union_D_union_M_union_H,False,no_donor_with_minimum_paired_training_days,2310,0,5,1,Ta|P|W|RH|Rs,F,0,0,development
huc8_02040103,01431500,365,B_union_D,False,no_donor_with_minimum_paired_training_days,2310,0,5,1,Ta|P|W|RH|Rs,F,0,0,development
huc8_02040103,01431500,365,B_union_D_union_M_union_H,False,no_donor_with_minimum_paired_training_days,2310,0,5,1,Ta|P|W|RH|Rs,F,0,0,development
huc8_02040106,01447500,7,B_union_D,True,eligible,6965,3,5,1,Ta|P|W|RH|Rs,F,2566,20,development
huc8_02040106,01447500,7,B_union_D_union_M_union_H,True,eligible,6965,3,5,1,Ta|P|W|RH|Rs,F,2566,20,development
huc8_02040106,01447500,14,B_union_D,True,eligible,6965,3,5,1,Ta|P|W|RH|Rs,F,2459,20,development
huc8_02040106,01447500,14,B_union_D_union_M_union_H,True,eligible,6965,3,5,1,Ta|P|W|RH|Rs,F,2459,20,development
huc8_02040106,01447500,30,B_union_D,True,eligible,6965,3,5,1,Ta|P|W|RH|Rs,F,2237,20,development
huc8_02040106,01447500,30,B_union_D_union_M_union_H,True,eligible,6965,3,5,1,Ta|P|W|RH|Rs,F,2237,20,development
huc8_02040106,01447500,60,B_union_D,True,eligible,6965,3,5,1,Ta|P|W|RH|Rs,F,1874,20,development
huc8_02040106,01447500,60,B_union_D_union_M_union_H,True,eligible,6965,3,5,1,Ta|P|W|RH|Rs,F,1874,20,development
huc8_02040106,01447500,90,B_union_D,True,eligible,6965,3,5,1,Ta|P|W|RH|Rs,F,1587,20,development
huc8_02040106,01447500,90,B_union_D_union_M_union_H,True,eligible,6965,3,5,1,Ta|P|W|RH|Rs,F,1587,20,development
huc8_02040106,01447500,180,B_union_D,True,eligible,6965,3,5,1,Ta|P|W|RH|Rs,F,1006,20,development
huc8_02040106,01447500,180,B_union_D_union_M_union_H,True,eligible,6965,3,5,1,Ta|P|W|RH|Rs,F,1006,20,development
huc8_02040106,01447500,365,B_union_D,True,eligible,6965,3,5,1,Ta|P|W|RH|Rs,F,331,20,development
huc8_02040106,01447500,365,B_union_D_union_M_union_H,True,eligible,6965,3,5,1,Ta|P|W|RH|Rs,F,331,20,development
huc8_02040106,01447720,7,B_union_D,True,eligible,8081,3,5,1,Ta|P|W|RH|Rs,F,2566,20,development
huc8_02040106,01447720,7,B_union_D_union_M_union_H,True,eligible,8081,3,5,1,Ta|P|W|RH|Rs,F,2566,20,development
huc8_02040106,01447720,14,B_union_D,True,eligible,8081,3,5,1,Ta|P|W|RH|Rs,F,2458,20,development
huc8_02040106,01447720,14,B_union_D_union_M_union_H,True,eligible,8081,3,5,1,Ta|P|W|RH|Rs,F,2458,20,development
huc8_02040106,01447720,30,B_union_D,True,eligible,8081,3,5,1,Ta|P|W|RH|Rs,F,2236,20,development
huc8_02040106,01447720,30,B_union_D_union_M_union_H,True,eligible,8081,3,5,1,Ta|P|W|RH|Rs,F,2236,20,development
huc8_02040106,01447720,60,B_union_D,True,eligible,8081,3,5,1,Ta|P|W|RH|Rs,F,1873,20,development
huc8_02040106,01447720,60,B_union_D_union_M_union_H,True,eligible,8081,3,5,1,Ta|P|W|RH|Rs,F,1873,20,development
huc8_02040106,01447720,90,B_union_D,True,eligible,8081,3,5,1,Ta|P|W|RH|Rs,F,1587,20,development
huc8_02040106,01447720,90,B_union_D_union_M_union_H,True,eligible,8081,3,5,1,Ta|P|W|RH|Rs,F,1587,20,development
huc8_02040106,01447720,180,B_union_D,True,eligible,8081,3,5,1,Ta|P|W|RH|Rs,F,1005,20,development
huc8_02040106,01447720,180,B_union_D_union_M_union_H,True,eligible,8081,3,5,1,Ta|P|W|RH|Rs,F,1005,20,development
huc8_02040106,01447720,365,B_union_D,True,eligible,8081,3,5,1,Ta|P|W|RH|Rs,F,330,20,development
huc8_02040106,01447720,365,B_union_D_union_M_union_H,True,eligible,8081,3,5,1,Ta|P|W|RH|Rs,F,330,20,development
huc8_02040106,01447800,7,B_union_D,True,eligible,5823,3,5,1,Ta|P|W|RH|Rs,F,2547,20,development
huc8_02040106,01447800,7,B_union_D_union_M_union_H,True,eligible,5823,3,5,1,Ta|P|W|RH|Rs,F,2547,20,development
huc8_02040106,01447800,14,B_union_D,True,eligible,5823,3,5,1,Ta|P|W|RH|Rs,F,2442,20,development
huc8_02040106,01447800,14,B_union_D_union_M_union_H,True,eligible,5823,3,5,1,Ta|P|W|RH|Rs,F,2442,20,development
huc8_02040106,01447800,30,B_union_D,True,eligible,5823,3,5,1,Ta|P|W|RH|Rs,F,2221,20,development
huc8_02040106,01447800,30,B_union_D_union_M_union_H,True,eligible,5823,3,5,1,Ta|P|W|RH|Rs,F,2221,20,development
huc8_02040106,01447800,60,B_union_D,True,eligible,5823,3,5,1,Ta|P|W|RH|Rs,F,1859,20,development
huc8_02040106,01447800,60,B_union_D_union_M_union_H,True,eligible,5823,3,5,1,Ta|P|W|RH|Rs,F,1859,20,development
huc8_02040106,01447800,90,B_union_D,True,eligible,5823,3,5,1,Ta|P|W|RH|Rs,F,1577,20,development
huc8_02040106,01447800,90,B_union_D_union_M_union_H,True,eligible,5823,3,5,1,Ta|P|W|RH|Rs,F,1577,20,development
huc8_02040106,01447800,180,B_union_D,True,eligible,5823,3,5,1,Ta|P|W|RH|Rs,F,1001,20,development
huc8_02040106,01447800,180,B_union_D_union_M_union_H,True,eligible,5823,3,5,1,Ta|P|W|RH|Rs,F,1001,20,development
huc8_02040106,01447800,365,B_union_D,True,eligible,5823,3,5,1,Ta|P|W|RH|Rs,F,328,20,development
huc8_02040106,01447800,365,B_union_D_union_M_union_H,True,eligible,5823,3,5,1,Ta|P|W|RH|Rs,F,328,20,development
huc8_02040106,01449360,7,B_union_D,True,eligible,11760,3,5,1,Ta|P|W|RH|Rs,F,2562,20,development
huc8_02040106,01449360,7,B_union_D_union_M_union_H,True,eligible,11760,3,5,1,Ta|P|W|RH|Rs,F,2562,20,development
huc8_02040106,01449360,14,B_union_D,True,eligible,11760,3,5,1,Ta|P|W|RH|Rs,F,2454,20,development
huc8_02040106,01449360,14,B_union_D_union_M_union_H,True,eligible,11760,3,5,1,Ta|P|W|RH|Rs,F,2454,20,development
huc8_02040106,01449360,30,B_union_D,True,eligible,11760,3,5,1,Ta|P|W|RH|Rs,F,2233,20,development
huc8_02040106,01449360,30,B_union_D_union_M_union_H,True,eligible,11760,3,5,1,Ta|P|W|RH|Rs,F,2233,20,development
huc8_02040106,01449360,60,B_union_D,True,eligible,11760,3,5,1,Ta|P|W|RH|Rs,F,1871,20,development
huc8_02040106,01449360,60,B_union_D_union_M_union_H,True,eligible,11760,3,5,1,Ta|P|W|RH|Rs,F,1871,20,development
huc8_02040106,01449360,90,B_union_D,True,eligible,11760,3,5,1,Ta|P|W|RH|Rs,F,1585,20,development
huc8_02040106,01449360,90,B_union_D_union_M_union_H,True,eligible,11760,3,5,1,Ta|P|W|RH|Rs,F,1585,20,development
huc8_02040106,01449360,180,B_union_D,True,eligible,11760,3,5,1,Ta|P|W|RH|Rs,F,1005,20,development
huc8_02040106,01449360,180,B_union_D_union_M_union_H,True,eligible,11760,3,5,1,Ta|P|W|RH|Rs,F,1005,20,development
huc8_02040106,01449360,365,B_union_D,True,eligible,11760,3,5,1,Ta|P|W|RH|Rs,F,330,20,development
huc8_02040106,01449360,365,B_union_D_union_M_union_H,True,eligible,11760,3,5,1,Ta|P|W|RH|Rs,F,330,20,development
huc8_02040106,01449800,7,B_union_D,False,insufficient_training_target_days,0,0,0,0,,,0,0,development
huc8_02040106,01449800,7,B_union_D_union_M_union_H,False,insufficient_training_target_days,0,0,0,0,,,0,0,development
huc8_02040106,01449800,14,B_union_D,False,insufficient_training_target_days,0,0,0,0,,,0,0,development
huc8_02040106,01449800,14,B_union_D_union_M_union_H,False,insufficient_training_target_days,0,0,0,0,,,0,0,development
huc8_02040106,01449800,30,B_union_D,False,insufficient_training_target_days,0,0,0,0,,,0,0,development
huc8_02040106,01449800,30,B_union_D_union_M_union_H,False,insufficient_training_target_days,0,0,0,0,,,0,0,development
huc8_02040106,01449800,60,B_union_D,False,insufficient_training_target_days,0,0,0,0,,,0,0,development
huc8_02040106,01449800,60,B_union_D_union_M_union_H,False,insufficient_training_target_days,0,0,0,0,,,0,0,development
huc8_02040106,01449800,90,B_union_D,False,insufficient_training_target_days,0,0,0,0,,,0,0,development
huc8_02040106,01449800,90,B_union_D_union_M_union_H,False,insufficient_training_target_days,0,0,0,0,,,0,0,development
huc8_02040106,01449800,180,B_union_D,False,insufficient_training_target_days,0,0,0,0,,,0,0,development
huc8_02040106,01449800,180,B_union_D_union_M_union_H,False,insufficient_training_target_days,0,0,0,0,,,0,0,development
huc8_02040106,01449800,365,B_union_D,False,insufficient_training_target_days,0,0,0,0,,,0,0,development
huc8_02040106,01449800,365,B_union_D_union_M_union_H,False,insufficient_training_target_days,0,0,0,0,,,0,0,development
huc8_02040203,01470779,7,B_union_D,False,insufficient_training_target_days,88,0,0,0,,,0,0,development
huc8_02040203,01470779,7,B_union_D_union_M_union_H,False,insufficient_training_target_days,88,0,0,0,,,0,0,development
huc8_02040203,01470779,14,B_union_D,False,insufficient_training_target_days,88,0,0,0,,,0,0,development
huc8_02040203,01470779,14,B_union_D_union_M_union_H,False,insufficient_training_target_days,88,0,0,0,,,0,0,development
huc8_02040203,01470779,30,B_union_D,False,insufficient_training_target_days,88,0,0,0,,,0,0,development
huc8_02040203,01470779,30,B_union_D_union_M_union_H,False,insufficient_training_target_days,88,0,0,0,,,0,0,development
huc8_02040203,01470779,60,B_union_D,False,insufficient_training_target_days,88,0,0,0,,,0,0,development
huc8_02040203,01470779,60,B_union_D_union_M_union_H,False,insufficient_training_target_days,88,0,0,0,,,0,0,development
huc8_02040203,01470779,90,B_union_D,False,insufficient_training_target_days,88,0,0,0,,,0,0,development
huc8_02040203,01470779,90,B_union_D_union_M_union_H,False,insufficient_training_target_days,88,0,0,0,,,0,0,development
huc8_02040203,01470779,180,B_union_D,False,insufficient_training_target_days,88,0,0,0,,,0,0,development
huc8_02040203,01470779,180,B_union_D_union_M_union_H,False,insufficient_training_target_days,88,0,0,0,,,0,0,development
huc8_02040203,01470779,365,B_union_D,False,insufficient_training_target_days,88,0,0,0,,,0,0,development
huc8_02040203,01470779,365,B_union_D_union_M_union_H,False,insufficient_training_target_days,88,0,0,0,,,0,0,development
huc8_02040203,01470960,7,B_union_D,False,insufficient_training_target_days,92,0,0,0,,,0,0,development
huc8_02040203,01470960,7,B_union_D_union_M_union_H,False,insufficient_training_target_days,92,0,0,0,,,0,0,development
huc8_02040203,01470960,14,B_union_D,False,insufficient_training_target_days,92,0,0,0,,,0,0,development
huc8_02040203,01470960,14,B_union_D_union_M_union_H,False,insufficient_training_target_days,92,0,0,0,,,0,0,development
huc8_02040203,01470960,30,B_union_D,False,insufficient_training_target_days,92,0,0,0,,,0,0,development
huc8_02040203,01470960,30,B_union_D_union_M_union_H,False,insufficient_training_target_days,92,0,0,0,,,0,0,development
huc8_02040203,01470960,60,B_union_D,False,insufficient_training_target_days,92,0,0,0,,,0,0,development
huc8_02040203,01470960,60,B_union_D_union_M_union_H,False,insufficient_training_target_days,92,0,0,0,,,0,0,development
huc8_02040203,01470960,90,B_union_D,False,insufficient_training_target_days,92,0,0,0,,,0,0,development
huc8_02040203,01470960,90,B_union_D_union_M_union_H,False,insufficient_training_target_days,92,0,0,0,,,0,0,development
huc8_02040203,01470960,180,B_union_D,False,insufficient_training_target_days,92,0,0,0,,,0,0,development
huc8_02040203,01470960,180,B_union_D_union_M_union_H,False,insufficient_training_target_days,92,0,0,0,,,0,0,development
huc8_02040203,01470960,365,B_union_D,False,insufficient_training_target_days,92,0,0,0,,,0,0,development
huc8_02040203,01470960,365,B_union_D_union_M_union_H,False,insufficient_training_target_days,92,0,0,0,,,0,0,development
huc8_02040203,01472157,7,B_union_D,False,no_donor_with_minimum_paired_training_days,1109,0,5,1,Ta|P|W|RH|Rs,F,0,0,development
huc8_02040203,01472157,7,B_union_D_union_M_union_H,False,no_donor_with_minimum_paired_training_days,1109,0,5,1,Ta|P|W|RH|Rs,F,0,0,development
huc8_02040203,01472157,14,B_union_D,False,no_donor_with_minimum_paired_training_days,1109,0,5,1,Ta|P|W|RH|Rs,F,0,0,development
huc8_02040203,01472157,14,B_union_D_union_M_union_H,False,no_donor_with_minimum_paired_training_days,1109,0,5,1,Ta|P|W|RH|Rs,F,0,0,development
huc8_02040203,01472157,30,B_union_D,False,no_donor_with_minimum_paired_training_days,1109,0,5,1,Ta|P|W|RH|Rs,F,0,0,development
huc8_02040203,01472157,30,B_union_D_union_M_union_H,False,no_donor_with_minimum_paired_training_days,1109,0,5,1,Ta|P|W|RH|Rs,F,0,0,development
huc8_02040203,01472157,60,B_union_D,False,no_donor_with_minimum_paired_training_days,1109,0,5,1,Ta|P|W|RH|Rs,F,0,0,development
huc8_02040203,01472157,60,B_union_D_union_M_union_H,False,no_donor_with_minimum_paired_training_days,1109,0,5,1,Ta|P|W|RH|Rs,F,0,0,development
huc8_02040203,01472157,90,B_union_D,False,no_donor_with_minimum_paired_training_days,1109,0,5,1,Ta|P|W|RH|Rs,F,0,0,development
huc8_02040203,01472157,90,B_union_D_union_M_union_H,False,no_donor_with_minimum_paired_training_days,1109,0,5,1,Ta|P|W|RH|Rs,F,0,0,development
huc8_02040203,01472157,180,B_union_D,False,no_donor_with_minimum_paired_training_days,1109,0,5,1,Ta|P|W|RH|Rs,F,0,0,development
huc8_02040203,01472157,180,B_union_D_union_M_union_H,False,no_donor_with_minimum_paired_training_days,1109,0,5,1,Ta|P|W|RH|Rs,F,0,0,development
huc8_02040203,01472157,365,B_union_D,False,no_donor_with_minimum_paired_training_days,1109,0,5,1,Ta|P|W|RH|Rs,F,0,0,development
huc8_02040203,01472157,365,B_union_D_union_M_union_H,False,no_donor_with_minimum_paired_training_days,1109,0,5,1,Ta|P|W|RH|Rs,F,0,0,development
huc8_02040205,01478137,7,B_union_D,False,insufficient_training_target_days,320,0,0,0,,,0,0,development
huc8_02040205,01478137,7,B_union_D_union_M_union_H,False,insufficient_training_target_days,320,0,0,0,,,0,0,development
huc8_02040205,01478137,14,B_union_D,False,insufficient_training_target_days,320,0,0,0,,,0,0,development
huc8_02040205,01478137,14,B_union_D_union_M_union_H,False,insufficient_training_target_days,320,0,0,0,,,0,0,development
huc8_02040205,01478137,30,B_union_D,False,insufficient_training_target_days,320,0,0,0,,,0,0,development
huc8_02040205,01478137,30,B_union_D_union_M_union_H,False,insufficient_training_target_days,320,0,0,0,,,0,0,development
huc8_02040205,01478137,60,B_union_D,False,insufficient_training_target_days,320,0,0,0,,,0,0,development
huc8_02040205,01478137,60,B_union_D_union_M_union_H,False,insufficient_training_target_days,320,0,0,0,,,0,0,development
huc8_02040205,01478137,90,B_union_D,False,insufficient_training_target_days,320,0,0,0,,,0,0,development
huc8_02040205,01478137,90,B_union_D_union_M_union_H,False,insufficient_training_target_days,320,0,0,0,,,0,0,development
huc8_02040205,01478137,180,B_union_D,False,insufficient_training_target_days,320,0,0,0,,,0,0,development
huc8_02040205,01478137,180,B_union_D_union_M_union_H,False,insufficient_training_target_days,320,0,0,0,,,0,0,development
huc8_02040205,01478137,365,B_union_D,False,insufficient_training_target_days,320,0,0,0,,,0,0,development
huc8_02040205,01478137,365,B_union_D_union_M_union_H,False,insufficient_training_target_days,320,0,0,0,,,0,0,development
huc8_02040205,01480065,7,B_union_D,True,eligible,1171,6,5,0,Ta|P|W|RH|Rs,,3560,20,development
huc8_02040205,01480065,7,B_union_D_union_M_union_H,False,no_hydraulics_with_minimum_training_days,1171,6,5,0,Ta|P|W|RH|Rs,,0,0,development
huc8_02040205,01480065,14,B_union_D,True,eligible,1171,6,5,0,Ta|P|W|RH|Rs,,3065,20,development
huc8_02040205,01480065,14,B_union_D_union_M_union_H,False,no_hydraulics_with_minimum_training_days,1171,6,5,0,Ta|P|W|RH|Rs,,0,0,development
huc8_02040205,01480065,30,B_union_D,True,eligible,1171,6,5,0,Ta|P|W|RH|Rs,,2220,20,development
huc8_02040205,01480065,30,B_union_D_union_M_union_H,False,no_hydraulics_with_minimum_training_days,1171,6,5,0,Ta|P|W|RH|Rs,,0,0,development
huc8_02040205,01480065,60,B_union_D,True,eligible,1171,6,5,0,Ta|P|W|RH|Rs,,1330,20,development
huc8_02040205,01480065,60,B_union_D_union_M_union_H,False,no_hydraulics_with_minimum_training_days,1171,6,5,0,Ta|P|W|RH|Rs,,0,0,development
huc8_02040205,01480065,90,B_union_D,True,eligible,1171,6,5,0,Ta|P|W|RH|Rs,,755,20,development
huc8_02040205,01480065,90,B_union_D_union_M_union_H,False,no_hydraulics_with_minimum_training_days,1171,6,5,0,Ta|P|W|RH|Rs,,0,0,development
huc8_02040205,01480065,180,B_union_D,True,eligible,1171,6,5,0,Ta|P|W|RH|Rs,,138,20,development
huc8_02040205,01480065,180,B_union_D_union_M_union_H,False,no_hydraulics_with_minimum_training_days,1171,6,5,0,Ta|P|W|RH|Rs,,0,0,development
huc8_02040205,01480065,365,B_union_D,False,no_eligible_evaluation_windows,1171,6,5,0,Ta|P|W|RH|Rs,,0,0,development
huc8_02040205,01480065,365,B_union_D_union_M_union_H,False,no_hydraulics_with_minimum_training_days,1171,6,5,0,Ta|P|W|RH|Rs,,0,0,development
huc8_02040205,01480400,7,B_union_D,True,eligible,4743,6,5,1,Ta|P|W|RH|Rs,F,3567,20,development
huc8_02040205,01480400,7,B_union_D_union_M_union_H,True,eligible,4743,6,5,1,Ta|P|W|RH|Rs,F,3567,20,development
huc8_02040205,01480400,14,B_union_D,True,eligible,4743,6,5,1,Ta|P|W|RH|Rs,F,3072,20,development
huc8_02040205,01480400,14,B_union_D_union_M_union_H,True,eligible,4743,6,5,1,Ta|P|W|RH|Rs,F,3072,20,development
huc8_02040205,01480400,30,B_union_D,True,eligible,4743,6,5,1,Ta|P|W|RH|Rs,F,2223,20,development
huc8_02040205,01480400,30,B_union_D_union_M_union_H,True,eligible,4743,6,5,1,Ta|P|W|RH|Rs,F,2223,20,development
huc8_02040205,01480400,60,B_union_D,True,eligible,4743,6,5,1,Ta|P|W|RH|Rs,F,1333,20,development
huc8_02040205,01480400,60,B_union_D_union_M_union_H,True,eligible,4743,6,5,1,Ta|P|W|RH|Rs,F,1333,20,development
huc8_02040205,01480400,90,B_union_D,True,eligible,4743,6,5,1,Ta|P|W|RH|Rs,F,760,20,development
huc8_02040205,01480400,90,B_union_D_union_M_union_H,True,eligible,4743,6,5,1,Ta|P|W|RH|Rs,F,760,20,development
huc8_02040205,01480400,180,B_union_D,True,eligible,4743,6,5,1,Ta|P|W|RH|Rs,F,139,20,development
huc8_02040205,01480400,180,B_union_D_union_M_union_H,True,eligible,4743,6,5,1,Ta|P|W|RH|Rs,F,139,20,development
huc8_02040205,01480400,365,B_union_D,False,no_eligible_evaluation_windows,4743,6,5,1,Ta|P|W|RH|Rs,F,0,0,development
huc8_02040205,01480400,365,B_union_D_union_M_union_H,False,no_eligible_evaluation_windows,4743,6,5,1,Ta|P|W|RH|Rs,F,0,0,development
huc8_02040205,01480500,7,B_union_D,True,eligible,5357,6,5,1,Ta|P|W|RH|Rs,F,3578,20,development
huc8_02040205,01480500,7,B_union_D_union_M_union_H,True,eligible,5357,6,5,1,Ta|P|W|RH|Rs,F,3578,20,development
huc8_02040205,01480500,14,B_union_D,True,eligible,5357,6,5,1,Ta|P|W|RH|Rs,F,3078,20,development
huc8_02040205,01480500,14,B_union_D_union_M_union_H,True,eligible,5357,6,5,1,Ta|P|W|RH|Rs,F,3078,20,development
huc8_02040205,01480500,30,B_union_D,True,eligible,5357,6,5,1,Ta|P|W|RH|Rs,F,2229,20,development
huc8_02040205,01480500,30,B_union_D_union_M_union_H,True,eligible,5357,6,5,1,Ta|P|W|RH|Rs,F,2229,20,development
huc8_02040205,01480500,60,B_union_D,True,eligible,5357,6,5,1,Ta|P|W|RH|Rs,F,1336,20,development
huc8_02040205,01480500,60,B_union_D_union_M_union_H,True,eligible,5357,6,5,1,Ta|P|W|RH|Rs,F,1336,20,development
huc8_02040205,01480500,90,B_union_D,True,eligible,5357,6,5,1,Ta|P|W|RH|Rs,F,762,20,development
huc8_02040205,01480500,90,B_union_D_union_M_union_H,True,eligible,5357,6,5,1,Ta|P|W|RH|Rs,F,762,20,development
huc8_02040205,01480500,180,B_union_D,True,eligible,5357,6,5,1,Ta|P|W|RH|Rs,F,139,20,development
huc8_02040205,01480500,180,B_union_D_union_M_union_H,True,eligible,5357,6,5,1,Ta|P|W|RH|Rs,F,139,20,development
huc8_02040205,01480500,365,B_union_D,False,no_eligible_evaluation_windows,5357,6,5,1,Ta|P|W|RH|Rs,F,0,0,development
huc8_02040205,01480500,365,B_union_D_union_M_union_H,False,no_eligible_evaluation_windows,5357,6,5,1,Ta|P|W|RH|Rs,F,0,0,development
huc8_02040205,01480617,7,B_union_D,True,eligible,9126,6,5,1,Ta|P|W|RH|Rs,F,3550,20,development
huc8_02040205,01480617,7,B_union_D_union_M_union_H,True,eligible,9126,6,5,1,Ta|P|W|RH|Rs,F,3550,20,development
huc8_02040205,01480617,14,B_union_D,True,eligible,9126,6,5,1,Ta|P|W|RH|Rs,F,3057,20,development
huc8_02040205,01480617,14,B_union_D_union_M_union_H,True,eligible,9126,6,5,1,Ta|P|W|RH|Rs,F,3057,20,development
huc8_02040205,01480617,30,B_union_D,True,eligible,9126,6,5,1,Ta|P|W|RH|Rs,F,2215,20,development
huc8_02040205,01480617,30,B_union_D_union_M_union_H,True,eligible,9126,6,5,1,Ta|P|W|RH|Rs,F,2215,20,development
huc8_02040205,01480617,60,B_union_D,True,eligible,9126,6,5,1,Ta|P|W|RH|Rs,F,1330,20,development
huc8_02040205,01480617,60,B_union_D_union_M_union_H,True,eligible,9126,6,5,1,Ta|P|W|RH|Rs,F,1330,20,development
huc8_02040205,01480617,90,B_union_D,True,eligible,9126,6,5,1,Ta|P|W|RH|Rs,F,757,20,development
huc8_02040205,01480617,90,B_union_D_union_M_union_H,True,eligible,9126,6,5,1,Ta|P|W|RH|Rs,F,757,20,development
huc8_02040205,01480617,180,B_union_D,True,eligible,9126,6,5,1,Ta|P|W|RH|Rs,F,139,20,development
huc8_02040205,01480617,180,B_union_D_union_M_union_H,True,eligible,9126,6,5,1,Ta|P|W|RH|Rs,F,139,20,development
huc8_02040205,01480617,365,B_union_D,False,no_eligible_evaluation_windows,9126,6,5,1,Ta|P|W|RH|Rs,F,0,0,development
huc8_02040205,01480617,365,B_union_D_union_M_union_H,False,no_eligible_evaluation_windows,9126,6,5,1,Ta|P|W|RH|Rs,F,0,0,development
huc8_02040205,01480870,7,B_union_D,True,eligible,9769,6,5,1,Ta|P|W|RH|Rs,F,3542,20,development
huc8_02040205,01480870,7,B_union_D_union_M_union_H,True,eligible,9769,6,5,1,Ta|P|W|RH|Rs,F,3542,20,development
huc8_02040205,01480870,14,B_union_D,True,eligible,9769,6,5,1,Ta|P|W|RH|Rs,F,3047,20,development
huc8_02040205,01480870,14,B_union_D_union_M_union_H,True,eligible,9769,6,5,1,Ta|P|W|RH|Rs,F,3047,20,development
huc8_02040205,01480870,30,B_union_D,True,eligible,9769,6,5,1,Ta|P|W|RH|Rs,F,2209,20,development
huc8_02040205,01480870,30,B_union_D_union_M_union_H,True,eligible,9769,6,5,1,Ta|P|W|RH|Rs,F,2209,20,development
huc8_02040205,01480870,60,B_union_D,True,eligible,9769,6,5,1,Ta|P|W|RH|Rs,F,1322,20,development
huc8_02040205,01480870,60,B_union_D_union_M_union_H,True,eligible,9769,6,5,1,Ta|P|W|RH|Rs,F,1322,20,development
huc8_02040205,01480870,90,B_union_D,True,eligible,9769,6,5,1,Ta|P|W|RH|Rs,F,752,20,development
huc8_02040205,01480870,90,B_union_D_union_M_union_H,True,eligible,9769,6,5,1,Ta|P|W|RH|Rs,F,752,20,development
huc8_02040205,01480870,180,B_union_D,True,eligible,9769,6,5,1,Ta|P|W|RH|Rs,F,138,20,development
huc8_02040205,01480870,180,B_union_D_union_M_union_H,True,eligible,9769,6,5,1,Ta|P|W|RH|Rs,F,138,20,development
huc8_02040205,01480870,365,B_union_D,False,no_eligible_evaluation_windows,9769,6,5,1,Ta|P|W|RH|Rs,F,0,0,development
huc8_02040205,01480870,365,B_union_D_union_M_union_H,False,no_eligible_evaluation_windows,9769,6,5,1,Ta|P|W|RH|Rs,F,0,0,development
huc8_02040205,01481000,7,B_union_D,True,eligible,10762,6,5,1,Ta|P|W|RH|Rs,F,3574,20,development
huc8_02040205,01481000,7,B_union_D_union_M_union_H,True,eligible,10762,6,5,1,Ta|P|W|RH|Rs,F,3574,20,development
huc8_02040205,01481000,14,B_union_D,True,eligible,10762,6,5,1,Ta|P|W|RH|Rs,F,3074,20,development
huc8_02040205,01481000,14,B_union_D_union_M_union_H,True,eligible,10762,6,5,1,Ta|P|W|RH|Rs,F,3074,20,development
huc8_02040205,01481000,30,B_union_D,True,eligible,10762,6,5,1,Ta|P|W|RH|Rs,F,2225,20,development
huc8_02040205,01481000,30,B_union_D_union_M_union_H,True,eligible,10762,6,5,1,Ta|P|W|RH|Rs,F,2225,20,development
huc8_02040205,01481000,60,B_union_D,True,eligible,10762,6,5,1,Ta|P|W|RH|Rs,F,1333,20,development
huc8_02040205,01481000,60,B_union_D_union_M_union_H,True,eligible,10762,6,5,1,Ta|P|W|RH|Rs,F,1333,20,development
huc8_02040205,01481000,90,B_union_D,True,eligible,10762,6,5,1,Ta|P|W|RH|Rs,F,759,20,development
huc8_02040205,01481000,90,B_union_D_union_M_union_H,True,eligible,10762,6,5,1,Ta|P|W|RH|Rs,F,759,20,development
huc8_02040205,01481000,180,B_union_D,True,eligible,10762,6,5,1,Ta|P|W|RH|Rs,F,139,20,development
huc8_02040205,01481000,180,B_union_D_union_M_union_H,True,eligible,10762,6,5,1,Ta|P|W|RH|Rs,F,139,20,development
huc8_02040205,01481000,365,B_union_D,False,no_eligible_evaluation_windows,10762,6,5,1,Ta|P|W|RH|Rs,F,0,0,development
huc8_02040205,01481000,365,B_union_D_union_M_union_H,False,no_eligible_evaluation_windows,10762,6,5,1,Ta|P|W|RH|Rs,F,0,0,development
huc8_02040205,01481500,7,B_union_D,True,eligible,1165,6,5,1,Ta|P|W|RH|Rs,F,3540,20,development
huc8_02040205,01481500,7,B_union_D_union_M_union_H,True,eligible,1165,6,5,1,Ta|P|W|RH|Rs,F,3540,20,development
huc8_02040205,01481500,14,B_union_D,True,eligible,1165,6,5,1,Ta|P|W|RH|Rs,F,3054,20,development
huc8_02040205,01481500,14,B_union_D_union_M_union_H,True,eligible,1165,6,5,1,Ta|P|W|RH|Rs,F,3054,20,development
huc8_02040205,01481500,30,B_union_D,True,eligible,1165,6,5,1,Ta|P|W|RH|Rs,F,2218,20,development
huc8_02040205,01481500,30,B_union_D_union_M_union_H,True,eligible,1165,6,5,1,Ta|P|W|RH|Rs,F,2218,20,development
huc8_02040205,01481500,60,B_union_D,True,eligible,1165,6,5,1,Ta|P|W|RH|Rs,F,1333,20,development
huc8_02040205,01481500,60,B_union_D_union_M_union_H,True,eligible,1165,6,5,1,Ta|P|W|RH|Rs,F,1333,20,development
huc8_02040205,01481500,90,B_union_D,True,eligible,1165,6,5,1,Ta|P|W|RH|Rs,F,759,20,development
huc8_02040205,01481500,90,B_union_D_union_M_union_H,True,eligible,1165,6,5,1,Ta|P|W|RH|Rs,F,759,20,development
huc8_02040205,01481500,180,B_union_D,True,eligible,1165,6,5,1,Ta|P|W|RH|Rs,F,139,20,development
huc8_02040205,01481500,180,B_union_D_union_M_union_H,True,eligible,1165,6,5,1,Ta|P|W|RH|Rs,F,139,20,development
huc8_02040205,01481500,365,B_union_D,False,no_eligible_evaluation_windows,1165,6,5,1,Ta|P|W|RH|Rs,F,0,0,development
huc8_02040205,01481500,365,B_union_D_union_M_union_H,False,no_eligible_evaluation_windows,1165,6,5,1,Ta|P|W|RH|Rs,F,0,0,development
huc8_02050104,01516350,7,B_union_D,False,insufficient_training_target_days,0,0,0,0,,,0,0,development
huc8_02050104,01516350,7,B_union_D_union_M_union_H,False,insufficient_training_target_days,0,0,0,0,,,0,0,development
huc8_02050104,01516350,14,B_union_D,False,insufficient_training_target_days,0,0,0,0,,,0,0,development
huc8_02050104,01516350,14,B_union_D_union_M_union_H,False,insufficient_training_target_days,0,0,0,0,,,0,0,development
huc8_02050104,01516350,30,B_union_D,False,insufficient_training_target_days,0,0,0,0,,,0,0,development
huc8_02050104,01516350,30,B_union_D_union_M_union_H,False,insufficient_training_target_days,0,0,0,0,,,0,0,development
huc8_02050104,01516350,60,B_union_D,False,insufficient_training_target_days,0,0,0,0,,,0,0,development
huc8_02050104,01516350,60,B_union_D_union_M_union_H,False,insufficient_training_target_days,0,0,0,0,,,0,0,development
huc8_02050104,01516350,90,B_union_D,False,insufficient_training_target_days,0,0,0,0,,,0,0,development
huc8_02050104,01516350,90,B_union_D_union_M_union_H,False,insufficient_training_target_days,0,0,0,0,,,0,0,development
huc8_02050104,01516350,180,B_union_D,False,insufficient_training_target_days,0,0,0,0,,,0,0,development
huc8_02050104,01516350,180,B_union_D_union_M_union_H,False,insufficient_training_target_days,0,0,0,0,,,0,0,development
huc8_02050104,01516350,365,B_union_D,False,insufficient_training_target_days,0,0,0,0,,,0,0,development
huc8_02050104,01516350,365,B_union_D_union_M_union_H,False,insufficient_training_target_days,0,0,0,0,,,0,0,development
huc8_02050104,01518700,7,B_union_D,True,eligible,3013,1,5,1,Ta|P|W|RH|Rs,F,2789,20,development
huc8_02050104,01518700,7,B_union_D_union_M_union_H,True,eligible,3013,1,5,1,Ta|P|W|RH|Rs,F,2789,20,development
huc8_02050104,01518700,14,B_union_D,True,eligible,3013,1,5,1,Ta|P|W|RH|Rs,F,2764,20,development
huc8_02050104,01518700,14,B_union_D_union_M_union_H,True,eligible,3013,1,5,1,Ta|P|W|RH|Rs,F,2764,20,development
huc8_02050104,01518700,30,B_union_D,True,eligible,3013,1,5,1,Ta|P|W|RH|Rs,F,2716,20,development
huc8_02050104,01518700,30,B_union_D_union_M_union_H,True,eligible,3013,1,5,1,Ta|P|W|RH|Rs,F,2716,20,development
huc8_02050104,01518700,60,B_union_D,True,eligible,3013,1,5,1,Ta|P|W|RH|Rs,F,2626,20,development
huc8_02050104,01518700,60,B_union_D_union_M_union_H,True,eligible,3013,1,5,1,Ta|P|W|RH|Rs,F,2626,20,development
huc8_02050104,01518700,90,B_union_D,True,eligible,3013,1,5,1,Ta|P|W|RH|Rs,F,2537,20,development
huc8_02050104,01518700,90,B_union_D_union_M_union_H,True,eligible,3013,1,5,1,Ta|P|W|RH|Rs,F,2537,20,development
huc8_02050104,01518700,180,B_union_D,True,eligible,3013,1,5,1,Ta|P|W|RH|Rs,F,2357,20,development
huc8_02050104,01518700,180,B_union_D_union_M_union_H,True,eligible,3013,1,5,1,Ta|P|W|RH|Rs,F,2357,20,development
huc8_02050104,01518700,365,B_union_D,True,eligible,3013,1,5,1,Ta|P|W|RH|Rs,F,1987,20,development
huc8_02050104,01518700,365,B_union_D_union_M_union_H,True,eligible,3013,1,5,1,Ta|P|W|RH|Rs,F,1987,20,development
huc8_02050104,01520000,7,B_union_D,True,eligible,3634,1,5,1,Ta|P|W|RH|Rs,F,2791,20,development
huc8_02050104,01520000,7,B_union_D_union_M_union_H,True,eligible,3634,1,5,1,Ta|P|W|RH|Rs,F,2773,20,development
huc8_02050104,01520000,14,B_union_D,True,eligible,3634,1,5,1,Ta|P|W|RH|Rs,F,2764,20,development
huc8_02050104,01520000,14,B_union_D_union_M_union_H,True,eligible,3634,1,5,1,Ta|P|W|RH|Rs,F,2732,20,development
huc8_02050104,01520000,30,B_union_D,True,eligible,3634,1,5,1,Ta|P|W|RH|Rs,F,2716,20,development
huc8_02050104,01520000,30,B_union_D_union_M_union_H,True,eligible,3634,1,5,1,Ta|P|W|RH|Rs,F,2652,20,development
huc8_02050104,01520000,60,B_union_D,True,eligible,3634,1,5,1,Ta|P|W|RH|Rs,F,2626,20,development
huc8_02050104,01520000,60,B_union_D_union_M_union_H,True,eligible,3634,1,5,1,Ta|P|W|RH|Rs,F,2525,20,development
huc8_02050104,01520000,90,B_union_D,True,eligible,3634,1,5,1,Ta|P|W|RH|Rs,F,2539,20,development
huc8_02050104,01520000,90,B_union_D_union_M_union_H,True,eligible,3634,1,5,1,Ta|P|W|RH|Rs,F,2408,20,development
huc8_02050104,01520000,180,B_union_D,True,eligible,3634,1,5,1,Ta|P|W|RH|Rs,F,2359,20,development
huc8_02050104,01520000,180,B_union_D_union_M_union_H,True,eligible,3634,1,5,1,Ta|P|W|RH|Rs,F,2138,20,development
huc8_02050104,01520000,365,B_union_D,True,eligible,3634,1,5,1,Ta|P|W|RH|Rs,F,1989,20,development
huc8_02050104,01520000,365,B_union_D_union_M_union_H,True,eligible,3634,1,5,1,Ta|P|W|RH|Rs,F,1727,20,development
huc8_02050305,01570500,7,B_union_D,False,no_donor_with_minimum_paired_training_days,1625,0,0,1,,F,0,0,development
huc8_02050305,01570500,7,B_union_D_union_M_union_H,False,no_donor_with_minimum_paired_training_days,1625,0,0,1,,F,0,0,development
huc8_02050305,01570500,14,B_union_D,False,no_donor_with_minimum_paired_training_days,1625,0,0,1,,F,0,0,development
huc8_02050305,01570500,14,B_union_D_union_M_union_H,False,no_donor_with_minimum_paired_training_days,1625,0,0,1,,F,0,0,development
huc8_02050305,01570500,30,B_union_D,False,no_donor_with_minimum_paired_training_days,1625,0,0,1,,F,0,0,development
huc8_02050305,01570500,30,B_union_D_union_M_union_H,False,no_donor_with_minimum_paired_training_days,1625,0,0,1,,F,0,0,development
huc8_02050305,01570500,60,B_union_D,False,no_donor_with_minimum_paired_training_days,1625,0,0,1,,F,0,0,development
huc8_02050305,01570500,60,B_union_D_union_M_union_H,False,no_donor_with_minimum_paired_training_days,1625,0,0,1,,F,0,0,development
huc8_02050305,01570500,90,B_union_D,False,no_donor_with_minimum_paired_training_days,1625,0,0,1,,F,0,0,development
huc8_02050305,01570500,90,B_union_D_union_M_union_H,False,no_donor_with_minimum_paired_training_days,1625,0,0,1,,F,0,0,development
huc8_02050305,01570500,180,B_union_D,False,no_donor_with_minimum_paired_training_days,1625,0,0,1,,F,0,0,development
huc8_02050305,01570500,180,B_union_D_union_M_union_H,False,no_donor_with_minimum_paired_training_days,1625,0,0,1,,F,0,0,development
huc8_02050305,01570500,365,B_union_D,False,no_donor_with_minimum_paired_training_days,1625,0,0,1,,F,0,0,development
huc8_02050305,01570500,365,B_union_D_union_M_union_H,False,no_donor_with_minimum_paired_training_days,1625,0,0,1,,F,0,0,development
huc8_02050305,0157155010,7,B_union_D,True,eligible,2176,2,5,0,Ta|P|W|RH|Rs,,1312,20,development
huc8_02050305,0157155010,7,B_union_D_union_M_union_H,False,no_hydraulics_with_minimum_training_days,2176,2,5,0,Ta|P|W|RH|Rs,,0,0,development
huc8_02050305,0157155010,14,B_union_D,True,eligible,2176,2,5,0,Ta|P|W|RH|Rs,,1213,20,development
huc8_02050305,0157155010,14,B_union_D_union_M_union_H,False,no_hydraulics_with_minimum_training_days,2176,2,5,0,Ta|P|W|RH|Rs,,0,0,development
huc8_02050305,0157155010,30,B_union_D,True,eligible,2176,2,5,0,Ta|P|W|RH|Rs,,1033,20,development
huc8_02050305,0157155010,30,B_union_D_union_M_union_H,False,no_hydraulics_with_minimum_training_days,2176,2,5,0,Ta|P|W|RH|Rs,,0,0,development
huc8_02050305,0157155010,60,B_union_D,True,eligible,2176,2,5,0,Ta|P|W|RH|Rs,,798,20,development
huc8_02050305,0157155010,60,B_union_D_union_M_union_H,False,no_hydraulics_with_minimum_training_days,2176,2,5,0,Ta|P|W|RH|Rs,,0,0,development
huc8_02050305,0157155010,90,B_union_D,True,eligible,2176,2,5,0,Ta|P|W|RH|Rs,,676,20,development
huc8_02050305,0157155010,90,B_union_D_union_M_union_H,False,no_hydraulics_with_minimum_training_days,2176,2,5,0,Ta|P|W|RH|Rs,,0,0,development
huc8_02050305,0157155010,180,B_union_D,True,eligible,2176,2,5,0,Ta|P|W|RH|Rs,,357,20,development
huc8_02050305,0157155010,180,B_union_D_union_M_union_H,False,no_hydraulics_with_minimum_training_days,2176,2,5,0,Ta|P|W|RH|Rs,,0,0,development
huc8_02050305,0157155010,365,B_union_D,True,eligible,2176,2,5,0,Ta|P|W|RH|Rs,,45,20,development
huc8_02050305,0157155010,365,B_union_D_union_M_union_H,False,no_hydraulics_with_minimum_training_days,2176,2,5,0,Ta|P|W|RH|Rs,,0,0,development
huc8_02050305,0157155014,7,B_union_D,True,eligible,2339,2,5,1,Ta|P|W|RH|Rs,F,1307,20,development
huc8_02050305,0157155014,7,B_union_D_union_M_union_H,True,eligible,2339,2,5,1,Ta|P|W|RH|Rs,F,1307,20,development
huc8_02050305,0157155014,14,B_union_D,True,eligible,2339,2,5,1,Ta|P|W|RH|Rs,F,1209,20,development
huc8_02050305,0157155014,14,B_union_D_union_M_union_H,True,eligible,2339,2,5,1,Ta|P|W|RH|Rs,F,1209,20,development
huc8_02050305,0157155014,30,B_union_D,True,eligible,2339,2,5,1,Ta|P|W|RH|Rs,F,1031,20,development
huc8_02050305,0157155014,30,B_union_D_union_M_union_H,True,eligible,2339,2,5,1,Ta|P|W|RH|Rs,F,1031,20,development
huc8_02050305,0157155014,60,B_union_D,True,eligible,2339,2,5,1,Ta|P|W|RH|Rs,F,797,20,development
huc8_02050305,0157155014,60,B_union_D_union_M_union_H,True,eligible,2339,2,5,1,Ta|P|W|RH|Rs,F,797,20,development
huc8_02050305,0157155014,90,B_union_D,True,eligible,2339,2,5,1,Ta|P|W|RH|Rs,F,676,20,development
huc8_02050305,0157155014,90,B_union_D_union_M_union_H,True,eligible,2339,2,5,1,Ta|P|W|RH|Rs,F,676,20,development
huc8_02050305,0157155014,180,B_union_D,True,eligible,2339,2,5,1,Ta|P|W|RH|Rs,F,358,20,development
huc8_02050305,0157155014,180,B_union_D_union_M_union_H,True,eligible,2339,2,5,1,Ta|P|W|RH|Rs,F,358,20,development
huc8_02050305,0157155014,365,B_union_D,True,eligible,2339,2,5,1,Ta|P|W|RH|Rs,F,45,20,development
huc8_02050305,0157155014,365,B_union_D_union_M_union_H,True,eligible,2339,2,5,1,Ta|P|W|RH|Rs,F,45,20,development
huc8_02050305,01571820,7,B_union_D,True,eligible,2261,2,5,1,Ta|P|W|RH|Rs,F,1299,20,development
huc8_02050305,01571820,7,B_union_D_union_M_union_H,True,eligible,2261,2,5,1,Ta|P|W|RH|Rs,F,1299,20,development
huc8_02050305,01571820,14,B_union_D,True,eligible,2261,2,5,1,Ta|P|W|RH|Rs,F,1203,20,development
huc8_02050305,01571820,14,B_union_D_union_M_union_H,True,eligible,2261,2,5,1,Ta|P|W|RH|Rs,F,1203,20,development
huc8_02050305,01571820,30,B_union_D,True,eligible,2261,2,5,1,Ta|P|W|RH|Rs,F,1026,20,development
huc8_02050305,01571820,30,B_union_D_union_M_union_H,True,eligible,2261,2,5,1,Ta|P|W|RH|Rs,F,1026,20,development
huc8_02050305,01571820,60,B_union_D,True,eligible,2261,2,5,1,Ta|P|W|RH|Rs,F,797,20,development
huc8_02050305,01571820,60,B_union_D_union_M_union_H,True,eligible,2261,2,5,1,Ta|P|W|RH|Rs,F,797,20,development
huc8_02050305,01571820,90,B_union_D,True,eligible,2261,2,5,1,Ta|P|W|RH|Rs,F,676,20,development
huc8_02050305,01571820,90,B_union_D_union_M_union_H,True,eligible,2261,2,5,1,Ta|P|W|RH|Rs,F,676,20,development
huc8_02050305,01571820,180,B_union_D,True,eligible,2261,2,5,1,Ta|P|W|RH|Rs,F,356,20,development
huc8_02050305,01571820,180,B_union_D_union_M_union_H,True,eligible,2261,2,5,1,Ta|P|W|RH|Rs,F,356,20,development
huc8_02050305,01571820,365,B_union_D,True,eligible,2261,2,5,1,Ta|P|W|RH|Rs,F,43,20,development
huc8_02050305,01571820,365,B_union_D_union_M_union_H,True,eligible,2261,2,5,1,Ta|P|W|RH|Rs,F,43,20,development
huc8_02060003,01581752,7,B_union_D,True,eligible,3003,3,5,1,Ta|P|W|RH|Rs,F,1145,20,development
huc8_02060003,01581752,7,B_union_D_union_M_union_H,True,eligible,3003,3,5,1,Ta|P|W|RH|Rs,F,1015,20,development
huc8_02060003,01581752,14,B_union_D,True,eligible,3003,3,5,1,Ta|P|W|RH|Rs,F,911,20,development
huc8_02060003,01581752,14,B_union_D_union_M_union_H,True,eligible,3003,3,5,1,Ta|P|W|RH|Rs,F,788,20,development
huc8_02060003,01581752,30,B_union_D,True,eligible,3003,3,5,1,Ta|P|W|RH|Rs,F,512,20,development
huc8_02060003,01581752,30,B_union_D_union_M_union_H,True,eligible,3003,3,5,1,Ta|P|W|RH|Rs,F,405,20,development
huc8_02060003,01581752,60,B_union_D,True,eligible,3003,3,5,1,Ta|P|W|RH|Rs,F,135,20,development
huc8_02060003,01581752,60,B_union_D_union_M_union_H,True,eligible,3003,3,5,1,Ta|P|W|RH|Rs,F,76,20,development
huc8_02060003,01581752,90,B_union_D,False,no_eligible_evaluation_windows,3003,3,5,1,Ta|P|W|RH|Rs,F,21,0,development
huc8_02060003,01581752,90,B_union_D_union_M_union_H,False,no_eligible_evaluation_windows,3003,3,5,1,Ta|P|W|RH|Rs,F,0,0,development
huc8_02060003,01581752,180,B_union_D,False,no_eligible_evaluation_windows,3003,3,5,1,Ta|P|W|RH|Rs,F,0,0,development
huc8_02060003,01581752,180,B_union_D_union_M_union_H,False,no_eligible_evaluation_windows,3003,3,5,1,Ta|P|W|RH|Rs,F,0,0,development
huc8_02060003,01581752,365,B_union_D,False,no_eligible_evaluation_windows,3003,3,5,1,Ta|P|W|RH|Rs,F,0,0,development
huc8_02060003,01581752,365,B_union_D_union_M_union_H,False,no_eligible_evaluation_windows,3003,3,5,1,Ta|P|W|RH|Rs,F,0,0,development
huc8_02060003,01581920,7,B_union_D,True,eligible,3948,3,5,1,Ta|P|W|RH|Rs,F,1166,20,development
huc8_02060003,01581920,7,B_union_D_union_M_union_H,True,eligible,3948,3,5,1,Ta|P|W|RH|Rs,F,1158,20,development
huc8_02060003,01581920,14,B_union_D,True,eligible,3948,3,5,1,Ta|P|W|RH|Rs,F,924,20,development
huc8_02060003,01581920,14,B_union_D_union_M_union_H,True,eligible,3948,3,5,1,Ta|P|W|RH|Rs,F,916,20,development
huc8_02060003,01581920,30,B_union_D,True,eligible,3948,3,5,1,Ta|P|W|RH|Rs,F,521,20,development
huc8_02060003,01581920,30,B_union_D_union_M_union_H,True,eligible,3948,3,5,1,Ta|P|W|RH|Rs,F,513,20,development
huc8_02060003,01581920,60,B_union_D,True,eligible,3948,3,5,1,Ta|P|W|RH|Rs,F,138,20,development
huc8_02060003,01581920,60,B_union_D_union_M_union_H,True,eligible,3948,3,5,1,Ta|P|W|RH|Rs,F,130,20,development
huc8_02060003,01581920,90,B_union_D,True,eligible,3948,3,5,1,Ta|P|W|RH|Rs,F,21,20,development
huc8_02060003,01581920,90,B_union_D_union_M_union_H,True,eligible,3948,3,5,1,Ta|P|W|RH|Rs,F,21,20,development
huc8_02060003,01581920,180,B_union_D,False,no_eligible_evaluation_windows,3948,3,5,1,Ta|P|W|RH|Rs,F,0,0,development
huc8_02060003,01581920,180,B_union_D_union_M_union_H,False,no_eligible_evaluation_windows,3948,3,5,1,Ta|P|W|RH|Rs,F,0,0,development
huc8_02060003,01581920,365,B_union_D,False,no_eligible_evaluation_windows,3948,3,5,1,Ta|P|W|RH|Rs,F,0,0,development
huc8_02060003,01581920,365,B_union_D_union_M_union_H,False,no_eligible_evaluation_windows,3948,3,5,1,Ta|P|W|RH|Rs,F,0,0,development
huc8_02060003,01585075,7,B_union_D,True,eligible,2239,3,5,1,Ta|P|W|RH|Rs,F,1156,20,development
huc8_02060003,01585075,7,B_union_D_union_M_union_H,True,eligible,2239,3,5,1,Ta|P|W|RH|Rs,F,1143,20,development
huc8_02060003,01585075,14,B_union_D,True,eligible,2239,3,5,1,Ta|P|W|RH|Rs,F,915,20,development
huc8_02060003,01585075,14,B_union_D_union_M_union_H,True,eligible,2239,3,5,1,Ta|P|W|RH|Rs,F,902,20,development
huc8_02060003,01585075,30,B_union_D,True,eligible,2239,3,5,1,Ta|P|W|RH|Rs,F,514,20,development
huc8_02060003,01585075,30,B_union_D_union_M_union_H,True,eligible,2239,3,5,1,Ta|P|W|RH|Rs,F,501,20,development
huc8_02060003,01585075,60,B_union_D,True,eligible,2239,3,5,1,Ta|P|W|RH|Rs,F,137,20,development
huc8_02060003,01585075,60,B_union_D_union_M_union_H,True,eligible,2239,3,5,1,Ta|P|W|RH|Rs,F,129,20,development
huc8_02060003,01585075,90,B_union_D,True,eligible,2239,3,5,1,Ta|P|W|RH|Rs,F,21,20,development
huc8_02060003,01585075,90,B_union_D_union_M_union_H,True,eligible,2239,3,5,1,Ta|P|W|RH|Rs,F,21,20,development
huc8_02060003,01585075,180,B_union_D,False,no_eligible_evaluation_windows,2239,3,5,1,Ta|P|W|RH|Rs,F,0,0,development
huc8_02060003,01585075,180,B_union_D_union_M_union_H,False,no_eligible_evaluation_windows,2239,3,5,1,Ta|P|W|RH|Rs,F,0,0,development
huc8_02060003,01585075,365,B_union_D,False,no_eligible_evaluation_windows,2239,3,5,1,Ta|P|W|RH|Rs,F,0,0,development
huc8_02060003,01585075,365,B_union_D_union_M_union_H,False,no_eligible_evaluation_windows,2239,3,5,1,Ta|P|W|RH|Rs,F,0,0,development
huc8_02060003,01589290,7,B_union_D,True,eligible,2158,3,5,1,Ta|P|W|RH|Rs,F,1153,20,development
huc8_02060003,01589290,7,B_union_D_union_M_union_H,True,eligible,2158,3,5,1,Ta|P|W|RH|Rs,F,1078,20,development
huc8_02060003,01589290,14,B_union_D,True,eligible,2158,3,5,1,Ta|P|W|RH|Rs,F,913,20,development
huc8_02060003,01589290,14,B_union_D_union_M_union_H,True,eligible,2158,3,5,1,Ta|P|W|RH|Rs,F,845,20,development
huc8_02060003,01589290,30,B_union_D,True,eligible,2158,3,5,1,Ta|P|W|RH|Rs,F,512,20,development
huc8_02060003,01589290,30,B_union_D_union_M_union_H,True,eligible,2158,3,5,1,Ta|P|W|RH|Rs,F,460,20,development
huc8_02060003,01589290,60,B_union_D,True,eligible,2158,3,5,1,Ta|P|W|RH|Rs,F,136,20,development
huc8_02060003,01589290,60,B_union_D_union_M_union_H,True,eligible,2158,3,5,1,Ta|P|W|RH|Rs,F,114,20,development
huc8_02060003,01589290,90,B_union_D,True,eligible,2158,3,5,1,Ta|P|W|RH|Rs,F,19,5,development
huc8_02060003,01589290,90,B_union_D_union_M_union_H,True,eligible,2158,3,5,1,Ta|P|W|RH|Rs,F,5,5,development
huc8_02060003,01589290,180,B_union_D,False,no_eligible_evaluation_windows,2158,3,5,1,Ta|P|W|RH|Rs,F,0,0,development
huc8_02060003,01589290,180,B_union_D_union_M_union_H,False,no_eligible_evaluation_windows,2158,3,5,1,Ta|P|W|RH|Rs,F,0,0,development
huc8_02060003,01589290,365,B_union_D,False,no_eligible_evaluation_windows,2158,3,5,1,Ta|P|W|RH|Rs,F,0,0,development
huc8_02060003,01589290,365,B_union_D_union_M_union_H,False,no_eligible_evaluation_windows,2158,3,5,1,Ta|P|W|RH|Rs,F,0,0,development
huc8_02070002,01595800,7,B_union_D,True,eligible,3268,2,5,1,Ta|P|W|RH|Rs,F,1428,20,development
huc8_02070002,01595800,7,B_union_D_union_M_union_H,True,eligible,3268,2,5,1,Ta|P|W|RH|Rs,F,1426,20,development
huc8_02070002,01595800,14,B_union_D,True,eligible,3268,2,5,1,Ta|P|W|RH|Rs,F,1328,20,development
huc8_02070002,01595800,14,B_union_D_union_M_union_H,True,eligible,3268,2,5,1,Ta|P|W|RH|Rs,F,1326,20,development
huc8_02070002,01595800,30,B_union_D,True,eligible,3268,2,5,1,Ta|P|W|RH|Rs,F,1142,20,development
huc8_02070002,01595800,30,B_union_D_union_M_union_H,True,eligible,3268,2,5,1,Ta|P|W|RH|Rs,F,1140,20,development
huc8_02070002,01595800,60,B_union_D,True,eligible,3268,2,5,1,Ta|P|W|RH|Rs,F,897,20,development
huc8_02070002,01595800,60,B_union_D_union_M_union_H,True,eligible,3268,2,5,1,Ta|P|W|RH|Rs,F,895,20,development
huc8_02070002,01595800,90,B_union_D,True,eligible,3268,2,5,1,Ta|P|W|RH|Rs,F,708,20,development
huc8_02070002,01595800,90,B_union_D_union_M_union_H,True,eligible,3268,2,5,1,Ta|P|W|RH|Rs,F,706,20,development
huc8_02070002,01595800,180,B_union_D,True,eligible,3268,2,5,1,Ta|P|W|RH|Rs,F,297,20,development
huc8_02070002,01595800,180,B_union_D_union_M_union_H,True,eligible,3268,2,5,1,Ta|P|W|RH|Rs,F,295,20,development
huc8_02070002,01595800,365,B_union_D,False,no_eligible_evaluation_windows,3268,2,5,1,Ta|P|W|RH|Rs,F,0,0,development
huc8_02070002,01595800,365,B_union_D_union_M_union_H,False,no_eligible_evaluation_windows,3268,2,5,1,Ta|P|W|RH|Rs,F,0,0,development
huc8_02070002,01596500,7,B_union_D,True,eligible,3294,2,5,1,Ta|P|W|RH|Rs,F,1415,20,development
huc8_02070002,01596500,7,B_union_D_union_M_union_H,True,eligible,3294,2,5,1,Ta|P|W|RH|Rs,F,1412,20,development
huc8_02070002,01596500,14,B_union_D,True,eligible,3294,2,5,1,Ta|P|W|RH|Rs,F,1318,20,development
huc8_02070002,01596500,14,B_union_D_union_M_union_H,True,eligible,3294,2,5,1,Ta|P|W|RH|Rs,F,1315,20,development
huc8_02070002,01596500,30,B_union_D,True,eligible,3294,2,5,1,Ta|P|W|RH|Rs,F,1137,20,development
huc8_02070002,01596500,30,B_union_D_union_M_union_H,True,eligible,3294,2,5,1,Ta|P|W|RH|Rs,F,1134,20,development
huc8_02070002,01596500,60,B_union_D,True,eligible,3294,2,5,1,Ta|P|W|RH|Rs,F,894,20,development
huc8_02070002,01596500,60,B_union_D_union_M_union_H,True,eligible,3294,2,5,1,Ta|P|W|RH|Rs,F,891,20,development
huc8_02070002,01596500,90,B_union_D,True,eligible,3294,2,5,1,Ta|P|W|RH|Rs,F,705,20,development
huc8_02070002,01596500,90,B_union_D_union_M_union_H,True,eligible,3294,2,5,1,Ta|P|W|RH|Rs,F,702,20,development
huc8_02070002,01596500,180,B_union_D,True,eligible,3294,2,5,1,Ta|P|W|RH|Rs,F,294,20,development
huc8_02070002,01596500,180,B_union_D_union_M_union_H,True,eligible,3294,2,5,1,Ta|P|W|RH|Rs,F,291,20,development
huc8_02070002,01596500,365,B_union_D,False,no_eligible_evaluation_windows,3294,2,5,1,Ta|P|W|RH|Rs,F,0,0,development
huc8_02070002,01596500,365,B_union_D_union_M_union_H,False,no_eligible_evaluation_windows,3294,2,5,1,Ta|P|W|RH|Rs,F,0,0,development
huc8_02070002,01597500,7,B_union_D,True,eligible,3374,2,5,1,Ta|P|W|RH|Rs,F,1427,20,development
huc8_02070002,01597500,7,B_union_D_union_M_union_H,True,eligible,3374,2,5,1,Ta|P|W|RH|Rs,F,1424,20,development
huc8_02070002,01597500,14,B_union_D,True,eligible,3374,2,5,1,Ta|P|W|RH|Rs,F,1329,20,development
huc8_02070002,01597500,14,B_union_D_union_M_union_H,True,eligible,3374,2,5,1,Ta|P|W|RH|Rs,F,1326,20,development
huc8_02070002,01597500,30,B_union_D,True,eligible,3374,2,5,1,Ta|P|W|RH|Rs,F,1144,20,development
huc8_02070002,01597500,30,B_union_D_union_M_union_H,True,eligible,3374,2,5,1,Ta|P|W|RH|Rs,F,1141,20,development
huc8_02070002,01597500,60,B_union_D,True,eligible,3374,2,5,1,Ta|P|W|RH|Rs,F,899,20,development
huc8_02070002,01597500,60,B_union_D_union_M_union_H,True,eligible,3374,2,5,1,Ta|P|W|RH|Rs,F,896,20,development
huc8_02070002,01597500,90,B_union_D,True,eligible,3374,2,5,1,Ta|P|W|RH|Rs,F,707,20,development
huc8_02070002,01597500,90,B_union_D_union_M_union_H,True,eligible,3374,2,5,1,Ta|P|W|RH|Rs,F,704,20,development
huc8_02070002,01597500,180,B_union_D,True,eligible,3374,2,5,1,Ta|P|W|RH|Rs,F,295,20,development
huc8_02070002,01597500,180,B_union_D_union_M_union_H,True,eligible,3374,2,5,1,Ta|P|W|RH|Rs,F,292,20,development
huc8_02070002,01597500,365,B_union_D,False,no_eligible_evaluation_windows,3374,2,5,1,Ta|P|W|RH|Rs,F,0,0,development
huc8_02070002,01597500,365,B_union_D_union_M_union_H,False,no_eligible_evaluation_windows,3374,2,5,1,Ta|P|W|RH|Rs,F,0,0,development
huc8_02070008,01646000,7,B_union_D,False,no_eligible_evaluation_windows,3328,2,5,1,Ta|P|W|RH|Rs,F,0,0,development
huc8_02070008,01646000,7,B_union_D_union_M_union_H,False,no_eligible_evaluation_windows,3328,2,5,1,Ta|P|W|RH|Rs,F,0,0,development
huc8_02070008,01646000,14,B_union_D,False,no_eligible_evaluation_windows,3328,2,5,1,Ta|P|W|RH|Rs,F,0,0,development
huc8_02070008,01646000,14,B_union_D_union_M_union_H,False,no_eligible_evaluation_windows,3328,2,5,1,Ta|P|W|RH|Rs,F,0,0,development
huc8_02070008,01646000,30,B_union_D,False,no_eligible_evaluation_windows,3328,2,5,1,Ta|P|W|RH|Rs,F,0,0,development
huc8_02070008,01646000,30,B_union_D_union_M_union_H,False,no_eligible_evaluation_windows,3328,2,5,1,Ta|P|W|RH|Rs,F,0,0,development
huc8_02070008,01646000,60,B_union_D,False,no_eligible_evaluation_windows,3328,2,5,1,Ta|P|W|RH|Rs,F,0,0,development
huc8_02070008,01646000,60,B_union_D_union_M_union_H,False,no_eligible_evaluation_windows,3328,2,5,1,Ta|P|W|RH|Rs,F,0,0,development
huc8_02070008,01646000,90,B_union_D,False,no_eligible_evaluation_windows,3328,2,5,1,Ta|P|W|RH|Rs,F,0,0,development
huc8_02070008,01646000,90,B_union_D_union_M_union_H,False,no_eligible_evaluation_windows,3328,2,5,1,Ta|P|W|RH|Rs,F,0,0,development
huc8_02070008,01646000,180,B_union_D,False,no_eligible_evaluation_windows,3328,2,5,1,Ta|P|W|RH|Rs,F,0,0,development
huc8_02070008,01646000,180,B_union_D_union_M_union_H,False,no_eligible_evaluation_windows,3328,2,5,1,Ta|P|W|RH|Rs,F,0,0,development
huc8_02070008,01646000,365,B_union_D,False,no_eligible_evaluation_windows,3328,2,5,1,Ta|P|W|RH|Rs,F,0,0,development
huc8_02070008,01646000,365,B_union_D_union_M_union_H,False,no_eligible_evaluation_windows,3328,2,5,1,Ta|P|W|RH|Rs,F,0,0,development
huc8_02070008,01646305,7,B_union_D,False,no_eligible_evaluation_windows,4287,2,5,1,Ta|P|W|RH|Rs,F,0,0,development
huc8_02070008,01646305,7,B_union_D_union_M_union_H,False,no_eligible_evaluation_windows,4287,2,5,1,Ta|P|W|RH|Rs,F,0,0,development
huc8_02070008,01646305,14,B_union_D,False,no_eligible_evaluation_windows,4287,2,5,1,Ta|P|W|RH|Rs,F,0,0,development
huc8_02070008,01646305,14,B_union_D_union_M_union_H,False,no_eligible_evaluation_windows,4287,2,5,1,Ta|P|W|RH|Rs,F,0,0,development
huc8_02070008,01646305,30,B_union_D,False,no_eligible_evaluation_windows,4287,2,5,1,Ta|P|W|RH|Rs,F,0,0,development
huc8_02070008,01646305,30,B_union_D_union_M_union_H,False,no_eligible_evaluation_windows,4287,2,5,1,Ta|P|W|RH|Rs,F,0,0,development
huc8_02070008,01646305,60,B_union_D,False,no_eligible_evaluation_windows,4287,2,5,1,Ta|P|W|RH|Rs,F,0,0,development
huc8_02070008,01646305,60,B_union_D_union_M_union_H,False,no_eligible_evaluation_windows,4287,2,5,1,Ta|P|W|RH|Rs,F,0,0,development
huc8_02070008,01646305,90,B_union_D,False,no_eligible_evaluation_windows,4287,2,5,1,Ta|P|W|RH|Rs,F,0,0,development
huc8_02070008,01646305,90,B_union_D_union_M_union_H,False,no_eligible_evaluation_windows,4287,2,5,1,Ta|P|W|RH|Rs,F,0,0,development
huc8_02070008,01646305,180,B_union_D,False,no_eligible_evaluation_windows,4287,2,5,1,Ta|P|W|RH|Rs,F,0,0,development
huc8_02070008,01646305,180,B_union_D_union_M_union_H,False,no_eligible_evaluation_windows,4287,2,5,1,Ta|P|W|RH|Rs,F,0,0,development
huc8_02070008,01646305,365,B_union_D,False,no_eligible_evaluation_windows,4287,2,5,1,Ta|P|W|RH|Rs,F,0,0,development
huc8_02070008,01646305,365,B_union_D_union_M_union_H,False,no_eligible_evaluation_windows,4287,2,5,1,Ta|P|W|RH|Rs,F,0,0,development
huc8_02070008,01646500,7,B_union_D,False,no_eligible_evaluation_windows,4816,2,5,1,Ta|P|W|RH|Rs,F,0,0,development
huc8_02070008,01646500,7,B_union_D_union_M_union_H,False,no_eligible_evaluation_windows,4816,2,5,1,Ta|P|W|RH|Rs,F,0,0,development
huc8_02070008,01646500,14,B_union_D,False,no_eligible_evaluation_windows,4816,2,5,1,Ta|P|W|RH|Rs,F,0,0,development
huc8_02070008,01646500,14,B_union_D_union_M_union_H,False,no_eligible_evaluation_windows,4816,2,5,1,Ta|P|W|RH|Rs,F,0,0,development
huc8_02070008,01646500,30,B_union_D,False,no_eligible_evaluation_windows,4816,2,5,1,Ta|P|W|RH|Rs,F,0,0,development
huc8_02070008,01646500,30,B_union_D_union_M_union_H,False,no_eligible_evaluation_windows,4816,2,5,1,Ta|P|W|RH|Rs,F,0,0,development
huc8_02070008,01646500,60,B_union_D,False,no_eligible_evaluation_windows,4816,2,5,1,Ta|P|W|RH|Rs,F,0,0,development
huc8_02070008,01646500,60,B_union_D_union_M_union_H,False,no_eligible_evaluation_windows,4816,2,5,1,Ta|P|W|RH|Rs,F,0,0,development
huc8_02070008,01646500,90,B_union_D,False,no_eligible_evaluation_windows,4816,2,5,1,Ta|P|W|RH|Rs,F,0,0,development
huc8_02070008,01646500,90,B_union_D_union_M_union_H,False,no_eligible_evaluation_windows,4816,2,5,1,Ta|P|W|RH|Rs,F,0,0,development
huc8_02070008,01646500,180,B_union_D,False,no_eligible_evaluation_windows,4816,2,5,1,Ta|P|W|RH|Rs,F,0,0,development
huc8_02070008,01646500,180,B_union_D_union_M_union_H,False,no_eligible_evaluation_windows,4816,2,5,1,Ta|P|W|RH|Rs,F,0,0,development
huc8_02070008,01646500,365,B_union_D,False,no_eligible_evaluation_windows,4816,2,5,1,Ta|P|W|RH|Rs,F,0,0,development
huc8_02070008,01646500,365,B_union_D_union_M_union_H,False,no_eligible_evaluation_windows,4816,2,5,1,Ta|P|W|RH|Rs,F,0,0,development
huc8_02070010,01649190,7,B_union_D,True,eligible,4306,3,5,1,Ta|P|W|RH|Rs,F,1033,20,development
huc8_02070010,01649190,7,B_union_D_union_M_union_H,True,eligible,4306,3,5,1,Ta|P|W|RH|Rs,F,1033,20,development
huc8_02070010,01649190,14,B_union_D,True,eligible,4306,3,5,1,Ta|P|W|RH|Rs,F,688,20,development
huc8_02070010,01649190,14,B_union_D_union_M_union_H,True,eligible,4306,3,5,1,Ta|P|W|RH|Rs,F,688,20,development
huc8_02070010,01649190,30,B_union_D,True,eligible,4306,3,5,1,Ta|P|W|RH|Rs,F,317,20,development
huc8_02070010,01649190,30,B_union_D_union_M_union_H,True,eligible,4306,3,5,1,Ta|P|W|RH|Rs,F,317,20,development
huc8_02070010,01649190,60,B_union_D,True,eligible,4306,3,5,1,Ta|P|W|RH|Rs,F,56,20,development
huc8_02070010,01649190,60,B_union_D_union_M_union_H,True,eligible,4306,3,5,1,Ta|P|W|RH|Rs,F,56,20,development
huc8_02070010,01649190,90,B_union_D,True,eligible,4306,3,5,1,Ta|P|W|RH|Rs,F,4,4,development
huc8_02070010,01649190,90,B_union_D_union_M_union_H,True,eligible,4306,3,5,1,Ta|P|W|RH|Rs,F,4,4,development
huc8_02070010,01649190,180,B_union_D,False,no_eligible_evaluation_windows,4306,3,5,1,Ta|P|W|RH|Rs,F,0,0,development
huc8_02070010,01649190,180,B_union_D_union_M_union_H,False,no_eligible_evaluation_windows,4306,3,5,1,Ta|P|W|RH|Rs,F,0,0,development
huc8_02070010,01649190,365,B_union_D,False,no_eligible_evaluation_windows,4306,3,5,1,Ta|P|W|RH|Rs,F,0,0,development
huc8_02070010,01649190,365,B_union_D_union_M_union_H,False,no_eligible_evaluation_windows,4306,3,5,1,Ta|P|W|RH|Rs,F,0,0,development
huc8_02070010,01649500,7,B_union_D,True,eligible,5375,3,5,1,Ta|P|W|RH|Rs,F,1058,20,development
huc8_02070010,01649500,7,B_union_D_union_M_union_H,True,eligible,5375,3,5,1,Ta|P|W|RH|Rs,F,1054,20,development
huc8_02070010,01649500,14,B_union_D,True,eligible,5375,3,5,1,Ta|P|W|RH|Rs,F,701,20,development
huc8_02070010,01649500,14,B_union_D_union_M_union_H,True,eligible,5375,3,5,1,Ta|P|W|RH|Rs,F,700,20,development
huc8_02070010,01649500,30,B_union_D,True,eligible,5375,3,5,1,Ta|P|W|RH|Rs,F,323,20,development
huc8_02070010,01649500,30,B_union_D_union_M_union_H,True,eligible,5375,3,5,1,Ta|P|W|RH|Rs,F,323,20,development
huc8_02070010,01649500,60,B_union_D,True,eligible,5375,3,5,1,Ta|P|W|RH|Rs,F,58,20,development
huc8_02070010,01649500,60,B_union_D_union_M_union_H,True,eligible,5375,3,5,1,Ta|P|W|RH|Rs,F,58,20,development
huc8_02070010,01649500,90,B_union_D,True,eligible,5375,3,5,1,Ta|P|W|RH|Rs,F,5,5,development
huc8_02070010,01649500,90,B_union_D_union_M_union_H,True,eligible,5375,3,5,1,Ta|P|W|RH|Rs,F,5,5,development
huc8_02070010,01649500,180,B_union_D,False,no_eligible_evaluation_windows,5375,3,5,1,Ta|P|W|RH|Rs,F,0,0,development
huc8_02070010,01649500,180,B_union_D_union_M_union_H,False,no_eligible_evaluation_windows,5375,3,5,1,Ta|P|W|RH|Rs,F,0,0,development
huc8_02070010,01649500,365,B_union_D,False,no_eligible_evaluation_windows,5375,3,5,1,Ta|P|W|RH|Rs,F,0,0,development
huc8_02070010,01649500,365,B_union_D_union_M_union_H,False,no_eligible_evaluation_windows,5375,3,5,1,Ta|P|W|RH|Rs,F,0,0,development
huc8_02070010,01654500,7,B_union_D,True,eligible,2432,3,5,1,Ta|P|W|RH|Rs,F,1011,20,development
huc8_02070010,01654500,7,B_union_D_union_M_union_H,True,eligible,2432,3,5,1,Ta|P|W|RH|Rs,F,1011,20,development
huc8_02070010,01654500,14,B_union_D,True,eligible,2432,3,5,1,Ta|P|W|RH|Rs,F,680,20,development
huc8_02070010,01654500,14,B_union_D_union_M_union_H,True,eligible,2432,3,5,1,Ta|P|W|RH|Rs,F,680,20,development
huc8_02070010,01654500,30,B_union_D,True,eligible,2432,3,5,1,Ta|P|W|RH|Rs,F,312,20,development
huc8_02070010,01654500,30,B_union_D_union_M_union_H,True,eligible,2432,3,5,1,Ta|P|W|RH|Rs,F,312,20,development
huc8_02070010,01654500,60,B_union_D,True,eligible,2432,3,5,1,Ta|P|W|RH|Rs,F,54,20,development
huc8_02070010,01654500,60,B_union_D_union_M_union_H,True,eligible,2432,3,5,1,Ta|P|W|RH|Rs,F,54,20,development
huc8_02070010,01654500,90,B_union_D,True,eligible,2432,3,5,1,Ta|P|W|RH|Rs,F,4,4,development
huc8_02070010,01654500,90,B_union_D_union_M_union_H,True,eligible,2432,3,5,1,Ta|P|W|RH|Rs,F,4,4,development
huc8_02070010,01654500,180,B_union_D,False,no_eligible_evaluation_windows,2432,3,5,1,Ta|P|W|RH|Rs,F,0,0,development
huc8_02070010,01654500,180,B_union_D_union_M_union_H,False,no_eligible_evaluation_windows,2432,3,5,1,Ta|P|W|RH|Rs,F,0,0,development
huc8_02070010,01654500,365,B_union_D,False,no_eligible_evaluation_windows,2432,3,5,1,Ta|P|W|RH|Rs,F,0,0,development
huc8_02070010,01654500,365,B_union_D_union_M_union_H,False,no_eligible_evaluation_windows,2432,3,5,1,Ta|P|W|RH|Rs,F,0,0,development
huc8_02070010,01656903,7,B_union_D,True,eligible,4350,3,5,1,Ta|P|W|RH|Rs,F,1058,20,development
huc8_02070010,01656903,7,B_union_D_union_M_union_H,True,eligible,4350,3,5,1,Ta|P|W|RH|Rs,F,1058,20,development
huc8_02070010,01656903,14,B_union_D,True,eligible,4350,3,5,1,Ta|P|W|RH|Rs,F,703,20,development
huc8_02070010,01656903,14,B_union_D_union_M_union_H,True,eligible,4350,3,5,1,Ta|P|W|RH|Rs,F,703,20,development
huc8_02070010,01656903,30,B_union_D,True,eligible,4350,3,5,1,Ta|P|W|RH|Rs,F,324,20,development
huc8_02070010,01656903,30,B_union_D_union_M_union_H,True,eligible,4350,3,5,1,Ta|P|W|RH|Rs,F,324,20,development
huc8_02070010,01656903,60,B_union_D,True,eligible,4350,3,5,1,Ta|P|W|RH|Rs,F,57,20,development
huc8_02070010,01656903,60,B_union_D_union_M_union_H,True,eligible,4350,3,5,1,Ta|P|W|RH|Rs,F,57,20,development
huc8_02070010,01656903,90,B_union_D,True,eligible,4350,3,5,1,Ta|P|W|RH|Rs,F,5,5,development
huc8_02070010,01656903,90,B_union_D_union_M_union_H,True,eligible,4350,3,5,1,Ta|P|W|RH|Rs,F,5,5,development
huc8_02070010,01656903,180,B_union_D,False,no_eligible_evaluation_windows,4350,3,5,1,Ta|P|W|RH|Rs,F,0,0,development
huc8_02070010,01656903,180,B_union_D_union_M_union_H,False,no_eligible_evaluation_windows,4350,3,5,1,Ta|P|W|RH|Rs,F,0,0,development
huc8_02070010,01656903,365,B_union_D,False,no_eligible_evaluation_windows,4350,3,5,1,Ta|P|W|RH|Rs,F,0,0,development
huc8_02070010,01656903,365,B_union_D_union_M_union_H,False,no_eligible_evaluation_windows,4350,3,5,1,Ta|P|W|RH|Rs,F,0,0,development
huc8_02080201,02011400,7,B_union_D,False,no_eligible_evaluation_windows,9620,6,5,1,Ta|P|W|RH|Rs,F,0,0,development
huc8_02080201,02011400,7,B_union_D_union_M_union_H,False,no_eligible_evaluation_windows,9620,6,5,1,Ta|P|W|RH|Rs,F,0,0,development
huc8_02080201,02011400,14,B_union_D,False,no_eligible_evaluation_windows,9620,6,5,1,Ta|P|W|RH|Rs,F,0,0,development
huc8_02080201,02011400,14,B_union_D_union_M_union_H,False,no_eligible_evaluation_windows,9620,6,5,1,Ta|P|W|RH|Rs,F,0,0,development
huc8_02080201,02011400,30,B_union_D,False,no_eligible_evaluation_windows,9620,6,5,1,Ta|P|W|RH|Rs,F,0,0,development
huc8_02080201,02011400,30,B_union_D_union_M_union_H,False,no_eligible_evaluation_windows,9620,6,5,1,Ta|P|W|RH|Rs,F,0,0,development
huc8_02080201,02011400,60,B_union_D,False,no_eligible_evaluation_windows,9620,6,5,1,Ta|P|W|RH|Rs,F,0,0,development
huc8_02080201,02011400,60,B_union_D_union_M_union_H,False,no_eligible_evaluation_windows,9620,6,5,1,Ta|P|W|RH|Rs,F,0,0,development
huc8_02080201,02011400,90,B_union_D,False,no_eligible_evaluation_windows,9620,6,5,1,Ta|P|W|RH|Rs,F,0,0,development
huc8_02080201,02011400,90,B_union_D_union_M_union_H,False,no_eligible_evaluation_windows,9620,6,5,1,Ta|P|W|RH|Rs,F,0,0,development
huc8_02080201,02011400,180,B_union_D,False,no_eligible_evaluation_windows,9620,6,5,1,Ta|P|W|RH|Rs,F,0,0,development
huc8_02080201,02011400,180,B_union_D_union_M_union_H,False,no_eligible_evaluation_windows,9620,6,5,1,Ta|P|W|RH|Rs,F,0,0,development
huc8_02080201,02011400,365,B_union_D,False,no_eligible_evaluation_windows,9620,6,5,1,Ta|P|W|RH|Rs,F,0,0,development
huc8_02080201,02011400,365,B_union_D_union_M_union_H,False,no_eligible_evaluation_windows,9620,6,5,1,Ta|P|W|RH|Rs,F,0,0,development
huc8_02080201,02011460,7,B_union_D,False,no_eligible_evaluation_windows,3969,6,5,1,Ta|P|W|RH|Rs,F,0,0,development
huc8_02080201,02011460,7,B_union_D_union_M_union_H,False,no_eligible_evaluation_windows,3969,6,5,1,Ta|P|W|RH|Rs,F,0,0,development
huc8_02080201,02011460,14,B_union_D,False,no_eligible_evaluation_windows,3969,6,5,1,Ta|P|W|RH|Rs,F,0,0,development
huc8_02080201,02011460,14,B_union_D_union_M_union_H,False,no_eligible_evaluation_windows,3969,6,5,1,Ta|P|W|RH|Rs,F,0,0,development
huc8_02080201,02011460,30,B_union_D,False,no_eligible_evaluation_windows,3969,6,5,1,Ta|P|W|RH|Rs,F,0,0,development
huc8_02080201,02011460,30,B_union_D_union_M_union_H,False,no_eligible_evaluation_windows,3969,6,5,1,Ta|P|W|RH|Rs,F,0,0,development
huc8_02080201,02011460,60,B_union_D,False,no_eligible_evaluation_windows,3969,6,5,1,Ta|P|W|RH|Rs,F,0,0,development
huc8_02080201,02011460,60,B_union_D_union_M_union_H,False,no_eligible_evaluation_windows,3969,6,5,1,Ta|P|W|RH|Rs,F,0,0,development
huc8_02080201,02011460,90,B_union_D,False,no_eligible_evaluation_windows,3969,6,5,1,Ta|P|W|RH|Rs,F,0,0,development
huc8_02080201,02011460,90,B_union_D_union_M_union_H,False,no_eligible_evaluation_windows,3969,6,5,1,Ta|P|W|RH|Rs,F,0,0,development
huc8_02080201,02011460,180,B_union_D,False,no_eligible_evaluation_windows,3969,6,5,1,Ta|P|W|RH|Rs,F,0,0,development
huc8_02080201,02011460,180,B_union_D_union_M_union_H,False,no_eligible_evaluation_windows,3969,6,5,1,Ta|P|W|RH|Rs,F,0,0,development
huc8_02080201,02011460,365,B_union_D,False,no_eligible_evaluation_windows,3969,6,5,1,Ta|P|W|RH|Rs,F,0,0,development
huc8_02080201,02011460,365,B_union_D_union_M_union_H,False,no_eligible_evaluation_windows,3969,6,5,1,Ta|P|W|RH|Rs,F,0,0,development
huc8_02080201,02011470,7,B_union_D,False,no_eligible_evaluation_windows,3730,6,5,1,Ta|P|W|RH|Rs,F,0,0,development
huc8_02080201,02011470,7,B_union_D_union_M_union_H,False,no_eligible_evaluation_windows,3730,6,5,1,Ta|P|W|RH|Rs,F,0,0,development
huc8_02080201,02011470,14,B_union_D,False,no_eligible_evaluation_windows,3730,6,5,1,Ta|P|W|RH|Rs,F,0,0,development
huc8_02080201,02011470,14,B_union_D_union_M_union_H,False,no_eligible_evaluation_windows,3730,6,5,1,Ta|P|W|RH|Rs,F,0,0,development
huc8_02080201,02011470,30,B_union_D,False,no_eligible_evaluation_windows,3730,6,5,1,Ta|P|W|RH|Rs,F,0,0,development
huc8_02080201,02011470,30,B_union_D_union_M_union_H,False,no_eligible_evaluation_windows,3730,6,5,1,Ta|P|W|RH|Rs,F,0,0,development
huc8_02080201,02011470,60,B_union_D,False,no_eligible_evaluation_windows,3730,6,5,1,Ta|P|W|RH|Rs,F,0,0,development
huc8_02080201,02011470,60,B_union_D_union_M_union_H,False,no_eligible_evaluation_windows,3730,6,5,1,Ta|P|W|RH|Rs,F,0,0,development
huc8_02080201,02011470,90,B_union_D,False,no_eligible_evaluation_windows,3730,6,5,1,Ta|P|W|RH|Rs,F,0,0,development
huc8_02080201,02011470,90,B_union_D_union_M_union_H,False,no_eligible_evaluation_windows,3730,6,5,1,Ta|P|W|RH|Rs,F,0,0,development
huc8_02080201,02011470,180,B_union_D,False,no_eligible_evaluation_windows,3730,6,5,1,Ta|P|W|RH|Rs,F,0,0,development
huc8_02080201,02011470,180,B_union_D_union_M_union_H,False,no_eligible_evaluation_windows,3730,6,5,1,Ta|P|W|RH|Rs,F,0,0,development
huc8_02080201,02011470,365,B_union_D,False,no_eligible_evaluation_windows,3730,6,5,1,Ta|P|W|RH|Rs,F,0,0,development
huc8_02080201,02011470,365,B_union_D_union_M_union_H,False,no_eligible_evaluation_windows,3730,6,5,1,Ta|P|W|RH|Rs,F,0,0,development
huc8_02080201,02011490,7,B_union_D,False,no_eligible_evaluation_windows,3732,6,5,1,Ta|P|W|RH|Rs,F,0,0,development
huc8_02080201,02011490,7,B_union_D_union_M_union_H,False,no_eligible_evaluation_windows,3732,6,5,1,Ta|P|W|RH|Rs,F,0,0,development
huc8_02080201,02011490,14,B_union_D,False,no_eligible_evaluation_windows,3732,6,5,1,Ta|P|W|RH|Rs,F,0,0,development
huc8_02080201,02011490,14,B_union_D_union_M_union_H,False,no_eligible_evaluation_windows,3732,6,5,1,Ta|P|W|RH|Rs,F,0,0,development
huc8_02080201,02011490,30,B_union_D,False,no_eligible_evaluation_windows,3732,6,5,1,Ta|P|W|RH|Rs,F,0,0,development
huc8_02080201,02011490,30,B_union_D_union_M_union_H,False,no_eligible_evaluation_windows,3732,6,5,1,Ta|P|W|RH|Rs,F,0,0,development
huc8_02080201,02011490,60,B_union_D,False,no_eligible_evaluation_windows,3732,6,5,1,Ta|P|W|RH|Rs,F,0,0,development
huc8_02080201,02011490,60,B_union_D_union_M_union_H,False,no_eligible_evaluation_windows,3732,6,5,1,Ta|P|W|RH|Rs,F,0,0,development
huc8_02080201,02011490,90,B_union_D,False,no_eligible_evaluation_windows,3732,6,5,1,Ta|P|W|RH|Rs,F,0,0,development
huc8_02080201,02011490,90,B_union_D_union_M_union_H,False,no_eligible_evaluation_windows,3732,6,5,1,Ta|P|W|RH|Rs,F,0,0,development
huc8_02080201,02011490,180,B_union_D,False,no_eligible_evaluation_windows,3732,6,5,1,Ta|P|W|RH|Rs,F,0,0,development
huc8_02080201,02011490,180,B_union_D_union_M_union_H,False,no_eligible_evaluation_windows,3732,6,5,1,Ta|P|W|RH|Rs,F,0,0,development
huc8_02080201,02011490,365,B_union_D,False,no_eligible_evaluation_windows,3732,6,5,1,Ta|P|W|RH|Rs,F,0,0,development
huc8_02080201,02011490,365,B_union_D_union_M_union_H,False,no_eligible_evaluation_windows,3732,6,5,1,Ta|P|W|RH|Rs,F,0,0,development
huc8_02080201,02011500,7,B_union_D,False,no_eligible_evaluation_windows,9115,6,5,1,Ta|P|W|RH|Rs,F,0,0,development
huc8_02080201,02011500,7,B_union_D_union_M_union_H,False,no_eligible_evaluation_windows,9115,6,5,1,Ta|P|W|RH|Rs,F,0,0,development
huc8_02080201,02011500,14,B_union_D,False,no_eligible_evaluation_windows,9115,6,5,1,Ta|P|W|RH|Rs,F,0,0,development
huc8_02080201,02011500,14,B_union_D_union_M_union_H,False,no_eligible_evaluation_windows,9115,6,5,1,Ta|P|W|RH|Rs,F,0,0,development
huc8_02080201,02011500,30,B_union_D,False,no_eligible_evaluation_windows,9115,6,5,1,Ta|P|W|RH|Rs,F,0,0,development
huc8_02080201,02011500,30,B_union_D_union_M_union_H,False,no_eligible_evaluation_windows,9115,6,5,1,Ta|P|W|RH|Rs,F,0,0,development
huc8_02080201,02011500,60,B_union_D,False,no_eligible_evaluation_windows,9115,6,5,1,Ta|P|W|RH|Rs,F,0,0,development
huc8_02080201,02011500,60,B_union_D_union_M_union_H,False,no_eligible_evaluation_windows,9115,6,5,1,Ta|P|W|RH|Rs,F,0,0,development
huc8_02080201,02011500,90,B_union_D,False,no_eligible_evaluation_windows,9115,6,5,1,Ta|P|W|RH|Rs,F,0,0,development
huc8_02080201,02011500,90,B_union_D_union_M_union_H,False,no_eligible_evaluation_windows,9115,6,5,1,Ta|P|W|RH|Rs,F,0,0,development
huc8_02080201,02011500,180,B_union_D,False,no_eligible_evaluation_windows,9115,6,5,1,Ta|P|W|RH|Rs,F,0,0,development
huc8_02080201,02011500,180,B_union_D_union_M_union_H,False,no_eligible_evaluation_windows,9115,6,5,1,Ta|P|W|RH|Rs,F,0,0,development
huc8_02080201,02011500,365,B_union_D,False,no_eligible_evaluation_windows,9115,6,5,1,Ta|P|W|RH|Rs,F,0,0,development
huc8_02080201,02011500,365,B_union_D_union_M_union_H,False,no_eligible_evaluation_windows,9115,6,5,1,Ta|P|W|RH|Rs,F,0,0,development
huc8_02080201,02011800,7,B_union_D,False,no_eligible_evaluation_windows,8550,6,5,1,Ta|P|W|RH|Rs,F,0,0,development
huc8_02080201,02011800,7,B_union_D_union_M_union_H,False,no_eligible_evaluation_windows,8550,6,5,1,Ta|P|W|RH|Rs,F,0,0,development
huc8_02080201,02011800,14,B_union_D,False,no_eligible_evaluation_windows,8550,6,5,1,Ta|P|W|RH|Rs,F,0,0,development
huc8_02080201,02011800,14,B_union_D_union_M_union_H,False,no_eligible_evaluation_windows,8550,6,5,1,Ta|P|W|RH|Rs,F,0,0,development
huc8_02080201,02011800,30,B_union_D,False,no_eligible_evaluation_windows,8550,6,5,1,Ta|P|W|RH|Rs,F,0,0,development
huc8_02080201,02011800,30,B_union_D_union_M_union_H,False,no_eligible_evaluation_windows,8550,6,5,1,Ta|P|W|RH|Rs,F,0,0,development
huc8_02080201,02011800,60,B_union_D,False,no_eligible_evaluation_windows,8550,6,5,1,Ta|P|W|RH|Rs,F,0,0,development
huc8_02080201,02011800,60,B_union_D_union_M_union_H,False,no_eligible_evaluation_windows,8550,6,5,1,Ta|P|W|RH|Rs,F,0,0,development
huc8_02080201,02011800,90,B_union_D,False,no_eligible_evaluation_windows,8550,6,5,1,Ta|P|W|RH|Rs,F,0,0,development
huc8_02080201,02011800,90,B_union_D_union_M_union_H,False,no_eligible_evaluation_windows,8550,6,5,1,Ta|P|W|RH|Rs,F,0,0,development
huc8_02080201,02011800,180,B_union_D,False,no_eligible_evaluation_windows,8550,6,5,1,Ta|P|W|RH|Rs,F,0,0,development
huc8_02080201,02011800,180,B_union_D_union_M_union_H,False,no_eligible_evaluation_windows,8550,6,5,1,Ta|P|W|RH|Rs,F,0,0,development
huc8_02080201,02011800,365,B_union_D,False,no_eligible_evaluation_windows,8550,6,5,1,Ta|P|W|RH|Rs,F,0,0,development
huc8_02080201,02011800,365,B_union_D_union_M_union_H,False,no_eligible_evaluation_windows,8550,6,5,1,Ta|P|W|RH|Rs,F,0,0,development
huc8_02080201,02012800,7,B_union_D,False,no_eligible_evaluation_windows,8477,6,5,0,Ta|P|W|RH|Rs,,0,0,development
huc8_02080201,02012800,7,B_union_D_union_M_union_H,False,no_hydraulics_with_minimum_training_days,8477,6,5,0,Ta|P|W|RH|Rs,,0,0,development
huc8_02080201,02012800,14,B_union_D,False,no_eligible_evaluation_windows,8477,6,5,0,Ta|P|W|RH|Rs,,0,0,development
huc8_02080201,02012800,14,B_union_D_union_M_union_H,False,no_hydraulics_with_minimum_training_days,8477,6,5,0,Ta|P|W|RH|Rs,,0,0,development
huc8_02080201,02012800,30,B_union_D,False,no_eligible_evaluation_windows,8477,6,5,0,Ta|P|W|RH|Rs,,0,0,development
huc8_02080201,02012800,30,B_union_D_union_M_union_H,False,no_hydraulics_with_minimum_training_days,8477,6,5,0,Ta|P|W|RH|Rs,,0,0,development
huc8_02080201,02012800,60,B_union_D,False,no_eligible_evaluation_windows,8477,6,5,0,Ta|P|W|RH|Rs,,0,0,development
huc8_02080201,02012800,60,B_union_D_union_M_union_H,False,no_hydraulics_with_minimum_training_days,8477,6,5,0,Ta|P|W|RH|Rs,,0,0,development
huc8_02080201,02012800,90,B_union_D,False,no_eligible_evaluation_windows,8477,6,5,0,Ta|P|W|RH|Rs,,0,0,development
huc8_02080201,02012800,90,B_union_D_union_M_union_H,False,no_hydraulics_with_minimum_training_days,8477,6,5,0,Ta|P|W|RH|Rs,,0,0,development
huc8_02080201,02012800,180,B_union_D,False,no_eligible_evaluation_windows,8477,6,5,0,Ta|P|W|RH|Rs,,0,0,development
huc8_02080201,02012800,180,B_union_D_union_M_union_H,False,no_hydraulics_with_minimum_training_days,8477,6,5,0,Ta|P|W|RH|Rs,,0,0,development
huc8_02080201,02012800,365,B_union_D,False,no_eligible_evaluation_windows,8477,6,5,0,Ta|P|W|RH|Rs,,0,0,development
huc8_02080201,02012800,365,B_union_D_union_M_union_H,False,no_hydraulics_with_minimum_training_days,8477,6,5,0,Ta|P|W|RH|Rs,,0,0,development
huc8_03070101,02217274,7,B_union_D,True,eligible,6317,2,5,2,Ta|P|W|RH|Rs,F|L,2406,20,development
huc8_03070101,02217274,7,B_union_D_union_M_union_H,True,eligible,6317,2,5,2,Ta|P|W|RH|Rs,F|L,2169,20,development
huc8_03070101,02217274,14,B_union_D,True,eligible,6317,2,5,2,Ta|P|W|RH|Rs,F|L,2301,20,development
huc8_03070101,02217274,14,B_union_D_union_M_union_H,True,eligible,6317,2,5,2,Ta|P|W|RH|Rs,F|L,2050,20,development
huc8_03070101,02217274,30,B_union_D,True,eligible,6317,2,5,2,Ta|P|W|RH|Rs,F|L,2075,20,development
huc8_03070101,02217274,30,B_union_D_union_M_union_H,True,eligible,6317,2,5,2,Ta|P|W|RH|Rs,F|L,1804,20,development
huc8_03070101,02217274,60,B_union_D,True,eligible,6317,2,5,2,Ta|P|W|RH|Rs,F|L,1791,20,development
huc8_03070101,02217274,60,B_union_D_union_M_union_H,True,eligible,6317,2,5,2,Ta|P|W|RH|Rs,F|L,1478,20,development
huc8_03070101,02217274,90,B_union_D,True,eligible,6317,2,5,2,Ta|P|W|RH|Rs,F|L,1550,20,development
huc8_03070101,02217274,90,B_union_D_union_M_union_H,True,eligible,6317,2,5,2,Ta|P|W|RH|Rs,F|L,1225,20,development
huc8_03070101,02217274,180,B_union_D,True,eligible,6317,2,5,2,Ta|P|W|RH|Rs,F|L,1022,20,development
huc8_03070101,02217274,180,B_union_D_union_M_union_H,True,eligible,6317,2,5,2,Ta|P|W|RH|Rs,F|L,790,20,development
huc8_03070101,02217274,365,B_union_D,True,eligible,6317,2,5,2,Ta|P|W|RH|Rs,F|L,349,20,development
huc8_03070101,02217274,365,B_union_D_union_M_union_H,True,eligible,6317,2,5,2,Ta|P|W|RH|Rs,F|L,117,20,development
huc8_03070101,02217643,7,B_union_D,True,eligible,2194,2,5,2,Ta|P|W|RH|Rs,F|L,2392,20,development
huc8_03070101,02217643,7,B_union_D_union_M_union_H,True,eligible,2194,2,5,2,Ta|P|W|RH|Rs,F|L,2282,20,development
huc8_03070101,02217643,14,B_union_D,True,eligible,2194,2,5,2,Ta|P|W|RH|Rs,F|L,2287,20,development
huc8_03070101,02217643,14,B_union_D_union_M_union_H,True,eligible,2194,2,5,2,Ta|P|W|RH|Rs,F|L,2143,20,development
huc8_03070101,02217643,30,B_union_D,True,eligible,2194,2,5,2,Ta|P|W|RH|Rs,F|L,2066,20,development
huc8_03070101,02217643,30,B_union_D_union_M_union_H,True,eligible,2194,2,5,2,Ta|P|W|RH|Rs,F|L,1881,20,development
huc8_03070101,02217643,60,B_union_D,True,eligible,2194,2,5,2,Ta|P|W|RH|Rs,F|L,1785,20,development
huc8_03070101,02217643,60,B_union_D_union_M_union_H,True,eligible,2194,2,5,2,Ta|P|W|RH|Rs,F|L,1573,20,development
huc8_03070101,02217643,90,B_union_D,True,eligible,2194,2,5,2,Ta|P|W|RH|Rs,F|L,1545,20,development
huc8_03070101,02217643,90,B_union_D_union_M_union_H,True,eligible,2194,2,5,2,Ta|P|W|RH|Rs,F|L,1363,20,development
huc8_03070101,02217643,180,B_union_D,True,eligible,2194,2,5,2,Ta|P|W|RH|Rs,F|L,1020,20,development
huc8_03070101,02217643,180,B_union_D_union_M_union_H,True,eligible,2194,2,5,2,Ta|P|W|RH|Rs,F|L,840,20,development
huc8_03070101,02217643,365,B_union_D,True,eligible,2194,2,5,2,Ta|P|W|RH|Rs,F|L,347,20,development
huc8_03070101,02217643,365,B_union_D_union_M_union_H,True,eligible,2194,2,5,2,Ta|P|W|RH|Rs,F|L,267,20,development
huc8_03070101,02218565,7,B_union_D,True,eligible,6256,2,5,2,Ta|P|W|RH|Rs,F|L,2397,20,development
huc8_03070101,02218565,7,B_union_D_union_M_union_H,True,eligible,6256,2,5,2,Ta|P|W|RH|Rs,F|L,2222,20,development
huc8_03070101,02218565,14,B_union_D,True,eligible,6256,2,5,2,Ta|P|W|RH|Rs,F|L,2292,20,development
huc8_03070101,02218565,14,B_union_D_union_M_union_H,True,eligible,6256,2,5,2,Ta|P|W|RH|Rs,F|L,2102,20,development
huc8_03070101,02218565,30,B_union_D,True,eligible,6256,2,5,2,Ta|P|W|RH|Rs,F|L,2070,20,development
huc8_03070101,02218565,30,B_union_D_union_M_union_H,True,eligible,6256,2,5,2,Ta|P|W|RH|Rs,F|L,1859,20,development
huc8_03070101,02218565,60,B_union_D,True,eligible,6256,2,5,2,Ta|P|W|RH|Rs,F|L,1786,20,development
huc8_03070101,02218565,60,B_union_D_union_M_union_H,True,eligible,6256,2,5,2,Ta|P|W|RH|Rs,F|L,1584,20,development
huc8_03070101,02218565,90,B_union_D,True,eligible,6256,2,5,2,Ta|P|W|RH|Rs,F|L,1545,20,development
huc8_03070101,02218565,90,B_union_D_union_M_union_H,True,eligible,6256,2,5,2,Ta|P|W|RH|Rs,F|L,1373,20,development
huc8_03070101,02218565,180,B_union_D,True,eligible,6256,2,5,2,Ta|P|W|RH|Rs,F|L,1022,20,development
huc8_03070101,02218565,180,B_union_D_union_M_union_H,True,eligible,6256,2,5,2,Ta|P|W|RH|Rs,F|L,984,20,development
huc8_03070101,02218565,365,B_union_D,True,eligible,6256,2,5,2,Ta|P|W|RH|Rs,F|L,348,20,development
huc8_03070101,02218565,365,B_union_D_union_M_union_H,True,eligible,6256,2,5,2,Ta|P|W|RH|Rs,F|L,348,20,development
huc8_04020105,04043097,7,B_union_D,True,eligible,1545,2,5,1,Ta|P|W|RH|Rs,F,2366,20,development
huc8_04020105,04043097,7,B_union_D_union_M_union_H,True,eligible,1545,2,5,1,Ta|P|W|RH|Rs,F,2366,20,development
huc8_04020105,04043097,14,B_union_D,True,eligible,1545,2,5,1,Ta|P|W|RH|Rs,F,2303,20,development
huc8_04020105,04043097,14,B_union_D_union_M_union_H,True,eligible,1545,2,5,1,Ta|P|W|RH|Rs,F,2303,20,development
huc8_04020105,04043097,30,B_union_D,True,eligible,1545,2,5,1,Ta|P|W|RH|Rs,F,2159,20,development
huc8_04020105,04043097,30,B_union_D_union_M_union_H,True,eligible,1545,2,5,1,Ta|P|W|RH|Rs,F,2159,20,development
huc8_04020105,04043097,60,B_union_D,True,eligible,1545,2,5,1,Ta|P|W|RH|Rs,F,1927,20,development
huc8_04020105,04043097,60,B_union_D_union_M_union_H,True,eligible,1545,2,5,1,Ta|P|W|RH|Rs,F,1927,20,development
huc8_04020105,04043097,90,B_union_D,True,eligible,1545,2,5,1,Ta|P|W|RH|Rs,F,1717,20,development
huc8_04020105,04043097,90,B_union_D_union_M_union_H,True,eligible,1545,2,5,1,Ta|P|W|RH|Rs,F,1717,20,development
huc8_04020105,04043097,180,B_union_D,True,eligible,1545,2,5,1,Ta|P|W|RH|Rs,F,1171,20,development
huc8_04020105,04043097,180,B_union_D_union_M_union_H,True,eligible,1545,2,5,1,Ta|P|W|RH|Rs,F,1171,20,development
huc8_04020105,04043097,365,B_union_D,True,eligible,1545,2,5,1,Ta|P|W|RH|Rs,F,464,20,development
huc8_04020105,04043097,365,B_union_D_union_M_union_H,True,eligible,1545,2,5,1,Ta|P|W|RH|Rs,F,464,20,development
huc8_04020105,04043238,7,B_union_D,True,eligible,5011,2,5,1,Ta|P|W|RH|Rs,F,2365,20,development
huc8_04020105,04043238,7,B_union_D_union_M_union_H,True,eligible,5011,2,5,1,Ta|P|W|RH|Rs,F,2365,20,development
huc8_04020105,04043238,14,B_union_D,True,eligible,5011,2,5,1,Ta|P|W|RH|Rs,F,2302,20,development
huc8_04020105,04043238,14,B_union_D_union_M_union_H,True,eligible,5011,2,5,1,Ta|P|W|RH|Rs,F,2302,20,development
huc8_04020105,04043238,30,B_union_D,True,eligible,5011,2,5,1,Ta|P|W|RH|Rs,F,2158,20,development
huc8_04020105,04043238,30,B_union_D_union_M_union_H,True,eligible,5011,2,5,1,Ta|P|W|RH|Rs,F,2158,20,development
huc8_04020105,04043238,60,B_union_D,True,eligible,5011,2,5,1,Ta|P|W|RH|Rs,F,1926,20,development
huc8_04020105,04043238,60,B_union_D_union_M_union_H,True,eligible,5011,2,5,1,Ta|P|W|RH|Rs,F,1926,20,development
huc8_04020105,04043238,90,B_union_D,True,eligible,5011,2,5,1,Ta|P|W|RH|Rs,F,1716,20,development
huc8_04020105,04043238,90,B_union_D_union_M_union_H,True,eligible,5011,2,5,1,Ta|P|W|RH|Rs,F,1716,20,development
huc8_04020105,04043238,180,B_union_D,True,eligible,5011,2,5,1,Ta|P|W|RH|Rs,F,1172,20,development
huc8_04020105,04043238,180,B_union_D_union_M_union_H,True,eligible,5011,2,5,1,Ta|P|W|RH|Rs,F,1172,20,development
huc8_04020105,04043238,365,B_union_D,True,eligible,5011,2,5,1,Ta|P|W|RH|Rs,F,464,20,development
huc8_04020105,04043238,365,B_union_D_union_M_union_H,True,eligible,5011,2,5,1,Ta|P|W|RH|Rs,F,464,20,development
huc8_04020105,04043244,7,B_union_D,True,eligible,4706,2,5,1,Ta|P|W|RH|Rs,F,2365,20,development
huc8_04020105,04043244,7,B_union_D_union_M_union_H,True,eligible,4706,2,5,1,Ta|P|W|RH|Rs,F,2365,20,development
huc8_04020105,04043244,14,B_union_D,True,eligible,4706,2,5,1,Ta|P|W|RH|Rs,F,2302,20,development
huc8_04020105,04043244,14,B_union_D_union_M_union_H,True,eligible,4706,2,5,1,Ta|P|W|RH|Rs,F,2302,20,development
huc8_04020105,04043244,30,B_union_D,True,eligible,4706,2,5,1,Ta|P|W|RH|Rs,F,2158,20,development
huc8_04020105,04043244,30,B_union_D_union_M_union_H,True,eligible,4706,2,5,1,Ta|P|W|RH|Rs,F,2158,20,development
huc8_04020105,04043244,60,B_union_D,True,eligible,4706,2,5,1,Ta|P|W|RH|Rs,F,1926,20,development
huc8_04020105,04043244,60,B_union_D_union_M_union_H,True,eligible,4706,2,5,1,Ta|P|W|RH|Rs,F,1926,20,development
huc8_04020105,04043244,90,B_union_D,True,eligible,4706,2,5,1,Ta|P|W|RH|Rs,F,1716,20,development
huc8_04020105,04043244,90,B_union_D_union_M_union_H,True,eligible,4706,2,5,1,Ta|P|W|RH|Rs,F,1716,20,development
huc8_04020105,04043244,180,B_union_D,True,eligible,4706,2,5,1,Ta|P|W|RH|Rs,F,1170,20,development
huc8_04020105,04043244,180,B_union_D_union_M_union_H,True,eligible,4706,2,5,1,Ta|P|W|RH|Rs,F,1170,20,development
huc8_04020105,04043244,365,B_union_D,True,eligible,4706,2,5,1,Ta|P|W|RH|Rs,F,463,20,development
huc8_04020105,04043244,365,B_union_D_union_M_union_H,True,eligible,4706,2,5,1,Ta|P|W|RH|Rs,F,463,20,development
huc8_04040003,040871473,7,B_union_D,True,eligible,4917,2,5,1,Ta|P|W|RH|Rs,F,243,20,development
huc8_04040003,040871473,7,B_union_D_union_M_union_H,True,eligible,4917,2,5,1,Ta|P|W|RH|Rs,F,243,20,development
huc8_04040003,040871473,14,B_union_D,True,eligible,4917,2,5,1,Ta|P|W|RH|Rs,F,222,20,development
huc8_04040003,040871473,14,B_union_D_union_M_union_H,True,eligible,4917,2,5,1,Ta|P|W|RH|Rs,F,222,20,development
huc8_04040003,040871473,30,B_union_D,True,eligible,4917,2,5,1,Ta|P|W|RH|Rs,F,174,20,development
huc8_04040003,040871473,30,B_union_D_union_M_union_H,True,eligible,4917,2,5,1,Ta|P|W|RH|Rs,F,174,20,development
huc8_04040003,040871473,60,B_union_D,True,eligible,4917,2,5,1,Ta|P|W|RH|Rs,F,106,20,development
huc8_04040003,040871473,60,B_union_D_union_M_union_H,True,eligible,4917,2,5,1,Ta|P|W|RH|Rs,F,106,20,development
huc8_04040003,040871473,90,B_union_D,True,eligible,4917,2,5,1,Ta|P|W|RH|Rs,F,52,20,development
huc8_04040003,040871473,90,B_union_D_union_M_union_H,True,eligible,4917,2,5,1,Ta|P|W|RH|Rs,F,52,20,development
huc8_04040003,040871473,180,B_union_D,False,no_eligible_evaluation_windows,4917,2,5,1,Ta|P|W|RH|Rs,F,0,0,development
huc8_04040003,040871473,180,B_union_D_union_M_union_H,False,no_eligible_evaluation_windows,4917,2,5,1,Ta|P|W|RH|Rs,F,0,0,development
huc8_04040003,040871473,365,B_union_D,False,no_eligible_evaluation_windows,4917,2,5,1,Ta|P|W|RH|Rs,F,0,0,development
huc8_04040003,040871473,365,B_union_D_union_M_union_H,False,no_eligible_evaluation_windows,4917,2,5,1,Ta|P|W|RH|Rs,F,0,0,development
huc8_04040003,040871475,7,B_union_D,True,eligible,4858,2,5,1,Ta|P|W|RH|Rs,F,244,20,development
huc8_04040003,040871475,7,B_union_D_union_M_union_H,True,eligible,4858,2,5,1,Ta|P|W|RH|Rs,F,244,20,development
huc8_04040003,040871475,14,B_union_D,True,eligible,4858,2,5,1,Ta|P|W|RH|Rs,F,223,20,development
huc8_04040003,040871475,14,B_union_D_union_M_union_H,True,eligible,4858,2,5,1,Ta|P|W|RH|Rs,F,223,20,development
huc8_04040003,040871475,30,B_union_D,True,eligible,4858,2,5,1,Ta|P|W|RH|Rs,F,175,20,development
huc8_04040003,040871475,30,B_union_D_union_M_union_H,True,eligible,4858,2,5,1,Ta|P|W|RH|Rs,F,175,20,development
huc8_04040003,040871475,60,B_union_D,True,eligible,4858,2,5,1,Ta|P|W|RH|Rs,F,107,20,development
huc8_04040003,040871475,60,B_union_D_union_M_union_H,True,eligible,4858,2,5,1,Ta|P|W|RH|Rs,F,107,20,development
huc8_04040003,040871475,90,B_union_D,True,eligible,4858,2,5,1,Ta|P|W|RH|Rs,F,53,20,development
huc8_04040003,040871475,90,B_union_D_union_M_union_H,True,eligible,4858,2,5,1,Ta|P|W|RH|Rs,F,53,20,development
huc8_04040003,040871475,180,B_union_D,False,no_eligible_evaluation_windows,4858,2,5,1,Ta|P|W|RH|Rs,F,0,0,development
huc8_04040003,040871475,180,B_union_D_union_M_union_H,False,no_eligible_evaluation_windows,4858,2,5,1,Ta|P|W|RH|Rs,F,0,0,development
huc8_04040003,040871475,365,B_union_D,False,no_eligible_evaluation_windows,4858,2,5,1,Ta|P|W|RH|Rs,F,0,0,development
huc8_04040003,040871475,365,B_union_D_union_M_union_H,False,no_eligible_evaluation_windows,4858,2,5,1,Ta|P|W|RH|Rs,F,0,0,development
huc8_04040003,040871488,7,B_union_D,True,eligible,4661,2,5,1,Ta|P|W|RH|Rs,F,246,20,development
huc8_04040003,040871488,7,B_union_D_union_M_union_H,True,eligible,4661,2,5,1,Ta|P|W|RH|Rs,F,246,20,development
huc8_04040003,040871488,14,B_union_D,True,eligible,4661,2,5,1,Ta|P|W|RH|Rs,F,225,20,development
huc8_04040003,040871488,14,B_union_D_union_M_union_H,True,eligible,4661,2,5,1,Ta|P|W|RH|Rs,F,225,20,development
huc8_04040003,040871488,30,B_union_D,True,eligible,4661,2,5,1,Ta|P|W|RH|Rs,F,177,20,development
huc8_04040003,040871488,30,B_union_D_union_M_union_H,True,eligible,4661,2,5,1,Ta|P|W|RH|Rs,F,177,20,development
huc8_04040003,040871488,60,B_union_D,True,eligible,4661,2,5,1,Ta|P|W|RH|Rs,F,108,20,development
huc8_04040003,040871488,60,B_union_D_union_M_union_H,True,eligible,4661,2,5,1,Ta|P|W|RH|Rs,F,108,20,development
huc8_04040003,040871488,90,B_union_D,True,eligible,4661,2,5,1,Ta|P|W|RH|Rs,F,53,20,development
huc8_04040003,040871488,90,B_union_D_union_M_union_H,True,eligible,4661,2,5,1,Ta|P|W|RH|Rs,F,53,20,development
huc8_04040003,040871488,180,B_union_D,False,no_eligible_evaluation_windows,4661,2,5,1,Ta|P|W|RH|Rs,F,0,0,development
huc8_04040003,040871488,180,B_union_D_union_M_union_H,False,no_eligible_evaluation_windows,4661,2,5,1,Ta|P|W|RH|Rs,F,0,0,development
huc8_04040003,040871488,365,B_union_D,False,no_eligible_evaluation_windows,4661,2,5,1,Ta|P|W|RH|Rs,F,0,0,development
huc8_04040003,040871488,365,B_union_D_union_M_union_H,False,no_eligible_evaluation_windows,4661,2,5,1,Ta|P|W|RH|Rs,F,0,0,development
huc8_04060102,04121650,7,B_union_D,False,no_eligible_evaluation_windows,6283,4,5,1,Ta|P|W|RH|Rs,F,2992,0,development
huc8_04060102,04121650,7,B_union_D_union_M_union_H,False,no_eligible_evaluation_windows,6283,4,5,1,Ta|P|W|RH|Rs,F,0,0,development
huc8_04060102,04121650,14,B_union_D,False,no_eligible_evaluation_windows,6283,4,5,1,Ta|P|W|RH|Rs,F,2802,0,development
huc8_04060102,04121650,14,B_union_D_union_M_union_H,False,no_eligible_evaluation_windows,6283,4,5,1,Ta|P|W|RH|Rs,F,0,0,development
huc8_04060102,04121650,30,B_union_D,False,no_eligible_evaluation_windows,6283,4,5,1,Ta|P|W|RH|Rs,F,2408,0,development
huc8_04060102,04121650,30,B_union_D_union_M_union_H,False,no_eligible_evaluation_windows,6283,4,5,1,Ta|P|W|RH|Rs,F,0,0,development
huc8_04060102,04121650,60,B_union_D,False,no_eligible_evaluation_windows,6283,4,5,1,Ta|P|W|RH|Rs,F,1874,0,development
huc8_04060102,04121650,60,B_union_D_union_M_union_H,False,no_eligible_evaluation_windows,6283,4,5,1,Ta|P|W|RH|Rs,F,0,0,development
huc8_04060102,04121650,90,B_union_D,False,no_eligible_evaluation_windows,6283,4,5,1,Ta|P|W|RH|Rs,F,1462,0,development
huc8_04060102,04121650,90,B_union_D_union_M_union_H,False,no_eligible_evaluation_windows,6283,4,5,1,Ta|P|W|RH|Rs,F,0,0,development
huc8_04060102,04121650,180,B_union_D,False,no_eligible_evaluation_windows,6283,4,5,1,Ta|P|W|RH|Rs,F,712,0,development
huc8_04060102,04121650,180,B_union_D_union_M_union_H,False,no_eligible_evaluation_windows,6283,4,5,1,Ta|P|W|RH|Rs,F,0,0,development
huc8_04060102,04121650,365,B_union_D,False,no_eligible_evaluation_windows,6283,4,5,1,Ta|P|W|RH|Rs,F,32,0,development
huc8_04060102,04121650,365,B_union_D_union_M_union_H,False,no_eligible_evaluation_windows,6283,4,5,1,Ta|P|W|RH|Rs,F,0,0,development
huc8_04060102,04121660,7,B_union_D,True,eligible,7668,4,5,0,Ta|P|W|RH|Rs,,2979,20,development
huc8_04060102,04121660,7,B_union_D_union_M_union_H,False,no_hydraulics_with_minimum_training_days,7668,4,5,0,Ta|P|W|RH|Rs,,0,0,development
huc8_04060102,04121660,14,B_union_D,True,eligible,7668,4,5,0,Ta|P|W|RH|Rs,,2790,20,development
huc8_04060102,04121660,14,B_union_D_union_M_union_H,False,no_hydraulics_with_minimum_training_days,7668,4,5,0,Ta|P|W|RH|Rs,,0,0,development
huc8_04060102,04121660,30,B_union_D,True,eligible,7668,4,5,0,Ta|P|W|RH|Rs,,2399,20,development
huc8_04060102,04121660,30,B_union_D_union_M_union_H,False,no_hydraulics_with_minimum_training_days,7668,4,5,0,Ta|P|W|RH|Rs,,0,0,development
huc8_04060102,04121660,60,B_union_D,True,eligible,7668,4,5,0,Ta|P|W|RH|Rs,,1869,20,development
huc8_04060102,04121660,60,B_union_D_union_M_union_H,False,no_hydraulics_with_minimum_training_days,7668,4,5,0,Ta|P|W|RH|Rs,,0,0,development
huc8_04060102,04121660,90,B_union_D,True,eligible,7668,4,5,0,Ta|P|W|RH|Rs,,1458,20,development
huc8_04060102,04121660,90,B_union_D_union_M_union_H,False,no_hydraulics_with_minimum_training_days,7668,4,5,0,Ta|P|W|RH|Rs,,0,0,development
huc8_04060102,04121660,180,B_union_D,True,eligible,7668,4,5,0,Ta|P|W|RH|Rs,,711,20,development
huc8_04060102,04121660,180,B_union_D_union_M_union_H,False,no_hydraulics_with_minimum_training_days,7668,4,5,0,Ta|P|W|RH|Rs,,0,0,development
huc8_04060102,04121660,365,B_union_D,True,eligible,7668,4,5,0,Ta|P|W|RH|Rs,,32,20,development
huc8_04060102,04121660,365,B_union_D_union_M_union_H,False,no_hydraulics_with_minimum_training_days,7668,4,5,0,Ta|P|W|RH|Rs,,0,0,development
huc8_04060102,04121680,7,B_union_D,True,eligible,7616,4,5,0,Ta|P|W|RH|Rs,,2980,20,development
huc8_04060102,04121680,7,B_union_D_union_M_union_H,False,no_hydraulics_with_minimum_training_days,7616,4,5,0,Ta|P|W|RH|Rs,,0,0,development
huc8_04060102,04121680,14,B_union_D,True,eligible,7616,4,5,0,Ta|P|W|RH|Rs,,2790,20,development
huc8_04060102,04121680,14,B_union_D_union_M_union_H,False,no_hydraulics_with_minimum_training_days,7616,4,5,0,Ta|P|W|RH|Rs,,0,0,development
huc8_04060102,04121680,30,B_union_D,True,eligible,7616,4,5,0,Ta|P|W|RH|Rs,,2395,20,development
huc8_04060102,04121680,30,B_union_D_union_M_union_H,False,no_hydraulics_with_minimum_training_days,7616,4,5,0,Ta|P|W|RH|Rs,,0,0,development
huc8_04060102,04121680,60,B_union_D,True,eligible,7616,4,5,0,Ta|P|W|RH|Rs,,1862,20,development
huc8_04060102,04121680,60,B_union_D_union_M_union_H,False,no_hydraulics_with_minimum_training_days,7616,4,5,0,Ta|P|W|RH|Rs,,0,0,development
huc8_04060102,04121680,90,B_union_D,True,eligible,7616,4,5,0,Ta|P|W|RH|Rs,,1451,20,development
huc8_04060102,04121680,90,B_union_D_union_M_union_H,False,no_hydraulics_with_minimum_training_days,7616,4,5,0,Ta|P|W|RH|Rs,,0,0,development
huc8_04060102,04121680,180,B_union_D,True,eligible,7616,4,5,0,Ta|P|W|RH|Rs,,707,20,development
huc8_04060102,04121680,180,B_union_D_union_M_union_H,False,no_hydraulics_with_minimum_training_days,7616,4,5,0,Ta|P|W|RH|Rs,,0,0,development
huc8_04060102,04121680,365,B_union_D,True,eligible,7616,4,5,0,Ta|P|W|RH|Rs,,31,20,development
huc8_04060102,04121680,365,B_union_D_union_M_union_H,False,no_hydraulics_with_minimum_training_days,7616,4,5,0,Ta|P|W|RH|Rs,,0,0,development
huc8_04060102,04121944,7,B_union_D,True,eligible,7526,4,5,1,Ta|P|W|RH|Rs,F,2989,20,development
huc8_04060102,04121944,7,B_union_D_union_M_union_H,True,eligible,7526,4,5,1,Ta|P|W|RH|Rs,F,2864,20,development
huc8_04060102,04121944,14,B_union_D,True,eligible,7526,4,5,1,Ta|P|W|RH|Rs,F,2799,20,development
huc8_04060102,04121944,14,B_union_D_union_M_union_H,True,eligible,7526,4,5,1,Ta|P|W|RH|Rs,F,2695,20,development
huc8_04060102,04121944,30,B_union_D,True,eligible,7526,4,5,1,Ta|P|W|RH|Rs,F,2405,20,development
huc8_04060102,04121944,30,B_union_D_union_M_union_H,True,eligible,7526,4,5,1,Ta|P|W|RH|Rs,F,2344,20,development
huc8_04060102,04121944,60,B_union_D,True,eligible,7526,4,5,1,Ta|P|W|RH|Rs,F,1870,20,development
huc8_04060102,04121944,60,B_union_D_union_M_union_H,True,eligible,7526,4,5,1,Ta|P|W|RH|Rs,F,1862,20,development
huc8_04060102,04121944,90,B_union_D,True,eligible,7526,4,5,1,Ta|P|W|RH|Rs,F,1459,20,development
huc8_04060102,04121944,90,B_union_D_union_M_union_H,True,eligible,7526,4,5,1,Ta|P|W|RH|Rs,F,1459,20,development
huc8_04060102,04121944,180,B_union_D,True,eligible,7526,4,5,1,Ta|P|W|RH|Rs,F,711,20,development
huc8_04060102,04121944,180,B_union_D_union_M_union_H,True,eligible,7526,4,5,1,Ta|P|W|RH|Rs,F,711,20,development
huc8_04060102,04121944,365,B_union_D,True,eligible,7526,4,5,1,Ta|P|W|RH|Rs,F,31,20,development
huc8_04060102,04121944,365,B_union_D_union_M_union_H,True,eligible,7526,4,5,1,Ta|P|W|RH|Rs,F,31,20,development
huc8_04060102,04121970,7,B_union_D,True,eligible,7925,4,5,1,Ta|P|W|RH|Rs,F,2989,20,development
huc8_04060102,04121970,7,B_union_D_union_M_union_H,True,eligible,7925,4,5,1,Ta|P|W|RH|Rs,F,2864,20,development
huc8_04060102,04121970,14,B_union_D,True,eligible,7925,4,5,1,Ta|P|W|RH|Rs,F,2800,20,development
huc8_04060102,04121970,14,B_union_D_union_M_union_H,True,eligible,7925,4,5,1,Ta|P|W|RH|Rs,F,2696,20,development
huc8_04060102,04121970,30,B_union_D,True,eligible,7925,4,5,1,Ta|P|W|RH|Rs,F,2408,20,development
huc8_04060102,04121970,30,B_union_D_union_M_union_H,True,eligible,7925,4,5,1,Ta|P|W|RH|Rs,F,2347,20,development
huc8_04060102,04121970,60,B_union_D,True,eligible,7925,4,5,1,Ta|P|W|RH|Rs,F,1873,20,development
huc8_04060102,04121970,60,B_union_D_union_M_union_H,True,eligible,7925,4,5,1,Ta|P|W|RH|Rs,F,1865,20,development
huc8_04060102,04121970,90,B_union_D,True,eligible,7925,4,5,1,Ta|P|W|RH|Rs,F,1461,20,development
huc8_04060102,04121970,90,B_union_D_union_M_union_H,True,eligible,7925,4,5,1,Ta|P|W|RH|Rs,F,1461,20,development
huc8_04060102,04121970,180,B_union_D,True,eligible,7925,4,5,1,Ta|P|W|RH|Rs,F,712,20,development
huc8_04060102,04121970,180,B_union_D_union_M_union_H,True,eligible,7925,4,5,1,Ta|P|W|RH|Rs,F,712,20,development
huc8_04060102,04121970,365,B_union_D,True,eligible,7925,4,5,1,Ta|P|W|RH|Rs,F,32,20,development
huc8_04060102,04121970,365,B_union_D_union_M_union_H,True,eligible,7925,4,5,1,Ta|P|W|RH|Rs,F,32,20,development
huc8_04060103,04124000,7,B_union_D,True,eligible,7257,3,5,1,Ta|P|W|RH|Rs,F,2803,20,development
huc8_04060103,04124000,7,B_union_D_union_M_union_H,True,eligible,7257,3,5,1,Ta|P|W|RH|Rs,F,2522,20,development
huc8_04060103,04124000,14,B_union_D,True,eligible,7257,3,5,1,Ta|P|W|RH|Rs,F,2659,20,development
huc8_04060103,04124000,14,B_union_D_union_M_union_H,True,eligible,7257,3,5,1,Ta|P|W|RH|Rs,F,2406,20,development
huc8_04060103,04124000,30,B_union_D,True,eligible,7257,3,5,1,Ta|P|W|RH|Rs,F,2380,20,development
huc8_04060103,04124000,30,B_union_D_union_M_union_H,True,eligible,7257,3,5,1,Ta|P|W|RH|Rs,F,2174,20,development
huc8_04060103,04124000,60,B_union_D,True,eligible,7257,3,5,1,Ta|P|W|RH|Rs,F,2008,20,development
huc8_04060103,04124000,60,B_union_D_union_M_union_H,True,eligible,7257,3,5,1,Ta|P|W|RH|Rs,F,1836,20,development
huc8_04060103,04124000,90,B_union_D,True,eligible,7257,3,5,1,Ta|P|W|RH|Rs,F,1711,20,development
huc8_04060103,04124000,90,B_union_D_union_M_union_H,True,eligible,7257,3,5,1,Ta|P|W|RH|Rs,F,1568,20,development
huc8_04060103,04124000,180,B_union_D,True,eligible,7257,3,5,1,Ta|P|W|RH|Rs,F,1197,20,development
huc8_04060103,04124000,180,B_union_D_union_M_union_H,True,eligible,7257,3,5,1,Ta|P|W|RH|Rs,F,1135,20,development
huc8_04060103,04124000,365,B_union_D,True,eligible,7257,3,5,1,Ta|P|W|RH|Rs,F,731,20,development
huc8_04060103,04124000,365,B_union_D_union_M_union_H,True,eligible,7257,3,5,1,Ta|P|W|RH|Rs,F,731,20,development
huc8_04060103,04124200,7,B_union_D,True,eligible,7206,3,5,1,Ta|P|W|RH|Rs,F,2815,20,development
huc8_04060103,04124200,7,B_union_D_union_M_union_H,True,eligible,7206,3,5,1,Ta|P|W|RH|Rs,F,2815,20,development
huc8_04060103,04124200,14,B_union_D,True,eligible,7206,3,5,1,Ta|P|W|RH|Rs,F,2668,20,development
huc8_04060103,04124200,14,B_union_D_union_M_union_H,True,eligible,7206,3,5,1,Ta|P|W|RH|Rs,F,2668,20,development
huc8_04060103,04124200,30,B_union_D,True,eligible,7206,3,5,1,Ta|P|W|RH|Rs,F,2386,20,development
huc8_04060103,04124200,30,B_union_D_union_M_union_H,True,eligible,7206,3,5,1,Ta|P|W|RH|Rs,F,2386,20,development
huc8_04060103,04124200,60,B_union_D,True,eligible,7206,3,5,1,Ta|P|W|RH|Rs,F,2012,20,development
huc8_04060103,04124200,60,B_union_D_union_M_union_H,True,eligible,7206,3,5,1,Ta|P|W|RH|Rs,F,2012,20,development
huc8_04060103,04124200,90,B_union_D,True,eligible,7206,3,5,1,Ta|P|W|RH|Rs,F,1714,20,development
huc8_04060103,04124200,90,B_union_D_union_M_union_H,True,eligible,7206,3,5,1,Ta|P|W|RH|Rs,F,1714,20,development
huc8_04060103,04124200,180,B_union_D,True,eligible,7206,3,5,1,Ta|P|W|RH|Rs,F,1198,20,development
huc8_04060103,04124200,180,B_union_D_union_M_union_H,True,eligible,7206,3,5,1,Ta|P|W|RH|Rs,F,1198,20,development
huc8_04060103,04124200,365,B_union_D,True,eligible,7206,3,5,1,Ta|P|W|RH|Rs,F,732,20,development
huc8_04060103,04124200,365,B_union_D_union_M_union_H,True,eligible,7206,3,5,1,Ta|P|W|RH|Rs,F,732,20,development
huc8_04060103,04125460,7,B_union_D,True,eligible,7230,3,5,1,Ta|P|W|RH|Rs,F,2801,20,development
huc8_04060103,04125460,7,B_union_D_union_M_union_H,True,eligible,7230,3,5,1,Ta|P|W|RH|Rs,F,2801,20,development
huc8_04060103,04125460,14,B_union_D,True,eligible,7230,3,5,1,Ta|P|W|RH|Rs,F,2655,20,development
huc8_04060103,04125460,14,B_union_D_union_M_union_H,True,eligible,7230,3,5,1,Ta|P|W|RH|Rs,F,2655,20,development
huc8_04060103,04125460,30,B_union_D,True,eligible,7230,3,5,1,Ta|P|W|RH|Rs,F,2377,20,development
huc8_04060103,04125460,30,B_union_D_union_M_union_H,True,eligible,7230,3,5,1,Ta|P|W|RH|Rs,F,2377,20,development
huc8_04060103,04125460,60,B_union_D,True,eligible,7230,3,5,1,Ta|P|W|RH|Rs,F,2005,20,development
huc8_04060103,04125460,60,B_union_D_union_M_union_H,True,eligible,7230,3,5,1,Ta|P|W|RH|Rs,F,2005,20,development
huc8_04060103,04125460,90,B_union_D,True,eligible,7230,3,5,1,Ta|P|W|RH|Rs,F,1709,20,development
huc8_04060103,04125460,90,B_union_D_union_M_union_H,True,eligible,7230,3,5,1,Ta|P|W|RH|Rs,F,1709,20,development
huc8_04060103,04125460,180,B_union_D,True,eligible,7230,3,5,1,Ta|P|W|RH|Rs,F,1197,20,development
huc8_04060103,04125460,180,B_union_D_union_M_union_H,True,eligible,7230,3,5,1,Ta|P|W|RH|Rs,F,1197,20,development
huc8_04060103,04125460,365,B_union_D,True,eligible,7230,3,5,1,Ta|P|W|RH|Rs,F,732,20,development
huc8_04060103,04125460,365,B_union_D_union_M_union_H,True,eligible,7230,3,5,1,Ta|P|W|RH|Rs,F,732,20,development
huc8_04060103,04125550,7,B_union_D,True,eligible,7251,3,5,1,Ta|P|W|RH|Rs,F,2808,20,development
huc8_04060103,04125550,7,B_union_D_union_M_union_H,True,eligible,7251,3,5,1,Ta|P|W|RH|Rs,F,2808,20,development
huc8_04060103,04125550,14,B_union_D,True,eligible,7251,3,5,1,Ta|P|W|RH|Rs,F,2661,20,development
huc8_04060103,04125550,14,B_union_D_union_M_union_H,True,eligible,7251,3,5,1,Ta|P|W|RH|Rs,F,2661,20,development
huc8_04060103,04125550,30,B_union_D,True,eligible,7251,3,5,1,Ta|P|W|RH|Rs,F,2380,20,development
huc8_04060103,04125550,30,B_union_D_union_M_union_H,True,eligible,7251,3,5,1,Ta|P|W|RH|Rs,F,2380,20,development
huc8_04060103,04125550,60,B_union_D,True,eligible,7251,3,5,1,Ta|P|W|RH|Rs,F,2008,20,development
huc8_04060103,04125550,60,B_union_D_union_M_union_H,True,eligible,7251,3,5,1,Ta|P|W|RH|Rs,F,2008,20,development
huc8_04060103,04125550,90,B_union_D,True,eligible,7251,3,5,1,Ta|P|W|RH|Rs,F,1711,20,development
huc8_04060103,04125550,90,B_union_D_union_M_union_H,True,eligible,7251,3,5,1,Ta|P|W|RH|Rs,F,1711,20,development
huc8_04060103,04125550,180,B_union_D,True,eligible,7251,3,5,1,Ta|P|W|RH|Rs,F,1196,20,development
huc8_04060103,04125550,180,B_union_D_union_M_union_H,True,eligible,7251,3,5,1,Ta|P|W|RH|Rs,F,1196,20,development
huc8_04060103,04125550,365,B_union_D,True,eligible,7251,3,5,1,Ta|P|W|RH|Rs,F,731,20,development
huc8_04060103,04125550,365,B_union_D_union_M_union_H,True,eligible,7251,3,5,1,Ta|P|W|RH|Rs,F,731,20,development
huc8_04070007,04136000,7,B_union_D,True,eligible,7767,7,5,1,Ta|P|W|RH|Rs,F,2510,20,development
huc8_04070007,04136000,7,B_union_D_union_M_union_H,True,eligible,7767,7,5,1,Ta|P|W|RH|Rs,F,2510,20,development
huc8_04070007,04136000,14,B_union_D,True,eligible,7767,7,5,1,Ta|P|W|RH|Rs,F,2362,20,development
huc8_04070007,04136000,14,B_union_D_union_M_union_H,True,eligible,7767,7,5,1,Ta|P|W|RH|Rs,F,2362,20,development
huc8_04070007,04136000,30,B_union_D,True,eligible,7767,7,5,1,Ta|P|W|RH|Rs,F,2075,20,development
huc8_04070007,04136000,30,B_union_D_union_M_union_H,True,eligible,7767,7,5,1,Ta|P|W|RH|Rs,F,2075,20,development
huc8_04070007,04136000,60,B_union_D,True,eligible,7767,7,5,1,Ta|P|W|RH|Rs,F,1632,20,development
huc8_04070007,04136000,60,B_union_D_union_M_union_H,True,eligible,7767,7,5,1,Ta|P|W|RH|Rs,F,1632,20,development
huc8_04070007,04136000,90,B_union_D,True,eligible,7767,7,5,1,Ta|P|W|RH|Rs,F,1254,20,development
huc8_04070007,04136000,90,B_union_D_union_M_union_H,True,eligible,7767,7,5,1,Ta|P|W|RH|Rs,F,1254,20,development
huc8_04070007,04136000,180,B_union_D,True,eligible,7767,7,5,1,Ta|P|W|RH|Rs,F,663,20,development
huc8_04070007,04136000,180,B_union_D_union_M_union_H,True,eligible,7767,7,5,1,Ta|P|W|RH|Rs,F,663,20,development
huc8_04070007,04136000,365,B_union_D,True,eligible,7767,7,5,1,Ta|P|W|RH|Rs,F,158,20,development
huc8_04070007,04136000,365,B_union_D_union_M_union_H,True,eligible,7767,7,5,1,Ta|P|W|RH|Rs,F,158,20,development
huc8_04070007,04136500,7,B_union_D,True,eligible,7761,7,5,1,Ta|P|W|RH|Rs,F,2518,20,development
huc8_04070007,04136500,7,B_union_D_union_M_union_H,True,eligible,7761,7,5,1,Ta|P|W|RH|Rs,F,2518,20,development
huc8_04070007,04136500,14,B_union_D,True,eligible,7761,7,5,1,Ta|P|W|RH|Rs,F,2368,20,development
huc8_04070007,04136500,14,B_union_D_union_M_union_H,True,eligible,7761,7,5,1,Ta|P|W|RH|Rs,F,2368,20,development
huc8_04070007,04136500,30,B_union_D,True,eligible,7761,7,5,1,Ta|P|W|RH|Rs,F,2078,20,development
huc8_04070007,04136500,30,B_union_D_union_M_union_H,True,eligible,7761,7,5,1,Ta|P|W|RH|Rs,F,2078,20,development
huc8_04070007,04136500,60,B_union_D,True,eligible,7761,7,5,1,Ta|P|W|RH|Rs,F,1635,20,development
huc8_04070007,04136500,60,B_union_D_union_M_union_H,True,eligible,7761,7,5,1,Ta|P|W|RH|Rs,F,1635,20,development
huc8_04070007,04136500,90,B_union_D,True,eligible,7761,7,5,1,Ta|P|W|RH|Rs,F,1258,20,development
huc8_04070007,04136500,90,B_union_D_union_M_union_H,True,eligible,7761,7,5,1,Ta|P|W|RH|Rs,F,1258,20,development
huc8_04070007,04136500,180,B_union_D,True,eligible,7761,7,5,1,Ta|P|W|RH|Rs,F,664,20,development
huc8_04070007,04136500,180,B_union_D_union_M_union_H,True,eligible,7761,7,5,1,Ta|P|W|RH|Rs,F,664,20,development
huc8_04070007,04136500,365,B_union_D,True,eligible,7761,7,5,1,Ta|P|W|RH|Rs,F,159,20,development
huc8_04070007,04136500,365,B_union_D_union_M_union_H,True,eligible,7761,7,5,1,Ta|P|W|RH|Rs,F,159,20,development
huc8_04070007,04136900,7,B_union_D,True,eligible,7478,7,5,1,Ta|P|W|RH|Rs,F,2506,20,development
huc8_04070007,04136900,7,B_union_D_union_M_union_H,True,eligible,7478,7,5,1,Ta|P|W|RH|Rs,F,2506,20,development
huc8_04070007,04136900,14,B_union_D,True,eligible,7478,7,5,1,Ta|P|W|RH|Rs,F,2359,20,development
huc8_04070007,04136900,14,B_union_D_union_M_union_H,True,eligible,7478,7,5,1,Ta|P|W|RH|Rs,F,2359,20,development
huc8_04070007,04136900,30,B_union_D,True,eligible,7478,7,5,1,Ta|P|W|RH|Rs,F,2071,20,development
huc8_04070007,04136900,30,B_union_D_union_M_union_H,True,eligible,7478,7,5,1,Ta|P|W|RH|Rs,F,2071,20,development
huc8_04070007,04136900,60,B_union_D,True,eligible,7478,7,5,1,Ta|P|W|RH|Rs,F,1630,20,development
huc8_04070007,04136900,60,B_union_D_union_M_union_H,True,eligible,7478,7,5,1,Ta|P|W|RH|Rs,F,1630,20,development
huc8_04070007,04136900,90,B_union_D,True,eligible,7478,7,5,1,Ta|P|W|RH|Rs,F,1255,20,development
huc8_04070007,04136900,90,B_union_D_union_M_union_H,True,eligible,7478,7,5,1,Ta|P|W|RH|Rs,F,1255,20,development
huc8_04070007,04136900,180,B_union_D,True,eligible,7478,7,5,1,Ta|P|W|RH|Rs,F,661,20,development
huc8_04070007,04136900,180,B_union_D_union_M_union_H,True,eligible,7478,7,5,1,Ta|P|W|RH|Rs,F,661,20,development
huc8_04070007,04136900,365,B_union_D,True,eligible,7478,7,5,1,Ta|P|W|RH|Rs,F,159,20,development
huc8_04070007,04136900,365,B_union_D_union_M_union_H,True,eligible,7478,7,5,1,Ta|P|W|RH|Rs,F,159,20,development
huc8_04070007,04137005,7,B_union_D,True,eligible,7611,7,5,1,Ta|P|W|RH|Rs,F,2516,20,development
huc8_04070007,04137005,7,B_union_D_union_M_union_H,True,eligible,7611,7,5,1,Ta|P|W|RH|Rs,F,2516,20,development
huc8_04070007,04137005,14,B_union_D,True,eligible,7611,7,5,1,Ta|P|W|RH|Rs,F,2366,20,development
huc8_04070007,04137005,14,B_union_D_union_M_union_H,True,eligible,7611,7,5,1,Ta|P|W|RH|Rs,F,2366,20,development
huc8_04070007,04137005,30,B_union_D,True,eligible,7611,7,5,1,Ta|P|W|RH|Rs,F,2076,20,development
huc8_04070007,04137005,30,B_union_D_union_M_union_H,True,eligible,7611,7,5,1,Ta|P|W|RH|Rs,F,2076,20,development
huc8_04070007,04137005,60,B_union_D,True,eligible,7611,7,5,1,Ta|P|W|RH|Rs,F,1633,20,development
huc8_04070007,04137005,60,B_union_D_union_M_union_H,True,eligible,7611,7,5,1,Ta|P|W|RH|Rs,F,1633,20,development
huc8_04070007,04137005,90,B_union_D,True,eligible,7611,7,5,1,Ta|P|W|RH|Rs,F,1255,20,development
huc8_04070007,04137005,90,B_union_D_union_M_union_H,True,eligible,7611,7,5,1,Ta|P|W|RH|Rs,F,1255,20,development
huc8_04070007,04137005,180,B_union_D,True,eligible,7611,7,5,1,Ta|P|W|RH|Rs,F,662,20,development
huc8_04070007,04137005,180,B_union_D_union_M_union_H,True,eligible,7611,7,5,1,Ta|P|W|RH|Rs,F,662,20,development
huc8_04070007,04137005,365,B_union_D,True,eligible,7611,7,5,1,Ta|P|W|RH|Rs,F,157,20,development
huc8_04070007,04137005,365,B_union_D_union_M_union_H,True,eligible,7611,7,5,1,Ta|P|W|RH|Rs,F,157,20,development
huc8_04070007,04137020,7,B_union_D,True,eligible,7790,7,5,0,Ta|P|W|RH|Rs,,2515,20,development
huc8_04070007,04137020,7,B_union_D_union_M_union_H,False,no_hydraulics_with_minimum_training_days,7790,7,5,0,Ta|P|W|RH|Rs,,0,0,development
huc8_04070007,04137020,14,B_union_D,True,eligible,7790,7,5,0,Ta|P|W|RH|Rs,,2365,20,development
huc8_04070007,04137020,14,B_union_D_union_M_union_H,False,no_hydraulics_with_minimum_training_days,7790,7,5,0,Ta|P|W|RH|Rs,,0,0,development
huc8_04070007,04137020,30,B_union_D,True,eligible,7790,7,5,0,Ta|P|W|RH|Rs,,2077,20,development
huc8_04070007,04137020,30,B_union_D_union_M_union_H,False,no_hydraulics_with_minimum_training_days,7790,7,5,0,Ta|P|W|RH|Rs,,0,0,development
huc8_04070007,04137020,60,B_union_D,True,eligible,7790,7,5,0,Ta|P|W|RH|Rs,,1634,20,development
huc8_04070007,04137020,60,B_union_D_union_M_union_H,False,no_hydraulics_with_minimum_training_days,7790,7,5,0,Ta|P|W|RH|Rs,,0,0,development
huc8_04070007,04137020,90,B_union_D,True,eligible,7790,7,5,0,Ta|P|W|RH|Rs,,1256,20,development
huc8_04070007,04137020,90,B_union_D_union_M_union_H,False,no_hydraulics_with_minimum_training_days,7790,7,5,0,Ta|P|W|RH|Rs,,0,0,development
huc8_04070007,04137020,180,B_union_D,True,eligible,7790,7,5,0,Ta|P|W|RH|Rs,,662,20,development
huc8_04070007,04137020,180,B_union_D_union_M_union_H,False,no_hydraulics_with_minimum_training_days,7790,7,5,0,Ta|P|W|RH|Rs,,0,0,development
huc8_04070007,04137020,365,B_union_D,True,eligible,7790,7,5,0,Ta|P|W|RH|Rs,,159,20,development
huc8_04070007,04137020,365,B_union_D_union_M_union_H,False,no_hydraulics_with_minimum_training_days,7790,7,5,0,Ta|P|W|RH|Rs,,0,0,development
huc8_04070007,04137025,7,B_union_D,True,eligible,7691,7,5,0,Ta|P|W|RH|Rs,,2518,20,development
huc8_04070007,04137025,7,B_union_D_union_M_union_H,False,no_hydraulics_with_minimum_training_days,7691,7,5,0,Ta|P|W|RH|Rs,,0,0,development
huc8_04070007,04137025,14,B_union_D,True,eligible,7691,7,5,0,Ta|P|W|RH|Rs,,2368,20,development
huc8_04070007,04137025,14,B_union_D_union_M_union_H,False,no_hydraulics_with_minimum_training_days,7691,7,5,0,Ta|P|W|RH|Rs,,0,0,development
huc8_04070007,04137025,30,B_union_D,True,eligible,7691,7,5,0,Ta|P|W|RH|Rs,,2078,20,development
huc8_04070007,04137025,30,B_union_D_union_M_union_H,False,no_hydraulics_with_minimum_training_days,7691,7,5,0,Ta|P|W|RH|Rs,,0,0,development
huc8_04070007,04137025,60,B_union_D,True,eligible,7691,7,5,0,Ta|P|W|RH|Rs,,1635,20,development
huc8_04070007,04137025,60,B_union_D_union_M_union_H,False,no_hydraulics_with_minimum_training_days,7691,7,5,0,Ta|P|W|RH|Rs,,0,0,development
huc8_04070007,04137025,90,B_union_D,True,eligible,7691,7,5,0,Ta|P|W|RH|Rs,,1257,20,development
huc8_04070007,04137025,90,B_union_D_union_M_union_H,False,no_hydraulics_with_minimum_training_days,7691,7,5,0,Ta|P|W|RH|Rs,,0,0,development
huc8_04070007,04137025,180,B_union_D,True,eligible,7691,7,5,0,Ta|P|W|RH|Rs,,662,20,development
huc8_04070007,04137025,180,B_union_D_union_M_union_H,False,no_hydraulics_with_minimum_training_days,7691,7,5,0,Ta|P|W|RH|Rs,,0,0,development
huc8_04070007,04137025,365,B_union_D,True,eligible,7691,7,5,0,Ta|P|W|RH|Rs,,159,20,development
huc8_04070007,04137025,365,B_union_D_union_M_union_H,False,no_hydraulics_with_minimum_training_days,7691,7,5,0,Ta|P|W|RH|Rs,,0,0,development
huc8_04070007,04137030,7,B_union_D,True,eligible,7435,7,5,0,Ta|P|W|RH|Rs,,2516,20,development
huc8_04070007,04137030,7,B_union_D_union_M_union_H,False,no_hydraulics_with_minimum_training_days,7435,7,5,0,Ta|P|W|RH|Rs,,0,0,development
huc8_04070007,04137030,14,B_union_D,True,eligible,7435,7,5,0,Ta|P|W|RH|Rs,,2366,20,development
huc8_04070007,04137030,14,B_union_D_union_M_union_H,False,no_hydraulics_with_minimum_training_days,7435,7,5,0,Ta|P|W|RH|Rs,,0,0,development
huc8_04070007,04137030,30,B_union_D,True,eligible,7435,7,5,0,Ta|P|W|RH|Rs,,2077,20,development
huc8_04070007,04137030,30,B_union_D_union_M_union_H,False,no_hydraulics_with_minimum_training_days,7435,7,5,0,Ta|P|W|RH|Rs,,0,0,development
huc8_04070007,04137030,60,B_union_D,True,eligible,7435,7,5,0,Ta|P|W|RH|Rs,,1634,20,development
huc8_04070007,04137030,60,B_union_D_union_M_union_H,False,no_hydraulics_with_minimum_training_days,7435,7,5,0,Ta|P|W|RH|Rs,,0,0,development
huc8_04070007,04137030,90,B_union_D,True,eligible,7435,7,5,0,Ta|P|W|RH|Rs,,1258,20,development
huc8_04070007,04137030,90,B_union_D_union_M_union_H,False,no_hydraulics_with_minimum_training_days,7435,7,5,0,Ta|P|W|RH|Rs,,0,0,development
huc8_04070007,04137030,180,B_union_D,True,eligible,7435,7,5,0,Ta|P|W|RH|Rs,,663,20,development
huc8_04070007,04137030,180,B_union_D_union_M_union_H,False,no_hydraulics_with_minimum_training_days,7435,7,5,0,Ta|P|W|RH|Rs,,0,0,development
huc8_04070007,04137030,365,B_union_D,True,eligible,7435,7,5,0,Ta|P|W|RH|Rs,,159,20,development
huc8_04070007,04137030,365,B_union_D_union_M_union_H,False,no_hydraulics_with_minimum_training_days,7435,7,5,0,Ta|P|W|RH|Rs,,0,0,development
huc8_04070007,04137500,7,B_union_D,True,eligible,7787,7,5,1,Ta|P|W|RH|Rs,F,2514,20,development
huc8_04070007,04137500,7,B_union_D_union_M_union_H,True,eligible,7787,7,5,1,Ta|P|W|RH|Rs,F,2514,20,development
huc8_04070007,04137500,14,B_union_D,True,eligible,7787,7,5,1,Ta|P|W|RH|Rs,F,2365,20,development
huc8_04070007,04137500,14,B_union_D_union_M_union_H,True,eligible,7787,7,5,1,Ta|P|W|RH|Rs,F,2365,20,development
huc8_04070007,04137500,30,B_union_D,True,eligible,7787,7,5,1,Ta|P|W|RH|Rs,F,2077,20,development
huc8_04070007,04137500,30,B_union_D_union_M_union_H,True,eligible,7787,7,5,1,Ta|P|W|RH|Rs,F,2077,20,development
huc8_04070007,04137500,60,B_union_D,True,eligible,7787,7,5,1,Ta|P|W|RH|Rs,F,1634,20,development
huc8_04070007,04137500,60,B_union_D_union_M_union_H,True,eligible,7787,7,5,1,Ta|P|W|RH|Rs,F,1634,20,development
huc8_04070007,04137500,90,B_union_D,True,eligible,7787,7,5,1,Ta|P|W|RH|Rs,F,1258,20,development
huc8_04070007,04137500,90,B_union_D_union_M_union_H,True,eligible,7787,7,5,1,Ta|P|W|RH|Rs,F,1258,20,development
huc8_04070007,04137500,180,B_union_D,True,eligible,7787,7,5,1,Ta|P|W|RH|Rs,F,664,20,development
huc8_04070007,04137500,180,B_union_D_union_M_union_H,True,eligible,7787,7,5,1,Ta|P|W|RH|Rs,F,664,20,development
huc8_04070007,04137500,365,B_union_D,True,eligible,7787,7,5,1,Ta|P|W|RH|Rs,F,159,20,development
huc8_04070007,04137500,365,B_union_D_union_M_union_H,True,eligible,7787,7,5,1,Ta|P|W|RH|Rs,F,159,20,development
huc8_04140101,04232034,7,B_union_D,False,no_eligible_evaluation_windows,5405,2,5,1,Ta|P|W|RH|Rs,F,0,0,development
huc8_04140101,04232034,7,B_union_D_union_M_union_H,False,no_eligible_evaluation_windows,5405,2,5,1,Ta|P|W|RH|Rs,F,0,0,development
huc8_04140101,04232034,14,B_union_D,False,no_eligible_evaluation_windows,5405,2,5,1,Ta|P|W|RH|Rs,F,0,0,development
huc8_04140101,04232034,14,B_union_D_union_M_union_H,False,no_eligible_evaluation_windows,5405,2,5,1,Ta|P|W|RH|Rs,F,0,0,development
huc8_04140101,04232034,30,B_union_D,False,no_eligible_evaluation_windows,5405,2,5,1,Ta|P|W|RH|Rs,F,0,0,development
huc8_04140101,04232034,30,B_union_D_union_M_union_H,False,no_eligible_evaluation_windows,5405,2,5,1,Ta|P|W|RH|Rs,F,0,0,development
huc8_04140101,04232034,60,B_union_D,False,no_eligible_evaluation_windows,5405,2,5,1,Ta|P|W|RH|Rs,F,0,0,development
huc8_04140101,04232034,60,B_union_D_union_M_union_H,False,no_eligible_evaluation_windows,5405,2,5,1,Ta|P|W|RH|Rs,F,0,0,development
huc8_04140101,04232034,90,B_union_D,False,no_eligible_evaluation_windows,5405,2,5,1,Ta|P|W|RH|Rs,F,0,0,development
huc8_04140101,04232034,90,B_union_D_union_M_union_H,False,no_eligible_evaluation_windows,5405,2,5,1,Ta|P|W|RH|Rs,F,0,0,development
huc8_04140101,04232034,180,B_union_D,False,no_eligible_evaluation_windows,5405,2,5,1,Ta|P|W|RH|Rs,F,0,0,development
huc8_04140101,04232034,180,B_union_D_union_M_union_H,False,no_eligible_evaluation_windows,5405,2,5,1,Ta|P|W|RH|Rs,F,0,0,development
huc8_04140101,04232034,365,B_union_D,False,no_eligible_evaluation_windows,5405,2,5,1,Ta|P|W|RH|Rs,F,0,0,development
huc8_04140101,04232034,365,B_union_D_union_M_union_H,False,no_eligible_evaluation_windows,5405,2,5,1,Ta|P|W|RH|Rs,F,0,0,development
huc8_04140101,04232050,7,B_union_D,False,no_eligible_evaluation_windows,7204,2,5,1,Ta|P|W|RH|Rs,F,0,0,development
huc8_04140101,04232050,7,B_union_D_union_M_union_H,False,no_eligible_evaluation_windows,7204,2,5,1,Ta|P|W|RH|Rs,F,0,0,development
huc8_04140101,04232050,14,B_union_D,False,no_eligible_evaluation_windows,7204,2,5,1,Ta|P|W|RH|Rs,F,0,0,development
huc8_04140101,04232050,14,B_union_D_union_M_union_H,False,no_eligible_evaluation_windows,7204,2,5,1,Ta|P|W|RH|Rs,F,0,0,development
huc8_04140101,04232050,30,B_union_D,False,no_eligible_evaluation_windows,7204,2,5,1,Ta|P|W|RH|Rs,F,0,0,development
huc8_04140101,04232050,30,B_union_D_union_M_union_H,False,no_eligible_evaluation_windows,7204,2,5,1,Ta|P|W|RH|Rs,F,0,0,development
huc8_04140101,04232050,60,B_union_D,False,no_eligible_evaluation_windows,7204,2,5,1,Ta|P|W|RH|Rs,F,0,0,development
huc8_04140101,04232050,60,B_union_D_union_M_union_H,False,no_eligible_evaluation_windows,7204,2,5,1,Ta|P|W|RH|Rs,F,0,0,development
huc8_04140101,04232050,90,B_union_D,False,no_eligible_evaluation_windows,7204,2,5,1,Ta|P|W|RH|Rs,F,0,0,development
huc8_04140101,04232050,90,B_union_D_union_M_union_H,False,no_eligible_evaluation_windows,7204,2,5,1,Ta|P|W|RH|Rs,F,0,0,development
huc8_04140101,04232050,180,B_union_D,False,no_eligible_evaluation_windows,7204,2,5,1,Ta|P|W|RH|Rs,F,0,0,development
huc8_04140101,04232050,180,B_union_D_union_M_union_H,False,no_eligible_evaluation_windows,7204,2,5,1,Ta|P|W|RH|Rs,F,0,0,development
huc8_04140101,04232050,365,B_union_D,False,no_eligible_evaluation_windows,7204,2,5,1,Ta|P|W|RH|Rs,F,0,0,development
huc8_04140101,04232050,365,B_union_D_union_M_union_H,False,no_eligible_evaluation_windows,7204,2,5,1,Ta|P|W|RH|Rs,F,0,0,development
huc8_04140101,0423205010,7,B_union_D,False,no_eligible_evaluation_windows,7138,2,5,1,Ta|P|W|RH|Rs,F,0,0,development
huc8_04140101,0423205010,7,B_union_D_union_M_union_H,False,no_eligible_evaluation_windows,7138,2,5,1,Ta|P|W|RH|Rs,F,0,0,development
huc8_04140101,0423205010,14,B_union_D,False,no_eligible_evaluation_windows,7138,2,5,1,Ta|P|W|RH|Rs,F,0,0,development
huc8_04140101,0423205010,14,B_union_D_union_M_union_H,False,no_eligible_evaluation_windows,7138,2,5,1,Ta|P|W|RH|Rs,F,0,0,development
huc8_04140101,0423205010,30,B_union_D,False,no_eligible_evaluation_windows,7138,2,5,1,Ta|P|W|RH|Rs,F,0,0,development
huc8_04140101,0423205010,30,B_union_D_union_M_union_H,False,no_eligible_evaluation_windows,7138,2,5,1,Ta|P|W|RH|Rs,F,0,0,development
huc8_04140101,0423205010,60,B_union_D,False,no_eligible_evaluation_windows,7138,2,5,1,Ta|P|W|RH|Rs,F,0,0,development
huc8_04140101,0423205010,60,B_union_D_union_M_union_H,False,no_eligible_evaluation_windows,7138,2,5,1,Ta|P|W|RH|Rs,F,0,0,development
huc8_04140101,0423205010,90,B_union_D,False,no_eligible_evaluation_windows,7138,2,5,1,Ta|P|W|RH|Rs,F,0,0,development
huc8_04140101,0423205010,90,B_union_D_union_M_union_H,False,no_eligible_evaluation_windows,7138,2,5,1,Ta|P|W|RH|Rs,F,0,0,development
huc8_04140101,0423205010,180,B_union_D,False,no_eligible_evaluation_windows,7138,2,5,1,Ta|P|W|RH|Rs,F,0,0,development
huc8_04140101,0423205010,180,B_union_D_union_M_union_H,False,no_eligible_evaluation_windows,7138,2,5,1,Ta|P|W|RH|Rs,F,0,0,development
huc8_04140101,0423205010,365,B_union_D,False,no_eligible_evaluation_windows,7138,2,5,1,Ta|P|W|RH|Rs,F,0,0,development
huc8_04140101,0423205010,365,B_union_D_union_M_union_H,False,no_eligible_evaluation_windows,7138,2,5,1,Ta|P|W|RH|Rs,F,0,0,development
huc8_05010005,03026480,7,B_union_D,True,eligible,2637,3,5,1,Ta|P|W|RH|Rs,F,1664,20,development
huc8_05010005,03026480,7,B_union_D_union_M_union_H,True,eligible,2637,3,5,1,Ta|P|W|RH|Rs,F,1664,20,development
huc8_05010005,03026480,14,B_union_D,True,eligible,2637,3,5,1,Ta|P|W|RH|Rs,F,1573,20,development
huc8_05010005,03026480,14,B_union_D_union_M_union_H,True,eligible,2637,3,5,1,Ta|P|W|RH|Rs,F,1573,20,development
huc8_05010005,03026480,30,B_union_D,True,eligible,2637,3,5,1,Ta|P|W|RH|Rs,F,1383,20,development
huc8_05010005,03026480,30,B_union_D_union_M_union_H,True,eligible,2637,3,5,1,Ta|P|W|RH|Rs,F,1383,20,development
huc8_05010005,03026480,60,B_union_D,True,eligible,2637,3,5,1,Ta|P|W|RH|Rs,F,1132,20,development
huc8_05010005,03026480,60,B_union_D_union_M_union_H,True,eligible,2637,3,5,1,Ta|P|W|RH|Rs,F,1132,20,development
huc8_05010005,03026480,90,B_union_D,True,eligible,2637,3,5,1,Ta|P|W|RH|Rs,F,982,20,development
huc8_05010005,03026480,90,B_union_D_union_M_union_H,True,eligible,2637,3,5,1,Ta|P|W|RH|Rs,F,982,20,development
huc8_05010005,03026480,180,B_union_D,True,eligible,2637,3,5,1,Ta|P|W|RH|Rs,F,574,20,development
huc8_05010005,03026480,180,B_union_D_union_M_union_H,True,eligible,2637,3,5,1,Ta|P|W|RH|Rs,F,574,20,development
huc8_05010005,03026480,365,B_union_D,True,eligible,2637,3,5,1,Ta|P|W|RH|Rs,F,160,20,development
huc8_05010005,03026480,365,B_union_D_union_M_union_H,True,eligible,2637,3,5,1,Ta|P|W|RH|Rs,F,160,20,development
huc8_05010005,03027500,7,B_union_D,True,eligible,4241,3,5,1,Ta|P|W|RH|Rs,F,1646,20,development
huc8_05010005,03027500,7,B_union_D_union_M_union_H,True,eligible,4241,3,5,1,Ta|P|W|RH|Rs,F,1493,20,development
huc8_05010005,03027500,14,B_union_D,True,eligible,4241,3,5,1,Ta|P|W|RH|Rs,F,1557,20,development
huc8_05010005,03027500,14,B_union_D_union_M_union_H,True,eligible,4241,3,5,1,Ta|P|W|RH|Rs,F,1404,20,development
huc8_05010005,03027500,30,B_union_D,True,eligible,4241,3,5,1,Ta|P|W|RH|Rs,F,1369,20,development
huc8_05010005,03027500,30,B_union_D_union_M_union_H,True,eligible,4241,3,5,1,Ta|P|W|RH|Rs,F,1216,20,development
huc8_05010005,03027500,60,B_union_D,True,eligible,4241,3,5,1,Ta|P|W|RH|Rs,F,1129,20,development
huc8_05010005,03027500,60,B_union_D_union_M_union_H,True,eligible,4241,3,5,1,Ta|P|W|RH|Rs,F,976,20,development
huc8_05010005,03027500,90,B_union_D,True,eligible,4241,3,5,1,Ta|P|W|RH|Rs,F,979,20,development
huc8_05010005,03027500,90,B_union_D_union_M_union_H,True,eligible,4241,3,5,1,Ta|P|W|RH|Rs,F,826,20,development
huc8_05010005,03027500,180,B_union_D,True,eligible,4241,3,5,1,Ta|P|W|RH|Rs,F,573,20,development
huc8_05010005,03027500,180,B_union_D_union_M_union_H,True,eligible,4241,3,5,1,Ta|P|W|RH|Rs,F,420,20,development
huc8_05010005,03027500,365,B_union_D,True,eligible,4241,3,5,1,Ta|P|W|RH|Rs,F,161,8,development
huc8_05010005,03027500,365,B_union_D_union_M_union_H,True,eligible,4241,3,5,1,Ta|P|W|RH|Rs,F,8,8,development
huc8_05010005,03028000,7,B_union_D,True,eligible,3006,3,5,1,Ta|P|W|RH|Rs,F,1665,20,development
huc8_05010005,03028000,7,B_union_D_union_M_union_H,True,eligible,3006,3,5,1,Ta|P|W|RH|Rs,F,1665,20,development
huc8_05010005,03028000,14,B_union_D,True,eligible,3006,3,5,1,Ta|P|W|RH|Rs,F,1574,20,development
huc8_05010005,03028000,14,B_union_D_union_M_union_H,True,eligible,3006,3,5,1,Ta|P|W|RH|Rs,F,1574,20,development
huc8_05010005,03028000,30,B_union_D,True,eligible,3006,3,5,1,Ta|P|W|RH|Rs,F,1384,20,development
huc8_05010005,03028000,30,B_union_D_union_M_union_H,True,eligible,3006,3,5,1,Ta|P|W|RH|Rs,F,1384,20,development
huc8_05010005,03028000,60,B_union_D,True,eligible,3006,3,5,1,Ta|P|W|RH|Rs,F,1133,20,development
huc8_05010005,03028000,60,B_union_D_union_M_union_H,True,eligible,3006,3,5,1,Ta|P|W|RH|Rs,F,1133,20,development
huc8_05010005,03028000,90,B_union_D,True,eligible,3006,3,5,1,Ta|P|W|RH|Rs,F,983,20,development
huc8_05010005,03028000,90,B_union_D_union_M_union_H,True,eligible,3006,3,5,1,Ta|P|W|RH|Rs,F,983,20,development
huc8_05010005,03028000,180,B_union_D,True,eligible,3006,3,5,1,Ta|P|W|RH|Rs,F,575,20,development
huc8_05010005,03028000,180,B_union_D_union_M_union_H,True,eligible,3006,3,5,1,Ta|P|W|RH|Rs,F,575,20,development
huc8_05010005,03028000,365,B_union_D,True,eligible,3006,3,5,1,Ta|P|W|RH|Rs,F,161,20,development
huc8_05010005,03028000,365,B_union_D_union_M_union_H,True,eligible,3006,3,5,1,Ta|P|W|RH|Rs,F,161,20,development
huc8_05010005,03028500,7,B_union_D,True,eligible,2167,3,5,1,Ta|P|W|RH|Rs,F,1663,20,development
huc8_05010005,03028500,7,B_union_D_union_M_union_H,True,eligible,2167,3,5,1,Ta|P|W|RH|Rs,F,1512,20,development
huc8_05010005,03028500,14,B_union_D,True,eligible,2167,3,5,1,Ta|P|W|RH|Rs,F,1572,20,development
huc8_05010005,03028500,14,B_union_D_union_M_union_H,True,eligible,2167,3,5,1,Ta|P|W|RH|Rs,F,1421,20,development
huc8_05010005,03028500,30,B_union_D,True,eligible,2167,3,5,1,Ta|P|W|RH|Rs,F,1382,20,development
huc8_05010005,03028500,30,B_union_D_union_M_union_H,True,eligible,2167,3,5,1,Ta|P|W|RH|Rs,F,1231,20,development
huc8_05010005,03028500,60,B_union_D,True,eligible,2167,3,5,1,Ta|P|W|RH|Rs,F,1132,20,development
huc8_05010005,03028500,60,B_union_D_union_M_union_H,True,eligible,2167,3,5,1,Ta|P|W|RH|Rs,F,981,20,development
huc8_05010005,03028500,90,B_union_D,True,eligible,2167,3,5,1,Ta|P|W|RH|Rs,F,982,20,development
huc8_05010005,03028500,90,B_union_D_union_M_union_H,True,eligible,2167,3,5,1,Ta|P|W|RH|Rs,F,831,20,development
huc8_05010005,03028500,180,B_union_D,True,eligible,2167,3,5,1,Ta|P|W|RH|Rs,F,574,20,development
huc8_05010005,03028500,180,B_union_D_union_M_union_H,True,eligible,2167,3,5,1,Ta|P|W|RH|Rs,F,423,20,development
huc8_05010005,03028500,365,B_union_D,True,eligible,2167,3,5,1,Ta|P|W|RH|Rs,F,160,9,development
huc8_05010005,03028500,365,B_union_D_union_M_union_H,True,eligible,2167,3,5,1,Ta|P|W|RH|Rs,F,9,9,development
huc8_05010006,03034000,7,B_union_D,True,eligible,3492,4,5,1,Ta|P|W|RH|Rs,F,1403,20,development
huc8_05010006,03034000,7,B_union_D_union_M_union_H,True,eligible,3492,4,5,1,Ta|P|W|RH|Rs,F,1403,20,development
huc8_05010006,03034000,14,B_union_D,True,eligible,3492,4,5,1,Ta|P|W|RH|Rs,F,1123,20,development
huc8_05010006,03034000,14,B_union_D_union_M_union_H,True,eligible,3492,4,5,1,Ta|P|W|RH|Rs,F,1123,20,development
huc8_05010006,03034000,30,B_union_D,True,eligible,3492,4,5,1,Ta|P|W|RH|Rs,F,645,20,development
huc8_05010006,03034000,30,B_union_D_union_M_union_H,True,eligible,3492,4,5,1,Ta|P|W|RH|Rs,F,645,20,development
huc8_05010006,03034000,60,B_union_D,True,eligible,3492,4,5,1,Ta|P|W|RH|Rs,F,153,20,development
huc8_05010006,03034000,60,B_union_D_union_M_union_H,True,eligible,3492,4,5,1,Ta|P|W|RH|Rs,F,153,20,development
huc8_05010006,03034000,90,B_union_D,True,eligible,3492,4,5,1,Ta|P|W|RH|Rs,F,32,20,development
huc8_05010006,03034000,90,B_union_D_union_M_union_H,True,eligible,3492,4,5,1,Ta|P|W|RH|Rs,F,32,20,development
huc8_05010006,03034000,180,B_union_D,False,no_eligible_evaluation_windows,3492,4,5,1,Ta|P|W|RH|Rs,F,0,0,development
huc8_05010006,03034000,180,B_union_D_union_M_union_H,False,no_eligible_evaluation_windows,3492,4,5,1,Ta|P|W|RH|Rs,F,0,0,development
huc8_05010006,03034000,365,B_union_D,False,no_eligible_evaluation_windows,3492,4,5,1,Ta|P|W|RH|Rs,F,0,0,development
huc8_05010006,03034000,365,B_union_D_union_M_union_H,False,no_eligible_evaluation_windows,3492,4,5,1,Ta|P|W|RH|Rs,F,0,0,development
huc8_05010006,03034500,7,B_union_D,True,eligible,2573,4,5,1,Ta|P|W|RH|Rs,F,1451,20,development
huc8_05010006,03034500,7,B_union_D_union_M_union_H,True,eligible,2573,4,5,1,Ta|P|W|RH|Rs,F,1445,20,development
huc8_05010006,03034500,14,B_union_D,True,eligible,2573,4,5,1,Ta|P|W|RH|Rs,F,1171,20,development
huc8_05010006,03034500,14,B_union_D_union_M_union_H,True,eligible,2573,4,5,1,Ta|P|W|RH|Rs,F,1165,20,development
huc8_05010006,03034500,30,B_union_D,True,eligible,2573,4,5,1,Ta|P|W|RH|Rs,F,680,20,development
huc8_05010006,03034500,30,B_union_D_union_M_union_H,True,eligible,2573,4,5,1,Ta|P|W|RH|Rs,F,674,20,development
huc8_05010006,03034500,60,B_union_D,True,eligible,2573,4,5,1,Ta|P|W|RH|Rs,F,164,20,development
huc8_05010006,03034500,60,B_union_D_union_M_union_H,True,eligible,2573,4,5,1,Ta|P|W|RH|Rs,F,164,20,development
huc8_05010006,03034500,90,B_union_D,True,eligible,2573,4,5,1,Ta|P|W|RH|Rs,F,34,20,development
huc8_05010006,03034500,90,B_union_D_union_M_union_H,True,eligible,2573,4,5,1,Ta|P|W|RH|Rs,F,34,20,development
huc8_05010006,03034500,180,B_union_D,False,no_eligible_evaluation_windows,2573,4,5,1,Ta|P|W|RH|Rs,F,0,0,development
huc8_05010006,03034500,180,B_union_D_union_M_union_H,False,no_eligible_evaluation_windows,2573,4,5,1,Ta|P|W|RH|Rs,F,0,0,development
huc8_05010006,03034500,365,B_union_D,False,no_eligible_evaluation_windows,2573,4,5,1,Ta|P|W|RH|Rs,F,0,0,development
huc8_05010006,03034500,365,B_union_D_union_M_union_H,False,no_eligible_evaluation_windows,2573,4,5,1,Ta|P|W|RH|Rs,F,0,0,development
huc8_05010006,03036000,7,B_union_D,True,eligible,4262,4,5,1,Ta|P|W|RH|Rs,F,1445,20,development
huc8_05010006,03036000,7,B_union_D_union_M_union_H,True,eligible,4262,4,5,1,Ta|P|W|RH|Rs,F,1445,20,development
huc8_05010006,03036000,14,B_union_D,True,eligible,4262,4,5,1,Ta|P|W|RH|Rs,F,1162,20,development
huc8_05010006,03036000,14,B_union_D_union_M_union_H,True,eligible,4262,4,5,1,Ta|P|W|RH|Rs,F,1162,20,development
huc8_05010006,03036000,30,B_union_D,True,eligible,4262,4,5,1,Ta|P|W|RH|Rs,F,676,20,development
huc8_05010006,03036000,30,B_union_D_union_M_union_H,True,eligible,4262,4,5,1,Ta|P|W|RH|Rs,F,676,20,development
huc8_05010006,03036000,60,B_union_D,True,eligible,4262,4,5,1,Ta|P|W|RH|Rs,F,163,20,development
huc8_05010006,03036000,60,B_union_D_union_M_union_H,True,eligible,4262,4,5,1,Ta|P|W|RH|Rs,F,163,20,development
huc8_05010006,03036000,90,B_union_D,True,eligible,4262,4,5,1,Ta|P|W|RH|Rs,F,34,20,development
huc8_05010006,03036000,90,B_union_D_union_M_union_H,True,eligible,4262,4,5,1,Ta|P|W|RH|Rs,F,34,20,development
huc8_05010006,03036000,180,B_union_D,False,no_eligible_evaluation_windows,4262,4,5,1,Ta|P|W|RH|Rs,F,0,0,development
huc8_05010006,03036000,180,B_union_D_union_M_union_H,False,no_eligible_evaluation_windows,4262,4,5,1,Ta|P|W|RH|Rs,F,0,0,development
huc8_05010006,03036000,365,B_union_D,False,no_eligible_evaluation_windows,4262,4,5,1,Ta|P|W|RH|Rs,F,0,0,development
huc8_05010006,03036000,365,B_union_D_union_M_union_H,False,no_eligible_evaluation_windows,4262,4,5,1,Ta|P|W|RH|Rs,F,0,0,development
huc8_05010006,03038000,7,B_union_D,True,eligible,2647,4,5,1,Ta|P|W|RH|Rs,F,1452,20,development
huc8_05010006,03038000,7,B_union_D_union_M_union_H,True,eligible,2647,4,5,1,Ta|P|W|RH|Rs,F,1335,20,development
huc8_05010006,03038000,14,B_union_D,True,eligible,2647,4,5,1,Ta|P|W|RH|Rs,F,1168,20,development
huc8_05010006,03038000,14,B_union_D_union_M_union_H,True,eligible,2647,4,5,1,Ta|P|W|RH|Rs,F,1067,20,development
huc8_05010006,03038000,30,B_union_D,True,eligible,2647,4,5,1,Ta|P|W|RH|Rs,F,678,20,development
huc8_05010006,03038000,30,B_union_D_union_M_union_H,True,eligible,2647,4,5,1,Ta|P|W|RH|Rs,F,609,20,development
huc8_05010006,03038000,60,B_union_D,True,eligible,2647,4,5,1,Ta|P|W|RH|Rs,F,164,20,development
huc8_05010006,03038000,60,B_union_D_union_M_union_H,True,eligible,2647,4,5,1,Ta|P|W|RH|Rs,F,150,20,development
huc8_05010006,03038000,90,B_union_D,True,eligible,2647,4,5,1,Ta|P|W|RH|Rs,F,34,20,development
huc8_05010006,03038000,90,B_union_D_union_M_union_H,True,eligible,2647,4,5,1,Ta|P|W|RH|Rs,F,34,20,development
huc8_05010006,03038000,180,B_union_D,False,no_eligible_evaluation_windows,2647,4,5,1,Ta|P|W|RH|Rs,F,0,0,development
huc8_05010006,03038000,180,B_union_D_union_M_union_H,False,no_eligible_evaluation_windows,2647,4,5,1,Ta|P|W|RH|Rs,F,0,0,development
huc8_05010006,03038000,365,B_union_D,False,no_eligible_evaluation_windows,2647,4,5,1,Ta|P|W|RH|Rs,F,0,0,development
huc8_05010006,03038000,365,B_union_D_union_M_union_H,False,no_eligible_evaluation_windows,2647,4,5,1,Ta|P|W|RH|Rs,F,0,0,development
huc8_05010006,03039000,7,B_union_D,True,eligible,4250,4,5,1,Ta|P|W|RH|Rs,F,1453,20,development
huc8_05010006,03039000,7,B_union_D_union_M_union_H,True,eligible,4250,4,5,1,Ta|P|W|RH|Rs,F,1453,20,development
huc8_05010006,03039000,14,B_union_D,True,eligible,4250,4,5,1,Ta|P|W|RH|Rs,F,1170,20,development
huc8_05010006,03039000,14,B_union_D_union_M_union_H,True,eligible,4250,4,5,1,Ta|P|W|RH|Rs,F,1170,20,development
huc8_05010006,03039000,30,B_union_D,True,eligible,4250,4,5,1,Ta|P|W|RH|Rs,F,681,20,development
huc8_05010006,03039000,30,B_union_D_union_M_union_H,True,eligible,4250,4,5,1,Ta|P|W|RH|Rs,F,681,20,development
huc8_05010006,03039000,60,B_union_D,True,eligible,4250,4,5,1,Ta|P|W|RH|Rs,F,166,20,development
huc8_05010006,03039000,60,B_union_D_union_M_union_H,True,eligible,4250,4,5,1,Ta|P|W|RH|Rs,F,166,20,development
huc8_05010006,03039000,90,B_union_D,True,eligible,4250,4,5,1,Ta|P|W|RH|Rs,F,34,20,development
huc8_05010006,03039000,90,B_union_D_union_M_union_H,True,eligible,4250,4,5,1,Ta|P|W|RH|Rs,F,34,20,development
huc8_05010006,03039000,180,B_union_D,False,no_eligible_evaluation_windows,4250,4,5,1,Ta|P|W|RH|Rs,F,0,0,development
huc8_05010006,03039000,180,B_union_D_union_M_union_H,False,no_eligible_evaluation_windows,4250,4,5,1,Ta|P|W|RH|Rs,F,0,0,development
huc8_05010006,03039000,365,B_union_D,False,no_eligible_evaluation_windows,4250,4,5,1,Ta|P|W|RH|Rs,F,0,0,development
huc8_05010006,03039000,365,B_union_D_union_M_union_H,False,no_eligible_evaluation_windows,4250,4,5,1,Ta|P|W|RH|Rs,F,0,0,development
huc8_05010007,03041500,7,B_union_D,True,eligible,2117,3,5,1,Ta|P|W|RH|Rs,F,1326,20,development
huc8_05010007,03041500,7,B_union_D_union_M_union_H,True,eligible,2117,3,5,1,Ta|P|W|RH|Rs,F,1326,20,development
huc8_05010007,03041500,14,B_union_D,True,eligible,2117,3,5,1,Ta|P|W|RH|Rs,F,1238,20,development
huc8_05010007,03041500,14,B_union_D_union_M_union_H,True,eligible,2117,3,5,1,Ta|P|W|RH|Rs,F,1238,20,development
huc8_05010007,03041500,30,B_union_D,True,eligible,2117,3,5,1,Ta|P|W|RH|Rs,F,1088,20,development
huc8_05010007,03041500,30,B_union_D_union_M_union_H,True,eligible,2117,3,5,1,Ta|P|W|RH|Rs,F,1088,20,development
huc8_05010007,03041500,60,B_union_D,True,eligible,2117,3,5,1,Ta|P|W|RH|Rs,F,859,20,development
huc8_05010007,03041500,60,B_union_D_union_M_union_H,True,eligible,2117,3,5,1,Ta|P|W|RH|Rs,F,859,20,development
huc8_05010007,03041500,90,B_union_D,True,eligible,2117,3,5,1,Ta|P|W|RH|Rs,F,679,20,development
huc8_05010007,03041500,90,B_union_D_union_M_union_H,True,eligible,2117,3,5,1,Ta|P|W|RH|Rs,F,679,20,development
huc8_05010007,03041500,180,B_union_D,True,eligible,2117,3,5,1,Ta|P|W|RH|Rs,F,325,20,development
huc8_05010007,03041500,180,B_union_D_union_M_union_H,True,eligible,2117,3,5,1,Ta|P|W|RH|Rs,F,325,20,development
huc8_05010007,03041500,365,B_union_D,True,eligible,2117,3,5,1,Ta|P|W|RH|Rs,F,52,20,development
huc8_05010007,03041500,365,B_union_D_union_M_union_H,True,eligible,2117,3,5,1,Ta|P|W|RH|Rs,F,52,20,development
huc8_05010007,03042000,7,B_union_D,True,eligible,2184,3,5,1,Ta|P|W|RH|Rs,F,1341,20,development
huc8_05010007,03042000,7,B_union_D_union_M_union_H,True,eligible,2184,3,5,1,Ta|P|W|RH|Rs,F,1341,20,development
huc8_05010007,03042000,14,B_union_D,True,eligible,2184,3,5,1,Ta|P|W|RH|Rs,F,1244,20,development
huc8_05010007,03042000,14,B_union_D_union_M_union_H,True,eligible,2184,3,5,1,Ta|P|W|RH|Rs,F,1244,20,development
huc8_05010007,03042000,30,B_union_D,True,eligible,2184,3,5,1,Ta|P|W|RH|Rs,F,1093,20,development
huc8_05010007,03042000,30,B_union_D_union_M_union_H,True,eligible,2184,3,5,1,Ta|P|W|RH|Rs,F,1093,20,development
huc8_05010007,03042000,60,B_union_D,True,eligible,2184,3,5,1,Ta|P|W|RH|Rs,F,864,20,development
huc8_05010007,03042000,60,B_union_D_union_M_union_H,True,eligible,2184,3,5,1,Ta|P|W|RH|Rs,F,864,20,development
huc8_05010007,03042000,90,B_union_D,True,eligible,2184,3,5,1,Ta|P|W|RH|Rs,F,684,20,development
huc8_05010007,03042000,90,B_union_D_union_M_union_H,True,eligible,2184,3,5,1,Ta|P|W|RH|Rs,F,684,20,development
huc8_05010007,03042000,180,B_union_D,True,eligible,2184,3,5,1,Ta|P|W|RH|Rs,F,326,20,development
huc8_05010007,03042000,180,B_union_D_union_M_union_H,True,eligible,2184,3,5,1,Ta|P|W|RH|Rs,F,326,20,development
huc8_05010007,03042000,365,B_union_D,True,eligible,2184,3,5,1,Ta|P|W|RH|Rs,F,52,20,development
huc8_05010007,03042000,365,B_union_D_union_M_union_H,True,eligible,2184,3,5,1,Ta|P|W|RH|Rs,F,52,20,development
huc8_05010007,03043810,7,B_union_D,True,eligible,5405,3,5,0,Ta|P|W|RH|Rs,,1335,20,development
huc8_05010007,03043810,7,B_union_D_union_M_union_H,False,no_hydraulics_with_minimum_training_days,5405,3,5,0,Ta|P|W|RH|Rs,,0,0,development
huc8_05010007,03043810,14,B_union_D,True,eligible,5405,3,5,0,Ta|P|W|RH|Rs,,1240,20,development
huc8_05010007,03043810,14,B_union_D_union_M_union_H,False,no_hydraulics_with_minimum_training_days,5405,3,5,0,Ta|P|W|RH|Rs,,0,0,development
huc8_05010007,03043810,30,B_union_D,True,eligible,5405,3,5,0,Ta|P|W|RH|Rs,,1090,20,development
huc8_05010007,03043810,30,B_union_D_union_M_union_H,False,no_hydraulics_with_minimum_training_days,5405,3,5,0,Ta|P|W|RH|Rs,,0,0,development
huc8_05010007,03043810,60,B_union_D,True,eligible,5405,3,5,0,Ta|P|W|RH|Rs,,862,20,development
huc8_05010007,03043810,60,B_union_D_union_M_union_H,False,no_hydraulics_with_minimum_training_days,5405,3,5,0,Ta|P|W|RH|Rs,,0,0,development
huc8_05010007,03043810,90,B_union_D,True,eligible,5405,3,5,0,Ta|P|W|RH|Rs,,682,20,development
huc8_05010007,03043810,90,B_union_D_union_M_union_H,False,no_hydraulics_with_minimum_training_days,5405,3,5,0,Ta|P|W|RH|Rs,,0,0,development
huc8_05010007,03043810,180,B_union_D,True,eligible,5405,3,5,0,Ta|P|W|RH|Rs,,325,20,development
huc8_05010007,03043810,180,B_union_D_union_M_union_H,False,no_hydraulics_with_minimum_training_days,5405,3,5,0,Ta|P|W|RH|Rs,,0,0,development
huc8_05010007,03043810,365,B_union_D,True,eligible,5405,3,5,0,Ta|P|W|RH|Rs,,53,20,development
huc8_05010007,03043810,365,B_union_D_union_M_union_H,False,no_hydraulics_with_minimum_training_days,5405,3,5,0,Ta|P|W|RH|Rs,,0,0,development
huc8_05010007,03044000,7,B_union_D,True,eligible,2915,3,5,1,Ta|P|W|RH|Rs,F,1337,20,development
huc8_05010007,03044000,7,B_union_D_union_M_union_H,True,eligible,2915,3,5,1,Ta|P|W|RH|Rs,F,1337,20,development
huc8_05010007,03044000,14,B_union_D,True,eligible,2915,3,5,1,Ta|P|W|RH|Rs,F,1243,20,development
huc8_05010007,03044000,14,B_union_D_union_M_union_H,True,eligible,2915,3,5,1,Ta|P|W|RH|Rs,F,1243,20,development
huc8_05010007,03044000,30,B_union_D,True,eligible,2915,3,5,1,Ta|P|W|RH|Rs,F,1092,20,development
huc8_05010007,03044000,30,B_union_D_union_M_union_H,True,eligible,2915,3,5,1,Ta|P|W|RH|Rs,F,1092,20,development
huc8_05010007,03044000,60,B_union_D,True,eligible,2915,3,5,1,Ta|P|W|RH|Rs,F,864,20,development
huc8_05010007,03044000,60,B_union_D_union_M_union_H,True,eligible,2915,3,5,1,Ta|P|W|RH|Rs,F,864,20,development
huc8_05010007,03044000,90,B_union_D,True,eligible,2915,3,5,1,Ta|P|W|RH|Rs,F,684,20,development
huc8_05010007,03044000,90,B_union_D_union_M_union_H,True,eligible,2915,3,5,1,Ta|P|W|RH|Rs,F,684,20,development
huc8_05010007,03044000,180,B_union_D,True,eligible,2915,3,5,1,Ta|P|W|RH|Rs,F,326,20,development
huc8_05010007,03044000,180,B_union_D_union_M_union_H,True,eligible,2915,3,5,1,Ta|P|W|RH|Rs,F,326,20,development
huc8_05010007,03044000,365,B_union_D,True,eligible,2915,3,5,1,Ta|P|W|RH|Rs,F,53,20,development
huc8_05010007,03044000,365,B_union_D_union_M_union_H,True,eligible,2915,3,5,1,Ta|P|W|RH|Rs,F,53,20,development
huc8_05020001,03054500,7,B_union_D,True,eligible,1919,2,5,1,Ta|P|W|RH|Rs,F,1121,20,development
huc8_05020001,03054500,7,B_union_D_union_M_union_H,True,eligible,1919,2,5,1,Ta|P|W|RH|Rs,F,1121,20,development
huc8_05020001,03054500,14,B_union_D,True,eligible,1919,2,5,1,Ta|P|W|RH|Rs,F,956,20,development
huc8_05020001,03054500,14,B_union_D_union_M_union_H,True,eligible,1919,2,5,1,Ta|P|W|RH|Rs,F,956,20,development
huc8_05020001,03054500,30,B_union_D,True,eligible,1919,2,5,1,Ta|P|W|RH|Rs,F,613,20,development
huc8_05020001,03054500,30,B_union_D_union_M_union_H,True,eligible,1919,2,5,1,Ta|P|W|RH|Rs,F,613,20,development
huc8_05020001,03054500,60,B_union_D,True,eligible,1919,2,5,1,Ta|P|W|RH|Rs,F,300,20,development
huc8_05020001,03054500,60,B_union_D_union_M_union_H,True,eligible,1919,2,5,1,Ta|P|W|RH|Rs,F,300,20,development
huc8_05020001,03054500,90,B_union_D,True,eligible,1919,2,5,1,Ta|P|W|RH|Rs,F,159,20,development
huc8_05020001,03054500,90,B_union_D_union_M_union_H,True,eligible,1919,2,5,1,Ta|P|W|RH|Rs,F,159,20,development
huc8_05020001,03054500,180,B_union_D,True,eligible,1919,2,5,1,Ta|P|W|RH|Rs,F,6,6,development
huc8_05020001,03054500,180,B_union_D_union_M_union_H,True,eligible,1919,2,5,1,Ta|P|W|RH|Rs,F,6,6,development
huc8_05020001,03054500,365,B_union_D,False,no_eligible_evaluation_windows,1919,2,5,1,Ta|P|W|RH|Rs,F,0,0,development
huc8_05020001,03054500,365,B_union_D_union_M_union_H,False,no_eligible_evaluation_windows,1919,2,5,1,Ta|P|W|RH|Rs,F,0,0,development
huc8_05020001,03056000,7,B_union_D,True,eligible,2212,2,5,1,Ta|P|W|RH|Rs,F,1120,20,development
huc8_05020001,03056000,7,B_union_D_union_M_union_H,True,eligible,2212,2,5,1,Ta|P|W|RH|Rs,F,1120,20,development
huc8_05020001,03056000,14,B_union_D,True,eligible,2212,2,5,1,Ta|P|W|RH|Rs,F,954,20,development
huc8_05020001,03056000,14,B_union_D_union_M_union_H,True,eligible,2212,2,5,1,Ta|P|W|RH|Rs,F,954,20,development
huc8_05020001,03056000,30,B_union_D,True,eligible,2212,2,5,1,Ta|P|W|RH|Rs,F,613,20,development
huc8_05020001,03056000,30,B_union_D_union_M_union_H,True,eligible,2212,2,5,1,Ta|P|W|RH|Rs,F,613,20,development
huc8_05020001,03056000,60,B_union_D,True,eligible,2212,2,5,1,Ta|P|W|RH|Rs,F,300,20,development
huc8_05020001,03056000,60,B_union_D_union_M_union_H,True,eligible,2212,2,5,1,Ta|P|W|RH|Rs,F,300,20,development
huc8_05020001,03056000,90,B_union_D,True,eligible,2212,2,5,1,Ta|P|W|RH|Rs,F,158,20,development
huc8_05020001,03056000,90,B_union_D_union_M_union_H,True,eligible,2212,2,5,1,Ta|P|W|RH|Rs,F,158,20,development
huc8_05020001,03056000,180,B_union_D,True,eligible,2212,2,5,1,Ta|P|W|RH|Rs,F,6,6,development
huc8_05020001,03056000,180,B_union_D_union_M_union_H,True,eligible,2212,2,5,1,Ta|P|W|RH|Rs,F,6,6,development
huc8_05020001,03056000,365,B_union_D,False,no_eligible_evaluation_windows,2212,2,5,1,Ta|P|W|RH|Rs,F,0,0,development
huc8_05020001,03056000,365,B_union_D_union_M_union_H,False,no_eligible_evaluation_windows,2212,2,5,1,Ta|P|W|RH|Rs,F,0,0,development
huc8_05020001,03057000,7,B_union_D,True,eligible,2794,2,5,1,Ta|P|W|RH|Rs,F,1083,20,development
huc8_05020001,03057000,7,B_union_D_union_M_union_H,True,eligible,2794,2,5,1,Ta|P|W|RH|Rs,F,1082,20,development
huc8_05020001,03057000,14,B_union_D,True,eligible,2794,2,5,1,Ta|P|W|RH|Rs,F,919,20,development
huc8_05020001,03057000,14,B_union_D_union_M_union_H,True,eligible,2794,2,5,1,Ta|P|W|RH|Rs,F,918,20,development
huc8_05020001,03057000,30,B_union_D,True,eligible,2794,2,5,1,Ta|P|W|RH|Rs,F,585,20,development
huc8_05020001,03057000,30,B_union_D_union_M_union_H,True,eligible,2794,2,5,1,Ta|P|W|RH|Rs,F,584,20,development
huc8_05020001,03057000,60,B_union_D,True,eligible,2794,2,5,1,Ta|P|W|RH|Rs,F,293,20,development
huc8_05020001,03057000,60,B_union_D_union_M_union_H,True,eligible,2794,2,5,1,Ta|P|W|RH|Rs,F,292,20,development
huc8_05020001,03057000,90,B_union_D,True,eligible,2794,2,5,1,Ta|P|W|RH|Rs,F,155,20,development
huc8_05020001,03057000,90,B_union_D_union_M_union_H,True,eligible,2794,2,5,1,Ta|P|W|RH|Rs,F,154,20,development
huc8_05020001,03057000,180,B_union_D,True,eligible,2794,2,5,1,Ta|P|W|RH|Rs,F,4,4,development
huc8_05020001,03057000,180,B_union_D_union_M_union_H,True,eligible,2794,2,5,1,Ta|P|W|RH|Rs,F,4,4,development
huc8_05020001,03057000,365,B_union_D,False,no_eligible_evaluation_windows,2794,2,5,1,Ta|P|W|RH|Rs,F,0,0,development
huc8_05020001,03057000,365,B_union_D_union_M_union_H,False,no_eligible_evaluation_windows,2794,2,5,1,Ta|P|W|RH|Rs,F,0,0,development
huc8_05020005,03072000,7,B_union_D,True,eligible,2302,3,5,1,Ta|P|W|RH|Rs,F,1361,20,development
huc8_05020005,03072000,7,B_union_D_union_M_union_H,True,eligible,2302,3,5,1,Ta|P|W|RH|Rs,F,1355,20,development
huc8_05020005,03072000,14,B_union_D,True,eligible,2302,3,5,1,Ta|P|W|RH|Rs,F,1253,20,development
huc8_05020005,03072000,14,B_union_D_union_M_union_H,True,eligible,2302,3,5,1,Ta|P|W|RH|Rs,F,1247,20,development
huc8_05020005,03072000,30,B_union_D,True,eligible,2302,3,5,1,Ta|P|W|RH|Rs,F,1042,20,development
huc8_05020005,03072000,30,B_union_D_union_M_union_H,True,eligible,2302,3,5,1,Ta|P|W|RH|Rs,F,1036,20,development
huc8_05020005,03072000,60,B_union_D,True,eligible,2302,3,5,1,Ta|P|W|RH|Rs,F,816,20,development
huc8_05020005,03072000,60,B_union_D_union_M_union_H,True,eligible,2302,3,5,1,Ta|P|W|RH|Rs,F,816,20,development
huc8_05020005,03072000,90,B_union_D,True,eligible,2302,3,5,1,Ta|P|W|RH|Rs,F,636,20,development
huc8_05020005,03072000,90,B_union_D_union_M_union_H,True,eligible,2302,3,5,1,Ta|P|W|RH|Rs,F,636,20,development
huc8_05020005,03072000,180,B_union_D,True,eligible,2302,3,5,1,Ta|P|W|RH|Rs,F,252,20,development
huc8_05020005,03072000,180,B_union_D_union_M_union_H,True,eligible,2302,3,5,1,Ta|P|W|RH|Rs,F,252,20,development
huc8_05020005,03072000,365,B_union_D,False,no_eligible_evaluation_windows,2302,3,5,1,Ta|P|W|RH|Rs,F,0,0,development
huc8_05020005,03072000,365,B_union_D_union_M_union_H,False,no_eligible_evaluation_windows,2302,3,5,1,Ta|P|W|RH|Rs,F,0,0,development
huc8_05020005,03072655,7,B_union_D,True,eligible,2637,3,5,1,Ta|P|W|RH|Rs,F,1375,20,development
huc8_05020005,03072655,7,B_union_D_union_M_union_H,True,eligible,2637,3,5,1,Ta|P|W|RH|Rs,F,1375,20,development
huc8_05020005,03072655,14,B_union_D,True,eligible,2637,3,5,1,Ta|P|W|RH|Rs,F,1263,20,development
huc8_05020005,03072655,14,B_union_D_union_M_union_H,True,eligible,2637,3,5,1,Ta|P|W|RH|Rs,F,1263,20,development
huc8_05020005,03072655,30,B_union_D,True,eligible,2637,3,5,1,Ta|P|W|RH|Rs,F,1050,20,development
huc8_05020005,03072655,30,B_union_D_union_M_union_H,True,eligible,2637,3,5,1,Ta|P|W|RH|Rs,F,1050,20,development
huc8_05020005,03072655,60,B_union_D,True,eligible,2637,3,5,1,Ta|P|W|RH|Rs,F,819,20,development
huc8_05020005,03072655,60,B_union_D_union_M_union_H,True,eligible,2637,3,5,1,Ta|P|W|RH|Rs,F,819,20,development
huc8_05020005,03072655,90,B_union_D,True,eligible,2637,3,5,1,Ta|P|W|RH|Rs,F,639,20,development
huc8_05020005,03072655,90,B_union_D_union_M_union_H,True,eligible,2637,3,5,1,Ta|P|W|RH|Rs,F,639,20,development
huc8_05020005,03072655,180,B_union_D,True,eligible,2637,3,5,1,Ta|P|W|RH|Rs,F,252,20,development
huc8_05020005,03072655,180,B_union_D_union_M_union_H,True,eligible,2637,3,5,1,Ta|P|W|RH|Rs,F,252,20,development
huc8_05020005,03072655,365,B_union_D,False,no_eligible_evaluation_windows,2637,3,5,1,Ta|P|W|RH|Rs,F,0,0,development
huc8_05020005,03072655,365,B_union_D_union_M_union_H,False,no_eligible_evaluation_windows,2637,3,5,1,Ta|P|W|RH|Rs,F,0,0,development
huc8_05020005,03073000,7,B_union_D,True,eligible,3622,3,5,1,Ta|P|W|RH|Rs,F,1376,20,development
huc8_05020005,03073000,7,B_union_D_union_M_union_H,True,eligible,3622,3,5,1,Ta|P|W|RH|Rs,F,1376,20,development
huc8_05020005,03073000,14,B_union_D,True,eligible,3622,3,5,1,Ta|P|W|RH|Rs,F,1264,20,development
huc8_05020005,03073000,14,B_union_D_union_M_union_H,True,eligible,3622,3,5,1,Ta|P|W|RH|Rs,F,1264,20,development
huc8_05020005,03073000,30,B_union_D,True,eligible,3622,3,5,1,Ta|P|W|RH|Rs,F,1051,20,development
huc8_05020005,03073000,30,B_union_D_union_M_union_H,True,eligible,3622,3,5,1,Ta|P|W|RH|Rs,F,1051,20,development
huc8_05020005,03073000,60,B_union_D,True,eligible,3622,3,5,1,Ta|P|W|RH|Rs,F,819,20,development
huc8_05020005,03073000,60,B_union_D_union_M_union_H,True,eligible,3622,3,5,1,Ta|P|W|RH|Rs,F,819,20,development
huc8_05020005,03073000,90,B_union_D,True,eligible,3622,3,5,1,Ta|P|W|RH|Rs,F,639,20,development
huc8_05020005,03073000,90,B_union_D_union_M_union_H,True,eligible,3622,3,5,1,Ta|P|W|RH|Rs,F,639,20,development
huc8_05020005,03073000,180,B_union_D,True,eligible,3622,3,5,1,Ta|P|W|RH|Rs,F,252,20,development
huc8_05020005,03073000,180,B_union_D_union_M_union_H,True,eligible,3622,3,5,1,Ta|P|W|RH|Rs,F,252,20,development
huc8_05020005,03073000,365,B_union_D,False,no_eligible_evaluation_windows,3622,3,5,1,Ta|P|W|RH|Rs,F,0,0,development
huc8_05020005,03073000,365,B_union_D_union_M_union_H,False,no_eligible_evaluation_windows,3622,3,5,1,Ta|P|W|RH|Rs,F,0,0,development
huc8_05020005,03075070,7,B_union_D,True,eligible,4321,3,5,1,Ta|P|W|RH|Rs,F,1359,20,development
huc8_05020005,03075070,7,B_union_D_union_M_union_H,True,eligible,4321,3,5,1,Ta|P|W|RH|Rs,F,1118,20,development
huc8_05020005,03075070,14,B_union_D,True,eligible,4321,3,5,1,Ta|P|W|RH|Rs,F,1247,20,development
huc8_05020005,03075070,14,B_union_D_union_M_union_H,True,eligible,4321,3,5,1,Ta|P|W|RH|Rs,F,1013,20,development
huc8_05020005,03075070,30,B_union_D,True,eligible,4321,3,5,1,Ta|P|W|RH|Rs,F,1039,20,development
huc8_05020005,03075070,30,B_union_D_union_M_union_H,True,eligible,4321,3,5,1,Ta|P|W|RH|Rs,F,821,20,development
huc8_05020005,03075070,60,B_union_D,True,eligible,4321,3,5,1,Ta|P|W|RH|Rs,F,810,20,development
huc8_05020005,03075070,60,B_union_D_union_M_union_H,True,eligible,4321,3,5,1,Ta|P|W|RH|Rs,F,622,20,development
huc8_05020005,03075070,90,B_union_D,True,eligible,4321,3,5,1,Ta|P|W|RH|Rs,F,630,20,development
huc8_05020005,03075070,90,B_union_D_union_M_union_H,True,eligible,4321,3,5,1,Ta|P|W|RH|Rs,F,472,20,development
huc8_05020005,03075070,180,B_union_D,True,eligible,4321,3,5,1,Ta|P|W|RH|Rs,F,246,20,development
huc8_05020005,03075070,180,B_union_D_union_M_union_H,True,eligible,4321,3,5,1,Ta|P|W|RH|Rs,F,178,20,development
huc8_05020005,03075070,365,B_union_D,False,no_eligible_evaluation_windows,4321,3,5,1,Ta|P|W|RH|Rs,F,0,0,development
huc8_05020005,03075070,365,B_union_D_union_M_union_H,False,no_eligible_evaluation_windows,4321,3,5,1,Ta|P|W|RH|Rs,F,0,0,development
huc8_05020006,03076500,7,B_union_D,True,eligible,2601,4,5,1,Ta|P|W|RH|Rs,F,1537,20,development
huc8_05020006,03076500,7,B_union_D_union_M_union_H,True,eligible,2601,4,5,1,Ta|P|W|RH|Rs,F,1537,20,development
huc8_05020006,03076500,14,B_union_D,True,eligible,2601,4,5,1,Ta|P|W|RH|Rs,F,1098,20,development
huc8_05020006,03076500,14,B_union_D_union_M_union_H,True,eligible,2601,4,5,1,Ta|P|W|RH|Rs,F,1098,20,development
huc8_05020006,03076500,30,B_union_D,True,eligible,2601,4,5,1,Ta|P|W|RH|Rs,F,563,20,development
huc8_05020006,03076500,30,B_union_D_union_M_union_H,True,eligible,2601,4,5,1,Ta|P|W|RH|Rs,F,563,20,development
huc8_05020006,03076500,60,B_union_D,True,eligible,2601,4,5,1,Ta|P|W|RH|Rs,F,106,20,development
huc8_05020006,03076500,60,B_union_D_union_M_union_H,True,eligible,2601,4,5,1,Ta|P|W|RH|Rs,F,106,20,development
huc8_05020006,03076500,90,B_union_D,True,eligible,2601,4,5,1,Ta|P|W|RH|Rs,F,17,17,development
huc8_05020006,03076500,90,B_union_D_union_M_union_H,True,eligible,2601,4,5,1,Ta|P|W|RH|Rs,F,17,17,development
huc8_05020006,03076500,180,B_union_D,False,no_eligible_evaluation_windows,2601,4,5,1,Ta|P|W|RH|Rs,F,0,0,development
huc8_05020006,03076500,180,B_union_D_union_M_union_H,False,no_eligible_evaluation_windows,2601,4,5,1,Ta|P|W|RH|Rs,F,0,0,development
huc8_05020006,03076500,365,B_union_D,False,no_eligible_evaluation_windows,2601,4,5,1,Ta|P|W|RH|Rs,F,0,0,development
huc8_05020006,03076500,365,B_union_D_union_M_union_H,False,no_eligible_evaluation_windows,2601,4,5,1,Ta|P|W|RH|Rs,F,0,0,development
huc8_05020006,03077500,7,B_union_D,True,eligible,4322,4,5,1,Ta|P|W|RH|Rs,F,1465,20,development
huc8_05020006,03077500,7,B_union_D_union_M_union_H,True,eligible,4322,4,5,1,Ta|P|W|RH|Rs,F,1130,20,development
huc8_05020006,03077500,14,B_union_D,True,eligible,4322,4,5,1,Ta|P|W|RH|Rs,F,1049,20,development
huc8_05020006,03077500,14,B_union_D_union_M_union_H,True,eligible,4322,4,5,1,Ta|P|W|RH|Rs,F,823,20,development
huc8_05020006,03077500,30,B_union_D,True,eligible,4322,4,5,1,Ta|P|W|RH|Rs,F,534,20,development
huc8_05020006,03077500,30,B_union_D_union_M_union_H,True,eligible,4322,4,5,1,Ta|P|W|RH|Rs,F,422,20,development
huc8_05020006,03077500,60,B_union_D,True,eligible,4322,4,5,1,Ta|P|W|RH|Rs,F,100,20,development
huc8_05020006,03077500,60,B_union_D_union_M_union_H,True,eligible,4322,4,5,1,Ta|P|W|RH|Rs,F,76,20,development
huc8_05020006,03077500,90,B_union_D,True,eligible,4322,4,5,1,Ta|P|W|RH|Rs,F,16,16,development
huc8_05020006,03077500,90,B_union_D_union_M_union_H,True,eligible,4322,4,5,1,Ta|P|W|RH|Rs,F,16,16,development
huc8_05020006,03077500,180,B_union_D,False,no_eligible_evaluation_windows,4322,4,5,1,Ta|P|W|RH|Rs,F,0,0,development
huc8_05020006,03077500,180,B_union_D_union_M_union_H,False,no_eligible_evaluation_windows,4322,4,5,1,Ta|P|W|RH|Rs,F,0,0,development
huc8_05020006,03077500,365,B_union_D,False,no_eligible_evaluation_windows,4322,4,5,1,Ta|P|W|RH|Rs,F,0,0,development
huc8_05020006,03077500,365,B_union_D_union_M_union_H,False,no_eligible_evaluation_windows,4322,4,5,1,Ta|P|W|RH|Rs,F,0,0,development
huc8_05020006,03079000,7,B_union_D,True,eligible,4001,4,5,1,Ta|P|W|RH|Rs,F,1520,20,development
huc8_05020006,03079000,7,B_union_D_union_M_union_H,True,eligible,4001,4,5,1,Ta|P|W|RH|Rs,F,1190,20,development
huc8_05020006,03079000,14,B_union_D,True,eligible,4001,4,5,1,Ta|P|W|RH|Rs,F,1083,20,development
huc8_05020006,03079000,14,B_union_D_union_M_union_H,True,eligible,4001,4,5,1,Ta|P|W|RH|Rs,F,851,20,development
huc8_05020006,03079000,30,B_union_D,True,eligible,4001,4,5,1,Ta|P|W|RH|Rs,F,557,20,development
huc8_05020006,03079000,30,B_union_D_union_M_union_H,True,eligible,4001,4,5,1,Ta|P|W|RH|Rs,F,439,20,development
huc8_05020006,03079000,60,B_union_D,True,eligible,4001,4,5,1,Ta|P|W|RH|Rs,F,104,20,development
huc8_05020006,03079000,60,B_union_D_union_M_union_H,True,eligible,4001,4,5,1,Ta|P|W|RH|Rs,F,80,20,development
huc8_05020006,03079000,90,B_union_D,True,eligible,4001,4,5,1,Ta|P|W|RH|Rs,F,17,17,development
huc8_05020006,03079000,90,B_union_D_union_M_union_H,True,eligible,4001,4,5,1,Ta|P|W|RH|Rs,F,17,17,development
huc8_05020006,03079000,180,B_union_D,False,no_eligible_evaluation_windows,4001,4,5,1,Ta|P|W|RH|Rs,F,0,0,development
huc8_05020006,03079000,180,B_union_D_union_M_union_H,False,no_eligible_evaluation_windows,4001,4,5,1,Ta|P|W|RH|Rs,F,0,0,development
huc8_05020006,03079000,365,B_union_D,False,no_eligible_evaluation_windows,4001,4,5,1,Ta|P|W|RH|Rs,F,0,0,development
huc8_05020006,03079000,365,B_union_D_union_M_union_H,False,no_eligible_evaluation_windows,4001,4,5,1,Ta|P|W|RH|Rs,F,0,0,development
huc8_05020006,03081000,7,B_union_D,True,eligible,5507,4,5,1,Ta|P|W|RH|Rs,F,1515,20,development
huc8_05020006,03081000,7,B_union_D_union_M_union_H,True,eligible,5507,4,5,1,Ta|P|W|RH|Rs,F,1509,20,development
huc8_05020006,03081000,14,B_union_D,True,eligible,5507,4,5,1,Ta|P|W|RH|Rs,F,1087,20,development
huc8_05020006,03081000,14,B_union_D_union_M_union_H,True,eligible,5507,4,5,1,Ta|P|W|RH|Rs,F,1081,20,development
huc8_05020006,03081000,30,B_union_D,True,eligible,5507,4,5,1,Ta|P|W|RH|Rs,F,555,20,development
huc8_05020006,03081000,30,B_union_D_union_M_union_H,True,eligible,5507,4,5,1,Ta|P|W|RH|Rs,F,549,20,development
huc8_05020006,03081000,60,B_union_D,True,eligible,5507,4,5,1,Ta|P|W|RH|Rs,F,105,20,development
huc8_05020006,03081000,60,B_union_D_union_M_union_H,True,eligible,5507,4,5,1,Ta|P|W|RH|Rs,F,105,20,development
huc8_05020006,03081000,90,B_union_D,True,eligible,5507,4,5,1,Ta|P|W|RH|Rs,F,17,17,development
huc8_05020006,03081000,90,B_union_D_union_M_union_H,True,eligible,5507,4,5,1,Ta|P|W|RH|Rs,F,17,17,development
huc8_05020006,03081000,180,B_union_D,False,no_eligible_evaluation_windows,5507,4,5,1,Ta|P|W|RH|Rs,F,0,0,development
huc8_05020006,03081000,180,B_union_D_union_M_union_H,False,no_eligible_evaluation_windows,5507,4,5,1,Ta|P|W|RH|Rs,F,0,0,development
huc8_05020006,03081000,365,B_union_D,False,no_eligible_evaluation_windows,5507,4,5,1,Ta|P|W|RH|Rs,F,0,0,development
huc8_05020006,03081000,365,B_union_D_union_M_union_H,False,no_eligible_evaluation_windows,5507,4,5,1,Ta|P|W|RH|Rs,F,0,0,development
huc8_05020006,03083500,7,B_union_D,True,eligible,4289,4,5,1,Ta|P|W|RH|Rs,F,1526,20,development
huc8_05020006,03083500,7,B_union_D_union_M_union_H,True,eligible,4289,4,5,1,Ta|P|W|RH|Rs,F,1339,20,development
huc8_05020006,03083500,14,B_union_D,True,eligible,4289,4,5,1,Ta|P|W|RH|Rs,F,1087,20,development
huc8_05020006,03083500,14,B_union_D_union_M_union_H,True,eligible,4289,4,5,1,Ta|P|W|RH|Rs,F,936,20,development
huc8_05020006,03083500,30,B_union_D,True,eligible,4289,4,5,1,Ta|P|W|RH|Rs,F,556,20,development
huc8_05020006,03083500,30,B_union_D_union_M_union_H,True,eligible,4289,4,5,1,Ta|P|W|RH|Rs,F,472,20,development
huc8_05020006,03083500,60,B_union_D,True,eligible,4289,4,5,1,Ta|P|W|RH|Rs,F,105,20,development
huc8_05020006,03083500,60,B_union_D_union_M_union_H,True,eligible,4289,4,5,1,Ta|P|W|RH|Rs,F,80,20,development
huc8_05020006,03083500,90,B_union_D,True,eligible,4289,4,5,1,Ta|P|W|RH|Rs,F,16,16,development
huc8_05020006,03083500,90,B_union_D_union_M_union_H,True,eligible,4289,4,5,1,Ta|P|W|RH|Rs,F,16,16,development
huc8_05020006,03083500,180,B_union_D,False,no_eligible_evaluation_windows,4289,4,5,1,Ta|P|W|RH|Rs,F,0,0,development
huc8_05020006,03083500,180,B_union_D_union_M_union_H,False,no_eligible_evaluation_windows,4289,4,5,1,Ta|P|W|RH|Rs,F,0,0,development
huc8_05020006,03083500,365,B_union_D,False,no_eligible_evaluation_windows,4289,4,5,1,Ta|P|W|RH|Rs,F,0,0,development
huc8_05020006,03083500,365,B_union_D_union_M_union_H,False,no_eligible_evaluation_windows,4289,4,5,1,Ta|P|W|RH|Rs,F,0,0,development
huc8_05030102,03094704,7,B_union_D,True,eligible,2779,4,5,1,Ta|P|W|RH|Rs,F,1474,20,development
huc8_05030102,03094704,7,B_union_D_union_M_union_H,True,eligible,2779,4,5,1,Ta|P|W|RH|Rs,F,1474,20,development
huc8_05030102,03094704,14,B_union_D,True,eligible,2779,4,5,1,Ta|P|W|RH|Rs,F,1338,20,development
huc8_05030102,03094704,14,B_union_D_union_M_union_H,True,eligible,2779,4,5,1,Ta|P|W|RH|Rs,F,1338,20,development
huc8_05030102,03094704,30,B_union_D,True,eligible,2779,4,5,1,Ta|P|W|RH|Rs,F,1130,20,development
huc8_05030102,03094704,30,B_union_D_union_M_union_H,True,eligible,2779,4,5,1,Ta|P|W|RH|Rs,F,1130,20,development
huc8_05030102,03094704,60,B_union_D,True,eligible,2779,4,5,1,Ta|P|W|RH|Rs,F,844,20,development
huc8_05030102,03094704,60,B_union_D_union_M_union_H,True,eligible,2779,4,5,1,Ta|P|W|RH|Rs,F,844,20,development
huc8_05030102,03094704,90,B_union_D,True,eligible,2779,4,5,1,Ta|P|W|RH|Rs,F,610,20,development
huc8_05030102,03094704,90,B_union_D_union_M_union_H,True,eligible,2779,4,5,1,Ta|P|W|RH|Rs,F,610,20,development
huc8_05030102,03094704,180,B_union_D,True,eligible,2779,4,5,1,Ta|P|W|RH|Rs,F,238,20,development
huc8_05030102,03094704,180,B_union_D_union_M_union_H,True,eligible,2779,4,5,1,Ta|P|W|RH|Rs,F,238,20,development
huc8_05030102,03094704,365,B_union_D,False,no_eligible_evaluation_windows,2779,4,5,1,Ta|P|W|RH|Rs,F,0,0,development
huc8_05030102,03094704,365,B_union_D_union_M_union_H,False,no_eligible_evaluation_windows,2779,4,5,1,Ta|P|W|RH|Rs,F,0,0,development
huc8_05030102,03102850,7,B_union_D,True,eligible,2434,4,5,1,Ta|P|W|RH|Rs,F,1457,20,development
huc8_05030102,03102850,7,B_union_D_union_M_union_H,True,eligible,2434,4,5,1,Ta|P|W|RH|Rs,F,1457,20,development
huc8_05030102,03102850,14,B_union_D,True,eligible,2434,4,5,1,Ta|P|W|RH|Rs,F,1321,20,development
huc8_05030102,03102850,14,B_union_D_union_M_union_H,True,eligible,2434,4,5,1,Ta|P|W|RH|Rs,F,1321,20,development
huc8_05030102,03102850,30,B_union_D,True,eligible,2434,4,5,1,Ta|P|W|RH|Rs,F,1119,20,development
huc8_05030102,03102850,30,B_union_D_union_M_union_H,True,eligible,2434,4,5,1,Ta|P|W|RH|Rs,F,1119,20,development
huc8_05030102,03102850,60,B_union_D,True,eligible,2434,4,5,1,Ta|P|W|RH|Rs,F,836,20,development
huc8_05030102,03102850,60,B_union_D_union_M_union_H,True,eligible,2434,4,5,1,Ta|P|W|RH|Rs,F,836,20,development
huc8_05030102,03102850,90,B_union_D,True,eligible,2434,4,5,1,Ta|P|W|RH|Rs,F,604,20,development
huc8_05030102,03102850,90,B_union_D_union_M_union_H,True,eligible,2434,4,5,1,Ta|P|W|RH|Rs,F,604,20,development
huc8_05030102,03102850,180,B_union_D,True,eligible,2434,4,5,1,Ta|P|W|RH|Rs,F,236,20,development
huc8_05030102,03102850,180,B_union_D_union_M_union_H,True,eligible,2434,4,5,1,Ta|P|W|RH|Rs,F,236,20,development
huc8_05030102,03102850,365,B_union_D,False,no_eligible_evaluation_windows,2434,4,5,1,Ta|P|W|RH|Rs,F,0,0,development
huc8_05030102,03102850,365,B_union_D_union_M_union_H,False,no_eligible_evaluation_windows,2434,4,5,1,Ta|P|W|RH|Rs,F,0,0,development
huc8_05030102,03102950,7,B_union_D,True,eligible,3628,4,5,1,Ta|P|W|RH|Rs,F,1471,20,development
huc8_05030102,03102950,7,B_union_D_union_M_union_H,True,eligible,3628,4,5,1,Ta|P|W|RH|Rs,F,1456,20,development
huc8_05030102,03102950,14,B_union_D,True,eligible,3628,4,5,1,Ta|P|W|RH|Rs,F,1337,20,development
huc8_05030102,03102950,14,B_union_D_union_M_union_H,True,eligible,3628,4,5,1,Ta|P|W|RH|Rs,F,1310,20,development
huc8_05030102,03102950,30,B_union_D,True,eligible,3628,4,5,1,Ta|P|W|RH|Rs,F,1128,20,development
huc8_05030102,03102950,30,B_union_D_union_M_union_H,True,eligible,3628,4,5,1,Ta|P|W|RH|Rs,F,1098,20,development
huc8_05030102,03102950,60,B_union_D,True,eligible,3628,4,5,1,Ta|P|W|RH|Rs,F,842,20,development
huc8_05030102,03102950,60,B_union_D_union_M_union_H,True,eligible,3628,4,5,1,Ta|P|W|RH|Rs,F,791,20,development
huc8_05030102,03102950,90,B_union_D,True,eligible,3628,4,5,1,Ta|P|W|RH|Rs,F,608,20,development
huc8_05030102,03102950,90,B_union_D_union_M_union_H,True,eligible,3628,4,5,1,Ta|P|W|RH|Rs,F,557,20,development
huc8_05030102,03102950,180,B_union_D,True,eligible,3628,4,5,1,Ta|P|W|RH|Rs,F,237,20,development
huc8_05030102,03102950,180,B_union_D_union_M_union_H,True,eligible,3628,4,5,1,Ta|P|W|RH|Rs,F,207,20,development
huc8_05030102,03102950,365,B_union_D,False,no_eligible_evaluation_windows,3628,4,5,1,Ta|P|W|RH|Rs,F,0,0,development
huc8_05030102,03102950,365,B_union_D_union_M_union_H,False,no_eligible_evaluation_windows,3628,4,5,1,Ta|P|W|RH|Rs,F,0,0,development
huc8_05030102,03103500,7,B_union_D,True,eligible,4759,4,5,1,Ta|P|W|RH|Rs,F,1464,20,development
huc8_05030102,03103500,7,B_union_D_union_M_union_H,True,eligible,4759,4,5,1,Ta|P|W|RH|Rs,F,1464,20,development
huc8_05030102,03103500,14,B_union_D,True,eligible,4759,4,5,1,Ta|P|W|RH|Rs,F,1330,20,development
huc8_05030102,03103500,14,B_union_D_union_M_union_H,True,eligible,4759,4,5,1,Ta|P|W|RH|Rs,F,1330,20,development
huc8_05030102,03103500,30,B_union_D,True,eligible,4759,4,5,1,Ta|P|W|RH|Rs,F,1125,20,development
huc8_05030102,03103500,30,B_union_D_union_M_union_H,True,eligible,4759,4,5,1,Ta|P|W|RH|Rs,F,1125,20,development
huc8_05030102,03103500,60,B_union_D,True,eligible,4759,4,5,1,Ta|P|W|RH|Rs,F,840,20,development
huc8_05030102,03103500,60,B_union_D_union_M_union_H,True,eligible,4759,4,5,1,Ta|P|W|RH|Rs,F,840,20,development
huc8_05030102,03103500,90,B_union_D,True,eligible,4759,4,5,1,Ta|P|W|RH|Rs,F,606,20,development
huc8_05030102,03103500,90,B_union_D_union_M_union_H,True,eligible,4759,4,5,1,Ta|P|W|RH|Rs,F,606,20,development
huc8_05030102,03103500,180,B_union_D,True,eligible,4759,4,5,1,Ta|P|W|RH|Rs,F,236,20,development
huc8_05030102,03103500,180,B_union_D_union_M_union_H,True,eligible,4759,4,5,1,Ta|P|W|RH|Rs,F,236,20,development
huc8_05030102,03103500,365,B_union_D,False,no_eligible_evaluation_windows,4759,4,5,1,Ta|P|W|RH|Rs,F,0,0,development
huc8_05030102,03103500,365,B_union_D_union_M_union_H,False,no_eligible_evaluation_windows,4759,4,5,1,Ta|P|W|RH|Rs,F,0,0,development
huc8_05030102,03104490,7,B_union_D,True,eligible,1264,4,5,1,Ta|P|W|RH|Rs,F,1472,20,development
huc8_05030102,03104490,7,B_union_D_union_M_union_H,True,eligible,1264,4,5,1,Ta|P|W|RH|Rs,F,1465,20,development
huc8_05030102,03104490,14,B_union_D,True,eligible,1264,4,5,1,Ta|P|W|RH|Rs,F,1335,20,development
huc8_05030102,03104490,14,B_union_D_union_M_union_H,True,eligible,1264,4,5,1,Ta|P|W|RH|Rs,F,1321,20,development
huc8_05030102,03104490,30,B_union_D,True,eligible,1264,4,5,1,Ta|P|W|RH|Rs,F,1128,20,development
huc8_05030102,03104490,30,B_union_D_union_M_union_H,True,eligible,1264,4,5,1,Ta|P|W|RH|Rs,F,1108,20,development
huc8_05030102,03104490,60,B_union_D,True,eligible,1264,4,5,1,Ta|P|W|RH|Rs,F,842,20,development
huc8_05030102,03104490,60,B_union_D_union_M_union_H,True,eligible,1264,4,5,1,Ta|P|W|RH|Rs,F,822,20,development
huc8_05030102,03104490,90,B_union_D,True,eligible,1264,4,5,1,Ta|P|W|RH|Rs,F,608,20,development
huc8_05030102,03104490,90,B_union_D_union_M_union_H,True,eligible,1264,4,5,1,Ta|P|W|RH|Rs,F,588,20,development
huc8_05030102,03104490,180,B_union_D,True,eligible,1264,4,5,1,Ta|P|W|RH|Rs,F,237,20,development
huc8_05030102,03104490,180,B_union_D_union_M_union_H,True,eligible,1264,4,5,1,Ta|P|W|RH|Rs,F,237,20,development
huc8_05030102,03104490,365,B_union_D,False,no_eligible_evaluation_windows,1264,4,5,1,Ta|P|W|RH|Rs,F,0,0,development
huc8_05030102,03104490,365,B_union_D_union_M_union_H,False,no_eligible_evaluation_windows,1264,4,5,1,Ta|P|W|RH|Rs,F,0,0,development
huc8_05040001,03119341,7,B_union_D,True,eligible,2738,10,5,1,Ta|P|W|RH|Rs,L,757,20,development
huc8_05040001,03119341,7,B_union_D_union_M_union_H,True,eligible,2738,10,5,1,Ta|P|W|RH|Rs,L,750,20,development
huc8_05040001,03119341,14,B_union_D,True,eligible,2738,10,5,1,Ta|P|W|RH|Rs,L,679,20,development
huc8_05040001,03119341,14,B_union_D_union_M_union_H,True,eligible,2738,10,5,1,Ta|P|W|RH|Rs,L,665,20,development
huc8_05040001,03119341,30,B_union_D,True,eligible,2738,10,5,1,Ta|P|W|RH|Rs,L,539,20,development
huc8_05040001,03119341,30,B_union_D_union_M_union_H,True,eligible,2738,10,5,1,Ta|P|W|RH|Rs,L,523,20,development
huc8_05040001,03119341,60,B_union_D,True,eligible,2738,10,5,1,Ta|P|W|RH|Rs,L,368,20,development
huc8_05040001,03119341,60,B_union_D_union_M_union_H,True,eligible,2738,10,5,1,Ta|P|W|RH|Rs,L,352,20,development
huc8_05040001,03119341,90,B_union_D,True,eligible,2738,10,5,1,Ta|P|W|RH|Rs,L,249,20,development
huc8_05040001,03119341,90,B_union_D_union_M_union_H,True,eligible,2738,10,5,1,Ta|P|W|RH|Rs,L,249,20,development
huc8_05040001,03119341,180,B_union_D,True,eligible,2738,10,5,1,Ta|P|W|RH|Rs,L,140,20,development
huc8_05040001,03119341,180,B_union_D_union_M_union_H,True,eligible,2738,10,5,1,Ta|P|W|RH|Rs,L,140,20,development
huc8_05040001,03119341,365,B_union_D,False,no_eligible_evaluation_windows,2738,10,5,1,Ta|P|W|RH|Rs,L,0,0,development
huc8_05040001,03119341,365,B_union_D_union_M_union_H,False,no_eligible_evaluation_windows,2738,10,5,1,Ta|P|W|RH|Rs,L,0,0,development
huc8_05040001,03119971,7,B_union_D,True,eligible,2690,10,5,1,Ta|P|W|RH|Rs,L,757,20,development
huc8_05040001,03119971,7,B_union_D_union_M_union_H,True,eligible,2690,10,5,1,Ta|P|W|RH|Rs,L,741,20,development
huc8_05040001,03119971,14,B_union_D,True,eligible,2690,10,5,1,Ta|P|W|RH|Rs,L,680,20,development
huc8_05040001,03119971,14,B_union_D_union_M_union_H,True,eligible,2690,10,5,1,Ta|P|W|RH|Rs,L,650,20,development
huc8_05040001,03119971,30,B_union_D,True,eligible,2690,10,5,1,Ta|P|W|RH|Rs,L,540,20,development
huc8_05040001,03119971,30,B_union_D_union_M_union_H,True,eligible,2690,10,5,1,Ta|P|W|RH|Rs,L,492,20,development
huc8_05040001,03119971,60,B_union_D,True,eligible,2690,10,5,1,Ta|P|W|RH|Rs,L,369,20,development
huc8_05040001,03119971,60,B_union_D_union_M_union_H,True,eligible,2690,10,5,1,Ta|P|W|RH|Rs,L,317,20,development
huc8_05040001,03119971,90,B_union_D,True,eligible,2690,10,5,1,Ta|P|W|RH|Rs,L,249,20,development
huc8_05040001,03119971,90,B_union_D_union_M_union_H,True,eligible,2690,10,5,1,Ta|P|W|RH|Rs,L,244,20,development
huc8_05040001,03119971,180,B_union_D,True,eligible,2690,10,5,1,Ta|P|W|RH|Rs,L,140,20,development
huc8_05040001,03119971,180,B_union_D_union_M_union_H,True,eligible,2690,10,5,1,Ta|P|W|RH|Rs,L,140,20,development
huc8_05040001,03119971,365,B_union_D,False,no_eligible_evaluation_windows,2690,10,5,1,Ta|P|W|RH|Rs,L,0,0,development
huc8_05040001,03119971,365,B_union_D_union_M_union_H,False,no_eligible_evaluation_windows,2690,10,5,1,Ta|P|W|RH|Rs,L,0,0,development
huc8_05040001,03119979,7,B_union_D,True,eligible,2735,10,5,1,Ta|P|W|RH|Rs,L,756,20,development
huc8_05040001,03119979,7,B_union_D_union_M_union_H,True,eligible,2735,10,5,1,Ta|P|W|RH|Rs,L,756,20,development
huc8_05040001,03119979,14,B_union_D,True,eligible,2735,10,5,1,Ta|P|W|RH|Rs,L,678,20,development
huc8_05040001,03119979,14,B_union_D_union_M_union_H,True,eligible,2735,10,5,1,Ta|P|W|RH|Rs,L,678,20,development
huc8_05040001,03119979,30,B_union_D,True,eligible,2735,10,5,1,Ta|P|W|RH|Rs,L,540,20,development
huc8_05040001,03119979,30,B_union_D_union_M_union_H,True,eligible,2735,10,5,1,Ta|P|W|RH|Rs,L,540,20,development
huc8_05040001,03119979,60,B_union_D,True,eligible,2735,10,5,1,Ta|P|W|RH|Rs,L,369,20,development
huc8_05040001,03119979,60,B_union_D_union_M_union_H,True,eligible,2735,10,5,1,Ta|P|W|RH|Rs,L,369,20,development
huc8_05040001,03119979,90,B_union_D,True,eligible,2735,10,5,1,Ta|P|W|RH|Rs,L,249,20,development
huc8_05040001,03119979,90,B_union_D_union_M_union_H,True,eligible,2735,10,5,1,Ta|P|W|RH|Rs,L,249,20,development
huc8_05040001,03119979,180,B_union_D,True,eligible,2735,10,5,1,Ta|P|W|RH|Rs,L,140,20,development
huc8_05040001,03119979,180,B_union_D_union_M_union_H,True,eligible,2735,10,5,1,Ta|P|W|RH|Rs,L,140,20,development
huc8_05040001,03119979,365,B_union_D,False,no_eligible_evaluation_windows,2735,10,5,1,Ta|P|W|RH|Rs,L,0,0,development
huc8_05040001,03119979,365,B_union_D_union_M_union_H,False,no_eligible_evaluation_windows,2735,10,5,1,Ta|P|W|RH|Rs,L,0,0,development
huc8_05040001,03120820,7,B_union_D,True,eligible,2743,10,5,1,Ta|P|W|RH|Rs,L,751,20,development
huc8_05040001,03120820,7,B_union_D_union_M_union_H,True,eligible,2743,10,5,1,Ta|P|W|RH|Rs,L,742,20,development
huc8_05040001,03120820,14,B_union_D,True,eligible,2743,10,5,1,Ta|P|W|RH|Rs,L,673,20,development
huc8_05040001,03120820,14,B_union_D_union_M_union_H,True,eligible,2743,10,5,1,Ta|P|W|RH|Rs,L,657,20,development
huc8_05040001,03120820,30,B_union_D,True,eligible,2743,10,5,1,Ta|P|W|RH|Rs,L,533,20,development
huc8_05040001,03120820,30,B_union_D_union_M_union_H,True,eligible,2743,10,5,1,Ta|P|W|RH|Rs,L,517,20,development
huc8_05040001,03120820,60,B_union_D,True,eligible,2743,10,5,1,Ta|P|W|RH|Rs,L,363,20,development
huc8_05040001,03120820,60,B_union_D_union_M_union_H,True,eligible,2743,10,5,1,Ta|P|W|RH|Rs,L,347,20,development
huc8_05040001,03120820,90,B_union_D,True,eligible,2743,10,5,1,Ta|P|W|RH|Rs,L,245,20,development
huc8_05040001,03120820,90,B_union_D_union_M_union_H,True,eligible,2743,10,5,1,Ta|P|W|RH|Rs,L,245,20,development
huc8_05040001,03120820,180,B_union_D,True,eligible,2743,10,5,1,Ta|P|W|RH|Rs,L,139,20,development
huc8_05040001,03120820,180,B_union_D_union_M_union_H,True,eligible,2743,10,5,1,Ta|P|W|RH|Rs,L,139,20,development
huc8_05040001,03120820,365,B_union_D,False,no_eligible_evaluation_windows,2743,10,5,1,Ta|P|W|RH|Rs,L,0,0,development
huc8_05040001,03120820,365,B_union_D_union_M_union_H,False,no_eligible_evaluation_windows,2743,10,5,1,Ta|P|W|RH|Rs,L,0,0,development
huc8_05040001,03120869,7,B_union_D,True,eligible,2741,10,5,1,Ta|P|W|RH|Rs,L,757,20,development
huc8_05040001,03120869,7,B_union_D_union_M_union_H,True,eligible,2741,10,5,1,Ta|P|W|RH|Rs,L,735,20,development
huc8_05040001,03120869,14,B_union_D,True,eligible,2741,10,5,1,Ta|P|W|RH|Rs,L,679,20,development
huc8_05040001,03120869,14,B_union_D_union_M_union_H,True,eligible,2741,10,5,1,Ta|P|W|RH|Rs,L,643,20,development
huc8_05040001,03120869,30,B_union_D,True,eligible,2741,10,5,1,Ta|P|W|RH|Rs,L,539,20,development
huc8_05040001,03120869,30,B_union_D_union_M_union_H,True,eligible,2741,10,5,1,Ta|P|W|RH|Rs,L,494,20,development
huc8_05040001,03120869,60,B_union_D,True,eligible,2741,10,5,1,Ta|P|W|RH|Rs,L,369,20,development
huc8_05040001,03120869,60,B_union_D_union_M_union_H,True,eligible,2741,10,5,1,Ta|P|W|RH|Rs,L,294,20,development
huc8_05040001,03120869,90,B_union_D,True,eligible,2741,10,5,1,Ta|P|W|RH|Rs,L,249,20,development
huc8_05040001,03120869,90,B_union_D_union_M_union_H,True,eligible,2741,10,5,1,Ta|P|W|RH|Rs,L,182,20,development
huc8_05040001,03120869,180,B_union_D,True,eligible,2741,10,5,1,Ta|P|W|RH|Rs,L,140,20,development
huc8_05040001,03120869,180,B_union_D_union_M_union_H,True,eligible,2741,10,5,1,Ta|P|W|RH|Rs,L,73,20,development
huc8_05040001,03120869,365,B_union_D,False,no_eligible_evaluation_windows,2741,10,5,1,Ta|P|W|RH|Rs,L,0,0,development
huc8_05040001,03120869,365,B_union_D_union_M_union_H,False,no_eligible_evaluation_windows,2741,10,5,1,Ta|P|W|RH|Rs,L,0,0,development
huc8_05040001,03120961,7,B_union_D,True,eligible,2511,10,5,1,Ta|P|W|RH|Rs,L,758,20,development
huc8_05040001,03120961,7,B_union_D_union_M_union_H,True,eligible,2511,10,5,1,Ta|P|W|RH|Rs,L,700,20,development
huc8_05040001,03120961,14,B_union_D,True,eligible,2511,10,5,1,Ta|P|W|RH|Rs,L,680,20,development
huc8_05040001,03120961,14,B_union_D_union_M_union_H,True,eligible,2511,10,5,1,Ta|P|W|RH|Rs,L,618,20,development
huc8_05040001,03120961,30,B_union_D,True,eligible,2511,10,5,1,Ta|P|W|RH|Rs,L,540,20,development
huc8_05040001,03120961,30,B_union_D_union_M_union_H,True,eligible,2511,10,5,1,Ta|P|W|RH|Rs,L,478,20,development
huc8_05040001,03120961,60,B_union_D,True,eligible,2511,10,5,1,Ta|P|W|RH|Rs,L,369,20,development
huc8_05040001,03120961,60,B_union_D_union_M_union_H,True,eligible,2511,10,5,1,Ta|P|W|RH|Rs,L,332,20,development
huc8_05040001,03120961,90,B_union_D,True,eligible,2511,10,5,1,Ta|P|W|RH|Rs,L,249,20,development
huc8_05040001,03120961,90,B_union_D_union_M_union_H,True,eligible,2511,10,5,1,Ta|P|W|RH|Rs,L,244,20,development
huc8_05040001,03120961,180,B_union_D,True,eligible,2511,10,5,1,Ta|P|W|RH|Rs,L,140,20,development
huc8_05040001,03120961,180,B_union_D_union_M_union_H,True,eligible,2511,10,5,1,Ta|P|W|RH|Rs,L,140,20,development
huc8_05040001,03120961,365,B_union_D,False,no_eligible_evaluation_windows,2511,10,5,1,Ta|P|W|RH|Rs,L,0,0,development
huc8_05040001,03120961,365,B_union_D_union_M_union_H,False,no_eligible_evaluation_windows,2511,10,5,1,Ta|P|W|RH|Rs,L,0,0,development
huc8_05040001,03125338,7,B_union_D,True,eligible,2732,10,5,1,Ta|P|W|RH|Rs,L,758,20,development
huc8_05040001,03125338,7,B_union_D_union_M_union_H,True,eligible,2732,10,5,1,Ta|P|W|RH|Rs,L,758,20,development
huc8_05040001,03125338,14,B_union_D,True,eligible,2732,10,5,1,Ta|P|W|RH|Rs,L,680,20,development
huc8_05040001,03125338,14,B_union_D_union_M_union_H,True,eligible,2732,10,5,1,Ta|P|W|RH|Rs,L,680,20,development
huc8_05040001,03125338,30,B_union_D,True,eligible,2732,10,5,1,Ta|P|W|RH|Rs,L,540,20,development
huc8_05040001,03125338,30,B_union_D_union_M_union_H,True,eligible,2732,10,5,1,Ta|P|W|RH|Rs,L,540,20,development
huc8_05040001,03125338,60,B_union_D,True,eligible,2732,10,5,1,Ta|P|W|RH|Rs,L,369,20,development
huc8_05040001,03125338,60,B_union_D_union_M_union_H,True,eligible,2732,10,5,1,Ta|P|W|RH|Rs,L,369,20,development
huc8_05040001,03125338,90,B_union_D,True,eligible,2732,10,5,1,Ta|P|W|RH|Rs,L,249,20,development
huc8_05040001,03125338,90,B_union_D_union_M_union_H,True,eligible,2732,10,5,1,Ta|P|W|RH|Rs,L,249,20,development
huc8_05040001,03125338,180,B_union_D,True,eligible,2732,10,5,1,Ta|P|W|RH|Rs,L,140,20,development
huc8_05040001,03125338,180,B_union_D_union_M_union_H,True,eligible,2732,10,5,1,Ta|P|W|RH|Rs,L,140,20,development
huc8_05040001,03125338,365,B_union_D,False,no_eligible_evaluation_windows,2732,10,5,1,Ta|P|W|RH|Rs,L,0,0,development
huc8_05040001,03125338,365,B_union_D_union_M_union_H,False,no_eligible_evaluation_windows,2732,10,5,1,Ta|P|W|RH|Rs,L,0,0,development
huc8_05040001,03126395,7,B_union_D,True,eligible,2713,10,5,1,Ta|P|W|RH|Rs,L,753,20,development
huc8_05040001,03126395,7,B_union_D_union_M_union_H,True,eligible,2713,10,5,1,Ta|P|W|RH|Rs,L,745,20,development
huc8_05040001,03126395,14,B_union_D,True,eligible,2713,10,5,1,Ta|P|W|RH|Rs,L,675,20,development
huc8_05040001,03126395,14,B_union_D_union_M_union_H,True,eligible,2713,10,5,1,Ta|P|W|RH|Rs,L,660,20,development
huc8_05040001,03126395,30,B_union_D,True,eligible,2713,10,5,1,Ta|P|W|RH|Rs,L,537,20,development
huc8_05040001,03126395,30,B_union_D_union_M_union_H,True,eligible,2713,10,5,1,Ta|P|W|RH|Rs,L,513,20,development
huc8_05040001,03126395,60,B_union_D,True,eligible,2713,10,5,1,Ta|P|W|RH|Rs,L,366,20,development
huc8_05040001,03126395,60,B_union_D_union_M_union_H,True,eligible,2713,10,5,1,Ta|P|W|RH|Rs,L,349,20,development
huc8_05040001,03126395,90,B_union_D,True,eligible,2713,10,5,1,Ta|P|W|RH|Rs,L,248,20,development
huc8_05040001,03126395,90,B_union_D_union_M_union_H,True,eligible,2713,10,5,1,Ta|P|W|RH|Rs,L,248,20,development
huc8_05040001,03126395,180,B_union_D,True,eligible,2713,10,5,1,Ta|P|W|RH|Rs,L,140,20,development
huc8_05040001,03126395,180,B_union_D_union_M_union_H,True,eligible,2713,10,5,1,Ta|P|W|RH|Rs,L,140,20,development
huc8_05040001,03126395,365,B_union_D,False,no_eligible_evaluation_windows,2713,10,5,1,Ta|P|W|RH|Rs,L,0,0,development
huc8_05040001,03126395,365,B_union_D_union_M_union_H,False,no_eligible_evaluation_windows,2713,10,5,1,Ta|P|W|RH|Rs,L,0,0,development
huc8_05040001,03127980,7,B_union_D,True,eligible,2742,10,5,1,Ta|P|W|RH|Rs,L,756,20,development
huc8_05040001,03127980,7,B_union_D_union_M_union_H,True,eligible,2742,10,5,1,Ta|P|W|RH|Rs,L,756,20,development
huc8_05040001,03127980,14,B_union_D,True,eligible,2742,10,5,1,Ta|P|W|RH|Rs,L,678,20,development
huc8_05040001,03127980,14,B_union_D_union_M_union_H,True,eligible,2742,10,5,1,Ta|P|W|RH|Rs,L,678,20,development
huc8_05040001,03127980,30,B_union_D,True,eligible,2742,10,5,1,Ta|P|W|RH|Rs,L,539,20,development
huc8_05040001,03127980,30,B_union_D_union_M_union_H,True,eligible,2742,10,5,1,Ta|P|W|RH|Rs,L,539,20,development
huc8_05040001,03127980,60,B_union_D,True,eligible,2742,10,5,1,Ta|P|W|RH|Rs,L,369,20,development
huc8_05040001,03127980,60,B_union_D_union_M_union_H,True,eligible,2742,10,5,1,Ta|P|W|RH|Rs,L,369,20,development
huc8_05040001,03127980,90,B_union_D,True,eligible,2742,10,5,1,Ta|P|W|RH|Rs,L,249,20,development
huc8_05040001,03127980,90,B_union_D_union_M_union_H,True,eligible,2742,10,5,1,Ta|P|W|RH|Rs,L,249,20,development
huc8_05040001,03127980,180,B_union_D,True,eligible,2742,10,5,1,Ta|P|W|RH|Rs,L,140,20,development
huc8_05040001,03127980,180,B_union_D_union_M_union_H,True,eligible,2742,10,5,1,Ta|P|W|RH|Rs,L,140,20,development
huc8_05040001,03127980,365,B_union_D,False,no_eligible_evaluation_windows,2742,10,5,1,Ta|P|W|RH|Rs,L,0,0,development
huc8_05040001,03127980,365,B_union_D_union_M_union_H,False,no_eligible_evaluation_windows,2742,10,5,1,Ta|P|W|RH|Rs,L,0,0,development
huc8_05040001,03127986,7,B_union_D,True,eligible,2718,10,5,1,Ta|P|W|RH|Rs,L,758,20,development
huc8_05040001,03127986,7,B_union_D_union_M_union_H,True,eligible,2718,10,5,1,Ta|P|W|RH|Rs,L,754,20,development
huc8_05040001,03127986,14,B_union_D,True,eligible,2718,10,5,1,Ta|P|W|RH|Rs,L,680,20,development
huc8_05040001,03127986,14,B_union_D_union_M_union_H,True,eligible,2718,10,5,1,Ta|P|W|RH|Rs,L,676,20,development
huc8_05040001,03127986,30,B_union_D,True,eligible,2718,10,5,1,Ta|P|W|RH|Rs,L,540,20,development
huc8_05040001,03127986,30,B_union_D_union_M_union_H,True,eligible,2718,10,5,1,Ta|P|W|RH|Rs,L,540,20,development
huc8_05040001,03127986,60,B_union_D,True,eligible,2718,10,5,1,Ta|P|W|RH|Rs,L,369,20,development
huc8_05040001,03127986,60,B_union_D_union_M_union_H,True,eligible,2718,10,5,1,Ta|P|W|RH|Rs,L,369,20,development
huc8_05040001,03127986,90,B_union_D,True,eligible,2718,10,5,1,Ta|P|W|RH|Rs,L,249,20,development
huc8_05040001,03127986,90,B_union_D_union_M_union_H,True,eligible,2718,10,5,1,Ta|P|W|RH|Rs,L,249,20,development
huc8_05040001,03127986,180,B_union_D,True,eligible,2718,10,5,1,Ta|P|W|RH|Rs,L,140,20,development
huc8_05040001,03127986,180,B_union_D_union_M_union_H,True,eligible,2718,10,5,1,Ta|P|W|RH|Rs,L,140,20,development
huc8_05040001,03127986,365,B_union_D,False,no_eligible_evaluation_windows,2718,10,5,1,Ta|P|W|RH|Rs,L,0,0,development
huc8_05040001,03127986,365,B_union_D_union_M_union_H,False,no_eligible_evaluation_windows,2718,10,5,1,Ta|P|W|RH|Rs,L,0,0,development
huc8_05040001,03127989,7,B_union_D,True,eligible,2746,10,5,1,Ta|P|W|RH|Rs,L,753,20,development
huc8_05040001,03127989,7,B_union_D_union_M_union_H,True,eligible,2746,10,5,1,Ta|P|W|RH|Rs,L,725,20,development
huc8_05040001,03127989,14,B_union_D,True,eligible,2746,10,5,1,Ta|P|W|RH|Rs,L,676,20,development
huc8_05040001,03127989,14,B_union_D_union_M_union_H,True,eligible,2746,10,5,1,Ta|P|W|RH|Rs,L,635,20,development
huc8_05040001,03127989,30,B_union_D,True,eligible,2746,10,5,1,Ta|P|W|RH|Rs,L,539,20,development
huc8_05040001,03127989,30,B_union_D_union_M_union_H,True,eligible,2746,10,5,1,Ta|P|W|RH|Rs,L,482,20,development
huc8_05040001,03127989,60,B_union_D,True,eligible,2746,10,5,1,Ta|P|W|RH|Rs,L,369,20,development
huc8_05040001,03127989,60,B_union_D_union_M_union_H,True,eligible,2746,10,5,1,Ta|P|W|RH|Rs,L,284,20,development
huc8_05040001,03127989,90,B_union_D,True,eligible,2746,10,5,1,Ta|P|W|RH|Rs,L,249,20,development
huc8_05040001,03127989,90,B_union_D_union_M_union_H,True,eligible,2746,10,5,1,Ta|P|W|RH|Rs,L,165,20,development
huc8_05040001,03127989,180,B_union_D,True,eligible,2746,10,5,1,Ta|P|W|RH|Rs,L,140,20,development
huc8_05040001,03127989,180,B_union_D_union_M_union_H,True,eligible,2746,10,5,1,Ta|P|W|RH|Rs,L,56,20,development
huc8_05040001,03127989,365,B_union_D,False,no_eligible_evaluation_windows,2746,10,5,1,Ta|P|W|RH|Rs,L,0,0,development
huc8_05040001,03127989,365,B_union_D_union_M_union_H,False,no_eligible_evaluation_windows,2746,10,5,1,Ta|P|W|RH|Rs,L,0,0,development
huc8_05040005,03140853,7,B_union_D,True,eligible,2723,2,5,1,Ta|P|W|RH|Rs,L,829,20,development
huc8_05040005,03140853,7,B_union_D_union_M_union_H,True,eligible,2723,2,5,1,Ta|P|W|RH|Rs,L,794,20,development
huc8_05040005,03140853,14,B_union_D,True,eligible,2723,2,5,1,Ta|P|W|RH|Rs,L,808,20,development
huc8_05040005,03140853,14,B_union_D_union_M_union_H,True,eligible,2723,2,5,1,Ta|P|W|RH|Rs,L,745,20,development
huc8_05040005,03140853,30,B_union_D,True,eligible,2723,2,5,1,Ta|P|W|RH|Rs,L,760,20,development
huc8_05040005,03140853,30,B_union_D_union_M_union_H,True,eligible,2723,2,5,1,Ta|P|W|RH|Rs,L,634,20,development
huc8_05040005,03140853,60,B_union_D,True,eligible,2723,2,5,1,Ta|P|W|RH|Rs,L,679,20,development
huc8_05040005,03140853,60,B_union_D_union_M_union_H,True,eligible,2723,2,5,1,Ta|P|W|RH|Rs,L,476,20,development
huc8_05040005,03140853,90,B_union_D,True,eligible,2723,2,5,1,Ta|P|W|RH|Rs,L,619,20,development
huc8_05040005,03140853,90,B_union_D_union_M_union_H,True,eligible,2723,2,5,1,Ta|P|W|RH|Rs,L,367,20,development
huc8_05040005,03140853,180,B_union_D,True,eligible,2723,2,5,1,Ta|P|W|RH|Rs,L,439,20,development
huc8_05040005,03140853,180,B_union_D_union_M_union_H,True,eligible,2723,2,5,1,Ta|P|W|RH|Rs,L,138,20,development
huc8_05040005,03140853,365,B_union_D,False,no_eligible_evaluation_windows,2723,2,5,1,Ta|P|W|RH|Rs,L,156,0,development
huc8_05040005,03140853,365,B_union_D_union_M_union_H,False,no_eligible_evaluation_windows,2723,2,5,1,Ta|P|W|RH|Rs,L,0,0,development
huc8_05040005,03140900,7,B_union_D,True,eligible,2672,2,5,1,Ta|P|W|RH|Rs,L,831,20,development
huc8_05040005,03140900,7,B_union_D_union_M_union_H,True,eligible,2672,2,5,1,Ta|P|W|RH|Rs,L,696,20,development
huc8_05040005,03140900,14,B_union_D,True,eligible,2672,2,5,1,Ta|P|W|RH|Rs,L,810,20,development
huc8_05040005,03140900,14,B_union_D_union_M_union_H,True,eligible,2672,2,5,1,Ta|P|W|RH|Rs,L,633,20,development
huc8_05040005,03140900,30,B_union_D,True,eligible,2672,2,5,1,Ta|P|W|RH|Rs,L,762,20,development
huc8_05040005,03140900,30,B_union_D_union_M_union_H,True,eligible,2672,2,5,1,Ta|P|W|RH|Rs,L,513,20,development
huc8_05040005,03140900,60,B_union_D,True,eligible,2672,2,5,1,Ta|P|W|RH|Rs,L,680,20,development
huc8_05040005,03140900,60,B_union_D_union_M_union_H,True,eligible,2672,2,5,1,Ta|P|W|RH|Rs,L,352,20,development
huc8_05040005,03140900,90,B_union_D,True,eligible,2672,2,5,1,Ta|P|W|RH|Rs,L,620,20,development
huc8_05040005,03140900,90,B_union_D_union_M_union_H,True,eligible,2672,2,5,1,Ta|P|W|RH|Rs,L,262,20,development
huc8_05040005,03140900,180,B_union_D,True,eligible,2672,2,5,1,Ta|P|W|RH|Rs,L,440,20,development
huc8_05040005,03140900,180,B_union_D_union_M_union_H,True,eligible,2672,2,5,1,Ta|P|W|RH|Rs,L,38,20,development
huc8_05040005,03140900,365,B_union_D,False,no_eligible_evaluation_windows,2672,2,5,1,Ta|P|W|RH|Rs,L,155,0,development
huc8_05040005,03140900,365,B_union_D_union_M_union_H,False,no_eligible_evaluation_windows,2672,2,5,1,Ta|P|W|RH|Rs,L,0,0,development
huc8_05040005,03140950,7,B_union_D,True,eligible,2662,2,5,1,Ta|P|W|RH|Rs,L,832,20,development
huc8_05040005,03140950,7,B_union_D_union_M_union_H,True,eligible,2662,2,5,1,Ta|P|W|RH|Rs,L,832,20,development
huc8_05040005,03140950,14,B_union_D,True,eligible,2662,2,5,1,Ta|P|W|RH|Rs,L,811,20,development
huc8_05040005,03140950,14,B_union_D_union_M_union_H,True,eligible,2662,2,5,1,Ta|P|W|RH|Rs,L,811,20,development
huc8_05040005,03140950,30,B_union_D,True,eligible,2662,2,5,1,Ta|P|W|RH|Rs,L,763,20,development
huc8_05040005,03140950,30,B_union_D_union_M_union_H,True,eligible,2662,2,5,1,Ta|P|W|RH|Rs,L,763,20,development
huc8_05040005,03140950,60,B_union_D,True,eligible,2662,2,5,1,Ta|P|W|RH|Rs,L,681,20,development
huc8_05040005,03140950,60,B_union_D_union_M_union_H,True,eligible,2662,2,5,1,Ta|P|W|RH|Rs,L,681,20,development
huc8_05040005,03140950,90,B_union_D,True,eligible,2662,2,5,1,Ta|P|W|RH|Rs,L,621,20,development
huc8_05040005,03140950,90,B_union_D_union_M_union_H,True,eligible,2662,2,5,1,Ta|P|W|RH|Rs,L,621,20,development
huc8_05040005,03140950,180,B_union_D,True,eligible,2662,2,5,1,Ta|P|W|RH|Rs,L,441,20,development
huc8_05040005,03140950,180,B_union_D_union_M_union_H,True,eligible,2662,2,5,1,Ta|P|W|RH|Rs,L,441,20,development
huc8_05040005,03140950,365,B_union_D,True,eligible,2662,2,5,1,Ta|P|W|RH|Rs,L,156,20,development
huc8_05040005,03140950,365,B_union_D_union_M_union_H,True,eligible,2662,2,5,1,Ta|P|W|RH|Rs,L,156,20,development
huc8_05090203,03262001,7,B_union_D,True,eligible,3543,2,5,1,Ta|P|W|RH|Rs,F,266,20,development
huc8_05090203,03262001,7,B_union_D_union_M_union_H,True,eligible,3543,2,5,1,Ta|P|W|RH|Rs,F,266,20,development
huc8_05090203,03262001,14,B_union_D,True,eligible,3543,2,5,1,Ta|P|W|RH|Rs,F,259,20,development
huc8_05090203,03262001,14,B_union_D_union_M_union_H,True,eligible,3543,2,5,1,Ta|P|W|RH|Rs,F,259,20,development
huc8_05090203,03262001,30,B_union_D,True,eligible,3543,2,5,1,Ta|P|W|RH|Rs,F,243,20,development
huc8_05090203,03262001,30,B_union_D_union_M_union_H,True,eligible,3543,2,5,1,Ta|P|W|RH|Rs,F,243,20,development
huc8_05090203,03262001,60,B_union_D,True,eligible,3543,2,5,1,Ta|P|W|RH|Rs,F,213,20,development
huc8_05090203,03262001,60,B_union_D_union_M_union_H,True,eligible,3543,2,5,1,Ta|P|W|RH|Rs,F,213,20,development
huc8_05090203,03262001,90,B_union_D,True,eligible,3543,2,5,1,Ta|P|W|RH|Rs,F,183,20,development
huc8_05090203,03262001,90,B_union_D_union_M_union_H,True,eligible,3543,2,5,1,Ta|P|W|RH|Rs,F,183,20,development
huc8_05090203,03262001,180,B_union_D,True,eligible,3543,2,5,1,Ta|P|W|RH|Rs,F,93,20,development
huc8_05090203,03262001,180,B_union_D_union_M_union_H,True,eligible,3543,2,5,1,Ta|P|W|RH|Rs,F,93,20,development
huc8_05090203,03262001,365,B_union_D,False,no_eligible_evaluation_windows,3543,2,5,1,Ta|P|W|RH|Rs,F,0,0,development
huc8_05090203,03262001,365,B_union_D_union_M_union_H,False,no_eligible_evaluation_windows,3543,2,5,1,Ta|P|W|RH|Rs,F,0,0,development
huc8_05090203,03277075,7,B_union_D,True,eligible,3598,2,5,1,Ta|P|W|RH|Rs,F,266,20,development
huc8_05090203,03277075,7,B_union_D_union_M_union_H,True,eligible,3598,2,5,1,Ta|P|W|RH|Rs,F,266,20,development
huc8_05090203,03277075,14,B_union_D,True,eligible,3598,2,5,1,Ta|P|W|RH|Rs,F,259,20,development
huc8_05090203,03277075,14,B_union_D_union_M_union_H,True,eligible,3598,2,5,1,Ta|P|W|RH|Rs,F,259,20,development
huc8_05090203,03277075,30,B_union_D,True,eligible,3598,2,5,1,Ta|P|W|RH|Rs,F,243,20,development
huc8_05090203,03277075,30,B_union_D_union_M_union_H,True,eligible,3598,2,5,1,Ta|P|W|RH|Rs,F,243,20,development
huc8_05090203,03277075,60,B_union_D,True,eligible,3598,2,5,1,Ta|P|W|RH|Rs,F,213,20,development
huc8_05090203,03277075,60,B_union_D_union_M_union_H,True,eligible,3598,2,5,1,Ta|P|W|RH|Rs,F,213,20,development
huc8_05090203,03277075,90,B_union_D,True,eligible,3598,2,5,1,Ta|P|W|RH|Rs,F,183,20,development
huc8_05090203,03277075,90,B_union_D_union_M_union_H,True,eligible,3598,2,5,1,Ta|P|W|RH|Rs,F,183,20,development
huc8_05090203,03277075,180,B_union_D,True,eligible,3598,2,5,1,Ta|P|W|RH|Rs,F,93,20,development
huc8_05090203,03277075,180,B_union_D_union_M_union_H,True,eligible,3598,2,5,1,Ta|P|W|RH|Rs,F,93,20,development
huc8_05090203,03277075,365,B_union_D,False,no_eligible_evaluation_windows,3598,2,5,1,Ta|P|W|RH|Rs,F,0,0,development
huc8_05090203,03277075,365,B_union_D_union_M_union_H,False,no_eligible_evaluation_windows,3598,2,5,1,Ta|P|W|RH|Rs,F,0,0,development
huc8_05090203,03277130,7,B_union_D,False,no_eligible_evaluation_windows,3223,2,5,2,Ta|P|W|RH|Rs,F|L,265,0,development
huc8_05090203,03277130,7,B_union_D_union_M_union_H,False,no_eligible_evaluation_windows,3223,2,5,2,Ta|P|W|RH|Rs,F|L,0,0,development
huc8_05090203,03277130,14,B_union_D,False,no_eligible_evaluation_windows,3223,2,5,2,Ta|P|W|RH|Rs,F|L,258,0,development
huc8_05090203,03277130,14,B_union_D_union_M_union_H,False,no_eligible_evaluation_windows,3223,2,5,2,Ta|P|W|RH|Rs,F|L,0,0,development
huc8_05090203,03277130,30,B_union_D,False,no_eligible_evaluation_windows,3223,2,5,2,Ta|P|W|RH|Rs,F|L,242,0,development
huc8_05090203,03277130,30,B_union_D_union_M_union_H,False,no_eligible_evaluation_windows,3223,2,5,2,Ta|P|W|RH|Rs,F|L,0,0,development
huc8_05090203,03277130,60,B_union_D,False,no_eligible_evaluation_windows,3223,2,5,2,Ta|P|W|RH|Rs,F|L,212,0,development
huc8_05090203,03277130,60,B_union_D_union_M_union_H,False,no_eligible_evaluation_windows,3223,2,5,2,Ta|P|W|RH|Rs,F|L,0,0,development
huc8_05090203,03277130,90,B_union_D,False,no_eligible_evaluation_windows,3223,2,5,2,Ta|P|W|RH|Rs,F|L,182,0,development
huc8_05090203,03277130,90,B_union_D_union_M_union_H,False,no_eligible_evaluation_windows,3223,2,5,2,Ta|P|W|RH|Rs,F|L,0,0,development
huc8_05090203,03277130,180,B_union_D,False,no_eligible_evaluation_windows,3223,2,5,2,Ta|P|W|RH|Rs,F|L,92,0,development
huc8_05090203,03277130,180,B_union_D_union_M_union_H,False,no_eligible_evaluation_windows,3223,2,5,2,Ta|P|W|RH|Rs,F|L,0,0,development
huc8_05090203,03277130,365,B_union_D,False,no_eligible_evaluation_windows,3223,2,5,2,Ta|P|W|RH|Rs,F|L,0,0,development
huc8_05090203,03277130,365,B_union_D_union_M_union_H,False,no_eligible_evaluation_windows,3223,2,5,2,Ta|P|W|RH|Rs,F|L,0,0,development
huc8_05110001,03306000,7,B_union_D,False,no_eligible_evaluation_windows,5296,2,5,1,Ta|P|W|RH|Rs,L,0,0,development
huc8_05110001,03306000,7,B_union_D_union_M_union_H,False,no_eligible_evaluation_windows,5296,2,5,1,Ta|P|W|RH|Rs,L,0,0,development
huc8_05110001,03306000,14,B_union_D,False,no_eligible_evaluation_windows,5296,2,5,1,Ta|P|W|RH|Rs,L,0,0,development
huc8_05110001,03306000,14,B_union_D_union_M_union_H,False,no_eligible_evaluation_windows,5296,2,5,1,Ta|P|W|RH|Rs,L,0,0,development
huc8_05110001,03306000,30,B_union_D,False,no_eligible_evaluation_windows,5296,2,5,1,Ta|P|W|RH|Rs,L,0,0,development
huc8_05110001,03306000,30,B_union_D_union_M_union_H,False,no_eligible_evaluation_windows,5296,2,5,1,Ta|P|W|RH|Rs,L,0,0,development
huc8_05110001,03306000,60,B_union_D,False,no_eligible_evaluation_windows,5296,2,5,1,Ta|P|W|RH|Rs,L,0,0,development
huc8_05110001,03306000,60,B_union_D_union_M_union_H,False,no_eligible_evaluation_windows,5296,2,5,1,Ta|P|W|RH|Rs,L,0,0,development
huc8_05110001,03306000,90,B_union_D,False,no_eligible_evaluation_windows,5296,2,5,1,Ta|P|W|RH|Rs,L,0,0,development
huc8_05110001,03306000,90,B_union_D_union_M_union_H,False,no_eligible_evaluation_windows,5296,2,5,1,Ta|P|W|RH|Rs,L,0,0,development
huc8_05110001,03306000,180,B_union_D,False,no_eligible_evaluation_windows,5296,2,5,1,Ta|P|W|RH|Rs,L,0,0,development
huc8_05110001,03306000,180,B_union_D_union_M_union_H,False,no_eligible_evaluation_windows,5296,2,5,1,Ta|P|W|RH|Rs,L,0,0,development
huc8_05110001,03306000,365,B_union_D,False,no_eligible_evaluation_windows,5296,2,5,1,Ta|P|W|RH|Rs,L,0,0,development
huc8_05110001,03306000,365,B_union_D_union_M_union_H,False,no_eligible_evaluation_windows,5296,2,5,1,Ta|P|W|RH|Rs,L,0,0,development
huc8_05110001,03306500,7,B_union_D,False,no_eligible_evaluation_windows,4579,2,5,0,Ta|P|W|RH|Rs,,0,0,development
huc8_05110001,03306500,7,B_union_D_union_M_union_H,False,no_hydraulics_with_minimum_training_days,4579,2,5,0,Ta|P|W|RH|Rs,,0,0,development
huc8_05110001,03306500,14,B_union_D,False,no_eligible_evaluation_windows,4579,2,5,0,Ta|P|W|RH|Rs,,0,0,development
huc8_05110001,03306500,14,B_union_D_union_M_union_H,False,no_hydraulics_with_minimum_training_days,4579,2,5,0,Ta|P|W|RH|Rs,,0,0,development
huc8_05110001,03306500,30,B_union_D,False,no_eligible_evaluation_windows,4579,2,5,0,Ta|P|W|RH|Rs,,0,0,development
huc8_05110001,03306500,30,B_union_D_union_M_union_H,False,no_hydraulics_with_minimum_training_days,4579,2,5,0,Ta|P|W|RH|Rs,,0,0,development
huc8_05110001,03306500,60,B_union_D,False,no_eligible_evaluation_windows,4579,2,5,0,Ta|P|W|RH|Rs,,0,0,development
huc8_05110001,03306500,60,B_union_D_union_M_union_H,False,no_hydraulics_with_minimum_training_days,4579,2,5,0,Ta|P|W|RH|Rs,,0,0,development
huc8_05110001,03306500,90,B_union_D,False,no_eligible_evaluation_windows,4579,2,5,0,Ta|P|W|RH|Rs,,0,0,development
huc8_05110001,03306500,90,B_union_D_union_M_union_H,False,no_hydraulics_with_minimum_training_days,4579,2,5,0,Ta|P|W|RH|Rs,,0,0,development
huc8_05110001,03306500,180,B_union_D,False,no_eligible_evaluation_windows,4579,2,5,0,Ta|P|W|RH|Rs,,0,0,development
huc8_05110001,03306500,180,B_union_D_union_M_union_H,False,no_hydraulics_with_minimum_training_days,4579,2,5,0,Ta|P|W|RH|Rs,,0,0,development
huc8_05110001,03306500,365,B_union_D,False,no_eligible_evaluation_windows,4579,2,5,0,Ta|P|W|RH|Rs,,0,0,development
huc8_05110001,03306500,365,B_union_D_union_M_union_H,False,no_hydraulics_with_minimum_training_days,4579,2,5,0,Ta|P|W|RH|Rs,,0,0,development
huc8_05110001,03311500,7,B_union_D,False,no_eligible_evaluation_windows,4498,2,5,0,Ta|P|W|RH|Rs,,0,0,development
huc8_05110001,03311500,7,B_union_D_union_M_union_H,False,no_hydraulics_with_minimum_training_days,4498,2,5,0,Ta|P|W|RH|Rs,,0,0,development
huc8_05110001,03311500,14,B_union_D,False,no_eligible_evaluation_windows,4498,2,5,0,Ta|P|W|RH|Rs,,0,0,development
huc8_05110001,03311500,14,B_union_D_union_M_union_H,False,no_hydraulics_with_minimum_training_days,4498,2,5,0,Ta|P|W|RH|Rs,,0,0,development
huc8_05110001,03311500,30,B_union_D,False,no_eligible_evaluation_windows,4498,2,5,0,Ta|P|W|RH|Rs,,0,0,development
huc8_05110001,03311500,30,B_union_D_union_M_union_H,False,no_hydraulics_with_minimum_training_days,4498,2,5,0,Ta|P|W|RH|Rs,,0,0,development
huc8_05110001,03311500,60,B_union_D,False,no_eligible_evaluation_windows,4498,2,5,0,Ta|P|W|RH|Rs,,0,0,development
huc8_05110001,03311500,60,B_union_D_union_M_union_H,False,no_hydraulics_with_minimum_training_days,4498,2,5,0,Ta|P|W|RH|Rs,,0,0,development
huc8_05110001,03311500,90,B_union_D,False,no_eligible_evaluation_windows,4498,2,5,0,Ta|P|W|RH|Rs,,0,0,development
huc8_05110001,03311500,90,B_union_D_union_M_union_H,False,no_hydraulics_with_minimum_training_days,4498,2,5,0,Ta|P|W|RH|Rs,,0,0,development
huc8_05110001,03311500,180,B_union_D,False,no_eligible_evaluation_windows,4498,2,5,0,Ta|P|W|RH|Rs,,0,0,development
huc8_05110001,03311500,180,B_union_D_union_M_union_H,False,no_hydraulics_with_minimum_training_days,4498,2,5,0,Ta|P|W|RH|Rs,,0,0,development
huc8_05110001,03311500,365,B_union_D,False,no_eligible_evaluation_windows,4498,2,5,0,Ta|P|W|RH|Rs,,0,0,development
huc8_05110001,03311500,365,B_union_D_union_M_union_H,False,no_hydraulics_with_minimum_training_days,4498,2,5,0,Ta|P|W|RH|Rs,,0,0,development
huc8_05120201,03353200,7,B_union_D,False,insufficient_training_target_days,101,0,0,0,,,0,0,development
huc8_05120201,03353200,7,B_union_D_union_M_union_H,False,insufficient_training_target_days,101,0,0,0,,,0,0,development
huc8_05120201,03353200,14,B_union_D,False,insufficient_training_target_days,101,0,0,0,,,0,0,development
huc8_05120201,03353200,14,B_union_D_union_M_union_H,False,insufficient_training_target_days,101,0,0,0,,,0,0,development
huc8_05120201,03353200,30,B_union_D,False,insufficient_training_target_days,101,0,0,0,,,0,0,development
huc8_05120201,03353200,30,B_union_D_union_M_union_H,False,insufficient_training_target_days,101,0,0,0,,,0,0,development
huc8_05120201,03353200,60,B_union_D,False,insufficient_training_target_days,101,0,0,0,,,0,0,development
huc8_05120201,03353200,60,B_union_D_union_M_union_H,False,insufficient_training_target_days,101,0,0,0,,,0,0,development
huc8_05120201,03353200,90,B_union_D,False,insufficient_training_target_days,101,0,0,0,,,0,0,development
huc8_05120201,03353200,90,B_union_D_union_M_union_H,False,insufficient_training_target_days,101,0,0,0,,,0,0,development
huc8_05120201,03353200,180,B_union_D,False,insufficient_training_target_days,101,0,0,0,,,0,0,development
huc8_05120201,03353200,180,B_union_D_union_M_union_H,False,insufficient_training_target_days,101,0,0,0,,,0,0,development
huc8_05120201,03353200,365,B_union_D,False,insufficient_training_target_days,101,0,0,0,,,0,0,development
huc8_05120201,03353200,365,B_union_D_union_M_union_H,False,insufficient_training_target_days,101,0,0,0,,,0,0,development
huc8_05120201,03353415,7,B_union_D,False,insufficient_training_target_days,0,0,0,0,,,0,0,development
huc8_05120201,03353415,7,B_union_D_union_M_union_H,False,insufficient_training_target_days,0,0,0,0,,,0,0,development
huc8_05120201,03353415,14,B_union_D,False,insufficient_training_target_days,0,0,0,0,,,0,0,development
huc8_05120201,03353415,14,B_union_D_union_M_union_H,False,insufficient_training_target_days,0,0,0,0,,,0,0,development
huc8_05120201,03353415,30,B_union_D,False,insufficient_training_target_days,0,0,0,0,,,0,0,development
huc8_05120201,03353415,30,B_union_D_union_M_union_H,False,insufficient_training_target_days,0,0,0,0,,,0,0,development
huc8_05120201,03353415,60,B_union_D,False,insufficient_training_target_days,0,0,0,0,,,0,0,development
huc8_05120201,03353415,60,B_union_D_union_M_union_H,False,insufficient_training_target_days,0,0,0,0,,,0,0,development
huc8_05120201,03353415,90,B_union_D,False,insufficient_training_target_days,0,0,0,0,,,0,0,development
huc8_05120201,03353415,90,B_union_D_union_M_union_H,False,insufficient_training_target_days,0,0,0,0,,,0,0,development
huc8_05120201,03353415,180,B_union_D,False,insufficient_training_target_days,0,0,0,0,,,0,0,development
huc8_05120201,03353415,180,B_union_D_union_M_union_H,False,insufficient_training_target_days,0,0,0,0,,,0,0,development
huc8_05120201,03353415,365,B_union_D,False,insufficient_training_target_days,0,0,0,0,,,0,0,development
huc8_05120201,03353415,365,B_union_D_union_M_union_H,False,insufficient_training_target_days,0,0,0,0,,,0,0,development
huc8_05120201,03353420,7,B_union_D,False,insufficient_training_target_days,0,0,0,0,,,0,0,development
huc8_05120201,03353420,7,B_union_D_union_M_union_H,False,insufficient_training_target_days,0,0,0,0,,,0,0,development
huc8_05120201,03353420,14,B_union_D,False,insufficient_training_target_days,0,0,0,0,,,0,0,development
huc8_05120201,03353420,14,B_union_D_union_M_union_H,False,insufficient_training_target_days,0,0,0,0,,,0,0,development
huc8_05120201,03353420,30,B_union_D,False,insufficient_training_target_days,0,0,0,0,,,0,0,development
huc8_05120201,03353420,30,B_union_D_union_M_union_H,False,insufficient_training_target_days,0,0,0,0,,,0,0,development
huc8_05120201,03353420,60,B_union_D,False,insufficient_training_target_days,0,0,0,0,,,0,0,development
huc8_05120201,03353420,60,B_union_D_union_M_union_H,False,insufficient_training_target_days,0,0,0,0,,,0,0,development
huc8_05120201,03353420,90,B_union_D,False,insufficient_training_target_days,0,0,0,0,,,0,0,development
huc8_05120201,03353420,90,B_union_D_union_M_union_H,False,insufficient_training_target_days,0,0,0,0,,,0,0,development
huc8_05120201,03353420,180,B_union_D,False,insufficient_training_target_days,0,0,0,0,,,0,0,development
huc8_05120201,03353420,180,B_union_D_union_M_union_H,False,insufficient_training_target_days,0,0,0,0,,,0,0,development
huc8_05120201,03353420,365,B_union_D,False,insufficient_training_target_days,0,0,0,0,,,0,0,development
huc8_05120201,03353420,365,B_union_D_union_M_union_H,False,insufficient_training_target_days,0,0,0,0,,,0,0,development
huc8_05120201,03353611,7,B_union_D,True,eligible,5517,1,5,1,Ta|P|W|RH|Rs,F,4027,20,development
huc8_05120201,03353611,7,B_union_D_union_M_union_H,True,eligible,5517,1,5,1,Ta|P|W|RH|Rs,F,4027,20,development
huc8_05120201,03353611,14,B_union_D,True,eligible,5517,1,5,1,Ta|P|W|RH|Rs,F,3803,20,development
huc8_05120201,03353611,14,B_union_D_union_M_union_H,True,eligible,5517,1,5,1,Ta|P|W|RH|Rs,F,3803,20,development
huc8_05120201,03353611,30,B_union_D,True,eligible,5517,1,5,1,Ta|P|W|RH|Rs,F,3396,20,development
huc8_05120201,03353611,30,B_union_D_union_M_union_H,True,eligible,5517,1,5,1,Ta|P|W|RH|Rs,F,3396,20,development
huc8_05120201,03353611,60,B_union_D,True,eligible,5517,1,5,1,Ta|P|W|RH|Rs,F,2797,20,development
huc8_05120201,03353611,60,B_union_D_union_M_union_H,True,eligible,5517,1,5,1,Ta|P|W|RH|Rs,F,2797,20,development
huc8_05120201,03353611,90,B_union_D,True,eligible,5517,1,5,1,Ta|P|W|RH|Rs,F,2296,20,development
huc8_05120201,03353611,90,B_union_D_union_M_union_H,True,eligible,5517,1,5,1,Ta|P|W|RH|Rs,F,2296,20,development
huc8_05120201,03353611,180,B_union_D,True,eligible,5517,1,5,1,Ta|P|W|RH|Rs,F,1165,20,development
huc8_05120201,03353611,180,B_union_D_union_M_union_H,True,eligible,5517,1,5,1,Ta|P|W|RH|Rs,F,1165,20,development
huc8_05120201,03353611,365,B_union_D,True,eligible,5517,1,5,1,Ta|P|W|RH|Rs,F,211,20,development
huc8_05120201,03353611,365,B_union_D_union_M_union_H,True,eligible,5517,1,5,1,Ta|P|W|RH|Rs,F,211,20,development
huc8_05120201,03354000,7,B_union_D,True,eligible,9502,1,5,1,Ta|P|W|RH|Rs,F,4003,20,development
huc8_05120201,03354000,7,B_union_D_union_M_union_H,True,eligible,9502,1,5,1,Ta|P|W|RH|Rs,F,4003,20,development
huc8_05120201,03354000,14,B_union_D,True,eligible,9502,1,5,1,Ta|P|W|RH|Rs,F,3798,20,development
huc8_05120201,03354000,14,B_union_D_union_M_union_H,True,eligible,9502,1,5,1,Ta|P|W|RH|Rs,F,3798,20,development
huc8_05120201,03354000,30,B_union_D,True,eligible,9502,1,5,1,Ta|P|W|RH|Rs,F,3393,20,development
huc8_05120201,03354000,30,B_union_D_union_M_union_H,True,eligible,9502,1,5,1,Ta|P|W|RH|Rs,F,3393,20,development
huc8_05120201,03354000,60,B_union_D,True,eligible,9502,1,5,1,Ta|P|W|RH|Rs,F,2793,20,development
huc8_05120201,03354000,60,B_union_D_union_M_union_H,True,eligible,9502,1,5,1,Ta|P|W|RH|Rs,F,2793,20,development
huc8_05120201,03354000,90,B_union_D,True,eligible,9502,1,5,1,Ta|P|W|RH|Rs,F,2294,20,development
huc8_05120201,03354000,90,B_union_D_union_M_union_H,True,eligible,9502,1,5,1,Ta|P|W|RH|Rs,F,2294,20,development
huc8_05120201,03354000,180,B_union_D,True,eligible,9502,1,5,1,Ta|P|W|RH|Rs,F,1161,20,development
huc8_05120201,03354000,180,B_union_D_union_M_union_H,True,eligible,9502,1,5,1,Ta|P|W|RH|Rs,F,1161,20,development
huc8_05120201,03354000,365,B_union_D,True,eligible,9502,1,5,1,Ta|P|W|RH|Rs,F,209,20,development
huc8_05120201,03354000,365,B_union_D_union_M_union_H,True,eligible,9502,1,5,1,Ta|P|W|RH|Rs,F,209,20,development
huc8_05130202,03431083,7,B_union_D,True,eligible,5208,2,5,0,Ta|P|W|RH|Rs,,2674,20,development
huc8_05130202,03431083,7,B_union_D_union_M_union_H,False,no_hydraulics_with_minimum_training_days,5208,2,5,0,Ta|P|W|RH|Rs,,0,0,development
huc8_05130202,03431083,14,B_union_D,True,eligible,5208,2,5,0,Ta|P|W|RH|Rs,,2547,20,development
huc8_05130202,03431083,14,B_union_D_union_M_union_H,False,no_hydraulics_with_minimum_training_days,5208,2,5,0,Ta|P|W|RH|Rs,,0,0,development
huc8_05130202,03431083,30,B_union_D,True,eligible,5208,2,5,0,Ta|P|W|RH|Rs,,2280,20,development
huc8_05130202,03431083,30,B_union_D_union_M_union_H,False,no_hydraulics_with_minimum_training_days,5208,2,5,0,Ta|P|W|RH|Rs,,0,0,development
huc8_05130202,03431083,60,B_union_D,True,eligible,5208,2,5,0,Ta|P|W|RH|Rs,,1884,20,development
huc8_05130202,03431083,60,B_union_D_union_M_union_H,False,no_hydraulics_with_minimum_training_days,5208,2,5,0,Ta|P|W|RH|Rs,,0,0,development
huc8_05130202,03431083,90,B_union_D,True,eligible,5208,2,5,0,Ta|P|W|RH|Rs,,1565,20,development
huc8_05130202,03431083,90,B_union_D_union_M_union_H,False,no_hydraulics_with_minimum_training_days,5208,2,5,0,Ta|P|W|RH|Rs,,0,0,development
huc8_05130202,03431083,180,B_union_D,True,eligible,5208,2,5,0,Ta|P|W|RH|Rs,,893,20,development
huc8_05130202,03431083,180,B_union_D_union_M_union_H,False,no_hydraulics_with_minimum_training_days,5208,2,5,0,Ta|P|W|RH|Rs,,0,0,development
huc8_05130202,03431083,365,B_union_D,True,eligible,5208,2,5,0,Ta|P|W|RH|Rs,,379,20,development
huc8_05130202,03431083,365,B_union_D_union_M_union_H,False,no_hydraulics_with_minimum_training_days,5208,2,5,0,Ta|P|W|RH|Rs,,0,0,development
huc8_05130202,03431091,7,B_union_D,True,eligible,7239,2,5,1,Ta|P|W|RH|Rs,L,2668,20,development
huc8_05130202,03431091,7,B_union_D_union_M_union_H,True,eligible,7239,2,5,1,Ta|P|W|RH|Rs,L,2654,20,development
huc8_05130202,03431091,14,B_union_D,True,eligible,7239,2,5,1,Ta|P|W|RH|Rs,L,2541,20,development
huc8_05130202,03431091,14,B_union_D_union_M_union_H,True,eligible,7239,2,5,1,Ta|P|W|RH|Rs,L,2513,20,development
huc8_05130202,03431091,30,B_union_D,True,eligible,7239,2,5,1,Ta|P|W|RH|Rs,L,2274,20,development
huc8_05130202,03431091,30,B_union_D_union_M_union_H,True,eligible,7239,2,5,1,Ta|P|W|RH|Rs,L,2226,20,development
huc8_05130202,03431091,60,B_union_D,True,eligible,7239,2,5,1,Ta|P|W|RH|Rs,L,1877,20,development
huc8_05130202,03431091,60,B_union_D_union_M_union_H,True,eligible,7239,2,5,1,Ta|P|W|RH|Rs,L,1799,20,development
huc8_05130202,03431091,90,B_union_D,True,eligible,7239,2,5,1,Ta|P|W|RH|Rs,L,1560,20,development
huc8_05130202,03431091,90,B_union_D_union_M_union_H,True,eligible,7239,2,5,1,Ta|P|W|RH|Rs,L,1452,20,development
huc8_05130202,03431091,180,B_union_D,True,eligible,7239,2,5,1,Ta|P|W|RH|Rs,L,889,20,development
huc8_05130202,03431091,180,B_union_D_union_M_union_H,True,eligible,7239,2,5,1,Ta|P|W|RH|Rs,L,696,20,development
huc8_05130202,03431091,365,B_union_D,True,eligible,7239,2,5,1,Ta|P|W|RH|Rs,L,377,20,development
huc8_05130202,03431091,365,B_union_D_union_M_union_H,True,eligible,7239,2,5,1,Ta|P|W|RH|Rs,L,249,20,development
huc8_05130202,03431514,7,B_union_D,True,eligible,7550,2,5,1,Ta|P|W|RH|Rs,L,2653,20,development
huc8_05130202,03431514,7,B_union_D_union_M_union_H,True,eligible,7550,2,5,1,Ta|P|W|RH|Rs,L,2646,20,development
huc8_05130202,03431514,14,B_union_D,True,eligible,7550,2,5,1,Ta|P|W|RH|Rs,L,2527,20,development
huc8_05130202,03431514,14,B_union_D_union_M_union_H,True,eligible,7550,2,5,1,Ta|P|W|RH|Rs,L,2513,20,development
huc8_05130202,03431514,30,B_union_D,True,eligible,7550,2,5,1,Ta|P|W|RH|Rs,L,2263,20,development
huc8_05130202,03431514,30,B_union_D_union_M_union_H,True,eligible,7550,2,5,1,Ta|P|W|RH|Rs,L,2233,20,development
huc8_05130202,03431514,60,B_union_D,True,eligible,7550,2,5,1,Ta|P|W|RH|Rs,L,1871,20,development
huc8_05130202,03431514,60,B_union_D_union_M_union_H,True,eligible,7550,2,5,1,Ta|P|W|RH|Rs,L,1836,20,development
huc8_05130202,03431514,90,B_union_D,True,eligible,7550,2,5,1,Ta|P|W|RH|Rs,L,1554,20,development
huc8_05130202,03431514,90,B_union_D_union_M_union_H,True,eligible,7550,2,5,1,Ta|P|W|RH|Rs,L,1549,20,development
huc8_05130202,03431514,180,B_union_D,True,eligible,7550,2,5,1,Ta|P|W|RH|Rs,L,888,20,development
huc8_05130202,03431514,180,B_union_D_union_M_union_H,True,eligible,7550,2,5,1,Ta|P|W|RH|Rs,L,888,20,development
huc8_05130202,03431514,365,B_union_D,True,eligible,7550,2,5,1,Ta|P|W|RH|Rs,L,377,20,development
huc8_05130202,03431514,365,B_union_D_union_M_union_H,True,eligible,7550,2,5,1,Ta|P|W|RH|Rs,L,377,20,development
huc8_05140101,03292470,7,B_union_D,True,eligible,763,3,5,1,Ta|P|W|RH|Rs,F,2831,20,development
huc8_05140101,03292470,7,B_union_D_union_M_union_H,True,eligible,763,3,5,1,Ta|P|W|RH|Rs,F,2824,20,development
huc8_05140101,03292470,14,B_union_D,True,eligible,763,3,5,1,Ta|P|W|RH|Rs,F,2452,20,development
huc8_05140101,03292470,14,B_union_D_union_M_union_H,True,eligible,763,3,5,1,Ta|P|W|RH|Rs,F,2445,20,development
huc8_05140101,03292470,30,B_union_D,True,eligible,763,3,5,1,Ta|P|W|RH|Rs,F,1823,20,development
huc8_05140101,03292470,30,B_union_D_union_M_union_H,True,eligible,763,3,5,1,Ta|P|W|RH|Rs,F,1822,20,development
huc8_05140101,03292470,60,B_union_D,True,eligible,763,3,5,1,Ta|P|W|RH|Rs,F,1191,20,development
huc8_05140101,03292470,60,B_union_D_union_M_union_H,True,eligible,763,3,5,1,Ta|P|W|RH|Rs,F,1191,20,development
huc8_05140101,03292470,90,B_union_D,True,eligible,763,3,5,1,Ta|P|W|RH|Rs,F,804,20,development
huc8_05140101,03292470,90,B_union_D_union_M_union_H,True,eligible,763,3,5,1,Ta|P|W|RH|Rs,F,804,20,development
huc8_05140101,03292470,180,B_union_D,True,eligible,763,3,5,1,Ta|P|W|RH|Rs,F,222,20,development
huc8_05140101,03292470,180,B_union_D_union_M_union_H,True,eligible,763,3,5,1,Ta|P|W|RH|Rs,F,222,20,development
huc8_05140101,03292470,365,B_union_D,True,eligible,763,3,5,1,Ta|P|W|RH|Rs,F,16,16,development
huc8_05140101,03292470,365,B_union_D_union_M_union_H,True,eligible,763,3,5,1,Ta|P|W|RH|Rs,F,16,16,development
huc8_05140101,03292474,7,B_union_D,True,eligible,767,5,5,1,Ta|P|W|RH|Rs,F,2725,20,development
huc8_05140101,03292474,7,B_union_D_union_M_union_H,True,eligible,767,5,5,1,Ta|P|W|RH|Rs,F,2706,20,development
huc8_05140101,03292474,14,B_union_D,True,eligible,767,5,5,1,Ta|P|W|RH|Rs,F,2315,20,development
huc8_05140101,03292474,14,B_union_D_union_M_union_H,True,eligible,767,5,5,1,Ta|P|W|RH|Rs,F,2282,20,development
huc8_05140101,03292474,30,B_union_D,True,eligible,767,5,5,1,Ta|P|W|RH|Rs,F,1624,20,development
huc8_05140101,03292474,30,B_union_D_union_M_union_H,True,eligible,767,5,5,1,Ta|P|W|RH|Rs,F,1575,20,development
huc8_05140101,03292474,60,B_union_D,True,eligible,767,5,5,1,Ta|P|W|RH|Rs,F,884,20,development
huc8_05140101,03292474,60,B_union_D_union_M_union_H,True,eligible,767,5,5,1,Ta|P|W|RH|Rs,F,833,20,development
huc8_05140101,03292474,90,B_union_D,True,eligible,767,5,5,1,Ta|P|W|RH|Rs,F,402,20,development
huc8_05140101,03292474,90,B_union_D_union_M_union_H,True,eligible,767,5,5,1,Ta|P|W|RH|Rs,F,396,20,development
huc8_05140101,03292474,180,B_union_D,True,eligible,767,5,5,1,Ta|P|W|RH|Rs,F,36,20,development
huc8_05140101,03292474,180,B_union_D_union_M_union_H,True,eligible,767,5,5,1,Ta|P|W|RH|Rs,F,36,20,development
huc8_05140101,03292474,365,B_union_D,False,no_eligible_evaluation_windows,767,5,5,1,Ta|P|W|RH|Rs,F,0,0,development
huc8_05140101,03292474,365,B_union_D_union_M_union_H,False,no_eligible_evaluation_windows,767,5,5,1,Ta|P|W|RH|Rs,F,0,0,development
huc8_05140101,03292475,7,B_union_D,True,eligible,1132,4,5,1,Ta|P|W|RH|Rs,F,2679,20,development
huc8_05140101,03292475,7,B_union_D_union_M_union_H,True,eligible,1132,4,5,1,Ta|P|W|RH|Rs,F,2420,20,development
huc8_05140101,03292475,14,B_union_D,True,eligible,1132,4,5,1,Ta|P|W|RH|Rs,F,2272,20,development
huc8_05140101,03292475,14,B_union_D_union_M_union_H,True,eligible,1132,4,5,1,Ta|P|W|RH|Rs,F,2043,20,development
huc8_05140101,03292475,30,B_union_D,True,eligible,1132,4,5,1,Ta|P|W|RH|Rs,F,1580,20,development
huc8_05140101,03292475,30,B_union_D_union_M_union_H,True,eligible,1132,4,5,1,Ta|P|W|RH|Rs,F,1397,20,development
huc8_05140101,03292475,60,B_union_D,True,eligible,1132,4,5,1,Ta|P|W|RH|Rs,F,870,20,development
huc8_05140101,03292475,60,B_union_D_union_M_union_H,True,eligible,1132,4,5,1,Ta|P|W|RH|Rs,F,760,20,development
huc8_05140101,03292475,90,B_union_D,True,eligible,1132,4,5,1,Ta|P|W|RH|Rs,F,438,20,development
huc8_05140101,03292475,90,B_union_D_union_M_union_H,True,eligible,1132,4,5,1,Ta|P|W|RH|Rs,F,401,20,development
huc8_05140101,03292475,180,B_union_D,True,eligible,1132,4,5,1,Ta|P|W|RH|Rs,F,53,20,development
huc8_05140101,03292475,180,B_union_D_union_M_union_H,True,eligible,1132,4,5,1,Ta|P|W|RH|Rs,F,53,20,development
huc8_05140101,03292475,365,B_union_D,False,no_eligible_evaluation_windows,1132,4,5,1,Ta|P|W|RH|Rs,F,0,0,development
huc8_05140101,03292475,365,B_union_D_union_M_union_H,False,no_eligible_evaluation_windows,1132,4,5,1,Ta|P|W|RH|Rs,F,0,0,development
huc8_05140101,03292480,7,B_union_D,True,eligible,758,5,5,1,Ta|P|W|RH|Rs,F,2737,20,development
huc8_05140101,03292480,7,B_union_D_union_M_union_H,True,eligible,758,5,5,1,Ta|P|W|RH|Rs,F,2704,20,development
huc8_05140101,03292480,14,B_union_D,True,eligible,758,5,5,1,Ta|P|W|RH|Rs,F,2320,20,development
huc8_05140101,03292480,14,B_union_D_union_M_union_H,True,eligible,758,5,5,1,Ta|P|W|RH|Rs,F,2287,20,development
huc8_05140101,03292480,30,B_union_D,True,eligible,758,5,5,1,Ta|P|W|RH|Rs,F,1628,20,development
huc8_05140101,03292480,30,B_union_D_union_M_union_H,True,eligible,758,5,5,1,Ta|P|W|RH|Rs,F,1595,20,development
huc8_05140101,03292480,60,B_union_D,True,eligible,758,5,5,1,Ta|P|W|RH|Rs,F,883,20,development
huc8_05140101,03292480,60,B_union_D_union_M_union_H,True,eligible,758,5,5,1,Ta|P|W|RH|Rs,F,850,20,development
huc8_05140101,03292480,90,B_union_D,True,eligible,758,5,5,1,Ta|P|W|RH|Rs,F,400,20,development
huc8_05140101,03292480,90,B_union_D_union_M_union_H,True,eligible,758,5,5,1,Ta|P|W|RH|Rs,F,385,20,development
huc8_05140101,03292480,180,B_union_D,True,eligible,758,5,5,1,Ta|P|W|RH|Rs,F,36,20,development
huc8_05140101,03292480,180,B_union_D_union_M_union_H,True,eligible,758,5,5,1,Ta|P|W|RH|Rs,F,36,20,development
huc8_05140101,03292480,365,B_union_D,False,no_eligible_evaluation_windows,758,5,5,1,Ta|P|W|RH|Rs,F,0,0,development
huc8_05140101,03292480,365,B_union_D_union_M_union_H,False,no_eligible_evaluation_windows,758,5,5,1,Ta|P|W|RH|Rs,F,0,0,development
huc8_05140101,03292500,7,B_union_D,True,eligible,1638,3,5,1,Ta|P|W|RH|Rs,F,2808,20,development
huc8_05140101,03292500,7,B_union_D_union_M_union_H,True,eligible,1638,3,5,1,Ta|P|W|RH|Rs,F,2494,20,development
huc8_05140101,03292500,14,B_union_D,True,eligible,1638,3,5,1,Ta|P|W|RH|Rs,F,2435,20,development
huc8_05140101,03292500,14,B_union_D_union_M_union_H,True,eligible,1638,3,5,1,Ta|P|W|RH|Rs,F,2136,20,development
huc8_05140101,03292500,30,B_union_D,True,eligible,1638,3,5,1,Ta|P|W|RH|Rs,F,1773,20,development
huc8_05140101,03292500,30,B_union_D_union_M_union_H,True,eligible,1638,3,5,1,Ta|P|W|RH|Rs,F,1506,20,development
huc8_05140101,03292500,60,B_union_D,True,eligible,1638,3,5,1,Ta|P|W|RH|Rs,F,1101,20,development
huc8_05140101,03292500,60,B_union_D_union_M_union_H,True,eligible,1638,3,5,1,Ta|P|W|RH|Rs,F,894,20,development
huc8_05140101,03292500,90,B_union_D,True,eligible,1638,3,5,1,Ta|P|W|RH|Rs,F,674,20,development
huc8_05140101,03292500,90,B_union_D_union_M_union_H,True,eligible,1638,3,5,1,Ta|P|W|RH|Rs,F,523,20,development
huc8_05140101,03292500,180,B_union_D,True,eligible,1638,3,5,1,Ta|P|W|RH|Rs,F,82,20,development
huc8_05140101,03292500,180,B_union_D_union_M_union_H,True,eligible,1638,3,5,1,Ta|P|W|RH|Rs,F,21,20,development
huc8_05140101,03292500,365,B_union_D,False,no_eligible_evaluation_windows,1638,3,5,1,Ta|P|W|RH|Rs,F,0,0,development
huc8_05140101,03292500,365,B_union_D_union_M_union_H,False,no_eligible_evaluation_windows,1638,3,5,1,Ta|P|W|RH|Rs,F,0,0,development
huc8_05140101,03293000,7,B_union_D,True,eligible,2729,5,5,1,Ta|P|W|RH|Rs,F,2729,20,development
huc8_05140101,03293000,7,B_union_D_union_M_union_H,True,eligible,2729,5,5,1,Ta|P|W|RH|Rs,F,2729,20,development
huc8_05140101,03293000,14,B_union_D,True,eligible,2729,5,5,1,Ta|P|W|RH|Rs,F,2311,20,development
huc8_05140101,03293000,14,B_union_D_union_M_union_H,True,eligible,2729,5,5,1,Ta|P|W|RH|Rs,F,2311,20,development
huc8_05140101,03293000,30,B_union_D,True,eligible,2729,5,5,1,Ta|P|W|RH|Rs,F,1620,20,development
huc8_05140101,03293000,30,B_union_D_union_M_union_H,True,eligible,2729,5,5,1,Ta|P|W|RH|Rs,F,1620,20,development
huc8_05140101,03293000,60,B_union_D,True,eligible,2729,5,5,1,Ta|P|W|RH|Rs,F,876,20,development
huc8_05140101,03293000,60,B_union_D_union_M_union_H,True,eligible,2729,5,5,1,Ta|P|W|RH|Rs,F,876,20,development
huc8_05140101,03293000,90,B_union_D,True,eligible,2729,5,5,1,Ta|P|W|RH|Rs,F,398,20,development
huc8_05140101,03293000,90,B_union_D_union_M_union_H,True,eligible,2729,5,5,1,Ta|P|W|RH|Rs,F,398,20,development
huc8_05140101,03293000,180,B_union_D,True,eligible,2729,5,5,1,Ta|P|W|RH|Rs,F,35,20,development
huc8_05140101,03293000,180,B_union_D_union_M_union_H,True,eligible,2729,5,5,1,Ta|P|W|RH|Rs,F,35,20,development
huc8_05140101,03293000,365,B_union_D,False,no_eligible_evaluation_windows,2729,5,5,1,Ta|P|W|RH|Rs,F,0,0,development
huc8_05140101,03293000,365,B_union_D_union_M_union_H,False,no_eligible_evaluation_windows,2729,5,5,1,Ta|P|W|RH|Rs,F,0,0,development
huc8_05140101,03293500,7,B_union_D,True,eligible,784,5,5,0,Ta|P|W|RH|Rs,,2726,20,development
huc8_05140101,03293500,7,B_union_D_union_M_union_H,False,no_hydraulics_with_minimum_training_days,784,5,5,0,Ta|P|W|RH|Rs,,0,0,development
huc8_05140101,03293500,14,B_union_D,True,eligible,784,5,5,0,Ta|P|W|RH|Rs,,2316,20,development
huc8_05140101,03293500,14,B_union_D_union_M_union_H,False,no_hydraulics_with_minimum_training_days,784,5,5,0,Ta|P|W|RH|Rs,,0,0,development
huc8_05140101,03293500,30,B_union_D,True,eligible,784,5,5,0,Ta|P|W|RH|Rs,,1623,20,development
huc8_05140101,03293500,30,B_union_D_union_M_union_H,False,no_hydraulics_with_minimum_training_days,784,5,5,0,Ta|P|W|RH|Rs,,0,0,development
huc8_05140101,03293500,60,B_union_D,True,eligible,784,5,5,0,Ta|P|W|RH|Rs,,880,20,development
huc8_05140101,03293500,60,B_union_D_union_M_union_H,False,no_hydraulics_with_minimum_training_days,784,5,5,0,Ta|P|W|RH|Rs,,0,0,development
huc8_05140101,03293500,90,B_union_D,True,eligible,784,5,5,0,Ta|P|W|RH|Rs,,398,20,development
huc8_05140101,03293500,90,B_union_D_union_M_union_H,False,no_hydraulics_with_minimum_training_days,784,5,5,0,Ta|P|W|RH|Rs,,0,0,development
huc8_05140101,03293500,180,B_union_D,True,eligible,784,5,5,0,Ta|P|W|RH|Rs,,36,20,development
huc8_05140101,03293500,180,B_union_D_union_M_union_H,False,no_hydraulics_with_minimum_training_days,784,5,5,0,Ta|P|W|RH|Rs,,0,0,development
huc8_05140101,03293500,365,B_union_D,False,no_eligible_evaluation_windows,784,5,5,0,Ta|P|W|RH|Rs,,0,0,development
huc8_05140101,03293500,365,B_union_D_union_M_union_H,False,no_hydraulics_with_minimum_training_days,784,5,5,0,Ta|P|W|RH|Rs,,0,0,development
huc8_05140101,03293530,7,B_union_D,True,eligible,774,5,5,0,Ta|P|W|RH|Rs,,2716,20,development
huc8_05140101,03293530,7,B_union_D_union_M_union_H,False,no_hydraulics_with_minimum_training_days,774,5,5,0,Ta|P|W|RH|Rs,,0,0,development
huc8_05140101,03293530,14,B_union_D,True,eligible,774,5,5,0,Ta|P|W|RH|Rs,,2302,20,development
huc8_05140101,03293530,14,B_union_D_union_M_union_H,False,no_hydraulics_with_minimum_training_days,774,5,5,0,Ta|P|W|RH|Rs,,0,0,development
huc8_05140101,03293530,30,B_union_D,True,eligible,774,5,5,0,Ta|P|W|RH|Rs,,1616,20,development
huc8_05140101,03293530,30,B_union_D_union_M_union_H,False,no_hydraulics_with_minimum_training_days,774,5,5,0,Ta|P|W|RH|Rs,,0,0,development
huc8_05140101,03293530,60,B_union_D,True,eligible,774,5,5,0,Ta|P|W|RH|Rs,,877,20,development
huc8_05140101,03293530,60,B_union_D_union_M_union_H,False,no_hydraulics_with_minimum_training_days,774,5,5,0,Ta|P|W|RH|Rs,,0,0,development
huc8_05140101,03293530,90,B_union_D,True,eligible,774,5,5,0,Ta|P|W|RH|Rs,,399,20,development
huc8_05140101,03293530,90,B_union_D_union_M_union_H,False,no_hydraulics_with_minimum_training_days,774,5,5,0,Ta|P|W|RH|Rs,,0,0,development
huc8_05140101,03293530,180,B_union_D,True,eligible,774,5,5,0,Ta|P|W|RH|Rs,,36,20,development
huc8_05140101,03293530,180,B_union_D_union_M_union_H,False,no_hydraulics_with_minimum_training_days,774,5,5,0,Ta|P|W|RH|Rs,,0,0,development
huc8_05140101,03293530,365,B_union_D,False,no_eligible_evaluation_windows,774,5,5,0,Ta|P|W|RH|Rs,,0,0,development
huc8_05140101,03293530,365,B_union_D_union_M_union_H,False,no_hydraulics_with_minimum_training_days,774,5,5,0,Ta|P|W|RH|Rs,,0,0,development
huc8_05140102,03293510,7,B_union_D,True,eligible,423,2,5,1,Ta|P|W|RH|Rs,F,2876,20,development
huc8_05140102,03293510,7,B_union_D_union_M_union_H,True,eligible,423,2,5,1,Ta|P|W|RH|Rs,F,2661,20,development
huc8_05140102,03293510,14,B_union_D,True,eligible,423,2,5,1,Ta|P|W|RH|Rs,F,2564,20,development
huc8_05140102,03293510,14,B_union_D_union_M_union_H,True,eligible,423,2,5,1,Ta|P|W|RH|Rs,F,2356,20,development
huc8_05140102,03293510,30,B_union_D,True,eligible,423,2,5,1,Ta|P|W|RH|Rs,F,1991,20,development
huc8_05140102,03293510,30,B_union_D_union_M_union_H,True,eligible,423,2,5,1,Ta|P|W|RH|Rs,F,1795,20,development
huc8_05140102,03293510,60,B_union_D,True,eligible,423,2,5,1,Ta|P|W|RH|Rs,F,1209,20,development
huc8_05140102,03293510,60,B_union_D_union_M_union_H,True,eligible,423,2,5,1,Ta|P|W|RH|Rs,F,1013,20,development
huc8_05140102,03293510,90,B_union_D,True,eligible,423,2,5,1,Ta|P|W|RH|Rs,F,779,20,development
huc8_05140102,03293510,90,B_union_D_union_M_union_H,True,eligible,423,2,5,1,Ta|P|W|RH|Rs,F,583,20,development
huc8_05140102,03293510,180,B_union_D,True,eligible,423,2,5,1,Ta|P|W|RH|Rs,F,193,20,development
huc8_05140102,03293510,180,B_union_D_union_M_union_H,True,eligible,423,2,5,1,Ta|P|W|RH|Rs,F,35,20,development
huc8_05140102,03293510,365,B_union_D,False,no_eligible_evaluation_windows,423,2,5,1,Ta|P|W|RH|Rs,F,0,0,development
huc8_05140102,03293510,365,B_union_D_union_M_union_H,False,no_eligible_evaluation_windows,423,2,5,1,Ta|P|W|RH|Rs,F,0,0,development
huc8_05140102,03297800,7,B_union_D,True,eligible,766,2,5,1,Ta|P|W|RH|Rs,F,3028,20,development
huc8_05140102,03297800,7,B_union_D_union_M_union_H,True,eligible,766,2,5,1,Ta|P|W|RH|Rs,F,2656,20,development
huc8_05140102,03297800,14,B_union_D,True,eligible,766,2,5,1,Ta|P|W|RH|Rs,F,2706,20,development
huc8_05140102,03297800,14,B_union_D_union_M_union_H,True,eligible,766,2,5,1,Ta|P|W|RH|Rs,F,2348,20,development
huc8_05140102,03297800,30,B_union_D,True,eligible,766,2,5,1,Ta|P|W|RH|Rs,F,2149,20,development
huc8_05140102,03297800,30,B_union_D_union_M_union_H,True,eligible,766,2,5,1,Ta|P|W|RH|Rs,F,1832,20,development
huc8_05140102,03297800,60,B_union_D,True,eligible,766,2,5,1,Ta|P|W|RH|Rs,F,1599,20,development
huc8_05140102,03297800,60,B_union_D_union_M_union_H,True,eligible,766,2,5,1,Ta|P|W|RH|Rs,F,1341,20,development
huc8_05140102,03297800,90,B_union_D,True,eligible,766,2,5,1,Ta|P|W|RH|Rs,F,1290,20,development
huc8_05140102,03297800,90,B_union_D_union_M_union_H,True,eligible,766,2,5,1,Ta|P|W|RH|Rs,F,1062,20,development
huc8_05140102,03297800,180,B_union_D,True,eligible,766,2,5,1,Ta|P|W|RH|Rs,F,737,20,development
huc8_05140102,03297800,180,B_union_D_union_M_union_H,True,eligible,766,2,5,1,Ta|P|W|RH|Rs,F,599,20,development
huc8_05140102,03297800,365,B_union_D,True,eligible,766,2,5,1,Ta|P|W|RH|Rs,F,208,20,development
huc8_05140102,03297800,365,B_union_D_union_M_union_H,True,eligible,766,2,5,1,Ta|P|W|RH|Rs,F,116,20,development
huc8_05140102,03297900,7,B_union_D,True,eligible,460,9,5,1,Ta|P|W|RH|Rs,F,1575,20,development
huc8_05140102,03297900,7,B_union_D_union_M_union_H,True,eligible,460,9,5,1,Ta|P|W|RH|Rs,F,1561,20,development
huc8_05140102,03297900,14,B_union_D,True,eligible,460,9,5,1,Ta|P|W|RH|Rs,F,1115,20,development
huc8_05140102,03297900,14,B_union_D_union_M_union_H,True,eligible,460,9,5,1,Ta|P|W|RH|Rs,F,1100,20,development
huc8_05140102,03297900,30,B_union_D,True,eligible,460,9,5,1,Ta|P|W|RH|Rs,F,606,20,development
huc8_05140102,03297900,30,B_union_D_union_M_union_H,True,eligible,460,9,5,1,Ta|P|W|RH|Rs,F,596,20,development
huc8_05140102,03297900,60,B_union_D,True,eligible,460,9,5,1,Ta|P|W|RH|Rs,F,293,20,development
huc8_05140102,03297900,60,B_union_D_union_M_union_H,True,eligible,460,9,5,1,Ta|P|W|RH|Rs,F,293,20,development
huc8_05140102,03297900,90,B_union_D,True,eligible,460,9,5,1,Ta|P|W|RH|Rs,F,161,20,development
huc8_05140102,03297900,90,B_union_D_union_M_union_H,True,eligible,460,9,5,1,Ta|P|W|RH|Rs,F,161,20,development
huc8_05140102,03297900,180,B_union_D,False,no_eligible_evaluation_windows,460,9,5,1,Ta|P|W|RH|Rs,F,0,0,development
huc8_05140102,03297900,180,B_union_D_union_M_union_H,False,no_eligible_evaluation_windows,460,9,5,1,Ta|P|W|RH|Rs,F,0,0,development
huc8_05140102,03297900,365,B_union_D,False,no_eligible_evaluation_windows,460,9,5,1,Ta|P|W|RH|Rs,F,0,0,development
huc8_05140102,03297900,365,B_union_D_union_M_union_H,False,no_eligible_evaluation_windows,460,9,5,1,Ta|P|W|RH|Rs,F,0,0,development
huc8_05140102,03298000,7,B_union_D,True,eligible,1092,9,5,1,Ta|P|W|RH|Rs,F,1668,20,development
huc8_05140102,03298000,7,B_union_D_union_M_union_H,True,eligible,1092,9,5,1,Ta|P|W|RH|Rs,F,1668,20,development
huc8_05140102,03298000,14,B_union_D,True,eligible,1092,9,5,1,Ta|P|W|RH|Rs,F,1203,20,development
huc8_05140102,03298000,14,B_union_D_union_M_union_H,True,eligible,1092,9,5,1,Ta|P|W|RH|Rs,F,1203,20,development
huc8_05140102,03298000,30,B_union_D,True,eligible,1092,9,5,1,Ta|P|W|RH|Rs,F,680,20,development
huc8_05140102,03298000,30,B_union_D_union_M_union_H,True,eligible,1092,9,5,1,Ta|P|W|RH|Rs,F,680,20,development
huc8_05140102,03298000,60,B_union_D,True,eligible,1092,9,5,1,Ta|P|W|RH|Rs,F,316,20,development
huc8_05140102,03298000,60,B_union_D_union_M_union_H,True,eligible,1092,9,5,1,Ta|P|W|RH|Rs,F,316,20,development
huc8_05140102,03298000,90,B_union_D,True,eligible,1092,9,5,1,Ta|P|W|RH|Rs,F,143,20,development
huc8_05140102,03298000,90,B_union_D_union_M_union_H,True,eligible,1092,9,5,1,Ta|P|W|RH|Rs,F,143,20,development
huc8_05140102,03298000,180,B_union_D,False,no_eligible_evaluation_windows,1092,9,5,1,Ta|P|W|RH|Rs,F,0,0,development
huc8_05140102,03298000,180,B_union_D_union_M_union_H,False,no_eligible_evaluation_windows,1092,9,5,1,Ta|P|W|RH|Rs,F,0,0,development
huc8_05140102,03298000,365,B_union_D,False,no_eligible_evaluation_windows,1092,9,5,1,Ta|P|W|RH|Rs,F,0,0,development
huc8_05140102,03298000,365,B_union_D_union_M_union_H,False,no_eligible_evaluation_windows,1092,9,5,1,Ta|P|W|RH|Rs,F,0,0,development
huc8_05140102,03298135,7,B_union_D,True,eligible,738,9,5,1,Ta|P|W|RH|Rs,F,1664,20,development
huc8_05140102,03298135,7,B_union_D_union_M_union_H,True,eligible,738,9,5,1,Ta|P|W|RH|Rs,F,1664,20,development
huc8_05140102,03298135,14,B_union_D,True,eligible,738,9,5,1,Ta|P|W|RH|Rs,F,1198,20,development
huc8_05140102,03298135,14,B_union_D_union_M_union_H,True,eligible,738,9,5,1,Ta|P|W|RH|Rs,F,1198,20,development
huc8_05140102,03298135,30,B_union_D,True,eligible,738,9,5,1,Ta|P|W|RH|Rs,F,677,20,development
huc8_05140102,03298135,30,B_union_D_union_M_union_H,True,eligible,738,9,5,1,Ta|P|W|RH|Rs,F,677,20,development
huc8_05140102,03298135,60,B_union_D,True,eligible,738,9,5,1,Ta|P|W|RH|Rs,F,315,20,development
huc8_05140102,03298135,60,B_union_D_union_M_union_H,True,eligible,738,9,5,1,Ta|P|W|RH|Rs,F,315,20,development
huc8_05140102,03298135,90,B_union_D,True,eligible,738,9,5,1,Ta|P|W|RH|Rs,F,142,20,development
huc8_05140102,03298135,90,B_union_D_union_M_union_H,True,eligible,738,9,5,1,Ta|P|W|RH|Rs,F,142,20,development
huc8_05140102,03298135,180,B_union_D,False,no_eligible_evaluation_windows,738,9,5,1,Ta|P|W|RH|Rs,F,0,0,development
huc8_05140102,03298135,180,B_union_D_union_M_union_H,False,no_eligible_evaluation_windows,738,9,5,1,Ta|P|W|RH|Rs,F,0,0,development
huc8_05140102,03298135,365,B_union_D,False,no_eligible_evaluation_windows,738,9,5,1,Ta|P|W|RH|Rs,F,0,0,development
huc8_05140102,03298135,365,B_union_D_union_M_union_H,False,no_eligible_evaluation_windows,738,9,5,1,Ta|P|W|RH|Rs,F,0,0,development
huc8_05140102,03298150,7,B_union_D,True,eligible,1058,2,5,1,Ta|P|W|RH|Rs,F,3034,20,development
huc8_05140102,03298150,7,B_union_D_union_M_union_H,True,eligible,1058,2,5,1,Ta|P|W|RH|Rs,F,3034,20,development
huc8_05140102,03298150,14,B_union_D,True,eligible,1058,2,5,1,Ta|P|W|RH|Rs,F,2707,20,development
huc8_05140102,03298150,14,B_union_D_union_M_union_H,True,eligible,1058,2,5,1,Ta|P|W|RH|Rs,F,2707,20,development
huc8_05140102,03298150,30,B_union_D,True,eligible,1058,2,5,1,Ta|P|W|RH|Rs,F,2151,20,development
huc8_05140102,03298150,30,B_union_D_union_M_union_H,True,eligible,1058,2,5,1,Ta|P|W|RH|Rs,F,2151,20,development
huc8_05140102,03298150,60,B_union_D,True,eligible,1058,2,5,1,Ta|P|W|RH|Rs,F,1600,20,development
huc8_05140102,03298150,60,B_union_D_union_M_union_H,True,eligible,1058,2,5,1,Ta|P|W|RH|Rs,F,1600,20,development
huc8_05140102,03298150,90,B_union_D,True,eligible,1058,2,5,1,Ta|P|W|RH|Rs,F,1291,20,development
huc8_05140102,03298150,90,B_union_D_union_M_union_H,True,eligible,1058,2,5,1,Ta|P|W|RH|Rs,F,1291,20,development
huc8_05140102,03298150,180,B_union_D,True,eligible,1058,2,5,1,Ta|P|W|RH|Rs,F,738,20,development
huc8_05140102,03298150,180,B_union_D_union_M_union_H,True,eligible,1058,2,5,1,Ta|P|W|RH|Rs,F,738,20,development
huc8_05140102,03298150,365,B_union_D,True,eligible,1058,2,5,1,Ta|P|W|RH|Rs,F,207,20,development
huc8_05140102,03298150,365,B_union_D_union_M_union_H,True,eligible,1058,2,5,1,Ta|P|W|RH|Rs,F,207,20,development
huc8_05140102,03298200,7,B_union_D,True,eligible,722,9,5,1,Ta|P|W|RH|Rs,F,1646,20,development
huc8_05140102,03298200,7,B_union_D_union_M_union_H,True,eligible,722,9,5,1,Ta|P|W|RH|Rs,F,1639,20,development
huc8_05140102,03298200,14,B_union_D,True,eligible,722,9,5,1,Ta|P|W|RH|Rs,F,1187,20,development
huc8_05140102,03298200,14,B_union_D_union_M_union_H,True,eligible,722,9,5,1,Ta|P|W|RH|Rs,F,1173,20,development
huc8_05140102,03298200,30,B_union_D,True,eligible,722,9,5,1,Ta|P|W|RH|Rs,F,675,20,development
huc8_05140102,03298200,30,B_union_D_union_M_union_H,True,eligible,722,9,5,1,Ta|P|W|RH|Rs,F,661,20,development
huc8_05140102,03298200,60,B_union_D,True,eligible,722,9,5,1,Ta|P|W|RH|Rs,F,313,20,development
huc8_05140102,03298200,60,B_union_D_union_M_union_H,True,eligible,722,9,5,1,Ta|P|W|RH|Rs,F,313,20,development
huc8_05140102,03298200,90,B_union_D,True,eligible,722,9,5,1,Ta|P|W|RH|Rs,F,142,20,development
huc8_05140102,03298200,90,B_union_D_union_M_union_H,True,eligible,722,9,5,1,Ta|P|W|RH|Rs,F,142,20,development
huc8_05140102,03298200,180,B_union_D,False,no_eligible_evaluation_windows,722,9,5,1,Ta|P|W|RH|Rs,F,0,0,development
huc8_05140102,03298200,180,B_union_D_union_M_union_H,False,no_eligible_evaluation_windows,722,9,5,1,Ta|P|W|RH|Rs,F,0,0,development
huc8_05140102,03298200,365,B_union_D,False,no_eligible_evaluation_windows,722,9,5,1,Ta|P|W|RH|Rs,F,0,0,development
huc8_05140102,03298200,365,B_union_D_union_M_union_H,False,no_eligible_evaluation_windows,722,9,5,1,Ta|P|W|RH|Rs,F,0,0,development
huc8_05140102,03298250,7,B_union_D,True,eligible,698,2,5,1,Ta|P|W|RH|Rs,F,3020,20,development
huc8_05140102,03298250,7,B_union_D_union_M_union_H,True,eligible,698,2,5,1,Ta|P|W|RH|Rs,F,2993,20,development
huc8_05140102,03298250,14,B_union_D,True,eligible,698,2,5,1,Ta|P|W|RH|Rs,F,2697,20,development
huc8_05140102,03298250,14,B_union_D_union_M_union_H,True,eligible,698,2,5,1,Ta|P|W|RH|Rs,F,2671,20,development
huc8_05140102,03298250,30,B_union_D,True,eligible,698,2,5,1,Ta|P|W|RH|Rs,F,2147,20,development
huc8_05140102,03298250,30,B_union_D_union_M_union_H,True,eligible,698,2,5,1,Ta|P|W|RH|Rs,F,2144,20,development
huc8_05140102,03298250,60,B_union_D,True,eligible,698,2,5,1,Ta|P|W|RH|Rs,F,1597,20,development
huc8_05140102,03298250,60,B_union_D_union_M_union_H,True,eligible,698,2,5,1,Ta|P|W|RH|Rs,F,1597,20,development
huc8_05140102,03298250,90,B_union_D,True,eligible,698,2,5,1,Ta|P|W|RH|Rs,F,1292,20,development
huc8_05140102,03298250,90,B_union_D_union_M_union_H,True,eligible,698,2,5,1,Ta|P|W|RH|Rs,F,1292,20,development
huc8_05140102,03298250,180,B_union_D,True,eligible,698,2,5,1,Ta|P|W|RH|Rs,F,738,20,development
huc8_05140102,03298250,180,B_union_D_union_M_union_H,True,eligible,698,2,5,1,Ta|P|W|RH|Rs,F,738,20,development
huc8_05140102,03298250,365,B_union_D,True,eligible,698,2,5,1,Ta|P|W|RH|Rs,F,208,20,development
huc8_05140102,03298250,365,B_union_D_union_M_union_H,True,eligible,698,2,5,1,Ta|P|W|RH|Rs,F,208,20,development
huc8_05140102,03301900,7,B_union_D,True,eligible,1443,9,5,1,Ta|P|W|RH|Rs,F,1659,20,development
huc8_05140102,03301900,7,B_union_D_union_M_union_H,True,eligible,1443,9,5,1,Ta|P|W|RH|Rs,F,1659,20,development
huc8_05140102,03301900,14,B_union_D,True,eligible,1443,9,5,1,Ta|P|W|RH|Rs,F,1197,20,development
huc8_05140102,03301900,14,B_union_D_union_M_union_H,True,eligible,1443,9,5,1,Ta|P|W|RH|Rs,F,1197,20,development
huc8_05140102,03301900,30,B_union_D,True,eligible,1443,9,5,1,Ta|P|W|RH|Rs,F,680,20,development
huc8_05140102,03301900,30,B_union_D_union_M_union_H,True,eligible,1443,9,5,1,Ta|P|W|RH|Rs,F,680,20,development
huc8_05140102,03301900,60,B_union_D,True,eligible,1443,9,5,1,Ta|P|W|RH|Rs,F,317,20,development
huc8_05140102,03301900,60,B_union_D_union_M_union_H,True,eligible,1443,9,5,1,Ta|P|W|RH|Rs,F,317,20,development
huc8_05140102,03301900,90,B_union_D,True,eligible,1443,9,5,1,Ta|P|W|RH|Rs,F,144,20,development
huc8_05140102,03301900,90,B_union_D_union_M_union_H,True,eligible,1443,9,5,1,Ta|P|W|RH|Rs,F,144,20,development
huc8_05140102,03301900,180,B_union_D,False,no_eligible_evaluation_windows,1443,9,5,1,Ta|P|W|RH|Rs,F,0,0,development
huc8_05140102,03301900,180,B_union_D_union_M_union_H,False,no_eligible_evaluation_windows,1443,9,5,1,Ta|P|W|RH|Rs,F,0,0,development
huc8_05140102,03301900,365,B_union_D,False,no_eligible_evaluation_windows,1443,9,5,1,Ta|P|W|RH|Rs,F,0,0,development
huc8_05140102,03301900,365,B_union_D_union_M_union_H,False,no_eligible_evaluation_windows,1443,9,5,1,Ta|P|W|RH|Rs,F,0,0,development
huc8_05140102,03301940,7,B_union_D,True,eligible,1112,9,5,1,Ta|P|W|RH|Rs,F,1664,20,development
huc8_05140102,03301940,7,B_union_D_union_M_union_H,True,eligible,1112,9,5,1,Ta|P|W|RH|Rs,F,1664,20,development
huc8_05140102,03301940,14,B_union_D,True,eligible,1112,9,5,1,Ta|P|W|RH|Rs,F,1202,20,development
huc8_05140102,03301940,14,B_union_D_union_M_union_H,True,eligible,1112,9,5,1,Ta|P|W|RH|Rs,F,1202,20,development
huc8_05140102,03301940,30,B_union_D,True,eligible,1112,9,5,1,Ta|P|W|RH|Rs,F,682,20,development
huc8_05140102,03301940,30,B_union_D_union_M_union_H,True,eligible,1112,9,5,1,Ta|P|W|RH|Rs,F,682,20,development
huc8_05140102,03301940,60,B_union_D,True,eligible,1112,9,5,1,Ta|P|W|RH|Rs,F,317,20,development
huc8_05140102,03301940,60,B_union_D_union_M_union_H,True,eligible,1112,9,5,1,Ta|P|W|RH|Rs,F,317,20,development
huc8_05140102,03301940,90,B_union_D,True,eligible,1112,9,5,1,Ta|P|W|RH|Rs,F,144,20,development
huc8_05140102,03301940,90,B_union_D_union_M_union_H,True,eligible,1112,9,5,1,Ta|P|W|RH|Rs,F,144,20,development
huc8_05140102,03301940,180,B_union_D,False,no_eligible_evaluation_windows,1112,9,5,1,Ta|P|W|RH|Rs,F,0,0,development
huc8_05140102,03301940,180,B_union_D_union_M_union_H,False,no_eligible_evaluation_windows,1112,9,5,1,Ta|P|W|RH|Rs,F,0,0,development
huc8_05140102,03301940,365,B_union_D,False,no_eligible_evaluation_windows,1112,9,5,1,Ta|P|W|RH|Rs,F,0,0,development
huc8_05140102,03301940,365,B_union_D_union_M_union_H,False,no_eligible_evaluation_windows,1112,9,5,1,Ta|P|W|RH|Rs,F,0,0,development
huc8_05140102,03302000,7,B_union_D,True,eligible,2456,9,5,1,Ta|P|W|RH|Rs,F,1646,20,development
huc8_05140102,03302000,7,B_union_D_union_M_union_H,True,eligible,2456,9,5,1,Ta|P|W|RH|Rs,F,1646,20,development
huc8_05140102,03302000,14,B_union_D,True,eligible,2456,9,5,1,Ta|P|W|RH|Rs,F,1187,20,development
huc8_05140102,03302000,14,B_union_D_union_M_union_H,True,eligible,2456,9,5,1,Ta|P|W|RH|Rs,F,1187,20,development
huc8_05140102,03302000,30,B_union_D,True,eligible,2456,9,5,1,Ta|P|W|RH|Rs,F,669,20,development
huc8_05140102,03302000,30,B_union_D_union_M_union_H,True,eligible,2456,9,5,1,Ta|P|W|RH|Rs,F,669,20,development
huc8_05140102,03302000,60,B_union_D,True,eligible,2456,9,5,1,Ta|P|W|RH|Rs,F,316,20,development
huc8_05140102,03302000,60,B_union_D_union_M_union_H,True,eligible,2456,9,5,1,Ta|P|W|RH|Rs,F,316,20,development
huc8_05140102,03302000,90,B_union_D,True,eligible,2456,9,5,1,Ta|P|W|RH|Rs,F,143,20,development
huc8_05140102,03302000,90,B_union_D_union_M_union_H,True,eligible,2456,9,5,1,Ta|P|W|RH|Rs,F,143,20,development
huc8_05140102,03302000,180,B_union_D,False,no_eligible_evaluation_windows,2456,9,5,1,Ta|P|W|RH|Rs,F,0,0,development
huc8_05140102,03302000,180,B_union_D_union_M_union_H,False,no_eligible_evaluation_windows,2456,9,5,1,Ta|P|W|RH|Rs,F,0,0,development
huc8_05140102,03302000,365,B_union_D,False,no_eligible_evaluation_windows,2456,9,5,1,Ta|P|W|RH|Rs,F,0,0,development
huc8_05140102,03302000,365,B_union_D_union_M_union_H,False,no_eligible_evaluation_windows,2456,9,5,1,Ta|P|W|RH|Rs,F,0,0,development
huc8_05140102,03302030,7,B_union_D,True,eligible,1090,9,5,1,Ta|P|W|RH|Rs,F,1660,20,development
huc8_05140102,03302030,7,B_union_D_union_M_union_H,True,eligible,1090,9,5,1,Ta|P|W|RH|Rs,F,1660,20,development
huc8_05140102,03302030,14,B_union_D,True,eligible,1090,9,5,1,Ta|P|W|RH|Rs,F,1198,20,development
huc8_05140102,03302030,14,B_union_D_union_M_union_H,True,eligible,1090,9,5,1,Ta|P|W|RH|Rs,F,1198,20,development
huc8_05140102,03302030,30,B_union_D,True,eligible,1090,9,5,1,Ta|P|W|RH|Rs,F,679,20,development
huc8_05140102,03302030,30,B_union_D_union_M_union_H,True,eligible,1090,9,5,1,Ta|P|W|RH|Rs,F,679,20,development
huc8_05140102,03302030,60,B_union_D,True,eligible,1090,9,5,1,Ta|P|W|RH|Rs,F,316,20,development
huc8_05140102,03302030,60,B_union_D_union_M_union_H,True,eligible,1090,9,5,1,Ta|P|W|RH|Rs,F,316,20,development
huc8_05140102,03302030,90,B_union_D,True,eligible,1090,9,5,1,Ta|P|W|RH|Rs,F,143,20,development
huc8_05140102,03302030,90,B_union_D_union_M_union_H,True,eligible,1090,9,5,1,Ta|P|W|RH|Rs,F,143,20,development
huc8_05140102,03302030,180,B_union_D,False,no_eligible_evaluation_windows,1090,9,5,1,Ta|P|W|RH|Rs,F,0,0,development
huc8_05140102,03302030,180,B_union_D_union_M_union_H,False,no_eligible_evaluation_windows,1090,9,5,1,Ta|P|W|RH|Rs,F,0,0,development
huc8_05140102,03302030,365,B_union_D,False,no_eligible_evaluation_windows,1090,9,5,1,Ta|P|W|RH|Rs,F,0,0,development
huc8_05140102,03302030,365,B_union_D_union_M_union_H,False,no_eligible_evaluation_windows,1090,9,5,1,Ta|P|W|RH|Rs,F,0,0,development
huc8_05140102,03302050,7,B_union_D,True,eligible,714,9,5,1,Ta|P|W|RH|Rs,F,1660,20,development
huc8_05140102,03302050,7,B_union_D_union_M_union_H,True,eligible,714,9,5,1,Ta|P|W|RH|Rs,F,1477,20,development
huc8_05140102,03302050,14,B_union_D,True,eligible,714,9,5,1,Ta|P|W|RH|Rs,F,1200,20,development
huc8_05140102,03302050,14,B_union_D_union_M_union_H,True,eligible,714,9,5,1,Ta|P|W|RH|Rs,F,1080,20,development
huc8_05140102,03302050,30,B_union_D,True,eligible,714,9,5,1,Ta|P|W|RH|Rs,F,681,20,development
huc8_05140102,03302050,30,B_union_D_union_M_union_H,True,eligible,714,9,5,1,Ta|P|W|RH|Rs,F,614,20,development
huc8_05140102,03302050,60,B_union_D,True,eligible,714,9,5,1,Ta|P|W|RH|Rs,F,316,20,development
huc8_05140102,03302050,60,B_union_D_union_M_union_H,True,eligible,714,9,5,1,Ta|P|W|RH|Rs,F,279,20,development
huc8_05140102,03302050,90,B_union_D,True,eligible,714,9,5,1,Ta|P|W|RH|Rs,F,143,20,development
huc8_05140102,03302050,90,B_union_D_union_M_union_H,True,eligible,714,9,5,1,Ta|P|W|RH|Rs,F,136,20,development
huc8_05140102,03302050,180,B_union_D,False,no_eligible_evaluation_windows,714,9,5,1,Ta|P|W|RH|Rs,F,0,0,development
huc8_05140102,03302050,180,B_union_D_union_M_union_H,False,no_eligible_evaluation_windows,714,9,5,1,Ta|P|W|RH|Rs,F,0,0,development
huc8_05140102,03302050,365,B_union_D,False,no_eligible_evaluation_windows,714,9,5,1,Ta|P|W|RH|Rs,F,0,0,development
huc8_05140102,03302050,365,B_union_D_union_M_union_H,False,no_eligible_evaluation_windows,714,9,5,1,Ta|P|W|RH|Rs,F,0,0,development
huc8_07040006,05382255,7,B_union_D,True,eligible,3915,3,5,1,Ta|P|W|RH|Rs,F,967,20,development
huc8_07040006,05382255,7,B_union_D_union_M_union_H,True,eligible,3915,3,5,1,Ta|P|W|RH|Rs,F,967,20,development
huc8_07040006,05382255,14,B_union_D,True,eligible,3915,3,5,1,Ta|P|W|RH|Rs,F,823,20,development
huc8_07040006,05382255,14,B_union_D_union_M_union_H,True,eligible,3915,3,5,1,Ta|P|W|RH|Rs,F,823,20,development
huc8_07040006,05382255,30,B_union_D,True,eligible,3915,3,5,1,Ta|P|W|RH|Rs,F,625,20,development
huc8_07040006,05382255,30,B_union_D_union_M_union_H,True,eligible,3915,3,5,1,Ta|P|W|RH|Rs,F,625,20,development
huc8_07040006,05382255,60,B_union_D,True,eligible,3915,3,5,1,Ta|P|W|RH|Rs,F,388,20,development
huc8_07040006,05382255,60,B_union_D_union_M_union_H,True,eligible,3915,3,5,1,Ta|P|W|RH|Rs,F,388,20,development
huc8_07040006,05382255,90,B_union_D,True,eligible,3915,3,5,1,Ta|P|W|RH|Rs,F,243,20,development
huc8_07040006,05382255,90,B_union_D_union_M_union_H,True,eligible,3915,3,5,1,Ta|P|W|RH|Rs,F,243,20,development
huc8_07040006,05382255,180,B_union_D,True,eligible,3915,3,5,1,Ta|P|W|RH|Rs,F,109,20,development
huc8_07040006,05382255,180,B_union_D_union_M_union_H,True,eligible,3915,3,5,1,Ta|P|W|RH|Rs,F,109,20,development
huc8_07040006,05382255,365,B_union_D,False,no_eligible_evaluation_windows,3915,3,5,1,Ta|P|W|RH|Rs,F,0,0,development
huc8_07040006,05382255,365,B_union_D_union_M_union_H,False,no_eligible_evaluation_windows,3915,3,5,1,Ta|P|W|RH|Rs,F,0,0,development
huc8_07040006,05382257,7,B_union_D,True,eligible,4047,3,5,1,Ta|P|W|RH|Rs,F,961,20,development
huc8_07040006,05382257,7,B_union_D_union_M_union_H,True,eligible,4047,3,5,1,Ta|P|W|RH|Rs,F,961,20,development
huc8_07040006,05382257,14,B_union_D,True,eligible,4047,3,5,1,Ta|P|W|RH|Rs,F,821,20,development
huc8_07040006,05382257,14,B_union_D_union_M_union_H,True,eligible,4047,3,5,1,Ta|P|W|RH|Rs,F,821,20,development
huc8_07040006,05382257,30,B_union_D,True,eligible,4047,3,5,1,Ta|P|W|RH|Rs,F,623,20,development
huc8_07040006,05382257,30,B_union_D_union_M_union_H,True,eligible,4047,3,5,1,Ta|P|W|RH|Rs,F,623,20,development
huc8_07040006,05382257,60,B_union_D,True,eligible,4047,3,5,1,Ta|P|W|RH|Rs,F,387,20,development
huc8_07040006,05382257,60,B_union_D_union_M_union_H,True,eligible,4047,3,5,1,Ta|P|W|RH|Rs,F,387,20,development
huc8_07040006,05382257,90,B_union_D,True,eligible,4047,3,5,1,Ta|P|W|RH|Rs,F,243,20,development
huc8_07040006,05382257,90,B_union_D_union_M_union_H,True,eligible,4047,3,5,1,Ta|P|W|RH|Rs,F,243,20,development
huc8_07040006,05382257,180,B_union_D,True,eligible,4047,3,5,1,Ta|P|W|RH|Rs,F,109,20,development
huc8_07040006,05382257,180,B_union_D_union_M_union_H,True,eligible,4047,3,5,1,Ta|P|W|RH|Rs,F,109,20,development
huc8_07040006,05382257,365,B_union_D,False,no_eligible_evaluation_windows,4047,3,5,1,Ta|P|W|RH|Rs,F,0,0,development
huc8_07040006,05382257,365,B_union_D_union_M_union_H,False,no_eligible_evaluation_windows,4047,3,5,1,Ta|P|W|RH|Rs,F,0,0,development
huc8_07040006,05382267,7,B_union_D,True,eligible,3812,3,5,1,Ta|P|W|RH|Rs,F,965,20,development
huc8_07040006,05382267,7,B_union_D_union_M_union_H,True,eligible,3812,3,5,1,Ta|P|W|RH|Rs,F,965,20,development
huc8_07040006,05382267,14,B_union_D,True,eligible,3812,3,5,1,Ta|P|W|RH|Rs,F,823,20,development
huc8_07040006,05382267,14,B_union_D_union_M_union_H,True,eligible,3812,3,5,1,Ta|P|W|RH|Rs,F,823,20,development
huc8_07040006,05382267,30,B_union_D,True,eligible,3812,3,5,1,Ta|P|W|RH|Rs,F,624,20,development
huc8_07040006,05382267,30,B_union_D_union_M_union_H,True,eligible,3812,3,5,1,Ta|P|W|RH|Rs,F,624,20,development
huc8_07040006,05382267,60,B_union_D,True,eligible,3812,3,5,1,Ta|P|W|RH|Rs,F,387,20,development
huc8_07040006,05382267,60,B_union_D_union_M_union_H,True,eligible,3812,3,5,1,Ta|P|W|RH|Rs,F,387,20,development
huc8_07040006,05382267,90,B_union_D,True,eligible,3812,3,5,1,Ta|P|W|RH|Rs,F,241,20,development
huc8_07040006,05382267,90,B_union_D_union_M_union_H,True,eligible,3812,3,5,1,Ta|P|W|RH|Rs,F,241,20,development
huc8_07040006,05382267,180,B_union_D,True,eligible,3812,3,5,1,Ta|P|W|RH|Rs,F,109,20,development
huc8_07040006,05382267,180,B_union_D_union_M_union_H,True,eligible,3812,3,5,1,Ta|P|W|RH|Rs,F,109,20,development
huc8_07040006,05382267,365,B_union_D,False,no_eligible_evaluation_windows,3812,3,5,1,Ta|P|W|RH|Rs,F,0,0,development
huc8_07040006,05382267,365,B_union_D_union_M_union_H,False,no_eligible_evaluation_windows,3812,3,5,1,Ta|P|W|RH|Rs,F,0,0,development
huc8_07040006,05382284,7,B_union_D,True,eligible,3391,3,5,1,Ta|P|W|RH|Rs,F,939,20,development
huc8_07040006,05382284,7,B_union_D_union_M_union_H,True,eligible,3391,3,5,1,Ta|P|W|RH|Rs,F,939,20,development
huc8_07040006,05382284,14,B_union_D,True,eligible,3391,3,5,1,Ta|P|W|RH|Rs,F,801,20,development
huc8_07040006,05382284,14,B_union_D_union_M_union_H,True,eligible,3391,3,5,1,Ta|P|W|RH|Rs,F,801,20,development
huc8_07040006,05382284,30,B_union_D,True,eligible,3391,3,5,1,Ta|P|W|RH|Rs,F,610,20,development
huc8_07040006,05382284,30,B_union_D_union_M_union_H,True,eligible,3391,3,5,1,Ta|P|W|RH|Rs,F,610,20,development
huc8_07040006,05382284,60,B_union_D,True,eligible,3391,3,5,1,Ta|P|W|RH|Rs,F,381,20,development
huc8_07040006,05382284,60,B_union_D_union_M_union_H,True,eligible,3391,3,5,1,Ta|P|W|RH|Rs,F,381,20,development
huc8_07040006,05382284,90,B_union_D,True,eligible,3391,3,5,1,Ta|P|W|RH|Rs,F,239,20,development
huc8_07040006,05382284,90,B_union_D_union_M_union_H,True,eligible,3391,3,5,1,Ta|P|W|RH|Rs,F,239,20,development
huc8_07040006,05382284,180,B_union_D,True,eligible,3391,3,5,1,Ta|P|W|RH|Rs,F,107,20,development
huc8_07040006,05382284,180,B_union_D_union_M_union_H,True,eligible,3391,3,5,1,Ta|P|W|RH|Rs,F,107,20,development
huc8_07040006,05382284,365,B_union_D,False,no_eligible_evaluation_windows,3391,3,5,1,Ta|P|W|RH|Rs,F,0,0,development
huc8_07040006,05382284,365,B_union_D_union_M_union_H,False,no_eligible_evaluation_windows,3391,3,5,1,Ta|P|W|RH|Rs,F,0,0,development
huc8_07070005,05406460,7,B_union_D,False,no_eligible_evaluation_windows,2609,2,5,1,Ta|P|W|RH|Rs,F,0,0,development
huc8_07070005,05406460,7,B_union_D_union_M_union_H,False,no_eligible_evaluation_windows,2609,2,5,1,Ta|P|W|RH|Rs,F,0,0,development
huc8_07070005,05406460,14,B_union_D,False,no_eligible_evaluation_windows,2609,2,5,1,Ta|P|W|RH|Rs,F,0,0,development
huc8_07070005,05406460,14,B_union_D_union_M_union_H,False,no_eligible_evaluation_windows,2609,2,5,1,Ta|P|W|RH|Rs,F,0,0,development
huc8_07070005,05406460,30,B_union_D,False,no_eligible_evaluation_windows,2609,2,5,1,Ta|P|W|RH|Rs,F,0,0,development
huc8_07070005,05406460,30,B_union_D_union_M_union_H,False,no_eligible_evaluation_windows,2609,2,5,1,Ta|P|W|RH|Rs,F,0,0,development
huc8_07070005,05406460,60,B_union_D,False,no_eligible_evaluation_windows,2609,2,5,1,Ta|P|W|RH|Rs,F,0,0,development
huc8_07070005,05406460,60,B_union_D_union_M_union_H,False,no_eligible_evaluation_windows,2609,2,5,1,Ta|P|W|RH|Rs,F,0,0,development
huc8_07070005,05406460,90,B_union_D,False,no_eligible_evaluation_windows,2609,2,5,1,Ta|P|W|RH|Rs,F,0,0,development
huc8_07070005,05406460,90,B_union_D_union_M_union_H,False,no_eligible_evaluation_windows,2609,2,5,1,Ta|P|W|RH|Rs,F,0,0,development
huc8_07070005,05406460,180,B_union_D,False,no_eligible_evaluation_windows,2609,2,5,1,Ta|P|W|RH|Rs,F,0,0,development
huc8_07070005,05406460,180,B_union_D_union_M_union_H,False,no_eligible_evaluation_windows,2609,2,5,1,Ta|P|W|RH|Rs,F,0,0,development
huc8_07070005,05406460,365,B_union_D,False,no_eligible_evaluation_windows,2609,2,5,1,Ta|P|W|RH|Rs,F,0,0,development
huc8_07070005,05406460,365,B_union_D_union_M_union_H,False,no_eligible_evaluation_windows,2609,2,5,1,Ta|P|W|RH|Rs,F,0,0,development
huc8_07070005,05406470,7,B_union_D,False,no_eligible_evaluation_windows,3192,2,5,1,Ta|P|W|RH|Rs,F,0,0,development
huc8_07070005,05406470,7,B_union_D_union_M_union_H,False,no_eligible_evaluation_windows,3192,2,5,1,Ta|P|W|RH|Rs,F,0,0,development
huc8_07070005,05406470,14,B_union_D,False,no_eligible_evaluation_windows,3192,2,5,1,Ta|P|W|RH|Rs,F,0,0,development
huc8_07070005,05406470,14,B_union_D_union_M_union_H,False,no_eligible_evaluation_windows,3192,2,5,1,Ta|P|W|RH|Rs,F,0,0,development
huc8_07070005,05406470,30,B_union_D,False,no_eligible_evaluation_windows,3192,2,5,1,Ta|P|W|RH|Rs,F,0,0,development
huc8_07070005,05406470,30,B_union_D_union_M_union_H,False,no_eligible_evaluation_windows,3192,2,5,1,Ta|P|W|RH|Rs,F,0,0,development
huc8_07070005,05406470,60,B_union_D,False,no_eligible_evaluation_windows,3192,2,5,1,Ta|P|W|RH|Rs,F,0,0,development
huc8_07070005,05406470,60,B_union_D_union_M_union_H,False,no_eligible_evaluation_windows,3192,2,5,1,Ta|P|W|RH|Rs,F,0,0,development
huc8_07070005,05406470,90,B_union_D,False,no_eligible_evaluation_windows,3192,2,5,1,Ta|P|W|RH|Rs,F,0,0,development
huc8_07070005,05406470,90,B_union_D_union_M_union_H,False,no_eligible_evaluation_windows,3192,2,5,1,Ta|P|W|RH|Rs,F,0,0,development
huc8_07070005,05406470,180,B_union_D,False,no_eligible_evaluation_windows,3192,2,5,1,Ta|P|W|RH|Rs,F,0,0,development
huc8_07070005,05406470,180,B_union_D_union_M_union_H,False,no_eligible_evaluation_windows,3192,2,5,1,Ta|P|W|RH|Rs,F,0,0,development
huc8_07070005,05406470,365,B_union_D,False,no_eligible_evaluation_windows,3192,2,5,1,Ta|P|W|RH|Rs,F,0,0,development
huc8_07070005,05406470,365,B_union_D_union_M_union_H,False,no_eligible_evaluation_windows,3192,2,5,1,Ta|P|W|RH|Rs,F,0,0,development
huc8_07070005,05406491,7,B_union_D,False,no_eligible_evaluation_windows,3104,2,5,1,Ta|P|W|RH|Rs,F,0,0,development
huc8_07070005,05406491,7,B_union_D_union_M_union_H,False,no_eligible_evaluation_windows,3104,2,5,1,Ta|P|W|RH|Rs,F,0,0,development
huc8_07070005,05406491,14,B_union_D,False,no_eligible_evaluation_windows,3104,2,5,1,Ta|P|W|RH|Rs,F,0,0,development
huc8_07070005,05406491,14,B_union_D_union_M_union_H,False,no_eligible_evaluation_windows,3104,2,5,1,Ta|P|W|RH|Rs,F,0,0,development
huc8_07070005,05406491,30,B_union_D,False,no_eligible_evaluation_windows,3104,2,5,1,Ta|P|W|RH|Rs,F,0,0,development
huc8_07070005,05406491,30,B_union_D_union_M_union_H,False,no_eligible_evaluation_windows,3104,2,5,1,Ta|P|W|RH|Rs,F,0,0,development
huc8_07070005,05406491,60,B_union_D,False,no_eligible_evaluation_windows,3104,2,5,1,Ta|P|W|RH|Rs,F,0,0,development
huc8_07070005,05406491,60,B_union_D_union_M_union_H,False,no_eligible_evaluation_windows,3104,2,5,1,Ta|P|W|RH|Rs,F,0,0,development
huc8_07070005,05406491,90,B_union_D,False,no_eligible_evaluation_windows,3104,2,5,1,Ta|P|W|RH|Rs,F,0,0,development
huc8_07070005,05406491,90,B_union_D_union_M_union_H,False,no_eligible_evaluation_windows,3104,2,5,1,Ta|P|W|RH|Rs,F,0,0,development
huc8_07070005,05406491,180,B_union_D,False,no_eligible_evaluation_windows,3104,2,5,1,Ta|P|W|RH|Rs,F,0,0,development
huc8_07070005,05406491,180,B_union_D_union_M_union_H,False,no_eligible_evaluation_windows,3104,2,5,1,Ta|P|W|RH|Rs,F,0,0,development
huc8_07070005,05406491,365,B_union_D,False,no_eligible_evaluation_windows,3104,2,5,1,Ta|P|W|RH|Rs,F,0,0,development
huc8_07070005,05406491,365,B_union_D_union_M_union_H,False,no_eligible_evaluation_windows,3104,2,5,1,Ta|P|W|RH|Rs,F,0,0,development
huc8_07120001,05515500,7,B_union_D,False,insufficient_training_target_days,0,0,0,0,,,0,0,development
huc8_07120001,05515500,7,B_union_D_union_M_union_H,False,insufficient_training_target_days,0,0,0,0,,,0,0,development
huc8_07120001,05515500,14,B_union_D,False,insufficient_training_target_days,0,0,0,0,,,0,0,development
huc8_07120001,05515500,14,B_union_D_union_M_union_H,False,insufficient_training_target_days,0,0,0,0,,,0,0,development
huc8_07120001,05515500,30,B_union_D,False,insufficient_training_target_days,0,0,0,0,,,0,0,development
huc8_07120001,05515500,30,B_union_D_union_M_union_H,False,insufficient_training_target_days,0,0,0,0,,,0,0,development
huc8_07120001,05515500,60,B_union_D,False,insufficient_training_target_days,0,0,0,0,,,0,0,development
huc8_07120001,05515500,60,B_union_D_union_M_union_H,False,insufficient_training_target_days,0,0,0,0,,,0,0,development
huc8_07120001,05515500,90,B_union_D,False,insufficient_training_target_days,0,0,0,0,,,0,0,development
huc8_07120001,05515500,90,B_union_D_union_M_union_H,False,insufficient_training_target_days,0,0,0,0,,,0,0,development
huc8_07120001,05515500,180,B_union_D,False,insufficient_training_target_days,0,0,0,0,,,0,0,development
huc8_07120001,05515500,180,B_union_D_union_M_union_H,False,insufficient_training_target_days,0,0,0,0,,,0,0,development
huc8_07120001,05515500,365,B_union_D,False,insufficient_training_target_days,0,0,0,0,,,0,0,development
huc8_07120001,05515500,365,B_union_D_union_M_union_H,False,insufficient_training_target_days,0,0,0,0,,,0,0,development
huc8_07120001,05516665,7,B_union_D,False,insufficient_training_target_days,0,0,0,0,,,0,0,development
huc8_07120001,05516665,7,B_union_D_union_M_union_H,False,insufficient_training_target_days,0,0,0,0,,,0,0,development
huc8_07120001,05516665,14,B_union_D,False,insufficient_training_target_days,0,0,0,0,,,0,0,development
huc8_07120001,05516665,14,B_union_D_union_M_union_H,False,insufficient_training_target_days,0,0,0,0,,,0,0,development
huc8_07120001,05516665,30,B_union_D,False,insufficient_training_target_days,0,0,0,0,,,0,0,development
huc8_07120001,05516665,30,B_union_D_union_M_union_H,False,insufficient_training_target_days,0,0,0,0,,,0,0,development
huc8_07120001,05516665,60,B_union_D,False,insufficient_training_target_days,0,0,0,0,,,0,0,development
huc8_07120001,05516665,60,B_union_D_union_M_union_H,False,insufficient_training_target_days,0,0,0,0,,,0,0,development
huc8_07120001,05516665,90,B_union_D,False,insufficient_training_target_days,0,0,0,0,,,0,0,development
huc8_07120001,05516665,90,B_union_D_union_M_union_H,False,insufficient_training_target_days,0,0,0,0,,,0,0,development
huc8_07120001,05516665,180,B_union_D,False,insufficient_training_target_days,0,0,0,0,,,0,0,development
huc8_07120001,05516665,180,B_union_D_union_M_union_H,False,insufficient_training_target_days,0,0,0,0,,,0,0,development
huc8_07120001,05516665,365,B_union_D,False,insufficient_training_target_days,0,0,0,0,,,0,0,development
huc8_07120001,05516665,365,B_union_D_union_M_union_H,False,insufficient_training_target_days,0,0,0,0,,,0,0,development
huc8_07120001,05517000,7,B_union_D,False,insufficient_training_target_days,0,0,0,0,,,0,0,development
huc8_07120001,05517000,7,B_union_D_union_M_union_H,False,insufficient_training_target_days,0,0,0,0,,,0,0,development
huc8_07120001,05517000,14,B_union_D,False,insufficient_training_target_days,0,0,0,0,,,0,0,development
huc8_07120001,05517000,14,B_union_D_union_M_union_H,False,insufficient_training_target_days,0,0,0,0,,,0,0,development
huc8_07120001,05517000,30,B_union_D,False,insufficient_training_target_days,0,0,0,0,,,0,0,development
huc8_07120001,05517000,30,B_union_D_union_M_union_H,False,insufficient_training_target_days,0,0,0,0,,,0,0,development
huc8_07120001,05517000,60,B_union_D,False,insufficient_training_target_days,0,0,0,0,,,0,0,development
huc8_07120001,05517000,60,B_union_D_union_M_union_H,False,insufficient_training_target_days,0,0,0,0,,,0,0,development
huc8_07120001,05517000,90,B_union_D,False,insufficient_training_target_days,0,0,0,0,,,0,0,development
huc8_07120001,05517000,90,B_union_D_union_M_union_H,False,insufficient_training_target_days,0,0,0,0,,,0,0,development
huc8_07120001,05517000,180,B_union_D,False,insufficient_training_target_days,0,0,0,0,,,0,0,development
huc8_07120001,05517000,180,B_union_D_union_M_union_H,False,insufficient_training_target_days,0,0,0,0,,,0,0,development
huc8_07120001,05517000,365,B_union_D,False,insufficient_training_target_days,0,0,0,0,,,0,0,development
huc8_07120001,05517000,365,B_union_D_union_M_union_H,False,insufficient_training_target_days,0,0,0,0,,,0,0,development
huc8_07120001,05517010,7,B_union_D,False,insufficient_training_target_days,0,0,0,0,,,0,0,development
huc8_07120001,05517010,7,B_union_D_union_M_union_H,False,insufficient_training_target_days,0,0,0,0,,,0,0,development
huc8_07120001,05517010,14,B_union_D,False,insufficient_training_target_days,0,0,0,0,,,0,0,development
huc8_07120001,05517010,14,B_union_D_union_M_union_H,False,insufficient_training_target_days,0,0,0,0,,,0,0,development
huc8_07120001,05517010,30,B_union_D,False,insufficient_training_target_days,0,0,0,0,,,0,0,development
huc8_07120001,05517010,30,B_union_D_union_M_union_H,False,insufficient_training_target_days,0,0,0,0,,,0,0,development
huc8_07120001,05517010,60,B_union_D,False,insufficient_training_target_days,0,0,0,0,,,0,0,development
huc8_07120001,05517010,60,B_union_D_union_M_union_H,False,insufficient_training_target_days,0,0,0,0,,,0,0,development
huc8_07120001,05517010,90,B_union_D,False,insufficient_training_target_days,0,0,0,0,,,0,0,development
huc8_07120001,05517010,90,B_union_D_union_M_union_H,False,insufficient_training_target_days,0,0,0,0,,,0,0,development
huc8_07120001,05517010,180,B_union_D,False,insufficient_training_target_days,0,0,0,0,,,0,0,development
huc8_07120001,05517010,180,B_union_D_union_M_union_H,False,insufficient_training_target_days,0,0,0,0,,,0,0,development
huc8_07120001,05517010,365,B_union_D,False,insufficient_training_target_days,0,0,0,0,,,0,0,development
huc8_07120001,05517010,365,B_union_D_union_M_union_H,False,insufficient_training_target_days,0,0,0,0,,,0,0,development
huc8_07120001,05517500,7,B_union_D,False,insufficient_training_target_days,0,0,0,0,,,0,0,development
huc8_07120001,05517500,7,B_union_D_union_M_union_H,False,insufficient_training_target_days,0,0,0,0,,,0,0,development
huc8_07120001,05517500,14,B_union_D,False,insufficient_training_target_days,0,0,0,0,,,0,0,development
huc8_07120001,05517500,14,B_union_D_union_M_union_H,False,insufficient_training_target_days,0,0,0,0,,,0,0,development
huc8_07120001,05517500,30,B_union_D,False,insufficient_training_target_days,0,0,0,0,,,0,0,development
huc8_07120001,05517500,30,B_union_D_union_M_union_H,False,insufficient_training_target_days,0,0,0,0,,,0,0,development
huc8_07120001,05517500,60,B_union_D,False,insufficient_training_target_days,0,0,0,0,,,0,0,development
huc8_07120001,05517500,60,B_union_D_union_M_union_H,False,insufficient_training_target_days,0,0,0,0,,,0,0,development
huc8_07120001,05517500,90,B_union_D,False,insufficient_training_target_days,0,0,0,0,,,0,0,development
huc8_07120001,05517500,90,B_union_D_union_M_union_H,False,insufficient_training_target_days,0,0,0,0,,,0,0,development
huc8_07120001,05517500,180,B_union_D,False,insufficient_training_target_days,0,0,0,0,,,0,0,development
huc8_07120001,05517500,180,B_union_D_union_M_union_H,False,insufficient_training_target_days,0,0,0,0,,,0,0,development
huc8_07120001,05517500,365,B_union_D,False,insufficient_training_target_days,0,0,0,0,,,0,0,development
huc8_07120001,05517500,365,B_union_D_union_M_union_H,False,insufficient_training_target_days,0,0,0,0,,,0,0,development
huc8_07120001,05518000,7,B_union_D,False,insufficient_training_target_days,0,0,0,0,,,0,0,development
huc8_07120001,05518000,7,B_union_D_union_M_union_H,False,insufficient_training_target_days,0,0,0,0,,,0,0,development
huc8_07120001,05518000,14,B_union_D,False,insufficient_training_target_days,0,0,0,0,,,0,0,development
huc8_07120001,05518000,14,B_union_D_union_M_union_H,False,insufficient_training_target_days,0,0,0,0,,,0,0,development
huc8_07120001,05518000,30,B_union_D,False,insufficient_training_target_days,0,0,0,0,,,0,0,development
huc8_07120001,05518000,30,B_union_D_union_M_union_H,False,insufficient_training_target_days,0,0,0,0,,,0,0,development
huc8_07120001,05518000,60,B_union_D,False,insufficient_training_target_days,0,0,0,0,,,0,0,development
huc8_07120001,05518000,60,B_union_D_union_M_union_H,False,insufficient_training_target_days,0,0,0,0,,,0,0,development
huc8_07120001,05518000,90,B_union_D,False,insufficient_training_target_days,0,0,0,0,,,0,0,development
huc8_07120001,05518000,90,B_union_D_union_M_union_H,False,insufficient_training_target_days,0,0,0,0,,,0,0,development
huc8_07120001,05518000,180,B_union_D,False,insufficient_training_target_days,0,0,0,0,,,0,0,development
huc8_07120001,05518000,180,B_union_D_union_M_union_H,False,insufficient_training_target_days,0,0,0,0,,,0,0,development
huc8_07120001,05518000,365,B_union_D,False,insufficient_training_target_days,0,0,0,0,,,0,0,development
huc8_07120001,05518000,365,B_union_D_union_M_union_H,False,insufficient_training_target_days,0,0,0,0,,,0,0,development
huc8_07120001,05527000,7,B_union_D,False,insufficient_training_target_days,0,0,0,0,,,0,0,development
huc8_07120001,05527000,7,B_union_D_union_M_union_H,False,insufficient_training_target_days,0,0,0,0,,,0,0,development
huc8_07120001,05527000,14,B_union_D,False,insufficient_training_target_days,0,0,0,0,,,0,0,development
huc8_07120001,05527000,14,B_union_D_union_M_union_H,False,insufficient_training_target_days,0,0,0,0,,,0,0,development
huc8_07120001,05527000,30,B_union_D,False,insufficient_training_target_days,0,0,0,0,,,0,0,development
huc8_07120001,05527000,30,B_union_D_union_M_union_H,False,insufficient_training_target_days,0,0,0,0,,,0,0,development
huc8_07120001,05527000,60,B_union_D,False,insufficient_training_target_days,0,0,0,0,,,0,0,development
huc8_07120001,05527000,60,B_union_D_union_M_union_H,False,insufficient_training_target_days,0,0,0,0,,,0,0,development
huc8_07120001,05527000,90,B_union_D,False,insufficient_training_target_days,0,0,0,0,,,0,0,development
huc8_07120001,05527000,90,B_union_D_union_M_union_H,False,insufficient_training_target_days,0,0,0,0,,,0,0,development
huc8_07120001,05527000,180,B_union_D,False,insufficient_training_target_days,0,0,0,0,,,0,0,development
huc8_07120001,05527000,180,B_union_D_union_M_union_H,False,insufficient_training_target_days,0,0,0,0,,,0,0,development
huc8_07120001,05527000,365,B_union_D,False,insufficient_training_target_days,0,0,0,0,,,0,0,development
huc8_07120001,05527000,365,B_union_D_union_M_union_H,False,insufficient_training_target_days,0,0,0,0,,,0,0,development
huc8_07120001,05527500,7,B_union_D,False,no_donor_with_minimum_paired_training_days,1007,0,0,1,,F,0,0,development
huc8_07120001,05527500,7,B_union_D_union_M_union_H,False,no_donor_with_minimum_paired_training_days,1007,0,0,1,,F,0,0,development
huc8_07120001,05527500,14,B_union_D,False,no_donor_with_minimum_paired_training_days,1007,0,0,1,,F,0,0,development
huc8_07120001,05527500,14,B_union_D_union_M_union_H,False,no_donor_with_minimum_paired_training_days,1007,0,0,1,,F,0,0,development
huc8_07120001,05527500,30,B_union_D,False,no_donor_with_minimum_paired_training_days,1007,0,0,1,,F,0,0,development
huc8_07120001,05527500,30,B_union_D_union_M_union_H,False,no_donor_with_minimum_paired_training_days,1007,0,0,1,,F,0,0,development
huc8_07120001,05527500,60,B_union_D,False,no_donor_with_minimum_paired_training_days,1007,0,0,1,,F,0,0,development
huc8_07120001,05527500,60,B_union_D_union_M_union_H,False,no_donor_with_minimum_paired_training_days,1007,0,0,1,,F,0,0,development
huc8_07120001,05527500,90,B_union_D,False,no_donor_with_minimum_paired_training_days,1007,0,0,1,,F,0,0,development
huc8_07120001,05527500,90,B_union_D_union_M_union_H,False,no_donor_with_minimum_paired_training_days,1007,0,0,1,,F,0,0,development
huc8_07120001,05527500,180,B_union_D,False,no_donor_with_minimum_paired_training_days,1007,0,0,1,,F,0,0,development
huc8_07120001,05527500,180,B_union_D_union_M_union_H,False,no_donor_with_minimum_paired_training_days,1007,0,0,1,,F,0,0,development
huc8_07120001,05527500,365,B_union_D,False,no_donor_with_minimum_paired_training_days,1007,0,0,1,,F,0,0,development
huc8_07120001,05527500,365,B_union_D_union_M_union_H,False,no_donor_with_minimum_paired_training_days,1007,0,0,1,,F,0,0,development
huc8_07120001,412320088154101,7,B_union_D,False,insufficient_training_target_days,0,0,0,0,,,0,0,development
huc8_07120001,412320088154101,7,B_union_D_union_M_union_H,False,insufficient_training_target_days,0,0,0,0,,,0,0,development
huc8_07120001,412320088154101,14,B_union_D,False,insufficient_training_target_days,0,0,0,0,,,0,0,development
huc8_07120001,412320088154101,14,B_union_D_union_M_union_H,False,insufficient_training_target_days,0,0,0,0,,,0,0,development
huc8_07120001,412320088154101,30,B_union_D,False,insufficient_training_target_days,0,0,0,0,,,0,0,development
huc8_07120001,412320088154101,30,B_union_D_union_M_union_H,False,insufficient_training_target_days,0,0,0,0,,,0,0,development
huc8_07120001,412320088154101,60,B_union_D,False,insufficient_training_target_days,0,0,0,0,,,0,0,development
huc8_07120001,412320088154101,60,B_union_D_union_M_union_H,False,insufficient_training_target_days,0,0,0,0,,,0,0,development
huc8_07120001,412320088154101,90,B_union_D,False,insufficient_training_target_days,0,0,0,0,,,0,0,development
huc8_07120001,412320088154101,90,B_union_D_union_M_union_H,False,insufficient_training_target_days,0,0,0,0,,,0,0,development
huc8_07120001,412320088154101,180,B_union_D,False,insufficient_training_target_days,0,0,0,0,,,0,0,development
huc8_07120001,412320088154101,180,B_union_D_union_M_union_H,False,insufficient_training_target_days,0,0,0,0,,,0,0,development
huc8_07120001,412320088154101,365,B_union_D,False,insufficient_training_target_days,0,0,0,0,,,0,0,development
huc8_07120001,412320088154101,365,B_union_D_union_M_union_H,False,insufficient_training_target_days,0,0,0,0,,,0,0,development
huc8_07120004,05536995,7,B_union_D,False,insufficient_training_target_days,0,0,0,0,,,0,0,development
huc8_07120004,05536995,7,B_union_D_union_M_union_H,False,insufficient_training_target_days,0,0,0,0,,,0,0,development
huc8_07120004,05536995,14,B_union_D,False,insufficient_training_target_days,0,0,0,0,,,0,0,development
huc8_07120004,05536995,14,B_union_D_union_M_union_H,False,insufficient_training_target_days,0,0,0,0,,,0,0,development
huc8_07120004,05536995,30,B_union_D,False,insufficient_training_target_days,0,0,0,0,,,0,0,development
huc8_07120004,05536995,30,B_union_D_union_M_union_H,False,insufficient_training_target_days,0,0,0,0,,,0,0,development
huc8_07120004,05536995,60,B_union_D,False,insufficient_training_target_days,0,0,0,0,,,0,0,development
huc8_07120004,05536995,60,B_union_D_union_M_union_H,False,insufficient_training_target_days,0,0,0,0,,,0,0,development
huc8_07120004,05536995,90,B_union_D,False,insufficient_training_target_days,0,0,0,0,,,0,0,development
huc8_07120004,05536995,90,B_union_D_union_M_union_H,False,insufficient_training_target_days,0,0,0,0,,,0,0,development
huc8_07120004,05536995,180,B_union_D,False,insufficient_training_target_days,0,0,0,0,,,0,0,development
huc8_07120004,05536995,180,B_union_D_union_M_union_H,False,insufficient_training_target_days,0,0,0,0,,,0,0,development
huc8_07120004,05536995,365,B_union_D,False,insufficient_training_target_days,0,0,0,0,,,0,0,development
huc8_07120004,05536995,365,B_union_D_union_M_union_H,False,insufficient_training_target_days,0,0,0,0,,,0,0,development
huc8_07120004,05537980,7,B_union_D,False,insufficient_training_target_days,0,0,0,0,,,0,0,development
huc8_07120004,05537980,7,B_union_D_union_M_union_H,False,insufficient_training_target_days,0,0,0,0,,,0,0,development
huc8_07120004,05537980,14,B_union_D,False,insufficient_training_target_days,0,0,0,0,,,0,0,development
huc8_07120004,05537980,14,B_union_D_union_M_union_H,False,insufficient_training_target_days,0,0,0,0,,,0,0,development
huc8_07120004,05537980,30,B_union_D,False,insufficient_training_target_days,0,0,0,0,,,0,0,development
huc8_07120004,05537980,30,B_union_D_union_M_union_H,False,insufficient_training_target_days,0,0,0,0,,,0,0,development
huc8_07120004,05537980,60,B_union_D,False,insufficient_training_target_days,0,0,0,0,,,0,0,development
huc8_07120004,05537980,60,B_union_D_union_M_union_H,False,insufficient_training_target_days,0,0,0,0,,,0,0,development
huc8_07120004,05537980,90,B_union_D,False,insufficient_training_target_days,0,0,0,0,,,0,0,development
huc8_07120004,05537980,90,B_union_D_union_M_union_H,False,insufficient_training_target_days,0,0,0,0,,,0,0,development
huc8_07120004,05537980,180,B_union_D,False,insufficient_training_target_days,0,0,0,0,,,0,0,development
huc8_07120004,05537980,180,B_union_D_union_M_union_H,False,insufficient_training_target_days,0,0,0,0,,,0,0,development
huc8_07120004,05537980,365,B_union_D,False,insufficient_training_target_days,0,0,0,0,,,0,0,development
huc8_07120004,05537980,365,B_union_D_union_M_union_H,False,insufficient_training_target_days,0,0,0,0,,,0,0,development
huc8_07120004,05539670,7,B_union_D,False,no_donor_with_minimum_paired_training_days,1115,0,0,0,,,0,0,development
huc8_07120004,05539670,7,B_union_D_union_M_union_H,False,no_donor_with_minimum_paired_training_days,1115,0,0,0,,,0,0,development
huc8_07120004,05539670,14,B_union_D,False,no_donor_with_minimum_paired_training_days,1115,0,0,0,,,0,0,development
huc8_07120004,05539670,14,B_union_D_union_M_union_H,False,no_donor_with_minimum_paired_training_days,1115,0,0,0,,,0,0,development
huc8_07120004,05539670,30,B_union_D,False,no_donor_with_minimum_paired_training_days,1115,0,0,0,,,0,0,development
huc8_07120004,05539670,30,B_union_D_union_M_union_H,False,no_donor_with_minimum_paired_training_days,1115,0,0,0,,,0,0,development
huc8_07120004,05539670,60,B_union_D,False,no_donor_with_minimum_paired_training_days,1115,0,0,0,,,0,0,development
huc8_07120004,05539670,60,B_union_D_union_M_union_H,False,no_donor_with_minimum_paired_training_days,1115,0,0,0,,,0,0,development
huc8_07120004,05539670,90,B_union_D,False,no_donor_with_minimum_paired_training_days,1115,0,0,0,,,0,0,development
huc8_07120004,05539670,90,B_union_D_union_M_union_H,False,no_donor_with_minimum_paired_training_days,1115,0,0,0,,,0,0,development
huc8_07120004,05539670,180,B_union_D,False,no_donor_with_minimum_paired_training_days,1115,0,0,0,,,0,0,development
huc8_07120004,05539670,180,B_union_D_union_M_union_H,False,no_donor_with_minimum_paired_training_days,1115,0,0,0,,,0,0,development
huc8_07120004,05539670,365,B_union_D,False,no_donor_with_minimum_paired_training_days,1115,0,0,0,,,0,0,development
huc8_07120004,05539670,365,B_union_D_union_M_union_H,False,no_donor_with_minimum_paired_training_days,1115,0,0,0,,,0,0,development
huc8_10230006,06610000,7,B_union_D,True,eligible,2194,2,5,1,Ta|P|W|RH|Rs,F,1348,20,development
huc8_10230006,06610000,7,B_union_D_union_M_union_H,True,eligible,2194,2,5,1,Ta|P|W|RH|Rs,F,1348,20,development
huc8_10230006,06610000,14,B_union_D,True,eligible,2194,2,5,1,Ta|P|W|RH|Rs,F,1262,20,development
huc8_10230006,06610000,14,B_union_D_union_M_union_H,True,eligible,2194,2,5,1,Ta|P|W|RH|Rs,F,1262,20,development
huc8_10230006,06610000,30,B_union_D,True,eligible,2194,2,5,1,Ta|P|W|RH|Rs,F,1094,20,development
huc8_10230006,06610000,30,B_union_D_union_M_union_H,True,eligible,2194,2,5,1,Ta|P|W|RH|Rs,F,1094,20,development
huc8_10230006,06610000,60,B_union_D,True,eligible,2194,2,5,1,Ta|P|W|RH|Rs,F,818,20,development
huc8_10230006,06610000,60,B_union_D_union_M_union_H,True,eligible,2194,2,5,1,Ta|P|W|RH|Rs,F,818,20,development
huc8_10230006,06610000,90,B_union_D,True,eligible,2194,2,5,1,Ta|P|W|RH|Rs,F,631,20,development
huc8_10230006,06610000,90,B_union_D_union_M_union_H,True,eligible,2194,2,5,1,Ta|P|W|RH|Rs,F,631,20,development
huc8_10230006,06610000,180,B_union_D,True,eligible,2194,2,5,1,Ta|P|W|RH|Rs,F,253,20,development
huc8_10230006,06610000,180,B_union_D_union_M_union_H,True,eligible,2194,2,5,1,Ta|P|W|RH|Rs,F,253,20,development
huc8_10230006,06610000,365,B_union_D,True,eligible,2194,2,5,1,Ta|P|W|RH|Rs,F,24,20,development
huc8_10230006,06610000,365,B_union_D_union_M_union_H,True,eligible,2194,2,5,1,Ta|P|W|RH|Rs,F,24,20,development
huc8_10230006,410333095530101,7,B_union_D,True,eligible,1687,2,5,0,Ta|P|W|RH|Rs,,1341,20,development
huc8_10230006,410333095530101,7,B_union_D_union_M_union_H,False,no_hydraulics_with_minimum_training_days,1687,2,5,0,Ta|P|W|RH|Rs,,0,0,development
huc8_10230006,410333095530101,14,B_union_D,True,eligible,1687,2,5,0,Ta|P|W|RH|Rs,,1254,20,development
huc8_10230006,410333095530101,14,B_union_D_union_M_union_H,False,no_hydraulics_with_minimum_training_days,1687,2,5,0,Ta|P|W|RH|Rs,,0,0,development
huc8_10230006,410333095530101,30,B_union_D,True,eligible,1687,2,5,0,Ta|P|W|RH|Rs,,1089,20,development
huc8_10230006,410333095530101,30,B_union_D_union_M_union_H,False,no_hydraulics_with_minimum_training_days,1687,2,5,0,Ta|P|W|RH|Rs,,0,0,development
huc8_10230006,410333095530101,60,B_union_D,True,eligible,1687,2,5,0,Ta|P|W|RH|Rs,,815,20,development
huc8_10230006,410333095530101,60,B_union_D_union_M_union_H,False,no_hydraulics_with_minimum_training_days,1687,2,5,0,Ta|P|W|RH|Rs,,0,0,development
huc8_10230006,410333095530101,90,B_union_D,True,eligible,1687,2,5,0,Ta|P|W|RH|Rs,,630,20,development
huc8_10230006,410333095530101,90,B_union_D_union_M_union_H,False,no_hydraulics_with_minimum_training_days,1687,2,5,0,Ta|P|W|RH|Rs,,0,0,development
huc8_10230006,410333095530101,180,B_union_D,True,eligible,1687,2,5,0,Ta|P|W|RH|Rs,,251,20,development
huc8_10230006,410333095530101,180,B_union_D_union_M_union_H,False,no_hydraulics_with_minimum_training_days,1687,2,5,0,Ta|P|W|RH|Rs,,0,0,development
huc8_10230006,410333095530101,365,B_union_D,True,eligible,1687,2,5,0,Ta|P|W|RH|Rs,,24,20,development
huc8_10230006,410333095530101,365,B_union_D_union_M_union_H,False,no_hydraulics_with_minimum_training_days,1687,2,5,0,Ta|P|W|RH|Rs,,0,0,development
huc8_10230006,412126095565201,7,B_union_D,True,eligible,2094,2,5,0,Ta|P|W|RH|Rs,,1344,20,development
huc8_10230006,412126095565201,7,B_union_D_union_M_union_H,False,no_hydraulics_with_minimum_training_days,2094,2,5,0,Ta|P|W|RH|Rs,,0,0,development
huc8_10230006,412126095565201,14,B_union_D,True,eligible,2094,2,5,0,Ta|P|W|RH|Rs,,1258,20,development
huc8_10230006,412126095565201,14,B_union_D_union_M_union_H,False,no_hydraulics_with_minimum_training_days,2094,2,5,0,Ta|P|W|RH|Rs,,0,0,development
huc8_10230006,412126095565201,30,B_union_D,True,eligible,2094,2,5,0,Ta|P|W|RH|Rs,,1091,20,development
huc8_10230006,412126095565201,30,B_union_D_union_M_union_H,False,no_hydraulics_with_minimum_training_days,2094,2,5,0,Ta|P|W|RH|Rs,,0,0,development
huc8_10230006,412126095565201,60,B_union_D,True,eligible,2094,2,5,0,Ta|P|W|RH|Rs,,817,20,development
huc8_10230006,412126095565201,60,B_union_D_union_M_union_H,False,no_hydraulics_with_minimum_training_days,2094,2,5,0,Ta|P|W|RH|Rs,,0,0,development
huc8_10230006,412126095565201,90,B_union_D,True,eligible,2094,2,5,0,Ta|P|W|RH|Rs,,629,20,development
huc8_10230006,412126095565201,90,B_union_D_union_M_union_H,False,no_hydraulics_with_minimum_training_days,2094,2,5,0,Ta|P|W|RH|Rs,,0,0,development
huc8_10230006,412126095565201,180,B_union_D,True,eligible,2094,2,5,0,Ta|P|W|RH|Rs,,249,20,development
huc8_10230006,412126095565201,180,B_union_D_union_M_union_H,False,no_hydraulics_with_minimum_training_days,2094,2,5,0,Ta|P|W|RH|Rs,,0,0,development
huc8_10230006,412126095565201,365,B_union_D,True,eligible,2094,2,5,0,Ta|P|W|RH|Rs,,22,20,development
huc8_10230006,412126095565201,365,B_union_D_union_M_union_H,False,no_hydraulics_with_minimum_training_days,2094,2,5,0,Ta|P|W|RH|Rs,,0,0,development
huc8_10300101,06893060,7,B_union_D,True,eligible,2907,4,5,0,Ta|P|W|RH|Rs,,107,20,development
huc8_10300101,06893060,7,B_union_D_union_M_union_H,False,no_hydraulics_with_minimum_training_days,2907,4,5,0,Ta|P|W|RH|Rs,,0,0,development
huc8_10300101,06893060,14,B_union_D,True,eligible,2907,4,5,0,Ta|P|W|RH|Rs,,74,20,development
huc8_10300101,06893060,14,B_union_D_union_M_union_H,False,no_hydraulics_with_minimum_training_days,2907,4,5,0,Ta|P|W|RH|Rs,,0,0,development
huc8_10300101,06893060,30,B_union_D,True,eligible,2907,4,5,0,Ta|P|W|RH|Rs,,27,20,development
huc8_10300101,06893060,30,B_union_D_union_M_union_H,False,no_hydraulics_with_minimum_training_days,2907,4,5,0,Ta|P|W|RH|Rs,,0,0,development
huc8_10300101,06893060,60,B_union_D,False,no_eligible_evaluation_windows,2907,4,5,0,Ta|P|W|RH|Rs,,0,0,development
huc8_10300101,06893060,60,B_union_D_union_M_union_H,False,no_hydraulics_with_minimum_training_days,2907,4,5,0,Ta|P|W|RH|Rs,,0,0,development
huc8_10300101,06893060,90,B_union_D,False,no_eligible_evaluation_windows,2907,4,5,0,Ta|P|W|RH|Rs,,0,0,development
huc8_10300101,06893060,90,B_union_D_union_M_union_H,False,no_hydraulics_with_minimum_training_days,2907,4,5,0,Ta|P|W|RH|Rs,,0,0,development
huc8_10300101,06893060,180,B_union_D,False,no_eligible_evaluation_windows,2907,4,5,0,Ta|P|W|RH|Rs,,0,0,development
huc8_10300101,06893060,180,B_union_D_union_M_union_H,False,no_hydraulics_with_minimum_training_days,2907,4,5,0,Ta|P|W|RH|Rs,,0,0,development
huc8_10300101,06893060,365,B_union_D,False,no_eligible_evaluation_windows,2907,4,5,0,Ta|P|W|RH|Rs,,0,0,development
huc8_10300101,06893060,365,B_union_D_union_M_union_H,False,no_hydraulics_with_minimum_training_days,2907,4,5,0,Ta|P|W|RH|Rs,,0,0,development
huc8_10300101,06893620,7,B_union_D,True,eligible,2891,4,5,1,Ta|P|W|RH|Rs,F,107,20,development
huc8_10300101,06893620,7,B_union_D_union_M_union_H,True,eligible,2891,4,5,1,Ta|P|W|RH|Rs,F,107,20,development
huc8_10300101,06893620,14,B_union_D,True,eligible,2891,4,5,1,Ta|P|W|RH|Rs,F,76,20,development
huc8_10300101,06893620,14,B_union_D_union_M_union_H,True,eligible,2891,4,5,1,Ta|P|W|RH|Rs,F,76,20,development
huc8_10300101,06893620,30,B_union_D,True,eligible,2891,4,5,1,Ta|P|W|RH|Rs,F,28,20,development
huc8_10300101,06893620,30,B_union_D_union_M_union_H,True,eligible,2891,4,5,1,Ta|P|W|RH|Rs,F,28,20,development
huc8_10300101,06893620,60,B_union_D,False,no_eligible_evaluation_windows,2891,4,5,1,Ta|P|W|RH|Rs,F,0,0,development
huc8_10300101,06893620,60,B_union_D_union_M_union_H,False,no_eligible_evaluation_windows,2891,4,5,1,Ta|P|W|RH|Rs,F,0,0,development
huc8_10300101,06893620,90,B_union_D,False,no_eligible_evaluation_windows,2891,4,5,1,Ta|P|W|RH|Rs,F,0,0,development
huc8_10300101,06893620,90,B_union_D_union_M_union_H,False,no_eligible_evaluation_windows,2891,4,5,1,Ta|P|W|RH|Rs,F,0,0,development
huc8_10300101,06893620,180,B_union_D,False,no_eligible_evaluation_windows,2891,4,5,1,Ta|P|W|RH|Rs,F,0,0,development
huc8_10300101,06893620,180,B_union_D_union_M_union_H,False,no_eligible_evaluation_windows,2891,4,5,1,Ta|P|W|RH|Rs,F,0,0,development
huc8_10300101,06893620,365,B_union_D,False,no_eligible_evaluation_windows,2891,4,5,1,Ta|P|W|RH|Rs,F,0,0,development
huc8_10300101,06893620,365,B_union_D_union_M_union_H,False,no_eligible_evaluation_windows,2891,4,5,1,Ta|P|W|RH|Rs,F,0,0,development
huc8_10300101,06893820,7,B_union_D,True,eligible,3681,4,5,1,Ta|P|W|RH|Rs,F,109,20,development
huc8_10300101,06893820,7,B_union_D_union_M_union_H,True,eligible,3681,4,5,1,Ta|P|W|RH|Rs,F,109,20,development
huc8_10300101,06893820,14,B_union_D,True,eligible,3681,4,5,1,Ta|P|W|RH|Rs,F,77,20,development
huc8_10300101,06893820,14,B_union_D_union_M_union_H,True,eligible,3681,4,5,1,Ta|P|W|RH|Rs,F,77,20,development
huc8_10300101,06893820,30,B_union_D,True,eligible,3681,4,5,1,Ta|P|W|RH|Rs,F,28,20,development
huc8_10300101,06893820,30,B_union_D_union_M_union_H,True,eligible,3681,4,5,1,Ta|P|W|RH|Rs,F,28,20,development
huc8_10300101,06893820,60,B_union_D,False,no_eligible_evaluation_windows,3681,4,5,1,Ta|P|W|RH|Rs,F,0,0,development
huc8_10300101,06893820,60,B_union_D_union_M_union_H,False,no_eligible_evaluation_windows,3681,4,5,1,Ta|P|W|RH|Rs,F,0,0,development
huc8_10300101,06893820,90,B_union_D,False,no_eligible_evaluation_windows,3681,4,5,1,Ta|P|W|RH|Rs,F,0,0,development
huc8_10300101,06893820,90,B_union_D_union_M_union_H,False,no_eligible_evaluation_windows,3681,4,5,1,Ta|P|W|RH|Rs,F,0,0,development
huc8_10300101,06893820,180,B_union_D,False,no_eligible_evaluation_windows,3681,4,5,1,Ta|P|W|RH|Rs,F,0,0,development
huc8_10300101,06893820,180,B_union_D_union_M_union_H,False,no_eligible_evaluation_windows,3681,4,5,1,Ta|P|W|RH|Rs,F,0,0,development
huc8_10300101,06893820,365,B_union_D,False,no_eligible_evaluation_windows,3681,4,5,1,Ta|P|W|RH|Rs,F,0,0,development
huc8_10300101,06893820,365,B_union_D_union_M_union_H,False,no_eligible_evaluation_windows,3681,4,5,1,Ta|P|W|RH|Rs,F,0,0,development
huc8_10300101,06893890,7,B_union_D,True,eligible,3632,4,5,1,Ta|P|W|RH|Rs,F,110,20,development
huc8_10300101,06893890,7,B_union_D_union_M_union_H,True,eligible,3632,4,5,1,Ta|P|W|RH|Rs,F,110,20,development
huc8_10300101,06893890,14,B_union_D,True,eligible,3632,4,5,1,Ta|P|W|RH|Rs,F,78,20,development
huc8_10300101,06893890,14,B_union_D_union_M_union_H,True,eligible,3632,4,5,1,Ta|P|W|RH|Rs,F,78,20,development
huc8_10300101,06893890,30,B_union_D,True,eligible,3632,4,5,1,Ta|P|W|RH|Rs,F,29,20,development
huc8_10300101,06893890,30,B_union_D_union_M_union_H,True,eligible,3632,4,5,1,Ta|P|W|RH|Rs,F,29,20,development
huc8_10300101,06893890,60,B_union_D,False,no_eligible_evaluation_windows,3632,4,5,1,Ta|P|W|RH|Rs,F,0,0,development
huc8_10300101,06893890,60,B_union_D_union_M_union_H,False,no_eligible_evaluation_windows,3632,4,5,1,Ta|P|W|RH|Rs,F,0,0,development
huc8_10300101,06893890,90,B_union_D,False,no_eligible_evaluation_windows,3632,4,5,1,Ta|P|W|RH|Rs,F,0,0,development
huc8_10300101,06893890,90,B_union_D_union_M_union_H,False,no_eligible_evaluation_windows,3632,4,5,1,Ta|P|W|RH|Rs,F,0,0,development
huc8_10300101,06893890,180,B_union_D,False,no_eligible_evaluation_windows,3632,4,5,1,Ta|P|W|RH|Rs,F,0,0,development
huc8_10300101,06893890,180,B_union_D_union_M_union_H,False,no_eligible_evaluation_windows,3632,4,5,1,Ta|P|W|RH|Rs,F,0,0,development
huc8_10300101,06893890,365,B_union_D,False,no_eligible_evaluation_windows,3632,4,5,1,Ta|P|W|RH|Rs,F,0,0,development
huc8_10300101,06893890,365,B_union_D_union_M_union_H,False,no_eligible_evaluation_windows,3632,4,5,1,Ta|P|W|RH|Rs,F,0,0,development
huc8_10300101,06894000,7,B_union_D,True,eligible,5216,4,5,1,Ta|P|W|RH|Rs,F,111,20,development
huc8_10300101,06894000,7,B_union_D_union_M_union_H,True,eligible,5216,4,5,1,Ta|P|W|RH|Rs,F,111,20,development
huc8_10300101,06894000,14,B_union_D,True,eligible,5216,4,5,1,Ta|P|W|RH|Rs,F,78,20,development
huc8_10300101,06894000,14,B_union_D_union_M_union_H,True,eligible,5216,4,5,1,Ta|P|W|RH|Rs,F,78,20,development
huc8_10300101,06894000,30,B_union_D,True,eligible,5216,4,5,1,Ta|P|W|RH|Rs,F,29,20,development
huc8_10300101,06894000,30,B_union_D_union_M_union_H,True,eligible,5216,4,5,1,Ta|P|W|RH|Rs,F,29,20,development
huc8_10300101,06894000,60,B_union_D,False,no_eligible_evaluation_windows,5216,4,5,1,Ta|P|W|RH|Rs,F,0,0,development
huc8_10300101,06894000,60,B_union_D_union_M_union_H,False,no_eligible_evaluation_windows,5216,4,5,1,Ta|P|W|RH|Rs,F,0,0,development
huc8_10300101,06894000,90,B_union_D,False,no_eligible_evaluation_windows,5216,4,5,1,Ta|P|W|RH|Rs,F,0,0,development
huc8_10300101,06894000,90,B_union_D_union_M_union_H,False,no_eligible_evaluation_windows,5216,4,5,1,Ta|P|W|RH|Rs,F,0,0,development
huc8_10300101,06894000,180,B_union_D,False,no_eligible_evaluation_windows,5216,4,5,1,Ta|P|W|RH|Rs,F,0,0,development
huc8_10300101,06894000,180,B_union_D_union_M_union_H,False,no_eligible_evaluation_windows,5216,4,5,1,Ta|P|W|RH|Rs,F,0,0,development
huc8_10300101,06894000,365,B_union_D,False,no_eligible_evaluation_windows,5216,4,5,1,Ta|P|W|RH|Rs,F,0,0,development
huc8_10300101,06894000,365,B_union_D_union_M_union_H,False,no_eligible_evaluation_windows,5216,4,5,1,Ta|P|W|RH|Rs,F,0,0,development
huc8_13060011,08405200,7,B_union_D,True,eligible,2476,2,5,1,Ta|P|W|RH|Rs,F,49,20,development
huc8_13060011,08405200,7,B_union_D_union_M_union_H,True,eligible,2476,2,5,1,Ta|P|W|RH|Rs,F,49,20,development
huc8_13060011,08405200,14,B_union_D,True,eligible,2476,2,5,1,Ta|P|W|RH|Rs,F,42,20,development
huc8_13060011,08405200,14,B_union_D_union_M_union_H,True,eligible,2476,2,5,1,Ta|P|W|RH|Rs,F,42,20,development
huc8_13060011,08405200,30,B_union_D,True,eligible,2476,2,5,1,Ta|P|W|RH|Rs,F,26,20,development
huc8_13060011,08405200,30,B_union_D_union_M_union_H,True,eligible,2476,2,5,1,Ta|P|W|RH|Rs,F,26,20,development
huc8_13060011,08405200,60,B_union_D,False,no_eligible_evaluation_windows,2476,2,5,1,Ta|P|W|RH|Rs,F,0,0,development
huc8_13060011,08405200,60,B_union_D_union_M_union_H,False,no_eligible_evaluation_windows,2476,2,5,1,Ta|P|W|RH|Rs,F,0,0,development
huc8_13060011,08405200,90,B_union_D,False,no_eligible_evaluation_windows,2476,2,5,1,Ta|P|W|RH|Rs,F,0,0,development
huc8_13060011,08405200,90,B_union_D_union_M_union_H,False,no_eligible_evaluation_windows,2476,2,5,1,Ta|P|W|RH|Rs,F,0,0,development
huc8_13060011,08405200,180,B_union_D,False,no_eligible_evaluation_windows,2476,2,5,1,Ta|P|W|RH|Rs,F,0,0,development
huc8_13060011,08405200,180,B_union_D_union_M_union_H,False,no_eligible_evaluation_windows,2476,2,5,1,Ta|P|W|RH|Rs,F,0,0,development
huc8_13060011,08405200,365,B_union_D,False,no_eligible_evaluation_windows,2476,2,5,1,Ta|P|W|RH|Rs,F,0,0,development
huc8_13060011,08405200,365,B_union_D_union_M_union_H,False,no_eligible_evaluation_windows,2476,2,5,1,Ta|P|W|RH|Rs,F,0,0,development
huc8_13060011,08406500,7,B_union_D,True,eligible,3313,2,5,1,Ta|P|W|RH|Rs,F,48,20,development
huc8_13060011,08406500,7,B_union_D_union_M_union_H,True,eligible,3313,2,5,1,Ta|P|W|RH|Rs,F,48,20,development
huc8_13060011,08406500,14,B_union_D,True,eligible,3313,2,5,1,Ta|P|W|RH|Rs,F,41,20,development
huc8_13060011,08406500,14,B_union_D_union_M_union_H,True,eligible,3313,2,5,1,Ta|P|W|RH|Rs,F,41,20,development
huc8_13060011,08406500,30,B_union_D,True,eligible,3313,2,5,1,Ta|P|W|RH|Rs,F,25,20,development
huc8_13060011,08406500,30,B_union_D_union_M_union_H,True,eligible,3313,2,5,1,Ta|P|W|RH|Rs,F,25,20,development
huc8_13060011,08406500,60,B_union_D,False,no_eligible_evaluation_windows,3313,2,5,1,Ta|P|W|RH|Rs,F,0,0,development
huc8_13060011,08406500,60,B_union_D_union_M_union_H,False,no_eligible_evaluation_windows,3313,2,5,1,Ta|P|W|RH|Rs,F,0,0,development
huc8_13060011,08406500,90,B_union_D,False,no_eligible_evaluation_windows,3313,2,5,1,Ta|P|W|RH|Rs,F,0,0,development
huc8_13060011,08406500,90,B_union_D_union_M_union_H,False,no_eligible_evaluation_windows,3313,2,5,1,Ta|P|W|RH|Rs,F,0,0,development
huc8_13060011,08406500,180,B_union_D,False,no_eligible_evaluation_windows,3313,2,5,1,Ta|P|W|RH|Rs,F,0,0,development
huc8_13060011,08406500,180,B_union_D_union_M_union_H,False,no_eligible_evaluation_windows,3313,2,5,1,Ta|P|W|RH|Rs,F,0,0,development
huc8_13060011,08406500,365,B_union_D,False,no_eligible_evaluation_windows,3313,2,5,1,Ta|P|W|RH|Rs,F,0,0,development
huc8_13060011,08406500,365,B_union_D_union_M_union_H,False,no_eligible_evaluation_windows,3313,2,5,1,Ta|P|W|RH|Rs,F,0,0,development
huc8_13060011,08407500,7,B_union_D,True,eligible,2937,2,5,1,Ta|P|W|RH|Rs,F,49,20,development
huc8_13060011,08407500,7,B_union_D_union_M_union_H,True,eligible,2937,2,5,1,Ta|P|W|RH|Rs,F,49,20,development
huc8_13060011,08407500,14,B_union_D,True,eligible,2937,2,5,1,Ta|P|W|RH|Rs,F,42,20,development
huc8_13060011,08407500,14,B_union_D_union_M_union_H,True,eligible,2937,2,5,1,Ta|P|W|RH|Rs,F,42,20,development
huc8_13060011,08407500,30,B_union_D,True,eligible,2937,2,5,1,Ta|P|W|RH|Rs,F,26,20,development
huc8_13060011,08407500,30,B_union_D_union_M_union_H,True,eligible,2937,2,5,1,Ta|P|W|RH|Rs,F,26,20,development
huc8_13060011,08407500,60,B_union_D,False,no_eligible_evaluation_windows,2937,2,5,1,Ta|P|W|RH|Rs,F,0,0,development
huc8_13060011,08407500,60,B_union_D_union_M_union_H,False,no_eligible_evaluation_windows,2937,2,5,1,Ta|P|W|RH|Rs,F,0,0,development
huc8_13060011,08407500,90,B_union_D,False,no_eligible_evaluation_windows,2937,2,5,1,Ta|P|W|RH|Rs,F,0,0,development
huc8_13060011,08407500,90,B_union_D_union_M_union_H,False,no_eligible_evaluation_windows,2937,2,5,1,Ta|P|W|RH|Rs,F,0,0,development
huc8_13060011,08407500,180,B_union_D,False,no_eligible_evaluation_windows,2937,2,5,1,Ta|P|W|RH|Rs,F,0,0,development
huc8_13060011,08407500,180,B_union_D_union_M_union_H,False,no_eligible_evaluation_windows,2937,2,5,1,Ta|P|W|RH|Rs,F,0,0,development
huc8_13060011,08407500,365,B_union_D,False,no_eligible_evaluation_windows,2937,2,5,1,Ta|P|W|RH|Rs,F,0,0,development
huc8_13060011,08407500,365,B_union_D_union_M_union_H,False,no_eligible_evaluation_windows,2937,2,5,1,Ta|P|W|RH|Rs,F,0,0,development
huc8_15030108,09522005,7,B_union_D,True,eligible,2526,2,5,0,Ta|P|W|RH|Rs,,838,20,development
huc8_15030108,09522005,7,B_union_D_union_M_union_H,False,no_hydraulics_with_minimum_training_days,2526,2,5,0,Ta|P|W|RH|Rs,,0,0,development
huc8_15030108,09522005,14,B_union_D,True,eligible,2526,2,5,0,Ta|P|W|RH|Rs,,802,20,development
huc8_15030108,09522005,14,B_union_D_union_M_union_H,False,no_hydraulics_with_minimum_training_days,2526,2,5,0,Ta|P|W|RH|Rs,,0,0,development
huc8_15030108,09522005,30,B_union_D,True,eligible,2526,2,5,0,Ta|P|W|RH|Rs,,722,20,development
huc8_15030108,09522005,30,B_union_D_union_M_union_H,False,no_hydraulics_with_minimum_training_days,2526,2,5,0,Ta|P|W|RH|Rs,,0,0,development
huc8_15030108,09522005,60,B_union_D,True,eligible,2526,2,5,0,Ta|P|W|RH|Rs,,598,20,development
huc8_15030108,09522005,60,B_union_D_union_M_union_H,False,no_hydraulics_with_minimum_training_days,2526,2,5,0,Ta|P|W|RH|Rs,,0,0,development
huc8_15030108,09522005,90,B_union_D,True,eligible,2526,2,5,0,Ta|P|W|RH|Rs,,498,20,development
huc8_15030108,09522005,90,B_union_D_union_M_union_H,False,no_hydraulics_with_minimum_training_days,2526,2,5,0,Ta|P|W|RH|Rs,,0,0,development
huc8_15030108,09522005,180,B_union_D,True,eligible,2526,2,5,0,Ta|P|W|RH|Rs,,289,20,development
huc8_15030108,09522005,180,B_union_D_union_M_union_H,False,no_hydraulics_with_minimum_training_days,2526,2,5,0,Ta|P|W|RH|Rs,,0,0,development
huc8_15030108,09522005,365,B_union_D,True,eligible,2526,2,5,0,Ta|P|W|RH|Rs,,86,20,development
huc8_15030108,09522005,365,B_union_D_union_M_union_H,False,no_hydraulics_with_minimum_training_days,2526,2,5,0,Ta|P|W|RH|Rs,,0,0,development
huc8_15030108,09534000,7,B_union_D,True,eligible,2499,2,5,0,Ta|P|W|RH|Rs,,841,20,development
huc8_15030108,09534000,7,B_union_D_union_M_union_H,False,no_hydraulics_with_minimum_training_days,2499,2,5,0,Ta|P|W|RH|Rs,,0,0,development
huc8_15030108,09534000,14,B_union_D,True,eligible,2499,2,5,0,Ta|P|W|RH|Rs,,804,20,development
huc8_15030108,09534000,14,B_union_D_union_M_union_H,False,no_hydraulics_with_minimum_training_days,2499,2,5,0,Ta|P|W|RH|Rs,,0,0,development
huc8_15030108,09534000,30,B_union_D,True,eligible,2499,2,5,0,Ta|P|W|RH|Rs,,724,20,development
huc8_15030108,09534000,30,B_union_D_union_M_union_H,False,no_hydraulics_with_minimum_training_days,2499,2,5,0,Ta|P|W|RH|Rs,,0,0,development
huc8_15030108,09534000,60,B_union_D,True,eligible,2499,2,5,0,Ta|P|W|RH|Rs,,600,20,development
huc8_15030108,09534000,60,B_union_D_union_M_union_H,False,no_hydraulics_with_minimum_training_days,2499,2,5,0,Ta|P|W|RH|Rs,,0,0,development
huc8_15030108,09534000,90,B_union_D,True,eligible,2499,2,5,0,Ta|P|W|RH|Rs,,499,20,development
huc8_15030108,09534000,90,B_union_D_union_M_union_H,False,no_hydraulics_with_minimum_training_days,2499,2,5,0,Ta|P|W|RH|Rs,,0,0,development
huc8_15030108,09534000,180,B_union_D,True,eligible,2499,2,5,0,Ta|P|W|RH|Rs,,290,20,development
huc8_15030108,09534000,180,B_union_D_union_M_union_H,False,no_hydraulics_with_minimum_training_days,2499,2,5,0,Ta|P|W|RH|Rs,,0,0,development
huc8_15030108,09534000,365,B_union_D,True,eligible,2499,2,5,0,Ta|P|W|RH|Rs,,88,20,development
huc8_15030108,09534000,365,B_union_D_union_M_union_H,False,no_hydraulics_with_minimum_training_days,2499,2,5,0,Ta|P|W|RH|Rs,,0,0,development
huc8_15030108,09534550,7,B_union_D,True,eligible,2490,2,5,0,Ta|P|W|RH|Rs,,839,20,development
huc8_15030108,09534550,7,B_union_D_union_M_union_H,False,no_hydraulics_with_minimum_training_days,2490,2,5,0,Ta|P|W|RH|Rs,,0,0,development
huc8_15030108,09534550,14,B_union_D,True,eligible,2490,2,5,0,Ta|P|W|RH|Rs,,803,20,development
huc8_15030108,09534550,14,B_union_D_union_M_union_H,False,no_hydraulics_with_minimum_training_days,2490,2,5,0,Ta|P|W|RH|Rs,,0,0,development
huc8_15030108,09534550,30,B_union_D,True,eligible,2490,2,5,0,Ta|P|W|RH|Rs,,723,20,development
huc8_15030108,09534550,30,B_union_D_union_M_union_H,False,no_hydraulics_with_minimum_training_days,2490,2,5,0,Ta|P|W|RH|Rs,,0,0,development
huc8_15030108,09534550,60,B_union_D,True,eligible,2490,2,5,0,Ta|P|W|RH|Rs,,601,20,development
huc8_15030108,09534550,60,B_union_D_union_M_union_H,False,no_hydraulics_with_minimum_training_days,2490,2,5,0,Ta|P|W|RH|Rs,,0,0,development
huc8_15030108,09534550,90,B_union_D,True,eligible,2490,2,5,0,Ta|P|W|RH|Rs,,501,20,development
huc8_15030108,09534550,90,B_union_D_union_M_union_H,False,no_hydraulics_with_minimum_training_days,2490,2,5,0,Ta|P|W|RH|Rs,,0,0,development
huc8_15030108,09534550,180,B_union_D,True,eligible,2490,2,5,0,Ta|P|W|RH|Rs,,291,20,development
huc8_15030108,09534550,180,B_union_D_union_M_union_H,False,no_hydraulics_with_minimum_training_days,2490,2,5,0,Ta|P|W|RH|Rs,,0,0,development
huc8_15030108,09534550,365,B_union_D,True,eligible,2490,2,5,0,Ta|P|W|RH|Rs,,88,20,development
huc8_15030108,09534550,365,B_union_D_union_M_union_H,False,no_hydraulics_with_minimum_training_days,2490,2,5,0,Ta|P|W|RH|Rs,,0,0,development
huc8_16020102,10133650,7,B_union_D,False,no_eligible_evaluation_windows,3146,2,5,2,Ta|P|W|RH|Rs,F|L,2458,0,development
huc8_16020102,10133650,7,B_union_D_union_M_union_H,False,no_eligible_evaluation_windows,3146,2,5,2,Ta|P|W|RH|Rs,F|L,0,0,development
huc8_16020102,10133650,14,B_union_D,False,no_eligible_evaluation_windows,3146,2,5,2,Ta|P|W|RH|Rs,F|L,2370,0,development
huc8_16020102,10133650,14,B_union_D_union_M_union_H,False,no_eligible_evaluation_windows,3146,2,5,2,Ta|P|W|RH|Rs,F|L,0,0,development
huc8_16020102,10133650,30,B_union_D,False,no_eligible_evaluation_windows,3146,2,5,2,Ta|P|W|RH|Rs,F|L,2208,0,development
huc8_16020102,10133650,30,B_union_D_union_M_union_H,False,no_eligible_evaluation_windows,3146,2,5,2,Ta|P|W|RH|Rs,F|L,0,0,development
huc8_16020102,10133650,60,B_union_D,False,no_eligible_evaluation_windows,3146,2,5,2,Ta|P|W|RH|Rs,F|L,1979,0,development
huc8_16020102,10133650,60,B_union_D_union_M_union_H,False,no_eligible_evaluation_windows,3146,2,5,2,Ta|P|W|RH|Rs,F|L,0,0,development
huc8_16020102,10133650,90,B_union_D,False,no_eligible_evaluation_windows,3146,2,5,2,Ta|P|W|RH|Rs,F|L,1799,0,development
huc8_16020102,10133650,90,B_union_D_union_M_union_H,False,no_eligible_evaluation_windows,3146,2,5,2,Ta|P|W|RH|Rs,F|L,0,0,development
huc8_16020102,10133650,180,B_union_D,False,no_eligible_evaluation_windows,3146,2,5,2,Ta|P|W|RH|Rs,F|L,1331,0,development
huc8_16020102,10133650,180,B_union_D_union_M_union_H,False,no_eligible_evaluation_windows,3146,2,5,2,Ta|P|W|RH|Rs,F|L,0,0,development
huc8_16020102,10133650,365,B_union_D,False,no_eligible_evaluation_windows,3146,2,5,2,Ta|P|W|RH|Rs,F|L,645,0,development
huc8_16020102,10133650,365,B_union_D_union_M_union_H,False,no_eligible_evaluation_windows,3146,2,5,2,Ta|P|W|RH|Rs,F|L,0,0,development
huc8_16020102,10133800,7,B_union_D,True,eligible,6256,2,5,1,Ta|P|W|RH|Rs,F,2458,20,development
huc8_16020102,10133800,7,B_union_D_union_M_union_H,True,eligible,6256,2,5,1,Ta|P|W|RH|Rs,F,2458,20,development
huc8_16020102,10133800,14,B_union_D,True,eligible,6256,2,5,1,Ta|P|W|RH|Rs,F,2371,20,development
huc8_16020102,10133800,14,B_union_D_union_M_union_H,True,eligible,6256,2,5,1,Ta|P|W|RH|Rs,F,2371,20,development
huc8_16020102,10133800,30,B_union_D,True,eligible,6256,2,5,1,Ta|P|W|RH|Rs,F,2207,20,development
huc8_16020102,10133800,30,B_union_D_union_M_union_H,True,eligible,6256,2,5,1,Ta|P|W|RH|Rs,F,2207,20,development
huc8_16020102,10133800,60,B_union_D,True,eligible,6256,2,5,1,Ta|P|W|RH|Rs,F,1976,20,development
huc8_16020102,10133800,60,B_union_D_union_M_union_H,True,eligible,6256,2,5,1,Ta|P|W|RH|Rs,F,1976,20,development
huc8_16020102,10133800,90,B_union_D,True,eligible,6256,2,5,1,Ta|P|W|RH|Rs,F,1796,20,development
huc8_16020102,10133800,90,B_union_D_union_M_union_H,True,eligible,6256,2,5,1,Ta|P|W|RH|Rs,F,1796,20,development
huc8_16020102,10133800,180,B_union_D,True,eligible,6256,2,5,1,Ta|P|W|RH|Rs,F,1328,20,development
huc8_16020102,10133800,180,B_union_D_union_M_union_H,True,eligible,6256,2,5,1,Ta|P|W|RH|Rs,F,1328,20,development
huc8_16020102,10133800,365,B_union_D,True,eligible,6256,2,5,1,Ta|P|W|RH|Rs,F,642,20,development
huc8_16020102,10133800,365,B_union_D_union_M_union_H,True,eligible,6256,2,5,1,Ta|P|W|RH|Rs,F,642,20,development
huc8_16020102,10133980,7,B_union_D,True,eligible,4183,2,5,1,Ta|P|W|RH|Rs,F,2465,20,development
huc8_16020102,10133980,7,B_union_D_union_M_union_H,True,eligible,4183,2,5,1,Ta|P|W|RH|Rs,F,2465,20,development
huc8_16020102,10133980,14,B_union_D,True,eligible,4183,2,5,1,Ta|P|W|RH|Rs,F,2376,20,development
huc8_16020102,10133980,14,B_union_D_union_M_union_H,True,eligible,4183,2,5,1,Ta|P|W|RH|Rs,F,2376,20,development
huc8_16020102,10133980,30,B_union_D,True,eligible,4183,2,5,1,Ta|P|W|RH|Rs,F,2213,20,development
huc8_16020102,10133980,30,B_union_D_union_M_union_H,True,eligible,4183,2,5,1,Ta|P|W|RH|Rs,F,2213,20,development
huc8_16020102,10133980,60,B_union_D,True,eligible,4183,2,5,1,Ta|P|W|RH|Rs,F,1982,20,development
huc8_16020102,10133980,60,B_union_D_union_M_union_H,True,eligible,4183,2,5,1,Ta|P|W|RH|Rs,F,1982,20,development
huc8_16020102,10133980,90,B_union_D,True,eligible,4183,2,5,1,Ta|P|W|RH|Rs,F,1802,20,development
huc8_16020102,10133980,90,B_union_D_union_M_union_H,True,eligible,4183,2,5,1,Ta|P|W|RH|Rs,F,1802,20,development
huc8_16020102,10133980,180,B_union_D,True,eligible,4183,2,5,1,Ta|P|W|RH|Rs,F,1333,20,development
huc8_16020102,10133980,180,B_union_D_union_M_union_H,True,eligible,4183,2,5,1,Ta|P|W|RH|Rs,F,1333,20,development
huc8_16020102,10133980,365,B_union_D,True,eligible,4183,2,5,1,Ta|P|W|RH|Rs,F,645,20,development
huc8_16020102,10133980,365,B_union_D_union_M_union_H,True,eligible,4183,2,5,1,Ta|P|W|RH|Rs,F,645,20,development
huc8_16050102,10348200,7,B_union_D,True,eligible,6599,2,5,1,Ta|P|W|RH|Rs,F,4783,20,development
huc8_16050102,10348200,7,B_union_D_union_M_union_H,True,eligible,6599,2,5,1,Ta|P|W|RH|Rs,F,4761,20,development
huc8_16050102,10348200,14,B_union_D,True,eligible,6599,2,5,1,Ta|P|W|RH|Rs,F,4573,20,development
huc8_16050102,10348200,14,B_union_D_union_M_union_H,True,eligible,6599,2,5,1,Ta|P|W|RH|Rs,F,4551,20,development
huc8_16050102,10348200,30,B_union_D,True,eligible,6599,2,5,1,Ta|P|W|RH|Rs,F,4142,20,development
huc8_16050102,10348200,30,B_union_D_union_M_union_H,True,eligible,6599,2,5,1,Ta|P|W|RH|Rs,F,4120,20,development
huc8_16050102,10348200,60,B_union_D,True,eligible,6599,2,5,1,Ta|P|W|RH|Rs,F,3584,20,development
huc8_16050102,10348200,60,B_union_D_union_M_union_H,True,eligible,6599,2,5,1,Ta|P|W|RH|Rs,F,3562,20,development
huc8_16050102,10348200,90,B_union_D,True,eligible,6599,2,5,1,Ta|P|W|RH|Rs,F,3133,20,development
huc8_16050102,10348200,90,B_union_D_union_M_union_H,True,eligible,6599,2,5,1,Ta|P|W|RH|Rs,F,3111,20,development
huc8_16050102,10348200,180,B_union_D,True,eligible,6599,2,5,1,Ta|P|W|RH|Rs,F,2194,20,development
huc8_16050102,10348200,180,B_union_D_union_M_union_H,True,eligible,6599,2,5,1,Ta|P|W|RH|Rs,F,2194,20,development
huc8_16050102,10348200,365,B_union_D,True,eligible,6599,2,5,1,Ta|P|W|RH|Rs,F,994,20,development
huc8_16050102,10348200,365,B_union_D_union_M_union_H,True,eligible,6599,2,5,1,Ta|P|W|RH|Rs,F,994,20,development
huc8_16050102,10350500,7,B_union_D,True,eligible,10014,2,5,0,Ta|P|W|RH|Rs,,4804,20,development
huc8_16050102,10350500,7,B_union_D_union_M_union_H,False,no_hydraulics_with_minimum_training_days,10014,2,5,0,Ta|P|W|RH|Rs,,0,0,development
huc8_16050102,10350500,14,B_union_D,True,eligible,10014,2,5,0,Ta|P|W|RH|Rs,,4591,20,development
huc8_16050102,10350500,14,B_union_D_union_M_union_H,False,no_hydraulics_with_minimum_training_days,10014,2,5,0,Ta|P|W|RH|Rs,,0,0,development
huc8_16050102,10350500,30,B_union_D,True,eligible,10014,2,5,0,Ta|P|W|RH|Rs,,4159,20,development
huc8_16050102,10350500,30,B_union_D_union_M_union_H,False,no_hydraulics_with_minimum_training_days,10014,2,5,0,Ta|P|W|RH|Rs,,0,0,development
huc8_16050102,10350500,60,B_union_D,True,eligible,10014,2,5,0,Ta|P|W|RH|Rs,,3598,20,development
huc8_16050102,10350500,60,B_union_D_union_M_union_H,False,no_hydraulics_with_minimum_training_days,10014,2,5,0,Ta|P|W|RH|Rs,,0,0,development
huc8_16050102,10350500,90,B_union_D,True,eligible,10014,2,5,0,Ta|P|W|RH|Rs,,3138,20,development
huc8_16050102,10350500,90,B_union_D_union_M_union_H,False,no_hydraulics_with_minimum_training_days,10014,2,5,0,Ta|P|W|RH|Rs,,0,0,development
huc8_16050102,10350500,180,B_union_D,True,eligible,10014,2,5,0,Ta|P|W|RH|Rs,,2197,20,development
huc8_16050102,10350500,180,B_union_D_union_M_union_H,False,no_hydraulics_with_minimum_training_days,10014,2,5,0,Ta|P|W|RH|Rs,,0,0,development
huc8_16050102,10350500,365,B_union_D,True,eligible,10014,2,5,0,Ta|P|W|RH|Rs,,997,20,development
huc8_16050102,10350500,365,B_union_D_union_M_union_H,False,no_hydraulics_with_minimum_training_days,10014,2,5,0,Ta|P|W|RH|Rs,,0,0,development
huc8_16050102,10351600,7,B_union_D,True,eligible,5361,2,5,1,Ta|P|W|RH|Rs,F,4795,20,development
huc8_16050102,10351600,7,B_union_D_union_M_union_H,True,eligible,5361,2,5,1,Ta|P|W|RH|Rs,F,4795,20,development
huc8_16050102,10351600,14,B_union_D,True,eligible,5361,2,5,1,Ta|P|W|RH|Rs,F,4585,20,development
huc8_16050102,10351600,14,B_union_D_union_M_union_H,True,eligible,5361,2,5,1,Ta|P|W|RH|Rs,F,4585,20,development
huc8_16050102,10351600,30,B_union_D,True,eligible,5361,2,5,1,Ta|P|W|RH|Rs,F,4157,20,development
huc8_16050102,10351600,30,B_union_D_union_M_union_H,True,eligible,5361,2,5,1,Ta|P|W|RH|Rs,F,4157,20,development
huc8_16050102,10351600,60,B_union_D,True,eligible,5361,2,5,1,Ta|P|W|RH|Rs,F,3597,20,development
huc8_16050102,10351600,60,B_union_D_union_M_union_H,True,eligible,5361,2,5,1,Ta|P|W|RH|Rs,F,3597,20,development
huc8_16050102,10351600,90,B_union_D,True,eligible,5361,2,5,1,Ta|P|W|RH|Rs,F,3137,20,development
huc8_16050102,10351600,90,B_union_D_union_M_union_H,True,eligible,5361,2,5,1,Ta|P|W|RH|Rs,F,3137,20,development
huc8_16050102,10351600,180,B_union_D,True,eligible,5361,2,5,1,Ta|P|W|RH|Rs,F,2197,20,development
huc8_16050102,10351600,180,B_union_D_union_M_union_H,True,eligible,5361,2,5,1,Ta|P|W|RH|Rs,F,2197,20,development
huc8_16050102,10351600,365,B_union_D,True,eligible,5361,2,5,1,Ta|P|W|RH|Rs,F,996,20,development
huc8_16050102,10351600,365,B_union_D_union_M_union_H,True,eligible,5361,2,5,1,Ta|P|W|RH|Rs,F,996,20,development
huc8_03040206,02110725,7,B_union_D,True,eligible,3747,2,5,1,Ta|P|W|RH|Rs,L,635,20,validation
huc8_03040206,02110725,7,B_union_D_union_M_union_H,True,eligible,3747,2,5,1,Ta|P|W|RH|Rs,L,635,20,validation
huc8_03040206,02110725,14,B_union_D,True,eligible,3747,2,5,1,Ta|P|W|RH|Rs,L,600,20,validation
huc8_03040206,02110725,14,B_union_D_union_M_union_H,True,eligible,3747,2,5,1,Ta|P|W|RH|Rs,L,600,20,validation
huc8_03040206,02110725,30,B_union_D,True,eligible,3747,2,5,1,Ta|P|W|RH|Rs,L,520,20,validation
huc8_03040206,02110725,30,B_union_D_union_M_union_H,True,eligible,3747,2,5,1,Ta|P|W|RH|Rs,L,520,20,validation
huc8_03040206,02110725,60,B_union_D,True,eligible,3747,2,5,1,Ta|P|W|RH|Rs,L,381,20,validation
huc8_03040206,02110725,60,B_union_D_union_M_union_H,True,eligible,3747,2,5,1,Ta|P|W|RH|Rs,L,381,20,validation
huc8_03040206,02110725,90,B_union_D,True,eligible,3747,2,5,1,Ta|P|W|RH|Rs,L,297,20,validation
huc8_03040206,02110725,90,B_union_D_union_M_union_H,True,eligible,3747,2,5,1,Ta|P|W|RH|Rs,L,297,20,validation
huc8_03040206,02110725,180,B_union_D,True,eligible,3747,2,5,1,Ta|P|W|RH|Rs,L,117,20,validation
huc8_03040206,02110725,180,B_union_D_union_M_union_H,True,eligible,3747,2,5,1,Ta|P|W|RH|Rs,L,117,20,validation
huc8_03040206,02110725,365,B_union_D,False,no_eligible_evaluation_windows,3747,2,5,1,Ta|P|W|RH|Rs,L,0,0,validation
huc8_03040206,02110725,365,B_union_D_union_M_union_H,False,no_eligible_evaluation_windows,3747,2,5,1,Ta|P|W|RH|Rs,L,0,0,validation
huc8_03040206,02110802,7,B_union_D,True,eligible,6767,2,5,0,Ta|P|W|RH|Rs,,639,20,validation
huc8_03040206,02110802,7,B_union_D_union_M_union_H,False,no_hydraulics_with_minimum_training_days,6767,2,5,0,Ta|P|W|RH|Rs,,0,0,validation
huc8_03040206,02110802,14,B_union_D,True,eligible,6767,2,5,0,Ta|P|W|RH|Rs,,604,20,validation
huc8_03040206,02110802,14,B_union_D_union_M_union_H,False,no_hydraulics_with_minimum_training_days,6767,2,5,0,Ta|P|W|RH|Rs,,0,0,validation
huc8_03040206,02110802,30,B_union_D,True,eligible,6767,2,5,0,Ta|P|W|RH|Rs,,524,20,validation
huc8_03040206,02110802,30,B_union_D_union_M_union_H,False,no_hydraulics_with_minimum_training_days,6767,2,5,0,Ta|P|W|RH|Rs,,0,0,validation
huc8_03040206,02110802,60,B_union_D,True,eligible,6767,2,5,0,Ta|P|W|RH|Rs,,384,20,validation
huc8_03040206,02110802,60,B_union_D_union_M_union_H,False,no_hydraulics_with_minimum_training_days,6767,2,5,0,Ta|P|W|RH|Rs,,0,0,validation
huc8_03040206,02110802,90,B_union_D,True,eligible,6767,2,5,0,Ta|P|W|RH|Rs,,299,20,validation
huc8_03040206,02110802,90,B_union_D_union_M_union_H,False,no_hydraulics_with_minimum_training_days,6767,2,5,0,Ta|P|W|RH|Rs,,0,0,validation
huc8_03040206,02110802,180,B_union_D,True,eligible,6767,2,5,0,Ta|P|W|RH|Rs,,119,20,validation
huc8_03040206,02110802,180,B_union_D_union_M_union_H,False,no_hydraulics_with_minimum_training_days,6767,2,5,0,Ta|P|W|RH|Rs,,0,0,validation
huc8_03040206,02110802,365,B_union_D,False,no_eligible_evaluation_windows,6767,2,5,0,Ta|P|W|RH|Rs,,0,0,validation
huc8_03040206,02110802,365,B_union_D_union_M_union_H,False,no_hydraulics_with_minimum_training_days,6767,2,5,0,Ta|P|W|RH|Rs,,0,0,validation
huc8_03040206,021108125,7,B_union_D,True,eligible,3307,2,5,1,Ta|P|W|RH|Rs,L,3341,20,validation
huc8_03040206,021108125,7,B_union_D_union_M_union_H,True,eligible,3307,2,5,1,Ta|P|W|RH|Rs,L,3194,20,validation
huc8_03040206,021108125,14,B_union_D,True,eligible,3307,2,5,1,Ta|P|W|RH|Rs,L,3154,20,validation
huc8_03040206,021108125,14,B_union_D_union_M_union_H,True,eligible,3307,2,5,1,Ta|P|W|RH|Rs,L,3007,20,validation
huc8_03040206,021108125,30,B_union_D,True,eligible,3307,2,5,1,Ta|P|W|RH|Rs,L,2803,20,validation
huc8_03040206,021108125,30,B_union_D_union_M_union_H,True,eligible,3307,2,5,1,Ta|P|W|RH|Rs,L,2667,20,validation
huc8_03040206,021108125,60,B_union_D,True,eligible,3307,2,5,1,Ta|P|W|RH|Rs,L,2263,20,validation
huc8_03040206,021108125,60,B_union_D_union_M_union_H,True,eligible,3307,2,5,1,Ta|P|W|RH|Rs,L,2157,20,validation
huc8_03040206,021108125,90,B_union_D,True,eligible,3307,2,5,1,Ta|P|W|RH|Rs,L,1776,20,validation
huc8_03040206,021108125,90,B_union_D_union_M_union_H,True,eligible,3307,2,5,1,Ta|P|W|RH|Rs,L,1700,20,validation
huc8_03040206,021108125,180,B_union_D,True,eligible,3307,2,5,1,Ta|P|W|RH|Rs,L,827,20,validation
huc8_03040206,021108125,180,B_union_D_union_M_union_H,True,eligible,3307,2,5,1,Ta|P|W|RH|Rs,L,793,20,validation
huc8_03040206,021108125,365,B_union_D,True,eligible,3307,2,5,1,Ta|P|W|RH|Rs,L,49,20,validation
huc8_03040206,021108125,365,B_union_D_union_M_union_H,True,eligible,3307,2,5,1,Ta|P|W|RH|Rs,L,49,20,validation
huc8_03040206,02110815,7,B_union_D,True,eligible,9673,2,5,1,Ta|P|W|RH|Rs,L,3372,20,validation
huc8_03040206,02110815,7,B_union_D_union_M_union_H,True,eligible,9673,2,5,1,Ta|P|W|RH|Rs,L,3277,20,validation
huc8_03040206,02110815,14,B_union_D,True,eligible,9673,2,5,1,Ta|P|W|RH|Rs,L,3179,20,validation
huc8_03040206,02110815,14,B_union_D_union_M_union_H,True,eligible,9673,2,5,1,Ta|P|W|RH|Rs,L,3030,20,validation
huc8_03040206,02110815,30,B_union_D,True,eligible,9673,2,5,1,Ta|P|W|RH|Rs,L,2822,20,validation
huc8_03040206,02110815,30,B_union_D_union_M_union_H,True,eligible,9673,2,5,1,Ta|P|W|RH|Rs,L,2595,20,validation
huc8_03040206,02110815,60,B_union_D,True,eligible,9673,2,5,1,Ta|P|W|RH|Rs,L,2278,20,validation
huc8_03040206,02110815,60,B_union_D_union_M_union_H,True,eligible,9673,2,5,1,Ta|P|W|RH|Rs,L,1970,20,validation
huc8_03040206,02110815,90,B_union_D,True,eligible,9673,2,5,1,Ta|P|W|RH|Rs,L,1788,20,validation
huc8_03040206,02110815,90,B_union_D_union_M_union_H,True,eligible,9673,2,5,1,Ta|P|W|RH|Rs,L,1450,20,validation
huc8_03040206,02110815,180,B_union_D,True,eligible,9673,2,5,1,Ta|P|W|RH|Rs,L,833,20,validation
huc8_03040206,02110815,180,B_union_D_union_M_union_H,True,eligible,9673,2,5,1,Ta|P|W|RH|Rs,L,458,20,validation
huc8_03040206,02110815,365,B_union_D,False,no_eligible_evaluation_windows,9673,2,5,1,Ta|P|W|RH|Rs,L,51,0,validation
huc8_03040206,02110815,365,B_union_D_union_M_union_H,False,no_eligible_evaluation_windows,9673,2,5,1,Ta|P|W|RH|Rs,L,0,0,validation
huc8_03050106,02156500,7,B_union_D,True,eligible,9385,1,5,2,Ta|P|W|RH|Rs,F|L,5121,20,validation
huc8_03050106,02156500,7,B_union_D_union_M_union_H,True,eligible,9385,1,5,2,Ta|P|W|RH|Rs,F|L,5121,20,validation
huc8_03050106,02156500,14,B_union_D,True,eligible,9385,1,5,2,Ta|P|W|RH|Rs,F|L,4920,20,validation
huc8_03050106,02156500,14,B_union_D_union_M_union_H,True,eligible,9385,1,5,2,Ta|P|W|RH|Rs,F|L,4920,20,validation
huc8_03050106,02156500,30,B_union_D,True,eligible,9385,1,5,2,Ta|P|W|RH|Rs,F|L,4518,20,validation
huc8_03050106,02156500,30,B_union_D_union_M_union_H,True,eligible,9385,1,5,2,Ta|P|W|RH|Rs,F|L,4518,20,validation
huc8_03050106,02156500,60,B_union_D,True,eligible,9385,1,5,2,Ta|P|W|RH|Rs,F|L,3845,20,validation
huc8_03050106,02156500,60,B_union_D_union_M_union_H,True,eligible,9385,1,5,2,Ta|P|W|RH|Rs,F|L,3845,20,validation
huc8_03050106,02156500,90,B_union_D,True,eligible,9385,1,5,2,Ta|P|W|RH|Rs,F|L,3386,20,validation
huc8_03050106,02156500,90,B_union_D_union_M_union_H,True,eligible,9385,1,5,2,Ta|P|W|RH|Rs,F|L,3386,20,validation
huc8_03050106,02156500,180,B_union_D,True,eligible,9385,1,5,2,Ta|P|W|RH|Rs,F|L,2422,20,validation
huc8_03050106,02156500,180,B_union_D_union_M_union_H,True,eligible,9385,1,5,2,Ta|P|W|RH|Rs,F|L,2422,20,validation
huc8_03050106,02156500,365,B_union_D,True,eligible,9385,1,5,2,Ta|P|W|RH|Rs,F|L,1288,20,validation
huc8_03050106,02156500,365,B_union_D_union_M_union_H,True,eligible,9385,1,5,2,Ta|P|W|RH|Rs,F|L,1288,20,validation
huc8_03050106,02160991,7,B_union_D,True,eligible,13190,1,5,1,Ta|P|W|RH|Rs,L,5110,20,validation
huc8_03050106,02160991,7,B_union_D_union_M_union_H,True,eligible,13190,1,5,1,Ta|P|W|RH|Rs,L,5033,20,validation
huc8_03050106,02160991,14,B_union_D,True,eligible,13190,1,5,1,Ta|P|W|RH|Rs,L,4913,20,validation
huc8_03050106,02160991,14,B_union_D_union_M_union_H,True,eligible,13190,1,5,1,Ta|P|W|RH|Rs,L,4829,20,validation
huc8_03050106,02160991,30,B_union_D,True,eligible,13190,1,5,1,Ta|P|W|RH|Rs,L,4511,20,validation
huc8_03050106,02160991,30,B_union_D_union_M_union_H,True,eligible,13190,1,5,1,Ta|P|W|RH|Rs,L,4418,20,validation
huc8_03050106,02160991,60,B_union_D,True,eligible,13190,1,5,1,Ta|P|W|RH|Rs,L,3844,20,validation
huc8_03050106,02160991,60,B_union_D_union_M_union_H,True,eligible,13190,1,5,1,Ta|P|W|RH|Rs,L,3728,20,validation
huc8_03050106,02160991,90,B_union_D,True,eligible,13190,1,5,1,Ta|P|W|RH|Rs,L,3383,20,validation
huc8_03050106,02160991,90,B_union_D_union_M_union_H,True,eligible,13190,1,5,1,Ta|P|W|RH|Rs,L,3237,20,validation
huc8_03050106,02160991,180,B_union_D,True,eligible,13190,1,5,1,Ta|P|W|RH|Rs,L,2423,20,validation
huc8_03050106,02160991,180,B_union_D_union_M_union_H,True,eligible,13190,1,5,1,Ta|P|W|RH|Rs,L,2212,20,validation
huc8_03050106,02160991,365,B_union_D,True,eligible,13190,1,5,1,Ta|P|W|RH|Rs,L,1290,20,validation
huc8_03050106,02160991,365,B_union_D_union_M_union_H,True,eligible,13190,1,5,1,Ta|P|W|RH|Rs,L,1209,20,validation
huc8_03050106,02162035,7,B_union_D,False,insufficient_training_target_days,0,0,0,0,,,0,0,validation
huc8_03050106,02162035,7,B_union_D_union_M_union_H,False,insufficient_training_target_days,0,0,0,0,,,0,0,validation
huc8_03050106,02162035,14,B_union_D,False,insufficient_training_target_days,0,0,0,0,,,0,0,validation
huc8_03050106,02162035,14,B_union_D_union_M_union_H,False,insufficient_training_target_days,0,0,0,0,,,0,0,validation
huc8_03050106,02162035,30,B_union_D,False,insufficient_training_target_days,0,0,0,0,,,0,0,validation
huc8_03050106,02162035,30,B_union_D_union_M_union_H,False,insufficient_training_target_days,0,0,0,0,,,0,0,validation
huc8_03050106,02162035,60,B_union_D,False,insufficient_training_target_days,0,0,0,0,,,0,0,validation
huc8_03050106,02162035,60,B_union_D_union_M_union_H,False,insufficient_training_target_days,0,0,0,0,,,0,0,validation
huc8_03050106,02162035,90,B_union_D,False,insufficient_training_target_days,0,0,0,0,,,0,0,validation
huc8_03050106,02162035,90,B_union_D_union_M_union_H,False,insufficient_training_target_days,0,0,0,0,,,0,0,validation
huc8_03050106,02162035,180,B_union_D,False,insufficient_training_target_days,0,0,0,0,,,0,0,validation
huc8_03050106,02162035,180,B_union_D_union_M_union_H,False,insufficient_training_target_days,0,0,0,0,,,0,0,validation
huc8_03050106,02162035,365,B_union_D,False,insufficient_training_target_days,0,0,0,0,,,0,0,validation
huc8_03050106,02162035,365,B_union_D_union_M_union_H,False,insufficient_training_target_days,0,0,0,0,,,0,0,validation
huc8_03050109,02163001,7,B_union_D,False,no_eligible_evaluation_windows,6273,4,5,2,Ta|P|W|RH|Rs,F|L,3534,0,validation
huc8_03050109,02163001,7,B_union_D_union_M_union_H,False,no_eligible_evaluation_windows,6273,4,5,2,Ta|P|W|RH|Rs,F|L,0,0,validation
huc8_03050109,02163001,14,B_union_D,False,no_eligible_evaluation_windows,6273,4,5,2,Ta|P|W|RH|Rs,F|L,3297,0,validation
huc8_03050109,02163001,14,B_union_D_union_M_union_H,False,no_eligible_evaluation_windows,6273,4,5,2,Ta|P|W|RH|Rs,F|L,0,0,validation
huc8_03050109,02163001,30,B_union_D,False,no_eligible_evaluation_windows,6273,4,5,2,Ta|P|W|RH|Rs,F|L,2864,0,validation
huc8_03050109,02163001,30,B_union_D_union_M_union_H,False,no_eligible_evaluation_windows,6273,4,5,2,Ta|P|W|RH|Rs,F|L,0,0,validation
huc8_03050109,02163001,60,B_union_D,False,no_eligible_evaluation_windows,6273,4,5,2,Ta|P|W|RH|Rs,F|L,2179,0,validation
huc8_03050109,02163001,60,B_union_D_union_M_union_H,False,no_eligible_evaluation_windows,6273,4,5,2,Ta|P|W|RH|Rs,F|L,0,0,validation
huc8_03050109,02163001,90,B_union_D,False,no_eligible_evaluation_windows,6273,4,5,2,Ta|P|W|RH|Rs,F|L,1630,0,validation
huc8_03050109,02163001,90,B_union_D_union_M_union_H,False,no_eligible_evaluation_windows,6273,4,5,2,Ta|P|W|RH|Rs,F|L,0,0,validation
huc8_03050109,02163001,180,B_union_D,False,no_eligible_evaluation_windows,6273,4,5,2,Ta|P|W|RH|Rs,F|L,833,0,validation
huc8_03050109,02163001,180,B_union_D_union_M_union_H,False,no_eligible_evaluation_windows,6273,4,5,2,Ta|P|W|RH|Rs,F|L,0,0,validation
huc8_03050109,02163001,365,B_union_D,False,no_eligible_evaluation_windows,6273,4,5,2,Ta|P|W|RH|Rs,F|L,144,0,validation
huc8_03050109,02163001,365,B_union_D_union_M_union_H,False,no_eligible_evaluation_windows,6273,4,5,2,Ta|P|W|RH|Rs,F|L,0,0,validation
huc8_03050109,02167600,7,B_union_D,True,eligible,6503,4,5,0,Ta|P|W|RH|Rs,,3533,20,validation
huc8_03050109,02167600,7,B_union_D_union_M_union_H,False,no_hydraulics_with_minimum_training_days,6503,4,5,0,Ta|P|W|RH|Rs,,0,0,validation
huc8_03050109,02167600,14,B_union_D,True,eligible,6503,4,5,0,Ta|P|W|RH|Rs,,3296,20,validation
huc8_03050109,02167600,14,B_union_D_union_M_union_H,False,no_hydraulics_with_minimum_training_days,6503,4,5,0,Ta|P|W|RH|Rs,,0,0,validation
huc8_03050109,02167600,30,B_union_D,True,eligible,6503,4,5,0,Ta|P|W|RH|Rs,,2866,20,validation
huc8_03050109,02167600,30,B_union_D_union_M_union_H,False,no_hydraulics_with_minimum_training_days,6503,4,5,0,Ta|P|W|RH|Rs,,0,0,validation
huc8_03050109,02167600,60,B_union_D,True,eligible,6503,4,5,0,Ta|P|W|RH|Rs,,2180,20,validation
huc8_03050109,02167600,60,B_union_D_union_M_union_H,False,no_hydraulics_with_minimum_training_days,6503,4,5,0,Ta|P|W|RH|Rs,,0,0,validation
huc8_03050109,02167600,90,B_union_D,True,eligible,6503,4,5,0,Ta|P|W|RH|Rs,,1632,20,validation
huc8_03050109,02167600,90,B_union_D_union_M_union_H,False,no_hydraulics_with_minimum_training_days,6503,4,5,0,Ta|P|W|RH|Rs,,0,0,validation
huc8_03050109,02167600,180,B_union_D,True,eligible,6503,4,5,0,Ta|P|W|RH|Rs,,833,20,validation
huc8_03050109,02167600,180,B_union_D_union_M_union_H,False,no_hydraulics_with_minimum_training_days,6503,4,5,0,Ta|P|W|RH|Rs,,0,0,validation
huc8_03050109,02167600,365,B_union_D,True,eligible,6503,4,5,0,Ta|P|W|RH|Rs,,145,20,validation
huc8_03050109,02167600,365,B_union_D_union_M_union_H,False,no_hydraulics_with_minimum_training_days,6503,4,5,0,Ta|P|W|RH|Rs,,0,0,validation
huc8_03050109,02167716,7,B_union_D,True,eligible,6631,4,5,0,Ta|P|W|RH|Rs,,3542,20,validation
huc8_03050109,02167716,7,B_union_D_union_M_union_H,False,no_hydraulics_with_minimum_training_days,6631,4,5,0,Ta|P|W|RH|Rs,,0,0,validation
huc8_03050109,02167716,14,B_union_D,True,eligible,6631,4,5,0,Ta|P|W|RH|Rs,,3304,20,validation
huc8_03050109,02167716,14,B_union_D_union_M_union_H,False,no_hydraulics_with_minimum_training_days,6631,4,5,0,Ta|P|W|RH|Rs,,0,0,validation
huc8_03050109,02167716,30,B_union_D,True,eligible,6631,4,5,0,Ta|P|W|RH|Rs,,2871,20,validation
huc8_03050109,02167716,30,B_union_D_union_M_union_H,False,no_hydraulics_with_minimum_training_days,6631,4,5,0,Ta|P|W|RH|Rs,,0,0,validation
huc8_03050109,02167716,60,B_union_D,True,eligible,6631,4,5,0,Ta|P|W|RH|Rs,,2184,20,validation
huc8_03050109,02167716,60,B_union_D_union_M_union_H,False,no_hydraulics_with_minimum_training_days,6631,4,5,0,Ta|P|W|RH|Rs,,0,0,validation
huc8_03050109,02167716,90,B_union_D,True,eligible,6631,4,5,0,Ta|P|W|RH|Rs,,1635,20,validation
huc8_03050109,02167716,90,B_union_D_union_M_union_H,False,no_hydraulics_with_minimum_training_days,6631,4,5,0,Ta|P|W|RH|Rs,,0,0,validation
huc8_03050109,02167716,180,B_union_D,True,eligible,6631,4,5,0,Ta|P|W|RH|Rs,,833,20,validation
huc8_03050109,02167716,180,B_union_D_union_M_union_H,False,no_hydraulics_with_minimum_training_days,6631,4,5,0,Ta|P|W|RH|Rs,,0,0,validation
huc8_03050109,02167716,365,B_union_D,True,eligible,6631,4,5,0,Ta|P|W|RH|Rs,,144,20,validation
huc8_03050109,02167716,365,B_union_D_union_M_union_H,False,no_hydraulics_with_minimum_training_days,6631,4,5,0,Ta|P|W|RH|Rs,,0,0,validation
huc8_03050109,02168504,7,B_union_D,True,eligible,9404,4,5,2,Ta|P|W|RH|Rs,F|L,3528,20,validation
huc8_03050109,02168504,7,B_union_D_union_M_union_H,True,eligible,9404,4,5,2,Ta|P|W|RH|Rs,F|L,3521,20,validation
huc8_03050109,02168504,14,B_union_D,True,eligible,9404,4,5,2,Ta|P|W|RH|Rs,F|L,3293,20,validation
huc8_03050109,02168504,14,B_union_D_union_M_union_H,True,eligible,9404,4,5,2,Ta|P|W|RH|Rs,F|L,3279,20,validation
huc8_03050109,02168504,30,B_union_D,True,eligible,9404,4,5,2,Ta|P|W|RH|Rs,F|L,2862,20,validation
huc8_03050109,02168504,30,B_union_D_union_M_union_H,True,eligible,9404,4,5,2,Ta|P|W|RH|Rs,F|L,2840,20,validation
huc8_03050109,02168504,60,B_union_D,True,eligible,9404,4,5,2,Ta|P|W|RH|Rs,F|L,2176,20,validation
huc8_03050109,02168504,60,B_union_D_union_M_union_H,True,eligible,9404,4,5,2,Ta|P|W|RH|Rs,F|L,2154,20,validation
huc8_03050109,02168504,90,B_union_D,True,eligible,9404,4,5,2,Ta|P|W|RH|Rs,F|L,1627,20,validation
huc8_03050109,02168504,90,B_union_D_union_M_union_H,True,eligible,9404,4,5,2,Ta|P|W|RH|Rs,F|L,1605,20,validation
huc8_03050109,02168504,180,B_union_D,True,eligible,9404,4,5,2,Ta|P|W|RH|Rs,F|L,834,20,validation
huc8_03050109,02168504,180,B_union_D_union_M_union_H,True,eligible,9404,4,5,2,Ta|P|W|RH|Rs,F|L,812,20,validation
huc8_03050109,02168504,365,B_union_D,True,eligible,9404,4,5,2,Ta|P|W|RH|Rs,F|L,144,20,validation
huc8_03050109,02168504,365,B_union_D_union_M_union_H,True,eligible,9404,4,5,2,Ta|P|W|RH|Rs,F|L,144,20,validation
huc8_03050109,02169000,7,B_union_D,True,eligible,9903,4,5,2,Ta|P|W|RH|Rs,F|L,3521,20,validation
huc8_03050109,02169000,7,B_union_D_union_M_union_H,True,eligible,9903,4,5,2,Ta|P|W|RH|Rs,F|L,3514,20,validation
huc8_03050109,02169000,14,B_union_D,True,eligible,9903,4,5,2,Ta|P|W|RH|Rs,F|L,3285,20,validation
huc8_03050109,02169000,14,B_union_D_union_M_union_H,True,eligible,9903,4,5,2,Ta|P|W|RH|Rs,F|L,3271,20,validation
huc8_03050109,02169000,30,B_union_D,True,eligible,9903,4,5,2,Ta|P|W|RH|Rs,F|L,2855,20,validation
huc8_03050109,02169000,30,B_union_D_union_M_union_H,True,eligible,9903,4,5,2,Ta|P|W|RH|Rs,F|L,2825,20,validation
huc8_03050109,02169000,60,B_union_D,True,eligible,9903,4,5,2,Ta|P|W|RH|Rs,F|L,2173,20,validation
huc8_03050109,02169000,60,B_union_D_union_M_union_H,True,eligible,9903,4,5,2,Ta|P|W|RH|Rs,F|L,2123,20,validation
huc8_03050109,02169000,90,B_union_D,True,eligible,9903,4,5,2,Ta|P|W|RH|Rs,F|L,1625,20,validation
huc8_03050109,02169000,90,B_union_D_union_M_union_H,True,eligible,9903,4,5,2,Ta|P|W|RH|Rs,F|L,1603,20,validation
huc8_03050109,02169000,180,B_union_D,True,eligible,9903,4,5,2,Ta|P|W|RH|Rs,F|L,831,20,validation
huc8_03050109,02169000,180,B_union_D_union_M_union_H,True,eligible,9903,4,5,2,Ta|P|W|RH|Rs,F|L,831,20,validation
huc8_03050109,02169000,365,B_union_D,True,eligible,9903,4,5,2,Ta|P|W|RH|Rs,F|L,143,20,validation
huc8_03050109,02169000,365,B_union_D_union_M_union_H,True,eligible,9903,4,5,2,Ta|P|W|RH|Rs,F|L,143,20,validation
huc8_03050208,02176585,7,B_union_D,False,no_eligible_evaluation_windows,3526,4,5,1,Ta|P|W|RH|Rs,L,0,0,validation
huc8_03050208,02176585,7,B_union_D_union_M_union_H,False,no_eligible_evaluation_windows,3526,4,5,1,Ta|P|W|RH|Rs,L,0,0,validation
huc8_03050208,02176585,14,B_union_D,False,no_eligible_evaluation_windows,3526,4,5,1,Ta|P|W|RH|Rs,L,0,0,validation
huc8_03050208,02176585,14,B_union_D_union_M_union_H,False,no_eligible_evaluation_windows,3526,4,5,1,Ta|P|W|RH|Rs,L,0,0,validation
huc8_03050208,02176585,30,B_union_D,False,no_eligible_evaluation_windows,3526,4,5,1,Ta|P|W|RH|Rs,L,0,0,validation
huc8_03050208,02176585,30,B_union_D_union_M_union_H,False,no_eligible_evaluation_windows,3526,4,5,1,Ta|P|W|RH|Rs,L,0,0,validation
huc8_03050208,02176585,60,B_union_D,False,no_eligible_evaluation_windows,3526,4,5,1,Ta|P|W|RH|Rs,L,0,0,validation
huc8_03050208,02176585,60,B_union_D_union_M_union_H,False,no_eligible_evaluation_windows,3526,4,5,1,Ta|P|W|RH|Rs,L,0,0,validation
huc8_03050208,02176585,90,B_union_D,False,no_eligible_evaluation_windows,3526,4,5,1,Ta|P|W|RH|Rs,L,0,0,validation
huc8_03050208,02176585,90,B_union_D_union_M_union_H,False,no_eligible_evaluation_windows,3526,4,5,1,Ta|P|W|RH|Rs,L,0,0,validation
huc8_03050208,02176585,180,B_union_D,False,no_eligible_evaluation_windows,3526,4,5,1,Ta|P|W|RH|Rs,L,0,0,validation
huc8_03050208,02176585,180,B_union_D_union_M_union_H,False,no_eligible_evaluation_windows,3526,4,5,1,Ta|P|W|RH|Rs,L,0,0,validation
huc8_03050208,02176585,365,B_union_D,False,no_eligible_evaluation_windows,3526,4,5,1,Ta|P|W|RH|Rs,L,0,0,validation
huc8_03050208,02176585,365,B_union_D_union_M_union_H,False,no_eligible_evaluation_windows,3526,4,5,1,Ta|P|W|RH|Rs,L,0,0,validation
huc8_03050208,02176603,7,B_union_D,False,no_eligible_evaluation_windows,3170,4,5,1,Ta|P|W|RH|Rs,L,0,0,validation
huc8_03050208,02176603,7,B_union_D_union_M_union_H,False,no_eligible_evaluation_windows,3170,4,5,1,Ta|P|W|RH|Rs,L,0,0,validation
huc8_03050208,02176603,14,B_union_D,False,no_eligible_evaluation_windows,3170,4,5,1,Ta|P|W|RH|Rs,L,0,0,validation
huc8_03050208,02176603,14,B_union_D_union_M_union_H,False,no_eligible_evaluation_windows,3170,4,5,1,Ta|P|W|RH|Rs,L,0,0,validation
huc8_03050208,02176603,30,B_union_D,False,no_eligible_evaluation_windows,3170,4,5,1,Ta|P|W|RH|Rs,L,0,0,validation
huc8_03050208,02176603,30,B_union_D_union_M_union_H,False,no_eligible_evaluation_windows,3170,4,5,1,Ta|P|W|RH|Rs,L,0,0,validation
huc8_03050208,02176603,60,B_union_D,False,no_eligible_evaluation_windows,3170,4,5,1,Ta|P|W|RH|Rs,L,0,0,validation
huc8_03050208,02176603,60,B_union_D_union_M_union_H,False,no_eligible_evaluation_windows,3170,4,5,1,Ta|P|W|RH|Rs,L,0,0,validation
huc8_03050208,02176603,90,B_union_D,False,no_eligible_evaluation_windows,3170,4,5,1,Ta|P|W|RH|Rs,L,0,0,validation
huc8_03050208,02176603,90,B_union_D_union_M_union_H,False,no_eligible_evaluation_windows,3170,4,5,1,Ta|P|W|RH|Rs,L,0,0,validation
huc8_03050208,02176603,180,B_union_D,False,no_eligible_evaluation_windows,3170,4,5,1,Ta|P|W|RH|Rs,L,0,0,validation
huc8_03050208,02176603,180,B_union_D_union_M_union_H,False,no_eligible_evaluation_windows,3170,4,5,1,Ta|P|W|RH|Rs,L,0,0,validation
huc8_03050208,02176603,365,B_union_D,False,no_eligible_evaluation_windows,3170,4,5,1,Ta|P|W|RH|Rs,L,0,0,validation
huc8_03050208,02176603,365,B_union_D_union_M_union_H,False,no_eligible_evaluation_windows,3170,4,5,1,Ta|P|W|RH|Rs,L,0,0,validation
huc8_03050208,02176611,7,B_union_D,False,no_eligible_evaluation_windows,2908,4,5,2,Ta|P|W|RH|Rs,F|L,0,0,validation
huc8_03050208,02176611,7,B_union_D_union_M_union_H,False,no_eligible_evaluation_windows,2908,4,5,2,Ta|P|W|RH|Rs,F|L,0,0,validation
huc8_03050208,02176611,14,B_union_D,False,no_eligible_evaluation_windows,2908,4,5,2,Ta|P|W|RH|Rs,F|L,0,0,validation
huc8_03050208,02176611,14,B_union_D_union_M_union_H,False,no_eligible_evaluation_windows,2908,4,5,2,Ta|P|W|RH|Rs,F|L,0,0,validation
huc8_03050208,02176611,30,B_union_D,False,no_eligible_evaluation_windows,2908,4,5,2,Ta|P|W|RH|Rs,F|L,0,0,validation
huc8_03050208,02176611,30,B_union_D_union_M_union_H,False,no_eligible_evaluation_windows,2908,4,5,2,Ta|P|W|RH|Rs,F|L,0,0,validation
huc8_03050208,02176611,60,B_union_D,False,no_eligible_evaluation_windows,2908,4,5,2,Ta|P|W|RH|Rs,F|L,0,0,validation
huc8_03050208,02176611,60,B_union_D_union_M_union_H,False,no_eligible_evaluation_windows,2908,4,5,2,Ta|P|W|RH|Rs,F|L,0,0,validation
huc8_03050208,02176611,90,B_union_D,False,no_eligible_evaluation_windows,2908,4,5,2,Ta|P|W|RH|Rs,F|L,0,0,validation
huc8_03050208,02176611,90,B_union_D_union_M_union_H,False,no_eligible_evaluation_windows,2908,4,5,2,Ta|P|W|RH|Rs,F|L,0,0,validation
huc8_03050208,02176611,180,B_union_D,False,no_eligible_evaluation_windows,2908,4,5,2,Ta|P|W|RH|Rs,F|L,0,0,validation
huc8_03050208,02176611,180,B_union_D_union_M_union_H,False,no_eligible_evaluation_windows,2908,4,5,2,Ta|P|W|RH|Rs,F|L,0,0,validation
huc8_03050208,02176611,365,B_union_D,False,no_eligible_evaluation_windows,2908,4,5,2,Ta|P|W|RH|Rs,F|L,0,0,validation
huc8_03050208,02176611,365,B_union_D_union_M_union_H,False,no_eligible_evaluation_windows,2908,4,5,2,Ta|P|W|RH|Rs,F|L,0,0,validation
huc8_03050208,02176635,7,B_union_D,False,no_eligible_evaluation_windows,2909,4,5,1,Ta|P|W|RH|Rs,L,0,0,validation
huc8_03050208,02176635,7,B_union_D_union_M_union_H,False,no_eligible_evaluation_windows,2909,4,5,1,Ta|P|W|RH|Rs,L,0,0,validation
huc8_03050208,02176635,14,B_union_D,False,no_eligible_evaluation_windows,2909,4,5,1,Ta|P|W|RH|Rs,L,0,0,validation
huc8_03050208,02176635,14,B_union_D_union_M_union_H,False,no_eligible_evaluation_windows,2909,4,5,1,Ta|P|W|RH|Rs,L,0,0,validation
huc8_03050208,02176635,30,B_union_D,False,no_eligible_evaluation_windows,2909,4,5,1,Ta|P|W|RH|Rs,L,0,0,validation
huc8_03050208,02176635,30,B_union_D_union_M_union_H,False,no_eligible_evaluation_windows,2909,4,5,1,Ta|P|W|RH|Rs,L,0,0,validation
huc8_03050208,02176635,60,B_union_D,False,no_eligible_evaluation_windows,2909,4,5,1,Ta|P|W|RH|Rs,L,0,0,validation
huc8_03050208,02176635,60,B_union_D_union_M_union_H,False,no_eligible_evaluation_windows,2909,4,5,1,Ta|P|W|RH|Rs,L,0,0,validation
huc8_03050208,02176635,90,B_union_D,False,no_eligible_evaluation_windows,2909,4,5,1,Ta|P|W|RH|Rs,L,0,0,validation
huc8_03050208,02176635,90,B_union_D_union_M_union_H,False,no_eligible_evaluation_windows,2909,4,5,1,Ta|P|W|RH|Rs,L,0,0,validation
huc8_03050208,02176635,180,B_union_D,False,no_eligible_evaluation_windows,2909,4,5,1,Ta|P|W|RH|Rs,L,0,0,validation
huc8_03050208,02176635,180,B_union_D_union_M_union_H,False,no_eligible_evaluation_windows,2909,4,5,1,Ta|P|W|RH|Rs,L,0,0,validation
huc8_03050208,02176635,365,B_union_D,False,no_eligible_evaluation_windows,2909,4,5,1,Ta|P|W|RH|Rs,L,0,0,validation
huc8_03050208,02176635,365,B_union_D_union_M_union_H,False,no_eligible_evaluation_windows,2909,4,5,1,Ta|P|W|RH|Rs,L,0,0,validation
huc8_03050208,02176640,7,B_union_D,False,no_eligible_evaluation_windows,2515,4,5,1,Ta|P|W|RH|Rs,L,0,0,validation
huc8_03050208,02176640,7,B_union_D_union_M_union_H,False,no_eligible_evaluation_windows,2515,4,5,1,Ta|P|W|RH|Rs,L,0,0,validation
huc8_03050208,02176640,14,B_union_D,False,no_eligible_evaluation_windows,2515,4,5,1,Ta|P|W|RH|Rs,L,0,0,validation
huc8_03050208,02176640,14,B_union_D_union_M_union_H,False,no_eligible_evaluation_windows,2515,4,5,1,Ta|P|W|RH|Rs,L,0,0,validation
huc8_03050208,02176640,30,B_union_D,False,no_eligible_evaluation_windows,2515,4,5,1,Ta|P|W|RH|Rs,L,0,0,validation
huc8_03050208,02176640,30,B_union_D_union_M_union_H,False,no_eligible_evaluation_windows,2515,4,5,1,Ta|P|W|RH|Rs,L,0,0,validation
huc8_03050208,02176640,60,B_union_D,False,no_eligible_evaluation_windows,2515,4,5,1,Ta|P|W|RH|Rs,L,0,0,validation
huc8_03050208,02176640,60,B_union_D_union_M_union_H,False,no_eligible_evaluation_windows,2515,4,5,1,Ta|P|W|RH|Rs,L,0,0,validation
huc8_03050208,02176640,90,B_union_D,False,no_eligible_evaluation_windows,2515,4,5,1,Ta|P|W|RH|Rs,L,0,0,validation
huc8_03050208,02176640,90,B_union_D_union_M_union_H,False,no_eligible_evaluation_windows,2515,4,5,1,Ta|P|W|RH|Rs,L,0,0,validation
huc8_03050208,02176640,180,B_union_D,False,no_eligible_evaluation_windows,2515,4,5,1,Ta|P|W|RH|Rs,L,0,0,validation
huc8_03050208,02176640,180,B_union_D_union_M_union_H,False,no_eligible_evaluation_windows,2515,4,5,1,Ta|P|W|RH|Rs,L,0,0,validation
huc8_03050208,02176640,365,B_union_D,False,no_eligible_evaluation_windows,2515,4,5,1,Ta|P|W|RH|Rs,L,0,0,validation
huc8_03050208,02176640,365,B_union_D_union_M_union_H,False,no_eligible_evaluation_windows,2515,4,5,1,Ta|P|W|RH|Rs,L,0,0,validation
huc8_03060106,02197000,7,B_union_D,False,no_eligible_evaluation_windows,4018,3,5,2,Ta|P|W|RH|Rs,F|L,0,0,validation
huc8_03060106,02197000,7,B_union_D_union_M_union_H,False,no_eligible_evaluation_windows,4018,3,5,2,Ta|P|W|RH|Rs,F|L,0,0,validation
huc8_03060106,02197000,14,B_union_D,False,no_eligible_evaluation_windows,4018,3,5,2,Ta|P|W|RH|Rs,F|L,0,0,validation
huc8_03060106,02197000,14,B_union_D_union_M_union_H,False,no_eligible_evaluation_windows,4018,3,5,2,Ta|P|W|RH|Rs,F|L,0,0,validation
huc8_03060106,02197000,30,B_union_D,False,no_eligible_evaluation_windows,4018,3,5,2,Ta|P|W|RH|Rs,F|L,0,0,validation
huc8_03060106,02197000,30,B_union_D_union_M_union_H,False,no_eligible_evaluation_windows,4018,3,5,2,Ta|P|W|RH|Rs,F|L,0,0,validation
huc8_03060106,02197000,60,B_union_D,False,no_eligible_evaluation_windows,4018,3,5,2,Ta|P|W|RH|Rs,F|L,0,0,validation
huc8_03060106,02197000,60,B_union_D_union_M_union_H,False,no_eligible_evaluation_windows,4018,3,5,2,Ta|P|W|RH|Rs,F|L,0,0,validation
huc8_03060106,02197000,90,B_union_D,False,no_eligible_evaluation_windows,4018,3,5,2,Ta|P|W|RH|Rs,F|L,0,0,validation
huc8_03060106,02197000,90,B_union_D_union_M_union_H,False,no_eligible_evaluation_windows,4018,3,5,2,Ta|P|W|RH|Rs,F|L,0,0,validation
huc8_03060106,02197000,180,B_union_D,False,no_eligible_evaluation_windows,4018,3,5,2,Ta|P|W|RH|Rs,F|L,0,0,validation
huc8_03060106,02197000,180,B_union_D_union_M_union_H,False,no_eligible_evaluation_windows,4018,3,5,2,Ta|P|W|RH|Rs,F|L,0,0,validation
huc8_03060106,02197000,365,B_union_D,False,no_eligible_evaluation_windows,4018,3,5,2,Ta|P|W|RH|Rs,F|L,0,0,validation
huc8_03060106,02197000,365,B_union_D_union_M_union_H,False,no_eligible_evaluation_windows,4018,3,5,2,Ta|P|W|RH|Rs,F|L,0,0,validation
huc8_03060106,02197320,7,B_union_D,False,no_eligible_evaluation_windows,3664,3,5,2,Ta|P|W|RH|Rs,F|L,0,0,validation
huc8_03060106,02197320,7,B_union_D_union_M_union_H,False,no_eligible_evaluation_windows,3664,3,5,2,Ta|P|W|RH|Rs,F|L,0,0,validation
huc8_03060106,02197320,14,B_union_D,False,no_eligible_evaluation_windows,3664,3,5,2,Ta|P|W|RH|Rs,F|L,0,0,validation
huc8_03060106,02197320,14,B_union_D_union_M_union_H,False,no_eligible_evaluation_windows,3664,3,5,2,Ta|P|W|RH|Rs,F|L,0,0,validation
huc8_03060106,02197320,30,B_union_D,False,no_eligible_evaluation_windows,3664,3,5,2,Ta|P|W|RH|Rs,F|L,0,0,validation
huc8_03060106,02197320,30,B_union_D_union_M_union_H,False,no_eligible_evaluation_windows,3664,3,5,2,Ta|P|W|RH|Rs,F|L,0,0,validation
huc8_03060106,02197320,60,B_union_D,False,no_eligible_evaluation_windows,3664,3,5,2,Ta|P|W|RH|Rs,F|L,0,0,validation
huc8_03060106,02197320,60,B_union_D_union_M_union_H,False,no_eligible_evaluation_windows,3664,3,5,2,Ta|P|W|RH|Rs,F|L,0,0,validation
huc8_03060106,02197320,90,B_union_D,False,no_eligible_evaluation_windows,3664,3,5,2,Ta|P|W|RH|Rs,F|L,0,0,validation
huc8_03060106,02197320,90,B_union_D_union_M_union_H,False,no_eligible_evaluation_windows,3664,3,5,2,Ta|P|W|RH|Rs,F|L,0,0,validation
huc8_03060106,02197320,180,B_union_D,False,no_eligible_evaluation_windows,3664,3,5,2,Ta|P|W|RH|Rs,F|L,0,0,validation
huc8_03060106,02197320,180,B_union_D_union_M_union_H,False,no_eligible_evaluation_windows,3664,3,5,2,Ta|P|W|RH|Rs,F|L,0,0,validation
huc8_03060106,02197320,365,B_union_D,False,no_eligible_evaluation_windows,3664,3,5,2,Ta|P|W|RH|Rs,F|L,0,0,validation
huc8_03060106,02197320,365,B_union_D_union_M_union_H,False,no_eligible_evaluation_windows,3664,3,5,2,Ta|P|W|RH|Rs,F|L,0,0,validation
huc8_03060106,02197351,7,B_union_D,False,no_eligible_evaluation_windows,4280,3,5,2,Ta|P|W|RH|Rs,F|L,0,0,validation
huc8_03060106,02197351,7,B_union_D_union_M_union_H,False,no_eligible_evaluation_windows,4280,3,5,2,Ta|P|W|RH|Rs,F|L,0,0,validation
huc8_03060106,02197351,14,B_union_D,False,no_eligible_evaluation_windows,4280,3,5,2,Ta|P|W|RH|Rs,F|L,0,0,validation
huc8_03060106,02197351,14,B_union_D_union_M_union_H,False,no_eligible_evaluation_windows,4280,3,5,2,Ta|P|W|RH|Rs,F|L,0,0,validation
huc8_03060106,02197351,30,B_union_D,False,no_eligible_evaluation_windows,4280,3,5,2,Ta|P|W|RH|Rs,F|L,0,0,validation
huc8_03060106,02197351,30,B_union_D_union_M_union_H,False,no_eligible_evaluation_windows,4280,3,5,2,Ta|P|W|RH|Rs,F|L,0,0,validation
huc8_03060106,02197351,60,B_union_D,False,no_eligible_evaluation_windows,4280,3,5,2,Ta|P|W|RH|Rs,F|L,0,0,validation
huc8_03060106,02197351,60,B_union_D_union_M_union_H,False,no_eligible_evaluation_windows,4280,3,5,2,Ta|P|W|RH|Rs,F|L,0,0,validation
huc8_03060106,02197351,90,B_union_D,False,no_eligible_evaluation_windows,4280,3,5,2,Ta|P|W|RH|Rs,F|L,0,0,validation
huc8_03060106,02197351,90,B_union_D_union_M_union_H,False,no_eligible_evaluation_windows,4280,3,5,2,Ta|P|W|RH|Rs,F|L,0,0,validation
huc8_03060106,02197351,180,B_union_D,False,no_eligible_evaluation_windows,4280,3,5,2,Ta|P|W|RH|Rs,F|L,0,0,validation
huc8_03060106,02197351,180,B_union_D_union_M_union_H,False,no_eligible_evaluation_windows,4280,3,5,2,Ta|P|W|RH|Rs,F|L,0,0,validation
huc8_03060106,02197351,365,B_union_D,False,no_eligible_evaluation_windows,4280,3,5,2,Ta|P|W|RH|Rs,F|L,0,0,validation
huc8_03060106,02197351,365,B_union_D_union_M_union_H,False,no_eligible_evaluation_windows,4280,3,5,2,Ta|P|W|RH|Rs,F|L,0,0,validation
huc8_03060106,02197380,7,B_union_D,False,no_eligible_evaluation_windows,3204,3,5,1,Ta|P|W|RH|Rs,F,0,0,validation
huc8_03060106,02197380,7,B_union_D_union_M_union_H,False,no_eligible_evaluation_windows,3204,3,5,1,Ta|P|W|RH|Rs,F,0,0,validation
huc8_03060106,02197380,14,B_union_D,False,no_eligible_evaluation_windows,3204,3,5,1,Ta|P|W|RH|Rs,F,0,0,validation
huc8_03060106,02197380,14,B_union_D_union_M_union_H,False,no_eligible_evaluation_windows,3204,3,5,1,Ta|P|W|RH|Rs,F,0,0,validation
huc8_03060106,02197380,30,B_union_D,False,no_eligible_evaluation_windows,3204,3,5,1,Ta|P|W|RH|Rs,F,0,0,validation
huc8_03060106,02197380,30,B_union_D_union_M_union_H,False,no_eligible_evaluation_windows,3204,3,5,1,Ta|P|W|RH|Rs,F,0,0,validation
huc8_03060106,02197380,60,B_union_D,False,no_eligible_evaluation_windows,3204,3,5,1,Ta|P|W|RH|Rs,F,0,0,validation
huc8_03060106,02197380,60,B_union_D_union_M_union_H,False,no_eligible_evaluation_windows,3204,3,5,1,Ta|P|W|RH|Rs,F,0,0,validation
huc8_03060106,02197380,90,B_union_D,False,no_eligible_evaluation_windows,3204,3,5,1,Ta|P|W|RH|Rs,F,0,0,validation
huc8_03060106,02197380,90,B_union_D_union_M_union_H,False,no_eligible_evaluation_windows,3204,3,5,1,Ta|P|W|RH|Rs,F,0,0,validation
huc8_03060106,02197380,180,B_union_D,False,no_eligible_evaluation_windows,3204,3,5,1,Ta|P|W|RH|Rs,F,0,0,validation
huc8_03060106,02197380,180,B_union_D_union_M_union_H,False,no_eligible_evaluation_windows,3204,3,5,1,Ta|P|W|RH|Rs,F,0,0,validation
huc8_03060106,02197380,365,B_union_D,False,no_eligible_evaluation_windows,3204,3,5,1,Ta|P|W|RH|Rs,F,0,0,validation
huc8_03060106,02197380,365,B_union_D_union_M_union_H,False,no_eligible_evaluation_windows,3204,3,5,1,Ta|P|W|RH|Rs,F,0,0,validation
huc8_03070103,02203603,7,B_union_D,True,eligible,4134,18,5,1,Ta|P|W|RH|Rs,L,1670,20,validation
huc8_03070103,02203603,7,B_union_D_union_M_union_H,True,eligible,4134,18,5,1,Ta|P|W|RH|Rs,L,321,20,validation
huc8_03070103,02203603,14,B_union_D,True,eligible,4134,18,5,1,Ta|P|W|RH|Rs,L,1243,20,validation
huc8_03070103,02203603,14,B_union_D_union_M_union_H,True,eligible,4134,18,5,1,Ta|P|W|RH|Rs,L,193,20,validation
huc8_03070103,02203603,30,B_union_D,True,eligible,4134,18,5,1,Ta|P|W|RH|Rs,L,692,20,validation
huc8_03070103,02203603,30,B_union_D_union_M_union_H,True,eligible,4134,18,5,1,Ta|P|W|RH|Rs,L,66,20,validation
huc8_03070103,02203603,60,B_union_D,True,eligible,4134,18,5,1,Ta|P|W|RH|Rs,L,205,3,validation
huc8_03070103,02203603,60,B_union_D_union_M_union_H,True,eligible,4134,18,5,1,Ta|P|W|RH|Rs,L,3,3,validation
huc8_03070103,02203603,90,B_union_D,False,no_eligible_evaluation_windows,4134,18,5,1,Ta|P|W|RH|Rs,L,75,0,validation
huc8_03070103,02203603,90,B_union_D_union_M_union_H,False,no_eligible_evaluation_windows,4134,18,5,1,Ta|P|W|RH|Rs,L,0,0,validation
huc8_03070103,02203603,180,B_union_D,False,no_eligible_evaluation_windows,4134,18,5,1,Ta|P|W|RH|Rs,L,0,0,validation
huc8_03070103,02203603,180,B_union_D_union_M_union_H,False,no_eligible_evaluation_windows,4134,18,5,1,Ta|P|W|RH|Rs,L,0,0,validation
huc8_03070103,02203603,365,B_union_D,False,no_eligible_evaluation_windows,4134,18,5,1,Ta|P|W|RH|Rs,L,0,0,validation
huc8_03070103,02203603,365,B_union_D_union_M_union_H,False,no_eligible_evaluation_windows,4134,18,5,1,Ta|P|W|RH|Rs,L,0,0,validation
huc8_03070103,02203655,7,B_union_D,True,eligible,5565,18,5,1,Ta|P|W|RH|Rs,F,1666,20,validation
huc8_03070103,02203655,7,B_union_D_union_M_union_H,True,eligible,5565,18,5,1,Ta|P|W|RH|Rs,F,1666,20,validation
huc8_03070103,02203655,14,B_union_D,True,eligible,5565,18,5,1,Ta|P|W|RH|Rs,F,1241,20,validation
huc8_03070103,02203655,14,B_union_D_union_M_union_H,True,eligible,5565,18,5,1,Ta|P|W|RH|Rs,F,1241,20,validation
huc8_03070103,02203655,30,B_union_D,True,eligible,5565,18,5,1,Ta|P|W|RH|Rs,F,691,20,validation
huc8_03070103,02203655,30,B_union_D_union_M_union_H,True,eligible,5565,18,5,1,Ta|P|W|RH|Rs,F,691,20,validation
huc8_03070103,02203655,60,B_union_D,True,eligible,5565,18,5,1,Ta|P|W|RH|Rs,F,205,20,validation
huc8_03070103,02203655,60,B_union_D_union_M_union_H,True,eligible,5565,18,5,1,Ta|P|W|RH|Rs,F,205,20,validation
huc8_03070103,02203655,90,B_union_D,True,eligible,5565,18,5,1,Ta|P|W|RH|Rs,F,75,20,validation
huc8_03070103,02203655,90,B_union_D_union_M_union_H,True,eligible,5565,18,5,1,Ta|P|W|RH|Rs,F,75,20,validation
huc8_03070103,02203655,180,B_union_D,False,no_eligible_evaluation_windows,5565,18,5,1,Ta|P|W|RH|Rs,F,0,0,validation
huc8_03070103,02203655,180,B_union_D_union_M_union_H,False,no_eligible_evaluation_windows,5565,18,5,1,Ta|P|W|RH|Rs,F,0,0,validation
huc8_03070103,02203655,365,B_union_D,False,no_eligible_evaluation_windows,5565,18,5,1,Ta|P|W|RH|Rs,F,0,0,validation
huc8_03070103,02203655,365,B_union_D_union_M_union_H,False,no_eligible_evaluation_windows,5565,18,5,1,Ta|P|W|RH|Rs,F,0,0,validation
huc8_03070103,02203831,7,B_union_D,True,eligible,2084,18,5,2,Ta|P|W|RH|Rs,F|L,1666,20,validation
huc8_03070103,02203831,7,B_union_D_union_M_union_H,True,eligible,2084,18,5,2,Ta|P|W|RH|Rs,F|L,1228,20,validation
huc8_03070103,02203831,14,B_union_D,True,eligible,2084,18,5,2,Ta|P|W|RH|Rs,F|L,1242,20,validation
huc8_03070103,02203831,14,B_union_D_union_M_union_H,True,eligible,2084,18,5,2,Ta|P|W|RH|Rs,F|L,887,20,validation
huc8_03070103,02203831,30,B_union_D,True,eligible,2084,18,5,2,Ta|P|W|RH|Rs,F|L,691,20,validation
huc8_03070103,02203831,30,B_union_D_union_M_union_H,True,eligible,2084,18,5,2,Ta|P|W|RH|Rs,F|L,473,20,validation
huc8_03070103,02203831,60,B_union_D,True,eligible,2084,18,5,2,Ta|P|W|RH|Rs,F|L,205,20,validation
huc8_03070103,02203831,60,B_union_D_union_M_union_H,True,eligible,2084,18,5,2,Ta|P|W|RH|Rs,F|L,163,20,validation
huc8_03070103,02203831,90,B_union_D,True,eligible,2084,18,5,2,Ta|P|W|RH|Rs,F|L,75,20,validation
huc8_03070103,02203831,90,B_union_D_union_M_union_H,True,eligible,2084,18,5,2,Ta|P|W|RH|Rs,F|L,75,20,validation
huc8_03070103,02203831,180,B_union_D,False,no_eligible_evaluation_windows,2084,18,5,2,Ta|P|W|RH|Rs,F|L,0,0,validation
huc8_03070103,02203831,180,B_union_D_union_M_union_H,False,no_eligible_evaluation_windows,2084,18,5,2,Ta|P|W|RH|Rs,F|L,0,0,validation
huc8_03070103,02203831,365,B_union_D,False,no_eligible_evaluation_windows,2084,18,5,2,Ta|P|W|RH|Rs,F|L,0,0,validation
huc8_03070103,02203831,365,B_union_D_union_M_union_H,False,no_eligible_evaluation_windows,2084,18,5,2,Ta|P|W|RH|Rs,F|L,0,0,validation
huc8_03070103,02203863,7,B_union_D,True,eligible,2446,18,5,2,Ta|P|W|RH|Rs,F|L,1659,20,validation
huc8_03070103,02203863,7,B_union_D_union_M_union_H,True,eligible,2446,18,5,2,Ta|P|W|RH|Rs,F|L,1651,20,validation
huc8_03070103,02203863,14,B_union_D,True,eligible,2446,18,5,2,Ta|P|W|RH|Rs,F|L,1235,20,validation
huc8_03070103,02203863,14,B_union_D_union_M_union_H,True,eligible,2446,18,5,2,Ta|P|W|RH|Rs,F|L,1220,20,validation
huc8_03070103,02203863,30,B_union_D,True,eligible,2446,18,5,2,Ta|P|W|RH|Rs,F|L,686,20,validation
huc8_03070103,02203863,30,B_union_D_union_M_union_H,True,eligible,2446,18,5,2,Ta|P|W|RH|Rs,F|L,663,20,validation
huc8_03070103,02203863,60,B_union_D,True,eligible,2446,18,5,2,Ta|P|W|RH|Rs,F|L,203,20,validation
huc8_03070103,02203863,60,B_union_D_union_M_union_H,True,eligible,2446,18,5,2,Ta|P|W|RH|Rs,F|L,200,20,validation
huc8_03070103,02203863,90,B_union_D,True,eligible,2446,18,5,2,Ta|P|W|RH|Rs,F|L,75,20,validation
huc8_03070103,02203863,90,B_union_D_union_M_union_H,True,eligible,2446,18,5,2,Ta|P|W|RH|Rs,F|L,75,20,validation
huc8_03070103,02203863,180,B_union_D,False,no_eligible_evaluation_windows,2446,18,5,2,Ta|P|W|RH|Rs,F|L,0,0,validation
huc8_03070103,02203863,180,B_union_D_union_M_union_H,False,no_eligible_evaluation_windows,2446,18,5,2,Ta|P|W|RH|Rs,F|L,0,0,validation
huc8_03070103,02203863,365,B_union_D,False,no_eligible_evaluation_windows,2446,18,5,2,Ta|P|W|RH|Rs,F|L,0,0,validation
huc8_03070103,02203863,365,B_union_D_union_M_union_H,False,no_eligible_evaluation_windows,2446,18,5,2,Ta|P|W|RH|Rs,F|L,0,0,validation
huc8_03070103,02203873,7,B_union_D,True,eligible,1856,18,5,2,Ta|P|W|RH|Rs,F|L,1669,20,validation
huc8_03070103,02203873,7,B_union_D_union_M_union_H,True,eligible,1856,18,5,2,Ta|P|W|RH|Rs,F|L,1531,20,validation
huc8_03070103,02203873,14,B_union_D,True,eligible,1856,18,5,2,Ta|P|W|RH|Rs,F|L,1241,20,validation
huc8_03070103,02203873,14,B_union_D_union_M_union_H,True,eligible,1856,18,5,2,Ta|P|W|RH|Rs,F|L,1117,20,validation
huc8_03070103,02203873,30,B_union_D,True,eligible,1856,18,5,2,Ta|P|W|RH|Rs,F|L,688,20,validation
huc8_03070103,02203873,30,B_union_D_union_M_union_H,True,eligible,1856,18,5,2,Ta|P|W|RH|Rs,F|L,598,20,validation
huc8_03070103,02203873,60,B_union_D,True,eligible,1856,18,5,2,Ta|P|W|RH|Rs,F|L,204,20,validation
huc8_03070103,02203873,60,B_union_D_union_M_union_H,True,eligible,1856,18,5,2,Ta|P|W|RH|Rs,F|L,174,20,validation
huc8_03070103,02203873,90,B_union_D,True,eligible,1856,18,5,2,Ta|P|W|RH|Rs,F|L,75,20,validation
huc8_03070103,02203873,90,B_union_D_union_M_union_H,True,eligible,1856,18,5,2,Ta|P|W|RH|Rs,F|L,75,20,validation
huc8_03070103,02203873,180,B_union_D,False,no_eligible_evaluation_windows,1856,18,5,2,Ta|P|W|RH|Rs,F|L,0,0,validation
huc8_03070103,02203873,180,B_union_D_union_M_union_H,False,no_eligible_evaluation_windows,1856,18,5,2,Ta|P|W|RH|Rs,F|L,0,0,validation
huc8_03070103,02203873,365,B_union_D,False,no_eligible_evaluation_windows,1856,18,5,2,Ta|P|W|RH|Rs,F|L,0,0,validation
huc8_03070103,02203873,365,B_union_D_union_M_union_H,False,no_eligible_evaluation_windows,1856,18,5,2,Ta|P|W|RH|Rs,F|L,0,0,validation
huc8_03070103,02203900,7,B_union_D,True,eligible,2429,18,5,2,Ta|P|W|RH|Rs,F|L,1665,20,validation
huc8_03070103,02203900,7,B_union_D_union_M_union_H,True,eligible,2429,18,5,2,Ta|P|W|RH|Rs,F|L,1665,20,validation
huc8_03070103,02203900,14,B_union_D,True,eligible,2429,18,5,2,Ta|P|W|RH|Rs,F|L,1237,20,validation
huc8_03070103,02203900,14,B_union_D_union_M_union_H,True,eligible,2429,18,5,2,Ta|P|W|RH|Rs,F|L,1237,20,validation
huc8_03070103,02203900,30,B_union_D,True,eligible,2429,18,5,2,Ta|P|W|RH|Rs,F|L,691,20,validation
huc8_03070103,02203900,30,B_union_D_union_M_union_H,True,eligible,2429,18,5,2,Ta|P|W|RH|Rs,F|L,691,20,validation
huc8_03070103,02203900,60,B_union_D,True,eligible,2429,18,5,2,Ta|P|W|RH|Rs,F|L,205,20,validation
huc8_03070103,02203900,60,B_union_D_union_M_union_H,True,eligible,2429,18,5,2,Ta|P|W|RH|Rs,F|L,205,20,validation
huc8_03070103,02203900,90,B_union_D,True,eligible,2429,18,5,2,Ta|P|W|RH|Rs,F|L,75,20,validation
huc8_03070103,02203900,90,B_union_D_union_M_union_H,True,eligible,2429,18,5,2,Ta|P|W|RH|Rs,F|L,75,20,validation
huc8_03070103,02203900,180,B_union_D,False,no_eligible_evaluation_windows,2429,18,5,2,Ta|P|W|RH|Rs,F|L,0,0,validation
huc8_03070103,02203900,180,B_union_D_union_M_union_H,False,no_eligible_evaluation_windows,2429,18,5,2,Ta|P|W|RH|Rs,F|L,0,0,validation
huc8_03070103,02203900,365,B_union_D,False,no_eligible_evaluation_windows,2429,18,5,2,Ta|P|W|RH|Rs,F|L,0,0,validation
huc8_03070103,02203900,365,B_union_D_union_M_union_H,False,no_eligible_evaluation_windows,2429,18,5,2,Ta|P|W|RH|Rs,F|L,0,0,validation
huc8_03070103,02203950,7,B_union_D,True,eligible,2471,18,5,2,Ta|P|W|RH|Rs,F|L,1665,20,validation
huc8_03070103,02203950,7,B_union_D_union_M_union_H,True,eligible,2471,18,5,2,Ta|P|W|RH|Rs,F|L,1174,20,validation
huc8_03070103,02203950,14,B_union_D,True,eligible,2471,18,5,2,Ta|P|W|RH|Rs,F|L,1240,20,validation
huc8_03070103,02203950,14,B_union_D_union_M_union_H,True,eligible,2471,18,5,2,Ta|P|W|RH|Rs,F|L,863,20,validation
huc8_03070103,02203950,30,B_union_D,True,eligible,2471,18,5,2,Ta|P|W|RH|Rs,F|L,689,20,validation
huc8_03070103,02203950,30,B_union_D_union_M_union_H,True,eligible,2471,18,5,2,Ta|P|W|RH|Rs,F|L,489,20,validation
huc8_03070103,02203950,60,B_union_D,True,eligible,2471,18,5,2,Ta|P|W|RH|Rs,F|L,203,20,validation
huc8_03070103,02203950,60,B_union_D_union_M_union_H,True,eligible,2471,18,5,2,Ta|P|W|RH|Rs,F|L,161,20,validation
huc8_03070103,02203950,90,B_union_D,True,eligible,2471,18,5,2,Ta|P|W|RH|Rs,F|L,73,20,validation
huc8_03070103,02203950,90,B_union_D_union_M_union_H,True,eligible,2471,18,5,2,Ta|P|W|RH|Rs,F|L,73,20,validation
huc8_03070103,02203950,180,B_union_D,False,no_eligible_evaluation_windows,2471,18,5,2,Ta|P|W|RH|Rs,F|L,0,0,validation
huc8_03070103,02203950,180,B_union_D_union_M_union_H,False,no_eligible_evaluation_windows,2471,18,5,2,Ta|P|W|RH|Rs,F|L,0,0,validation
huc8_03070103,02203950,365,B_union_D,False,no_eligible_evaluation_windows,2471,18,5,2,Ta|P|W|RH|Rs,F|L,0,0,validation
huc8_03070103,02203950,365,B_union_D_union_M_union_H,False,no_eligible_evaluation_windows,2471,18,5,2,Ta|P|W|RH|Rs,F|L,0,0,validation
huc8_03070103,02203960,7,B_union_D,True,eligible,2187,18,5,2,Ta|P|W|RH|Rs,F|L,1653,20,validation
huc8_03070103,02203960,7,B_union_D_union_M_union_H,True,eligible,2187,18,5,2,Ta|P|W|RH|Rs,F|L,1628,20,validation
huc8_03070103,02203960,14,B_union_D,True,eligible,2187,18,5,2,Ta|P|W|RH|Rs,F|L,1233,20,validation
huc8_03070103,02203960,14,B_union_D_union_M_union_H,True,eligible,2187,18,5,2,Ta|P|W|RH|Rs,F|L,1192,20,validation
huc8_03070103,02203960,30,B_union_D,True,eligible,2187,18,5,2,Ta|P|W|RH|Rs,F|L,687,20,validation
huc8_03070103,02203960,30,B_union_D_union_M_union_H,True,eligible,2187,18,5,2,Ta|P|W|RH|Rs,F|L,659,20,validation
huc8_03070103,02203960,60,B_union_D,True,eligible,2187,18,5,2,Ta|P|W|RH|Rs,F|L,204,20,validation
huc8_03070103,02203960,60,B_union_D_union_M_union_H,True,eligible,2187,18,5,2,Ta|P|W|RH|Rs,F|L,204,20,validation
huc8_03070103,02203960,90,B_union_D,True,eligible,2187,18,5,2,Ta|P|W|RH|Rs,F|L,75,20,validation
huc8_03070103,02203960,90,B_union_D_union_M_union_H,True,eligible,2187,18,5,2,Ta|P|W|RH|Rs,F|L,75,20,validation
huc8_03070103,02203960,180,B_union_D,False,no_eligible_evaluation_windows,2187,18,5,2,Ta|P|W|RH|Rs,F|L,0,0,validation
huc8_03070103,02203960,180,B_union_D_union_M_union_H,False,no_eligible_evaluation_windows,2187,18,5,2,Ta|P|W|RH|Rs,F|L,0,0,validation
huc8_03070103,02203960,365,B_union_D,False,no_eligible_evaluation_windows,2187,18,5,2,Ta|P|W|RH|Rs,F|L,0,0,validation
huc8_03070103,02203960,365,B_union_D_union_M_union_H,False,no_eligible_evaluation_windows,2187,18,5,2,Ta|P|W|RH|Rs,F|L,0,0,validation
huc8_03070103,02204037,7,B_union_D,True,eligible,2208,18,5,2,Ta|P|W|RH|Rs,F|L,1668,20,validation
huc8_03070103,02204037,7,B_union_D_union_M_union_H,True,eligible,2208,18,5,2,Ta|P|W|RH|Rs,F|L,1617,20,validation
huc8_03070103,02204037,14,B_union_D,True,eligible,2208,18,5,2,Ta|P|W|RH|Rs,F|L,1240,20,validation
huc8_03070103,02204037,14,B_union_D_union_M_union_H,True,eligible,2208,18,5,2,Ta|P|W|RH|Rs,F|L,1216,20,validation
huc8_03070103,02204037,30,B_union_D,True,eligible,2208,18,5,2,Ta|P|W|RH|Rs,F|L,688,20,validation
huc8_03070103,02204037,30,B_union_D_union_M_union_H,True,eligible,2208,18,5,2,Ta|P|W|RH|Rs,F|L,688,20,validation
huc8_03070103,02204037,60,B_union_D,True,eligible,2208,18,5,2,Ta|P|W|RH|Rs,F|L,205,20,validation
huc8_03070103,02204037,60,B_union_D_union_M_union_H,True,eligible,2208,18,5,2,Ta|P|W|RH|Rs,F|L,205,20,validation
huc8_03070103,02204037,90,B_union_D,True,eligible,2208,18,5,2,Ta|P|W|RH|Rs,F|L,75,20,validation
huc8_03070103,02204037,90,B_union_D_union_M_union_H,True,eligible,2208,18,5,2,Ta|P|W|RH|Rs,F|L,75,20,validation
huc8_03070103,02204037,180,B_union_D,False,no_eligible_evaluation_windows,2208,18,5,2,Ta|P|W|RH|Rs,F|L,0,0,validation
huc8_03070103,02204037,180,B_union_D_union_M_union_H,False,no_eligible_evaluation_windows,2208,18,5,2,Ta|P|W|RH|Rs,F|L,0,0,validation
huc8_03070103,02204037,365,B_union_D,False,no_eligible_evaluation_windows,2208,18,5,2,Ta|P|W|RH|Rs,F|L,0,0,validation
huc8_03070103,02204037,365,B_union_D_union_M_union_H,False,no_eligible_evaluation_windows,2208,18,5,2,Ta|P|W|RH|Rs,F|L,0,0,validation
huc8_03070103,02205865,7,B_union_D,True,eligible,3221,18,5,2,Ta|P|W|RH|Rs,F|L,1668,20,validation
huc8_03070103,02205865,7,B_union_D_union_M_union_H,True,eligible,3221,18,5,2,Ta|P|W|RH|Rs,F|L,1661,20,validation
huc8_03070103,02205865,14,B_union_D,True,eligible,3221,18,5,2,Ta|P|W|RH|Rs,F|L,1243,20,validation
huc8_03070103,02205865,14,B_union_D_union_M_union_H,True,eligible,3221,18,5,2,Ta|P|W|RH|Rs,F|L,1229,20,validation
huc8_03070103,02205865,30,B_union_D,True,eligible,3221,18,5,2,Ta|P|W|RH|Rs,F|L,692,20,validation
huc8_03070103,02205865,30,B_union_D_union_M_union_H,True,eligible,3221,18,5,2,Ta|P|W|RH|Rs,F|L,676,20,validation
huc8_03070103,02205865,60,B_union_D,True,eligible,3221,18,5,2,Ta|P|W|RH|Rs,F|L,205,20,validation
huc8_03070103,02205865,60,B_union_D_union_M_union_H,True,eligible,3221,18,5,2,Ta|P|W|RH|Rs,F|L,205,20,validation
huc8_03070103,02205865,90,B_union_D,True,eligible,3221,18,5,2,Ta|P|W|RH|Rs,F|L,75,20,validation
huc8_03070103,02205865,90,B_union_D_union_M_union_H,True,eligible,3221,18,5,2,Ta|P|W|RH|Rs,F|L,75,20,validation
huc8_03070103,02205865,180,B_union_D,False,no_eligible_evaluation_windows,3221,18,5,2,Ta|P|W|RH|Rs,F|L,0,0,validation
huc8_03070103,02205865,180,B_union_D_union_M_union_H,False,no_eligible_evaluation_windows,3221,18,5,2,Ta|P|W|RH|Rs,F|L,0,0,validation
huc8_03070103,02205865,365,B_union_D,False,no_eligible_evaluation_windows,3221,18,5,2,Ta|P|W|RH|Rs,F|L,0,0,validation
huc8_03070103,02205865,365,B_union_D_union_M_union_H,False,no_eligible_evaluation_windows,3221,18,5,2,Ta|P|W|RH|Rs,F|L,0,0,validation
huc8_03070103,02207120,7,B_union_D,True,eligible,6229,18,5,2,Ta|P|W|RH|Rs,F|L,1670,20,validation
huc8_03070103,02207120,7,B_union_D_union_M_union_H,True,eligible,6229,18,5,2,Ta|P|W|RH|Rs,F|L,1655,20,validation
huc8_03070103,02207120,14,B_union_D,True,eligible,6229,18,5,2,Ta|P|W|RH|Rs,F|L,1243,20,validation
huc8_03070103,02207120,14,B_union_D_union_M_union_H,True,eligible,6229,18,5,2,Ta|P|W|RH|Rs,F|L,1235,20,validation
huc8_03070103,02207120,30,B_union_D,True,eligible,6229,18,5,2,Ta|P|W|RH|Rs,F|L,691,20,validation
huc8_03070103,02207120,30,B_union_D_union_M_union_H,True,eligible,6229,18,5,2,Ta|P|W|RH|Rs,F|L,691,20,validation
huc8_03070103,02207120,60,B_union_D,True,eligible,6229,18,5,2,Ta|P|W|RH|Rs,F|L,204,20,validation
huc8_03070103,02207120,60,B_union_D_union_M_union_H,True,eligible,6229,18,5,2,Ta|P|W|RH|Rs,F|L,204,20,validation
huc8_03070103,02207120,90,B_union_D,True,eligible,6229,18,5,2,Ta|P|W|RH|Rs,F|L,75,20,validation
huc8_03070103,02207120,90,B_union_D_union_M_union_H,True,eligible,6229,18,5,2,Ta|P|W|RH|Rs,F|L,75,20,validation
huc8_03070103,02207120,180,B_union_D,False,no_eligible_evaluation_windows,6229,18,5,2,Ta|P|W|RH|Rs,F|L,0,0,validation
huc8_03070103,02207120,180,B_union_D_union_M_union_H,False,no_eligible_evaluation_windows,6229,18,5,2,Ta|P|W|RH|Rs,F|L,0,0,validation
huc8_03070103,02207120,365,B_union_D,False,no_eligible_evaluation_windows,6229,18,5,2,Ta|P|W|RH|Rs,F|L,0,0,validation
huc8_03070103,02207120,365,B_union_D_union_M_union_H,False,no_eligible_evaluation_windows,6229,18,5,2,Ta|P|W|RH|Rs,F|L,0,0,validation
huc8_03070103,02207135,7,B_union_D,True,eligible,1874,18,5,2,Ta|P|W|RH|Rs,F|L,1667,20,validation
huc8_03070103,02207135,7,B_union_D_union_M_union_H,True,eligible,1874,18,5,2,Ta|P|W|RH|Rs,F|L,1587,20,validation
huc8_03070103,02207135,14,B_union_D,True,eligible,1874,18,5,2,Ta|P|W|RH|Rs,F|L,1243,20,validation
huc8_03070103,02207135,14,B_union_D_union_M_union_H,True,eligible,1874,18,5,2,Ta|P|W|RH|Rs,F|L,1181,20,validation
huc8_03070103,02207135,30,B_union_D,True,eligible,1874,18,5,2,Ta|P|W|RH|Rs,F|L,690,20,validation
huc8_03070103,02207135,30,B_union_D_union_M_union_H,True,eligible,1874,18,5,2,Ta|P|W|RH|Rs,F|L,660,20,validation
huc8_03070103,02207135,60,B_union_D,True,eligible,1874,18,5,2,Ta|P|W|RH|Rs,F|L,203,20,validation
huc8_03070103,02207135,60,B_union_D_union_M_union_H,True,eligible,1874,18,5,2,Ta|P|W|RH|Rs,F|L,203,20,validation
huc8_03070103,02207135,90,B_union_D,True,eligible,1874,18,5,2,Ta|P|W|RH|Rs,F|L,75,20,validation
huc8_03070103,02207135,90,B_union_D_union_M_union_H,True,eligible,1874,18,5,2,Ta|P|W|RH|Rs,F|L,75,20,validation
huc8_03070103,02207135,180,B_union_D,False,no_eligible_evaluation_windows,1874,18,5,2,Ta|P|W|RH|Rs,F|L,0,0,validation
huc8_03070103,02207135,180,B_union_D_union_M_union_H,False,no_eligible_evaluation_windows,1874,18,5,2,Ta|P|W|RH|Rs,F|L,0,0,validation
huc8_03070103,02207135,365,B_union_D,False,no_eligible_evaluation_windows,1874,18,5,2,Ta|P|W|RH|Rs,F|L,0,0,validation
huc8_03070103,02207135,365,B_union_D_union_M_union_H,False,no_eligible_evaluation_windows,1874,18,5,2,Ta|P|W|RH|Rs,F|L,0,0,validation
huc8_03070103,02207160,7,B_union_D,True,eligible,1168,18,5,2,Ta|P|W|RH|Rs,F|L,1670,20,validation
huc8_03070103,02207160,7,B_union_D_union_M_union_H,True,eligible,1168,18,5,2,Ta|P|W|RH|Rs,F|L,1663,20,validation
huc8_03070103,02207160,14,B_union_D,True,eligible,1168,18,5,2,Ta|P|W|RH|Rs,F|L,1244,20,validation
huc8_03070103,02207160,14,B_union_D_union_M_union_H,True,eligible,1168,18,5,2,Ta|P|W|RH|Rs,F|L,1232,20,validation
huc8_03070103,02207160,30,B_union_D,True,eligible,1168,18,5,2,Ta|P|W|RH|Rs,F|L,691,20,validation
huc8_03070103,02207160,30,B_union_D_union_M_union_H,True,eligible,1168,18,5,2,Ta|P|W|RH|Rs,F|L,691,20,validation
huc8_03070103,02207160,60,B_union_D,True,eligible,1168,18,5,2,Ta|P|W|RH|Rs,F|L,205,20,validation
huc8_03070103,02207160,60,B_union_D_union_M_union_H,True,eligible,1168,18,5,2,Ta|P|W|RH|Rs,F|L,205,20,validation
huc8_03070103,02207160,90,B_union_D,True,eligible,1168,18,5,2,Ta|P|W|RH|Rs,F|L,75,20,validation
huc8_03070103,02207160,90,B_union_D_union_M_union_H,True,eligible,1168,18,5,2,Ta|P|W|RH|Rs,F|L,75,20,validation
huc8_03070103,02207160,180,B_union_D,False,no_eligible_evaluation_windows,1168,18,5,2,Ta|P|W|RH|Rs,F|L,0,0,validation
huc8_03070103,02207160,180,B_union_D_union_M_union_H,False,no_eligible_evaluation_windows,1168,18,5,2,Ta|P|W|RH|Rs,F|L,0,0,validation
huc8_03070103,02207160,365,B_union_D,False,no_eligible_evaluation_windows,1168,18,5,2,Ta|P|W|RH|Rs,F|L,0,0,validation
huc8_03070103,02207160,365,B_union_D_union_M_union_H,False,no_eligible_evaluation_windows,1168,18,5,2,Ta|P|W|RH|Rs,F|L,0,0,validation
huc8_03070103,02207185,7,B_union_D,True,eligible,6382,18,5,2,Ta|P|W|RH|Rs,F|L,1670,20,validation
huc8_03070103,02207185,7,B_union_D_union_M_union_H,True,eligible,6382,18,5,2,Ta|P|W|RH|Rs,F|L,1656,20,validation
huc8_03070103,02207185,14,B_union_D,True,eligible,6382,18,5,2,Ta|P|W|RH|Rs,F|L,1242,20,validation
huc8_03070103,02207185,14,B_union_D_union_M_union_H,True,eligible,6382,18,5,2,Ta|P|W|RH|Rs,F|L,1228,20,validation
huc8_03070103,02207185,30,B_union_D,True,eligible,6382,18,5,2,Ta|P|W|RH|Rs,F|L,690,20,validation
huc8_03070103,02207185,30,B_union_D_union_M_union_H,True,eligible,6382,18,5,2,Ta|P|W|RH|Rs,F|L,681,20,validation
huc8_03070103,02207185,60,B_union_D,True,eligible,6382,18,5,2,Ta|P|W|RH|Rs,F|L,204,20,validation
huc8_03070103,02207185,60,B_union_D_union_M_union_H,True,eligible,6382,18,5,2,Ta|P|W|RH|Rs,F|L,204,20,validation
huc8_03070103,02207185,90,B_union_D,True,eligible,6382,18,5,2,Ta|P|W|RH|Rs,F|L,75,20,validation
huc8_03070103,02207185,90,B_union_D_union_M_union_H,True,eligible,6382,18,5,2,Ta|P|W|RH|Rs,F|L,75,20,validation
huc8_03070103,02207185,180,B_union_D,False,no_eligible_evaluation_windows,6382,18,5,2,Ta|P|W|RH|Rs,F|L,0,0,validation
huc8_03070103,02207185,180,B_union_D_union_M_union_H,False,no_eligible_evaluation_windows,6382,18,5,2,Ta|P|W|RH|Rs,F|L,0,0,validation
huc8_03070103,02207185,365,B_union_D,False,no_eligible_evaluation_windows,6382,18,5,2,Ta|P|W|RH|Rs,F|L,0,0,validation
huc8_03070103,02207185,365,B_union_D_union_M_union_H,False,no_eligible_evaluation_windows,6382,18,5,2,Ta|P|W|RH|Rs,F|L,0,0,validation
huc8_03070103,02207385,7,B_union_D,True,eligible,6256,18,5,2,Ta|P|W|RH|Rs,F|L,1657,20,validation
huc8_03070103,02207385,7,B_union_D_union_M_union_H,True,eligible,6256,18,5,2,Ta|P|W|RH|Rs,F|L,1627,20,validation
huc8_03070103,02207385,14,B_union_D,True,eligible,6256,18,5,2,Ta|P|W|RH|Rs,F|L,1233,20,validation
huc8_03070103,02207385,14,B_union_D_union_M_union_H,True,eligible,6256,18,5,2,Ta|P|W|RH|Rs,F|L,1197,20,validation
huc8_03070103,02207385,30,B_union_D,True,eligible,6256,18,5,2,Ta|P|W|RH|Rs,F|L,690,20,validation
huc8_03070103,02207385,30,B_union_D_union_M_union_H,True,eligible,6256,18,5,2,Ta|P|W|RH|Rs,F|L,665,20,validation
huc8_03070103,02207385,60,B_union_D,True,eligible,6256,18,5,2,Ta|P|W|RH|Rs,F|L,204,20,validation
huc8_03070103,02207385,60,B_union_D_union_M_union_H,True,eligible,6256,18,5,2,Ta|P|W|RH|Rs,F|L,181,20,validation
huc8_03070103,02207385,90,B_union_D,True,eligible,6256,18,5,2,Ta|P|W|RH|Rs,F|L,75,20,validation
huc8_03070103,02207385,90,B_union_D_union_M_union_H,True,eligible,6256,18,5,2,Ta|P|W|RH|Rs,F|L,75,20,validation
huc8_03070103,02207385,180,B_union_D,False,no_eligible_evaluation_windows,6256,18,5,2,Ta|P|W|RH|Rs,F|L,0,0,validation
huc8_03070103,02207385,180,B_union_D_union_M_union_H,False,no_eligible_evaluation_windows,6256,18,5,2,Ta|P|W|RH|Rs,F|L,0,0,validation
huc8_03070103,02207385,365,B_union_D,False,no_eligible_evaluation_windows,6256,18,5,2,Ta|P|W|RH|Rs,F|L,0,0,validation
huc8_03070103,02207385,365,B_union_D_union_M_union_H,False,no_eligible_evaluation_windows,6256,18,5,2,Ta|P|W|RH|Rs,F|L,0,0,validation
huc8_03070103,02207400,7,B_union_D,True,eligible,6448,18,5,2,Ta|P|W|RH|Rs,F|L,1665,20,validation
huc8_03070103,02207400,7,B_union_D_union_M_union_H,True,eligible,6448,18,5,2,Ta|P|W|RH|Rs,F|L,1349,20,validation
huc8_03070103,02207400,14,B_union_D,True,eligible,6448,18,5,2,Ta|P|W|RH|Rs,F|L,1240,20,validation
huc8_03070103,02207400,14,B_union_D_union_M_union_H,True,eligible,6448,18,5,2,Ta|P|W|RH|Rs,F|L,971,20,validation
huc8_03070103,02207400,30,B_union_D,True,eligible,6448,18,5,2,Ta|P|W|RH|Rs,F|L,689,20,validation
huc8_03070103,02207400,30,B_union_D_union_M_union_H,True,eligible,6448,18,5,2,Ta|P|W|RH|Rs,F|L,513,20,validation
huc8_03070103,02207400,60,B_union_D,True,eligible,6448,18,5,2,Ta|P|W|RH|Rs,F|L,203,20,validation
huc8_03070103,02207400,60,B_union_D_union_M_union_H,True,eligible,6448,18,5,2,Ta|P|W|RH|Rs,F|L,148,20,validation
huc8_03070103,02207400,90,B_union_D,True,eligible,6448,18,5,2,Ta|P|W|RH|Rs,F|L,73,20,validation
huc8_03070103,02207400,90,B_union_D_union_M_union_H,True,eligible,6448,18,5,2,Ta|P|W|RH|Rs,F|L,73,20,validation
huc8_03070103,02207400,180,B_union_D,False,no_eligible_evaluation_windows,6448,18,5,2,Ta|P|W|RH|Rs,F|L,0,0,validation
huc8_03070103,02207400,180,B_union_D_union_M_union_H,False,no_eligible_evaluation_windows,6448,18,5,2,Ta|P|W|RH|Rs,F|L,0,0,validation
huc8_03070103,02207400,365,B_union_D,False,no_eligible_evaluation_windows,6448,18,5,2,Ta|P|W|RH|Rs,F|L,0,0,validation
huc8_03070103,02207400,365,B_union_D_union_M_union_H,False,no_eligible_evaluation_windows,6448,18,5,2,Ta|P|W|RH|Rs,F|L,0,0,validation
huc8_03070103,02208150,7,B_union_D,True,eligible,6236,18,5,2,Ta|P|W|RH|Rs,F|L,1654,20,validation
huc8_03070103,02208150,7,B_union_D_union_M_union_H,True,eligible,6236,18,5,2,Ta|P|W|RH|Rs,F|L,1596,20,validation
huc8_03070103,02208150,14,B_union_D,True,eligible,6236,18,5,2,Ta|P|W|RH|Rs,F|L,1228,20,validation
huc8_03070103,02208150,14,B_union_D_union_M_union_H,True,eligible,6236,18,5,2,Ta|P|W|RH|Rs,F|L,1162,20,validation
huc8_03070103,02208150,30,B_union_D,True,eligible,6236,18,5,2,Ta|P|W|RH|Rs,F|L,683,20,validation
huc8_03070103,02208150,30,B_union_D_union_M_union_H,True,eligible,6236,18,5,2,Ta|P|W|RH|Rs,F|L,630,20,validation
huc8_03070103,02208150,60,B_union_D,True,eligible,6236,18,5,2,Ta|P|W|RH|Rs,F|L,205,20,validation
huc8_03070103,02208150,60,B_union_D_union_M_union_H,True,eligible,6236,18,5,2,Ta|P|W|RH|Rs,F|L,202,20,validation
huc8_03070103,02208150,90,B_union_D,True,eligible,6236,18,5,2,Ta|P|W|RH|Rs,F|L,75,20,validation
huc8_03070103,02208150,90,B_union_D_union_M_union_H,True,eligible,6236,18,5,2,Ta|P|W|RH|Rs,F|L,75,20,validation
huc8_03070103,02208150,180,B_union_D,False,no_eligible_evaluation_windows,6236,18,5,2,Ta|P|W|RH|Rs,F|L,0,0,validation
huc8_03070103,02208150,180,B_union_D_union_M_union_H,False,no_eligible_evaluation_windows,6236,18,5,2,Ta|P|W|RH|Rs,F|L,0,0,validation
huc8_03070103,02208150,365,B_union_D,False,no_eligible_evaluation_windows,6236,18,5,2,Ta|P|W|RH|Rs,F|L,0,0,validation
huc8_03070103,02208150,365,B_union_D_union_M_union_H,False,no_eligible_evaluation_windows,6236,18,5,2,Ta|P|W|RH|Rs,F|L,0,0,validation
huc8_03070103,02208450,7,B_union_D,True,eligible,1501,18,5,2,Ta|P|W|RH|Rs,F|L,1665,20,validation
huc8_03070103,02208450,7,B_union_D_union_M_union_H,True,eligible,1501,18,5,2,Ta|P|W|RH|Rs,F|L,1595,20,validation
huc8_03070103,02208450,14,B_union_D,True,eligible,1501,18,5,2,Ta|P|W|RH|Rs,F|L,1240,20,validation
huc8_03070103,02208450,14,B_union_D_union_M_union_H,True,eligible,1501,18,5,2,Ta|P|W|RH|Rs,F|L,1177,20,validation
huc8_03070103,02208450,30,B_union_D,True,eligible,1501,18,5,2,Ta|P|W|RH|Rs,F|L,688,20,validation
huc8_03070103,02208450,30,B_union_D_union_M_union_H,True,eligible,1501,18,5,2,Ta|P|W|RH|Rs,F|L,658,20,validation
huc8_03070103,02208450,60,B_union_D,True,eligible,1501,18,5,2,Ta|P|W|RH|Rs,F|L,203,20,validation
huc8_03070103,02208450,60,B_union_D_union_M_union_H,True,eligible,1501,18,5,2,Ta|P|W|RH|Rs,F|L,203,20,validation
huc8_03070103,02208450,90,B_union_D,True,eligible,1501,18,5,2,Ta|P|W|RH|Rs,F|L,75,20,validation
huc8_03070103,02208450,90,B_union_D_union_M_union_H,True,eligible,1501,18,5,2,Ta|P|W|RH|Rs,F|L,75,20,validation
huc8_03070103,02208450,180,B_union_D,False,no_eligible_evaluation_windows,1501,18,5,2,Ta|P|W|RH|Rs,F|L,0,0,validation
huc8_03070103,02208450,180,B_union_D_union_M_union_H,False,no_eligible_evaluation_windows,1501,18,5,2,Ta|P|W|RH|Rs,F|L,0,0,validation
huc8_03070103,02208450,365,B_union_D,False,no_eligible_evaluation_windows,1501,18,5,2,Ta|P|W|RH|Rs,F|L,0,0,validation
huc8_03070103,02208450,365,B_union_D_union_M_union_H,False,no_eligible_evaluation_windows,1501,18,5,2,Ta|P|W|RH|Rs,F|L,0,0,validation
huc8_03070103,02208493,7,B_union_D,True,eligible,1529,18,5,2,Ta|P|W|RH|Rs,F|L,1673,20,validation
huc8_03070103,02208493,7,B_union_D_union_M_union_H,True,eligible,1529,18,5,2,Ta|P|W|RH|Rs,F|L,1597,20,validation
huc8_03070103,02208493,14,B_union_D,True,eligible,1529,18,5,2,Ta|P|W|RH|Rs,F|L,1245,20,validation
huc8_03070103,02208493,14,B_union_D_union_M_union_H,True,eligible,1529,18,5,2,Ta|P|W|RH|Rs,F|L,1183,20,validation
huc8_03070103,02208493,30,B_union_D,True,eligible,1529,18,5,2,Ta|P|W|RH|Rs,F|L,692,20,validation
huc8_03070103,02208493,30,B_union_D_union_M_union_H,True,eligible,1529,18,5,2,Ta|P|W|RH|Rs,F|L,662,20,validation
huc8_03070103,02208493,60,B_union_D,True,eligible,1529,18,5,2,Ta|P|W|RH|Rs,F|L,205,20,validation
huc8_03070103,02208493,60,B_union_D_union_M_union_H,True,eligible,1529,18,5,2,Ta|P|W|RH|Rs,F|L,205,20,validation
huc8_03070103,02208493,90,B_union_D,True,eligible,1529,18,5,2,Ta|P|W|RH|Rs,F|L,75,20,validation
huc8_03070103,02208493,90,B_union_D_union_M_union_H,True,eligible,1529,18,5,2,Ta|P|W|RH|Rs,F|L,75,20,validation
huc8_03070103,02208493,180,B_union_D,False,no_eligible_evaluation_windows,1529,18,5,2,Ta|P|W|RH|Rs,F|L,0,0,validation
huc8_03070103,02208493,180,B_union_D_union_M_union_H,False,no_eligible_evaluation_windows,1529,18,5,2,Ta|P|W|RH|Rs,F|L,0,0,validation
huc8_03070103,02208493,365,B_union_D,False,no_eligible_evaluation_windows,1529,18,5,2,Ta|P|W|RH|Rs,F|L,0,0,validation
huc8_03070103,02208493,365,B_union_D_union_M_union_H,False,no_eligible_evaluation_windows,1529,18,5,2,Ta|P|W|RH|Rs,F|L,0,0,validation
huc8_03080103,02244040,7,B_union_D,True,eligible,4519,6,5,2,Ta|P|W|RH|Rs,F|L,1702,20,validation
huc8_03080103,02244040,7,B_union_D_union_M_union_H,True,eligible,4519,6,5,2,Ta|P|W|RH|Rs,F|L,1689,20,validation
huc8_03080103,02244040,14,B_union_D,True,eligible,4519,6,5,2,Ta|P|W|RH|Rs,F|L,1162,20,validation
huc8_03080103,02244040,14,B_union_D_union_M_union_H,True,eligible,4519,6,5,2,Ta|P|W|RH|Rs,F|L,1142,20,validation
huc8_03080103,02244040,30,B_union_D,True,eligible,4519,6,5,2,Ta|P|W|RH|Rs,F|L,480,20,validation
huc8_03080103,02244040,30,B_union_D_union_M_union_H,True,eligible,4519,6,5,2,Ta|P|W|RH|Rs,F|L,463,20,validation
huc8_03080103,02244040,60,B_union_D,True,eligible,4519,6,5,2,Ta|P|W|RH|Rs,F|L,45,20,validation
huc8_03080103,02244040,60,B_union_D_union_M_union_H,True,eligible,4519,6,5,2,Ta|P|W|RH|Rs,F|L,45,20,validation
huc8_03080103,02244040,90,B_union_D,False,no_eligible_evaluation_windows,4519,6,5,2,Ta|P|W|RH|Rs,F|L,0,0,validation
huc8_03080103,02244040,90,B_union_D_union_M_union_H,False,no_eligible_evaluation_windows,4519,6,5,2,Ta|P|W|RH|Rs,F|L,0,0,validation
huc8_03080103,02244040,180,B_union_D,False,no_eligible_evaluation_windows,4519,6,5,2,Ta|P|W|RH|Rs,F|L,0,0,validation
huc8_03080103,02244040,180,B_union_D_union_M_union_H,False,no_eligible_evaluation_windows,4519,6,5,2,Ta|P|W|RH|Rs,F|L,0,0,validation
huc8_03080103,02244040,365,B_union_D,False,no_eligible_evaluation_windows,4519,6,5,2,Ta|P|W|RH|Rs,F|L,0,0,validation
huc8_03080103,02244040,365,B_union_D_union_M_union_H,False,no_eligible_evaluation_windows,4519,6,5,2,Ta|P|W|RH|Rs,F|L,0,0,validation
huc8_03080103,02245340,7,B_union_D,False,insufficient_training_target_days,0,0,0,0,,,0,0,validation
huc8_03080103,02245340,7,B_union_D_union_M_union_H,False,insufficient_training_target_days,0,0,0,0,,,0,0,validation
huc8_03080103,02245340,14,B_union_D,False,insufficient_training_target_days,0,0,0,0,,,0,0,validation
huc8_03080103,02245340,14,B_union_D_union_M_union_H,False,insufficient_training_target_days,0,0,0,0,,,0,0,validation
huc8_03080103,02245340,30,B_union_D,False,insufficient_training_target_days,0,0,0,0,,,0,0,validation
huc8_03080103,02245340,30,B_union_D_union_M_union_H,False,insufficient_training_target_days,0,0,0,0,,,0,0,validation
huc8_03080103,02245340,60,B_union_D,False,insufficient_training_target_days,0,0,0,0,,,0,0,validation
huc8_03080103,02245340,60,B_union_D_union_M_union_H,False,insufficient_training_target_days,0,0,0,0,,,0,0,validation
huc8_03080103,02245340,90,B_union_D,False,insufficient_training_target_days,0,0,0,0,,,0,0,validation
huc8_03080103,02245340,90,B_union_D_union_M_union_H,False,insufficient_training_target_days,0,0,0,0,,,0,0,validation
huc8_03080103,02245340,180,B_union_D,False,insufficient_training_target_days,0,0,0,0,,,0,0,validation
huc8_03080103,02245340,180,B_union_D_union_M_union_H,False,insufficient_training_target_days,0,0,0,0,,,0,0,validation
huc8_03080103,02245340,365,B_union_D,False,insufficient_training_target_days,0,0,0,0,,,0,0,validation
huc8_03080103,02245340,365,B_union_D_union_M_union_H,False,insufficient_training_target_days,0,0,0,0,,,0,0,validation
huc8_03080103,022462002,7,B_union_D,True,eligible,443,6,5,2,Ta|P|W|RH|Rs,F|L,2044,20,validation
huc8_03080103,022462002,7,B_union_D_union_M_union_H,True,eligible,443,6,5,2,Ta|P|W|RH|Rs,F|L,2028,20,validation
huc8_03080103,022462002,14,B_union_D,True,eligible,443,6,5,2,Ta|P|W|RH|Rs,F|L,1512,20,validation
huc8_03080103,022462002,14,B_union_D_union_M_union_H,True,eligible,443,6,5,2,Ta|P|W|RH|Rs,F|L,1489,20,validation
huc8_03080103,022462002,30,B_union_D,True,eligible,443,6,5,2,Ta|P|W|RH|Rs,F|L,773,20,validation
huc8_03080103,022462002,30,B_union_D_union_M_union_H,True,eligible,443,6,5,2,Ta|P|W|RH|Rs,F|L,758,20,validation
huc8_03080103,022462002,60,B_union_D,True,eligible,443,6,5,2,Ta|P|W|RH|Rs,F|L,168,20,validation
huc8_03080103,022462002,60,B_union_D_union_M_union_H,True,eligible,443,6,5,2,Ta|P|W|RH|Rs,F|L,168,20,validation
huc8_03080103,022462002,90,B_union_D,True,eligible,443,6,5,2,Ta|P|W|RH|Rs,F|L,103,20,validation
huc8_03080103,022462002,90,B_union_D_union_M_union_H,True,eligible,443,6,5,2,Ta|P|W|RH|Rs,F|L,103,20,validation
huc8_03080103,022462002,180,B_union_D,True,eligible,443,6,5,2,Ta|P|W|RH|Rs,F|L,13,13,validation
huc8_03080103,022462002,180,B_union_D_union_M_union_H,True,eligible,443,6,5,2,Ta|P|W|RH|Rs,F|L,13,13,validation
huc8_03080103,022462002,365,B_union_D,False,no_eligible_evaluation_windows,443,6,5,2,Ta|P|W|RH|Rs,F|L,0,0,validation
huc8_03080103,022462002,365,B_union_D_union_M_union_H,False,no_eligible_evaluation_windows,443,6,5,2,Ta|P|W|RH|Rs,F|L,0,0,validation
huc8_03080103,02246459,7,B_union_D,True,eligible,417,6,5,1,Ta|P|W|RH|Rs,L,1613,20,validation
huc8_03080103,02246459,7,B_union_D_union_M_union_H,True,eligible,417,6,5,1,Ta|P|W|RH|Rs,L,1613,20,validation
huc8_03080103,02246459,14,B_union_D,True,eligible,417,6,5,1,Ta|P|W|RH|Rs,L,1062,20,validation
huc8_03080103,02246459,14,B_union_D_union_M_union_H,True,eligible,417,6,5,1,Ta|P|W|RH|Rs,L,1062,20,validation
huc8_03080103,02246459,30,B_union_D,True,eligible,417,6,5,1,Ta|P|W|RH|Rs,L,411,20,validation
huc8_03080103,02246459,30,B_union_D_union_M_union_H,True,eligible,417,6,5,1,Ta|P|W|RH|Rs,L,411,20,validation
huc8_03080103,02246459,60,B_union_D,True,eligible,417,6,5,1,Ta|P|W|RH|Rs,L,15,15,validation
huc8_03080103,02246459,60,B_union_D_union_M_union_H,True,eligible,417,6,5,1,Ta|P|W|RH|Rs,L,15,15,validation
huc8_03080103,02246459,90,B_union_D,False,no_eligible_evaluation_windows,417,6,5,1,Ta|P|W|RH|Rs,L,0,0,validation
huc8_03080103,02246459,90,B_union_D_union_M_union_H,False,no_eligible_evaluation_windows,417,6,5,1,Ta|P|W|RH|Rs,L,0,0,validation
huc8_03080103,02246459,180,B_union_D,False,no_eligible_evaluation_windows,417,6,5,1,Ta|P|W|RH|Rs,L,0,0,validation
huc8_03080103,02246459,180,B_union_D_union_M_union_H,False,no_eligible_evaluation_windows,417,6,5,1,Ta|P|W|RH|Rs,L,0,0,validation
huc8_03080103,02246459,365,B_union_D,False,no_eligible_evaluation_windows,417,6,5,1,Ta|P|W|RH|Rs,L,0,0,validation
huc8_03080103,02246459,365,B_union_D_union_M_union_H,False,no_eligible_evaluation_windows,417,6,5,1,Ta|P|W|RH|Rs,L,0,0,validation
huc8_03080103,02246500,7,B_union_D,True,eligible,418,6,5,0,Ta|P|W|RH|Rs,,1652,20,validation
huc8_03080103,02246500,7,B_union_D_union_M_union_H,False,no_hydraulics_with_minimum_training_days,418,6,5,0,Ta|P|W|RH|Rs,,0,0,validation
huc8_03080103,02246500,14,B_union_D,True,eligible,418,6,5,0,Ta|P|W|RH|Rs,,1125,20,validation
huc8_03080103,02246500,14,B_union_D_union_M_union_H,False,no_hydraulics_with_minimum_training_days,418,6,5,0,Ta|P|W|RH|Rs,,0,0,validation
huc8_03080103,02246500,30,B_union_D,True,eligible,418,6,5,0,Ta|P|W|RH|Rs,,462,20,validation
huc8_03080103,02246500,30,B_union_D_union_M_union_H,False,no_hydraulics_with_minimum_training_days,418,6,5,0,Ta|P|W|RH|Rs,,0,0,validation
huc8_03080103,02246500,60,B_union_D,True,eligible,418,6,5,0,Ta|P|W|RH|Rs,,41,20,validation
huc8_03080103,02246500,60,B_union_D_union_M_union_H,False,no_hydraulics_with_minimum_training_days,418,6,5,0,Ta|P|W|RH|Rs,,0,0,validation
huc8_03080103,02246500,90,B_union_D,False,no_eligible_evaluation_windows,418,6,5,0,Ta|P|W|RH|Rs,,0,0,validation
huc8_03080103,02246500,90,B_union_D_union_M_union_H,False,no_hydraulics_with_minimum_training_days,418,6,5,0,Ta|P|W|RH|Rs,,0,0,validation
huc8_03080103,02246500,180,B_union_D,False,no_eligible_evaluation_windows,418,6,5,0,Ta|P|W|RH|Rs,,0,0,validation
huc8_03080103,02246500,180,B_union_D_union_M_union_H,False,no_hydraulics_with_minimum_training_days,418,6,5,0,Ta|P|W|RH|Rs,,0,0,validation
huc8_03080103,02246500,365,B_union_D,False,no_eligible_evaluation_windows,418,6,5,0,Ta|P|W|RH|Rs,,0,0,validation
huc8_03080103,02246500,365,B_union_D_union_M_union_H,False,no_hydraulics_with_minimum_training_days,418,6,5,0,Ta|P|W|RH|Rs,,0,0,validation
huc8_03080103,02246518,7,B_union_D,True,eligible,413,6,5,2,Ta|P|W|RH|Rs,F|L,2004,20,validation
huc8_03080103,02246518,7,B_union_D_union_M_union_H,True,eligible,413,6,5,2,Ta|P|W|RH|Rs,F|L,1986,20,validation
huc8_03080103,02246518,14,B_union_D,True,eligible,413,6,5,2,Ta|P|W|RH|Rs,F|L,1481,20,validation
huc8_03080103,02246518,14,B_union_D_union_M_union_H,True,eligible,413,6,5,2,Ta|P|W|RH|Rs,F|L,1456,20,validation
huc8_03080103,02246518,30,B_union_D,True,eligible,413,6,5,2,Ta|P|W|RH|Rs,F|L,757,20,validation
huc8_03080103,02246518,30,B_union_D_union_M_union_H,True,eligible,413,6,5,2,Ta|P|W|RH|Rs,F|L,736,20,validation
huc8_03080103,02246518,60,B_union_D,True,eligible,413,6,5,2,Ta|P|W|RH|Rs,F|L,163,20,validation
huc8_03080103,02246518,60,B_union_D_union_M_union_H,True,eligible,413,6,5,2,Ta|P|W|RH|Rs,F|L,163,20,validation
huc8_03080103,02246518,90,B_union_D,True,eligible,413,6,5,2,Ta|P|W|RH|Rs,F|L,102,20,validation
huc8_03080103,02246518,90,B_union_D_union_M_union_H,True,eligible,413,6,5,2,Ta|P|W|RH|Rs,F|L,102,20,validation
huc8_03080103,02246518,180,B_union_D,True,eligible,413,6,5,2,Ta|P|W|RH|Rs,F|L,12,12,validation
huc8_03080103,02246518,180,B_union_D_union_M_union_H,True,eligible,413,6,5,2,Ta|P|W|RH|Rs,F|L,12,12,validation
huc8_03080103,02246518,365,B_union_D,False,no_eligible_evaluation_windows,413,6,5,2,Ta|P|W|RH|Rs,F|L,0,0,validation
huc8_03080103,02246518,365,B_union_D_union_M_union_H,False,no_eligible_evaluation_windows,413,6,5,2,Ta|P|W|RH|Rs,F|L,0,0,validation
huc8_03080103,02246751,7,B_union_D,True,eligible,457,6,5,2,Ta|P|W|RH|Rs,F|L,2036,20,validation
huc8_03080103,02246751,7,B_union_D_union_M_union_H,True,eligible,457,6,5,2,Ta|P|W|RH|Rs,F|L,1964,20,validation
huc8_03080103,02246751,14,B_union_D,True,eligible,457,6,5,2,Ta|P|W|RH|Rs,F|L,1506,20,validation
huc8_03080103,02246751,14,B_union_D_union_M_union_H,True,eligible,457,6,5,2,Ta|P|W|RH|Rs,F|L,1451,20,validation
huc8_03080103,02246751,30,B_union_D,True,eligible,457,6,5,2,Ta|P|W|RH|Rs,F|L,769,20,validation
huc8_03080103,02246751,30,B_union_D_union_M_union_H,True,eligible,457,6,5,2,Ta|P|W|RH|Rs,F|L,740,20,validation
huc8_03080103,02246751,60,B_union_D,True,eligible,457,6,5,2,Ta|P|W|RH|Rs,F|L,168,20,validation
huc8_03080103,02246751,60,B_union_D_union_M_union_H,True,eligible,457,6,5,2,Ta|P|W|RH|Rs,F|L,166,20,validation
huc8_03080103,02246751,90,B_union_D,True,eligible,457,6,5,2,Ta|P|W|RH|Rs,F|L,103,20,validation
huc8_03080103,02246751,90,B_union_D_union_M_union_H,True,eligible,457,6,5,2,Ta|P|W|RH|Rs,F|L,103,20,validation
huc8_03080103,02246751,180,B_union_D,True,eligible,457,6,5,2,Ta|P|W|RH|Rs,F|L,13,13,validation
huc8_03080103,02246751,180,B_union_D_union_M_union_H,True,eligible,457,6,5,2,Ta|P|W|RH|Rs,F|L,13,13,validation
huc8_03080103,02246751,365,B_union_D,False,no_eligible_evaluation_windows,457,6,5,2,Ta|P|W|RH|Rs,F|L,0,0,validation
huc8_03080103,02246751,365,B_union_D_union_M_union_H,False,no_eligible_evaluation_windows,457,6,5,2,Ta|P|W|RH|Rs,F|L,0,0,validation
huc8_03080103,02246804,7,B_union_D,False,insufficient_training_target_days,356,0,0,0,,,0,0,validation
huc8_03080103,02246804,7,B_union_D_union_M_union_H,False,insufficient_training_target_days,356,0,0,0,,,0,0,validation
huc8_03080103,02246804,14,B_union_D,False,insufficient_training_target_days,356,0,0,0,,,0,0,validation
huc8_03080103,02246804,14,B_union_D_union_M_union_H,False,insufficient_training_target_days,356,0,0,0,,,0,0,validation
huc8_03080103,02246804,30,B_union_D,False,insufficient_training_target_days,356,0,0,0,,,0,0,validation
huc8_03080103,02246804,30,B_union_D_union_M_union_H,False,insufficient_training_target_days,356,0,0,0,,,0,0,validation
huc8_03080103,02246804,60,B_union_D,False,insufficient_training_target_days,356,0,0,0,,,0,0,validation
huc8_03080103,02246804,60,B_union_D_union_M_union_H,False,insufficient_training_target_days,356,0,0,0,,,0,0,validation
huc8_03080103,02246804,90,B_union_D,False,insufficient_training_target_days,356,0,0,0,,,0,0,validation
huc8_03080103,02246804,90,B_union_D_union_M_union_H,False,insufficient_training_target_days,356,0,0,0,,,0,0,validation
huc8_03080103,02246804,180,B_union_D,False,insufficient_training_target_days,356,0,0,0,,,0,0,validation
huc8_03080103,02246804,180,B_union_D_union_M_union_H,False,insufficient_training_target_days,356,0,0,0,,,0,0,validation
huc8_03080103,02246804,365,B_union_D,False,insufficient_training_target_days,356,0,0,0,,,0,0,validation
huc8_03080103,02246804,365,B_union_D_union_M_union_H,False,insufficient_training_target_days,356,0,0,0,,,0,0,validation
huc8_03080103,300803081354500,7,B_union_D,True,eligible,456,6,5,0,Ta|P|W|RH|Rs,,1652,20,validation
huc8_03080103,300803081354500,7,B_union_D_union_M_union_H,False,no_hydraulics_with_minimum_training_days,456,6,5,0,Ta|P|W|RH|Rs,,0,0,validation
huc8_03080103,300803081354500,14,B_union_D,True,eligible,456,6,5,0,Ta|P|W|RH|Rs,,1091,20,validation
huc8_03080103,300803081354500,14,B_union_D_union_M_union_H,False,no_hydraulics_with_minimum_training_days,456,6,5,0,Ta|P|W|RH|Rs,,0,0,validation
huc8_03080103,300803081354500,30,B_union_D,True,eligible,456,6,5,0,Ta|P|W|RH|Rs,,423,20,validation
huc8_03080103,300803081354500,30,B_union_D_union_M_union_H,False,no_hydraulics_with_minimum_training_days,456,6,5,0,Ta|P|W|RH|Rs,,0,0,validation
huc8_03080103,300803081354500,60,B_union_D,True,eligible,456,6,5,0,Ta|P|W|RH|Rs,,16,16,validation
huc8_03080103,300803081354500,60,B_union_D_union_M_union_H,False,no_hydraulics_with_minimum_training_days,456,6,5,0,Ta|P|W|RH|Rs,,0,0,validation
huc8_03080103,300803081354500,90,B_union_D,False,no_eligible_evaluation_windows,456,6,5,0,Ta|P|W|RH|Rs,,0,0,validation
huc8_03080103,300803081354500,90,B_union_D_union_M_union_H,False,no_hydraulics_with_minimum_training_days,456,6,5,0,Ta|P|W|RH|Rs,,0,0,validation
huc8_03080103,300803081354500,180,B_union_D,False,no_eligible_evaluation_windows,456,6,5,0,Ta|P|W|RH|Rs,,0,0,validation
huc8_03080103,300803081354500,180,B_union_D_union_M_union_H,False,no_hydraulics_with_minimum_training_days,456,6,5,0,Ta|P|W|RH|Rs,,0,0,validation
huc8_03080103,300803081354500,365,B_union_D,False,no_eligible_evaluation_windows,456,6,5,0,Ta|P|W|RH|Rs,,0,0,validation
huc8_03080103,300803081354500,365,B_union_D_union_M_union_H,False,no_hydraulics_with_minimum_training_days,456,6,5,0,Ta|P|W|RH|Rs,,0,0,validation
huc8_03080103,301124081395901,7,B_union_D,True,eligible,3492,6,5,0,Ta|P|W|RH|Rs,,1710,20,validation
huc8_03080103,301124081395901,7,B_union_D_union_M_union_H,False,no_hydraulics_with_minimum_training_days,3492,6,5,0,Ta|P|W|RH|Rs,,0,0,validation
huc8_03080103,301124081395901,14,B_union_D,True,eligible,3492,6,5,0,Ta|P|W|RH|Rs,,1171,20,validation
huc8_03080103,301124081395901,14,B_union_D_union_M_union_H,False,no_hydraulics_with_minimum_training_days,3492,6,5,0,Ta|P|W|RH|Rs,,0,0,validation
huc8_03080103,301124081395901,30,B_union_D,True,eligible,3492,6,5,0,Ta|P|W|RH|Rs,,486,20,validation
huc8_03080103,301124081395901,30,B_union_D_union_M_union_H,False,no_hydraulics_with_minimum_training_days,3492,6,5,0,Ta|P|W|RH|Rs,,0,0,validation
huc8_03080103,301124081395901,60,B_union_D,True,eligible,3492,6,5,0,Ta|P|W|RH|Rs,,46,20,validation
huc8_03080103,301124081395901,60,B_union_D_union_M_union_H,False,no_hydraulics_with_minimum_training_days,3492,6,5,0,Ta|P|W|RH|Rs,,0,0,validation
huc8_03080103,301124081395901,90,B_union_D,False,no_eligible_evaluation_windows,3492,6,5,0,Ta|P|W|RH|Rs,,0,0,validation
huc8_03080103,301124081395901,90,B_union_D_union_M_union_H,False,no_hydraulics_with_minimum_training_days,3492,6,5,0,Ta|P|W|RH|Rs,,0,0,validation
huc8_03080103,301124081395901,180,B_union_D,False,no_eligible_evaluation_windows,3492,6,5,0,Ta|P|W|RH|Rs,,0,0,validation
huc8_03080103,301124081395901,180,B_union_D_union_M_union_H,False,no_hydraulics_with_minimum_training_days,3492,6,5,0,Ta|P|W|RH|Rs,,0,0,validation
huc8_03080103,301124081395901,365,B_union_D,False,no_eligible_evaluation_windows,3492,6,5,0,Ta|P|W|RH|Rs,,0,0,validation
huc8_03080103,301124081395901,365,B_union_D_union_M_union_H,False,no_hydraulics_with_minimum_training_days,3492,6,5,0,Ta|P|W|RH|Rs,,0,0,validation
huc8_03080103,301204081434900,7,B_union_D,True,eligible,423,6,5,0,Ta|P|W|RH|Rs,,2055,20,validation
huc8_03080103,301204081434900,7,B_union_D_union_M_union_H,False,no_hydraulics_with_minimum_training_days,423,6,5,0,Ta|P|W|RH|Rs,,0,0,validation
huc8_03080103,301204081434900,14,B_union_D,True,eligible,423,6,5,0,Ta|P|W|RH|Rs,,1521,20,validation
huc8_03080103,301204081434900,14,B_union_D_union_M_union_H,False,no_hydraulics_with_minimum_training_days,423,6,5,0,Ta|P|W|RH|Rs,,0,0,validation
huc8_03080103,301204081434900,30,B_union_D,True,eligible,423,6,5,0,Ta|P|W|RH|Rs,,779,20,validation
huc8_03080103,301204081434900,30,B_union_D_union_M_union_H,False,no_hydraulics_with_minimum_training_days,423,6,5,0,Ta|P|W|RH|Rs,,0,0,validation
huc8_03080103,301204081434900,60,B_union_D,True,eligible,423,6,5,0,Ta|P|W|RH|Rs,,169,20,validation
huc8_03080103,301204081434900,60,B_union_D_union_M_union_H,False,no_hydraulics_with_minimum_training_days,423,6,5,0,Ta|P|W|RH|Rs,,0,0,validation
huc8_03080103,301204081434900,90,B_union_D,True,eligible,423,6,5,0,Ta|P|W|RH|Rs,,103,20,validation
huc8_03080103,301204081434900,90,B_union_D_union_M_union_H,False,no_hydraulics_with_minimum_training_days,423,6,5,0,Ta|P|W|RH|Rs,,0,0,validation
huc8_03080103,301204081434900,180,B_union_D,True,eligible,423,6,5,0,Ta|P|W|RH|Rs,,13,13,validation
huc8_03080103,301204081434900,180,B_union_D_union_M_union_H,False,no_hydraulics_with_minimum_training_days,423,6,5,0,Ta|P|W|RH|Rs,,0,0,validation
huc8_03080103,301204081434900,365,B_union_D,False,no_eligible_evaluation_windows,423,6,5,0,Ta|P|W|RH|Rs,,0,0,validation
huc8_03080103,301204081434900,365,B_union_D_union_M_union_H,False,no_hydraulics_with_minimum_training_days,423,6,5,0,Ta|P|W|RH|Rs,,0,0,validation
huc8_03080103,301510081383500,7,B_union_D,False,insufficient_training_target_days,338,0,0,0,,,0,0,validation
huc8_03080103,301510081383500,7,B_union_D_union_M_union_H,False,insufficient_training_target_days,338,0,0,0,,,0,0,validation
huc8_03080103,301510081383500,14,B_union_D,False,insufficient_training_target_days,338,0,0,0,,,0,0,validation
huc8_03080103,301510081383500,14,B_union_D_union_M_union_H,False,insufficient_training_target_days,338,0,0,0,,,0,0,validation
huc8_03080103,301510081383500,30,B_union_D,False,insufficient_training_target_days,338,0,0,0,,,0,0,validation
huc8_03080103,301510081383500,30,B_union_D_union_M_union_H,False,insufficient_training_target_days,338,0,0,0,,,0,0,validation
huc8_03080103,301510081383500,60,B_union_D,False,insufficient_training_target_days,338,0,0,0,,,0,0,validation
huc8_03080103,301510081383500,60,B_union_D_union_M_union_H,False,insufficient_training_target_days,338,0,0,0,,,0,0,validation
huc8_03080103,301510081383500,90,B_union_D,False,insufficient_training_target_days,338,0,0,0,,,0,0,validation
huc8_03080103,301510081383500,90,B_union_D_union_M_union_H,False,insufficient_training_target_days,338,0,0,0,,,0,0,validation
huc8_03080103,301510081383500,180,B_union_D,False,insufficient_training_target_days,338,0,0,0,,,0,0,validation
huc8_03080103,301510081383500,180,B_union_D_union_M_union_H,False,insufficient_training_target_days,338,0,0,0,,,0,0,validation
huc8_03080103,301510081383500,365,B_union_D,False,insufficient_training_target_days,338,0,0,0,,,0,0,validation
huc8_03080103,301510081383500,365,B_union_D_union_M_union_H,False,insufficient_training_target_days,338,0,0,0,,,0,0,validation
huc8_03080103,301817081393600,7,B_union_D,False,insufficient_training_target_days,314,0,0,0,,,0,0,validation
huc8_03080103,301817081393600,7,B_union_D_union_M_union_H,False,insufficient_training_target_days,314,0,0,0,,,0,0,validation
huc8_03080103,301817081393600,14,B_union_D,False,insufficient_training_target_days,314,0,0,0,,,0,0,validation
huc8_03080103,301817081393600,14,B_union_D_union_M_union_H,False,insufficient_training_target_days,314,0,0,0,,,0,0,validation
huc8_03080103,301817081393600,30,B_union_D,False,insufficient_training_target_days,314,0,0,0,,,0,0,validation
huc8_03080103,301817081393600,30,B_union_D_union_M_union_H,False,insufficient_training_target_days,314,0,0,0,,,0,0,validation
huc8_03080103,301817081393600,60,B_union_D,False,insufficient_training_target_days,314,0,0,0,,,0,0,validation
huc8_03080103,301817081393600,60,B_union_D_union_M_union_H,False,insufficient_training_target_days,314,0,0,0,,,0,0,validation
huc8_03080103,301817081393600,90,B_union_D,False,insufficient_training_target_days,314,0,0,0,,,0,0,validation
huc8_03080103,301817081393600,90,B_union_D_union_M_union_H,False,insufficient_training_target_days,314,0,0,0,,,0,0,validation
huc8_03080103,301817081393600,180,B_union_D,False,insufficient_training_target_days,314,0,0,0,,,0,0,validation
huc8_03080103,301817081393600,180,B_union_D_union_M_union_H,False,insufficient_training_target_days,314,0,0,0,,,0,0,validation
huc8_03080103,301817081393600,365,B_union_D,False,insufficient_training_target_days,314,0,0,0,,,0,0,validation
huc8_03080103,301817081393600,365,B_union_D_union_M_union_H,False,insufficient_training_target_days,314,0,0,0,,,0,0,validation
huc8_03080103,302309081333001,7,B_union_D,True,eligible,4151,5,5,0,Ta|P|W|RH|Rs,,2414,20,validation
huc8_03080103,302309081333001,7,B_union_D_union_M_union_H,False,no_hydraulics_with_minimum_training_days,4151,5,5,0,Ta|P|W|RH|Rs,,0,0,validation
huc8_03080103,302309081333001,14,B_union_D,True,eligible,4151,5,5,0,Ta|P|W|RH|Rs,,2045,20,validation
huc8_03080103,302309081333001,14,B_union_D_union_M_union_H,False,no_hydraulics_with_minimum_training_days,4151,5,5,0,Ta|P|W|RH|Rs,,0,0,validation
huc8_03080103,302309081333001,30,B_union_D,True,eligible,4151,5,5,0,Ta|P|W|RH|Rs,,1376,20,validation
huc8_03080103,302309081333001,30,B_union_D_union_M_union_H,False,no_hydraulics_with_minimum_training_days,4151,5,5,0,Ta|P|W|RH|Rs,,0,0,validation
huc8_03080103,302309081333001,60,B_union_D,True,eligible,4151,5,5,0,Ta|P|W|RH|Rs,,658,20,validation
huc8_03080103,302309081333001,60,B_union_D_union_M_union_H,False,no_hydraulics_with_minimum_training_days,4151,5,5,0,Ta|P|W|RH|Rs,,0,0,validation
huc8_03080103,302309081333001,90,B_union_D,True,eligible,4151,5,5,0,Ta|P|W|RH|Rs,,354,20,validation
huc8_03080103,302309081333001,90,B_union_D_union_M_union_H,False,no_hydraulics_with_minimum_training_days,4151,5,5,0,Ta|P|W|RH|Rs,,0,0,validation
huc8_03080103,302309081333001,180,B_union_D,True,eligible,4151,5,5,0,Ta|P|W|RH|Rs,,65,20,validation
huc8_03080103,302309081333001,180,B_union_D_union_M_union_H,False,no_hydraulics_with_minimum_training_days,4151,5,5,0,Ta|P|W|RH|Rs,,0,0,validation
huc8_03080103,302309081333001,365,B_union_D,False,no_eligible_evaluation_windows,4151,5,5,0,Ta|P|W|RH|Rs,,0,0,validation
huc8_03080103,302309081333001,365,B_union_D_union_M_union_H,False,no_hydraulics_with_minimum_training_days,4151,5,5,0,Ta|P|W|RH|Rs,,0,0,validation
huc8_03080103,302609081453300,7,B_union_D,False,insufficient_training_target_days,351,0,0,0,,,0,0,validation
huc8_03080103,302609081453300,7,B_union_D_union_M_union_H,False,insufficient_training_target_days,351,0,0,0,,,0,0,validation
huc8_03080103,302609081453300,14,B_union_D,False,insufficient_training_target_days,351,0,0,0,,,0,0,validation
huc8_03080103,302609081453300,14,B_union_D_union_M_union_H,False,insufficient_training_target_days,351,0,0,0,,,0,0,validation
huc8_03080103,302609081453300,30,B_union_D,False,insufficient_training_target_days,351,0,0,0,,,0,0,validation
huc8_03080103,302609081453300,30,B_union_D_union_M_union_H,False,insufficient_training_target_days,351,0,0,0,,,0,0,validation
huc8_03080103,302609081453300,60,B_union_D,False,insufficient_training_target_days,351,0,0,0,,,0,0,validation
huc8_03080103,302609081453300,60,B_union_D_union_M_union_H,False,insufficient_training_target_days,351,0,0,0,,,0,0,validation
huc8_03080103,302609081453300,90,B_union_D,False,insufficient_training_target_days,351,0,0,0,,,0,0,validation
huc8_03080103,302609081453300,90,B_union_D_union_M_union_H,False,insufficient_training_target_days,351,0,0,0,,,0,0,validation
huc8_03080103,302609081453300,180,B_union_D,False,insufficient_training_target_days,351,0,0,0,,,0,0,validation
huc8_03080103,302609081453300,180,B_union_D_union_M_union_H,False,insufficient_training_target_days,351,0,0,0,,,0,0,validation
huc8_03080103,302609081453300,365,B_union_D,False,insufficient_training_target_days,351,0,0,0,,,0,0,validation
huc8_03080103,302609081453300,365,B_union_D_union_M_union_H,False,insufficient_training_target_days,351,0,0,0,,,0,0,validation
huc8_03080103,302657081312400,7,B_union_D,False,insufficient_training_target_days,351,0,0,0,,,0,0,validation
huc8_03080103,302657081312400,7,B_union_D_union_M_union_H,False,insufficient_training_target_days,351,0,0,0,,,0,0,validation
huc8_03080103,302657081312400,14,B_union_D,False,insufficient_training_target_days,351,0,0,0,,,0,0,validation
huc8_03080103,302657081312400,14,B_union_D_union_M_union_H,False,insufficient_training_target_days,351,0,0,0,,,0,0,validation
huc8_03080103,302657081312400,30,B_union_D,False,insufficient_training_target_days,351,0,0,0,,,0,0,validation
huc8_03080103,302657081312400,30,B_union_D_union_M_union_H,False,insufficient_training_target_days,351,0,0,0,,,0,0,validation
huc8_03080103,302657081312400,60,B_union_D,False,insufficient_training_target_days,351,0,0,0,,,0,0,validation
huc8_03080103,302657081312400,60,B_union_D_union_M_union_H,False,insufficient_training_target_days,351,0,0,0,,,0,0,validation
huc8_03080103,302657081312400,90,B_union_D,False,insufficient_training_target_days,351,0,0,0,,,0,0,validation
huc8_03080103,302657081312400,90,B_union_D_union_M_union_H,False,insufficient_training_target_days,351,0,0,0,,,0,0,validation
huc8_03080103,302657081312400,180,B_union_D,False,insufficient_training_target_days,351,0,0,0,,,0,0,validation
huc8_03080103,302657081312400,180,B_union_D_union_M_union_H,False,insufficient_training_target_days,351,0,0,0,,,0,0,validation
huc8_03080103,302657081312400,365,B_union_D,False,insufficient_training_target_days,351,0,0,0,,,0,0,validation
huc8_03080103,302657081312400,365,B_union_D_union_M_union_H,False,insufficient_training_target_days,351,0,0,0,,,0,0,validation
huc8_03090101,02264000,7,B_union_D,True,eligible,1246,4,5,2,Ta|P|W|RH|Rs,F|L,2498,20,validation
huc8_03090101,02264000,7,B_union_D_union_M_union_H,True,eligible,1246,4,5,2,Ta|P|W|RH|Rs,F|L,2423,20,validation
huc8_03090101,02264000,14,B_union_D,True,eligible,1246,4,5,2,Ta|P|W|RH|Rs,F|L,2161,20,validation
huc8_03090101,02264000,14,B_union_D_union_M_union_H,True,eligible,1246,4,5,2,Ta|P|W|RH|Rs,F|L,2050,20,validation
huc8_03090101,02264000,30,B_union_D,True,eligible,1246,4,5,2,Ta|P|W|RH|Rs,F|L,1624,20,validation
huc8_03090101,02264000,30,B_union_D_union_M_union_H,True,eligible,1246,4,5,2,Ta|P|W|RH|Rs,F|L,1473,20,validation
huc8_03090101,02264000,60,B_union_D,True,eligible,1246,4,5,2,Ta|P|W|RH|Rs,F|L,990,20,validation
huc8_03090101,02264000,60,B_union_D_union_M_union_H,True,eligible,1246,4,5,2,Ta|P|W|RH|Rs,F|L,786,20,validation
huc8_03090101,02264000,90,B_union_D,True,eligible,1246,4,5,2,Ta|P|W|RH|Rs,F|L,665,20,validation
huc8_03090101,02264000,90,B_union_D_union_M_union_H,True,eligible,1246,4,5,2,Ta|P|W|RH|Rs,F|L,476,20,validation
huc8_03090101,02264000,180,B_union_D,True,eligible,1246,4,5,2,Ta|P|W|RH|Rs,F|L,198,20,validation
huc8_03090101,02264000,180,B_union_D_union_M_union_H,True,eligible,1246,4,5,2,Ta|P|W|RH|Rs,F|L,135,20,validation
huc8_03090101,02264000,365,B_union_D,False,no_eligible_evaluation_windows,1246,4,5,2,Ta|P|W|RH|Rs,F|L,0,0,validation
huc8_03090101,02264000,365,B_union_D_union_M_union_H,False,no_eligible_evaluation_windows,1246,4,5,2,Ta|P|W|RH|Rs,F|L,0,0,validation
huc8_03090101,02264100,7,B_union_D,True,eligible,2063,4,5,2,Ta|P|W|RH|Rs,F|L,2484,20,validation
huc8_03090101,02264100,7,B_union_D_union_M_union_H,True,eligible,2063,4,5,2,Ta|P|W|RH|Rs,F|L,2367,20,validation
huc8_03090101,02264100,14,B_union_D,True,eligible,2063,4,5,2,Ta|P|W|RH|Rs,F|L,2150,20,validation
huc8_03090101,02264100,14,B_union_D_union_M_union_H,True,eligible,2063,4,5,2,Ta|P|W|RH|Rs,F|L,2006,20,validation
huc8_03090101,02264100,30,B_union_D,True,eligible,2063,4,5,2,Ta|P|W|RH|Rs,F|L,1614,20,validation
huc8_03090101,02264100,30,B_union_D_union_M_union_H,True,eligible,2063,4,5,2,Ta|P|W|RH|Rs,F|L,1432,20,validation
huc8_03090101,02264100,60,B_union_D,True,eligible,2063,4,5,2,Ta|P|W|RH|Rs,F|L,984,20,validation
huc8_03090101,02264100,60,B_union_D_union_M_union_H,True,eligible,2063,4,5,2,Ta|P|W|RH|Rs,F|L,845,20,validation
huc8_03090101,02264100,90,B_union_D,True,eligible,2063,4,5,2,Ta|P|W|RH|Rs,F|L,663,20,validation
huc8_03090101,02264100,90,B_union_D_union_M_union_H,True,eligible,2063,4,5,2,Ta|P|W|RH|Rs,F|L,557,20,validation
huc8_03090101,02264100,180,B_union_D,True,eligible,2063,4,5,2,Ta|P|W|RH|Rs,F|L,198,20,validation
huc8_03090101,02264100,180,B_union_D_union_M_union_H,True,eligible,2063,4,5,2,Ta|P|W|RH|Rs,F|L,109,20,validation
huc8_03090101,02264100,365,B_union_D,False,no_eligible_evaluation_windows,2063,4,5,2,Ta|P|W|RH|Rs,F|L,0,0,validation
huc8_03090101,02264100,365,B_union_D_union_M_union_H,False,no_eligible_evaluation_windows,2063,4,5,2,Ta|P|W|RH|Rs,F|L,0,0,validation
huc8_03090101,02266200,7,B_union_D,True,eligible,1386,4,5,2,Ta|P|W|RH|Rs,F|L,2504,20,validation
huc8_03090101,02266200,7,B_union_D_union_M_union_H,True,eligible,1386,4,5,2,Ta|P|W|RH|Rs,F|L,2468,20,validation
huc8_03090101,02266200,14,B_union_D,True,eligible,1386,4,5,2,Ta|P|W|RH|Rs,F|L,2165,20,validation
huc8_03090101,02266200,14,B_union_D_union_M_union_H,True,eligible,1386,4,5,2,Ta|P|W|RH|Rs,F|L,2119,20,validation
huc8_03090101,02266200,30,B_union_D,True,eligible,1386,4,5,2,Ta|P|W|RH|Rs,F|L,1622,20,validation
huc8_03090101,02266200,30,B_union_D_union_M_union_H,True,eligible,1386,4,5,2,Ta|P|W|RH|Rs,F|L,1555,20,validation
huc8_03090101,02266200,60,B_union_D,True,eligible,1386,4,5,2,Ta|P|W|RH|Rs,F|L,986,20,validation
huc8_03090101,02266200,60,B_union_D_union_M_union_H,True,eligible,1386,4,5,2,Ta|P|W|RH|Rs,F|L,889,20,validation
huc8_03090101,02266200,90,B_union_D,True,eligible,1386,4,5,2,Ta|P|W|RH|Rs,F|L,662,20,validation
huc8_03090101,02266200,90,B_union_D_union_M_union_H,True,eligible,1386,4,5,2,Ta|P|W|RH|Rs,F|L,552,20,validation
huc8_03090101,02266200,180,B_union_D,True,eligible,1386,4,5,2,Ta|P|W|RH|Rs,F|L,196,20,validation
huc8_03090101,02266200,180,B_union_D_union_M_union_H,True,eligible,1386,4,5,2,Ta|P|W|RH|Rs,F|L,196,20,validation
huc8_03090101,02266200,365,B_union_D,False,no_eligible_evaluation_windows,1386,4,5,2,Ta|P|W|RH|Rs,F|L,0,0,validation
huc8_03090101,02266200,365,B_union_D_union_M_union_H,False,no_eligible_evaluation_windows,1386,4,5,2,Ta|P|W|RH|Rs,F|L,0,0,validation
huc8_03090101,02266300,7,B_union_D,True,eligible,10375,4,5,2,Ta|P|W|RH|Rs,F|L,2508,20,validation
huc8_03090101,02266300,7,B_union_D_union_M_union_H,True,eligible,10375,4,5,2,Ta|P|W|RH|Rs,F|L,2486,20,validation
huc8_03090101,02266300,14,B_union_D,True,eligible,10375,4,5,2,Ta|P|W|RH|Rs,F|L,2166,20,validation
huc8_03090101,02266300,14,B_union_D_union_M_union_H,True,eligible,10375,4,5,2,Ta|P|W|RH|Rs,F|L,2126,20,validation
huc8_03090101,02266300,30,B_union_D,True,eligible,10375,4,5,2,Ta|P|W|RH|Rs,F|L,1624,20,validation
huc8_03090101,02266300,30,B_union_D_union_M_union_H,True,eligible,10375,4,5,2,Ta|P|W|RH|Rs,F|L,1563,20,validation
huc8_03090101,02266300,60,B_union_D,True,eligible,10375,4,5,2,Ta|P|W|RH|Rs,F|L,990,20,validation
huc8_03090101,02266300,60,B_union_D_union_M_union_H,True,eligible,10375,4,5,2,Ta|P|W|RH|Rs,F|L,915,20,validation
huc8_03090101,02266300,90,B_union_D,True,eligible,10375,4,5,2,Ta|P|W|RH|Rs,F|L,665,20,validation
huc8_03090101,02266300,90,B_union_D_union_M_union_H,True,eligible,10375,4,5,2,Ta|P|W|RH|Rs,F|L,625,20,validation
huc8_03090101,02266300,180,B_union_D,True,eligible,10375,4,5,2,Ta|P|W|RH|Rs,F|L,198,20,validation
huc8_03090101,02266300,180,B_union_D_union_M_union_H,True,eligible,10375,4,5,2,Ta|P|W|RH|Rs,F|L,198,20,validation
huc8_03090101,02266300,365,B_union_D,False,no_eligible_evaluation_windows,10375,4,5,2,Ta|P|W|RH|Rs,F|L,0,0,validation
huc8_03090101,02266300,365,B_union_D_union_M_union_H,False,no_eligible_evaluation_windows,10375,4,5,2,Ta|P|W|RH|Rs,F|L,0,0,validation
huc8_03090101,02266495,7,B_union_D,True,eligible,7123,4,5,1,Ta|P|W|RH|Rs,L,2491,20,validation
huc8_03090101,02266495,7,B_union_D_union_M_union_H,True,eligible,7123,4,5,1,Ta|P|W|RH|Rs,L,2452,20,validation
huc8_03090101,02266495,14,B_union_D,True,eligible,7123,4,5,1,Ta|P|W|RH|Rs,L,2157,20,validation
huc8_03090101,02266495,14,B_union_D_union_M_union_H,True,eligible,7123,4,5,1,Ta|P|W|RH|Rs,L,2118,20,validation
huc8_03090101,02266495,30,B_union_D,True,eligible,7123,4,5,1,Ta|P|W|RH|Rs,L,1615,20,validation
huc8_03090101,02266495,30,B_union_D_union_M_union_H,True,eligible,7123,4,5,1,Ta|P|W|RH|Rs,L,1580,20,validation
huc8_03090101,02266495,60,B_union_D,True,eligible,7123,4,5,1,Ta|P|W|RH|Rs,L,983,20,validation
huc8_03090101,02266495,60,B_union_D_union_M_union_H,True,eligible,7123,4,5,1,Ta|P|W|RH|Rs,L,975,20,validation
huc8_03090101,02266495,90,B_union_D,True,eligible,7123,4,5,1,Ta|P|W|RH|Rs,L,663,20,validation
huc8_03090101,02266495,90,B_union_D_union_M_union_H,True,eligible,7123,4,5,1,Ta|P|W|RH|Rs,L,663,20,validation
huc8_03090101,02266495,180,B_union_D,True,eligible,7123,4,5,1,Ta|P|W|RH|Rs,L,199,20,validation
huc8_03090101,02266495,180,B_union_D_union_M_union_H,True,eligible,7123,4,5,1,Ta|P|W|RH|Rs,L,199,20,validation
huc8_03090101,02266495,365,B_union_D,False,no_eligible_evaluation_windows,7123,4,5,1,Ta|P|W|RH|Rs,L,0,0,validation
huc8_03090101,02266495,365,B_union_D_union_M_union_H,False,no_eligible_evaluation_windows,7123,4,5,1,Ta|P|W|RH|Rs,L,0,0,validation
huc8_03090204,02290928,7,B_union_D,True,eligible,5796,6,5,0,Ta|P|W|RH|Rs,,852,20,validation
huc8_03090204,02290928,7,B_union_D_union_M_union_H,False,no_hydraulics_with_minimum_training_days,5796,6,5,0,Ta|P|W|RH|Rs,,0,0,validation
huc8_03090204,02290928,14,B_union_D,True,eligible,5796,6,5,0,Ta|P|W|RH|Rs,,755,20,validation
huc8_03090204,02290928,14,B_union_D_union_M_union_H,False,no_hydraulics_with_minimum_training_days,5796,6,5,0,Ta|P|W|RH|Rs,,0,0,validation
huc8_03090204,02290928,30,B_union_D,True,eligible,5796,6,5,0,Ta|P|W|RH|Rs,,586,20,validation
huc8_03090204,02290928,30,B_union_D_union_M_union_H,False,no_hydraulics_with_minimum_training_days,5796,6,5,0,Ta|P|W|RH|Rs,,0,0,validation
huc8_03090204,02290928,60,B_union_D,True,eligible,5796,6,5,0,Ta|P|W|RH|Rs,,325,20,validation
huc8_03090204,02290928,60,B_union_D_union_M_union_H,False,no_hydraulics_with_minimum_training_days,5796,6,5,0,Ta|P|W|RH|Rs,,0,0,validation
huc8_03090204,02290928,90,B_union_D,True,eligible,5796,6,5,0,Ta|P|W|RH|Rs,,190,20,validation
huc8_03090204,02290928,90,B_union_D_union_M_union_H,False,no_hydraulics_with_minimum_training_days,5796,6,5,0,Ta|P|W|RH|Rs,,0,0,validation
huc8_03090204,02290928,180,B_union_D,False,no_eligible_evaluation_windows,5796,6,5,0,Ta|P|W|RH|Rs,,0,0,validation
huc8_03090204,02290928,180,B_union_D_union_M_union_H,False,no_hydraulics_with_minimum_training_days,5796,6,5,0,Ta|P|W|RH|Rs,,0,0,validation
huc8_03090204,02290928,365,B_union_D,False,no_eligible_evaluation_windows,5796,6,5,0,Ta|P|W|RH|Rs,,0,0,validation
huc8_03090204,02290928,365,B_union_D_union_M_union_H,False,no_hydraulics_with_minimum_training_days,5796,6,5,0,Ta|P|W|RH|Rs,,0,0,validation
huc8_03090204,02290930,7,B_union_D,True,eligible,5962,6,5,0,Ta|P|W|RH|Rs,,860,20,validation
huc8_03090204,02290930,7,B_union_D_union_M_union_H,False,no_hydraulics_with_minimum_training_days,5962,6,5,0,Ta|P|W|RH|Rs,,0,0,validation
huc8_03090204,02290930,14,B_union_D,True,eligible,5962,6,5,0,Ta|P|W|RH|Rs,,761,20,validation
huc8_03090204,02290930,14,B_union_D_union_M_union_H,False,no_hydraulics_with_minimum_training_days,5962,6,5,0,Ta|P|W|RH|Rs,,0,0,validation
huc8_03090204,02290930,30,B_union_D,True,eligible,5962,6,5,0,Ta|P|W|RH|Rs,,589,20,validation
huc8_03090204,02290930,30,B_union_D_union_M_union_H,False,no_hydraulics_with_minimum_training_days,5962,6,5,0,Ta|P|W|RH|Rs,,0,0,validation
huc8_03090204,02290930,60,B_union_D,True,eligible,5962,6,5,0,Ta|P|W|RH|Rs,,326,20,validation
huc8_03090204,02290930,60,B_union_D_union_M_union_H,False,no_hydraulics_with_minimum_training_days,5962,6,5,0,Ta|P|W|RH|Rs,,0,0,validation
huc8_03090204,02290930,90,B_union_D,True,eligible,5962,6,5,0,Ta|P|W|RH|Rs,,189,20,validation
huc8_03090204,02290930,90,B_union_D_union_M_union_H,False,no_hydraulics_with_minimum_training_days,5962,6,5,0,Ta|P|W|RH|Rs,,0,0,validation
huc8_03090204,02290930,180,B_union_D,False,no_eligible_evaluation_windows,5962,6,5,0,Ta|P|W|RH|Rs,,0,0,validation
huc8_03090204,02290930,180,B_union_D_union_M_union_H,False,no_hydraulics_with_minimum_training_days,5962,6,5,0,Ta|P|W|RH|Rs,,0,0,validation
huc8_03090204,02290930,365,B_union_D,False,no_eligible_evaluation_windows,5962,6,5,0,Ta|P|W|RH|Rs,,0,0,validation
huc8_03090204,02290930,365,B_union_D_union_M_union_H,False,no_hydraulics_with_minimum_training_days,5962,6,5,0,Ta|P|W|RH|Rs,,0,0,validation
huc8_03090204,255327081275900,7,B_union_D,True,eligible,3663,6,5,1,Ta|P|W|RH|Rs,F,862,20,validation
huc8_03090204,255327081275900,7,B_union_D_union_M_union_H,True,eligible,3663,6,5,1,Ta|P|W|RH|Rs,F,832,20,validation
huc8_03090204,255327081275900,14,B_union_D,True,eligible,3663,6,5,1,Ta|P|W|RH|Rs,F,763,20,validation
huc8_03090204,255327081275900,14,B_union_D_union_M_union_H,True,eligible,3663,6,5,1,Ta|P|W|RH|Rs,F,732,20,validation
huc8_03090204,255327081275900,30,B_union_D,True,eligible,3663,6,5,1,Ta|P|W|RH|Rs,F,590,20,validation
huc8_03090204,255327081275900,30,B_union_D_union_M_union_H,True,eligible,3663,6,5,1,Ta|P|W|RH|Rs,F,551,20,validation
huc8_03090204,255327081275900,60,B_union_D,True,eligible,3663,6,5,1,Ta|P|W|RH|Rs,F,327,20,validation
huc8_03090204,255327081275900,60,B_union_D_union_M_union_H,True,eligible,3663,6,5,1,Ta|P|W|RH|Rs,F,288,20,validation
huc8_03090204,255327081275900,90,B_union_D,True,eligible,3663,6,5,1,Ta|P|W|RH|Rs,F,190,20,validation
huc8_03090204,255327081275900,90,B_union_D_union_M_union_H,True,eligible,3663,6,5,1,Ta|P|W|RH|Rs,F,151,20,validation
huc8_03090204,255327081275900,180,B_union_D,False,no_eligible_evaluation_windows,3663,6,5,1,Ta|P|W|RH|Rs,F,0,0,validation
huc8_03090204,255327081275900,180,B_union_D_union_M_union_H,False,no_eligible_evaluation_windows,3663,6,5,1,Ta|P|W|RH|Rs,F,0,0,validation
huc8_03090204,255327081275900,365,B_union_D,False,no_eligible_evaluation_windows,3663,6,5,1,Ta|P|W|RH|Rs,F,0,0,validation
huc8_03090204,255327081275900,365,B_union_D_union_M_union_H,False,no_eligible_evaluation_windows,3663,6,5,1,Ta|P|W|RH|Rs,F,0,0,validation
huc8_03090204,255432081303900,7,B_union_D,True,eligible,3919,6,5,1,Ta|P|W|RH|Rs,F,862,20,validation
huc8_03090204,255432081303900,7,B_union_D_union_M_union_H,True,eligible,3919,6,5,1,Ta|P|W|RH|Rs,F,862,20,validation
huc8_03090204,255432081303900,14,B_union_D,True,eligible,3919,6,5,1,Ta|P|W|RH|Rs,F,763,20,validation
huc8_03090204,255432081303900,14,B_union_D_union_M_union_H,True,eligible,3919,6,5,1,Ta|P|W|RH|Rs,F,763,20,validation
huc8_03090204,255432081303900,30,B_union_D,True,eligible,3919,6,5,1,Ta|P|W|RH|Rs,F,590,20,validation
huc8_03090204,255432081303900,30,B_union_D_union_M_union_H,True,eligible,3919,6,5,1,Ta|P|W|RH|Rs,F,590,20,validation
huc8_03090204,255432081303900,60,B_union_D,True,eligible,3919,6,5,1,Ta|P|W|RH|Rs,F,327,20,validation
huc8_03090204,255432081303900,60,B_union_D_union_M_union_H,True,eligible,3919,6,5,1,Ta|P|W|RH|Rs,F,327,20,validation
huc8_03090204,255432081303900,90,B_union_D,True,eligible,3919,6,5,1,Ta|P|W|RH|Rs,F,190,20,validation
huc8_03090204,255432081303900,90,B_union_D_union_M_union_H,True,eligible,3919,6,5,1,Ta|P|W|RH|Rs,F,190,20,validation
huc8_03090204,255432081303900,180,B_union_D,False,no_eligible_evaluation_windows,3919,6,5,1,Ta|P|W|RH|Rs,F,0,0,validation
huc8_03090204,255432081303900,180,B_union_D_union_M_union_H,False,no_eligible_evaluation_windows,3919,6,5,1,Ta|P|W|RH|Rs,F,0,0,validation
huc8_03090204,255432081303900,365,B_union_D,False,no_eligible_evaluation_windows,3919,6,5,1,Ta|P|W|RH|Rs,F,0,0,validation
huc8_03090204,255432081303900,365,B_union_D_union_M_union_H,False,no_eligible_evaluation_windows,3919,6,5,1,Ta|P|W|RH|Rs,F,0,0,validation
huc8_03090204,255534081324000,7,B_union_D,True,eligible,3595,6,5,1,Ta|P|W|RH|Rs,F,858,20,validation
huc8_03090204,255534081324000,7,B_union_D_union_M_union_H,True,eligible,3595,6,5,1,Ta|P|W|RH|Rs,F,831,20,validation
huc8_03090204,255534081324000,14,B_union_D,True,eligible,3595,6,5,1,Ta|P|W|RH|Rs,F,759,20,validation
huc8_03090204,255534081324000,14,B_union_D_union_M_union_H,True,eligible,3595,6,5,1,Ta|P|W|RH|Rs,F,718,20,validation
huc8_03090204,255534081324000,30,B_union_D,True,eligible,3595,6,5,1,Ta|P|W|RH|Rs,F,586,20,validation
huc8_03090204,255534081324000,30,B_union_D_union_M_union_H,True,eligible,3595,6,5,1,Ta|P|W|RH|Rs,F,530,20,validation
huc8_03090204,255534081324000,60,B_union_D,True,eligible,3595,6,5,1,Ta|P|W|RH|Rs,F,325,20,validation
huc8_03090204,255534081324000,60,B_union_D_union_M_union_H,True,eligible,3595,6,5,1,Ta|P|W|RH|Rs,F,269,20,validation
huc8_03090204,255534081324000,90,B_union_D,True,eligible,3595,6,5,1,Ta|P|W|RH|Rs,F,190,20,validation
huc8_03090204,255534081324000,90,B_union_D_union_M_union_H,True,eligible,3595,6,5,1,Ta|P|W|RH|Rs,F,162,20,validation
huc8_03090204,255534081324000,180,B_union_D,False,no_eligible_evaluation_windows,3595,6,5,1,Ta|P|W|RH|Rs,F,0,0,validation
huc8_03090204,255534081324000,180,B_union_D_union_M_union_H,False,no_eligible_evaluation_windows,3595,6,5,1,Ta|P|W|RH|Rs,F,0,0,validation
huc8_03090204,255534081324000,365,B_union_D,False,no_eligible_evaluation_windows,3595,6,5,1,Ta|P|W|RH|Rs,F,0,0,validation
huc8_03090204,255534081324000,365,B_union_D_union_M_union_H,False,no_eligible_evaluation_windows,3595,6,5,1,Ta|P|W|RH|Rs,F,0,0,validation
huc8_03090204,255654081350200,7,B_union_D,True,eligible,3549,6,5,0,Ta|P|W|RH|Rs,,860,20,validation
huc8_03090204,255654081350200,7,B_union_D_union_M_union_H,False,no_hydraulics_with_minimum_training_days,3549,6,5,0,Ta|P|W|RH|Rs,,0,0,validation
huc8_03090204,255654081350200,14,B_union_D,True,eligible,3549,6,5,0,Ta|P|W|RH|Rs,,763,20,validation
huc8_03090204,255654081350200,14,B_union_D_union_M_union_H,False,no_hydraulics_with_minimum_training_days,3549,6,5,0,Ta|P|W|RH|Rs,,0,0,validation
huc8_03090204,255654081350200,30,B_union_D,True,eligible,3549,6,5,0,Ta|P|W|RH|Rs,,590,20,validation
huc8_03090204,255654081350200,30,B_union_D_union_M_union_H,False,no_hydraulics_with_minimum_training_days,3549,6,5,0,Ta|P|W|RH|Rs,,0,0,validation
huc8_03090204,255654081350200,60,B_union_D,True,eligible,3549,6,5,0,Ta|P|W|RH|Rs,,327,20,validation
huc8_03090204,255654081350200,60,B_union_D_union_M_union_H,False,no_hydraulics_with_minimum_training_days,3549,6,5,0,Ta|P|W|RH|Rs,,0,0,validation
huc8_03090204,255654081350200,90,B_union_D,True,eligible,3549,6,5,0,Ta|P|W|RH|Rs,,190,20,validation
huc8_03090204,255654081350200,90,B_union_D_union_M_union_H,False,no_hydraulics_with_minimum_training_days,3549,6,5,0,Ta|P|W|RH|Rs,,0,0,validation
huc8_03090204,255654081350200,180,B_union_D,False,no_eligible_evaluation_windows,3549,6,5,0,Ta|P|W|RH|Rs,,0,0,validation
huc8_03090204,255654081350200,180,B_union_D_union_M_union_H,False,no_hydraulics_with_minimum_training_days,3549,6,5,0,Ta|P|W|RH|Rs,,0,0,validation
huc8_03090204,255654081350200,365,B_union_D,False,no_eligible_evaluation_windows,3549,6,5,0,Ta|P|W|RH|Rs,,0,0,validation
huc8_03090204,255654081350200,365,B_union_D_union_M_union_H,False,no_hydraulics_with_minimum_training_days,3549,6,5,0,Ta|P|W|RH|Rs,,0,0,validation
huc8_03090204,255726081303700,7,B_union_D,True,eligible,2995,6,5,0,Ta|P|W|RH|Rs,,850,20,validation
huc8_03090204,255726081303700,7,B_union_D_union_M_union_H,False,no_hydraulics_with_minimum_training_days,2995,6,5,0,Ta|P|W|RH|Rs,,0,0,validation
huc8_03090204,255726081303700,14,B_union_D,True,eligible,2995,6,5,0,Ta|P|W|RH|Rs,,752,20,validation
huc8_03090204,255726081303700,14,B_union_D_union_M_union_H,False,no_hydraulics_with_minimum_training_days,2995,6,5,0,Ta|P|W|RH|Rs,,0,0,validation
huc8_03090204,255726081303700,30,B_union_D,True,eligible,2995,6,5,0,Ta|P|W|RH|Rs,,580,20,validation
huc8_03090204,255726081303700,30,B_union_D_union_M_union_H,False,no_hydraulics_with_minimum_training_days,2995,6,5,0,Ta|P|W|RH|Rs,,0,0,validation
huc8_03090204,255726081303700,60,B_union_D,True,eligible,2995,6,5,0,Ta|P|W|RH|Rs,,318,20,validation
huc8_03090204,255726081303700,60,B_union_D_union_M_union_H,False,no_hydraulics_with_minimum_training_days,2995,6,5,0,Ta|P|W|RH|Rs,,0,0,validation
huc8_03090204,255726081303700,90,B_union_D,True,eligible,2995,6,5,0,Ta|P|W|RH|Rs,,183,20,validation
huc8_03090204,255726081303700,90,B_union_D_union_M_union_H,False,no_hydraulics_with_minimum_training_days,2995,6,5,0,Ta|P|W|RH|Rs,,0,0,validation
huc8_03090204,255726081303700,180,B_union_D,False,no_eligible_evaluation_windows,2995,6,5,0,Ta|P|W|RH|Rs,,0,0,validation
huc8_03090204,255726081303700,180,B_union_D_union_M_union_H,False,no_hydraulics_with_minimum_training_days,2995,6,5,0,Ta|P|W|RH|Rs,,0,0,validation
huc8_03090204,255726081303700,365,B_union_D,False,no_eligible_evaluation_windows,2995,6,5,0,Ta|P|W|RH|Rs,,0,0,validation
huc8_03090204,255726081303700,365,B_union_D_union_M_union_H,False,no_hydraulics_with_minimum_training_days,2995,6,5,0,Ta|P|W|RH|Rs,,0,0,validation
huc8_03100101,02297345,7,B_union_D,True,eligible,2807,3,5,0,Ta|P|W|RH|Rs,,364,20,validation
huc8_03100101,02297345,7,B_union_D_union_M_union_H,False,no_hydraulics_with_minimum_training_days,2807,3,5,0,Ta|P|W|RH|Rs,,0,0,validation
huc8_03100101,02297345,14,B_union_D,True,eligible,2807,3,5,0,Ta|P|W|RH|Rs,,315,20,validation
huc8_03100101,02297345,14,B_union_D_union_M_union_H,False,no_hydraulics_with_minimum_training_days,2807,3,5,0,Ta|P|W|RH|Rs,,0,0,validation
huc8_03100101,02297345,30,B_union_D,True,eligible,2807,3,5,0,Ta|P|W|RH|Rs,,213,20,validation
huc8_03100101,02297345,30,B_union_D_union_M_union_H,False,no_hydraulics_with_minimum_training_days,2807,3,5,0,Ta|P|W|RH|Rs,,0,0,validation
huc8_03100101,02297345,60,B_union_D,True,eligible,2807,3,5,0,Ta|P|W|RH|Rs,,95,20,validation
huc8_03100101,02297345,60,B_union_D_union_M_union_H,False,no_hydraulics_with_minimum_training_days,2807,3,5,0,Ta|P|W|RH|Rs,,0,0,validation
huc8_03100101,02297345,90,B_union_D,True,eligible,2807,3,5,0,Ta|P|W|RH|Rs,,31,20,validation
huc8_03100101,02297345,90,B_union_D_union_M_union_H,False,no_hydraulics_with_minimum_training_days,2807,3,5,0,Ta|P|W|RH|Rs,,0,0,validation
huc8_03100101,02297345,180,B_union_D,False,no_eligible_evaluation_windows,2807,3,5,0,Ta|P|W|RH|Rs,,0,0,validation
huc8_03100101,02297345,180,B_union_D_union_M_union_H,False,no_hydraulics_with_minimum_training_days,2807,3,5,0,Ta|P|W|RH|Rs,,0,0,validation
huc8_03100101,02297345,365,B_union_D,False,no_eligible_evaluation_windows,2807,3,5,0,Ta|P|W|RH|Rs,,0,0,validation
huc8_03100101,02297345,365,B_union_D_union_M_union_H,False,no_hydraulics_with_minimum_training_days,2807,3,5,0,Ta|P|W|RH|Rs,,0,0,validation
huc8_03100101,02297350,7,B_union_D,True,eligible,2815,3,5,0,Ta|P|W|RH|Rs,,364,20,validation
huc8_03100101,02297350,7,B_union_D_union_M_union_H,False,no_hydraulics_with_minimum_training_days,2815,3,5,0,Ta|P|W|RH|Rs,,0,0,validation
huc8_03100101,02297350,14,B_union_D,True,eligible,2815,3,5,0,Ta|P|W|RH|Rs,,315,20,validation
huc8_03100101,02297350,14,B_union_D_union_M_union_H,False,no_hydraulics_with_minimum_training_days,2815,3,5,0,Ta|P|W|RH|Rs,,0,0,validation
huc8_03100101,02297350,30,B_union_D,True,eligible,2815,3,5,0,Ta|P|W|RH|Rs,,213,20,validation
huc8_03100101,02297350,30,B_union_D_union_M_union_H,False,no_hydraulics_with_minimum_training_days,2815,3,5,0,Ta|P|W|RH|Rs,,0,0,validation
huc8_03100101,02297350,60,B_union_D,True,eligible,2815,3,5,0,Ta|P|W|RH|Rs,,95,20,validation
huc8_03100101,02297350,60,B_union_D_union_M_union_H,False,no_hydraulics_with_minimum_training_days,2815,3,5,0,Ta|P|W|RH|Rs,,0,0,validation
huc8_03100101,02297350,90,B_union_D,True,eligible,2815,3,5,0,Ta|P|W|RH|Rs,,31,20,validation
huc8_03100101,02297350,90,B_union_D_union_M_union_H,False,no_hydraulics_with_minimum_training_days,2815,3,5,0,Ta|P|W|RH|Rs,,0,0,validation
huc8_03100101,02297350,180,B_union_D,False,no_eligible_evaluation_windows,2815,3,5,0,Ta|P|W|RH|Rs,,0,0,validation
huc8_03100101,02297350,180,B_union_D_union_M_union_H,False,no_hydraulics_with_minimum_training_days,2815,3,5,0,Ta|P|W|RH|Rs,,0,0,validation
huc8_03100101,02297350,365,B_union_D,False,no_eligible_evaluation_windows,2815,3,5,0,Ta|P|W|RH|Rs,,0,0,validation
huc8_03100101,02297350,365,B_union_D_union_M_union_H,False,no_hydraulics_with_minimum_training_days,2815,3,5,0,Ta|P|W|RH|Rs,,0,0,validation
huc8_03100101,02297460,7,B_union_D,True,eligible,2538,3,5,0,Ta|P|W|RH|Rs,,352,20,validation
huc8_03100101,02297460,7,B_union_D_union_M_union_H,False,no_hydraulics_with_minimum_training_days,2538,3,5,0,Ta|P|W|RH|Rs,,0,0,validation
huc8_03100101,02297460,14,B_union_D,True,eligible,2538,3,5,0,Ta|P|W|RH|Rs,,303,20,validation
huc8_03100101,02297460,14,B_union_D_union_M_union_H,False,no_hydraulics_with_minimum_training_days,2538,3,5,0,Ta|P|W|RH|Rs,,0,0,validation
huc8_03100101,02297460,30,B_union_D,True,eligible,2538,3,5,0,Ta|P|W|RH|Rs,,202,20,validation
huc8_03100101,02297460,30,B_union_D_union_M_union_H,False,no_hydraulics_with_minimum_training_days,2538,3,5,0,Ta|P|W|RH|Rs,,0,0,validation
huc8_03100101,02297460,60,B_union_D,True,eligible,2538,3,5,0,Ta|P|W|RH|Rs,,90,20,validation
huc8_03100101,02297460,60,B_union_D_union_M_union_H,False,no_hydraulics_with_minimum_training_days,2538,3,5,0,Ta|P|W|RH|Rs,,0,0,validation
huc8_03100101,02297460,90,B_union_D,True,eligible,2538,3,5,0,Ta|P|W|RH|Rs,,28,20,validation
huc8_03100101,02297460,90,B_union_D_union_M_union_H,False,no_hydraulics_with_minimum_training_days,2538,3,5,0,Ta|P|W|RH|Rs,,0,0,validation
huc8_03100101,02297460,180,B_union_D,False,no_eligible_evaluation_windows,2538,3,5,0,Ta|P|W|RH|Rs,,0,0,validation
huc8_03100101,02297460,180,B_union_D_union_M_union_H,False,no_hydraulics_with_minimum_training_days,2538,3,5,0,Ta|P|W|RH|Rs,,0,0,validation
huc8_03100101,02297460,365,B_union_D,False,no_eligible_evaluation_windows,2538,3,5,0,Ta|P|W|RH|Rs,,0,0,validation
huc8_03100101,02297460,365,B_union_D_union_M_union_H,False,no_hydraulics_with_minimum_training_days,2538,3,5,0,Ta|P|W|RH|Rs,,0,0,validation
huc8_03100101,02298202,7,B_union_D,True,eligible,2820,3,5,2,Ta|P|W|RH|Rs,F|L,363,20,validation
huc8_03100101,02298202,7,B_union_D_union_M_union_H,True,eligible,2820,3,5,2,Ta|P|W|RH|Rs,F|L,98,20,validation
huc8_03100101,02298202,14,B_union_D,True,eligible,2820,3,5,2,Ta|P|W|RH|Rs,F|L,314,20,validation
huc8_03100101,02298202,14,B_union_D_union_M_union_H,True,eligible,2820,3,5,2,Ta|P|W|RH|Rs,F|L,77,20,validation
huc8_03100101,02298202,30,B_union_D,True,eligible,2820,3,5,2,Ta|P|W|RH|Rs,F|L,212,20,validation
huc8_03100101,02298202,30,B_union_D_union_M_union_H,True,eligible,2820,3,5,2,Ta|P|W|RH|Rs,F|L,39,20,validation
huc8_03100101,02298202,60,B_union_D,True,eligible,2820,3,5,2,Ta|P|W|RH|Rs,F|L,94,4,validation
huc8_03100101,02298202,60,B_union_D_union_M_union_H,True,eligible,2820,3,5,2,Ta|P|W|RH|Rs,F|L,4,4,validation
huc8_03100101,02298202,90,B_union_D,False,no_eligible_evaluation_windows,2820,3,5,2,Ta|P|W|RH|Rs,F|L,30,0,validation
huc8_03100101,02298202,90,B_union_D_union_M_union_H,False,no_eligible_evaluation_windows,2820,3,5,2,Ta|P|W|RH|Rs,F|L,0,0,validation
huc8_03100101,02298202,180,B_union_D,False,no_eligible_evaluation_windows,2820,3,5,2,Ta|P|W|RH|Rs,F|L,0,0,validation
huc8_03100101,02298202,180,B_union_D_union_M_union_H,False,no_eligible_evaluation_windows,2820,3,5,2,Ta|P|W|RH|Rs,F|L,0,0,validation
huc8_03100101,02298202,365,B_union_D,False,no_eligible_evaluation_windows,2820,3,5,2,Ta|P|W|RH|Rs,F|L,0,0,validation
huc8_03100101,02298202,365,B_union_D_union_M_union_H,False,no_eligible_evaluation_windows,2820,3,5,2,Ta|P|W|RH|Rs,F|L,0,0,validation
huc8_03100204,02301500,7,B_union_D,True,eligible,1797,2,5,2,Ta|P|W|RH|Rs,F|L,977,20,validation
huc8_03100204,02301500,7,B_union_D_union_M_union_H,True,eligible,1797,2,5,2,Ta|P|W|RH|Rs,F|L,977,20,validation
huc8_03100204,02301500,14,B_union_D,True,eligible,1797,2,5,2,Ta|P|W|RH|Rs,F|L,928,20,validation
huc8_03100204,02301500,14,B_union_D_union_M_union_H,True,eligible,1797,2,5,2,Ta|P|W|RH|Rs,F|L,928,20,validation
huc8_03100204,02301500,30,B_union_D,True,eligible,1797,2,5,2,Ta|P|W|RH|Rs,F|L,847,20,validation
huc8_03100204,02301500,30,B_union_D_union_M_union_H,True,eligible,1797,2,5,2,Ta|P|W|RH|Rs,F|L,847,20,validation
huc8_03100204,02301500,60,B_union_D,True,eligible,1797,2,5,2,Ta|P|W|RH|Rs,F|L,757,20,validation
huc8_03100204,02301500,60,B_union_D_union_M_union_H,True,eligible,1797,2,5,2,Ta|P|W|RH|Rs,F|L,757,20,validation
huc8_03100204,02301500,90,B_union_D,True,eligible,1797,2,5,2,Ta|P|W|RH|Rs,F|L,667,20,validation
huc8_03100204,02301500,90,B_union_D_union_M_union_H,True,eligible,1797,2,5,2,Ta|P|W|RH|Rs,F|L,667,20,validation
huc8_03100204,02301500,180,B_union_D,True,eligible,1797,2,5,2,Ta|P|W|RH|Rs,F|L,463,20,validation
huc8_03100204,02301500,180,B_union_D_union_M_union_H,True,eligible,1797,2,5,2,Ta|P|W|RH|Rs,F|L,463,20,validation
huc8_03100204,02301500,365,B_union_D,True,eligible,1797,2,5,2,Ta|P|W|RH|Rs,F|L,118,20,validation
huc8_03100204,02301500,365,B_union_D_union_M_union_H,True,eligible,1797,2,5,2,Ta|P|W|RH|Rs,F|L,118,20,validation
huc8_03100204,02301718,7,B_union_D,True,eligible,2357,2,5,1,Ta|P|W|RH|Rs,F,984,20,validation
huc8_03100204,02301718,7,B_union_D_union_M_union_H,True,eligible,2357,2,5,1,Ta|P|W|RH|Rs,F,961,20,validation
huc8_03100204,02301718,14,B_union_D,True,eligible,2357,2,5,1,Ta|P|W|RH|Rs,F,935,20,validation
huc8_03100204,02301718,14,B_union_D_union_M_union_H,True,eligible,2357,2,5,1,Ta|P|W|RH|Rs,F,891,20,validation
huc8_03100204,02301718,30,B_union_D,True,eligible,2357,2,5,1,Ta|P|W|RH|Rs,F,850,20,validation
huc8_03100204,02301718,30,B_union_D_union_M_union_H,True,eligible,2357,2,5,1,Ta|P|W|RH|Rs,F,758,20,validation
huc8_03100204,02301718,60,B_union_D,True,eligible,2357,2,5,1,Ta|P|W|RH|Rs,F,760,20,validation
huc8_03100204,02301718,60,B_union_D_union_M_union_H,True,eligible,2357,2,5,1,Ta|P|W|RH|Rs,F,578,20,validation
huc8_03100204,02301718,90,B_union_D,True,eligible,2357,2,5,1,Ta|P|W|RH|Rs,F,670,20,validation
huc8_03100204,02301718,90,B_union_D_union_M_union_H,True,eligible,2357,2,5,1,Ta|P|W|RH|Rs,F,448,20,validation
huc8_03100204,02301718,180,B_union_D,True,eligible,2357,2,5,1,Ta|P|W|RH|Rs,F,464,20,validation
huc8_03100204,02301718,180,B_union_D_union_M_union_H,True,eligible,2357,2,5,1,Ta|P|W|RH|Rs,F,238,20,validation
huc8_03100204,02301718,365,B_union_D,True,eligible,2357,2,5,1,Ta|P|W|RH|Rs,F,119,20,validation
huc8_03100204,02301718,365,B_union_D_union_M_union_H,True,eligible,2357,2,5,1,Ta|P|W|RH|Rs,F,25,20,validation
huc8_03100204,02301721,7,B_union_D,True,eligible,2391,2,5,0,Ta|P|W|RH|Rs,,987,20,validation
huc8_03100204,02301721,7,B_union_D_union_M_union_H,False,no_hydraulics_with_minimum_training_days,2391,2,5,0,Ta|P|W|RH|Rs,,0,0,validation
huc8_03100204,02301721,14,B_union_D,True,eligible,2391,2,5,0,Ta|P|W|RH|Rs,,938,20,validation
huc8_03100204,02301721,14,B_union_D_union_M_union_H,False,no_hydraulics_with_minimum_training_days,2391,2,5,0,Ta|P|W|RH|Rs,,0,0,validation
huc8_03100204,02301721,30,B_union_D,True,eligible,2391,2,5,0,Ta|P|W|RH|Rs,,851,20,validation
huc8_03100204,02301721,30,B_union_D_union_M_union_H,False,no_hydraulics_with_minimum_training_days,2391,2,5,0,Ta|P|W|RH|Rs,,0,0,validation
huc8_03100204,02301721,60,B_union_D,True,eligible,2391,2,5,0,Ta|P|W|RH|Rs,,761,20,validation
huc8_03100204,02301721,60,B_union_D_union_M_union_H,False,no_hydraulics_with_minimum_training_days,2391,2,5,0,Ta|P|W|RH|Rs,,0,0,validation
huc8_03100204,02301721,90,B_union_D,True,eligible,2391,2,5,0,Ta|P|W|RH|Rs,,671,20,validation
huc8_03100204,02301721,90,B_union_D_union_M_union_H,False,no_hydraulics_with_minimum_training_days,2391,2,5,0,Ta|P|W|RH|Rs,,0,0,validation
huc8_03100204,02301721,180,B_union_D,True,eligible,2391,2,5,0,Ta|P|W|RH|Rs,,465,20,validation
huc8_03100204,02301721,180,B_union_D_union_M_union_H,False,no_hydraulics_with_minimum_training_days,2391,2,5,0,Ta|P|W|RH|Rs,,0,0,validation
huc8_03100204,02301721,365,B_union_D,True,eligible,2391,2,5,0,Ta|P|W|RH|Rs,,119,20,validation
huc8_03100204,02301721,365,B_union_D_union_M_union_H,False,no_hydraulics_with_minimum_training_days,2391,2,5,0,Ta|P|W|RH|Rs,,0,0,validation
huc8_03100205,02304000,7,B_union_D,True,eligible,569,3,5,1,Ta|P|W|RH|Rs,L,2586,20,validation
huc8_03100205,02304000,7,B_union_D_union_M_union_H,True,eligible,569,3,5,1,Ta|P|W|RH|Rs,L,2565,20,validation
huc8_03100205,02304000,14,B_union_D,True,eligible,569,3,5,1,Ta|P|W|RH|Rs,L,2400,20,validation
huc8_03100205,02304000,14,B_union_D_union_M_union_H,True,eligible,569,3,5,1,Ta|P|W|RH|Rs,L,2365,20,validation
huc8_03100205,02304000,30,B_union_D,True,eligible,569,3,5,1,Ta|P|W|RH|Rs,L,2029,20,validation
huc8_03100205,02304000,30,B_union_D_union_M_union_H,True,eligible,569,3,5,1,Ta|P|W|RH|Rs,L,1986,20,validation
huc8_03100205,02304000,60,B_union_D,True,eligible,569,3,5,1,Ta|P|W|RH|Rs,L,1447,20,validation
huc8_03100205,02304000,60,B_union_D_union_M_union_H,True,eligible,569,3,5,1,Ta|P|W|RH|Rs,L,1404,20,validation
huc8_03100205,02304000,90,B_union_D,True,eligible,569,3,5,1,Ta|P|W|RH|Rs,L,990,20,validation
huc8_03100205,02304000,90,B_union_D_union_M_union_H,True,eligible,569,3,5,1,Ta|P|W|RH|Rs,L,949,20,validation
huc8_03100205,02304000,180,B_union_D,True,eligible,569,3,5,1,Ta|P|W|RH|Rs,L,276,20,validation
huc8_03100205,02304000,180,B_union_D_union_M_union_H,True,eligible,569,3,5,1,Ta|P|W|RH|Rs,L,276,20,validation
huc8_03100205,02304000,365,B_union_D,False,no_eligible_evaluation_windows,569,3,5,1,Ta|P|W|RH|Rs,L,0,0,validation
huc8_03100205,02304000,365,B_union_D_union_M_union_H,False,no_eligible_evaluation_windows,569,3,5,1,Ta|P|W|RH|Rs,L,0,0,validation
huc8_03100205,02304510,7,B_union_D,True,eligible,555,3,5,0,Ta|P|W|RH|Rs,,2588,20,validation
huc8_03100205,02304510,7,B_union_D_union_M_union_H,False,no_hydraulics_with_minimum_training_days,555,3,5,0,Ta|P|W|RH|Rs,,0,0,validation
huc8_03100205,02304510,14,B_union_D,True,eligible,555,3,5,0,Ta|P|W|RH|Rs,,2402,20,validation
huc8_03100205,02304510,14,B_union_D_union_M_union_H,False,no_hydraulics_with_minimum_training_days,555,3,5,0,Ta|P|W|RH|Rs,,0,0,validation
huc8_03100205,02304510,30,B_union_D,True,eligible,555,3,5,0,Ta|P|W|RH|Rs,,2031,20,validation
huc8_03100205,02304510,30,B_union_D_union_M_union_H,False,no_hydraulics_with_minimum_training_days,555,3,5,0,Ta|P|W|RH|Rs,,0,0,validation
huc8_03100205,02304510,60,B_union_D,True,eligible,555,3,5,0,Ta|P|W|RH|Rs,,1447,20,validation
huc8_03100205,02304510,60,B_union_D_union_M_union_H,False,no_hydraulics_with_minimum_training_days,555,3,5,0,Ta|P|W|RH|Rs,,0,0,validation
huc8_03100205,02304510,90,B_union_D,True,eligible,555,3,5,0,Ta|P|W|RH|Rs,,992,20,validation
huc8_03100205,02304510,90,B_union_D_union_M_union_H,False,no_hydraulics_with_minimum_training_days,555,3,5,0,Ta|P|W|RH|Rs,,0,0,validation
huc8_03100205,02304510,180,B_union_D,True,eligible,555,3,5,0,Ta|P|W|RH|Rs,,276,20,validation
huc8_03100205,02304510,180,B_union_D_union_M_union_H,False,no_hydraulics_with_minimum_training_days,555,3,5,0,Ta|P|W|RH|Rs,,0,0,validation
huc8_03100205,02304510,365,B_union_D,False,no_eligible_evaluation_windows,555,3,5,0,Ta|P|W|RH|Rs,,0,0,validation
huc8_03100205,02304510,365,B_union_D_union_M_union_H,False,no_hydraulics_with_minimum_training_days,555,3,5,0,Ta|P|W|RH|Rs,,0,0,validation
huc8_03100205,02304517,7,B_union_D,False,insufficient_training_target_days,67,0,0,0,,,0,0,validation
huc8_03100205,02304517,7,B_union_D_union_M_union_H,False,insufficient_training_target_days,67,0,0,0,,,0,0,validation
huc8_03100205,02304517,14,B_union_D,False,insufficient_training_target_days,67,0,0,0,,,0,0,validation
huc8_03100205,02304517,14,B_union_D_union_M_union_H,False,insufficient_training_target_days,67,0,0,0,,,0,0,validation
huc8_03100205,02304517,30,B_union_D,False,insufficient_training_target_days,67,0,0,0,,,0,0,validation
huc8_03100205,02304517,30,B_union_D_union_M_union_H,False,insufficient_training_target_days,67,0,0,0,,,0,0,validation
huc8_03100205,02304517,60,B_union_D,False,insufficient_training_target_days,67,0,0,0,,,0,0,validation
huc8_03100205,02304517,60,B_union_D_union_M_union_H,False,insufficient_training_target_days,67,0,0,0,,,0,0,validation
huc8_03100205,02304517,90,B_union_D,False,insufficient_training_target_days,67,0,0,0,,,0,0,validation
huc8_03100205,02304517,90,B_union_D_union_M_union_H,False,insufficient_training_target_days,67,0,0,0,,,0,0,validation
huc8_03100205,02304517,180,B_union_D,False,insufficient_training_target_days,67,0,0,0,,,0,0,validation
huc8_03100205,02304517,180,B_union_D_union_M_union_H,False,insufficient_training_target_days,67,0,0,0,,,0,0,validation
huc8_03100205,02304517,365,B_union_D,False,insufficient_training_target_days,67,0,0,0,,,0,0,validation
huc8_03100205,02304517,365,B_union_D_union_M_union_H,False,insufficient_training_target_days,67,0,0,0,,,0,0,validation
huc8_03100205,023060013,7,B_union_D,True,eligible,2275,3,5,0,Ta|P|W|RH|Rs,,2575,20,validation
huc8_03100205,023060013,7,B_union_D_union_M_union_H,False,no_hydraulics_with_minimum_training_days,2275,3,5,0,Ta|P|W|RH|Rs,,0,0,validation
huc8_03100205,023060013,14,B_union_D,True,eligible,2275,3,5,0,Ta|P|W|RH|Rs,,2391,20,validation
huc8_03100205,023060013,14,B_union_D_union_M_union_H,False,no_hydraulics_with_minimum_training_days,2275,3,5,0,Ta|P|W|RH|Rs,,0,0,validation
huc8_03100205,023060013,30,B_union_D,True,eligible,2275,3,5,0,Ta|P|W|RH|Rs,,2021,20,validation
huc8_03100205,023060013,30,B_union_D_union_M_union_H,False,no_hydraulics_with_minimum_training_days,2275,3,5,0,Ta|P|W|RH|Rs,,0,0,validation
huc8_03100205,023060013,60,B_union_D,True,eligible,2275,3,5,0,Ta|P|W|RH|Rs,,1441,20,validation
huc8_03100205,023060013,60,B_union_D_union_M_union_H,False,no_hydraulics_with_minimum_training_days,2275,3,5,0,Ta|P|W|RH|Rs,,0,0,validation
huc8_03100205,023060013,90,B_union_D,True,eligible,2275,3,5,0,Ta|P|W|RH|Rs,,988,20,validation
huc8_03100205,023060013,90,B_union_D_union_M_union_H,False,no_hydraulics_with_minimum_training_days,2275,3,5,0,Ta|P|W|RH|Rs,,0,0,validation
huc8_03100205,023060013,180,B_union_D,True,eligible,2275,3,5,0,Ta|P|W|RH|Rs,,273,20,validation
huc8_03100205,023060013,180,B_union_D_union_M_union_H,False,no_hydraulics_with_minimum_training_days,2275,3,5,0,Ta|P|W|RH|Rs,,0,0,validation
huc8_03100205,023060013,365,B_union_D,False,no_eligible_evaluation_windows,2275,3,5,0,Ta|P|W|RH|Rs,,0,0,validation
huc8_03100205,023060013,365,B_union_D_union_M_union_H,False,no_hydraulics_with_minimum_training_days,2275,3,5,0,Ta|P|W|RH|Rs,,0,0,validation
huc8_03100205,02306028,7,B_union_D,True,eligible,571,3,5,0,Ta|P|W|RH|Rs,,2583,20,validation
huc8_03100205,02306028,7,B_union_D_union_M_union_H,False,no_hydraulics_with_minimum_training_days,571,3,5,0,Ta|P|W|RH|Rs,,0,0,validation
huc8_03100205,02306028,14,B_union_D,True,eligible,571,3,5,0,Ta|P|W|RH|Rs,,2401,20,validation
huc8_03100205,02306028,14,B_union_D_union_M_union_H,False,no_hydraulics_with_minimum_training_days,571,3,5,0,Ta|P|W|RH|Rs,,0,0,validation
huc8_03100205,02306028,30,B_union_D,True,eligible,571,3,5,0,Ta|P|W|RH|Rs,,2031,20,validation
huc8_03100205,02306028,30,B_union_D_union_M_union_H,False,no_hydraulics_with_minimum_training_days,571,3,5,0,Ta|P|W|RH|Rs,,0,0,validation
huc8_03100205,02306028,60,B_union_D,True,eligible,571,3,5,0,Ta|P|W|RH|Rs,,1451,20,validation
huc8_03100205,02306028,60,B_union_D_union_M_union_H,False,no_hydraulics_with_minimum_training_days,571,3,5,0,Ta|P|W|RH|Rs,,0,0,validation
huc8_03100205,02306028,90,B_union_D,True,eligible,571,3,5,0,Ta|P|W|RH|Rs,,994,20,validation
huc8_03100205,02306028,90,B_union_D_union_M_union_H,False,no_hydraulics_with_minimum_training_days,571,3,5,0,Ta|P|W|RH|Rs,,0,0,validation
huc8_03100205,02306028,180,B_union_D,True,eligible,571,3,5,0,Ta|P|W|RH|Rs,,277,20,validation
huc8_03100205,02306028,180,B_union_D_union_M_union_H,False,no_hydraulics_with_minimum_training_days,571,3,5,0,Ta|P|W|RH|Rs,,0,0,validation
huc8_03100205,02306028,365,B_union_D,False,no_eligible_evaluation_windows,571,3,5,0,Ta|P|W|RH|Rs,,0,0,validation
huc8_03100205,02306028,365,B_union_D_union_M_union_H,False,no_hydraulics_with_minimum_training_days,571,3,5,0,Ta|P|W|RH|Rs,,0,0,validation
huc8_03100207,02310308,7,B_union_D,True,eligible,2389,11,5,1,Ta|P|W|RH|Rs,F,742,20,validation
huc8_03100207,02310308,7,B_union_D_union_M_union_H,True,eligible,2389,11,5,1,Ta|P|W|RH|Rs,F,691,20,validation
huc8_03100207,02310308,14,B_union_D,True,eligible,2389,11,5,1,Ta|P|W|RH|Rs,F,578,20,validation
huc8_03100207,02310308,14,B_union_D_union_M_union_H,True,eligible,2389,11,5,1,Ta|P|W|RH|Rs,F,516,20,validation
huc8_03100207,02310308,30,B_union_D,True,eligible,2389,11,5,1,Ta|P|W|RH|Rs,F,290,20,validation
huc8_03100207,02310308,30,B_union_D_union_M_union_H,True,eligible,2389,11,5,1,Ta|P|W|RH|Rs,F,256,20,validation
huc8_03100207,02310308,60,B_union_D,True,eligible,2389,11,5,1,Ta|P|W|RH|Rs,F,38,20,validation
huc8_03100207,02310308,60,B_union_D_union_M_union_H,True,eligible,2389,11,5,1,Ta|P|W|RH|Rs,F,38,20,validation
huc8_03100207,02310308,90,B_union_D,False,no_eligible_evaluation_windows,2389,11,5,1,Ta|P|W|RH|Rs,F,0,0,validation
huc8_03100207,02310308,90,B_union_D_union_M_union_H,False,no_eligible_evaluation_windows,2389,11,5,1,Ta|P|W|RH|Rs,F,0,0,validation
huc8_03100207,02310308,180,B_union_D,False,no_eligible_evaluation_windows,2389,11,5,1,Ta|P|W|RH|Rs,F,0,0,validation
huc8_03100207,02310308,180,B_union_D_union_M_union_H,False,no_eligible_evaluation_windows,2389,11,5,1,Ta|P|W|RH|Rs,F,0,0,validation
huc8_03100207,02310308,365,B_union_D,False,no_eligible_evaluation_windows,2389,11,5,1,Ta|P|W|RH|Rs,F,0,0,validation
huc8_03100207,02310308,365,B_union_D_union_M_union_H,False,no_eligible_evaluation_windows,2389,11,5,1,Ta|P|W|RH|Rs,F,0,0,validation
huc8_03100207,02310650,7,B_union_D,True,eligible,2349,11,5,1,Ta|P|W|RH|Rs,F,745,20,validation
huc8_03100207,02310650,7,B_union_D_union_M_union_H,True,eligible,2349,11,5,1,Ta|P|W|RH|Rs,F,271,20,validation
huc8_03100207,02310650,14,B_union_D,True,eligible,2349,11,5,1,Ta|P|W|RH|Rs,F,578,20,validation
huc8_03100207,02310650,14,B_union_D_union_M_union_H,True,eligible,2349,11,5,1,Ta|P|W|RH|Rs,F,121,20,validation
huc8_03100207,02310650,30,B_union_D,True,eligible,2349,11,5,1,Ta|P|W|RH|Rs,F,291,20,validation
huc8_03100207,02310650,30,B_union_D_union_M_union_H,True,eligible,2349,11,5,1,Ta|P|W|RH|Rs,F,46,20,validation
huc8_03100207,02310650,60,B_union_D,True,eligible,2349,11,5,1,Ta|P|W|RH|Rs,F,39,9,validation
huc8_03100207,02310650,60,B_union_D_union_M_union_H,True,eligible,2349,11,5,1,Ta|P|W|RH|Rs,F,9,9,validation
huc8_03100207,02310650,90,B_union_D,False,no_eligible_evaluation_windows,2349,11,5,1,Ta|P|W|RH|Rs,F,0,0,validation
huc8_03100207,02310650,90,B_union_D_union_M_union_H,False,no_eligible_evaluation_windows,2349,11,5,1,Ta|P|W|RH|Rs,F,0,0,validation
huc8_03100207,02310650,180,B_union_D,False,no_eligible_evaluation_windows,2349,11,5,1,Ta|P|W|RH|Rs,F,0,0,validation
huc8_03100207,02310650,180,B_union_D_union_M_union_H,False,no_eligible_evaluation_windows,2349,11,5,1,Ta|P|W|RH|Rs,F,0,0,validation
huc8_03100207,02310650,365,B_union_D,False,no_eligible_evaluation_windows,2349,11,5,1,Ta|P|W|RH|Rs,F,0,0,validation
huc8_03100207,02310650,365,B_union_D_union_M_union_H,False,no_eligible_evaluation_windows,2349,11,5,1,Ta|P|W|RH|Rs,F,0,0,validation
huc8_03100207,02310673,7,B_union_D,True,eligible,2075,11,5,0,Ta|P|W|RH|Rs,,749,20,validation
huc8_03100207,02310673,7,B_union_D_union_M_union_H,False,no_hydraulics_with_minimum_training_days,2075,11,5,0,Ta|P|W|RH|Rs,,0,0,validation
huc8_03100207,02310673,14,B_union_D,True,eligible,2075,11,5,0,Ta|P|W|RH|Rs,,582,20,validation
huc8_03100207,02310673,14,B_union_D_union_M_union_H,False,no_hydraulics_with_minimum_training_days,2075,11,5,0,Ta|P|W|RH|Rs,,0,0,validation
huc8_03100207,02310673,30,B_union_D,True,eligible,2075,11,5,0,Ta|P|W|RH|Rs,,295,20,validation
huc8_03100207,02310673,30,B_union_D_union_M_union_H,False,no_hydraulics_with_minimum_training_days,2075,11,5,0,Ta|P|W|RH|Rs,,0,0,validation
huc8_03100207,02310673,60,B_union_D,True,eligible,2075,11,5,0,Ta|P|W|RH|Rs,,40,20,validation
huc8_03100207,02310673,60,B_union_D_union_M_union_H,False,no_hydraulics_with_minimum_training_days,2075,11,5,0,Ta|P|W|RH|Rs,,0,0,validation
huc8_03100207,02310673,90,B_union_D,False,no_eligible_evaluation_windows,2075,11,5,0,Ta|P|W|RH|Rs,,0,0,validation
huc8_03100207,02310673,90,B_union_D_union_M_union_H,False,no_hydraulics_with_minimum_training_days,2075,11,5,0,Ta|P|W|RH|Rs,,0,0,validation
huc8_03100207,02310673,180,B_union_D,False,no_eligible_evaluation_windows,2075,11,5,0,Ta|P|W|RH|Rs,,0,0,validation
huc8_03100207,02310673,180,B_union_D_union_M_union_H,False,no_hydraulics_with_minimum_training_days,2075,11,5,0,Ta|P|W|RH|Rs,,0,0,validation
huc8_03100207,02310673,365,B_union_D,False,no_eligible_evaluation_windows,2075,11,5,0,Ta|P|W|RH|Rs,,0,0,validation
huc8_03100207,02310673,365,B_union_D_union_M_union_H,False,no_hydraulics_with_minimum_training_days,2075,11,5,0,Ta|P|W|RH|Rs,,0,0,validation
huc8_03100207,02310674,7,B_union_D,True,eligible,2385,11,5,0,Ta|P|W|RH|Rs,,739,20,validation
huc8_03100207,02310674,7,B_union_D_union_M_union_H,False,no_hydraulics_with_minimum_training_days,2385,11,5,0,Ta|P|W|RH|Rs,,0,0,validation
huc8_03100207,02310674,14,B_union_D,True,eligible,2385,11,5,0,Ta|P|W|RH|Rs,,576,20,validation
huc8_03100207,02310674,14,B_union_D_union_M_union_H,False,no_hydraulics_with_minimum_training_days,2385,11,5,0,Ta|P|W|RH|Rs,,0,0,validation
huc8_03100207,02310674,30,B_union_D,True,eligible,2385,11,5,0,Ta|P|W|RH|Rs,,289,20,validation
huc8_03100207,02310674,30,B_union_D_union_M_union_H,False,no_hydraulics_with_minimum_training_days,2385,11,5,0,Ta|P|W|RH|Rs,,0,0,validation
huc8_03100207,02310674,60,B_union_D,True,eligible,2385,11,5,0,Ta|P|W|RH|Rs,,39,20,validation
huc8_03100207,02310674,60,B_union_D_union_M_union_H,False,no_hydraulics_with_minimum_training_days,2385,11,5,0,Ta|P|W|RH|Rs,,0,0,validation
huc8_03100207,02310674,90,B_union_D,False,no_eligible_evaluation_windows,2385,11,5,0,Ta|P|W|RH|Rs,,0,0,validation
huc8_03100207,02310674,90,B_union_D_union_M_union_H,False,no_hydraulics_with_minimum_training_days,2385,11,5,0,Ta|P|W|RH|Rs,,0,0,validation
huc8_03100207,02310674,180,B_union_D,False,no_eligible_evaluation_windows,2385,11,5,0,Ta|P|W|RH|Rs,,0,0,validation
huc8_03100207,02310674,180,B_union_D_union_M_union_H,False,no_hydraulics_with_minimum_training_days,2385,11,5,0,Ta|P|W|RH|Rs,,0,0,validation
huc8_03100207,02310674,365,B_union_D,False,no_eligible_evaluation_windows,2385,11,5,0,Ta|P|W|RH|Rs,,0,0,validation
huc8_03100207,02310674,365,B_union_D_union_M_union_H,False,no_hydraulics_with_minimum_training_days,2385,11,5,0,Ta|P|W|RH|Rs,,0,0,validation
huc8_03100207,02310689,7,B_union_D,True,eligible,2395,11,5,1,Ta|P|W|RH|Rs,F,739,20,validation
huc8_03100207,02310689,7,B_union_D_union_M_union_H,True,eligible,2395,11,5,1,Ta|P|W|RH|Rs,F,654,20,validation
huc8_03100207,02310689,14,B_union_D,True,eligible,2395,11,5,1,Ta|P|W|RH|Rs,F,574,20,validation
huc8_03100207,02310689,14,B_union_D_union_M_union_H,True,eligible,2395,11,5,1,Ta|P|W|RH|Rs,F,467,20,validation
huc8_03100207,02310689,30,B_union_D,True,eligible,2395,11,5,1,Ta|P|W|RH|Rs,F,287,20,validation
huc8_03100207,02310689,30,B_union_D_union_M_union_H,True,eligible,2395,11,5,1,Ta|P|W|RH|Rs,F,212,20,validation
huc8_03100207,02310689,60,B_union_D,True,eligible,2395,11,5,1,Ta|P|W|RH|Rs,F,40,20,validation
huc8_03100207,02310689,60,B_union_D_union_M_union_H,True,eligible,2395,11,5,1,Ta|P|W|RH|Rs,F,40,20,validation
huc8_03100207,02310689,90,B_union_D,False,no_eligible_evaluation_windows,2395,11,5,1,Ta|P|W|RH|Rs,F,0,0,validation
huc8_03100207,02310689,90,B_union_D_union_M_union_H,False,no_eligible_evaluation_windows,2395,11,5,1,Ta|P|W|RH|Rs,F,0,0,validation
huc8_03100207,02310689,180,B_union_D,False,no_eligible_evaluation_windows,2395,11,5,1,Ta|P|W|RH|Rs,F,0,0,validation
huc8_03100207,02310689,180,B_union_D_union_M_union_H,False,no_eligible_evaluation_windows,2395,11,5,1,Ta|P|W|RH|Rs,F,0,0,validation
huc8_03100207,02310689,365,B_union_D,False,no_eligible_evaluation_windows,2395,11,5,1,Ta|P|W|RH|Rs,F,0,0,validation
huc8_03100207,02310689,365,B_union_D_union_M_union_H,False,no_eligible_evaluation_windows,2395,11,5,1,Ta|P|W|RH|Rs,F,0,0,validation
huc8_03100207,02310690,7,B_union_D,True,eligible,1985,11,5,0,Ta|P|W|RH|Rs,,746,20,validation
huc8_03100207,02310690,7,B_union_D_union_M_union_H,False,no_hydraulics_with_minimum_training_days,1985,11,5,0,Ta|P|W|RH|Rs,,0,0,validation
huc8_03100207,02310690,14,B_union_D,True,eligible,1985,11,5,0,Ta|P|W|RH|Rs,,581,20,validation
huc8_03100207,02310690,14,B_union_D_union_M_union_H,False,no_hydraulics_with_minimum_training_days,1985,11,5,0,Ta|P|W|RH|Rs,,0,0,validation
huc8_03100207,02310690,30,B_union_D,True,eligible,1985,11,5,0,Ta|P|W|RH|Rs,,294,20,validation
huc8_03100207,02310690,30,B_union_D_union_M_union_H,False,no_hydraulics_with_minimum_training_days,1985,11,5,0,Ta|P|W|RH|Rs,,0,0,validation
huc8_03100207,02310690,60,B_union_D,True,eligible,1985,11,5,0,Ta|P|W|RH|Rs,,40,20,validation
huc8_03100207,02310690,60,B_union_D_union_M_union_H,False,no_hydraulics_with_minimum_training_days,1985,11,5,0,Ta|P|W|RH|Rs,,0,0,validation
huc8_03100207,02310690,90,B_union_D,False,no_eligible_evaluation_windows,1985,11,5,0,Ta|P|W|RH|Rs,,0,0,validation
huc8_03100207,02310690,90,B_union_D_union_M_union_H,False,no_hydraulics_with_minimum_training_days,1985,11,5,0,Ta|P|W|RH|Rs,,0,0,validation
huc8_03100207,02310690,180,B_union_D,False,no_eligible_evaluation_windows,1985,11,5,0,Ta|P|W|RH|Rs,,0,0,validation
huc8_03100207,02310690,180,B_union_D_union_M_union_H,False,no_hydraulics_with_minimum_training_days,1985,11,5,0,Ta|P|W|RH|Rs,,0,0,validation
huc8_03100207,02310690,365,B_union_D,False,no_eligible_evaluation_windows,1985,11,5,0,Ta|P|W|RH|Rs,,0,0,validation
huc8_03100207,02310690,365,B_union_D_union_M_union_H,False,no_hydraulics_with_minimum_training_days,1985,11,5,0,Ta|P|W|RH|Rs,,0,0,validation
huc8_03100207,02310700,7,B_union_D,True,eligible,2386,11,5,1,Ta|P|W|RH|Rs,F,744,20,validation
huc8_03100207,02310700,7,B_union_D_union_M_union_H,True,eligible,2386,11,5,1,Ta|P|W|RH|Rs,F,653,20,validation
huc8_03100207,02310700,14,B_union_D,True,eligible,2386,11,5,1,Ta|P|W|RH|Rs,F,577,20,validation
huc8_03100207,02310700,14,B_union_D_union_M_union_H,True,eligible,2386,11,5,1,Ta|P|W|RH|Rs,F,469,20,validation
huc8_03100207,02310700,30,B_union_D,True,eligible,2386,11,5,1,Ta|P|W|RH|Rs,F,291,20,validation
huc8_03100207,02310700,30,B_union_D_union_M_union_H,True,eligible,2386,11,5,1,Ta|P|W|RH|Rs,F,217,20,validation
huc8_03100207,02310700,60,B_union_D,True,eligible,2386,11,5,1,Ta|P|W|RH|Rs,F,40,11,validation
huc8_03100207,02310700,60,B_union_D_union_M_union_H,True,eligible,2386,11,5,1,Ta|P|W|RH|Rs,F,11,11,validation
huc8_03100207,02310700,90,B_union_D,False,no_eligible_evaluation_windows,2386,11,5,1,Ta|P|W|RH|Rs,F,0,0,validation
huc8_03100207,02310700,90,B_union_D_union_M_union_H,False,no_eligible_evaluation_windows,2386,11,5,1,Ta|P|W|RH|Rs,F,0,0,validation
huc8_03100207,02310700,180,B_union_D,False,no_eligible_evaluation_windows,2386,11,5,1,Ta|P|W|RH|Rs,F,0,0,validation
huc8_03100207,02310700,180,B_union_D_union_M_union_H,False,no_eligible_evaluation_windows,2386,11,5,1,Ta|P|W|RH|Rs,F,0,0,validation
huc8_03100207,02310700,365,B_union_D,False,no_eligible_evaluation_windows,2386,11,5,1,Ta|P|W|RH|Rs,F,0,0,validation
huc8_03100207,02310700,365,B_union_D_union_M_union_H,False,no_eligible_evaluation_windows,2386,11,5,1,Ta|P|W|RH|Rs,F,0,0,validation
huc8_03100207,02310740,7,B_union_D,True,eligible,2326,11,5,1,Ta|P|W|RH|Rs,F,747,20,validation
huc8_03100207,02310740,7,B_union_D_union_M_union_H,True,eligible,2326,11,5,1,Ta|P|W|RH|Rs,F,732,20,validation
huc8_03100207,02310740,14,B_union_D,True,eligible,2326,11,5,1,Ta|P|W|RH|Rs,F,580,20,validation
huc8_03100207,02310740,14,B_union_D_union_M_union_H,True,eligible,2326,11,5,1,Ta|P|W|RH|Rs,F,567,20,validation
huc8_03100207,02310740,30,B_union_D,True,eligible,2326,11,5,1,Ta|P|W|RH|Rs,F,293,20,validation
huc8_03100207,02310740,30,B_union_D_union_M_union_H,True,eligible,2326,11,5,1,Ta|P|W|RH|Rs,F,284,20,validation
huc8_03100207,02310740,60,B_union_D,True,eligible,2326,11,5,1,Ta|P|W|RH|Rs,F,40,20,validation
huc8_03100207,02310740,60,B_union_D_union_M_union_H,True,eligible,2326,11,5,1,Ta|P|W|RH|Rs,F,40,20,validation
huc8_03100207,02310740,90,B_union_D,False,no_eligible_evaluation_windows,2326,11,5,1,Ta|P|W|RH|Rs,F,0,0,validation
huc8_03100207,02310740,90,B_union_D_union_M_union_H,False,no_eligible_evaluation_windows,2326,11,5,1,Ta|P|W|RH|Rs,F,0,0,validation
huc8_03100207,02310740,180,B_union_D,False,no_eligible_evaluation_windows,2326,11,5,1,Ta|P|W|RH|Rs,F,0,0,validation
huc8_03100207,02310740,180,B_union_D_union_M_union_H,False,no_eligible_evaluation_windows,2326,11,5,1,Ta|P|W|RH|Rs,F,0,0,validation
huc8_03100207,02310740,365,B_union_D,False,no_eligible_evaluation_windows,2326,11,5,1,Ta|P|W|RH|Rs,F,0,0,validation
huc8_03100207,02310740,365,B_union_D_union_M_union_H,False,no_eligible_evaluation_windows,2326,11,5,1,Ta|P|W|RH|Rs,F,0,0,validation
huc8_03100207,02310742,7,B_union_D,True,eligible,2022,11,5,0,Ta|P|W|RH|Rs,,750,20,validation
huc8_03100207,02310742,7,B_union_D_union_M_union_H,False,no_hydraulics_with_minimum_training_days,2022,11,5,0,Ta|P|W|RH|Rs,,0,0,validation
huc8_03100207,02310742,14,B_union_D,True,eligible,2022,11,5,0,Ta|P|W|RH|Rs,,583,20,validation
huc8_03100207,02310742,14,B_union_D_union_M_union_H,False,no_hydraulics_with_minimum_training_days,2022,11,5,0,Ta|P|W|RH|Rs,,0,0,validation
huc8_03100207,02310742,30,B_union_D,True,eligible,2022,11,5,0,Ta|P|W|RH|Rs,,295,20,validation
huc8_03100207,02310742,30,B_union_D_union_M_union_H,False,no_hydraulics_with_minimum_training_days,2022,11,5,0,Ta|P|W|RH|Rs,,0,0,validation
huc8_03100207,02310742,60,B_union_D,True,eligible,2022,11,5,0,Ta|P|W|RH|Rs,,40,20,validation
huc8_03100207,02310742,60,B_union_D_union_M_union_H,False,no_hydraulics_with_minimum_training_days,2022,11,5,0,Ta|P|W|RH|Rs,,0,0,validation
huc8_03100207,02310742,90,B_union_D,False,no_eligible_evaluation_windows,2022,11,5,0,Ta|P|W|RH|Rs,,0,0,validation
huc8_03100207,02310742,90,B_union_D_union_M_union_H,False,no_hydraulics_with_minimum_training_days,2022,11,5,0,Ta|P|W|RH|Rs,,0,0,validation
huc8_03100207,02310742,180,B_union_D,False,no_eligible_evaluation_windows,2022,11,5,0,Ta|P|W|RH|Rs,,0,0,validation
huc8_03100207,02310742,180,B_union_D_union_M_union_H,False,no_hydraulics_with_minimum_training_days,2022,11,5,0,Ta|P|W|RH|Rs,,0,0,validation
huc8_03100207,02310742,365,B_union_D,False,no_eligible_evaluation_windows,2022,11,5,0,Ta|P|W|RH|Rs,,0,0,validation
huc8_03100207,02310742,365,B_union_D_union_M_union_H,False,no_hydraulics_with_minimum_training_days,2022,11,5,0,Ta|P|W|RH|Rs,,0,0,validation
huc8_03100207,02310752,7,B_union_D,True,eligible,2392,11,5,0,Ta|P|W|RH|Rs,,746,20,validation
huc8_03100207,02310752,7,B_union_D_union_M_union_H,False,no_hydraulics_with_minimum_training_days,2392,11,5,0,Ta|P|W|RH|Rs,,0,0,validation
huc8_03100207,02310752,14,B_union_D,True,eligible,2392,11,5,0,Ta|P|W|RH|Rs,,579,20,validation
huc8_03100207,02310752,14,B_union_D_union_M_union_H,False,no_hydraulics_with_minimum_training_days,2392,11,5,0,Ta|P|W|RH|Rs,,0,0,validation
huc8_03100207,02310752,30,B_union_D,True,eligible,2392,11,5,0,Ta|P|W|RH|Rs,,292,20,validation
huc8_03100207,02310752,30,B_union_D_union_M_union_H,False,no_hydraulics_with_minimum_training_days,2392,11,5,0,Ta|P|W|RH|Rs,,0,0,validation
huc8_03100207,02310752,60,B_union_D,True,eligible,2392,11,5,0,Ta|P|W|RH|Rs,,40,20,validation
huc8_03100207,02310752,60,B_union_D_union_M_union_H,False,no_hydraulics_with_minimum_training_days,2392,11,5,0,Ta|P|W|RH|Rs,,0,0,validation
huc8_03100207,02310752,90,B_union_D,False,no_eligible_evaluation_windows,2392,11,5,0,Ta|P|W|RH|Rs,,0,0,validation
huc8_03100207,02310752,90,B_union_D_union_M_union_H,False,no_hydraulics_with_minimum_training_days,2392,11,5,0,Ta|P|W|RH|Rs,,0,0,validation
huc8_03100207,02310752,180,B_union_D,False,no_eligible_evaluation_windows,2392,11,5,0,Ta|P|W|RH|Rs,,0,0,validation
huc8_03100207,02310752,180,B_union_D_union_M_union_H,False,no_hydraulics_with_minimum_training_days,2392,11,5,0,Ta|P|W|RH|Rs,,0,0,validation
huc8_03100207,02310752,365,B_union_D,False,no_eligible_evaluation_windows,2392,11,5,0,Ta|P|W|RH|Rs,,0,0,validation
huc8_03100207,02310752,365,B_union_D_union_M_union_H,False,no_hydraulics_with_minimum_training_days,2392,11,5,0,Ta|P|W|RH|Rs,,0,0,validation
huc8_03100207,02313272,7,B_union_D,True,eligible,2365,11,5,0,Ta|P|W|RH|Rs,,749,20,validation
huc8_03100207,02313272,7,B_union_D_union_M_union_H,False,no_hydraulics_with_minimum_training_days,2365,11,5,0,Ta|P|W|RH|Rs,,0,0,validation
huc8_03100207,02313272,14,B_union_D,True,eligible,2365,11,5,0,Ta|P|W|RH|Rs,,583,20,validation
huc8_03100207,02313272,14,B_union_D_union_M_union_H,False,no_hydraulics_with_minimum_training_days,2365,11,5,0,Ta|P|W|RH|Rs,,0,0,validation
huc8_03100207,02313272,30,B_union_D,True,eligible,2365,11,5,0,Ta|P|W|RH|Rs,,295,20,validation
huc8_03100207,02313272,30,B_union_D_union_M_union_H,False,no_hydraulics_with_minimum_training_days,2365,11,5,0,Ta|P|W|RH|Rs,,0,0,validation
huc8_03100207,02313272,60,B_union_D,True,eligible,2365,11,5,0,Ta|P|W|RH|Rs,,40,20,validation
huc8_03100207,02313272,60,B_union_D_union_M_union_H,False,no_hydraulics_with_minimum_training_days,2365,11,5,0,Ta|P|W|RH|Rs,,0,0,validation
huc8_03100207,02313272,90,B_union_D,False,no_eligible_evaluation_windows,2365,11,5,0,Ta|P|W|RH|Rs,,0,0,validation
huc8_03100207,02313272,90,B_union_D_union_M_union_H,False,no_hydraulics_with_minimum_training_days,2365,11,5,0,Ta|P|W|RH|Rs,,0,0,validation
huc8_03100207,02313272,180,B_union_D,False,no_eligible_evaluation_windows,2365,11,5,0,Ta|P|W|RH|Rs,,0,0,validation
huc8_03100207,02313272,180,B_union_D_union_M_union_H,False,no_hydraulics_with_minimum_training_days,2365,11,5,0,Ta|P|W|RH|Rs,,0,0,validation
huc8_03100207,02313272,365,B_union_D,False,no_eligible_evaluation_windows,2365,11,5,0,Ta|P|W|RH|Rs,,0,0,validation
huc8_03100207,02313272,365,B_union_D_union_M_union_H,False,no_hydraulics_with_minimum_training_days,2365,11,5,0,Ta|P|W|RH|Rs,,0,0,validation
huc8_03100207,285531082412600,7,B_union_D,True,eligible,2388,11,5,0,Ta|P|W|RH|Rs,,749,20,validation
huc8_03100207,285531082412600,7,B_union_D_union_M_union_H,False,no_hydraulics_with_minimum_training_days,2388,11,5,0,Ta|P|W|RH|Rs,,0,0,validation
huc8_03100207,285531082412600,14,B_union_D,True,eligible,2388,11,5,0,Ta|P|W|RH|Rs,,582,20,validation
huc8_03100207,285531082412600,14,B_union_D_union_M_union_H,False,no_hydraulics_with_minimum_training_days,2388,11,5,0,Ta|P|W|RH|Rs,,0,0,validation
huc8_03100207,285531082412600,30,B_union_D,True,eligible,2388,11,5,0,Ta|P|W|RH|Rs,,295,20,validation
huc8_03100207,285531082412600,30,B_union_D_union_M_union_H,False,no_hydraulics_with_minimum_training_days,2388,11,5,0,Ta|P|W|RH|Rs,,0,0,validation
huc8_03100207,285531082412600,60,B_union_D,True,eligible,2388,11,5,0,Ta|P|W|RH|Rs,,40,20,validation
huc8_03100207,285531082412600,60,B_union_D_union_M_union_H,False,no_hydraulics_with_minimum_training_days,2388,11,5,0,Ta|P|W|RH|Rs,,0,0,validation
huc8_03100207,285531082412600,90,B_union_D,False,no_eligible_evaluation_windows,2388,11,5,0,Ta|P|W|RH|Rs,,0,0,validation
huc8_03100207,285531082412600,90,B_union_D_union_M_union_H,False,no_hydraulics_with_minimum_training_days,2388,11,5,0,Ta|P|W|RH|Rs,,0,0,validation
huc8_03100207,285531082412600,180,B_union_D,False,no_eligible_evaluation_windows,2388,11,5,0,Ta|P|W|RH|Rs,,0,0,validation
huc8_03100207,285531082412600,180,B_union_D_union_M_union_H,False,no_hydraulics_with_minimum_training_days,2388,11,5,0,Ta|P|W|RH|Rs,,0,0,validation
huc8_03100207,285531082412600,365,B_union_D,False,no_eligible_evaluation_windows,2388,11,5,0,Ta|P|W|RH|Rs,,0,0,validation
huc8_03100207,285531082412600,365,B_union_D_union_M_union_H,False,no_hydraulics_with_minimum_training_days,2388,11,5,0,Ta|P|W|RH|Rs,,0,0,validation
huc8_03150104,02388975,7,B_union_D,True,eligible,525,4,5,2,Ta|P|W|RH|Rs,F|L,1645,20,validation
huc8_03150104,02388975,7,B_union_D_union_M_union_H,True,eligible,525,4,5,2,Ta|P|W|RH|Rs,F|L,1599,20,validation
huc8_03150104,02388975,14,B_union_D,True,eligible,525,4,5,2,Ta|P|W|RH|Rs,F|L,1440,20,validation
huc8_03150104,02388975,14,B_union_D_union_M_union_H,True,eligible,525,4,5,2,Ta|P|W|RH|Rs,F|L,1399,20,validation
huc8_03150104,02388975,30,B_union_D,True,eligible,525,4,5,2,Ta|P|W|RH|Rs,F|L,1045,20,validation
huc8_03150104,02388975,30,B_union_D_union_M_union_H,True,eligible,525,4,5,2,Ta|P|W|RH|Rs,F|L,1020,20,validation
huc8_03150104,02388975,60,B_union_D,True,eligible,525,4,5,2,Ta|P|W|RH|Rs,F|L,604,20,validation
huc8_03150104,02388975,60,B_union_D_union_M_union_H,True,eligible,525,4,5,2,Ta|P|W|RH|Rs,F|L,604,20,validation
huc8_03150104,02388975,90,B_union_D,True,eligible,525,4,5,2,Ta|P|W|RH|Rs,F|L,323,20,validation
huc8_03150104,02388975,90,B_union_D_union_M_union_H,True,eligible,525,4,5,2,Ta|P|W|RH|Rs,F|L,323,20,validation
huc8_03150104,02388975,180,B_union_D,True,eligible,525,4,5,2,Ta|P|W|RH|Rs,F|L,4,4,validation
huc8_03150104,02388975,180,B_union_D_union_M_union_H,True,eligible,525,4,5,2,Ta|P|W|RH|Rs,F|L,4,4,validation
huc8_03150104,02388975,365,B_union_D,False,no_eligible_evaluation_windows,525,4,5,2,Ta|P|W|RH|Rs,F|L,0,0,validation
huc8_03150104,02388975,365,B_union_D_union_M_union_H,False,no_eligible_evaluation_windows,525,4,5,2,Ta|P|W|RH|Rs,F|L,0,0,validation
huc8_03150104,02388985,7,B_union_D,True,eligible,510,4,5,1,Ta|P|W|RH|Rs,F,1648,20,validation
huc8_03150104,02388985,7,B_union_D_union_M_union_H,True,eligible,510,4,5,1,Ta|P|W|RH|Rs,F,1634,20,validation
huc8_03150104,02388985,14,B_union_D,True,eligible,510,4,5,1,Ta|P|W|RH|Rs,F,1442,20,validation
huc8_03150104,02388985,14,B_union_D_union_M_union_H,True,eligible,510,4,5,1,Ta|P|W|RH|Rs,F,1414,20,validation
huc8_03150104,02388985,30,B_union_D,True,eligible,510,4,5,1,Ta|P|W|RH|Rs,F,1046,20,validation
huc8_03150104,02388985,30,B_union_D_union_M_union_H,True,eligible,510,4,5,1,Ta|P|W|RH|Rs,F,1001,20,validation
huc8_03150104,02388985,60,B_union_D,True,eligible,510,4,5,1,Ta|P|W|RH|Rs,F,604,20,validation
huc8_03150104,02388985,60,B_union_D_union_M_union_H,True,eligible,510,4,5,1,Ta|P|W|RH|Rs,F,540,20,validation
huc8_03150104,02388985,90,B_union_D,True,eligible,510,4,5,1,Ta|P|W|RH|Rs,F,323,20,validation
huc8_03150104,02388985,90,B_union_D_union_M_union_H,True,eligible,510,4,5,1,Ta|P|W|RH|Rs,F,259,20,validation
huc8_03150104,02388985,180,B_union_D,True,eligible,510,4,5,1,Ta|P|W|RH|Rs,F,4,1,validation
huc8_03150104,02388985,180,B_union_D_union_M_union_H,True,eligible,510,4,5,1,Ta|P|W|RH|Rs,F,1,1,validation
huc8_03150104,02388985,365,B_union_D,False,no_eligible_evaluation_windows,510,4,5,1,Ta|P|W|RH|Rs,F,0,0,validation
huc8_03150104,02388985,365,B_union_D_union_M_union_H,False,no_eligible_evaluation_windows,510,4,5,1,Ta|P|W|RH|Rs,F,0,0,validation
huc8_03150104,02389150,7,B_union_D,True,eligible,512,4,5,2,Ta|P|W|RH|Rs,F|L,1608,20,validation
huc8_03150104,02389150,7,B_union_D_union_M_union_H,True,eligible,512,4,5,2,Ta|P|W|RH|Rs,F|L,1561,20,validation
huc8_03150104,02389150,14,B_union_D,True,eligible,512,4,5,2,Ta|P|W|RH|Rs,F|L,1407,20,validation
huc8_03150104,02389150,14,B_union_D_union_M_union_H,True,eligible,512,4,5,2,Ta|P|W|RH|Rs,F|L,1341,20,validation
huc8_03150104,02389150,30,B_union_D,True,eligible,512,4,5,2,Ta|P|W|RH|Rs,F|L,1019,20,validation
huc8_03150104,02389150,30,B_union_D_union_M_union_H,True,eligible,512,4,5,2,Ta|P|W|RH|Rs,F|L,961,20,validation
huc8_03150104,02389150,60,B_union_D,True,eligible,512,4,5,2,Ta|P|W|RH|Rs,F|L,595,20,validation
huc8_03150104,02389150,60,B_union_D_union_M_union_H,True,eligible,512,4,5,2,Ta|P|W|RH|Rs,F|L,513,20,validation
huc8_03150104,02389150,90,B_union_D,True,eligible,512,4,5,2,Ta|P|W|RH|Rs,F|L,317,20,validation
huc8_03150104,02389150,90,B_union_D_union_M_union_H,True,eligible,512,4,5,2,Ta|P|W|RH|Rs,F|L,234,20,validation
huc8_03150104,02389150,180,B_union_D,False,no_eligible_evaluation_windows,512,4,5,2,Ta|P|W|RH|Rs,F|L,2,0,validation
huc8_03150104,02389150,180,B_union_D_union_M_union_H,False,no_eligible_evaluation_windows,512,4,5,2,Ta|P|W|RH|Rs,F|L,0,0,validation
huc8_03150104,02389150,365,B_union_D,False,no_eligible_evaluation_windows,512,4,5,2,Ta|P|W|RH|Rs,F|L,0,0,validation
huc8_03150104,02389150,365,B_union_D_union_M_union_H,False,no_eligible_evaluation_windows,512,4,5,2,Ta|P|W|RH|Rs,F|L,0,0,validation
huc8_03150104,02394000,7,B_union_D,True,eligible,2579,4,5,2,Ta|P|W|RH|Rs,F|L,1645,20,validation
huc8_03150104,02394000,7,B_union_D_union_M_union_H,True,eligible,2579,4,5,2,Ta|P|W|RH|Rs,F|L,1638,20,validation
huc8_03150104,02394000,14,B_union_D,True,eligible,2579,4,5,2,Ta|P|W|RH|Rs,F|L,1439,20,validation
huc8_03150104,02394000,14,B_union_D_union_M_union_H,True,eligible,2579,4,5,2,Ta|P|W|RH|Rs,F|L,1425,20,validation
huc8_03150104,02394000,30,B_union_D,True,eligible,2579,4,5,2,Ta|P|W|RH|Rs,F|L,1043,20,validation
huc8_03150104,02394000,30,B_union_D_union_M_union_H,True,eligible,2579,4,5,2,Ta|P|W|RH|Rs,F|L,1018,20,validation
huc8_03150104,02394000,60,B_union_D,True,eligible,2579,4,5,2,Ta|P|W|RH|Rs,F|L,602,20,validation
huc8_03150104,02394000,60,B_union_D_union_M_union_H,True,eligible,2579,4,5,2,Ta|P|W|RH|Rs,F|L,577,20,validation
huc8_03150104,02394000,90,B_union_D,True,eligible,2579,4,5,2,Ta|P|W|RH|Rs,F|L,320,20,validation
huc8_03150104,02394000,90,B_union_D_union_M_union_H,True,eligible,2579,4,5,2,Ta|P|W|RH|Rs,F|L,295,20,validation
huc8_03150104,02394000,180,B_union_D,True,eligible,2579,4,5,2,Ta|P|W|RH|Rs,F|L,3,3,validation
huc8_03150104,02394000,180,B_union_D_union_M_union_H,True,eligible,2579,4,5,2,Ta|P|W|RH|Rs,F|L,3,3,validation
huc8_03150104,02394000,365,B_union_D,False,no_eligible_evaluation_windows,2579,4,5,2,Ta|P|W|RH|Rs,F|L,0,0,validation
huc8_03150104,02394000,365,B_union_D_union_M_union_H,False,no_eligible_evaluation_windows,2579,4,5,2,Ta|P|W|RH|Rs,F|L,0,0,validation
huc8_03150104,02394682,7,B_union_D,True,eligible,1365,4,5,1,Ta|P|W|RH|Rs,L,1642,20,validation
huc8_03150104,02394682,7,B_union_D_union_M_union_H,True,eligible,1365,4,5,1,Ta|P|W|RH|Rs,L,1642,20,validation
huc8_03150104,02394682,14,B_union_D,True,eligible,1365,4,5,1,Ta|P|W|RH|Rs,L,1436,20,validation
huc8_03150104,02394682,14,B_union_D_union_M_union_H,True,eligible,1365,4,5,1,Ta|P|W|RH|Rs,L,1436,20,validation
huc8_03150104,02394682,30,B_union_D,True,eligible,1365,4,5,1,Ta|P|W|RH|Rs,L,1042,20,validation
huc8_03150104,02394682,30,B_union_D_union_M_union_H,True,eligible,1365,4,5,1,Ta|P|W|RH|Rs,L,1042,20,validation
huc8_03150104,02394682,60,B_union_D,True,eligible,1365,4,5,1,Ta|P|W|RH|Rs,L,600,20,validation
huc8_03150104,02394682,60,B_union_D_union_M_union_H,True,eligible,1365,4,5,1,Ta|P|W|RH|Rs,L,600,20,validation
huc8_03150104,02394682,90,B_union_D,True,eligible,1365,4,5,1,Ta|P|W|RH|Rs,L,318,20,validation
huc8_03150104,02394682,90,B_union_D_union_M_union_H,True,eligible,1365,4,5,1,Ta|P|W|RH|Rs,L,318,20,validation
huc8_03150104,02394682,180,B_union_D,True,eligible,1365,4,5,1,Ta|P|W|RH|Rs,L,3,3,validation
huc8_03150104,02394682,180,B_union_D_union_M_union_H,True,eligible,1365,4,5,1,Ta|P|W|RH|Rs,L,3,3,validation
huc8_03150104,02394682,365,B_union_D,False,no_eligible_evaluation_windows,1365,4,5,1,Ta|P|W|RH|Rs,L,0,0,validation
huc8_03150104,02394682,365,B_union_D_union_M_union_H,False,no_eligible_evaluation_windows,1365,4,5,1,Ta|P|W|RH|Rs,L,0,0,validation
huc8_03160111,02455980,7,B_union_D,True,eligible,9271,3,5,2,Ta|P|W|RH|Rs,F|L,3467,20,validation
huc8_03160111,02455980,7,B_union_D_union_M_union_H,True,eligible,9271,3,5,2,Ta|P|W|RH|Rs,F|L,3441,20,validation
huc8_03160111,02455980,14,B_union_D,True,eligible,9271,3,5,2,Ta|P|W|RH|Rs,F|L,3138,20,validation
huc8_03160111,02455980,14,B_union_D_union_M_union_H,True,eligible,9271,3,5,2,Ta|P|W|RH|Rs,F|L,3101,20,validation
huc8_03160111,02455980,30,B_union_D,True,eligible,9271,3,5,2,Ta|P|W|RH|Rs,F|L,2486,20,validation
huc8_03160111,02455980,30,B_union_D_union_M_union_H,True,eligible,9271,3,5,2,Ta|P|W|RH|Rs,F|L,2451,20,validation
huc8_03160111,02455980,60,B_union_D,True,eligible,9271,3,5,2,Ta|P|W|RH|Rs,F|L,1638,20,validation
huc8_03160111,02455980,60,B_union_D_union_M_union_H,True,eligible,9271,3,5,2,Ta|P|W|RH|Rs,F|L,1620,20,validation
huc8_03160111,02455980,90,B_union_D,True,eligible,9271,3,5,2,Ta|P|W|RH|Rs,F|L,1088,20,validation
huc8_03160111,02455980,90,B_union_D_union_M_union_H,True,eligible,9271,3,5,2,Ta|P|W|RH|Rs,F|L,1071,20,validation
huc8_03160111,02455980,180,B_union_D,True,eligible,9271,3,5,2,Ta|P|W|RH|Rs,F|L,366,20,validation
huc8_03160111,02455980,180,B_union_D_union_M_union_H,True,eligible,9271,3,5,2,Ta|P|W|RH|Rs,F|L,366,20,validation
huc8_03160111,02455980,365,B_union_D,False,no_eligible_evaluation_windows,9271,3,5,2,Ta|P|W|RH|Rs,F|L,0,0,validation
huc8_03160111,02455980,365,B_union_D_union_M_union_H,False,no_eligible_evaluation_windows,9271,3,5,2,Ta|P|W|RH|Rs,F|L,0,0,validation
huc8_03160111,02457595,7,B_union_D,True,eligible,9281,3,5,2,Ta|P|W|RH|Rs,F|L,3454,20,validation
huc8_03160111,02457595,7,B_union_D_union_M_union_H,True,eligible,9281,3,5,2,Ta|P|W|RH|Rs,F|L,3197,20,validation
huc8_03160111,02457595,14,B_union_D,True,eligible,9281,3,5,2,Ta|P|W|RH|Rs,F|L,3127,20,validation
huc8_03160111,02457595,14,B_union_D_union_M_union_H,True,eligible,9281,3,5,2,Ta|P|W|RH|Rs,F|L,2774,20,validation
huc8_03160111,02457595,30,B_union_D,True,eligible,9281,3,5,2,Ta|P|W|RH|Rs,F|L,2476,20,validation
huc8_03160111,02457595,30,B_union_D_union_M_union_H,True,eligible,9281,3,5,2,Ta|P|W|RH|Rs,F|L,1987,20,validation
huc8_03160111,02457595,60,B_union_D,True,eligible,9281,3,5,2,Ta|P|W|RH|Rs,F|L,1632,20,validation
huc8_03160111,02457595,60,B_union_D_union_M_union_H,True,eligible,9281,3,5,2,Ta|P|W|RH|Rs,F|L,1085,20,validation
huc8_03160111,02457595,90,B_union_D,True,eligible,9281,3,5,2,Ta|P|W|RH|Rs,F|L,1084,20,validation
huc8_03160111,02457595,90,B_union_D_union_M_union_H,True,eligible,9281,3,5,2,Ta|P|W|RH|Rs,F|L,629,20,validation
huc8_03160111,02457595,180,B_union_D,True,eligible,9281,3,5,2,Ta|P|W|RH|Rs,F|L,363,20,validation
huc8_03160111,02457595,180,B_union_D_union_M_union_H,True,eligible,9281,3,5,2,Ta|P|W|RH|Rs,F|L,176,20,validation
huc8_03160111,02457595,365,B_union_D,False,no_eligible_evaluation_windows,9281,3,5,2,Ta|P|W|RH|Rs,F|L,0,0,validation
huc8_03160111,02457595,365,B_union_D_union_M_union_H,False,no_eligible_evaluation_windows,9281,3,5,2,Ta|P|W|RH|Rs,F|L,0,0,validation
huc8_03160111,02458148,7,B_union_D,True,eligible,458,3,5,2,Ta|P|W|RH|Rs,F|L,3463,20,validation
huc8_03160111,02458148,7,B_union_D_union_M_union_H,True,eligible,458,3,5,2,Ta|P|W|RH|Rs,F|L,3342,20,validation
huc8_03160111,02458148,14,B_union_D,True,eligible,458,3,5,2,Ta|P|W|RH|Rs,F|L,3135,20,validation
huc8_03160111,02458148,14,B_union_D_union_M_union_H,True,eligible,458,3,5,2,Ta|P|W|RH|Rs,F|L,2971,20,validation
huc8_03160111,02458148,30,B_union_D,True,eligible,458,3,5,2,Ta|P|W|RH|Rs,F|L,2482,20,validation
huc8_03160111,02458148,30,B_union_D_union_M_union_H,True,eligible,458,3,5,2,Ta|P|W|RH|Rs,F|L,2300,20,validation
huc8_03160111,02458148,60,B_union_D,True,eligible,458,3,5,2,Ta|P|W|RH|Rs,F|L,1635,20,validation
huc8_03160111,02458148,60,B_union_D_union_M_union_H,True,eligible,458,3,5,2,Ta|P|W|RH|Rs,F|L,1500,20,validation
huc8_03160111,02458148,90,B_union_D,True,eligible,458,3,5,2,Ta|P|W|RH|Rs,F|L,1087,20,validation
huc8_03160111,02458148,90,B_union_D_union_M_union_H,True,eligible,458,3,5,2,Ta|P|W|RH|Rs,F|L,1004,20,validation
huc8_03160111,02458148,180,B_union_D,True,eligible,458,3,5,2,Ta|P|W|RH|Rs,F|L,364,20,validation
huc8_03160111,02458148,180,B_union_D_union_M_union_H,True,eligible,458,3,5,2,Ta|P|W|RH|Rs,F|L,344,20,validation
huc8_03160111,02458148,365,B_union_D,False,no_eligible_evaluation_windows,458,3,5,2,Ta|P|W|RH|Rs,F|L,0,0,validation
huc8_03160111,02458148,365,B_union_D_union_M_union_H,False,no_eligible_evaluation_windows,458,3,5,2,Ta|P|W|RH|Rs,F|L,0,0,validation
huc8_03160111,02458450,7,B_union_D,True,eligible,8496,3,5,2,Ta|P|W|RH|Rs,F|L,3477,20,validation
huc8_03160111,02458450,7,B_union_D_union_M_union_H,True,eligible,8496,3,5,2,Ta|P|W|RH|Rs,F|L,3466,20,validation
huc8_03160111,02458450,14,B_union_D,True,eligible,8496,3,5,2,Ta|P|W|RH|Rs,F|L,3149,20,validation
huc8_03160111,02458450,14,B_union_D_union_M_union_H,True,eligible,8496,3,5,2,Ta|P|W|RH|Rs,F|L,3131,20,validation
huc8_03160111,02458450,30,B_union_D,True,eligible,8496,3,5,2,Ta|P|W|RH|Rs,F|L,2493,20,validation
huc8_03160111,02458450,30,B_union_D_union_M_union_H,True,eligible,8496,3,5,2,Ta|P|W|RH|Rs,F|L,2459,20,validation
huc8_03160111,02458450,60,B_union_D,True,eligible,8496,3,5,2,Ta|P|W|RH|Rs,F|L,1642,20,validation
huc8_03160111,02458450,60,B_union_D_union_M_union_H,True,eligible,8496,3,5,2,Ta|P|W|RH|Rs,F|L,1582,20,validation
huc8_03160111,02458450,90,B_union_D,True,eligible,8496,3,5,2,Ta|P|W|RH|Rs,F|L,1090,20,validation
huc8_03160111,02458450,90,B_union_D_union_M_union_H,True,eligible,8496,3,5,2,Ta|P|W|RH|Rs,F|L,1058,20,validation
huc8_03160111,02458450,180,B_union_D,True,eligible,8496,3,5,2,Ta|P|W|RH|Rs,F|L,367,20,validation
huc8_03160111,02458450,180,B_union_D_union_M_union_H,True,eligible,8496,3,5,2,Ta|P|W|RH|Rs,F|L,367,20,validation
huc8_03160111,02458450,365,B_union_D,False,no_eligible_evaluation_windows,8496,3,5,2,Ta|P|W|RH|Rs,F|L,0,0,validation
huc8_03160111,02458450,365,B_union_D_union_M_union_H,False,no_eligible_evaluation_windows,8496,3,5,2,Ta|P|W|RH|Rs,F|L,0,0,validation
huc8_03160111,02458502,7,B_union_D,False,insufficient_training_target_days,150,0,0,0,,,0,0,validation
huc8_03160111,02458502,7,B_union_D_union_M_union_H,False,insufficient_training_target_days,150,0,0,0,,,0,0,validation
huc8_03160111,02458502,14,B_union_D,False,insufficient_training_target_days,150,0,0,0,,,0,0,validation
huc8_03160111,02458502,14,B_union_D_union_M_union_H,False,insufficient_training_target_days,150,0,0,0,,,0,0,validation
huc8_03160111,02458502,30,B_union_D,False,insufficient_training_target_days,150,0,0,0,,,0,0,validation
huc8_03160111,02458502,30,B_union_D_union_M_union_H,False,insufficient_training_target_days,150,0,0,0,,,0,0,validation
huc8_03160111,02458502,60,B_union_D,False,insufficient_training_target_days,150,0,0,0,,,0,0,validation
huc8_03160111,02458502,60,B_union_D_union_M_union_H,False,insufficient_training_target_days,150,0,0,0,,,0,0,validation
huc8_03160111,02458502,90,B_union_D,False,insufficient_training_target_days,150,0,0,0,,,0,0,validation
huc8_03160111,02458502,90,B_union_D_union_M_union_H,False,insufficient_training_target_days,150,0,0,0,,,0,0,validation
huc8_03160111,02458502,180,B_union_D,False,insufficient_training_target_days,150,0,0,0,,,0,0,validation
huc8_03160111,02458502,180,B_union_D_union_M_union_H,False,insufficient_training_target_days,150,0,0,0,,,0,0,validation
huc8_03160111,02458502,365,B_union_D,False,insufficient_training_target_days,150,0,0,0,,,0,0,validation
huc8_03160111,02458502,365,B_union_D_union_M_union_H,False,insufficient_training_target_days,150,0,0,0,,,0,0,validation
huc8_11010014,07075250,7,B_union_D,True,eligible,2300,2,5,1,Ta|P|W|RH|Rs,F,657,20,validation
huc8_11010014,07075250,7,B_union_D_union_M_union_H,True,eligible,2300,2,5,1,Ta|P|W|RH|Rs,F,657,20,validation
huc8_11010014,07075250,14,B_union_D,True,eligible,2300,2,5,1,Ta|P|W|RH|Rs,F,568,20,validation
huc8_11010014,07075250,14,B_union_D_union_M_union_H,True,eligible,2300,2,5,1,Ta|P|W|RH|Rs,F,568,20,validation
huc8_11010014,07075250,30,B_union_D,True,eligible,2300,2,5,1,Ta|P|W|RH|Rs,F,376,20,validation
huc8_11010014,07075250,30,B_union_D_union_M_union_H,True,eligible,2300,2,5,1,Ta|P|W|RH|Rs,F,376,20,validation
huc8_11010014,07075250,60,B_union_D,True,eligible,2300,2,5,1,Ta|P|W|RH|Rs,F,113,20,validation
huc8_11010014,07075250,60,B_union_D_union_M_union_H,True,eligible,2300,2,5,1,Ta|P|W|RH|Rs,F,113,20,validation
huc8_11010014,07075250,90,B_union_D,True,eligible,2300,2,5,1,Ta|P|W|RH|Rs,F,28,20,validation
huc8_11010014,07075250,90,B_union_D_union_M_union_H,True,eligible,2300,2,5,1,Ta|P|W|RH|Rs,F,28,20,validation
huc8_11010014,07075250,180,B_union_D,False,no_eligible_evaluation_windows,2300,2,5,1,Ta|P|W|RH|Rs,F,0,0,validation
huc8_11010014,07075250,180,B_union_D_union_M_union_H,False,no_eligible_evaluation_windows,2300,2,5,1,Ta|P|W|RH|Rs,F,0,0,validation
huc8_11010014,07075250,365,B_union_D,False,no_eligible_evaluation_windows,2300,2,5,1,Ta|P|W|RH|Rs,F,0,0,validation
huc8_11010014,07075250,365,B_union_D_union_M_union_H,False,no_eligible_evaluation_windows,2300,2,5,1,Ta|P|W|RH|Rs,F,0,0,validation
huc8_11010014,07075270,7,B_union_D,True,eligible,1933,2,5,1,Ta|P|W|RH|Rs,F,650,20,validation
huc8_11010014,07075270,7,B_union_D_union_M_union_H,True,eligible,1933,2,5,1,Ta|P|W|RH|Rs,F,650,20,validation
huc8_11010014,07075270,14,B_union_D,True,eligible,1933,2,5,1,Ta|P|W|RH|Rs,F,561,20,validation
huc8_11010014,07075270,14,B_union_D_union_M_union_H,True,eligible,1933,2,5,1,Ta|P|W|RH|Rs,F,561,20,validation
huc8_11010014,07075270,30,B_union_D,True,eligible,1933,2,5,1,Ta|P|W|RH|Rs,F,369,20,validation
huc8_11010014,07075270,30,B_union_D_union_M_union_H,True,eligible,1933,2,5,1,Ta|P|W|RH|Rs,F,369,20,validation
huc8_11010014,07075270,60,B_union_D,True,eligible,1933,2,5,1,Ta|P|W|RH|Rs,F,113,20,validation
huc8_11010014,07075270,60,B_union_D_union_M_union_H,True,eligible,1933,2,5,1,Ta|P|W|RH|Rs,F,113,20,validation
huc8_11010014,07075270,90,B_union_D,True,eligible,1933,2,5,1,Ta|P|W|RH|Rs,F,27,20,validation
huc8_11010014,07075270,90,B_union_D_union_M_union_H,True,eligible,1933,2,5,1,Ta|P|W|RH|Rs,F,27,20,validation
huc8_11010014,07075270,180,B_union_D,False,no_eligible_evaluation_windows,1933,2,5,1,Ta|P|W|RH|Rs,F,0,0,validation
huc8_11010014,07075270,180,B_union_D_union_M_union_H,False,no_eligible_evaluation_windows,1933,2,5,1,Ta|P|W|RH|Rs,F,0,0,validation
huc8_11010014,07075270,365,B_union_D,False,no_eligible_evaluation_windows,1933,2,5,1,Ta|P|W|RH|Rs,F,0,0,validation
huc8_11010014,07075270,365,B_union_D_union_M_union_H,False,no_eligible_evaluation_windows,1933,2,5,1,Ta|P|W|RH|Rs,F,0,0,validation
huc8_11010014,07076000,7,B_union_D,True,eligible,5248,2,5,0,Ta|P|W|RH|Rs,,654,20,validation
huc8_11010014,07076000,7,B_union_D_union_M_union_H,False,no_hydraulics_with_minimum_training_days,5248,2,5,0,Ta|P|W|RH|Rs,,0,0,validation
huc8_11010014,07076000,14,B_union_D,True,eligible,5248,2,5,0,Ta|P|W|RH|Rs,,566,20,validation
huc8_11010014,07076000,14,B_union_D_union_M_union_H,False,no_hydraulics_with_minimum_training_days,5248,2,5,0,Ta|P|W|RH|Rs,,0,0,validation
huc8_11010014,07076000,30,B_union_D,True,eligible,5248,2,5,0,Ta|P|W|RH|Rs,,374,20,validation
huc8_11010014,07076000,30,B_union_D_union_M_union_H,False,no_hydraulics_with_minimum_training_days,5248,2,5,0,Ta|P|W|RH|Rs,,0,0,validation
huc8_11010014,07076000,60,B_union_D,True,eligible,5248,2,5,0,Ta|P|W|RH|Rs,,113,20,validation
huc8_11010014,07076000,60,B_union_D_union_M_union_H,False,no_hydraulics_with_minimum_training_days,5248,2,5,0,Ta|P|W|RH|Rs,,0,0,validation
huc8_11010014,07076000,90,B_union_D,True,eligible,5248,2,5,0,Ta|P|W|RH|Rs,,27,20,validation
huc8_11010014,07076000,90,B_union_D_union_M_union_H,False,no_hydraulics_with_minimum_training_days,5248,2,5,0,Ta|P|W|RH|Rs,,0,0,validation
huc8_11010014,07076000,180,B_union_D,False,no_eligible_evaluation_windows,5248,2,5,0,Ta|P|W|RH|Rs,,0,0,validation
huc8_11010014,07076000,180,B_union_D_union_M_union_H,False,no_hydraulics_with_minimum_training_days,5248,2,5,0,Ta|P|W|RH|Rs,,0,0,validation
huc8_11010014,07076000,365,B_union_D,False,no_eligible_evaluation_windows,5248,2,5,0,Ta|P|W|RH|Rs,,0,0,validation
huc8_11010014,07076000,365,B_union_D_union_M_union_H,False,no_hydraulics_with_minimum_training_days,5248,2,5,0,Ta|P|W|RH|Rs,,0,0,validation
huc8_11020002,07096000,7,B_union_D,True,eligible,7792,4,5,1,Ta|P|W|RH|Rs,F,2698,20,validation
huc8_11020002,07096000,7,B_union_D_union_M_union_H,True,eligible,7792,4,5,1,Ta|P|W|RH|Rs,F,782,20,validation
huc8_11020002,07096000,14,B_union_D,True,eligible,7792,4,5,1,Ta|P|W|RH|Rs,F,2386,20,validation
huc8_11020002,07096000,14,B_union_D_union_M_union_H,True,eligible,7792,4,5,1,Ta|P|W|RH|Rs,F,672,20,validation
huc8_11020002,07096000,30,B_union_D,True,eligible,7792,4,5,1,Ta|P|W|RH|Rs,F,1862,20,validation
huc8_11020002,07096000,30,B_union_D_union_M_union_H,True,eligible,7792,4,5,1,Ta|P|W|RH|Rs,F,483,20,validation
huc8_11020002,07096000,60,B_union_D,True,eligible,7792,4,5,1,Ta|P|W|RH|Rs,F,1202,20,validation
huc8_11020002,07096000,60,B_union_D_union_M_union_H,True,eligible,7792,4,5,1,Ta|P|W|RH|Rs,F,222,20,validation
huc8_11020002,07096000,90,B_union_D,True,eligible,7792,4,5,1,Ta|P|W|RH|Rs,F,759,20,validation
huc8_11020002,07096000,90,B_union_D_union_M_union_H,True,eligible,7792,4,5,1,Ta|P|W|RH|Rs,F,81,20,validation
huc8_11020002,07096000,180,B_union_D,False,no_eligible_evaluation_windows,7792,4,5,1,Ta|P|W|RH|Rs,F,227,0,validation
huc8_11020002,07096000,180,B_union_D_union_M_union_H,False,no_eligible_evaluation_windows,7792,4,5,1,Ta|P|W|RH|Rs,F,0,0,validation
huc8_11020002,07096000,365,B_union_D,False,no_eligible_evaluation_windows,7792,4,5,1,Ta|P|W|RH|Rs,F,0,0,validation
huc8_11020002,07096000,365,B_union_D_union_M_union_H,False,no_eligible_evaluation_windows,7792,4,5,1,Ta|P|W|RH|Rs,F,0,0,validation
huc8_11020002,07097000,7,B_union_D,True,eligible,7583,4,5,0,Ta|P|W|RH|Rs,,2691,20,validation
huc8_11020002,07097000,7,B_union_D_union_M_union_H,False,no_hydraulics_with_minimum_training_days,7583,4,5,0,Ta|P|W|RH|Rs,,0,0,validation
huc8_11020002,07097000,14,B_union_D,True,eligible,7583,4,5,0,Ta|P|W|RH|Rs,,2376,20,validation
huc8_11020002,07097000,14,B_union_D_union_M_union_H,False,no_hydraulics_with_minimum_training_days,7583,4,5,0,Ta|P|W|RH|Rs,,0,0,validation
huc8_11020002,07097000,30,B_union_D,True,eligible,7583,4,5,0,Ta|P|W|RH|Rs,,1856,20,validation
huc8_11020002,07097000,30,B_union_D_union_M_union_H,False,no_hydraulics_with_minimum_training_days,7583,4,5,0,Ta|P|W|RH|Rs,,0,0,validation
huc8_11020002,07097000,60,B_union_D,True,eligible,7583,4,5,0,Ta|P|W|RH|Rs,,1197,20,validation
huc8_11020002,07097000,60,B_union_D_union_M_union_H,False,no_hydraulics_with_minimum_training_days,7583,4,5,0,Ta|P|W|RH|Rs,,0,0,validation
huc8_11020002,07097000,90,B_union_D,True,eligible,7583,4,5,0,Ta|P|W|RH|Rs,,757,20,validation
huc8_11020002,07097000,90,B_union_D_union_M_union_H,False,no_hydraulics_with_minimum_training_days,7583,4,5,0,Ta|P|W|RH|Rs,,0,0,validation
huc8_11020002,07097000,180,B_union_D,True,eligible,7583,4,5,0,Ta|P|W|RH|Rs,,227,20,validation
huc8_11020002,07097000,180,B_union_D_union_M_union_H,False,no_hydraulics_with_minimum_training_days,7583,4,5,0,Ta|P|W|RH|Rs,,0,0,validation
huc8_11020002,07097000,365,B_union_D,False,no_eligible_evaluation_windows,7583,4,5,0,Ta|P|W|RH|Rs,,0,0,validation
huc8_11020002,07097000,365,B_union_D_union_M_union_H,False,no_hydraulics_with_minimum_training_days,7583,4,5,0,Ta|P|W|RH|Rs,,0,0,validation
huc8_11020002,07099400,7,B_union_D,True,eligible,2612,4,5,0,Ta|P|W|RH|Rs,,2687,20,validation
huc8_11020002,07099400,7,B_union_D_union_M_union_H,False,no_hydraulics_with_minimum_training_days,2612,4,5,0,Ta|P|W|RH|Rs,,0,0,validation
huc8_11020002,07099400,14,B_union_D,True,eligible,2612,4,5,0,Ta|P|W|RH|Rs,,2372,20,validation
huc8_11020002,07099400,14,B_union_D_union_M_union_H,False,no_hydraulics_with_minimum_training_days,2612,4,5,0,Ta|P|W|RH|Rs,,0,0,validation
huc8_11020002,07099400,30,B_union_D,True,eligible,2612,4,5,0,Ta|P|W|RH|Rs,,1855,20,validation
huc8_11020002,07099400,30,B_union_D_union_M_union_H,False,no_hydraulics_with_minimum_training_days,2612,4,5,0,Ta|P|W|RH|Rs,,0,0,validation
huc8_11020002,07099400,60,B_union_D,True,eligible,2612,4,5,0,Ta|P|W|RH|Rs,,1200,20,validation
huc8_11020002,07099400,60,B_union_D_union_M_union_H,False,no_hydraulics_with_minimum_training_days,2612,4,5,0,Ta|P|W|RH|Rs,,0,0,validation
huc8_11020002,07099400,90,B_union_D,True,eligible,2612,4,5,0,Ta|P|W|RH|Rs,,760,20,validation
huc8_11020002,07099400,90,B_union_D_union_M_union_H,False,no_hydraulics_with_minimum_training_days,2612,4,5,0,Ta|P|W|RH|Rs,,0,0,validation
huc8_11020002,07099400,180,B_union_D,True,eligible,2612,4,5,0,Ta|P|W|RH|Rs,,227,20,validation
huc8_11020002,07099400,180,B_union_D_union_M_union_H,False,no_hydraulics_with_minimum_training_days,2612,4,5,0,Ta|P|W|RH|Rs,,0,0,validation
huc8_11020002,07099400,365,B_union_D,False,no_eligible_evaluation_windows,2612,4,5,0,Ta|P|W|RH|Rs,,0,0,validation
huc8_11020002,07099400,365,B_union_D_union_M_union_H,False,no_hydraulics_with_minimum_training_days,2612,4,5,0,Ta|P|W|RH|Rs,,0,0,validation
huc8_11020002,07099969,7,B_union_D,True,eligible,6824,4,5,0,Ta|P|W|RH|Rs,,2696,20,validation
huc8_11020002,07099969,7,B_union_D_union_M_union_H,False,no_hydraulics_with_minimum_training_days,6824,4,5,0,Ta|P|W|RH|Rs,,0,0,validation
huc8_11020002,07099969,14,B_union_D,True,eligible,6824,4,5,0,Ta|P|W|RH|Rs,,2378,20,validation
huc8_11020002,07099969,14,B_union_D_union_M_union_H,False,no_hydraulics_with_minimum_training_days,6824,4,5,0,Ta|P|W|RH|Rs,,0,0,validation
huc8_11020002,07099969,30,B_union_D,True,eligible,6824,4,5,0,Ta|P|W|RH|Rs,,1856,20,validation
huc8_11020002,07099969,30,B_union_D_union_M_union_H,False,no_hydraulics_with_minimum_training_days,6824,4,5,0,Ta|P|W|RH|Rs,,0,0,validation
huc8_11020002,07099969,60,B_union_D,True,eligible,6824,4,5,0,Ta|P|W|RH|Rs,,1197,20,validation
huc8_11020002,07099969,60,B_union_D_union_M_union_H,False,no_hydraulics_with_minimum_training_days,6824,4,5,0,Ta|P|W|RH|Rs,,0,0,validation
huc8_11020002,07099969,90,B_union_D,True,eligible,6824,4,5,0,Ta|P|W|RH|Rs,,756,20,validation
huc8_11020002,07099969,90,B_union_D_union_M_union_H,False,no_hydraulics_with_minimum_training_days,6824,4,5,0,Ta|P|W|RH|Rs,,0,0,validation
huc8_11020002,07099969,180,B_union_D,True,eligible,6824,4,5,0,Ta|P|W|RH|Rs,,226,20,validation
huc8_11020002,07099969,180,B_union_D_union_M_union_H,False,no_hydraulics_with_minimum_training_days,6824,4,5,0,Ta|P|W|RH|Rs,,0,0,validation
huc8_11020002,07099969,365,B_union_D,False,no_eligible_evaluation_windows,6824,4,5,0,Ta|P|W|RH|Rs,,0,0,validation
huc8_11020002,07099969,365,B_union_D_union_M_union_H,False,no_hydraulics_with_minimum_training_days,6824,4,5,0,Ta|P|W|RH|Rs,,0,0,validation
huc8_11020002,07109500,7,B_union_D,True,eligible,8838,4,5,1,Ta|P|W|RH|Rs,F,2681,20,validation
huc8_11020002,07109500,7,B_union_D_union_M_union_H,True,eligible,8838,4,5,1,Ta|P|W|RH|Rs,F,2681,20,validation
huc8_11020002,07109500,14,B_union_D,True,eligible,8838,4,5,1,Ta|P|W|RH|Rs,F,2366,20,validation
huc8_11020002,07109500,14,B_union_D_union_M_union_H,True,eligible,8838,4,5,1,Ta|P|W|RH|Rs,F,2366,20,validation
huc8_11020002,07109500,30,B_union_D,True,eligible,8838,4,5,1,Ta|P|W|RH|Rs,F,1853,20,validation
huc8_11020002,07109500,30,B_union_D_union_M_union_H,True,eligible,8838,4,5,1,Ta|P|W|RH|Rs,F,1853,20,validation
huc8_11020002,07109500,60,B_union_D,True,eligible,8838,4,5,1,Ta|P|W|RH|Rs,F,1196,20,validation
huc8_11020002,07109500,60,B_union_D_union_M_union_H,True,eligible,8838,4,5,1,Ta|P|W|RH|Rs,F,1196,20,validation
huc8_11020002,07109500,90,B_union_D,True,eligible,8838,4,5,1,Ta|P|W|RH|Rs,F,759,20,validation
huc8_11020002,07109500,90,B_union_D_union_M_union_H,True,eligible,8838,4,5,1,Ta|P|W|RH|Rs,F,759,20,validation
huc8_11020002,07109500,180,B_union_D,True,eligible,8838,4,5,1,Ta|P|W|RH|Rs,F,227,20,validation
huc8_11020002,07109500,180,B_union_D_union_M_union_H,True,eligible,8838,4,5,1,Ta|P|W|RH|Rs,F,227,20,validation
huc8_11020002,07109500,365,B_union_D,False,no_eligible_evaluation_windows,8838,4,5,1,Ta|P|W|RH|Rs,F,0,0,validation
huc8_11020002,07109500,365,B_union_D_union_M_union_H,False,no_eligible_evaluation_windows,8838,4,5,1,Ta|P|W|RH|Rs,F,0,0,validation
huc8_11020003,07105530,7,B_union_D,True,eligible,2531,2,5,1,Ta|P|W|RH|Rs,F,269,20,validation
huc8_11020003,07105530,7,B_union_D_union_M_union_H,True,eligible,2531,2,5,1,Ta|P|W|RH|Rs,F,269,20,validation
huc8_11020003,07105530,14,B_union_D,True,eligible,2531,2,5,1,Ta|P|W|RH|Rs,F,262,20,validation
huc8_11020003,07105530,14,B_union_D_union_M_union_H,True,eligible,2531,2,5,1,Ta|P|W|RH|Rs,F,262,20,validation
huc8_11020003,07105530,30,B_union_D,True,eligible,2531,2,5,1,Ta|P|W|RH|Rs,F,246,20,validation
huc8_11020003,07105530,30,B_union_D_union_M_union_H,True,eligible,2531,2,5,1,Ta|P|W|RH|Rs,F,246,20,validation
huc8_11020003,07105530,60,B_union_D,True,eligible,2531,2,5,1,Ta|P|W|RH|Rs,F,216,20,validation
huc8_11020003,07105530,60,B_union_D_union_M_union_H,True,eligible,2531,2,5,1,Ta|P|W|RH|Rs,F,216,20,validation
huc8_11020003,07105530,90,B_union_D,True,eligible,2531,2,5,1,Ta|P|W|RH|Rs,F,186,20,validation
huc8_11020003,07105530,90,B_union_D_union_M_union_H,True,eligible,2531,2,5,1,Ta|P|W|RH|Rs,F,186,20,validation
huc8_11020003,07105530,180,B_union_D,True,eligible,2531,2,5,1,Ta|P|W|RH|Rs,F,96,20,validation
huc8_11020003,07105530,180,B_union_D_union_M_union_H,True,eligible,2531,2,5,1,Ta|P|W|RH|Rs,F,96,20,validation
huc8_11020003,07105530,365,B_union_D,False,no_eligible_evaluation_windows,2531,2,5,1,Ta|P|W|RH|Rs,F,0,0,validation
huc8_11020003,07105530,365,B_union_D_union_M_union_H,False,no_eligible_evaluation_windows,2531,2,5,1,Ta|P|W|RH|Rs,F,0,0,validation
huc8_11020003,07105815,7,B_union_D,False,insufficient_training_target_days,0,0,0,0,,,0,0,validation
huc8_11020003,07105815,7,B_union_D_union_M_union_H,False,insufficient_training_target_days,0,0,0,0,,,0,0,validation
huc8_11020003,07105815,14,B_union_D,False,insufficient_training_target_days,0,0,0,0,,,0,0,validation
huc8_11020003,07105815,14,B_union_D_union_M_union_H,False,insufficient_training_target_days,0,0,0,0,,,0,0,validation
huc8_11020003,07105815,30,B_union_D,False,insufficient_training_target_days,0,0,0,0,,,0,0,validation
huc8_11020003,07105815,30,B_union_D_union_M_union_H,False,insufficient_training_target_days,0,0,0,0,,,0,0,validation
huc8_11020003,07105815,60,B_union_D,False,insufficient_training_target_days,0,0,0,0,,,0,0,validation
huc8_11020003,07105815,60,B_union_D_union_M_union_H,False,insufficient_training_target_days,0,0,0,0,,,0,0,validation
huc8_11020003,07105815,90,B_union_D,False,insufficient_training_target_days,0,0,0,0,,,0,0,validation
huc8_11020003,07105815,90,B_union_D_union_M_union_H,False,insufficient_training_target_days,0,0,0,0,,,0,0,validation
huc8_11020003,07105815,180,B_union_D,False,insufficient_training_target_days,0,0,0,0,,,0,0,validation
huc8_11020003,07105815,180,B_union_D_union_M_union_H,False,insufficient_training_target_days,0,0,0,0,,,0,0,validation
huc8_11020003,07105815,365,B_union_D,False,insufficient_training_target_days,0,0,0,0,,,0,0,validation
huc8_11020003,07105815,365,B_union_D_union_M_union_H,False,insufficient_training_target_days,0,0,0,0,,,0,0,validation
huc8_11020003,07105820,7,B_union_D,False,insufficient_training_target_days,0,0,0,0,,,0,0,validation
huc8_11020003,07105820,7,B_union_D_union_M_union_H,False,insufficient_training_target_days,0,0,0,0,,,0,0,validation
huc8_11020003,07105820,14,B_union_D,False,insufficient_training_target_days,0,0,0,0,,,0,0,validation
huc8_11020003,07105820,14,B_union_D_union_M_union_H,False,insufficient_training_target_days,0,0,0,0,,,0,0,validation
huc8_11020003,07105820,30,B_union_D,False,insufficient_training_target_days,0,0,0,0,,,0,0,validation
huc8_11020003,07105820,30,B_union_D_union_M_union_H,False,insufficient_training_target_days,0,0,0,0,,,0,0,validation
huc8_11020003,07105820,60,B_union_D,False,insufficient_training_target_days,0,0,0,0,,,0,0,validation
huc8_11020003,07105820,60,B_union_D_union_M_union_H,False,insufficient_training_target_days,0,0,0,0,,,0,0,validation
huc8_11020003,07105820,90,B_union_D,False,insufficient_training_target_days,0,0,0,0,,,0,0,validation
huc8_11020003,07105820,90,B_union_D_union_M_union_H,False,insufficient_training_target_days,0,0,0,0,,,0,0,validation
huc8_11020003,07105820,180,B_union_D,False,insufficient_training_target_days,0,0,0,0,,,0,0,validation
huc8_11020003,07105820,180,B_union_D_union_M_union_H,False,insufficient_training_target_days,0,0,0,0,,,0,0,validation
huc8_11020003,07105820,365,B_union_D,False,insufficient_training_target_days,0,0,0,0,,,0,0,validation
huc8_11020003,07105820,365,B_union_D_union_M_union_H,False,insufficient_training_target_days,0,0,0,0,,,0,0,validation
huc8_11020003,07106000,7,B_union_D,True,eligible,7290,2,5,1,Ta|P|W|RH|Rs,F,269,20,validation
huc8_11020003,07106000,7,B_union_D_union_M_union_H,True,eligible,7290,2,5,1,Ta|P|W|RH|Rs,F,269,20,validation
huc8_11020003,07106000,14,B_union_D,True,eligible,7290,2,5,1,Ta|P|W|RH|Rs,F,262,20,validation
huc8_11020003,07106000,14,B_union_D_union_M_union_H,True,eligible,7290,2,5,1,Ta|P|W|RH|Rs,F,262,20,validation
huc8_11020003,07106000,30,B_union_D,True,eligible,7290,2,5,1,Ta|P|W|RH|Rs,F,246,20,validation
huc8_11020003,07106000,30,B_union_D_union_M_union_H,True,eligible,7290,2,5,1,Ta|P|W|RH|Rs,F,246,20,validation
huc8_11020003,07106000,60,B_union_D,True,eligible,7290,2,5,1,Ta|P|W|RH|Rs,F,216,20,validation
huc8_11020003,07106000,60,B_union_D_union_M_union_H,True,eligible,7290,2,5,1,Ta|P|W|RH|Rs,F,216,20,validation
huc8_11020003,07106000,90,B_union_D,True,eligible,7290,2,5,1,Ta|P|W|RH|Rs,F,186,20,validation
huc8_11020003,07106000,90,B_union_D_union_M_union_H,True,eligible,7290,2,5,1,Ta|P|W|RH|Rs,F,186,20,validation
huc8_11020003,07106000,180,B_union_D,True,eligible,7290,2,5,1,Ta|P|W|RH|Rs,F,96,20,validation
huc8_11020003,07106000,180,B_union_D_union_M_union_H,True,eligible,7290,2,5,1,Ta|P|W|RH|Rs,F,96,20,validation
huc8_11020003,07106000,365,B_union_D,False,no_eligible_evaluation_windows,7290,2,5,1,Ta|P|W|RH|Rs,F,0,0,validation
huc8_11020003,07106000,365,B_union_D_union_M_union_H,False,no_eligible_evaluation_windows,7290,2,5,1,Ta|P|W|RH|Rs,F,0,0,validation
huc8_11020003,07106500,7,B_union_D,True,eligible,9251,2,5,1,Ta|P|W|RH|Rs,F,270,20,validation
huc8_11020003,07106500,7,B_union_D_union_M_union_H,True,eligible,9251,2,5,1,Ta|P|W|RH|Rs,F,270,20,validation
huc8_11020003,07106500,14,B_union_D,True,eligible,9251,2,5,1,Ta|P|W|RH|Rs,F,263,20,validation
huc8_11020003,07106500,14,B_union_D_union_M_union_H,True,eligible,9251,2,5,1,Ta|P|W|RH|Rs,F,263,20,validation
huc8_11020003,07106500,30,B_union_D,True,eligible,9251,2,5,1,Ta|P|W|RH|Rs,F,247,20,validation
huc8_11020003,07106500,30,B_union_D_union_M_union_H,True,eligible,9251,2,5,1,Ta|P|W|RH|Rs,F,247,20,validation
huc8_11020003,07106500,60,B_union_D,True,eligible,9251,2,5,1,Ta|P|W|RH|Rs,F,217,20,validation
huc8_11020003,07106500,60,B_union_D_union_M_union_H,True,eligible,9251,2,5,1,Ta|P|W|RH|Rs,F,217,20,validation
huc8_11020003,07106500,90,B_union_D,True,eligible,9251,2,5,1,Ta|P|W|RH|Rs,F,187,20,validation
huc8_11020003,07106500,90,B_union_D_union_M_union_H,True,eligible,9251,2,5,1,Ta|P|W|RH|Rs,F,187,20,validation
huc8_11020003,07106500,180,B_union_D,True,eligible,9251,2,5,1,Ta|P|W|RH|Rs,F,97,20,validation
huc8_11020003,07106500,180,B_union_D_union_M_union_H,True,eligible,9251,2,5,1,Ta|P|W|RH|Rs,F,97,20,validation
huc8_11020003,07106500,365,B_union_D,False,no_eligible_evaluation_windows,9251,2,5,1,Ta|P|W|RH|Rs,F,0,0,validation
huc8_11020003,07106500,365,B_union_D_union_M_union_H,False,no_eligible_evaluation_windows,9251,2,5,1,Ta|P|W|RH|Rs,F,0,0,validation
huc8_11030012,07143672,7,B_union_D,True,eligible,5036,1,5,2,Ta|P|W|RH|Rs,F|L,2003,20,validation
huc8_11030012,07143672,7,B_union_D_union_M_union_H,True,eligible,5036,1,5,2,Ta|P|W|RH|Rs,F|L,1988,20,validation
huc8_11030012,07143672,14,B_union_D,True,eligible,5036,1,5,2,Ta|P|W|RH|Rs,F|L,1812,20,validation
huc8_11030012,07143672,14,B_union_D_union_M_union_H,True,eligible,5036,1,5,2,Ta|P|W|RH|Rs,F|L,1783,20,validation
huc8_11030012,07143672,30,B_union_D,True,eligible,5036,1,5,2,Ta|P|W|RH|Rs,F|L,1473,20,validation
huc8_11030012,07143672,30,B_union_D_union_M_union_H,True,eligible,5036,1,5,2,Ta|P|W|RH|Rs,F|L,1412,20,validation
huc8_11030012,07143672,60,B_union_D,True,eligible,5036,1,5,2,Ta|P|W|RH|Rs,F|L,1000,20,validation
huc8_11030012,07143672,60,B_union_D_union_M_union_H,True,eligible,5036,1,5,2,Ta|P|W|RH|Rs,F|L,917,20,validation
huc8_11030012,07143672,90,B_union_D,True,eligible,5036,1,5,2,Ta|P|W|RH|Rs,F|L,710,20,validation
huc8_11030012,07143672,90,B_union_D_union_M_union_H,True,eligible,5036,1,5,2,Ta|P|W|RH|Rs,F|L,627,20,validation
huc8_11030012,07143672,180,B_union_D,True,eligible,5036,1,5,2,Ta|P|W|RH|Rs,F|L,394,20,validation
huc8_11030012,07143672,180,B_union_D_union_M_union_H,True,eligible,5036,1,5,2,Ta|P|W|RH|Rs,F|L,361,20,validation
huc8_11030012,07143672,365,B_union_D,True,eligible,5036,1,5,2,Ta|P|W|RH|Rs,F|L,167,20,validation
huc8_11030012,07143672,365,B_union_D_union_M_union_H,True,eligible,5036,1,5,2,Ta|P|W|RH|Rs,F|L,167,20,validation
huc8_11030012,07144100,7,B_union_D,True,eligible,5182,1,5,2,Ta|P|W|RH|Rs,F|L,1954,20,validation
huc8_11030012,07144100,7,B_union_D_union_M_union_H,True,eligible,5182,1,5,2,Ta|P|W|RH|Rs,F|L,1900,20,validation
huc8_11030012,07144100,14,B_union_D,True,eligible,5182,1,5,2,Ta|P|W|RH|Rs,F|L,1791,20,validation
huc8_11030012,07144100,14,B_union_D_union_M_union_H,True,eligible,5182,1,5,2,Ta|P|W|RH|Rs,F|L,1704,20,validation
huc8_11030012,07144100,30,B_union_D,True,eligible,5182,1,5,2,Ta|P|W|RH|Rs,F|L,1495,20,validation
huc8_11030012,07144100,30,B_union_D_union_M_union_H,True,eligible,5182,1,5,2,Ta|P|W|RH|Rs,F|L,1344,20,validation
huc8_11030012,07144100,60,B_union_D,True,eligible,5182,1,5,2,Ta|P|W|RH|Rs,F|L,1095,20,validation
huc8_11030012,07144100,60,B_union_D_union_M_union_H,True,eligible,5182,1,5,2,Ta|P|W|RH|Rs,F|L,874,20,validation
huc8_11030012,07144100,90,B_union_D,True,eligible,5182,1,5,2,Ta|P|W|RH|Rs,F|L,842,20,validation
huc8_11030012,07144100,90,B_union_D_union_M_union_H,True,eligible,5182,1,5,2,Ta|P|W|RH|Rs,F|L,561,20,validation
huc8_11030012,07144100,180,B_union_D,True,eligible,5182,1,5,2,Ta|P|W|RH|Rs,F|L,532,20,validation
huc8_11030012,07144100,180,B_union_D_union_M_union_H,True,eligible,5182,1,5,2,Ta|P|W|RH|Rs,F|L,166,20,validation
huc8_11030012,07144100,365,B_union_D,False,no_eligible_evaluation_windows,5182,1,5,2,Ta|P|W|RH|Rs,F|L,347,0,validation
huc8_11030012,07144100,365,B_union_D_union_M_union_H,False,no_eligible_evaluation_windows,5182,1,5,2,Ta|P|W|RH|Rs,F|L,0,0,validation
huc8_11030012,375350097262800,7,B_union_D,True,eligible,501,1,5,0,Ta|P|W|RH|Rs,,1944,20,validation
huc8_11030012,375350097262800,7,B_union_D_union_M_union_H,False,no_hydraulics_with_minimum_training_days,501,1,5,0,Ta|P|W|RH|Rs,,0,0,validation
huc8_11030012,375350097262800,14,B_union_D,True,eligible,501,1,5,0,Ta|P|W|RH|Rs,,1781,20,validation
huc8_11030012,375350097262800,14,B_union_D_union_M_union_H,False,no_hydraulics_with_minimum_training_days,501,1,5,0,Ta|P|W|RH|Rs,,0,0,validation
huc8_11030012,375350097262800,30,B_union_D,True,eligible,501,1,5,0,Ta|P|W|RH|Rs,,1487,20,validation
huc8_11030012,375350097262800,30,B_union_D_union_M_union_H,False,no_hydraulics_with_minimum_training_days,501,1,5,0,Ta|P|W|RH|Rs,,0,0,validation
huc8_11030012,375350097262800,60,B_union_D,True,eligible,501,1,5,0,Ta|P|W|RH|Rs,,1091,20,validation
huc8_11030012,375350097262800,60,B_union_D_union_M_union_H,False,no_hydraulics_with_minimum_training_days,501,1,5,0,Ta|P|W|RH|Rs,,0,0,validation
huc8_11030012,375350097262800,90,B_union_D,True,eligible,501,1,5,0,Ta|P|W|RH|Rs,,840,20,validation
huc8_11030012,375350097262800,90,B_union_D_union_M_union_H,False,no_hydraulics_with_minimum_training_days,501,1,5,0,Ta|P|W|RH|Rs,,0,0,validation
huc8_11030012,375350097262800,180,B_union_D,True,eligible,501,1,5,0,Ta|P|W|RH|Rs,,532,20,validation
huc8_11030012,375350097262800,180,B_union_D_union_M_union_H,False,no_hydraulics_with_minimum_training_days,501,1,5,0,Ta|P|W|RH|Rs,,0,0,validation
huc8_11030012,375350097262800,365,B_union_D,True,eligible,501,1,5,0,Ta|P|W|RH|Rs,,347,20,validation
huc8_11030012,375350097262800,365,B_union_D_union_M_union_H,False,no_hydraulics_with_minimum_training_days,501,1,5,0,Ta|P|W|RH|Rs,,0,0,validation
huc8_11130206,07311900,7,B_union_D,False,no_eligible_evaluation_windows,5725,3,5,2,Ta|P|W|RH|Rs,F|L,0,0,validation
huc8_11130206,07311900,7,B_union_D_union_M_union_H,False,no_eligible_evaluation_windows,5725,3,5,2,Ta|P|W|RH|Rs,F|L,0,0,validation
huc8_11130206,07311900,14,B_union_D,False,no_eligible_evaluation_windows,5725,3,5,2,Ta|P|W|RH|Rs,F|L,0,0,validation
huc8_11130206,07311900,14,B_union_D_union_M_union_H,False,no_eligible_evaluation_windows,5725,3,5,2,Ta|P|W|RH|Rs,F|L,0,0,validation
huc8_11130206,07311900,30,B_union_D,False,no_eligible_evaluation_windows,5725,3,5,2,Ta|P|W|RH|Rs,F|L,0,0,validation
huc8_11130206,07311900,30,B_union_D_union_M_union_H,False,no_eligible_evaluation_windows,5725,3,5,2,Ta|P|W|RH|Rs,F|L,0,0,validation
huc8_11130206,07311900,60,B_union_D,False,no_eligible_evaluation_windows,5725,3,5,2,Ta|P|W|RH|Rs,F|L,0,0,validation
huc8_11130206,07311900,60,B_union_D_union_M_union_H,False,no_eligible_evaluation_windows,5725,3,5,2,Ta|P|W|RH|Rs,F|L,0,0,validation
huc8_11130206,07311900,90,B_union_D,False,no_eligible_evaluation_windows,5725,3,5,2,Ta|P|W|RH|Rs,F|L,0,0,validation
huc8_11130206,07311900,90,B_union_D_union_M_union_H,False,no_eligible_evaluation_windows,5725,3,5,2,Ta|P|W|RH|Rs,F|L,0,0,validation
huc8_11130206,07311900,180,B_union_D,False,no_eligible_evaluation_windows,5725,3,5,2,Ta|P|W|RH|Rs,F|L,0,0,validation
huc8_11130206,07311900,180,B_union_D_union_M_union_H,False,no_eligible_evaluation_windows,5725,3,5,2,Ta|P|W|RH|Rs,F|L,0,0,validation
huc8_11130206,07311900,365,B_union_D,False,no_eligible_evaluation_windows,5725,3,5,2,Ta|P|W|RH|Rs,F|L,0,0,validation
huc8_11130206,07311900,365,B_union_D_union_M_union_H,False,no_eligible_evaluation_windows,5725,3,5,2,Ta|P|W|RH|Rs,F|L,0,0,validation
huc8_11130206,07312100,7,B_union_D,False,no_eligible_evaluation_windows,6025,3,5,2,Ta|P|W|RH|Rs,F|L,0,0,validation
huc8_11130206,07312100,7,B_union_D_union_M_union_H,False,no_eligible_evaluation_windows,6025,3,5,2,Ta|P|W|RH|Rs,F|L,0,0,validation
huc8_11130206,07312100,14,B_union_D,False,no_eligible_evaluation_windows,6025,3,5,2,Ta|P|W|RH|Rs,F|L,0,0,validation
huc8_11130206,07312100,14,B_union_D_union_M_union_H,False,no_eligible_evaluation_windows,6025,3,5,2,Ta|P|W|RH|Rs,F|L,0,0,validation
huc8_11130206,07312100,30,B_union_D,False,no_eligible_evaluation_windows,6025,3,5,2,Ta|P|W|RH|Rs,F|L,0,0,validation
huc8_11130206,07312100,30,B_union_D_union_M_union_H,False,no_eligible_evaluation_windows,6025,3,5,2,Ta|P|W|RH|Rs,F|L,0,0,validation
huc8_11130206,07312100,60,B_union_D,False,no_eligible_evaluation_windows,6025,3,5,2,Ta|P|W|RH|Rs,F|L,0,0,validation
huc8_11130206,07312100,60,B_union_D_union_M_union_H,False,no_eligible_evaluation_windows,6025,3,5,2,Ta|P|W|RH|Rs,F|L,0,0,validation
huc8_11130206,07312100,90,B_union_D,False,no_eligible_evaluation_windows,6025,3,5,2,Ta|P|W|RH|Rs,F|L,0,0,validation
huc8_11130206,07312100,90,B_union_D_union_M_union_H,False,no_eligible_evaluation_windows,6025,3,5,2,Ta|P|W|RH|Rs,F|L,0,0,validation
huc8_11130206,07312100,180,B_union_D,False,no_eligible_evaluation_windows,6025,3,5,2,Ta|P|W|RH|Rs,F|L,0,0,validation
huc8_11130206,07312100,180,B_union_D_union_M_union_H,False,no_eligible_evaluation_windows,6025,3,5,2,Ta|P|W|RH|Rs,F|L,0,0,validation
huc8_11130206,07312100,365,B_union_D,False,no_eligible_evaluation_windows,6025,3,5,2,Ta|P|W|RH|Rs,F|L,0,0,validation
huc8_11130206,07312100,365,B_union_D_union_M_union_H,False,no_eligible_evaluation_windows,6025,3,5,2,Ta|P|W|RH|Rs,F|L,0,0,validation
huc8_11130206,07312500,7,B_union_D,False,no_eligible_evaluation_windows,5113,3,5,2,Ta|P|W|RH|Rs,F|L,0,0,validation
huc8_11130206,07312500,7,B_union_D_union_M_union_H,False,no_eligible_evaluation_windows,5113,3,5,2,Ta|P|W|RH|Rs,F|L,0,0,validation
huc8_11130206,07312500,14,B_union_D,False,no_eligible_evaluation_windows,5113,3,5,2,Ta|P|W|RH|Rs,F|L,0,0,validation
huc8_11130206,07312500,14,B_union_D_union_M_union_H,False,no_eligible_evaluation_windows,5113,3,5,2,Ta|P|W|RH|Rs,F|L,0,0,validation
huc8_11130206,07312500,30,B_union_D,False,no_eligible_evaluation_windows,5113,3,5,2,Ta|P|W|RH|Rs,F|L,0,0,validation
huc8_11130206,07312500,30,B_union_D_union_M_union_H,False,no_eligible_evaluation_windows,5113,3,5,2,Ta|P|W|RH|Rs,F|L,0,0,validation
huc8_11130206,07312500,60,B_union_D,False,no_eligible_evaluation_windows,5113,3,5,2,Ta|P|W|RH|Rs,F|L,0,0,validation
huc8_11130206,07312500,60,B_union_D_union_M_union_H,False,no_eligible_evaluation_windows,5113,3,5,2,Ta|P|W|RH|Rs,F|L,0,0,validation
huc8_11130206,07312500,90,B_union_D,False,no_eligible_evaluation_windows,5113,3,5,2,Ta|P|W|RH|Rs,F|L,0,0,validation
huc8_11130206,07312500,90,B_union_D_union_M_union_H,False,no_eligible_evaluation_windows,5113,3,5,2,Ta|P|W|RH|Rs,F|L,0,0,validation
huc8_11130206,07312500,180,B_union_D,False,no_eligible_evaluation_windows,5113,3,5,2,Ta|P|W|RH|Rs,F|L,0,0,validation
huc8_11130206,07312500,180,B_union_D_union_M_union_H,False,no_eligible_evaluation_windows,5113,3,5,2,Ta|P|W|RH|Rs,F|L,0,0,validation
huc8_11130206,07312500,365,B_union_D,False,no_eligible_evaluation_windows,5113,3,5,2,Ta|P|W|RH|Rs,F|L,0,0,validation
huc8_11130206,07312500,365,B_union_D_union_M_union_H,False,no_eligible_evaluation_windows,5113,3,5,2,Ta|P|W|RH|Rs,F|L,0,0,validation
huc8_11130206,07312700,7,B_union_D,False,no_eligible_evaluation_windows,5004,3,5,2,Ta|P|W|RH|Rs,F|L,0,0,validation
huc8_11130206,07312700,7,B_union_D_union_M_union_H,False,no_eligible_evaluation_windows,5004,3,5,2,Ta|P|W|RH|Rs,F|L,0,0,validation
huc8_11130206,07312700,14,B_union_D,False,no_eligible_evaluation_windows,5004,3,5,2,Ta|P|W|RH|Rs,F|L,0,0,validation
huc8_11130206,07312700,14,B_union_D_union_M_union_H,False,no_eligible_evaluation_windows,5004,3,5,2,Ta|P|W|RH|Rs,F|L,0,0,validation
huc8_11130206,07312700,30,B_union_D,False,no_eligible_evaluation_windows,5004,3,5,2,Ta|P|W|RH|Rs,F|L,0,0,validation
huc8_11130206,07312700,30,B_union_D_union_M_union_H,False,no_eligible_evaluation_windows,5004,3,5,2,Ta|P|W|RH|Rs,F|L,0,0,validation
huc8_11130206,07312700,60,B_union_D,False,no_eligible_evaluation_windows,5004,3,5,2,Ta|P|W|RH|Rs,F|L,0,0,validation
huc8_11130206,07312700,60,B_union_D_union_M_union_H,False,no_eligible_evaluation_windows,5004,3,5,2,Ta|P|W|RH|Rs,F|L,0,0,validation
huc8_11130206,07312700,90,B_union_D,False,no_eligible_evaluation_windows,5004,3,5,2,Ta|P|W|RH|Rs,F|L,0,0,validation
huc8_11130206,07312700,90,B_union_D_union_M_union_H,False,no_eligible_evaluation_windows,5004,3,5,2,Ta|P|W|RH|Rs,F|L,0,0,validation
huc8_11130206,07312700,180,B_union_D,False,no_eligible_evaluation_windows,5004,3,5,2,Ta|P|W|RH|Rs,F|L,0,0,validation
huc8_11130206,07312700,180,B_union_D_union_M_union_H,False,no_eligible_evaluation_windows,5004,3,5,2,Ta|P|W|RH|Rs,F|L,0,0,validation
huc8_11130206,07312700,365,B_union_D,False,no_eligible_evaluation_windows,5004,3,5,2,Ta|P|W|RH|Rs,F|L,0,0,validation
huc8_11130206,07312700,365,B_union_D_union_M_union_H,False,no_eligible_evaluation_windows,5004,3,5,2,Ta|P|W|RH|Rs,F|L,0,0,validation
