Locatie_MessageID,Code,Coordinatenstelsel,Lat,Lon,Naam,Omschrijving
10603,4epetroleumhaven,ETRS89,51.953524,4.140491,4e Petroleumhaven,4e Petroleumhaven
17056,7epetroleumhaven,ETRS89,51.915615,4.21277,7e Petroleumhaven,7e Petroleumhaven
4998,aakvlaai.badstrand,ETRS89,51.723572,4.864773,"Aakvlaai, badstrand","Aakvlaai, badstrand"
10425,aalst.deneswaarden,ETRS89,51.785668,5.115173,"Aalst, De Neswaarden","Aalst, De Neswaarden"
10980,aalst.derietschoof.1,ETRS89,51.77674,5.125978,"Aalst, De Rietschoof, meetpunt 1",strand
13467,aasterberg,ETRS89,51.10176,5.834066,Aasterberg,monding van de Geleenbeek
1412,abbertstrand,ETRS89,52.51092,5.853608,Abbertstrand,Abbertstrand
16852,adelaarsweg,ETRS89,52.328631,5.423878,Adelaarsweg,Hoge Vaart
18207,alblasserdam,ETRS89,51.856606,4.656146,Alblasserdam,rechteroever nabij brug
13767,almeerderstrand,ETRS89,52.33544,5.138603,Almeerderstrand,Almeerderstrand
7620,almelo,ETRS89,52.35632,6.620117,Almelo,Almelo
4535,almerehaven.zwemstrand,ETRS89,52.332849,5.212678,"Almere-Haven, zwemstrand","Almere-Haven, zwemstrand"
13629,almere.lagevaart,ETRS89,52.398658,5.247623,"Almere, Lage Vaart","Almere, Lage Vaart"
14962,almere.triathlon.a,ETRS89,52.333802,5.200878,"Almere, triathlon, punt A","Almere, triathlon, punt A"
17941,almere.triathlon.b,ETRS89,52.329379,5.212075,"Almere, triathlon, punt B","Almere, triathlon, punt B"
4529,almere.triathlon.c,ETRS89,52.332949,5.219778,"Almere, triathlon, punt C","Almere, triathlon, punt C"
8851,amelanderzeegat.1.1,ETRS89,53.507601,5.481405,"Amelander zeegat, 1 .1",boei
18354,amelanderzeegat.1.2,ETRS89,53.507598,5.48442,"Amelander zeegat, 1 .2",boei
12056,amelanderzeegat.2.1,ETRS89,53.477304,5.573963,"Amelander zeegat, 2 .1",boei
8079,amelanderzeegat.3.1,ETRS89,53.450839,5.60365,"Amelander zeegat, 3 .1",boei
4456,amelanderzeegat.3.2,ETRS89,53.449939,5.604699,"Amelander zeegat, 3 .2",boei
17977,amelanderzeegat.4.1,ETRS89,53.421114,5.641855,"Amelander zeegat, 4 .1",boei
17646,amelanderzeegat.4.2,ETRS89,53.424273,5.635406,"Amelander zeegat, 4 .2",boei
16066,amelanderzeegat.5.2,ETRS89,53.393401,5.696857,"Amelander zeegat, 5 .2",boei
6200,ameland.nes,ETRS89,53.429766,5.759448,"Ameland, Nes","Ameland, Nes"
831,ameland.nes.badstrand,ETRS89,53.462079,5.778186,"Ameland, Nes, badstrand","Ameland, Nes, badstrand"
15136,amerikahaven.2,ETRS89,52.411987,4.774766,"Amerikahaven, 2","Amerikahaven, 2"
7320,amerikahaven.zuid,ETRS89,52.401564,4.77538,"Amerikahaven, zuid","Amerikahaven, zuid"
5326,amerongen.beneden,ETRS89,51.974,5.404,"Amerongen, beneden","Amerongen, beneden"
4597,amerongen.boven,ETRS89,51.9753,5.4125,"Amerongen, boven","Amerongen, boven"
16720,ammerstol.dehem.badstrand,ETRS89,51.941746,4.832526,"Ammerstol, De Hem, badstrand","Ammerstol, De Hem, badstrand"
8514,amsteldiep,ETRS89,52.929371,4.911323,Amsteldiep,Amsteldiep
7429,amsterdam.km25,ETRS89,52.380775,4.905707,"Amsterdam, km 25",IJtunnel
12635,amsterdam.ndsmwerf,ETRS89,52.399863,4.888014,"Amsterdam, NDSM werf","Amsterdam, NDSM werf"
14717,amsterdam.schellingwouderbrug,ETRS89,52.378673,4.967545,"Amsterdam, Schellingwouderbrug","Amsterdam, Schellingwouderbrug"
11801,andijk,ETRS89,52.7503,5.265049,Andijk,"voorheen IJsselmeer, meetpaal 38"
9647,andijk.ijsselmeer,ETRS89,52.750524,5.265018,Andijk IJsselmeer,Andijk IJsselmeer
18023,antwerpskanaalpand.km2,ETRS89,51.38782,4.245773,"Antwerps Kanaalpand, kilometer 02","Antwerps Kanaalpand, kilometer 02"
10606,appelzak.1kmuitdekust,ETRS89,51.380221,3.365682,"Appelzak, 1 km uit de kust","Appelzak, 1 km uit de kust"
11687,appelzak.2kmuitdekust,ETRS89,51.385216,3.350962,"Appelzak, 2 km uit de kust","Appelzak, 2 km uit de kust"
15949,appelzak.4kmuitdekust,ETRS89,51.397999,3.329852,"Appelzak, 4 km uit de kust","Appelzak, 4 km uit de kust"
2189,arnemuiden.oranjeplaat,ETRS89,51.51661,3.70014,Arnemuiden Oranjeplaat,Arnemuiden Oranjeplaat
16725,baarland.badstrand,ETRS89,51.394415,3.898086,"Baarland, badstrand","Baarland, badstrand"
13299,badstrandburen.ameland,ETRS89,53.463349,5.809289,"Badstrand Buren, Ameland","Badstrand Buren, Ameland"
16407,badstrandhoorn.terschelling,ETRS89,53.416362,5.342075,"Badstrand Hoorn, Terschelling","Badstrand Hoorn, Terschelling"
15446,badstrandprinsbernhardweg.schiermonnikoog,ETRS89,53.503886,6.190084,"Badstrand Prins Bernhardweg, Schiermonnikoog","Badstrand Prins Bernhardweg, Schiermonnikoog"
18660,bath.badstrand,ETRS89,51.400328,4.210825,"Bath, badstrand","Bath, badstrand"
5534,bath.boei68,ETRS89,51.390355,4.206915,"Bath, boei 68","Bath, boei 68"
11051,bath.boei71,ETRS89,51.38368,4.165426,"Bath, boei 71","Bath, boei 71"
11091,bathsespuikanaal.zuid,ETRS89,51.402104,4.235643,"Bathse Spuikanaal, zuid","Bathse Spuikanaal, zuid"
7445,bazeldijk,ETRS89,51.900515,4.995334,Bazeldijk,kilometer 14.5
10726,beerenplaat.loswal,ETRS89,51.832075,4.397555,"Beerenplaat, loswal","Beerenplaat, loswal"
12693,beerkanaal.midden,ETRS89,51.975455,4.090393,"Beerkanaal, midden","Beerkanaal, midden"
18056,belfeld.boven,ETRS89,51.3189,6.1123,"Belfeld, boven","Belfeld, boven"
9566,bemmelsewaard,ETRS89,51.881669,5.8996,Bemmelse waard,Bemmelse waard
10502,bergenaanzee,ETRS89,52.660979,4.626005,Bergen aan Zee,Bergen aan Zee
13011,bergenopzoom,ETRS89,51.473894,4.243875,Bergen op Zoom,Bergen op Zoom
14447,bergsediepsluis.noord,ETRS89,51.5124,4.173062,"Bergse Diepsluis, noord",badstrand
10115,bergstoep.lek,ETRS89,51.9157822,4.7754326,"Bergstoep, Lek","Bergstoep, Lek"
7495,biddinghuizen.ellerstrand,ETRS89,52.423421,5.769785,"Biddinghuizen, Ellerstrand","Biddinghuizen, Ellerstrand"
16293,biddinghuizen.flevostrand,ETRS89,52.387439,5.637301,"Biddinghuizen, Flevostrand","Biddinghuizen, Flevostrand"
12980,biddinghuizen.harderstrand,ETRS89,52.38859,5.636926,"Biddinghuizen, Harderstrand","Biddinghuizen, Harderstrand"
4907,biddingweg,ETRS89,52.51577,5.633226,Biddingweg,Lage Vaart
1881,bijland.jachthaven,ETRS89,51.861827,6.0942,"Bijland, jachthaven","recreatieplas, kilometer 863.600"
9338,bijsselsebeek.monding,ETRS89,52.393624,5.729759,"Bijsselsebeek, monding","Bijsselsebeek, monding"
15226,binnenschelde,ETRS89,51.493506,4.251907,Binnenschelde,Binnenschelde
8290,binnenspuikanaal.1,ETRS89,52.469946,4.608883,"Binnenspuikanaal, 1","Binnenspuikanaal, 1"
2833,bisonbaai.midden,ETRS89,51.867381,5.928766,"Bisonbaai, midden",recreatieplas
5644,blaricum.strandvoorland,ETRS89,52.297694,5.29721,"Blaricum, strand Voorland","Blaricum, strand Voorland"
13199,blauweslenk.oost,ETRS89,53.224558,5.277907,"Blauwe Slenk, oost","Blauwe Slenk, oost"
12792,blauweslenk.west,ETRS89,53.230575,5.201819,"Blauwe Slenk, west","Blauwe Slenk, west"
16279,bleekersvallei,ETRS89,53.069571,4.725084,Bleekersvallei,Bleekersvallei
4795,bloemendaalaanzee,ETRS89,52.402473,4.543016,Bloemendaal aan Zee,Bloemendaal aan Zee
15558,bochtvanstjacob,ETRS89,51.684824,4.122738,Bocht van St Jacob,Bocht van St Jacob
8217,bochtvanwatum,ETRS89,53.334933,6.94394,Bocht van Watum,Bocht van Watum
14141,bochtvanwatum.midden.oost,ETRS89,53.349279,6.911343,"Bocht van Watum, midden, oost","Bocht van Watum, midden, oost"
2793,bochtvanwatum.midden.west,ETRS89,53.373636,6.904016,"Bocht van Watum, midden, west","Bocht van Watum, midden, west"
5206,bochtvanwatum.noord,ETRS89,53.404581,6.894281,"Bocht van Watum, noord","Bocht van Watum, noord"
15377,bochtvanwatum.zuid,ETRS89,53.33036,6.958336,"Bocht van Watum, zuid","Bocht van Watum, zuid"
15092,boerenplaat.badstrand,ETRS89,51.731722,4.719154,"Boerenplaat, badstrand","Boerenplaat, badstrand"
12905,bommenede,ETRS89,51.738709,3.974298,Bommenede,Grevelingen boei G22
10479,bommenede.boeigb2,ETRS89,51.733914,3.976195,"Bommenede, boei GB2","Bommenede, boei GB2"
18648,boomkensdiep,ETRS89,53.378964,5.167224,Boomkensdiep,Boomkensdiep
8010,boontjes,ETRS89,53.084869,5.33721,Boontjes,Boontjes
15668,borgharen.beneden,ETRS89,50.869845,5.6973,"Borgharen, beneden","Borgharen, beneden"
15256,borgharen.boven,ETRS89,50.868048,5.696862,"Borgharen, boven","Borgharen, boven"
3737,born,ETRS89,51.037169,5.799222,Born,Born
8169,borndiep,ETRS89,53.439163,5.601635,Borndiep,Borndiep
12930,bornrif,ETRS89,53.499272,5.52203,Bornrif,Bornrif
15981,borsselealpha,ETRS89,51.699921,3.056707,Borssele Windpark Alpha platform,Borssele Windpark Alpha platform
4714,borssele.badstrand,ETRS89,51.427267,3.715151,"Borssele, badstrand","Borssele, badstrand"
5038,borssele.noordnol,ETRS89,51.425532,3.707018,"Borssele, Noordnol","Borssele, Noordnol"
14896,boschgat,ETRS89,53.420822,5.551757,Boschgat,Boschgat
12793,boschgat.west,ETRS89,53.403357,5.503729,"Boschgat, west","Boschgat, west"
364,boschnaad.oost,ETRS89,53.497972,6.523227,"Boschnaad, oost","Boschnaad, oost"
2774,bovensluis,ETRS89,51.692464,4.493381,Bovensluis,Bovensluis
6729,braakman.havenbuitenzijdebadstrand,ETRS89,51.348929,3.731802,"Braakman, haven buitenzijde badstrand","Braakman, haven buitenzijde badstrand"
10578,brakel,ETRS89,51.826764,5.104336,Brakel,Andelse Maas
9334,breehorn,ETRS89,52.951149,4.967626,Breehorn,Breehorn
8389,breesem.boei1,ETRS89,53.116288,5.043694,"Breesem, boei 1","Breesem, boei 1"
3785,breezanddijk.binnen,ETRS89,53.016721,5.207797,"Breezanddijk, binnen","Breezanddijk, binnen"
10815,breezanddijk.buiten,ETRS89,53.020671,5.205247,"Breezanddijk, buiten","Breezanddijk, buiten"
9674,breskens.badstrand,ETRS89,51.40051,3.567371,"Breskens, badstrand","Breskens, badstrand"
17802,breskens.fortfrederikhendrik,ETRS89,51.406038,3.536431,"Breskens, Fort Frederik Hendrik","Breskens, Fort Frederik Hendrik"
8381,breskens.nieuwesluis.badstrand,ETRS89,51.404029,3.500878,"Breskens, Nieuwesluis, badstrand","Breskens, Nieuwesluis, badstrand"
17238,brielsegat,ETRS89,51.927536,4.065604,Brielse Gat,Brielse Gat
6068,brienenoord,ETRS89,51.899898,4.525587,Brienenoord,kilometer 996.5
15065,broekerhaven.recreatiepark,ETRS89,52.686781,5.256973,"Broekerhaven, recreatiepark","Broekerhaven, recreatiepark"
2671,brouwersdam.brouwershavensegat.2,ETRS89,51.766527,3.621747,Brouwersdam Brouwershavense Gat 2,Brouwersdam Brouwershavense Gat 2
12385,brouwersdam.brouwershavensegat.8,ETRS89,51.74644,3.81472,Brouwersdam Brouwershavense Gat 8,Brouwersdam Brouwershavense Gat 8
13350,brouwersdam.kabbelaarsbank,ETRS89,51.763016,3.843696,"Brouwersdam, Kabbelaarsbank","Brouwersdam, Kabbelaarsbank"
12674,brouwershaven,ETRS89,51.738431,3.903034,Brouwershaven,Brouwershaven
3387,brouwershavensche.gat.08,ETRS89,51.75075645,3.811483912,Brouwershavensche Gat 08,Brouwershavensche Gat 08
10024,bruinisse,ETRS89,51.655121,4.102756,Bruinisse,Zijpe
9471,bruinisse.binnen,ETRS89,51.667246,4.093594,"Bruinisse, binnen","Bruinisse, binnen"
18447,bruinisse.krammersluis.krammerput,ETRS89,51.666489,4.186255,Bruinisse Krammersluis krammerput,Bruinisse Krammersluis krammerput
9492,bruinisse.krammersluis.laagbekken,ETRS89,51.658109,4.160037,Bruinisse Krammersluis laagbekken,Bruinisse Krammersluis laagbekken
5563,bruinisse.krammersluis.oosterschelde.1,ETRS89,51.661389,4.155639,"Bruinisse Krammersluis sluis, Oosterschelde","Bruinisse Krammersluis sluis, Oosterschelde"
6461,bruinisse.krammersluis.oosterscheldezijde,ETRS89,51.661389,4.155639,Krammersluis Oosterscheldezijde,Krammersluis Oosterscheldezijde
3009,bruinisse.krammersluis.volkeraknoord,ETRS89,51.661806,4.16253,Bruinisse Krammersluis Volkerak Noord,Bruinisse Krammersluis Volkerak Noord
12019,bruinisse.krammersluis.volkerakzijdenoord,ETRS89,51.661806,4.16253,Krammersluis volkerakzijde noord,Krammersluis volkerakzijde noord
2193,bruinisse.krammersluis.volkerakzijdezuid,ETRS89,51.661332,4.162606,Krammersluis volkerakzijde zuid,Krammersluis volkerakzijde zuid
18046,bruinisse.krammersluis.volkerakzuid,ETRS89,51.661332,4.162606,Bruinisse Krammersluis Volkerak Zuid,Bruinisse Krammersluis Volkerak Zuid
18729,bruinisse.krammersluizen.krammernoord,ETRS89,51.67008,4.127,Bruinisse Krammersluizen Krammer Noord,Bruinisse Krammersluizen Krammer Noord
2509,bruinisse.werkhaven.badstrand,ETRS89,51.668618,4.087627,"Bruinisse, werkhaven, badstrand","Bruinisse, werkhaven, badstrand"
597,buitenbanken.west,ETRS89,51.79502,2.97225,Buitenbanken west,Buitenbanken west
5254,buitenhuizen,ETRS89,52.433277,4.722711,Buitenhuizen,kilometer 10
14055,buizerdweg,ETRS89,52.486808,5.432843,Buizerdweg,Lage Dwarsvaart
13266,burghsluis.tussen.westboutenburghsluis,ETRS89,51.67262,3.741229,"Burghsluis, tussen, westbout en Burghsluis","Burghsluis, tussen, westbout en Burghsluis"
6910,buurse,ETRS89,52.134233,6.860846,Buurse,Buurserbeek
11773,cadzand.badstrand,ETRS89,51.380518,3.389726,"Cadzand, badstrand","Cadzand, badstrand"
10791,callantsoog,ETRS89,52.837511,4.688827,Callantsoog,Callantsoog
770,callantsoog.10kmuitdekust,ETRS89,52.896148,4.563031,"Callantsoog, 10 km uit de kust","Callantsoog, 10 km uit de kust"
2344,callantsoog.1kmuitdekust,ETRS89,52.862822,4.686344,"Callantsoog, 01 km uit de kust","Callantsoog, 01 km uit de kust"
18738,callantsoog.20kmuitdekust,ETRS89,52.912256,4.416384,"Callantsoog, 20 km uit de kust","Callantsoog, 20 km uit de kust"
12900,callantsoog.2kmuitdekust,ETRS89,52.864765,4.673007,"Callantsoog, 2 km uit de kust","Callantsoog, 2 km uit de kust"
18161,callantsoog.30kmuitdekust,ETRS89,52.925594,4.270573,"Callantsoog, 30 km uit de kust","Callantsoog, 30 km uit de kust"
12544,callantsoog.4kmuitdekust,ETRS89,52.868374,4.643009,"Callantsoog, 4 km uit de kust","Callantsoog, 4 km uit de kust"
15966,callantsoog.50kmuitdekust,ETRS89,52.958924,3.983118,"Callantsoog, 50 km uit de kust","Callantsoog, 50 km uit de kust"
6403,callantsoog.70kmuitdekust,ETRS89,52.990585,3.680377,"Callantsoog, 70 km uit de kust","Callantsoog, 70 km uit de kust"
13716,camperduin,ETRS89,52.714184,4.635916,Camperduin,Camperduin
2343,campingdeschans,ETRS89,51.835827,5.495526,Camping De Schans,Camping De Schans
6116,castricumaanzee,ETRS89,52.558116,4.604924,Castricum aan Zee,Castricum aan Zee
15783,colijnpad,ETRS89,52.555867,5.764682,Colijnpad,Hoge Vaart
13060,colijnsplaat,ETRS89,51.600882,3.85938,Colijnsplaat,Colijnsplaat
6947,colijnsplaat.badstrand,ETRS89,51.603504,3.841332,"Colijnsplaat, badstrand","Colijnsplaat, badstrand"
2078,colijnweg,ETRS89,52.575231,5.751572,Colijnweg,Lage Vaart
292,crobsegat,ETRS89,51.818872,5.203734,Crobse gat,recreatieplas
837,culemborg,ETRS89,51.961,5.214,Culemborg,brug
17039,dalem,ETRS89,51.822,5.016527,Dalem,voorheen Vuren
11591,dantziggat,ETRS89,53.401137,5.726981,Dantziggat,Dantziggat
7793,dantziggat.noord,ETRS89,53.402502,5.720978,"Dantziggat, noord","Dantziggat, noord"
15228,dantziggat.pietscheveplaat.zuid,ETRS89,53.37974,5.79487,Dantziggat Piet Scheveplaat zuid,Dantziggat Piet Scheveplaat zuid
12873,debisonbaai,ETRS89,51.866931,5.932841,De Bisonbaai,De Bisonbaai
13940,deblocqvankuffeler.hogevaart,ETRS89,52.415704,5.224051,"De Blocq van Kuffeler, Hoge Vaart","De Blocq van Kuffeler, Hoge Vaart"
6048,deblocqvankuffeler.lagevaart,ETRS89,52.416608,5.227723,"De Blocq van Kuffeler, Lage Vaart","De Blocq van Kuffeler, Lage Vaart"
8480,degijster.inlaat,ETRS89,51.72342,4.779341,"De Gijster, inlaat","De Gijster, inlaat"
3521,degoudenham.campinghetgroeneeiland,ETRS89,51.834571,5.548624,"De Gouden Ham, Camping Het Groene Eiland","De Gouden Ham, Camping Het Groene Eiland"
11170,degoudenham.demaaslanden,ETRS89,51.8303,5.562303,"De Gouden Ham, De Maaslanden","De Gouden Ham, De Maaslanden"
14969,degoudenham.demaasterp,ETRS89,51.834652,5.554369,"De Gouden Ham, De Maasterp","De Gouden Ham, De Maasterp"
2987,degoudenham.hanzeland,ETRS89,51.826196,5.546664,"De Gouden Ham, Hanzeland","De Gouden Ham, Hanzeland"
14351,dehegegerzen.oudemirdum,ETRS89,52.833115,5.545044,"De Hege Gerzen, Oudemirdum","De Hege Gerzen, Oudemirdum"
13222,dehollepoarte.makkum,ETRS89,53.052862,5.37802,"De Holle Poarte, Makkum","De Holle Poarte, Makkum"
11316,dehoogewaard.campingbadstrand,ETRS89,51.779529,5.082301,"De Hooge Waard, camping badstrand","De Hooge Waard, camping badstrand"
1248,dekoog,ETRS89,53.103606,4.754129,De Koog,De Koog
18346,dekoog.ecomare.badstrand,ETRS89,53.079046,4.732401,"De Koog, Ecomare, badstrand","De Koog, Ecomare, badstrand"
4938,dekrim,ETRS89,53.164407,4.819031,De Krim,De Krim
5633,delden.sintannabrug.kanaaldijk,ETRS89,52.252104,6.701179,Delden Sint Annabrug kanaaldijk,Delden Sint Annabrug kanaaldijk
15167,delden.sluis.beneden,ETRS89,52.2457,6.6754,"Delden, sluis, beneden","Delden, sluis, beneden"
16534,delfzijl,ETRS89,53.328,6.931,Delfzijl,Delfzijl
15546,delfzijl.buitenhaven,ETRS89,53.32101,6.964074,"Delfzijl, buitenhaven","Delfzijl, buitenhaven"
4228,demosterdpot,ETRS89,51.81925,5.000435,De Mosterdpot,De Mosterdpot
11500,denhelder.marsdiep,ETRS89,52.964359,4.74499,"Den Helder, Marsdiep","Den Helder, Marsdiep"
1757,denhelder.veersteiger,ETRS89,52.963274,4.778047,"Den Helder, veersteiger","Den Helder, veersteiger"
13766,denhelder.waddenzee.mondingnieuwehaven,ETRS89,52.967226,4.793579,Den Helder Waddenzee Monding Nieuwe Haven,Den Helder Waddenzee Monding Nieuwe Haven
13498,denhoorntexel.waddenzee.gatvandestier,ETRS89,53.0,4.828333,Den Hoorn Texel Waddenzee Gat van de Stier,Den Hoorn Texel Waddenzee Gat van de Stier
3976,denoever,ETRS89,52.934566,5.103875,Den Oever,Den Oever
4237,denoever.ijsselmeer.binnenhaven,ETRS89,52.930195,5.047539,"Den Oever, IJsselmeer binnenhaven","Den Oever, IJsselmeer binnenhaven"
4193,denoever.ijsselmeer.stevinsluizen.zuid,ETRS89,52.934036,5.054815,Den Oever Stevinsluizen zuid,Den Oever Stevinsluizen zuid
2847,denoever.ijsselmeer.vaargeul,ETRS89,52.90437,5.0807,Den Oever IJsselmeer Vaargeul,Den Oever IJsselmeer Vaargeul
6451,denoever.spuisluis.binnen,ETRS89,52.936311,5.052922,"Den Oever, spuisluis, binnen",ponton
2534,denoever.spuisluizen,ETRS89,52.94281,5.0284,"Den Oever, spuisluizen","Den Oever, spuisluizen"
1888,denoever.waddenzee.voorhaven.kolk,ETRS89,52.931652,5.045803,"Den Oever, Waddenzee voorhaven kolk","Den Oever, Waddenzee voorhaven kolk"
6741,denoever.zuiderhaven.strand,ETRS89,52.931638,5.039899,"Den Oever, zuiderhaven, Strand","Den Oever, zuiderhaven, Strand"
11599,denosse,ETRS89,51.745636,3.889908,Den Osse,Den Osse
8909,denossebadstrand,ETRS89,51.74417,3.887785,Den Osse badstrand,Den Osse badstrand
5669,deoudepol,ETRS89,52.39283,5.727666,De oude Pol,De oude Pol
16473,depiet,ETRS89,51.52142,3.691946,De Piet,De Piet
18026,depiet.badstrand,ETRS89,51.530635,3.72634,"De Piet, badstrand","De Piet, badstrand"
5467,deral,ETRS89,52.407309,5.701693,De Ral,De Ral
12203,deven,ETRS89,52.741116,5.2954,De Ven,De Ven
314,deweed,ETRS89,52.676387,5.268921,De Weed,De Weed
6457,dezwaan,ETRS89,52.564698,5.833146,De Zwaan,De Zwaan
10833,diemen,ETRS89,52.349384,4.983599,Diemen,Diemen
11141,diemen.muidenbrug,ETRS89,52.333141,5.015217,Diemen Muiden brug,Diemen Muiden brug
13446,dinteloord.volkerak,ETRS89,51.65291,4.316483,"Dinteloord, Volkerak","Dinteloord, Volkerak"
3094,dinteloord.volkerak.voorheenboeinv3,ETRS89,51.652966,4.316622,"Dinteloord, Volkerak, voorheen boei NV3","Dinteloord, Volkerak, voorheen boei NV3"
17639,dodewaard,ETRS89,51.900512,5.630518,Dodewaard,Dodewaard
6058,doekegat,ETRS89,53.466441,6.847737,Doekegat,Doekegat
2626,doesburg,ETRS89,52.012434,6.130079,Doesburg,Doesburg
1583,doesburg.hetzwarteschaar,ETRS89,52.030895,6.159603,"Doesburg, Het Zwarte Schaar",Camping IJsselstrand
13289,domburg.badstrand,ETRS89,51.556787,3.473001,"Domburg, badstrand","Domburg, badstrand"
13829,doovebalg.midden,ETRS89,53.06092,5.207034,"Doove Balg, midden","Doove Balg, midden"
11243,doovebalg.oost,ETRS89,53.084389,5.287214,"Doove Balg, oost","Doove Balg, oost"
8975,doovebalg.west,ETRS89,53.052903,5.032264,"Doove Balg, west","Doove Balg, west"
17362,dordrecht.dordtschekil,ETRS89,51.787782,4.627158,Dordrecht Dordtsche Kil,Dordrecht Dordtsche Kil
7780,dordrecht.drinkwaterinlaat,ETRS89,51.808578,4.719611,"Dordrecht, drinkwaterinlaat","Dordrecht, drinkwaterinlaat"
17887,dordrecht.oudemaas.benedenmerwede,ETRS89,51.82,4.671,"Dordrecht Oude Maas, Beneden Merwede","Dordrecht Oude Maas, Beneden Merwede"
14049,dreischor,ETRS89,51.71462,3.99933,Dreischor,Dreischor
14934,dreischor.gemaal,ETRS89,51.708362,4.002272,"Dreischor, gemaal","Dreischor, gemaal"
18770,driel.baggergat,ETRS89,51.959428,5.793843,"Driel, baggergat",recreatieplas
3587,driel.beneden,ETRS89,51.962992,5.802606,"Driel, beneden","Driel, beneden"
6383,driel.boven,ETRS89,51.96584,5.810635,"Driel, boven","Driel, boven"
12380,dronten,ETRS89,52.542076,5.718131,Dronten,Dronten
10723,dronten.elburgerweg,ETRS89,52.50868,5.765752,"Dronten, Elburgerweg",Hoge Vaart
7298,drontermeerdijk.km0p4,ETRS89,52.541179,5.856154,"Drontermeerdijk, kilometer 0.4","Drontermeerdijk, kilometer 0.4"
12941,dukenburg,ETRS89,51.817572,5.811779,Dukenburg,Dukenburg
9987,durgerdam,ETRS89,52.371724,5.012617,Durgerdam,Durgerdam
3939,echt.kanaal,ETRS89,51.106626,5.849302,Echt,JK 29.59
7560,edam,ETRS89,52.516051,5.06988,Edam,Edam
17655,edam.badstrand,ETRS89,52.51937,5.071123,"Edam, badstrand","Edam, badstrand"
5479,eefde.sluis.beneden,ETRS89,52.159061,6.22836,"Eefde, sluis, beneden","Eefde, sluis, beneden"
3811,eefde.sluis.boven,ETRS89,52.161,6.238,"Eefde, sluis, boven","Eefde, sluis, boven"
17731,eekt,ETRS89,52.481745,5.837828,Eekt,Eekt
16222,eemmeerdijk.km23,ETRS89,52.278751,5.355114,"Eemmeerdijk, kilometer 23","Eemmeerdijk, kilometer 23"
18693,eemscentrale,ETRS89,53.443263,6.883823,Eemscentrale,Eemscentrale
1481,eemshaven.haven,ETRS89,53.448702,6.828392,"Eemshaven, haven","Eemshaven, haven"
16991,eemshaven.waddenzee,ETRS89,53.474392,6.821731,"Eemshaven, Waddenzee",stroommeetpaal
279,egmondaanzee.10kmuitdekust,ETRS89,52.635626,4.47303,"Egmond aan Zee,  10 km uit de kust","Egmond aan Zee,  10 km uit de kust"
7858,egmondaanzee.1kmuitdekust,ETRS89,52.620063,4.607176,"Egmond aan Zee,  1 km uit de kust","Egmond aan Zee,  1 km uit de kust"
1556,egmondaanzee.20kmuitdekust,ETRS89,52.640914,4.328729,"Egmond aan Zee,  20 km uit de kust","Egmond aan Zee,  20 km uit de kust"
18489,egmondaanzee.2kmuitdekust,ETRS89,52.622291,4.594687,"Egmond aan Zee,  2 km uit de kust","Egmond aan Zee,  2 km uit de kust"
14468,egmondaanzee.30kmuitdekust,ETRS89,52.667289,4.179745,"Egmond aan Zee,  30 km uit de kust","Egmond aan Zee,  30 km uit de kust"
1164,egmondaanzee.4kmuitdekust,ETRS89,52.625624,4.568027,"Egmond aan Zee,  4 km uit de kust","Egmond aan Zee,  4 km uit de kust"
2819,egmondaanzee.50kmuitdekust,ETRS89,52.695616,3.886461,"Egmond aan Zee,  50 km uit de kust","Egmond aan Zee,  50 km uit de kust"
5014,egmondaanzee.70kmuitdekust,ETRS89,52.728112,3.593174,"Egmond aan Zee,  70 km uit de kust","Egmond aan Zee,  70 km uit de kust"
17387,egmondaanzee.badstrand,ETRS89,52.618502,4.617141,"Egmond aan Zee, badstrand","Egmond aan Zee, badstrand"
16670,eierlandsegat,ETRS89,53.2762,4.660347,Eierlandse Gat,Eierlandse Gat
15467,eijsden,ETRS89,50.7795,5.6987,Eijsden,Eijsden
5624,elburg.elburgerbrug,ETRS89,52.457466,5.817102,Elburg Elburgerbrug,Elburg Elburgerbrug
6817,elburg.spijkstrand,ETRS89,52.455967,5.811525,"Elburg, Spijkstrand","Elburg, Spijkstrand"
16897,emden.vaarwater,ETRS89,53.330825,7.108718,"Emden, vaarwater","Emden, vaarwater"
13208,emshornplate,ETRS89,53.459425,6.941604,Emshornplate,Emshornplate
4344,enkhuizen,ETRS89,52.699145,5.293268,Enkhuizen,Enkhuizen
13271,enkhuizen.strand,ETRS89,52.712292,5.292279,"Enkhuizen, strand","Enkhuizen, strand"
12831,enkhuizerzand,ETRS89,52.692834,5.416226,Enkhuizerzand,Enkhuizerzand
17719,enschede,ETRS89,52.23214,6.841541,Enschede,Enschede
11704,enschedevitens,ETRS89,52.236994,6.833485,Enschede Vitens,Enschede Vitens
17304,erkemederstrand,ETRS89,52.266946,5.489192,Erkemederstrand,Erkemederstrand
9192,ermelo,ETRS89,52.290938,5.542863,Ermelo,Ermelo
7748,europlatform,ETRS89,51.99781,3.275071,Europlatform,Europlatform
4267,europoort.harmsenbrug,ETRS89,51.901771,4.210879,"Europoort, Harmsenbrug","Europoort, Harmsenbrug"
1165,europoort.hartelkering,ETRS89,51.864941,4.307118,"Europoort, Hartelkering","Europoort, Hartelkering"
8205,flevocentrale,ETRS89,52.580206,5.522936,Flevocentrale,Flevocentrale
2827,fortcrevecoeur,ETRS89,51.733567,5.269946,Fort Crevecoeur,monding van de Dieze
11669,friesekust.ijsselmeer,ETRS89,52.822278,5.478778,Friesekust IJsselmeer,Friesekust IJsselmeer
9197,gaatjebocht.noord,ETRS89,53.327952,7.022947,"Gaatje Bocht, noord","Gaatje Bocht, noord"
343,gaatjebocht.noordwest,ETRS89,53.322732,7.014944,"Gaatje Bocht, noordwest","Gaatje Bocht, noordwest"
11040,gaatjebocht.west,ETRS89,53.319336,7.015491,"Gaatje Bocht, west","Gaatje Bocht, west"
7616,gammels,ETRS89,52.876619,5.152524,Gammels,Gammels
16491,gatvandekerksloot,ETRS89,51.727233,4.786527,Gat van de Kerksloot,Gat van de Kerksloot
10766,gatvandekerksloot.badstrand,ETRS89,51.724368,4.771368,"Gat van de Kerksloot, badstrand","Gat van de Kerksloot, badstrand"
12773,gatvandevloeien.badstrand,ETRS89,51.732889,4.785293,"Gat van de Vloeien, badstrand","Gat van de Vloeien, badstrand"
6962,gatvanschiermonnikoog,ETRS89,53.442927,6.126113,Gat van Schiermonnikoog,Gat van Schiermonnikoog
6917,geersdijk,ETRS89,51.553344,3.762139,Geersdijk,Geersdijk
10294,geertruidenbergamercentrale,ETRS89,51.715496,4.849919,Geertruidenberg Amercentrale,Geertruidenberg Amercentrale
17398,gelresend.noordzijde,ETRS89,51.73985,5.261243,"Gelre's End, noordzIJde","Gelre's End, noordzIJde"
93,genemuiden.veer,ETRS89,52.629275,6.038557,"Genemuiden, veer","Genemuiden, veer"
2597,gennep,ETRS89,51.697,5.9574,Gennep,Gennep
2616,glimmen.depunt,ETRS89,53.131292,6.619242,"Glimmen, De Punt",Drentse Aa
14591,goedereede,ETRS89,51.840963,3.965108,Goedereede,Goedereede
13662,goeree10kmuitdekust,ETRS89,51.894884,3.828948,Goeree 10 km uit de kust,Goeree 10 km uit de kust
13581,goeree20kmuitdekust,ETRS89,51.953368,3.720361,Goeree 20 km uit de kust,Goeree 20 km uit de kust
18552,goeree2kmuitdekust,ETRS89,51.846089,3.915502,Goeree 2 km uit de kust,Goeree 2 km uit de kust
12324,goeree30kmuitdekust,ETRS89,52.014308,3.612317,Goeree 30 km uit de kust,Goeree 30 km uit de kust
1348,goeree50kmuitdekust,ETRS89,52.135037,3.396881,Goeree 50 km uit de kust,Goeree 50 km uit de kust
12815,goeree6kmuitdekust,ETRS89,51.868923,3.872311,Goeree 6 km uit de kust,Goeree 6 km uit de kust
8377,goeree70kmuitdekust,ETRS89,52.251431,3.181178,Goeree 70 km uit de kust,Goeree 70 km uit de kust
4352,goeree.lichteiland,ETRS89,51.925034,3.668416,"Goeree, lichteiland","Goeree, lichteiland"
10886,goidschalxoord.oudemaas.meetboeiom1,ETRS89,51.830749,4.455269,"Goidschalxoord, Oude Maas, meetboei OM1",km 993.560
8371,gooierhoofdzomerkade,ETRS89,52.30578,5.25548,Gooierhoofd zomerkade,Gooierhoofd zomerkade
593,gooimeer.midden,ETRS89,52.322875,5.196802,"Gooimeer, midden","Gooimeer, midden"
18513,gooiseweg,ETRS89,52.410234,5.598836,Gooiseweg,Hoge Vaart
5178,gorinchem,ETRS89,51.826922,4.97552,Gorinchem,Gorinchem
17181,gorinchembinnen,ETRS89,51.836716,4.974415,Gorinchem binnen,Gorinchem binnen
6430,gorishoek,ETRS89,51.524986,4.081504,Gorishoek,Gorishoek
12177,gouda.voorhaven,ETRS89,51.996723,4.691184,"Gouda, voorhaven","Gouda, voorhaven"
4685,goudenham,ETRS89,51.836883,5.546804,Gouden Ham,recreatieplas
12458,goudenham.hanzebad,ETRS89,51.827532,5.548947,"Gouden Ham, hanzebad",recreatieplas
7888,goudenham.instroming,ETRS89,51.821876,5.544575,"Gouden Ham, instroming",recreatieplas
2203,goudenham.maaslanden,ETRS89,51.829945,5.558747,"Gouden Ham, Maaslanden",recreatieplas
1286,goudenham.molenstrand,ETRS89,51.838168,5.547011,"Gouden Ham, Molenstrand","Gouden Ham, Molenstrand"
5977,gouderak,ETRS89,51.985555,4.672432,Gouderak,Gouderak
8025,goudswaard.spui,ETRS89,51.782319,4.236792,"Goudswaard, Spui","Goudswaard, Spui"
10021,grave.beneden,ETRS89,51.775,5.72,"Grave, beneden",sluis
16779,grave.boven,ETRS89,51.761,5.743,"Grave, boven",sluis
6797,gravenbol,ETRS89,51.971816,5.385602,Gravenbol,Gravenbol
1157,grevelingendam.badstrand,ETRS89,51.679557,4.117824,"Grevelingendam, badstrand","Grevelingendam, badstrand"
18307,grevelingendam.plaatvanoudetonge.badstrand,ETRS89,51.676206,4.140619,"Grevelingendam, Plaat van Oude Tonge, badstrand","Grevelingendam, Plaat van Oude Tonge, badstrand"
6541,grevelingenmeer.hals,ETRS89,51.756406,4.013255,"Grevelingen Meer, Hals","Grevelingen Meer, Hals"
6690,groenendijk,ETRS89,51.673353,4.915909,Groenendijk,Donge
13447,groningerwad,ETRS89,53.450767,6.406221,Groninger Wad,Groninger Wad
11718,grootammers.veerstoep.badstrand,ETRS89,51.917449,4.786617,"Groot Ammers, Veerstoep, badstrand","Groot Ammers, Veerstoep, badstrand"
17353,grootegat.noord,ETRS89,53.304291,7.15666,"Groote Gat, noord","Groote Gat, noord"
15873,grootegat.zuid,ETRS89,53.277784,7.163639,"Groote Gat, zuid","Groote Gat, zuid"
10593,grootekeeten,ETRS89,52.864543,4.701166,Groote Keeten,Groote Keeten
17460,grotevlak,ETRS89,53.025892,4.708013,Grote Vlak,Grote Vlak
5595,hagestein,ETRS89,51.990866,5.132711,Hagestein,Hagestein
8030,hagestein.beneden,ETRS89,51.993,5.1315,"Hagestein, beneden","Hagestein, beneden"
13806,hagestein.boven,ETRS89,51.9895,5.1352,"Hagestein, boven","Hagestein, boven"
1406,hammen.boeih16.plompetoren,ETRS89,51.677231,3.775405,"Hammen, boei H16, Plompetoren","Hammen, boei H16, Plompetoren"
17879,hammen.boeih2,ETRS89,51.654389,3.855132,"Hammen, boei H2","Hammen, boei H2"
15868,hammen.boeih9.gemaal,ETRS89,51.675345,3.859339,"Hammen, boei H9, Gemaal","Hammen, boei H9, Gemaal"
4912,hammen.oost,ETRS89,51.6602,3.852695,"Hammen, oost","Hammen, oost"
14633,hammen.west,ETRS89,51.672004,3.754988,"Hammen, west","Hammen, west"
5850,hank,ETRS89,51.717219,4.849319,Hank,Hank
12772,hank.bergschemaas,ETRS89,51.7191,4.894,Keizersveer,"km 247,60"
6941,hansweert.boeiohmg,ETRS89,51.440034,3.990671,"Hansweert, boei OHMG","Hansweert, boei OHMG"
18787,hansweert.geul,ETRS89,51.436114,4.014149,"Hansweert, geul","Hansweert, geul"
17294,harderwijk.veluwestrand.1,ETRS89,52.355371,5.61478,"Harderwijk, Veluwestrand, 1","Harderwijk, Veluwestrand, 1"
13744,hardinxveld,ETRS89,51.815838,4.876714,Hardinxveld,kilometer 962
10838,haringvliet.1,ETRS89,51.79685,4.12387,"Haringvliet, Kier1","Haringvliet, Kier1"
8138,haringvliet.10,ETRS89,51.862779,3.860561,"Haringvliet, punt 10","Haringvliet, punt 10"
9662,haringvliet.2,ETRS89,51.819858,4.074067,"Haringvliet, Kier2","Haringvliet, Kier2"
2358,haringvliet.20,ETRS89,51.721629,4.394648,"Haringvliet, 20","Haringvliet, 20"
2683,haringvliet.21,ETRS89,51.726518,4.382874,"Haringvliet, 21","Haringvliet, 21"
11134,haringvliet.22,ETRS89,51.731954,4.371114,"Haringvliet, 22","Haringvliet, 22"
12476,haringvliet.23,ETRS89,51.73747,4.357381,"Haringvliet, 23","Haringvliet, 23"
3918,haringvliet.24,ETRS89,51.742332,4.343036,"Haringvliet, 24","Haringvliet, 24"
6964,haringvliet.25,ETRS89,51.745663,4.329564,"Haringvliet, 25","Haringvliet, 25"
15790,haringvliet.26,ETRS89,51.749382,4.316371,"Haringvliet, 26","Haringvliet, 26"
5774,haringvliet.27,ETRS89,51.752276,4.302645,"Haringvliet, 27","Haringvliet, 27"
6774,haringvliet.28,ETRS89,51.755728,4.289149,"Haringvliet, 28","Haringvliet, 28"
5075,haringvliet.29,ETRS89,51.756669,4.274584,"Haringvliet, 29","Haringvliet, 29"
15550,haringvliet.3,ETRS89,51.826032,4.051158,"Haringvliet, Kier3","Haringvliet, Kier3"
1889,haringvliet.30,ETRS89,51.758575,4.260428,"Haringvliet, 30","Haringvliet, 30"
10651,haringvliet.31,ETRS89,51.759901,4.248807,"Haringvliet, 31","Haringvliet, 31"
1822,haringvliet.4,ETRS89,51.82039,4.07514,"Haringvliet, Kier4","Haringvliet, Kier4"
10574,haringvliet.44,ETRS89,51.777648,4.195639,"Haringvliet, 44","Haringvliet, 44"
16197,haringvliet.45,ETRS89,51.767118,4.205059,"Haringvliet, 45","Haringvliet, 45"
14676,haringvliet.46,ETRS89,51.761335,4.216466,"Haringvliet, 46","Haringvliet, 46"
124,haringvliet.47,ETRS89,51.756203,4.229158,"Haringvliet, 47","Haringvliet, 47"
18582,haringvliet.49,ETRS89,51.765964,4.225416,"Haringvliet, 49","Haringvliet, 49"
15075,haringvliet.50,ETRS89,51.771243,4.213007,"Haringvliet, 50","Haringvliet, 50"
4046,haringvliet.51,ETRS89,51.778229,4.198029,"Haringvliet, 51","Haringvliet, 51"
305,haringvliet.52,ETRS89,51.800675,4.185621,"Haringvliet, 52","Haringvliet, 52"
13211,haringvliet.53,ETRS89,51.803418,4.178791,"Haringvliet, 53","Haringvliet, 53"
8647,haringvlietbrug,ETRS89,51.712529,4.395311,Haringvlietbrug,Haringvlietbrug
2862,haringvlietbrug.oost,ETRS89,51.722137,4.406882,"Haringvlietbrug, oost","Haringvlietbrug, oost"
16620,haringvlietbrug.west,ETRS89,51.722033,4.403063,"Haringvlietbrug, west","Haringvlietbrug, west"
14441,haringvlietmond,ETRS89,51.895597,3.933201,Haringvlietmond,Haringvlietmond
10020,haringvliet.ponton.2,ETRS89,51.82,4.074,"Haringvliet, ponton, 2",kier
2364,haringvlietsluizen,ETRS89,51.82947,4.058326,Haringvlietsluizen,punt ligt binnen
16829,haringvlietsluizen.buiten,ETRS89,51.829227,4.04484,"Haringvlietsluizen, buiten","Haringvlietsluizen, buiten"
6630,harlingen.harlingerstrand,ETRS89,53.166818,5.414661,"Harlingen, Harlingerstrand","Harlingen, Harlingerstrand"
2537,harlingen.havenmond.west,ETRS89,53.176984,5.396929,"Harlingen, havenmond, west","Harlingen, havenmond, west"
15532,harlingen.vaargeul,ETRS89,53.194492,5.328854,"Harlingen, vaargeul","Harlingen, vaargeul"
1321,harlingen.voorhaven,ETRS89,53.174287,5.405902,"Harlingen, voorhaven","Harlingen, voorhaven"
3352,harlingen.waddenzee,ETRS89,53.175634,5.409342,"Harlingen, Waddenzee","Harlingen, Waddenzee"
7497,hasselt,ETRS89,52.589725,6.086965,Hasselt,Hasselt
3216,hato.kayatilburg,ETRS89,12.17712,-68.292651,Hato Kaya Tilburg,Hato Kaya Tilburg
15132,hato.marinakralendijk,ETRS89,12.167587,-68.28753,Hato Marina Kralendijk,Hato Marina Kralendijk
5720,hedel,ETRS89,51.738778,5.267761,Hedel,Hedel
5683,hedel.recreatieplas,ETRS89,51.738948,5.25835,"Hedel, recreatieplas","Hedel, recreatieplas"
767,heel.lateraalkanaallinnebuggenum.innamewerk,ETRS89,51.187568,5.92716,"Heel, Lateraal Kanaal Linne-Buggenum, innamewerk","Heel, Lateraal Kanaal Linne-Buggenum, innamewerk"
18611,heerewaarden.kampeerterrein,ETRS89,51.814071,5.395178,"Heerewaarden, kampeerterrein",recreatieplas
11030,heerewaarden.ontzanding,ETRS89,51.79924,5.37488,"Heerewaarden, ontzanding",recreatieplas
6682,heesbeen,ETRS89,51.735848,5.124738,Heesbeen,Heesbeen
4089,heeswijksekampen,ETRS89,51.74776,5.849381,Heeswijkse Kampen,Heeswijkse Kampen
15588,heinenoord,ETRS89,51.831949,4.455795,Heinenoord,kilometer 993.5
468,hellegat,ETRS89,51.697203,4.390006,Hellegat,Hellegat
18230,hellevloetsluis.hellecat.badstrand,ETRS89,51.841339,4.07616,"Hellevloetsluis, Hellecat, badstrand","Hellevloetsluis, Hellecat, badstrand"
12491,hellevoetsluis,ETRS89,51.819724,4.128239,Hellevoetsluis,Hellevoetsluis
17673,hellevoetsluis.schenkeldijk.badstrand,ETRS89,51.829859,4.093135,"Hellevoetsluis, Schenkeldijk, badstrand","Hellevoetsluis, Schenkeldijk, badstrand"
11593,hellevoetsluis.vuurtorengroot.badstrand,ETRS89,51.82151,4.124693,"Hellevoetsluis, Vuurtoren Groot, badstrand","Hellevoetsluis, Vuurtoren Groot, badstrand"
13530,helsdeur,ETRS89,52.96232,4.750229,Helsdeur,Helsdeur
13203,hemelrijksewaard.dagstrand,ETRS89,51.799553,5.481898,"Hemelrijkse Waard, dagstrand","Hemelrijkse Waard, dagstrand"
2591,hengelo.oelerbrug,ETRS89,52.25037,6.76734,"Hengelo, Oelerbrug",km 42.6
14850,hengelo.sluis.beneden,ETRS89,52.2464,6.802,"Hengelo, sluis, beneden","Hengelo, sluis, beneden"
1838,hengelo.sluis.boven,ETRS89,52.2459,6.8064,"Hengelo, sluis, boven","Hengelo, sluis, boven"
16798,herkingen,ETRS89,51.690479,4.089169,Herkingen,Herkingen
7133,herkingenbadstrand,ETRS89,51.707915,4.08071,Herkingen badstrand,Herkingen badstrand
7723,hetwild.raai212,ETRS89,51.768226,5.352433,"Het Wild, raai 212",recreatieplas
13036,hetzwinduinlaanbadstrand,ETRS89,51.373156,3.370986,het Zwin Duinlaan badstrand,het Zwin Duinlaan badstrand
16287,heusden.bernseveer,ETRS89,51.743865,5.163192,"Heusden, Bernse Veer","Heusden, Bernse Veer"
1185,hindeloopen,ETRS89,52.9703,5.345528,Hindeloopen,Hindeloopen
965,hindeloopen.badpaviljoenhindeloopen,ETRS89,52.933444,5.403328,"Hindeloopen, Badpaviljoen Hindeloopen","Hindeloopen, Badpaviljoen Hindeloopen"
16208,hitsertsekade.badstrand,ETRS89,51.736514,4.368333,"Hitsertse kade, badstrand","Hitsertse kade, badstrand"
17196,hoedekenskerke.boei4,ETRS89,51.425087,3.920581,"Hoedekenskerke, boei 4","Hoedekenskerke, boei 4"
15832,hoekvanbaarlandboei29,ETRS89,51.378961,3.91287,Hoek van Baarland boei 29,Hoek van Baarland boei 29
1319,hoekvanholland,ETRS89,51.976899,4.119827,Hoek van Holland,rechter oever kilometer 1030.1
16081,hoekvanholland.badstrand,ETRS89,51.986252,4.097826,"Hoek van Holland, badstrand",meteo
18170,hoekvanholland.midden,ETRS89,51.977917,4.109973,"Hoek van Holland, midden","Hoek van Holland, midden"
2943,hoekvanholland.noordoever,ETRS89,51.976573,4.110448,"Hoek van Holland, noordoever","Hoek van Holland, noordoever"
6992,hoekvanholland.zuidoever,ETRS89,51.97928,4.11139,"Hoek van Holland, zuidoever","Hoek van Holland, zuidoever"
15127,hogeknarsluis.hogevaart,ETRS89,52.384265,5.537022,"Hoge Knarsluis, Hoge Vaart","Hoge Knarsluis, Hoge Vaart"
10050,hollandschdiep.10,ETRS89,51.69024,4.530161,"Hollandsch Diep, 10","Hollandsch Diep, 10"
15852,hollandschdiep.11,ETRS89,51.690173,4.515005,"Hollandsch Diep, 11","Hollandsch Diep, 11"
672,hollandschdiep.12,ETRS89,51.692226,4.499923,"Hollandsch Diep, 12","Hollandsch Diep, 12"
16103,hollandschdiep.13,ETRS89,51.691174,4.48457,"Hollandsch Diep, 13","Hollandsch Diep, 13"
17433,hollandschdiep.14,ETRS89,51.69232,4.468926,"Hollandsch Diep, 14","Hollandsch Diep, 14"
5969,hollandschdiep.15,ETRS89,51.69562,4.455436,"Hollandsch Diep, 15","Hollandsch Diep, 15"
16791,hollandschdiep.16,ETRS89,51.698495,4.441736,"Hollandsch Diep, 16","Hollandsch Diep, 16"
8168,hollandschdiep.17,ETRS89,51.702271,4.428564,"Hollandsch Diep, 17","Hollandsch Diep, 17"
1633,hollandschdiep.18,ETRS89,51.71436,4.42074,"Hollandsch Diep, 18","Hollandsch Diep, 18"
15398,hollandschdiep.19,ETRS89,51.717564,4.40714,"Hollandsch Diep, 19","Hollandsch Diep, 19"
16281,hollandschdiep.1.holldp1,ETRS89,51.720847,4.641801,"Hollandsch Diep, 1, HOLLDP1","Hollandsch Diep, 1, HOLLDP1"
4722,hollandschdiep.2.holldp2,ETRS89,51.721359,4.637566,"Hollandsch Diep, 2, HOLLDP2","Hollandsch Diep, 2, HOLLDP2"
11499,hollandschdiep.3,ETRS89,51.717975,4.621631,"Hollandsch Diep, 3","Hollandsch Diep, 3"
2136,hollandschdiep.4,ETRS89,51.707558,4.613619,"Hollandsch Diep, 4","Hollandsch Diep, 4"
17323,hollandschdiep.5,ETRS89,51.700468,4.603078,"Hollandsch Diep, 5","Hollandsch Diep, 5"
966,hollandschdiep.6,ETRS89,51.695748,4.588421,"Hollandsch Diep, 6","Hollandsch Diep, 6"
4770,hollandschdiep.7,ETRS89,51.69396,4.574148,"Hollandsch Diep, 7","Hollandsch Diep, 7"
5927,hollandschdiep.8,ETRS89,51.692252,4.559932,"Hollandsch Diep, 8","Hollandsch Diep, 8"
13914,hollandschdiep.9,ETRS89,51.691022,4.545043,"Hollandsch Diep, 9","Hollandsch Diep, 9"
10893,hollandschdiep.monddordtschekil.west,ETRS89,51.711725,4.606226,"Hollandsch Diep, mond Dordtsche Kil, west","Hollandsch Diep, mond Dordtsche Kil, west"
7834,hollandscheijssel.0,ETRS89,52.008971,4.726533,"Hollandsche IJssel, 0","Hollandsche IJssel, 0"
14033,hollandscheijssel.1,ETRS89,52.006863,4.717782,"Hollandsche IJssel, 1","Hollandsche IJssel, 1"
74,hollandscheijssel.10,ETRS89,51.960758,4.641021,"Hollandsche IJssel, 10","Hollandsche IJssel, 10"
287,hollandscheijssel.11,ETRS89,51.952959,4.644308,"Hollandsche IJssel, 11","Hollandsche IJssel, 11"
8216,hollandscheijssel.13,ETRS89,51.936977,4.634363,"Hollandsche IJssel, 13","Hollandsche IJssel, 13"
1907,hollandscheijssel.14,ETRS89,51.934631,4.620501,"Hollandsche IJssel, 14","Hollandsche IJssel, 14"
18393,hollandscheijssel.15,ETRS89,51.926475,4.614403,"Hollandsche IJssel, 15","Hollandsche IJssel, 15"
1524,hollandscheijssel.16,ETRS89,51.926655,4.600966,"Hollandsche IJssel, 16","Hollandsche IJssel, 16"
4640,hollandscheijssel.17,ETRS89,51.921952,4.58859,"Hollandsche IJssel, 17","Hollandsche IJssel, 17"
18008,hollandscheijssel.18,ETRS89,51.916286,4.579025,"Hollandsche IJssel, 18","Hollandsche IJssel, 18"
4934,hollandscheijssel.19,ETRS89,51.910282,4.568625,"Hollandsche IJssel, 19","Hollandsche IJssel, 19"
13819,hollandscheijssel.19p7,ETRS89,51.908232,4.559579,"Hollandsche IJssel, 19.7","Hollandsche IJssel, 19.7"
278,hollandscheijssel.2,ETRS89,52.001768,4.707096,"Hollandsche IJssel, 2","Hollandsche IJssel, 2"
3006,hollandscheijssel.7,ETRS89,51.97581,4.654714,"Hollandsche IJssel, 7","Hollandsche IJssel, 7"
12806,hollandscheijssel.8,ETRS89,51.971895,4.642422,"Hollandsche IJssel, 8","Hollandsche IJssel, 8"
12653,hollandscheijssel.9,ETRS89,51.967482,4.631218,"Hollandsche IJssel, 9","Hollandsche IJssel, 9"
8156,hollandseijssel.km12.ntb,ETRS89,51.944901,4.636616,"Hollandse IJssel, km 12, ntb","Hollandse IJssel, km 12, ntb"
4066,hollandsekust.noord.alpha,ETRS89,52.69777,4.2935,Hollandse Kust Noord Alpha,Hollandse Kust Noord Alpha
14367,hollandsekust.noord.deelgebied,ETRS89,52.754793,4.602027,"Hollandse kust, noord , deelgebied","Hollandse kust, noord , deelgebied"
3946,hollandsekust.noord.windparknoord,ETRS89,52.783,4.285,"Hollandse Kust, Noord Windpark Noord","Hollandse Kust, Noord Windpark Noord"
8,hollandsekust.noord.windparkzuid,ETRS89,52.7,4.325,"Hollandse Kust, Noord Windpark Zuid","Hollandse Kust, Noord Windpark Zuid"
3634,hollandsekust.zuid.alpha,ETRS89,52.232547,4.19569,Hollandse Kust Zuid platform Alpha,Hollandse Kust Zuid platform Alpha
8152,hollandsekust.zuid.windparknoord,ETRS89,52.393,4.056,"Hollandse Kust, Zuid Windpark Noord","Hollandse Kust, Zuid Windpark Noord"
4251,hollandsekust.zuid.windparkzuid,ETRS89,52.244,4.0849,"Hollandse Kust, Zuid Windpark Zuid","Hollandse Kust, Zuid Windpark Zuid"
16769,hollum.badstrand,ETRS89,53.44996,5.612977,"Hollum, badstrand","Hollum, badstrand"
12995,holwerderbalg,ETRS89,53.446078,5.959861,Holwerderbalg,Holwerderbalg
194,holwerd.vaargeul,ETRS89,53.39828062,5.882389099,Holwerd vaargeul,Holwerd vaargeul
13288,holwerd.veersteiger,ETRS89,53.395656,5.878059,"Holwerd, Veersteiger",zie kaart HAVKT.ZIP in DONAR
17718,hondweg,ETRS89,52.525239,5.786523,Hondweg,Zwolse Tocht
2469,honte,ETRS89,51.416104,3.701614,Honte,Honte
10903,hoofdplaat,ETRS89,51.374859,3.672253,Hoofdplaat,Hoofdplaat
8876,hooft,ETRS89,52.339948,5.120207,Hooft,Hooft
16526,hoogeplaten,ETRS89,51.395958,3.634094,Hooge Platen,Hooge Platen
11165,hoogvliet,ETRS89,51.879571,4.326418,Hoogvliet,kilometer 1005.5
2225,hoorn,ETRS89,52.638646,5.073576,Hoorn,Hoorn
532,hoornderslag.badstrand,ETRS89,53.016454,4.707713,"Hoornderslag, badstrand","Hoornderslag, badstrand"
12756,hoornschehop,ETRS89,52.613093,5.062389,Hoornsche Hop,Hoornsche Hop
13339,horn,ETRS89,52.29714,5.079653,Horn,Horn
14222,horst.strandhorst,ETRS89,52.3091,5.558089,"Horst, strand Horst","Horst, strand Horst"
12706,houtrib,ETRS89,52.626937,5.524557,Houtrib,Houtrib
14789,houtribdijk.ijsselmeer,ETRS89,52.608956,5.486766,"Houtribdijk, IJsselmeer","Houtribdijk, IJsselmeer"
9407,huibertgat.noordoost,ETRS89,53.562111,6.679353,"Huibertgat, noordoost","Huibertgat, noordoost"
3377,huibertgat.oost,ETRS89,53.559133,6.661199,"Huibertgat, oost","Huibertgat, oost"
5043,huisduinen,ETRS89,52.936599,4.713866,Huisduinen,Huisduinen
8304,huizen,ETRS89,52.316484,5.282902,Huizen,Huizen
11623,huizen.dedodehond,ETRS89,52.29976,5.308186,"Huizen, De Dode Hond","Huizen, De Dode Hond"
5958,huizen.harderwijkerzand,ETRS89,52.30211,5.279813,"Huizen, Harderwijkerzand","Huizen, Harderwijkerzand"
13779,huizen.strandzomerkade,ETRS89,52.306448,5.258616,"Huizen, strand Zomerkade","Huizen, strand Zomerkade"
1073,hulshorst.badhoophuizen,ETRS89,52.384756,5.706468,"Hulshorst, Bad Hoophuizen","Hulshorst, Bad Hoophuizen"
5088,hurwenen,ETRS89,51.814495,5.308891,Hurwenen,"raai 929, recreatieplas"
1297,ijburg.strandamsterdam,ETRS89,52.348842,5.015613,"IJburg, strand Amsterdam","IJburg, strand Amsterdam"
10329,ijmuiden,ETRS89,52.539507,4.425641,IJmuiden,IJmuiden
10315,ijmuiden.20kmuitdekust,ETRS89,52.559951,4.291509,"IJmuiden, 20 km uit de kust","IJmuiden, 20 km uit de kust"
6132,ijmuiden.3kmuitdekust,ETRS89,52.487134,4.505329,"IJmuiden, 3 km uit de kust","IJmuiden, 3 km uit de kust"
18709,ijmuiden.binnentoeleidingskanaal,ETRS89,52.466014,4.622005,"IJmuiden, binnen toeleidingskanaal",kilometer 2
13729,ijmuiden.buitenhaven,ETRS89,52.463,4.555,"IJmuiden, buitenhaven","IJmuiden, buitenhaven"
6441,ijmuiden.buitenhaven.1,ETRS89,52.464196,4.585028,"IJmuiden, Buitenhaven, 1","IJmuiden, Buitenhaven, 1"
1382,ijmuiden.buitenhaven.2,ETRS89,52.462953,4.581931,"IJmuiden, Buitenhaven, 2","IJmuiden, Buitenhaven, 2"
3027,ijmuiden.buitenhaven.3,ETRS89,52.469077,4.579788,"IJmuiden, Buitenhaven, 3","IJmuiden, Buitenhaven, 3"
5786,ijmuiden.buitenhaven.4,ETRS89,52.472108,4.59345,"IJmuiden, Buitenhaven, 4","IJmuiden, Buitenhaven, 4"
18702,ijmuiden.buitenhaven.5,ETRS89,52.4639,4.582355,"IJmuiden, Buitenhaven, 5","IJmuiden, Buitenhaven, 5"
15555,ijmuiden.buitenhaven.6,ETRS89,52.465802,4.53807,"IJmuiden, Buitenhaven, 6","IJmuiden, Buitenhaven, 6"
9664,ijmuiden.buitenhaven.7,ETRS89,52.460173,4.5684,"IJmuiden, Buitenhaven, 7","IJmuiden, Buitenhaven, 7"
4473,ijmuiden.buitenhaven.8,ETRS89,52.468285,4.580848,"IJmuiden, Buitenhaven, 8","IJmuiden, Buitenhaven, 8"
169,ijmuiden.kleinestrand,ETRS89,52.461121,4.563748,"IJmuiden, Kleine Strand","IJmuiden, Kleine Strand"
8664,ijmuiden.munitiestort.1,ETRS89,52.549225,4.057019,"IJmuiden, munitiestort, 1","IJmuiden, munitiestort, 1"
9075,ijmuiden.semafoor.badstrand,ETRS89,52.460331,4.570369,"IJmuiden, semafoor, badstrand","IJmuiden, semafoor, badstrand"
8250,ijmuiden.t1,ETRS89,52.464155,4.626452,"IJmuiden, T1",Noordzeekanaal tijdelijk voor IJmuiden1
9464,ijsselmeer.wagenpad,ETRS89,52.804808,5.198878,"IJsselmeer, Wagenpad","IJsselmeer, Wagenpad"
10209,inschot,ETRS89,53.161988,5.185368,Inschot,Inschot
1849,itsoal.workum,ETRS89,52.965695,5.411288,"It Soal, Workum","It Soal, Workum"
17566,julianadorp,ETRS89,52.899739,4.711165,Julianadorp,Julianadorp
13491,jutphaas,ETRS89,52.03796,5.092801,Jutphaas,Jutphaas
1581,k13a,ETRS89,53.217016,3.218922,K13a platform,K13a platform
9619,k13a.1,ETRS89,53.2155,3.2217,K13a meetboei,nabij platform
10561,kabbelaarsbank.grevelingen,ETRS89,51.752415,3.862772,"Kabbelaarsbank, Grevelingen","Kabbelaarsbank, Grevelingen"
6734,kampen,ETRS89,52.558966,5.917924,Kampen,Kampen
119,kamperhoek.badstrand,ETRS89,52.608088,5.641241,"Kamperhoek, badstrand","Kamperhoek, badstrand"
15157,kamperland.debanjaard.badstrand,ETRS89,51.594808,3.663077,"Kamperland, De Banjaard, badstrand","Kamperland, De Banjaard, badstrand"
12560,kamperland.deroompot.badstrand,ETRS89,51.593171,3.730112,"Kamperland, De Roompot, badstrand","Kamperland, De Roompot, badstrand"
5103,kamperland.schotsman,ETRS89,51.581616,3.643279,"Kamperland, Schotsman","Kamperland, Schotsman"
2192,kamperland.schotsman.ruiterplaat,ETRS89,51.581568,3.643262,"Kamperland, Schotsman, Ruiterplaat","Kamperland, Schotsman, Ruiterplaat"
7533,kamperland.sintfelixweg.badstrand,ETRS89,51.55219,3.693537,"Kamperland, Sint Felixweg, badstrand","Kamperland, Sint Felixweg, badstrand"
2613,karekietweg,ETRS89,52.407402,5.623071,Karekietweg,Hoge Dwarsvaart
6062,katsbinnen,ETRS89,51.543733,3.86283,Kats binnen,Kats binnen
11652,katseveer.badstrand,ETRS89,51.54039,3.868421,"Katseveer, badstrand","Katseveer, badstrand"
17202,kats.zandkreeksluis,ETRS89,51.543947,3.865418,"Kats, Zandkreeksluis",voorheen buiten
10618,katwijkaanzee.boulevard.noord,ETRS89,52.213953,4.398947,"Katwijk aan Zee, Boulevard, noord","Katwijk aan Zee, Boulevard, noord"
4201,katwijkaanzee.boulevard.zuid,ETRS89,52.20545,4.39046,"Katwijk aan Zee, Boulevard, zuid","Katwijk aan Zee, Boulevard, zuid"
18261,keeten,ETRS89,51.606947,3.965277,Keeten,Keeten
11182,keeten.boeikt22.slikkenvanviane,ETRS89,51.615736,4.037881,"Keeten, boei Kt22, Slikken van Viane","Keeten, boei Kt22, Slikken van Viane"
14415,kennemerstrand,ETRS89,52.45548,4.552745,Kennemerstrand,Kennemerstrand
61,kerkdriel,ETRS89,51.779006,5.33721,Kerkdriel,"raai 211, recreatieplas"
1197,kerkdriel.campingdenbol.dagstrand,ETRS89,51.778556,5.335036,"Kerkdriel, camping den Bol, dagstrand","Kerkdriel, camping den Bol, dagstrand"
10757,kerkdriel.dezandmeren.noord,ETRS89,51.766013,5.347191,"Kerkdriel, De Zandmeren, noord","Kerkdriel, De Zandmeren, noord"
5867,kerkdriel.dezandmeren.westzijde,ETRS89,51.763281,5.348091,"Kerkdriel, De Zandmeren, westzijde",oude maasarm km 212
7587,kerkenwaard,ETRS89,51.822005,5.195744,Kerkenwaard,recreatieplas
210,kerkenwaardhaaften,ETRS89,51.81661,5.224047,Kerkenwaard-Haaften,recreatieplas
3828,ketelhaven.elandweg,ETRS89,52.5709,5.69401,"Ketelhaven, Elandweg",Swiftervaart
5800,ketelhaven.ketelmeer,ETRS89,52.5825,5.7627,"Ketelhaven, Ketelmeer",voorheen Ketelmond
3275,ketelweg,ETRS89,52.576074,5.769281,Ketelweg,Roggebottocht
18688,kijkduin,ETRS89,52.070859,4.218659,Kijkduin,Kijkduin
2492,kimstergat.oost,ETRS89,53.264566,5.467386,"Kimstergat, oost","Kimstergat, oost"
9951,kimstergat.west,ETRS89,53.262779,5.450149,"Kimstergat, west","Kimstergat, west"
8573,kinderdijk.lek,ETRS89,51.8883,4.62599,Kinderdijk Lek,Kinderdijk Lek
16100,kinderdijk.lek.km984,ETRS89,51.880817,4.626168,"Kinderdijk, Lek, km 984","Kinderdijk, Lek, km 984"
2967,kinderdijk.lek.km988,ETRS89,51.890778,4.637621,"Kinderdijk, Lek, km 988","Kinderdijk, Lek, km 988"
14069,kinderdijk.linkeroever.km988.8,ETRS89,51.88829964,4.625989545,Kinderdijk Linkeroever (kilometer 988.8),Kinderdijk Linkeroever (kilometer 988.8)
12365,kloosterzande.baalhoek,ETRS89,51.366086,4.10258,"Kloosterzande, Baalhoek","Kloosterzande, Baalhoek"
4218,klundert,ETRS89,51.689478,4.526704,Klundert,Klundert
5448,kornwerd,ETRS89,53.038325,5.346208,Kornwerd,Kornwerd
1996,kornwerderzand.ijsselmeer.binnenhaven,ETRS89,53.06835,5.337321,"Kornwerderzand, IJsselmeer binnenhaven","Kornwerderzand, IJsselmeer binnenhaven"
16925,kornwerderzand.ijsselmeer.middelgronden,ETRS89,53.05167,5.3103,Kornwerderzand IJsselmeer Middelgronden,Kornwerderzand IJsselmeer Middelgronden
11534,kornwerderzand.ijsselmeer.spui,ETRS89,53.06802,5.32872,Kornwerderzand IJsselmeer spui,Kornwerderzand IJsselmeer spui
12467,kornwerderzand.ijsselmeer.spuihavenzuid,ETRS89,53.065647,5.332652,Kornwerderzand Spuihaven zuid,Kornwerderzand Spuihaven zuid
14902,kornwerderzand.ijsselmeer.vaargeul,ETRS89,53.04868,5.34483,Kornwerderzand IJsselmeer vaargeul,Kornwerderzand IJsselmeer vaargeul
10232,kornwerderzand.voorhaven,ETRS89,53.071839,5.335733,"Kornwerderzand, Voorhaven","Kornwerderzand, Voorhaven"
129,kornwerderzand.waddenzee.buitenhaven,ETRS89,53.07459,5.334757,Kornwerderzand Waddenzee buitenhaven,Kornwerderzand Waddenzee buitenhaven
7823,kornwerderzand.waddenzee.voorhaven.kolk,ETRS89,53.069944,5.337103,"Kornwerderzand, Waddenzee voorhaven kolk","Kornwerderzand, Waddenzee voorhaven kolk"
9537,kortgene,ETRS89,51.546479,3.80564,Kortgene,Kortgene
9305,kortgene.gebrokendak,ETRS89,51.553349,3.83593,"Kortgene, Gebroken Dak","Kortgene, Gebroken Dak"
18061,kortgene.schapendijk.badstrand,ETRS89,51.556108,3.833139,"Kortgene, Schapendijk, badstrand","Kortgene, Schapendijk, badstrand"
13071,kraaijenbergseplassen.2,ETRS89,51.751339,5.832835,"Kraaijenbergse Plassen, 2","Kraaijenbergse Plassen, 2"
18557,kraaijenbergseplassen.3,ETRS89,51.750018,5.823105,"Kraaijenbergse Plassen, 3","Kraaijenbergse Plassen, 3"
685,krabbendijke.roelshoek.badstrand,ETRS89,51.436473,4.125464,"Krabbendijke, Roelshoek, badstrand","Krabbendijke, Roelshoek, badstrand"
16399,krabbenkreek,ETRS89,51.610376,4.10489,Krabbenkreek,Krabbenkreek
2773,krabbersgat.buiten,ETRS89,52.706978,5.313226,"Krabbersgat, buiten","Krabbersgat, buiten"
17606,kralendijk.plazabeachterminal,ETRS89,12.149638,-68.277813,Kralendijk Plazabeach Terminal,Kralendijk Plazabeach Terminal
10449,krammerput,ETRS89,51.668111,4.183083,Krammerput,Krammerput
17494,krammersluislaagbekken.badstrand,ETRS89,51.648967,4.17475,"Krammersluis laagbekken, badstrand","Krammersluis laagbekken, badstrand"
12423,krammersluizen,ETRS89,51.66039,4.127685,Krammersluizen,Krammersluizen
18262,kreekraksluizen,ETRS89,51.438833,4.2409,Kreekraksluizen,Kreekraksluizen
17162,kreekraksluizen.bufferbekken.badstrand,ETRS89,51.437847,4.241212,"Kreekraksluizen, bufferbekken, badstrand","Kreekraksluizen, bufferbekken, badstrand"
12670,krimpenaandeijssel.hollandscheijssel,ETRS89,51.9165,4.579,"Krimpen aan de IJssel, Hollandsche IJssel","Krimpen aan de IJssel, Hollandsche IJssel"
6122,krimpenaandelek.lek,ETRS89,51.890722,4.628906,"Krimpen aan de Lek, Lek","Krimpen aan de Lek, Lek"
4482,kuilvanmarken,ETRS89,52.478941,5.270994,Kuil van Marken,Kuil van Marken
4483,laaksestrand,ETRS89,52.257505,5.440589,Laakse strand,Laakse strand
695,lageknarsluis,ETRS89,52.448161,5.43501,Lage Knarsluis,Lage Vaart
5819,lageweg.hollandscheijssel.groen12,ETRS89,51.945129,4.636945,Lichtopstand Rood 12 Hollandsche IJssel,Lichtopstand Rood 12 Hollandsche IJssel
7184,lageweg.hollandscheijssel.groen18,ETRS89,51.957339,4.644601,Lichtopstand Groen 18 Hollandsche IJssel,Lichtopstand Groen 18 Hollandsche IJssel
9451,lageweg.hollandscheijssel.groen26,ETRS89,51.971488,4.641844,Lichtopstand Groen 26 Hollandsche IJssel,Lichtopstand Groen 26 Hollandsche IJssel
14053,lageweg.hollandscheijssel.groen30,ETRS89,51.978059,4.664449,Lichtopstand Groen 30 Hollandsche IJssel,Lichtopstand Groen 30 Hollandsche IJssel
8979,lageweg.hollandscheijssel.groen35,ETRS89,51.994356,4.684584,Lichtopstand Rood 35 Hollandsche IJssel,Lichtopstand Rood 35 Hollandsche IJssel
18786,lamswaarde.boei59,ETRS89,51.371949,4.062615,"Lamswaarde, boei 59","Lamswaarde, boei 59"
7424,langezand,ETRS89,53.206074,5.22183,Lange Zand,Lange Zand
3428,larserringweg,ETRS89,52.505145,5.537433,Larserringweg,Lage Vaart
6146,larserweg,ETRS89,52.499812,5.479245,Larserweg,Lage Vaart
4077,lauwers,ETRS89,53.530958,6.417102,Lauwers,Lauwers
5319,lauwersoog.buitenhaven,ETRS89,53.415004,6.206095,"Lauwersoog, buitenhaven","Lauwersoog, buitenhaven"
11351,lauwersoog.havenmond,ETRS89,53.410553,6.199995,"Lauwersoog, havenmond","Lauwersoog, havenmond"
13584,lauwersoog.spuisluisbuiten,ETRS89,53.410619,6.190221,"Lauwersoog, spuisluis buiten","Lauwersoog, spuisluis buiten"
18288,lauwers.zuid,ETRS89,53.506523,6.452764,"Lauwers, zuid","Lauwers, zuid"
3781,leeuwarden.vanharinxmakanaal,ETRS89,53.18341,5.79713,Leeuwarden Van Harinxmakanaal,Leeuwarden Van Harinxmakanaal
17623,lekkerkerk.lek,ETRS89,51.89392,4.6910177,"Lekkerkerk, Lek","Lekkerkerk, Lek"
18529,lek.km985,ETRS89,51.89257,4.678719,"Lek, km. 985","Lek, km. 985"
5645,lek.km986,ETRS89,51.889596,4.665546,"Lek, km. 986","Lek, km. 986"
12412,lek.km987,ETRS89,51.889579,4.651282,"Lek, km. 987","Lek, km. 987"
62,lek.km988,ETRS89,51.891114,4.636642,"Lek, km. 988","Lek, km. 988"
11768,lek.km989,ETRS89,51.889324,4.622596,"Lek, km. 989","Lek, km. 989"
2185,lelystad,ETRS89,52.514675,5.365108,Lelystad,Lelystad
1777,lelystad.haven,ETRS89,52.505689,5.376159,"Lelystad, haven","Lelystad, haven"
9131,lelystad.houtribbaai,ETRS89,52.541628,5.438796,"Lelystad, Houtribbaai","Lelystad, Houtribbaai"
11751,lelystad.houtribhoek,ETRS89,52.560481,5.472736,"Lelystad, Houtribhoek","Lelystad, Houtribhoek"
344,lelystad.houtribhoek.strand,ETRS89,52.549447,5.455701,"Lelystad, Houtribhoek, strand","Lelystad, Houtribhoek, strand"
683,lelystad.houtribsluis.zuid,ETRS89,52.526351,5.433916,"Lelystad, Houtribsluis, zuid","Lelystad, Houtribsluis, zuid"
8838,lelystad.julianapad.markermeer,ETRS89,52.496702,5.372479,"Lelystad, Julianapad, Markermeer","Lelystad, Julianapad, Markermeer"
5146,lelystad.larservaart.meerkoetenweg,ETRS89,52.475062,5.516725,"Lelystad, Larservaart, Meerkoetenweg","Lelystad, Larservaart, Meerkoetenweg"
6313,lemsterstrand.lemmer,ETRS89,52.842398,5.70004,"Lemsterstrand, Lemmer","Lemsterstrand, Lemmer"
13026,lexkesveer,ETRS89,51.961091,5.689393,Lexkesveer,Lexkesveer
8763,linne.boven,ETRS89,51.167731,5.921065,"Linne, boven","Linne, boven"
739,linne.stuw.beneden,ETRS89,51.160525,5.942617,Linne beneden,"km 70,40"
3722,linne.stuw.boven,ETRS89,51.168812,5.922507,"Linne, stuw, boven","Linne, stuw, boven"
14681,lith.boven,ETRS89,51.81,5.455,"Lith, boven","Lith, boven"
12403,lithseham.dagstrand,ETRS89,51.810923,5.412579,"Lithse Ham, dagstrand","Lithse Ham, dagstrand"
1910,lithseham.gemeentestrand,ETRS89,51.815416,5.417657,"Lithse Ham, gemeentestrand","Lithse Ham, gemeentestrand"
13792,lithseham.recreatieplas,ETRS89,51.817214,5.414758,"Lithse Ham, recreatieplas","Lithse Ham, recreatieplas"
9383,lith.sluis,ETRS89,51.80911,5.452453,"Lith, beneden sluis","Lith, beneden sluis"
13110,lobith.bovenrijn.haven,ETRS89,51.857505,6.083651,"Lobith, Bovenrijn, haven","Lobith, Bovenrijn, haven"
15596,lobith.bovenrijn.tolkamer,ETRS89,51.8495,6.1024,"Lobith, Bovenrijn, Tolkamer","Lobith, Bovenrijn, Tolkamer"
10290,lobith.ponton,ETRS89,51.854205,6.091178,"Lobith, ponton","Lobith, ponton"
7801,lodijkschegat.speelmansplaten,ETRS89,51.497363,4.145091,"Lodijksche Gat, Speelmansplaten","Lodijksche Gat, Speelmansplaten"
8842,lodijksegat,ETRS89,51.515274,4.127053,Lodijkse Gat,Lodijkse Gat
13405,loenderveenseplas,ETRS89,52.201302,5.037454,Loenderveense Plas,Loenderveense Plas
3016,loenen,ETRS89,52.225746,5.007405,Loenen,Loenen
18315,loowaard.recreatieplas,ETRS89,51.919049,5.987533,"Loowaard, recreatieplas","Loowaard, recreatieplas"
9168,loozen.grens,ETRS89,51.21661444,5.58285265,Loozen grens,Loozen grens
11827,lopikerkapel.recreatieplas,ETRS89,51.987433,5.053972,"Lopikerkapel, recreatieplas","Lopikerkapel, recreatieplas"
6272,maarssen.kanaal,ETRS89,52.133807,5.039151,"Maarssen, kanaal","Maarssen, kanaal"
10442,maasbracht,ETRS89,51.140975,5.873028,Maasbracht,Maasbracht
6679,maaseik,ETRS89,51.094527,5.801669,Maaseik,"km 52,8"
18210,maasgouw.dilkensplas.1,ETRS89,51.110991,5.817734,"Maasgouw, Dilkensplas, meetpunt 1","Maasgouw, Dilkensplas, meetpunt 1"
3232,maassluis,ETRS89,51.917507,4.249788,Maassluis,Maassluis
18864,maastricht,ETRS89,50.856549,5.694513,Maastricht,Maastricht
8170,maastricht.borgharen.maas.boven,ETRS89,50.868809,5.698089,"Maastricht, Borgharen, Maas, boven",stuw
12684,maastricht.grindgat.oostmaarland.1,ETRS89,50.800522,5.704213,"Maastricht, Grindgat, Oost-Maarland, 1","camping, oosterdriessen"
3097,maastricht.grindgat.oostmaarland.2,ETRS89,50.803416,5.704544,"Maastricht, Grindgat, Oost-Maarland, 2","Maastricht, Grindgat, Oost-Maarland, 2"
6560,maasvlakte.2kmuitdekust,ETRS89,51.924953,3.964834,"Maasvlakte, 2 km uit de kust","Maasvlakte, 2 km uit de kust"
16848,maasvlakte.badstrand,ETRS89,51.953064,4.018298,"Maasvlakte, badstrand","Maasvlakte, badstrand"
7453,makkum.sluis.buiten,ETRS89,53.05451,5.40223,Makkum sluis buiten,Makkum sluis buiten
17286,malzwin,ETRS89,52.993133,4.900946,Malzwin,Malzwin
5769,malzwin.boei1,ETRS89,52.994689,4.955291,"Malzwin, boei 1","Malzwin, boei 1"
7078,malzwin.marinehaven,ETRS89,52.968368,4.79033,"Malzwin, marinehaven","Malzwin, marinehaven"
9351,maren,ETRS89,51.792491,5.342268,Maren,"raai 210, recreatieplas"
993,markengouwzee,ETRS89,52.46037,5.085581,Marken Gouwzee,Marken Gouwzee
13541,marken.strand,ETRS89,52.457275,5.098652,"Marken, strand","Marken, strand"
2154,marken.vuurtoren,ETRS89,52.459596,5.139289,"Marken, vuurtoren","Marken, vuurtoren"
6112,markermeer.midden,ETRS89,52.5317,5.23124,"Markermeer, midden","Markermeer, midden"
218,markermeer.midden.meetpaal42,ETRS89,52.532172,5.23158,"Markermeer, midden, meetpaal 42","Markermeer, midden, meetpaal 42"
10799,markermeer.noordoost,ETRS89,52.563653,5.35476,"Markermeer, noordoost","Markermeer, noordoost"
5808,markermeer.trintelzand,ETRS89,52.62412,5.37297,Markermeer Trintelzand,Markermeer Trintelzand
2868,markerwadden.meetpaal,ETRS89,52.600306,5.391222,"Marker Wadden, meetpaal","Marker Wadden, meetpaal"
6080,marollegat,ETRS89,51.479747,4.191958,Marollegat,Marollegat
1590,marsdiep.noord,ETRS89,52.982538,4.749934,"Marsdiep, noord","Marsdiep, noord"
11981,medemblik.vooroever.hetnesbos,ETRS89,52.755223,5.124689,"Medemblik, Vooroever, Het Nesbos","Medemblik, Vooroever, Het Nesbos"
6226,medemblik.vooroever.vlietsingelpoel,ETRS89,52.764619,5.119063,"Medemblik, Vooroever, Vlietsingel Poel","Medemblik, Vooroever, Vlietsingel Poel"
14387,middelharnis,ETRS89,51.773561,4.192414,Middelharnis,Middelharnis
9705,middelharnis.badstrand,ETRS89,51.771983,4.193731,"Middelharnis, badstrand","Middelharnis, badstrand"
11169,middelharnis.meetboei,ETRS89,51.776524,4.192119,"Middelharnis, meetboei","Middelharnis, meetboei"
9995,middelwaard,ETRS89,51.994143,5.075122,Middelwaard,Middelwaard
18567,midderburg.draaibrug,ETRS89,51.495488,3.616576,"Midderburg, draaibrug","Midderburg, draaibrug"
7575,mirnserklif.mirns,ETRS89,52.850437,5.480474,"Mirnser Klif, Mirns","Mirnser Klif, Mirns"
857,moerdijk,ETRS89,51.712,4.615,Moerdijk,Moerdijk
5512,moerdijk.bruggen,ETRS89,51.716769,4.639495,"Moerdijk, bruggen","Moerdijk, bruggen"
15649,molengat,ETRS89,53.427194,5.726886,Molengat,Molengat
6663,molenplaat.midden,ETRS89,51.497866,4.219969,"Molenplaat, midden","Molenplaat, midden"
1648,molkwerum.molkwerum,ETRS89,52.905866,5.396689,"Molkwerum, Molkwerum","Molkwerum, Molkwerum"
17859,mondderdonge.brug,ETRS89,51.711313,4.859084,"Mond der Donge, brug","Mond der Donge, brug"
9235,mondvandedollard,ETRS89,53.311917,7.081537,Mond van de Dollard,Mond van de Dollard
3691,mondvandedollard.noord,ETRS89,53.316846,7.082481,"Mond van de Dollard, noord","Mond van de Dollard, noord"
13443,mook,ETRS89,51.758,5.8645,Mook,Mook
8273,muiden,ETRS89,52.330006,5.068863,Muiden,Muiden
10331,muiden.haven,ETRS89,52.332168,5.070461,"Muiden, haven","Muiden, haven"
15216,muiderberg,ETRS89,52.329204,5.12281,Muiderberg,Muiderberg
2162,munnikplaat,ETRS89,52.908925,5.228753,Munnikplaat,Munnikplaat
5541,naarden,ETRS89,52.310959,5.161865,Naarden,Naarden
12571,naarderbos,ETRS89,52.317819,5.144671,Naarderbos,Naarderbos
456,natewisch,ETRS89,51.973164,5.387203,Natewisch,recreatieplas
15541,nederweert,ETRS89,51.272393,5.74975,Nederweert,Nederweert
782,nederweert.bovenstroomsluis,ETRS89,51.327502,5.747318,"Nederweert, bovenstroomsluis","Nederweert, bovenstroomsluis"
18438,neeltjejans.badstrand,ETRS89,51.642656,3.707639,"Neeltje Jans, badstrand","Neeltje Jans, badstrand"
12035,nieuwegein.lekkanaal,ETRS89,52.022729,5.113007,"Nieuwegein, lekkanaal","Nieuwegein, lekkanaal"
14626,nieuwemaas.990,ETRS89,51.891361,4.608411,"Nieuwe Maas, 990","Nieuwe Maas, 990"
2339,nieuwemaas.991,ETRS89,51.894192,4.594793,"Nieuwe Maas, 991","Nieuwe Maas, 991"
303,nieuwemaas.992,ETRS89,51.900321,4.584136,"Nieuwe Maas, 992","Nieuwe Maas, 992"
16233,nieuwemaas.993,ETRS89,51.903592,4.570854,"Nieuwe Maas, 993","Nieuwe Maas, 993"
17790,nieuwemaas.994,ETRS89,51.905101,4.556614,"Nieuwe Maas, 994","Nieuwe Maas, 994"
17590,nieuwemaas.995,ETRS89,51.903912,4.544909,"Nieuwe Maas, 995","Nieuwe Maas, 995"
16772,nieuwendam,ETRS89,52.37484,4.951428,Nieuwendam,Nieuwendam
5055,nieuwersluis,ETRS89,52.202172,4.999561,Nieuwersluis,Nieuwersluis
9873,nieuwestatenzijl.buiten,ETRS89,53.254251,7.175424,"Nieuwe Statenzijl, buiten","Nieuwe Statenzijl, buiten"
2379,nieuwewaterweg.meetboeinw2,ETRS89,51.89844,4.296041,"Nieuwe Waterweg, meetboei NW2",km 1014.700
3725,nieuwhaamstede.badstrand,ETRS89,51.705864,3.677076,"Nieuw Haamstede, badstrand","Nieuw Haamstede, badstrand"
12545,nieuwhaamstede.vuurtorenpad.badstrand,ETRS89,51.714319,3.683558,"Nieuw Haamstede, Vuurtorenpad, badstrand","Nieuw Haamstede, Vuurtorenpad, badstrand"
18371,nieuwhulckesteyn,ETRS89,52.255704,5.463053,Nieuw-Hulckesteyn,badstrand
7140,nieuwpoort.lek,ETRS89,51.939076,4.8638976,Nieuwpoort Lek,Nieuwpoort Lek
356,nieuwvlietbad.oost.badstrand,ETRS89,51.393569,3.454546,"Nieuwvliet-Bad, oost, badstrand","Nieuwvliet-Bad, oost, badstrand"
10577,nieuwvossemeer,ETRS89,51.584608,4.201577,Nieuw-Vossemeer,Nieuw-Vossemeer
4977,nijkerk.2,ETRS89,52.255659,5.44788,"Nijkerk, 02","Nijkerk, 02"
14229,nijkerk.nijkerkernauw,ETRS89,52.261739,5.470182,"Nijkerk, Nijkerkernauw","Nijkerk, Nijkerkernauw"
16860,nijkerk.nijkerkersluis,ETRS89,52.262993,5.476557,"Nijkerk, Nijkerkersluis","Nijkerk, Nijkerkersluis"
12634,nijmegen.maaswaalkanaal,ETRS89,51.826797,5.808602,"Nijmegen, Maas-Waalkanaal",voorheen Hatert
17788,nonnetjesweg,ETRS89,52.416478,5.623854,Nonnetjesweg,Hoge Vaart
15728,noord.981,ETRS89,51.859825,4.650897,"Noord, 981","Noord, 981"
7811,noord.982,ETRS89,51.866749,4.641462,"Noord, 982","Noord, 982"
4704,noord.983,ETRS89,51.873297,4.632278,"Noord, 983","Noord, 983"
15327,noord.984,ETRS89,51.881185,4.626074,"Noord, 984","Noord, 984"
18192,noorderbalgen,ETRS89,53.358039,5.380449,Noorderbalgen,Noorderbalgen
7669,noorderdam,ETRS89,51.980839,4.089509,Noorderdam,Noorderdam
13272,noordergat.vandeplomp.badstrand,ETRS89,51.719079,4.7917,"Noordergat, van de Plomp, badstrand","Noordergat, van de Plomp, badstrand"
14880,noordmeep.oost,ETRS89,53.336464,5.333917,"Noord Meep, oost","Noord Meep, oost"
7022,noordpolderzijl,ETRS89,53.432884,6.582293,Noordpolderzijl,Noordpolderzijl
17911,noordwijk.10kmuitdekust.flachsee,ETRS89,52.290014,4.305106,"Noordwijk, 10 km uit de kust Flachsee",Flachseemeting
12953,noordwijk.1kmuitdekust,ETRS89,52.255608,4.418981,"Noordwijk, 1 km uit de kust","Noordwijk, 1 km uit de kust"
10169,noordwijk.20kmuitdekust,ETRS89,52.340886,4.173695,"Noordwijk, 20 km uit de kust","Noordwijk, 20 km uit de kust"
6273,noordwijk.2kmuitdekust.flachsee,ETRS89,52.253814,4.412317,"Noordwijk, 2 km uit de kust Flachsee",Flachseemeting
18080,noordwijk.30kmuitdekust,ETRS89,52.386719,4.046746,"Noordwijk, 30 km uit de kust","Noordwijk, 30 km uit de kust"
17077,noordwijk.4kmuitdekust.flachsee,ETRS89,52.268569,4.368681,"Noordwijk, 4 km uit de kust Flachsee",Flachseemeting
10498,noordwijk.50kmuitdekust,ETRS89,52.480053,3.785347,"Noordwijk, 50 km uit de kust","Noordwijk, 50 km uit de kust"
13826,noordwijk.70kmuitdekust,ETRS89,52.585331,3.53006,"Noordwijk, 70 km uit de kust","Noordwijk, 70 km uit de kust"
18801,noordwijk.aanzee,ETRS89,52.27761,4.454418,"Noordwijk, aan Zee","Noordwijk, aan Zee"
5985,noordwijkaanzee.boulevard,ETRS89,52.243415,4.424869,"Noordwijk aan Zee, Boulevard","Noordwijk aan Zee, Boulevard"
11506,noordwijk.meetpost,ETRS89,52.273107,4.294811,"Noordwijk, meetpost","Noordwijk, meetpost"
18758,nulderhoek,ETRS89,52.267329,5.502319,Nulderhoek,Nulderhoek
9185,numansdorp,ETRS89,51.716285,4.436327,Numansdorp,Numansdorp
16089,nunnenplaatje.zuidwest,ETRS89,51.643984,3.86726,"Nunnenplaatje, zuidwest","Nunnenplaatje, zuidwest"
6111,ochten,ETRS89,51.903374,5.563024,Ochten,Ochten
15086,oensel.hurwenensekil,ETRS89,51.811784,5.290045,"Oensel, Hurwenensekil","kilometer 932, recreatieplas"
14474,oesterdam,ETRS89,51.473934,4.227061,Oesterdam,Oesterdam
4925,oesterdam.speelmansplaten.badstrand,ETRS89,51.501648,4.18516,"Oesterdam, Speelmansplaten, badstrand","Oesterdam, Speelmansplaten, badstrand"
11223,oesterdam.westzijde.badstrand,ETRS89,51.478623,4.219455,"Oesterdam, westzijde, badstrand","Oesterdam, westzijde, badstrand"
11438,olburgen.zwarteschaar,ETRS89,52.03555,6.136088,"Olburgen, Zwarte Schaar","Olburgen, Zwarte Schaar"
14749,oldebroekerweg,ETRS89,52.461181,5.721204,Oldebroekerweg,Oldebroekertocht
15635,oliegeul,ETRS89,51.65101,3.738763,Oliegeul,Oliegeul
10870,olsterweg,ETRS89,52.486208,5.767031,Olsterweg,Oostwoldertocht
302,oolerplas,ETRS89,51.187211,5.945608,Oolerplas,Oolerplas
2779,ooltgensplaat.hellegat.badstrand,ETRS89,51.684634,4.425265,"Ooltgensplaat, Hellegat, badstrand","Ooltgensplaat, Hellegat, badstrand"
3239,oort,ETRS89,53.424277,6.242051,Oort,zuidrand Brakzand
1013,oosterdijk,ETRS89,52.750662,5.267284,Oosterdijk,Oosterdijk
13611,oosterhoofd,ETRS89,53.316607,7.014638,Oosterhoofd,Oosterhoofd
12201,oosterhout,ETRS89,51.630371,4.871365,Oosterhout,Oosterhout
17858,oosterleek,ETRS89,52.606788,5.202825,Oosterleek,Oosterleek
5261,oosterom.oost,ETRS89,53.378239,5.451069,"Oosterom, oost","Oosterom, oost"
11597,oosterschelde.4,ETRS89,51.65514,3.69342,"Oosterschelde, 4",voorheen Schaar
18283,oostfriesegaatje,ETRS89,53.375185,6.95832,Oostfriese Gaatje,Oostfriese Gaatje
544,oostfriesegaatje.midden,ETRS89,53.390853,6.990011,"Oostfriese Gaatje, midden","Oostfriese Gaatje, midden"
13791,oostfriesegaatje.noord,ETRS89,53.434134,6.916686,"Oostfriese Gaatje, noord","Oostfriese Gaatje, noord"
6921,oostkapelleduinweg.badstrand,ETRS89,51.583776,3.54112,"Oostkapelle Duinweg, badstrand","Oostkapelle Duinweg, badstrand"
4845,oostmeep,ETRS89,53.311314,5.410762,Oost Meep,Oost Meep
11035,oostmeep.oost,ETRS89,53.293331,5.446894,"Oost Meep, oost","Oost Meep, oost"
18353,oostmeep.west,ETRS89,53.322994,5.358695,"Oost Meep, west","Oost Meep, west"
13897,oostvoorne,ETRS89,51.92553,4.103611,Oostvoorne,Oostvoorne
1192,oostvoorne.badstrand,ETRS89,51.911163,4.048644,"Oostvoorne, badstrand","Oostvoorne, badstrand"
9188,opperduit.lek,ETRS89,51.8962802,4.7198061,Opperduit Lek,Opperduit Lek
1460,oranjeplaat.badstrand,ETRS89,51.51678,3.706816,"Oranjeplaat, badstrand","Oranjeplaat, badstrand"
13798,ossenisse,ETRS89,51.407884,3.966769,Ossenisse,vh Overloop van Hansweert
15535,oudbeijerland,ETRS89,51.825528,4.385572,Oud Beijerland,km 999
1357,oudbeijerland.badstrand,ETRS89,51.830109,4.395771,"Oud Beijerland, badstrand","Oud Beijerland, badstrand"
4194,ouddorp,ETRS89,51.797831,3.929932,Ouddorp,Ouddorp
9178,ouddorp.depunt.grevelingen,ETRS89,51.780095,3.885069,"Ouddorp, De Punt, Grevelingen","Ouddorp, De Punt, Grevelingen"
6633,ouddorp.diepeput,ETRS89,51.796183,3.934769,"Ouddorp, diepe put","Ouddorp, diepe put"
1725,ouddorp.strand,ETRS89,51.831487,3.925506,"Ouddorp, strand","Ouddorp, strand"
6427,oudemirdum,ETRS89,52.822004,5.467314,Oudemirdum,Oudemirdum
7101,oudemirdum.ijsselmeer.noordoost.meetpaal9,ETRS89,52.810189,5.48847,"Oudemirdum, IJsselmeer, noordoost, meetpaal 09",1000-01-01
9032,oudetonge.badstrand,ETRS89,51.676415,4.207675,"Oude-Tonge, badstrand","Oude-Tonge, badstrand"
3135,oudewestereems,ETRS89,53.496162,6.697226,Oude Westereems,Oude Westereems
3302,oudewestereems.noord,ETRS89,53.528384,6.662908,"Oude Westereems, noord","Oude Westereems, noord"
18189,oudezeug,ETRS89,52.859168,5.103472,Oude Zeug,Oude Zeug
10231,oudezeug.ijsselmeer.midden.noord.meetpaal47,ETRS89,52.91201,5.223985,"Oude Zeug, IJsselmeer , midden, noord, meetpaal 47","Oude Zeug, IJsselmeer , midden, noord, meetpaal 47"
14015,oudezeug.ijsselmeer.midden.noord.meetpaal48,ETRS89,52.87351,5.118499,"Oude Zeug, IJsselmeer , midden, noord, meetpaal 48","Oude Zeug, IJsselmeer , midden, noord, meetpaal 48"
8238,oudnaarden,ETRS89,52.324849,5.230986,Oud Naarden,Oud Naarden
401,oudvalkeveen,ETRS89,52.308327,5.193257,Oud-Valkeveen,Oud-Valkeveen
3339,ouwerkerk.hoekvanouwerkerk.badstrand,ETRS89,51.616176,3.961335,"Ouwerkerk, Hoek van Ouwerkerk, badstrand","Ouwerkerk, Hoek van Ouwerkerk, badstrand"
17470,paap,ETRS89,53.348944,6.944522,Paap,Paap
13078,pampus.oost,ETRS89,52.366482,5.087658,"Pampus, oost","Pampus, oost"
13758,pampus.west,ETRS89,52.363683,5.059078,"Pampus, west","Pampus, west"
13095,pannengat.boei1,ETRS89,53.243317,5.19098,"Pannengat, boei 1","Pannengat, boei 1"
4713,papenbeek.leukermeer.recreatiestrandvakantiepark,ETRS89,51.567382,6.062421,"Papenbeek, Leukermeer, Recreatiestrand Vakantiepark","Papenbeek, Leukermeer, Recreatiestrand Vakantiepark"
16489,papendrecht,ETRS89,51.822533,4.723611,Papendrecht,km 972.5
14888,pasvanrilland.boei81a,ETRS89,51.380516,4.211838,"Pas van Rilland, boei 81A","Pas van Rilland, boei 81A"
4117,pauluszand,ETRS89,51.762329,4.860298,Pauluszand,Pauluszand
8890,perkpolder.badstrand,ETRS89,51.401619,4.016338,"Perkpolder, badstrand","Perkpolder, badstrand"
11441,pernis,ETRS89,51.896583,4.390528,Pernis,km 1008
4335,petten.5kmuitdekust,ETRS89,52.831866,4.615138,"Petten, 5 km uit de kust","Petten, 5 km uit de kust"
14399,petten.strand,ETRS89,52.775785,4.661061,"Petten, strand","Petten, strand"
7998,philipsdam.oost,ETRS89,51.661678,4.195802,"Philipsdam, oost","Philipsdam, oost"
6026,philipsdam.west,ETRS89,51.665512,4.149443,"Philipsdam, west","Philipsdam, west"
5600,pieterburenwad,ETRS89,53.457101,6.453042,Pieterburenwad,1
6660,plaatvanoudetonge.oost,ETRS89,51.672527,4.13955,"Plaat van Oude Tonge, oost","Plaat van Oude Tonge, oost"
2101,plasvanwijck.heteren,ETRS89,51.963229,5.752846,"Plas van Wijck, Heteren","Plas van Wijck, Heteren"
15437,plaswrceijsden,ETRS89,50.818162,5.699367,Plas WRC Eijsden,Hoge Weerd
10345,plaswrceijsden.oostmaarland.noord,ETRS89,50.807845,5.705312,"Plas WRC Eijsden, Oost Maarland, noord","Plas WRC Eijsden, Oost Maarland, noord"
9402,poeldonk.dungensebrug,ETRS89,51.680673,5.368564,"Poeldonk, Dungense Brug","Poeldonk, Dungense Brug"
11136,poortershaven.ro,ETRS89,51.940318,4.202026,"Poortershaven, ro",km 1023.1
15282,poortugaal,ETRS89,51.842247,4.396084,Poortugaal,km 998
3376,portaisola,ETRS89,51.134037,5.855281,Porta Isola,Porta Isola
14289,pottengat,ETRS89,52.637245,5.323093,Pottengat,Pottengat
7651,puttershoek,ETRS89,51.811648,4.565993,Puttershoek,Puttershoek
17764,q1.1,ETRS89,52.925335,4.150361,Q1 platform,Q1 platform
10672,raamsdonksveer,ETRS89,51.681731,4.877359,Raamsdonksveer,Donge
7698,raamsdonkveerbrughillen,ETRS89,51.682081,4.855087,Raamsdonkveer brug Hillen,Raamsdonkveer brug Hillen
8537,ramsdiep,ETRS89,52.630065,5.931705,Ramsdiep,kilometer 10
1239,ramspolbrug.ramsdiep,ETRS89,52.612666,5.841944,"Ramspolbrug, Ramsdiep","Ramspolbrug, Ramsdiep"
6604,ranselgat,ETRS89,53.527608,6.723824,Ranselgat,Ranselgat
4796,ranselgat.zuid,ETRS89,53.493937,6.810293,"Ranselgat, zuid","Ranselgat, zuid"
7556,ravenswaay.beneden,ETRS89,51.946648,5.376294,"Ravenswaay, beneden",ARK km 63.5
1854,recreatiegebiedmookerplas,ETRS89,51.732233,5.929823,Recreatiegebied Mookerplas,Recreatiegebied Mookerplas
1086,recreatiegebieduiterdijkschellinkhout,ETRS89,52.63273,5.120501,Recreatiegebied Uiterdijk Schellinkhout,Recreatiegebied Uiterdijk Schellinkhout
18408,recreatieoordveluwestrandbad,ETRS89,52.453215,5.821841,Recreatieoord Veluwe Strandbad,Recreatieoord Veluwe Strandbad
12629,recreatieparkdescherpenhof,ETRS89,52.298177,6.099814,Recreatiepark De Scherpenhof,Recreatiepark De Scherpenhof
11279,recreatieterreinhellegatsplein,ETRS89,51.705842,4.398554,Recreatieterrein Hellegatsplein,Recreatieterrein Hellegatsplein
71,redichemsewaard,ETRS89,51.975318,5.238752,Redichemse Waard,recreatieplas
8938,reevediep,ETRS89,52.527562,5.893674,Reevediep,Reevediep
2107,renesse.badstrand.j.vanrenessewegbadstrand,ETRS89,51.74224,3.763166,"Renesse, badstrand, J. van Renesseweg badstrand","Renesse, badstrand, J. van Renesseweg badstrand"
5356,renesse.badstrand.luieweg,ETRS89,51.739668,3.750863,"Renesse, badstrand, Luieweg","Renesse, badstrand, Luieweg"
3223,reve,ETRS89,52.517857,5.860605,Reve,Reve
14739,rhederlaag.bahrschestrand,ETRS89,51.987341,6.041818,"Rhederlaag, Bahrsche Strand","Rhederlaag, Bahrsche Strand"
3603,rhederlaag.giesekop,ETRS89,51.992371,6.058402,"Rhederlaag, Giese Kop","Rhederlaag, Giese Kop"
3980,rhederlaag.lathumsehoek,ETRS89,51.988441,6.037961,"Rhederlaag, Lathumse Hoek",recreatieplas
5078,rhederlaag.noordoever,ETRS89,52.002495,6.046758,"Rhederlaag, Noordoever","Rhederlaag, Noordoever"
6342,rietplaat,ETRS89,51.747494,4.776338,Rietplaat,Rietplaat
14321,rietplaat.badstrand,ETRS89,51.748397,4.776977,"Rietplaat, badstrand","Rietplaat, badstrand"
16119,rietweg,ETRS89,52.435452,5.566606,Rietweg,Larsertocht
777,rilland.antwerpskanaalpand,ETRS89,51.405709,4.237887,"Rilland, Antwerps kanaalpand",linker oever km 1042
10722,rilland.bath,ETRS89,51.39878,4.21014,"Rilland, Bath","Rilland, Bath"
15560,rilland.bathsebrug,ETRS89,51.42503,4.231181,"Rilland, Bathsebrug",voorheen Kreekrakbrug spuikanaal
8849,rilland.bathsespuikanaal.inloop,ETRS89,51.46291,4.22577,"Rilland, Bathse Spuikanaal, inloop","Rilland, Bathse Spuikanaal, inloop"
6423,ritthem.fortrammekens.badstrand,ETRS89,51.451945,3.656545,"Ritthem, Fort Rammekens, badstrand","Ritthem, Fort Rammekens, badstrand"
3568,rivierabeach.noord,ETRS89,52.448052,5.805669,"Riviera Beach, noord","Riviera Beach, noord"
12357,rivierabeach.zuid,ETRS89,52.442927,5.800884,"Riviera Beach, Zuid","Riviera Beach, Zuid"
12358,robbenplaat,ETRS89,53.435463,6.893198,Robbenplaat,Robbenplaat
13319,rockanje.2eslag,ETRS89,51.867792,4.048874,"Rockanje, 2e Slag","Rockanje, 2e Slag"
7709,roermond,ETRS89,51.196378,5.982344,Roermond,monding van de Roer
14989,roermond.beneden,ETRS89,51.213466,5.980419,"Roermond, beneden","Roermond, beneden"
8778,roermond.boven,ETRS89,51.2005,5.9815,"Roermond, boven","Roermond, boven"
5303,roermond.deweerd.noorderplas,ETRS89,51.208666,5.969767,"Roermond, De Weerd, noorderplas",dagstrand
530,roermond.doevesbeemd.noord,ETRS89,51.208545,5.976062,"Roermond, Doevesbeemd, noord",camping van Ass
824,roermond.doevesbeemd.noord.2,ETRS89,51.207193,5.97676,"Roermond, Doevesbeemd, noord, 2",campings
18132,roermond.doevesbeemd.west,ETRS89,51.208435,5.976361,"Roermond, Doevesbeemd, west",camping Hermans
9827,roermond.recreatiestrandcampinghatenboer,ETRS89,51.195627,5.97448,"Roermond, Recreatiestrand Camping Hatenboer","Roermond, Recreatiestrand Camping Hatenboer"
17454,roermond.resortmarinaoolderhuuske.recreatiestrand,ETRS89,51.190285,5.954914,"Roermond, Resort Marina Oolderhuuske, recreatiestrand","Roermond, Resort Marina Oolderhuuske, recreatiestrand"
12406,roermond.stuw.boven,ETRS89,51.21073,5.982902,"Roermond, stuw, boven","Roermond, stuw, boven"
16226,roggenplaatgeulwest,ETRS89,51.645561,3.760565,Roggenplaat geul west,Roggenplaat geul west
12234,roptazijl,ETRS89,53.210131,5.4369,Roptazijl,Roptazijl
15458,rotterdam.brienenoordbrug,ETRS89,51.90525,4.542468,"Rotterdam, Brienenoordbrug",rechter oever kilometer 995.2
18180,rotterdam.lekhaven,ETRS89,51.904099,4.429597,"Rotterdam, Lekhaven",rechter oever km 1005.2
3003,rotterdam.nieuwemaas.boerengat,ETRS89,51.9184,4.5003,"Rotterdam, Nieuwe Maas, Boerengat","Rotterdam, Nieuwe Maas, Boerengat"
12741,rotterdamsehoek,ETRS89,52.760831,5.533865,Rotterdamse Hoek,Rotterdamse Hoek
4069,rotterdamsehoek.ijsselmeer,ETRS89,52.748722,5.552,Rotterdamsehoek IJsselmeer,Rotterdamsehoek IJsselmeer
16247,runderweg,ETRS89,52.519541,5.524222,Runderweg,Oostervaart
10953,saeftinge.boei76,ETRS89,51.367093,4.217928,"Saeftinge, boei 76","Saeftinge, boei 76"
10565,sambeek.beneden,ETRS89,51.6458,5.972,"Sambeek, beneden","Sambeek, beneden"
1214,sambeek.boven,ETRS89,51.63225,6.0036,"Sambeek, boven","Sambeek, boven"
11432,sasvangent,ETRS89,51.230267,3.807499,Sas van Gent,noordzijde brug
13972,sasvangent.grens,ETRS89,51.210291,3.802218,"Sas van Gent, grens","Sas van Gent, grens"
14116,schaar.stroomgat,ETRS89,51.65163,3.09968,Schaar Stroomgat,Schaar Stroomgat
13906,schaarvanoudendoel,ETRS89,51.350292,4.250659,Schaar van Ouden Doel,Schaar van Ouden Doel
15310,schaarvanspijkerplaat.vlissingen,ETRS89,51.429896,3.631034,"Schaar van Spijkerplaat, Vlissingen","Schaar van Spijkerplaat, Vlissingen"
1625,schaarvanwaarde.boeisvw3,ETRS89,51.414287,4.038815,"Schaar van Waarde, boei SVW3","Schaar van Waarde, boei SVW3"
14943,scharendijke.diepeput,ETRS89,51.742883,3.848149,"Scharendijke, diepe put","Scharendijke, diepe put"
7308,scharendijke.ellemeetbadstrand,ETRS89,51.740741,3.818102,"Scharendijke, Ellemeet badstrand","Scharendijke, Ellemeet badstrand"
7611,scharendijke.repart,ETRS89,51.739664,3.831751,"Scharendijke, Repart","Scharendijke, Repart"
16734,scheelhoek,ETRS89,51.812052,4.080231,Scheelhoek,Scheelhoek
18144,schellingwoude,ETRS89,52.342823,4.996866,Schellingwoude,Schellingwoude
15515,schellinkhouterdijk.hoorn,ETRS89,52.641219,5.077931,"Schellinkhouterdijk, Hoorn","Schellinkhouterdijk, Hoorn"
6615,schenkeldijk,ETRS89,51.744218,4.630642,Schenkeldijk,kilometer 986
8652,scheurwest,ETRS89,51.40926,3.269829,Scheur west,Scheur west
11304,scheveningen.buitenhaven,ETRS89,52.098721,4.258827,"Scheveningen, buitenhaven","Scheveningen, buitenhaven"
5912,scheveningen.gemaalschouteverversingskanaal,ETRS89,52.089999,4.267029,"Scheveningen, Gemaal Schoute verversingskanaal","Scheveningen, Gemaal Schoute verversingskanaal"
18348,scheveningen.noorderstrand,ETRS89,52.111263,4.273329,"Scheveningen, Noorderstrand","Scheveningen, Noorderstrand"
5833,scheveningen.vuurtorenbadstrand,ETRS89,52.109391,4.265492,"Scheveningen, vuurtoren badstrand","Scheveningen, vuurtoren badstrand"
15192,scheveningen.zuiderstrand,ETRS89,52.091658,4.246922,"Scheveningen, Zuiderstrand","Scheveningen, Zuiderstrand"
7145,scheveningen.zwartepad,ETRS89,52.122688,4.293488,"Scheveningen, Zwarte Pad","Scheveningen, Zwarte Pad"
11168,schiermonnikoog.eilanderbalg,ETRS89,53.474708,6.335251,Schiermonnikoog.Eilanderbalg,Schiermonnikoog.Eilanderbalg
11255,schiermonnikoog.noord,ETRS89,53.594837,6.165377,"Schiermonnikoog, noord","Schiermonnikoog, noord"
2297,schiermonnikoog.waddenzee,ETRS89,53.468937,6.202908,"Schiermonnikoog, Waddenzee","Schiermonnikoog, Waddenzee"
8407,schokkerhaven,ETRS89,52.608294,5.754798,Schokkerhaven,Schokkerhaven
11533,schokkerhaven.strand,ETRS89,52.612048,5.7438,"Schokkerhaven, strand","Schokkerhaven, strand"
1055,schore,ETRS89,52.957356,4.9445,Schore,Schore
3951,schoreloswal,ETRS89,51.462993,4.006431,Schore loswal,Schore loswal
14206,schotsmancampenswegbadstrand,ETRS89,51.574656,3.649992,Schotsman Campensweg badstrand,Schotsman Campensweg badstrand
13083,schouwen.10kmuitdekust,ETRS89,51.719192,3.493973,"Schouwen, 10 km uit de kust","Schouwen, 10 km uit de kust"
17723,schouwen.1kmuitdekust,ETRS89,51.665744,3.593157,"Schouwen, 1 km uit de kust","Schouwen, 1 km uit de kust"
18216,schouwen.20kmuitdekust,ETRS89,51.778637,3.385635,"Schouwen, 20 km uit de kust","Schouwen, 20 km uit de kust"
14890,schouwen.30kmuitdekust,ETRS89,51.839054,3.2732,"Schouwen, 30 km uit de kust","Schouwen, 30 km uit de kust"
10880,schouwen.4kmuitdekust,ETRS89,51.682408,3.561489,"Schouwen, 4 km uit de kust","Schouwen, 4 km uit de kust"
2182,schouwen.50kmuitdekust,ETRS89,51.954042,3.056841,"Schouwen, 50 km uit de kust","Schouwen, 50 km uit de kust"
12066,schouwen.70kmuitdekust,ETRS89,52.073475,2.829111,"Schouwen, 70 km uit de kust","Schouwen, 70 km uit de kust"
16452,schuitengatii,ETRS89,53.354598,5.219007,Schuitengat II,Schuitengat II
10645,schulpengatii,ETRS89,52.937577,4.679524,Schulpengat II,Schulpengat II
9870,schuwacht.lek,ETRS89,51.8906101,4.6566256,"Schuwacht, Lek","Schuwacht, Lek"
15230,sgravenmoer,ETRS89,51.657249,4.934864,sgravenmoer,Donge
16754,sintannaland.badstrand,ETRS89,51.606822,4.104683,"Sint Annaland, Badstrand","Sint Annaland, Badstrand"
12830,sintmaartensdijk.muiepolder.badstrand,ETRS89,51.536551,4.062721,"Sint Maartensdijk, Muiepolder, badstrand","Sint Maartensdijk, Muiepolder, badstrand"
5177,sintmaartenszee,ETRS89,52.793817,4.670695,Sint Maartenszee,Sint Maartenszee
17789,sintphilipsland.badstrand,ETRS89,51.616741,4.170557,"Sint Philipsland, badstrand","Sint Philipsland, badstrand"
4725,sintphilipsland.slaak.noord,ETRS89,51.65423,4.15386,Sint Philipsland Slaak noord,OB1
9166,sintphilipsland.slaak.oost,ETRS89,51.6442,4.17166,Sint Philipsland Slaak oost,OM3
11592,sintphilipsland.slaak.zuid,ETRS89,51.65136,4.15109,Sint Philipsland Slaak zuid,OM2
10224,slijkgat.boeisg14,ETRS89,51.85406,3.987501,"Slijkgat, boei SG14","Slijkgat, boei SG14"
12267,slijkgat.boeisg18,ETRS89,51.865869,3.993148,"Slijkgat, boei SG18","Slijkgat, boei SG18"
3137,slikkenvanflakkee,ETRS89,51.751905,4.018143,Slikken van Flakkee,Slikken van Flakkee
16187,slikkerveer,ETRS89,51.892348,4.602728,Slikkerveer,kilometer 990.5
15073,slobbeland.volendam,ETRS89,52.491908,5.0721,"Slobbeland, Volendam","Slobbeland, Volendam"
1213,sluis,ETRS89,51.309178,3.382084,Sluis,Sluis
9162,soelekerkepolder.oost,ETRS89,51.542206,3.730818,"Soelekerkepolder, oost","Soelekerkepolder, oost"
17550,spaarndam.zijkanaalc,ETRS89,52.420077,4.693508,"Spaarndam, Zijkanaal C","Spaarndam, Zijkanaal C"
2015,spakenburg,ETRS89,52.26069,5.388669,Spakenburg,Spakenburg
8556,spakenburg.recreatieparktkleinezeetje,ETRS89,52.260105,5.375501,"Spakenburg, Recreatiepark 't Kleine Zeetje","Spakenburg, Recreatiepark 't Kleine Zeetje"
9905,spijkenisse.beerenplaat,ETRS89,51.839573,4.420907,"Spijkenisse, Beerenplaat",linker oever km 996.1
2611,spijkenisse.oudemaas.brug,ETRS89,51.859612,4.33986,"Spijkenisse, Oude Maas, Brug","voorheen Spijkenissebrug westelijke doorvaart, km1002.6"
12122,spruit,ETRS89,53.511134,6.439312,Spruit,Spruit
3669,spuigoudswaard,ETRS89,51.803243,4.27938,Spui Goudswaard,Spui Goudswaard
98,stadaantharingvliet.drinkwaterinnnamepunt,ETRS89,51.752834,4.223002,"Stad aan het Haringvliet, drinkwaterinnnamepunt","Stad aan het Haringvliet, drinkwaterinnnamepunt"
11920,stadaantharingvliet.strand,ETRS89,51.744927,4.241611,"Stad aan het Haringvliet, strand","Stad aan het Haringvliet, strand"
11898,stampersplaat.noord,ETRS89,51.753087,3.944539,"Stampersplaat, noord","Stampersplaat, noord"
16127,stavenisse.badstrand,ETRS89,51.593832,4.003615,"Stavenisse, badstrand","Stavenisse, badstrand"
7569,stavenisse.keeten,ETRS89,51.60037,4.015242,"Stavenisse, keeten","Stavenisse, keeten"
15172,stavoren.gemaalhoogland.buiten,ETRS89,52.87793,5.36396,Stavoren gemaal Hoogland buiten,Stavoren gemaal Hoogland buiten
3908,stavoren.ijsselmeer,ETRS89,52.853469,5.32634,Stavoren IJsselmeer,Stavoren IJsselmeer
8781,stavoren.itsuderstrand,ETRS89,52.872139,5.370067,"Stavoren, It Suderstrand","Stavoren, It Suderstrand"
5779,steenbergen.roosendaalsevliet,ETRS89,51.641197,4.242284,"Steenbergen, Roosendaalsevliet","Steenbergen, Roosendaalsevliet"
17485,steilebank,ETRS89,52.828102,5.629536,Steile Bank,Steile Bank
12257,stellendam.binnen,ETRS89,51.826694,4.050028,"Stellendam, binnen","Stellendam, binnen"
13738,stellendam.buiten,ETRS89,51.8317,4.042533,"Stellendam, buiten",meetboei
16018,stellendam.recreatieterreinrws,ETRS89,51.823716,4.044816,"Stellendam, recreatieterrein RWS","Stellendam, recreatieterrein RWS"
10326,stellendam.zuiderdiep,ETRS89,51.804103,4.056826,"Stellendam, Zuiderdiep","Stellendam, Zuiderdiep"
1635,stevensweert,ETRS89,51.131088,5.841665,Stevensweert,Stevensweert
16901,stevensweert.brandt.huiskensplas,ETRS89,51.138721,5.859473,"Stevensweert, Brandt, Huiskensplas",dagstrand
14219,stevensweert.eiland.dekis,ETRS89,51.137182,5.857728,"Stevensweert, Eiland, De Kis",dagstrand
3987,steyl,ETRS89,51.33536,6.116676,Belfeld beneden,"km 102,697"
17591,stortemelk,ETRS89,53.338992,5.055312,Stortemelk,Stortemelk
994,strandeilandvanmaurik,ETRS89,51.975226,5.421463,Strand Eiland van Maurik,Strand Eiland van Maurik
4781,strandnieuwkamperhoek,ETRS89,52.601666,5.647846,Strand Nieuw kamperhoek,Strand Nieuw kamperhoek
11446,strandnulde,ETRS89,52.271904,5.548364,Strand Nulde,Strand Nulde
11049,strandrcn,ETRS89,52.309816,5.546889,Strand RCN,Strand RCN
10262,strandschardam,ETRS89,52.593706,5.021697,Strand Schardam,Strand Schardam
8000,strandstaversekade,ETRS89,52.659846,5.594348,Strand Staversekade,Strand Staversekade
12858,streefkerk.lek,ETRS89,51.9047846,4.7393118,"Streefkerk, Lek","Streefkerk, Lek"
7505,surfstrandalmere,ETRS89,52.335004,5.205274,Surfstrand Almere,Surfstrand Almere
12925,suurhofbrug,ETRS89,51.938523,4.08346,Suurhofbrug,Suurhofbrug
12845,suurhofbrug.noordzijde,ETRS89,51.937687,4.107234,"Suurhofbrug, noordzijde","Suurhofbrug, noordzijde"
7109,swifterbant.ketelmeer,ETRS89,52.6055,5.6455,"Swifterbant, Ketelmeer","voorheen Ketelmeer, west"
17661,swifterweg,ETRS89,52.460358,5.693242,Swifterweg,Hoge Vaart
1152,terheijde.10kmuitdekust,ETRS89,52.109016,4.087249,"Ter Heijde, 10 km uit de kust","Ter Heijde, 10 km uit de kust"
16490,terheijde.1kmuitdekust,ETRS89,52.045696,4.168627,"Ter Heijde, 1 km uit de kust","Ter Heijde, 1 km uit de kust"
1495,terheijde.20kmuitdekust,ETRS89,52.182537,3.992029,"Ter Heijde, 20 km uit de kust","Ter Heijde, 20 km uit de kust"
15217,terheijde.2kmuitdekust,ETRS89,52.052354,4.159742,"Ter Heijde, 2 km uit de kust","Ter Heijde, 2 km uit de kust"
18183,terheijde.30kmuitdekust,ETRS89,52.253171,3.899781,"Ter Heijde, 30 km uit de kust","Ter Heijde, 30 km uit de kust"
15943,terheijde.4kmuitdekust,ETRS89,52.066247,4.141421,"Ter Heijde, 4 km uit de kust","Ter Heijde, 4 km uit de kust"
4688,terheijde.50kmuitdekust,ETRS89,52.344824,3.643155,"Ter Heijde, 50 km uit de kust","Ter Heijde, 50 km uit de kust"
17163,terheijde.70kmuitdekust,ETRS89,52.433981,3.389857,"Ter Heijde, 70 km uit de kust","Ter Heijde, 70 km uit de kust"
9877,termunten.zeestrand,ETRS89,53.302878,7.031538,"Termunten, zeestrand","Termunten, zeestrand"
6191,terneuzen.boei20,ETRS89,51.346537,3.825487,"Terneuzen, boei 20","Terneuzen, boei 20"
18497,terneuzen.goesekade,ETRS89,51.319879,3.82195,"Terneuzen, Goese Kade","Terneuzen, Goese Kade"
2792,terneuzen.landtong,ETRS89,51.322031,3.824889,"Terneuzen, landtong","Terneuzen, landtong"
13892,terneuzen.sluiskilbrug,ETRS89,51.294,3.8354,"Terneuzen, Sluiskilbrug","Terneuzen, Sluiskilbrug"
1361,terneuzen.westsluis.buiten,ETRS89,51.337472,3.812564,"Terneuzen, westsluis, buiten","Terneuzen, westsluis, buiten"
5967,terneuzen.westsluis.kanaalzijde,ETRS89,51.324309,3.819115,"Terneuzen, westsluis, kanaalzijde","Terneuzen, westsluis, kanaalzijde"
6240,terschelling.100kmuitdekust,ETRS89,54.148726,4.34059,"Terschelling, 100 km uit de kust","Terschelling, 100 km uit de kust"
2110,terschelling.10kmuitdekust,ETRS89,53.460377,5.09952,"Terschelling, 10 km uit de kust","Terschelling, 10 km uit de kust"
2686,terschelling.135kmuitdekust,ETRS89,54.414843,4.03974,"Terschelling, 135 km uit de kust","Terschelling, 135 km uit de kust"
12743,terschelling.175kmuitdekust,ETRS89,54.718461,3.690277,"Terschelling, 175 km uit de kust","Terschelling, 175 km uit de kust"
17380,terschelling.20kmuitdekust,ETRS89,53.536359,5.02044,"Terschelling, 20 km uit de kust","Terschelling, 20 km uit de kust"
9639,terschelling.235kmuitdekust,ETRS89,55.171526,3.156081,"Terschelling, 235 km uit de kust","Terschelling, 235 km uit de kust"
14075,terschelling.30kmuitdekust,ETRS89,53.612733,4.939633,"Terschelling, 30 km uit de kust","Terschelling, 30 km uit de kust"
14914,terschelling.40kmuitdekust,ETRS89,53.689154,4.853131,"Terschelling, 40 km uit de kust","Terschelling, 40 km uit de kust"
6942,terschelling.4kmuitdekust,ETRS89,53.414543,5.149245,"Terschelling, 4 km uit de kust","Terschelling, 4 km uit de kust"
11210,terschelling.50kmuitdekust,ETRS89,53.766773,4.765613,"Terschelling, 50 km uit de kust","Terschelling, 50 km uit de kust"
13595,terschelling.60kmuitdekust,ETRS89,53.843327,4.687311,"Terschelling, 60 km uit de kust","Terschelling, 60 km uit de kust"
16380,terschelling.70kmuitdekust,ETRS89,53.921038,4.608012,"Terschelling, 70 km uit de kust","Terschelling, 70 km uit de kust"
1502,terschelling.badstrandwestaanzee,ETRS89,53.405252,5.251798,"Terschelling, Badstrand West aan Zee","Terschelling, Badstrand West aan Zee"
14709,terschelling.west,ETRS89,53.363045,5.220026,"Terschelling, west","Terschelling, west"
2815,texelstroom,ETRS89,53.019577,4.824649,Texelstroom,Texelstroom
15450,tholen.nieuwehaven.boeinh7,ETRS89,51.512748,4.215928,"Tholen, Nieuwe Haven, boei NH7","Tholen, Nieuwe Haven, boei NH7"
9271,thorn.degrotehegge,ETRS89,51.155656,5.843738,"Thorn, De Grote Hegge",dagstrand
11788,tullentwaal.oost,ETRS89,51.994208,5.140409,"Tull en 't Waal, oost","Tull en 't Waal, oost"
13468,tullentwaal.west,ETRS89,51.997563,5.133401,"Tull en 't Waal, west","Tull en 't Waal, west"
4650,twenthekanaal.hoofdkanaalkm14p000,ETRS89,52.166707,6.390405,"Twenthekanaal, Hoofdkanaal km. 14.000",Exelsebrug
382,twenthekanaal.hoofdkanaalkm28p100,ETRS89,52.221655,6.565323,"Twenthekanaal, Hoofdkanaal km. 28.100",Molenbeek
18674,twenthekanaal.hoofdkanaalkm41p210,ETRS89,52.251409,6.746751,"Twenthekanaal, Hoofdkanaal km. 41.210",Oelerbeek
11059,uitdam,ETRS89,52.420992,5.117749,Uitdam,Uitdam
4446,uitdam.strand,ETRS89,52.424191,5.07342,"Uitdam, strand","Uitdam, strand"
1771,uithuizerwad,ETRS89,53.466778,6.749939,Uithuizerwad,"voorheen Uithuizerwad, 1"
5067,urk,ETRS89,52.65882,5.599885,Urk,Urk
16029,urk.dijkstrand,ETRS89,52.663389,5.59259,"Urk, dijkstrand","Urk, dijkstrand"
2113,urk.ijsselmeer.oost.meetpaal2,ETRS89,52.748351,5.559,"Urk, IJsselmeer, oost, meetpaal 02","Urk, IJsselmeer, oost, meetpaal 02"
17603,urk.ijsselmeer.zuid.meetpaal46,ETRS89,52.71,5.4929,"Urk, IJsselmeer, zuid, meetpaal 46","Urk, IJsselmeer, zuid, meetpaal 46"
16144,urmond,ETRS89,50.99143,5.768904,Urmond,monding van de Ur
18266,vaarwaterlangshoofdplaat,ETRS89,51.377457,3.672677,Vaarwater langs Hoofdplaat,Vaarwater langs Hoofdplaat
11948,valkenburg,ETRS89,52.168377,4.403757,Valkenburg,Valkenburg
4332,valkenisse.boei65,ETRS89,51.370508,4.114792,"Valkenisse, boei 65","Valkenisse, boei 65"
5387,valvanurk,ETRS89,52.653881,5.53868,Val van Urk,Val van Urk
1114,veen,ETRS89,51.780042,5.111874,Veen,Afgedamde Maas
6623,veere,ETRS89,51.542099,3.667385,Veere,Veere
7005,veere.havenmond,ETRS89,51.548295,3.673062,"Veere, havenmond","Veere, havenmond"
7981,veere.schutsluis,ETRS89,51.540751,3.667436,"Veere, schutsluis","Veere, schutsluis"
7932,veersegat.dam,ETRS89,51.575778,3.634799,"Veersegat, dam","Veersegat, dam"
5760,veersegat.dam.meerzijde.badstrand,ETRS89,51.583228,3.628017,"Veersegat, Dam, meerzijde, badstrand","Veersegat, Dam, meerzijde, badstrand"
1471,veersemeer.deelgebied,ETRS89,51.532006,3.715334,"Veerse Meer, deelgebied","Veerse Meer, deelgebied"
5113,velp,ETRS89,51.99176,6.005978,Velp,Velp
3333,velsen.velserkom,ETRS89,52.467611,4.623665,Velserkom,Velserkom
18841,velsenzuid.spaarndammerpolder,ETRS89,52.441489,4.69707,"Velsen-Zuid, Spaarndammerpolder","Velsen-Zuid, Spaarndammerpolder"
14180,veluwemeer.midden,ETRS89,52.400648,5.677842,"Veluwemeer, midden",zwaartepunt Veluwemeer
8690,vianen,ETRS89,51.995281,5.098542,Vianen,Vianen
8760,vlaardingen,ETRS89,51.899639,4.349048,Vlaardingen,Vlaardingen
3499,vlaktevanderaan,ETRS89,51.503721,3.242164,Vlakte van de Raan,Vlakte van de Raan
12849,vlieland.badstrandtbadhuis,ETRS89,53.304982,5.051838,"Vlieland, Badstrand 't Badhuis","Vlieland, Badstrand 't Badhuis"
12396,vlieland.jachthaven,ETRS89,53.296034,5.089957,"Vlieland, jachthaven","Vlieland, jachthaven"
10246,vliestroom,ETRS89,53.313348,5.159904,Vliestroom,Vliestroom
15655,vliestroom.zuid,ETRS89,53.262154,5.172012,"Vliestroom, zuid","Vliestroom, zuid"
5811,vlissingen,ETRS89,51.442,3.6,Vlissingen,Vlissingen
9327,vlissingen.boeissvh,ETRS89,51.411991,3.565619,"Vlissingen, boei SSVH","Vlissingen, boei SSVH"
11648,vlissingen.keersluisbrug,ETRS89,51.449528,3.585989,"Vlissingen, keersluisbrug","Vlissingen, keersluisbrug"
17057,vlissingen.nollebadstrand,ETRS89,51.450223,3.549845,"Vlissingen, Nolle badstrand","Vlissingen, Nolle badstrand"
9020,vlissingen.roeiershoofd,ETRS89,51.441353,3.574803,"Vlissingen, Roeiershoofd","Vlissingen, Roeiershoofd"
17870,vlodrop,ETRS89,51.133844,6.082115,Vlodrop,Roer
10735,volkerak.meetplaats2,ETRS89,51.661054,4.357414,"Volkerak, meetplaats 02","Volkerak, meetplaats 02"
14646,vooroeverandijkkoopmanspolder,ETRS89,52.74069,5.178394,Vooroever Andijk Koopmanspolder,Vooroever Andijk Koopmanspolder
3814,vossemeerdijkkm0p3,ETRS89,52.547011,5.854166,Vossemeerdijk km 0.3,Vossemeerdijk km 0.3
16633,vrouwenpolder,ETRS89,51.564896,3.640556,Vrouwenpolder,Vrouwenpolder
4743,vrouwenpolder.breezand.badstrand,ETRS89,51.590031,3.620104,"Vrouwenpolder, Breezand, badstrand","Vrouwenpolder, Breezand, badstrand"
6872,vrouwezand,ETRS89,52.810348,5.393138,Vrouwezand,Vrouwezand
9954,vrouwezand.meetpaal,ETRS89,52.810405,5.487566,"Vrouwezand, meetpaal",Friese kust
14333,vuursteenweg,ETRS89,52.576504,5.596685,Vuursteenweg,Noordertocht
4167,vuurtorenbadstrandhellevoetsluis,ETRS89,51.821299,4.124278,Vuurtoren Badstrand Hellevoetsluis,Vuurtoren Badstrand Hellevoetsluis
3382,waddenzee.ra,ETRS89,53.479134,6.663717,"Waddenzee, Ra","Waddenzee, Ra"
4762,walcheren.10kmuitdekust,ETRS89,51.596303,3.326519,"Walcheren, 10 km uit de kust","Walcheren, 10 km uit de kust"
17510,walcheren.1kmuitdekust,ETRS89,51.560753,3.421511,"Walcheren, 1 km uit de kust","Walcheren, 1 km uit de kust"
17940,walcheren.20kmuitdekust,ETRS89,51.657798,3.219245,"Walcheren, 20 km uit de kust","Walcheren, 20 km uit de kust"
133,walcheren.2kmuitdekust,ETRS89,51.548074,3.409531,"Walcheren, 2 km uit de kust","Walcheren, 2 km uit de kust"
15240,walcheren.30kmuitdekust,ETRS89,51.717521,3.112297,"Walcheren, 30 km uit de kust","Walcheren, 30 km uit de kust"
4119,walcheren.4kmuitdekust,ETRS89,51.560752,3.391791,"Walcheren, 4 km uit de kust","Walcheren, 4 km uit de kust"
17026,walcheren.50kmuitdekust,ETRS89,51.839189,2.895343,"Walcheren, 50 km uit de kust","Walcheren, 50 km uit de kust"
938,walcheren.70kmuitdekust,ETRS89,51.956135,2.677835,"Walcheren, 70 km uit de kust","Walcheren, 70 km uit de kust"
5506,warder,ETRS89,52.565916,5.032915,Warder,Warder
5432,waspik,ETRS89,51.682803,4.918703,Waspik,Donge
4648,wassenaarseslag,ETRS89,52.163438,4.346716,Wassenaarseslag,Wassenaarseslag
8251,waterlandstrandhemmelandmonnickendam,ETRS89,52.455111,5.048647,Waterlandstrand Hemmeland Monnickendam,Waterlandstrand Hemmeland Monnickendam
127,watersportcentrumdebijland,ETRS89,51.865106,6.079573,Watersportcentrum De Bijland,Watersportcentrum De Bijland
6822,weesp.vecht,ETRS89,52.309726,5.047892,"Weesp, Vecht","Weesp, Vecht"
2986,well.badstrand,ETRS89,51.747529,5.185952,"Well, badstrand","Well, badstrand"
6311,wellseind,ETRS89,51.748013,5.185052,Wellseind,Oude arm van de afgedamde Maas
5864,wemeldinge.badstrand,ETRS89,51.521166,3.999621,"Wemeldinge, badstrand","Wemeldinge, badstrand"
8901,wemeldinge.oudesluizen,ETRS89,51.524093,4.003855,"Wemeldinge, oude sluizen","Wemeldinge, oude sluizen"
8567,wessem.molengreend,ETRS89,51.162629,5.89613,"Wessem, Molengreend","Wessem, Molengreend"
3830,wessem.recreatiestrandcomfortparcwessem,ETRS89,51.153627,5.872004,"Wessem, Recreatiestrand Comfortparc Wessem","Wessem, Recreatiestrand Comfortparc Wessem"
16702,westereems.west,ETRS89,53.618056,6.366667,"Westereems, west","Westereems, west"
4447,westerhoofd,ETRS89,53.320224,6.994933,Westerhoofd,Westerhoofd
5197,westerschouwen.rotondebadstrand,ETRS89,51.669637,3.702156,"Westerschouwen, Rotonde badstrand","Westerschouwen, Rotonde badstrand"
14107,westhaven.2,ETRS89,52.403806,4.819536,"Westhaven, 2","Westhaven, 2"
3508,westkapelle.erikabadstrand,ETRS89,51.52402,3.437903,"Westkapelle, Erika badstrand","Westkapelle, Erika badstrand"
10116,westkomscheurrak,ETRS89,53.105921,5.08703,Westkom - Scheurrak,Westkom - Scheurrak
839,westmeep,ETRS89,53.2883,5.229012,West Meep,West Meep
4105,westmeep.west,ETRS89,53.288682,5.184026,"West Meep, west","West Meep, west"
12964,westnieuwland,ETRS89,51.785765,3.86466,West Nieuwland,West Nieuwland
16762,westrepart.badstrand,ETRS89,51.739264,3.828724,"West Repart, badstrand","West Repart, badstrand"
14541,westzaan,ETRS89,52.427822,4.764255,Westzaan,kilometer 13
17045,wevershoof.onderdijkzwemstrand,ETRS89,52.758153,5.120939,"Wevershoof, Onderdijk zwemstrand","Wevershoof, Onderdijk zwemstrand"
16461,wielingen,ETRS89,51.409907,3.358291,Wielingen,Wielingen
8094,wiene,ETRS89,52.240089,6.650719,Wiene,Wiene
17959,wierbalg.noord,ETRS89,52.977591,4.948761,"Wierbalg, noord","Wierbalg, noord"
13855,wieringen.ijsselmeer.oost,ETRS89,52.873472,5.118889,Wieringen IJsselmeer oost,Wieringen IJsselmeer oost
4091,wierumerwad,ETRS89,53.407684,6.063855,Wierumerwad,1
9028,wijhe,ETRS89,52.387,6.126917,Wijhe,Wijhe
9964,wijkaanzee,ETRS89,52.498482,4.584626,Wijk aan Zee,Wijk aan Zee
13928,wijkbijduurstede.amsterdamrijnkanaal,ETRS89,51.97479,5.293258,"Wijk bij Duurstede, Amsterdam-Rijnkanaal","Wijk bij Duurstede, Amsterdam-Rijnkanaal"
13524,wijkschewaard.badstrand,ETRS89,51.773773,5.129937,"Wijksche Waard, Badstrand","Wijksche Waard, Badstrand"
18592,wilhelminadorp.galgenplaat,ETRS89,51.549835,3.925206,"Wilhelminadorp, Galgenplaat","Wilhelminadorp, Galgenplaat"
17054,willemsdorp,ETRS89,51.730274,4.628849,Willemsdorp,Willemsdorp
15470,willemstad.hollandschdiep.volkerakspuisluis,ETRS89,51.694889,4.421779,Willemstad Hollandschdiep Volkerakspuisluis,Willemstad Hollandschdiep Volkerakspuisluis
7910,wissenkerke,ETRS89,51.601576,3.720566,Wissenkerke,Wissenkerke
3483,wissenkerke.boei7,ETRS89,51.607513,3.707021,"Wissenkerke, boei 7","Wissenkerke, boei 7"
6377,wolderwijd.midden,ETRS89,52.349817,5.567859,"Wolderwijd, midden",zwaartepunt Wolderwijd
10009,woldstrand,ETRS89,52.327771,5.548758,Woldstrand,Woldstrand
5249,wolfshoek,ETRS89,53.246847,5.155011,Wolfshoek,Wolfshoek
2620,wolphaartsdijk,ETRS89,51.547774,3.814968,Wolphaartsdijk,Wolphaartsdijk
9747,wolphaartsdijk.schelphoekbadstrand,ETRS89,51.542428,3.798573,"Wolphaartsdijk, Schelphoek badstrand","Wolphaartsdijk, Schelphoek badstrand"
3832,yerseke,ETRS89,51.506154,4.07513,Yerseke,Yerseke
16178,yerseke.boeipk3,ETRS89,51.476478,4.132287,"Yerseke, boei PK3","Yerseke, boei PK3"
10584,yerseke.postwegbadstrand,ETRS89,51.502533,4.04369,"Yerseke, Postweg badstrand","Yerseke, Postweg badstrand"
10410,yerseke.verwaterplaats,ETRS89,51.480973,4.100907,"Yerseke, verwaterplaats","Yerseke, verwaterplaats"
17710,zaandam.noordzeekanaal,ETRS89,52.418084,4.835905,"Zaandam, Noordzeekanaal",kilometer 18
5413,zandkreek,ETRS89,51.549728,3.916702,Zandkreek,Zandkreek
7830,zandkreek.boeiz1,ETRS89,51.553926,3.907409,"Zandkreek, boei Z1","Zandkreek, boei Z1"
11056,zandkreeksluis.binnen,ETRS89,51.541655,3.862035,"Zandkreeksluis, binnen","Zandkreeksluis, binnen"
547,zandkreeksluis.inloop.2,ETRS89,51.54422,3.869158,"Zandkreeksluis, inloop, punt 02","Zandkreeksluis, inloop, punt 02"
11235,zandmotor.monsterterheijde,ETRS89,52.030689,4.162157,"Zandmotor, Monster Ter Heijde","Zandmotor, Monster Ter Heijde"
5909,zandvliet,ETRS89,51.37589,4.266899,Zandvliet,Zandvliet
7047,zandvoortaanzee,ETRS89,52.374011,4.522264,Zandvoort aan Zee,Zandvoort aan Zee
6269,zeeasterweg,ETRS89,52.50327,5.589709,Zeeasterweg,Wiertocht
16626,zeehavenkanaal.monding,ETRS89,53.318607,7.006234,"Zeehavenkanaal, monding","Zeehavenkanaal, monding"
11884,zeestrand.eemshotel.delfzijl,ETRS89,53.334825,6.931385,"Zeestrand, Eemshotel, Delfzijl","Zeestrand, Eemshotel, Delfzijl"
3977,zeewolde.spiekweg.nijkerkertocht,ETRS89,52.281876,5.46282,"Zeewolde, Spiekweg, Nijkerkertocht","Zeewolde, Spiekweg, Nijkerkertocht"
12026,zierikzee,ETRS89,51.642159,3.910813,Zierikzee,Zierikzee
5155,zierikzee.deval,ETRS89,51.629683,3.891141,"Zierikzee, De Val","Zierikzee, De Val"
7565,zijkanaal.a,ETRS89,52.469719,4.668299,"Zijkanaal, A","Zijkanaal, A"
3449,zijkanaal.b,ETRS89,52.444624,4.687681,"Zijkanaal, B","Zijkanaal, B"
6816,zijkanaal.d1,ETRS89,52.433425,4.751412,"Zijkanaal, D-1","Zijkanaal, D-1"
226,zijkanaal.e,ETRS89,52.429783,4.783636,"Zijkanaal, E","Zijkanaal, E"
8575,zijkanaal.e.2,ETRS89,52.42788,4.784162,"Zijkanaal, E, 2","Zijkanaal, E, 2"
15658,zijkanaal.g,ETRS89,52.430416,4.832179,"Zijkanaal, G","Zijkanaal, G"
1685,zijkanaal.h,ETRS89,52.42416,4.857661,"Zijkanaal, H","Zijkanaal, H"
18719,zijpe,ETRS89,51.644719,4.096983,Zijpe,Zijpe
6215,zilverstrand,ETRS89,52.329032,5.15171,Zilverstrand,Zilverstrand
1033,zoelen,ETRS89,51.921115,5.42994,Zoelen,Zoelen
9447,zonenvreugd.hoorn,ETRS89,52.641573,5.046356,"Zon en Vreugd, Hoorn","Zon en Vreugd, Hoorn"
4896,zoutelande.dishoek.badstrand,ETRS89,51.471984,3.516144,"Zoutelande, Dishoek, badstrand","Zoutelande, Dishoek, badstrand"
7090,zoutelande.smidshoekje.badstrand,ETRS89,51.499037,3.482188,"Zoutelande, Smidshoekje, badstrand","Zoutelande, Smidshoekje, badstrand"
17337,zoutkamperlaag,ETRS89,53.429409,6.132651,Zoutkamperlaag,Zoutkamperlaag
16679,zoutkamperlaag.zeegat,ETRS89,53.475102,6.079226,"Zoutkamperlaag, zeegat","Zoutkamperlaag, zeegat"
4501,zuidergat.boei44,ETRS89,51.412701,4.03383,"Zuidergat, boei 44","Zuidergat, boei 44"
4450,zuidermeerdijk,ETRS89,52.602339,5.700133,Zuidermeerdijk,Zuidermeerdijk
7661,zuidhavenkm976p6,ETRS89,51.74286,4.717687,Zuidhaven km 976.6,Zuidhaven km 976.6
8773,zuidland.spui,ETRS89,51.80555,4.282919,"Zuidland, Spui","Zuidland, Spui"
9139,zuidoostlauwers.noordoost,ETRS89,53.483166,6.452183,"Zuid Oost Lauwers, noordoost","Zuid Oost Lauwers, noordoost"
18151,zuidoostlauwers.noordwest,ETRS89,53.49499,6.435902,"Zuid Oost Lauwers, noordwest","Zuid Oost Lauwers, noordwest"
15089,zuidoostlauwers.oost,ETRS89,53.449146,6.51349,"Zuid Oost Lauwers, oost","Zuid Oost Lauwers, oost"
8967,zuidoostrak,ETRS89,53.120289,5.244562,Zuidoostrak,Zuidoostrak
6984,zuidoostrak.zuid,ETRS89,53.10684,5.27223,"Zuidoostrak, zuid","Zuidoostrak, zuid"
8621,zutphen,ETRS89,52.143276,6.189232,Zutphen,Zutphen
14574,zwanenbad,ETRS89,51.93702,5.948729,Zwanenbad,Zwanenbad
6490,zwartehaan,ETRS89,53.321874,5.619809,Zwarte Haan,Zwarte Haan
15667,zwarteweg.heemskerk,ETRS89,52.523991,4.595656,"Zwarte Weg, Heemskerk","Zwarte Weg, Heemskerk"
7177,zwartsluis.zwartewater,ETRS89,52.6357,6.076,"Zwartsluis, Zwarte Water",buiten
16580,zwolle,ETRS89,52.523047,6.069995,Zwolle,"Hasselterhaven, Zwarte Water"
144,zwolle.ijssel,ETRS89,52.5086,6.053,"Zwolle, IJssel",voorheen Katerveer
10007,zwolsehoek.badstrand,ETRS89,52.615386,5.653051,"Zwolse Hoek, badstrand","Zwolse Hoek, badstrand"
