site_id,name,river,latitude,longitude,date_opened,source,temporal_resolution,has_public_daily_span
bbaa85be-3a06-4d2b-b5ad-7f1f55b6554d,Evesham,River Avon,52.091994,-1.94292,1936-12-01,uk_ea_hydrology,sub_daily_api,False
001fc3f6-5980-42be-b553-6a09c6b69b69,Boreton Bridge,Cound Brook,52.65661,-2.716578,1997-12-30,uk_ea_hydrology,sub_daily_api,False
d1df8d19-d1f7-4e83-8aa6-75820613be72,Littlethorpe,River Soar,52.571046,-1.201646,1971-08-01,uk_ea_hydrology,sub_daily_api,False
b401b1e3-c946-4a3e-bca3-3427e64eebba,Bredon,River Avon,52.033483,-2.117073,1988-01-01,uk_ea_hydrology,sub_daily_api,False
370cba4c-c28e-4063-aaea-a99575c408b6,Church Wilne,River Derwent,52.880546,-1.345613,1973-05-01,uk_ea_hydrology,sub_daily_api,False
f8ae6b4c-56c4-45a1-b83f-4697843b937f,Duffield,River Ecclesbourne,52.998171,-1.525467,1971-09-01,uk_ea_hydrology,sub_daily_api,False
6ff82c44-bbf2-4593-8218-76569f550b47,Derby St.Marys,River Derwent,52.928202,-1.47491,1935-10-02,uk_ea_hydrology,sub_daily_api,False
553c2147-bb82-4d86-8f0a-00b892d3c314,Three Elms,Yazor Brook,52.069099,-2.743648,1973-02-01,uk_ea_hydrology,sub_daily_api,False
fe43947f-a0e9-49fe-9a11-5ef97f102fbd,Lugwardine,River Lugg,52.061786,-2.659669,1944-01-01,uk_ea_hydrology,sub_daily_api,False
a473e348-c00a-46c6-a93b-921f9747f96f,Knightsford Bridge,River Teme,52.199215,-2.389049,1970-04-01,uk_ea_hydrology,sub_daily_api,False
da031053-d267-49da-857a-b8e28a7205eb,Wingfield Park,River Amber,53.063966,-1.441178,1970-08-25,uk_ea_hydrology,sub_daily_api,False
c36a8cef-c677-4f3b-88ff-64dfcccd89b1,Peterchurch,River Dore,52.041438,-2.957223,2000-05-17,uk_ea_hydrology,sub_daily_api,False
8b07239d-fb98-4f27-b182-def7799b6c34_2052,Ternhill (Bailey Bk),Bailey Brook,52.879618,-2.55338,1972-09-14,uk_ea_hydrology,sub_daily_api,False
8b07239d-fb98-4f27-b182-def7799b6c34_2044,Ternhill (Tern),River Tern,52.879528,-2.553379,1972-09-14,uk_ea_hydrology,sub_daily_api,False
E03234A,BADSEY BROOK DS SILT REMOVAL,,52.035304,-1.869215,2018-02-28,uk_ea_hydrology,sub_daily_api,False
E26044A,RED_B487 BRIDGE_E_202201,,51.793056,-0.395661,2022-01-19,uk_ea_hydrology,sub_daily_api,False
E04117A,US HADDENHAM STW,,51.763196,-0.912575,2014-09-09,uk_ea_hydrology,sub_daily_api,False
E16115A,DEARNE_MEASBOROUGH DIKE_E_201910,,53.536253,-1.366692,2019-10-24,uk_ea_hydrology,sub_daily_api,False
E08063A,MONKS LEAZE RIVER PARRETT,,51.044689,-2.843835,2014-03-06,uk_ea_hydrology,sub_daily_api,False
E05040A,RIVER BLAKEWATER US,,53.754445,-2.477279,2013-11-07,uk_ea_hydrology,sub_daily_api,False
E05244A,SILVERDALE BROOK_WALLEYS QUARRY LANDFILL_E_202106,,53.014133,-2.25109,2021-06-10,uk_ea_hydrology,sub_daily_api,False
E03135A,SKEW BRIDGE,,52.78485,-2.362777,2014-07-07,uk_ea_hydrology,sub_daily_api,False
E01132A,HAM BRIDGE,,51.250207,1.337548,2013-10-21,uk_ea_hydrology,sub_daily_api,False
E03258A,WHIPSIDERRY ST DS NEWQUAY VIEW RESORT 2017,,50.429318,-5.046489,2017-04-24,uk_ea_hydrology,sub_daily_api,False
E02329A,ENBORNE_WASH WATER STW US_E_201907,,51.367821,-1.348921,2019-07-11,uk_ea_hydrology,sub_daily_api,False
E03241A,CROYDE ST DS FORDA AT WRAY COTTAGE,,50.903028,-4.202268,2017-03-13,uk_ea_hydrology,sub_daily_api,False
E08082A,MONTGOMERY CANAL DS A5,,52.830534,-2.988211,2016-01-08,uk_ea_hydrology,sub_daily_api,False
E01158A,A30 US,,51.470238,-0.4112,2015-04-13,uk_ea_hydrology,sub_daily_api,False
E15019A,WEST BECK_WANSFORD TROUT FARM INLET_E_201807,,53.995885,-0.399125,2018-07-25,uk_ea_hydrology,sub_daily_api,False
E10230A,SUTTON DELPH 2019,,52.396955,0.09287,2019-04-02,uk_ea_hydrology,sub_daily_api,False
E25015A,BATTERTON BROOK_ VALE PARK OUTFALL DS_E_201910,,52.076042,-1.938009,2019-11-13,uk_ea_hydrology,sub_daily_api,False
E01047A,FOXHILL STW US,,50.977899,-0.102484,2013-05-02,uk_ea_hydrology,sub_daily_api,False
E21217A,LUGG_BRIDGE STREET_E_202110,,52.236002,-2.751868,2021-10-12,uk_ea_hydrology,sub_daily_api,False
E05214A,CHESS_CRESTYL WATERCRESS BEDS_E_202104,,51.680128,-0.516846,2021-04-01,uk_ea_hydrology,sub_daily_api,False
E01101A,ACORNS,,50.958983,-0.10502,2013-05-02,uk_ea_hydrology,sub_daily_api,False
E04051A,MILTON LOCK US,,50.815718,0.16477,2013-02-20,uk_ea_hydrology,sub_daily_api,False
E07090A,WELNEY DELPH 2015,,52.519201,0.251691,2015-04-14,uk_ea_hydrology,sub_daily_api,False
E01573A,TOAD HOLES BECK_DS ODSAL TIP_E_202207,,53.754254,-1.744984,2022-07-19,uk_ea_hydrology,sub_daily_api,False
E03047A,LAYHAM MILL,,52.025263,0.961769,2013-09-12,uk_ea_hydrology,sub_daily_api,False
E02529A,DOVE_MARSTON ON DOVE_E_202204,,52.856264,-1.649256,2022-04-25,uk_ea_hydrology,sub_daily_api,False
E04096A,MELBURY BRIDGE DIPPLE WATER,,50.951396,-4.337297,2014-07-08,uk_ea_hydrology,sub_daily_api,False
E01491A,HILDEN BROOK_US HILDEN GRANGE_E_202110,,51.20533,0.26946,2021-10-07,uk_ea_hydrology,sub_daily_api,False
E11216A,LANGLEY BECK_FARMLAND DS_E_201810,,54.552767,-1.757597,2018-10-11,uk_ea_hydrology,sub_daily_api,False
E01432A,IRK_RED BANK_E_202108,,53.488998,-2.2393,2021-08-16,uk_ea_hydrology,sub_daily_api,False
E08077A,SANDWICH TOLL BRIDGE,,51.275763,1.342212,2015-04-14,uk_ea_hydrology,sub_daily_api,False
E11253A,WELMORE DELPH 2019,,52.5623,0.314039,2019-04-02,uk_ea_hydrology,sub_daily_api,False
E16033A,PYMMES BROOK_STRAWBERRY VALE_E_201810,,51.604966,-0.157643,2018-06-13,uk_ea_hydrology,sub_daily_api,False
E20123A,THAMES_LITTLE MARLOW STW 1200M DS_E_202103,,51.576993,-0.716156,2021-03-11,uk_ea_hydrology,sub_daily_api,False
E01247A,MEPAL DELPH 2016,,52.413964,0.114747,2016-04-04,uk_ea_hydrology,sub_daily_api,False
E06082A,LUNE DOWNSTREAM,,54.44039,-2.599275,2014-06-03,uk_ea_hydrology,sub_daily_api,False
E02039A,MILTON LOCK DS,,50.815718,0.16477,2013-02-20,uk_ea_hydrology,sub_daily_api,False
E02055A,US MARTON POOL,,52.62244,-3.050391,2013-05-20,uk_ea_hydrology,sub_daily_api,False
E10015A,YEO_HEPS_E_201807,,51.031634,-2.79745,2018-08-02,uk_ea_hydrology,sub_daily_api,False
E01458A,DEE_IRONBRIDGE_E_202107,,53.134843,-2.871386,2021-06-28,uk_ea_hydrology,sub_daily_api,False
E01646A,PANG_BRADFIELD_E_202209,,51.448756,-1.134765,2022-10-12,uk_ea_hydrology,sub_daily_api,False
E06076A,CANNINGS COURT,,50.869041,-2.404993,2013-10-09,uk_ea_hydrology,sub_daily_api,False
E03431A,COD BECK_DALTON BRIDGE_E_202108,,54.178359,-1.37073,2021-03-17,uk_ea_hydrology,sub_daily_api,False
E04072A,CLAYHITHE,,52.257554,0.198908,2014-09-24,uk_ea_hydrology,sub_daily_api,False
E01280A,TERN_ALLSCOTT MILL_E_202105,,52.71628,-2.575691,2021-05-05,uk_ea_hydrology,sub_daily_api,False
GSML36,ROSELAND,,50.448584,-4.435694,2012-07-06,uk_ea_hydrology,sub_daily_api,False
E02319A,LEVEN_AINSWORTH DAM_E_201907,,54.258534,-2.990247,2019-07-11,uk_ea_hydrology,sub_daily_api,False
E05112A,STANBRIDGE ST US PETERSFIELD STW,,50.996922,-0.905285,2017-05-03,uk_ea_hydrology,sub_daily_api,False
E03217A,TINHAY GS US,,50.647298,-4.267308,2016-08-05,uk_ea_hydrology,sub_daily_api,False
E04235A,ARUN GREATHAM BRIDGE,,50.936615,-0.533535,2017-09-26,uk_ea_hydrology,sub_daily_api,False
E10217A,EASTFIELD DRAIN TRIB CARR HOUSE LANE,,54.229917,-0.395513,2018-01-15,uk_ea_hydrology,sub_daily_api,False
E01023A,RIVER WANDLE WATERMEADS,,51.393113,-0.168538,2016-10-24,uk_ea_hydrology,sub_daily_api,False
E00571A,OSBALDWICK BECK_US TRASH SCREEN_E_202203,,53.956999,-1.061664,2022-03-03,uk_ea_hydrology,sub_daily_api,False
E19057A,SLEA US,,52.998622,-0.414128,2018-02-28,uk_ea_hydrology,sub_daily_api,False
E07073A,DOUBLE HOUSE FARM,,51.12542,-2.65151,2015-04-22,uk_ea_hydrology,sub_daily_api,False
E03302A,UPPER EDEN SPRING POND_HOWE SLACKS_E_201908,,54.527195,-2.502847,2019-08-09,uk_ea_hydrology,sub_daily_api,False
E14002A,DELPH_WELCHES DAM _SURFACE_E_202104,,52.450419,0.162837,2021-04-01,uk_ea_hydrology,sub_daily_api,False
E08123A,LOBB FARM TRACK BRIDGE 2015,,50.405947,-4.025562,2015-05-27,uk_ea_hydrology,sub_daily_api,False
E12040A,CARBIS STREAM US MOLINNIS STREAM,,50.400776,-4.787277,2018-03-13,uk_ea_hydrology,sub_daily_api,False
E01135A,FURLONGS FARM,,52.465692,-1.413793,2014-01-09,uk_ea_hydrology,sub_daily_api,False
E01116A,POTTER FEN INFLOW,,52.668513,0.933421,2013-08-07,uk_ea_hydrology,sub_daily_api,False
E14096A,BOURNE_CHERTSEY STW DS_E_201906,,51.402608,-0.528371,2019-06-10,uk_ea_hydrology,sub_daily_api,False
E03006A,SELLINGE STW DS,,51.104688,0.971246,2013-08-15,uk_ea_hydrology,sub_daily_api,False
E03097A,EASTERN AVON AT UPAVON,,51.30254,-1.80981,2013-08-13,uk_ea_hydrology,sub_daily_api,False
E07056A,DS KNOWLE STW,,50.883103,-1.209507,2015-09-02,uk_ea_hydrology,sub_daily_api,False
E02071A,ST BENETS ABBEY,,52.683099,1.536568,2013-12-17,uk_ea_hydrology,sub_daily_api,False
E19102B,WELCHES DAM DELPH 2018 DEPTH,,52.450392,0.162791,2018-04-03,uk_ea_hydrology,sub_daily_api,False
E14001A,WADLEY STREAM_BUCKLAND STW US_E_201904,,51.692562,-1.487732,2019-04-30,uk_ea_hydrology,sub_daily_api,False
E05091A,SNOW SEWER_STATION ROAD A161_E_201807,,53.469382,-0.840916,2018-08-02,uk_ea_hydrology,sub_daily_api,False
E03025A,WILLINGDON NEW,,50.868476,-2.369106,2013-07-30,uk_ea_hydrology,sub_daily_api,False
E19088A,MERTON STREAM US WWTW EXTRA,,50.88428,-4.102103,2018-01-09,uk_ea_hydrology,sub_daily_api,False
E01529A,SERPENTINE_SERPENTINE WATER_E_202202,,53.300354,-2.408442,2022-02-04,uk_ea_hydrology,sub_daily_api,False
E08003A,MONKS LEAZE RIVER PARRETT 2017,,51.044689,-2.843835,2017-04-26,uk_ea_hydrology,sub_daily_api,False
EN0092A,CATTLE BRIDGE,,51.123456,-1.492363,2013-04-16,uk_ea_hydrology,sub_daily_api,False
E02203A,MORDA TRIB LLYNCLYS FARM US,,52.81059,-3.068616,2016-03-22,uk_ea_hydrology,sub_daily_api,False
GPRSD8A,THAMES_CHISWICK PIER_E_201307,,51.482298,-0.250833,2013-07-10,uk_ea_hydrology,sub_daily_api,False
E01095A,SUTTON DELPH,,52.396955,0.09287,2013-06-06,uk_ea_hydrology,sub_daily_api,False
E07203A,PARRETT_MONKS LEAZE_E_201807,,51.044752,-2.843836,2018-07-13,uk_ea_hydrology,sub_daily_api,False
E06026A,MINSTERLEY BK MALEHURST,,52.650399,-2.911388,2015-06-29,uk_ea_hydrology,sub_daily_api,False
E07001A,R INNY AT BEALSMILL BRIDGE,,50.570172,-4.318964,2016-06-22,uk_ea_hydrology,sub_daily_api,False
E04048A,TRIBUTARY OF STORT NAV BELOW PS,,51.859957,0.166815,2013-10-09,uk_ea_hydrology,sub_daily_api,False
E09017A,TRUMPERS WAY DS,,51.499178,-0.338086,2014-10-20,uk_ea_hydrology,sub_daily_api,False
E01081A,WISSEY 3,,52.565765,0.708839,2013-04-16,uk_ea_hydrology,sub_daily_api,False
E05027A,BYDEMILL BROOK DS THINGLEY STW 2015,,51.422319,-2.159164,2015-06-10,uk_ea_hydrology,sub_daily_api,False
E08139A,CAKER,,51.13229,-0.965144,2018-06-08,uk_ea_hydrology,sub_daily_api,False
E15066A,BEANE_WATTON HIGH ST_E_202209,,51.861356,-0.119941,2022-09-09,uk_ea_hydrology,sub_daily_api,False
E07083A,LITTLE DEEP US,,50.836481,-0.924394,2017-10-12,uk_ea_hydrology,sub_daily_api,False
E01275A,CINDERFORD BK_SOUDLEY PONDS US_E_201807,,51.792513,-2.489366,2018-07-16,uk_ea_hydrology,sub_daily_api,False
E16044A,EASTFIELD DRAIN_OLYMPIAN IND EST_E_201807,,54.237425,-0.40113,2018-07-12,uk_ea_hydrology,sub_daily_api,False
E21044A,VARFELL STREAM_VARFELL FARM DS_E_202012,,50.138377,-5.496989,2020-12-15,uk_ea_hydrology,sub_daily_api,False
E09003A,AQUALATE HUMESFORD BK INFLOW,,52.778539,-2.325663,2017-12-04,uk_ea_hydrology,sub_daily_api,False
E07263A,WHARFE_ILKLEY STW US_E_201905,,53.932404,-1.814601,2019-06-05,uk_ea_hydrology,sub_daily_api,False
E01560A,EMS_DS LUMLEY ROAD PUMPING STATION_E_202201,,50.861061,-0.928603,2022-02-02,uk_ea_hydrology,sub_daily_api,False
E02111A,ROWSHAM STW DS,,51.844339,-0.805594,2013-11-07,uk_ea_hydrology,sub_daily_api,False
E29037A,HORNBROOK_AMIES MILL FARM_E_201807,,51.049595,-0.315621,2018-07-30,uk_ea_hydrology,sub_daily_api,False
E04132A,MEECE BROOK STABLEFORD,,52.945716,-2.275561,2014-05-15,uk_ea_hydrology,sub_daily_api,False
E06078A,HOVIS MILL 2014,,51.9693,0.606547,2014-07-22,uk_ea_hydrology,sub_daily_api,False
E01211A,BIRMINGHAM AIRPORT US,,52.467131,-1.758794,2015-12-15,uk_ea_hydrology,sub_daily_api,False
EP0110A,COSFORD US WRW,,52.639973,-2.325918,2013-08-14,uk_ea_hydrology,sub_daily_api,False
E04145A,FT BR US EASTGATE WEIR,,52.246377,0.71301,2016-06-15,uk_ea_hydrology,sub_daily_api,False
EN0046A,LAMBOURN DS OVERFLOW,,51.504373,-1.523947,2013-02-18,uk_ea_hydrology,sub_daily_api,False
E06040A,SOWY UPSTREAM OF KINGS SEDGEMOOR DRAIN,,51.101314,-2.869574,2014-03-07,uk_ea_hydrology,sub_daily_api,False
E01572A,GREAT OUSE_DENVER FISH PASS_E_202207,,51.685518,0.29567,2022-07-21,uk_ea_hydrology,sub_daily_api,False
GPRSB8A,DEANOAK BROOK,,51.196091,-0.221046,2013-05-31,uk_ea_hydrology,sub_daily_api,False
E11001A,PERRY DS MYTTON TRIB,,52.748163,-2.832049,2018-03-22,uk_ea_hydrology,sub_daily_api,False
E08047A,BOURNE_CHERTSEY STW US_E_201906,,51.40109,-0.545081,2019-06-10,uk_ea_hydrology,sub_daily_api,False
E03227A,WELNEY COUNTERDRAIN 2019,,52.520972,0.252637,2019-04-02,uk_ea_hydrology,sub_daily_api,False
P02019A,BLACKWATER_ASH ROAD_PS_202003,,51.24222,-0.737774,2020-03-20,uk_ea_hydrology,sub_daily_api,False
EN0030A,US RECTORY BRIDGE,,51.005821,0.434503,2012-08-22,uk_ea_hydrology,sub_daily_api,False
E08034A,GRIMLEY BK US,,52.24395,-2.258213,2015-10-27,uk_ea_hydrology,sub_daily_api,False
BREPON,THAMES_BRENTFORD BARGE_E_200807,,51.47982,-0.303118,2007-07-01,uk_ea_hydrology,sub_daily_api,False
E02120A,WINNINGTON,,52.703661,-3.009436,2013-10-09,uk_ea_hydrology,sub_daily_api,False
E16085A,BURTON MILL,,52.201521,-2.845225,2016-03-17,uk_ea_hydrology,sub_daily_api,False
E02050A,SW11,,53.627787,-2.992063,2014-06-26,uk_ea_hydrology,sub_daily_api,False
E04062A,EVINGTON BROOK MID POINT,,52.62382,-1.103881,2014-04-23,uk_ea_hydrology,sub_daily_api,False
E04378A,GYPSEY RACE_PALACE AVENUE_E_202107,,54.082911,-0.193904,2021-07-03,uk_ea_hydrology,sub_daily_api,False
E03358A,EREWASH_M1 DS_E_201911,,53.087528,-1.308018,2019-11-01,uk_ea_hydrology,sub_daily_api,False
GPRSC8A,MANOR COURT,,52.893891,-2.041808,2013-06-05,uk_ea_hydrology,sub_daily_api,False
E06239A,WYE_HOLME LACY BRIDGE_E_202104,,52.025592,-2.631226,2021-04-28,uk_ea_hydrology,sub_daily_api,False
E07026A,REEPHAM FIRE STATION,,52.76171,1.109231,2015-08-14,uk_ea_hydrology,sub_daily_api,False
E14089A,BEVERLEY BROOK_MOTSPUR PARK_E_201805,,51.393237,-0.241223,2018-05-09,uk_ea_hydrology,sub_daily_api,False
E05232A,RIVER MEESE_SKEW BRIDGE_E_201901,,52.785763,-2.364149,2019-01-15,uk_ea_hydrology,sub_daily_api,False
E03212A,AVON HORDLE GRANGE TRIB,,50.767558,-1.591371,2016-06-01,uk_ea_hydrology,sub_daily_api,False
E01611A,LUGG_US ARROW CONF_E_202206,,52.211502,-2.714397,2022-06-13,uk_ea_hydrology,sub_daily_api,False
E02224A,MANHEIM CAR AUCTIONS,,53.117501,-1.297781,2016-07-18,uk_ea_hydrology,sub_daily_api,False
E01061A,DATCHET SAILING CLUB,,51.483065,-0.535907,2012-10-16,uk_ea_hydrology,sub_daily_api,False
E03326A,MILLWOOD BROOK_SLOSWICKS FARM US_E_201910,,53.275352,-1.163245,2019-10-03,uk_ea_hydrology,sub_daily_api,False
E17033A,MOSELLE_TOTTENHAM CEMETARY_E_201902,,51.602896,-0.080095,2019-02-05,uk_ea_hydrology,sub_daily_api,False
E00313A,WESTNEWTON BECK_WESTNEWTON_E_201809,,54.773374,-3.392488,2018-09-05,uk_ea_hydrology,sub_daily_api,False
E02148A,BEAMHURST BRIDGE US,,52.921317,-1.909298,2015-03-10,uk_ea_hydrology,sub_daily_api,False
E06016A,BEANHILL BROOK AT WROCKWARDINE ROAD,,52.704482,-2.53608,2015-08-03,uk_ea_hydrology,sub_daily_api,False
E01130A,RODGE BROOK FARM,,50.711862,-1.35214,2013-12-16,uk_ea_hydrology,sub_daily_api,False
E01216A,HUNTSPILL RIVER SLUICE,,51.206335,-3.013539,2015-12-04,uk_ea_hydrology,sub_daily_api,False
E06037A,WESTCOTT STW US,,51.836031,-0.978426,2014-06-23,uk_ea_hydrology,sub_daily_api,False
E03001A,LEA BRIDGE ROAD US,,51.569425,-0.027941,2014-02-11,uk_ea_hydrology,sub_daily_api,False
E01388A,WHARFE_DS GRASSINGTON_E_202106,,54.067155,-2.001622,2021-06-15,uk_ea_hydrology,sub_daily_api,False
E03092A,LUBBESTHORPE BROOK MOTORWAY TRIB,,52.602607,-1.185377,2014-04-17,uk_ea_hydrology,sub_daily_api,False
E04021A,STOKE MILL,,50.771799,-2.830419,2013-03-28,uk_ea_hydrology,sub_daily_api,False
E01515A,STAITHES BECK_ROXBY LANE_E_202203,,54.550807,-0.800761,2022-03-17,uk_ea_hydrology,sub_daily_api,False
E05138A,GRIMLEY BK DS,,52.24395,-2.258213,2015-10-27,uk_ea_hydrology,sub_daily_api,False
E12065A,SWINDALE BECK DS SCHEME,,54.522924,-2.739531,2016-08-25,uk_ea_hydrology,sub_daily_api,False
E17121A,SCALBY_WHITBY RD BRIDGE_E_201907,,54.302035,-0.423109,2019-07-02,uk_ea_hydrology,sub_daily_api,False
E00278A,BLACKWATER_SWALLOWFIELD WQ SITE_E_201906,,51.377026,-0.950685,2019-06-03,uk_ea_hydrology,sub_daily_api,False
E06124A,ABP DISCHARGE DITCH,,50.937716,-2.282655,2016-11-21,uk_ea_hydrology,sub_daily_api,False
E01092A,ITTERINGHAM,,52.830597,1.185483,2013-09-17,uk_ea_hydrology,sub_daily_api,False
E14028A,DEARNE_LUNDWOOD STW US_E_201907,,53.551415,-1.438463,2019-07-23,uk_ea_hydrology,sub_daily_api,False
E05090A,TREGUSTICK,,50.429802,-5.031747,2014-06-24,uk_ea_hydrology,sub_daily_api,False
E03266A,BOTTOM OF SALT HILL,,51.511524,-0.608937,2017-01-11,uk_ea_hydrology,sub_daily_api,False
E06143A,UPSTREAM NEAR VIADUCT BRIDGE,,50.629347,-3.360675,2016-04-06,uk_ea_hydrology,sub_daily_api,False
E07103A,LEMON_OWLS RATTLE BICKINGTON_E_201810,,50.542496,-3.704418,2018-10-16,uk_ea_hydrology,sub_daily_api,False
E01144A,DS WWTW AT WHITLEY BRIDGE,,50.821768,-1.555194,2014-09-22,uk_ea_hydrology,sub_daily_api,False
E05117A,FOLLY INN,,50.733511,-1.281927,2014-12-02,uk_ea_hydrology,sub_daily_api,False
E07079A,SEDGEMOOR OLD RHYNE US TRIB,,51.029332,-2.937915,2013-12-10,uk_ea_hydrology,sub_daily_api,False
E05021A,ROXFORD WOOD,,51.77809,-0.108748,2013-07-05,uk_ea_hydrology,sub_daily_api,False
E04043A,SW3,,53.632362,-2.991021,2014-06-26,uk_ea_hydrology,sub_daily_api,False
E13140A,SUTTON DELPH_E_202003,,52.396955,0.09287,2020-03-23,uk_ea_hydrology,sub_daily_api,False
E01609A,ARROW_PEMBRIDGE STW_E_202206,,52.222549,-2.888151,2022-06-15,uk_ea_hydrology,sub_daily_api,False
E01569A,GADE_GADEBRIDGE PARK_E_202203,,51.759391,-0.476128,2022-03-03,uk_ea_hydrology,sub_daily_api,False
EP0135A,PLAS Y COURT 2,,52.704341,-3.016171,2013-11-13,uk_ea_hydrology,sub_daily_api,False
E05202A,DIDGELEY BROOK_FILONGLEY CASTLE_E_201810,,52.479185,-1.588623,2018-10-16,uk_ea_hydrology,sub_daily_api,False
E14050A,TREGARTHEN STREAM_TOLVER_E_201811,,50.132663,-5.502101,2018-11-26,uk_ea_hydrology,sub_daily_api,False
E09035A,BARTON BROOK DS,,53.834668,-2.705923,2013-10-21,uk_ea_hydrology,sub_daily_api,False
E03051A,WEST STOCKWITH PUMP STATION,,53.445842,-0.816352,2013-01-28,uk_ea_hydrology,sub_daily_api,False
E11119A,BRADLEY BROOK_BRADLEY HALL TRADING ESTATE DS_E_201907,,53.593508,-2.643137,2019-07-24,uk_ea_hydrology,sub_daily_api,False
E02231A,CALF HEATH RESERVOIR,,52.688997,-2.107741,2016-05-17,uk_ea_hydrology,sub_daily_api,False
E00400A,COLESMILL STREAM_HOLSWORTHY WWTW US_E_201911,,50.804716,-4.356877,2019-11-14,uk_ea_hydrology,sub_daily_api,False
E08230A,SOULTON BROOK_TRIB US_E_201805,,52.92642,-2.674527,2018-05-11,uk_ea_hydrology,sub_daily_api,False
EN0068A,PILSDON,,50.784696,-2.810986,2013-01-24,uk_ea_hydrology,sub_daily_api,False
E02234A,WELNEY COUNTERDRAIN 2016 TURB,,51.134349,0.908432,2016-04-04,uk_ea_hydrology,sub_daily_api,False
E01052A,WYRE UPSTREAM,,53.954318,-2.748707,2014-05-15,uk_ea_hydrology,sub_daily_api,False
E26015A,DELPH_WELNEY_DEPTH_E_202204,,52.5188,0.253395,2022-04-01,uk_ea_hydrology,sub_daily_api,False
E24012A,WHIPSIDERRY ST DS NEWQUAY VIEW RESORT 2018,,50.428485,-5.046661,2018-04-23,uk_ea_hydrology,sub_daily_api,False
E02558A,SERPENTINE_SERPENTINE WATER_E_202207,,53.300354,-2.408442,2022-07-14,uk_ea_hydrology,sub_daily_api,False
EP0111A,NADDER WARDOUR,,51.044725,-2.111533,2013-07-09,uk_ea_hydrology,sub_daily_api,False
E02202A,MORDA TRIB HAFORD DS,,52.809808,-3.064665,2016-03-22,uk_ea_hydrology,sub_daily_api,False
E03209A,BELSTEAD BROOK US STW,,52.030342,1.130777,2017-12-14,uk_ea_hydrology,sub_daily_api,False
E07252A,CARY_ETSOME SLUICE_E_201804,,51.073329,-2.740473,2018-04-26,uk_ea_hydrology,sub_daily_api,False
E07031A,BENTLEY GREEN PUB 2,,52.568548,-2.011059,2016-01-14,uk_ea_hydrology,sub_daily_api,False
E02046A,FISHLEY LANE US,,52.642407,-1.981432,2013-12-16,uk_ea_hydrology,sub_daily_api,False
E01058A,HURLEY FARM,,51.109738,-0.050473,2013-03-20,uk_ea_hydrology,sub_daily_api,False
EN0008A,WEST LANGLEY SEWER BOTTOM,,50.794896,0.309714,2013-06-25,uk_ea_hydrology,sub_daily_api,False
GPRSE2A,AIGLE GILL AT AIGLEGILL,,54.772688,-3.373825,2014-12-02,uk_ea_hydrology,sub_daily_api,False
E02222A,DECOY STREAM,,50.872719,0.514254,2016-08-22,uk_ea_hydrology,sub_daily_api,False
E06244A,COLNE_RIVERSIDE WAY_E_202210,,51.542272,-0.489304,2022-10-21,uk_ea_hydrology,sub_daily_api,False
E07111A,WELCHES DAM DELPH 2015,,52.450419,0.162837,2015-04-14,uk_ea_hydrology,sub_daily_api,False
E01586A,WHARFE_DS BOLTON BRIDGE_E_202205,,53.928877,-1.829663,2022-05-06,uk_ea_hydrology,sub_daily_api,False
E02131A,SHREWSBURY WEIR,,52.712372,-2.740391,2013-11-13,uk_ea_hydrology,sub_daily_api,False
E11049A,TRIB DS LODGEHOUSE FM,,50.771765,-2.845068,2015-03-17,uk_ea_hydrology,sub_daily_api,False
E00349A,WHARFE_DS BOLTON BRIDGE_E_202106,,53.963924,-1.887165,2021-06-15,uk_ea_hydrology,sub_daily_api,False
E14106A,DEARNE_OLD MILL BRIDGE_E_201911,,53.560868,-1.473362,2019-11-28,uk_ea_hydrology,sub_daily_api,False
E01100A,MONKS LEAZE,,51.044681,-2.843735,2013-05-02,uk_ea_hydrology,sub_daily_api,False
E07220A,LYDDEN_CANNINGS COURT_E_202202,,50.869086,-2.404936,2022-02-15,uk_ea_hydrology,sub_daily_api,False
E10104A,MEESE_SKEW BRIDGE_E_201809,,52.785719,-2.366758,2018-09-07,uk_ea_hydrology,sub_daily_api,False
E07107A,ARUN DS PULBOROUGH STW,,50.951781,-0.492184,2017-09-26,uk_ea_hydrology,sub_daily_api,False
E03129A,US TRENT RIVER,,50.965721,-2.597096,2015-08-07,uk_ea_hydrology,sub_daily_api,False
E09085A,LUNE UPSTREAM,,54.441945,-2.59202,2014-06-03,uk_ea_hydrology,sub_daily_api,False
E01126A,STONY BECK US,,54.695999,-2.76626,2013-09-26,uk_ea_hydrology,sub_daily_api,False
E01261A,CROWLAS TRIB,,50.138016,-5.469457,2016-10-31,uk_ea_hydrology,sub_daily_api,False
EP0141A,GLASTONBURY US NEW,,51.138192,-2.741582,2013-08-07,uk_ea_hydrology,sub_daily_api,False
E04102A,PLAS Y COURT NEW,,52.7042,-3.012734,2013-10-09,uk_ea_hydrology,sub_daily_api,False
E03088A,BUTTERFLY WORLD,,50.713036,-1.256419,2013-12-16,uk_ea_hydrology,sub_daily_api,False
E03224A,POULTER US OF NORTON WATER MEADOWS,,53.275218,-1.163352,2016-10-04,uk_ea_hydrology,sub_daily_api,False
E08004A,LIGGARD BROOK AT OVERFLOW,,53.754295,-2.969684,2017-07-04,uk_ea_hydrology,sub_daily_api,False
E20048A,TREMENHEERE STREAM_TOLVER_E_201910,,50.135522,-5.504563,2019-10-24,uk_ea_hydrology,sub_daily_api,False
E05044A,GLASTONBURY MILL,,51.152555,-2.725312,2013-10-29,uk_ea_hydrology,sub_daily_api,False
E02045A,WHIPSIDERRY ST DS NEWQUAY VIEW RESORT,,50.429318,-5.046489,2015-04-27,uk_ea_hydrology,sub_daily_api,False
E06118A,HOVIS MILL 16,,51.9693,0.606547,2016-07-18,uk_ea_hydrology,sub_daily_api,False
E02035A,LEE MILL 2,,50.384906,-3.961813,2012-12-12,uk_ea_hydrology,sub_daily_api,False
E10145A,HILLYLAID POOL_DS_E_201810,,53.881086,-2.989122,2018-10-16,uk_ea_hydrology,sub_daily_api,False
EN0091A,CURRY MOOR,,51.05498,-2.936579,2013-05-02,uk_ea_hydrology,sub_daily_api,False
E08085A,RIVER TONE AT ATHELNEY,,51.057183,-2.93327,2014-02-25,uk_ea_hydrology,sub_daily_api,False
E17202A,WHARFE_DS SKIRFARE_E_202207,,54.143617,-2.106975,2022-07-12,uk_ea_hydrology,sub_daily_api,False
E06203A,JACKDAW LAKE_ROXTON_E_201806,,52.171016,-0.309422,2018-06-04,uk_ea_hydrology,sub_daily_api,False
E04107A,WYRE DOWNSTREAM,,53.952825,-2.754608,2014-05-15,uk_ea_hydrology,sub_daily_api,False
E08263A,WELCHES DAM DELPH_SURFACE_E_202003,,52.450392,0.162791,2020-03-23,uk_ea_hydrology,sub_daily_api,False
E15051A,LODGE HILL US,,50.443473,-4.480448,2016-05-26,uk_ea_hydrology,sub_daily_api,False
E04010A,SEATON,,51.284013,1.190454,2013-02-01,uk_ea_hydrology,sub_daily_api,False
E15096A,ENBORNE_ADBURY HOLT STW DS_E_201907,,51.370542,-1.298401,2019-07-24,uk_ea_hydrology,sub_daily_api,False
E02101A,HYDNEYE LAKE OUTFLOW,,50.800908,0.291262,2013-06-25,uk_ea_hydrology,sub_daily_api,False
E10057A,WADLEY STREAM_BUCKLAND STW DS_E_201904,,51.692824,-1.483765,2019-04-30,uk_ea_hydrology,sub_daily_api,False
E05119A,CROW BK HADLEY PARK,,52.718154,-2.475402,2015-11-18,uk_ea_hydrology,sub_daily_api,False
E11078A,OAK BECK_RIPON WAY_E_201708,,54.005012,-1.550789,2017-08-07,uk_ea_hydrology,sub_daily_api,False
E06011A,KEER FOOTBRIDGE,,54.13527,-2.776839,2014-08-04,uk_ea_hydrology,sub_daily_api,False
E11090A,HARTHAM COMMON,,51.801216,-0.079759,2016-10-10,uk_ea_hydrology,sub_daily_api,False
E07390A,RYTON_SHIREOAKS SPORTS CLUB_E_202210,,53.31924,-1.165104,2022-10-20,uk_ea_hydrology,sub_daily_api,False
E03132A,ASHFIELD FARM,,51.849821,0.30501,2014-04-11,uk_ea_hydrology,sub_daily_api,False
E12216A,PORTH STREAM_US WHIPSIDERRY STREAM_E_201905,,50.425723,-5.047371,2019-04-29,uk_ea_hydrology,sub_daily_api,False
E14043A,SCARROW BECK_UPPER BURE RIVERLANDS_E_202110,,52.826733,1.234197,2021-11-12,uk_ea_hydrology,sub_daily_api,False
E06233B,WELCHES DAM DELPH 2019 DEPTH,,52.450392,0.162791,2019-04-02,uk_ea_hydrology,sub_daily_api,False
P01001A,SHANKLIN SITE 5,,50.626384,-1.174077,2017-02-27,uk_ea_hydrology,sub_daily_api,False
E09136A,DS FORDBRIDGE LANE,,53.114268,-1.344043,2016-03-03,uk_ea_hydrology,sub_daily_api,False
E00470A,LEVEN_FISH HOUSE MOSS_E_202105,,54.24022,-3.025361,2021-05-14,uk_ea_hydrology,sub_daily_api,False
E01564A,EMS_DS WESTBOURNE ROAD_E_202201,,50.858885,-0.929591,2022-02-02,uk_ea_hydrology,sub_daily_api,False
E04141A,COLLEGE DS,,53.267559,-0.525157,2014-06-10,uk_ea_hydrology,sub_daily_api,False
E04162A,WRIGGLE_KNAPP FARM US_E_202003,,50.846383,-2.527874,2020-03-16,uk_ea_hydrology,sub_daily_api,False
E09030A,CROWSHALL ROAD BRIDGE,,52.519331,1.000776,2015-10-21,uk_ea_hydrology,sub_daily_api,False
E04068A,EXTON,,50.667834,-3.437367,2016-02-15,uk_ea_hydrology,sub_daily_api,False
E06039A,DOWNSTREAM STORM OUTFALL,,52.919399,-3.02825,2014-10-10,uk_ea_hydrology,sub_daily_api,False
E19030A,TERN_TERN HILL GAUGING STATION_E_201902,,52.879528,-2.553364,2019-02-08,uk_ea_hydrology,sub_daily_api,False
E03040A,VOWELS LANE,,51.106431,-0.046884,2013-03-20,uk_ea_hydrology,sub_daily_api,False
E08054A,WESTMOOR MAIN DRAIN_MIDELNEY PUMPING STATION_E_201807,,51.008085,-2.832053,2018-08-01,uk_ea_hydrology,sub_daily_api,False
E03461A,GW_PH SHALLOW_SUTTON_K_202201,,52.565933,-1.833537,2022-01-13,uk_ea_hydrology,sub_daily_api,False
E08022A,CAWTHORNE DYKE_GARDEN CENTRE DS_E_201807,,53.566752,-1.589793,2018-07-11,uk_ea_hydrology,sub_daily_api,False
E15085A,HOW CAPLE BK US,,51.970099,-2.580924,2015-09-01,uk_ea_hydrology,sub_daily_api,False
E26015B,DELPH_WELNEY_SURFACE_E_202204,,52.5188,0.253395,2022-04-01,uk_ea_hydrology,sub_daily_api,False
E22057A,CARHAMPTON STREAM_CARHAMPTON_E_201810,,51.199538,-3.435951,2018-10-16,uk_ea_hydrology,sub_daily_api,False
E03080A,BRUE 700M DS OF COLDHARBOUR,,51.16347,-2.754015,2013-07-26,uk_ea_hydrology,sub_daily_api,False
E03220A,SNEBRA BECK_NR RIBTON MOORSIDE_E_201904,,54.537326,-3.56868,2019-04-08,uk_ea_hydrology,sub_daily_api,False
E02127A,BURTON BROOK_SAWGATE RD SILT TRAP US_E_201911,,52.746944,-0.843866,2019-11-29,uk_ea_hydrology,sub_daily_api,False
E04089A,BRUETON PARK LANE BY SANDALLS BRIDGE,,52.408359,-1.760805,2014-02-05,uk_ea_hydrology,sub_daily_api,False
EP0124A,POLGOOTH US,,50.328845,-4.819206,2013-08-20,uk_ea_hydrology,sub_daily_api,False
EP0118A,WOOD END LANE,,52.716455,-1.808939,2013-07-03,uk_ea_hydrology,sub_daily_api,False
E01635A,BLACK MOSS_BARLEY_E_202209,,53.864529,-2.270012,2022-09-07,uk_ea_hydrology,sub_daily_api,False
E04158A,INGREBOURNE US,,51.541733,0.216561,2015-11-24,uk_ea_hydrology,sub_daily_api,False
E22020A,TOM RUDD BECK_HIGH SIDE FARM_E_201909,,54.645454,-3.290478,2019-09-18,uk_ea_hydrology,sub_daily_api,False
E03280A,POND_DANDYS FORD FISHERY_E_201903,,50.99453,-1.57955,2019-03-28,uk_ea_hydrology,sub_daily_api,False
EP0137A,RIVER CARNON AT GRENNA BRIDGE,,50.22555,-5.109562,2014-02-06,uk_ea_hydrology,sub_daily_api,False
E05050A,LOWER BROOK COTTAGE,,51.246755,1.316588,2016-02-18,uk_ea_hydrology,sub_daily_api,False
E11060A,CHIVRICKS BROOK AT STURMINSTER NEWTON (DS ABP),,50.929924,-2.292056,2016-08-04,uk_ea_hydrology,sub_daily_api,False
E00388A,BLACKWATER_ASH ROAD_E_202002,,51.24222,-0.737774,2020-02-20,uk_ea_hydrology,sub_daily_api,False
E13015A,MILNHAY STW US,,53.014402,-1.32235,2016-10-24,uk_ea_hydrology,sub_daily_api,False
GPRSC3A,CADMANS LANE,,52.653124,-1.993638,2013-06-05,uk_ea_hydrology,sub_daily_api,False
E06161A,DS BROMLEY BROOK,,52.820699,-2.894202,2016-05-18,uk_ea_hydrology,sub_daily_api,False
E16036A,MEASE_APPLEBY MAGNA_E_202103,,52.685774,-1.533356,2021-03-01,uk_ea_hydrology,sub_daily_api,False
E15049A,LUZBOROUGH UPTON LANE,,50.946514,-1.483701,2016-07-14,uk_ea_hydrology,sub_daily_api,False
E01207A,COCKERMOUTH US,,54.665053,-3.388159,2015-12-18,uk_ea_hydrology,sub_daily_api,False
E11062A,GREAT OUSE AT COSGROVE,,52.071624,-0.832192,2018-03-22,uk_ea_hydrology,sub_daily_api,False
E06067A,WORTHINGTON DRIVE,,52.640244,-2.290615,2016-10-31,uk_ea_hydrology,sub_daily_api,False
E10002A,GRACE DIEU BROOK_M1 DS_E_201910,,52.783753,-1.281531,2019-10-07,uk_ea_hydrology,sub_daily_api,False
E01262A,TOLVER,,50.135579,-5.504735,2016-10-31,uk_ea_hydrology,sub_daily_api,False
E14102A,RAKEWAY ROAD,,52.979933,-1.982824,2016-09-12,uk_ea_hydrology,sub_daily_api,False
E13090A,WAVENEY_SCOLE BRIDGE_E_201808,,52.363011,1.152012,2018-08-06,uk_ea_hydrology,sub_daily_api,False
E01087A,BELOW M25,,51.68653,-0.095279,2013-05-30,uk_ea_hydrology,sub_daily_api,False
E05129A,SUTTON DELPH 2017,,52.396955,0.09287,2017-04-03,uk_ea_hydrology,sub_daily_api,False
GSML37,PAR A3082 BRIDGE,,50.349516,-4.706489,2012-08-22,uk_ea_hydrology,sub_daily_api,False
E16136A,SHIPLEY BROOK_TRIB FROM SHOTTLEGATE DS_E_202012,,53.027483,-1.516036,2020-12-23,uk_ea_hydrology,sub_daily_api,False
E01590A,SINCIL DRAIN_CANWICK_E_202204,,53.225222,-0.50167,2022-05-20,uk_ea_hydrology,sub_daily_api,False
E20217A,STOUR_CATTAWADE SLUICE_E_202109,,51.955232,1.059757,2021-09-09,uk_ea_hydrology,sub_daily_api,False
E08160A,LEVEN_NEWBY BRIDGE GAUGING STATION_E_201704,,54.26815,-2.974908,2017-04-03,uk_ea_hydrology,sub_daily_api,False
E11003A,LESSER MOSELLE_TOTTENHAM CEMETARY_E_201902,,51.60312,-0.080605,2019-02-05,uk_ea_hydrology,sub_daily_api,False
E15132A,OAKENSHAW BECK CROFTON STW,,53.661327,-1.460656,2017-05-08,uk_ea_hydrology,sub_daily_api,False
E14039A,HOLYWELL HILL ROAD DS,,51.746435,-0.342007,2017-07-27,uk_ea_hydrology,sub_daily_api,False
E01471A,BLACKFOSS BECK_SANDHILL LANE_E_202108,,53.917649,-0.895716,2021-08-02,uk_ea_hydrology,sub_daily_api,False
E03252A,DS NUNN BROOK GAUGING WEIR AT NUNN BROOK,,53.11702,-1.309293,2016-07-18,uk_ea_hydrology,sub_daily_api,False
E14079A,MILLWOOD BROOK CRESWELL CRAGS US,,53.262955,-1.196994,2015-02-17,uk_ea_hydrology,sub_daily_api,False
E14049A,BROOK FARM,,53.106749,-1.419413,2016-03-03,uk_ea_hydrology,sub_daily_api,False
E11217A,HOOTON DIKE_THURCROFT CSO US_E_201805,,53.395289,-1.239546,2018-05-08,uk_ea_hydrology,sub_daily_api,False
E05281A,PILL_BLUE ANCHOR_E_201904,,51.182269,-3.393149,2019-04-26,uk_ea_hydrology,sub_daily_api,False
E09023A,WELNEY COUNTERDRAIN 2018,,52.520972,0.252637,2018-04-03,uk_ea_hydrology,sub_daily_api,False
E21010A,BRETT_SHELLEY BRIDGE_E_201905,,52.007282,0.959007,2019-05-03,uk_ea_hydrology,sub_daily_api,False
E04205A,HAMPSHIRE AVON AT ENFORD,,51.262696,-1.798093,2017-07-19,uk_ea_hydrology,sub_daily_api,False
E03042A,LITTLE POLGOOTH DS,,50.314472,-4.80765,2014-03-24,uk_ea_hydrology,sub_daily_api,False
E02054A,SNOW SEWER PUMP STATION,,53.485385,-0.775404,2013-02-22,uk_ea_hydrology,sub_daily_api,False
E16043A,LYDDEN_BERRY FARM BRIDGE_E_202202,,50.915072,-2.36717,2022-02-24,uk_ea_hydrology,sub_daily_api,False
EP0142A,DS WATERCRESS BEDS,,51.097476,-1.188935,2014-07-16,uk_ea_hydrology,sub_daily_api,False
E09077A,US LUXULYAN STW,,50.391071,-4.754444,2015-06-26,uk_ea_hydrology,sub_daily_api,False
E12048A,WELMORE DELPH 2017,,52.562876,0.315412,2017-04-03,uk_ea_hydrology,sub_daily_api,False
E03089A,PENNYFEATHERS,,50.712402,-1.155315,2013-12-16,uk_ea_hydrology,sub_daily_api,False
E15080A,TRENWHEAL UPSTREAM,,50.149651,-5.339714,2017-11-17,uk_ea_hydrology,sub_daily_api,False
E11037A,NAUNTON HALL,,52.12964,1.390549,2014-12-04,uk_ea_hydrology,sub_daily_api,False
E06111A,MEERBROOK US FRITH BOTTOM FARM,,53.151012,-2.01471,2015-02-16,uk_ea_hydrology,sub_daily_api,False
E04034A,GLASTONBURY DS,,51.149815,-2.744928,2013-07-26,uk_ea_hydrology,sub_daily_api,False
E25088A,YEADING BROOK_NEWTON PARK FOOTBRIDGE_E_202111,,51.567969,-0.370179,2021-11-30,uk_ea_hydrology,sub_daily_api,False
E05123A,HALESFIELD,,52.627381,-2.42429,2015-01-14,uk_ea_hydrology,sub_daily_api,False
E01595A,DERWENT_MATLOCK STW_E_202205,,53.100679,-1.531166,2022-05-16,uk_ea_hydrology,sub_daily_api,False
E09096A,AYLESFORD STREAM_TRIB US_E_201902,,51.134932,0.953659,2019-02-07,uk_ea_hydrology,sub_daily_api,False
E04084A,RECREATION GROUND,,50.728412,-1.153256,2013-12-16,uk_ea_hydrology,sub_daily_api,False
E03096A,TOWN LANE SW3,,53.632362,-2.991021,2014-01-13,uk_ea_hydrology,sub_daily_api,False
E03066A,NORTH BOW BR AT TEMPLECOMBE,,51.003887,-2.38466,2016-03-17,uk_ea_hydrology,sub_daily_api,False
E11101A,MILNHAY STW DS,,53.011476,-1.321531,2016-10-24,uk_ea_hydrology,sub_daily_api,False
P01020A,REIGHTON MAIN TRIB,,54.167996,-0.251538,2017-06-08,uk_ea_hydrology,sub_daily_api,False
E05015A,BARHAM,,51.210911,1.155022,2014-03-17,uk_ea_hydrology,sub_daily_api,False
E04239A,DON_STOCKSBRIDGE WWTW DS _E_202001,,53.475582,-1.564276,2020-01-20,uk_ea_hydrology,sub_daily_api,False
E07114A,POPLAR HILL FARM,,52.231051,0.170916,2014-11-04,uk_ea_hydrology,sub_daily_api,False
E06208A,BOATHOUSE SLUICE DS MARTIN MERE,,53.739762,-2.959449,2017-12-01,uk_ea_hydrology,sub_daily_api,False
E15073A,AYLESFORD STREAM_NORTH TRIB_E_201902,,51.146515,0.973961,2019-02-07,uk_ea_hydrology,sub_daily_api,False
E01202A,CARLISLE DS,,54.902464,-2.979478,2015-12-18,uk_ea_hydrology,sub_daily_api,False
E06031A,BIRMINGHAM AIRPORT DS,,52.464658,-1.762973,2015-12-15,uk_ea_hydrology,sub_daily_api,False
GPRSA9A,PAR US STW,,50.391129,-4.754278,2012-08-22,uk_ea_hydrology,sub_daily_api,False
E01616A,SALMONS BROOK_SLADES HILL_E_202206,,51.655326,-0.107474,2022-07-28,uk_ea_hydrology,sub_daily_api,False
E09145A,WOODPLUMPTON_BROOK US_E_201805,,53.811409,-2.780981,2018-05-16,uk_ea_hydrology,sub_daily_api,False
E12085A,WARGRAVE STW US,,51.484588,-0.880703,2015-02-17,uk_ea_hydrology,sub_daily_api,False
E00385A,FOWEY_RESTORMEL_E_202002,,50.431086,-4.679554,2020-02-18,uk_ea_hydrology,sub_daily_api,False
E05363A,MEASE_HARLASTON BRIDGE_E_201910,,52.697704,-1.683244,2019-10-01,uk_ea_hydrology,sub_daily_api,False
E12079A,WARM BROOK US,,53.31099,-1.911628,2014-10-06,uk_ea_hydrology,sub_daily_api,False
E01523A,BOAT HOUSE SLUICE_US TRIAL SITES_E_202206,,53.639597,-2.877115,2022-06-30,uk_ea_hydrology,sub_daily_api,False
E04153A,WALCOT TRIB WALCOT FARM,,52.587892,-3.090054,2017-10-30,uk_ea_hydrology,sub_daily_api,False
E07015A,WYKEY,,52.814258,-2.897156,2014-08-04,uk_ea_hydrology,sub_daily_api,False
E09233A,EYE_FREEBY BROOK_E_202105,,52.767207,-0.802184,2021-05-10,uk_ea_hydrology,sub_daily_api,False
E04027A,LOBB FARM TRACK BRIDGE,,51.323193,-1.894753,2014-07-10,uk_ea_hydrology,sub_daily_api,False
E08156A,COUNTY ADIT ESNET,,50.234202,-5.139044,2017-05-30,uk_ea_hydrology,sub_daily_api,False
E05120A,FORGE FARMHOUSE LAWN,,51.096038,0.188521,2014-05-23,uk_ea_hydrology,sub_daily_api,False
E06116A,A110 US BRIDGE,,51.627044,0.01991,2017-08-31,uk_ea_hydrology,sub_daily_api,False
E13043A,SCOTTON BECK_BEDALE RD FOOTBRIDGE_E_202103,,54.357828,-1.707427,2021-03-31,uk_ea_hydrology,sub_daily_api,False
E07082A,WELMORE 2015,,52.562876,0.315412,2015-04-14,uk_ea_hydrology,sub_daily_api,False
EN0053A,RIVER BREDE AT A21,,50.929478,0.526081,2012-09-12,uk_ea_hydrology,sub_daily_api,False
E02560A,TORNE_TORNE BRIDGE_E_202205,,53.483728,-1.068008,2022-05-31,uk_ea_hydrology,sub_daily_api,False
E06259A,POOL STREAM,,53.741264,-2.877245,2017-04-19,uk_ea_hydrology,sub_daily_api,False
E04112A,ARUN CHURCH FARM PS,,50.94117,-0.513308,2017-09-26,uk_ea_hydrology,sub_daily_api,False
E06074A,GILLINGHAM 2015,,51.034189,-2.265587,2015-03-06,uk_ea_hydrology,sub_daily_api,False
E09053A,STANK BECK DS FISH POND,,53.895784,-1.534323,2018-04-09,uk_ea_hydrology,sub_daily_api,False
E04012A,HALES WOOD,,51.870512,-0.14498,2015-06-08,uk_ea_hydrology,sub_daily_api,False
E01256A,SPRUCE GILL INTAKE POND OUTLET,,54.220444,-1.776753,2016-04-07,uk_ea_hydrology,sub_daily_api,False
E01571A,SHEPPEY_BREWERY LANE_E_202207,,51.188262,-2.531386,2022-07-14,uk_ea_hydrology,sub_daily_api,False
E09079A,WELNEY COUNTERDRAIN 2014,,52.519612,0.250872,2014-04-07,uk_ea_hydrology,sub_daily_api,False
E03151A,DRIFFIELD TROUT_A164 ROAD BRIDGE_E_201807,,53.990865,-0.446757,2018-07-25,uk_ea_hydrology,sub_daily_api,False
E09104A,STRAWBERRY GRANGE US,,54.65805,-3.34132,2017-07-27,uk_ea_hydrology,sub_daily_api,False
E01244A,DS SONDE IN R WANDLE,,51.384779,-0.146379,2016-04-21,uk_ea_hydrology,sub_daily_api,False
E07023A,AQUALATE COLEY BK AT COLEY MILL,,52.77186,-2.325732,2017-12-04,uk_ea_hydrology,sub_daily_api,False
E03123A,PILSDON TRIB 2014,,50.78796,-2.817498,2014-01-23,uk_ea_hydrology,sub_daily_api,False
E15202A,SEM_WARDOUR_E_202204,,51.045434,-2.122105,2022-04-14,uk_ea_hydrology,sub_daily_api,False
E02119A,RIVER YEO AT MUDFORD,,50.977801,-2.606837,2014-07-18,uk_ea_hydrology,sub_daily_api,False
E06248A,GRACE DIEU BROOK_M1 US_E_201910,,52.783809,-1.284896,2019-10-07,uk_ea_hydrology,sub_daily_api,False
E16160A,FOULEVIL BROOK_BRADDERS POND DS_E_202104,,53.119321,-1.1395,2021-04-12,uk_ea_hydrology,sub_daily_api,False
E05085A,INGWORTH,,52.820351,1.251522,2013-09-17,uk_ea_hydrology,sub_daily_api,False
E00563A,WYE_BAKEWELL ROAD_E_202202,,53.252624,-1.897255,2022-02-15,uk_ea_hydrology,sub_daily_api,False
GPRSC7A,FIVE ACRE,,52.901415,-2.039764,2013-06-05,uk_ea_hydrology,sub_daily_api,False
E05154A,WOODWARD LODGES RECEPTION BR,,53.540534,-1.000923,2017-02-08,uk_ea_hydrology,sub_daily_api,False
E07025A,WHITE DRAIN STOCKERS HILL WPS DS,,51.301903,0.942662,2015-02-19,uk_ea_hydrology,sub_daily_api,False
E06071A,WARM BROOK DS,,53.311134,-1.911418,2014-10-06,uk_ea_hydrology,sub_daily_api,False
E15076A,WOODPLUMPTON_BROOK DS_E_201805,,53.815845,-2.788414,2018-05-16,uk_ea_hydrology,sub_daily_api,False
E14036A,LEVEN_NEWBY BRIDGE WEIR US_E_201910,,54.269514,-2.970794,2019-10-23,uk_ea_hydrology,sub_daily_api,False
E21033A,MORDA_OSWESTRY WTW DS_E_202010,,52.846167,-3.051063,2020-10-07,uk_ea_hydrology,sub_daily_api,False
E06017A,PH BOAT YARD,,52.708877,1.578771,2013-12-17,uk_ea_hydrology,sub_daily_api,False
E04030B,LONG LOAD YEO,,51.010793,-2.757793,2013-05-02,uk_ea_hydrology,sub_daily_api,False
E11118A,DEARNE_STORRS MILL BRIDGE_E_201907,,53.55743,-1.392794,2019-07-23,uk_ea_hydrology,sub_daily_api,False
EP0125A,WORFE AT COSFORD DS,,52.636676,-2.328361,2013-08-14,uk_ea_hydrology,sub_daily_api,False
E00497A,LEE_ASH CONFLUENCE DS_E_202107,,51.799048,-0.003594,2021-04-14,uk_ea_hydrology,sub_daily_api,False
E08278A,MERSEY_FLIXTON_E_202203,,53.439992,-2.389669,2022-03-24,uk_ea_hydrology,sub_daily_api,False
E13160A,VICAR WATER_NEWLANDS FARM_E_202103,,53.154866,-1.133556,2021-03-01,uk_ea_hydrology,sub_daily_api,False
E01215A,RIVER TEAN DS MOBBERLEY BROOK,,52.932639,-1.945798,2016-05-09,uk_ea_hydrology,sub_daily_api,False
E07135A,HUMESFORD BROOK_AQUALATE INFLOW_E_201901,,52.778539,-2.325663,2019-01-15,uk_ea_hydrology,sub_daily_api,False
E03091A,HIGHAMS PARK,,51.60391,-0.011385,2017-08-31,uk_ea_hydrology,sub_daily_api,False
E05132A,HIGHBERRIES BECK US THE GLEBE,,54.976054,-2.805942,2014-08-13,uk_ea_hydrology,sub_daily_api,False
E02564A,MARKET WEIGHTON_HASHOLME FORD BRIDGE_E_202208,,53.783423,-0.731881,2022-08-04,uk_ea_hydrology,sub_daily_api,False
E03115A,KEY BROOK WEST ORCHARD,,50.950146,-2.249989,2014-05-01,uk_ea_hydrology,sub_daily_api,False
E05158A,DS NUNN BROOK GAUGING WEIR,,53.11702,-1.309293,2016-03-03,uk_ea_hydrology,sub_daily_api,False
E17016A,CHESS_LATIMER PARK_E_202104,,51.678181,-0.562716,2021-04-01,uk_ea_hydrology,sub_daily_api,False
E08067A,SILVERSTONE 2017,,52.118038,-1.006052,2017-07-04,uk_ea_hydrology,sub_daily_api,False
E10129A,TRENT_GUNTHORPE LOCK_E_201808,,53.470253,-0.822437,2018-08-09,uk_ea_hydrology,sub_daily_api,False
E07022A,CAWTHORNE DYKE NEAR LOOBY BRIDGE,,53.571719,-1.573331,2018-04-09,uk_ea_hydrology,sub_daily_api,False
E02033A,HAZELBURY BRYAN,,50.872581,-2.376216,2013-05-15,uk_ea_hydrology,sub_daily_api,False
E15035A,ELLINGHAM MILL,,52.472001,1.479717,2015-07-13,uk_ea_hydrology,sub_daily_api,False
E20136A,DOVE_DS WORSBROUGH WWTW_E_202112,,53.527126,-1.445708,2021-12-14,uk_ea_hydrology,sub_daily_api,False
E03094A,HORNINGSEA,,52.241061,0.18154,2014-09-24,uk_ea_hydrology,sub_daily_api,False
E02280A,MUCK FLEET_STOKESBY NEW ROAD_E_201810,,52.648607,1.57785,2018-10-19,uk_ea_hydrology,sub_daily_api,False
E01143A,US LOGGERHEADS STW,,52.922395,-2.394492,2014-11-05,uk_ea_hydrology,sub_daily_api,False
E01111A,ABOVE MOLE NEW,,51.310942,-0.396936,2013-09-19,uk_ea_hydrology,sub_daily_api,False
E03034A,WINNINGTON GREEN,,52.704313,-3.015193,2013-06-18,uk_ea_hydrology,sub_daily_api,False
E00330A,SCALBY_COW WATH BECK STATION RD BRIDGE_E_201907,,54.303775,-0.433202,2019-07-02,uk_ea_hydrology,sub_daily_api,False
E07163A,SOWY DS BEER WALL,,51.084382,-2.867086,2016-08-31,uk_ea_hydrology,sub_daily_api,False
EP0132A,TOKYNGTON PARK LOWER,,51.545743,-0.271707,2013-09-04,uk_ea_hydrology,sub_daily_api,False
E05358A,DERWENT_DARLEY DALE BRIDGE DS_E_202008,,53.154672,-1.596316,2020-08-04,uk_ea_hydrology,sub_daily_api,False
E03050A,DS NORTH HERTS COLLEGE,,51.896535,-0.198834,2015-06-08,uk_ea_hydrology,sub_daily_api,False
PUTNEY,THAMES_PUTNEY_E_201710,,51.467276,-0.215313,2017-10-19,uk_ea_hydrology,sub_daily_api,False
E05301A,STOUR_BOXTED MILL_E_202204,,51.973439,0.925948,2022-04-04,uk_ea_hydrology,sub_daily_api,False
E14217A,STEEPING_WAINFLEET CLOUGH_E_201906,,53.111569,0.303594,2019-06-21,uk_ea_hydrology,sub_daily_api,False
E14115A,CARBIS STREAM DS MOLINNIS CSO,,50.401371,-4.775955,2017-11-17,uk_ea_hydrology,sub_daily_api,False
E01618A,SALMONS BROOK_ABOVE GLENBROOK_E_202206,,51.653318,-0.105114,2022-07-28,uk_ea_hydrology,sub_daily_api,False
E02042A,BRIGHTON STREAM US HIGHWAY DRAIN 905570,,50.37575,-4.947767,2013-11-29,uk_ea_hydrology,sub_daily_api,False
E11089A,REA BROOK DS MARTON POOL 2017,,52.618328,-3.037516,2017-07-10,uk_ea_hydrology,sub_daily_api,False
E11113A,CLIFF REACH ORWELL 2015,,52.044681,1.161623,2014-07-03,uk_ea_hydrology,sub_daily_api,False
E19021A,HIXHAM RHYNE_CLEWER PUMPING STATION_PS_202106,,51.259535,-2.80616,2021-06-17,uk_ea_hydrology,sub_daily_api,False
E18033A,BEER_CLAW PARK US_E_201907,,50.767824,-4.335805,2019-07-09,uk_ea_hydrology,sub_daily_api,False
E05235A,ARUN HOUGHTON BRIDGE,,50.89696,-0.543185,2017-09-26,uk_ea_hydrology,sub_daily_api,False
E06084A,EVINGTON BROOK SPINNEY HILL PARK,,52.635208,-1.104742,2014-04-17,uk_ea_hydrology,sub_daily_api,False
E08107A,CHURNET CRUMPWOOD WEIR,,52.979945,-1.862678,2017-12-01,uk_ea_hydrology,sub_daily_api,False
E01225A,DS MILL LANE,,53.119706,-1.301271,2016-07-18,uk_ea_hydrology,sub_daily_api,False
E01122A,SCARNING FEN OUTFLOW,,52.6716,0.930403,2013-08-07,uk_ea_hydrology,sub_daily_api,False
E09068A,FOLLY LANE,,51.610094,-0.030367,2017-08-31,uk_ea_hydrology,sub_daily_api,False
E03084A,RIVER SHERBOURNE GOSFORD,,52.406531,-1.498572,2013-10-10,uk_ea_hydrology,sub_daily_api,False
E04390A,STAITHES BECK_STAITHES CARAVAN PARK US MOBILE_E_202203,,54.551318,-0.807024,2022-03-17,uk_ea_hydrology,sub_daily_api,False
E00461A,SWALECLIFFE BROOK_DS SWALECLIFFE WTW_E_202104,,51.364607,1.06552,2021-04-21,uk_ea_hydrology,sub_daily_api,False
SALMON,SALMONS BROOK,,51.626087,-0.060348,2007-07-01,uk_ea_hydrology,sub_daily_api,False
E18058A,FISHERS POND TRIBUTARY SONDE,,50.98457,-1.306626,2018-01-16,uk_ea_hydrology,sub_daily_api,False
E01272A,DISCHARGE POINT DS,,50.783039,-3.1475,2017-11-06,uk_ea_hydrology,sub_daily_api,False
E18060A,WHITE DRAIN_WATERHAM RD_E_201909,,51.327453,0.951376,2019-09-03,uk_ea_hydrology,sub_daily_api,False
E13217A,CHANNELLS BROOK_WARNHAM MILL POND US_E_201904,,51.082818,-0.323952,2019-04-01,uk_ea_hydrology,sub_daily_api,False
E07278A,L LAKE_OUTLET_E_202109,,53.116692,-1.124163,2021-10-02,uk_ea_hydrology,sub_daily_api,False
E08015A,DUNNS BRIDGE,,50.885044,-2.488052,2014-11-14,uk_ea_hydrology,sub_daily_api,False
EN0090A,HINCKLEY STW DS,,52.529317,-1.391101,2013-05-22,uk_ea_hydrology,sub_daily_api,False
E04136A,HERNE BAY ROAD,,51.362062,1.06308,2015-02-09,uk_ea_hydrology,sub_daily_api,False
E03216A,FLEET DRAIN ITLING CLOUGH,,53.722133,-0.428668,2016-03-14,uk_ea_hydrology,sub_daily_api,False
E09152A,DELPH_WELMORE LAKE SLUICE_E_202107,,52.563282,0.317174,2021-07-14,uk_ea_hydrology,sub_daily_api,False
E05109A,PEAN HILL,,51.31947,1.032465,2014-07-10,uk_ea_hydrology,sub_daily_api,False
E02150A,PILSDON TRIB US MONKWOOD 2015,,50.785592,-2.812775,2015-03-17,uk_ea_hydrology,sub_daily_api,False
E02164A,GLOSSOP US STW,,53.449527,-1.995181,2015-09-21,uk_ea_hydrology,sub_daily_api,False
E04035A,BLUNTSHAY,,50.771808,-2.830433,2013-03-28,uk_ea_hydrology,sub_daily_api,False
E03071A,EVINGTON BROOK GOLF COURSE,,52.603396,-1.185067,2014-04-17,uk_ea_hydrology,sub_daily_api,False
E05068A,MOBBERLEY BROOK US CONF TEAN,,52.932639,-1.945798,2016-05-09,uk_ea_hydrology,sub_daily_api,False
E16037A,WHITE BIRD LAKE,,50.512876,-4.651302,2016-05-05,uk_ea_hydrology,sub_daily_api,False
E07070A,SOWLEY POND_SOWLEY HOUSE_E_201907,,50.766893,-1.466565,2019-07-01,uk_ea_hydrology,sub_daily_api,False
E15030A,US BRADFORD BECK NEAR A6038,,53.837152,-1.773035,2017-08-01,uk_ea_hydrology,sub_daily_api,False
E02618A,LUGG_WERGINS BRIDGE_E_202208,,52.098101,-2.689109,2022-08-16,uk_ea_hydrology,sub_daily_api,False
E10068A,BELSTEAD BROOK,,52.035601,1.118006,2017-10-10,uk_ea_hydrology,sub_daily_api,False
E03057A,MARTON POOL,,52.62244,-3.050391,2013-05-20,uk_ea_hydrology,sub_daily_api,False
E09102A,ALDINGBOURNE RIFE AT ALDINGBOURNE,,50.835273,-0.69246,2015-07-09,uk_ea_hydrology,sub_daily_api,False
E01029A,FURZE WOOD,,50.979422,-0.102094,2013-05-02,uk_ea_hydrology,sub_daily_api,False
GPRSC6A,GAYTON BROOK DS,,52.879456,-2.033517,2013-06-05,uk_ea_hydrology,sub_daily_api,False
E09044A,RH CULVERT,,52.710662,-2.493897,2015-03-30,uk_ea_hydrology,sub_daily_api,False
E06105A,STADBROOK PEAN HILL,,51.319116,1.031566,2015-02-09,uk_ea_hydrology,sub_daily_api,False
E08232A,BATLEY BECK_SMITHIES MOOR LANE _E_201911,,53.536253,-1.366692,2019-11-01,uk_ea_hydrology,sub_daily_api,False
E06065A,LONGTON BROOK TRENTHAM GARDENS,,52.964602,-2.199319,2014-07-29,uk_ea_hydrology,sub_daily_api,False
E00473A,BOTTLE BROOK_LUMB FARM_E_202105,,53.032399,-1.404739,2021-05-18,uk_ea_hydrology,sub_daily_api,False
E01229A,APPLEBY DS,,54.587791,-2.514255,2015-12-18,uk_ea_hydrology,sub_daily_api,False
E03471A,MARKET WEIGHTON_WHOLSEA GRANGE_E_202208,,53.798972,-0.719083,2022-08-04,uk_ea_hydrology,sub_daily_api,False
E05077A,ALLER BROOK US,,50.50154,-3.585352,2014-04-14,uk_ea_hydrology,sub_daily_api,False
E00555A,GW_MONKSDALE STREAM_BUXTON_202202,,53.256777,-1.788466,2021-12-23,uk_ea_hydrology,sub_daily_api,False
E05009A,FOWLEA BROOK DOWNSTREAM,,53.03273,-2.205151,2016-02-15,uk_ea_hydrology,sub_daily_api,False
E02107A,CLEMMOWS STREAM,,50.238965,-5.126916,2014-02-06,uk_ea_hydrology,sub_daily_api,False
E08021A,HORNING,,52.705725,1.460897,2013-12-17,uk_ea_hydrology,sub_daily_api,False
E09010A,US DRYMEADOW FM LANDFILL,,51.885799,-2.2146,2015-05-07,uk_ea_hydrology,sub_daily_api,False
E15057A,YEADING FLOOD STORAGE AREA,,51.547748,-0.420299,2016-03-07,uk_ea_hydrology,sub_daily_api,False
E06033A,HOW CAPLE BK DS,,51.96956,-2.57901,2015-09-01,uk_ea_hydrology,sub_daily_api,False
GPRSB5A,VILLIERS ROAD DS,,51.404351,-0.293462,2013-05-31,uk_ea_hydrology,sub_daily_api,False
E10116A,THORNTON BECK_WWTW US_E_201904,,54.224981,-0.723311,2019-04-03,uk_ea_hydrology,sub_daily_api,False
E08132A,WHISSENDINE BROOK LAKE OUTFALL,,52.7819,-0.793582,2015-10-26,uk_ea_hydrology,sub_daily_api,False
E19102A,WELCHES DAM DELPH 2018 SURFACE,,52.450392,0.162791,2018-04-03,uk_ea_hydrology,sub_daily_api,False
EP0114A,CURBOROUGH CRAFT CENTRE,,52.700638,-1.817813,2013-07-03,uk_ea_hydrology,sub_daily_api,False
E14076A,TOLVER 17/18,,50.135579,-5.504735,2017-10-02,uk_ea_hydrology,sub_daily_api,False
E03368A,TOM RUDD BECK_CONSTRUCTION SITE US_E_202002,,54.658109,-3.342439,2020-02-04,uk_ea_hydrology,sub_daily_api,False
E10113A,SOUTH WILLESBOROUGH DS OUTFALL,,51.13105,0.877448,2017-08-31,uk_ea_hydrology,sub_daily_api,False
E04163A,AMBLESIDE DS,,54.425001,-2.970366,2015-12-21,uk_ea_hydrology,sub_daily_api,False
E04006A,LYDDON HOUSE,,50.883733,-2.381508,2013-10-09,uk_ea_hydrology,sub_daily_api,False
E13002A,EYE_SOMERBY BROOK_E_202102,,52.740598,-0.781095,2021-02-22,uk_ea_hydrology,sub_daily_api,False
E03149A,STANBRIDGE ST BURITON RURAL,,50.991647,-0.932952,2017-05-03,uk_ea_hydrology,sub_daily_api,False
E01018A,HOME FARM,,52.851166,-1.654999,2013-01-16,uk_ea_hydrology,sub_daily_api,False
EN0067A,HORLEY,,51.179621,-0.135877,2012-12-12,uk_ea_hydrology,sub_daily_api,False
E04039A,WEST MOOR DRAIN AT MIDELNEY PS 2014,,51.008067,-2.832038,2014-04-16,uk_ea_hydrology,sub_daily_api,False
EN0083A,SHIPLEY BRIDGE,,51.148164,-0.131354,2013-03-05,uk_ea_hydrology,sub_daily_api,False
E11028A,WEST BECK_WANSFORD TROUT FARM DS_E_201807,,53.991996,-0.393966,2018-07-25,uk_ea_hydrology,sub_daily_api,False
E09021A,ALLER BROOK DS CONSTRUCTION SITE,,50.512156,-3.589092,2014-04-14,uk_ea_hydrology,sub_daily_api,False
E17085A,SHANKLIN SITE 4,,50.625382,-1.17736,2017-02-27,uk_ea_hydrology,sub_daily_api,False
E11048A,MIDDLE LEVEL PS,,52.702213,0.349085,2015-11-23,uk_ea_hydrology,sub_daily_api,False
E11132A,DS HOGSTOW BROOK,,52.640932,-2.95597,2016-01-15,uk_ea_hydrology,sub_daily_api,False
E04241A,DORE,,51.951721,-2.877172,2017-09-06,uk_ea_hydrology,sub_daily_api,False
E14095A,WATTON_SWAFFHAM ROAD_E_201808,,52.57058,0.796405,2017-11-23,uk_ea_hydrology,sub_daily_api,False
E04044A,EDGWARE BROOK NEW,,51.607528,-0.272264,2013-09-04,uk_ea_hydrology,sub_daily_api,False
E18148A,CHESS_CHESHAM STW US_E_202103,,51.690459,-0.587588,2021-03-25,uk_ea_hydrology,sub_daily_api,False
E05104A,MEECE BROOK WHITMORE,,52.956859,-2.284727,2014-07-30,uk_ea_hydrology,sub_daily_api,False
E10205A,LYDDEN_CANNINGS COURT FARM_E_202104,,50.869086,-2.404936,2021-04-29,uk_ea_hydrology,sub_daily_api,False
E14113A,YEADING BROOK_QUEENS WALK BRIDGE_E_201909,,51.567056,-0.39526,2019-09-11,uk_ea_hydrology,sub_daily_api,False
E00304A,CROOKHURST BECK_WIGTON ROAD_E_201809,,54.772331,-3.398826,2018-09-05,uk_ea_hydrology,sub_daily_api,False
E01227A,WOODPLUMPTON US,,53.814927,-2.785891,2016-06-10,uk_ea_hydrology,sub_daily_api,False
E04030A,WITCOMBE BOTTOM DRAIN AT LONG LOAD PS 2013,,51.031628,-2.798305,2013-05-02,uk_ea_hydrology,sub_daily_api,False
E04091A,PRIORS LEAZE LANE,,50.849655,-0.891589,2017-10-12,uk_ea_hydrology,sub_daily_api,False
E03022A,BOW LAKE STOKE COMMON COPSE,,50.983741,-1.330885,2017-12-07,uk_ea_hydrology,sub_daily_api,False
E03108A,BRIGHTON STREAM DS HIGHWAY DRAIN 905570,,50.37509,-4.951088,2013-11-29,uk_ea_hydrology,sub_daily_api,False
E05131A,GILLINGHAM,,51.034189,-2.265587,2014-10-31,uk_ea_hydrology,sub_daily_api,False
E15058A,A614 RD BRIDGE WOODHOUSE SEWER,,53.562818,-0.91233,2017-02-08,uk_ea_hydrology,sub_daily_api,False
EN0026A,US GLOUCESTER DOCKS,,51.865979,-2.252758,2012-11-05,uk_ea_hydrology,sub_daily_api,False
E06054A,DUBS BECK_WINDERMERE_E_201806,,54.401279,-2.888071,2018-06-04,uk_ea_hydrology,sub_daily_api,False
E06222A,LANGLEYS BROOK PTC BOATHOUSE SLUICE,,53.625767,-2.872972,2017-12-01,uk_ea_hydrology,sub_daily_api,False
E05100A,WAVENEY_HOXNE_E_201808,,52.357317,1.206514,2018-08-15,uk_ea_hydrology,sub_daily_api,False
E23037A,WALCOT TRIB US CHIRBURY STW (LOWER LANE),,52.568439,-3.093717,2017-10-30,uk_ea_hydrology,sub_daily_api,False
ERITH1,THAMES_ERITH BARGE_E_200707,,51.484104,0.182653,2007-07-01,uk_ea_hydrology,sub_daily_api,False
E12076A,CANNINGS COURT 2015,,50.869041,-2.404993,2015-10-08,uk_ea_hydrology,sub_daily_api,False
EN0012A,MILTON,,53.046943,-2.149848,2012-11-05,uk_ea_hydrology,sub_daily_api,False
E00584A,CHURNET_QUIXHALL GAUGE_E_202204,,52.976625,-1.860499,2022-04-25,uk_ea_hydrology,sub_daily_api,False
E05072A,RODING US OF RVM,,51.640318,0.081143,2017-02-14,uk_ea_hydrology,sub_daily_api,False
E01497A,HILDEN BROOK_DS HILDEN GRANGE_E_202110,,51.215955,0.260904,2021-10-07,uk_ea_hydrology,sub_daily_api,False
E04004A,WELSH HARP,,51.566633,-0.25842,2013-08-05,uk_ea_hydrology,sub_daily_api,False
E02001A,FISHLEY LANE DS,,52.643846,-1.985185,2013-12-16,uk_ea_hydrology,sub_daily_api,False
E08102A,BRAMPTON BECK,,54.875528,-3.153797,2015-01-14,uk_ea_hydrology,sub_daily_api,False
E04080A,RIVER BLAKEWATER DS,,53.745731,-2.480667,2013-11-07,uk_ea_hydrology,sub_daily_api,False
E07104A,WELNEY DELPH 2016,,52.519201,0.251691,2016-04-04,uk_ea_hydrology,sub_daily_api,False
E03100A,BRIXWORTH 2014,,52.338192,-0.918989,2014-08-04,uk_ea_hydrology,sub_daily_api,False
E01108A,LUDGERSHALL STW US,,51.873898,-1.057693,2013-10-02,uk_ea_hydrology,sub_daily_api,False
E02027A,PATNEY BRIDGE,,51.323193,-1.894753,2013-08-13,uk_ea_hydrology,sub_daily_api,False
E12233A,EASINGTON BECK_BOULBY MINE_E_202206,,55.129795,-1.567051,2022-06-29,uk_ea_hydrology,sub_daily_api,False
EP0150A,DS GRANGE LAKES,,51.113866,-1.196434,2014-07-16,uk_ea_hydrology,sub_daily_api,False
E16217A,ROM_KING GEORGE PLAYING FIELDS_E_201911,,51.58588,0.166394,2019-11-19,uk_ea_hydrology,sub_daily_api,False
E09056A,BURSTWICK DRAIN HALL BRIDGE,,53.739961,-0.144685,2016-06-15,uk_ea_hydrology,sub_daily_api,False
E16028A,DEARNE_HILL END FARM_E_202003,,53.574967,-1.495583,2020-03-06,uk_ea_hydrology,sub_daily_api,False
E01212A,COCKERMOUTH DS,,54.667364,-3.423746,2015-12-18,uk_ea_hydrology,sub_daily_api,False
E01043A,BELOW B1256,,51.867885,0.248948,2013-01-23,uk_ea_hydrology,sub_daily_api,False
E20058A,ARUN_SHANDYS CLOSE_E_201807,,51.061355,-0.343765,2018-07-30,uk_ea_hydrology,sub_daily_api,False
EP0159A,WEST SOMERTON R THURNE,,52.725951,1.644154,2015-04-17,uk_ea_hydrology,sub_daily_api,False
E01113A,CUTTLE BROOK,,52.369888,-1.755446,2013-11-11,uk_ea_hydrology,sub_daily_api,False
E04304A,FRANKER BROOK_DS CSO_E_202001,,53.016695,-1.545358,2020-01-22,uk_ea_hydrology,sub_daily_api,False
E03075A,MEPAL DELPH,,52.413964,0.114747,2013-06-13,uk_ea_hydrology,sub_daily_api,False
EN0061A,HOBBS CROSS COTTAGES,,51.673238,0.13485,2012-10-01,uk_ea_hydrology,sub_daily_api,False
E02087A,RIVER ARROW WEST OF LOWER BITTELL RESERVOIR,,52.365204,-1.982061,2013-11-18,uk_ea_hydrology,sub_daily_api,False
E10089A,SHANKLIN SITE 3,,50.625203,-1.177462,2017-02-27,uk_ea_hydrology,sub_daily_api,False
E02076A,BUNTINGFORD US,,51.951697,-0.017368,2013-02-28,uk_ea_hydrology,sub_daily_api,False
E13082A,COLNE_ALDERFORD MILL_E_201806,,51.975104,0.59704,2018-06-26,uk_ea_hydrology,sub_daily_api,False
E03380A,VER_DS CONFLUENCE_E_202201,,51.791936,-0.392656,2022-01-19,uk_ea_hydrology,sub_daily_api,False
E01079A,ENGINE LOCK COTTAGE,,53.059304,-2.148742,2012-12-03,uk_ea_hydrology,sub_daily_api,False
E01205A,WIXOE TURBIDITY,,52.058594,0.492977,2015-04-28,uk_ea_hydrology,sub_daily_api,False
E08136A,INGREBOURNE DS,,51.541733,0.216561,2015-11-24,uk_ea_hydrology,sub_daily_api,False
P01024A,REIGHTON SANDS,,54.168402,-0.250402,2017-06-08,uk_ea_hydrology,sub_daily_api,False
E22085A,THORNTON BECK_WWTW DS_E_201904,,54.226229,-0.723166,2019-04-03,uk_ea_hydrology,sub_daily_api,False
E04078A,TOWN LANE SW5,,53.628258,-2.993753,2014-01-13,uk_ea_hydrology,sub_daily_api,False
E09232A,WRIGGLE_KNAPP FARM DS_E_202003,,50.848403,-2.530525,2020-03-16,uk_ea_hydrology,sub_daily_api,False
E14030A,SHANKLIN SITE 2,,50.623422,-1.17991,2017-02-27,uk_ea_hydrology,sub_daily_api,False
E02326A,MILLWOOD BROOK_CLOWNE STW DS_E_201909,,53.271354,-1.221893,2019-09-19,uk_ea_hydrology,sub_daily_api,False
E05216A,NESS GROVE,,52.995035,-1.985649,2016-09-12,uk_ea_hydrology,sub_daily_api,False
E04111A,BOXSTED MILL,,51.971943,0.927525,2014-04-25,uk_ea_hydrology,sub_daily_api,False
E03121A,WHITELAKE DS GLASTONBURY FESTIVAL,,51.15497,-2.600666,2014-06-17,uk_ea_hydrology,sub_daily_api,False
E15095A,CINDERFORD BK_CRUMPMEADOW STW DS_E_201903,,51.8237,-2.513238,2019-03-06,uk_ea_hydrology,sub_daily_api,False
E02004A,ROLLESTON VILLAGE,,52.849403,-1.645584,2013-03-04,uk_ea_hydrology,sub_daily_api,False
E06073A,CHECKLEY STW DS,,52.932459,-1.945456,2015-03-10,uk_ea_hydrology,sub_daily_api,False
E00458A,SWALECLIFFE BROOK_DS PEAN HILL PS_E_202104,,51.31944,1.032248,2021-04-21,uk_ea_hydrology,sub_daily_api,False
GPRS90A,RUSHEY WEIR,,51.698172,-1.532986,2012-06-19,uk_ea_hydrology,sub_daily_api,False
TOTLK2,PYMMES BROOK EAST,,51.589414,-0.05589,2010-09-21,uk_ea_hydrology,sub_daily_api,False
E05251A,WITHAM_BOSTON 1_E_201710,,52.968563,-0.025412,2017-10-18,uk_ea_hydrology,sub_daily_api,False
E05065A,LONDON ROAD SILT INTERCEPTOR DS,,51.884876,-0.192587,2014-06-12,uk_ea_hydrology,sub_daily_api,False
E20088A,SUTTON DELPH 2018,,52.396955,0.09287,2018-04-03,uk_ea_hydrology,sub_daily_api,False
E04001A,MEPAL DELPH 2014,,52.413964,0.114747,2014-04-07,uk_ea_hydrology,sub_daily_api,False
E01251A,US SONDE IN R WANDLE,,51.384779,-0.146379,2016-04-21,uk_ea_hydrology,sub_daily_api,False
EN0088A,ABOVE BALANCING PONDS,,51.871379,0.248192,2013-01-23,uk_ea_hydrology,sub_daily_api,False
E18017A,REA BROOK B4499 BRIDGE,,52.626076,-2.999007,2016-09-05,uk_ea_hydrology,sub_daily_api,False
E03240A,AIGLEGILL MARCH 17,,54.771774,-3.383883,2017-01-10,uk_ea_hydrology,sub_daily_api,False
E01255A,NIDD AT WATH BRIDGE,,54.105592,-1.780459,2016-04-06,uk_ea_hydrology,sub_daily_api,False
E06035A,KEADBY PUMP STATION 2013,,53.591641,-0.739714,2013-08-14,uk_ea_hydrology,sub_daily_api,False
E05239A,BLACKBROOK_FORD_E_202103,,53.026137,-1.507761,2021-03-29,uk_ea_hydrology,sub_daily_api,False
E04121A,BRUNSTOCK BECK RICKERBY PARK,,54.905934,-2.920748,2014-08-13,uk_ea_hydrology,sub_daily_api,False
GPRSC2A,PELSALL COMMON,,52.642847,-1.982038,2013-06-05,uk_ea_hydrology,sub_daily_api,False
E02144A,CHURCH BRIDGE,,50.88734,-2.489597,2014-11-14,uk_ea_hydrology,sub_daily_api,False
E16005A,CARHAMPTON_EASTBURY FARM DS_E_201904,,51.178605,-3.404012,2019-04-26,uk_ea_hydrology,sub_daily_api,False
E12121A,SHELLEY BRIDGE RIVER BRETT,,52.007282,0.959007,2017-05-10,uk_ea_hydrology,sub_daily_api,False
EP0123A,WORFE AT COSFORD US,,52.63674,-2.327859,2013-08-14,uk_ea_hydrology,sub_daily_api,False
E16132A,LITTLE MERE US KINGSFORD BR,,50.88078,-4.097211,2017-10-13,uk_ea_hydrology,sub_daily_api,False
E09051A,WESTMARSH DROVE FARM RICHBOROUGH STREAM,,51.310292,1.262673,2014-08-20,uk_ea_hydrology,sub_daily_api,False
E05008A,FOWLEA BROOK UPSTREAM,,53.034842,-2.205042,2016-02-15,uk_ea_hydrology,sub_daily_api,False
E01163A,SILVER JUBILEE WAY US,,51.470999,-0.412296,2015-04-13,uk_ea_hydrology,sub_daily_api,False
E02082A,WHITCHURCH CANONICORUM,,50.755401,-2.866747,2013-03-28,uk_ea_hydrology,sub_daily_api,False
E03126A,KETLEY SANDS RH PIPE,,52.696194,-2.490404,2015-02-19,uk_ea_hydrology,sub_daily_api,False
E15015A,ROTHER SLITTING MILL RECYCLING,,53.286325,-1.342147,2017-04-27,uk_ea_hydrology,sub_daily_api,False
E05226A,SOULTON BROOK_TRIB DS_E_201805,,52.924641,-2.671182,2018-05-11,uk_ea_hydrology,sub_daily_api,False
E07058A,WITCOMBE BOTTOM DRAIN TEMPORARY,,51.010788,-2.758634,2014-04-04,uk_ea_hydrology,sub_daily_api,False
E01074A,WELCHES DAM,,52.450419,0.162837,2013-05-21,uk_ea_hydrology,sub_daily_api,False
E01069A,BAGBER BRIDGE 2015,,50.93983,-2.336765,2015-10-08,uk_ea_hydrology,sub_daily_api,False
E01459A,ROTHER_WWTW US_E_202107,,51.007319,0.24668,2021-07-06,uk_ea_hydrology,sub_daily_api,False
E05081A,DRAGON LEISURE CENTRE,,50.454549,-4.708467,2014-12-16,uk_ea_hydrology,sub_daily_api,False
E20039A,CAUNDLE BROOK_POLL BRIDGE_E_202202,,50.911606,-2.452742,2022-02-15,uk_ea_hydrology,sub_daily_api,False
GPRSB4A,VILLIERS ROAD US,,51.400251,-0.277513,2013-05-31,uk_ea_hydrology,sub_daily_api,False
E08217A,A110 DS BRIDGE,,51.624961,0.019225,2017-08-31,uk_ea_hydrology,sub_daily_api,False
E01071A,WELNEY COUNTERDRAIN,,52.519612,0.250872,2013-05-21,uk_ea_hydrology,sub_daily_api,False
EP0130A,POLGOOTH DS,,50.31458,-4.800577,2013-08-20,uk_ea_hydrology,sub_daily_api,False
E14026A,STANBRIDGE ST BELOW PETERSFIELD TOWN,,50.99215,-0.932869,2017-05-03,uk_ea_hydrology,sub_daily_api,False
E05052A,DOG AND DUCK INN,,51.324623,1.255177,2015-04-17,uk_ea_hydrology,sub_daily_api,False
E01248A,DS PUMPING STATION BUNTS LANE,,52.519201,0.251691,2016-04-04,uk_ea_hydrology,sub_daily_api,False
E09118A,MIMRAM_15 CODICOTE ROAD_E_201901,,51.83541,-0.218459,2019-01-04,uk_ea_hydrology,sub_daily_api,False
E04144A,US SUNNINGDALE TIP,,50.953812,-2.599463,2015-08-07,uk_ea_hydrology,sub_daily_api,False
E16057A,RED BROOK,,52.966129,-2.727435,2016-05-06,uk_ea_hydrology,sub_daily_api,False
E23057A,COLNE_TESCO WATFORD WATER LANE OUTFALL DS_E_201902,,51.653658,-0.388647,2019-02-05,uk_ea_hydrology,sub_daily_api,False
E03007A,KINGS MOOR MAIN DRAIN 2014,,51.012056,-2.755761,2014-03-07,uk_ea_hydrology,sub_daily_api,False
E07089A,ETSOME SLUICE,,51.073292,-2.740615,2015-03-09,uk_ea_hydrology,sub_daily_api,False
E07228A,DIDGELEY BROOK_CONFLUENCE WITH RIVER BOURNE_E_201810,,52.495936,-1.597054,2018-10-16,uk_ea_hydrology,sub_daily_api,False
E04274A,STOUR_CATTAWADE SLUICE_E_202206,,51.955709,1.057999,2022-06-15,uk_ea_hydrology,sub_daily_api,False
E02025A,FIR TREE DS,,50.868476,-2.369106,2013-05-15,uk_ea_hydrology,sub_daily_api,False
E17005A,STORT_SOUTH MILL LOCK_E_201907,,51.859061,0.168616,2019-07-17,uk_ea_hydrology,sub_daily_api,False
E04119A,WELNEY COUNTERDRAIN 2015,,52.519612,0.250872,2015-04-14,uk_ea_hydrology,sub_daily_api,False
GPRSB9A,READING SEWER,,51.037592,0.69912,2013-05-31,uk_ea_hydrology,sub_daily_api,False
E13106A,DISEWORTH BROOK_M1 DS_E_201910,,52.811105,-1.305085,2019-10-21,uk_ea_hydrology,sub_daily_api,False
E12118A,BRUE_WESTHAY BRIDGE_E_201908,,51.180271,-2.80595,2019-08-05,uk_ea_hydrology,sub_daily_api,False
E08036A,BRADFORD BROOK UNIVERSITY OF BRADFORD,,53.793828,-1.762596,2016-12-13,uk_ea_hydrology,sub_daily_api,False
E07017A,LUBBESTHORPE BROOK MAIN TRIB,,52.603396,-1.185067,2014-04-17,uk_ea_hydrology,sub_daily_api,False
E01033A,SCOTNEY COURT,,50.942354,0.869435,2012-11-27,uk_ea_hydrology,sub_daily_api,False
E09202A,DEARNE_SMITHIES LANE_E_202003,,53.567422,-1.477992,2020-03-06,uk_ea_hydrology,sub_daily_api,False
E03062A,WITCOMBE BOTTOM DRAIN AT LONG LOAD PS 2014,,51.010788,-2.758634,2014-03-07,uk_ea_hydrology,sub_daily_api,False
E03363A,ENBORNE_BISHOPS GREEN STW DS_E_201908,,51.367293,-1.275783,2019-08-07,uk_ea_hydrology,sub_daily_api,False
E02157A,GAYLE BECK US URE CONFLUENCE,,54.309849,-2.191616,2016-07-18,uk_ea_hydrology,sub_daily_api,False
E04071A,HALES/ASTONBURY WOOD,,51.870512,-0.14498,2014-06-12,uk_ea_hydrology,sub_daily_api,False
E02261A,CROYDE ST SOUTH TRIB AT FORDA HOUSE,,50.90402,-4.196412,2017-03-13,uk_ea_hydrology,sub_daily_api,False
E03083A,HEATH LAKE SSSI,,51.379673,-0.808027,2016-10-21,uk_ea_hydrology,sub_daily_api,False
E16148A,EYE_LANGHAM BROOK_E_202102,,52.740388,-0.764318,2021-02-08,uk_ea_hydrology,sub_daily_api,False
E16035A,US KNOWLE STW DISCHARGE,,50.884901,-1.209505,2015-09-03,uk_ea_hydrology,sub_daily_api,False
E07101A,TRELOY TOURING PARK,,50.433687,-5.014124,2014-06-24,uk_ea_hydrology,sub_daily_api,False
E10035A,WAPLES MILL,,51.766308,0.300318,2014-04-11,uk_ea_hydrology,sub_daily_api,False
E02075A,CHASTON TRIB,,50.852618,-2.403103,2013-05-29,uk_ea_hydrology,sub_daily_api,False
E01165A,STOUR_BOXSTED MILL_E_201807,,51.97191,0.927741,2018-07-09,uk_ea_hydrology,sub_daily_api,False
E06049A,HOCKERHILL BRIDGE,,51.870442,0.163411,2013-10-09,uk_ea_hydrology,sub_daily_api,False
E03060A,BRIDGE TOWN,,52.673218,-2.040294,2013-12-16,uk_ea_hydrology,sub_daily_api,False
E01075A,WICK STREET STREAM,,50.860658,0.189928,2013-02-06,uk_ea_hydrology,sub_daily_api,False
E05114A,WHITELAKE US GLASTONBURY FESTIVAL,,51.146691,-2.573239,2014-06-17,uk_ea_hydrology,sub_daily_api,False
GPRSC1A,WALKMILL LANE,,52.672589,-2.038844,2013-06-05,uk_ea_hydrology,sub_daily_api,False
E07148A,AVON AT WAINSFORD BRIDGE,,50.754084,-1.577865,2016-06-01,uk_ea_hydrology,sub_daily_api,False
E22073A,DELPH_WELMORE LAKE SLUICE_E_202204,,52.563282,0.317174,2022-04-01,uk_ea_hydrology,sub_daily_api,False
E17058A,FISHERS POND DRAIN DS,,50.984533,-1.310943,2017-12-07,uk_ea_hydrology,sub_daily_api,False
E16073A,CHANNELLS BROOK_FAYGATE STW DS_E_201904,,51.092175,-0.266321,2019-04-01,uk_ea_hydrology,sub_daily_api,False
BARIERA,THAMES_BARRIER GARDENS PIER_E_201506,,51.495719,0.041544,2015-06-01,uk_ea_hydrology,sub_daily_api,False
E08143A,CLAYHITHE 2,,52.257554,0.198908,2017-05-16,uk_ea_hydrology,sub_daily_api,False
E03026A,FARLEY 1,,52.615654,-2.544003,2013-06-03,uk_ea_hydrology,sub_daily_api,False
E11077A,SKITWATH BECK BEHIND BECKSIDE GARAGE,,54.640764,-2.903387,2016-02-09,uk_ea_hydrology,sub_daily_api,False
E05062A,LAMBERAL WATER,,50.854054,-4.450841,2014-06-25,uk_ea_hydrology,sub_daily_api,False
E06061A,OLD WORCESTER ROAD,,52.637896,-2.302318,2016-10-31,uk_ea_hydrology,sub_daily_api,False
E14107A,LEIGHTON MOSS_SPRING_E_201902,,54.174483,-2.783839,2019-01-29,uk_ea_hydrology,sub_daily_api,False
E09006A,DS ROWLEY BROOK,,52.63176,-2.984819,2016-01-15,uk_ea_hydrology,sub_daily_api,False
E02018A,MANOR ROAD BRIDGE,,50.96063,-0.111746,2013-05-02,uk_ea_hydrology,sub_daily_api,False
EP0109A,ALREWAS,,52.733122,-1.759759,2013-07-03,uk_ea_hydrology,sub_daily_api,False
E02276A,WINDRUSH_SANTHILL_E_201807,,51.873221,-1.744667,2018-07-12,uk_ea_hydrology,sub_daily_api,False
E01097A,BRIDGE COTTAGE,,52.702163,-3.029943,2013-06-18,uk_ea_hydrology,sub_daily_api,False
E05056A,LOWER LANGDON TRIB,,50.809551,-2.725095,2015-07-08,uk_ea_hydrology,sub_daily_api,False
E06235A,TEME LOWER STANAGE,,52.350617,-2.954082,2017-05-30,uk_ea_hydrology,sub_daily_api,False
E04081A,INLET TO PLAISTOW MILL FISH FARM,,51.12115,-4.048421,2014-07-23,uk_ea_hydrology,sub_daily_api,False
E02496A,ROTHER_CONFLUENCE DS_E_202107,,51.002484,0.261869,2021-07-06,uk_ea_hydrology,sub_daily_api,False
E08202A,DEARNE_PONTEFRACT RD_E_201910,,53.553797,-1.448242,2019-10-24,uk_ea_hydrology,sub_daily_api,False
E06228A,PILL_BLUE ANCHOR_E_201810,,51.182403,-3.393196,2018-10-16,uk_ea_hydrology,sub_daily_api,False
E05141A,RIVER TOVE AT COSGROVE,,52.071996,-0.83246,2018-03-22,uk_ea_hydrology,sub_daily_api,False
E09270A,CRIMPLE BECK_BURN BRIDGE_E_202201,,53.957524,-1.541972,2022-01-17,uk_ea_hydrology,sub_daily_api,False
E07012A,MEADOW LANE TRIB,,53.109134,-1.373864,2016-03-02,uk_ea_hydrology,sub_daily_api,False
E09066A,SILCHESTER BROOK_SILCHESTER STW US_E_201904,,51.343122,-1.106275,2019-04-30,uk_ea_hydrology,sub_daily_api,False
SHLFD2,SHALFORD JULY 2015,,51.220724,-0.573815,2007-06-29,uk_ea_hydrology,sub_daily_api,False
E02113A,LANGLEY BROOK DS COLLETTS BROOK CONFLUENCE,,52.57056,-1.763436,2014-01-09,uk_ea_hydrology,sub_daily_api,False
EP0112A,SEM WARDOUR,,51.044802,-2.115442,2013-07-09,uk_ea_hydrology,sub_daily_api,False
E13067A,ROM_CROWNFIELD SCHOOL DS_E_201911,,51.590706,0.15389,2019-11-19,uk_ea_hydrology,sub_daily_api,False
E03148A,US WEST TRIB LIMEKILN FM,,50.878209,0.185861,2015-05-20,uk_ea_hydrology,sub_daily_api,False
E14121A,TEME_POWICK WEIR DS_E_201806,,52.168896,-2.246534,2018-06-29,uk_ea_hydrology,sub_daily_api,False
E09141A,TAME_REDDISH VALE_E_202203,,53.437296,-2.144492,2022-03-25,uk_ea_hydrology,sub_daily_api,False
E03269A,STAINFORTH MOOR RD LINDHOLME GRANGE COTTAGES,,53.562818,-0.91233,2017-02-08,uk_ea_hydrology,sub_daily_api,False
E08049A,WELCHES DAM DELPH 2014,,52.450419,0.162837,2014-04-07,uk_ea_hydrology,sub_daily_api,False
E01282A,DERWENT_ROWSLEY DS_E_201808,,53.189483,-1.617211,2018-08-14,uk_ea_hydrology,sub_daily_api,False
E09230A,HILLYLAID POOL_MID_E_201810,,53.880706,-2.989524,2018-10-16,uk_ea_hydrology,sub_daily_api,False
E02070A,LITTLE DEEP BIRD HUT,,50.833147,-0.920651,2017-10-12,uk_ea_hydrology,sub_daily_api,False
M06018A,ALCONBURY BROOK_GREEN LODGE_K_201812,,52.396921,-0.303256,2018-12-18,uk_ea_hydrology,sub_daily_api,False
EN0040A,RIVER LINE AT A21,,50.930729,0.524754,2012-09-12,uk_ea_hydrology,sub_daily_api,False
E04309A,SWINESCALES BECK_BECKSES CARAVAN PARK_E_201901,,54.639514,-2.903436,2019-01-10,uk_ea_hydrology,sub_daily_api,False
E02021A,LEE MILL 1,,50.384934,-3.959057,2012-12-12,uk_ea_hydrology,sub_daily_api,False
EN0056A,BELOW COTTAGES,,51.663848,0.135407,2012-10-01,uk_ea_hydrology,sub_daily_api,False
E02524A,THORNTON BECK_US FISH FARM_E_202205,,54.246541,-0.698658,2022-05-31,uk_ea_hydrology,sub_daily_api,False
E05211A,WORM,,51.95215,-2.872713,2017-09-06,uk_ea_hydrology,sub_daily_api,False
E12044A,BYDEMILL BROOK US THINGLEY STW 2015,,51.426066,-2.173646,2015-06-10,uk_ea_hydrology,sub_daily_api,False
E20065A,TOFT NEWTON_RESERVOIR DRAW OFF TOWER_E_202207,,53.372911,-0.448195,2022-07-12,uk_ea_hydrology,sub_daily_api,False
EP0143A,MAIN CHANNEL AT ABBOTSTONE,,51.108324,-1.19603,2014-07-16,uk_ea_hydrology,sub_daily_api,False
E10067A,REDHILL FOOTBRIDGE,,52.57833,0.845908,2018-03-08,uk_ea_hydrology,sub_daily_api,False
E08208A,BEER_ELM COTTAGE DS_E_201907,,50.768147,-4.336728,2019-07-09,uk_ea_hydrology,sub_daily_api,False
E10033A,HAYLE RIVER AT ST ERTH,,50.164814,-5.432968,2017-07-17,uk_ea_hydrology,sub_daily_api,False
E00315A,LOX_BREWHURST BRIDGE US LOXWOOD STW_E_201809,,51.070283,-0.507891,2018-09-25,uk_ea_hydrology,sub_daily_api,False
E04115A,WORCESTER GAUGING STATION 2014,,52.206904,-2.235403,2014-08-13,uk_ea_hydrology,sub_daily_api,False
E01236A,WELMORE DELPH 2016,,52.562876,0.315412,2016-04-04,uk_ea_hydrology,sub_daily_api,False
E01150A,GRASMERE ROAD,,51.351266,1.059774,2015-02-09,uk_ea_hydrology,sub_daily_api,False
E03107A,LITTLE POLGOOTH US,,50.313781,-4.8124,2014-03-24,uk_ea_hydrology,sub_daily_api,False
E06057A,ALDBOURNE DS,,51.47711,-1.61709,2014-02-04,uk_ea_hydrology,sub_daily_api,False
E00302A,THAMES_TEDDINGTON WEIR_E_201902,,51.429082,-0.318506,2019-02-01,uk_ea_hydrology,sub_daily_api,False
E04009A,LETCHWORTH DS STW,,51.99929,-0.239609,2015-09-14,uk_ea_hydrology,sub_daily_api,False
E05142A,POWELLS POOL_SUTTON PARK_E_202207,,52.556152,-1.846657,2022-07-19,uk_ea_hydrology,sub_daily_api,False
E03019A,WHITE BRIDGE ON A22,,51.189007,-0.049133,2013-08-15,uk_ea_hydrology,sub_daily_api,False
E01016A,SANDON DS A10,,51.965095,-0.028583,2013-02-28,uk_ea_hydrology,sub_daily_api,False
E19060A,WHITE DRAIN_A299 DS_E_201910,,51.316045,0.947572,2019-10-29,uk_ea_hydrology,sub_daily_api,False
E18095A,MAGHOLE BROOK_M1 US_E_201911,,53.093165,-1.305136,2019-11-01,uk_ea_hydrology,sub_daily_api,False
E01146A,CAUSEWAY US,,51.469661,-0.411061,2015-04-13,uk_ea_hydrology,sub_daily_api,False
E06387A,LAKE 32_COTSWOLDS WATER PARK_E_202206,,51.661456,-1.959436,2022-06-23,uk_ea_hydrology,sub_daily_api,False
E00524A,THORNTON BECK_DS MANHOLE COVER_E_202111,,54.226193,-0.723182,2021-11-17,uk_ea_hydrology,sub_daily_api,False
E06230A,TREVEOR FARM DS 2017,,50.240901,-4.826129,2017-04-06,uk_ea_hydrology,sub_daily_api,False
E02278A,LAMBOURN_M4 SONDE 2_E_201908,,51.449808,-1.403188,2019-08-29,uk_ea_hydrology,sub_daily_api,False
E04149A,DS BRADFORD BECK NEAR NUFFIELD GYM,,53.838732,-1.76751,2017-08-01,uk_ea_hydrology,sub_daily_api,False
E18085A,STANBRIDGE ST AT PETERSFIELD,,51.00123,-0.936566,2017-05-03,uk_ea_hydrology,sub_daily_api,False
E04063A,WINGRAVE STW DS,,51.85346,-0.762404,2013-11-07,uk_ea_hydrology,sub_daily_api,False
E05048A,SMALL BROOK WEEKSTONE CROSS,,50.821584,-4.415559,2013-11-19,uk_ea_hydrology,sub_daily_api,False
E20010A,AVON_CLARKS LAKE_E_201904,,51.057432,-1.766711,2019-04-03,uk_ea_hydrology,sub_daily_api,False
E13113A,SLEAP BROOK_TILLEY_E_201906,,52.847149,-2.736773,2019-06-05,uk_ea_hydrology,sub_daily_api,False
E06077A,BRUNSTOCK BECK HIGH KNELLS,,54.940379,-2.90769,2014-08-13,uk_ea_hydrology,sub_daily_api,False
E01308A,SKITWATH BECK_BECKSES CARAVAN PARK_E_201901,,54.64083,-2.903016,2019-01-10,uk_ea_hydrology,sub_daily_api,False
E11031A,PORTH STREAM US WHIPSIDERRY ST 2018,,50.425723,-5.047371,2018-06-19,uk_ea_hydrology,sub_daily_api,False
E03112A,BROCKENHURST WWTW US,,50.822687,-1.562894,2014-09-22,uk_ea_hydrology,sub_daily_api,False
E05095A,REDNAL DS,,52.859331,-2.931207,2014-08-04,uk_ea_hydrology,sub_daily_api,False
E17132A,STAITHES BECK_STAITHES CARAVAN PARK DS_E_202102,,54.556933,-0.795834,2021-02-22,uk_ea_hydrology,sub_daily_api,False
E16007A,LAMBERAL WATER_PIGSDON QUARRY US_E_202010,,50.858961,-4.451027,2020-10-08,uk_ea_hydrology,sub_daily_api,False
E13148A,WAVENEY_HOXNE_E_201906,,52.357317,1.206514,2019-06-11,uk_ea_hydrology,sub_daily_api,False
E13062A,WYE_DS ASHWOOD DALE WWTW_E_201903,,53.252434,-1.896116,2019-03-29,uk_ea_hydrology,sub_daily_api,False
E01355A,ALNE_GREAT ALNE MILL DS_E_201911,,52.22853,-1.823614,2019-11-05,uk_ea_hydrology,sub_daily_api,False
E04233A,HOVETON GREAT BROAD,,52.639154,1.418083,2018-01-08,uk_ea_hydrology,sub_daily_api,False
E01358A,MILLWOOD BROOK_CLOWNE STW US_E_201909,,53.273015,-1.249665,2019-09-19,uk_ea_hydrology,sub_daily_api,False
E03229A,DISEWORTH BROOK_M1 US_E_201910,,52.811939,-1.313959,2019-10-21,uk_ea_hydrology,sub_daily_api,False
E02066A,MAIN ST AT FOOTPATH TO HIGH BARN,,50.865856,0.190911,2015-05-20,uk_ea_hydrology,sub_daily_api,False
E07036A,SHIPLEY GATE,,53.014402,-1.32235,2016-10-24,uk_ea_hydrology,sub_daily_api,False
E03017A,FIR TREE US,,50.867489,-2.368473,2013-05-15,uk_ea_hydrology,sub_daily_api,False
E05282A,LUGG_US ARROW CONF_E_202110,,52.211421,-2.714411,2021-10-12,uk_ea_hydrology,sub_daily_api,False
E10111A,ROTHER NEWBRIDGE LANE,,53.261179,-1.413771,2017-04-27,uk_ea_hydrology,sub_daily_api,False
E08135A,WITHAM_COLSTERWORTH US _E_201905,,52.803781,-0.62489,2019-05-21,uk_ea_hydrology,sub_daily_api,False
E11069A,JUMP VALLEY_WELLAND ROAD CSO DS_E_202011,,53.500828,-1.414151,2020-11-17,uk_ea_hydrology,sub_daily_api,False
E04022A,BOW LAKE MAIN SONDE,,50.983497,-1.306115,2018-01-16,uk_ea_hydrology,sub_daily_api,False
E01608A,BOAT HOUSE SLUICE_DS SPRAY IRRIGATION_E_202206,,53.644305,-2.887106,2022-06-30,uk_ea_hydrology,sub_daily_api,False
E11085A,TRUMPERS WAY US,,51.500685,-0.338477,2014-10-20,uk_ea_hydrology,sub_daily_api,False
E02141A,BARTON BROOK US,,53.837893,-2.710703,2013-10-21,uk_ea_hydrology,sub_daily_api,False
E12161A,VARFELL STREAM_BOTREVA_E_202012,,50.138377,-5.496989,2020-12-15,uk_ea_hydrology,sub_daily_api,False
E07222A,VARFELL STREAM_VARFELL FARM_E_201811,,50.132613,-5.493923,2018-11-26,uk_ea_hydrology,sub_daily_api,False
E02262A,SANCTUARY BRIDGE 2017,,52.178716,1.32094,2017-04-12,uk_ea_hydrology,sub_daily_api,False
E01125A,CAUNDLE AT LYDLINCH,,50.926532,-2.366008,2013-10-09,uk_ea_hydrology,sub_daily_api,False
E09009A,INLET MARTON POOL 2017,,52.61857,-3.04473,2017-11-01,uk_ea_hydrology,sub_daily_api,False
E01263A,VARFELL FARM,,50.133101,-5.494141,2016-10-31,uk_ea_hydrology,sub_daily_api,False
E03386A,SEVERN_BEWDLEY BRIDGE_E_202207,,52.376273,-2.312058,2022-07-11,uk_ea_hydrology,sub_daily_api,False
E06090A,STAFFORD PARK OUTFALL,,52.652496,-2.43225,2015-01-14,uk_ea_hydrology,sub_daily_api,False
E02047A,LOTT BRIDGE,,50.792125,0.29245,2013-06-25,uk_ea_hydrology,sub_daily_api,False
E04258A,BOATHOUSE SLUICE US MARTIN MERE,,53.742819,-2.96152,2017-12-01,uk_ea_hydrology,sub_daily_api,False
E01530A,TILL_HAREHOPE_E_202202,,55.494485,-1.958829,2022-02-04,uk_ea_hydrology,sub_daily_api,False
E10012A,COMBE HAVEN US GORRINGE ST,,50.852183,0.521021,2016-08-22,uk_ea_hydrology,sub_daily_api,False
E05017A,TRIBUTARY OF STORT HOUSING DEVELOPMENT,,51.869229,0.161886,2013-10-09,uk_ea_hydrology,sub_daily_api,False
E03136A,HIGHBERRIES BECK DS THE GLEBE,,54.978629,-2.799822,2014-08-13,uk_ea_hydrology,sub_daily_api,False
E08053A,HARDY CLOSE UPSTREAM,,51.134376,0.905532,2018-01-17,uk_ea_hydrology,sub_daily_api,False
E16089A,SILCHESTER BROOK_SILCHESTER STW DS_E_201904,,51.347877,-1.108451,2019-04-30,uk_ea_hydrology,sub_daily_api,False
E04313A,DERWENT_DS TENDLEY QUARRY_E_202209,,54.652614,-3.431491,2022-09-30,uk_ea_hydrology,sub_daily_api,False
E16020A,HIXHAM RHYNE_CLEWER PUMPING STATION_E_201805,,51.259535,-2.806146,2018-05-31,uk_ea_hydrology,sub_daily_api,False
E10061A,BROWNS LANE NECTON,,52.643295,0.77263,2018-02-15,uk_ea_hydrology,sub_daily_api,False
E16065A,OLD CANAL_MILL HOUSE_E_202105,,52.731761,-2.514764,2021-05-03,uk_ea_hydrology,sub_daily_api,False
E21035A,BURSCOUGH STW DOWNSTREAM,,53.619443,-2.871194,2018-01-24,uk_ea_hydrology,sub_daily_api,False
E01105A,WOLLASTON,,52.70269,-3.00524,2013-10-09,uk_ea_hydrology,sub_daily_api,False
E19039A,WELNEY COUNTERDRAIN_E_202104,,52.520972,0.252622,2021-04-01,uk_ea_hydrology,sub_daily_api,False
E08076A,SILVERSTONE 2,,52.118038,-1.006052,2014-06-19,uk_ea_hydrology,sub_daily_api,False
E11146A,WHARFE_APPLETREEWICK_E_202207,,54.033607,-1.923161,2022-07-15,uk_ea_hydrology,sub_daily_api,False
E13058A,CLIFF REACH ORWELL SONDE,,52.044681,1.161623,2016-01-04,uk_ea_hydrology,sub_daily_api,False
E06002A,QUARRY US,,50.892179,-4.123831,2017-10-13,uk_ea_hydrology,sub_daily_api,False
E04363A,WINDRUSH_GILL MILL QUARRY US_E_201909,,51.754576,-1.440658,2019-09-19,uk_ea_hydrology,sub_daily_api,False
E04028A,BROMLEY FORD,,52.911289,-2.314495,2014-10-08,uk_ea_hydrology,sub_daily_api,False
E01103A,GRENDON UNDERWOOD STW DS,,51.885058,-1.021514,2013-10-02,uk_ea_hydrology,sub_daily_api,False
E05076A,SCARROW BECK,,52.824185,1.23331,2013-09-17,uk_ea_hydrology,sub_daily_api,False
E02147A,BYDEMILL BROOK DS THINGLEY STW,,51.422319,-2.159164,2014-08-19,uk_ea_hydrology,sub_daily_api,False
E05005A,R BOVEY DS HEATHFIELD STW,,50.575131,-3.641433,2016-07-29,uk_ea_hydrology,sub_daily_api,False
E02515A,AVON_WARLEIGH WEIR_FLUIDION_K_202205,,51.376965,-2.300886,2022-06-07,uk_ea_hydrology,sub_daily_api,False
E03053A,WELNEY COUNTERDRAIN NEW,,52.519612,0.250872,2014-07-31,uk_ea_hydrology,sub_daily_api,False
EP0138A,BOOKHAM ROAD NEW,,51.298395,-0.3935,2013-09-19,uk_ea_hydrology,sub_daily_api,False
E01336A,LEE_SPRINGFIELD PARK_K_201906,,51.570363,-0.055058,2019-06-19,uk_ea_hydrology,sub_daily_api,False
E11054A,FAIRLOP WATERS_FAIRLOP_E_201908,,51.597113,0.105071,2019-08-08,uk_ea_hydrology,sub_daily_api,False
E08216A,AVON_QUEENS FALLS WEIR_E_201907,,51.171541,-1.78516,2019-07-30,uk_ea_hydrology,sub_daily_api,False
EP0139A,WESTERN AVON AT UPAVON,,51.302415,-1.809911,2013-08-13,uk_ea_hydrology,sub_daily_api,False
E24088A,ELLEN_ASPATRIA US_E_202104,,54.755186,-3.324874,2021-04-01,uk_ea_hydrology,sub_daily_api,False
E21123A,EYE_UPPER EYE_E_202105,,52.766236,-0.784455,2021-05-10,uk_ea_hydrology,sub_daily_api,False
E09126A,ECCLESBOURNE_FOOTBRIDGE DS TURNDITCH_E_202001,,53.01443,-1.543265,2020-01-22,uk_ea_hydrology,sub_daily_api,False
GPRSC5A,GAYTON BROOK US,,52.880148,-2.034499,2013-06-05,uk_ea_hydrology,sub_daily_api,False
E09084A,DS SILT INTERCEPTOR,,51.884876,-0.192587,2015-06-08,uk_ea_hydrology,sub_daily_api,False
E16056A,LANGFORD BROOK_US BICESTER STW_E_202205,,51.885881,-1.162026,2022-05-31,uk_ea_hydrology,sub_daily_api,False
E05270A,L LAKE_FOULEVIL INLET_E_202109,,53.119367,-1.127247,2021-11-22,uk_ea_hydrology,sub_daily_api,False
E13102A,LUZBOROUGH OFF STATION ROAD,,50.942069,-1.482996,2016-07-14,uk_ea_hydrology,sub_daily_api,False
E07248A,ALNE_GREAT ALNE MILL US_E_201911,,52.227101,-1.823649,2019-11-05,uk_ea_hydrology,sub_daily_api,False
E05145A,SOUTH TRIB AT FORDA,,51.130816,-4.208017,2016-08-25,uk_ea_hydrology,sub_daily_api,False
EN0101A,BENNALLACK TRIBUTARY,,50.371541,-4.950221,2012-11-28,uk_ea_hydrology,sub_daily_api,False
E02020A,ROSE LANE,,51.228334,1.137619,2013-02-04,uk_ea_hydrology,sub_daily_api,False
E01250A,WELCHES DAM DELPH 2016,,52.450419,0.162837,2016-04-04,uk_ea_hydrology,sub_daily_api,False
E16010A,MILLPOOL STREAM AT MILLPOOL,,50.123854,-5.396268,2018-02-27,uk_ea_hydrology,sub_daily_api,False
E26088B,DELPH_WELCHES DAM_SURFACE_E_202204,,52.45001,0.164524,2022-03-31,uk_ea_hydrology,sub_daily_api,False
E16140A,CUT_US BRACKNELL STW_E_202108,,51.438726,-0.773414,2021-08-23,uk_ea_hydrology,sub_daily_api,False
E04137A,BOXMOOR DS,,51.744334,-0.486876,2017-01-06,uk_ea_hydrology,sub_daily_api,False
EN0024A,RECTORY BRIDGE,,51.006649,0.435772,2012-08-22,uk_ea_hydrology,sub_daily_api,False
E06008A,DS BISHOPS CASTLE SNAKESCROFT,,52.479891,-2.996383,2016-08-08,uk_ea_hydrology,sub_daily_api,False
E01266A,WOOLMER DRIVE,,51.134349,0.908432,2016-11-09,uk_ea_hydrology,sub_daily_api,False
E06099A,SHANKLIN SITE 1,,50.623323,-1.179955,2017-02-27,uk_ea_hydrology,sub_daily_api,False
E01577A,ALCONBURY BROOK_MILE BROOK_E_202203,,52.400942,-0.307144,2022-03-03,uk_ea_hydrology,sub_daily_api,False
E02269A,DALTON WORKS,,53.66502,-1.745099,2017-01-16,uk_ea_hydrology,sub_daily_api,False
EN0085A,BRINDLEY FORD,,53.086508,-2.17898,2012-11-05,uk_ea_hydrology,sub_daily_api,False
E07156A,BEDALE STW US,,54.284401,-1.579337,2016-10-24,uk_ea_hydrology,sub_daily_api,False
E16015A,VARFELL FARM 17/18,,50.133101,-5.494141,2017-10-02,uk_ea_hydrology,sub_daily_api,False
E01576A,ALCONBURY BROOK_GREEN LODGE_E_202203,,52.396921,-0.303256,2022-03-03,uk_ea_hydrology,sub_daily_api,False
E03228A,HUNMANBY BECK,,54.178596,-0.268543,2017-02-15,uk_ea_hydrology,sub_daily_api,False
E02074A,ST BENETS DRAINAGE,,52.688505,1.548891,2013-12-17,uk_ea_hydrology,sub_daily_api,False
E11266A,INNY_TWO BRIDGES_E_202104,,50.60966,-4.445406,2021-04-26,uk_ea_hydrology,sub_daily_api,False
E15007A,WELMORE DELPH_E_202003,,52.5623,0.314039,2020-03-23,uk_ea_hydrology,sub_daily_api,False
E09121A,CORNWALLIS CLOSE,,51.134349,0.908432,2016-11-09,uk_ea_hydrology,sub_daily_api,False
E00529A,RODEN_ASTON BRIDGE_E_202111,,52.853664,-2.700054,2021-11-23,uk_ea_hydrology,sub_daily_api,False
E09101A,RIVER AMBLE DS TREHARROCK,,50.572535,-4.804922,2017-01-10,uk_ea_hydrology,sub_daily_api,False
E24058A,MAUN_MANSFIELD STW_E_201905,,53.148913,-1.184095,2019-05-10,uk_ea_hydrology,sub_daily_api,False
MCRO02A,BUDE 3,,50.806396,-4.536535,2013-07-19,uk_ea_hydrology,sub_daily_api,False
E01154A,MEPAL DELPH 2015,,52.413964,0.114747,2015-04-14,uk_ea_hydrology,sub_daily_api,False
E16050A,SLEAP BROOK_RUEWOOD_E_201906,,52.842217,-2.746414,2019-06-05,uk_ea_hydrology,sub_daily_api,False
E03068A,PONTS MILL,,50.373818,-4.711614,2015-06-26,uk_ea_hydrology,sub_daily_api,False
E00429A,BOTTLE BROOK_KILBURN DS_E_202105,,52.998794,-1.446966,2021-05-18,uk_ea_hydrology,sub_daily_api,False
E08211A,WELNEY COUNTERDRAIN_E_202003,,52.520972,0.252637,2020-03-23,uk_ea_hydrology,sub_daily_api,False
E03005A,CARNON DS COUNTY ADIT,,50.233918,-5.13824,2014-02-07,uk_ea_hydrology,sub_daily_api,False
E16076A,LEMON_SCHOOL ROAD TEIGNGRACE_E_201811,,50.55242,-3.625582,2018-11-12,uk_ea_hydrology,sub_daily_api,False
E02017A,PHILLIPS ROAD BROOK,,53.853476,-2.188945,2013-01-09,uk_ea_hydrology,sub_daily_api,False
E14073A,PERRY_MYTTON TRIB US_E_201805,,52.748163,-2.832049,2018-05-03,uk_ea_hydrology,sub_daily_api,False
E09129A,CINDERFORD BK_SOUDLEY PONDS DS_E_201807,,51.792448,-2.487669,2018-07-16,uk_ea_hydrology,sub_daily_api,False
E00530A,RODEN_SPENFORD BRIDGE_E_202111,,52.863766,-2.775646,2021-11-23,uk_ea_hydrology,sub_daily_api,False
E12058A,LETCHWORTH US STW,,51.989872,-0.240561,2015-09-14,uk_ea_hydrology,sub_daily_api,False
E02089A,VALLEY HOUSE BRIDGE,,53.342663,-2.27753,2013-08-01,uk_ea_hydrology,sub_daily_api,False
E16163A,EYE_WYMONDHAM BROOK_E_202102,,52.747825,-0.77756,2021-02-22,uk_ea_hydrology,sub_daily_api,False
E06214A,LEN_HARRIETSHAM WWTW US_E_202108,,51.236395,0.674568,2021-08-05,uk_ea_hydrology,sub_daily_api,False
E01393A,WESTERN STREAM CUCKMERE_ALFRISTON ROAD_E_202003,,50.81296,0.160739,2020-03-11,uk_ea_hydrology,sub_daily_api,False
E05084A,TALLACK ROAD,,51.568235,-0.026174,2014-02-11,uk_ea_hydrology,sub_daily_api,False
E01230A,APPLEBY US,,54.580634,-2.499993,2015-12-18,uk_ea_hydrology,sub_daily_api,False
E15217A,HOLE BOTTOM BECK_QUEENSBURY_E_201908,,53.776547,-1.840082,2019-07-31,uk_ea_hydrology,sub_daily_api,False
E11104A,SILKSTONE BECK_US WWTW_E_201901,,53.553787,-1.555881,2019-01-17,uk_ea_hydrology,sub_daily_api,False
E04431A,RODEN_THE AVENUE_E_202111,,52.873723,-2.793816,2021-11-23,uk_ea_hydrology,sub_daily_api,False
E02489A,ROTHER_CONFLUENCE US_E_202107,,51.003702,0.24488,2021-07-06,uk_ea_hydrology,sub_daily_api,False
E02124A,RIVER PARRETT US OATH LOCK,,51.046843,-2.880936,2014-03-07,uk_ea_hydrology,sub_daily_api,False
E14132A,HATFIELD WOODHOUSE STW BR CULVERT,,53.565864,-0.96593,2017-02-08,uk_ea_hydrology,sub_daily_api,False
E01140A,LUDGERSHALL STW DS,,51.858159,-1.037068,2013-10-02,uk_ea_hydrology,sub_daily_api,False
E01246A,SUTTON DELPH 2016,,52.396955,0.09287,2016-04-04,uk_ea_hydrology,sub_daily_api,False
E02378A,SQUABMOOR RESERVOIR_DALDITCH_E_202002,,50.647808,-3.359299,2020-02-25,uk_ea_hydrology,sub_daily_api,False
E02223A,RIVER CHELMER AT CHELMSFORD GATE,,51.72962,0.480536,2016-06-09,uk_ea_hydrology,sub_daily_api,False
E05012A,MARY CLOSE,,51.591631,-0.285889,2015-08-10,uk_ea_hydrology,sub_daily_api,False
E03038A,REA BK FARLEY,,52.664292,-2.913303,2015-06-29,uk_ea_hydrology,sub_daily_api,False
E03104A,POTTER HEIGHAM CHALET 2014,,52.702693,1.573289,2014-01-22,uk_ea_hydrology,sub_daily_api,False
E13150A,MEESE_BOLAS BRIDGE_E_201809,,52.782958,-2.522885,2018-09-07,uk_ea_hydrology,sub_daily_api,False
E02660A,PUDDING DIKE_LINDRICK DALE_E_202210,,53.334563,-1.19601,2022-10-20,uk_ea_hydrology,sub_daily_api,False
E03211A,LOWER TOWN TRIB US POND,,50.892337,-3.412404,2016-06-28,uk_ea_hydrology,sub_daily_api,False
E04040A,TEAPOT HOUSE,,52.71044,0.391321,2013-06-11,uk_ea_hydrology,sub_daily_api,False
E07113A,WICK STREET AT ROAD BR,,50.86062,0.190026,2015-05-20,uk_ea_hydrology,sub_daily_api,False
E02309A,WEST SEDGEMOOR MAIN DRAIN_RIVERS HOUSE_E_201808,,51.05221,-2.892965,2018-08-02,uk_ea_hydrology,sub_daily_api,False
E14085A,REA BK MALEHURST,,52.65212,-2.913316,2015-06-29,uk_ea_hydrology,sub_daily_api,False
E01235A,PORTH STREAM US WHIPSIDERRY ST 2016,,50.425723,-5.047371,2016-04-25,uk_ea_hydrology,sub_daily_api,False
E04240A,US WYKE BECK NEAR SKELTON COUNTRY PARK,,53.766365,-1.48146,2017-08-01,uk_ea_hydrology,sub_daily_api,False
E02012A,ETSOME BRIDGE,,51.073292,-2.740615,2013-04-09,uk_ea_hydrology,sub_daily_api,False
E10063A,ROSEMULLION,,50.389284,-4.749753,2017-01-24,uk_ea_hydrology,sub_daily_api,False
E07027A,MILLWOOD BK US SLOSWICKS FM 17,,53.275218,-1.163352,2017-10-09,uk_ea_hydrology,sub_daily_api,False
E09016A,NORTH CRANEBANK PARK,,51.477474,-0.544683,2016-03-07,uk_ea_hydrology,sub_daily_api,False
E05133A,DS DRYMEADOW FARM LANDFILL,,51.890237,-2.225853,2015-04-16,uk_ea_hydrology,sub_daily_api,False
E02507A,CAREY_US LANGAFORD DITCH_E_202202,,50.774553,-4.241828,2022-03-09,uk_ea_hydrology,sub_daily_api,False
EN0080A,RIVER LYNG DS,,52.719562,1.067413,2013-01-15,uk_ea_hydrology,sub_daily_api,False
E03653A,ANSTON_LINDRICK DALE DS STW_E_202210,,53.336475,-1.190343,2022-10-20,uk_ea_hydrology,sub_daily_api,False
E01473A,MARKET WEIGHTON_NORTH AMERICA_E_202208,,53.775206,-0.710671,2022-08-04,uk_ea_hydrology,sub_daily_api,False
E02368A,WINDRUSH_GILL MILL QUARRY DS_E_201909,,51.781416,-1.478334,2019-09-19,uk_ea_hydrology,sub_daily_api,False
EP0128A,BERESFORD AVENUE,,51.541137,-0.278299,2013-09-04,uk_ea_hydrology,sub_daily_api,False
E17051A,AQUALATE DS CANAL OVERFLOW,,52.800184,-2.306083,2017-12-04,uk_ea_hydrology,sub_daily_api,False
GPRSA1A,RIVER PARRETT BLACK BRIDGE,,51.037497,-2.976318,2012-07-12,uk_ea_hydrology,sub_daily_api,False
E07050A,WOODPLUMPTON BROOK DS 2017,,53.813698,-2.784182,2017-06-21,uk_ea_hydrology,sub_daily_api,False
E01568A,STAITHES BECK_EASINGTON BECK_E_202206,,54.551287,-0.810194,2022-06-10,uk_ea_hydrology,sub_daily_api,False
EN0058A,ROWFANT MILL,,51.120656,-0.120275,2012-09-14,uk_ea_hydrology,sub_daily_api,False
E00494A,WATTON_BOWES BRIDGE_E_202107,,52.57058,0.796405,2021-06-29,uk_ea_hydrology,sub_daily_api,False
E05362A,OCK_DS OF SWANNY BROOK_E_202104,,51.658766,-1.416755,2021-04-29,uk_ea_hydrology,sub_daily_api,False
E09034A,BY EASTRY PUMPING STATION,,51.249688,1.318806,2016-02-18,uk_ea_hydrology,sub_daily_api,False
E02062A,MARTHAM SALINE,,52.715513,1.61024,2013-12-17,uk_ea_hydrology,sub_daily_api,False
E06145A,BIRCHES HEAD CSO OUTFALL DS,,53.040143,-2.146066,2017-02-13,uk_ea_hydrology,sub_daily_api,False
E11140A,ARUN_AMIES MILL FARM_E_201807,,51.04939,-0.316385,2018-07-30,uk_ea_hydrology,sub_daily_api,False
E14002B,DELPH_WELCHES DAM_DEPTH_E_202104,,52.450392,0.162791,2021-04-01,uk_ea_hydrology,sub_daily_api,False
E10003A,WELMORE DELPH 2018,,52.5623,0.314039,2018-04-03,uk_ea_hydrology,sub_daily_api,False
E07038A,LORNA IRWIN US,,51.204513,-4.035713,2017-08-09,uk_ea_hydrology,sub_daily_api,False
E04301A,WYE_SPRINGDALE_E_202202,,53.257088,-1.930821,2022-02-15,uk_ea_hydrology,sub_daily_api,False
E08109A,BOXMOOR OUTFALL,,51.742638,-0.478097,2017-01-06,uk_ea_hydrology,sub_daily_api,False
E05063A,BARNES US,,51.052169,-0.587245,2013-12-05,uk_ea_hydrology,sub_daily_api,False
E07126A,SILKSTONE BECK_LOW MILL FARM_E_201901,,53.556824,-1.555773,2019-01-16,uk_ea_hydrology,sub_daily_api,False
E01142A,DS LOGGERHEADS STW,,52.924094,-2.412922,2014-11-05,uk_ea_hydrology,sub_daily_api,False
E22017A,TRENT_SNOW SEWER_E_201807,,53.484738,-0.776267,2018-07-26,uk_ea_hydrology,sub_daily_api,False
E01602A,GW_DUNSTON SPRING_E_202208,,53.144795,-0.435557,2022-07-28,uk_ea_hydrology,sub_daily_api,False
E01274A,PRESS BROOK_US CLAY CROSS STW_E_202201,,53.161264,-1.418663,2022-02-11,uk_ea_hydrology,sub_daily_api,False
E05263A,MOSELLE_FREEDOM ROAD_E_201902,,51.59426,-0.084833,2019-02-05,uk_ea_hydrology,sub_daily_api,False
E02005A,GLASTONBURY US,,51.138192,-2.741582,2013-07-26,uk_ea_hydrology,sub_daily_api,False
E04126A,R COLNE POOLE STREET GS,,51.997921,0.578125,2017-08-16,uk_ea_hydrology,sub_daily_api,False
E01055A,RIVER LYNG US,,52.719947,1.06781,2013-01-15,uk_ea_hydrology,sub_daily_api,False
E02314A,GRAND UNION CANAL_HAREFIELD MARINA_K_201906,,51.582783,-0.484584,2019-06-28,uk_ea_hydrology,sub_daily_api,False
E02058A,FORE BRIDGE,,51.397189,-1.576806,2013-06-17,uk_ea_hydrology,sub_daily_api,False
E04326A,EREWASH_M1 US_E_201911,,53.08957,-1.302147,2019-11-01,uk_ea_hydrology,sub_daily_api,False
E05043A,WARREN WEIR BELOW LUTON HOO,,51.854952,-0.378345,2014-12-03,uk_ea_hydrology,sub_daily_api,False
E02569A,TILL_US HAREHOPE_E_202205,,55.477478,-1.88093,2022-02-04,uk_ea_hydrology,sub_daily_api,False
SPRING,SPRINGFIELD PARK,,51.570363,-0.055058,2009-06-11,uk_ea_hydrology,sub_daily_api,False
GSML15,HOLTON BROOK,,51.768677,-1.111158,2014-09-16,uk_ea_hydrology,sub_daily_api,False
E03044A,BRENT CROSS ABOVE M1,,51.573797,-0.228201,2013-08-05,uk_ea_hydrology,sub_daily_api,False
E14062A,SLEAP BROOK_SLEAP BRIDGE_E_201906,,52.840939,-2.757987,2019-06-05,uk_ea_hydrology,sub_daily_api,False
E10019A,HAMBROOK STREAM OUTFALL,,50.838382,-0.898716,2017-10-12,uk_ea_hydrology,sub_daily_api,False
E12108A,DNR SHIREHORSE WAY BRIDGE,,51.470876,-0.331541,2017-10-09,uk_ea_hydrology,sub_daily_api,False
E17140A,BRAIN_THE NOTLEYS_E_202203,,51.851005,0.573492,2022-03-15,uk_ea_hydrology,sub_daily_api,False
E02358A,MILLWOOD BROOK_SLOSWICKS FARM DS_E_201910,,53.271945,-1.164421,2019-10-03,uk_ea_hydrology,sub_daily_api,False
E03145A,NEWHAM BRIDGE AT LOUGHTOR MILL 2015,,50.400836,-4.039585,2015-05-27,uk_ea_hydrology,sub_daily_api,False
E03276A,HIXHAM RHYNE_CLEWER PUMPING STATION_E_201905,,51.259535,-2.806146,2019-05-31,uk_ea_hydrology,sub_daily_api,False
E03244A,HITCHIN ALLOTMENTS,,51.965201,-0.275357,2017-10-10,uk_ea_hydrology,sub_daily_api,False
E10001A,AQUALATE DS DRY DOCK,,52.799014,-2.306698,2017-12-04,uk_ea_hydrology,sub_daily_api,False
E08073A,HALBERTON STREAM DS LOWER TOWN TRIB,,50.892362,-3.411154,2016-06-28,uk_ea_hydrology,sub_daily_api,False
E05108A,KEY BROOK LUSHES FARM,,52.754236,-0.792583,2014-06-05,uk_ea_hydrology,sub_daily_api,False
E06085A,EAST PULHAM,,50.881278,-2.386904,2013-10-09,uk_ea_hydrology,sub_daily_api,False
E11026A,BACCUS BROOK ABOVE RABYS FARM,,53.849853,-2.726335,2015-09-07,uk_ea_hydrology,sub_daily_api,False
E12049A,SUTTON DELPH 2015,,52.396955,0.09287,2015-04-14,uk_ea_hydrology,sub_daily_api,False
E00275A,COLLEGE US EXO,,53.272624,-0.534895,2018-03-22,uk_ea_hydrology,sub_daily_api,False
E14005A,WITHEY_BASTREET HS US_E_201809,,50.560639,-4.480752,2018-09-13,uk_ea_hydrology,sub_daily_api,False
E00480A,BOTTLE BROOK_QUEENS HEAD_E_202105,,52.974821,-1.458933,2021-05-18,uk_ea_hydrology,sub_daily_api,False
E02048A,BROOKFIELD ROAD,,52.531772,-1.3792,2013-05-22,uk_ea_hydrology,sub_daily_api,False
E05016A,AUDLEM BROOK DOWNSTREAM,,52.989559,-2.502616,2015-03-30,uk_ea_hydrology,sub_daily_api,False
M18900,WENSUM_BINTREE MILL_L_202204,,52.778596,0.961837,2022-04-28,uk_ea_hydrology,sub_daily_api,False
E01138A,OAKLAND HOUSE,,50.719491,-1.368963,2013-12-16,uk_ea_hydrology,sub_daily_api,False
E13065A,ROCKINGHAMS FARM,,51.814592,0.78763,2017-10-09,uk_ea_hydrology,sub_daily_api,False
E00469A,FROME_LONGWORTH MILL_E_202104,,52.049936,-2.635069,2021-04-28,uk_ea_hydrology,sub_daily_api,False
E06044A,CHEDGRAVE,,52.538706,1.487222,2013-12-17,uk_ea_hydrology,sub_daily_api,False
E13028A,BLACKWATER_SWALLOWFIELD INVERT_E_201906,,51.374898,-0.949929,2019-06-03,uk_ea_hydrology,sub_daily_api,False
E12123A,SILVERDALE PS,,53.014247,-2.252313,2017-02-13,uk_ea_hydrology,sub_daily_api,False
E06103A,HOOKSTONE BECK NEAR HORNBEAN PARK,,53.978838,-1.517784,2018-06-29,uk_ea_hydrology,sub_daily_api,False
E19090A,HARLEY DIKE_US WENTWORTH WWTW_202112,,53.485064,-1.431322,2021-12-14,uk_ea_hydrology,sub_daily_api,False
E12008A,LITTLESTOCK BROOK_MILTON STW DS_PS_202105,,51.864133,-1.597187,2021-06-02,uk_ea_hydrology,sub_daily_api,False
E10146A,DERRILL WATER_DUX BRIDGE_E_201910,,50.799178,-4.419555,2019-10-02,uk_ea_hydrology,sub_daily_api,False
E04261A,THE HAVEN_BOSTON 2_E_201710,,52.967881,-0.014721,2017-10-18,uk_ea_hydrology,sub_daily_api,False
E15067A,JUMP VALLEY_ELSECAR CANAL_E_202012,,53.507657,-1.393776,2020-12-09,uk_ea_hydrology,sub_daily_api,False
E09253A,TRENT_BIRCHES HEAD CSO US_E_201807,,53.039919,-2.145872,2018-07-10,uk_ea_hydrology,sub_daily_api,False
E04050A,HOVIS MILL 2015,,51.9693,0.606547,2015-07-23,uk_ea_hydrology,sub_daily_api,False
E09054A,LANGLEY BECK_RABY ESTATE US_E_201810,,54.582488,-1.820175,2018-10-11,uk_ea_hydrology,sub_daily_api,False
E02015A,GLEN FARM AT BONES LANE,,51.167598,-0.07371,2013-08-15,uk_ea_hydrology,sub_daily_api,False
E02053A,LITTLEBOURNE 2014,,51.271349,1.166246,2014-02-07,uk_ea_hydrology,sub_daily_api,False
E13145A,BLACKBROOK_BELPER_E_202012,,53.027535,-1.515603,2020-12-23,uk_ea_hydrology,sub_daily_api,False
E01065A,WELMORE LAKE SLUICE,,52.562876,0.315412,2013-05-21,uk_ea_hydrology,sub_daily_api,False
E26020A,LEE_LEA BRIDGE WEIR_K_202010,,51.561423,-0.044677,2014-10-15,uk_ea_hydrology,sub_daily_api,False
E06220A,ARROW_BROADWARD HALL FARM_E_202104,,52.209072,-2.736779,2021-04-28,uk_ea_hydrology,sub_daily_api,False
E11056A,BURTON WEST DRAIN AT WEST BRIDGE,,53.739961,-0.144685,2016-03-14,uk_ea_hydrology,sub_daily_api,False
E01221A,R BOVEY DS LEAT,,50.574591,-3.639579,2016-07-29,uk_ea_hydrology,sub_daily_api,False
E07121A,US ALFRETON WWTW,,53.107817,-1.383398,2016-03-03,uk_ea_hydrology,sub_daily_api,False
E05262A,WEY_DS BORDON STW_E_202111,,51.120091,-0.852654,2021-12-01,uk_ea_hydrology,sub_daily_api,False
E09038A,AVILL_DUNSTER_E_201810,,51.1838,-3.409435,2018-10-16,uk_ea_hydrology,sub_daily_api,False
EN0063A,BASHALL BROOK DS,,53.873282,-2.420259,2012-10-22,uk_ea_hydrology,sub_daily_api,False
EN0099A,BRIGHTON STREAM AT BRIGHTON CROSS,,50.353819,-4.948826,2012-11-28,uk_ea_hydrology,sub_daily_api,False
E04011A,RIVER UMBER,,51.206518,-4.038349,2013-06-18,uk_ea_hydrology,sub_daily_api,False
E03079A,ALDER MOOR,,52.839163,-1.676605,2013-03-04,uk_ea_hydrology,sub_daily_api,False
E07051A,CHICK HILL BRIDGE DS,,50.89194,0.686166,2013-09-30,uk_ea_hydrology,sub_daily_api,False
E07202A,SQUABMOOR RESERVOIR_DALDITCH_E_201905,,50.647808,-3.359299,2019-05-30,uk_ea_hydrology,sub_daily_api,False
E15016A,BLACKWATER_TONGHAM PRIMARY_PS_202002,,51.24222,-0.737774,2020-02-20,uk_ea_hydrology,sub_daily_api,False
E02034A,LIPGATE FARM US,,50.866713,-2.407132,2013-05-29,uk_ea_hydrology,sub_daily_api,False
E05051A,BELOW MORETON STW,,51.738639,0.22365,2013-04-22,uk_ea_hydrology,sub_daily_api,False
E03055A,HOLWELL BRIDGE,,51.772521,-0.151523,2013-07-05,uk_ea_hydrology,sub_daily_api,False
E04131A,SPRATTON ROAD BRIDGE,,52.329976,-0.920143,2014-08-04,uk_ea_hydrology,sub_daily_api,False
E04217A,BOXMOOR US,,51.741377,-0.474446,2017-01-06,uk_ea_hydrology,sub_daily_api,False
E03054A,FILLONGLEY,,52.466819,-1.600367,2013-03-12,uk_ea_hydrology,sub_daily_api,False
E12057A,BEANHILL BROOK NEAR BRATTON HALL FARM,,52.725875,-2.548514,2015-08-03,uk_ea_hydrology,sub_daily_api,False
E04242A,BEESTON BECK,,52.931431,1.21569,2017-11-16,uk_ea_hydrology,sub_daily_api,False
E06072A,TROUT BECK_CALGARTH GAUGING STATION_E_201704,,54.390822,-2.93152,2017-04-03,uk_ea_hydrology,sub_daily_api,False
E01030A,FIDDLERS HAMLET,,51.68497,0.135041,2012-10-01,uk_ea_hydrology,sub_daily_api,False
E01271A,DEARNE_DARFIELD_E_201907,,53.536253,-1.366692,2019-07-23,uk_ea_hydrology,sub_daily_api,False
E07216A,MERTON STREAM US WWTW,,50.88428,-4.102088,2017-11-10,uk_ea_hydrology,sub_daily_api,False
E05259A,SHANKLIN SITE 6,,50.626406,-1.174684,2017-02-27,uk_ea_hydrology,sub_daily_api,False
E02134A,HANGING HOUGHTON 2014,,52.36019,-0.910992,2014-08-04,uk_ea_hydrology,sub_daily_api,False
E00379A,YARTY_MIDDLE WATER FARM_E_202003,,50.789418,-3.024597,2020-03-24,uk_ea_hydrology,sub_daily_api,False
E00310A,LEIGHTON MOSS_MAIN DYKE_E_201902,,54.16778,-2.791785,2019-01-29,uk_ea_hydrology,sub_daily_api,False
E07040A,WELMORE PONTOON 2014,,52.562876,0.315412,2014-04-16,uk_ea_hydrology,sub_daily_api,False
E06036A,SHELLEY CLOSE,,52.211382,-2.215977,2016-03-17,uk_ea_hydrology,sub_daily_api,False
E01107A,GILLAN CREEK,,50.084996,-5.095206,2013-11-18,uk_ea_hydrology,sub_daily_api,False
E09082A,RUISLIP GARDENS,,51.561499,-0.411181,2016-03-07,uk_ea_hydrology,sub_daily_api,False
E05343A,WHARFE_ILKLEY_FLUIDION_K_202205,,53.932503,-1.81457,2021-06-15,uk_ea_hydrology,sub_daily_api,False
E06136A,WHIPSIDERRY STREAM DS RAF ST MAWGAN STW,,50.431302,-5.025267,2015-07-23,uk_ea_hydrology,sub_daily_api,False
E20033A,WELNEY DELPH_E_202003,,52.519201,0.251691,2020-03-23,uk_ea_hydrology,sub_daily_api,False
E01003A,RIVER NOE,,53.369772,-1.782121,2012-11-01,uk_ea_hydrology,sub_daily_api,False
E14035A,BOXSTED MILL 2015,,51.973541,0.925823,2015-04-28,uk_ea_hydrology,sub_daily_api,False
E03560A,AVON_KNAPP MILL_E_202206,,50.74531,-1.782182,2022-07-01,uk_ea_hydrology,sub_daily_api,False
E01479A,TAME_REDDISH VALE_E_202108,,53.437046,-2.143031,2021-08-12,uk_ea_hydrology,sub_daily_api,False
E01362A,ALDE_LANGHAM BRIDGE_E_201905,,52.170431,1.471738,2019-05-10,uk_ea_hydrology,sub_daily_api,False
E07077A,MEERBROOK NORTH OF TITTESWORTH RESERVOIR,,53.146761,-2.013528,2015-02-16,uk_ea_hydrology,sub_daily_api,False
E06106A,HOLLINGTON STREAM,,50.864469,0.542164,2016-08-22,uk_ea_hydrology,sub_daily_api,False
ANGEL1,ANGEL,,51.615644,-0.065127,2010-04-20,uk_ea_hydrology,sub_daily_api,False
E13010A,LUZBOROUGH COLDHARBOUR LANE,,50.957493,-1.481643,2016-07-14,uk_ea_hydrology,sub_daily_api,False
E07140A,AMBLESIDE US,,54.429123,-2.970834,2015-12-21,uk_ea_hydrology,sub_daily_api,False
E15044A,HOOTON DIKE_HOLLYTREE COTTAGE DS MANHOLE COVERS_E_201805,,53.395211,-1.22887,2018-05-08,uk_ea_hydrology,sub_daily_api,False
E16079A,LYED BROOK ON NORTHERN BRANCH,,52.644797,-2.473246,2016-02-29,uk_ea_hydrology,sub_daily_api,False
E03119A,KETLEY BROOK US SAINT-GOBAIN,,52.691384,-2.48819,2015-02-19,uk_ea_hydrology,sub_daily_api,False
E15089A,TAWD_CULVERT SKELMERSDALE DS_E_201901,,53.548206,-2.774933,2019-01-14,uk_ea_hydrology,sub_daily_api,False
E02061A,US HIGHWAY DRAIN 905570,,50.375756,-4.94788,2012-11-28,uk_ea_hydrology,sub_daily_api,False
E02160A,US POULTON 2015,,51.274203,1.268503,2015-10-27,uk_ea_hydrology,sub_daily_api,False
E17007A,EYE_BURTON BROOK_E_202105,,52.747348,-0.843781,2021-05-10,uk_ea_hydrology,sub_daily_api,False
E17217A,ROM_CROSSROAD BRIDGE_E_202001,,51.588692,0.158284,2020-01-10,uk_ea_hydrology,sub_daily_api,False
E04123A,AVERIES,,52.990998,-2.15457,2014-07-24,uk_ea_hydrology,sub_daily_api,False
E09146A,POLZEATH,,50.568141,-4.910602,2017-04-26,uk_ea_hydrology,sub_daily_api,False
E07096A,PINCOMBE BRIDGE WSMD,,51.035272,-2.918011,2015-10-20,uk_ea_hydrology,sub_daily_api,False
E17044A,GYPSEY RACE_ST JOHNS AVENUE_E_201807,,54.086931,-0.206649,2018-07-25,uk_ea_hydrology,sub_daily_api,False
E08263B,WELCHES DAM DELPH_DEPTH_E_202003,,52.450392,0.162791,2020-03-23,uk_ea_hydrology,sub_daily_api,False
E00127A,LAMBOURN_M4 SONDE 1_E_201908,,51.451061,-1.405503,2019-08-29,uk_ea_hydrology,sub_daily_api,False
E18065A,YEADING BROOK_SOUTH PARK WAY BRIDGE_E_202111,,51.552904,-0.39345,2021-11-30,uk_ea_hydrology,sub_daily_api,False
E04029A,BISHOPSBOURNE,,51.228362,1.137592,2014-01-24,uk_ea_hydrology,sub_daily_api,False
E09067A,CHURCH ST CARBROOK,,52.581399,0.875927,2018-02-08,uk_ea_hydrology,sub_daily_api,False
E08079A,SELBRIGG POND,,52.906662,1.131329,2014-02-10,uk_ea_hydrology,sub_daily_api,False
E03153A,LIME BROOK BRICK KILN LANE,,52.315882,-2.940088,2017-09-04,uk_ea_hydrology,sub_daily_api,False
E05116A,HOLGATE,,53.962868,-1.110139,2017-03-27,uk_ea_hydrology,sub_daily_api,False
E02153A,REA BROOK B4499 BR 2017,,52.626076,-2.999007,2017-07-10,uk_ea_hydrology,sub_daily_api,False
E08133A,HORNCHURCH CAR PARK,,51.541986,0.215535,2015-11-24,uk_ea_hydrology,sub_daily_api,False
E21073A,CUT_DS BRACKNELL STW_E_202108,,51.441509,-0.772102,2021-08-23,uk_ea_hydrology,sub_daily_api,False
E03046A,RIVER PARRETT AT SOMERSET BRIDGE,,51.116313,-2.986194,2014-03-06,uk_ea_hydrology,sub_daily_api,False
E01077A,BUNTINGFORD STW DS,,51.929285,-0.008596,2013-02-28,uk_ea_hydrology,sub_daily_api,False
E05101A,ASHENDON STW US,,51.834744,-0.982403,2014-06-19,uk_ea_hydrology,sub_daily_api,False
E10135A,EYE_HAM BRIDGE SILT TRAP DS_E_201911,,52.759386,-0.813839,2019-11-29,uk_ea_hydrology,sub_daily_api,False
E02126A,RIVER PARRETT AT KING ALFREDS BRIDGE,,51.069647,-2.918463,2014-03-06,uk_ea_hydrology,sub_daily_api,False
E04088A,BRUETON PARK LANE US OF LAKE FOOTBRIDGE,,52.405504,-1.762702,2014-02-05,uk_ea_hydrology,sub_daily_api,False
E30012A,LEE_RESTORATION DS AMWELL_E_201808,,51.800562,-0.008052,2018-08-01,uk_ea_hydrology,sub_daily_api,False
E01331A,CARY_ETSOME SLUICE_E_201905,,51.073329,-2.740473,2019-05-31,uk_ea_hydrology,sub_daily_api,False
E04058A,BAGBER BRIDGE,,50.93983,-2.336765,2013-10-09,uk_ea_hydrology,sub_daily_api,False
E02115A,WEST MOOR DRAIN AT MIDELNEY PS,,51.008067,-2.832038,2014-03-07,uk_ea_hydrology,sub_daily_api,False
E25090A,BOAT HOUSE SLUICE_DS DRIP FEED IRRIGATION_E_202206,,53.641686,-2.881439,2022-06-30,uk_ea_hydrology,sub_daily_api,False
E01206A,CARLISLE US,,54.90456,-2.955543,2015-12-18,uk_ea_hydrology,sub_daily_api,False
E08043A,CROFT BREAGE,,50.14095,-5.240197,2015-12-18,uk_ea_hydrology,sub_daily_api,False
E22089A,BONSAL_HOLLOW BROOK_E_202201,,53.116025,-1.579885,2022-01-30,uk_ea_hydrology,sub_daily_api,False
E08069A,WHIPSIDERRY ST DS NEWQUAY VIEW RESORT 2018 TEMP,,50.428485,-5.046661,2018-06-08,uk_ea_hydrology,sub_daily_api,False
E04358A,AMBER_OGSTON WTW DS_E_202003,,53.134227,-1.430298,2020-03-16,uk_ea_hydrology,sub_daily_api,False
E04033A,LITTLE MITTON HALL,,53.84085,-2.428915,2014-02-05,uk_ea_hydrology,sub_daily_api,False
E25057A,LADYBOWER RESERVOIR_E_202208,,53.364618,-1.701586,2022-09-01,uk_ea_hydrology,sub_daily_api,False
E09107A,HOOTON DIKE_HOOTON BRIDGE WWTW DS_E_201805,,53.393541,-1.209907,2018-05-08,uk_ea_hydrology,sub_daily_api,False
E12051A,CHECKLEY STW US,,52.94036,-1.968867,2015-03-10,uk_ea_hydrology,sub_daily_api,False
E08033A,DS CLINTON ARMS,,50.621563,-3.375605,2016-04-06,uk_ea_hydrology,sub_daily_api,False
E22090A,LAMBERAL WATER_PIGSDON QUARRY DS_E_202010,,50.854115,-4.450958,2020-10-08,uk_ea_hydrology,sub_daily_api,False
E01612A,WOLVERCOTE MILL STREAM_PORT MEADOWS BATHING_FLUIDION_K_202206,,51.779527,-1.296746,2022-07-19,uk_ea_hydrology,sub_daily_api,False
EP0129A,BURNTWOOD ROAD STORM OVERFLOW,,52.671169,-1.899345,2013-08-19,uk_ea_hydrology,sub_daily_api,False
E01148A,LANJETH,,50.340751,-4.849231,2014-12-08,uk_ea_hydrology,sub_daily_api,False
E01044A,BELOW INDUSTRIAL ESTATE,,51.706941,-0.10519,2013-05-30,uk_ea_hydrology,sub_daily_api,False
E19065A,DERWENT_LEADMILL BRIDGE_E_202202,,53.321919,-1.650872,2022-02-11,uk_ea_hydrology,sub_daily_api,False
E08152A,HORSENDEN STREAM_PRINCES RISBOROUGH STW DS_E_202102,,51.728306,-0.851745,2021-02-04,uk_ea_hydrology,sub_daily_api,False
MIN009,LEE BRIDGE WEIR DS STW,,51.561422,-0.044662,2007-07-01,uk_ea_hydrology,sub_daily_api,False
E22058A,RAINSWORTH_FOULEVIL BROOK_E_201811,,53.121946,-1.147009,2018-11-22,uk_ea_hydrology,sub_daily_api,False
E13202A,L LAKE_RAINWORTH INLET_E_202109,,53.116092,-1.126865,2021-09-22,uk_ea_hydrology,sub_daily_api,False
E02102A,KINGSTON VALE,,51.436866,-0.253691,2013-07-15,uk_ea_hydrology,sub_daily_api,False
E00573A,OSBALDWICK BECK_US TANG HALL LANE_E_202203,,53.957604,-1.04833,2022-03-03,uk_ea_hydrology,sub_daily_api,False
E11051A,TRANSPORT AVE,,51.487184,-0.319307,2014-10-20,uk_ea_hydrology,sub_daily_api,False
E14090A,CHEW VALLEY TRIB_STOWEY QUARRY DS_E_201811,,51.332805,-2.584471,2018-11-30,uk_ea_hydrology,sub_daily_api,False
E02386A,STAITHES BECK_STAITHES CARAVAN PARK DS_E_202110,,54.556933,-0.795834,2022-10-22,uk_ea_hydrology,sub_daily_api,False
E01613A,SALMONS BROOK_BUSH HILL GOLF CLUB_E_202206,,51.641468,-0.092427,2022-07-28,uk_ea_hydrology,sub_daily_api,False
E01056A,RICHINGS PARK,,51.49837,-0.519411,2012-10-16,uk_ea_hydrology,sub_daily_api,False
E15039A,EASTERN TRIB FARM LANE,,50.842415,-0.898237,2017-10-12,uk_ea_hydrology,sub_daily_api,False
EP0115A,HORLEY STW DS,,51.179225,-0.13585,2013-07-23,uk_ea_hydrology,sub_daily_api,False
E04253A,LEINTWARDINE EXO,,52.361383,-2.882959,2016-08-08,uk_ea_hydrology,sub_daily_api,False
E07143A,ARUN HARDHAM INTAKE,,50.950388,-0.53108,2017-09-26,uk_ea_hydrology,sub_daily_api,False
E01623A,ARROW_EARDISLAND_E_202208,,52.22355,-2.849903,2022-08-16,uk_ea_hydrology,sub_daily_api,False
E08008A,MERTON STW US,,50.885257,-4.103796,2017-03-27,uk_ea_hydrology,sub_daily_api,False
E26088A,DELPH_WELCHES DAM_DEPTH_E_202204,,52.45001,0.164524,2022-03-31,uk_ea_hydrology,sub_daily_api,False
E02049A,MONKSWOOD FARM,,50.784544,-2.810842,2013-03-28,uk_ea_hydrology,sub_daily_api,False
E01153A,POPLAR HILL FARM 2016,,52.231051,0.170916,2016-06-15,uk_ea_hydrology,sub_daily_api,False
E09166A,YEADING BROOK_FIELDS END BRIDGE_E_201909,,51.5688,-0.389326,2019-09-11,uk_ea_hydrology,sub_daily_api,False
E07275A,BEANE_MILL LANE_E_202209,,51.858533,-0.113219,2022-09-09,uk_ea_hydrology,sub_daily_api,False
E03387A,DERWENT_THE STINK HOLE_E_202203,,52.903161,-1.425185,2022-04-19,uk_ea_hydrology,sub_daily_api,False
E02036A,SCHOOL LANE PUMPING STATION,,51.259419,1.1457,2013-02-01,uk_ea_hydrology,sub_daily_api,False
E03087A,SUTTON DELPH 2014,,52.396955,0.09287,2014-04-07,uk_ea_hydrology,sub_daily_api,False
E01166A,DS TOWERSEY STW,,51.754091,-0.945564,2014-09-09,uk_ea_hydrology,sub_daily_api,False
E06257A,STAITHES BECK_STAITHES CARAVAN PARK US_E_202102,,54.554905,-0.796172,2021-02-22,uk_ea_hydrology,sub_daily_api,False
E00471A,BOTTLE BROOK_MARHAY DS_E_202105,,53.027858,-1.409871,2021-05-18,uk_ea_hydrology,sub_daily_api,False
E11233A,HARLEY DIKE_DS WENTWORTH WWTW_202112,,53.486162,-1.429755,2021-12-14,uk_ea_hydrology,sub_daily_api,False
E01558A,TORNE_ROSSINGTON BRIDGE_E_202205,,53.489719,-1.053769,2022-05-31,uk_ea_hydrology,sub_daily_api,False
E01013A,BASHALL BROOK US,,53.887537,-2.45468,2012-10-22,uk_ea_hydrology,sub_daily_api,False
E17080A,BRIDGEHOUSE BECK_OXENHOPE STW DS_E_201809,,53.817294,-1.947494,2018-09-18,uk_ea_hydrology,sub_daily_api,False
E03081A,DOVER BECK AT EPPERSTONE WASH BRIDGE,,53.025066,-1.028273,2014-04-30,uk_ea_hydrology,sub_daily_api,False
E17088A,MACKWORTH BK US FLAGSHAW LANE,,52.947645,-1.571025,2017-10-12,uk_ea_hydrology,sub_daily_api,False
E23044A,SANDSEND_EAST ROW BECK_E_201907,,54.500625,-0.670478,2019-07-02,uk_ea_hydrology,sub_daily_api,False
E09278A,ASKER_EAST BRIDGE GS_E_202210,,50.732124,-2.752039,2022-10-11,uk_ea_hydrology,sub_daily_api,False
E03203A,US AT COLEFORD BRIDGE,,52.932639,-1.945798,2016-05-09,uk_ea_hydrology,sub_daily_api,False
E05160A,TOP OF SALT HILL,,51.5377,-0.608197,2017-01-11,uk_ea_hydrology,sub_daily_api,False
E10266A,SHIPLEY BROOK_TRIB FROM SHOTTLEGATE US_E_202012,,53.026902,-1.523497,2020-12-23,uk_ea_hydrology,sub_daily_api,False
E02100A,MEECE BROOK STANDON,,52.912602,-2.262369,2014-05-15,uk_ea_hydrology,sub_daily_api,False
E11043A,CAWTHORNE DYKE_TANYARD BECK US_E_201805,,53.568615,-1.543329,2018-05-04,uk_ea_hydrology,sub_daily_api,False
E08037A,COCKSTER BROOK A50,,52.990998,-2.15457,2014-07-29,uk_ea_hydrology,sub_daily_api,False
E02006A,HINCKLEY STW,,52.531482,-1.382285,2013-05-22,uk_ea_hydrology,sub_daily_api,False
E05319A,ROTHLEY BROOK_DS ANSTEY_E_202210,,52.671566,-1.183578,2022-10-11,uk_ea_hydrology,sub_daily_api,False
E08083A,CAWTHORNE DYKE AT RIVER DEARNE CONFLUENCE,,53.576259,-1.525863,2018-04-09,uk_ea_hydrology,sub_daily_api,False
P02036A,UMBER_COMBE MARTIN_E_201808,,51.204612,-4.035717,2018-08-07,uk_ea_hydrology,sub_daily_api,False
EN0077A,ABOVE B1256,,51.86819,0.248963,2013-01-23,uk_ea_hydrology,sub_daily_api,False
E03114A,BLUNTSHAY ODO 2014,,50.771637,-2.830359,2014-01-23,uk_ea_hydrology,sub_daily_api,False
E16095A,THRUSHEL_REVETMENT WORKS US_E_201905,,50.647018,-4.271539,2019-05-14,uk_ea_hydrology,sub_daily_api,False
E04251A,SOUTH WILLESBOROUGH US OUTFALL,,51.13088,0.877794,2017-08-31,uk_ea_hydrology,sub_daily_api,False
E06080A,COOPER STREET PS GOSHALL STREAM,,51.290146,1.311855,2014-08-20,uk_ea_hydrology,sub_daily_api,False
E02037A,SWINDON CLOUGH,,53.848602,-2.201935,2013-01-09,uk_ea_hydrology,sub_daily_api,False
E05082A,WELMORE 2014,,52.562876,0.315412,2014-04-07,uk_ea_hydrology,sub_daily_api,False
E14080A,WOODPLUMPTON BROOK US 2017,,53.815403,-2.787252,2017-06-21,uk_ea_hydrology,sub_daily_api,False
E04083A,ARUN STOPHAM BRIDGE,,50.955695,-0.535469,2017-09-26,uk_ea_hydrology,sub_daily_api,False
E02123A,RIVER CHAR AT BOARDEN BRIDGE,,50.773832,-2.811181,2014-01-23,uk_ea_hydrology,sub_daily_api,False
E06023A,ETSOME SLUICE 2017,,51.073292,-2.740601,2017-04-26,uk_ea_hydrology,sub_daily_api,False
E04211A,FENCE AT DELPH DIVERGENCE COUNTER DRAIN,,52.560574,0.3039,2016-09-22,uk_ea_hydrology,sub_daily_api,False
E07052A,US OLD WEIRS,,50.973754,-2.598196,2015-08-07,uk_ea_hydrology,sub_daily_api,False
E01617A,SALMONS BROOK_CHEYNE WALK_E_202206,,51.647535,-0.098937,2022-07-28,uk_ea_hydrology,sub_daily_api,False
E06232A,AVILL_DUNSTER_E_201904,,51.181866,-3.44702,2019-04-26,uk_ea_hydrology,sub_daily_api,False
E03163A,LYDDEN AT LYDLINCH 2015,,50.915045,-2.367241,2015-10-08,uk_ea_hydrology,sub_daily_api,False
E02159A,TEME_POWICK WEIR US_E_201806,,52.170232,-2.248252,2018-06-29,uk_ea_hydrology,sub_daily_api,False
EN0081A,SANDON AT BROOKSIDE,,51.96842,-0.047362,2013-02-28,uk_ea_hydrology,sub_daily_api,False
E04026A,SELLINGE STW US,,51.102589,0.981226,2013-08-15,uk_ea_hydrology,sub_daily_api,False
E01156A,DOWNSTREAM A442,,52.717867,-2.497057,2015-03-30,uk_ea_hydrology,sub_daily_api,False
E19123A,HORSENDEN STREAM_PRINCES RISBOROUGH STW US_E_202102,,51.727123,-0.850356,2021-02-04,uk_ea_hydrology,sub_daily_api,False
E03111A,RIVER PARRETT AT LANGPORT FOOTBRIDGE,,51.036292,-2.834868,2014-03-06,uk_ea_hydrology,sub_daily_api,False
E02568A,TEME_KNIGHTSFORD BRIDGE GAUGING STATION_E_202207,,52.199429,-2.389446,2022-07-11,uk_ea_hydrology,sub_daily_api,False
E03029A,BIRKIN BROOK,,53.365668,-2.37793,2013-08-01,uk_ea_hydrology,sub_daily_api,False
E07235A,SUTTON BARTON DS,,50.772247,-3.126346,2017-11-06,uk_ea_hydrology,sub_daily_api,False
E03137A,COLLEGE US,,53.272624,-0.534895,2014-06-10,uk_ea_hydrology,sub_daily_api,False
E28058A,HARLEY DIKE_HARLEY STW_E_202203,,53.481589,-1.443604,2022-03-09,uk_ea_hydrology,sub_daily_api,False
E12009A,WOODPLUMPTON_BROOK MID_E_201805,,53.813885,-2.784398,2018-05-16,uk_ea_hydrology,sub_daily_api,False
EP0108A,WORCESTER GAUGING STATION,,52.206904,-2.235403,2013-07-08,uk_ea_hydrology,sub_daily_api,False
E02226A,COMBE HAVEN DS GORRINGE ST,,50.851688,0.522699,2016-08-22,uk_ea_hydrology,sub_daily_api,False
EN0078A,BURNTHOUSE,,50.951656,0.877783,2012-11-27,uk_ea_hydrology,sub_daily_api,False
E03074A,WELNEY DELPH 2014,,52.519201,0.251691,2014-04-07,uk_ea_hydrology,sub_daily_api,False
E11205A,DELPH_WELNEY US_E_202107,,52.512821,0.243407,2021-07-14,uk_ea_hydrology,sub_daily_api,False
E10163A,SANDSEND BECK_LOW LANE_E_201806,,54.496153,-0.730254,2018-06-20,uk_ea_hydrology,sub_daily_api,False
E09208A,BURTON BROOK_SAWGATE RD SILT TRAP DS_E_201911,,52.748576,-0.844371,2019-11-29,uk_ea_hydrology,sub_daily_api,False
E01112A,CHICK HILL BRIDGE US,,50.890205,0.678686,2013-09-30,uk_ea_hydrology,sub_daily_api,False
E01461A,DITTON BROOK_AT CARTBRIDGE_E_202107,,53.373796,-2.819786,2021-06-21,uk_ea_hydrology,sub_daily_api,False
E10096A,GYPSEY RACE_PALACE AVENUE_E_201711,,54.08363,-0.193949,2017-12-04,uk_ea_hydrology,sub_daily_api,False
E09013A,ENBORNE_ADBURY HOLT STW US_E_201907,,51.371078,-1.305432,2019-07-24,uk_ea_hydrology,sub_daily_api,False
E08019A,BOATING LAKE SLUICE,,51.609174,0.00905,2017-08-31,uk_ea_hydrology,sub_daily_api,False
E18016A,WESTERN ROTHER_HARDHAM WTW_PS_202104,,50.951529,-0.528795,2021-04-23,uk_ea_hydrology,sub_daily_api,False
E07230A,CAPPENHAM BRIDGE,,52.132524,-0.957313,2017-11-16,uk_ea_hydrology,sub_daily_api,False
E02363A,ENBORNE_WASH WATER STW DS_E_201907,,51.367262,-1.348598,2019-07-11,uk_ea_hydrology,sub_daily_api,False
E12132A,TREVEOR FARM DS,,50.240901,-4.826129,2016-03-01,uk_ea_hydrology,sub_daily_api,False
E12120A,TRENT_BIRCHES HEAD CSO DS_E_201807,,53.038362,-2.146925,2018-07-10,uk_ea_hydrology,sub_daily_api,False
E03366A,GYPSEY RACE_UPSTREAM_E_202107,,54.093052,-0.263636,2021-07-03,uk_ea_hydrology,sub_daily_api,False
E09106A,CAWTHORNE DYKE_DAKING BROOK FARM US_E_201811,,53.562403,-1.611591,2018-11-14,uk_ea_hydrology,sub_daily_api,False
E06329A,THAMES_OXFORD_E_202202,,51.728568,-1.239577,2022-02-16,uk_ea_hydrology,sub_daily_api,False
E05491A,WYE_ROSS ON WYE ROWING CLUB_E_202207,,51.916651,-2.58759,2022-04-08,uk_ea_hydrology,sub_daily_api,False
E01160A,KENNARD MOOR,,51.127477,-2.678648,2015-04-22,uk_ea_hydrology,sub_daily_api,False
E13073A,AQUALATE WOOD BK AT NEW GUILD FARM,,52.784841,-2.328705,2017-12-04,uk_ea_hydrology,sub_daily_api,False
E03221A,BIRCHES HEAD CSO OUTFALL US,,53.040143,-2.146066,2017-02-13,uk_ea_hydrology,sub_daily_api,False
E09135A,MAGHOLE BROOK_M1 DS_E_201911,,53.089023,-1.305426,2019-11-01,uk_ea_hydrology,sub_daily_api,False
E02011A,WEEKSTONE CROSS US,,50.840579,-4.401242,2013-02-07,uk_ea_hydrology,sub_daily_api,False
E01085A,MILTON MILLRISE ROAD,,53.049195,-2.14644,2012-12-03,uk_ea_hydrology,sub_daily_api,False
E08020A,DS RAF HALTON STW,,51.795696,-0.73262,2016-05-16,uk_ea_hydrology,sub_daily_api,False
E02109A,CHAR LAVERSTOCK TRIBUTARY,,50.790656,-2.812664,2014-01-28,uk_ea_hydrology,sub_daily_api,False
E12130A,WELNEY DELPH 2019,,52.519201,0.251691,2019-04-02,uk_ea_hydrology,sub_daily_api,False
E04095A,OAKS CROSS FARM,,51.868406,-0.137426,2014-06-12,uk_ea_hydrology,sub_daily_api,False
E09062A,CAUL BOURNE DS WATER MILL,,50.683278,-1.419373,2017-08-04,uk_ea_hydrology,sub_daily_api,False
E05135A,OAKAMOOR ROAD,,52.989551,-1.9806,2016-09-12,uk_ea_hydrology,sub_daily_api,False
E03105A,STOKE MILL ODO 2014,,50.772572,-2.817712,2014-01-23,uk_ea_hydrology,sub_daily_api,False
EN0071A,A5111,,52.859246,-1.680288,2013-01-16,uk_ea_hydrology,sub_daily_api,False
E01128A,LAMPEN STREAM,,51.305541,1.187356,2013-10-16,uk_ea_hydrology,sub_daily_api,False
E07049A,RIVER ARROW DS LONGBRIDGE WORKS,,52.379075,-1.980366,2013-11-18,uk_ea_hydrology,sub_daily_api,False
E12080A,RODING US OF CHIGWELL LANE,,51.641082,0.087711,2017-02-14,uk_ea_hydrology,sub_daily_api,False
E07006A,OWER BRIDGE,,50.949265,-1.537167,2015-08-24,uk_ea_hydrology,sub_daily_api,False
E04278A,SHIPLEY BROOK_US OF FARM_E_202103,,53.027558,-1.527918,2021-03-29,uk_ea_hydrology,sub_daily_api,False
E06262A,BRUE_NORTH DRAIN PS_E_202208,,51.199711,-2.861622,2022-08-19,uk_ea_hydrology,sub_daily_api,False
E15148A,KENNET_DUN CONFLUENCE US_E_202011,,51.414501,-1.499846,2020-11-19,uk_ea_hydrology,sub_daily_api,False
E08101A,PIPLEY BRIDGE,,50.651982,-1.958438,2016-03-18,uk_ea_hydrology,sub_daily_api,False
E00312A,LOX_DRUNGEWICK HILL FARM DS LOXWOOD STW_E_201809,,51.068945,-0.494703,2018-09-25,uk_ea_hydrology,sub_daily_api,False
E04151A,HOLGATE BECK_GREEN LANE ALLOTMENTS DS_E_201904,,53.952361,-1.118744,2019-04-16,uk_ea_hydrology,sub_daily_api,False
E09114A,BRIT RIVER AT NETHERBURY,,50.751646,-2.749517,2017-05-16,uk_ea_hydrology,sub_daily_api,False
E14205A,LANGFORD BROOK_DS BICESTER STW_E_202205,,51.887919,-1.152791,2022-05-31,uk_ea_hydrology,sub_daily_api,False
E14060A,BRETT_SHELLEY BRIDGE_E_201805,,52.007282,0.959007,2018-05-15,uk_ea_hydrology,sub_daily_api,False
E16202A,WELNEY_COUNTERDRAIN_E_202204,,52.519211,0.252576,2022-04-01,uk_ea_hydrology,sub_daily_api,False
E15021A,STANBRIDGE ST DS BURITON STW,,50.982566,-0.940995,2017-05-03,uk_ea_hydrology,sub_daily_api,False
E18057A,LORNA IRWIN DS,,51.20471,-4.035793,2017-08-09,uk_ea_hydrology,sub_daily_api,False
E04052A,BLISTS HILL OUTFALL,,52.621798,-2.455892,2015-01-14,uk_ea_hydrology,sub_daily_api,False
E01245A,SILVERSTONE 2016,,52.118038,-1.006052,2016-06-22,uk_ea_hydrology,sub_daily_api,False
E00383A,MERSEY_FLIXTON_E_202108,,53.439992,-2.389669,2021-09-03,uk_ea_hydrology,sub_daily_api,False
E01021A,PIDDLE AT CECILY BRIDGE,,50.734944,-2.229923,2012-10-22,uk_ea_hydrology,sub_daily_api,False
EP0106A,ECKINGTON LOCK,,52.062182,-2.124893,2013-07-08,uk_ea_hydrology,sub_daily_api,False
E06226A,MERRITS BROOK_FRANKLEY LODGE ROAD DS_E_201810,,52.416915,-1.986672,2018-10-23,uk_ea_hydrology,sub_daily_api,False
E06140A,WORSLEY DS STW,,53.516429,-2.421724,2015-09-22,uk_ea_hydrology,sub_daily_api,False
E05152A,CINDERFORD BK_SITE K DISCHARGE TRIB_E_201903,,51.824105,-2.513272,2019-03-06,uk_ea_hydrology,sub_daily_api,False
E02129A,LAVISTOCK TRIB 2014,,50.790656,-2.812664,2014-02-18,uk_ea_hydrology,sub_daily_api,False
E01109A,CRANE ABOVE DNR,,51.4598,-0.401414,2013-11-28,uk_ea_hydrology,sub_daily_api,False
E12104A,TOAD HOLE BECK_SPOFFORTH_E_202011,,53.950345,-1.450368,2020-11-17,uk_ea_hydrology,sub_daily_api,False
EP0134A,BURNTWOOD ROAD SURFACE OVERFLOW,,52.671113,-1.896935,2013-08-19,uk_ea_hydrology,sub_daily_api,False
E11030A,NIDD DS DAUBER GILL,,54.103893,-1.779948,2016-04-06,uk_ea_hydrology,sub_daily_api,False
E05025A,RIVER SOWE,,52.463231,-1.496324,2013-10-10,uk_ea_hydrology,sub_daily_api,False
E02081A,SILVERSTONE A43,,52.118038,-1.006067,2013-06-20,uk_ea_hydrology,sub_daily_api,False
E23058A,VARFELL STREAM_BOTREVA_E_201910,,50.138377,-5.496989,2019-10-24,uk_ea_hydrology,sub_daily_api,False
E04497A,CRIMPLE BECK_BECKWITHSHAW_E_202201,,53.964255,-1.589149,2022-01-17,uk_ea_hydrology,sub_daily_api,False
E01559A,EMS_DS SURFACE DISCHARGE_E_202201,,50.865222,-0.925396,2022-02-03,uk_ea_hydrology,sub_daily_api,False
E18044A,AYLESFORD STREAM_TRIB DS_E_201902,,51.133672,0.950848,2019-02-07,uk_ea_hydrology,sub_daily_api,False
E01034A,WEEKSTONE CROSS,,50.821639,-4.415547,2013-02-07,uk_ea_hydrology,sub_daily_api,False
E02024A,TUTBURY CASTLE,,52.861126,-1.687611,2013-01-16,uk_ea_hydrology,sub_daily_api,False
E10121A,MUNNS FARM,,51.934374,0.678908,2017-01-23,uk_ea_hydrology,sub_daily_api,False
E04120A,CIRENCESTER DS,,51.718667,-1.962685,2014-02-05,uk_ea_hydrology,sub_daily_api,False
E05118A,US WYKEY,,52.818806,-2.896048,2016-05-18,uk_ea_hydrology,sub_daily_api,False
E02218A,CARY_ETSOME SLUICE_E_202105,,51.073292,-2.740615,2021-05-27,uk_ea_hydrology,sub_daily_api,False
E25058A,BRADLEY BROOK_BRADLEY HALL TRADING ESTATE US_E_201907,,53.593687,-2.643155,2019-07-24,uk_ea_hydrology,sub_daily_api,False
E18051A,WELNEY DELPH 2018,,52.519201,0.251691,2018-04-03,uk_ea_hydrology,sub_daily_api,False
E05233A,SEVERN_UPPER LODE LOCK ISLAND_E_201804,,51.993034,-2.175091,2018-04-26,uk_ea_hydrology,sub_daily_api,False
E04070A,COLNE_HOVIS MILL_E_201806,,51.9693,0.606547,2018-06-07,uk_ea_hydrology,sub_daily_api,False
E12021A,MILLWOOD BROOK CRESWELL CRAGS DS,,53.26437,-1.188346,2015-02-17,uk_ea_hydrology,sub_daily_api,False
EP0103A,SAXON LOADE,,52.051253,-2.200387,2013-07-08,uk_ea_hydrology,sub_daily_api,False
E20057A,WINDRUSH_BOURTON HYDRO-BREAK DS_E_201806,,51.867454,-1.742594,2018-06-29,uk_ea_hydrology,sub_daily_api,False
E06010A,TOWN LANE SW4,,53.62741,-2.993143,2014-01-13,uk_ea_hydrology,sub_daily_api,False
E00515A,STAITHES BECK_STAITHES CARAVAN PARK US_E_202110,,54.554905,-0.796172,2021-10-25,uk_ea_hydrology,sub_daily_api,False
E01076A,BELOW BALANCING PONDS,,51.869048,0.249238,2013-01-23,uk_ea_hydrology,sub_daily_api,False
E03150A,WHIPSIDERRY STREAM US RAF ST MAWGAN STW,,50.431227,-5.022966,2015-07-23,uk_ea_hydrology,sub_daily_api,False
E00581A,DOVE_ROCESTER_E_202204,,52.954271,-1.834166,2022-04-25,uk_ea_hydrology,sub_daily_api,False
E01241A,WHIPSIDERRY ST DS NEWQUAY VIEW RESORT 2016,,50.429318,-5.046489,2016-04-25,uk_ea_hydrology,sub_daily_api,False
E13089A,SILKSTONE BECK AT A635 ROAD BRIDGE,,53.568615,-1.543329,2018-04-09,uk_ea_hydrology,sub_daily_api,False
E03009A,BEANHILL BROOK AT 7 DONNERVILLE DRIVE,,52.707395,-2.536101,2015-08-03,uk_ea_hydrology,sub_daily_api,False
E19044A,SNAKESCROFT BROOK_AGRICULTURAL DRAIN NR BRAMPTON RD_E_201903,,52.485008,-2.986529,2019-03-01,uk_ea_hydrology,sub_daily_api,False
E13085A,LH CULVERT,,52.710697,-2.493971,2015-03-30,uk_ea_hydrology,sub_daily_api,False
HAMME2,THAMES_HAMMERSMITH_E_200707,,51.489848,-0.234353,2021-03-11,uk_ea_hydrology,sub_daily_api,False
E23015A,PRESS BROOK_ALTON DS ORCHRE DISCHARGE_E_202201,,53.173986,-1.443879,2022-02-11,uk_ea_hydrology,sub_daily_api,False
E15062A,TOM RUDD BECK_SKINNER STREET DS_E_201909,,54.660586,-3.358891,2019-09-18,uk_ea_hydrology,sub_daily_api,False
E13050A,CINDERFORD BK_CRUMPMEADOW STW US_E_201807,,51.826152,-2.515907,2018-07-16,uk_ea_hydrology,sub_daily_api,False
E04268A,STOUR_CORNARD MILL_E_201807,,52.029335,0.741647,2018-07-09,uk_ea_hydrology,sub_daily_api,False
E07109A,TINHAY GS DS,,50.646884,-4.268745,2016-09-05,uk_ea_hydrology,sub_daily_api,False
E00528A,RODEN_LYNEAL MILL_E_202111,,52.886483,-2.814588,2021-11-23,uk_ea_hydrology,sub_daily_api,False
E09095A,TRIB US S NORMANTON WWTW,,53.114268,-1.344028,2016-03-03,uk_ea_hydrology,sub_daily_api,False
E06233A,WELCHES DAM DELPH 2019 SURFACE,,52.450392,0.162791,2019-04-02,uk_ea_hydrology,sub_daily_api,False
E07133A,VIKING BAY JULY 2015,,51.359226,1.4456,2015-07-02,uk_ea_hydrology,sub_daily_api,False
EP0122A,GOODCOP PUMP STATION 2013,,53.445946,-0.816003,2013-07-16,uk_ea_hydrology,sub_daily_api,False
E05136A,BLUNTSHAY 2015,,50.771637,-2.830374,2015-03-17,uk_ea_hydrology,sub_daily_api,False
E06107A,WEIR COTTAGE PUMPING STATION DS,,52.679755,-2.82637,2014-10-29,uk_ea_hydrology,sub_daily_api,False
E01260A,GWALLON TRIB,,50.137937,-5.46941,2016-10-31,uk_ea_hydrology,sub_daily_api,False
E01570A,CARY_ETSOME_E_202206,,51.073292,-2.740615,2022-05-31,uk_ea_hydrology,sub_daily_api,False
E02031A,ORCHARD PARK,,51.51212,-0.543205,2012-10-16,uk_ea_hydrology,sub_daily_api,False
E08057A,SW5,,53.628258,-2.993753,2014-06-04,uk_ea_hydrology,sub_daily_api,False
E12232A,WHARFE_DS ADDINGHAM_E_202207,,53.945469,-1.874326,2022-07-12,uk_ea_hydrology,sub_daily_api,False
E07071A,RIVER POULTER AT NORTON,,53.241723,-1.141558,2015-02-17,uk_ea_hydrology,sub_daily_api,False
E02263A,PORTH STREAM US WHIPSIDERRY ST 2017,,50.425723,-5.047371,2017-04-24,uk_ea_hydrology,sub_daily_api,False
E05094A,CHIVRICKS BROOK AT RIDGEWAY LANE (US ABP),,50.942928,-2.284452,2016-08-04,uk_ea_hydrology,sub_daily_api,False
E10013A,LUMBERN_MILEMEAD FISHERIES_E_201909,,50.55942,-4.179048,2019-09-03,uk_ea_hydrology,sub_daily_api,False
E11095A,UPSTREAM NEAR RESERVOIR,,50.706815,-3.091368,2016-04-04,uk_ea_hydrology,sub_daily_api,False
E13071A,HENNY STREET 2016,,51.971796,0.946736,2016-05-03,uk_ea_hydrology,sub_daily_api,False
E09090A,BURES MILL,,51.972158,0.773843,2016-07-28,uk_ea_hydrology,sub_daily_api,False
E09052A,WESTMEADOW BROOK_M1 US_E_201910,,52.810217,-1.306969,2019-10-21,uk_ea_hydrology,sub_daily_api,False
E13031A,TAME_OXBRIDGE WAY_E_201807,,52.639064,-1.72268,2018-07-31,uk_ea_hydrology,sub_daily_api,False
E01123A,BROCKHAMPTON BRIDGE,,50.854685,-2.403348,2013-10-09,uk_ea_hydrology,sub_daily_api,False
E04143A,DS POULTON 2015,,51.27386,1.268249,2015-10-27,uk_ea_hydrology,sub_daily_api,False
E04133A,MEERBROOK NEAR LODGE FARM,,53.152945,-2.017462,2015-02-16,uk_ea_hydrology,sub_daily_api,False
E05102A,LANGLEY BROOK DS FARM VEHICLE CROSSING,,52.573016,-1.759837,2014-01-09,uk_ea_hydrology,sub_daily_api,False
E14202A,DERWENT_YORKSHIRE BRIDGE_E_202202,,53.358295,-1.703613,2022-02-11,uk_ea_hydrology,sub_daily_api,False
E14150A,WESTMEADOW BROOK_M1 DS_E_201910,,52.810502,-1.304976,2019-10-21,uk_ea_hydrology,sub_daily_api,False
E02360A,TRENT_YOXALL BRIDGE_E_201910,,52.757166,-1.807309,2019-10-02,uk_ea_hydrology,sub_daily_api,False
E05220A,DON_STOCKSBRIDGE WWTW US _E_202001,,53.475582,-1.564276,2020-01-20,uk_ea_hydrology,sub_daily_api,False
E03223A,GRINDLEY BROOK ESNET,,52.983133,-2.726544,2016-07-19,uk_ea_hydrology,sub_daily_api,False
E25020A,TOM RUDD BECK_A66 US_E_202003,,54.655765,-3.327589,2020-03-05,uk_ea_hydrology,sub_daily_api,False
E06048A,KEER A6,,54.136498,-2.759107,2014-08-04,uk_ea_hydrology,sub_daily_api,False
EN0100A,DS HIGHWAY DRAIN 901579,,50.375089,-4.951102,2012-11-28,uk_ea_hydrology,sub_daily_api,False
E01480A,SWALE_DS CATTERICK_E_202108,,54.373337,-1.619514,2021-08-17,uk_ea_hydrology,sub_daily_api,False
EP0131A,LIMBURY PARK NEW,,51.906926,-0.446471,2013-11-01,uk_ea_hydrology,sub_daily_api,False
E04100A,WEIR COTTAGE PUMPING STATION US,,52.679964,-2.82735,2014-10-29,uk_ea_hydrology,sub_daily_api,False
E02646A,RYTON_DS MANTON STW_E_202210,,53.304711,-1.083765,2022-10-20,uk_ea_hydrology,sub_daily_api,False
E01110A,LYDDEN AT LYDLINCH,,50.915045,-2.367241,2013-10-09,uk_ea_hydrology,sub_daily_api,False
E03242A,TEME DS LINGEN BRIDGE,,52.350611,-2.942513,2017-05-30,uk_ea_hydrology,sub_daily_api,False
E09080A,GLOSSOP DS STW,,53.438624,-2.005207,2015-09-21,uk_ea_hydrology,sub_daily_api,False
E05037A,CANLEY BROOK,,52.387558,-1.541912,2013-10-10,uk_ea_hydrology,sub_daily_api,False
E03268A,WALCOT TRIB US CHIRBURY STW,,52.582522,-3.096164,2017-10-30,uk_ea_hydrology,sub_daily_api,False
E05013A,CHAR_DOLPHINS_E_201806,,50.742759,-2.880984,2018-09-19,uk_ea_hydrology,sub_daily_api,False
E03099A,PRIEST BRIDGE,,51.465799,-0.252155,2013-07-15,uk_ea_hydrology,sub_daily_api,False
E02128A,DOWNSTREAM OF THE LANDFILL,,50.697308,-1.248059,2013-12-16,uk_ea_hydrology,sub_daily_api,False
E19217A,STOUR_BOXTED MILL_E_202103,,51.973439,0.925948,2021-03-30,uk_ea_hydrology,sub_daily_api,False
E20015A,YARE_CRINGLEFORD_E_201906,,52.607035,1.245997,2019-06-11,uk_ea_hydrology,sub_daily_api,False
E06205A,RIVER BRUE_RIVER HOUSE FARM_E_201807,,51.198954,-2.875204,2018-07-31,uk_ea_hydrology,sub_daily_api,False
E07085A,ASHENDON STW DS,,51.834732,-0.996684,2014-06-19,uk_ea_hydrology,sub_daily_api,False
E01010A,PIDDLE AT TURNERSPUDDLE,,50.738794,-2.242781,2012-10-22,uk_ea_hydrology,sub_daily_api,False
E02563A,WYE_HOLME LACY BRIDGE_E_202207,,52.025177,-2.629879,2022-04-08,uk_ea_hydrology,sub_daily_api,False
E03215A,HOB MOOR,,53.949332,-1.108904,2017-03-27,uk_ea_hydrology,sub_daily_api,False
E07044A,EDGINSWELL STREAM US,,50.486815,-3.568958,2014-04-14,uk_ea_hydrology,sub_daily_api,False
CADOG2,THAMES_CADOGAN PIER_E_200707,,51.483145,-0.16731,2021-04-06,uk_ea_hydrology,sub_daily_api,False
E15074A,MILLWOOD BK DS SLOSWICKS FARM 17,,53.271816,-1.164078,2017-10-09,uk_ea_hydrology,sub_daily_api,False
E05039A,DS TREVELGUE HOLIDAY PARK,,50.428329,-5.046778,2014-06-24,uk_ea_hydrology,sub_daily_api,False
E00493A,POCKLINGTON BECK_HAGG BRIDGE_E_202108,,53.897429,-0.908896,2021-04-14,uk_ea_hydrology,sub_daily_api,False
E01278A,STORT_SOUTH MILL TRADING CENTRE_E_201907,,51.864897,0.164714,2019-07-17,uk_ea_hydrology,sub_daily_api,False
E02080A,WHITEWEBBS GOLF COURSE,,51.674292,-0.080982,2013-05-30,uk_ea_hydrology,sub_daily_api,False
E03152A,ALDINGBOURNE RIFE AT BERSTED,,50.806896,-0.683232,2015-07-09,uk_ea_hydrology,sub_daily_api,False
E01115A,LANGLEY BROOK DS COOP FARM SITE,,52.574423,-1.757793,2014-01-09,uk_ea_hydrology,sub_daily_api,False
E12140A,WHARFE_ILKLEY STW DS_E_201905,,53.932404,-1.814601,2019-05-21,uk_ea_hydrology,sub_daily_api,False
E12089A,HARDY CLOSE DOWNSTREAM,,51.134219,0.906422,2018-01-18,uk_ea_hydrology,sub_daily_api,False
E05042A,US EAST TRIB FOOTPATH,,50.877863,0.192782,2015-05-20,uk_ea_hydrology,sub_daily_api,False
E04236A,LEN_HARRIETSHAM WWTW DS_E_202108,,51.235567,0.67813,2021-08-02,uk_ea_hydrology,sub_daily_api,False
E05096A,UPSTREAM STORM OUTFALL,,52.918642,-3.029452,2014-10-10,uk_ea_hydrology,sub_daily_api,False
E01318A,LEIGHTON MOSS_OLDFIELDS DYKE_E_201902,,54.173566,-2.783898,2019-01-29,uk_ea_hydrology,sub_daily_api,False
E10054A,CARHAMPTON_EASTBURY FARM US_E_201904,,51.177683,-3.417074,2019-04-26,uk_ea_hydrology,sub_daily_api,False
E02647A,CRAMFIT BROOK_DINNINGTON DS STW_E_202210,,53.363435,-1.232945,2022-10-20,uk_ea_hydrology,sub_daily_api,False
E00333A,KELD SIKE_STAMP HILL FARM_E_201905,,54.628868,-2.53127,2019-05-22,uk_ea_hydrology,sub_daily_api,False
E07102A,WOOLPIT BRIDGE,,52.230944,0.877772,2014-06-02,uk_ea_hydrology,sub_daily_api,False
E01129A,PRIME COPSE,,50.772239,-2.86876,2014-01-23,uk_ea_hydrology,sub_daily_api,False
E07043A,US POLDARK MINE,,50.14095,-5.240197,2015-10-20,uk_ea_hydrology,sub_daily_api,False
E08166A,CHELMER_CHURCHEND GAUGING WEIR_E_201908,,51.884984,0.365168,2019-08-09,uk_ea_hydrology,sub_daily_api,False
E09020A,MOUNTNESSING HALL,,51.640162,0.381716,2016-07-14,uk_ea_hydrology,sub_daily_api,False
E04101A,RIVER SHERBOURNE SPON END,,52.406585,-1.520239,2013-10-10,uk_ea_hydrology,sub_daily_api,False
E09163A,STRAWBERRY GRANGE DS,,54.657858,-3.350476,2017-07-27,uk_ea_hydrology,sub_daily_api,False
E04007A,PARKMILL DRIVE DS FB,,53.110912,-1.371896,2016-03-02,uk_ea_hydrology,sub_daily_api,False
E12019A,SLEA DS,,52.998485,-0.408575,2018-02-28,uk_ea_hydrology,sub_daily_api,False
E06088A,KEY BROOK MARGARET MARSH,,50.971919,-2.257384,2014-05-01,uk_ea_hydrology,sub_daily_api,False
E03037A,MILL PLACE FARM TRACK NEW,,51.0971,-0.036351,2013-04-05,uk_ea_hydrology,sub_daily_api,False
E07080A,BRENTFORD LOCK,,51.482773,-0.312038,2014-10-20,uk_ea_hydrology,sub_daily_api,False
E15113A,VARFELL STREAM_VARFELL FARM DS_E_201910,,50.132613,-5.493923,2019-10-24,uk_ea_hydrology,sub_daily_api,False
E26090A,YARTY_MIDDLE WATER FARM_E_202210,,50.789418,-3.024597,2022-10-18,uk_ea_hydrology,sub_daily_api,False
E13136A,MOLLINIS STREAM AT MOLINNIS,,50.400369,-4.779893,2017-11-17,uk_ea_hydrology,sub_daily_api,False
E02213A,NORTH TRIB DS GEARGEHAM,,51.134496,-4.202203,2016-08-25,uk_ea_hydrology,sub_daily_api,False
E07062A,RIVER LODDON AT GILLINGHAM 2015,,51.034189,-2.265587,2015-10-08,uk_ea_hydrology,sub_daily_api,False
E11136A,US TRIB CURL BROOK,,52.215739,-2.918138,2016-05-23,uk_ea_hydrology,sub_daily_api,False
E23089A,TYNE_SWING BR_E_202204,,54.967445,-1.607613,2022-07-25,uk_ea_hydrology,sub_daily_api,False
E05326A,SEVERN_IRONBRIDGE POWER STATION DS_E_201912,,52.633411,-2.507211,2019-12-06,uk_ea_hydrology,sub_daily_api,False
E04252A,MILLWOOD BK DS SLOSWICKS FARM,,53.275218,-1.163352,2016-10-04,uk_ea_hydrology,sub_daily_api,False
E05115A,US BROMLEY BROOK,,52.821332,-2.882922,2014-10-28,uk_ea_hydrology,sub_daily_api,False
E08065A,KETLEY SANDS LH PIPE,,52.696194,-2.490404,2015-02-19,uk_ea_hydrology,sub_daily_api,False
E10216A,LEE_RESTORATION US WARE_E_201808,,51.807869,-0.02006,2018-08-01,uk_ea_hydrology,sub_daily_api,False
E06053A,SEAMER DRAIN AT SEAMER,,54.231442,-0.454491,2017-08-07,uk_ea_hydrology,sub_daily_api,False
M01015A,WITCOMBE BOTTOM MAIN DRAIN_LONG LOAD_K_201807,,51.010788,-2.758634,2015-06-04,uk_ea_hydrology,sub_daily_api,False
E02044A,SPRINGWOOD,,51.771007,-0.127438,2013-07-05,uk_ea_hydrology,sub_daily_api,False
E13022A,DOVE_US WORSBROUGH WWTW_E_202112,,53.527059,-1.456585,2021-12-14,uk_ea_hydrology,sub_daily_api,False
E03036A,THAMES_PURFLEET_E_200707,,51.470265,0.25059,2007-07-01,uk_ea_hydrology,sub_daily_api,False
E04244A,TREMENHEERE STREAM_TOLVER_E_202012,,50.135522,-5.504563,2020-12-15,uk_ea_hydrology,sub_daily_api,False
E10154A,COLNE_HOVIS MILL_E_201906,,51.969198,0.607473,2019-06-04,uk_ea_hydrology,sub_daily_api,False
E01089A,PLAS Y COURT,,52.704354,-3.015742,2013-06-18,uk_ea_hydrology,sub_daily_api,False
GPRSC4A,DOGLANDS,,52.872313,-2.020319,2013-06-05,uk_ea_hydrology,sub_daily_api,False
E05280A,WHARFE_ILKLEY BEANLANDS ISLAND_E_202001,,53.932596,-1.841436,2020-01-20,uk_ea_hydrology,sub_daily_api,False
E27058A,WEY_US BORDON STW_E_202111,,51.118776,-0.855201,2021-12-01,uk_ea_hydrology,sub_daily_api,False
E08266A,HOOKSTONE BECK_HORNBEAM PARK_E_201907,,53.978838,-1.517784,2019-07-16,uk_ea_hydrology,sub_daily_api,False
E03206A,INLET MARTON POOL,,52.61857,-3.04473,2016-11-01,uk_ea_hydrology,sub_daily_api,False
E06070A,CHANNELLS BROOK_NR LEMMINGTON WAY DS OF CONFLUENCE_E_201904,,51.085695,-0.305243,2019-04-01,uk_ea_hydrology,sub_daily_api,False
E18030A,TRENT_WALTON BRIDGE_E_201807,,52.761056,-1.684252,2018-07-31,uk_ea_hydrology,sub_daily_api,False
E06147A,NEWBRIDGE FARM BRIDGE,,50.940345,-1.575285,2015-08-24,uk_ea_hydrology,sub_daily_api,False
E05148A,WHISSENDINE BROOK DS STW,,53.230712,-0.788525,2015-10-26,uk_ea_hydrology,sub_daily_api,False
E14037A,WHISSENDINE BROOK MONITORING,,52.697388,-0.795691,2015-10-26,uk_ea_hydrology,sub_daily_api,False
E06042A,OPPOSITE WOODBURY BREAKERS YARD,,50.673034,-3.406999,2016-02-15,uk_ea_hydrology,sub_daily_api,False
E00532A,RODEN_THISTLEFORD BRIDGE_E_202111,,52.848453,-2.679464,2021-11-23,uk_ea_hydrology,sub_daily_api,False
E05105A,WAVERLEY ABBEY,,51.203921,-0.755354,2014-10-24,uk_ea_hydrology,sub_daily_api,False
E08016A,US ROWLEY BROOK,,52.630872,-2.985641,2016-01-15,uk_ea_hydrology,sub_daily_api,False
E02206A,NIDD US GOUTHWAITE RESERVOIR,,54.134818,-1.817418,2016-04-06,uk_ea_hydrology,sub_daily_api,False
E11034A,DS QUARRY WESTCOUNTRY WOOD,,52.932639,-1.945798,2016-05-09,uk_ea_hydrology,sub_daily_api,False
E06019A,CROYDE ST NORTH TRIB LOWER MEADOW COTTAGES TEST,,50.904558,-4.190733,2017-03-13,uk_ea_hydrology,sub_daily_api,False
EN0084A,DS LLANTHONY WEIR,,51.863659,-2.261357,2012-11-05,uk_ea_hydrology,sub_daily_api,False
E01063A,ABOVE MORETON BRIDGE,,51.739446,0.219026,2013-04-22,uk_ea_hydrology,sub_daily_api,False
GPRS48A,SERPENTINE,,51.505101,-0.1648,2012-06-22,uk_ea_hydrology,sub_daily_api,False
E03141A,LEADEN RODING,,51.792917,0.296683,2014-04-11,uk_ea_hydrology,sub_daily_api,False
E05278A,SEM_WARDOUR_E_202104,,51.044802,-2.115442,2021-04-29,uk_ea_hydrology,sub_daily_api,False
E00091A,CHAR_SEADOWN_E_201806,,50.736693,-2.895707,2018-09-19,uk_ea_hydrology,sub_daily_api,False
EP0147A,LITTLE WALTHAM MEADOWS,,51.773471,0.480911,2014-07-14,uk_ea_hydrology,sub_daily_api,False
E11115A,DS BLOXHAM STW,,52.016671,-1.32722,2015-08-07,uk_ea_hydrology,sub_daily_api,False
E16021A,POULTER US OF NORTON WATER MEADOWS 17,,53.241837,-1.141136,2017-10-09,uk_ea_hydrology,sub_daily_api,False
E03329A,ENBORNE_BISHOPS GREEN STW US_E_201908,,51.36829,-1.281513,2019-08-07,uk_ea_hydrology,sub_daily_api,False
E11061A,TAME_STUBBY LEAS POOL_E_201805,,52.685572,-1.724812,2018-05-01,uk_ea_hydrology,sub_daily_api,False
E02104A,BRIGHTON STREAM DS HIGHWAY DRAIN 901579,,50.374321,-4.953038,2013-11-29,uk_ea_hydrology,sub_daily_api,False
E07084A,SW4,,53.62741,-2.993143,2014-06-26,uk_ea_hydrology,sub_daily_api,False
E08222A,THRUSHEL_REVETMENT WORKS DS_E_201905,,50.643382,-4.273485,2019-05-14,uk_ea_hydrology,sub_daily_api,False
E08056A,MONTGOMERY CANAL US A5,,52.835787,-2.979141,2016-01-08,uk_ea_hydrology,sub_daily_api,False
GPRSB7A,NORWOOD FARM ROAD BRIDGE,,51.18791,-0.23424,2013-05-31,uk_ea_hydrology,sub_daily_api,False
E05107A,DS OF THAME STW,,51.75794,-0.975118,2014-09-09,uk_ea_hydrology,sub_daily_api,False
E01368A,DOWLES BROOK_KNOWLES MILL US_E_201908,,52.386567,-2.35045,2019-08-01,uk_ea_hydrology,sub_daily_api,False
E02043A,WELNEY DELPH,,52.519201,0.251691,2013-05-21,uk_ea_hydrology,sub_daily_api,False
E03052A,THOBY PRIORY,,51.664814,0.352163,2014-10-06,uk_ea_hydrology,sub_daily_api,False
E16102A,BRADFORD BECK AT SHIPLEY,,53.83333,-1.771672,2016-12-13,uk_ea_hydrology,sub_daily_api,False
E03024A,MILL PLACE FARM TRACK,,51.0971,-0.036351,2013-03-20,uk_ea_hydrology,sub_daily_api,False
E06063A,CARNON AT POINT MILLS,,50.230977,-5.128567,2014-02-07,uk_ea_hydrology,sub_daily_api,False
E04366A,VER_US CONFLUENCE_E_202201,,51.793428,-0.392617,2022-01-19,uk_ea_hydrology,sub_daily_api,False
E04066A,WELNEY DELPH 2017,,52.519201,0.251691,2017-04-03,uk_ea_hydrology,sub_daily_api,False
E01204A,BERRISTOW LANE,,53.115307,-1.325636,2016-03-03,uk_ea_hydrology,sub_daily_api,False
E03146A,WITTENSFORD BRIDGE,,50.92226,-1.597658,2015-08-24,uk_ea_hydrology,sub_daily_api,False
E08206A,EYE_HAM BRIDGE SILT TRAP US_E_201911,,52.746944,-0.843866,2019-11-29,uk_ea_hydrology,sub_daily_api,False
E05230A,CANNONS BROOK,,51.77904,0.071226,2017-02-14,uk_ea_hydrology,sub_daily_api,False
E08138A,BEDALE STW DS,,54.284401,-1.579337,2016-10-24,uk_ea_hydrology,sub_daily_api,False
E09037A,WATERMEADS,,51.487,-0.167717,2014-09-24,uk_ea_hydrology,sub_daily_api,False
E03073A,POTTER HEIGHAM CHALET,,52.702693,1.573289,2013-10-30,uk_ea_hydrology,sub_daily_api,False
E01587A,WHARFE_DS GRASSINGTON_E_202205,,54.067999,-2.004312,2022-05-06,uk_ea_hydrology,sub_daily_api,False
E18136A,SERPENTINE_HYDE PARK_E_202104,,51.507442,-0.174793,2021-04-26,uk_ea_hydrology,sub_daily_api,False
E01209A,SCOUT DIKE DS SCOUT DIKE RESERVOIR,,53.53749,-1.644334,2016-07-18,uk_ea_hydrology,sub_daily_api,False
E04073A,KINGS SEDGEMOOR DRAIN AT BRADNEY BRIDGE,,51.148638,-2.945193,2014-03-06,uk_ea_hydrology,sub_daily_api,False
E04269A,OUZEL_HERMITAGE FARM_E_201808,,52.06959,-0.703755,2018-08-14,uk_ea_hydrology,sub_daily_api,False
E02275A,WENSUM_BILLINGFORD COMMON_E_201809,,52.735046,0.982556,2018-09-12,uk_ea_hydrology,sub_daily_api,False
E01273A,DISCHARGE POINT AND SUTTON BARTON US,,50.783039,-3.1475,2017-11-06,uk_ea_hydrology,sub_daily_api,False
E16058A,OAKENSHAW BECK CHEVET TERRACE DRAIN DIKE,,53.673087,-1.471344,2017-05-08,uk_ea_hydrology,sub_daily_api,False
E03154A,MILLWOOD BK US SLOSWICKS FM,,53.275218,-1.163352,2016-10-04,uk_ea_hydrology,sub_daily_api,False
E03002A,MILLWOOD BROOK CRESWELL CRAGS,,53.263177,-1.193991,2014-07-23,uk_ea_hydrology,sub_daily_api,False
E03028A,LONGTON BROOK SPORTS GROUND,,52.980428,-2.166805,2014-07-29,uk_ea_hydrology,sub_daily_api,False
E04099A,DEANS BROOK NEW,,51.607529,-0.271744,2013-09-04,uk_ea_hydrology,sub_daily_api,False
E06047A,LAKE HOUSE TRIB,,50.811131,-2.721131,2015-07-08,uk_ea_hydrology,sub_daily_api,False
E10090A,TRIB_FROM DURRANTS VILLAGE DS_E_201904,,51.095268,-0.267505,2019-04-01,uk_ea_hydrology,sub_daily_api,False
E10118A,EASTBURN BECK_NORTH BECK DS LEYS LANE_E_201903,,53.89752,-2.021581,2019-03-28,uk_ea_hydrology,sub_daily_api,False
E04280A,WEMBURY STREAM_CHURCH RD_E_201905,,50.320608,-4.078658,2019-05-30,uk_ea_hydrology,sub_daily_api,False
E06006A,US BLOXHAM STW,,52.019434,-1.373359,2015-08-07,uk_ea_hydrology,sub_daily_api,False
E15009A,TRENT_ALREWAS_E_201904,,52.738293,-1.743335,2019-04-09,uk_ea_hydrology,sub_daily_api,False
E12001A,COLNE_TESCO WATFORD WATER LANE OUTFALL US_E_201902,,51.657638,-0.386453,2019-02-05,uk_ea_hydrology,sub_daily_api,False
GPRSE3A,PATTEN BECK AT BRIDGE,,54.762443,-3.381715,2014-12-02,uk_ea_hydrology,sub_daily_api,False
E07048A,WARGRAVE STW DS,,51.498898,-0.882081,2015-02-17,uk_ea_hydrology,sub_daily_api,False
E12063A,DS WYKE BECK SWILLINGTON BRIDGE,,53.760021,-1.436034,2017-08-01,uk_ea_hydrology,sub_daily_api,False
E01050A,BEKESBOURNE,,51.259428,1.145701,2014-01-20,uk_ea_hydrology,sub_daily_api,False
E26058A,HERTFORD_WILLERBY_E_202109,,54.204059,-0.464667,2021-09-10,uk_ea_hydrology,sub_daily_api,False
E04150A,BACCUS BROOK BELOW RABYS FARM,,53.849853,-2.726335,2015-09-07,uk_ea_hydrology,sub_daily_api,False
E06021A,BRENT CROSS NEAR GAUGING STATION,,51.577548,-0.217563,2013-08-05,uk_ea_hydrology,sub_daily_api,False
E11102A,BRIDPORT,,50.732818,-2.766943,2015-11-28,uk_ea_hydrology,sub_daily_api,False
E13108A,WHIPSIDERRY STREAM_DS NEWQUAY VIEW RESORT_E_201905,,50.428485,-5.046661,2019-04-29,uk_ea_hydrology,sub_daily_api,False
E08129A,BADSEY BROOK DS,,52.035592,-1.86955,2018-02-28,uk_ea_hydrology,sub_daily_api,False
E27017A,ELLEN_ASPATRIA DS_E_202104,,54.755117,-3.325493,2021-04-01,uk_ea_hydrology,sub_daily_api,False
E17050A,WHITE DRAIN_BROOK BRIDGE_E_201909,,51.327453,0.951376,2019-09-03,uk_ea_hydrology,sub_daily_api,False
E07217A,OAKENSHAW BECK AGBRIGG DS,,53.673087,-1.471344,2017-05-08,uk_ea_hydrology,sub_daily_api,False
E01136A,HEPS MAIN DRAIN,,51.031524,-2.799102,2014-03-07,uk_ea_hydrology,sub_daily_api,False
E05147A,HENNY ST 2015,,52.011652,0.738277,2015-04-28,uk_ea_hydrology,sub_daily_api,False
E12071A,VALLEY BK THE SPRINGS,,52.245,-2.639301,2016-02-22,uk_ea_hydrology,sub_daily_api,False
E03011A,THURNWOOD TRIB,,50.852853,-2.402778,2013-05-29,uk_ea_hydrology,sub_daily_api,False
E01614A,TOAD HOLES BECK_DS CULVERT_E_202207,,53.754254,-1.744984,2022-07-19,uk_ea_hydrology,sub_daily_api,False
E18217A,EYE_WHISSENDINE BROOK_E_202102,,52.740953,-0.765902,2021-02-08,uk_ea_hydrology,sub_daily_api,False
E18089A,AVON_HAM HATCHES_E_201907,,51.168309,-1.788379,2019-07-30,uk_ea_hydrology,sub_daily_api,False
E19048A,AIGLEGILL BECK_AIGLEGILL FARM_E_201809,,54.772129,-3.391357,2018-09-05,uk_ea_hydrology,sub_daily_api,False
E03133A,TEMPLE COTTAGE,,51.21571,-0.769784,2014-10-24,uk_ea_hydrology,sub_daily_api,False
E00459A,SWALECLIFFE BROOK_REEVES WAY_E_202104,,51.356751,1.059134,2021-04-21,uk_ea_hydrology,sub_daily_api,False
E23217A,DELPH_SUTTON GAULT_E_202204,,52.396335,0.097897,2022-04-01,uk_ea_hydrology,sub_daily_api,False
E09081A,R BOVEY US HEATHFIELD STW,,50.575979,-3.641873,2016-07-29,uk_ea_hydrology,sub_daily_api,False
E11232A,RED_REDBOURN OUTFALL_E_202201,,51.792888,-0.402482,2022-01-19,uk_ea_hydrology,sub_daily_api,False
E07152A,KENNET_DUN CONFLUENCE DS_E_202011,,51.412115,-1.492812,2020-11-19,uk_ea_hydrology,sub_daily_api,False
E17001A,VICAR WATER_BRIDLEWAYS_E_202103,,53.155447,-1.131869,2021-03-01,uk_ea_hydrology,sub_daily_api,False
E04134A,NORTH BOW BR AT COMBE THROOP,,51.011046,-2.389751,2016-03-17,uk_ea_hydrology,sub_daily_api,False
TOTLK1,PYMMES BROOK WEST,,51.589213,-0.05626,2009-05-29,uk_ea_hydrology,sub_daily_api,False
E03003A,MUDFORD,,50.977801,-2.606837,2015-08-07,uk_ea_hydrology,sub_daily_api,False
E10066A,STEEPING_WHITE HOUSE FARM_E_201906,,53.108245,0.263165,2019-06-21,uk_ea_hydrology,sub_daily_api,False
E17123A,EASTBURN BECK_LUMB MILL BECK DS CARR HEAD LANE_E_201903,,53.896549,-2.019815,2019-03-28,uk_ea_hydrology,sub_daily_api,False
E20073A,CHESS_CHESHAM STW DS_E_202103,,51.685879,-0.58206,2021-03-25,uk_ea_hydrology,sub_daily_api,False
E03120A,CHAR PILSDON TRIBUTARY,,50.78796,-2.817498,2014-01-28,uk_ea_hydrology,sub_daily_api,False
E06156A,SWINDALE BECK US SCHEME,,54.504282,-2.761695,2016-08-25,uk_ea_hydrology,sub_daily_api,False
E02103A,BRIGHTON STREAM AT BRIGHTON CROSS 2013,,50.353183,-4.948379,2013-11-29,uk_ea_hydrology,sub_daily_api,False
E00523A,THORNTON BECK_US MANHOLE COVER_E_202111,,54.226372,-0.723084,2021-11-17,uk_ea_hydrology,sub_daily_api,False
E04349A,CAREY_DS LANGAFORD DITCH_E_202202,,50.774855,-4.241573,2022-02-09,uk_ea_hydrology,sub_daily_api,False
E08084A,WEST NEWTON BECK AT NEWTON FIELD,,54.774657,-3.390371,2014-12-03,uk_ea_hydrology,sub_daily_api,False
E07035A,WHITE BRIDGE ON A22 NEW,,51.189007,-0.049133,2013-09-11,uk_ea_hydrology,sub_daily_api,False
E10235A,HIXHAM RHYNE_CLEWER PUMPING STATION_E_202105,,51.259535,-2.80616,2021-05-27,uk_ea_hydrology,sub_daily_api,False
E11033A,HOOTON DIKE_THURCROFT CSO DS_E_201805,,53.39444,-1.231937,2018-05-08,uk_ea_hydrology,sub_daily_api,False
E11066A,DOWLES BROOK_OAK COTTAGE DS_E_201908,,52.386567,-2.35045,2019-08-01,uk_ea_hydrology,sub_daily_api,False
E06083A,HOLYWELL HILL ROAD US,,51.746785,-0.342617,2017-07-27,uk_ea_hydrology,sub_daily_api,False
E00401A,COLESMILL STREAM_HOLSWORTHY WWTW DS_E_201911,,50.804356,-4.358236,2019-11-14,uk_ea_hydrology,sub_daily_api,False
E13051A,MILL STREET,,53.733399,-2.348343,2015-08-10,uk_ea_hydrology,sub_daily_api,False
E07116A,CRANE HILL VIEW ROAD BRIDGE,,51.455107,-0.327366,2017-10-09,uk_ea_hydrology,sub_daily_api,False
E12217A,HILLYLAID POOL_US_E_201810,,53.880509,-2.990463,2018-10-16,uk_ea_hydrology,sub_daily_api,False
E01232A,HEPS ON YEO 2016,,51.031628,-2.798305,2017-03-23,uk_ea_hydrology,sub_daily_api,False
E09235A,BROMPTON BECK_BRIDGE HOUSE FARM_E_201904,,54.364317,-1.411723,2019-04-08,uk_ea_hydrology,sub_daily_api,False
E13048A,WALCOT TRIB DS CHIRBURY STW (BLACKFORD BRIDGE),,52.582368,-3.096337,2017-12-05,uk_ea_hydrology,sub_daily_api,False
E01305A,BLYTHE_CREYNOLDS LN BRIDGE_E_201809,,52.376153,-1.814375,2018-09-20,uk_ea_hydrology,sub_daily_api,False
E01131A,GRENDON UNDERWOOD STW US,,51.88411,-1.012425,2013-10-02,uk_ea_hydrology,sub_daily_api,False
E15037A,POUNDS CONCE,,50.512876,-4.651302,2015-12-14,uk_ea_hydrology,sub_daily_api,False
E18076A,STOUR_BOXTED MILL_E_201904,,51.973439,0.925948,2019-04-12,uk_ea_hydrology,sub_daily_api,False
E06038A,BRIT RIVER AT OXBRIDGE,,50.776665,-2.746442,2017-05-16,uk_ea_hydrology,sub_daily_api,False
E05162A,PRESS BROOK_STRETTON_E_202201,,53.149215,-1.421771,2022-01-24,uk_ea_hydrology,sub_daily_api,False
E00491A,LEE_ASH CONFLUENCE US_E_202107,,51.80002,-0.007394,2021-07-14,uk_ea_hydrology,sub_daily_api,False
E09154A,CINDERFORD BK_CRUMPMEADOW STW US_E_201903,,51.826152,-2.515907,2019-03-06,uk_ea_hydrology,sub_daily_api,False
E05079A,POND OFF OLLERSHAW LANE,,53.277696,-2.493304,2013-08-13,uk_ea_hydrology,sub_daily_api,False
E04329A,SILVERDALE BROOK_WALLEYS QUARRY LANDFILL US_E_202106,,53.014329,-2.251896,2021-06-30,uk_ea_hydrology,sub_daily_api,False
E04105A,GRASMERE PASTURES,,51.354312,1.060221,2014-07-10,uk_ea_hydrology,sub_daily_api,False
E15010A,WELNEY COUNTERDRAIN 2017,,52.519612,0.250872,2017-04-03,uk_ea_hydrology,sub_daily_api,False
E07087A,US CHESTERFIELD RD,,53.10522,-1.392263,2016-03-02,uk_ea_hydrology,sub_daily_api,False
E04015A,JACOBS HALL LANE,,52.655407,-1.995677,2013-12-16,uk_ea_hydrology,sub_daily_api,False
E15121A,MIMRAM_CODICOTE ROAD OPP SINGLERS MARSH_E_201901,,51.835926,-0.219237,2019-01-04,uk_ea_hydrology,sub_daily_api,False
E12034A,US BAD MUNSTEREIFEL RD,,51.134349,0.908432,2016-11-09,uk_ea_hydrology,sub_daily_api,False
E03085A,THEOBALDS ROAD,,50.970285,-0.106013,2013-05-02,uk_ea_hydrology,sub_daily_api,False
E15056A,RIVER YARTY_BECKFORD BRIDGE_E_202110,,50.805725,-3.042509,2021-10-15,uk_ea_hydrology,sub_daily_api,False
E03043A,SEATON 2014,,51.284022,1.190455,2014-01-20,uk_ea_hydrology,sub_daily_api,False
E03109A,TOWN LANE SW10,,53.630113,-2.989079,2014-02-10,uk_ea_hydrology,sub_daily_api,False
E12253A,ECCLESBOURNE_ASHBOURNE ROAD BRIDGE_E_202001,,53.016976,-1.548336,2020-01-22,uk_ea_hydrology,sub_daily_api,False
E07281A,LARK_FORNHAM STW DS_E_202104,,52.279813,0.696505,2021-04-21,uk_ea_hydrology,sub_daily_api,False
E04024A,DOCKER PARK FARM,,54.158921,-2.655291,2013-05-01,uk_ea_hydrology,sub_daily_api,False
E04065A,ALLONBY BECK AT ALLONBY,,54.772668,-3.429961,2014-12-02,uk_ea_hydrology,sub_daily_api,False
E07266A,CRIMPLE BECK_HOOKSTONE BECK DS_E_201808,,53.97603,-1.510133,2017-01-16,uk_ea_hydrology,sub_daily_api,False
M04018A,DORE P SONDE,,51.940766,-2.881381,2017-09-19,uk_ea_hydrology,sub_daily_api,False
E13005A,CINDERFORD BK_CRUMPMEADOW STW DS_E_201807,,51.8237,-2.513238,2018-07-16,uk_ea_hydrology,sub_daily_api,False
E16017A,HILL FM RD EMERGENCY BRIDGE GATE,,51.557871,-0.426858,2016-03-07,uk_ea_hydrology,sub_daily_api,False
E17074A,BADSEY BROOK US,,52.033548,-1.867325,2018-02-28,uk_ea_hydrology,sub_daily_api,False
E14056A,DELPH_SUTTON GAULT_E_202107,,52.396335,0.097897,2021-07-14,uk_ea_hydrology,sub_daily_api,False
E02282A,WITHEY_BASTREET HS DS_E_201809,,50.561151,-4.47739,2018-09-13,uk_ea_hydrology,sub_daily_api,False
E18050A,WHITE DRAIN_BOUGHTON GS_E_201910,,51.308576,0.94662,2019-10-29,uk_ea_hydrology,sub_daily_api,False
E01524A,THORNTON BECK_DS FISH FARM_E_202205,,54.247005,-0.705059,2022-05-26,uk_ea_hydrology,sub_daily_api,False
E04263A,EASTFIELD DRAIN PLAXTONS,,54.231803,-0.404201,2018-01-15,uk_ea_hydrology,sub_daily_api,False
E07088A,LETHERINGHAM MILL 2014,,52.17375,1.331805,2014-07-31,uk_ea_hydrology,sub_daily_api,False
E12074A,BURSTWICK DRAIN AT THACK CARR BRIDGE,,53.747694,-0.131529,2016-03-14,uk_ea_hydrology,sub_daily_api,False
E17163B,DELPH_WELNEY_DEPTH_E_202104,,52.519201,0.251691,2021-04-01,uk_ea_hydrology,sub_daily_api,False
E06130A,BURROW BECK GAUGING STATION,,54.039455,-2.780593,2016-10-10,uk_ea_hydrology,sub_daily_api,False
E03048A,GOLF CLUB AT BONES LANE,,51.17515,-0.080177,2013-08-15,uk_ea_hydrology,sub_daily_api,False
E07021A,TOKYNGTON PARK UPPER NEW,,51.558774,-0.267563,2013-09-04,uk_ea_hydrology,sub_daily_api,False
E02431A,AMBER_OGSTON RESERVOIR_E_202103,,53.134149,-1.438579,2021-03-29,uk_ea_hydrology,sub_daily_api,False
E17163A,DELPH_WELNEY_SURFACE_E_202104,,52.519201,0.251691,2021-04-01,uk_ea_hydrology,sub_daily_api,False
E21085A,EGERTON PARK_BEECHING ROAD CAR PARK BEXHILL_E_201902,,50.843355,0.464432,2019-02-12,uk_ea_hydrology,sub_daily_api,False
E01114A,BARNES DS,,51.030191,-0.578401,2013-12-05,uk_ea_hydrology,sub_daily_api,False
E06020A,PORTHILLY STW,,50.538157,-4.913948,2014-09-03,uk_ea_hydrology,sub_daily_api,False
E06134A,GRANGE FARM,,52.743398,1.443063,2017-10-30,uk_ea_hydrology,sub_daily_api,False
E03339A,GW_LITTLERISSINGTON_THAMES_202201,,51.875309,-1.717753,2022-01-22,uk_ea_hydrology,sub_daily_api,False
E01686A,BEAULIEU_US FOOTBRIDGE WWTW_E_202211,,50.880866,-1.56218,2022-11-24,uk_ea_hydrology,sub_daily_api,False
E01674A,BEAULIEU_DUNCES ARCH_E_202211,,50.877762,-1.557063,2022-11-24,uk_ea_hydrology,sub_daily_api,False
E01681A,BEAULIEU_CUSTARDS FOOTBRIDGE_E_202211,,50.876412,-1.563756,2022-11-24,uk_ea_hydrology,sub_daily_api,False
E12016A,FINCHINGFIELD BROOK_PS_201803,,51.970238,0.450243,2018-03-06,uk_ea_hydrology,sub_daily_api,False
E01691A,SKITWATH BECK_HUTTON HEAD_E_202211,,54.632821,-2.882421,2024-04-21,uk_ea_hydrology,sub_daily_api,False
E00496A,TRESILLIAN_TRESILLIAN_E_202202,,50.280866,-4.991032,2022-03-07,uk_ea_hydrology,sub_daily_api,False
E17021A,FINCHINGFIELD BROOK TRIB_PS_201803,,51.970238,0.450243,2018-03-06,uk_ea_hydrology,sub_daily_api,False
E05366A,WORTLEY BECK_POST HILL_E_202212,,53.796127,-1.636048,2022-12-16,uk_ea_hydrology,sub_daily_api,False
E01606A,COLNE_ABOVE GUC INLET_E_202212,,51.545082,-0.488995,2022-12-02,uk_ea_hydrology,sub_daily_api,False
E02570A,WYKE BECK_DS KNOSTROPP FE_E_202212,,53.769533,-1.476278,2023-08-10,uk_ea_hydrology,sub_daily_api,False
E03605A,WYKE BECK_US KNOSTROPP FE_E_202212,,53.773204,-1.475125,2022-12-09,uk_ea_hydrology,sub_daily_api,False
E01687A,WYKE BECK_US PONTEFRACT LANE_E_202212,,53.783366,-1.488703,2022-12-09,uk_ea_hydrology,sub_daily_api,False
E02613A,PYMMES BROOK_ARNOS PARK DS_E_202210,,51.617782,-0.129331,2022-10-26,uk_ea_hydrology,sub_daily_api,False
E02617A,PYMMES BROOK_ARNOS PARK US_E_202210,,51.620759,-0.135594,2022-10-26,uk_ea_hydrology,sub_daily_api,False
E01433A,AMBER_DS KELSTEDGE STW_E_202302,,53.166165,-1.496304,2023-03-07,uk_ea_hydrology,sub_daily_api,False
E01565A,GW_HARTLEY FARM_THAMES_E_202204,,51.856334,-2.064587,2022-01-19,uk_ea_hydrology,sub_daily_api,False
E04568A,CUNSEY BECK_ESTHWAITE OUTFALL_E_202303,,54.348006,-2.976951,2023-03-24,uk_ea_hydrology,sub_daily_api,False
E03624A,CUNSEY BECK_EEL HOUSE BRIDGE_E_202303,,54.338043,-2.970947,2023-03-24,uk_ea_hydrology,sub_daily_api,False
E02614A,BLELHAM BECK_FOOTBRIDGE_E_202303,,54.407366,-2.971676,2023-03-24,uk_ea_hydrology,sub_daily_api,False
E04592A,MILL BECK_WINDERMERE MUSEUM_E_202303,,54.370897,-2.921018,2023-04-13,uk_ea_hydrology,sub_daily_api,False
E10993A,WOLVERCOTE MILL STREAM_PORT MEADOWS BATHING_FLUIDION_K_202304,,51.779527,-1.296746,2023-05-02,uk_ea_hydrology,sub_daily_api,False
E04571A,SEGGIMOOR BECK_US CAENBY_E_202304,,53.392449,-0.507729,2023-05-02,uk_ea_hydrology,sub_daily_api,False
E04608A,HODGELANE BROOK_WHITEFIELD LANE_E_202305,,53.175069,-1.51912,2023-05-19,uk_ea_hydrology,sub_daily_api,False
E02731A,COPPICE BECK_US PARKSIDE BRIDGE_E_202305,,53.02314,-1.473446,2023-05-19,uk_ea_hydrology,sub_daily_api,False
E02433A,COPPICE BECK_DS PARKSIDE BRIDGE_E_202305,,53.023032,-1.473492,2023-05-19,uk_ea_hydrology,sub_daily_api,False
E08326A,SMALLEY BROOK_BROCKHURST_E_202305,,53.174627,-1.505481,2023-05-19,uk_ea_hydrology,sub_daily_api,False
E02705A,STOUR_BOXTED MILL_E_202305,,51.973439,0.925948,2023-06-01,uk_ea_hydrology,sub_daily_api,False
E01306A,LEIGHTON MOSS_MOSS SLUICE_E_201902,,51.795696,-0.73262,2019-01-29,uk_ea_hydrology,sub_daily_api,False
E03635A,LEE_DS OSBORNE ROAD_E_202306,,51.873073,-0.403521,2023-06-06,uk_ea_hydrology,sub_daily_api,False
E04480A,SERPENTINE_SERPENTINE WATER_E_202306,,53.300354,-2.408442,2023-06-06,uk_ea_hydrology,sub_daily_api,False
E01394A,DOVE_US WORSBROUGH STW_E_202306,,53.527077,-1.45663,2023-06-15,uk_ea_hydrology,sub_daily_api,False
E02477A,DOVE_DS WORSBROUGH STW_E_202306,,53.527171,-1.445707,2023-06-15,uk_ea_hydrology,sub_daily_api,False
E01581A,DOVE_A61 BRIDGE_E_202306,,53.525719,-1.470434,2023-06-15,uk_ea_hydrology,sub_daily_api,False
E06303A,SEVERN_BEWDLEY_E_202306,,52.37662,-2.313397,2023-06-16,uk_ea_hydrology,sub_daily_api,False
E05355A,DEBEN_SANCTUARY BRIDGE_E_201805_TEMP,,52.178773,1.320828,2018-05-09,uk_ea_hydrology,sub_daily_api,False
E36999A,WYE_CANARY BRIDGE_E_202306,,52.04687,-2.700176,2023-06-23,uk_ea_hydrology,sub_daily_api,False
E02616A,VER_RIVERSIDE COURT_E_202306,,51.744805,-0.332926,2023-07-20,uk_ea_hydrology,sub_daily_api,False
E09390A,TEME_KNIGHTSFORD BRIDGE_E_202306,,52.19942,-2.389431,2023-06-16,uk_ea_hydrology,sub_daily_api,False
E02532A,VER_HOLYWELL HILL_E_202306,,51.746171,-0.341133,2023-06-27,uk_ea_hydrology,sub_daily_api,False
E35999A,WYE_VICTORIA BRIDGE_E_202306,,52.053011,-2.716562,2023-06-23,uk_ea_hydrology,sub_daily_api,False
E02681A,BRENT_LODGE PARK OUTFALL_E_202306,,51.511316,-0.350729,2023-06-15,uk_ea_hydrology,sub_daily_api,False
E05442A,VER_GORHAMBURY PARK_E_202306,,51.756178,-0.355748,2023-06-27,uk_ea_hydrology,sub_daily_api,False
E03651A,MEANWOOD BECK_GOLDEN ACRE_E_202307,,53.870484,-1.594083,2023-07-05,uk_ea_hydrology,sub_daily_api,False
E05685A,SYME_TOFTS SWANG DRAIN_E_202307,,54.217709,-0.767214,2023-07-12,uk_ea_hydrology,sub_daily_api,False
E03685A,SYME_SUMMERTREE FARM_E_202307,,54.204846,-0.733285,2023-07-12,uk_ea_hydrology,sub_daily_api,False
E04687A,LEA_AMWELL MAGNA_E_202307,,51.79993,-0.007369,2023-07-12,uk_ea_hydrology,sub_daily_api,False
E04646A,FOLLY BROOK_NEWCASTLE_E_202307,,52.43327,-3.111063,2023-07-19,uk_ea_hydrology,sub_daily_api,False
E03315A,GW_DUNSTON BECK WEIR_E_202112,,53.147221,-0.417077,2021-11-03,uk_ea_hydrology,sub_daily_api,False
E01831A,PIX BROOK_CHURCH END_E_202308,,52.026065,-0.261909,2023-07-26,uk_ea_hydrology,sub_daily_api,False
E02691A,MEANWOOD BECK_MARSHES_202308,,53.872037,-1.606935,2023-08-02,uk_ea_hydrology,sub_daily_api,False
E03494A,SEVERN_DIGLIS WEIR DS_E_202307,,52.177318,-2.225361,2023-07-14,uk_ea_hydrology,sub_daily_api,False
E02696A,SEVERN_DIGLIS WEIR US_E_202307,,52.180311,-2.225654,2023-07-14,uk_ea_hydrology,sub_daily_api,False
E03731A,ESK_US LEALHOLM STW_E_202309,,54.457434,-0.821556,2023-09-06,uk_ea_hydrology,sub_daily_api,False
E04471A,ESK_DS LEALHOLM STW_E_202309,,54.456896,-0.820769,2023-09-06,uk_ea_hydrology,sub_daily_api,False
E04494A,YARTY_DS CONFLUENCE CORRY BROOK_E_202309,,50.778004,-3.020688,2023-09-12,uk_ea_hydrology,sub_daily_api,False
E02470A,YARTY_US CORRY BROOK_E_202309,,50.779348,-3.020306,2023-09-12,uk_ea_hydrology,sub_daily_api,False
E01605A,AXE_US YARTY_E_202309,,50.771659,-3.017175,2023-09-12,uk_ea_hydrology,sub_daily_api,False
E03659A,SINCIL DRAIN_SANDHILL BECK_E_202308,,53.229365,-0.440611,2023-08-02,uk_ea_hydrology,sub_daily_api,False
E03469A,AXE_US KIT BROOK_E_202309,,50.811083,-2.963187,2023-09-13,uk_ea_hydrology,sub_daily_api,False
E02623A,AXE_DS CONFLUENCE KIT BROOK_E_202309,,50.808265,-2.963654,2023-09-13,uk_ea_hydrology,sub_daily_api,False
E02476A,FROME_BULLS RIDGE_E_202309,,51.198437,-2.32322,2023-10-03,uk_ea_hydrology,sub_daily_api,False
E03691A,MEANWOOD BECK_SLABBERING BABY_E_202310,,53.853736,-1.569846,2023-08-10,uk_ea_hydrology,sub_daily_api,False
E02428A,GW_PH DEEP_SUTTON_K_202204,,52.565933,-1.833537,2022-01-13,uk_ea_hydrology,sub_daily_api,False
E04461A,GW_PH SHALLOW_SUTTON_K_202204,,52.566041,-1.833714,2022-01-13,uk_ea_hydrology,sub_daily_api,False
E03646A,GW_OTTER CATCHEMENT_E_202211,,50.850374,-3.177634,2022-12-01,uk_ea_hydrology,sub_daily_api,False
E06312A,MIDDLETON STOP_IDB WATERCOURSE_E_202202,,52.732873,0.462139,2022-03-10,uk_ea_hydrology,sub_daily_api,False
E44999A,COOMBE BROOK_FIFIELD_E_202310,,51.861433,-1.665273,2023-10-09,uk_ea_hydrology,sub_daily_api,False
E03610A,STOUR_CATTAWADE SLUICE_E_202306,,51.955709,1.057999,2023-06-06,uk_ea_hydrology,sub_daily_api,False
E03570A,ILFRACOMBE BW_US CONFLUENCE_E_202309,,51.208135,-4.098953,2023-09-28,uk_ea_hydrology,sub_daily_api,False
E01683A,JUMBLE CLOUGH_HEBDEN BRIDGE_E_202312,,53.735296,-2.053103,2023-12-19,uk_ea_hydrology,sub_daily_api,False
E07149A,LUGG_MORTIMERS CROSS_E_202206,,52.268117,-2.841054,2020-12-17,uk_ea_hydrology,sub_daily_api,False
E02586A,AXE_US BLACKWATER_E_202309,,50.817927,-2.95772,2023-09-13,uk_ea_hydrology,sub_daily_api,False
01e18338-4de1-4617-b1b0-a09c53464961,Clungunford,River Clun,52.401845,-2.893012,1993-03-05,uk_ea_hydrology,sub_daily_api,False
E03255A,MEASE_DS A42_E_202401,,52.705329,-1.536374,2019-04-09,uk_ea_hydrology,sub_daily_api,False
E01730A,CUNSEY BECK_DS NEAR SAWREY_E_202303,,54.347415,-2.976706,2023-04-13,uk_ea_hydrology,sub_daily_api,False
E05691A,MEANWOOD BECK_DS CHURCH LANE_E_202401,,53.86136,-1.580609,2023-11-17,uk_ea_hydrology,sub_daily_api,False
bfc68b5e-abb1-4d68-97cb-f066350d2e01,Borrowash Weir,River Derwent,52.901876,-1.399764,2012-08-02,uk_ea_hydrology,sub_daily_api,False
E02517A,RODING_US CRUMPS FARM_E_202401,,51.870822,0.300723,2024-01-11,uk_ea_hydrology,sub_daily_api,False
E07559A,RODING_DS CRUMPS FARM_E_202401,,51.856053,0.29769,2024-01-11,uk_ea_hydrology,sub_daily_api,False
E01776A,RODING_DS SHONKS MILL_E_202402,,51.660614,0.205296,2024-02-28,uk_ea_hydrology,sub_daily_api,False
E04386A,KEMP_PURSLOW NEW BRIDGE_E_202311,,52.424172,-2.936714,2023-11-21,uk_ea_hydrology,sub_daily_api,False
E02763A,SCALBY_WHITBY RD BRIDGE_K_202405,,54.301926,-0.423036,2024-05-02,uk_ea_hydrology,sub_daily_api,False
E01725A,WEY_US WISLEY_E_202403,,51.325075,-0.479644,2024-03-25,uk_ea_hydrology,sub_daily_api,False
E05377A,PEASHOLM LAKE_OUTFLOW_K_202405,,54.291825,-0.409471,2024-05-02,uk_ea_hydrology,sub_daily_api,False
E01591A,WEY_DS WISLEY_E_202403,,51.327533,-0.477855,2024-03-25,uk_ea_hydrology,sub_daily_api,False
E02688A,SKITWATH US_E_202405,,54.642573,-2.904248,2022-11-25,uk_ea_hydrology,sub_daily_api,False
E05635A,SHREWLEY POOLS_E_202405,,52.318071,-1.670981,2024-05-29,uk_ea_hydrology,sub_daily_api,False
E03517A,WYE_HAMPTON BISHOP_E_202404,,52.038867,-2.656664,2024-04-22,uk_ea_hydrology,sub_daily_api,False
E01768A,UGBROOKE_DS QUARRY_E_202403,,50.554162,-3.614786,2024-03-20,uk_ea_hydrology,sub_daily_api,False
E01798B,DELPH_WELNEY BRIDGE_DEPTH_E_202404,,52.519201,0.251691,2024-05-15,uk_ea_hydrology,sub_daily_api,False
E03594A,TOFT NEWTON RESERVOIR_H202_E_202405,,53.375448,-0.444856,2024-05-02,uk_ea_hydrology,sub_daily_api,False
E02665A,FROME_KNIGHTS MALTINGS_E_202306,,51.222174,-2.313907,2023-06-01,uk_ea_hydrology,sub_daily_api,False
E05571A,TEIGN_SOUTH ACRE QUARRY DISCHARGE _E_202403,,50.562347,-3.623114,2024-03-20,uk_ea_hydrology,sub_daily_api,False
E04623A,MERSEY_FLIXTON_E_202405,,53.439993,-2.389353,2024-05-09,uk_ea_hydrology,sub_daily_api,False
E01663A,BEVERLEY_KINGSTON VALE_E_202208,,51.437176,-0.253953,2022-08-01,uk_ea_hydrology,sub_daily_api,False
E02703A,LUGG_LUGG MEADOWS_E_202404,,52.062647,-2.663168,2024-04-24,uk_ea_hydrology,sub_daily_api,False
E05313A,DELPH_WELMORE LAKE SLUICE_E_202404,,52.563279,0.316879,2024-05-15,uk_ea_hydrology,sub_daily_api,False
E13069A,LEEN_DS BESTWOOD LAKE_E_202311,,53.022227,-1.185383,2023-11-01,uk_ea_hydrology,sub_daily_api,False
E04567A,WYE_BROOMY HILL_E_202404,,52.046384,-2.762518,2024-04-22,uk_ea_hydrology,sub_daily_api,False
E03614A,WYE_ROWING CLUB_E_202404,,51.917228,-2.589125,2024-04-23,uk_ea_hydrology,sub_daily_api,False
E05569A,FRANKER BROOK_LOUCH BROOK_E_202405,,53.037148,-1.543696,2024-05-30,uk_ea_hydrology,sub_daily_api,False
E14233A,LEEN_BESTWOOD LAKE MOUTH_E_202311,,53.028838,-1.183395,2023-11-01,uk_ea_hydrology,sub_daily_api,False
E79999A,WEST GLEN_WINTERBOURNE STREAM_E_202401,,52.85038,-0.553324,2024-01-11,uk_ea_hydrology,sub_daily_api,False
E34999A,WYE_BROOMY HILL_E_202306,,52.046498,-2.762987,2023-06-20,uk_ea_hydrology,sub_daily_api,False
E04613A,UGBROOKE_US QUARRY_E_202403,,50.561718,-3.602958,2024-03-20,uk_ea_hydrology,sub_daily_api,False
E01798A,DELPH_WELNEY BRIDGE_SURFACE_E_202404,,52.519201,0.251691,2024-05-15,uk_ea_hydrology,sub_daily_api,False
E05388A,OLD BEDFORD_COUNTERDRAIN_E_202311,,52.587501,0.338884,2023-11-01,uk_ea_hydrology,sub_daily_api,False
E16205A,LEEN_US BAKER LANE BROOK CONFLUENCE_E_202311,,53.029764,-1.182095,2023-11-01,uk_ea_hydrology,sub_daily_api,False
E01698A,WEST GLEN_BOOTHYBY PAGNELL_E_202404,,52.864924,-0.555381,2024-04-10,uk_ea_hydrology,sub_daily_api,False
E02572A,PANG_STANFORD DINGLEY_E_202210,,51.440126,-1.173732,2022-10-01,uk_ea_hydrology,sub_daily_api,False
E06366A,FINCHINGFIELD BROOK DS_K_202403,,51.970238,0.450243,2024-05-07,uk_ea_hydrology,sub_daily_api,False
E04605A,AMBER_US KELSTEDGE_E_202305,,53.166929,-1.498314,2023-05-01,uk_ea_hydrology,sub_daily_api,False
E01662A,MOLE_DORKING STW US_E_202210,,51.238313,-0.309669,2022-10-01,uk_ea_hydrology,sub_daily_api,False
E14061A,LEEN_DS MOOR BRIDGE_E_202311,,53.012402,-1.188058,2023-11-01,uk_ea_hydrology,sub_daily_api,False
E01761A,COSTA BECK_BLACK SIKE_E_202402,,54.237093,-0.828195,2024-02-23,uk_ea_hydrology,sub_daily_api,False
E08644A,TOFT NEWTON RESERVOIR_PCS_E_202405,,53.3734,-0.443578,2024-05-02,uk_ea_hydrology,sub_daily_api,False
E04678A,WYE_HOLME LACY BRIDGE_E_202404,,52.025146,-2.630549,2024-04-22,uk_ea_hydrology,sub_daily_api,False
E02664A,ITCHEN_WOODMILL SALMON POOL_E_202306,,50.934945,-1.375872,2023-06-01,uk_ea_hydrology,sub_daily_api,False
E64999A,HIPPER_PARK ROAD BRIDGE_E_202312,,53.234846,-1.437054,2023-12-01,uk_ea_hydrology,sub_daily_api,False
E03470A,FRANKER BROOK_SHOOTLE HALL_E_202405,,53.023776,-1.544911,2024-05-30,uk_ea_hydrology,sub_daily_api,False
E08494A,DELPH_SUTTON GAULT_E_202404,,52.396335,0.097897,2024-05-15,uk_ea_hydrology,sub_daily_api,False
E06691A,TOFT NEWTON RESERVOIR_CONTROL_E_202405,,53.373433,-0.446838,2024-05-02,uk_ea_hydrology,sub_daily_api,False
E06388A,CODD BECK_KIRBY SIGSTON_E_202312,,54.347787,-1.356716,2023-12-01,uk_ea_hydrology,sub_daily_api,False
E25999A,GW_DUNSTON SPRING_E_202304,,53.144821,-0.435512,2023-06-01,uk_ea_hydrology,sub_daily_api,False
E01566A,ITCHEN_PORTSWOOD STW_E_202304,,50.929102,-1.381287,2023-05-25,uk_ea_hydrology,sub_daily_api,False
KEWPON,THAMES_KEW BARGE_E_201307,,51.486027,-0.282852,2013-01-16,uk_ea_hydrology,sub_daily_api,False
E02770A,STOUR_BOXTED MILL_E_202407,,51.973439,0.925948,2023-06-01,uk_ea_hydrology,sub_daily_api,False
E17107A,TAMAR_GUNNISLAKE TRAP_E_202404,,50.519131,-4.206464,2016-07-07,uk_ea_hydrology,sub_daily_api,False
E04581A,COQUET_WARKWORTH_E_202407,,55.344795,-1.613827,2024-07-17,uk_ea_hydrology,sub_daily_api,False
E02765A,BOURNE_US CHOBHAM STW_E_202408,,51.3417,-0.599252,2024-09-03,uk_ea_hydrology,sub_daily_api,False
E06314A,BOURNE_DS CHOBHAM STW_E_202408,,51.338649,-0.59824,2024-09-03,uk_ea_hydrology,sub_daily_api,False
E05439A,FROME_US BULLS BRIDGE_E_202409,,51.198014,-2.323117,2024-10-04,uk_ea_hydrology,sub_daily_api,False
E05962A,STOUR_WIXOE_K_202411,,52.058594,0.492977,2016-03-14,uk_ea_hydrology,sub_daily_api,False
E04705A,FROME_KNIGHTS MALTINGS_E_202409,,51.221738,-2.308649,2024-10-04,uk_ea_hydrology,sub_daily_api,False
E02694A,RODDEN_BROOK_MILL_E_202409,,51.226098,-2.298926,2024-10-14,uk_ea_hydrology,sub_daily_api,False
E95999A,REDE_FOREST BRIDGE_E_202501,,55.296416,-2.340117,2023-10-30,uk_ea_hydrology,sub_daily_api,False
E96999A,REDE_BIRDHOPE BRIDGE_E_202501,,55.286772,-2.296327,2023-10-30,uk_ea_hydrology,sub_daily_api,False
E08380A,BRENT_EALING GOLF COURSE_E_202412,,51.531491,-0.321338,2025-01-10,uk_ea_hydrology,sub_daily_api,False
E09494A,WARREN DIKE_DS TANKERSLEY STW_E_202501,,53.505875,-1.487433,2025-01-28,uk_ea_hydrology,sub_daily_api,False
E06439A,BIRDWELL DIKE_US TANKERSLEY STW_E_202501,,53.498296,-1.483017,2025-01-28,uk_ea_hydrology,sub_daily_api,False
E06313A,ROCKLEY DIKE_US WARREN DIKE_E_202501,,53.514833,-1.49295,2025-01-28,uk_ea_hydrology,sub_daily_api,False
E04303A,BRETT_SHELLEY BRIDGE_E_202205,,52.007282,0.959007,2022-05-12,uk_ea_hydrology,sub_daily_api,False
E01723A,BRETT_SHELLEY BRIDGE_E_202304,,52.007282,0.959007,2023-04-04,uk_ea_hydrology,sub_daily_api,False
E02780A,SWILL BROOK_HOLWELLS MERE_E_202412,,51.639718,-1.969238,2024-12-13,uk_ea_hydrology,sub_daily_api,False
E03700A,NIDD_KNARESBOROUGH LIDO_E_202501,,53.99519,-1.451395,2025-01-28,uk_ea_hydrology,sub_daily_api,False
E08559A,NIDD_US HARROGATE WWTW_E_202501,,54.025323,-1.540892,2025-01-28,uk_ea_hydrology,sub_daily_api,False
E05705A,NIDD_HAMPSTHWAITE_E_202501,,54.027398,-1.603946,2025-02-03,uk_ea_hydrology,sub_daily_api,False
E03733B,DELPH_WELCHES DAM_DEPTH_E_202404,,52.450419,0.162837,2024-05-15,uk_ea_hydrology,sub_daily_api,False
E03733A,DELPH_WELCHES DAM_SURFACE_E_202404,,52.450419,0.162837,2024-05-15,uk_ea_hydrology,sub_daily_api,False
E02597A,WEST GLEN_BITCHFIELD_E_202301,,52.847309,-0.538146,2023-01-01,uk_ea_hydrology,sub_daily_api,False
E06567A,TEME_LUDLOW_FLUIDION_K_202502,,52.367518,-2.725357,2025-02-03,uk_ea_hydrology,sub_daily_api,False
E06319A,REDE_TRIB_E_202301,,55.335829,-2.462659,2023-02-14,uk_ea_hydrology,sub_daily_api,False
E05524A,REDE_BRIDGE_E_202301,,55.331118,-2.438898,2023-02-14,uk_ea_hydrology,sub_daily_api,False
E03782A,FINCHINGFIELD BROOK US_K_202405,,51.989099,0.447937,2024-05-01,uk_ea_hydrology,sub_daily_api,False
E02254A,STOUR_BURES MILL_E_201704,,51.967084,0.77963,2017-04-12,uk_ea_hydrology,sub_daily_api,False
E03666A,CHING_STORM TANK_E_202503,,51.607799,-0.023881,2025-05-12,uk_ea_hydrology,sub_daily_api,False
E01647A,ENBORNE_BRIMPTON_E_202209,,51.380702,-1.181785,2022-08-31,uk_ea_hydrology,sub_daily_api,False
E11156A,RIVER THURNE_REPPS BANK_E_201909,,52.70239,1.562145,2019-09-26,uk_ea_hydrology,sub_daily_api,False
E06094A,COLWELL BROOK BEHIND SERVICE STATION,,51.774762,-1.492542,2016-10-13,uk_ea_hydrology,sub_daily_api,False
E09076A,AVON DS A35,,50.737417,-1.773943,2015-01-28,uk_ea_hydrology,sub_daily_api,False
E06602A,DOVE_WARREN DIKE_E_202405,,53.511421,-1.491829,2024-06-12,uk_ea_hydrology,sub_daily_api,False
E04409A,UNK_BICTON BRIDGE_E_202311,,52.43413,-3.046363,2023-11-21,uk_ea_hydrology,sub_daily_api,False
E01788A,COSTA BECK_DS CONFLUENCE BLACK SIKE_E_202402,,54.231247,-0.825921,2024-05-21,uk_ea_hydrology,sub_daily_api,False
E01593A,SLE_A161_E_202506,,53.578743,-0.820905,2025-06-26,uk_ea_hydrology,sub_daily_api,False
E01721A,CAMBERLEY POND_SOUTH_E_202310,,51.325038,-0.764723,2023-09-30,uk_ea_hydrology,sub_daily_api,False
E01692A,CLYNE_LOWER SKETTY_E_202211,,51.602658,-4.002486,2022-11-15,uk_ea_hydrology,sub_daily_api,False
E02764A,AXE_US YARTY CONF_E_202509,,50.771677,-3.017147,2025-09-18,uk_ea_hydrology,sub_daily_api,False
E04691A,MEANWOOD BECK_PARKSIDE_E_202311,,53.8406,-1.576151,2023-11-18,uk_ea_hydrology,sub_daily_api,False
E05166A,RIVER THURNE_REPPS BANK_E_201809,,52.70239,1.562145,2018-09-28,uk_ea_hydrology,sub_daily_api,False
E09070A,SEAMER DRAIN_WILLERBY_E_202109,,54.209801,-0.470894,2021-09-11,uk_ea_hydrology,sub_daily_api,False
E06470A,CREEDY_WESTACOTT_E_202509,,50.787143,-3.625923,2025-09-23,uk_ea_hydrology,sub_daily_api,False
E01659A,MOLE_DORKING STW DS_E_202210,,51.25402,-0.321962,2022-09-16,uk_ea_hydrology,sub_daily_api,False
E03761A,BOURNE_US CHOBHAM STW_E_202408_TEST,,51.3417,-0.599252,2024-10-02,uk_ea_hydrology,sub_daily_api,False
E09211A,WESTERN ROTHER_FITTLEWORTH LEVEL STATION_E_202010,,50.954776,-0.558421,2020-11-05,uk_ea_hydrology,sub_daily_api,False
E06378A,THE HAVEN_BOSTON 2_E_201710_TEST,,52.967881,-0.014721,2023-07-27,uk_ea_hydrology,sub_daily_api,False
E05581A,DEBEN_SANCTUARY BRIDGE_E_202505,,52.178773,1.320828,2025-05-06,uk_ea_hydrology,sub_daily_api,False
E01060A,TOTTEN REDBRIDGE,,50.921191,-1.477465,2013-02-14,uk_ea_hydrology,sub_daily_api,False
E01218A,KENT_KENDAL US_E_201512,,54.314723,-2.742786,2015-12-23,uk_ea_hydrology,sub_daily_api,False
E06137A,REPPS BANK 2017,,52.70239,1.562145,2017-09-21,uk_ea_hydrology,sub_daily_api,False
E12148A,BOREHOLE_HARTLEY FARM HOUSE WELL_E_201902,,51.859202,-2.064882,2019-02-22,uk_ea_hydrology,sub_daily_api,False
E06494A,EREWASH_DS NETHERGREEN BROOK_E_202410,,53.021059,-1.32639,2024-10-15,uk_ea_hydrology,sub_daily_api,False
E02516A,DOVE_DODWORTH DIKE_E_202405,,53.528987,-1.49441,2024-06-12,uk_ea_hydrology,sub_daily_api,False
E02700A,WELNEY COUNTERDRAIN_E_202404,,52.519612,0.250872,2024-05-15,uk_ea_hydrology,sub_daily_api,False
E01780A,SWILL BROOK_HOLWELLS MERE_E_202411,,51.639718,-1.969238,2024-11-11,uk_ea_hydrology,sub_daily_api,False
E04612A,RYE_US COSTA BECK_E_202405,,54.174151,-0.762611,2024-06-27,uk_ea_hydrology,sub_daily_api,False
E04527A,AXE_DS YARTY CONFLUENCE_E_202309 ,,50.77113,-3.021162,2023-09-12,uk_ea_hydrology,sub_daily_api,False
E19148A,KENT_KENDAL US_E_202109,,54.314723,-2.742801,2021-09-22,uk_ea_hydrology,sub_daily_api,False
E05113A,REPPS BANK,,52.70239,1.562145,2014-10-22,uk_ea_hydrology,sub_daily_api,False
E02333A,DUNSTON BECK_LOWER DUNSTON FLOODPLAIN DS_E_202012,,53.156269,-0.37406,2020-12-22,uk_ea_hydrology,sub_daily_api,False
E11035A,HAMSELL FARM,,51.085623,0.203836,2014-06-30,uk_ea_hydrology,sub_daily_api,False
E05310A,EREWASH_BAILEY BROOK_E_202410,,53.012778,-1.324492,2024-10-15,uk_ea_hydrology,sub_daily_api,False
E06572A,TYNE_LF INC_E_202505,,54.967445,-1.607613,2025-06-04,uk_ea_hydrology,sub_daily_api,False
E13017A,DS HOGSMILL WWTW,,51.40403,-0.291202,2016-04-26,uk_ea_hydrology,sub_daily_api,False
E02056A,FOLLY BROOK,,51.767606,-3.094204,2012-12-20,uk_ea_hydrology,sub_daily_api,False
E06202A,WINDRUSH_DS DICKLER_E_201903,,51.8654,-1.741037,2019-03-27,uk_ea_hydrology,sub_daily_api,False
E01429A,AXE_US FORTON BROOK_E_202409,,50.831752,-2.944016,2024-09-19,uk_ea_hydrology,sub_daily_api,False
E07013A,THURNE_WHISPERING REEDS BOAT DYKE_E_201811,,52.746789,1.569178,2018-11-08,uk_ea_hydrology,sub_daily_api,False
E05309A,UPPER EDEN_SCALE BECK US_E_201907,,54.524946,-2.507872,2019-07-24,uk_ea_hydrology,sub_daily_api,False
E04270A,HELLEDIKE BECK_DRYHOLME US_E_201910,,54.8476,-3.366371,2019-11-27,uk_ea_hydrology,sub_daily_api,False
E01658A,SEVERN_SHRAWARDINE_E_202411,,52.730946,-2.895207,2024-11-07,uk_ea_hydrology,sub_daily_api,False
E01624A,GW_DUNSTON SPRING_E_202207,,53.144842,-0.43575,2022-07-18,uk_ea_hydrology,sub_daily_api,False
E17889A,RICALL DAM_COMMON FARM DS FACTORY_E_202206,,53.861443,-0.994709,2022-06-18,uk_ea_hydrology,sub_daily_api,False
E03077A,CRANE BELOW DNR,,51.459215,-0.40142,2013-11-28,uk_ea_hydrology,sub_daily_api,False
E00516A,COCKER BECK_LOWDHAM DS OF CRICKET GROUND_E_202109,,53.009009,-1.000927,2021-09-30,uk_ea_hydrology,sub_daily_api,False
E03667A,YARTY_DS CONFLUENCE CORRY BROOK_E_202409,,50.77113,-3.021162,2024-09-19,uk_ea_hydrology,sub_daily_api,False
E07569A,SLEA_US QUARRY_E_202408,,51.140881,-0.851767,2024-09-03,uk_ea_hydrology,sub_daily_api,False
E03721A,RAVENS BOURNE_GLASSMILL LANE_E_202506,,51.402515,0.011051,2025-07-02,uk_ea_hydrology,sub_daily_api,False
E07653A,EREWASH_US NETHERGREEN BROOK_E_202410,,53.021794,-1.326081,2024-10-15,uk_ea_hydrology,sub_daily_api,False
E16016A,WESTERN ROTHER_FITTLEWORTH LEVEL STATION_PS_202101,,50.951529,-0.528795,2021-01-14,uk_ea_hydrology,sub_daily_api,False
E06409A,GADE_DS PARK RESTORATION_E_202405,,51.756779,-0.474362,2024-05-14,uk_ea_hydrology,sub_daily_api,False
E10161A,BOREHOLE_HARTLEY FARM ABSTRACTION WELL_E_201902,,51.856325,-2.064602,2019-02-22,uk_ea_hydrology,sub_daily_api,False
E09015A,CIVIC OFFICES,,50.734263,-1.770543,2015-01-28,uk_ea_hydrology,sub_daily_api,False
E01688A,DACRE BECK_D/S SPARKET MILL_E_202211,,54.630309,-2.87191,2022-11-17,uk_ea_hydrology,sub_daily_api,False
E07386A,STOUR_CATTAWADE SLUICE_E_202407,,51.955709,1.057999,2024-07-08,uk_ea_hydrology,sub_daily_api,False
E10008A,LITTLESTOCK BROOK_THE HEATH US_PS_201712,,51.865282,-1.618162,2017-12-07,uk_ea_hydrology,sub_daily_api,False
E01765A,COSTA BECK_LODGE_E_202402,,54.225748,-0.823362,2024-03-20,uk_ea_hydrology,sub_daily_api,False
E02661A,SLE_DS SYKERS DYKE PS_E_202506,,53.52735,-0.883279,2025-06-26,uk_ea_hydrology,sub_daily_api,False
E05733A,BELL SYKES US_DS DISCHARGE_E_202405,,53.969676,-2.425512,2024-05-17,uk_ea_hydrology,sub_daily_api,False
E81999A,EREWASH_SHIPLEY GATE_E_202410,,53.004191,-1.311482,2024-10-15,uk_ea_hydrology,sub_daily_api,False
E13363A,SHEPPEY_KILVER COURT_E_202511,,51.190183,-2.535915,1970-01-01,uk_ea_hydrology,sub_daily_api,False
E35998A,THAMES_TAPLOW 2_K_202506,,51.54059,-0.694628,2025-06-25,uk_ea_hydrology,sub_daily_api,False
E17060A,DEER_AFFALAND WOOD_E_201906,,50.765388,-4.383731,2019-06-21,uk_ea_hydrology,sub_daily_api,False
E08270A,NOR BECK_LEYFIELD FARM_E_202201,,53.943532,-1.579587,2022-01-21,uk_ea_hydrology,sub_daily_api,False
E01428A,GW_PH DEEP_SUTTON_K_202201,,52.566041,-1.833714,2022-01-14,uk_ea_hydrology,sub_daily_api,False
E05602A,REDE_BIRDHOPE BRIDGE_E_202310,,55.286772,-2.296327,2023-10-24,uk_ea_hydrology,sub_daily_api,False
E12999A,GW_DUNSTON HEATH_K_202201,,53.141335,-0.434278,2022-01-07,uk_ea_hydrology,sub_daily_api,False
E05497A,RUDD BECK_HARROGATE CEMETERY_E_202201,,53.987334,-1.490052,2022-01-07,uk_ea_hydrology,sub_daily_api,False
E03602A,GW_DUNSTON SPRING_E_202302,,53.144821,-0.435512,2023-02-25,uk_ea_hydrology,sub_daily_api,False
E07368A,GW_THORNTON FARM_TWEED_E_202204,,55.722276,-2.081537,2022-04-15,uk_ea_hydrology,sub_daily_api,False
E22102A,DEER_FORDA MILL_E_201906,,50.77309,-4.376066,2019-06-21,uk_ea_hydrology,sub_daily_api,False
E04696A,THUNDER BROOK_JUBILEE LAKE_E_202506,,51.552366,-1.901135,2025-06-28,uk_ea_hydrology,sub_daily_api,False
E02609A,FOWEY_US WTW DISCHARGE_E_202212,,50.431257,-4.679563,2022-12-16,uk_ea_hydrology,sub_daily_api,False
E05687A,DEARNE_DARTON BRIDGE_E_202504,,53.586445,-1.530946,2025-05-15,uk_ea_hydrology,sub_daily_api,False
E01702A,THACKTHWAITE BECK_GREEN CLOSE FARM_E_202211,,54.629097,-2.889094,2022-11-25,uk_ea_hydrology,sub_daily_api,False
E06310A,JORDAN_LOWER LODGE_E_202505,,52.468347,-0.905322,2025-05-02,uk_ea_hydrology,sub_daily_api,False
E06355A,AXE_DS TEMPLE BROOK_E_202409,,50.850753,-2.846878,2024-09-18,uk_ea_hydrology,sub_daily_api,False
E03773A,NLE_DIRTNESS PS_E_202506,,53.579238,-0.869482,2025-06-26,uk_ea_hydrology,sub_daily_api,False
E12363A,AXE_US TEMPLE BROOK_E_202409,,50.851764,-2.845107,2024-09-18,uk_ea_hydrology,sub_daily_api,False
E00064A,TRIB HELLEDIKE BECK_550M US HD BK_E_202010,,54.845789,-3.362821,2020-12-17,uk_ea_hydrology,sub_daily_api,False
E03273A,ONNY_WISTANSTOW US_E_201810,,52.460271,-2.84302,2018-10-16,uk_ea_hydrology,sub_daily_api,False
E09042A,ONNY_WISTANSTOW DS_E_201810,,52.457263,-2.838827,2018-10-16,uk_ea_hydrology,sub_daily_api,False
E01621A,AXE_US YARTY_E_202409,,50.77165,-3.01716,2024-09-24,uk_ea_hydrology,sub_daily_api,False
E15065A,SAINT MICHAELS 2018,,53.863593,-2.817595,2018-02-07,uk_ea_hydrology,sub_daily_api,False
E01219A,KENT_KENDAL DS_E_201512,,54.308993,-2.750905,2015-12-23,uk_ea_hydrology,sub_daily_api,False
E05433A,YEADING BROOK_NEWTON FARM_E_202406,,51.565414,-0.373964,2024-07-02,uk_ea_hydrology,sub_daily_api,False
E12266A,RICALL DAM_SCORCE BRIDGE_E_202202,,53.840563,-1.049785,2022-02-11,uk_ea_hydrology,sub_daily_api,False
E01326A,EREWASH_DS BAILEY BROOK_E_202410,,53.010739,-1.321647,2024-10-15,uk_ea_hydrology,sub_daily_api,False
E36998A,ANT TRIB_CATFIELD DYKE_E_202506,,52.735127,1.52915,2025-06-26,uk_ea_hydrology,sub_daily_api,False
E02600A,COSTA BECK_FLAMINGO LAND_E_202402,,54.217925,-0.809291,2024-03-27,uk_ea_hydrology,sub_daily_api,False
E03781A,DOWDESWELL RESERVOIR_E_202508,,51.875978,-2.019338,2025-08-20,uk_ea_hydrology,sub_daily_api,False
E01707A,AXE_DS FORTON BROOK_E_202409,,50.830062,-2.944025,2024-09-18,uk_ea_hydrology,sub_daily_api,False
E03664A,ITCHEN_WOODMILL SALMON POOL_E_202404,,50.934945,-1.375872,2023-06-16,uk_ea_hydrology,sub_daily_api,False
E07602A,DERWENT_US RYE CONFLUENCE_E_202406,,54.185698,-0.725319,2024-06-27,uk_ea_hydrology,sub_daily_api,False
E08145A,PERRY WYKEY 2018,,52.838304,-2.906737,2018-01-20,uk_ea_hydrology,sub_daily_api,False
E03763A,DEARNE_HAIGH ROUNDABOUT_E_202504,,53.603628,-1.548981,2025-05-15,uk_ea_hydrology,sub_daily_api,False
E03127A,TRIB HELLEDIKE BECK_10M US HD BK_E_202010,,54.849947,-3.36388,2020-11-26,uk_ea_hydrology,sub_daily_api,False
E06092A,TAMAR_GUNNISLAKE TRAP_E_201607,,50.519131,-4.20645,2016-07-07,uk_ea_hydrology,sub_daily_api,False
E12026A,SAINT MICHAELS,,53.861404,-2.962398,2016-12-13,uk_ea_hydrology,sub_daily_api,False
E02322A,SHIRE DRAIN_EAUDYKE BANK_E_202404,,52.731451,0.114159,2024-04-22,uk_ea_hydrology,sub_daily_api,False
E02650A,SLE_TUNNEL PITS_E_202506,,53.526779,-0.883792,2025-06-26,uk_ea_hydrology,sub_daily_api,False
E02281A,PORTH STREAM US WHIPSIDERRY ST 2018 TEST,,50.425723,-5.047371,2018-06-19,uk_ea_hydrology,sub_daily_api,False
E05602B,REDE_BIRDHOPE BRIDGE_E_202310_LEVEL,,55.286772,-2.296327,2023-10-24,uk_ea_hydrology,sub_daily_api,False
E01709A,EREWASH_US MILNHAY STW_E_202410,,53.014474,-1.322438,2024-10-15,uk_ea_hydrology,sub_daily_api,False
E13121A,LITTLESTOCK BROOK_HEATH FARM DS_201712,,51.865538,-1.611145,2017-12-06,uk_ea_hydrology,sub_daily_api,False
E12039A,REPPS BANK 2016,,52.702389,1.562159,2016-10-22,uk_ea_hydrology,sub_daily_api,False
E08228A,KENT_CROPPER MILL RACE_E_201903,,54.358318,-2.763438,2019-03-29,uk_ea_hydrology,sub_daily_api,False
E02567A,GREAT OUSE_A1122 BRIDGE_E_202207,,52.600409,0.356776,2022-08-09,uk_ea_hydrology,sub_daily_api,False
E07433A,NLE_A161_E_202506,,53.585663,-0.819897,2025-06-26,uk_ea_hydrology,sub_daily_api,False
E01531A,GW_LONGRIDGE END_TWEED_E_202204,,55.734149,-2.074635,2022-04-19,uk_ea_hydrology,sub_daily_api,False
E06139A,BLITHE_MANOR GOLF COURSE_E_201805,,52.870392,-1.936189,2018-01-23,uk_ea_hydrology,sub_daily_api,False
E05274A,COSTA BECK_US BLACK SIKE CONF_E_202211,,54.235575,-0.819968,2022-11-24,uk_ea_hydrology,sub_daily_api,False
E02663A,BRENT_LODGE PARK OUTFALL_E_202306_TEST,,51.511316,-0.350729,2023-10-18,uk_ea_hydrology,sub_daily_api,False
E05431A,RICALL DAM_COMMON FARM_E_202202,,53.870445,-0.9953,2022-02-11,uk_ea_hydrology,sub_daily_api,False
E05696A,THUNDER BROOK_JUBILEE LAKE_E_202507,,51.552366,-1.901135,2025-07-24,uk_ea_hydrology,sub_daily_api,False
E16096A,HELLEDIKE BECK_DRYHOLME DS_E_201910,,54.850045,-3.363977,2019-11-27,uk_ea_hydrology,sub_daily_api,False
E01773A,COSTA BECK_US PICKERING_E_202402,,54.208245,-0.796628,2024-03-27,uk_ea_hydrology,sub_daily_api,False
E09026A,RIVER CHET CHURCH FARM 2016,,52.540767,1.51208,2016-01-10,uk_ea_hydrology,sub_daily_api,False
E04077A,WITNEY DS STW,,52.583949,-1.477925,2014-02-12,uk_ea_hydrology,sub_daily_api,False
E05308A,UPPER EDEN_SCALE BECK DS_E_201907,,54.530171,-2.498171,2019-07-24,uk_ea_hydrology,sub_daily_api,False
E03637A,SKITWATH BECK_HUTTON HEAD_E_202211_TEST,,54.632821,-2.882421,2024-04-17,uk_ea_hydrology,sub_daily_api,False
E03564A,CAMBERLEY POND_NORTH_E_202310,,51.326263,-0.765838,2023-10-03,uk_ea_hydrology,sub_daily_api,False
E01441A,GW_NEWGATE_KENT_E_202210,,51.164608,0.970219,2022-10-21,uk_ea_hydrology,sub_daily_api,False
E07145A,PERRY BAGGY MOOR,,52.838304,-2.906737,2017-11-20,uk_ea_hydrology,sub_daily_api,False
E00517A,COCKER BECK_LOWDHAM US OF CRICKET GROUND_E_202109,,53.011956,-1.006195,2021-09-30,uk_ea_hydrology,sub_daily_api,False
E05605A,THAMES_EYNSHAM LOCK_E_202505,,51.774175,-1.356035,2025-04-29,uk_ea_hydrology,sub_daily_api,False
E03559A,GW_SHORESDEAN LOAN_TWEED_E_202204,,55.720319,-2.078015,2022-04-15,uk_ea_hydrology,sub_daily_api,False
E03328A,ANCHOLME_SOUTH FERRIBY_E_202407,,53.675199,-0.525384,2024-07-17,uk_ea_hydrology,sub_daily_api,False
E01578A,CAVERSHAM_METEOR_KIOSK,,51.515786,0.094891,2022-04-08,uk_ea_hydrology,sub_daily_api,False
E03576A,REDE_FOREST BRIDGE_E_202310,,55.296416,-2.340117,2023-10-24,uk_ea_hydrology,sub_daily_api,False
E00281A,BEAULIEU_DECOY FARM POND_E_201808,,50.865645,-1.491813,2018-06-30,uk_ea_hydrology,sub_daily_api,False
E00431A,THAMES_LITTLE MARLOW STW 200M DS_E_202103,,51.576228,-0.731763,2021-03-11,uk_ea_hydrology,sub_daily_api,False
E11073A,EMMAS DYKE,,51.772343,-1.484221,2016-10-13,uk_ea_hydrology,sub_daily_api,False
E05667A,YARTY_DS CORRY BROOK CONF_E_202509,,50.777395,-3.020448,2025-09-18,uk_ea_hydrology,sub_daily_api,False
E00558A,GW_HARTLEY FARM_THAMES_E_202201,,51.857225,-2.06318,2022-01-20,uk_ea_hydrology,sub_daily_api,False
E01012A,FAIRTHORNE MANOR,,50.904512,-1.262747,2013-02-14,uk_ea_hydrology,sub_daily_api,False
E08618A,JORDAN_WATERLOO TRIB_E_202505,,52.458759,-0.889444,2025-05-02,uk_ea_hydrology,sub_daily_api,False
E04612B,RYE_US COSTA BECK_E_202405 LEVEL,,54.174151,-0.762611,2024-06-17,uk_ea_hydrology,sub_daily_api,False
E03479A,RICALL DAM_SKIPWITH BRIDGE_E_202202,,53.858294,-1.006234,2022-02-11,uk_ea_hydrology,sub_daily_api,False
E11363A,GW_ST AUGUSTINES_KENT_E_202210,,51.326165,1.362561,2022-10-20,uk_ea_hydrology,sub_daily_api,False
E03622A,YEO_DOWNES MILL_E_202509,,50.780453,-3.631024,2025-09-23,uk_ea_hydrology,sub_daily_api,False
E01764A,ROXBOURNE_RAYNERS LANE CULVERT_E_202406,,51.566584,-0.363087,2024-07-02,uk_ea_hydrology,sub_daily_api,False
E31058A,THAMES_CLIFTON LOCK US_E_202209,,51.642697,-1.219741,2022-09-08,uk_ea_hydrology,sub_daily_api,False
E02393A,DUNSTON BECK_LOWER DUNSTON FLOODPLAIN US_E_202012,,53.154847,-0.386452,2020-12-10,uk_ea_hydrology,sub_daily_api,False
E04470A,SLEA_DS QUARRY_E_202408,,51.14401,-0.83352,2024-09-03,uk_ea_hydrology,sub_daily_api,False
E03576B,REDE_FOREST BRIDGE_E_202310_LEVEL_OLD,,55.296416,-2.340117,2023-10-24,uk_ea_hydrology,sub_daily_api,False
E13266A,RICALL DAM_US COMMON DRAIN_E_202206,,53.862032,-0.995319,2022-06-21,uk_ea_hydrology,sub_daily_api,False
E07602B,DERWENT_US RYE CONFLUENCE_E_202406 LEVEL,,54.185698,-0.725319,2024-06-17,uk_ea_hydrology,sub_daily_api,False
E02016A,UPPER KENT,,54.454904,-2.852167,2013-04-30,uk_ea_hydrology,sub_daily_api,False
E01561A,GW_MOSS LANE_WYBUNBURY_E_202202,,53.049843,-2.455133,2022-02-04,uk_ea_hydrology,sub_daily_api,False
E11058A,US HOGSMILL WWTW,,51.397477,-0.275993,2016-04-25,uk_ea_hydrology,sub_daily_api,False
E03124A,HARPER ADAMS DS,,52.769487,-2.451787,2014-05-31,uk_ea_hydrology,sub_daily_api,False
E05608A,MIDDLETON STOP_IDB WATERCOURSE_E_202202_TEST,,52.732873,0.462139,2023-09-20,uk_ea_hydrology,sub_daily_api,False
E02614B,BLELHAM BECK_FOOTBRIDGE_LEVEL_202303,,54.407366,-2.971676,2023-03-24,uk_ea_hydrology,sub_daily_api,False
E04798A,CALDER_STONES LANE_E_202502,,53.883363,-2.756398,2025-03-03,uk_ea_hydrology,sub_daily_api,False
E08343A,BROCK US_BLEASDALE_E_202502,,53.910556,-2.664669,2025-03-03,uk_ea_hydrology,sub_daily_api,False
E06527A,EA BECK_DS HAZEL LANE_E_202506,,53.590013,-1.24299,2025-06-16,uk_ea_hydrology,sub_daily_api,False
E02767A,RONS CLIFF DIKE_HEALD LANE_E_202505,,53.562372,-1.613101,2025-05-15,uk_ea_hydrology,sub_daily_api,False
E03459A,EA BECK_US SOUTH ELMSALL STW_E_202506,,53.589902,-1.27434,2025-06-16,uk_ea_hydrology,sub_daily_api,False
E03429A,SEVERN_SHREWSBURY_FLUIDION_K_202505,,52.710381,-2.756669,2025-05-08,uk_ea_hydrology,sub_daily_api,False
E08388A,OCHRE DIKE_HAGG WOOD_E_202505,,53.561707,-1.613243,2025-05-15,uk_ea_hydrology,sub_daily_api,False
E06141A,TAME_LEA MARSTON_E_201906,,52.540801,-1.695255,2019-06-01,uk_ea_hydrology,sub_daily_api,False
GPR177A,EHEN_BLEACH GREEN_E_201312,,54.526053,-3.417448,2013-12-01,uk_ea_hydrology,sub_daily_api,False
E02778A,WEST GLEN_BITCHFIELD_E_202512,,52.845635,-0.538752,2025-12-29,uk_ea_hydrology,sub_daily_api,False
E11145A,AVON_LUCYS MILL_E_201904,,52.183745,-1.708084,2019-04-09,uk_ea_hydrology,sub_daily_api,False
E01594A,NORTH LEVEL MAIN DRAIN_TYDD ST GILES_E_202204,,52.737645,0.14773,2022-04-01,uk_ea_hydrology,sub_daily_api,False
E02790A,RODING_LITTLE ILFORD CSO_E_202510,,51.545973,0.069119,2025-10-17,uk_ea_hydrology,sub_daily_api,False
E05383A,BROCK DS_MATSHEAD_E_202502,,53.862751,-2.727698,2025-03-06,uk_ea_hydrology,sub_daily_api,False
E02621A,ST JOHNS BECK_BIRKETT MIRE_E_202411,,54.611571,-3.063059,2024-11-01,uk_ea_hydrology,sub_daily_api,False
E03360A,WITHAM_US GRANGE FARM_K_202109,,52.841749,-0.624403,2021-09-01,uk_ea_hydrology,sub_daily_api,False
E06616A,GOWY_MILL PARK LANE_E_202511,,53.171817,-2.773562,2025-11-18,uk_ea_hydrology,sub_daily_api,False
E03785A,STOUR_CATTAWADE SLUICE_E_202505,,51.955709,1.057999,2025-05-29,uk_ea_hydrology,sub_daily_api,False
E04610A,WELHAMS BROOK_E_202508,,50.968157,-2.777521,2025-08-22,uk_ea_hydrology,sub_daily_api,False
E02229A,INNY_DS DAIRY CREST TW_E_201606,,50.650249,-4.618457,2016-06-01,uk_ea_hydrology,sub_daily_api,False
E20007A,ITCHEN_GATERS MILL_E_202204,,50.938566,-1.355486,2022-04-01,uk_ea_hydrology,sub_daily_api,False
E05773A,WEAVER_COOLE HALL FARM_E_202510,,53.010222,-2.507655,2025-10-22,uk_ea_hydrology,sub_daily_api,False
E03787A,TRENT_DS CSO_E_202507,,52.942963,-1.120502,2025-07-10,uk_ea_hydrology,sub_daily_api,False
E02793A,DIDDINGTON_DS BUCKDEN_E_202511,,52.283501,-0.234729,2025-11-24,uk_ea_hydrology,sub_daily_api,False
E07313A,MARNAR DALE BECK_ROBIN HOOD BW_E_202503,,54.429898,-0.534272,2025-04-16,uk_ea_hydrology,sub_daily_api,False
E08368A,NIDD_KILLINGHALL_E_202503,,54.0306,-1.578084,2025-03-07,uk_ea_hydrology,sub_daily_api,False
E05360A,TEST_HOUGHTON_E_202504,,51.087428,-1.507963,2025-04-04,uk_ea_hydrology,sub_daily_api,False
E05588A,YARE_BAWBURGH_E_202410,,52.634637,1.181019,2024-10-22,uk_ea_hydrology,sub_daily_api,False
E08378A,MILLBROOK LAKE_E_202504,,50.34948,-4.210255,2025-04-30,uk_ea_hydrology,sub_daily_api,False
E03590A,BRENT_US EALING GOLF COURSE_E_202506,,51.529183,-0.318987,2025-06-03,uk_ea_hydrology,sub_daily_api,False
E06962A,ROBERTSBRIDGE_WWTW FINAL EFFLUENT_K_202505,,50.984585,0.482436,2025-05-06,uk_ea_hydrology,sub_daily_api,False
E14390A,WEAVER_DUCKOW SWANBACH FARM_E_202510,,52.978094,-2.520116,2025-10-20,uk_ea_hydrology,sub_daily_api,False
E06152A,INNY_CONSENTED DISCHARGE US_E_201905,,50.65095,-4.591559,2019-05-01,uk_ea_hydrology,sub_daily_api,False
E13023A,KINGS BECK_ROBIN HOOD BW_E_202503,,54.431923,-0.537514,2025-04-16,uk_ea_hydrology,sub_daily_api,False
E04563A,NENE_RAMSAR WATER RESERVE_E_202401,,52.302662,-0.615064,2025-10-13,uk_ea_hydrology,sub_daily_api,False
E07480A,SEVERN_UPPER LODE_E_202508,,51.993214,-2.17499,2025-08-20,uk_ea_hydrology,sub_daily_api,False
E03582A,TRENT_SUSPENSION BRIDGE_E_202507,,52.933404,-1.13968,2025-07-10,uk_ea_hydrology,sub_daily_api,False
E01774A,WEAVER_ASH TREE FARM_E_202510,,53.040769,-2.502913,2025-10-22,uk_ea_hydrology,sub_daily_api,False
E02577A,GORES_ALLOTMENTS_E_202508,,51.540302,0.141097,2025-08-13,uk_ea_hydrology,sub_daily_api,False
E03714A,TRENT_LADY BAY BRIDGE_E_202507,,52.943283,-1.131017,2025-07-10,uk_ea_hydrology,sub_daily_api,False
E03202A,INNY_US DAIRY CREST TW_E_201606,,50.648749,-4.619958,2016-06-01,uk_ea_hydrology,sub_daily_api,False
E04666A,WEAVER_MOSS HALL FARM (DS AUDLEM STW)_E_202510,,52.991286,-2.521168,2025-10-20,uk_ea_hydrology,sub_daily_api,False
E04517A,WYE_HAMPTON BISHOP_PS_202504,,52.038867,-2.656664,2025-04-08,uk_ea_hydrology,sub_daily_api,False
E45998A,RAVENS BOURNE_GLASSMILL LANE_E_202507,,51.402515,0.011051,2025-07-01,uk_ea_hydrology,sub_daily_api,False
E09386A,RHEE_WENDY RD BRIDGE_E_202511,,52.11215,-0.077147,2025-11-24,uk_ea_hydrology,sub_daily_api,False
E02707A,CRANE DIKE_US CRANE MOOR STW_E_202512,,53.5085,-1.538366,2025-12-11,uk_ea_hydrology,sub_daily_api,False
E01495A,SHEPPEY_GARSTON STREET_E_202508,,51.191349,-2.542383,2025-08-07,uk_ea_hydrology,sub_daily_api,False
E08602A,STOUR_BOXTED MILL_E_202505,,51.973439,0.925948,2025-06-10,uk_ea_hydrology,sub_daily_api,False
E04467A,GRACE DIEU_ST JOHNS_E_202511,,52.742059,-1.356769,2025-11-13,uk_ea_hydrology,sub_daily_api,False
E03430A,WITHAM_DS GRANGE FARM_K_202109,,52.847607,-0.619452,2021-09-01,uk_ea_hydrology,sub_daily_api,False
E11270A,ST JOHNS BECK_HOW BECK_E_202511,,54.560447,-3.058496,2025-12-09,uk_ea_hydrology,sub_daily_api,False
E06594A,SHEPPEY_DS CHARLTON VIADUCT_E_202508,,51.18899,-2.533297,2025-08-07,uk_ea_hydrology,sub_daily_api,False
E16019A,INNY_CONSENTED DISCHARGE DS_E_201905,,50.650199,-4.590923,2019-05-01,uk_ea_hydrology,sub_daily_api,False
E05603A,NIDD_SCOTTON_E_202506,,54.024102,-1.51604,2025-06-17,uk_ea_hydrology,sub_daily_api,False
E08302A,TOFT NEWTON_E_202308,,53.372912,-0.448225,2023-08-01,uk_ea_hydrology,sub_daily_api,False
E29998A,DEBEN_SANCTUARY BRIDGE_E_202506,,52.178773,1.320828,2025-07-09,uk_ea_hydrology,sub_daily_api,False
E01794A,BIRDWELL DIKE_DS WOODBINE CSO_E_202512,,53.49886,-1.482331,2025-12-11,uk_ea_hydrology,sub_daily_api,False
E02799A,MILL BROOK_E_202508,,50.974019,-2.784285,2025-08-22,uk_ea_hydrology,sub_daily_api,False
E08275A,HOVETON GREAT BROAD_E_202505,,52.694588,1.427892,2025-05-16,uk_ea_hydrology,sub_daily_api,False
E09333A,BRETT_SHELLEY BRIDGE_E_202505,,52.007282,0.959007,2025-05-20,uk_ea_hydrology,sub_daily_api,False
E02725A,ITCHEN_PACIFIC CLOSE_K_202412,,50.89423,-1.388374,2024-12-03,uk_ea_hydrology,sub_daily_api,False
E04677A,CRANE DIKE_DS CRANE MOOR STW_E_202512,,53.509454,-1.534194,2025-12-11,uk_ea_hydrology,sub_daily_api,False
E17160A,THURNE_REPPS BANK_E_202110,,52.70239,1.562145,2021-10-01,uk_ea_hydrology,sub_daily_api,False
E03473A,LOWTHER_FB TOM WINDERS LOOM_E_202506,,54.585661,-2.748451,2025-07-16,uk_ea_hydrology,sub_daily_api,False
E04523A,TRENT_TRAM BRIDGE_E_202507,,52.937859,-1.155424,2025-07-10,uk_ea_hydrology,sub_daily_api,False
E10053A,GAYWOOD_BAWSEY RUINS_E_202012,,52.76047,0.464644,2020-12-01,uk_ea_hydrology,sub_daily_api,False
E07358A,KENT_US PARK BECK_E_202601,,54.403883,-2.839385,2026-01-16,uk_ea_hydrology,sub_daily_api,False
E09480A,CLUN_ASTON_E_202511,,52.367566,-2.891733,2025-11-06,uk_ea_hydrology,sub_daily_api,False
E07310A,LACEBY BECK_LOPHAM LANE_E_202602,,53.527747,-0.157066,2026-02-20,uk_ea_hydrology,sub_daily_api,False
E02561A,DON_DS WHARNCLIFFE WWTW_E_202603,,53.444269,-1.547914,2026-03-20,uk_ea_hydrology,sub_daily_api,False
E02671A,DUBBS BECK_DUBBS ROAD_E_202301,,54.400186,-2.887539,2023-01-01,uk_ea_hydrology,sub_daily_api,False
E04765A,TAS_FORNCETT MEADOW 1_E_202602,,52.488807,1.188099,2026-02-03,uk_ea_hydrology,sub_daily_api,False
E18560A,DON_US EWDEN WWTW_E_202603,,53.459903,-1.553622,2026-03-20,uk_ea_hydrology,sub_daily_api,False
E08313A,SOUTH IDLE DRAIN_BANK_E_202603,,53.506569,-0.898979,2026-03-26,uk_ea_hydrology,sub_daily_api,False
E05467A,PEASHOLM BECK_PEASHOLME LAKE_E_202601,,54.286286,-0.416874,2026-01-14,uk_ea_hydrology,sub_daily_api,False
E03684A,COUNTER DRAIN_FLAG FEN_E_202403,,52.568916,-0.187846,2024-03-01,uk_ea_hydrology,sub_daily_api,False
E04799A,NORTH THORN DRAIN_THORN BANK_E_202603,,53.506582,-0.899356,2026-03-26,uk_ea_hydrology,sub_daily_api,False
E05677A,BOTTESFORD BECK_EMMANUEL BRIDGE_E_202603,,53.563469,-0.605176,2026-03-26,uk_ea_hydrology,sub_daily_api,False
E41998A,GADE_DS PARK RESTORATION_E_202508,,51.756779,-0.474362,2025-08-27,uk_ea_hydrology,sub_daily_api,False
E07367A,PEASHOLM BECK_PEASHOLME LAKE OUTFALL_CE_202601,,54.291834,-0.409486,2026-01-19,uk_ea_hydrology,sub_daily_api,False
E07528A,BOTTESFORD BECK_GOLF COURSE_E_202502,,53.559374,-0.612512,2026-03-26,uk_ea_hydrology,sub_daily_api,False
E02682A,RODING US_CONTROL_E_202603,,51.660348,0.164985,2026-03-25,uk_ea_hydrology,sub_daily_api,False
E04704A,RODING_REDBRIDGE_E_202506,,51.576248,0.040561,2025-08-14,uk_ea_hydrology,sub_daily_api,False
E13390A,PLOWLEY BROOK_RB_E_202512,,53.10567,-2.849481,2025-12-05,uk_ea_hydrology,sub_daily_api,False
E07439A,RODING_DS WS_E_202603,,51.659906,0.164559,2026-03-25,uk_ea_hydrology,sub_daily_api,False
E02797A,CHAPEL BROOK_US CHERRIES_E_202511,,53.665125,-2.671333,2025-12-11,uk_ea_hydrology,sub_daily_api,False
E03585A,PIX BROOK_VALERIAN_E_202601,,52.008868,-0.23613,2026-02-13,uk_ea_hydrology,sub_daily_api,False
E04596A,CLUN_REDLAKE_E_202511,,52.420166,-2.893206,2025-11-06,uk_ea_hydrology,sub_daily_api,False
E03789A,SOMERHILL_US CONCRETE_E_202603,,51.162424,0.27954,2026-03-25,uk_ea_hydrology,sub_daily_api,False
E17560A,VER_US OUTFALL_E_202601,,51.742632,-0.331847,2026-02-04,uk_ea_hydrology,sub_daily_api,False
E08274A,THURNE_WOMACK_E_202602,,52.707195,1.538059,2026-03-26,uk_ea_hydrology,sub_daily_api,False
E03662A,CHAPEL BROOK_DS CHERRIES_E_202511,,53.665196,-2.671455,2025-12-11,uk_ea_hydrology,sub_daily_api,False
E03717A,GOLBORNE BROOK_E_202509,,53.119274,-2.832401,2025-10-08,uk_ea_hydrology,sub_daily_api,False
E01835A,TAS_FORNCETT MEADOW 2_E_202602,,52.490271,1.19152,2026-02-03,uk_ea_hydrology,sub_daily_api,False
E06441A,SCALBY BECK_A165_E_202601,,54.301834,-0.422917,2026-01-19,uk_ea_hydrology,sub_daily_api,False
E03370A,BOTTESFORD BECK_BECK FARM_E_202502,,53.543771,-0.668032,2026-03-26,uk_ea_hydrology,sub_daily_api,False
E21160A,THURNE_MARTHAM_E_202602,,52.717457,1.619332,2026-03-26,uk_ea_hydrology,sub_daily_api,False
E05570A,SCALBY BECK_US SCARBOROUGH_E_202601,,54.294969,-0.451452,2026-01-14,uk_ea_hydrology,sub_daily_api,False
E03573A,SOMERHILL_DS CONCRETE_E_202603,,51.162468,0.278669,2026-03-25,uk_ea_hydrology,sub_daily_api,False
E03668A,CLUN_HURST_E_202511,,52.423432,-3.012256,2025-11-06,uk_ea_hydrology,sub_daily_api,False
E08687A,COW WATH BECK_STATION BRIDGE_E_202601,,54.303632,-0.433299,2026-01-14,uk_ea_hydrology,sub_daily_api,False
E10136A,NORTH SOLENT_SALINITY_E_202509,,50.735944,-1.532583,2025-09-15,uk_ea_hydrology,sub_daily_api,False
E07515A,PLOWLEY BROOK_LB_E_202509,,53.113764,-2.861398,2025-10-08,uk_ea_hydrology,sub_daily_api,False
E04566A,DEVER_BRANSBURY_E_202512,,51.177757,-1.392028,2025-12-03,uk_ea_hydrology,sub_daily_api,False
E04688A,RODING BROOK_DS WS_E_202603,,51.660358,0.164956,2026-03-25,uk_ea_hydrology,sub_daily_api,False
E03636A,SOR BROOK_WARMINGTON DF_E_202510,,52.11565,-1.41502,2025-11-03,uk_ea_hydrology,sub_daily_api,False
E02645A,BRENT_HANWELL_E_202506,,51.508658,-0.342712,2025-08-14,uk_ea_hydrology,sub_daily_api,False
E03709A,BRAIN_WHITE NOTLEY_E_202510,,51.833929,0.597573,2025-11-24,uk_ea_hydrology,sub_daily_api,False
E06685A,PIX BROOK_RESERVOIR US_E_202601,,51.986763,-0.239533,2026-02-13,uk_ea_hydrology,sub_daily_api,False
E06588A,CHERWELL_DS A34_E_202512,,51.815158,-1.262811,2025-12-18,uk_ea_hydrology,sub_daily_api,False
ME1011,EHEN_FOOTBRIDGE R-B_PS_201405,,54.524666,-3.410045,2014-05-01,uk_ea_hydrology,sub_daily_api,False
E03658A,CHERWELL_US A34_E_202512,,51.820467,-1.269341,2025-12-18,uk_ea_hydrology,sub_daily_api,False
E04667A,BOTTESFORD BECK_HOLME WOOD_E_202502,,53.551649,-0.641943,2026-03-26,uk_ea_hydrology,sub_daily_api,False
ME1011A,EHEN_FOOTBRIDGE L-B_PS_201405,,54.52453,-3.410133,2014-05-01,uk_ea_hydrology,sub_daily_api,False
GPRSB3A,EHEN_OXBOW_E_201304,,54.527527,-3.436506,2013-04-01,uk_ea_hydrology,sub_daily_api,False
E01330A,CLUN_WHITCOTT KEYSETT_E_202511,,52.435423,-3.094201,2025-11-06,uk_ea_hydrology,sub_daily_api,False
E07637A,BURE_ACLE_E_202601,,52.649683,1.565456,2026-02-12,uk_ea_hydrology,sub_daily_api,False
E10618A,RHEE_MALTON FARM_E_202507,,52.116773,-0.038986,2025-07-10,uk_ea_hydrology,sub_daily_api,False
E02429A,BOTTESFORD BECK_A159 BRIDGE_E_202502,,53.545756,-0.65742,2026-03-26,uk_ea_hydrology,sub_daily_api,False
E09409A,DON_MIDDLE_E_202603,,53.449472,-1.547769,2026-03-20,uk_ea_hydrology,sub_daily_api,False
E02574A,VER_DS OUTFALL_E_202601,,51.742468,-0.331752,2026-02-04,uk_ea_hydrology,sub_daily_api,False
E04763A,KENT_BARLEY BRIDGE WEIR US_E_202601,,54.382738,-2.818059,2026-01-27,uk_ea_hydrology,sub_daily_api,False
E02582A,MINT_DS PATTON BRIDGE_E_202301,,54.366609,-2.678387,2023-01-01,uk_ea_hydrology,sub_daily_api,False
E07623A,KENT_BARLEY BRIDGE WEIR DS_E_202601,,54.380217,-2.816115,2026-01-27,uk_ea_hydrology,sub_daily_api,False
E08665A,RHEE_HASLINGFIELD_E_202507,,52.140029,0.06917,2025-07-10,uk_ea_hydrology,sub_daily_api,False
E03584A,CODDINGTON BROOK_E_202510,,53.118001,-2.831913,2025-10-08,uk_ea_hydrology,sub_daily_api,False
E03650A,WEY_DS BORDON STW_E_202510,,51.122663,-0.848161,2025-10-03,uk_ea_hydrology,sub_daily_api,False
E06687A,GRACE DIEU_US SNARROWS_E_202510,,52.762174,-1.357584,2025-11-07,uk_ea_hydrology,sub_daily_api,False
E13054A,HORSEPOOL_WEST FLEET_E_202510,,50.659709,-2.597549,2025-10-28,uk_ea_hydrology,sub_daily_api,False
E03686A,MAY BECK ESK_E_202512,,54.41109,-0.627119,2025-12-16,uk_ea_hydrology,sub_daily_api,False
E02789A,EYE_US HAM BRIDGE_E_202511,,52.760364,-0.812716,2025-11-12,uk_ea_hydrology,sub_daily_api,False
E08431A,GRACE DIEU_US MANHOLE_E_202502,,52.742394,-1.357178,2025-01-23,uk_ea_hydrology,sub_daily_api,False
E03377A,KENT_US PARK BECK_E_202301,,54.407896,-2.841254,2023-01-01,uk_ea_hydrology,sub_daily_api,False
E02768A,LOXLEY_DS ROAD BRIDGE_E_202512,,53.399825,-1.508304,2025-12-19,uk_ea_hydrology,sub_daily_api,False
E05614A,EYE_HAM BRIDGE SSSI_E_202511,,52.759155,-0.814098,2025-11-12,uk_ea_hydrology,sub_daily_api,False
E06349A,COLNE_EAST MILLS_E_202508,,51.891319,0.915069,2025-08-22,uk_ea_hydrology,sub_daily_api,False
E02710A,EYE_DS BRENTINGBY DAM_E_202511,,52.761216,-0.853654,2025-11-12,uk_ea_hydrology,sub_daily_api,False
E04370A,DERWENT_LANGDALE_E_202512,,54.306076,-0.553368,2025-12-16,uk_ea_hydrology,sub_daily_api,False
E07612A,ST JOHNS BECK_THIRLMERE_E_202510,,54.566053,-3.063761,2025-10-30,uk_ea_hydrology,sub_daily_api,False
E07691A,GIPPING_HORSESHOE WEIR_E_202508,,52.059207,1.134679,2025-08-22,uk_ea_hydrology,sub_daily_api,False
E02658A,GRACE DIEU_DS MANHOLE_E_202502,,52.742394,-1.357178,2025-01-23,uk_ea_hydrology,sub_daily_api,False
E04476A,WESTFORD_QUANTS BARN_E_202510,,50.944976,-3.279538,2025-10-09,uk_ea_hydrology,sub_daily_api,False
E02788A,MAY BECK_MOORLAND CONTROL_E_202512,,54.408019,-0.633769,2025-12-16,uk_ea_hydrology,sub_daily_api,False
E03703A,BURTON BROOK_DS LAZARS STW_E_202511,,52.751656,-0.845815,2025-11-12,uk_ea_hydrology,sub_daily_api,False
E06428A,SWANPOOL STREAM_BOSLOWICK_202509_COMBINED,,50.14972,-5.085778,2025-09-18,uk_ea_hydrology,sub_daily_api,False
E04441A,WEY_US BORDON STW_E_202510,,51.118776,-0.855201,2025-10-03,uk_ea_hydrology,sub_daily_api,False
E06637A,GRACE DIEU_HOCKLEY_E_202510,,52.742154,-1.356041,2025-11-07,uk_ea_hydrology,sub_daily_api,False
E03799A,BURTON BROOK_US LAZARS WRW_E_202511,,52.746989,-0.843909,2025-11-12,uk_ea_hydrology,sub_daily_api,False
E03719A,ROM_BLACK POPLAR WOOD_E_202510,,51.554276,0.187929,2025-09-30,uk_ea_hydrology,sub_daily_api,False
E03672A,LOXLEY_US ROAD BRIDGE_E_202512,,53.400151,-1.513294,2025-12-19,uk_ea_hydrology,sub_daily_api,False
E08569A,SWANPOOL STREAM_US SWANPOOL_E_202509_COMBINED,,50.151137,-5.085632,2025-09-18,uk_ea_hydrology,sub_daily_api,False
E12322A,RODDEN_WEST FLEET_E_202510,,50.641602,-2.558569,2025-10-28,uk_ea_hydrology,sub_daily_api,False
P01018A,RED RIVER_DOLCOATH ADIT_PS_201705,,50.230079,-5.298451,2017-05-01,uk_ea_hydrology,sub_daily_api,False
E05564A,EYE_US BRENTINGBY DAM_E_202511,,52.758321,-0.854501,2025-11-12,uk_ea_hydrology,sub_daily_api,False
E06471A,RIVELIN_DS WEIR_E_202601,,53.399555,-1.512518,2026-01-16,uk_ea_hydrology,sub_daily_api,False
E01804A,BOLINGEY_SANDBAY_E_202604,,50.347477,-5.15201,1970-01-01,uk_ea_hydrology,sub_daily_api,False
E04660A,PERRANPORTH_PROMENADE_E_202604,,50.346114,-5.153832,2026-04-28,uk_ea_hydrology,sub_daily_api,False
E03764A,DEARNE_DS CLAYTON WEST_E_202604,,53.605303,-1.594951,2026-05-06,uk_ea_hydrology,sub_daily_api,False
E04590A,DEARNE_US CLAYTON WEST_E_202604,,53.602658,-1.599797,2026-05-06,uk_ea_hydrology,sub_daily_api,False
E09388A,WSX_FROME_TELLISFORD_E202605,,51.29985,-2.279984,1970-01-01,uk_ea_hydrology,sub_daily_api,False
E04662A,WSX_AVON_HAMPS_E_202605,,50.928649,-1.777742,2026-05-05,uk_ea_hydrology,sub_daily_api,False
E01802A,WSX_WOODBRIDGE BROOK_DS LEA _E_202605,,51.578766,-2.071826,1970-01-01,uk_ea_hydrology,sub_daily_api,False
E01800A,STOUR_CATTAWADE_E_202604,,51.955709,1.057999,2026-05-05,uk_ea_hydrology,sub_daily_api,False
E07471A,WSX_WOODBRIDGE BROOK_US LEA _E_202605,,51.586246,-2.056596,1970-01-01,uk_ea_hydrology,sub_daily_api,False
E04781A,SHEAF_US TOTLEY TUNNEL_E_202604,,53.320202,-1.523316,2026-04-21,uk_ea_hydrology,sub_daily_api,False
E01814A,EAN_ISE_DS_E_202605,,52.438784,-0.691816,2026-04-30,uk_ea_hydrology,sub_daily_api,False
E01786A,SHEAF_ABBEYDALE HAMLET_E_202604,,53.334363,-1.511009,2026-04-21,uk_ea_hydrology,sub_daily_api,False
E07679A,EAN_ISE_US_E_202605,,52.438697,-0.735084,2026-04-30,uk_ea_hydrology,sub_daily_api,False
E06763A,WMD_MANIFOLD_DS HULME END_E_202604,,53.130159,-1.846149,2026-05-22,uk_ea_hydrology,sub_daily_api,False
E29015A,WMD_MANIFOLD_US HULME END_E_202604,,53.133804,-1.842564,2026-05-11,uk_ea_hydrology,sub_daily_api,False
E05717A,WSX_MOORS_MILL LANE_E_202605,,50.771483,-1.822165,2026-05-19,uk_ea_hydrology,sub_daily_api,False
E06651A,STOUR_BOXTEDMILL_E_202604,,51.973439,0.925948,2026-05-05,uk_ea_hydrology,sub_daily_api,False
E04429A,YOR_ACRE DIKE_ROLSTON_E_202606,,53.892979,-0.165854,1970-01-01,uk_ea_hydrology,sub_daily_api,False
E03611A,YOR_ACRE DIKE_GOLF COURSE_E_202606,,53.892979,-0.165854,1970-01-01,uk_ea_hydrology,sub_daily_api,False
E04600A,HNL_TURKEY BROOK_M25_E_202605,,51.687979,-0.1177,1970-01-01,uk_ea_hydrology,sub_daily_api,False
E07616A,HNL_DEANS BROOK_ M1_E_202605,,51.626594,-0.260907,1970-01-01,uk_ea_hydrology,sub_daily_api,False
E01806A,YOR_HOLYWELL_SPRINGWOOD_E_202604,,53.675432,-1.862762,2026-04-29,uk_ea_hydrology,sub_daily_api,False
E07527A,YOR_HOLYWELL_ROCK VIEW_E_202604,,53.675225,-1.861976,2026-04-29,uk_ea_hydrology,sub_daily_api,False
E02803A,BOLINGEY STREAM U/S GOONHAVERN STREAM,,50.332476,-5.130906,1970-01-01,uk_ea_hydrology,sub_daily_api,False
E06610A,LITTLE AVON_US CONF_E_202606,,51.653648,-2.443246,1970-01-01,uk_ea_hydrology,sub_daily_api,False
E05370A,TORTWORTH_US CONF_E_202606,,51.653621,-2.443333,1970-01-01,uk_ea_hydrology,sub_daily_api,False
