grouping,min_stations,min_overlap_years,min_span_years,network_id,river_name,huc2,huc4,huc8,n_stations,n_group_long_stations,site_ids,catalog_overlap_start,catalog_overlap_end,catalog_overlap_years,enough_overlap_years,lat_span_deg,lon_span_deg,states
huc8_only,3,8.0,8.0,huc8_03130001,mixed,03,0313,03130001,28,31,"02330450,02334430,02334480,02334578,02334652,02334653,02334654,02334885,02335000,02335350,02335400,02335405,02335450,02335777,02335778,02335779,02335880,02336000,02336030,02336120,02336152,023362095,02336240,02336300,02336313,02336340,02336360,02336410",2018-04-30,2026-08-24,8.317590691307323,True,0.8978889000000052,0.7251944000000066,Georgia
huc8_only,3,8.0,8.0,huc8_03070103,mixed,03,0307,03070103,19,27,"02203603,02203655,02203831,02203863,02203873,02203900,02203950,02203960,02204037,02205865,02207120,02207135,02207160,02207185,02207385,02207400,02208150,02208450,02208493",2015-09-30,2026-08-25,10.902121834360027,True,0.31261109999999803,0.6368611000000044,Georgia
huc8_only,3,8.0,8.0,huc8_17090004,mixed,17,1709,17090004,18,18,"14158500,14158740,14158790,14158798,14158850,14159100,14159110,14159200,14159500,14161100,14161500,14162200,14162500,14163150,14163900,14164550,14164700,14164900",2017-08-11,2026-07-20,8.93908281998631,True,0.3138874999999999,0.9689101000000022,Oregon
huc8_only,3,8.0,8.0,huc8_03080103,mixed,03,0308,03080103,16,20,"02244040,02245340,022462002,02246459,02246500,02246518,02246751,02246804,300803081354500,301124081395901,301204081434900,301510081383500,301817081393600,302309081333001,302609081453300,302657081312400",2017-06-02,2025-12-07,8.514715947980836,True,0.858579670000001,0.2359000000000009,Florida
huc8_only,3,8.0,8.0,huc8_01090004,mixed,01,0109,01090004,14,14,"01115098,01115110,01115114,01115120,01115170,01115183,01115184,01115187,01115190,01115265,01115275,01115276,01115280,01115297",2009-05-28,2023-10-17,14.387405886379192,True,0.08777729999999906,0.12055970000000116,Rhode Island
huc8_only,3,8.0,8.0,huc8_03060109,mixed,03,0306,03060109,14,14,"02198810,02198820,02198840,02198920,02198950,02198955,021989715,021989773,021989784,021989792,021989793,0219897945,0219897993,02198980",2014-02-28,2026-08-22,12.479123887748118,True,0.22022221999999658,0.27197219999999334,"Georgia,South Carolina"
huc8_only,3,8.0,8.0,huc8_05140102,mixed,05,0514,05140102,14,14,"03293510,03297800,03297900,03298000,03298135,03298150,03298200,03298250,03298300,03301900,03301940,03302000,03302030,03302050",2013-09-30,2025-09-25,11.986310746064339,True,0.2942366600000028,0.4113946000000084,Kentucky
huc8_only,3,8.0,8.0,huc8_03100207,mixed,03,0310,03100207,12,12,"02310308,02310650,02310673,02310674,02310689,02310690,02310700,02310740,02310742,02310752,02313272,285531082412600",2017-05-05,2025-11-13,8.525667351129364,True,0.750834440000002,0.18901893999999686,Florida
huc8_only,3,8.0,8.0,huc8_17080001,mixed,17,1708,17080001,11,11,"14138720,14138850,14138870,14138900,14139800,14140020,14141500,14142500,453439122223900,453630122021400,453845121564001",2007-06-02,2020-09-23,13.311430527036277,True,0.23027482999999904,0.5133459999999985,"Oregon,Washington"
huc8_only,3,8.0,8.0,huc8_05040001,mixed,05,0504,05040001,11,12,"03119341,03119971,03119979,03120820,03120869,03120961,03125338,03126395,03127980,03127986,03127989",2015-07-01,2026-08-24,11.148528405201917,True,0.4938888900000009,0.14444439999999759,Ohio
huc8_only,3,8.0,8.0,huc8_14010001,mixed,14,1401,14010001,11,12,"09010500,09014050,09027100,09032000,09033100,09033300,09034250,09041090,09058000,09060799,09070500",2016-10-21,2026-08-24,9.839835728952773,True,0.6812219000000042,1.3124511999999982,Colorado
huc8_only,3,8.0,8.0,huc8_05140101,mixed,05,0514,05140101,10,10,"03292470,03292474,03292475,03292480,03292500,03292550,03293000,03293500,03293530,03294570",2008-09-30,2025-11-19,17.136208076659823,True,0.2830527599999968,0.3153638099999938,Kentucky
huc8_only,3,8.0,8.0,huc8_17090001,mixed,17,1709,17090001,10,10,"14144800,14144900,14145500,14147500,14148000,14150000,14150290,14150800,14151000,14152000",2010-08-26,2025-11-30,15.263518138261464,True,0.3963929900000025,0.5353126999999915,Oregon
huc8_only,3,8.0,8.0,huc8_01090001,mixed,01,0109,01090001,10,11,"01104370,01104405,01104410,01104415,01104420,01104430,01104453,01104455,01104460,01104475",2012-03-26,2026-08-23,14.40930869267625,True,0.08194325999999563,0.03188789999998676,Massachusetts
huc8_only,3,8.0,8.0,huc8_17090010,mixed,17,1709,17090010,10,13,"14202980,14205400,14206694,14206950,14207200,452230122512201,452559122472401,453004122510301,453030122560101,453040123065201",2004-05-20,2017-12-10,13.557837097878165,True,0.3258269100000035,0.5150153000000017,Oregon
huc8_only,3,8.0,8.0,huc8_17100307,mixed,17,1710,17100307,10,11,"14330000,14335075,14337500,14337600,14337800,14337830,14337870,14338000,14338100,14339000",1988-03-16,1998-09-30,10.54072553045859,True,0.24861149999999554,0.32667329999999595,Oregon
huc8_only,3,8.0,8.0,huc8_03050201,mixed,03,0305,03050201,10,10,"02172002,02172020,02172040,02172050,021720508,02172053,021720677,0217206935,0217206962,021720698",2016-07-01,2026-08-25,10.149212867898699,True,0.3592222300000003,0.15052780999999982,South Carolina
huc8_only,3,8.0,8.0,huc8_03090202,mixed,03,0309,03090202,10,14,"02277100,02286328,022907085,02290709,022908295,251209080350100,251241080385300,255151080371501,265906080093500,265929080091800",2016-11-02,2025-06-17,8.621492128678987,True,2.0014970000000005,0.6996944999999926,Florida
huc8_only,3,8.0,8.0,huc8_10020007,mixed,10,1002,10020007,9,10,"06036805,06036905,06036940,06037100,06037500,06038500,06038800,06040000,06041000",2011-03-16,2026-08-24,15.441478439425051,True,1.0308977000000041,1.0383801999999918,"Montana,Wyoming"
huc8_only,3,8.0,8.0,huc8_03040206,mixed,03,0304,03040206,9,9,"02110400,02110500,02110550,02110701,02110704,02110725,02110802,021108125,02110815",2013-06-22,2026-08-24,13.17180013689254,True,0.5088501399999998,0.4589165999999949,South Carolina
huc8_only,3,8.0,8.0,huc8_05030103,mixed,05,0503,05030103,9,9,"03086500,03090500,03091500,03092090,03092460,03094000,03095500,03098600,03099500",2011-09-30,2024-05-26,12.654346338124572,True,0.3669428299999993,0.6608638000000013,Ohio
huc8_only,3,8.0,8.0,huc8_07120001,mixed,07,0712,07120001,9,9,"05515500,05516665,05517000,05517010,05517500,05518000,05527000,05527500,412320088154101",2016-12-01,2026-08-24,9.727583846680355,True,0.20682548999999995,1.7949165999999934,"Illinois,Indiana"
huc8_only,3,8.0,8.0,huc8_17090005,mixed,17,1709,17090005,9,10,"14178000,14179000,14180300,14181500,14182500,14183000,14184100,14189050,444728122450000",2001-05-25,2009-12-14,8.555783709787816,True,0.13861080999999587,0.948630499999993,Oregon
huc8_only,3,8.0,8.0,huc8_18010204,mixed,18,1801,18010204,9,10,"11507500,11507501,11509370,420448121503100,420451121510000,420741121554001,420853121505500,420853121505501,421015121471800",2018-05-12,2026-08-19,8.271047227926077,True,0.1435890600000036,0.14054360000000088,Oregon
huc8_only,3,8.0,8.0,huc8_04070007,AU SABLE RIVER,04,0407,04070007,8,8,"04136000,04136500,04136900,04137005,04137020,04137025,04137030,04137500",1996-10-01,2026-08-17,29.87542778918549,True,0.24055483000000066,0.858653700000005,Michigan
huc8_only,3,8.0,8.0,huc8_17110004,mixed,17,1711,17110004,8,8,"12205000,12209490,12210000,12210700,12210900,12212050,12212430,12213100",2008-09-30,2026-08-05,17.845311430527037,True,0.3252746800000068,0.745003699999998,Washington
huc8_only,3,8.0,8.0,huc8_02040205,mixed,02,0204,02040205,8,9,"01478137,01480065,01480400,01480500,01480617,01480870,01481000,01481500",2006-10-01,2024-02-28,17.409993155373034,True,0.3166872100000049,0.2682508999999982,"Delaware,Pennsylvania"
huc8_only,3,8.0,8.0,huc8_02040104,mixed,02,0204,02040104,8,9,"01432110,01432160,01432805,01433500,01434000,01435000,01436690,01440000",2013-09-30,2024-08-17,10.880219028062971,True,0.7838333300000002,0.4464753999999971,"New Jersey,New York,Pennsylvania"
huc8_only,3,8.0,8.0,huc8_03090204,mixed,03,0309,03090204,8,9,"02290928,02290930,255123081321300,255327081275900,255432081303900,255534081324000,255654081350200,255726081303700",2007-06-14,2017-09-09,10.239561943874058,True,0.12838610000000017,0.24275550000000123,Florida
huc8_only,3,8.0,8.0,huc8_04040003,mixed,04,0404,04040003,8,9,"040869416,04087000,04087070,040871473,040871475,040871476,040871488,04087159",2007-07-03,2016-10-23,9.308692676249144,True,0.178444429999999,0.15738890000000083,Wisconsin
huc8_only,3,8.0,8.0,huc8_17090012,mixed,17,1709,17090012,7,7,"14211400,14211499,14211500,14211542,14211546,14211550,14211720",2001-11-02,2012-12-18,11.126625598904859,True,0.06460299999999819,0.24733340000000226,Oregon
huc8_only,3,8.0,8.0,huc8_08090302,mixed,08,0809,08090302,7,7,"07381150,07381324,07381328,07381331,07381350,07381355,073814675",2006-10-19,2017-11-01,11.0362765229295,True,0.28533463999999853,0.5629444000000063,Louisiana
huc8_only,3,8.0,8.0,huc8_02080201,mixed,02,0208,02080201,7,7,"02011400,02011460,02011470,02011490,02011500,02011800,02012800",1984-10-01,1995-10-02,11.000684462696784,True,0.4344427899999985,0.21972741999999812,Virginia
huc8_only,3,8.0,8.0,huc8_02040101,mixed,02,0204,02040101,7,8,"01425000,01426500,01427000,01427207,01427301,01427510,01428500",1996-09-30,2007-05-07,10.598220396988363,True,0.5661666700000012,0.4097500000000025,"New York,Pennsylvania"
huc8_only,3,8.0,8.0,huc8_03130002,mixed,03,0313,03130002,7,7,"02336526,02336728,02337000,02337170,02337410,02337498,02338523",2014-10-01,2024-05-01,9.582477754962355,True,0.45374999999999943,0.7525277999999958,Georgia
huc8_only,3,8.0,8.0,huc8_03050101,mixed,03,0305,03050101,7,7,"02137727,02138520,02141500,0214196125,0214244102,0214264790,0214267602",2017-04-01,2026-08-25,9.399041752224504,True,0.48789164000000085,1.1029360999999938,North Carolina
huc8_only,3,8.0,8.0,huc8_17100301,mixed,17,1710,17100301,6,6,"14316460,14316495,14316500,14317450,14318000,14319500",1999-06-25,2024-10-20,25.322381930184804,True,0.07194510000000065,0.8987211999999971,Oregon
huc8_only,3,8.0,8.0,huc8_17090006,mixed,17,1709,17090006,6,6,"14185000,14185800,14185900,14186200,14187200,14187500",2007-10-24,2026-08-24,18.833675564681723,True,0.14833131999999694,0.4513965000000013,Oregon
huc8_only,3,8.0,8.0,huc8_11020002,mixed,11,1102,11020002,6,6,"07096000,07097000,07099400,07099969,07109500,381312104321001",2008-09-30,2026-08-24,17.897330595482547,True,0.2137756400000015,0.8586018000000024,Colorado
huc8_only,3,8.0,8.0,huc8_04090004,mixed,04,0409,04090004,6,6,"04166100,04166470,04166500,04167150,04167625,04168400",2001-10-24,2017-10-31,16.019164955509925,True,0.16305424000000102,0.17931831999999304,Michigan
huc8_only,3,8.0,8.0,huc8_17090003,mixed,17,1709,17090003,6,6,"14158100,14166000,14169000,14170000,14173500,14174000",2010-11-10,2026-08-24,15.786447638603697,True,0.5470661299999975,0.19354400000000282,Oregon
huc8_only,3,8.0,8.0,huc8_05020006,mixed,05,0502,05020006,6,6,"03076500,03077100,03077500,03079000,03081000,03083500",2012-10-01,2026-08-24,13.894592744695414,True,0.5866110999999989,0.5778610999999927,"Maryland,Pennsylvania"
huc8_only,3,8.0,8.0,huc8_10020004,mixed,10,1002,10020004,6,6,"06024450,06024580,06025250,06025500,06026210,06026420",2014-07-01,2026-08-24,12.147843942505133,True,0.4107276000000013,1.096266700000001,Montana
huc8_only,3,8.0,8.0,huc8_17110010,mixed,17,1711,17110010,6,6,"12147470,12147500,12147600,12148000,12148300,12148500",2016-10-01,2026-08-24,9.894592744695414,True,0.030452910000001054,0.22389870000000656,Washington
huc8_only,3,8.0,8.0,huc8_18010110,mixed,18,1801,18010110,6,6,"11462500,11463000,11463682,11463980,11465240,11467000",2016-10-01,2026-08-24,9.894592744695414,True,0.5180444600000058,0.3011244000000062,California
huc8_only,3,8.0,8.0,huc8_03060106,mixed,03,0306,03060106,6,6,"02197000,02197320,021973426,02197351,02197362,02197380",1984-06-07,1993-09-21,9.289527720739219,True,0.1554356299999995,0.4255859999999956,"Georgia,South Carolina"
huc8_only,3,8.0,8.0,huc8_11020003,mixed,11,1102,11020003,6,6,"07105530,07105800,07105815,07105820,07106000,07106500",2017-09-18,2026-08-24,8.930869267624914,True,0.5152690000000035,0.19472199999999873,Colorado
huc8_only,3,8.0,8.0,huc8_02040106,mixed,02,0204,02040106,6,7,"01447500,01447720,01447800,01449360,01449800,01454700",2017-10-01,2026-08-24,8.895277207392198,True,0.46101379999999637,0.49583480000001146,Pennsylvania
huc8_only,3,8.0,8.0,huc8_17070301,mixed,17,1707,17070301,6,6,"14070615,14070621,14070624,14070900,14076500,14091500",2017-10-31,2026-08-24,8.813141683778234,True,0.5951442,0.31161360000000116,Oregon
huc8_only,3,8.0,8.0,huc8_05010006,mixed,05,0501,05010006,6,6,"03034000,03034500,03036000,03038000,03039000,03039040",2018-05-31,2026-08-24,8.232717316906228,True,0.2844435499999989,0.6591326200000083,Pennsylvania
huc8_only,3,8.0,8.0,huc8_17110005,mixed,17,1711,17110005,6,6,"12172000,12173500,12178000,12179900,12181000,12182500",2018-06-27,2026-08-24,8.158795345653662,True,0.2513555000000025,0.4525336999999894,Washington
huc8_only,3,8.0,8.0,huc8_03050109,mixed,03,0305,03050109,5,5,"02163001,02167600,02167716,02168504,02169000",1996-10-02,2026-08-24,29.89185489390828,True,0.6000754000000015,1.3558003000000127,South Carolina
huc8_only,3,8.0,8.0,huc8_04060102,mixed,04,0406,04060102,5,5,"04121650,04121660,04121680,04121944,04121970",1998-10-21,2026-08-24,27.84120465434634,True,0.26277582000000166,0.19777969999999812,Michigan
huc8_only,3,8.0,8.0,huc8_02040202,mixed,02,0204,02040202,5,5,"01466500,01467150,01474703,01477050,01477120",1998-10-28,2026-08-24,27.822039698836413,True,0.16250000000000142,0.8610242099999965,"New Jersey,Pennsylvania"
huc8_only,3,8.0,8.0,huc8_03090101,mixed,03,0309,03090101,5,8,"02264000,02264100,02266200,02266300,02266495",2001-12-20,2025-11-16,23.906913073237508,True,0.11471883000000105,0.09694620000000498,Florida
huc8_only,3,8.0,8.0,huc8_17090002,mixed,17,1709,17090002,5,5,"14152500,14153500,14154500,14155500,14157500",2009-08-07,2026-08-24,17.045859000684462,True,0.3388930899999991,0.21146450000000527,Oregon
huc8_only,3,8.0,8.0,huc8_03150202,mixed,03,0315,03150202,5,6,"02423130,02423160,02423380,02423397,02423496",2011-08-08,2026-07-20,14.948665297741274,True,0.2530483399999994,0.23500340000001074,Alabama
huc8_only,3,8.0,8.0,huc8_17060208,mixed,17,1706,17060208,5,5,"13310800,13310850,13311000,13311250,13311450",2012-04-29,2026-06-30,14.168377823408624,True,0.04683299999999946,0.03455499999999745,Idaho
huc8_only,3,8.0,8.0,huc8_03160111,mixed,03,0316,03160111,5,5,"02455980,02457595,02458148,02458450,02458502",2014-07-26,2026-08-24,12.07939767282683,True,0.19356462999999735,0.19500190000000828,Alabama
huc8_only,3,8.0,8.0,huc8_05110001,mixed,05,0511,05110001,5,5,"03306000,03306500,03307000,03309000,03311500",2003-07-12,2014-11-30,11.38672142368241,True,0.128193330000002,0.9139020000000073,Kentucky
huc8_only,3,8.0,8.0,huc8_05020005,mixed,05,0502,05020005,5,5,"03072000,03072655,03073000,03075070,03085000",2013-09-30,2024-11-26,11.156741957563312,True,0.6318869899999981,0.21446369999999604,Pennsylvania
huc8_only,3,8.0,8.0,huc8_03110206,mixed,03,0311,03110206,5,5,"02321500,02321958,02322500,02322700,02322800",2017-01-19,2026-08-24,9.593429158110883,True,0.10388518999999974,0.4341787000000039,Florida
huc8_only,3,8.0,8.0,huc8_17010201,mixed,17,1701,17010201,5,5,"12323770,12323800,12324200,12324400,12324590",2017-03-29,2026-08-24,9.404517453798768,True,0.3391082999999995,0.05063330000000121,Montana
huc8_only,3,8.0,8.0,huc8_05030102,mixed,05,0503,05030102,5,5,"03094704,03102850,03102950,03103500,03104490",2017-04-27,2026-08-24,9.325119780971937,True,0.4649166699999938,0.3828332999999873,"Ohio,Pennsylvania"
huc8_only,3,8.0,8.0,huc8_05120201,mixed,05,0512,05120201,5,5,"03353200,03353415,03353420,03353611,03354000",2018-02-13,2026-08-24,8.525667351129364,True,0.44888336999999723,0.2000065999999947,Indiana
huc8_only,3,8.0,8.0,huc8_10300101,mixed,10,1030,10300101,5,8,"06893060,06893620,06893820,06893890,06894000",2011-12-20,2020-06-09,8.470910335386721,True,0.13433333999999775,0.1935517999999945,Missouri
huc8_only,3,8.0,8.0,huc8_03050208,mixed,03,0305,03050208,5,5,"02176585,02176603,02176611,02176635,02176640",1998-11-06,2007-03-20,8.366872005475702,True,0.1238823299999936,0.0455553999999978,South Carolina
huc8_only,3,8.0,8.0,huc8_02030103,mixed,02,0203,02030103,5,8,"01382500,01388000,01389005,01391100,01391500",2001-07-14,2009-09-07,8.150581793292266,True,0.12805554999999913,0.3205555100000055,New Jersey
huc8_only,3,8.0,8.0,huc8_03150104,mixed,03,0315,03150104,5,7,"02388975,02388985,02389150,02394000,02394682",2018-07-25,2026-08-24,8.082135523613964,True,0.3301110999999963,0.8346388000000076,Georgia
huc8_only,3,8.0,8.0,huc8_03100205,mixed,03,0310,03100205,5,5,"02304000,02304510,02304517,023060013,02306028",2017-10-26,2025-11-19,8.06570841889117,True,0.11249145000000027,0.09505290999999261,Florida
huc8_only,3,8.0,8.0,huc8_17070105,mixed,17,1707,17070105,4,4,"14105700,453712121071200,453845121562000,454249120423500",1996-06-26,2026-08-24,30.16016427104723,True,0.10518011999999999,1.2291883000000041,"Oregon,Washington"
huc8_only,3,8.0,8.0,huc8_04060103,mixed,04,0406,04060103,4,4,"04124000,04124200,04125460,04125550",1996-12-01,2026-08-24,29.727583846680357,True,0.24305230000000222,0.24294559999999876,Michigan
huc8_only,3,8.0,8.0,huc8_17110012,CEDAR RIVER,17,1711,17110012,4,4,"12115000,12116500,12117600,12119000",2001-05-05,2026-08-24,25.30321697467488,True,0.11249259999999595,0.5783537999999879,Washington
huc8_only,3,8.0,8.0,huc8_03010107,ROANOKE RIVER,03,0301,03010107,4,4,"0208062765,02081022,02081094,0208114150",2000-05-11,2022-01-05,21.65366187542779,True,0.5180555399999989,0.8575000000000017,North Carolina
huc8_only,3,8.0,8.0,huc8_03040207,AIW,03,0304,03040207,4,4,"02110755,02110760,02110770,02110777",2005-10-29,2026-08-25,20.82135523613963,True,0.11083361000000025,0.21084449999999322,South Carolina
huc8_only,3,8.0,8.0,huc8_10020005,mixed,10,1002,10020005,4,4,"06026500,06027600,06035000,06036650",2006-07-01,2026-08-24,20.147843942505133,True,0.28385309999999464,0.7337248000000045,Montana
huc8_only,3,8.0,8.0,huc8_10070002,Yellowstone River,10,1007,10070002,4,4,"06191500,06192500,06195750,06195950",2007-07-13,2026-08-24,19.11567419575633,True,0.7350427900000014,0.8529244000000062,Montana
huc8_only,3,8.0,8.0,huc8_07040006,mixed,07,0704,07040006,4,4,"05382255,05382257,05382267,05382284",2009-08-04,2026-08-24,17.05407255304586,True,0.03333336000000031,0.10777779999999382,Wisconsin
huc8_only,3,8.0,8.0,huc8_05060001,mixed,05,0506,05060001,4,4,"03219500,03220510,03228039,03228300",2010-10-01,2026-08-24,15.89596167008898,True,0.5797820000000016,0.3458480000000037,Ohio
huc8_only,3,8.0,8.0,huc8_08030207,mixed,08,0803,08030207,4,4,"07288000,07288280,07288500,07288650",2010-10-28,2024-10-22,13.984941820670773,True,0.8006641899999991,0.3046199000000058,Mississippi
huc8_only,3,8.0,8.0,huc8_05090203,mixed,05,0509,05090203,4,5,"03260100,03262001,03277075,03277130",2001-03-07,2014-09-29,13.56331279945243,True,0.2346754299999958,0.11888920000001235,Kentucky
huc8_only,3,8.0,8.0,huc8_11130206,Wichita Rv,11,1113,11130206,4,4,"07311900,07312100,07312500,07312700",1998-09-30,2011-09-29,12.996577686516085,True,0.35278074000000004,1.0919765999999953,Texas
huc8_only,3,8.0,8.0,huc8_05010007,mixed,05,0501,05010007,4,4,"03041500,03042000,03043810,03044000",2013-09-29,2026-08-24,12.900752908966462,True,0.05777500000000657,0.3647320000000036,Pennsylvania
huc8_only,3,8.0,8.0,huc8_05010005,mixed,05,0501,05010005,4,4,"03026480,03027500,03028000,03028500",2013-10-01,2026-05-06,12.594113620807667,True,0.15788287000000167,0.16080479000000025,Pennsylvania
huc8_only,3,8.0,8.0,huc8_02070010,mixed,02,0207,02070010,4,4,"01649190,01649500,01654500,01656903",2013-02-08,2025-06-03,12.314852840520192,True,0.21977602999999846,0.5059325000000001,"Maryland,Virginia"
huc8_only,3,8.0,8.0,huc8_17060306,CLEARWATER RIVER,17,1706,17060306,4,4,"13340000,13341050,13342500,13343000",2008-09-30,2021-01-05,12.265571526351813,True,0.06611110999999426,0.7102778000000001,Idaho
huc8_only,3,8.0,8.0,huc8_18040001,mixed,18,1804,18040001,4,5,"11261100,11261500,11262900,11273400",2010-10-01,2022-11-08,12.10403832991102,True,0.09949695000000247,0.12403240000000437,California
huc8_only,3,8.0,8.0,huc8_19020302,mixed,19,1902,19020302,4,5,"15258000,15260001,15261000,15266300",2015-07-21,2026-08-10,11.055441478439425,True,0.057784200000000396,1.269497699999988,Alaska
huc8_only,3,8.0,8.0,huc8_07070005,mixed,07,0707,07070005,4,8,"05406460,05406470,05406491,05406500",1985-01-03,1995-09-29,10.735112936344969,True,0.0238948100000016,0.09182249999999215,Wisconsin
huc8_only,3,8.0,8.0,huc8_02050305,mixed,02,0205,02050305,4,6,"01570500,0157155010,0157155014,01571820",1996-10-17,2007-07-10,10.726899383983573,True,0.404796189999999,0.5411017999999927,Pennsylvania
huc8_only,3,8.0,8.0,huc8_14050006,mixed,14,1405,14050006,4,5,"09306007,09306222,09306242,09306255",1975-01-22,1985-09-29,10.685831622176591,True,0.3424815699999968,0.2890835999999979,Colorado
huc8_only,3,8.0,8.0,huc8_02060003,mixed,02,0206,02060003,4,4,"01581752,01581920,01585075,01589290",2016-01-16,2026-08-23,10.600958247775496,True,0.25747222999999764,0.4191111100000029,Maryland
huc8_only,3,8.0,8.0,huc8_05100205,mixed,05,0510,05100205,4,4,"03287500,03288180,03289000,03289500",2016-06-24,2026-07-12,10.047912388774812,True,0.22555033999999807,0.37272220999999206,Kentucky
huc8_only,3,8.0,8.0,huc8_05130204,HARPETH RIVER,05,0513,05130204,4,4,"03432100,0343233905,034324146,03433500",2016-10-21,2026-08-24,9.839835728952773,True,0.2219985000000051,0.22962650000000906,Tennessee
huc8_only,3,8.0,8.0,huc8_03100101,mixed,03,0310,03100101,4,4,"02297345,02297350,02297460,02298202",2016-04-07,2025-11-19,9.618069815195073,True,0.10188639000000066,0.07162216999999771,Florida
huc8_only,3,8.0,8.0,huc8_02030105,mixed,02,0203,02030105,4,6,"01400500,01401000,01402000,01460595",2012-02-01,2021-08-30,9.57700205338809,True,0.2225000000000037,0.21777776999999787,New Jersey
huc8_only,3,8.0,8.0,huc8_10230006,Missouri River,10,1023,10230006,4,4,"06610000,06610505,410333095530101,412126095565201",2013-04-13,2022-06-24,9.196440793976729,True,0.29811919999999503,0.08527780000000007,"Iowa,Nebraska"
huc8_only,3,8.0,8.0,huc8_16050102,mixed,16,1605,16050102,4,5,"10348000,10348200,10350500,10351600",1989-08-26,1998-09-29,9.092402464065708,True,0.06701780999999585,0.3541811999999993,Nevada
huc8_only,3,8.0,8.0,huc8_10160003,mixed,10,1016,10160003,4,4,"06470500,06470830,06470875,06471000",1985-10-10,1994-09-30,8.971937029431896,True,0.7519449999999992,0.1943428999999952,"North Dakota,South Dakota"
huc8_only,3,8.0,8.0,huc8_02040203,mixed,02,0204,02040203,4,6,"01470779,01470960,01472157,01473500",2017-10-01,2026-08-24,8.895277207392198,True,0.29778874000000144,0.8154742999999911,Pennsylvania
huc8_only,3,8.0,8.0,huc8_03080101,ST. JOHNS RIVER,03,0308,03080101,4,4,"02232400,02234000,02234500,02236000",2007-12-12,2016-09-29,8.799452429842573,True,0.6385898999999995,0.510007299999998,Florida
huc8_only,3,8.0,8.0,huc8_07120004,mixed,07,0712,07120004,4,5,"05536995,05537980,05538010,05539670",2017-11-17,2026-08-24,8.766598220396988,True,0.22555556000000365,0.15447220000000073,Illinois
huc8_only,3,8.0,8.0,huc8_14080104,ANIMAS RIVER,14,1408,14080104,4,4,"09359020,09361500,09363500,09364500",2016-04-06,2024-10-09,8.509240246406572,True,1.065833000000005,0.533528000000004,"Colorado,New Mexico"
huc8_only,3,8.0,8.0,huc8_03050103,mixed,03,0305,03050103,4,4,"02145910,02147310,021474095,02147505",2018-04-01,2026-08-24,8.396988364134154,True,0.47530843999999917,0.12628589000000545,South Carolina
huc8_only,3,8.0,8.0,huc8_17110014,mixed,17,1711,17110014,4,4,"12098700,12100490,12101100,12101102",2016-06-08,2024-09-29,8.309377138945928,True,0.10497097000000366,0.2334995999999876,Washington
huc8_only,3,8.0,8.0,huc8_17010204,Clark Fork,17,1701,17010204,3,3,"12340500,12353650,12354700",1985-07-31,2026-08-24,41.06502395619439,True,0.44518011000000257,0.9578805999999958,Montana
huc8_only,3,8.0,8.0,huc8_17100309,APPLEGATE RIVER,17,1710,17100309,3,3,"14362000,14366000,14369500",1985-10-01,2026-08-24,40.8952772073922,True,0.2902697000000032,0.2952918000000011,Oregon
huc8_only,3,8.0,8.0,huc8_18040010,mixed,18,1804,18040010,3,3,"11299997,11302000,11303000",1985-07-01,2023-04-05,37.76043805612594,True,0.14641398999999922,0.5052515,California
huc8_only,3,8.0,8.0,huc8_02040102,mixed,02,0204,02040102,3,3,"01417500,01420500,01421000",1987-09-30,2025-04-17,37.54688569472964,True,0.07816663000000545,0.19505530000000704,New York
huc8_only,3,8.0,8.0,huc8_16050101,mixed,16,1605,16050101,3,3,"10336610,10336730,10336780",1998-04-08,2026-08-24,28.37782340862423,True,0.16750035999999824,0.05166490000000579,"California,Nevada"
huc8_only,3,8.0,8.0,huc8_14040106,GREEN RIVER,14,1404,14040106,3,3,"09217000,09234500,09261000",1998-09-25,2026-08-24,27.912388774811774,True,1.1076026599999977,0.21382178999999724,"Utah,Wyoming"
huc8_only,3,8.0,8.0,huc8_11010003,White River,11,1101,11010003,3,3,"07053450,07054501,07054527",2000-09-30,2026-08-24,25.897330595482547,True,0.25145200000000045,0.7349053999999882,"Arkansas,Missouri"
huc8_only,3,8.0,8.0,huc8_02020006,mixed,02,0202,02020006,3,3,"01359139,01362230,01362500",2002-02-27,2026-08-24,24.487337440109513,True,0.6334166899999971,0.6161111099999914,New York
huc8_only,3,8.0,8.0,huc8_05130202,mixed,05,0513,05130202,3,3,"03431083,03431091,03431514",2003-09-06,2026-08-24,22.965092402464066,True,0.02502625000000336,0.12923190000000773,Tennessee
huc8_only,3,8.0,8.0,huc8_17090011,CLACKAMAS RIVER,17,1709,17090011,3,3,"14209710,14210000,14211010",2005-04-18,2026-08-24,21.349760438056126,True,0.21222234000000384,0.4211210999999935,Oregon
huc8_only,3,8.0,8.0,huc8_12030203,mixed,12,1203,12030203,3,3,"08067100,08067215,08067252",2003-09-30,2024-10-28,21.078713210130047,True,0.12944129999999987,0.043057300000000964,Texas
huc8_only,3,8.0,8.0,huc8_01080205,mixed,01,0108,01080205,3,4,"01192500,01193050,01193500",1997-04-25,2017-10-18,20.48186173853525,True,0.241386839999997,0.13805831000000524,Connecticut
huc8_only,3,8.0,8.0,huc8_14010003,mixed,14,1401,14010003,3,3,"09064600,09066510,394220106431500",2006-04-29,2026-08-24,20.320328542094455,True,0.15112504999999743,0.32330430000000376,Colorado
huc8_only,3,8.0,8.0,huc8_02040103,mixed,02,0204,02040103,3,3,"01428750,01429000,01431500",2007-08-23,2026-08-24,19.003422313483917,True,0.19832978000000168,0.2038943900000021,Pennsylvania
huc8_only,3,8.0,8.0,huc8_14010005,mixed,14,1401,14010005,3,3,"09085150,09095300,09163500",2006-05-13,2024-08-01,18.220396988364133,True,0.4289235999999974,1.620408850000004,Colorado
huc8_only,3,8.0,8.0,huc8_17110009,mixed,17,1711,17110009,3,3,"12137290,12137800,12138160",2009-09-30,2026-08-24,16.89801505817933,True,0.051944809999994845,0.18861680000000547,Washington
huc8_only,3,8.0,8.0,huc8_16020102,mixed,16,1602,16020102,3,3,"10133650,10133800,10133980",2010-05-18,2026-08-24,16.268309377138944,True,0.14574859999999745,0.06697839999999644,Utah
huc8_only,3,8.0,8.0,huc8_12040102,mixed,12,1204,12040102,3,3,"08068275,08068400,08068500",1999-12-10,2015-10-03,15.813826146475018,True,0.0816638300000001,0.20972839999998882,Texas
huc8_only,3,8.0,8.0,huc8_18050004,mixed,18,1805,18050004,3,3,"11173575,11176900,11179000",2007-10-01,2023-07-04,15.756331279945243,True,0.08610834999999639,0.10440699999999481,California
huc8_only,3,8.0,8.0,huc8_03050106,BROAD RIVER,03,0305,03050106,3,3,"02156500,02160991,02162035",2011-07-02,2026-08-24,15.145790554414784,True,0.5468059999999966,0.34787559999999473,South Carolina
huc8_only,3,8.0,8.0,huc8_04140101,mixed,04,0414,04140101,3,3,"04232034,04232050,0423205010",1995-09-30,2010-09-29,14.99794661190965,True,0.11699970000000093,0.04827779999999393,New York
huc8_only,3,8.0,8.0,huc8_17010104,KOOTENAI RIVER,17,1701,17010104,3,3,"12305000,12309500,12322000",2011-09-30,2026-08-24,14.899383983572895,True,0.37950559000000084,0.45830559999998854,Idaho
huc8_only,3,8.0,8.0,huc8_05010001,mixed,05,0501,05010001,3,3,"03007800,03011020,03012550",2011-09-23,2026-08-13,14.888432580424366,True,0.3381575200000029,0.7191933100000085,"New York,Pennsylvania"
huc8_only,3,8.0,8.0,huc8_09020203,mixed,09,0902,09020203,3,4,"05056000,05057000,05057200",1997-06-12,2011-10-17,14.346338124572211,True,0.576389000000006,0.6886110000000087,North Dakota
huc8_only,3,8.0,8.0,huc8_17040103,mixed,17,1704,17040103,3,3,"13016450,13018300,13018350",2012-05-03,2026-08-24,14.30800821355236,True,0.04862906999999694,0.16747970000000123,Wyoming
huc8_only,3,8.0,8.0,huc8_01070004,mixed,01,0107,01070004,3,3,"01095220,01095375,01095434",2012-05-09,2026-08-24,14.291581108829568,True,0.04627200000000187,0.052778899999992746,Massachusetts
huc8_only,3,8.0,8.0,huc8_06010106,mixed,06,0601,06010106,3,3,"03456991,03460000,03460795",2012-08-01,2026-08-24,14.061601642710473,True,0.26166666000000305,0.2638888000000037,North Carolina
huc8_only,3,8.0,8.0,huc8_02070002,mixed,02,0207,02070002,3,5,"01595800,01596500,01597500",2012-10-01,2026-08-24,13.894592744695414,True,0.12494445000000098,0.022027800000003595,"Maryland,West Virginia"
huc8_only,3,8.0,8.0,huc8_03070101,mixed,03,0307,03070101,3,3,"02217274,02217643,02218565",2012-11-28,2026-08-25,13.738535249828884,True,0.15178051999999553,0.36907229999999913,Georgia
huc8_only,3,8.0,8.0,huc8_17010302,mixed,17,1701,17010302,3,3,"12413360,12413370,12413445",2000-03-29,2013-10-29,13.585215605749486,True,0.06784442000000013,0.06652219999999431,Idaho
huc8_only,3,8.0,8.0,huc8_03050112,mixed,03,0305,03050112,3,3,"02171500,02171645,02171905",2013-05-07,2026-08-25,13.300479123887747,True,0.29944343000000373,0.7871373999999918,South Carolina
huc8_only,3,8.0,8.0,huc8_11020001,ARKANSAS RIVER,11,1102,11020001,3,3,"07086000,07091200,07094500",1993-10-07,2006-09-29,12.97741273100616,True,0.5555491599999982,0.892799299999993,Colorado
huc8_only,3,8.0,8.0,huc8_17070101,COLUMBIA RIVER,17,1707,17070101,3,3,"14019220,14019240,454314120413701",2009-09-30,2022-09-05,12.930869267624914,True,0.2208412000000024,1.4017094999999955,Washington
huc8_only,3,8.0,8.0,huc8_05100101,mixed,05,0510,05100101,3,4,"03249500,03254480,03254550",2000-12-02,2013-09-29,12.824093086926762,True,0.8651961099999994,0.9984235999999953,Kentucky
huc8_only,3,8.0,8.0,huc8_13060011,PECOS RIVER,13,1306,13060011,3,3,"08405200,08406500,08407500",2012-10-01,2024-11-25,12.150581793292266,True,0.33408332999999857,0.19109720000000152,New Mexico
huc8_only,3,8.0,8.0,huc8_04020105,mixed,04,0402,04020105,3,5,"04043097,04043238,04043244",2014-09-30,2026-08-25,11.901437371663244,True,0.05110369999999875,0.590834600000008,Michigan
huc8_only,3,8.0,8.0,huc8_02070008,mixed,02,0207,02070008,3,3,"01646000,01646305,01646500",2007-11-30,2019-09-30,11.832991101984941,True,0.02616568000000541,0.11817550000000665,"Maryland,Virginia"
huc8_only,3,8.0,8.0,huc8_05040005,mixed,05,0504,05040005,3,3,"03140853,03140900,03140950",2015-06-29,2026-08-24,11.154004106776181,True,0.048611110000003066,0.009166700000008632,Ohio
huc8_only,3,8.0,8.0,huc8_17090009,mixed,17,1709,17090009,3,3,"14200400,14201300,14202000",1993-08-07,2004-09-30,11.148528405201917,True,0.27760019000000113,0.1933159900000021,Oregon
huc8_only,3,8.0,8.0,huc8_02050104,mixed,02,0205,02050104,3,3,"01516350,01518700,01520000",2015-10-01,2026-08-24,10.896646132785763,True,0.19972218000000197,0.0597266999999988,Pennsylvania
huc8_only,3,8.0,8.0,huc8_12040101,mixed,12,1204,12040101,3,3,"08068000,08069500,295524095072701",2014-02-06,2024-11-13,10.767967145790555,True,0.3209634500000007,0.33287010000000805,Texas
huc8_only,3,8.0,8.0,huc8_07050002,mixed,07,0705,07050002,3,3,"05357215,05357225,05357245",2013-05-23,2024-02-04,10.702258726899384,True,0.03750000000000142,0.058333399999995095,Wisconsin
huc8_only,3,8.0,8.0,huc8_07100006,mixed,07,0710,07100006,3,3,"05482300,05482500,05484500",2012-03-14,2022-07-14,10.33264887063655,True,0.820527779999999,1.041249999999991,Iowa
huc8_only,3,8.0,8.0,huc8_12030105,Trinity Rv,12,1203,12030105,3,4,"08057000,08057410,08062500",2015-02-12,2025-03-11,10.075290896646132,True,0.34832182000000245,0.35890489999999886,Texas
huc8_only,3,8.0,8.0,huc8_17110006,SAUK RIVER,17,1711,17110006,3,3,"12186000,12187500,12189500",2016-10-01,2026-08-24,9.894592744695414,True,0.2558666399999936,0.11391679999999837,Washington
huc8_only,3,8.0,8.0,huc8_15030108,mixed,15,1503,15030108,3,3,"09522005,09534000,09534550",2017-01-26,2026-08-23,9.571526351813826,True,0.22527775999999733,0.06744449999999347,Arizona
huc8_only,3,8.0,8.0,huc8_14020004,mixed,14,1402,14020004,3,3,"09132095,09136100,385553107243301",2015-04-10,2024-10-22,9.535934291581109,True,0.15205552999999838,0.4750834000000026,Colorado
huc8_only,3,8.0,8.0,huc8_03110203,WITHLACOOCHEE RIVER,03,0311,03110203,3,3,"02318500,02319000,02319394",2017-02-28,2026-08-24,9.483915126625599,True,0.38281120999999985,0.27330460999999673,"Florida,Georgia"
huc8_only,3,8.0,8.0,huc8_10170101,mixed,10,1017,10170101,3,3,"06466700,06467500,06478522",2015-03-27,2024-08-27,9.42094455852156,True,0.10112488999999414,0.712488890000003,"Nebraska,South Dakota"
huc8_only,3,8.0,8.0,huc8_05020004,mixed,05,0502,05020004,3,4,"03065050,03065200,03070420",1992-06-05,2001-09-30,9.319644079397673,True,0.7246896599999957,0.17360569000000226,"Pennsylvania,West Virginia"
huc8_only,3,8.0,8.0,huc8_11010001,mixed,11,1101,11010001,3,3,"07048550,07048600,07049691",2017-06-21,2026-08-24,9.174537987679672,True,0.366944409999995,0.23583339999998998,Arkansas
huc8_only,3,8.0,8.0,huc8_05020001,mixed,05,0502,05020001,3,3,"03054500,03056000,03057000",2011-10-01,2020-10-27,9.073237508555783,True,0.2847111499999997,0.10750099999999918,West Virginia
huc8_only,3,8.0,8.0,huc8_08090301,mixed,08,0809,08090301,3,3,"073802516,292859090004000,295501090190400",2008-09-30,2017-10-23,9.062286105407255,True,0.6441111100000008,0.3709721999999971,Louisiana
huc8_only,3,8.0,8.0,huc8_03110205,SUWANNEE RIVER,03,0311,03110205,3,3,"02319800,02320500,02323592",2017-03-03,2025-12-03,8.752908966461328,True,0.9053164599999981,0.3220942000000093,Florida
huc8_only,3,8.0,8.0,huc8_03150105,mixed,03,0315,03150105,3,3,"02397000,02397530,02400100",2017-12-02,2026-08-24,8.725530458590006,True,0.13684607999999798,0.35771203000000185,"Alabama,Georgia"
huc8_only,3,8.0,8.0,huc8_03100204,ALAFIA RIVER,03,0310,03100204,3,3,"02301500,02301718,02301721",2018-01-18,2026-08-24,8.596851471594798,True,0.012500610000000023,0.17305899999999497,Florida
huc8_only,3,8.0,8.0,huc8_11010014,mixed,11,1101,11010014,3,3,"07075250,07075270,07076000",2010-08-17,2019-01-28,8.449007529089664,True,0.05250000000000199,0.7104445000000084,Arkansas
huc8_only,3,8.0,8.0,huc8_14050007,WHITE RIVER,14,1405,14050007,3,3,"09306395,09306500,09306900",1977-04-15,1985-09-01,8.380561259411362,True,0.08610780999999434,0.5550240999999971,Utah
huc8_only,3,8.0,8.0,huc8_08080101,mixed,08,0808,08080101,3,3,"294736091164200,295011091184300,295447091191500",2007-06-26,2015-11-03,8.355920602327172,True,0.1197222300000007,0.04250000000000398,Louisiana
huc8_only,3,8.0,8.0,huc8_19020301,mixed,19,1902,19020301,3,3,"15238986,15239070,15239900",2018-04-21,2026-08-24,8.342231348391513,True,0.054459690000001615,0.8702906999999982,Alaska
huc8_only,3,8.0,8.0,huc8_11030012,mixed,11,1103,11030012,3,3,"07143672,07144100,375350097262800",2011-04-05,2019-05-15,8.109514031485284,True,0.1454631699999993,0.1160552999999993,Kansas
name_huc2,3,8.0,8.0,missouri_river_huc10,Missouri River,10,1023,10230006,18,21,"06054500,06066500,06115200,06177000,06330000,06342500,06467500,06486000,06610000,06610505,06807000,06813500,06818000,06893060,06906500,06934500,410333095530101,412126095565201",2013-04-13,2022-06-24,9.196440793976729,True,9.398250439999998,20.572166699999997,"Iowa,Missouri,Montana,Nebraska,North Dakota,South Dakota"
name_huc2,3,8.0,8.0,snake_river_huc17,SNAKE RIVER,17,1704,17040104,12,15,"13013650,13032500,13038500,13057000,13069500,13094000,13154500,13172500,13213100,13269000,13317660,13334300",2005-11-02,2015-09-30,9.908281998631075,True,3.431236549999994,6.267027800000008,"Idaho,Washington,Wyoming"
name_huc2,3,8.0,8.0,columbia_river_huc17,COLUMBIA RIVER,17,1707,17070105,9,10,"12438000,12514400,14019220,14019240,14105700,453712121071200,453845121562000,453845121564001,454314120413701",2013-07-24,2022-09-05,9.117043121149898,True,2.3982555199999993,2.8292373000000026,"Oregon,Washington"
name_huc2,3,8.0,8.0,au_sable_river_huc04,AU SABLE RIVER,04,0407,04070007,8,8,"04136000,04136500,04136900,04137005,04137020,04137025,04137030,04137500",1996-10-01,2026-08-17,29.87542778918549,True,0.24055483000000066,0.858653700000005,Michigan
name_huc2,3,8.0,8.0,delaware_river_huc02,DELAWARE RIVER,02,0204,02040101,8,12,"01427207,01427301,01427510,01432160,01432805,01434000,01474703,01477050",1993-08-11,2007-05-07,13.735797399041752,True,2.0304984400000023,0.6691630999999916,"New York,Pennsylvania"
name_huc2,3,8.0,8.0,arkansas_river_huc11,ARKANSAS RIVER,11,1102,11020001,8,10,"07086000,07096000,07097000,07099400,07109500,07119700,07120500,07164500",2012-03-13,2023-09-30,11.548254620123203,True,2.9021230900000035,10.2594687,"Colorado,Oklahoma"
name_huc2,3,8.0,8.0,colorado_river_huc14,COLORADO RIVER,14,1407,14070006,8,9,"09010500,09034250,09058000,09060799,09070500,09163500,09180500,09380000",2016-10-21,2026-08-24,9.839835728952773,True,3.461499670000002,5.731761219999996,"Arizona,Colorado,Utah"
name_huc2,3,8.0,8.0,chattahoochee_river_huc03,CHATTAHOOCHEE RIVER,03,0313,03130001,7,8,"02330450,02334430,02335000,02335450,02335815,02336000,02337170",2004-01-29,2022-06-05,18.349075975359344,True,1.0443055300000026,0.944361100000009,Georgia
name_huc2,3,8.0,8.0,rogue_river_huc17,ROGUE RIVER,17,1710,17100307,7,8,"14330000,14335075,14337600,14338100,14339000,14361500,14372300",1988-03-16,2000-09-30,12.542094455852157,True,0.29917580000000044,1.545852999999994,Oregon
name_huc2,3,8.0,8.0,yellowstone_river_huc10,Yellowstone River,10,1007,10070002,6,6,"06191500,06192500,06195750,06195950,06214500,06329500",2007-07-13,2026-08-24,19.11567419575633,True,2.5652944899999994,6.638255600000008,Montana
name_huc2,3,8.0,8.0,rio_grande_huc13,RIO GRANDE,13,1302,13020101,6,6,"08313000,08317400,08329918,08363510,08364000,08375300",2011-09-06,2026-03-17,14.52703627652293,True,6.688666999999999,3.9455659999999995,"New Mexico,Texas"
name_huc2,3,8.0,8.0,mahoning_river_huc05,Mahoning River,05,0503,05030103,6,6,"03086500,03090500,03091500,03094000,03098600,03099500",2010-11-20,2024-05-26,13.514031485284052,True,0.3063872000000032,0.5583598000000052,Ohio
name_huc2,3,8.0,8.0,willamette_river_huc17,WILLAMETTE RIVER,17,1709,17090003,6,6,"14158100,14166000,14174000,14192015,14197900,14211720",2010-11-10,2022-10-04,11.898699520876113,True,1.4258333299999961,0.5045368999999909,Oregon
name_huc2,3,8.0,8.0,trinity_rv_huc12,Trinity Rv,12,1203,12030105,6,7,"08057000,08057410,08062500,08065350,08067100,08067252",2015-02-12,2024-10-03,9.639972621492129,True,2.9624083,2.090637700000002,Texas
name_huc2,3,8.0,8.0,clark_fork_huc17,Clark Fork,17,1701,17010201,6,6,"12323800,12324200,12324400,12340500,12353650,12354700",2017-03-29,2026-08-24,9.404517453798768,True,1.1137023300000024,2.147461100000001,Montana
name_huc2,3,8.0,8.0,white_river_huc11,White River,11,1101,11010001,6,6,"07048600,07049691,07053450,07054501,07054527,07060500",2017-06-21,2026-08-24,9.174537987679672,True,0.522007539999997,1.9380555000000044,"Arkansas,Missouri"
name_huc2,3,8.0,8.0,roanoke_river_huc03,ROANOKE RIVER,03,0301,03010107,5,5,"02079500,0208062765,02081022,02081094,0208114150",2003-12-10,2021-10-24,17.872689938398356,True,0.7901426799999953,1.5749965199999991,"North Carolina,Virginia"
name_huc2,3,8.0,8.0,madison_river_huc10,Madison River,10,1002,10020007,5,5,"06037500,06038500,06038800,06040000,06041000",2011-03-16,2026-08-24,15.441478439425051,True,0.8331587999999996,0.683669100000003,Montana
name_huc2,3,8.0,8.0,waccamaw_river_huc03,WACCAMAW RIVER,03,0304,03040206,5,5,"02110500,02110550,02110704,02110802,021108125",2013-06-22,2026-08-25,13.174537987679672,True,0.40611466000000007,0.4119692000000015,South Carolina
name_huc2,3,8.0,8.0,savannah_river_huc03,SAVANNAH RIVER,03,0306,03060109,5,6,"02198920,021989715,021989773,0219897993,02198980",2013-08-16,2026-08-25,13.023956194387406,True,0.12952777000000282,0.24886109999999917,"Georgia,South Carolina"
name_huc2,3,8.0,8.0,san_juan_river_huc14,SAN JUAN RIVER,14,1408,14080201,5,5,"09355500,09365000,09368000,09371010,09379500",2014-03-11,2026-08-24,12.454483230663929,True,0.4276611100000025,2.168049999999994,"Colorado,New Mexico,Utah"
name_huc2,3,8.0,8.0,big_hole_river_huc10,Big Hole River,10,1002,10020004,5,5,"06024450,06024580,06025250,06025500,06026210",2014-07-01,2026-08-24,12.147843942505133,True,0.4107276000000013,0.9008500000000055,Montana
name_huc2,3,8.0,8.0,kankakee_river_huc07,KANKAKEE RIVER,07,0712,07120001,5,5,"05515500,05517500,05518000,05527000,05527500",2016-04-09,2026-08-24,10.373716632443532,True,0.20682548999999995,1.4805555000000084,"Illinois,Indiana"
name_huc2,3,8.0,8.0,mckenzie_river_huc17,MCKENZIE RIVER,17,1709,17090004,5,5,"14158500,14158740,14159110,14162500,14163900",2017-07-20,2026-08-24,9.095140314852841,True,0.2911052999999981,0.7755702000000042,Oregon
name_huc2,3,8.0,8.0,truckee_rv_huc16,TRUCKEE RV,16,1605,16050102,5,5,"10348000,10348200,10350500,10351650,10351700",1989-08-26,1998-09-29,9.092402464065708,True,0.2597555299999996,0.512242999999998,Nevada
name_huc2,3,8.0,8.0,catawba_river_huc03,CATAWBA RIVER,03,0305,03050101,5,5,"02141500,0214196125,0214244102,02145910,02147310",2018-04-01,2026-08-24,8.396988364134154,True,1.2238412000000025,0.5400995999999907,"North Carolina,South Carolina"
name_huc2,3,8.0,8.0,muskegon_river_huc04,MUSKEGON RIVER,04,0406,04060102,4,4,"04121650,04121660,04121680,04121970",1998-10-21,2026-08-24,27.84120465434634,True,0.2588884200000052,0.19777969999999812,Michigan
name_huc2,3,8.0,8.0,cedar_river_huc17,CEDAR RIVER,17,1711,17110012,4,4,"12115000,12116500,12117600,12119000",2001-05-05,2026-08-24,25.30321697467488,True,0.11249259999999595,0.5783537999999879,Washington
name_huc2,3,8.0,8.0,klamath_river_huc18,KLAMATH RIVER,18,1801,18010204,4,4,"11509370,11509500,420853121505500,420853121505501",2005-12-21,2026-08-19,20.659822039698838,True,0.02017258000000055,0.11362029999999379,Oregon
name_huc2,3,8.0,8.0,reedy_creek_huc03,REEDY CREEK,03,0309,03090101,4,4,"02266298,02266300,02266320,02266495",1985-01-24,2001-05-11,16.292950034223136,True,0.07277493000000135,0.03722270000000094,Florida
name_huc2,3,8.0,8.0,cahaba_river_huc03,CAHABA RIVER,03,0315,03150202,4,4,"02423130,02423160,02423380,02423496",2011-08-08,2026-07-20,14.948665297741274,True,0.2530483399999994,0.23500340000001074,Alabama
name_huc2,3,8.0,8.0,youghiogheny_river_huc05,Youghiogheny River,05,0502,05020006,4,4,"03076500,03077500,03081000,03083500",2012-10-01,2026-08-24,13.894592744695414,True,0.5866110999999989,0.4424925000000002,"Maryland,Pennsylvania"
name_huc2,3,8.0,8.0,green_river_huc05,GREEN RIVER,05,0511,05110001,4,5,"03306000,03306500,03309000,03321500",2013-08-10,2026-08-24,13.037645448323067,True,0.6783289500000009,2.0625446000000096,Kentucky
name_huc2,3,8.0,8.0,wichita_rv_huc11,Wichita Rv,11,1113,11130206,4,4,"07311900,07312100,07312500,07312700",1998-09-30,2011-09-29,12.996577686516085,True,0.35278074000000004,1.0919765999999953,Texas
name_huc2,3,8.0,8.0,clearwater_river_huc17,CLEARWATER RIVER,17,1706,17060306,4,4,"13340000,13341050,13342500,13343000",2008-09-30,2021-01-05,12.265571526351813,True,0.06611110999999426,0.7102778000000001,Idaho
name_huc2,3,8.0,8.0,santa_fe_river_huc03,SANTA FE RIVER,03,0311,03110206,4,4,"02321500,02321958,02322500,02322800",2015-10-14,2026-08-24,10.861054072553046,True,0.07305961000000138,0.4341787000000039,Florida
name_huc2,3,8.0,8.0,red_river_of_the_north_huc09,RED RIVER OF THE NORTH,09,0902,09020104,4,4,"05054000,05054200,05064500,05082500",2007-03-31,2017-09-30,10.50239561943874,True,1.0658329999999978,0.24555600000000766,North Dakota
name_huc2,3,8.0,8.0,cooper_r_huc03,COOPER R,03,0305,03050201,4,4,"02172050,02172053,021720677,0217206935",2016-07-01,2026-08-25,10.149212867898699,True,0.20197223000000264,0.04000329999999508,South Carolina
name_huc2,3,8.0,8.0,harpeth_river_huc05,HARPETH RIVER,05,0513,05130204,4,4,"03432100,0343233905,034324146,03433500",2016-10-21,2026-08-24,9.839835728952773,True,0.2219985000000051,0.22962650000000906,Tennessee
name_huc2,3,8.0,8.0,james_river_huc10,JAMES RIVER,10,1016,10160003,4,4,"06470500,06470830,06471000,06478500",1985-10-10,1994-09-30,8.971937029431896,True,3.1697229999999976,0.6747220000000027,"North Dakota,South Dakota"
name_huc2,3,8.0,8.0,st_johns_river_huc03,ST. JOHNS RIVER,03,0308,03080101,4,6,"02232400,02234000,02234500,02236000",2007-12-12,2016-09-29,8.799452429842573,True,0.6385898999999995,0.510007299999998,Florida
name_huc2,3,8.0,8.0,suwannee_river_huc03,SUWANNEE RIVER,03,0311,03110201,4,4,"02315550,02319800,02320500,02323592",2017-04-14,2025-12-03,8.63791923340178,True,1.0535932599999995,0.3220942000000093,Florida
name_huc2,3,8.0,8.0,animas_river_huc14,ANIMAS RIVER,14,1408,14080104,4,4,"09359020,09361500,09363500,09364500",2016-04-06,2024-10-09,8.509240246406572,True,1.065833000000005,0.533528000000004,"Colorado,New Mexico"
name_huc2,3,8.0,8.0,allegheny_river_huc05,Allegheny River,05,0501,05010001,4,4,"03007800,03011020,03012550,03039040",2018-05-31,2026-08-13,8.202600958247775,True,1.4721110999999993,1.3747087100000073,"New York,Pennsylvania"
name_huc2,3,8.0,8.0,applegate_river_huc17,APPLEGATE RIVER,17,1710,17100309,3,3,"14362000,14366000,14369500",1985-10-01,2026-08-24,40.8952772073922,True,0.2902697000000032,0.2952918000000011,Oregon
name_huc2,3,8.0,8.0,middle_fork_willamette_river_huc17,MIDDLE FORK WILLAMETTE RIVER,17,1709,17090001,3,3,"14144800,14150000,14152000",1985-10-02,2025-11-30,40.16153319644079,True,0.3963929900000025,0.4483651999999978,Oregon
name_huc2,3,8.0,8.0,south_santiam_river_huc17,SOUTH SANTIAM RIVER,17,1709,17090006,3,3,"14185000,14187200,14187500",1986-10-01,2026-08-24,39.89596167008898,True,0.10666415000000029,0.32583970000000306,Oregon
name_huc2,3,8.0,8.0,white_river_huc14,WHITE RIVER,14,1405,14050005,3,5,"09304200,09304800,09306500",1978-07-17,2013-11-18,35.34017796030116,True,0.043726709999994284,1.3533454800000015,"Colorado,Utah"
name_huc2,3,8.0,8.0,fountain_creek_huc11,FOUNTAIN CREEK,11,1102,11020003,3,3,"07105800,07106000,07106500",1994-10-01,2026-08-24,31.89596167008898,True,0.4416639000000018,0.1322480999999982,Colorado
name_huc2,3,8.0,8.0,saluda_river_huc03,SALUDA RIVER,03,0305,03050109,3,3,"02163001,02168504,02169000",1996-09-30,2026-08-24,29.897330595482547,True,0.6000754000000015,1.3558003000000127,South Carolina
name_huc2,3,8.0,8.0,west_branch_delaware_river_huc02,WEST BRANCH DELAWARE RIVER,02,0204,02040101,3,3,"01425000,01426500,01427000",1996-09-30,2026-08-24,29.897330595482547,True,0.12275000000000347,0.10486120000000199,New York
name_huc2,3,8.0,8.0,manistee_river_huc04,MANISTEE RIVER,04,0406,04060103,3,3,"04124000,04124200,04125550",1996-12-01,2026-08-24,29.727583846680357,True,0.17694780000000065,0.24294559999999876,Michigan
name_huc2,3,8.0,8.0,green_river_huc14,GREEN RIVER,14,1404,14040106,3,3,"09217000,09234500,09261000",1998-09-25,2026-08-24,27.912388774811774,True,1.1076026599999977,0.21382178999999724,"Utah,Wyoming"
name_huc2,3,8.0,8.0,johnson_creek_huc17,JOHNSON CREEK,17,1709,17090012,3,3,"14211400,14211500,14211550",1999-01-20,2026-08-24,27.592060232717316,True,0.0334362999999982,0.22131629999999802,Oregon
name_huc2,3,8.0,8.0,flathead_river_huc17,Flathead River,17,1701,17010208,3,3,"12363000,12372000,12388700",1999-07-21,2026-08-24,27.093771389459274,True,0.9950194299999993,0.40004999999999313,Montana
name_huc2,3,8.0,8.0,skagit_river_huc17,SKAGIT RIVER,17,1711,17110005,3,3,"12178000,12181000,12200500",2001-09-30,2026-08-24,24.89801505817933,True,0.2269644900000003,1.0892021000000085,Washington
name_huc2,3,8.0,8.0,link_river_huc18,LINK RIVER,18,1801,18010204,3,3,"11507500,11507501,421401121480900",2003-09-30,2026-08-19,22.885694729637233,True,0.014299699999995141,0.012218399999994745,Oregon
name_huc2,3,8.0,8.0,rock_creek_huc17,ROCK CREEK,17,1704,17040212,3,3,"12334510,13092747,453030122560101",2004-05-20,2026-08-24,22.261464750171115,True,4.1598361,9.250439,"Idaho,Montana,Oregon"
name_huc2,3,8.0,8.0,sheyenne_r_huc09,SHEYENNE R,09,0902,09020202,3,3,"05055300,05055400,05059300",2005-04-09,2026-08-24,21.374401095140314,True,1.1613889999999998,2.488611999999989,North Dakota
name_huc2,3,8.0,8.0,clackamas_river_huc17,CLACKAMAS RIVER,17,1709,17090011,3,3,"14209710,14210000,14211010",2005-04-18,2026-08-24,21.349760438056126,True,0.21222234000000384,0.4211210999999935,Oregon
name_huc2,3,8.0,8.0,jefferson_river_huc10,Jefferson River,10,1002,10020005,3,3,"06026500,06027600,06036650",2006-07-01,2026-08-24,20.147843942505133,True,0.28385309999999464,0.7337248000000045,Montana
name_huc2,3,8.0,8.0,mill_creek_huc05,MILL CREEK,05,0512,05120203,3,3,"03294570,03359000,03431083",2007-09-30,2026-08-24,18.899383983572896,True,3.3235935499999982,1.0347518000000093,"Indiana,Kentucky,Tennessee"
name_huc2,3,8.0,8.0,floyds_fork_huc05,FLOYDS FORK,05,0514,05140102,3,3,"03297900,03298000,03298200",2009-01-10,2026-08-24,17.61806981519507,True,0.20000559999999723,0.09472060000000226,Kentucky
name_huc2,3,8.0,8.0,muddy_creek_huc14,MUDDY CREEK,14,1401,14010001,3,3,"09041090,09258050,09258980",2010-07-23,2026-08-24,16.087611225188226,True,1.2758333000000022,1.20969190000001,"Colorado,Wyoming"
name_huc2,3,8.0,8.0,white_river_huc05,WHITE RIVER,05,0512,05120201,3,3,"03354000,03373980,03374100",2010-12-03,2026-08-24,15.723477070499658,True,1.0077640000000017,1.1494816000000014,Indiana
name_huc2,3,8.0,8.0,fox_river_huc04,FOX RIVER,04,0403,04030201,3,3,"04082400,04084445,040851385",2011-03-04,2026-08-24,15.474332648870636,True,0.5149990099999968,0.5308823000000018,Wisconsin
name_huc2,3,8.0,8.0,broad_river_huc03,BROAD RIVER,03,0305,03050106,3,3,"02156500,02160991,02162035",2011-07-02,2026-08-24,15.145790554414784,True,0.5468059999999966,0.34787559999999473,South Carolina
name_huc2,3,8.0,8.0,deschutes_river_huc17,DESCHUTES RIVER,17,1707,17070301,3,3,"14076500,14092500,14103000",2011-07-29,2026-08-24,15.071868583162217,True,1.1233385000000027,0.4155355000000043,Oregon
name_huc2,3,8.0,8.0,kootenai_river_huc17,KOOTENAI RIVER,17,1701,17010104,3,3,"12305000,12309500,12322000",2011-09-30,2026-08-24,14.899383983572895,True,0.37950559000000084,0.45830559999998854,Idaho
name_huc2,3,8.0,8.0,south_river_huc03,SOUTH RIVER,03,0307,03070103,3,4,"02203603,02203655,02203900",2012-04-05,2026-08-25,14.387405886379192,True,0.018111109999999542,0.1912777999999946,Georgia
name_huc2,3,8.0,8.0,sheyenne_river_huc09,SHEYENNE RIVER,09,0902,09020203,3,3,"05056000,05057000,05058000",1997-06-12,2011-10-17,14.346338124572211,True,0.7716670000000008,0.6886110000000087,North Dakota
name_huc2,3,8.0,8.0,big_sunflower_river_huc08,BIG SUNFLOWER RIVER,08,0803,08030207,3,3,"07288000,07288280,07288500",2010-10-28,2024-10-22,13.984941820670773,True,0.6499751600000039,0.12684210000000462,Mississippi
name_huc2,3,8.0,8.0,nancy_creek_huc03,NANCY CREEK,03,0313,03130001,3,3,"02336340,02336360,02336410",2012-12-06,2026-08-25,13.716632443531827,True,0.059527800000005016,0.09402780000000632,Georgia
name_huc2,3,8.0,8.0,passaic_river_huc02,Passaic River,02,0203,02030103,3,3,"01382000,01389005,01389500",1989-04-01,2002-07-22,13.305954825462011,True,0.012499980000001187,0.04666666999999336,New Jersey
name_huc2,3,8.0,8.0,conemaugh_river_huc05,Conemaugh River,05,0501,05010007,3,3,"03041500,03043810,03044000",2013-09-29,2026-08-24,12.900752908966462,True,0.0483294800000067,0.3647320000000036,Pennsylvania
name_huc2,3,8.0,8.0,san_joaquin_r_huc18,SAN JOAQUIN R,18,1804,18040001,3,4,"11273400,11274550,11303500",2010-10-01,2023-05-10,12.605065023956195,True,0.32882433999999705,0.29015079999999216,California
name_huc2,3,8.0,8.0,elk_creek_huc17,ELK CREEK,17,1710,17100307,3,3,"14337800,14337830,14338000",1986-04-11,1998-09-30,12.470910335386721,True,0.09472219999999965,0.07000030000000379,Oregon
name_huc2,3,8.0,8.0,niobrara_river_huc10,Niobrara River,10,1015,10150002,3,3,"06454100,06461500,06465500",2014-03-26,2026-08-24,12.413415468856947,True,0.4784666799999968,5.569361090000001,Nebraska
name_huc2,3,8.0,8.0,pecos_river_huc13,PECOS RIVER,13,1306,13060011,3,3,"08405200,08406500,08407500",2012-10-01,2024-11-25,12.150581793292266,True,0.33408332999999857,0.19109720000000152,New Mexico
name_huc2,3,8.0,8.0,village_creek_huc03,VILLAGE CREEK,03,0316,03160111,3,3,"02458148,02458450,02458502",2014-07-26,2026-08-24,12.07939767282683,True,0.059400199999998904,0.17222540000000208,Alabama
name_huc2,3,8.0,8.0,walker_rv_huc16,WALKER RV,16,1605,16050303,3,3,"10301500,10302002,10302025",2015-05-13,2026-07-18,11.181382614647502,True,0.3614307199999942,0.3718039000000033,Nevada
name_huc2,3,8.0,8.0,monongahela_river_huc05,Monongahela River,05,0502,05020005,3,3,"03072655,03075070,03085000",2013-09-27,2024-11-26,11.16495550992471,True,0.5661043899999996,0.06472629999998958,Pennsylvania
name_huc2,3,8.0,8.0,back_creek_huc02,BACK CREEK,02,0208,02080201,3,3,"02011460,02011470,02011500",1984-10-01,1995-10-02,11.000684462696784,True,0.17583248999999768,0.12833702000000358,Virginia
name_huc2,3,8.0,8.0,tualatin_river_huc17,TUALATIN RIVER,17,1709,17090010,3,3,"14203500,14206694,14207200",2016-03-26,2026-08-24,10.412046543463381,True,0.1183277300000043,0.43918030000000385,Oregon
name_huc2,3,8.0,8.0,peace_river_huc03,PEACE RIVER,03,0310,03100101,3,3,"02297345,02297350,02297460",2016-04-05,2026-08-24,10.38466803559206,True,0.09910864999999802,0.013009420000003047,Florida
name_huc2,3,8.0,8.0,platte_river_huc10,Platte River,10,1020,10200101,3,3,"06768000,06796500,06796550",2016-04-08,2026-08-24,10.376454483230663,True,0.637427780000003,3.2007501100000013,Nebraska
name_huc2,3,8.0,8.0,catawba_r_huc03,CATAWBA R,03,0305,03050101,3,3,"02137727,02138520,0214264790",2016-06-29,2026-08-25,10.154688569472963,True,0.313516700000001,1.1029360999999938,North Carolina
name_huc2,3,8.0,8.0,sauk_river_huc17,SAUK RIVER,17,1711,17110006,3,3,"12186000,12187500,12189500",2016-10-01,2026-08-24,9.894592744695414,True,0.2558666399999936,0.11391679999999837,Washington
name_huc2,3,8.0,8.0,yellow_river_huc07,YELLOW RIVER,07,0712,07120001,3,4,"05516665,05517000,05517010",2016-12-01,2026-08-24,9.727583846680355,True,0.03527778000000126,0.2708332999999925,Indiana
name_huc2,3,8.0,8.0,yellow_river_huc03,YELLOW RIVER,03,0307,03070103,3,3,"02207120,02207220,02207335",2003-02-14,2012-09-29,9.623545516769337,True,0.1055555599999991,0.12350000000000705,Georgia
name_huc2,3,8.0,8.0,withlacoochee_river_huc03,WITHLACOOCHEE RIVER,03,0311,03110203,3,3,"02318500,02319000,02319394",2017-02-28,2026-08-24,9.483915126625599,True,0.38281120999999985,0.27330460999999673,"Florida,Georgia"
name_huc2,3,8.0,8.0,shenango_river_huc05,Shenango River,05,0503,05030102,3,3,"03102850,03103500,03104490",2017-04-27,2026-08-24,9.325119780971937,True,0.3355274099999974,0.10927808999998945,Pennsylvania
name_huc2,3,8.0,8.0,des_plaines_river_huc07,DES PLAINES RIVER,07,0712,07120004,3,3,"05537980,05538010,05539670",2017-11-17,2026-08-24,8.766598220396988,True,0.1220277600000017,0.13075000000000614,Illinois
name_huc2,3,8.0,8.0,north_santiam_river_huc17,NORTH SANTIAM RIVER,17,1709,17090005,3,3,"14181500,14183000,444728122450000",2001-03-22,2009-12-14,8.731006160164272,True,0.03717778000000038,0.4537545000000023,Oregon
name_huc2,3,8.0,8.0,alafia_river_huc03,ALAFIA RIVER,03,0310,03100204,3,3,"02301500,02301718,02301721",2018-01-18,2026-08-24,8.596851471594798,True,0.012500610000000023,0.17305899999999497,Florida
name_huc2,3,8.0,8.0,beaufort_river_huc03,BEAUFORT RIVER,03,0305,03050208,3,3,"02176603,02176611,02176640",1998-10-30,2007-03-20,8.386036960985626,True,0.07719549999999487,0.006388499999999908,South Carolina
name_huc2,3,8.0,8.0,white_river_huc17,WHITE RIVER,17,1711,17110014,3,3,"12098700,12100490,12101102",2016-06-08,2024-09-29,8.309377138945928,True,0.10497097000000366,0.2334995999999876,Washington
name_huc2,3,8.0,8.0,etowah_river_huc03,ETOWAH RIVER,03,0315,03150104,3,4,"02388975,02389150,02394000",2018-07-25,2026-08-24,8.082135523613964,True,0.24611110000000025,0.7212777000000017,Georgia
name_huc4,3,8.0,8.0,au_sable_river_huc4_0407,AU SABLE RIVER,04,0407,04070007,8,8,"04136000,04136500,04136900,04137005,04137020,04137025,04137030,04137500",1996-10-01,2026-08-17,29.87542778918549,True,0.24055483000000066,0.858653700000005,Michigan
name_huc4,3,8.0,8.0,delaware_river_huc4_0204,DELAWARE RIVER,02,0204,02040101,8,12,"01427207,01427301,01427510,01432160,01432805,01434000,01474703,01477050",1993-08-11,2007-05-07,13.735797399041752,True,2.0304984400000023,0.6691630999999916,"New York,Pennsylvania"
name_huc4,3,8.0,8.0,chattahoochee_river_huc4_0313,CHATTAHOOCHEE RIVER,03,0313,03130001,7,8,"02330450,02334430,02335000,02335450,02335815,02336000,02337170",2004-01-29,2022-06-05,18.349075975359344,True,1.0443055300000026,0.944361100000009,Georgia
name_huc4,3,8.0,8.0,arkansas_river_huc4_1102,ARKANSAS RIVER,11,1102,11020001,7,9,"07086000,07096000,07097000,07099400,07109500,07119700,07120500",2012-03-13,2026-08-24,14.447638603696099,True,0.9774855699999989,2.5797960000000018,Colorado
name_huc4,3,8.0,8.0,rogue_river_huc4_1710,ROGUE RIVER,17,1710,17100307,7,8,"14330000,14335075,14337600,14338100,14339000,14361500,14372300",1988-03-16,2000-09-30,12.542094455852157,True,0.29917580000000044,1.545852999999994,Oregon
name_huc4,3,8.0,8.0,mahoning_river_huc4_0503,Mahoning River,05,0503,05030103,6,6,"03086500,03090500,03091500,03094000,03098600,03099500",2010-11-20,2024-05-26,13.514031485284052,True,0.3063872000000032,0.5583598000000052,Ohio
name_huc4,3,8.0,8.0,columbia_river_huc4_1707,COLUMBIA RIVER,17,1707,17070105,6,6,"14019220,14019240,14105700,453712121071200,453845121562000,454314120413701",2009-09-30,2022-09-05,12.930869267624914,True,0.33296591999999947,2.6470094000000017,"Oregon,Washington"
name_huc4,3,8.0,8.0,willamette_river_huc4_1709,WILLAMETTE RIVER,17,1709,17090003,6,6,"14158100,14166000,14174000,14192015,14197900,14211720",2010-11-10,2022-10-04,11.898699520876113,True,1.4258333299999961,0.5045368999999909,Oregon
name_huc4,3,8.0,8.0,snake_river_huc4_1704,SNAKE RIVER,17,1704,17040104,6,6,"13013650,13032500,13038500,13057000,13069500,13094000",2005-11-02,2015-09-30,9.908281998631075,True,1.0869444799999997,3.996750000000006,"Idaho,Wyoming"
name_huc4,3,8.0,8.0,colorado_river_huc4_1401,COLORADO RIVER,14,1401,14010001,6,7,"09010500,09034250,09058000,09060799,09070500,09163500",2016-10-21,2026-08-24,9.839835728952773,True,1.1930896000000004,3.1709648500000043,Colorado
name_huc4,3,8.0,8.0,trinity_rv_huc4_1203,Trinity Rv,12,1203,12030105,6,7,"08057000,08057410,08062500,08065350,08067100,08067252",2015-02-12,2024-10-03,9.639972621492129,True,2.9624083,2.090637700000002,Texas
name_huc4,3,8.0,8.0,clark_fork_huc4_1701,Clark Fork,17,1701,17010201,6,6,"12323800,12324200,12324400,12340500,12353650,12354700",2017-03-29,2026-08-24,9.404517453798768,True,1.1137023300000024,2.147461100000001,Montana
name_huc4,3,8.0,8.0,white_river_huc4_1101,White River,11,1101,11010001,6,6,"07048600,07049691,07053450,07054501,07054527,07060500",2017-06-21,2026-08-24,9.174537987679672,True,0.522007539999997,1.9380555000000044,"Arkansas,Missouri"
name_huc4,3,8.0,8.0,yellowstone_river_huc4_1007,Yellowstone River,10,1007,10070002,5,5,"06191500,06192500,06195750,06195950,06214500",2007-07-13,2026-08-24,19.11567419575633,True,0.7350427900000014,2.3256357000000065,Montana
name_huc4,3,8.0,8.0,roanoke_river_huc4_0301,ROANOKE RIVER,03,0301,03010107,5,5,"02079500,0208062765,02081022,02081094,0208114150",2003-12-10,2021-10-24,17.872689938398356,True,0.7901426799999953,1.5749965199999991,"North Carolina,Virginia"
name_huc4,3,8.0,8.0,madison_river_huc4_1002,Madison River,10,1002,10020007,5,5,"06037500,06038500,06038800,06040000,06041000",2011-03-16,2026-08-24,15.441478439425051,True,0.8331587999999996,0.683669100000003,Montana
name_huc4,3,8.0,8.0,waccamaw_river_huc4_0304,WACCAMAW RIVER,03,0304,03040206,5,5,"02110500,02110550,02110704,02110802,021108125",2013-06-22,2026-08-25,13.174537987679672,True,0.40611466000000007,0.4119692000000015,South Carolina
name_huc4,3,8.0,8.0,savannah_river_huc4_0306,SAVANNAH RIVER,03,0306,03060109,5,6,"02198920,021989715,021989773,0219897993,02198980",2013-08-16,2026-08-25,13.023956194387406,True,0.12952777000000282,0.24886109999999917,"Georgia,South Carolina"
name_huc4,3,8.0,8.0,snake_river_huc4_1706,SNAKE RIVER,17,1706,17060103,5,5,"13317660,13334300,13343860,13352600,13353010",2009-09-30,2022-10-02,13.00479123887748,True,0.5799966399999974,2.0231780000000015,"Idaho,Washington"
name_huc4,3,8.0,8.0,san_juan_river_huc4_1408,SAN JUAN RIVER,14,1408,14080201,5,5,"09355500,09365000,09368000,09371010,09379500",2014-03-11,2026-08-24,12.454483230663929,True,0.4276611100000025,2.168049999999994,"Colorado,New Mexico,Utah"
name_huc4,3,8.0,8.0,big_hole_river_huc4_1002,Big Hole River,10,1002,10020004,5,5,"06024450,06024580,06025250,06025500,06026210",2014-07-01,2026-08-24,12.147843942505133,True,0.4107276000000013,0.9008500000000055,Montana
name_huc4,3,8.0,8.0,kankakee_river_huc4_0712,KANKAKEE RIVER,07,0712,07120001,5,5,"05515500,05517500,05518000,05527000,05527500",2016-04-09,2026-08-24,10.373716632443532,True,0.20682548999999995,1.4805555000000084,"Illinois,Indiana"
name_huc4,3,8.0,8.0,missouri_river_huc4_1023,Missouri River,10,1023,10230006,5,5,"06486000,06610000,06610505,410333095530101,412126095565201",2013-04-13,2022-06-24,9.196440793976729,True,1.426841439999997,0.5505832999999996,"Iowa,Nebraska"
name_huc4,3,8.0,8.0,mckenzie_river_huc4_1709,MCKENZIE RIVER,17,1709,17090004,5,5,"14158500,14158740,14159110,14162500,14163900",2017-07-20,2026-08-24,9.095140314852841,True,0.2911052999999981,0.7755702000000042,Oregon
name_huc4,3,8.0,8.0,truckee_rv_huc4_1605,TRUCKEE RV,16,1605,16050102,5,5,"10348000,10348200,10350500,10351650,10351700",1989-08-26,1998-09-29,9.092402464065708,True,0.2597555299999996,0.512242999999998,Nevada
name_huc4,3,8.0,8.0,catawba_river_huc4_0305,CATAWBA RIVER,03,0305,03050101,5,5,"02141500,0214196125,0214244102,02145910,02147310",2018-04-01,2026-08-24,8.396988364134154,True,1.2238412000000025,0.5400995999999907,"North Carolina,South Carolina"
name_huc4,3,8.0,8.0,muskegon_river_huc4_0406,MUSKEGON RIVER,04,0406,04060102,4,4,"04121650,04121660,04121680,04121970",1998-10-21,2026-08-24,27.84120465434634,True,0.2588884200000052,0.19777969999999812,Michigan
name_huc4,3,8.0,8.0,cedar_river_huc4_1711,CEDAR RIVER,17,1711,17110012,4,4,"12115000,12116500,12117600,12119000",2001-05-05,2026-08-24,25.30321697467488,True,0.11249259999999595,0.5783537999999879,Washington
name_huc4,3,8.0,8.0,klamath_river_huc4_1801,KLAMATH RIVER,18,1801,18010204,4,4,"11509370,11509500,420853121505500,420853121505501",2005-12-21,2026-08-19,20.659822039698838,True,0.02017258000000055,0.11362029999999379,Oregon
name_huc4,3,8.0,8.0,snake_river_huc4_1705,SNAKE RIVER,17,1705,17050101,4,4,"13154500,13172500,13213100,13269000",1999-05-01,2015-10-18,16.465434633812457,True,1.2433333600000012,1.7800000000000011,Idaho
name_huc4,3,8.0,8.0,reedy_creek_huc4_0309,REEDY CREEK,03,0309,03090101,4,4,"02266298,02266300,02266320,02266495",1985-01-24,2001-05-11,16.292950034223136,True,0.07277493000000135,0.03722270000000094,Florida
name_huc4,3,8.0,8.0,cahaba_river_huc4_0315,CAHABA RIVER,03,0315,03150202,4,4,"02423130,02423160,02423380,02423496",2011-08-08,2026-07-20,14.948665297741274,True,0.2530483399999994,0.23500340000001074,Alabama
name_huc4,3,8.0,8.0,youghiogheny_river_huc4_0502,Youghiogheny River,05,0502,05020006,4,4,"03076500,03077500,03081000,03083500",2012-10-01,2026-08-24,13.894592744695414,True,0.5866110999999989,0.4424925000000002,"Maryland,Pennsylvania"
name_huc4,3,8.0,8.0,green_river_huc4_0511,GREEN RIVER,05,0511,05110001,4,5,"03306000,03306500,03309000,03321500",2013-08-10,2026-08-24,13.037645448323067,True,0.6783289500000009,2.0625446000000096,Kentucky
name_huc4,3,8.0,8.0,wichita_rv_huc4_1113,Wichita Rv,11,1113,11130206,4,4,"07311900,07312100,07312500,07312700",1998-09-30,2011-09-29,12.996577686516085,True,0.35278074000000004,1.0919765999999953,Texas
name_huc4,3,8.0,8.0,clearwater_river_huc4_1706,CLEARWATER RIVER,17,1706,17060306,4,4,"13340000,13341050,13342500,13343000",2008-09-30,2021-01-05,12.265571526351813,True,0.06611110999999426,0.7102778000000001,Idaho
name_huc4,3,8.0,8.0,santa_fe_river_huc4_0311,SANTA FE RIVER,03,0311,03110206,4,4,"02321500,02321958,02322500,02322800",2015-10-14,2026-08-24,10.861054072553046,True,0.07305961000000138,0.4341787000000039,Florida
name_huc4,3,8.0,8.0,red_river_of_the_north_huc4_0902,RED RIVER OF THE NORTH,09,0902,09020104,4,4,"05054000,05054200,05064500,05082500",2007-03-31,2017-09-30,10.50239561943874,True,1.0658329999999978,0.24555600000000766,North Dakota
name_huc4,3,8.0,8.0,cooper_r_huc4_0305,COOPER R,03,0305,03050201,4,4,"02172050,02172053,021720677,0217206935",2016-07-01,2026-08-25,10.149212867898699,True,0.20197223000000264,0.04000329999999508,South Carolina
name_huc4,3,8.0,8.0,harpeth_river_huc4_0513,HARPETH RIVER,05,0513,05130204,4,4,"03432100,0343233905,034324146,03433500",2016-10-21,2026-08-24,9.839835728952773,True,0.2219985000000051,0.22962650000000906,Tennessee
name_huc4,3,8.0,8.0,james_river_huc4_1016,JAMES RIVER,10,1016,10160003,4,4,"06470500,06470830,06471000,06478500",1985-10-10,1994-09-30,8.971937029431896,True,3.1697229999999976,0.6747220000000027,"North Dakota,South Dakota"
name_huc4,3,8.0,8.0,st_johns_river_huc4_0308,ST. JOHNS RIVER,03,0308,03080101,4,6,"02232400,02234000,02234500,02236000",2007-12-12,2016-09-29,8.799452429842573,True,0.6385898999999995,0.510007299999998,Florida
name_huc4,3,8.0,8.0,suwannee_river_huc4_0311,SUWANNEE RIVER,03,0311,03110201,4,4,"02315550,02319800,02320500,02323592",2017-04-14,2025-12-03,8.63791923340178,True,1.0535932599999995,0.3220942000000093,Florida
name_huc4,3,8.0,8.0,animas_river_huc4_1408,ANIMAS RIVER,14,1408,14080104,4,4,"09359020,09361500,09363500,09364500",2016-04-06,2024-10-09,8.509240246406572,True,1.065833000000005,0.533528000000004,"Colorado,New Mexico"
name_huc4,3,8.0,8.0,allegheny_river_huc4_0501,Allegheny River,05,0501,05010001,4,4,"03007800,03011020,03012550,03039040",2018-05-31,2026-08-13,8.202600958247775,True,1.4721110999999993,1.3747087100000073,"New York,Pennsylvania"
name_huc4,3,8.0,8.0,applegate_river_huc4_1710,APPLEGATE RIVER,17,1710,17100309,3,3,"14362000,14366000,14369500",1985-10-01,2026-08-24,40.8952772073922,True,0.2902697000000032,0.2952918000000011,Oregon
name_huc4,3,8.0,8.0,middle_fork_willamette_river_huc4_1709,MIDDLE FORK WILLAMETTE RIVER,17,1709,17090001,3,3,"14144800,14150000,14152000",1985-10-02,2025-11-30,40.16153319644079,True,0.3963929900000025,0.4483651999999978,Oregon
name_huc4,3,8.0,8.0,south_santiam_river_huc4_1709,SOUTH SANTIAM RIVER,17,1709,17090006,3,3,"14185000,14187200,14187500",1986-10-01,2026-08-24,39.89596167008898,True,0.10666415000000029,0.32583970000000306,Oregon
name_huc4,3,8.0,8.0,white_river_huc4_1405,WHITE RIVER,14,1405,14050005,3,5,"09304200,09304800,09306500",1978-07-17,2013-11-18,35.34017796030116,True,0.043726709999994284,1.3533454800000015,"Colorado,Utah"
name_huc4,3,8.0,8.0,fountain_creek_huc4_1102,FOUNTAIN CREEK,11,1102,11020003,3,3,"07105800,07106000,07106500",1994-10-01,2026-08-24,31.89596167008898,True,0.4416639000000018,0.1322480999999982,Colorado
name_huc4,3,8.0,8.0,saluda_river_huc4_0305,SALUDA RIVER,03,0305,03050109,3,3,"02163001,02168504,02169000",1996-09-30,2026-08-24,29.897330595482547,True,0.6000754000000015,1.3558003000000127,South Carolina
name_huc4,3,8.0,8.0,west_branch_delaware_river_huc4_0204,WEST BRANCH DELAWARE RIVER,02,0204,02040101,3,3,"01425000,01426500,01427000",1996-09-30,2026-08-24,29.897330595482547,True,0.12275000000000347,0.10486120000000199,New York
name_huc4,3,8.0,8.0,manistee_river_huc4_0406,MANISTEE RIVER,04,0406,04060103,3,3,"04124000,04124200,04125550",1996-12-01,2026-08-24,29.727583846680357,True,0.17694780000000065,0.24294559999999876,Michigan
name_huc4,3,8.0,8.0,green_river_huc4_1404,GREEN RIVER,14,1404,14040106,3,3,"09217000,09234500,09261000",1998-09-25,2026-08-24,27.912388774811774,True,1.1076026599999977,0.21382178999999724,"Utah,Wyoming"
name_huc4,3,8.0,8.0,johnson_creek_huc4_1709,JOHNSON CREEK,17,1709,17090012,3,3,"14211400,14211500,14211550",1999-01-20,2026-08-24,27.592060232717316,True,0.0334362999999982,0.22131629999999802,Oregon
name_huc4,3,8.0,8.0,flathead_river_huc4_1701,Flathead River,17,1701,17010208,3,3,"12363000,12372000,12388700",1999-07-21,2026-08-24,27.093771389459274,True,0.9950194299999993,0.40004999999999313,Montana
name_huc4,3,8.0,8.0,skagit_river_huc4_1711,SKAGIT RIVER,17,1711,17110005,3,3,"12178000,12181000,12200500",2001-09-30,2026-08-24,24.89801505817933,True,0.2269644900000003,1.0892021000000085,Washington
name_huc4,3,8.0,8.0,link_river_huc4_1801,LINK RIVER,18,1801,18010204,3,3,"11507500,11507501,421401121480900",2003-09-30,2026-08-19,22.885694729637233,True,0.014299699999995141,0.012218399999994745,Oregon
name_huc4,3,8.0,8.0,sheyenne_r_huc4_0902,SHEYENNE R,09,0902,09020202,3,3,"05055300,05055400,05059300",2005-04-09,2026-08-24,21.374401095140314,True,1.1613889999999998,2.488611999999989,North Dakota
name_huc4,3,8.0,8.0,clackamas_river_huc4_1709,CLACKAMAS RIVER,17,1709,17090011,3,3,"14209710,14210000,14211010",2005-04-18,2026-08-24,21.349760438056126,True,0.21222234000000384,0.4211210999999935,Oregon
name_huc4,3,8.0,8.0,rio_grande_huc4_1302,RIO GRANDE,13,1302,13020101,3,3,"08313000,08317400,08329918",2005-02-12,2026-06-05,21.308692676249144,True,0.6767777999999964,0.5003334000000024,New Mexico
name_huc4,3,8.0,8.0,jefferson_river_huc4_1002,Jefferson River,10,1002,10020005,3,3,"06026500,06027600,06036650",2006-07-01,2026-08-24,20.147843942505133,True,0.28385309999999464,0.7337248000000045,Montana
name_huc4,3,8.0,8.0,floyds_fork_huc4_0514,FLOYDS FORK,05,0514,05140102,3,3,"03297900,03298000,03298200",2009-01-10,2026-08-24,17.61806981519507,True,0.20000559999999723,0.09472060000000226,Kentucky
name_huc4,3,8.0,8.0,white_river_huc4_0512,WHITE RIVER,05,0512,05120201,3,3,"03354000,03373980,03374100",2010-12-03,2026-08-24,15.723477070499658,True,1.0077640000000017,1.1494816000000014,Indiana
name_huc4,3,8.0,8.0,fox_river_huc4_0403,FOX RIVER,04,0403,04030201,3,3,"04082400,04084445,040851385",2011-03-04,2026-08-24,15.474332648870636,True,0.5149990099999968,0.5308823000000018,Wisconsin
name_huc4,3,8.0,8.0,broad_river_huc4_0305,BROAD RIVER,03,0305,03050106,3,3,"02156500,02160991,02162035",2011-07-02,2026-08-24,15.145790554414784,True,0.5468059999999966,0.34787559999999473,South Carolina
name_huc4,3,8.0,8.0,deschutes_river_huc4_1707,DESCHUTES RIVER,17,1707,17070301,3,3,"14076500,14092500,14103000",2011-07-29,2026-08-24,15.071868583162217,True,1.1233385000000027,0.4155355000000043,Oregon
name_huc4,3,8.0,8.0,kootenai_river_huc4_1701,KOOTENAI RIVER,17,1701,17010104,3,3,"12305000,12309500,12322000",2011-09-30,2026-08-24,14.899383983572895,True,0.37950559000000084,0.45830559999998854,Idaho
name_huc4,3,8.0,8.0,south_river_huc4_0307,SOUTH RIVER,03,0307,03070103,3,4,"02203603,02203655,02203900",2012-04-05,2026-08-25,14.387405886379192,True,0.018111109999999542,0.1912777999999946,Georgia
name_huc4,3,8.0,8.0,sheyenne_river_huc4_0902,SHEYENNE RIVER,09,0902,09020203,3,3,"05056000,05057000,05058000",1997-06-12,2011-10-17,14.346338124572211,True,0.7716670000000008,0.6886110000000087,North Dakota
name_huc4,3,8.0,8.0,big_sunflower_river_huc4_0803,BIG SUNFLOWER RIVER,08,0803,08030207,3,3,"07288000,07288280,07288500",2010-10-28,2024-10-22,13.984941820670773,True,0.6499751600000039,0.12684210000000462,Mississippi
name_huc4,3,8.0,8.0,nancy_creek_huc4_0313,NANCY CREEK,03,0313,03130001,3,3,"02336340,02336360,02336410",2012-12-06,2026-08-25,13.716632443531827,True,0.059527800000005016,0.09402780000000632,Georgia
name_huc4,3,8.0,8.0,passaic_river_huc4_0203,Passaic River,02,0203,02030103,3,3,"01382000,01389005,01389500",1989-04-01,2002-07-22,13.305954825462011,True,0.012499980000001187,0.04666666999999336,New Jersey
name_huc4,3,8.0,8.0,conemaugh_river_huc4_0501,Conemaugh River,05,0501,05010007,3,3,"03041500,03043810,03044000",2013-09-29,2026-08-24,12.900752908966462,True,0.0483294800000067,0.3647320000000036,Pennsylvania
name_huc4,3,8.0,8.0,san_joaquin_r_huc4_1804,SAN JOAQUIN R,18,1804,18040001,3,4,"11273400,11274550,11303500",2010-10-01,2023-05-10,12.605065023956195,True,0.32882433999999705,0.29015079999999216,California
name_huc4,3,8.0,8.0,elk_creek_huc4_1710,ELK CREEK,17,1710,17100307,3,3,"14337800,14337830,14338000",1986-04-11,1998-09-30,12.470910335386721,True,0.09472219999999965,0.07000030000000379,Oregon
name_huc4,3,8.0,8.0,niobrara_river_huc4_1015,Niobrara River,10,1015,10150002,3,3,"06454100,06461500,06465500",2014-03-26,2026-08-24,12.413415468856947,True,0.4784666799999968,5.569361090000001,Nebraska
name_huc4,3,8.0,8.0,pecos_river_huc4_1306,PECOS RIVER,13,1306,13060011,3,3,"08405200,08406500,08407500",2012-10-01,2024-11-25,12.150581793292266,True,0.33408332999999857,0.19109720000000152,New Mexico
name_huc4,3,8.0,8.0,village_creek_huc4_0316,VILLAGE CREEK,03,0316,03160111,3,3,"02458148,02458450,02458502",2014-07-26,2026-08-24,12.07939767282683,True,0.059400199999998904,0.17222540000000208,Alabama
name_huc4,3,8.0,8.0,missouri_river_huc4_1030,Missouri River,10,1030,10300101,3,6,"06893060,06906500,06934500",2012-02-24,2024-02-12,11.967145790554415,True,0.5124456400000028,3.055555599999991,Missouri
name_huc4,3,8.0,8.0,missouri_river_huc4_1024,Missouri River,10,1024,10240011,3,3,"06807000,06813500,06818000",2012-09-15,2024-08-06,11.890485968514716,True,0.9285555599999995,0.990249999999989,"Missouri,Nebraska"
name_huc4,3,8.0,8.0,walker_rv_huc4_1605,WALKER RV,16,1605,16050303,3,3,"10301500,10302002,10302025",2015-05-13,2026-07-18,11.181382614647502,True,0.3614307199999942,0.3718039000000033,Nevada
name_huc4,3,8.0,8.0,monongahela_river_huc4_0502,Monongahela River,05,0502,05020005,3,3,"03072655,03075070,03085000",2013-09-27,2024-11-26,11.16495550992471,True,0.5661043899999996,0.06472629999998958,Pennsylvania
name_huc4,3,8.0,8.0,back_creek_huc4_0208,BACK CREEK,02,0208,02080201,3,3,"02011460,02011470,02011500",1984-10-01,1995-10-02,11.000684462696784,True,0.17583248999999768,0.12833702000000358,Virginia
name_huc4,3,8.0,8.0,tualatin_river_huc4_1709,TUALATIN RIVER,17,1709,17090010,3,3,"14203500,14206694,14207200",2016-03-26,2026-08-24,10.412046543463381,True,0.1183277300000043,0.43918030000000385,Oregon
name_huc4,3,8.0,8.0,peace_river_huc4_0310,PEACE RIVER,03,0310,03100101,3,3,"02297345,02297350,02297460",2016-04-05,2026-08-24,10.38466803559206,True,0.09910864999999802,0.013009420000003047,Florida
name_huc4,3,8.0,8.0,platte_river_huc4_1020,Platte River,10,1020,10200101,3,3,"06768000,06796500,06796550",2016-04-08,2026-08-24,10.376454483230663,True,0.637427780000003,3.2007501100000013,Nebraska
name_huc4,3,8.0,8.0,catawba_r_huc4_0305,CATAWBA R,03,0305,03050101,3,3,"02137727,02138520,0214264790",2016-06-29,2026-08-25,10.154688569472963,True,0.313516700000001,1.1029360999999938,North Carolina
name_huc4,3,8.0,8.0,sauk_river_huc4_1711,SAUK RIVER,17,1711,17110006,3,3,"12186000,12187500,12189500",2016-10-01,2026-08-24,9.894592744695414,True,0.2558666399999936,0.11391679999999837,Washington
name_huc4,3,8.0,8.0,yellow_river_huc4_0712,YELLOW RIVER,07,0712,07120001,3,3,"05516665,05517000,05517010",2016-12-01,2026-08-24,9.727583846680355,True,0.03527778000000126,0.2708332999999925,Indiana
name_huc4,3,8.0,8.0,yellow_river_huc4_0307,YELLOW RIVER,03,0307,03070103,3,3,"02207120,02207220,02207335",2003-02-14,2012-09-29,9.623545516769337,True,0.1055555599999991,0.12350000000000705,Georgia
name_huc4,3,8.0,8.0,withlacoochee_river_huc4_0311,WITHLACOOCHEE RIVER,03,0311,03110203,3,3,"02318500,02319000,02319394",2017-02-28,2026-08-24,9.483915126625599,True,0.38281120999999985,0.27330460999999673,"Florida,Georgia"
name_huc4,3,8.0,8.0,shenango_river_huc4_0503,Shenango River,05,0503,05030102,3,3,"03102850,03103500,03104490",2017-04-27,2026-08-24,9.325119780971937,True,0.3355274099999974,0.10927808999998945,Pennsylvania
name_huc4,3,8.0,8.0,des_plaines_river_huc4_0712,DES PLAINES RIVER,07,0712,07120004,3,3,"05537980,05538010,05539670",2017-11-17,2026-08-24,8.766598220396988,True,0.1220277600000017,0.13075000000000614,Illinois
name_huc4,3,8.0,8.0,north_santiam_river_huc4_1709,NORTH SANTIAM RIVER,17,1709,17090005,3,3,"14181500,14183000,444728122450000",2001-03-22,2009-12-14,8.731006160164272,True,0.03717778000000038,0.4537545000000023,Oregon
name_huc4,3,8.0,8.0,alafia_river_huc4_0310,ALAFIA RIVER,03,0310,03100204,3,3,"02301500,02301718,02301721",2018-01-18,2026-08-24,8.596851471594798,True,0.012500610000000023,0.17305899999999497,Florida
name_huc4,3,8.0,8.0,beaufort_river_huc4_0305,BEAUFORT RIVER,03,0305,03050208,3,3,"02176603,02176611,02176640",1998-10-30,2007-03-20,8.386036960985626,True,0.07719549999999487,0.006388499999999908,South Carolina
name_huc4,3,8.0,8.0,white_river_huc4_1711,WHITE RIVER,17,1711,17110014,3,3,"12098700,12100490,12101102",2016-06-08,2024-09-29,8.309377138945928,True,0.10497097000000366,0.2334995999999876,Washington
name_huc4,3,8.0,8.0,etowah_river_huc4_0315,ETOWAH RIVER,03,0315,03150104,3,4,"02388975,02389150,02394000",2018-07-25,2026-08-24,8.082135523613964,True,0.24611110000000025,0.7212777000000017,Georgia
name_huc8,3,8.0,8.0,au_sable_river_huc8_04070007,AU SABLE RIVER,04,0407,04070007,8,8,"04136000,04136500,04136900,04137005,04137020,04137025,04137030,04137500",1996-10-01,2026-08-17,29.87542778918549,True,0.24055483000000066,0.858653700000005,Michigan
name_huc8,3,8.0,8.0,chattahoochee_river_huc8_03130001,CHATTAHOOCHEE RIVER,03,0313,03130001,6,6,"02330450,02334430,02335000,02335450,02335815,02336000",2004-01-29,2022-06-05,18.349075975359344,True,0.841805530000002,0.7251944000000066,Georgia
name_huc8,3,8.0,8.0,mahoning_river_huc8_05030103,Mahoning River,05,0503,05030103,6,6,"03086500,03090500,03091500,03094000,03098600,03099500",2010-11-20,2024-05-26,13.514031485284052,True,0.3063872000000032,0.5583598000000052,Ohio
name_huc8,3,8.0,8.0,madison_river_huc8_10020007,Madison River,10,1002,10020007,5,5,"06037500,06038500,06038800,06040000,06041000",2011-03-16,2026-08-24,15.441478439425051,True,0.8331587999999996,0.683669100000003,Montana
name_huc8,3,8.0,8.0,waccamaw_river_huc8_03040206,WACCAMAW RIVER,03,0304,03040206,5,5,"02110500,02110550,02110704,02110802,021108125",2013-06-22,2026-08-25,13.174537987679672,True,0.40611466000000007,0.4119692000000015,South Carolina
name_huc8,3,8.0,8.0,savannah_river_huc8_03060109,SAVANNAH RIVER,03,0306,03060109,5,5,"02198920,021989715,021989773,0219897993,02198980",2013-08-16,2026-08-25,13.023956194387406,True,0.12952777000000282,0.24886109999999917,"Georgia,South Carolina"
name_huc8,3,8.0,8.0,rogue_river_huc8_17100307,ROGUE RIVER,17,1710,17100307,5,5,"14330000,14335075,14337600,14338100,14339000",1988-03-16,2000-09-30,12.542094455852157,True,0.20472476999999856,0.32667329999999595,Oregon
name_huc8,3,8.0,8.0,big_hole_river_huc8_10020004,Big Hole River,10,1002,10020004,5,5,"06024450,06024580,06025250,06025500,06026210",2014-07-01,2026-08-24,12.147843942505133,True,0.4107276000000013,0.9008500000000055,Montana
name_huc8,3,8.0,8.0,kankakee_river_huc8_07120001,KANKAKEE RIVER,07,0712,07120001,5,5,"05515500,05517500,05518000,05527000,05527500",2016-04-09,2026-08-24,10.373716632443532,True,0.20682548999999995,1.4805555000000084,"Illinois,Indiana"
name_huc8,3,8.0,8.0,colorado_river_huc8_14010001,COLORADO RIVER,14,1401,14010001,5,6,"09010500,09034250,09058000,09060799,09070500",2016-10-21,2026-08-24,9.839835728952773,True,0.6812219000000042,1.2219029000000035,Colorado
name_huc8,3,8.0,8.0,mckenzie_river_huc8_17090004,MCKENZIE RIVER,17,1709,17090004,5,5,"14158500,14158740,14159110,14162500,14163900",2017-07-20,2026-08-24,9.095140314852841,True,0.2911052999999981,0.7755702000000042,Oregon
name_huc8,3,8.0,8.0,muskegon_river_huc8_04060102,MUSKEGON RIVER,04,0406,04060102,4,4,"04121650,04121660,04121680,04121970",1998-10-21,2026-08-24,27.84120465434634,True,0.2588884200000052,0.19777969999999812,Michigan
name_huc8,3,8.0,8.0,cedar_river_huc8_17110012,CEDAR RIVER,17,1711,17110012,4,4,"12115000,12116500,12117600,12119000",2001-05-05,2026-08-24,25.30321697467488,True,0.11249259999999595,0.5783537999999879,Washington
name_huc8,3,8.0,8.0,roanoke_river_huc8_03010107,ROANOKE RIVER,03,0301,03010107,4,4,"0208062765,02081022,02081094,0208114150",2000-05-11,2022-01-05,21.65366187542779,True,0.5180555399999989,0.8575000000000017,North Carolina
name_huc8,3,8.0,8.0,yellowstone_river_huc8_10070002,Yellowstone River,10,1007,10070002,4,4,"06191500,06192500,06195750,06195950",2007-07-13,2026-08-24,19.11567419575633,True,0.7350427900000014,0.8529244000000062,Montana
name_huc8,3,8.0,8.0,arkansas_river_huc8_11020002,ARKANSAS RIVER,11,1102,11020002,4,4,"07096000,07097000,07099400,07109500",2008-09-30,2026-08-24,17.897330595482547,True,0.1858307400000001,0.8586018000000024,Colorado
name_huc8,3,8.0,8.0,reedy_creek_huc8_03090101,REEDY CREEK,03,0309,03090101,4,4,"02266298,02266300,02266320,02266495",1985-01-24,2001-05-11,16.292950034223136,True,0.07277493000000135,0.03722270000000094,Florida
name_huc8,3,8.0,8.0,cahaba_river_huc8_03150202,CAHABA RIVER,03,0315,03150202,4,4,"02423130,02423160,02423380,02423496",2011-08-08,2026-07-20,14.948665297741274,True,0.2530483399999994,0.23500340000001074,Alabama
name_huc8,3,8.0,8.0,youghiogheny_river_huc8_05020006,Youghiogheny River,05,0502,05020006,4,4,"03076500,03077500,03081000,03083500",2012-10-01,2026-08-24,13.894592744695414,True,0.5866110999999989,0.4424925000000002,"Maryland,Pennsylvania"
name_huc8,3,8.0,8.0,wichita_rv_huc8_11130206,Wichita Rv,11,1113,11130206,4,4,"07311900,07312100,07312500,07312700",1998-09-30,2011-09-29,12.996577686516085,True,0.35278074000000004,1.0919765999999953,Texas
name_huc8,3,8.0,8.0,clearwater_river_huc8_17060306,CLEARWATER RIVER,17,1706,17060306,4,4,"13340000,13341050,13342500,13343000",2008-09-30,2021-01-05,12.265571526351813,True,0.06611110999999426,0.7102778000000001,Idaho
name_huc8,3,8.0,8.0,green_river_huc8_05110001,GREEN RIVER,05,0511,05110001,4,4,"03306000,03306500,03309000,03311500",2003-07-12,2014-11-30,11.38672142368241,True,0.07362284999999957,0.9139020000000073,Kentucky
name_huc8,3,8.0,8.0,santa_fe_river_huc8_03110206,SANTA FE RIVER,03,0311,03110206,4,4,"02321500,02321958,02322500,02322800",2015-10-14,2026-08-24,10.861054072553046,True,0.07305961000000138,0.4341787000000039,Florida
name_huc8,3,8.0,8.0,cooper_r_huc8_03050201,COOPER R,03,0305,03050201,4,4,"02172050,02172053,021720677,0217206935",2016-07-01,2026-08-25,10.149212867898699,True,0.20197223000000264,0.04000329999999508,South Carolina
name_huc8,3,8.0,8.0,harpeth_river_huc8_05130204,HARPETH RIVER,05,0513,05130204,4,4,"03432100,0343233905,034324146,03433500",2016-10-21,2026-08-24,9.839835728952773,True,0.2219985000000051,0.22962650000000906,Tennessee
name_huc8,3,8.0,8.0,missouri_river_huc8_10230006,Missouri River,10,1023,10230006,4,4,"06610000,06610505,410333095530101,412126095565201",2013-04-13,2022-06-24,9.196440793976729,True,0.29811919999999503,0.08527780000000007,"Iowa,Nebraska"
name_huc8,3,8.0,8.0,st_johns_river_huc8_03080101,ST. JOHNS RIVER,03,0308,03080101,4,4,"02232400,02234000,02234500,02236000",2007-12-12,2016-09-29,8.799452429842573,True,0.6385898999999995,0.510007299999998,Florida
name_huc8,3,8.0,8.0,animas_river_huc8_14080104,ANIMAS RIVER,14,1408,14080104,4,4,"09359020,09361500,09363500,09364500",2016-04-06,2024-10-09,8.509240246406572,True,1.065833000000005,0.533528000000004,"Colorado,New Mexico"
name_huc8,3,8.0,8.0,delaware_river_huc8_02040104,DELAWARE RIVER,02,0204,02040104,3,3,"01432160,01432805,01434000",1975-03-05,2026-08-24,51.4715947980835,True,0.10425003000000288,0.21611110999999994,Pennsylvania
name_huc8,3,8.0,8.0,clark_fork_huc8_17010204,Clark Fork,17,1701,17010204,3,3,"12340500,12353650,12354700",1985-07-31,2026-08-24,41.06502395619439,True,0.44518011000000257,0.9578805999999958,Montana
name_huc8,3,8.0,8.0,applegate_river_huc8_17100309,APPLEGATE RIVER,17,1710,17100309,3,3,"14362000,14366000,14369500",1985-10-01,2026-08-24,40.8952772073922,True,0.2902697000000032,0.2952918000000011,Oregon
name_huc8,3,8.0,8.0,middle_fork_willamette_river_huc8_17090001,MIDDLE FORK WILLAMETTE RIVER,17,1709,17090001,3,3,"14144800,14150000,14152000",1985-10-02,2025-11-30,40.16153319644079,True,0.3963929900000025,0.4483651999999978,Oregon
name_huc8,3,8.0,8.0,south_santiam_river_huc8_17090006,SOUTH SANTIAM RIVER,17,1709,17090006,3,3,"14185000,14187200,14187500",1986-10-01,2026-08-24,39.89596167008898,True,0.10666415000000029,0.32583970000000306,Oregon
name_huc8,3,8.0,8.0,fountain_creek_huc8_11020003,FOUNTAIN CREEK,11,1102,11020003,3,3,"07105800,07106000,07106500",1994-10-01,2026-08-24,31.89596167008898,True,0.4416639000000018,0.1322480999999982,Colorado
name_huc8,3,8.0,8.0,columbia_river_huc8_17070105,COLUMBIA RIVER,17,1707,17070105,3,3,"14105700,453712121071200,453845121562000",1996-06-26,2026-08-24,30.16016427104723,True,0.03739481999999583,0.8189001000000076,"Oregon,Washington"
name_huc8,3,8.0,8.0,saluda_river_huc8_03050109,SALUDA RIVER,03,0305,03050109,3,3,"02163001,02168504,02169000",1996-09-30,2026-08-24,29.897330595482547,True,0.6000754000000015,1.3558003000000127,South Carolina
name_huc8,3,8.0,8.0,west_branch_delaware_river_huc8_02040101,WEST BRANCH DELAWARE RIVER,02,0204,02040101,3,3,"01425000,01426500,01427000",1996-09-30,2026-08-24,29.897330595482547,True,0.12275000000000347,0.10486120000000199,New York
name_huc8,3,8.0,8.0,manistee_river_huc8_04060103,MANISTEE RIVER,04,0406,04060103,3,3,"04124000,04124200,04125550",1996-12-01,2026-08-24,29.727583846680357,True,0.17694780000000065,0.24294559999999876,Michigan
name_huc8,3,8.0,8.0,green_river_huc8_14040106,GREEN RIVER,14,1404,14040106,3,3,"09217000,09234500,09261000",1998-09-25,2026-08-24,27.912388774811774,True,1.1076026599999977,0.21382178999999724,"Utah,Wyoming"
name_huc8,3,8.0,8.0,johnson_creek_huc8_17090012,JOHNSON CREEK,17,1709,17090012,3,3,"14211400,14211500,14211550",1999-01-20,2026-08-24,27.592060232717316,True,0.0334362999999982,0.22131629999999802,Oregon
name_huc8,3,8.0,8.0,white_river_huc8_11010003,White River,11,1101,11010003,3,3,"07053450,07054501,07054527",2000-09-30,2026-08-24,25.897330595482547,True,0.25145200000000045,0.7349053999999882,"Arkansas,Missouri"
name_huc8,3,8.0,8.0,klamath_river_huc8_18010204,KLAMATH RIVER,18,1801,18010204,3,3,"11509370,420853121505500,420853121505501",2003-05-01,2026-08-19,23.301848049281315,True,0.02017258000000055,0.08026590000000056,Oregon
name_huc8,3,8.0,8.0,clackamas_river_huc8_17090011,CLACKAMAS RIVER,17,1709,17090011,3,3,"14209710,14210000,14211010",2005-04-18,2026-08-24,21.349760438056126,True,0.21222234000000384,0.4211210999999935,Oregon
name_huc8,3,8.0,8.0,jefferson_river_huc8_10020005,Jefferson River,10,1002,10020005,3,3,"06026500,06027600,06036650",2006-07-01,2026-08-24,20.147843942505133,True,0.28385309999999464,0.7337248000000045,Montana
name_huc8,3,8.0,8.0,floyds_fork_huc8_05140102,FLOYDS FORK,05,0514,05140102,3,3,"03297900,03298000,03298200",2009-01-10,2026-08-24,17.61806981519507,True,0.20000559999999723,0.09472060000000226,Kentucky
name_huc8,3,8.0,8.0,willamette_river_huc8_17090003,WILLAMETTE RIVER,17,1709,17090003,3,3,"14158100,14166000,14174000",2010-11-10,2026-08-24,15.786447638603697,True,0.5470661299999975,0.06694199999999739,Oregon
name_huc8,3,8.0,8.0,broad_river_huc8_03050106,BROAD RIVER,03,0305,03050106,3,3,"02156500,02160991,02162035",2011-07-02,2026-08-24,15.145790554414784,True,0.5468059999999966,0.34787559999999473,South Carolina
name_huc8,3,8.0,8.0,kootenai_river_huc8_17010104,KOOTENAI RIVER,17,1701,17010104,3,3,"12305000,12309500,12322000",2011-09-30,2026-08-24,14.899383983572895,True,0.37950559000000084,0.45830559999998854,Idaho
name_huc8,3,8.0,8.0,allegheny_river_huc8_05010001,Allegheny River,05,0501,05010001,3,3,"03007800,03011020,03012550",2011-09-23,2026-08-13,14.888432580424366,True,0.3381575200000029,0.7191933100000085,"New York,Pennsylvania"
name_huc8,3,8.0,8.0,south_river_huc8_03070103,SOUTH RIVER,03,0307,03070103,3,4,"02203603,02203655,02203900",2012-04-05,2026-08-25,14.387405886379192,True,0.018111109999999542,0.1912777999999946,Georgia
name_huc8,3,8.0,8.0,big_sunflower_river_huc8_08030207,BIG SUNFLOWER RIVER,08,0803,08030207,3,3,"07288000,07288280,07288500",2010-10-28,2024-10-22,13.984941820670773,True,0.6499751600000039,0.12684210000000462,Mississippi
name_huc8,3,8.0,8.0,delaware_river_huc8_02040101,DELAWARE RIVER,02,0204,02040101,3,3,"01427207,01427301,01427510",1993-08-11,2007-05-07,13.735797399041752,True,0.1105277800000053,0.1563333300000096,"New York,Pennsylvania"
name_huc8,3,8.0,8.0,nancy_creek_huc8_03130001,NANCY CREEK,03,0313,03130001,3,3,"02336340,02336360,02336410",2012-12-06,2026-08-25,13.716632443531827,True,0.059527800000005016,0.09402780000000632,Georgia
name_huc8,3,8.0,8.0,passaic_river_huc8_02030103,Passaic River,02,0203,02030103,3,3,"01382000,01389005,01389500",1989-04-01,2002-07-22,13.305954825462011,True,0.012499980000001187,0.04666666999999336,New Jersey
name_huc8,3,8.0,8.0,arkansas_river_huc8_11020001,ARKANSAS RIVER,11,1102,11020001,3,3,"07086000,07091200,07094500",1993-10-07,2006-09-29,12.97741273100616,True,0.5555491599999982,0.892799299999993,Colorado
name_huc8,3,8.0,8.0,columbia_river_huc8_17070101,COLUMBIA RIVER,17,1707,17070101,3,3,"14019220,14019240,454314120413701",2009-09-30,2022-09-05,12.930869267624914,True,0.2208412000000024,1.4017094999999955,Washington
name_huc8,3,8.0,8.0,conemaugh_river_huc8_05010007,Conemaugh River,05,0501,05010007,3,3,"03041500,03043810,03044000",2013-09-29,2026-08-24,12.900752908966462,True,0.0483294800000067,0.3647320000000036,Pennsylvania
name_huc8,3,8.0,8.0,elk_creek_huc8_17100307,ELK CREEK,17,1710,17100307,3,3,"14337800,14337830,14338000",1986-04-11,1998-09-30,12.470910335386721,True,0.09472219999999965,0.07000030000000379,Oregon
name_huc8,3,8.0,8.0,pecos_river_huc8_13060011,PECOS RIVER,13,1306,13060011,3,3,"08405200,08406500,08407500",2012-10-01,2024-11-25,12.150581793292266,True,0.33408332999999857,0.19109720000000152,New Mexico
name_huc8,3,8.0,8.0,village_creek_huc8_03160111,VILLAGE CREEK,03,0316,03160111,3,3,"02458148,02458450,02458502",2014-07-26,2026-08-24,12.07939767282683,True,0.059400199999998904,0.17222540000000208,Alabama
name_huc8,3,8.0,8.0,monongahela_river_huc8_05020005,Monongahela River,05,0502,05020005,3,3,"03072655,03075070,03085000",2013-09-27,2024-11-26,11.16495550992471,True,0.5661043899999996,0.06472629999998958,Pennsylvania
name_huc8,3,8.0,8.0,back_creek_huc8_02080201,BACK CREEK,02,0208,02080201,3,3,"02011460,02011470,02011500",1984-10-01,1995-10-02,11.000684462696784,True,0.17583248999999768,0.12833702000000358,Virginia
name_huc8,3,8.0,8.0,tualatin_river_huc8_17090010,TUALATIN RIVER,17,1709,17090010,3,3,"14203500,14206694,14207200",2016-03-26,2026-08-24,10.412046543463381,True,0.1183277300000043,0.43918030000000385,Oregon
name_huc8,3,8.0,8.0,peace_river_huc8_03100101,PEACE RIVER,03,0310,03100101,3,3,"02297345,02297350,02297460",2016-04-05,2026-08-24,10.38466803559206,True,0.09910864999999802,0.013009420000003047,Florida
name_huc8,3,8.0,8.0,catawba_r_huc8_03050101,CATAWBA R,03,0305,03050101,3,3,"02137727,02138520,0214264790",2016-06-29,2026-08-25,10.154688569472963,True,0.313516700000001,1.1029360999999938,North Carolina
name_huc8,3,8.0,8.0,trinity_rv_huc8_12030105,Trinity Rv,12,1203,12030105,3,4,"08057000,08057410,08062500",2015-02-12,2025-03-11,10.075290896646132,True,0.34832182000000245,0.35890489999999886,Texas
name_huc8,3,8.0,8.0,sauk_river_huc8_17110006,SAUK RIVER,17,1711,17110006,3,3,"12186000,12187500,12189500",2016-10-01,2026-08-24,9.894592744695414,True,0.2558666399999936,0.11391679999999837,Washington
name_huc8,3,8.0,8.0,yellow_river_huc8_07120001,YELLOW RIVER,07,0712,07120001,3,3,"05516665,05517000,05517010",2016-12-01,2026-08-24,9.727583846680355,True,0.03527778000000126,0.2708332999999925,Indiana
name_huc8,3,8.0,8.0,yellow_river_huc8_03070103,YELLOW RIVER,03,0307,03070103,3,3,"02207120,02207220,02207335",2003-02-14,2012-09-29,9.623545516769337,True,0.1055555599999991,0.12350000000000705,Georgia
name_huc8,3,8.0,8.0,withlacoochee_river_huc8_03110203,WITHLACOOCHEE RIVER,03,0311,03110203,3,3,"02318500,02319000,02319394",2017-02-28,2026-08-24,9.483915126625599,True,0.38281120999999985,0.27330460999999673,"Florida,Georgia"
name_huc8,3,8.0,8.0,clark_fork_huc8_17010201,Clark Fork,17,1701,17010201,3,3,"12323800,12324200,12324400",2017-03-29,2026-08-24,9.404517453798768,True,0.3026694300000017,0.04714710000000366,Montana
name_huc8,3,8.0,8.0,catawba_river_huc8_03050101,CATAWBA RIVER,03,0305,03050101,3,3,"02141500,0214196125,0214244102",2017-04-01,2026-08-25,9.399041752224504,True,0.06470276000000297,0.34150559999999075,North Carolina
name_huc8,3,8.0,8.0,shenango_river_huc8_05030102,Shenango River,05,0503,05030102,3,3,"03102850,03103500,03104490",2017-04-27,2026-08-24,9.325119780971937,True,0.3355274099999974,0.10927808999998945,Pennsylvania
name_huc8,3,8.0,8.0,truckee_rv_huc8_16050102,TRUCKEE RV,16,1605,16050102,3,3,"10348000,10348200,10350500",1989-08-26,1998-09-29,9.092402464065708,True,0.04783632999999554,0.30928240000000073,Nevada
name_huc8,3,8.0,8.0,james_river_huc8_10160003,JAMES RIVER,10,1016,10160003,3,3,"06470500,06470830,06471000",1985-10-10,1994-09-30,8.971937029431896,True,0.7519449999999992,0.1943428999999952,"North Dakota,South Dakota"
name_huc8,3,8.0,8.0,des_plaines_river_huc8_07120004,DES PLAINES RIVER,07,0712,07120004,3,3,"05537980,05538010,05539670",2017-11-17,2026-08-24,8.766598220396988,True,0.1220277600000017,0.13075000000000614,Illinois
name_huc8,3,8.0,8.0,suwannee_river_huc8_03110205,SUWANNEE RIVER,03,0311,03110205,3,3,"02319800,02320500,02323592",2017-03-03,2025-12-03,8.752908966461328,True,0.9053164599999981,0.3220942000000093,Florida
name_huc8,3,8.0,8.0,north_santiam_river_huc8_17090005,NORTH SANTIAM RIVER,17,1709,17090005,3,3,"14181500,14183000,444728122450000",2001-03-22,2009-12-14,8.731006160164272,True,0.03717778000000038,0.4537545000000023,Oregon
name_huc8,3,8.0,8.0,alafia_river_huc8_03100204,ALAFIA RIVER,03,0310,03100204,3,3,"02301500,02301718,02301721",2018-01-18,2026-08-24,8.596851471594798,True,0.012500610000000023,0.17305899999999497,Florida
name_huc8,3,8.0,8.0,beaufort_river_huc8_03050208,BEAUFORT RIVER,03,0305,03050208,3,3,"02176603,02176611,02176640",1998-10-30,2007-03-20,8.386036960985626,True,0.07719549999999487,0.006388499999999908,South Carolina
name_huc8,3,8.0,8.0,white_river_huc8_14050007,WHITE RIVER,14,1405,14050007,3,3,"09306395,09306500,09306900",1977-04-15,1985-09-01,8.380561259411362,True,0.08610780999999434,0.5550240999999971,Utah
name_huc8,3,8.0,8.0,white_river_huc8_17110014,WHITE RIVER,17,1711,17110014,3,3,"12098700,12100490,12101102",2016-06-08,2024-09-29,8.309377138945928,True,0.10497097000000366,0.2334995999999876,Washington
name_huc8,3,8.0,8.0,etowah_river_huc8_03150104,ETOWAH RIVER,03,0315,03150104,3,4,"02388975,02389150,02394000",2018-07-25,2026-08-24,8.082135523613964,True,0.24611110000000025,0.7212777000000017,Georgia
huc8_only,3,6.0,6.0,huc8_03130001,mixed,03,0313,03130001,28,32,"02330450,02334430,02334480,02334578,02334652,02334653,02334654,02334885,02335000,02335350,02335400,02335405,02335450,02335777,02335778,02335779,02335880,02336000,02336030,02336120,02336152,023362095,02336240,02336300,02336313,02336340,02336360,02336410",2018-04-30,2026-08-24,8.317590691307323,True,0.8978889000000052,0.7251944000000066,Georgia
huc8_only,3,6.0,6.0,huc8_03070103,mixed,03,0307,03070103,21,29,"02203603,02203655,02203831,02203863,02203873,02203900,02203950,02203960,02204037,02205000,02205865,02206500,02207120,02207135,02207160,02207185,02207385,02207400,02208150,02208450,02208493",2019-09-06,2026-08-25,6.967830253251198,True,0.3734444400000001,0.6368611000000044,Georgia
huc8_only,3,6.0,6.0,huc8_17090004,mixed,17,1709,17090004,18,18,"14158500,14158740,14158790,14158798,14158850,14159100,14159110,14159200,14159500,14161100,14161500,14162200,14162500,14163150,14163900,14164550,14164700,14164900",2017-08-11,2026-07-20,8.93908281998631,True,0.3138874999999999,0.9689101000000022,Oregon
huc8_only,3,6.0,6.0,huc8_03080103,mixed,03,0308,03080103,18,23,"02244040,02245290,02245340,022462002,02246459,02246500,02246518,02246751,02246804,300803081354500,301057081414800,301124081395901,301204081434900,301510081383500,301817081393600,302309081333001,302609081453300,302657081312400",2018-05-10,2025-12-07,7.578370978781656,True,0.858579670000001,0.2359000000000009,Florida
huc8_only,3,6.0,6.0,huc8_02040104,mixed,02,0204,02040104,18,20,"01432110,01432160,01432495,01432805,01433005,01433500,01434000,0143400680,01434021,01434025,01434498,01435000,01436000,01436655,01436690,01437500,01438500,01440400",2020-01-11,2026-08-24,6.617385352498289,True,0.926296200000003,0.8001811000000032,"New York,Pennsylvania"
huc8_only,3,6.0,6.0,huc8_02040205,mixed,02,0204,02040205,17,20,"01478000,01478100,01478137,01478185,01478220,01478245,01478650,01478950,01479000,01480000,01480400,01480500,01480617,01480629,01480870,01481000,01482695",2020-05-27,2026-08-24,6.242299794661191,True,0.47327054000000146,0.2518209999999925,"Delaware,Pennsylvania"
huc8_only,3,6.0,6.0,huc8_03060109,mixed,03,0306,03060109,16,16,"02198744,02198750,02198810,02198820,02198840,02198920,02198950,02198955,021989715,021989773,021989784,021989792,021989793,0219897945,0219897993,02198980",2019-06-04,2026-08-22,7.216974674880219,True,0.3164722200000014,0.27197219999999334,"Georgia,South Carolina"
huc8_only,3,6.0,6.0,huc8_02040202,mixed,02,0204,02040202,16,16,"01465880,01466500,01466900,01467000,01467005,01467024,014670261,01467081,01467087,01467150,01474703,01475530,01475548,01477050,01477070,01477120",2020-03-12,2026-08-18,6.433949349760438,True,0.3523888900000003,0.8610242099999965,"New Jersey,Pennsylvania"
huc8_only,3,6.0,6.0,huc8_01090004,mixed,01,0109,01090004,14,14,"01115098,01115110,01115114,01115120,01115170,01115183,01115184,01115187,01115190,01115265,01115275,01115276,01115280,01115297",2009-05-28,2023-10-17,14.387405886379192,True,0.08777729999999906,0.12055970000000116,Rhode Island
huc8_only,3,6.0,6.0,huc8_05140102,mixed,05,0514,05140102,14,14,"03293510,03297800,03297900,03298000,03298135,03298150,03298200,03298250,03298300,03301900,03301940,03302000,03302030,03302050",2013-09-30,2025-09-25,11.986310746064339,True,0.2942366600000028,0.4113946000000084,Kentucky
huc8_only,3,6.0,6.0,huc8_03100207,mixed,03,0310,03100207,12,12,"02310308,02310650,02310673,02310674,02310689,02310690,02310700,02310740,02310742,02310752,02313272,285531082412600",2017-05-05,2025-11-13,8.525667351129364,True,0.750834440000002,0.18901893999999686,Florida
huc8_only,3,6.0,6.0,huc8_04040003,mixed,04,0404,04040003,12,14,"040869416,04087000,04087030,04087050,04087070,04087119,04087142,040871473,040871475,040871476,040871488,04087159",2008-12-06,2015-09-29,6.811772758384668,True,0.2615074100000001,0.21766668999998728,Wisconsin
huc8_only,3,6.0,6.0,huc8_17080001,mixed,17,1708,17080001,11,12,"14138720,14138850,14138870,14138900,14139800,14140020,14141500,14142500,453439122223900,453630122021400,453845121564001",2007-06-02,2020-09-23,13.311430527036277,True,0.23027482999999904,0.5133459999999985,"Oregon,Washington"
huc8_only,3,6.0,6.0,huc8_05040001,mixed,05,0504,05040001,11,12,"03119341,03119971,03119979,03120820,03120869,03120961,03125338,03126395,03127980,03127986,03127989",2015-07-01,2026-08-24,11.148528405201917,True,0.4938888900000009,0.14444439999999759,Ohio
huc8_only,3,6.0,6.0,huc8_14010001,mixed,14,1401,14010001,11,12,"09010500,09014050,09027100,09032000,09033100,09033300,09034250,09041090,09058000,09060799,09070500",2016-10-21,2026-08-24,9.839835728952773,True,0.6812219000000042,1.3124511999999982,Colorado
huc8_only,3,6.0,6.0,huc8_17090010,mixed,17,1709,17090010,11,15,"14202980,14205400,14206694,14206950,14207200,452230122512201,452559122472401,453004122510301,453030122560101,453040123065201,453113123003501",2004-05-20,2012-05-03,7.953456536618754,True,0.3258269100000035,0.5150153000000017,Oregon
huc8_only,3,6.0,6.0,huc8_03090202,mixed,03,0309,03090202,11,17,"02276998,02277100,02286328,022907085,02290709,022908295,251209080350100,251241080385300,255151080371501,265906080093500,265929080091800",2018-07-19,2025-06-17,6.913073237508556,True,2.0014970000000005,0.6996944999999926,Florida
huc8_only,3,6.0,6.0,huc8_18050004,mixed,18,1805,18050004,11,11,"11162753,11172945,11172955,11173200,11173500,11173510,11173575,11174000,11176500,11176900,11179000",2016-10-19,2023-07-04,6.704996577686516,True,0.16499577999999815,0.5995305000000002,California
huc8_only,3,6.0,6.0,huc8_02040101,mixed,02,0204,02040101,11,12,"01423000,01425000,01425805,01426500,01427000,01427195,01427207,01427500,01427510,01428000,01428500",2019-12-13,2026-08-24,6.69678302532512,True,0.6573611000000028,0.4991387999999972,"New York,Pennsylvania"
huc8_only,3,6.0,6.0,huc8_02040106,mixed,02,0204,02040106,11,12,"01447500,01447720,01447800,01449360,01449800,01451380,01451400,01451500,01451630,01451650,01454700",2020-03-10,2026-08-24,6.455852156057495,True,0.5991604299999977,0.49583480000001146,Pennsylvania
huc8_only,3,6.0,6.0,huc8_05140101,mixed,05,0514,05140101,11,11,"03292470,03292474,03292475,03292480,03292500,03292550,03292555,03293000,03293500,03293530,03294570",2016-07-11,2022-12-18,6.436687200547571,True,0.2830527599999968,0.3153638099999938,Kentucky
huc8_only,3,6.0,6.0,huc8_17090001,mixed,17,1709,17090001,10,10,"14144800,14144900,14145500,14147500,14148000,14150000,14150290,14150800,14151000,14152000",2010-08-26,2025-11-30,15.263518138261464,True,0.3963929900000025,0.5353126999999915,Oregon
huc8_only,3,6.0,6.0,huc8_01090001,mixed,01,0109,01090001,10,11,"01104370,01104405,01104410,01104415,01104420,01104430,01104453,01104455,01104460,01104475",2012-03-26,2026-08-23,14.40930869267625,True,0.08194325999999563,0.03188789999998676,Massachusetts
huc8_only,3,6.0,6.0,huc8_17100307,mixed,17,1710,17100307,10,12,"14330000,14335075,14337500,14337600,14337800,14337830,14337870,14338000,14338100,14339000",1988-03-16,1998-09-30,10.54072553045859,True,0.24861149999999554,0.32667329999999595,Oregon
huc8_only,3,6.0,6.0,huc8_03050201,mixed,03,0305,03050201,10,10,"02172002,02172020,02172040,02172050,021720508,02172053,021720677,0217206935,0217206962,021720698",2016-07-01,2026-08-25,10.149212867898699,True,0.3592222300000003,0.15052780999999982,South Carolina
huc8_only,3,6.0,6.0,huc8_17110012,mixed,17,1711,17110012,10,10,"12114500,12115000,12115500,12116100,12116400,12116500,12117000,12117500,12117600,12119000",2018-10-13,2026-08-24,7.863107460643395,True,0.1405758399999968,0.6544858999999974,Washington
huc8_only,3,6.0,6.0,huc8_18010204,mixed,18,1801,18010204,10,12,"11507500,11507501,11509370,420451121510000,420732121501100,420741121554001,420853121505500,420853121505501,421209121463000,421209121463001",2003-09-30,2010-10-20,7.055441478439425,True,0.14264465000000115,0.1538769000000002,Oregon
huc8_only,3,6.0,6.0,huc8_17090005,mixed,17,1709,17090005,10,11,"14178000,14179000,14180300,14181500,14181900,14182500,14183010,14184100,14189050,444728122450000",2009-10-06,2015-11-09,6.091718001368926,True,0.18290278999999998,0.948630499999993,Oregon
huc8_only,3,6.0,6.0,huc8_10020007,mixed,10,1002,10020007,9,10,"06036805,06036905,06036940,06037100,06037500,06038500,06038800,06040000,06041000",2011-03-16,2026-08-24,15.441478439425051,True,1.0308977000000041,1.0383801999999918,"Montana,Wyoming"
huc8_only,3,6.0,6.0,huc8_03040206,mixed,03,0304,03040206,9,9,"02110400,02110500,02110550,02110701,02110704,02110725,02110802,021108125,02110815",2013-06-22,2026-08-24,13.17180013689254,True,0.5088501399999998,0.4589165999999949,South Carolina
huc8_only,3,6.0,6.0,huc8_05030103,mixed,05,0503,05030103,9,10,"03086500,03090500,03091500,03092090,03092460,03094000,03095500,03098600,03099500",2011-09-30,2024-05-26,12.654346338124572,True,0.3669428299999993,0.6608638000000013,Ohio
huc8_only,3,6.0,6.0,huc8_07120001,mixed,07,0712,07120001,9,9,"05515500,05516665,05517000,05517010,05517500,05518000,05527000,05527500,412320088154101",2016-12-01,2026-08-24,9.727583846680355,True,0.20682548999999995,1.7949165999999934,"Illinois,Indiana"
huc8_only,3,6.0,6.0,huc8_04070007,mixed,04,0407,04070007,9,9,"04135800,04136000,04136500,04136900,04137005,04137020,04137025,04137030,04137500",2019-11-09,2026-08-17,6.770704996577686,True,0.28026005000000254,0.9857654500000024,Michigan
huc8_only,3,6.0,6.0,huc8_18040009,mixed,18,1804,18040009,9,9,"11274790,11276500,11276600,11276900,11277300,11278000,11278300,11289650,11290000",2016-10-02,2022-10-03,6.0013689253935665,True,0.34192114999999745,1.324514999999991,California
huc8_only,3,6.0,6.0,huc8_17110004,mixed,17,1711,17110004,8,10,"12205000,12209490,12210000,12210700,12210900,12212050,12212430,12213100",2008-09-30,2026-08-05,17.845311430527037,True,0.3252746800000068,0.745003699999998,Washington
huc8_only,3,6.0,6.0,huc8_03090204,mixed,03,0309,03090204,8,9,"02290928,02290930,255123081321300,255327081275900,255432081303900,255534081324000,255654081350200,255726081303700",2007-06-14,2017-09-09,10.239561943874058,True,0.12838610000000017,0.24275550000000123,Florida
huc8_only,3,6.0,6.0,huc8_14080104,mixed,14,1408,14080104,8,8,"09358000,09358550,09359010,09359020,09361500,09363500,09364010,09364500",2016-09-15,2023-10-03,7.047227926078029,True,1.0972165000000018,0.5425045799999992,"Colorado,New Mexico"
huc8_only,3,6.0,6.0,huc8_02040203,mixed,02,0204,02040203,8,10,"01470779,01470960,01471875,01472157,01473000,01473169,01473470,01473500",2020-06-19,2026-08-24,6.179329226557153,True,0.33407062999999937,0.8266806999999972,Pennsylvania
huc8_only,3,6.0,6.0,huc8_17090012,mixed,17,1709,17090012,7,7,"14211400,14211499,14211500,14211542,14211546,14211550,14211720",2001-11-02,2012-12-18,11.126625598904859,True,0.06460299999999819,0.24733340000000226,Oregon
huc8_only,3,6.0,6.0,huc8_08090302,mixed,08,0809,08090302,7,7,"07381150,07381324,07381328,07381331,07381350,07381355,073814675",2006-10-19,2017-11-01,11.0362765229295,True,0.28533463999999853,0.5629444000000063,Louisiana
huc8_only,3,6.0,6.0,huc8_02080201,mixed,02,0208,02080201,7,7,"02011400,02011460,02011470,02011490,02011500,02011800,02012800",1984-10-01,1995-10-02,11.000684462696784,True,0.4344427899999985,0.21972741999999812,Virginia
huc8_only,3,6.0,6.0,huc8_03130002,mixed,03,0313,03130002,7,7,"02336526,02336728,02337000,02337170,02337410,02337498,02338523",2014-10-01,2024-05-01,9.582477754962355,True,0.45374999999999943,0.7525277999999958,Georgia
huc8_only,3,6.0,6.0,huc8_03050101,mixed,03,0305,03050101,7,7,"02137727,02138520,02141500,0214196125,0214244102,0214264790,0214267602",2017-04-01,2026-08-25,9.399041752224504,True,0.48789164000000085,1.1029360999999938,North Carolina
huc8_only,3,6.0,6.0,huc8_17110005,mixed,17,1711,17110005,7,7,"12172000,12173500,12178000,12178100,12179900,12181000,12182500",2018-06-27,2025-08-24,7.1594798083504445,True,0.2513555000000025,0.4525336999999894,Washington
huc8_only,3,6.0,6.0,huc8_11020003,mixed,11,1102,11020003,7,7,"07105530,07105780,07105800,07105815,07105820,07106000,07106500",2017-09-19,2024-09-30,7.030800821355236,True,0.5152690000000035,0.19472199999999873,Colorado
huc8_only,3,6.0,6.0,huc8_05090203,mixed,05,0509,05090203,7,7,"03238140,03260015,03260050,03260100,03262001,03277075,03277130",2007-10-06,2014-09-29,6.981519507186858,True,0.25237442999999615,0.3205582100000015,Kentucky
huc8_only,3,6.0,6.0,huc8_18010110,mixed,18,1801,18010110,7,7,"11461500,11462500,11463000,11463682,11463980,11465240,11467000",2019-11-01,2026-08-24,6.811772758384668,True,0.7380407300000016,0.3011244000000062,California
huc8_only,3,6.0,6.0,huc8_02050306,mixed,02,0205,02050306,7,7,"01574000,01575598,01576007,01576045,015765195,01577500,01579550",2020-03-04,2026-08-24,6.4722792607802875,True,0.45476649000000435,0.5603019900000135,"Maryland,Pennsylvania"
huc8_only,3,6.0,6.0,huc8_06010105,mixed,06,0601,06010105,7,7,"03446000,03447687,03447890,03448050,0344878100,03451200,03451500",2019-06-05,2025-11-16,6.450376454483231,True,0.21083332999999982,0.04444440000000327,North Carolina
huc8_only,3,6.0,6.0,huc8_02060003,mixed,02,0206,02060003,7,7,"01581752,01581920,01585075,01585219,01585225,01585230,01589290",2016-06-29,2022-10-10,6.28062970568104,True,0.30108333999999815,0.4191111100000029,Maryland
huc8_only,3,6.0,6.0,huc8_17010201,mixed,17,1701,17010201,7,8,"12323233,12323242,12323770,12323800,12324200,12324400,12324590",2020-06-16,2026-08-24,6.187542778918549,True,0.5282138999999972,0.2658138999999977,Montana
huc8_only,3,6.0,6.0,huc8_03090101,mixed,03,0309,03090101,7,10,"02264000,02264051,02264100,02266200,02266291,02266300,02266495",2019-09-19,2025-11-16,6.160164271047228,True,0.15118282999999977,0.10146319999999776,Florida
huc8_only,3,6.0,6.0,huc8_10300101,mixed,10,1030,10300101,7,9,"06893060,06893620,06893820,06893830,06893890,06893970,06894000",2011-12-20,2018-01-30,6.113620807665982,True,0.13433333999999775,0.1935517999999945,Missouri
huc8_only,3,6.0,6.0,huc8_04090004,mixed,04,0409,04090004,7,7,"04166100,04166470,04166500,04167150,04167625,04168400,04168530",2001-10-24,2007-10-31,6.017796030116359,True,0.16305424000000102,0.2279303199999987,Michigan
huc8_only,3,6.0,6.0,huc8_17100301,mixed,17,1710,17100301,6,6,"14316460,14316495,14316500,14317450,14318000,14319500",1999-06-25,2024-10-20,25.322381930184804,True,0.07194510000000065,0.8987211999999971,Oregon
huc8_only,3,6.0,6.0,huc8_17090006,mixed,17,1709,17090006,6,6,"14185000,14185800,14185900,14186200,14187200,14187500",2007-10-24,2026-08-24,18.833675564681723,True,0.14833131999999694,0.4513965000000013,Oregon
huc8_only,3,6.0,6.0,huc8_11020002,mixed,11,1102,11020002,6,6,"07096000,07097000,07099400,07099969,07109500,381312104321001",2008-09-30,2026-08-24,17.897330595482547,True,0.2137756400000015,0.8586018000000024,Colorado
huc8_only,3,6.0,6.0,huc8_17090003,mixed,17,1709,17090003,6,6,"14158100,14166000,14169000,14170000,14173500,14174000",2010-11-10,2026-08-24,15.786447638603697,True,0.5470661299999975,0.19354400000000282,Oregon
huc8_only,3,6.0,6.0,huc8_05020006,mixed,05,0502,05020006,6,6,"03076500,03077100,03077500,03079000,03081000,03083500",2012-10-01,2026-08-24,13.894592744695414,True,0.5866110999999989,0.5778610999999927,"Maryland,Pennsylvania"
huc8_only,3,6.0,6.0,huc8_10020004,mixed,10,1002,10020004,6,6,"06024450,06024580,06025250,06025500,06026210,06026420",2014-07-01,2026-08-24,12.147843942505133,True,0.4107276000000013,1.096266700000001,Montana
huc8_only,3,6.0,6.0,huc8_17110010,mixed,17,1711,17110010,6,6,"12147470,12147500,12147600,12148000,12148300,12148500",2016-10-01,2026-08-24,9.894592744695414,True,0.030452910000001054,0.22389870000000656,Washington
huc8_only,3,6.0,6.0,huc8_03060106,mixed,03,0306,03060106,6,6,"02197000,02197320,021973426,02197351,02197362,02197380",1984-06-07,1993-09-21,9.289527720739219,True,0.1554356299999995,0.4255859999999956,"Georgia,South Carolina"
huc8_only,3,6.0,6.0,huc8_17070301,mixed,17,1707,17070301,6,6,"14070615,14070621,14070624,14070900,14076500,14091500",2017-10-31,2026-08-24,8.813141683778234,True,0.5951442,0.31161360000000116,Oregon
huc8_only,3,6.0,6.0,huc8_05010006,mixed,05,0501,05010006,6,9,"03034000,03034500,03036000,03038000,03039000,03039040",2018-05-31,2026-08-24,8.232717316906228,True,0.2844435499999989,0.6591326200000083,Pennsylvania
huc8_only,3,6.0,6.0,huc8_16050101,mixed,16,1605,16050101,6,6,"10336610,10336645,10336660,10336676,10336730,10336780",2016-10-03,2024-02-16,7.370294318959616,True,0.21219917999999893,0.22220900000000654,"California,Nevada"
huc8_only,3,6.0,6.0,huc8_03110206,mixed,03,0311,03110206,6,6,"02321500,02321958,02321975,02322500,02322700,02322800",2020-01-10,2026-08-24,6.620123203285421,True,0.10388518999999974,0.4341787000000039,Florida
huc8_only,3,6.0,6.0,huc8_03050109,mixed,03,0305,03050109,5,5,"02163001,02167600,02167716,02168504,02169000",1996-10-02,2026-08-24,29.89185489390828,True,0.6000754000000015,1.3558003000000127,South Carolina
huc8_only,3,6.0,6.0,huc8_04060102,mixed,04,0406,04060102,5,5,"04121650,04121660,04121680,04121944,04121970",1998-10-21,2026-08-24,27.84120465434634,True,0.26277582000000166,0.19777969999999812,Michigan
huc8_only,3,6.0,6.0,huc8_17090002,mixed,17,1709,17090002,5,5,"14152500,14153500,14154500,14155500,14157500",2009-08-07,2026-08-24,17.045859000684462,True,0.3388930899999991,0.21146450000000527,Oregon
huc8_only,3,6.0,6.0,huc8_03150202,mixed,03,0315,03150202,5,6,"02423130,02423160,02423380,02423397,02423496",2011-08-08,2026-07-20,14.948665297741274,True,0.2530483399999994,0.23500340000001074,Alabama
huc8_only,3,6.0,6.0,huc8_17060208,mixed,17,1706,17060208,5,5,"13310800,13310850,13311000,13311250,13311450",2012-04-29,2026-06-30,14.168377823408624,True,0.04683299999999946,0.03455499999999745,Idaho
huc8_only,3,6.0,6.0,huc8_03160111,mixed,03,0316,03160111,5,5,"02455980,02457595,02458148,02458450,02458502",2014-07-26,2026-08-24,12.07939767282683,True,0.19356462999999735,0.19500190000000828,Alabama
huc8_only,3,6.0,6.0,huc8_05110001,mixed,05,0511,05110001,5,5,"03306000,03306500,03307000,03309000,03311500",2003-07-12,2014-11-30,11.38672142368241,True,0.128193330000002,0.9139020000000073,Kentucky
huc8_only,3,6.0,6.0,huc8_05020005,mixed,05,0502,05020005,5,5,"03072000,03072655,03073000,03075070,03085000",2013-09-30,2024-11-26,11.156741957563312,True,0.6318869899999981,0.21446369999999604,Pennsylvania
huc8_only,3,6.0,6.0,huc8_05030102,mixed,05,0503,05030102,5,5,"03094704,03102850,03102950,03103500,03104490",2017-04-27,2026-08-24,9.325119780971937,True,0.4649166699999938,0.3828332999999873,"Ohio,Pennsylvania"
huc8_only,3,6.0,6.0,huc8_05120201,mixed,05,0512,05120201,5,6,"03353200,03353415,03353420,03353611,03354000",2018-02-13,2026-08-24,8.525667351129364,True,0.44888336999999723,0.2000065999999947,Indiana
huc8_only,3,6.0,6.0,huc8_03050208,mixed,03,0305,03050208,5,5,"02176585,02176603,02176611,02176635,02176640",1998-11-06,2007-03-20,8.366872005475702,True,0.1238823299999936,0.0455553999999978,South Carolina
huc8_only,3,6.0,6.0,huc8_02030103,mixed,02,0203,02030103,5,8,"01382500,01388000,01389005,01391100,01391500",2001-07-14,2009-09-07,8.150581793292266,True,0.12805554999999913,0.3205555100000055,New Jersey
huc8_only,3,6.0,6.0,huc8_03150104,mixed,03,0315,03150104,5,7,"02388975,02388985,02389150,02394000,02394682",2018-07-25,2026-08-24,8.082135523613964,True,0.3301110999999963,0.8346388000000076,Georgia
huc8_only,3,6.0,6.0,huc8_03100205,mixed,03,0310,03100205,5,5,"02304000,02304510,02304517,023060013,02306028",2017-10-26,2025-11-19,8.06570841889117,True,0.11249145000000027,0.09505290999999261,Florida
huc8_only,3,6.0,6.0,huc8_05100205,mixed,05,0510,05100205,5,5,"03287500,03288180,03289000,03289500,03290500",2018-10-12,2026-07-12,7.748117727583847,True,0.3958094199999991,0.4618748299999993,Kentucky
huc8_only,3,6.0,6.0,huc8_02050305,mixed,02,0205,02050305,5,8,"01570500,0157155010,0157155014,01571778,01571820",1999-11-11,2007-07-10,7.660506502395619,True,0.404796189999999,0.5411017999999927,Pennsylvania
huc8_only,3,6.0,6.0,huc8_02020006,mixed,02,0202,02020006,5,6,"01359139,01359165,0135980207,01362230,01362500",2019-05-03,2026-04-28,6.9869952087611225,True,0.6334166899999971,0.6161111099999914,New York
huc8_only,3,6.0,6.0,huc8_07120004,mixed,07,0712,07120004,5,5,"05536995,05537980,05538010,05538020,05539670",2017-11-17,2024-10-14,6.907597535934292,True,0.22555556000000365,0.15447220000000073,Illinois
huc8_only,3,6.0,6.0,huc8_05060001,mixed,05,0506,05060001,5,5,"03219500,03220510,03228039,03228300,395339083130100",2020-04-23,2026-08-24,6.335386721423682,True,0.5797820000000016,0.3656552000000062,Ohio
huc8_only,3,6.0,6.0,huc8_04130001,mixed,04,0413,04130001,5,5,"04219768,04220045,0422016550,04220223,0422026250",2020-07-09,2026-08-24,6.12457221081451,True,0.16108332999999675,0.9733334000000013,New York
huc8_only,3,6.0,6.0,huc8_18040001,mixed,18,1804,18040001,5,6,"11251000,11261100,11261500,11262900,11273400",2016-10-01,2022-11-08,6.102669404517454,True,0.36279418000000163,1.2518275000000045,California
huc8_only,3,6.0,6.0,huc8_02030105,mixed,02,0203,02030105,5,9,"01397000,01400500,01401000,01402000,01404100",2003-08-28,2009-09-21,6.067077344284736,True,0.2391666600000022,0.35424726000000817,New Jersey
huc8_only,3,6.0,6.0,huc8_02040102,mixed,02,0204,02040102,5,5,"01413500,01417500,01419500,01420500,01421000",2018-09-21,2024-10-06,6.0424366872005475,True,0.24125000000000085,0.5213608899999969,New York
huc8_only,3,6.0,6.0,huc8_17070105,mixed,17,1707,17070105,4,4,"14105700,453712121071200,453845121562000,454249120423500",1996-06-26,2026-08-24,30.16016427104723,True,0.10518011999999999,1.2291883000000041,"Oregon,Washington"
huc8_only,3,6.0,6.0,huc8_04060103,mixed,04,0406,04060103,4,4,"04124000,04124200,04125460,04125550",1996-12-01,2026-08-24,29.727583846680357,True,0.24305230000000222,0.24294559999999876,Michigan
huc8_only,3,6.0,6.0,huc8_03010107,ROANOKE RIVER,03,0301,03010107,4,4,"0208062765,02081022,02081094,0208114150",2000-05-11,2022-01-05,21.65366187542779,True,0.5180555399999989,0.8575000000000017,North Carolina
huc8_only,3,6.0,6.0,huc8_03040207,AIW,03,0304,03040207,4,4,"02110755,02110760,02110770,02110777",2005-10-29,2026-08-25,20.82135523613963,True,0.11083361000000025,0.21084449999999322,South Carolina
huc8_only,3,6.0,6.0,huc8_10020005,mixed,10,1002,10020005,4,4,"06026500,06027600,06035000,06036650",2006-07-01,2026-08-24,20.147843942505133,True,0.28385309999999464,0.7337248000000045,Montana
huc8_only,3,6.0,6.0,huc8_10070002,Yellowstone River,10,1007,10070002,4,4,"06191500,06192500,06195750,06195950",2007-07-13,2026-08-24,19.11567419575633,True,0.7350427900000014,0.8529244000000062,Montana
huc8_only,3,6.0,6.0,huc8_07040006,mixed,07,0704,07040006,4,4,"05382255,05382257,05382267,05382284",2009-08-04,2026-08-24,17.05407255304586,True,0.03333336000000031,0.10777779999999382,Wisconsin
huc8_only,3,6.0,6.0,huc8_08030207,mixed,08,0803,08030207,4,4,"07288000,07288280,07288500,07288650",2010-10-28,2024-10-22,13.984941820670773,True,0.8006641899999991,0.3046199000000058,Mississippi
huc8_only,3,6.0,6.0,huc8_11130206,Wichita Rv,11,1113,11130206,4,4,"07311900,07312100,07312500,07312700",1998-09-30,2011-09-29,12.996577686516085,True,0.35278074000000004,1.0919765999999953,Texas
huc8_only,3,6.0,6.0,huc8_05010007,mixed,05,0501,05010007,4,4,"03041500,03042000,03043810,03044000",2013-09-29,2026-08-24,12.900752908966462,True,0.05777500000000657,0.3647320000000036,Pennsylvania
huc8_only,3,6.0,6.0,huc8_05010005,mixed,05,0501,05010005,4,4,"03026480,03027500,03028000,03028500",2013-10-01,2026-05-06,12.594113620807667,True,0.15788287000000167,0.16080479000000025,Pennsylvania
huc8_only,3,6.0,6.0,huc8_02070010,mixed,02,0207,02070010,4,5,"01649190,01649500,01654500,01656903",2013-02-08,2025-06-03,12.314852840520192,True,0.21977602999999846,0.5059325000000001,"Maryland,Virginia"
huc8_only,3,6.0,6.0,huc8_17060306,CLEARWATER RIVER,17,1706,17060306,4,4,"13340000,13341050,13342500,13343000",2008-09-30,2021-01-05,12.265571526351813,True,0.06611110999999426,0.7102778000000001,Idaho
huc8_only,3,6.0,6.0,huc8_19020302,mixed,19,1902,19020302,4,5,"15258000,15260001,15261000,15266300",2015-07-21,2026-08-10,11.055441478439425,True,0.057784200000000396,1.269497699999988,Alaska
huc8_only,3,6.0,6.0,huc8_07070005,mixed,07,0707,07070005,4,8,"05406460,05406470,05406491,05406500",1985-01-03,1995-09-29,10.735112936344969,True,0.0238948100000016,0.09182249999999215,Wisconsin
huc8_only,3,6.0,6.0,huc8_14050006,mixed,14,1405,14050006,4,5,"09306007,09306222,09306242,09306255",1975-01-22,1985-09-29,10.685831622176591,True,0.3424815699999968,0.2890835999999979,Colorado
huc8_only,3,6.0,6.0,huc8_05130204,HARPETH RIVER,05,0513,05130204,4,4,"03432100,0343233905,034324146,03433500",2016-10-21,2026-08-24,9.839835728952773,True,0.2219985000000051,0.22962650000000906,Tennessee
huc8_only,3,6.0,6.0,huc8_03100101,mixed,03,0310,03100101,4,4,"02297345,02297350,02297460,02298202",2016-04-07,2025-11-19,9.618069815195073,True,0.10188639000000066,0.07162216999999771,Florida
huc8_only,3,6.0,6.0,huc8_10230006,Missouri River,10,1023,10230006,4,4,"06610000,06610505,410333095530101,412126095565201",2013-04-13,2022-06-24,9.196440793976729,True,0.29811919999999503,0.08527780000000007,"Iowa,Nebraska"
huc8_only,3,6.0,6.0,huc8_16050102,mixed,16,1605,16050102,4,6,"10348000,10348200,10350500,10351600",1989-08-26,1998-09-29,9.092402464065708,True,0.06701780999999585,0.3541811999999993,Nevada
huc8_only,3,6.0,6.0,huc8_10160003,mixed,10,1016,10160003,4,4,"06470500,06470830,06470875,06471000",1985-10-10,1994-09-30,8.971937029431896,True,0.7519449999999992,0.1943428999999952,"North Dakota,South Dakota"
huc8_only,3,6.0,6.0,huc8_03080101,ST. JOHNS RIVER,03,0308,03080101,4,4,"02232400,02234000,02234500,02236000",2007-12-12,2016-09-29,8.799452429842573,True,0.6385898999999995,0.510007299999998,Florida
huc8_only,3,6.0,6.0,huc8_03050103,mixed,03,0305,03050103,4,4,"02145910,02147310,021474095,02147505",2018-04-01,2026-08-24,8.396988364134154,True,0.47530843999999917,0.12628589000000545,South Carolina
huc8_only,3,6.0,6.0,huc8_17110014,mixed,17,1711,17110014,4,4,"12098700,12100490,12101100,12101102",2016-06-08,2024-09-29,8.309377138945928,True,0.10497097000000366,0.2334995999999876,Washington
huc8_only,3,6.0,6.0,huc8_16020102,mixed,16,1602,16020102,4,4,"10133650,10133800,10133980,10141000",2018-09-28,2026-08-24,7.904175222450377,True,0.554438999999995,0.5722427999999979,Utah
huc8_only,3,6.0,6.0,huc8_04020105,mixed,04,0402,04020105,4,5,"04043150,04043238,04043244,04043275",2005-12-03,2013-09-29,7.822039698836414,True,0.09055787999999865,0.476385300000004,Michigan
huc8_only,3,6.0,6.0,huc8_02040105,mixed,02,0204,02040105,4,8,"01455290,01457500,01458500,01460380",2019-04-10,2026-08-24,7.3730321697467485,True,0.3388055300000019,0.3227777799999956,New Jersey
huc8_only,3,6.0,6.0,huc8_05020004,mixed,05,0502,05020004,4,7,"03065050,03065200,03065400,03070420",1994-09-30,2001-09-29,6.997946611909651,True,0.7246896599999957,0.17360569000000226,"Pennsylvania,West Virginia"
huc8_only,3,6.0,6.0,huc8_17010203,mixed,17,1701,17010203,4,4,"12335100,12337800,12338300,12340000",2001-10-26,2008-09-29,6.926762491444216,True,0.08872459999999904,0.741333400000002,Montana
huc8_only,3,6.0,6.0,huc8_02040201,mixed,02,0204,02040201,4,6,"01464040,01464290,01464500,01465500",2020-02-01,2026-08-24,6.5598904859685145,True,0.15305555999999854,0.42072309000000985,"New Jersey,Pennsylvania"
huc8_only,3,6.0,6.0,huc8_18010211,mixed,18,1801,18010211,4,4,"11525500,11525854,11526400,11530000",2020-02-04,2026-08-24,6.551676933607118,True,0.4045458200000027,0.8725167999999996,California
huc8_only,3,6.0,6.0,huc8_18040010,mixed,18,1804,18040010,4,4,"11299997,11302000,11302500,11303000",2016-10-01,2023-04-05,6.507871321013004,True,0.14641398999999922,0.5052515,California
huc8_only,3,6.0,6.0,huc8_02020004,mixed,02,0202,02020004,4,6,"01342732,0135403025,01354330,01355475",2019-05-17,2025-10-28,6.450376454483231,True,0.1917361100000008,1.141221999999999,New York
huc8_only,3,6.0,6.0,huc8_11010001,mixed,11,1101,11010001,4,5,"07048495,07048550,07049050,07049691",2016-02-03,2022-04-25,6.223134839151267,True,0.3775750000000002,0.28879999999999484,Arkansas
huc8_only,3,6.0,6.0,huc8_18020111,mixed,18,1802,18020111,4,4,"11446220,11446500,11446700,11446980",2016-10-01,2022-12-19,6.2149212867898695,True,0.13739968000000147,0.22392469999999776,California
huc8_only,3,6.0,6.0,huc8_17010204,mixed,17,1701,17010204,4,4,"12340500,12353650,12354000,12354700",1985-08-01,1991-09-29,6.160164271047228,True,0.44518011000000257,1.1905055999999945,Montana
huc8_only,3,6.0,6.0,huc8_07050002,mixed,07,0705,07050002,4,4,"05357206,05357215,05357225,05357245",2015-10-14,2021-11-03,6.056125941136208,True,0.03750000000000142,0.09777780000000291,Wisconsin
huc8_only,3,6.0,6.0,huc8_17100309,APPLEGATE RIVER,17,1710,17100309,3,3,"14362000,14366000,14369500",1985-10-01,2026-08-24,40.8952772073922,True,0.2902697000000032,0.2952918000000011,Oregon
huc8_only,3,6.0,6.0,huc8_14040106,GREEN RIVER,14,1404,14040106,3,3,"09217000,09234500,09261000",1998-09-25,2026-08-24,27.912388774811774,True,1.1076026599999977,0.21382178999999724,"Utah,Wyoming"
huc8_only,3,6.0,6.0,huc8_11010003,White River,11,1101,11010003,3,3,"07053450,07054501,07054527",2000-09-30,2026-08-24,25.897330595482547,True,0.25145200000000045,0.7349053999999882,"Arkansas,Missouri"
huc8_only,3,6.0,6.0,huc8_05130202,mixed,05,0513,05130202,3,3,"03431083,03431091,03431514",2003-09-06,2026-08-24,22.965092402464066,True,0.02502625000000336,0.12923190000000773,Tennessee
huc8_only,3,6.0,6.0,huc8_17090011,CLACKAMAS RIVER,17,1709,17090011,3,3,"14209710,14210000,14211010",2005-04-18,2026-08-24,21.349760438056126,True,0.21222234000000384,0.4211210999999935,Oregon
huc8_only,3,6.0,6.0,huc8_12030203,mixed,12,1203,12030203,3,3,"08067100,08067215,08067252",2003-09-30,2024-10-28,21.078713210130047,True,0.12944129999999987,0.043057300000000964,Texas
huc8_only,3,6.0,6.0,huc8_01080205,mixed,01,0108,01080205,3,4,"01192500,01193050,01193500",1997-04-25,2017-10-18,20.48186173853525,True,0.241386839999997,0.13805831000000524,Connecticut
huc8_only,3,6.0,6.0,huc8_14010003,mixed,14,1401,14010003,3,3,"09064600,09066510,394220106431500",2006-04-29,2026-08-24,20.320328542094455,True,0.15112504999999743,0.32330430000000376,Colorado
huc8_only,3,6.0,6.0,huc8_02040103,mixed,02,0204,02040103,3,3,"01428750,01429000,01431500",2007-08-23,2026-08-24,19.003422313483917,True,0.19832978000000168,0.2038943900000021,Pennsylvania
huc8_only,3,6.0,6.0,huc8_14010005,mixed,14,1401,14010005,3,3,"09085150,09095300,09163500",2006-05-13,2024-08-01,18.220396988364133,True,0.4289235999999974,1.620408850000004,Colorado
huc8_only,3,6.0,6.0,huc8_17110009,mixed,17,1711,17110009,3,3,"12137290,12137800,12138160",2009-09-30,2026-08-24,16.89801505817933,True,0.051944809999994845,0.18861680000000547,Washington
huc8_only,3,6.0,6.0,huc8_12040102,mixed,12,1204,12040102,3,3,"08068275,08068400,08068500",1999-12-10,2015-10-03,15.813826146475018,True,0.0816638300000001,0.20972839999998882,Texas
huc8_only,3,6.0,6.0,huc8_03050106,BROAD RIVER,03,0305,03050106,3,3,"02156500,02160991,02162035",2011-07-02,2026-08-24,15.145790554414784,True,0.5468059999999966,0.34787559999999473,South Carolina
huc8_only,3,6.0,6.0,huc8_04140101,mixed,04,0414,04140101,3,3,"04232034,04232050,0423205010",1995-09-30,2010-09-29,14.99794661190965,True,0.11699970000000093,0.04827779999999393,New York
huc8_only,3,6.0,6.0,huc8_17010104,KOOTENAI RIVER,17,1701,17010104,3,3,"12305000,12309500,12322000",2011-09-30,2026-08-24,14.899383983572895,True,0.37950559000000084,0.45830559999998854,Idaho
huc8_only,3,6.0,6.0,huc8_05010001,mixed,05,0501,05010001,3,3,"03007800,03011020,03012550",2011-09-23,2026-08-13,14.888432580424366,True,0.3381575200000029,0.7191933100000085,"New York,Pennsylvania"
huc8_only,3,6.0,6.0,huc8_09020203,mixed,09,0902,09020203,3,4,"05056000,05057000,05057200",1997-06-12,2011-10-17,14.346338124572211,True,0.576389000000006,0.6886110000000087,North Dakota
huc8_only,3,6.0,6.0,huc8_17040103,mixed,17,1704,17040103,3,3,"13016450,13018300,13018350",2012-05-03,2026-08-24,14.30800821355236,True,0.04862906999999694,0.16747970000000123,Wyoming
huc8_only,3,6.0,6.0,huc8_01070004,mixed,01,0107,01070004,3,3,"01095220,01095375,01095434",2012-05-09,2026-08-24,14.291581108829568,True,0.04627200000000187,0.052778899999992746,Massachusetts
huc8_only,3,6.0,6.0,huc8_06010106,mixed,06,0601,06010106,3,3,"03456991,03460000,03460795",2012-08-01,2026-08-24,14.061601642710473,True,0.26166666000000305,0.2638888000000037,North Carolina
huc8_only,3,6.0,6.0,huc8_02070002,mixed,02,0207,02070002,3,5,"01595800,01596500,01597500",2012-10-01,2026-08-24,13.894592744695414,True,0.12494445000000098,0.022027800000003595,"Maryland,West Virginia"
huc8_only,3,6.0,6.0,huc8_03070101,mixed,03,0307,03070101,3,3,"02217274,02217643,02218565",2012-11-28,2026-08-25,13.738535249828884,True,0.15178051999999553,0.36907229999999913,Georgia
huc8_only,3,6.0,6.0,huc8_17010302,mixed,17,1701,17010302,3,4,"12413360,12413370,12413445",2000-03-29,2013-10-29,13.585215605749486,True,0.06784442000000013,0.06652219999999431,Idaho
huc8_only,3,6.0,6.0,huc8_03050112,mixed,03,0305,03050112,3,3,"02171500,02171645,02171905",2013-05-07,2026-08-25,13.300479123887747,True,0.29944343000000373,0.7871373999999918,South Carolina
huc8_only,3,6.0,6.0,huc8_11020001,ARKANSAS RIVER,11,1102,11020001,3,3,"07086000,07091200,07094500",1993-10-07,2006-09-29,12.97741273100616,True,0.5555491599999982,0.892799299999993,Colorado
huc8_only,3,6.0,6.0,huc8_17070101,COLUMBIA RIVER,17,1707,17070101,3,3,"14019220,14019240,454314120413701",2009-09-30,2022-09-05,12.930869267624914,True,0.2208412000000024,1.4017094999999955,Washington
huc8_only,3,6.0,6.0,huc8_05100101,mixed,05,0510,05100101,3,5,"03249500,03254480,03254550",2000-12-02,2013-09-29,12.824093086926762,True,0.8651961099999994,0.9984235999999953,Kentucky
huc8_only,3,6.0,6.0,huc8_13060011,mixed,13,1306,13060011,3,4,"08405200,08406500,08407500",2012-10-01,2024-11-25,12.150581793292266,True,0.33408332999999857,0.19109720000000152,New Mexico
huc8_only,3,6.0,6.0,huc8_02070008,mixed,02,0207,02070008,3,3,"01646000,01646305,01646500",2007-11-30,2019-09-30,11.832991101984941,True,0.02616568000000541,0.11817550000000665,"Maryland,Virginia"
huc8_only,3,6.0,6.0,huc8_05040005,mixed,05,0504,05040005,3,3,"03140853,03140900,03140950",2015-06-29,2026-08-24,11.154004106776181,True,0.048611110000003066,0.009166700000008632,Ohio
huc8_only,3,6.0,6.0,huc8_17090009,mixed,17,1709,17090009,3,3,"14200400,14201300,14202000",1993-08-07,2004-09-30,11.148528405201917,True,0.27760019000000113,0.1933159900000021,Oregon
huc8_only,3,6.0,6.0,huc8_02050104,mixed,02,0205,02050104,3,3,"01516350,01518700,01520000",2015-10-01,2026-08-24,10.896646132785763,True,0.19972218000000197,0.0597266999999988,Pennsylvania
huc8_only,3,6.0,6.0,huc8_12040101,mixed,12,1204,12040101,3,3,"08068000,08069500,295524095072701",2014-02-06,2024-11-13,10.767967145790555,True,0.3209634500000007,0.33287010000000805,Texas
huc8_only,3,6.0,6.0,huc8_07100006,mixed,07,0710,07100006,3,3,"05482300,05482500,05484500",2012-03-14,2022-07-14,10.33264887063655,True,0.820527779999999,1.041249999999991,Iowa
huc8_only,3,6.0,6.0,huc8_12030105,Trinity Rv,12,1203,12030105,3,4,"08057000,08057410,08062500",2015-02-12,2025-03-11,10.075290896646132,True,0.34832182000000245,0.35890489999999886,Texas
huc8_only,3,6.0,6.0,huc8_17110006,SAUK RIVER,17,1711,17110006,3,3,"12186000,12187500,12189500",2016-10-01,2026-08-24,9.894592744695414,True,0.2558666399999936,0.11391679999999837,Washington
huc8_only,3,6.0,6.0,huc8_15030108,mixed,15,1503,15030108,3,3,"09522005,09534000,09534550",2017-01-26,2026-08-23,9.571526351813826,True,0.22527775999999733,0.06744449999999347,Arizona
huc8_only,3,6.0,6.0,huc8_14020004,mixed,14,1402,14020004,3,4,"09132095,09136100,385553107243301",2015-04-10,2024-10-22,9.535934291581109,True,0.15205552999999838,0.4750834000000026,Colorado
huc8_only,3,6.0,6.0,huc8_03110203,WITHLACOOCHEE RIVER,03,0311,03110203,3,3,"02318500,02319000,02319394",2017-02-28,2026-08-24,9.483915126625599,True,0.38281120999999985,0.27330460999999673,"Florida,Georgia"
huc8_only,3,6.0,6.0,huc8_10170101,mixed,10,1017,10170101,3,3,"06466700,06467500,06478522",2015-03-27,2024-08-27,9.42094455852156,True,0.10112488999999414,0.712488890000003,"Nebraska,South Dakota"
huc8_only,3,6.0,6.0,huc8_05020001,mixed,05,0502,05020001,3,3,"03054500,03056000,03057000",2011-10-01,2020-10-27,9.073237508555783,True,0.2847111499999997,0.10750099999999918,West Virginia
huc8_only,3,6.0,6.0,huc8_08090301,mixed,08,0809,08090301,3,4,"073802516,292859090004000,295501090190400",2008-09-30,2017-10-23,9.062286105407255,True,0.6441111100000008,0.3709721999999971,Louisiana
huc8_only,3,6.0,6.0,huc8_03110205,SUWANNEE RIVER,03,0311,03110205,3,3,"02319800,02320500,02323592",2017-03-03,2025-12-03,8.752908966461328,True,0.9053164599999981,0.3220942000000093,Florida
huc8_only,3,6.0,6.0,huc8_03150105,mixed,03,0315,03150105,3,3,"02397000,02397530,02400100",2017-12-02,2026-08-24,8.725530458590006,True,0.13684607999999798,0.35771203000000185,"Alabama,Georgia"
huc8_only,3,6.0,6.0,huc8_03100204,ALAFIA RIVER,03,0310,03100204,3,3,"02301500,02301718,02301721",2018-01-18,2026-08-24,8.596851471594798,True,0.012500610000000023,0.17305899999999497,Florida
huc8_only,3,6.0,6.0,huc8_11010014,mixed,11,1101,11010014,3,3,"07075250,07075270,07076000",2010-08-17,2019-01-28,8.449007529089664,True,0.05250000000000199,0.7104445000000084,Arkansas
huc8_only,3,6.0,6.0,huc8_14050007,mixed,14,1405,14050007,3,4,"09306395,09306500,09306900",1977-04-15,1985-09-01,8.380561259411362,True,0.08610780999999434,0.5550240999999971,Utah
huc8_only,3,6.0,6.0,huc8_08080101,mixed,08,0808,08080101,3,3,"294736091164200,295011091184300,295447091191500",2007-06-26,2015-11-03,8.355920602327172,True,0.1197222300000007,0.04250000000000398,Louisiana
huc8_only,3,6.0,6.0,huc8_19020301,mixed,19,1902,19020301,3,3,"15238986,15239070,15239900",2018-04-21,2026-08-24,8.342231348391513,True,0.054459690000001615,0.8702906999999982,Alaska
huc8_only,3,6.0,6.0,huc8_11030012,mixed,11,1103,11030012,3,3,"07143672,07144100,375350097262800",2011-04-05,2019-05-15,8.109514031485284,True,0.1454631699999993,0.1160552999999993,Kansas
huc8_only,3,6.0,6.0,huc8_17020008,mixed,17,1702,17020008,3,3,"12447390,12448000,12450480",2013-10-23,2021-08-26,7.841204654346338,True,0.7715681399999994,0.25991779999999665,Washington
huc8_only,3,6.0,6.0,huc8_02040301,mixed,02,0204,02040301,3,3,"01408000,01408029,01408500",2006-12-29,2014-09-30,7.753593429158111,True,0.17499999999999716,0.10111107999999547,New Jersey
huc8_only,3,6.0,6.0,huc8_17020006,mixed,17,1702,17020006,3,5,"12438900,12445000,12447200",2007-02-07,2014-10-08,7.665982203969883,True,0.6886279999999942,0.2988859000000019,Washington
huc8_only,3,6.0,6.0,huc8_02070009,mixed,02,0207,02070009,3,3,"01640975,01642198,01642199",2017-10-12,2025-03-30,7.4633812457221085,True,0.20566663000000318,0.025500000000008072,Maryland
huc8_only,3,6.0,6.0,huc8_10270104,mixed,10,1027,10270104,3,4,"06891260,06892513,06892518",2016-07-30,2024-01-12,7.452429842573579,True,0.15416665999999424,0.8050000000000068,Kansas
huc8_only,3,6.0,6.0,huc8_10100004,mixed,10,1010,10100004,3,3,"06329500,06329595,06329597",2007-06-12,2014-11-11,7.416837782340862,True,0.17343939000000574,0.41798919999999384,"Montana,North Dakota"
huc8_only,3,6.0,6.0,huc8_17040212,mixed,17,1704,17040212,3,3,"13090000,13092747,13094000",1997-06-08,2004-09-30,7.312799452429843,True,0.10333330000000274,0.3519443999999936,Idaho
huc8_only,3,6.0,6.0,huc8_19020505,mixed,19,1902,19020505,3,5,"15292800,15293200,15294005",2011-09-30,2018-10-17,7.047227926078029,True,0.3239288999999985,0.1869448999999861,Alaska
huc8_only,3,6.0,6.0,huc8_11110103,mixed,11,1111,11110103,3,4,"071948095,07194880,07198000",2015-06-16,2022-06-21,7.014373716632443,True,0.7083081000000035,0.9062847000000005,"Arkansas,Oklahoma"
huc8_only,3,6.0,6.0,huc8_02040207,mixed,02,0204,02040207,3,3,"01484080,01484100,01484272",2019-09-19,2026-08-24,6.929500342231348,True,0.21950000000000358,0.2619722199999899,Delaware
huc8_only,3,6.0,6.0,huc8_07010206,mixed,07,0701,07010206,3,6,"05288550,05331000,05331560",1980-04-24,1986-11-30,6.6009582477754964,True,0.2994433000000001,0.2650103999999942,Minnesota
huc8_only,3,6.0,6.0,huc8_04030204,mixed,04,0403,04030204,3,4,"04072150,04084445,04085119",2002-05-18,2008-09-29,6.368240930869268,True,0.2853333300000003,0.48295620000000383,Wisconsin
huc8_only,3,6.0,6.0,huc8_05010003,mixed,05,0501,05010003,3,3,"03017500,03020000,03025500",2012-08-21,2018-09-30,6.108145106091718,True,0.2125032900000008,0.7702929999999952,Pennsylvania
huc8_only,3,6.0,6.0,huc8_10200202,mixed,10,1020,10200202,3,3,"06796500,06796550,410536096194801",2016-09-09,2022-10-02,6.061601642710472,True,0.22663889999999753,0.07372230000000002,Nebraska
name_huc2,3,6.0,6.0,missouri_river_huc10,Missouri River,10,1023,10230006,18,21,"06054500,06066500,06115200,06177000,06330000,06342500,06467500,06486000,06610000,06610505,06807000,06813500,06818000,06893060,06906500,06934500,410333095530101,412126095565201",2013-04-13,2022-06-24,9.196440793976729,True,9.398250439999998,20.572166699999997,"Iowa,Missouri,Montana,Nebraska,North Dakota,South Dakota"
name_huc2,3,6.0,6.0,snake_river_huc17,SNAKE RIVER,17,1704,17040104,13,16,"13013650,13032500,13069500,13094000,13154500,13172500,13213100,13269000,13317660,13334300,13343860,13352600,13353010",2009-09-30,2015-10-13,6.034223134839151,True,3.9172188999999946,8.224650200000013,"Idaho,Washington,Wyoming"
name_huc2,3,6.0,6.0,delaware_river_huc02,DELAWARE RIVER,02,0204,02040105,12,16,"01427207,01427510,01432160,01432805,01434000,01438500,01457500,01458500,01464040,014670261,01474703,01477050",2019-10-03,2026-08-24,6.891170431211499,True,2.0304984400000023,0.6691630999999916,"New Jersey,Pennsylvania"
name_huc2,3,6.0,6.0,columbia_river_huc17,COLUMBIA RIVER,17,1707,17070105,9,12,"12438000,12514400,14019220,14019240,14105700,453712121071200,453845121562000,453845121564001,454314120413701",2013-07-24,2022-09-05,9.117043121149898,True,2.3982555199999993,2.8292373000000026,"Oregon,Washington"
name_huc2,3,6.0,6.0,au_sable_river_huc04,AU SABLE RIVER,04,0407,04070007,8,8,"04136000,04136500,04136900,04137005,04137020,04137025,04137030,04137500",1996-10-01,2026-08-17,29.87542778918549,True,0.24055483000000066,0.858653700000005,Michigan
name_huc2,3,6.0,6.0,arkansas_river_huc11,ARKANSAS RIVER,11,1102,11020001,8,10,"07086000,07096000,07097000,07099400,07109500,07119700,07120500,07164500",2012-03-13,2023-09-30,11.548254620123203,True,2.9021230900000035,10.2594687,"Colorado,Oklahoma"
name_huc2,3,6.0,6.0,colorado_river_huc14,COLORADO RIVER,14,1407,14070006,8,9,"09010500,09034250,09058000,09060799,09070500,09163500,09180500,09380000",2016-10-21,2026-08-24,9.839835728952773,True,3.461499670000002,5.731761219999996,"Arizona,Colorado,Utah"
name_huc2,3,6.0,6.0,chattahoochee_river_huc03,CHATTAHOOCHEE RIVER,03,0313,03130001,7,8,"02330450,02334430,02335000,02335450,02335815,02336000,02337170",2004-01-29,2022-06-05,18.349075975359344,True,1.0443055300000026,0.944361100000009,Georgia
name_huc2,3,6.0,6.0,rogue_river_huc17,ROGUE RIVER,17,1710,17100307,7,8,"14330000,14335075,14337600,14338100,14339000,14361500,14372300",1988-03-16,2000-09-30,12.542094455852157,True,0.29917580000000044,1.545852999999994,Oregon
name_huc2,3,6.0,6.0,cedar_river_huc17,CEDAR RIVER,17,1711,17110012,7,7,"12114500,12115000,12116400,12116500,12117500,12117600,12119000",2018-10-13,2026-08-24,7.863107460643395,True,0.1405758399999968,0.6544858999999974,Washington
name_huc2,3,6.0,6.0,clark_fork_huc17,Clark Fork,17,1701,17010201,7,8,"12323800,12324200,12324680,12334550,12340500,12353650,12354700",1991-10-08,1998-09-30,6.978781656399726,True,1.1137023300000024,2.147461100000001,Montana
name_huc2,3,6.0,6.0,allegheny_river_huc05,Allegheny River,05,0501,05010001,7,8,"03007800,03011020,03012550,03025500,03039035,03039036,03039041",2011-09-23,2017-11-30,6.187542778918549,True,1.471277740000005,1.527540909999999,"New York,Pennsylvania"
name_huc2,3,6.0,6.0,yellowstone_river_huc10,Yellowstone River,10,1007,10070002,6,6,"06191500,06192500,06195750,06195950,06214500,06329500",2007-07-13,2026-08-24,19.11567419575633,True,2.5652944899999994,6.638255600000008,Montana
name_huc2,3,6.0,6.0,rio_grande_huc13,RIO GRANDE,13,1302,13020101,6,6,"08313000,08317400,08329918,08363510,08364000,08375300",2011-09-06,2026-03-17,14.52703627652293,True,6.688666999999999,3.9455659999999995,"New Mexico,Texas"
name_huc2,3,6.0,6.0,mahoning_river_huc05,Mahoning River,05,0503,05030103,6,7,"03086500,03090500,03091500,03094000,03098600,03099500",2010-11-20,2024-05-26,13.514031485284052,True,0.3063872000000032,0.5583598000000052,Ohio
name_huc2,3,6.0,6.0,willamette_river_huc17,WILLAMETTE RIVER,17,1709,17090003,6,6,"14158100,14166000,14174000,14192015,14197900,14211720",2010-11-10,2022-10-04,11.898699520876113,True,1.4258333299999961,0.5045368999999909,Oregon
name_huc2,3,6.0,6.0,trinity_rv_huc12,Trinity Rv,12,1203,12030105,6,7,"08057000,08057410,08062500,08065350,08067100,08067252",2015-02-12,2024-10-03,9.639972621492129,True,2.9624083,2.090637700000002,Texas
name_huc2,3,6.0,6.0,white_river_huc11,White River,11,1101,11010001,6,6,"07048600,07049691,07053450,07054501,07054527,07060500",2017-06-21,2026-08-24,9.174537987679672,True,0.522007539999997,1.9380555000000044,"Arkansas,Missouri"
name_huc2,3,6.0,6.0,savannah_river_huc03,SAVANNAH RIVER,03,0306,03060109,6,7,"02198744,02198920,021989715,021989773,0219897993,02198980",2019-06-04,2026-08-25,7.225188227241615,True,0.3164722200000014,0.25449999999999307,"Georgia,South Carolina"
name_huc2,3,6.0,6.0,animas_river_huc14,ANIMAS RIVER,14,1408,14080104,6,6,"09358000,09359020,09361500,09363500,09364010,09364500",2016-09-15,2023-10-03,7.047227926078029,True,1.0886055600000049,0.5425045799999992,"Colorado,New Mexico"
name_huc2,3,6.0,6.0,roanoke_river_huc03,ROANOKE RIVER,03,0301,03010107,5,6,"02079500,0208062765,02081022,02081094,0208114150",2003-12-10,2021-10-24,17.872689938398356,True,0.7901426799999953,1.5749965199999991,"North Carolina,Virginia"
name_huc2,3,6.0,6.0,madison_river_huc10,Madison River,10,1002,10020007,5,5,"06037500,06038500,06038800,06040000,06041000",2011-03-16,2026-08-24,15.441478439425051,True,0.8331587999999996,0.683669100000003,Montana
name_huc2,3,6.0,6.0,waccamaw_river_huc03,WACCAMAW RIVER,03,0304,03040206,5,5,"02110500,02110550,02110704,02110802,021108125",2013-06-22,2026-08-25,13.174537987679672,True,0.40611466000000007,0.4119692000000015,South Carolina
name_huc2,3,6.0,6.0,san_juan_river_huc14,SAN JUAN RIVER,14,1408,14080201,5,5,"09355500,09365000,09368000,09371010,09379500",2014-03-11,2026-08-24,12.454483230663929,True,0.4276611100000025,2.168049999999994,"Colorado,New Mexico,Utah"
name_huc2,3,6.0,6.0,big_hole_river_huc10,Big Hole River,10,1002,10020004,5,5,"06024450,06024580,06025250,06025500,06026210",2014-07-01,2026-08-24,12.147843942505133,True,0.4107276000000013,0.9008500000000055,Montana
name_huc2,3,6.0,6.0,kankakee_river_huc07,KANKAKEE RIVER,07,0712,07120001,5,5,"05515500,05517500,05518000,05527000,05527500",2016-04-09,2026-08-24,10.373716632443532,True,0.20682548999999995,1.4805555000000084,"Illinois,Indiana"
name_huc2,3,6.0,6.0,mckenzie_river_huc17,MCKENZIE RIVER,17,1709,17090004,5,5,"14158500,14158740,14159110,14162500,14163900",2017-07-20,2026-08-24,9.095140314852841,True,0.2911052999999981,0.7755702000000042,Oregon
name_huc2,3,6.0,6.0,truckee_rv_huc16,TRUCKEE RV,16,1605,16050102,5,6,"10348000,10348200,10350500,10351650,10351700",1989-08-26,1998-09-29,9.092402464065708,True,0.2597555299999996,0.512242999999998,Nevada
name_huc2,3,6.0,6.0,catawba_river_huc03,CATAWBA RIVER,03,0305,03050101,5,5,"02141500,0214196125,0214244102,02145910,02147310",2018-04-01,2026-08-24,8.396988364134154,True,1.2238412000000025,0.5400995999999907,"North Carolina,South Carolina"
name_huc2,3,6.0,6.0,klamath_river_huc18,KLAMATH RIVER,18,1801,18010204,5,6,"11509370,420853121505500,420853121505501,421209121463000,421209121463001",2003-06-05,2010-11-30,7.488021902806297,True,0.07461701999999804,0.1538769000000002,Oregon
name_huc2,3,6.0,6.0,white_river_huc14,WHITE RIVER,14,1405,14050005,5,5,"09304200,09304800,09306395,09306500,09306900",1978-07-17,1985-09-01,7.12662559890486,True,0.08610780999999434,1.810310880000003,"Colorado,Utah"
name_huc2,3,6.0,6.0,red_river_of_the_north_huc09,RED RIVER OF THE NORTH,09,0902,09020104,5,6,"05051522,05054000,05062130,05064500,05082500",2019-10-02,2026-08-24,6.893908281998631,True,1.2672219999999967,0.24555600000000766,North Dakota
name_huc2,3,6.0,6.0,alameda_c_huc18,ALAMEDA C,18,1805,18050004,5,5,"11172945,11172955,11173510,11173575,11179000",2016-10-18,2023-07-04,6.707734428473648,True,0.08968369999999481,0.18718760000000145,California
name_huc2,3,6.0,6.0,santa_fe_river_huc03,SANTA FE RIVER,03,0311,03110206,5,5,"02321500,02321958,02321975,02322500,02322800",2020-01-10,2026-08-24,6.620123203285421,True,0.07305961000000138,0.4341787000000039,Florida
name_huc2,3,6.0,6.0,hudson_river_huc02,HUDSON RIVER,02,0202,02020006,5,5,"01359139,01359165,0135980207,01376307,01376520",2019-07-31,2025-11-30,6.335386721423682,True,1.9263611099999949,0.2681110999999987,New York
name_huc2,3,6.0,6.0,muskegon_river_huc04,MUSKEGON RIVER,04,0406,04060102,4,4,"04121650,04121660,04121680,04121970",1998-10-21,2026-08-24,27.84120465434634,True,0.2588884200000052,0.19777969999999812,Michigan
name_huc2,3,6.0,6.0,reedy_creek_huc03,REEDY CREEK,03,0309,03090101,4,4,"02266298,02266300,02266320,02266495",1985-01-24,2001-05-11,16.292950034223136,True,0.07277493000000135,0.03722270000000094,Florida
name_huc2,3,6.0,6.0,cahaba_river_huc03,CAHABA RIVER,03,0315,03150202,4,4,"02423130,02423160,02423380,02423496",2011-08-08,2026-07-20,14.948665297741274,True,0.2530483399999994,0.23500340000001074,Alabama
name_huc2,3,6.0,6.0,youghiogheny_river_huc05,Youghiogheny River,05,0502,05020006,4,4,"03076500,03077500,03081000,03083500",2012-10-01,2026-08-24,13.894592744695414,True,0.5866110999999989,0.4424925000000002,"Maryland,Pennsylvania"
name_huc2,3,6.0,6.0,green_river_huc05,GREEN RIVER,05,0511,05110001,4,5,"03306000,03306500,03309000,03321500",2013-08-10,2026-08-24,13.037645448323067,True,0.6783289500000009,2.0625446000000096,Kentucky
name_huc2,3,6.0,6.0,wichita_rv_huc11,Wichita Rv,11,1113,11130206,4,4,"07311900,07312100,07312500,07312700",1998-09-30,2011-09-29,12.996577686516085,True,0.35278074000000004,1.0919765999999953,Texas
name_huc2,3,6.0,6.0,clearwater_river_huc17,CLEARWATER RIVER,17,1706,17060306,4,4,"13340000,13341050,13342500,13343000",2008-09-30,2021-01-05,12.265571526351813,True,0.06611110999999426,0.7102778000000001,Idaho
name_huc2,3,6.0,6.0,cooper_r_huc03,COOPER R,03,0305,03050201,4,4,"02172050,02172053,021720677,0217206935",2016-07-01,2026-08-25,10.149212867898699,True,0.20197223000000264,0.04000329999999508,South Carolina
name_huc2,3,6.0,6.0,harpeth_river_huc05,HARPETH RIVER,05,0513,05130204,4,4,"03432100,0343233905,034324146,03433500",2016-10-21,2026-08-24,9.839835728952773,True,0.2219985000000051,0.22962650000000906,Tennessee
name_huc2,3,6.0,6.0,james_river_huc10,JAMES RIVER,10,1016,10160003,4,5,"06470500,06470830,06471000,06478500",1985-10-10,1994-09-30,8.971937029431896,True,3.1697229999999976,0.6747220000000027,"North Dakota,South Dakota"
name_huc2,3,6.0,6.0,st_johns_river_huc03,ST. JOHNS RIVER,03,0308,03080101,4,7,"02232400,02234000,02234500,02236000",2007-12-12,2016-09-29,8.799452429842573,True,0.6385898999999995,0.510007299999998,Florida
name_huc2,3,6.0,6.0,suwannee_river_huc03,SUWANNEE RIVER,03,0311,03110201,4,4,"02315550,02319800,02320500,02323592",2017-04-14,2025-12-03,8.63791923340178,True,1.0535932599999995,0.3220942000000093,Florida
name_huc2,3,6.0,6.0,fox_river_huc04,FOX RIVER,04,0403,04030201,4,4,"04073500,04082400,04084445,040851385",2018-10-09,2026-08-24,7.874058863791923,True,0.5598610999999991,0.9403059999999925,Wisconsin
name_huc2,3,6.0,6.0,west_branch_delaware_river_huc02,WEST BRANCH DELAWARE RIVER,02,0204,02040101,4,4,"01423000,01425000,01426500,01427000",2018-10-19,2026-08-24,7.846680355920602,True,0.21394443000000507,0.2557778200000058,New York
name_huc2,3,6.0,6.0,tualatin_river_huc17,TUALATIN RIVER,17,1709,17090010,4,4,"14203500,14206241,14206694,14207200",2019-04-19,2026-08-24,7.34839151266256,True,0.14388012000000572,0.43918030000000385,Oregon
name_huc2,3,6.0,6.0,muddy_creek_huc14,MUDDY CREEK,14,1401,14010001,4,4,"09041090,09258050,09258980,385903107210800",2013-04-25,2020-08-02,7.271731690622861,True,2.489972200000004,1.20969190000001,"Colorado,Wyoming"
name_huc2,3,6.0,6.0,neversink_river_huc02,NEVERSINK RIVER,02,0204,02040104,4,4,"01435000,01436000,01436690,01437500",2019-07-13,2026-08-24,7.115674195756331,True,0.44866666000000066,0.0457221799999985,New York
name_huc2,3,6.0,6.0,san_joaquin_r_huc18,SAN JOAQUIN R,18,1804,18040001,4,4,"11251000,11273400,11274550,11303500",2016-10-01,2023-05-10,6.6036960985626285,True,0.6916185199999987,1.5419782999999967,California
name_huc2,3,6.0,6.0,french_broad_river_huc06,FRENCH BROAD RIVER,06,0601,06010105,4,4,"03447687,03448050,03451200,03451500",2019-05-23,2025-11-18,6.491444216290212,True,0.17972222000000215,0.02555560000000412,North Carolina
name_huc2,3,6.0,6.0,green_river_huc14,GREEN RIVER,14,1404,14040106,4,4,"09211200,09217000,09234500,09261000",2020-05-06,2026-08-24,6.299794661190965,True,1.612252760000004,0.8145694899999967,"Utah,Wyoming"
name_huc2,3,6.0,6.0,tuolumne_r_huc18,TUOLUMNE R,18,1804,18040009,4,4,"11276500,11276600,11276900,11289650",2016-10-01,2022-10-25,6.064339493497604,True,0.2711113099999949,0.6439023000000077,California
name_huc2,3,6.0,6.0,applegate_river_huc17,APPLEGATE RIVER,17,1710,17100309,3,3,"14362000,14366000,14369500",1985-10-01,2026-08-24,40.8952772073922,True,0.2902697000000032,0.2952918000000011,Oregon
name_huc2,3,6.0,6.0,middle_fork_willamette_river_huc17,MIDDLE FORK WILLAMETTE RIVER,17,1709,17090001,3,3,"14144800,14150000,14152000",1985-10-02,2025-11-30,40.16153319644079,True,0.3963929900000025,0.4483651999999978,Oregon
name_huc2,3,6.0,6.0,south_santiam_river_huc17,SOUTH SANTIAM RIVER,17,1709,17090006,3,3,"14185000,14187200,14187500",1986-10-01,2026-08-24,39.89596167008898,True,0.10666415000000029,0.32583970000000306,Oregon
name_huc2,3,6.0,6.0,fountain_creek_huc11,FOUNTAIN CREEK,11,1102,11020003,3,3,"07105800,07106000,07106500",1994-10-01,2026-08-24,31.89596167008898,True,0.4416639000000018,0.1322480999999982,Colorado
name_huc2,3,6.0,6.0,saluda_river_huc03,SALUDA RIVER,03,0305,03050109,3,3,"02163001,02168504,02169000",1996-09-30,2026-08-24,29.897330595482547,True,0.6000754000000015,1.3558003000000127,South Carolina
name_huc2,3,6.0,6.0,manistee_river_huc04,MANISTEE RIVER,04,0406,04060103,3,3,"04124000,04124200,04125550",1996-12-01,2026-08-24,29.727583846680357,True,0.17694780000000065,0.24294559999999876,Michigan
name_huc2,3,6.0,6.0,johnson_creek_huc17,JOHNSON CREEK,17,1709,17090012,3,3,"14211400,14211500,14211550",1999-01-20,2026-08-24,27.592060232717316,True,0.0334362999999982,0.22131629999999802,Oregon
name_huc2,3,6.0,6.0,flathead_river_huc17,Flathead River,17,1701,17010208,3,3,"12363000,12372000,12388700",1999-07-21,2026-08-24,27.093771389459274,True,0.9950194299999993,0.40004999999999313,Montana
name_huc2,3,6.0,6.0,skagit_river_huc17,SKAGIT RIVER,17,1711,17110005,3,3,"12178000,12181000,12200500",2001-09-30,2026-08-24,24.89801505817933,True,0.2269644900000003,1.0892021000000085,Washington
name_huc2,3,6.0,6.0,link_river_huc18,LINK RIVER,18,1801,18010204,3,3,"11507500,11507501,421401121480900",2003-09-30,2026-08-19,22.885694729637233,True,0.014299699999995141,0.012218399999994745,Oregon
name_huc2,3,6.0,6.0,rock_creek_huc17,ROCK CREEK,17,1704,17040212,3,3,"12334510,13092747,453030122560101",2004-05-20,2026-08-24,22.261464750171115,True,4.1598361,9.250439,"Idaho,Montana,Oregon"
name_huc2,3,6.0,6.0,sheyenne_r_huc09,SHEYENNE R,09,0902,09020202,3,3,"05055300,05055400,05059300",2005-04-09,2026-08-24,21.374401095140314,True,1.1613889999999998,2.488611999999989,North Dakota
name_huc2,3,6.0,6.0,clackamas_river_huc17,CLACKAMAS RIVER,17,1709,17090011,3,3,"14209710,14210000,14211010",2005-04-18,2026-08-24,21.349760438056126,True,0.21222234000000384,0.4211210999999935,Oregon
name_huc2,3,6.0,6.0,jefferson_river_huc10,Jefferson River,10,1002,10020005,3,3,"06026500,06027600,06036650",2006-07-01,2026-08-24,20.147843942505133,True,0.28385309999999464,0.7337248000000045,Montana
name_huc2,3,6.0,6.0,mill_creek_huc05,MILL CREEK,05,0512,05120203,3,3,"03294570,03359000,03431083",2007-09-30,2026-08-24,18.899383983572896,True,3.3235935499999982,1.0347518000000093,"Indiana,Kentucky,Tennessee"
name_huc2,3,6.0,6.0,floyds_fork_huc05,FLOYDS FORK,05,0514,05140102,3,3,"03297900,03298000,03298200",2009-01-10,2026-08-24,17.61806981519507,True,0.20000559999999723,0.09472060000000226,Kentucky
name_huc2,3,6.0,6.0,white_river_huc05,WHITE RIVER,05,0512,05120201,3,3,"03354000,03373980,03374100",2010-12-03,2026-08-24,15.723477070499658,True,1.0077640000000017,1.1494816000000014,Indiana
name_huc2,3,6.0,6.0,broad_river_huc03,BROAD RIVER,03,0305,03050106,3,3,"02156500,02160991,02162035",2011-07-02,2026-08-24,15.145790554414784,True,0.5468059999999966,0.34787559999999473,South Carolina
name_huc2,3,6.0,6.0,deschutes_river_huc17,DESCHUTES RIVER,17,1707,17070301,3,3,"14076500,14092500,14103000",2011-07-29,2026-08-24,15.071868583162217,True,1.1233385000000027,0.4155355000000043,Oregon
name_huc2,3,6.0,6.0,kootenai_river_huc17,KOOTENAI RIVER,17,1701,17010104,3,3,"12305000,12309500,12322000",2011-09-30,2026-08-24,14.899383983572895,True,0.37950559000000084,0.45830559999998854,Idaho
name_huc2,3,6.0,6.0,south_river_huc03,SOUTH RIVER,03,0307,03070103,3,4,"02203603,02203655,02203900",2012-04-05,2026-08-25,14.387405886379192,True,0.018111109999999542,0.1912777999999946,Georgia
name_huc2,3,6.0,6.0,sheyenne_river_huc09,SHEYENNE RIVER,09,0902,09020203,3,3,"05056000,05057000,05058000",1997-06-12,2011-10-17,14.346338124572211,True,0.7716670000000008,0.6886110000000087,North Dakota
name_huc2,3,6.0,6.0,big_sunflower_river_huc08,BIG SUNFLOWER RIVER,08,0803,08030207,3,3,"07288000,07288280,07288500",2010-10-28,2024-10-22,13.984941820670773,True,0.6499751600000039,0.12684210000000462,Mississippi
name_huc2,3,6.0,6.0,nancy_creek_huc03,NANCY CREEK,03,0313,03130001,3,3,"02336340,02336360,02336410",2012-12-06,2026-08-25,13.716632443531827,True,0.059527800000005016,0.09402780000000632,Georgia
name_huc2,3,6.0,6.0,passaic_river_huc02,Passaic River,02,0203,02030103,3,3,"01382000,01389005,01389500",1989-04-01,2002-07-22,13.305954825462011,True,0.012499980000001187,0.04666666999999336,New Jersey
name_huc2,3,6.0,6.0,conemaugh_river_huc05,Conemaugh River,05,0501,05010007,3,3,"03041500,03043810,03044000",2013-09-29,2026-08-24,12.900752908966462,True,0.0483294800000067,0.3647320000000036,Pennsylvania
name_huc2,3,6.0,6.0,elk_creek_huc17,ELK CREEK,17,1710,17100307,3,3,"14337800,14337830,14338000",1986-04-11,1998-09-30,12.470910335386721,True,0.09472219999999965,0.07000030000000379,Oregon
name_huc2,3,6.0,6.0,niobrara_river_huc10,Niobrara River,10,1015,10150002,3,3,"06454100,06461500,06465500",2014-03-26,2026-08-24,12.413415468856947,True,0.4784666799999968,5.569361090000001,Nebraska
name_huc2,3,6.0,6.0,pecos_river_huc13,PECOS RIVER,13,1306,13060011,3,3,"08405200,08406500,08407500",2012-10-01,2024-11-25,12.150581793292266,True,0.33408332999999857,0.19109720000000152,New Mexico
name_huc2,3,6.0,6.0,village_creek_huc03,VILLAGE CREEK,03,0316,03160111,3,3,"02458148,02458450,02458502",2014-07-26,2026-08-24,12.07939767282683,True,0.059400199999998904,0.17222540000000208,Alabama
name_huc2,3,6.0,6.0,walker_rv_huc16,WALKER RV,16,1605,16050303,3,3,"10301500,10302002,10302025",2015-05-13,2026-07-18,11.181382614647502,True,0.3614307199999942,0.3718039000000033,Nevada
name_huc2,3,6.0,6.0,monongahela_river_huc05,Monongahela River,05,0502,05020005,3,3,"03072655,03075070,03085000",2013-09-27,2024-11-26,11.16495550992471,True,0.5661043899999996,0.06472629999998958,Pennsylvania
name_huc2,3,6.0,6.0,back_creek_huc02,BACK CREEK,02,0208,02080201,3,3,"02011460,02011470,02011500",1984-10-01,1995-10-02,11.000684462696784,True,0.17583248999999768,0.12833702000000358,Virginia
name_huc2,3,6.0,6.0,peace_river_huc03,PEACE RIVER,03,0310,03100101,3,3,"02297345,02297350,02297460",2016-04-05,2026-08-24,10.38466803559206,True,0.09910864999999802,0.013009420000003047,Florida
name_huc2,3,6.0,6.0,platte_river_huc10,Platte River,10,1020,10200101,3,3,"06768000,06796500,06796550",2016-04-08,2026-08-24,10.376454483230663,True,0.637427780000003,3.2007501100000013,Nebraska
name_huc2,3,6.0,6.0,catawba_r_huc03,CATAWBA R,03,0305,03050101,3,3,"02137727,02138520,0214264790",2016-06-29,2026-08-25,10.154688569472963,True,0.313516700000001,1.1029360999999938,North Carolina
name_huc2,3,6.0,6.0,sauk_river_huc17,SAUK RIVER,17,1711,17110006,3,3,"12186000,12187500,12189500",2016-10-01,2026-08-24,9.894592744695414,True,0.2558666399999936,0.11391679999999837,Washington
name_huc2,3,6.0,6.0,yellow_river_huc07,YELLOW RIVER,07,0712,07120001,3,4,"05516665,05517000,05517010",2016-12-01,2026-08-24,9.727583846680355,True,0.03527778000000126,0.2708332999999925,Indiana
name_huc2,3,6.0,6.0,yellow_river_huc03,YELLOW RIVER,03,0307,03070103,3,4,"02207120,02207220,02207335",2003-02-14,2012-09-29,9.623545516769337,True,0.1055555599999991,0.12350000000000705,Georgia
name_huc2,3,6.0,6.0,withlacoochee_river_huc03,WITHLACOOCHEE RIVER,03,0311,03110203,3,3,"02318500,02319000,02319394",2017-02-28,2026-08-24,9.483915126625599,True,0.38281120999999985,0.27330460999999673,"Florida,Georgia"
name_huc2,3,6.0,6.0,shenango_river_huc05,Shenango River,05,0503,05030102,3,3,"03102850,03103500,03104490",2017-04-27,2026-08-24,9.325119780971937,True,0.3355274099999974,0.10927808999998945,Pennsylvania
name_huc2,3,6.0,6.0,des_plaines_river_huc07,DES PLAINES RIVER,07,0712,07120004,3,3,"05537980,05538010,05539670",2017-11-17,2026-08-24,8.766598220396988,True,0.1220277600000017,0.13075000000000614,Illinois
name_huc2,3,6.0,6.0,north_santiam_river_huc17,NORTH SANTIAM RIVER,17,1709,17090005,3,4,"14181500,14183000,444728122450000",2001-03-22,2009-12-14,8.731006160164272,True,0.03717778000000038,0.4537545000000023,Oregon
name_huc2,3,6.0,6.0,alafia_river_huc03,ALAFIA RIVER,03,0310,03100204,3,3,"02301500,02301718,02301721",2018-01-18,2026-08-24,8.596851471594798,True,0.012500610000000023,0.17305899999999497,Florida
name_huc2,3,6.0,6.0,beaufort_river_huc03,BEAUFORT RIVER,03,0305,03050208,3,3,"02176603,02176611,02176640",1998-10-30,2007-03-20,8.386036960985626,True,0.07719549999999487,0.006388499999999908,South Carolina
name_huc2,3,6.0,6.0,white_river_huc17,WHITE RIVER,17,1711,17110014,3,3,"12098700,12100490,12101102",2016-06-08,2024-09-29,8.309377138945928,True,0.10497097000000366,0.2334995999999876,Washington
name_huc2,3,6.0,6.0,etowah_river_huc03,ETOWAH RIVER,03,0315,03150104,3,4,"02388975,02389150,02394000",2018-07-25,2026-08-24,8.082135523613964,True,0.24611110000000025,0.7212777000000017,Georgia
name_huc2,3,6.0,6.0,white_clay_creek_huc02,WHITE CLAY CREEK,02,0204,02040205,3,3,"01478245,01478650,01479000",2019-10-01,2026-08-24,6.896646132785763,True,0.05827779999999905,0.09580552000001319,"Delaware,Pennsylvania"
name_huc2,3,6.0,6.0,little_lehigh_creek_huc02,Little Lehigh Creek,02,0204,02040106,3,3,"01451380,01451500,01451650",2019-11-13,2026-08-24,6.778918548939083,True,0.06536739999999952,0.12638349000000915,Pennsylvania
name_huc2,3,6.0,6.0,river_rouge_huc04,RIVER ROUGE,04,0409,04090004,3,3,"04166100,04166500,04168530",2001-04-24,2007-10-31,6.5188227241615335,True,0.14667465000000135,0.09792557999999474,Michigan
name_huc2,3,6.0,6.0,mohawk_river_huc02,MOHAWK RIVER,02,0202,02020004,3,3,"01342732,01354330,01355475",2019-05-17,2025-10-28,6.450376454483231,True,0.1917361100000008,1.141221999999999,New York
name_huc2,3,6.0,6.0,mississippi_river_huc07,MISSISSIPPI RIVER,07,0701,07010201,3,5,"05267000,05288500,05331000",1984-10-01,1990-12-19,6.2149212867898695,True,0.8813255999999967,1.2674658999999906,Minnesota
name_huc2,3,6.0,6.0,kansas_r_huc10,KANSAS R,10,1027,10270102,3,5,"06887500,06889000,06892350",1999-07-21,2005-09-29,6.193018480492813,True,0.2149926400000055,1.3408639000000022,Kansas
name_huc2,3,6.0,6.0,neosho_r_huc11,NEOSHO R,11,1107,11070201,3,3,"07182390,07182510,07183500",2009-08-11,2015-10-20,6.190280629705681,True,1.028012540000006,0.8903000000000105,Kansas
name_huc2,3,6.0,6.0,souris_river_huc09,SOURIS RIVER,09,0901,09010008,3,4,"05116000,05120000,05124000",1973-10-04,1979-11-05,6.0862422997946615,True,0.8366669999999985,0.7758329999999916,North Dakota
name_huc2,3,6.0,6.0,east_branch_delaware_river_huc02,EAST BRANCH DELAWARE RIVER,02,0204,02040102,3,3,"01413500,01417500,01421000",2018-09-21,2024-10-06,6.0424366872005475,True,0.17149977999999777,0.5213608899999969,New York
name_huc4,3,6.0,6.0,delaware_river_huc4_0204,DELAWARE RIVER,02,0204,02040105,12,16,"01427207,01427510,01432160,01432805,01434000,01438500,01457500,01458500,01464040,014670261,01474703,01477050",2019-10-03,2026-08-24,6.891170431211499,True,2.0304984400000023,0.6691630999999916,"New Jersey,Pennsylvania"
name_huc4,3,6.0,6.0,au_sable_river_huc4_0407,AU SABLE RIVER,04,0407,04070007,8,8,"04136000,04136500,04136900,04137005,04137020,04137025,04137030,04137500",1996-10-01,2026-08-17,29.87542778918549,True,0.24055483000000066,0.858653700000005,Michigan
name_huc4,3,6.0,6.0,chattahoochee_river_huc4_0313,CHATTAHOOCHEE RIVER,03,0313,03130001,7,8,"02330450,02334430,02335000,02335450,02335815,02336000,02337170",2004-01-29,2022-06-05,18.349075975359344,True,1.0443055300000026,0.944361100000009,Georgia
name_huc4,3,6.0,6.0,arkansas_river_huc4_1102,ARKANSAS RIVER,11,1102,11020001,7,9,"07086000,07096000,07097000,07099400,07109500,07119700,07120500",2012-03-13,2026-08-24,14.447638603696099,True,0.9774855699999989,2.5797960000000018,Colorado
name_huc4,3,6.0,6.0,rogue_river_huc4_1710,ROGUE RIVER,17,1710,17100307,7,8,"14330000,14335075,14337600,14338100,14339000,14361500,14372300",1988-03-16,2000-09-30,12.542094455852157,True,0.29917580000000044,1.545852999999994,Oregon
name_huc4,3,6.0,6.0,cedar_river_huc4_1711,CEDAR RIVER,17,1711,17110012,7,7,"12114500,12115000,12116400,12116500,12117500,12117600,12119000",2018-10-13,2026-08-24,7.863107460643395,True,0.1405758399999968,0.6544858999999974,Washington
name_huc4,3,6.0,6.0,clark_fork_huc4_1701,Clark Fork,17,1701,17010201,7,8,"12323800,12324200,12324680,12334550,12340500,12353650,12354700",1991-10-08,1998-09-30,6.978781656399726,True,1.1137023300000024,2.147461100000001,Montana
name_huc4,3,6.0,6.0,allegheny_river_huc4_0501,Allegheny River,05,0501,05010001,7,8,"03007800,03011020,03012550,03025500,03039035,03039036,03039041",2011-09-23,2017-11-30,6.187542778918549,True,1.471277740000005,1.527540909999999,"New York,Pennsylvania"
name_huc4,3,6.0,6.0,mahoning_river_huc4_0503,Mahoning River,05,0503,05030103,6,7,"03086500,03090500,03091500,03094000,03098600,03099500",2010-11-20,2024-05-26,13.514031485284052,True,0.3063872000000032,0.5583598000000052,Ohio
name_huc4,3,6.0,6.0,columbia_river_huc4_1707,COLUMBIA RIVER,17,1707,17070105,6,6,"14019220,14019240,14105700,453712121071200,453845121562000,454314120413701",2009-09-30,2022-09-05,12.930869267624914,True,0.33296591999999947,2.6470094000000017,"Oregon,Washington"
name_huc4,3,6.0,6.0,willamette_river_huc4_1709,WILLAMETTE RIVER,17,1709,17090003,6,6,"14158100,14166000,14174000,14192015,14197900,14211720",2010-11-10,2022-10-04,11.898699520876113,True,1.4258333299999961,0.5045368999999909,Oregon
name_huc4,3,6.0,6.0,snake_river_huc4_1704,SNAKE RIVER,17,1704,17040104,6,7,"13013650,13032500,13038500,13057000,13069500,13094000",2005-11-02,2015-09-30,9.908281998631075,True,1.0869444799999997,3.996750000000006,"Idaho,Wyoming"
name_huc4,3,6.0,6.0,colorado_river_huc4_1401,COLORADO RIVER,14,1401,14010001,6,7,"09010500,09034250,09058000,09060799,09070500,09163500",2016-10-21,2026-08-24,9.839835728952773,True,1.1930896000000004,3.1709648500000043,Colorado
name_huc4,3,6.0,6.0,trinity_rv_huc4_1203,Trinity Rv,12,1203,12030105,6,7,"08057000,08057410,08062500,08065350,08067100,08067252",2015-02-12,2024-10-03,9.639972621492129,True,2.9624083,2.090637700000002,Texas
name_huc4,3,6.0,6.0,white_river_huc4_1101,White River,11,1101,11010001,6,6,"07048600,07049691,07053450,07054501,07054527,07060500",2017-06-21,2026-08-24,9.174537987679672,True,0.522007539999997,1.9380555000000044,"Arkansas,Missouri"
name_huc4,3,6.0,6.0,savannah_river_huc4_0306,SAVANNAH RIVER,03,0306,03060109,6,7,"02198744,02198920,021989715,021989773,0219897993,02198980",2019-06-04,2026-08-25,7.225188227241615,True,0.3164722200000014,0.25449999999999307,"Georgia,South Carolina"
name_huc4,3,6.0,6.0,animas_river_huc4_1408,ANIMAS RIVER,14,1408,14080104,6,6,"09358000,09359020,09361500,09363500,09364010,09364500",2016-09-15,2023-10-03,7.047227926078029,True,1.0886055600000049,0.5425045799999992,"Colorado,New Mexico"
name_huc4,3,6.0,6.0,yellowstone_river_huc4_1007,Yellowstone River,10,1007,10070002,5,5,"06191500,06192500,06195750,06195950,06214500",2007-07-13,2026-08-24,19.11567419575633,True,0.7350427900000014,2.3256357000000065,Montana
name_huc4,3,6.0,6.0,roanoke_river_huc4_0301,ROANOKE RIVER,03,0301,03010107,5,6,"02079500,0208062765,02081022,02081094,0208114150",2003-12-10,2021-10-24,17.872689938398356,True,0.7901426799999953,1.5749965199999991,"North Carolina,Virginia"
name_huc4,3,6.0,6.0,madison_river_huc4_1002,Madison River,10,1002,10020007,5,5,"06037500,06038500,06038800,06040000,06041000",2011-03-16,2026-08-24,15.441478439425051,True,0.8331587999999996,0.683669100000003,Montana
name_huc4,3,6.0,6.0,waccamaw_river_huc4_0304,WACCAMAW RIVER,03,0304,03040206,5,5,"02110500,02110550,02110704,02110802,021108125",2013-06-22,2026-08-25,13.174537987679672,True,0.40611466000000007,0.4119692000000015,South Carolina
name_huc4,3,6.0,6.0,snake_river_huc4_1706,SNAKE RIVER,17,1706,17060103,5,5,"13317660,13334300,13343860,13352600,13353010",2009-09-30,2022-10-02,13.00479123887748,True,0.5799966399999974,2.0231780000000015,"Idaho,Washington"
name_huc4,3,6.0,6.0,san_juan_river_huc4_1408,SAN JUAN RIVER,14,1408,14080201,5,5,"09355500,09365000,09368000,09371010,09379500",2014-03-11,2026-08-24,12.454483230663929,True,0.4276611100000025,2.168049999999994,"Colorado,New Mexico,Utah"
name_huc4,3,6.0,6.0,big_hole_river_huc4_1002,Big Hole River,10,1002,10020004,5,5,"06024450,06024580,06025250,06025500,06026210",2014-07-01,2026-08-24,12.147843942505133,True,0.4107276000000013,0.9008500000000055,Montana
name_huc4,3,6.0,6.0,kankakee_river_huc4_0712,KANKAKEE RIVER,07,0712,07120001,5,5,"05515500,05517500,05518000,05527000,05527500",2016-04-09,2026-08-24,10.373716632443532,True,0.20682548999999995,1.4805555000000084,"Illinois,Indiana"
name_huc4,3,6.0,6.0,missouri_river_huc4_1023,Missouri River,10,1023,10230006,5,5,"06486000,06610000,06610505,410333095530101,412126095565201",2013-04-13,2022-06-24,9.196440793976729,True,1.426841439999997,0.5505832999999996,"Iowa,Nebraska"
name_huc4,3,6.0,6.0,mckenzie_river_huc4_1709,MCKENZIE RIVER,17,1709,17090004,5,5,"14158500,14158740,14159110,14162500,14163900",2017-07-20,2026-08-24,9.095140314852841,True,0.2911052999999981,0.7755702000000042,Oregon
name_huc4,3,6.0,6.0,truckee_rv_huc4_1605,TRUCKEE RV,16,1605,16050102,5,6,"10348000,10348200,10350500,10351650,10351700",1989-08-26,1998-09-29,9.092402464065708,True,0.2597555299999996,0.512242999999998,Nevada
name_huc4,3,6.0,6.0,catawba_river_huc4_0305,CATAWBA RIVER,03,0305,03050101,5,5,"02141500,0214196125,0214244102,02145910,02147310",2018-04-01,2026-08-24,8.396988364134154,True,1.2238412000000025,0.5400995999999907,"North Carolina,South Carolina"
name_huc4,3,6.0,6.0,klamath_river_huc4_1801,KLAMATH RIVER,18,1801,18010204,5,6,"11509370,420853121505500,420853121505501,421209121463000,421209121463001",2003-06-05,2010-11-30,7.488021902806297,True,0.07461701999999804,0.1538769000000002,Oregon
name_huc4,3,6.0,6.0,white_river_huc4_1405,WHITE RIVER,14,1405,14050005,5,5,"09304200,09304800,09306395,09306500,09306900",1978-07-17,1985-09-01,7.12662559890486,True,0.08610780999999434,1.810310880000003,"Colorado,Utah"
name_huc4,3,6.0,6.0,red_river_of_the_north_huc4_0902,RED RIVER OF THE NORTH,09,0902,09020104,5,6,"05051522,05054000,05062130,05064500,05082500",2019-10-02,2026-08-24,6.893908281998631,True,1.2672219999999967,0.24555600000000766,North Dakota
name_huc4,3,6.0,6.0,alameda_c_huc4_1805,ALAMEDA C,18,1805,18050004,5,5,"11172945,11172955,11173510,11173575,11179000",2016-10-18,2023-07-04,6.707734428473648,True,0.08968369999999481,0.18718760000000145,California
name_huc4,3,6.0,6.0,santa_fe_river_huc4_0311,SANTA FE RIVER,03,0311,03110206,5,5,"02321500,02321958,02321975,02322500,02322800",2020-01-10,2026-08-24,6.620123203285421,True,0.07305961000000138,0.4341787000000039,Florida
name_huc4,3,6.0,6.0,muskegon_river_huc4_0406,MUSKEGON RIVER,04,0406,04060102,4,4,"04121650,04121660,04121680,04121970",1998-10-21,2026-08-24,27.84120465434634,True,0.2588884200000052,0.19777969999999812,Michigan
name_huc4,3,6.0,6.0,snake_river_huc4_1705,SNAKE RIVER,17,1705,17050101,4,4,"13154500,13172500,13213100,13269000",1999-05-01,2015-10-18,16.465434633812457,True,1.2433333600000012,1.7800000000000011,Idaho
name_huc4,3,6.0,6.0,reedy_creek_huc4_0309,REEDY CREEK,03,0309,03090101,4,4,"02266298,02266300,02266320,02266495",1985-01-24,2001-05-11,16.292950034223136,True,0.07277493000000135,0.03722270000000094,Florida
name_huc4,3,6.0,6.0,cahaba_river_huc4_0315,CAHABA RIVER,03,0315,03150202,4,4,"02423130,02423160,02423380,02423496",2011-08-08,2026-07-20,14.948665297741274,True,0.2530483399999994,0.23500340000001074,Alabama
name_huc4,3,6.0,6.0,youghiogheny_river_huc4_0502,Youghiogheny River,05,0502,05020006,4,4,"03076500,03077500,03081000,03083500",2012-10-01,2026-08-24,13.894592744695414,True,0.5866110999999989,0.4424925000000002,"Maryland,Pennsylvania"
name_huc4,3,6.0,6.0,green_river_huc4_0511,GREEN RIVER,05,0511,05110001,4,5,"03306000,03306500,03309000,03321500",2013-08-10,2026-08-24,13.037645448323067,True,0.6783289500000009,2.0625446000000096,Kentucky
name_huc4,3,6.0,6.0,wichita_rv_huc4_1113,Wichita Rv,11,1113,11130206,4,4,"07311900,07312100,07312500,07312700",1998-09-30,2011-09-29,12.996577686516085,True,0.35278074000000004,1.0919765999999953,Texas
name_huc4,3,6.0,6.0,clearwater_river_huc4_1706,CLEARWATER RIVER,17,1706,17060306,4,4,"13340000,13341050,13342500,13343000",2008-09-30,2021-01-05,12.265571526351813,True,0.06611110999999426,0.7102778000000001,Idaho
name_huc4,3,6.0,6.0,cooper_r_huc4_0305,COOPER R,03,0305,03050201,4,4,"02172050,02172053,021720677,0217206935",2016-07-01,2026-08-25,10.149212867898699,True,0.20197223000000264,0.04000329999999508,South Carolina
name_huc4,3,6.0,6.0,harpeth_river_huc4_0513,HARPETH RIVER,05,0513,05130204,4,4,"03432100,0343233905,034324146,03433500",2016-10-21,2026-08-24,9.839835728952773,True,0.2219985000000051,0.22962650000000906,Tennessee
name_huc4,3,6.0,6.0,james_river_huc4_1016,JAMES RIVER,10,1016,10160003,4,5,"06470500,06470830,06471000,06478500",1985-10-10,1994-09-30,8.971937029431896,True,3.1697229999999976,0.6747220000000027,"North Dakota,South Dakota"
name_huc4,3,6.0,6.0,st_johns_river_huc4_0308,ST. JOHNS RIVER,03,0308,03080101,4,7,"02232400,02234000,02234500,02236000",2007-12-12,2016-09-29,8.799452429842573,True,0.6385898999999995,0.510007299999998,Florida
name_huc4,3,6.0,6.0,suwannee_river_huc4_0311,SUWANNEE RIVER,03,0311,03110201,4,4,"02315550,02319800,02320500,02323592",2017-04-14,2025-12-03,8.63791923340178,True,1.0535932599999995,0.3220942000000093,Florida
name_huc4,3,6.0,6.0,fox_river_huc4_0403,FOX RIVER,04,0403,04030201,4,4,"04073500,04082400,04084445,040851385",2018-10-09,2026-08-24,7.874058863791923,True,0.5598610999999991,0.9403059999999925,Wisconsin
name_huc4,3,6.0,6.0,west_branch_delaware_river_huc4_0204,WEST BRANCH DELAWARE RIVER,02,0204,02040101,4,4,"01423000,01425000,01426500,01427000",2018-10-19,2026-08-24,7.846680355920602,True,0.21394443000000507,0.2557778200000058,New York
name_huc4,3,6.0,6.0,missouri_river_huc4_1030,Missouri River,10,1030,10300101,4,6,"06893060,06906500,06934500,06935550",2016-10-04,2024-02-12,7.356605065023956,True,0.656417900000001,3.654888899999989,Missouri
name_huc4,3,6.0,6.0,tualatin_river_huc4_1709,TUALATIN RIVER,17,1709,17090010,4,4,"14203500,14206241,14206694,14207200",2019-04-19,2026-08-24,7.34839151266256,True,0.14388012000000572,0.43918030000000385,Oregon
name_huc4,3,6.0,6.0,neversink_river_huc4_0204,NEVERSINK RIVER,02,0204,02040104,4,4,"01435000,01436000,01436690,01437500",2019-07-13,2026-08-24,7.115674195756331,True,0.44866666000000066,0.0457221799999985,New York
name_huc4,3,6.0,6.0,san_joaquin_r_huc4_1804,SAN JOAQUIN R,18,1804,18040001,4,4,"11251000,11273400,11274550,11303500",2016-10-01,2023-05-10,6.6036960985626285,True,0.6916185199999987,1.5419782999999967,California
name_huc4,3,6.0,6.0,french_broad_river_huc4_0601,FRENCH BROAD RIVER,06,0601,06010105,4,4,"03447687,03448050,03451200,03451500",2019-05-23,2025-11-18,6.491444216290212,True,0.17972222000000215,0.02555560000000412,North Carolina
name_huc4,3,6.0,6.0,green_river_huc4_1404,GREEN RIVER,14,1404,14040106,4,4,"09211200,09217000,09234500,09261000",2020-05-06,2026-08-24,6.299794661190965,True,1.612252760000004,0.8145694899999967,"Utah,Wyoming"
name_huc4,3,6.0,6.0,tuolumne_r_huc4_1804,TUOLUMNE R,18,1804,18040009,4,4,"11276500,11276600,11276900,11289650",2016-10-01,2022-10-25,6.064339493497604,True,0.2711113099999949,0.6439023000000077,California
name_huc4,3,6.0,6.0,applegate_river_huc4_1710,APPLEGATE RIVER,17,1710,17100309,3,3,"14362000,14366000,14369500",1985-10-01,2026-08-24,40.8952772073922,True,0.2902697000000032,0.2952918000000011,Oregon
name_huc4,3,6.0,6.0,middle_fork_willamette_river_huc4_1709,MIDDLE FORK WILLAMETTE RIVER,17,1709,17090001,3,3,"14144800,14150000,14152000",1985-10-02,2025-11-30,40.16153319644079,True,0.3963929900000025,0.4483651999999978,Oregon
name_huc4,3,6.0,6.0,south_santiam_river_huc4_1709,SOUTH SANTIAM RIVER,17,1709,17090006,3,3,"14185000,14187200,14187500",1986-10-01,2026-08-24,39.89596167008898,True,0.10666415000000029,0.32583970000000306,Oregon
name_huc4,3,6.0,6.0,fountain_creek_huc4_1102,FOUNTAIN CREEK,11,1102,11020003,3,3,"07105800,07106000,07106500",1994-10-01,2026-08-24,31.89596167008898,True,0.4416639000000018,0.1322480999999982,Colorado
name_huc4,3,6.0,6.0,saluda_river_huc4_0305,SALUDA RIVER,03,0305,03050109,3,3,"02163001,02168504,02169000",1996-09-30,2026-08-24,29.897330595482547,True,0.6000754000000015,1.3558003000000127,South Carolina
name_huc4,3,6.0,6.0,manistee_river_huc4_0406,MANISTEE RIVER,04,0406,04060103,3,3,"04124000,04124200,04125550",1996-12-01,2026-08-24,29.727583846680357,True,0.17694780000000065,0.24294559999999876,Michigan
name_huc4,3,6.0,6.0,johnson_creek_huc4_1709,JOHNSON CREEK,17,1709,17090012,3,3,"14211400,14211500,14211550",1999-01-20,2026-08-24,27.592060232717316,True,0.0334362999999982,0.22131629999999802,Oregon
name_huc4,3,6.0,6.0,flathead_river_huc4_1701,Flathead River,17,1701,17010208,3,3,"12363000,12372000,12388700",1999-07-21,2026-08-24,27.093771389459274,True,0.9950194299999993,0.40004999999999313,Montana
name_huc4,3,6.0,6.0,skagit_river_huc4_1711,SKAGIT RIVER,17,1711,17110005,3,3,"12178000,12181000,12200500",2001-09-30,2026-08-24,24.89801505817933,True,0.2269644900000003,1.0892021000000085,Washington
name_huc4,3,6.0,6.0,link_river_huc4_1801,LINK RIVER,18,1801,18010204,3,3,"11507500,11507501,421401121480900",2003-09-30,2026-08-19,22.885694729637233,True,0.014299699999995141,0.012218399999994745,Oregon
name_huc4,3,6.0,6.0,sheyenne_r_huc4_0902,SHEYENNE R,09,0902,09020202,3,3,"05055300,05055400,05059300",2005-04-09,2026-08-24,21.374401095140314,True,1.1613889999999998,2.488611999999989,North Dakota
name_huc4,3,6.0,6.0,clackamas_river_huc4_1709,CLACKAMAS RIVER,17,1709,17090011,3,3,"14209710,14210000,14211010",2005-04-18,2026-08-24,21.349760438056126,True,0.21222234000000384,0.4211210999999935,Oregon
name_huc4,3,6.0,6.0,rio_grande_huc4_1302,RIO GRANDE,13,1302,13020101,3,3,"08313000,08317400,08329918",2005-02-12,2026-06-05,21.308692676249144,True,0.6767777999999964,0.5003334000000024,New Mexico
name_huc4,3,6.0,6.0,jefferson_river_huc4_1002,Jefferson River,10,1002,10020005,3,3,"06026500,06027600,06036650",2006-07-01,2026-08-24,20.147843942505133,True,0.28385309999999464,0.7337248000000045,Montana
name_huc4,3,6.0,6.0,floyds_fork_huc4_0514,FLOYDS FORK,05,0514,05140102,3,3,"03297900,03298000,03298200",2009-01-10,2026-08-24,17.61806981519507,True,0.20000559999999723,0.09472060000000226,Kentucky
name_huc4,3,6.0,6.0,white_river_huc4_0512,WHITE RIVER,05,0512,05120201,3,3,"03354000,03373980,03374100",2010-12-03,2026-08-24,15.723477070499658,True,1.0077640000000017,1.1494816000000014,Indiana
name_huc4,3,6.0,6.0,broad_river_huc4_0305,BROAD RIVER,03,0305,03050106,3,3,"02156500,02160991,02162035",2011-07-02,2026-08-24,15.145790554414784,True,0.5468059999999966,0.34787559999999473,South Carolina
name_huc4,3,6.0,6.0,deschutes_river_huc4_1707,DESCHUTES RIVER,17,1707,17070301,3,3,"14076500,14092500,14103000",2011-07-29,2026-08-24,15.071868583162217,True,1.1233385000000027,0.4155355000000043,Oregon
name_huc4,3,6.0,6.0,kootenai_river_huc4_1701,KOOTENAI RIVER,17,1701,17010104,3,3,"12305000,12309500,12322000",2011-09-30,2026-08-24,14.899383983572895,True,0.37950559000000084,0.45830559999998854,Idaho
name_huc4,3,6.0,6.0,south_river_huc4_0307,SOUTH RIVER,03,0307,03070103,3,4,"02203603,02203655,02203900",2012-04-05,2026-08-25,14.387405886379192,True,0.018111109999999542,0.1912777999999946,Georgia
name_huc4,3,6.0,6.0,sheyenne_river_huc4_0902,SHEYENNE RIVER,09,0902,09020203,3,3,"05056000,05057000,05058000",1997-06-12,2011-10-17,14.346338124572211,True,0.7716670000000008,0.6886110000000087,North Dakota
name_huc4,3,6.0,6.0,big_sunflower_river_huc4_0803,BIG SUNFLOWER RIVER,08,0803,08030207,3,3,"07288000,07288280,07288500",2010-10-28,2024-10-22,13.984941820670773,True,0.6499751600000039,0.12684210000000462,Mississippi
name_huc4,3,6.0,6.0,nancy_creek_huc4_0313,NANCY CREEK,03,0313,03130001,3,3,"02336340,02336360,02336410",2012-12-06,2026-08-25,13.716632443531827,True,0.059527800000005016,0.09402780000000632,Georgia
name_huc4,3,6.0,6.0,passaic_river_huc4_0203,Passaic River,02,0203,02030103,3,3,"01382000,01389005,01389500",1989-04-01,2002-07-22,13.305954825462011,True,0.012499980000001187,0.04666666999999336,New Jersey
name_huc4,3,6.0,6.0,conemaugh_river_huc4_0501,Conemaugh River,05,0501,05010007,3,3,"03041500,03043810,03044000",2013-09-29,2026-08-24,12.900752908966462,True,0.0483294800000067,0.3647320000000036,Pennsylvania
name_huc4,3,6.0,6.0,elk_creek_huc4_1710,ELK CREEK,17,1710,17100307,3,3,"14337800,14337830,14338000",1986-04-11,1998-09-30,12.470910335386721,True,0.09472219999999965,0.07000030000000379,Oregon
name_huc4,3,6.0,6.0,niobrara_river_huc4_1015,Niobrara River,10,1015,10150002,3,3,"06454100,06461500,06465500",2014-03-26,2026-08-24,12.413415468856947,True,0.4784666799999968,5.569361090000001,Nebraska
name_huc4,3,6.0,6.0,pecos_river_huc4_1306,PECOS RIVER,13,1306,13060011,3,3,"08405200,08406500,08407500",2012-10-01,2024-11-25,12.150581793292266,True,0.33408332999999857,0.19109720000000152,New Mexico
name_huc4,3,6.0,6.0,village_creek_huc4_0316,VILLAGE CREEK,03,0316,03160111,3,3,"02458148,02458450,02458502",2014-07-26,2026-08-24,12.07939767282683,True,0.059400199999998904,0.17222540000000208,Alabama
name_huc4,3,6.0,6.0,missouri_river_huc4_1024,Missouri River,10,1024,10240011,3,3,"06807000,06813500,06818000",2012-09-15,2024-08-06,11.890485968514716,True,0.9285555599999995,0.990249999999989,"Missouri,Nebraska"
name_huc4,3,6.0,6.0,walker_rv_huc4_1605,WALKER RV,16,1605,16050303,3,3,"10301500,10302002,10302025",2015-05-13,2026-07-18,11.181382614647502,True,0.3614307199999942,0.3718039000000033,Nevada
name_huc4,3,6.0,6.0,monongahela_river_huc4_0502,Monongahela River,05,0502,05020005,3,3,"03072655,03075070,03085000",2013-09-27,2024-11-26,11.16495550992471,True,0.5661043899999996,0.06472629999998958,Pennsylvania
name_huc4,3,6.0,6.0,back_creek_huc4_0208,BACK CREEK,02,0208,02080201,3,3,"02011460,02011470,02011500",1984-10-01,1995-10-02,11.000684462696784,True,0.17583248999999768,0.12833702000000358,Virginia
name_huc4,3,6.0,6.0,peace_river_huc4_0310,PEACE RIVER,03,0310,03100101,3,3,"02297345,02297350,02297460",2016-04-05,2026-08-24,10.38466803559206,True,0.09910864999999802,0.013009420000003047,Florida
name_huc4,3,6.0,6.0,platte_river_huc4_1020,Platte River,10,1020,10200101,3,3,"06768000,06796500,06796550",2016-04-08,2026-08-24,10.376454483230663,True,0.637427780000003,3.2007501100000013,Nebraska
name_huc4,3,6.0,6.0,catawba_r_huc4_0305,CATAWBA R,03,0305,03050101,3,3,"02137727,02138520,0214264790",2016-06-29,2026-08-25,10.154688569472963,True,0.313516700000001,1.1029360999999938,North Carolina
name_huc4,3,6.0,6.0,sauk_river_huc4_1711,SAUK RIVER,17,1711,17110006,3,3,"12186000,12187500,12189500",2016-10-01,2026-08-24,9.894592744695414,True,0.2558666399999936,0.11391679999999837,Washington
name_huc4,3,6.0,6.0,yellow_river_huc4_0712,YELLOW RIVER,07,0712,07120001,3,3,"05516665,05517000,05517010",2016-12-01,2026-08-24,9.727583846680355,True,0.03527778000000126,0.2708332999999925,Indiana
name_huc4,3,6.0,6.0,yellow_river_huc4_0307,YELLOW RIVER,03,0307,03070103,3,4,"02207120,02207220,02207335",2003-02-14,2012-09-29,9.623545516769337,True,0.1055555599999991,0.12350000000000705,Georgia
name_huc4,3,6.0,6.0,withlacoochee_river_huc4_0311,WITHLACOOCHEE RIVER,03,0311,03110203,3,3,"02318500,02319000,02319394",2017-02-28,2026-08-24,9.483915126625599,True,0.38281120999999985,0.27330460999999673,"Florida,Georgia"
name_huc4,3,6.0,6.0,shenango_river_huc4_0503,Shenango River,05,0503,05030102,3,3,"03102850,03103500,03104490",2017-04-27,2026-08-24,9.325119780971937,True,0.3355274099999974,0.10927808999998945,Pennsylvania
name_huc4,3,6.0,6.0,des_plaines_river_huc4_0712,DES PLAINES RIVER,07,0712,07120004,3,3,"05537980,05538010,05539670",2017-11-17,2026-08-24,8.766598220396988,True,0.1220277600000017,0.13075000000000614,Illinois
name_huc4,3,6.0,6.0,north_santiam_river_huc4_1709,NORTH SANTIAM RIVER,17,1709,17090005,3,4,"14181500,14183000,444728122450000",2001-03-22,2009-12-14,8.731006160164272,True,0.03717778000000038,0.4537545000000023,Oregon
name_huc4,3,6.0,6.0,alafia_river_huc4_0310,ALAFIA RIVER,03,0310,03100204,3,3,"02301500,02301718,02301721",2018-01-18,2026-08-24,8.596851471594798,True,0.012500610000000023,0.17305899999999497,Florida
name_huc4,3,6.0,6.0,beaufort_river_huc4_0305,BEAUFORT RIVER,03,0305,03050208,3,3,"02176603,02176611,02176640",1998-10-30,2007-03-20,8.386036960985626,True,0.07719549999999487,0.006388499999999908,South Carolina
name_huc4,3,6.0,6.0,white_river_huc4_1711,WHITE RIVER,17,1711,17110014,3,3,"12098700,12100490,12101102",2016-06-08,2024-09-29,8.309377138945928,True,0.10497097000000366,0.2334995999999876,Washington
name_huc4,3,6.0,6.0,etowah_river_huc4_0315,ETOWAH RIVER,03,0315,03150104,3,4,"02388975,02389150,02394000",2018-07-25,2026-08-24,8.082135523613964,True,0.24611110000000025,0.7212777000000017,Georgia
name_huc4,3,6.0,6.0,hudson_river_huc4_0202,HUDSON RIVER,02,0202,02020006,3,3,"01359139,01359165,0135980207",2019-05-03,2026-04-28,6.9869952087611225,True,0.14827778999999452,0.02930560000000071,New York
name_huc4,3,6.0,6.0,white_clay_creek_huc4_0204,WHITE CLAY CREEK,02,0204,02040205,3,3,"01478245,01478650,01479000",2019-10-01,2026-08-24,6.896646132785763,True,0.05827779999999905,0.09580552000001319,"Delaware,Pennsylvania"
name_huc4,3,6.0,6.0,little_lehigh_creek_huc4_0204,Little Lehigh Creek,02,0204,02040106,3,3,"01451380,01451500,01451650",2019-11-13,2026-08-24,6.778918548939083,True,0.06536739999999952,0.12638349000000915,Pennsylvania
name_huc4,3,6.0,6.0,river_rouge_huc4_0409,RIVER ROUGE,04,0409,04090004,3,3,"04166100,04166500,04168530",2001-04-24,2007-10-31,6.5188227241615335,True,0.14667465000000135,0.09792557999999474,Michigan
name_huc4,3,6.0,6.0,mohawk_river_huc4_0202,MOHAWK RIVER,02,0202,02020004,3,3,"01342732,01354330,01355475",2019-05-17,2025-10-28,6.450376454483231,True,0.1917361100000008,1.141221999999999,New York
name_huc4,3,6.0,6.0,mississippi_river_huc4_0701,MISSISSIPPI RIVER,07,0701,07010201,3,4,"05267000,05288500,05331000",1984-10-01,1990-12-19,6.2149212867898695,True,0.8813255999999967,1.2674658999999906,Minnesota
name_huc4,3,6.0,6.0,kansas_r_huc4_1027,KANSAS R,10,1027,10270102,3,5,"06887500,06889000,06892350",1999-07-21,2005-09-29,6.193018480492813,True,0.2149926400000055,1.3408639000000022,Kansas
name_huc4,3,6.0,6.0,neosho_r_huc4_1107,NEOSHO R,11,1107,11070201,3,3,"07182390,07182510,07183500",2009-08-11,2015-10-20,6.190280629705681,True,1.028012540000006,0.8903000000000105,Kansas
name_huc4,3,6.0,6.0,souris_river_huc4_0901,SOURIS RIVER,09,0901,09010008,3,4,"05116000,05120000,05124000",1973-10-04,1979-11-05,6.0862422997946615,True,0.8366669999999985,0.7758329999999916,North Dakota
name_huc4,3,6.0,6.0,east_branch_delaware_river_huc4_0204,EAST BRANCH DELAWARE RIVER,02,0204,02040102,3,3,"01413500,01417500,01421000",2018-09-21,2024-10-06,6.0424366872005475,True,0.17149977999999777,0.5213608899999969,New York
name_huc8,3,6.0,6.0,au_sable_river_huc8_04070007,AU SABLE RIVER,04,0407,04070007,8,8,"04136000,04136500,04136900,04137005,04137020,04137025,04137030,04137500",1996-10-01,2026-08-17,29.87542778918549,True,0.24055483000000066,0.858653700000005,Michigan
name_huc8,3,6.0,6.0,cedar_river_huc8_17110012,CEDAR RIVER,17,1711,17110012,7,7,"12114500,12115000,12116400,12116500,12117500,12117600,12119000",2018-10-13,2026-08-24,7.863107460643395,True,0.1405758399999968,0.6544858999999974,Washington
name_huc8,3,6.0,6.0,chattahoochee_river_huc8_03130001,CHATTAHOOCHEE RIVER,03,0313,03130001,6,6,"02330450,02334430,02335000,02335450,02335815,02336000",2004-01-29,2022-06-05,18.349075975359344,True,0.841805530000002,0.7251944000000066,Georgia
name_huc8,3,6.0,6.0,mahoning_river_huc8_05030103,Mahoning River,05,0503,05030103,6,7,"03086500,03090500,03091500,03094000,03098600,03099500",2010-11-20,2024-05-26,13.514031485284052,True,0.3063872000000032,0.5583598000000052,Ohio
name_huc8,3,6.0,6.0,savannah_river_huc8_03060109,SAVANNAH RIVER,03,0306,03060109,6,6,"02198744,02198920,021989715,021989773,0219897993,02198980",2019-06-04,2026-08-25,7.225188227241615,True,0.3164722200000014,0.25449999999999307,"Georgia,South Carolina"
name_huc8,3,6.0,6.0,animas_river_huc8_14080104,ANIMAS RIVER,14,1408,14080104,6,6,"09358000,09359020,09361500,09363500,09364010,09364500",2016-09-15,2023-10-03,7.047227926078029,True,1.0886055600000049,0.5425045799999992,"Colorado,New Mexico"
name_huc8,3,6.0,6.0,madison_river_huc8_10020007,Madison River,10,1002,10020007,5,5,"06037500,06038500,06038800,06040000,06041000",2011-03-16,2026-08-24,15.441478439425051,True,0.8331587999999996,0.683669100000003,Montana
name_huc8,3,6.0,6.0,waccamaw_river_huc8_03040206,WACCAMAW RIVER,03,0304,03040206,5,5,"02110500,02110550,02110704,02110802,021108125",2013-06-22,2026-08-25,13.174537987679672,True,0.40611466000000007,0.4119692000000015,South Carolina
name_huc8,3,6.0,6.0,rogue_river_huc8_17100307,ROGUE RIVER,17,1710,17100307,5,5,"14330000,14335075,14337600,14338100,14339000",1988-03-16,2000-09-30,12.542094455852157,True,0.20472476999999856,0.32667329999999595,Oregon
name_huc8,3,6.0,6.0,big_hole_river_huc8_10020004,Big Hole River,10,1002,10020004,5,5,"06024450,06024580,06025250,06025500,06026210",2014-07-01,2026-08-24,12.147843942505133,True,0.4107276000000013,0.9008500000000055,Montana
name_huc8,3,6.0,6.0,kankakee_river_huc8_07120001,KANKAKEE RIVER,07,0712,07120001,5,5,"05515500,05517500,05518000,05527000,05527500",2016-04-09,2026-08-24,10.373716632443532,True,0.20682548999999995,1.4805555000000084,"Illinois,Indiana"
name_huc8,3,6.0,6.0,colorado_river_huc8_14010001,COLORADO RIVER,14,1401,14010001,5,6,"09010500,09034250,09058000,09060799,09070500",2016-10-21,2026-08-24,9.839835728952773,True,0.6812219000000042,1.2219029000000035,Colorado
name_huc8,3,6.0,6.0,mckenzie_river_huc8_17090004,MCKENZIE RIVER,17,1709,17090004,5,5,"14158500,14158740,14159110,14162500,14163900",2017-07-20,2026-08-24,9.095140314852841,True,0.2911052999999981,0.7755702000000042,Oregon
name_huc8,3,6.0,6.0,klamath_river_huc8_18010204,KLAMATH RIVER,18,1801,18010204,5,5,"11509370,420853121505500,420853121505501,421209121463000,421209121463001",2003-06-05,2010-11-30,7.488021902806297,True,0.07461701999999804,0.1538769000000002,Oregon
name_huc8,3,6.0,6.0,alameda_c_huc8_18050004,ALAMEDA C,18,1805,18050004,5,5,"11172945,11172955,11173510,11173575,11179000",2016-10-18,2023-07-04,6.707734428473648,True,0.08968369999999481,0.18718760000000145,California
name_huc8,3,6.0,6.0,santa_fe_river_huc8_03110206,SANTA FE RIVER,03,0311,03110206,5,5,"02321500,02321958,02321975,02322500,02322800",2020-01-10,2026-08-24,6.620123203285421,True,0.07305961000000138,0.4341787000000039,Florida
name_huc8,3,6.0,6.0,muskegon_river_huc8_04060102,MUSKEGON RIVER,04,0406,04060102,4,4,"04121650,04121660,04121680,04121970",1998-10-21,2026-08-24,27.84120465434634,True,0.2588884200000052,0.19777969999999812,Michigan
name_huc8,3,6.0,6.0,roanoke_river_huc8_03010107,ROANOKE RIVER,03,0301,03010107,4,4,"0208062765,02081022,02081094,0208114150",2000-05-11,2022-01-05,21.65366187542779,True,0.5180555399999989,0.8575000000000017,North Carolina
name_huc8,3,6.0,6.0,yellowstone_river_huc8_10070002,Yellowstone River,10,1007,10070002,4,4,"06191500,06192500,06195750,06195950",2007-07-13,2026-08-24,19.11567419575633,True,0.7350427900000014,0.8529244000000062,Montana
name_huc8,3,6.0,6.0,arkansas_river_huc8_11020002,ARKANSAS RIVER,11,1102,11020002,4,4,"07096000,07097000,07099400,07109500",2008-09-30,2026-08-24,17.897330595482547,True,0.1858307400000001,0.8586018000000024,Colorado
name_huc8,3,6.0,6.0,reedy_creek_huc8_03090101,REEDY CREEK,03,0309,03090101,4,4,"02266298,02266300,02266320,02266495",1985-01-24,2001-05-11,16.292950034223136,True,0.07277493000000135,0.03722270000000094,Florida
name_huc8,3,6.0,6.0,cahaba_river_huc8_03150202,CAHABA RIVER,03,0315,03150202,4,4,"02423130,02423160,02423380,02423496",2011-08-08,2026-07-20,14.948665297741274,True,0.2530483399999994,0.23500340000001074,Alabama
name_huc8,3,6.0,6.0,youghiogheny_river_huc8_05020006,Youghiogheny River,05,0502,05020006,4,4,"03076500,03077500,03081000,03083500",2012-10-01,2026-08-24,13.894592744695414,True,0.5866110999999989,0.4424925000000002,"Maryland,Pennsylvania"
name_huc8,3,6.0,6.0,wichita_rv_huc8_11130206,Wichita Rv,11,1113,11130206,4,4,"07311900,07312100,07312500,07312700",1998-09-30,2011-09-29,12.996577686516085,True,0.35278074000000004,1.0919765999999953,Texas
name_huc8,3,6.0,6.0,clearwater_river_huc8_17060306,CLEARWATER RIVER,17,1706,17060306,4,4,"13340000,13341050,13342500,13343000",2008-09-30,2021-01-05,12.265571526351813,True,0.06611110999999426,0.7102778000000001,Idaho
name_huc8,3,6.0,6.0,green_river_huc8_05110001,GREEN RIVER,05,0511,05110001,4,4,"03306000,03306500,03309000,03311500",2003-07-12,2014-11-30,11.38672142368241,True,0.07362284999999957,0.9139020000000073,Kentucky
name_huc8,3,6.0,6.0,cooper_r_huc8_03050201,COOPER R,03,0305,03050201,4,4,"02172050,02172053,021720677,0217206935",2016-07-01,2026-08-25,10.149212867898699,True,0.20197223000000264,0.04000329999999508,South Carolina
name_huc8,3,6.0,6.0,harpeth_river_huc8_05130204,HARPETH RIVER,05,0513,05130204,4,4,"03432100,0343233905,034324146,03433500",2016-10-21,2026-08-24,9.839835728952773,True,0.2219985000000051,0.22962650000000906,Tennessee
name_huc8,3,6.0,6.0,missouri_river_huc8_10230006,Missouri River,10,1023,10230006,4,4,"06610000,06610505,410333095530101,412126095565201",2013-04-13,2022-06-24,9.196440793976729,True,0.29811919999999503,0.08527780000000007,"Iowa,Nebraska"
name_huc8,3,6.0,6.0,st_johns_river_huc8_03080101,ST. JOHNS RIVER,03,0308,03080101,4,4,"02232400,02234000,02234500,02236000",2007-12-12,2016-09-29,8.799452429842573,True,0.6385898999999995,0.510007299999998,Florida
name_huc8,3,6.0,6.0,west_branch_delaware_river_huc8_02040101,WEST BRANCH DELAWARE RIVER,02,0204,02040101,4,4,"01423000,01425000,01426500,01427000",2018-10-19,2026-08-24,7.846680355920602,True,0.21394443000000507,0.2557778200000058,New York
name_huc8,3,6.0,6.0,tualatin_river_huc8_17090010,TUALATIN RIVER,17,1709,17090010,4,4,"14203500,14206241,14206694,14207200",2019-04-19,2026-08-24,7.34839151266256,True,0.14388012000000572,0.43918030000000385,Oregon
name_huc8,3,6.0,6.0,neversink_river_huc8_02040104,NEVERSINK RIVER,02,0204,02040104,4,4,"01435000,01436000,01436690,01437500",2019-07-13,2026-08-24,7.115674195756331,True,0.44866666000000066,0.0457221799999985,New York
name_huc8,3,6.0,6.0,delaware_river_huc8_02040104,DELAWARE RIVER,02,0204,02040104,4,4,"01432160,01432805,01434000,01438500",2019-10-03,2026-08-24,6.891170431211499,True,0.1656666599999994,0.21611110999999994,Pennsylvania
name_huc8,3,6.0,6.0,french_broad_river_huc8_06010105,FRENCH BROAD RIVER,06,0601,06010105,4,4,"03447687,03448050,03451200,03451500",2019-05-23,2025-11-18,6.491444216290212,True,0.17972222000000215,0.02555560000000412,North Carolina
name_huc8,3,6.0,6.0,tuolumne_r_huc8_18040009,TUOLUMNE R,18,1804,18040009,4,4,"11276500,11276600,11276900,11289650",2016-10-01,2022-10-25,6.064339493497604,True,0.2711113099999949,0.6439023000000077,California
name_huc8,3,6.0,6.0,clark_fork_huc8_17010204,Clark Fork,17,1701,17010204,3,3,"12340500,12353650,12354700",1985-07-31,2026-08-24,41.06502395619439,True,0.44518011000000257,0.9578805999999958,Montana
name_huc8,3,6.0,6.0,applegate_river_huc8_17100309,APPLEGATE RIVER,17,1710,17100309,3,3,"14362000,14366000,14369500",1985-10-01,2026-08-24,40.8952772073922,True,0.2902697000000032,0.2952918000000011,Oregon
name_huc8,3,6.0,6.0,middle_fork_willamette_river_huc8_17090001,MIDDLE FORK WILLAMETTE RIVER,17,1709,17090001,3,3,"14144800,14150000,14152000",1985-10-02,2025-11-30,40.16153319644079,True,0.3963929900000025,0.4483651999999978,Oregon
name_huc8,3,6.0,6.0,south_santiam_river_huc8_17090006,SOUTH SANTIAM RIVER,17,1709,17090006,3,3,"14185000,14187200,14187500",1986-10-01,2026-08-24,39.89596167008898,True,0.10666415000000029,0.32583970000000306,Oregon
name_huc8,3,6.0,6.0,fountain_creek_huc8_11020003,FOUNTAIN CREEK,11,1102,11020003,3,3,"07105800,07106000,07106500",1994-10-01,2026-08-24,31.89596167008898,True,0.4416639000000018,0.1322480999999982,Colorado
name_huc8,3,6.0,6.0,columbia_river_huc8_17070105,COLUMBIA RIVER,17,1707,17070105,3,3,"14105700,453712121071200,453845121562000",1996-06-26,2026-08-24,30.16016427104723,True,0.03739481999999583,0.8189001000000076,"Oregon,Washington"
name_huc8,3,6.0,6.0,saluda_river_huc8_03050109,SALUDA RIVER,03,0305,03050109,3,3,"02163001,02168504,02169000",1996-09-30,2026-08-24,29.897330595482547,True,0.6000754000000015,1.3558003000000127,South Carolina
name_huc8,3,6.0,6.0,manistee_river_huc8_04060103,MANISTEE RIVER,04,0406,04060103,3,3,"04124000,04124200,04125550",1996-12-01,2026-08-24,29.727583846680357,True,0.17694780000000065,0.24294559999999876,Michigan
name_huc8,3,6.0,6.0,green_river_huc8_14040106,GREEN RIVER,14,1404,14040106,3,3,"09217000,09234500,09261000",1998-09-25,2026-08-24,27.912388774811774,True,1.1076026599999977,0.21382178999999724,"Utah,Wyoming"
name_huc8,3,6.0,6.0,johnson_creek_huc8_17090012,JOHNSON CREEK,17,1709,17090012,3,3,"14211400,14211500,14211550",1999-01-20,2026-08-24,27.592060232717316,True,0.0334362999999982,0.22131629999999802,Oregon
name_huc8,3,6.0,6.0,white_river_huc8_11010003,White River,11,1101,11010003,3,3,"07053450,07054501,07054527",2000-09-30,2026-08-24,25.897330595482547,True,0.25145200000000045,0.7349053999999882,"Arkansas,Missouri"
name_huc8,3,6.0,6.0,clackamas_river_huc8_17090011,CLACKAMAS RIVER,17,1709,17090011,3,3,"14209710,14210000,14211010",2005-04-18,2026-08-24,21.349760438056126,True,0.21222234000000384,0.4211210999999935,Oregon
name_huc8,3,6.0,6.0,jefferson_river_huc8_10020005,Jefferson River,10,1002,10020005,3,3,"06026500,06027600,06036650",2006-07-01,2026-08-24,20.147843942505133,True,0.28385309999999464,0.7337248000000045,Montana
name_huc8,3,6.0,6.0,floyds_fork_huc8_05140102,FLOYDS FORK,05,0514,05140102,3,3,"03297900,03298000,03298200",2009-01-10,2026-08-24,17.61806981519507,True,0.20000559999999723,0.09472060000000226,Kentucky
name_huc8,3,6.0,6.0,willamette_river_huc8_17090003,WILLAMETTE RIVER,17,1709,17090003,3,3,"14158100,14166000,14174000",2010-11-10,2026-08-24,15.786447638603697,True,0.5470661299999975,0.06694199999999739,Oregon
name_huc8,3,6.0,6.0,broad_river_huc8_03050106,BROAD RIVER,03,0305,03050106,3,3,"02156500,02160991,02162035",2011-07-02,2026-08-24,15.145790554414784,True,0.5468059999999966,0.34787559999999473,South Carolina
name_huc8,3,6.0,6.0,kootenai_river_huc8_17010104,KOOTENAI RIVER,17,1701,17010104,3,3,"12305000,12309500,12322000",2011-09-30,2026-08-24,14.899383983572895,True,0.37950559000000084,0.45830559999998854,Idaho
name_huc8,3,6.0,6.0,allegheny_river_huc8_05010001,Allegheny River,05,0501,05010001,3,3,"03007800,03011020,03012550",2011-09-23,2026-08-13,14.888432580424366,True,0.3381575200000029,0.7191933100000085,"New York,Pennsylvania"
name_huc8,3,6.0,6.0,south_river_huc8_03070103,SOUTH RIVER,03,0307,03070103,3,4,"02203603,02203655,02203900",2012-04-05,2026-08-25,14.387405886379192,True,0.018111109999999542,0.1912777999999946,Georgia
name_huc8,3,6.0,6.0,big_sunflower_river_huc8_08030207,BIG SUNFLOWER RIVER,08,0803,08030207,3,3,"07288000,07288280,07288500",2010-10-28,2024-10-22,13.984941820670773,True,0.6499751600000039,0.12684210000000462,Mississippi
name_huc8,3,6.0,6.0,delaware_river_huc8_02040101,DELAWARE RIVER,02,0204,02040101,3,3,"01427207,01427301,01427510",1993-08-11,2007-05-07,13.735797399041752,True,0.1105277800000053,0.1563333300000096,"New York,Pennsylvania"
name_huc8,3,6.0,6.0,nancy_creek_huc8_03130001,NANCY CREEK,03,0313,03130001,3,3,"02336340,02336360,02336410",2012-12-06,2026-08-25,13.716632443531827,True,0.059527800000005016,0.09402780000000632,Georgia
name_huc8,3,6.0,6.0,passaic_river_huc8_02030103,Passaic River,02,0203,02030103,3,3,"01382000,01389005,01389500",1989-04-01,2002-07-22,13.305954825462011,True,0.012499980000001187,0.04666666999999336,New Jersey
name_huc8,3,6.0,6.0,arkansas_river_huc8_11020001,ARKANSAS RIVER,11,1102,11020001,3,3,"07086000,07091200,07094500",1993-10-07,2006-09-29,12.97741273100616,True,0.5555491599999982,0.892799299999993,Colorado
name_huc8,3,6.0,6.0,columbia_river_huc8_17070101,COLUMBIA RIVER,17,1707,17070101,3,3,"14019220,14019240,454314120413701",2009-09-30,2022-09-05,12.930869267624914,True,0.2208412000000024,1.4017094999999955,Washington
name_huc8,3,6.0,6.0,conemaugh_river_huc8_05010007,Conemaugh River,05,0501,05010007,3,3,"03041500,03043810,03044000",2013-09-29,2026-08-24,12.900752908966462,True,0.0483294800000067,0.3647320000000036,Pennsylvania
name_huc8,3,6.0,6.0,elk_creek_huc8_17100307,ELK CREEK,17,1710,17100307,3,3,"14337800,14337830,14338000",1986-04-11,1998-09-30,12.470910335386721,True,0.09472219999999965,0.07000030000000379,Oregon
name_huc8,3,6.0,6.0,pecos_river_huc8_13060011,PECOS RIVER,13,1306,13060011,3,3,"08405200,08406500,08407500",2012-10-01,2024-11-25,12.150581793292266,True,0.33408332999999857,0.19109720000000152,New Mexico
name_huc8,3,6.0,6.0,village_creek_huc8_03160111,VILLAGE CREEK,03,0316,03160111,3,3,"02458148,02458450,02458502",2014-07-26,2026-08-24,12.07939767282683,True,0.059400199999998904,0.17222540000000208,Alabama
name_huc8,3,6.0,6.0,monongahela_river_huc8_05020005,Monongahela River,05,0502,05020005,3,3,"03072655,03075070,03085000",2013-09-27,2024-11-26,11.16495550992471,True,0.5661043899999996,0.06472629999998958,Pennsylvania
name_huc8,3,6.0,6.0,back_creek_huc8_02080201,BACK CREEK,02,0208,02080201,3,3,"02011460,02011470,02011500",1984-10-01,1995-10-02,11.000684462696784,True,0.17583248999999768,0.12833702000000358,Virginia
name_huc8,3,6.0,6.0,peace_river_huc8_03100101,PEACE RIVER,03,0310,03100101,3,3,"02297345,02297350,02297460",2016-04-05,2026-08-24,10.38466803559206,True,0.09910864999999802,0.013009420000003047,Florida
name_huc8,3,6.0,6.0,catawba_r_huc8_03050101,CATAWBA R,03,0305,03050101,3,3,"02137727,02138520,0214264790",2016-06-29,2026-08-25,10.154688569472963,True,0.313516700000001,1.1029360999999938,North Carolina
name_huc8,3,6.0,6.0,trinity_rv_huc8_12030105,Trinity Rv,12,1203,12030105,3,4,"08057000,08057410,08062500",2015-02-12,2025-03-11,10.075290896646132,True,0.34832182000000245,0.35890489999999886,Texas
name_huc8,3,6.0,6.0,sauk_river_huc8_17110006,SAUK RIVER,17,1711,17110006,3,3,"12186000,12187500,12189500",2016-10-01,2026-08-24,9.894592744695414,True,0.2558666399999936,0.11391679999999837,Washington
name_huc8,3,6.0,6.0,yellow_river_huc8_07120001,YELLOW RIVER,07,0712,07120001,3,3,"05516665,05517000,05517010",2016-12-01,2026-08-24,9.727583846680355,True,0.03527778000000126,0.2708332999999925,Indiana
name_huc8,3,6.0,6.0,yellow_river_huc8_03070103,YELLOW RIVER,03,0307,03070103,3,4,"02207120,02207220,02207335",2003-02-14,2012-09-29,9.623545516769337,True,0.1055555599999991,0.12350000000000705,Georgia
name_huc8,3,6.0,6.0,withlacoochee_river_huc8_03110203,WITHLACOOCHEE RIVER,03,0311,03110203,3,3,"02318500,02319000,02319394",2017-02-28,2026-08-24,9.483915126625599,True,0.38281120999999985,0.27330460999999673,"Florida,Georgia"
name_huc8,3,6.0,6.0,clark_fork_huc8_17010201,Clark Fork,17,1701,17010201,3,4,"12323800,12324200,12324400",2017-03-29,2026-08-24,9.404517453798768,True,0.3026694300000017,0.04714710000000366,Montana
name_huc8,3,6.0,6.0,catawba_river_huc8_03050101,CATAWBA RIVER,03,0305,03050101,3,3,"02141500,0214196125,0214244102",2017-04-01,2026-08-25,9.399041752224504,True,0.06470276000000297,0.34150559999999075,North Carolina
name_huc8,3,6.0,6.0,shenango_river_huc8_05030102,Shenango River,05,0503,05030102,3,3,"03102850,03103500,03104490",2017-04-27,2026-08-24,9.325119780971937,True,0.3355274099999974,0.10927808999998945,Pennsylvania
name_huc8,3,6.0,6.0,truckee_rv_huc8_16050102,TRUCKEE RV,16,1605,16050102,3,4,"10348000,10348200,10350500",1989-08-26,1998-09-29,9.092402464065708,True,0.04783632999999554,0.30928240000000073,Nevada
name_huc8,3,6.0,6.0,james_river_huc8_10160003,JAMES RIVER,10,1016,10160003,3,3,"06470500,06470830,06471000",1985-10-10,1994-09-30,8.971937029431896,True,0.7519449999999992,0.1943428999999952,"North Dakota,South Dakota"
name_huc8,3,6.0,6.0,des_plaines_river_huc8_07120004,DES PLAINES RIVER,07,0712,07120004,3,3,"05537980,05538010,05539670",2017-11-17,2026-08-24,8.766598220396988,True,0.1220277600000017,0.13075000000000614,Illinois
name_huc8,3,6.0,6.0,suwannee_river_huc8_03110205,SUWANNEE RIVER,03,0311,03110205,3,3,"02319800,02320500,02323592",2017-03-03,2025-12-03,8.752908966461328,True,0.9053164599999981,0.3220942000000093,Florida
name_huc8,3,6.0,6.0,north_santiam_river_huc8_17090005,NORTH SANTIAM RIVER,17,1709,17090005,3,4,"14181500,14183000,444728122450000",2001-03-22,2009-12-14,8.731006160164272,True,0.03717778000000038,0.4537545000000023,Oregon
name_huc8,3,6.0,6.0,alafia_river_huc8_03100204,ALAFIA RIVER,03,0310,03100204,3,3,"02301500,02301718,02301721",2018-01-18,2026-08-24,8.596851471594798,True,0.012500610000000023,0.17305899999999497,Florida
name_huc8,3,6.0,6.0,beaufort_river_huc8_03050208,BEAUFORT RIVER,03,0305,03050208,3,3,"02176603,02176611,02176640",1998-10-30,2007-03-20,8.386036960985626,True,0.07719549999999487,0.006388499999999908,South Carolina
name_huc8,3,6.0,6.0,white_river_huc8_14050007,WHITE RIVER,14,1405,14050007,3,3,"09306395,09306500,09306900",1977-04-15,1985-09-01,8.380561259411362,True,0.08610780999999434,0.5550240999999971,Utah
name_huc8,3,6.0,6.0,white_river_huc8_17110014,WHITE RIVER,17,1711,17110014,3,3,"12098700,12100490,12101102",2016-06-08,2024-09-29,8.309377138945928,True,0.10497097000000366,0.2334995999999876,Washington
name_huc8,3,6.0,6.0,etowah_river_huc8_03150104,ETOWAH RIVER,03,0315,03150104,3,4,"02388975,02389150,02394000",2018-07-25,2026-08-24,8.082135523613964,True,0.24611110000000025,0.7212777000000017,Georgia
name_huc8,3,6.0,6.0,delaware_river_huc8_02040202,Delaware River,02,0204,02040202,3,3,"014670261,01474703,01477050",2018-09-30,2026-08-24,7.898699520876113,True,0.20172065999999944,0.3726908900000012,Pennsylvania
name_huc8,3,6.0,6.0,allegheny_river_huc8_05010006,Allegheny River,05,0501,05010006,3,4,"03039035,03039036,03039041",2010-07-01,2017-11-30,7.416837782340862,True,0.03111111000000477,0.08750000000000568,Pennsylvania
name_huc8,3,6.0,6.0,hudson_river_huc8_02020006,HUDSON RIVER,02,0202,02020006,3,3,"01359139,01359165,0135980207",2019-05-03,2026-04-28,6.9869952087611225,True,0.14827778999999452,0.02930560000000071,New York
name_huc8,3,6.0,6.0,white_clay_creek_huc8_02040205,WHITE CLAY CREEK,02,0204,02040205,3,3,"01478245,01478650,01479000",2019-10-01,2026-08-24,6.896646132785763,True,0.05827779999999905,0.09580552000001319,"Delaware,Pennsylvania"
name_huc8,3,6.0,6.0,little_lehigh_creek_huc8_02040106,Little Lehigh Creek,02,0204,02040106,3,3,"01451380,01451500,01451650",2019-11-13,2026-08-24,6.778918548939083,True,0.06536739999999952,0.12638349000000915,Pennsylvania
name_huc8,3,6.0,6.0,river_rouge_huc8_04090004,RIVER ROUGE,04,0409,04090004,3,3,"04166100,04166500,04168530",2001-04-24,2007-10-31,6.5188227241615335,True,0.14667465000000135,0.09792557999999474,Michigan
name_huc8,3,6.0,6.0,mohawk_river_huc8_02020004,MOHAWK RIVER,02,0202,02020004,3,3,"01342732,01354330,01355475",2019-05-17,2025-10-28,6.450376454483231,True,0.1917361100000008,1.141221999999999,New York
name_huc8,3,6.0,6.0,east_branch_delaware_river_huc8_02040102,EAST BRANCH DELAWARE RIVER,02,0204,02040102,3,3,"01413500,01417500,01421000",2018-09-21,2024-10-06,6.0424366872005475,True,0.17149977999999777,0.5213608899999969,New York
huc8_only,4,8.0,8.0,huc8_03130001,mixed,03,0313,03130001,28,31,"02330450,02334430,02334480,02334578,02334652,02334653,02334654,02334885,02335000,02335350,02335400,02335405,02335450,02335777,02335778,02335779,02335880,02336000,02336030,02336120,02336152,023362095,02336240,02336300,02336313,02336340,02336360,02336410",2018-04-30,2026-08-24,8.317590691307323,True,0.8978889000000052,0.7251944000000066,Georgia
huc8_only,4,8.0,8.0,huc8_03070103,mixed,03,0307,03070103,19,27,"02203603,02203655,02203831,02203863,02203873,02203900,02203950,02203960,02204037,02205865,02207120,02207135,02207160,02207185,02207385,02207400,02208150,02208450,02208493",2015-09-30,2026-08-25,10.902121834360027,True,0.31261109999999803,0.6368611000000044,Georgia
huc8_only,4,8.0,8.0,huc8_17090004,mixed,17,1709,17090004,18,18,"14158500,14158740,14158790,14158798,14158850,14159100,14159110,14159200,14159500,14161100,14161500,14162200,14162500,14163150,14163900,14164550,14164700,14164900",2017-08-11,2026-07-20,8.93908281998631,True,0.3138874999999999,0.9689101000000022,Oregon
huc8_only,4,8.0,8.0,huc8_03080103,mixed,03,0308,03080103,16,20,"02244040,02245340,022462002,02246459,02246500,02246518,02246751,02246804,300803081354500,301124081395901,301204081434900,301510081383500,301817081393600,302309081333001,302609081453300,302657081312400",2017-06-02,2025-12-07,8.514715947980836,True,0.858579670000001,0.2359000000000009,Florida
huc8_only,4,8.0,8.0,huc8_01090004,mixed,01,0109,01090004,14,14,"01115098,01115110,01115114,01115120,01115170,01115183,01115184,01115187,01115190,01115265,01115275,01115276,01115280,01115297",2009-05-28,2023-10-17,14.387405886379192,True,0.08777729999999906,0.12055970000000116,Rhode Island
huc8_only,4,8.0,8.0,huc8_03060109,mixed,03,0306,03060109,14,14,"02198810,02198820,02198840,02198920,02198950,02198955,021989715,021989773,021989784,021989792,021989793,0219897945,0219897993,02198980",2014-02-28,2026-08-22,12.479123887748118,True,0.22022221999999658,0.27197219999999334,"Georgia,South Carolina"
huc8_only,4,8.0,8.0,huc8_05140102,mixed,05,0514,05140102,14,14,"03293510,03297800,03297900,03298000,03298135,03298150,03298200,03298250,03298300,03301900,03301940,03302000,03302030,03302050",2013-09-30,2025-09-25,11.986310746064339,True,0.2942366600000028,0.4113946000000084,Kentucky
huc8_only,4,8.0,8.0,huc8_03100207,mixed,03,0310,03100207,12,12,"02310308,02310650,02310673,02310674,02310689,02310690,02310700,02310740,02310742,02310752,02313272,285531082412600",2017-05-05,2025-11-13,8.525667351129364,True,0.750834440000002,0.18901893999999686,Florida
huc8_only,4,8.0,8.0,huc8_17080001,mixed,17,1708,17080001,11,11,"14138720,14138850,14138870,14138900,14139800,14140020,14141500,14142500,453439122223900,453630122021400,453845121564001",2007-06-02,2020-09-23,13.311430527036277,True,0.23027482999999904,0.5133459999999985,"Oregon,Washington"
huc8_only,4,8.0,8.0,huc8_05040001,mixed,05,0504,05040001,11,12,"03119341,03119971,03119979,03120820,03120869,03120961,03125338,03126395,03127980,03127986,03127989",2015-07-01,2026-08-24,11.148528405201917,True,0.4938888900000009,0.14444439999999759,Ohio
huc8_only,4,8.0,8.0,huc8_14010001,mixed,14,1401,14010001,11,12,"09010500,09014050,09027100,09032000,09033100,09033300,09034250,09041090,09058000,09060799,09070500",2016-10-21,2026-08-24,9.839835728952773,True,0.6812219000000042,1.3124511999999982,Colorado
huc8_only,4,8.0,8.0,huc8_05140101,mixed,05,0514,05140101,10,10,"03292470,03292474,03292475,03292480,03292500,03292550,03293000,03293500,03293530,03294570",2008-09-30,2025-11-19,17.136208076659823,True,0.2830527599999968,0.3153638099999938,Kentucky
huc8_only,4,8.0,8.0,huc8_17090001,mixed,17,1709,17090001,10,10,"14144800,14144900,14145500,14147500,14148000,14150000,14150290,14150800,14151000,14152000",2010-08-26,2025-11-30,15.263518138261464,True,0.3963929900000025,0.5353126999999915,Oregon
huc8_only,4,8.0,8.0,huc8_01090001,mixed,01,0109,01090001,10,11,"01104370,01104405,01104410,01104415,01104420,01104430,01104453,01104455,01104460,01104475",2012-03-26,2026-08-23,14.40930869267625,True,0.08194325999999563,0.03188789999998676,Massachusetts
huc8_only,4,8.0,8.0,huc8_17090010,mixed,17,1709,17090010,10,13,"14202980,14205400,14206694,14206950,14207200,452230122512201,452559122472401,453004122510301,453030122560101,453040123065201",2004-05-20,2017-12-10,13.557837097878165,True,0.3258269100000035,0.5150153000000017,Oregon
huc8_only,4,8.0,8.0,huc8_17100307,mixed,17,1710,17100307,10,11,"14330000,14335075,14337500,14337600,14337800,14337830,14337870,14338000,14338100,14339000",1988-03-16,1998-09-30,10.54072553045859,True,0.24861149999999554,0.32667329999999595,Oregon
huc8_only,4,8.0,8.0,huc8_03050201,mixed,03,0305,03050201,10,10,"02172002,02172020,02172040,02172050,021720508,02172053,021720677,0217206935,0217206962,021720698",2016-07-01,2026-08-25,10.149212867898699,True,0.3592222300000003,0.15052780999999982,South Carolina
huc8_only,4,8.0,8.0,huc8_03090202,mixed,03,0309,03090202,10,14,"02277100,02286328,022907085,02290709,022908295,251209080350100,251241080385300,255151080371501,265906080093500,265929080091800",2016-11-02,2025-06-17,8.621492128678987,True,2.0014970000000005,0.6996944999999926,Florida
huc8_only,4,8.0,8.0,huc8_10020007,mixed,10,1002,10020007,9,10,"06036805,06036905,06036940,06037100,06037500,06038500,06038800,06040000,06041000",2011-03-16,2026-08-24,15.441478439425051,True,1.0308977000000041,1.0383801999999918,"Montana,Wyoming"
huc8_only,4,8.0,8.0,huc8_03040206,mixed,03,0304,03040206,9,9,"02110400,02110500,02110550,02110701,02110704,02110725,02110802,021108125,02110815",2013-06-22,2026-08-24,13.17180013689254,True,0.5088501399999998,0.4589165999999949,South Carolina
huc8_only,4,8.0,8.0,huc8_05030103,mixed,05,0503,05030103,9,9,"03086500,03090500,03091500,03092090,03092460,03094000,03095500,03098600,03099500",2011-09-30,2024-05-26,12.654346338124572,True,0.3669428299999993,0.6608638000000013,Ohio
huc8_only,4,8.0,8.0,huc8_07120001,mixed,07,0712,07120001,9,9,"05515500,05516665,05517000,05517010,05517500,05518000,05527000,05527500,412320088154101",2016-12-01,2026-08-24,9.727583846680355,True,0.20682548999999995,1.7949165999999934,"Illinois,Indiana"
huc8_only,4,8.0,8.0,huc8_17090005,mixed,17,1709,17090005,9,10,"14178000,14179000,14180300,14181500,14182500,14183000,14184100,14189050,444728122450000",2001-05-25,2009-12-14,8.555783709787816,True,0.13861080999999587,0.948630499999993,Oregon
huc8_only,4,8.0,8.0,huc8_18010204,mixed,18,1801,18010204,9,10,"11507500,11507501,11509370,420448121503100,420451121510000,420741121554001,420853121505500,420853121505501,421015121471800",2018-05-12,2026-08-19,8.271047227926077,True,0.1435890600000036,0.14054360000000088,Oregon
huc8_only,4,8.0,8.0,huc8_04070007,AU SABLE RIVER,04,0407,04070007,8,8,"04136000,04136500,04136900,04137005,04137020,04137025,04137030,04137500",1996-10-01,2026-08-17,29.87542778918549,True,0.24055483000000066,0.858653700000005,Michigan
huc8_only,4,8.0,8.0,huc8_17110004,mixed,17,1711,17110004,8,8,"12205000,12209490,12210000,12210700,12210900,12212050,12212430,12213100",2008-09-30,2026-08-05,17.845311430527037,True,0.3252746800000068,0.745003699999998,Washington
huc8_only,4,8.0,8.0,huc8_02040205,mixed,02,0204,02040205,8,9,"01478137,01480065,01480400,01480500,01480617,01480870,01481000,01481500",2006-10-01,2024-02-28,17.409993155373034,True,0.3166872100000049,0.2682508999999982,"Delaware,Pennsylvania"
huc8_only,4,8.0,8.0,huc8_02040104,mixed,02,0204,02040104,8,9,"01432110,01432160,01432805,01433500,01434000,01435000,01436690,01440000",2013-09-30,2024-08-17,10.880219028062971,True,0.7838333300000002,0.4464753999999971,"New Jersey,New York,Pennsylvania"
huc8_only,4,8.0,8.0,huc8_03090204,mixed,03,0309,03090204,8,9,"02290928,02290930,255123081321300,255327081275900,255432081303900,255534081324000,255654081350200,255726081303700",2007-06-14,2017-09-09,10.239561943874058,True,0.12838610000000017,0.24275550000000123,Florida
huc8_only,4,8.0,8.0,huc8_04040003,mixed,04,0404,04040003,8,9,"040869416,04087000,04087070,040871473,040871475,040871476,040871488,04087159",2007-07-03,2016-10-23,9.308692676249144,True,0.178444429999999,0.15738890000000083,Wisconsin
huc8_only,4,8.0,8.0,huc8_17090012,mixed,17,1709,17090012,7,7,"14211400,14211499,14211500,14211542,14211546,14211550,14211720",2001-11-02,2012-12-18,11.126625598904859,True,0.06460299999999819,0.24733340000000226,Oregon
huc8_only,4,8.0,8.0,huc8_08090302,mixed,08,0809,08090302,7,7,"07381150,07381324,07381328,07381331,07381350,07381355,073814675",2006-10-19,2017-11-01,11.0362765229295,True,0.28533463999999853,0.5629444000000063,Louisiana
huc8_only,4,8.0,8.0,huc8_02080201,mixed,02,0208,02080201,7,7,"02011400,02011460,02011470,02011490,02011500,02011800,02012800",1984-10-01,1995-10-02,11.000684462696784,True,0.4344427899999985,0.21972741999999812,Virginia
huc8_only,4,8.0,8.0,huc8_02040101,mixed,02,0204,02040101,7,8,"01425000,01426500,01427000,01427207,01427301,01427510,01428500",1996-09-30,2007-05-07,10.598220396988363,True,0.5661666700000012,0.4097500000000025,"New York,Pennsylvania"
huc8_only,4,8.0,8.0,huc8_03130002,mixed,03,0313,03130002,7,7,"02336526,02336728,02337000,02337170,02337410,02337498,02338523",2014-10-01,2024-05-01,9.582477754962355,True,0.45374999999999943,0.7525277999999958,Georgia
huc8_only,4,8.0,8.0,huc8_03050101,mixed,03,0305,03050101,7,7,"02137727,02138520,02141500,0214196125,0214244102,0214264790,0214267602",2017-04-01,2026-08-25,9.399041752224504,True,0.48789164000000085,1.1029360999999938,North Carolina
huc8_only,4,8.0,8.0,huc8_17100301,mixed,17,1710,17100301,6,6,"14316460,14316495,14316500,14317450,14318000,14319500",1999-06-25,2024-10-20,25.322381930184804,True,0.07194510000000065,0.8987211999999971,Oregon
huc8_only,4,8.0,8.0,huc8_17090006,mixed,17,1709,17090006,6,6,"14185000,14185800,14185900,14186200,14187200,14187500",2007-10-24,2026-08-24,18.833675564681723,True,0.14833131999999694,0.4513965000000013,Oregon
huc8_only,4,8.0,8.0,huc8_11020002,mixed,11,1102,11020002,6,6,"07096000,07097000,07099400,07099969,07109500,381312104321001",2008-09-30,2026-08-24,17.897330595482547,True,0.2137756400000015,0.8586018000000024,Colorado
huc8_only,4,8.0,8.0,huc8_04090004,mixed,04,0409,04090004,6,6,"04166100,04166470,04166500,04167150,04167625,04168400",2001-10-24,2017-10-31,16.019164955509925,True,0.16305424000000102,0.17931831999999304,Michigan
huc8_only,4,8.0,8.0,huc8_17090003,mixed,17,1709,17090003,6,6,"14158100,14166000,14169000,14170000,14173500,14174000",2010-11-10,2026-08-24,15.786447638603697,True,0.5470661299999975,0.19354400000000282,Oregon
huc8_only,4,8.0,8.0,huc8_05020006,mixed,05,0502,05020006,6,6,"03076500,03077100,03077500,03079000,03081000,03083500",2012-10-01,2026-08-24,13.894592744695414,True,0.5866110999999989,0.5778610999999927,"Maryland,Pennsylvania"
huc8_only,4,8.0,8.0,huc8_10020004,mixed,10,1002,10020004,6,6,"06024450,06024580,06025250,06025500,06026210,06026420",2014-07-01,2026-08-24,12.147843942505133,True,0.4107276000000013,1.096266700000001,Montana
huc8_only,4,8.0,8.0,huc8_17110010,mixed,17,1711,17110010,6,6,"12147470,12147500,12147600,12148000,12148300,12148500",2016-10-01,2026-08-24,9.894592744695414,True,0.030452910000001054,0.22389870000000656,Washington
huc8_only,4,8.0,8.0,huc8_18010110,mixed,18,1801,18010110,6,6,"11462500,11463000,11463682,11463980,11465240,11467000",2016-10-01,2026-08-24,9.894592744695414,True,0.5180444600000058,0.3011244000000062,California
huc8_only,4,8.0,8.0,huc8_03060106,mixed,03,0306,03060106,6,6,"02197000,02197320,021973426,02197351,02197362,02197380",1984-06-07,1993-09-21,9.289527720739219,True,0.1554356299999995,0.4255859999999956,"Georgia,South Carolina"
huc8_only,4,8.0,8.0,huc8_11020003,mixed,11,1102,11020003,6,6,"07105530,07105800,07105815,07105820,07106000,07106500",2017-09-18,2026-08-24,8.930869267624914,True,0.5152690000000035,0.19472199999999873,Colorado
huc8_only,4,8.0,8.0,huc8_02040106,mixed,02,0204,02040106,6,7,"01447500,01447720,01447800,01449360,01449800,01454700",2017-10-01,2026-08-24,8.895277207392198,True,0.46101379999999637,0.49583480000001146,Pennsylvania
huc8_only,4,8.0,8.0,huc8_17070301,mixed,17,1707,17070301,6,6,"14070615,14070621,14070624,14070900,14076500,14091500",2017-10-31,2026-08-24,8.813141683778234,True,0.5951442,0.31161360000000116,Oregon
huc8_only,4,8.0,8.0,huc8_05010006,mixed,05,0501,05010006,6,6,"03034000,03034500,03036000,03038000,03039000,03039040",2018-05-31,2026-08-24,8.232717316906228,True,0.2844435499999989,0.6591326200000083,Pennsylvania
huc8_only,4,8.0,8.0,huc8_17110005,mixed,17,1711,17110005,6,6,"12172000,12173500,12178000,12179900,12181000,12182500",2018-06-27,2026-08-24,8.158795345653662,True,0.2513555000000025,0.4525336999999894,Washington
huc8_only,4,8.0,8.0,huc8_03050109,mixed,03,0305,03050109,5,5,"02163001,02167600,02167716,02168504,02169000",1996-10-02,2026-08-24,29.89185489390828,True,0.6000754000000015,1.3558003000000127,South Carolina
huc8_only,4,8.0,8.0,huc8_04060102,mixed,04,0406,04060102,5,5,"04121650,04121660,04121680,04121944,04121970",1998-10-21,2026-08-24,27.84120465434634,True,0.26277582000000166,0.19777969999999812,Michigan
huc8_only,4,8.0,8.0,huc8_02040202,mixed,02,0204,02040202,5,5,"01466500,01467150,01474703,01477050,01477120",1998-10-28,2026-08-24,27.822039698836413,True,0.16250000000000142,0.8610242099999965,"New Jersey,Pennsylvania"
huc8_only,4,8.0,8.0,huc8_03090101,mixed,03,0309,03090101,5,8,"02264000,02264100,02266200,02266300,02266495",2001-12-20,2025-11-16,23.906913073237508,True,0.11471883000000105,0.09694620000000498,Florida
huc8_only,4,8.0,8.0,huc8_17090002,mixed,17,1709,17090002,5,5,"14152500,14153500,14154500,14155500,14157500",2009-08-07,2026-08-24,17.045859000684462,True,0.3388930899999991,0.21146450000000527,Oregon
huc8_only,4,8.0,8.0,huc8_03150202,mixed,03,0315,03150202,5,6,"02423130,02423160,02423380,02423397,02423496",2011-08-08,2026-07-20,14.948665297741274,True,0.2530483399999994,0.23500340000001074,Alabama
huc8_only,4,8.0,8.0,huc8_17060208,mixed,17,1706,17060208,5,5,"13310800,13310850,13311000,13311250,13311450",2012-04-29,2026-06-30,14.168377823408624,True,0.04683299999999946,0.03455499999999745,Idaho
huc8_only,4,8.0,8.0,huc8_03160111,mixed,03,0316,03160111,5,5,"02455980,02457595,02458148,02458450,02458502",2014-07-26,2026-08-24,12.07939767282683,True,0.19356462999999735,0.19500190000000828,Alabama
huc8_only,4,8.0,8.0,huc8_05110001,mixed,05,0511,05110001,5,5,"03306000,03306500,03307000,03309000,03311500",2003-07-12,2014-11-30,11.38672142368241,True,0.128193330000002,0.9139020000000073,Kentucky
huc8_only,4,8.0,8.0,huc8_05020005,mixed,05,0502,05020005,5,5,"03072000,03072655,03073000,03075070,03085000",2013-09-30,2024-11-26,11.156741957563312,True,0.6318869899999981,0.21446369999999604,Pennsylvania
huc8_only,4,8.0,8.0,huc8_03110206,mixed,03,0311,03110206,5,5,"02321500,02321958,02322500,02322700,02322800",2017-01-19,2026-08-24,9.593429158110883,True,0.10388518999999974,0.4341787000000039,Florida
huc8_only,4,8.0,8.0,huc8_17010201,mixed,17,1701,17010201,5,5,"12323770,12323800,12324200,12324400,12324590",2017-03-29,2026-08-24,9.404517453798768,True,0.3391082999999995,0.05063330000000121,Montana
huc8_only,4,8.0,8.0,huc8_05030102,mixed,05,0503,05030102,5,5,"03094704,03102850,03102950,03103500,03104490",2017-04-27,2026-08-24,9.325119780971937,True,0.4649166699999938,0.3828332999999873,"Ohio,Pennsylvania"
huc8_only,4,8.0,8.0,huc8_05120201,mixed,05,0512,05120201,5,5,"03353200,03353415,03353420,03353611,03354000",2018-02-13,2026-08-24,8.525667351129364,True,0.44888336999999723,0.2000065999999947,Indiana
huc8_only,4,8.0,8.0,huc8_10300101,mixed,10,1030,10300101,5,8,"06893060,06893620,06893820,06893890,06894000",2011-12-20,2020-06-09,8.470910335386721,True,0.13433333999999775,0.1935517999999945,Missouri
huc8_only,4,8.0,8.0,huc8_03050208,mixed,03,0305,03050208,5,5,"02176585,02176603,02176611,02176635,02176640",1998-11-06,2007-03-20,8.366872005475702,True,0.1238823299999936,0.0455553999999978,South Carolina
huc8_only,4,8.0,8.0,huc8_02030103,mixed,02,0203,02030103,5,8,"01382500,01388000,01389005,01391100,01391500",2001-07-14,2009-09-07,8.150581793292266,True,0.12805554999999913,0.3205555100000055,New Jersey
huc8_only,4,8.0,8.0,huc8_03150104,mixed,03,0315,03150104,5,7,"02388975,02388985,02389150,02394000,02394682",2018-07-25,2026-08-24,8.082135523613964,True,0.3301110999999963,0.8346388000000076,Georgia
huc8_only,4,8.0,8.0,huc8_03100205,mixed,03,0310,03100205,5,5,"02304000,02304510,02304517,023060013,02306028",2017-10-26,2025-11-19,8.06570841889117,True,0.11249145000000027,0.09505290999999261,Florida
huc8_only,4,8.0,8.0,huc8_17070105,mixed,17,1707,17070105,4,4,"14105700,453712121071200,453845121562000,454249120423500",1996-06-26,2026-08-24,30.16016427104723,True,0.10518011999999999,1.2291883000000041,"Oregon,Washington"
huc8_only,4,8.0,8.0,huc8_04060103,mixed,04,0406,04060103,4,4,"04124000,04124200,04125460,04125550",1996-12-01,2026-08-24,29.727583846680357,True,0.24305230000000222,0.24294559999999876,Michigan
huc8_only,4,8.0,8.0,huc8_17110012,CEDAR RIVER,17,1711,17110012,4,4,"12115000,12116500,12117600,12119000",2001-05-05,2026-08-24,25.30321697467488,True,0.11249259999999595,0.5783537999999879,Washington
huc8_only,4,8.0,8.0,huc8_03010107,ROANOKE RIVER,03,0301,03010107,4,4,"0208062765,02081022,02081094,0208114150",2000-05-11,2022-01-05,21.65366187542779,True,0.5180555399999989,0.8575000000000017,North Carolina
huc8_only,4,8.0,8.0,huc8_03040207,AIW,03,0304,03040207,4,4,"02110755,02110760,02110770,02110777",2005-10-29,2026-08-25,20.82135523613963,True,0.11083361000000025,0.21084449999999322,South Carolina
huc8_only,4,8.0,8.0,huc8_10020005,mixed,10,1002,10020005,4,4,"06026500,06027600,06035000,06036650",2006-07-01,2026-08-24,20.147843942505133,True,0.28385309999999464,0.7337248000000045,Montana
huc8_only,4,8.0,8.0,huc8_10070002,Yellowstone River,10,1007,10070002,4,4,"06191500,06192500,06195750,06195950",2007-07-13,2026-08-24,19.11567419575633,True,0.7350427900000014,0.8529244000000062,Montana
huc8_only,4,8.0,8.0,huc8_07040006,mixed,07,0704,07040006,4,4,"05382255,05382257,05382267,05382284",2009-08-04,2026-08-24,17.05407255304586,True,0.03333336000000031,0.10777779999999382,Wisconsin
huc8_only,4,8.0,8.0,huc8_05060001,mixed,05,0506,05060001,4,4,"03219500,03220510,03228039,03228300",2010-10-01,2026-08-24,15.89596167008898,True,0.5797820000000016,0.3458480000000037,Ohio
huc8_only,4,8.0,8.0,huc8_08030207,mixed,08,0803,08030207,4,4,"07288000,07288280,07288500,07288650",2010-10-28,2024-10-22,13.984941820670773,True,0.8006641899999991,0.3046199000000058,Mississippi
huc8_only,4,8.0,8.0,huc8_05090203,mixed,05,0509,05090203,4,5,"03260100,03262001,03277075,03277130",2001-03-07,2014-09-29,13.56331279945243,True,0.2346754299999958,0.11888920000001235,Kentucky
huc8_only,4,8.0,8.0,huc8_11130206,Wichita Rv,11,1113,11130206,4,4,"07311900,07312100,07312500,07312700",1998-09-30,2011-09-29,12.996577686516085,True,0.35278074000000004,1.0919765999999953,Texas
huc8_only,4,8.0,8.0,huc8_05010007,mixed,05,0501,05010007,4,4,"03041500,03042000,03043810,03044000",2013-09-29,2026-08-24,12.900752908966462,True,0.05777500000000657,0.3647320000000036,Pennsylvania
huc8_only,4,8.0,8.0,huc8_05010005,mixed,05,0501,05010005,4,4,"03026480,03027500,03028000,03028500",2013-10-01,2026-05-06,12.594113620807667,True,0.15788287000000167,0.16080479000000025,Pennsylvania
huc8_only,4,8.0,8.0,huc8_02070010,mixed,02,0207,02070010,4,4,"01649190,01649500,01654500,01656903",2013-02-08,2025-06-03,12.314852840520192,True,0.21977602999999846,0.5059325000000001,"Maryland,Virginia"
huc8_only,4,8.0,8.0,huc8_17060306,CLEARWATER RIVER,17,1706,17060306,4,4,"13340000,13341050,13342500,13343000",2008-09-30,2021-01-05,12.265571526351813,True,0.06611110999999426,0.7102778000000001,Idaho
huc8_only,4,8.0,8.0,huc8_18040001,mixed,18,1804,18040001,4,5,"11261100,11261500,11262900,11273400",2010-10-01,2022-11-08,12.10403832991102,True,0.09949695000000247,0.12403240000000437,California
huc8_only,4,8.0,8.0,huc8_19020302,mixed,19,1902,19020302,4,5,"15258000,15260001,15261000,15266300",2015-07-21,2026-08-10,11.055441478439425,True,0.057784200000000396,1.269497699999988,Alaska
huc8_only,4,8.0,8.0,huc8_07070005,mixed,07,0707,07070005,4,8,"05406460,05406470,05406491,05406500",1985-01-03,1995-09-29,10.735112936344969,True,0.0238948100000016,0.09182249999999215,Wisconsin
huc8_only,4,8.0,8.0,huc8_02050305,mixed,02,0205,02050305,4,6,"01570500,0157155010,0157155014,01571820",1996-10-17,2007-07-10,10.726899383983573,True,0.404796189999999,0.5411017999999927,Pennsylvania
huc8_only,4,8.0,8.0,huc8_14050006,mixed,14,1405,14050006,4,5,"09306007,09306222,09306242,09306255",1975-01-22,1985-09-29,10.685831622176591,True,0.3424815699999968,0.2890835999999979,Colorado
huc8_only,4,8.0,8.0,huc8_02060003,mixed,02,0206,02060003,4,4,"01581752,01581920,01585075,01589290",2016-01-16,2026-08-23,10.600958247775496,True,0.25747222999999764,0.4191111100000029,Maryland
huc8_only,4,8.0,8.0,huc8_05100205,mixed,05,0510,05100205,4,4,"03287500,03288180,03289000,03289500",2016-06-24,2026-07-12,10.047912388774812,True,0.22555033999999807,0.37272220999999206,Kentucky
huc8_only,4,8.0,8.0,huc8_05130204,HARPETH RIVER,05,0513,05130204,4,4,"03432100,0343233905,034324146,03433500",2016-10-21,2026-08-24,9.839835728952773,True,0.2219985000000051,0.22962650000000906,Tennessee
huc8_only,4,8.0,8.0,huc8_03100101,mixed,03,0310,03100101,4,4,"02297345,02297350,02297460,02298202",2016-04-07,2025-11-19,9.618069815195073,True,0.10188639000000066,0.07162216999999771,Florida
huc8_only,4,8.0,8.0,huc8_02030105,mixed,02,0203,02030105,4,6,"01400500,01401000,01402000,01460595",2012-02-01,2021-08-30,9.57700205338809,True,0.2225000000000037,0.21777776999999787,New Jersey
huc8_only,4,8.0,8.0,huc8_10230006,Missouri River,10,1023,10230006,4,4,"06610000,06610505,410333095530101,412126095565201",2013-04-13,2022-06-24,9.196440793976729,True,0.29811919999999503,0.08527780000000007,"Iowa,Nebraska"
huc8_only,4,8.0,8.0,huc8_16050102,mixed,16,1605,16050102,4,5,"10348000,10348200,10350500,10351600",1989-08-26,1998-09-29,9.092402464065708,True,0.06701780999999585,0.3541811999999993,Nevada
huc8_only,4,8.0,8.0,huc8_10160003,mixed,10,1016,10160003,4,4,"06470500,06470830,06470875,06471000",1985-10-10,1994-09-30,8.971937029431896,True,0.7519449999999992,0.1943428999999952,"North Dakota,South Dakota"
huc8_only,4,8.0,8.0,huc8_02040203,mixed,02,0204,02040203,4,6,"01470779,01470960,01472157,01473500",2017-10-01,2026-08-24,8.895277207392198,True,0.29778874000000144,0.8154742999999911,Pennsylvania
huc8_only,4,8.0,8.0,huc8_03080101,ST. JOHNS RIVER,03,0308,03080101,4,4,"02232400,02234000,02234500,02236000",2007-12-12,2016-09-29,8.799452429842573,True,0.6385898999999995,0.510007299999998,Florida
huc8_only,4,8.0,8.0,huc8_07120004,mixed,07,0712,07120004,4,5,"05536995,05537980,05538010,05539670",2017-11-17,2026-08-24,8.766598220396988,True,0.22555556000000365,0.15447220000000073,Illinois
huc8_only,4,8.0,8.0,huc8_14080104,ANIMAS RIVER,14,1408,14080104,4,4,"09359020,09361500,09363500,09364500",2016-04-06,2024-10-09,8.509240246406572,True,1.065833000000005,0.533528000000004,"Colorado,New Mexico"
huc8_only,4,8.0,8.0,huc8_03050103,mixed,03,0305,03050103,4,4,"02145910,02147310,021474095,02147505",2018-04-01,2026-08-24,8.396988364134154,True,0.47530843999999917,0.12628589000000545,South Carolina
huc8_only,4,8.0,8.0,huc8_17110014,mixed,17,1711,17110014,4,4,"12098700,12100490,12101100,12101102",2016-06-08,2024-09-29,8.309377138945928,True,0.10497097000000366,0.2334995999999876,Washington
name_huc2,4,8.0,8.0,missouri_river_huc10,Missouri River,10,1023,10230006,18,21,"06054500,06066500,06115200,06177000,06330000,06342500,06467500,06486000,06610000,06610505,06807000,06813500,06818000,06893060,06906500,06934500,410333095530101,412126095565201",2013-04-13,2022-06-24,9.196440793976729,True,9.398250439999998,20.572166699999997,"Iowa,Missouri,Montana,Nebraska,North Dakota,South Dakota"
name_huc2,4,8.0,8.0,snake_river_huc17,SNAKE RIVER,17,1704,17040104,12,15,"13013650,13032500,13038500,13057000,13069500,13094000,13154500,13172500,13213100,13269000,13317660,13334300",2005-11-02,2015-09-30,9.908281998631075,True,3.431236549999994,6.267027800000008,"Idaho,Washington,Wyoming"
name_huc2,4,8.0,8.0,columbia_river_huc17,COLUMBIA RIVER,17,1707,17070105,9,10,"12438000,12514400,14019220,14019240,14105700,453712121071200,453845121562000,453845121564001,454314120413701",2013-07-24,2022-09-05,9.117043121149898,True,2.3982555199999993,2.8292373000000026,"Oregon,Washington"
name_huc2,4,8.0,8.0,au_sable_river_huc04,AU SABLE RIVER,04,0407,04070007,8,8,"04136000,04136500,04136900,04137005,04137020,04137025,04137030,04137500",1996-10-01,2026-08-17,29.87542778918549,True,0.24055483000000066,0.858653700000005,Michigan
name_huc2,4,8.0,8.0,delaware_river_huc02,DELAWARE RIVER,02,0204,02040101,8,12,"01427207,01427301,01427510,01432160,01432805,01434000,01474703,01477050",1993-08-11,2007-05-07,13.735797399041752,True,2.0304984400000023,0.6691630999999916,"New York,Pennsylvania"
name_huc2,4,8.0,8.0,arkansas_river_huc11,ARKANSAS RIVER,11,1102,11020001,8,10,"07086000,07096000,07097000,07099400,07109500,07119700,07120500,07164500",2012-03-13,2023-09-30,11.548254620123203,True,2.9021230900000035,10.2594687,"Colorado,Oklahoma"
name_huc2,4,8.0,8.0,colorado_river_huc14,COLORADO RIVER,14,1407,14070006,8,9,"09010500,09034250,09058000,09060799,09070500,09163500,09180500,09380000",2016-10-21,2026-08-24,9.839835728952773,True,3.461499670000002,5.731761219999996,"Arizona,Colorado,Utah"
name_huc2,4,8.0,8.0,chattahoochee_river_huc03,CHATTAHOOCHEE RIVER,03,0313,03130001,7,8,"02330450,02334430,02335000,02335450,02335815,02336000,02337170",2004-01-29,2022-06-05,18.349075975359344,True,1.0443055300000026,0.944361100000009,Georgia
name_huc2,4,8.0,8.0,rogue_river_huc17,ROGUE RIVER,17,1710,17100307,7,8,"14330000,14335075,14337600,14338100,14339000,14361500,14372300",1988-03-16,2000-09-30,12.542094455852157,True,0.29917580000000044,1.545852999999994,Oregon
name_huc2,4,8.0,8.0,yellowstone_river_huc10,Yellowstone River,10,1007,10070002,6,6,"06191500,06192500,06195750,06195950,06214500,06329500",2007-07-13,2026-08-24,19.11567419575633,True,2.5652944899999994,6.638255600000008,Montana
name_huc2,4,8.0,8.0,rio_grande_huc13,RIO GRANDE,13,1302,13020101,6,6,"08313000,08317400,08329918,08363510,08364000,08375300",2011-09-06,2026-03-17,14.52703627652293,True,6.688666999999999,3.9455659999999995,"New Mexico,Texas"
name_huc2,4,8.0,8.0,mahoning_river_huc05,Mahoning River,05,0503,05030103,6,6,"03086500,03090500,03091500,03094000,03098600,03099500",2010-11-20,2024-05-26,13.514031485284052,True,0.3063872000000032,0.5583598000000052,Ohio
name_huc2,4,8.0,8.0,willamette_river_huc17,WILLAMETTE RIVER,17,1709,17090003,6,6,"14158100,14166000,14174000,14192015,14197900,14211720",2010-11-10,2022-10-04,11.898699520876113,True,1.4258333299999961,0.5045368999999909,Oregon
name_huc2,4,8.0,8.0,trinity_rv_huc12,Trinity Rv,12,1203,12030105,6,7,"08057000,08057410,08062500,08065350,08067100,08067252",2015-02-12,2024-10-03,9.639972621492129,True,2.9624083,2.090637700000002,Texas
name_huc2,4,8.0,8.0,clark_fork_huc17,Clark Fork,17,1701,17010201,6,6,"12323800,12324200,12324400,12340500,12353650,12354700",2017-03-29,2026-08-24,9.404517453798768,True,1.1137023300000024,2.147461100000001,Montana
name_huc2,4,8.0,8.0,white_river_huc11,White River,11,1101,11010001,6,6,"07048600,07049691,07053450,07054501,07054527,07060500",2017-06-21,2026-08-24,9.174537987679672,True,0.522007539999997,1.9380555000000044,"Arkansas,Missouri"
name_huc2,4,8.0,8.0,roanoke_river_huc03,ROANOKE RIVER,03,0301,03010107,5,5,"02079500,0208062765,02081022,02081094,0208114150",2003-12-10,2021-10-24,17.872689938398356,True,0.7901426799999953,1.5749965199999991,"North Carolina,Virginia"
name_huc2,4,8.0,8.0,madison_river_huc10,Madison River,10,1002,10020007,5,5,"06037500,06038500,06038800,06040000,06041000",2011-03-16,2026-08-24,15.441478439425051,True,0.8331587999999996,0.683669100000003,Montana
name_huc2,4,8.0,8.0,waccamaw_river_huc03,WACCAMAW RIVER,03,0304,03040206,5,5,"02110500,02110550,02110704,02110802,021108125",2013-06-22,2026-08-25,13.174537987679672,True,0.40611466000000007,0.4119692000000015,South Carolina
name_huc2,4,8.0,8.0,savannah_river_huc03,SAVANNAH RIVER,03,0306,03060109,5,6,"02198920,021989715,021989773,0219897993,02198980",2013-08-16,2026-08-25,13.023956194387406,True,0.12952777000000282,0.24886109999999917,"Georgia,South Carolina"
name_huc2,4,8.0,8.0,san_juan_river_huc14,SAN JUAN RIVER,14,1408,14080201,5,5,"09355500,09365000,09368000,09371010,09379500",2014-03-11,2026-08-24,12.454483230663929,True,0.4276611100000025,2.168049999999994,"Colorado,New Mexico,Utah"
name_huc2,4,8.0,8.0,big_hole_river_huc10,Big Hole River,10,1002,10020004,5,5,"06024450,06024580,06025250,06025500,06026210",2014-07-01,2026-08-24,12.147843942505133,True,0.4107276000000013,0.9008500000000055,Montana
name_huc2,4,8.0,8.0,kankakee_river_huc07,KANKAKEE RIVER,07,0712,07120001,5,5,"05515500,05517500,05518000,05527000,05527500",2016-04-09,2026-08-24,10.373716632443532,True,0.20682548999999995,1.4805555000000084,"Illinois,Indiana"
name_huc2,4,8.0,8.0,mckenzie_river_huc17,MCKENZIE RIVER,17,1709,17090004,5,5,"14158500,14158740,14159110,14162500,14163900",2017-07-20,2026-08-24,9.095140314852841,True,0.2911052999999981,0.7755702000000042,Oregon
name_huc2,4,8.0,8.0,truckee_rv_huc16,TRUCKEE RV,16,1605,16050102,5,5,"10348000,10348200,10350500,10351650,10351700",1989-08-26,1998-09-29,9.092402464065708,True,0.2597555299999996,0.512242999999998,Nevada
name_huc2,4,8.0,8.0,catawba_river_huc03,CATAWBA RIVER,03,0305,03050101,5,5,"02141500,0214196125,0214244102,02145910,02147310",2018-04-01,2026-08-24,8.396988364134154,True,1.2238412000000025,0.5400995999999907,"North Carolina,South Carolina"
name_huc2,4,8.0,8.0,muskegon_river_huc04,MUSKEGON RIVER,04,0406,04060102,4,4,"04121650,04121660,04121680,04121970",1998-10-21,2026-08-24,27.84120465434634,True,0.2588884200000052,0.19777969999999812,Michigan
name_huc2,4,8.0,8.0,cedar_river_huc17,CEDAR RIVER,17,1711,17110012,4,4,"12115000,12116500,12117600,12119000",2001-05-05,2026-08-24,25.30321697467488,True,0.11249259999999595,0.5783537999999879,Washington
name_huc2,4,8.0,8.0,klamath_river_huc18,KLAMATH RIVER,18,1801,18010204,4,4,"11509370,11509500,420853121505500,420853121505501",2005-12-21,2026-08-19,20.659822039698838,True,0.02017258000000055,0.11362029999999379,Oregon
name_huc2,4,8.0,8.0,reedy_creek_huc03,REEDY CREEK,03,0309,03090101,4,4,"02266298,02266300,02266320,02266495",1985-01-24,2001-05-11,16.292950034223136,True,0.07277493000000135,0.03722270000000094,Florida
name_huc2,4,8.0,8.0,cahaba_river_huc03,CAHABA RIVER,03,0315,03150202,4,4,"02423130,02423160,02423380,02423496",2011-08-08,2026-07-20,14.948665297741274,True,0.2530483399999994,0.23500340000001074,Alabama
name_huc2,4,8.0,8.0,youghiogheny_river_huc05,Youghiogheny River,05,0502,05020006,4,4,"03076500,03077500,03081000,03083500",2012-10-01,2026-08-24,13.894592744695414,True,0.5866110999999989,0.4424925000000002,"Maryland,Pennsylvania"
name_huc2,4,8.0,8.0,green_river_huc05,GREEN RIVER,05,0511,05110001,4,5,"03306000,03306500,03309000,03321500",2013-08-10,2026-08-24,13.037645448323067,True,0.6783289500000009,2.0625446000000096,Kentucky
name_huc2,4,8.0,8.0,wichita_rv_huc11,Wichita Rv,11,1113,11130206,4,4,"07311900,07312100,07312500,07312700",1998-09-30,2011-09-29,12.996577686516085,True,0.35278074000000004,1.0919765999999953,Texas
name_huc2,4,8.0,8.0,clearwater_river_huc17,CLEARWATER RIVER,17,1706,17060306,4,4,"13340000,13341050,13342500,13343000",2008-09-30,2021-01-05,12.265571526351813,True,0.06611110999999426,0.7102778000000001,Idaho
name_huc2,4,8.0,8.0,santa_fe_river_huc03,SANTA FE RIVER,03,0311,03110206,4,4,"02321500,02321958,02322500,02322800",2015-10-14,2026-08-24,10.861054072553046,True,0.07305961000000138,0.4341787000000039,Florida
name_huc2,4,8.0,8.0,red_river_of_the_north_huc09,RED RIVER OF THE NORTH,09,0902,09020104,4,4,"05054000,05054200,05064500,05082500",2007-03-31,2017-09-30,10.50239561943874,True,1.0658329999999978,0.24555600000000766,North Dakota
name_huc2,4,8.0,8.0,cooper_r_huc03,COOPER R,03,0305,03050201,4,4,"02172050,02172053,021720677,0217206935",2016-07-01,2026-08-25,10.149212867898699,True,0.20197223000000264,0.04000329999999508,South Carolina
name_huc2,4,8.0,8.0,harpeth_river_huc05,HARPETH RIVER,05,0513,05130204,4,4,"03432100,0343233905,034324146,03433500",2016-10-21,2026-08-24,9.839835728952773,True,0.2219985000000051,0.22962650000000906,Tennessee
name_huc2,4,8.0,8.0,james_river_huc10,JAMES RIVER,10,1016,10160003,4,4,"06470500,06470830,06471000,06478500",1985-10-10,1994-09-30,8.971937029431896,True,3.1697229999999976,0.6747220000000027,"North Dakota,South Dakota"
name_huc2,4,8.0,8.0,st_johns_river_huc03,ST. JOHNS RIVER,03,0308,03080101,4,6,"02232400,02234000,02234500,02236000",2007-12-12,2016-09-29,8.799452429842573,True,0.6385898999999995,0.510007299999998,Florida
name_huc2,4,8.0,8.0,suwannee_river_huc03,SUWANNEE RIVER,03,0311,03110201,4,4,"02315550,02319800,02320500,02323592",2017-04-14,2025-12-03,8.63791923340178,True,1.0535932599999995,0.3220942000000093,Florida
name_huc2,4,8.0,8.0,animas_river_huc14,ANIMAS RIVER,14,1408,14080104,4,4,"09359020,09361500,09363500,09364500",2016-04-06,2024-10-09,8.509240246406572,True,1.065833000000005,0.533528000000004,"Colorado,New Mexico"
name_huc2,4,8.0,8.0,allegheny_river_huc05,Allegheny River,05,0501,05010001,4,4,"03007800,03011020,03012550,03039040",2018-05-31,2026-08-13,8.202600958247775,True,1.4721110999999993,1.3747087100000073,"New York,Pennsylvania"
name_huc4,4,8.0,8.0,au_sable_river_huc4_0407,AU SABLE RIVER,04,0407,04070007,8,8,"04136000,04136500,04136900,04137005,04137020,04137025,04137030,04137500",1996-10-01,2026-08-17,29.87542778918549,True,0.24055483000000066,0.858653700000005,Michigan
name_huc4,4,8.0,8.0,delaware_river_huc4_0204,DELAWARE RIVER,02,0204,02040101,8,12,"01427207,01427301,01427510,01432160,01432805,01434000,01474703,01477050",1993-08-11,2007-05-07,13.735797399041752,True,2.0304984400000023,0.6691630999999916,"New York,Pennsylvania"
name_huc4,4,8.0,8.0,chattahoochee_river_huc4_0313,CHATTAHOOCHEE RIVER,03,0313,03130001,7,8,"02330450,02334430,02335000,02335450,02335815,02336000,02337170",2004-01-29,2022-06-05,18.349075975359344,True,1.0443055300000026,0.944361100000009,Georgia
name_huc4,4,8.0,8.0,arkansas_river_huc4_1102,ARKANSAS RIVER,11,1102,11020001,7,9,"07086000,07096000,07097000,07099400,07109500,07119700,07120500",2012-03-13,2026-08-24,14.447638603696099,True,0.9774855699999989,2.5797960000000018,Colorado
name_huc4,4,8.0,8.0,rogue_river_huc4_1710,ROGUE RIVER,17,1710,17100307,7,8,"14330000,14335075,14337600,14338100,14339000,14361500,14372300",1988-03-16,2000-09-30,12.542094455852157,True,0.29917580000000044,1.545852999999994,Oregon
name_huc4,4,8.0,8.0,mahoning_river_huc4_0503,Mahoning River,05,0503,05030103,6,6,"03086500,03090500,03091500,03094000,03098600,03099500",2010-11-20,2024-05-26,13.514031485284052,True,0.3063872000000032,0.5583598000000052,Ohio
name_huc4,4,8.0,8.0,columbia_river_huc4_1707,COLUMBIA RIVER,17,1707,17070105,6,6,"14019220,14019240,14105700,453712121071200,453845121562000,454314120413701",2009-09-30,2022-09-05,12.930869267624914,True,0.33296591999999947,2.6470094000000017,"Oregon,Washington"
name_huc4,4,8.0,8.0,willamette_river_huc4_1709,WILLAMETTE RIVER,17,1709,17090003,6,6,"14158100,14166000,14174000,14192015,14197900,14211720",2010-11-10,2022-10-04,11.898699520876113,True,1.4258333299999961,0.5045368999999909,Oregon
name_huc4,4,8.0,8.0,snake_river_huc4_1704,SNAKE RIVER,17,1704,17040104,6,6,"13013650,13032500,13038500,13057000,13069500,13094000",2005-11-02,2015-09-30,9.908281998631075,True,1.0869444799999997,3.996750000000006,"Idaho,Wyoming"
name_huc4,4,8.0,8.0,colorado_river_huc4_1401,COLORADO RIVER,14,1401,14010001,6,7,"09010500,09034250,09058000,09060799,09070500,09163500",2016-10-21,2026-08-24,9.839835728952773,True,1.1930896000000004,3.1709648500000043,Colorado
name_huc4,4,8.0,8.0,trinity_rv_huc4_1203,Trinity Rv,12,1203,12030105,6,7,"08057000,08057410,08062500,08065350,08067100,08067252",2015-02-12,2024-10-03,9.639972621492129,True,2.9624083,2.090637700000002,Texas
name_huc4,4,8.0,8.0,clark_fork_huc4_1701,Clark Fork,17,1701,17010201,6,6,"12323800,12324200,12324400,12340500,12353650,12354700",2017-03-29,2026-08-24,9.404517453798768,True,1.1137023300000024,2.147461100000001,Montana
name_huc4,4,8.0,8.0,white_river_huc4_1101,White River,11,1101,11010001,6,6,"07048600,07049691,07053450,07054501,07054527,07060500",2017-06-21,2026-08-24,9.174537987679672,True,0.522007539999997,1.9380555000000044,"Arkansas,Missouri"
name_huc4,4,8.0,8.0,yellowstone_river_huc4_1007,Yellowstone River,10,1007,10070002,5,5,"06191500,06192500,06195750,06195950,06214500",2007-07-13,2026-08-24,19.11567419575633,True,0.7350427900000014,2.3256357000000065,Montana
name_huc4,4,8.0,8.0,roanoke_river_huc4_0301,ROANOKE RIVER,03,0301,03010107,5,5,"02079500,0208062765,02081022,02081094,0208114150",2003-12-10,2021-10-24,17.872689938398356,True,0.7901426799999953,1.5749965199999991,"North Carolina,Virginia"
name_huc4,4,8.0,8.0,madison_river_huc4_1002,Madison River,10,1002,10020007,5,5,"06037500,06038500,06038800,06040000,06041000",2011-03-16,2026-08-24,15.441478439425051,True,0.8331587999999996,0.683669100000003,Montana
name_huc4,4,8.0,8.0,waccamaw_river_huc4_0304,WACCAMAW RIVER,03,0304,03040206,5,5,"02110500,02110550,02110704,02110802,021108125",2013-06-22,2026-08-25,13.174537987679672,True,0.40611466000000007,0.4119692000000015,South Carolina
name_huc4,4,8.0,8.0,savannah_river_huc4_0306,SAVANNAH RIVER,03,0306,03060109,5,6,"02198920,021989715,021989773,0219897993,02198980",2013-08-16,2026-08-25,13.023956194387406,True,0.12952777000000282,0.24886109999999917,"Georgia,South Carolina"
name_huc4,4,8.0,8.0,snake_river_huc4_1706,SNAKE RIVER,17,1706,17060103,5,5,"13317660,13334300,13343860,13352600,13353010",2009-09-30,2022-10-02,13.00479123887748,True,0.5799966399999974,2.0231780000000015,"Idaho,Washington"
name_huc4,4,8.0,8.0,san_juan_river_huc4_1408,SAN JUAN RIVER,14,1408,14080201,5,5,"09355500,09365000,09368000,09371010,09379500",2014-03-11,2026-08-24,12.454483230663929,True,0.4276611100000025,2.168049999999994,"Colorado,New Mexico,Utah"
name_huc4,4,8.0,8.0,big_hole_river_huc4_1002,Big Hole River,10,1002,10020004,5,5,"06024450,06024580,06025250,06025500,06026210",2014-07-01,2026-08-24,12.147843942505133,True,0.4107276000000013,0.9008500000000055,Montana
name_huc4,4,8.0,8.0,kankakee_river_huc4_0712,KANKAKEE RIVER,07,0712,07120001,5,5,"05515500,05517500,05518000,05527000,05527500",2016-04-09,2026-08-24,10.373716632443532,True,0.20682548999999995,1.4805555000000084,"Illinois,Indiana"
name_huc4,4,8.0,8.0,missouri_river_huc4_1023,Missouri River,10,1023,10230006,5,5,"06486000,06610000,06610505,410333095530101,412126095565201",2013-04-13,2022-06-24,9.196440793976729,True,1.426841439999997,0.5505832999999996,"Iowa,Nebraska"
name_huc4,4,8.0,8.0,mckenzie_river_huc4_1709,MCKENZIE RIVER,17,1709,17090004,5,5,"14158500,14158740,14159110,14162500,14163900",2017-07-20,2026-08-24,9.095140314852841,True,0.2911052999999981,0.7755702000000042,Oregon
name_huc4,4,8.0,8.0,truckee_rv_huc4_1605,TRUCKEE RV,16,1605,16050102,5,5,"10348000,10348200,10350500,10351650,10351700",1989-08-26,1998-09-29,9.092402464065708,True,0.2597555299999996,0.512242999999998,Nevada
name_huc4,4,8.0,8.0,catawba_river_huc4_0305,CATAWBA RIVER,03,0305,03050101,5,5,"02141500,0214196125,0214244102,02145910,02147310",2018-04-01,2026-08-24,8.396988364134154,True,1.2238412000000025,0.5400995999999907,"North Carolina,South Carolina"
name_huc4,4,8.0,8.0,muskegon_river_huc4_0406,MUSKEGON RIVER,04,0406,04060102,4,4,"04121650,04121660,04121680,04121970",1998-10-21,2026-08-24,27.84120465434634,True,0.2588884200000052,0.19777969999999812,Michigan
name_huc4,4,8.0,8.0,cedar_river_huc4_1711,CEDAR RIVER,17,1711,17110012,4,4,"12115000,12116500,12117600,12119000",2001-05-05,2026-08-24,25.30321697467488,True,0.11249259999999595,0.5783537999999879,Washington
name_huc4,4,8.0,8.0,klamath_river_huc4_1801,KLAMATH RIVER,18,1801,18010204,4,4,"11509370,11509500,420853121505500,420853121505501",2005-12-21,2026-08-19,20.659822039698838,True,0.02017258000000055,0.11362029999999379,Oregon
name_huc4,4,8.0,8.0,snake_river_huc4_1705,SNAKE RIVER,17,1705,17050101,4,4,"13154500,13172500,13213100,13269000",1999-05-01,2015-10-18,16.465434633812457,True,1.2433333600000012,1.7800000000000011,Idaho
name_huc4,4,8.0,8.0,reedy_creek_huc4_0309,REEDY CREEK,03,0309,03090101,4,4,"02266298,02266300,02266320,02266495",1985-01-24,2001-05-11,16.292950034223136,True,0.07277493000000135,0.03722270000000094,Florida
name_huc4,4,8.0,8.0,cahaba_river_huc4_0315,CAHABA RIVER,03,0315,03150202,4,4,"02423130,02423160,02423380,02423496",2011-08-08,2026-07-20,14.948665297741274,True,0.2530483399999994,0.23500340000001074,Alabama
name_huc4,4,8.0,8.0,youghiogheny_river_huc4_0502,Youghiogheny River,05,0502,05020006,4,4,"03076500,03077500,03081000,03083500",2012-10-01,2026-08-24,13.894592744695414,True,0.5866110999999989,0.4424925000000002,"Maryland,Pennsylvania"
name_huc4,4,8.0,8.0,green_river_huc4_0511,GREEN RIVER,05,0511,05110001,4,5,"03306000,03306500,03309000,03321500",2013-08-10,2026-08-24,13.037645448323067,True,0.6783289500000009,2.0625446000000096,Kentucky
name_huc4,4,8.0,8.0,wichita_rv_huc4_1113,Wichita Rv,11,1113,11130206,4,4,"07311900,07312100,07312500,07312700",1998-09-30,2011-09-29,12.996577686516085,True,0.35278074000000004,1.0919765999999953,Texas
name_huc4,4,8.0,8.0,clearwater_river_huc4_1706,CLEARWATER RIVER,17,1706,17060306,4,4,"13340000,13341050,13342500,13343000",2008-09-30,2021-01-05,12.265571526351813,True,0.06611110999999426,0.7102778000000001,Idaho
name_huc4,4,8.0,8.0,santa_fe_river_huc4_0311,SANTA FE RIVER,03,0311,03110206,4,4,"02321500,02321958,02322500,02322800",2015-10-14,2026-08-24,10.861054072553046,True,0.07305961000000138,0.4341787000000039,Florida
name_huc4,4,8.0,8.0,red_river_of_the_north_huc4_0902,RED RIVER OF THE NORTH,09,0902,09020104,4,4,"05054000,05054200,05064500,05082500",2007-03-31,2017-09-30,10.50239561943874,True,1.0658329999999978,0.24555600000000766,North Dakota
name_huc4,4,8.0,8.0,cooper_r_huc4_0305,COOPER R,03,0305,03050201,4,4,"02172050,02172053,021720677,0217206935",2016-07-01,2026-08-25,10.149212867898699,True,0.20197223000000264,0.04000329999999508,South Carolina
name_huc4,4,8.0,8.0,harpeth_river_huc4_0513,HARPETH RIVER,05,0513,05130204,4,4,"03432100,0343233905,034324146,03433500",2016-10-21,2026-08-24,9.839835728952773,True,0.2219985000000051,0.22962650000000906,Tennessee
name_huc4,4,8.0,8.0,james_river_huc4_1016,JAMES RIVER,10,1016,10160003,4,4,"06470500,06470830,06471000,06478500",1985-10-10,1994-09-30,8.971937029431896,True,3.1697229999999976,0.6747220000000027,"North Dakota,South Dakota"
name_huc4,4,8.0,8.0,st_johns_river_huc4_0308,ST. JOHNS RIVER,03,0308,03080101,4,6,"02232400,02234000,02234500,02236000",2007-12-12,2016-09-29,8.799452429842573,True,0.6385898999999995,0.510007299999998,Florida
name_huc4,4,8.0,8.0,suwannee_river_huc4_0311,SUWANNEE RIVER,03,0311,03110201,4,4,"02315550,02319800,02320500,02323592",2017-04-14,2025-12-03,8.63791923340178,True,1.0535932599999995,0.3220942000000093,Florida
name_huc4,4,8.0,8.0,animas_river_huc4_1408,ANIMAS RIVER,14,1408,14080104,4,4,"09359020,09361500,09363500,09364500",2016-04-06,2024-10-09,8.509240246406572,True,1.065833000000005,0.533528000000004,"Colorado,New Mexico"
name_huc4,4,8.0,8.0,allegheny_river_huc4_0501,Allegheny River,05,0501,05010001,4,4,"03007800,03011020,03012550,03039040",2018-05-31,2026-08-13,8.202600958247775,True,1.4721110999999993,1.3747087100000073,"New York,Pennsylvania"
name_huc8,4,8.0,8.0,au_sable_river_huc8_04070007,AU SABLE RIVER,04,0407,04070007,8,8,"04136000,04136500,04136900,04137005,04137020,04137025,04137030,04137500",1996-10-01,2026-08-17,29.87542778918549,True,0.24055483000000066,0.858653700000005,Michigan
name_huc8,4,8.0,8.0,chattahoochee_river_huc8_03130001,CHATTAHOOCHEE RIVER,03,0313,03130001,6,6,"02330450,02334430,02335000,02335450,02335815,02336000",2004-01-29,2022-06-05,18.349075975359344,True,0.841805530000002,0.7251944000000066,Georgia
name_huc8,4,8.0,8.0,mahoning_river_huc8_05030103,Mahoning River,05,0503,05030103,6,6,"03086500,03090500,03091500,03094000,03098600,03099500",2010-11-20,2024-05-26,13.514031485284052,True,0.3063872000000032,0.5583598000000052,Ohio
name_huc8,4,8.0,8.0,madison_river_huc8_10020007,Madison River,10,1002,10020007,5,5,"06037500,06038500,06038800,06040000,06041000",2011-03-16,2026-08-24,15.441478439425051,True,0.8331587999999996,0.683669100000003,Montana
name_huc8,4,8.0,8.0,waccamaw_river_huc8_03040206,WACCAMAW RIVER,03,0304,03040206,5,5,"02110500,02110550,02110704,02110802,021108125",2013-06-22,2026-08-25,13.174537987679672,True,0.40611466000000007,0.4119692000000015,South Carolina
name_huc8,4,8.0,8.0,savannah_river_huc8_03060109,SAVANNAH RIVER,03,0306,03060109,5,5,"02198920,021989715,021989773,0219897993,02198980",2013-08-16,2026-08-25,13.023956194387406,True,0.12952777000000282,0.24886109999999917,"Georgia,South Carolina"
name_huc8,4,8.0,8.0,rogue_river_huc8_17100307,ROGUE RIVER,17,1710,17100307,5,5,"14330000,14335075,14337600,14338100,14339000",1988-03-16,2000-09-30,12.542094455852157,True,0.20472476999999856,0.32667329999999595,Oregon
name_huc8,4,8.0,8.0,big_hole_river_huc8_10020004,Big Hole River,10,1002,10020004,5,5,"06024450,06024580,06025250,06025500,06026210",2014-07-01,2026-08-24,12.147843942505133,True,0.4107276000000013,0.9008500000000055,Montana
name_huc8,4,8.0,8.0,kankakee_river_huc8_07120001,KANKAKEE RIVER,07,0712,07120001,5,5,"05515500,05517500,05518000,05527000,05527500",2016-04-09,2026-08-24,10.373716632443532,True,0.20682548999999995,1.4805555000000084,"Illinois,Indiana"
name_huc8,4,8.0,8.0,colorado_river_huc8_14010001,COLORADO RIVER,14,1401,14010001,5,6,"09010500,09034250,09058000,09060799,09070500",2016-10-21,2026-08-24,9.839835728952773,True,0.6812219000000042,1.2219029000000035,Colorado
name_huc8,4,8.0,8.0,mckenzie_river_huc8_17090004,MCKENZIE RIVER,17,1709,17090004,5,5,"14158500,14158740,14159110,14162500,14163900",2017-07-20,2026-08-24,9.095140314852841,True,0.2911052999999981,0.7755702000000042,Oregon
name_huc8,4,8.0,8.0,muskegon_river_huc8_04060102,MUSKEGON RIVER,04,0406,04060102,4,4,"04121650,04121660,04121680,04121970",1998-10-21,2026-08-24,27.84120465434634,True,0.2588884200000052,0.19777969999999812,Michigan
name_huc8,4,8.0,8.0,cedar_river_huc8_17110012,CEDAR RIVER,17,1711,17110012,4,4,"12115000,12116500,12117600,12119000",2001-05-05,2026-08-24,25.30321697467488,True,0.11249259999999595,0.5783537999999879,Washington
name_huc8,4,8.0,8.0,roanoke_river_huc8_03010107,ROANOKE RIVER,03,0301,03010107,4,4,"0208062765,02081022,02081094,0208114150",2000-05-11,2022-01-05,21.65366187542779,True,0.5180555399999989,0.8575000000000017,North Carolina
name_huc8,4,8.0,8.0,yellowstone_river_huc8_10070002,Yellowstone River,10,1007,10070002,4,4,"06191500,06192500,06195750,06195950",2007-07-13,2026-08-24,19.11567419575633,True,0.7350427900000014,0.8529244000000062,Montana
name_huc8,4,8.0,8.0,arkansas_river_huc8_11020002,ARKANSAS RIVER,11,1102,11020002,4,4,"07096000,07097000,07099400,07109500",2008-09-30,2026-08-24,17.897330595482547,True,0.1858307400000001,0.8586018000000024,Colorado
name_huc8,4,8.0,8.0,reedy_creek_huc8_03090101,REEDY CREEK,03,0309,03090101,4,4,"02266298,02266300,02266320,02266495",1985-01-24,2001-05-11,16.292950034223136,True,0.07277493000000135,0.03722270000000094,Florida
name_huc8,4,8.0,8.0,cahaba_river_huc8_03150202,CAHABA RIVER,03,0315,03150202,4,4,"02423130,02423160,02423380,02423496",2011-08-08,2026-07-20,14.948665297741274,True,0.2530483399999994,0.23500340000001074,Alabama
name_huc8,4,8.0,8.0,youghiogheny_river_huc8_05020006,Youghiogheny River,05,0502,05020006,4,4,"03076500,03077500,03081000,03083500",2012-10-01,2026-08-24,13.894592744695414,True,0.5866110999999989,0.4424925000000002,"Maryland,Pennsylvania"
name_huc8,4,8.0,8.0,wichita_rv_huc8_11130206,Wichita Rv,11,1113,11130206,4,4,"07311900,07312100,07312500,07312700",1998-09-30,2011-09-29,12.996577686516085,True,0.35278074000000004,1.0919765999999953,Texas
name_huc8,4,8.0,8.0,clearwater_river_huc8_17060306,CLEARWATER RIVER,17,1706,17060306,4,4,"13340000,13341050,13342500,13343000",2008-09-30,2021-01-05,12.265571526351813,True,0.06611110999999426,0.7102778000000001,Idaho
name_huc8,4,8.0,8.0,green_river_huc8_05110001,GREEN RIVER,05,0511,05110001,4,4,"03306000,03306500,03309000,03311500",2003-07-12,2014-11-30,11.38672142368241,True,0.07362284999999957,0.9139020000000073,Kentucky
name_huc8,4,8.0,8.0,santa_fe_river_huc8_03110206,SANTA FE RIVER,03,0311,03110206,4,4,"02321500,02321958,02322500,02322800",2015-10-14,2026-08-24,10.861054072553046,True,0.07305961000000138,0.4341787000000039,Florida
name_huc8,4,8.0,8.0,cooper_r_huc8_03050201,COOPER R,03,0305,03050201,4,4,"02172050,02172053,021720677,0217206935",2016-07-01,2026-08-25,10.149212867898699,True,0.20197223000000264,0.04000329999999508,South Carolina
name_huc8,4,8.0,8.0,harpeth_river_huc8_05130204,HARPETH RIVER,05,0513,05130204,4,4,"03432100,0343233905,034324146,03433500",2016-10-21,2026-08-24,9.839835728952773,True,0.2219985000000051,0.22962650000000906,Tennessee
name_huc8,4,8.0,8.0,missouri_river_huc8_10230006,Missouri River,10,1023,10230006,4,4,"06610000,06610505,410333095530101,412126095565201",2013-04-13,2022-06-24,9.196440793976729,True,0.29811919999999503,0.08527780000000007,"Iowa,Nebraska"
name_huc8,4,8.0,8.0,st_johns_river_huc8_03080101,ST. JOHNS RIVER,03,0308,03080101,4,4,"02232400,02234000,02234500,02236000",2007-12-12,2016-09-29,8.799452429842573,True,0.6385898999999995,0.510007299999998,Florida
name_huc8,4,8.0,8.0,animas_river_huc8_14080104,ANIMAS RIVER,14,1408,14080104,4,4,"09359020,09361500,09363500,09364500",2016-04-06,2024-10-09,8.509240246406572,True,1.065833000000005,0.533528000000004,"Colorado,New Mexico"
huc8_only,4,6.0,6.0,huc8_03130001,mixed,03,0313,03130001,28,32,"02330450,02334430,02334480,02334578,02334652,02334653,02334654,02334885,02335000,02335350,02335400,02335405,02335450,02335777,02335778,02335779,02335880,02336000,02336030,02336120,02336152,023362095,02336240,02336300,02336313,02336340,02336360,02336410",2018-04-30,2026-08-24,8.317590691307323,True,0.8978889000000052,0.7251944000000066,Georgia
huc8_only,4,6.0,6.0,huc8_03070103,mixed,03,0307,03070103,21,29,"02203603,02203655,02203831,02203863,02203873,02203900,02203950,02203960,02204037,02205000,02205865,02206500,02207120,02207135,02207160,02207185,02207385,02207400,02208150,02208450,02208493",2019-09-06,2026-08-25,6.967830253251198,True,0.3734444400000001,0.6368611000000044,Georgia
huc8_only,4,6.0,6.0,huc8_17090004,mixed,17,1709,17090004,18,18,"14158500,14158740,14158790,14158798,14158850,14159100,14159110,14159200,14159500,14161100,14161500,14162200,14162500,14163150,14163900,14164550,14164700,14164900",2017-08-11,2026-07-20,8.93908281998631,True,0.3138874999999999,0.9689101000000022,Oregon
huc8_only,4,6.0,6.0,huc8_03080103,mixed,03,0308,03080103,18,23,"02244040,02245290,02245340,022462002,02246459,02246500,02246518,02246751,02246804,300803081354500,301057081414800,301124081395901,301204081434900,301510081383500,301817081393600,302309081333001,302609081453300,302657081312400",2018-05-10,2025-12-07,7.578370978781656,True,0.858579670000001,0.2359000000000009,Florida
huc8_only,4,6.0,6.0,huc8_02040104,mixed,02,0204,02040104,18,20,"01432110,01432160,01432495,01432805,01433005,01433500,01434000,0143400680,01434021,01434025,01434498,01435000,01436000,01436655,01436690,01437500,01438500,01440400",2020-01-11,2026-08-24,6.617385352498289,True,0.926296200000003,0.8001811000000032,"New York,Pennsylvania"
huc8_only,4,6.0,6.0,huc8_02040205,mixed,02,0204,02040205,17,20,"01478000,01478100,01478137,01478185,01478220,01478245,01478650,01478950,01479000,01480000,01480400,01480500,01480617,01480629,01480870,01481000,01482695",2020-05-27,2026-08-24,6.242299794661191,True,0.47327054000000146,0.2518209999999925,"Delaware,Pennsylvania"
huc8_only,4,6.0,6.0,huc8_03060109,mixed,03,0306,03060109,16,16,"02198744,02198750,02198810,02198820,02198840,02198920,02198950,02198955,021989715,021989773,021989784,021989792,021989793,0219897945,0219897993,02198980",2019-06-04,2026-08-22,7.216974674880219,True,0.3164722200000014,0.27197219999999334,"Georgia,South Carolina"
huc8_only,4,6.0,6.0,huc8_02040202,mixed,02,0204,02040202,16,16,"01465880,01466500,01466900,01467000,01467005,01467024,014670261,01467081,01467087,01467150,01474703,01475530,01475548,01477050,01477070,01477120",2020-03-12,2026-08-18,6.433949349760438,True,0.3523888900000003,0.8610242099999965,"New Jersey,Pennsylvania"
huc8_only,4,6.0,6.0,huc8_01090004,mixed,01,0109,01090004,14,14,"01115098,01115110,01115114,01115120,01115170,01115183,01115184,01115187,01115190,01115265,01115275,01115276,01115280,01115297",2009-05-28,2023-10-17,14.387405886379192,True,0.08777729999999906,0.12055970000000116,Rhode Island
huc8_only,4,6.0,6.0,huc8_05140102,mixed,05,0514,05140102,14,14,"03293510,03297800,03297900,03298000,03298135,03298150,03298200,03298250,03298300,03301900,03301940,03302000,03302030,03302050",2013-09-30,2025-09-25,11.986310746064339,True,0.2942366600000028,0.4113946000000084,Kentucky
huc8_only,4,6.0,6.0,huc8_03100207,mixed,03,0310,03100207,12,12,"02310308,02310650,02310673,02310674,02310689,02310690,02310700,02310740,02310742,02310752,02313272,285531082412600",2017-05-05,2025-11-13,8.525667351129364,True,0.750834440000002,0.18901893999999686,Florida
huc8_only,4,6.0,6.0,huc8_04040003,mixed,04,0404,04040003,12,14,"040869416,04087000,04087030,04087050,04087070,04087119,04087142,040871473,040871475,040871476,040871488,04087159",2008-12-06,2015-09-29,6.811772758384668,True,0.2615074100000001,0.21766668999998728,Wisconsin
huc8_only,4,6.0,6.0,huc8_17080001,mixed,17,1708,17080001,11,12,"14138720,14138850,14138870,14138900,14139800,14140020,14141500,14142500,453439122223900,453630122021400,453845121564001",2007-06-02,2020-09-23,13.311430527036277,True,0.23027482999999904,0.5133459999999985,"Oregon,Washington"
huc8_only,4,6.0,6.0,huc8_05040001,mixed,05,0504,05040001,11,12,"03119341,03119971,03119979,03120820,03120869,03120961,03125338,03126395,03127980,03127986,03127989",2015-07-01,2026-08-24,11.148528405201917,True,0.4938888900000009,0.14444439999999759,Ohio
huc8_only,4,6.0,6.0,huc8_14010001,mixed,14,1401,14010001,11,12,"09010500,09014050,09027100,09032000,09033100,09033300,09034250,09041090,09058000,09060799,09070500",2016-10-21,2026-08-24,9.839835728952773,True,0.6812219000000042,1.3124511999999982,Colorado
huc8_only,4,6.0,6.0,huc8_17090010,mixed,17,1709,17090010,11,15,"14202980,14205400,14206694,14206950,14207200,452230122512201,452559122472401,453004122510301,453030122560101,453040123065201,453113123003501",2004-05-20,2012-05-03,7.953456536618754,True,0.3258269100000035,0.5150153000000017,Oregon
huc8_only,4,6.0,6.0,huc8_03090202,mixed,03,0309,03090202,11,17,"02276998,02277100,02286328,022907085,02290709,022908295,251209080350100,251241080385300,255151080371501,265906080093500,265929080091800",2018-07-19,2025-06-17,6.913073237508556,True,2.0014970000000005,0.6996944999999926,Florida
huc8_only,4,6.0,6.0,huc8_18050004,mixed,18,1805,18050004,11,11,"11162753,11172945,11172955,11173200,11173500,11173510,11173575,11174000,11176500,11176900,11179000",2016-10-19,2023-07-04,6.704996577686516,True,0.16499577999999815,0.5995305000000002,California
huc8_only,4,6.0,6.0,huc8_02040101,mixed,02,0204,02040101,11,12,"01423000,01425000,01425805,01426500,01427000,01427195,01427207,01427500,01427510,01428000,01428500",2019-12-13,2026-08-24,6.69678302532512,True,0.6573611000000028,0.4991387999999972,"New York,Pennsylvania"
huc8_only,4,6.0,6.0,huc8_02040106,mixed,02,0204,02040106,11,12,"01447500,01447720,01447800,01449360,01449800,01451380,01451400,01451500,01451630,01451650,01454700",2020-03-10,2026-08-24,6.455852156057495,True,0.5991604299999977,0.49583480000001146,Pennsylvania
huc8_only,4,6.0,6.0,huc8_05140101,mixed,05,0514,05140101,11,11,"03292470,03292474,03292475,03292480,03292500,03292550,03292555,03293000,03293500,03293530,03294570",2016-07-11,2022-12-18,6.436687200547571,True,0.2830527599999968,0.3153638099999938,Kentucky
huc8_only,4,6.0,6.0,huc8_17090001,mixed,17,1709,17090001,10,10,"14144800,14144900,14145500,14147500,14148000,14150000,14150290,14150800,14151000,14152000",2010-08-26,2025-11-30,15.263518138261464,True,0.3963929900000025,0.5353126999999915,Oregon
huc8_only,4,6.0,6.0,huc8_01090001,mixed,01,0109,01090001,10,11,"01104370,01104405,01104410,01104415,01104420,01104430,01104453,01104455,01104460,01104475",2012-03-26,2026-08-23,14.40930869267625,True,0.08194325999999563,0.03188789999998676,Massachusetts
huc8_only,4,6.0,6.0,huc8_17100307,mixed,17,1710,17100307,10,12,"14330000,14335075,14337500,14337600,14337800,14337830,14337870,14338000,14338100,14339000",1988-03-16,1998-09-30,10.54072553045859,True,0.24861149999999554,0.32667329999999595,Oregon
huc8_only,4,6.0,6.0,huc8_03050201,mixed,03,0305,03050201,10,10,"02172002,02172020,02172040,02172050,021720508,02172053,021720677,0217206935,0217206962,021720698",2016-07-01,2026-08-25,10.149212867898699,True,0.3592222300000003,0.15052780999999982,South Carolina
huc8_only,4,6.0,6.0,huc8_17110012,mixed,17,1711,17110012,10,10,"12114500,12115000,12115500,12116100,12116400,12116500,12117000,12117500,12117600,12119000",2018-10-13,2026-08-24,7.863107460643395,True,0.1405758399999968,0.6544858999999974,Washington
huc8_only,4,6.0,6.0,huc8_18010204,mixed,18,1801,18010204,10,12,"11507500,11507501,11509370,420451121510000,420732121501100,420741121554001,420853121505500,420853121505501,421209121463000,421209121463001",2003-09-30,2010-10-20,7.055441478439425,True,0.14264465000000115,0.1538769000000002,Oregon
huc8_only,4,6.0,6.0,huc8_17090005,mixed,17,1709,17090005,10,11,"14178000,14179000,14180300,14181500,14181900,14182500,14183010,14184100,14189050,444728122450000",2009-10-06,2015-11-09,6.091718001368926,True,0.18290278999999998,0.948630499999993,Oregon
huc8_only,4,6.0,6.0,huc8_10020007,mixed,10,1002,10020007,9,10,"06036805,06036905,06036940,06037100,06037500,06038500,06038800,06040000,06041000",2011-03-16,2026-08-24,15.441478439425051,True,1.0308977000000041,1.0383801999999918,"Montana,Wyoming"
huc8_only,4,6.0,6.0,huc8_03040206,mixed,03,0304,03040206,9,9,"02110400,02110500,02110550,02110701,02110704,02110725,02110802,021108125,02110815",2013-06-22,2026-08-24,13.17180013689254,True,0.5088501399999998,0.4589165999999949,South Carolina
huc8_only,4,6.0,6.0,huc8_05030103,mixed,05,0503,05030103,9,10,"03086500,03090500,03091500,03092090,03092460,03094000,03095500,03098600,03099500",2011-09-30,2024-05-26,12.654346338124572,True,0.3669428299999993,0.6608638000000013,Ohio
huc8_only,4,6.0,6.0,huc8_07120001,mixed,07,0712,07120001,9,9,"05515500,05516665,05517000,05517010,05517500,05518000,05527000,05527500,412320088154101",2016-12-01,2026-08-24,9.727583846680355,True,0.20682548999999995,1.7949165999999934,"Illinois,Indiana"
huc8_only,4,6.0,6.0,huc8_04070007,mixed,04,0407,04070007,9,9,"04135800,04136000,04136500,04136900,04137005,04137020,04137025,04137030,04137500",2019-11-09,2026-08-17,6.770704996577686,True,0.28026005000000254,0.9857654500000024,Michigan
huc8_only,4,6.0,6.0,huc8_18040009,mixed,18,1804,18040009,9,9,"11274790,11276500,11276600,11276900,11277300,11278000,11278300,11289650,11290000",2016-10-02,2022-10-03,6.0013689253935665,True,0.34192114999999745,1.324514999999991,California
huc8_only,4,6.0,6.0,huc8_17110004,mixed,17,1711,17110004,8,10,"12205000,12209490,12210000,12210700,12210900,12212050,12212430,12213100",2008-09-30,2026-08-05,17.845311430527037,True,0.3252746800000068,0.745003699999998,Washington
huc8_only,4,6.0,6.0,huc8_03090204,mixed,03,0309,03090204,8,9,"02290928,02290930,255123081321300,255327081275900,255432081303900,255534081324000,255654081350200,255726081303700",2007-06-14,2017-09-09,10.239561943874058,True,0.12838610000000017,0.24275550000000123,Florida
huc8_only,4,6.0,6.0,huc8_14080104,mixed,14,1408,14080104,8,8,"09358000,09358550,09359010,09359020,09361500,09363500,09364010,09364500",2016-09-15,2023-10-03,7.047227926078029,True,1.0972165000000018,0.5425045799999992,"Colorado,New Mexico"
huc8_only,4,6.0,6.0,huc8_02040203,mixed,02,0204,02040203,8,10,"01470779,01470960,01471875,01472157,01473000,01473169,01473470,01473500",2020-06-19,2026-08-24,6.179329226557153,True,0.33407062999999937,0.8266806999999972,Pennsylvania
huc8_only,4,6.0,6.0,huc8_17090012,mixed,17,1709,17090012,7,7,"14211400,14211499,14211500,14211542,14211546,14211550,14211720",2001-11-02,2012-12-18,11.126625598904859,True,0.06460299999999819,0.24733340000000226,Oregon
huc8_only,4,6.0,6.0,huc8_08090302,mixed,08,0809,08090302,7,7,"07381150,07381324,07381328,07381331,07381350,07381355,073814675",2006-10-19,2017-11-01,11.0362765229295,True,0.28533463999999853,0.5629444000000063,Louisiana
huc8_only,4,6.0,6.0,huc8_02080201,mixed,02,0208,02080201,7,7,"02011400,02011460,02011470,02011490,02011500,02011800,02012800",1984-10-01,1995-10-02,11.000684462696784,True,0.4344427899999985,0.21972741999999812,Virginia
huc8_only,4,6.0,6.0,huc8_03130002,mixed,03,0313,03130002,7,7,"02336526,02336728,02337000,02337170,02337410,02337498,02338523",2014-10-01,2024-05-01,9.582477754962355,True,0.45374999999999943,0.7525277999999958,Georgia
huc8_only,4,6.0,6.0,huc8_03050101,mixed,03,0305,03050101,7,7,"02137727,02138520,02141500,0214196125,0214244102,0214264790,0214267602",2017-04-01,2026-08-25,9.399041752224504,True,0.48789164000000085,1.1029360999999938,North Carolina
huc8_only,4,6.0,6.0,huc8_17110005,mixed,17,1711,17110005,7,7,"12172000,12173500,12178000,12178100,12179900,12181000,12182500",2018-06-27,2025-08-24,7.1594798083504445,True,0.2513555000000025,0.4525336999999894,Washington
huc8_only,4,6.0,6.0,huc8_11020003,mixed,11,1102,11020003,7,7,"07105530,07105780,07105800,07105815,07105820,07106000,07106500",2017-09-19,2024-09-30,7.030800821355236,True,0.5152690000000035,0.19472199999999873,Colorado
huc8_only,4,6.0,6.0,huc8_05090203,mixed,05,0509,05090203,7,7,"03238140,03260015,03260050,03260100,03262001,03277075,03277130",2007-10-06,2014-09-29,6.981519507186858,True,0.25237442999999615,0.3205582100000015,Kentucky
huc8_only,4,6.0,6.0,huc8_18010110,mixed,18,1801,18010110,7,7,"11461500,11462500,11463000,11463682,11463980,11465240,11467000",2019-11-01,2026-08-24,6.811772758384668,True,0.7380407300000016,0.3011244000000062,California
huc8_only,4,6.0,6.0,huc8_02050306,mixed,02,0205,02050306,7,7,"01574000,01575598,01576007,01576045,015765195,01577500,01579550",2020-03-04,2026-08-24,6.4722792607802875,True,0.45476649000000435,0.5603019900000135,"Maryland,Pennsylvania"
huc8_only,4,6.0,6.0,huc8_06010105,mixed,06,0601,06010105,7,7,"03446000,03447687,03447890,03448050,0344878100,03451200,03451500",2019-06-05,2025-11-16,6.450376454483231,True,0.21083332999999982,0.04444440000000327,North Carolina
huc8_only,4,6.0,6.0,huc8_02060003,mixed,02,0206,02060003,7,7,"01581752,01581920,01585075,01585219,01585225,01585230,01589290",2016-06-29,2022-10-10,6.28062970568104,True,0.30108333999999815,0.4191111100000029,Maryland
huc8_only,4,6.0,6.0,huc8_17010201,mixed,17,1701,17010201,7,8,"12323233,12323242,12323770,12323800,12324200,12324400,12324590",2020-06-16,2026-08-24,6.187542778918549,True,0.5282138999999972,0.2658138999999977,Montana
huc8_only,4,6.0,6.0,huc8_03090101,mixed,03,0309,03090101,7,10,"02264000,02264051,02264100,02266200,02266291,02266300,02266495",2019-09-19,2025-11-16,6.160164271047228,True,0.15118282999999977,0.10146319999999776,Florida
huc8_only,4,6.0,6.0,huc8_10300101,mixed,10,1030,10300101,7,9,"06893060,06893620,06893820,06893830,06893890,06893970,06894000",2011-12-20,2018-01-30,6.113620807665982,True,0.13433333999999775,0.1935517999999945,Missouri
huc8_only,4,6.0,6.0,huc8_04090004,mixed,04,0409,04090004,7,7,"04166100,04166470,04166500,04167150,04167625,04168400,04168530",2001-10-24,2007-10-31,6.017796030116359,True,0.16305424000000102,0.2279303199999987,Michigan
huc8_only,4,6.0,6.0,huc8_17100301,mixed,17,1710,17100301,6,6,"14316460,14316495,14316500,14317450,14318000,14319500",1999-06-25,2024-10-20,25.322381930184804,True,0.07194510000000065,0.8987211999999971,Oregon
huc8_only,4,6.0,6.0,huc8_17090006,mixed,17,1709,17090006,6,6,"14185000,14185800,14185900,14186200,14187200,14187500",2007-10-24,2026-08-24,18.833675564681723,True,0.14833131999999694,0.4513965000000013,Oregon
huc8_only,4,6.0,6.0,huc8_11020002,mixed,11,1102,11020002,6,6,"07096000,07097000,07099400,07099969,07109500,381312104321001",2008-09-30,2026-08-24,17.897330595482547,True,0.2137756400000015,0.8586018000000024,Colorado
huc8_only,4,6.0,6.0,huc8_17090003,mixed,17,1709,17090003,6,6,"14158100,14166000,14169000,14170000,14173500,14174000",2010-11-10,2026-08-24,15.786447638603697,True,0.5470661299999975,0.19354400000000282,Oregon
huc8_only,4,6.0,6.0,huc8_05020006,mixed,05,0502,05020006,6,6,"03076500,03077100,03077500,03079000,03081000,03083500",2012-10-01,2026-08-24,13.894592744695414,True,0.5866110999999989,0.5778610999999927,"Maryland,Pennsylvania"
huc8_only,4,6.0,6.0,huc8_10020004,mixed,10,1002,10020004,6,6,"06024450,06024580,06025250,06025500,06026210,06026420",2014-07-01,2026-08-24,12.147843942505133,True,0.4107276000000013,1.096266700000001,Montana
huc8_only,4,6.0,6.0,huc8_17110010,mixed,17,1711,17110010,6,6,"12147470,12147500,12147600,12148000,12148300,12148500",2016-10-01,2026-08-24,9.894592744695414,True,0.030452910000001054,0.22389870000000656,Washington
huc8_only,4,6.0,6.0,huc8_03060106,mixed,03,0306,03060106,6,6,"02197000,02197320,021973426,02197351,02197362,02197380",1984-06-07,1993-09-21,9.289527720739219,True,0.1554356299999995,0.4255859999999956,"Georgia,South Carolina"
huc8_only,4,6.0,6.0,huc8_17070301,mixed,17,1707,17070301,6,6,"14070615,14070621,14070624,14070900,14076500,14091500",2017-10-31,2026-08-24,8.813141683778234,True,0.5951442,0.31161360000000116,Oregon
huc8_only,4,6.0,6.0,huc8_05010006,mixed,05,0501,05010006,6,9,"03034000,03034500,03036000,03038000,03039000,03039040",2018-05-31,2026-08-24,8.232717316906228,True,0.2844435499999989,0.6591326200000083,Pennsylvania
huc8_only,4,6.0,6.0,huc8_16050101,mixed,16,1605,16050101,6,6,"10336610,10336645,10336660,10336676,10336730,10336780",2016-10-03,2024-02-16,7.370294318959616,True,0.21219917999999893,0.22220900000000654,"California,Nevada"
huc8_only,4,6.0,6.0,huc8_03110206,mixed,03,0311,03110206,6,6,"02321500,02321958,02321975,02322500,02322700,02322800",2020-01-10,2026-08-24,6.620123203285421,True,0.10388518999999974,0.4341787000000039,Florida
huc8_only,4,6.0,6.0,huc8_03050109,mixed,03,0305,03050109,5,5,"02163001,02167600,02167716,02168504,02169000",1996-10-02,2026-08-24,29.89185489390828,True,0.6000754000000015,1.3558003000000127,South Carolina
huc8_only,4,6.0,6.0,huc8_04060102,mixed,04,0406,04060102,5,5,"04121650,04121660,04121680,04121944,04121970",1998-10-21,2026-08-24,27.84120465434634,True,0.26277582000000166,0.19777969999999812,Michigan
huc8_only,4,6.0,6.0,huc8_17090002,mixed,17,1709,17090002,5,5,"14152500,14153500,14154500,14155500,14157500",2009-08-07,2026-08-24,17.045859000684462,True,0.3388930899999991,0.21146450000000527,Oregon
huc8_only,4,6.0,6.0,huc8_03150202,mixed,03,0315,03150202,5,6,"02423130,02423160,02423380,02423397,02423496",2011-08-08,2026-07-20,14.948665297741274,True,0.2530483399999994,0.23500340000001074,Alabama
huc8_only,4,6.0,6.0,huc8_17060208,mixed,17,1706,17060208,5,5,"13310800,13310850,13311000,13311250,13311450",2012-04-29,2026-06-30,14.168377823408624,True,0.04683299999999946,0.03455499999999745,Idaho
huc8_only,4,6.0,6.0,huc8_03160111,mixed,03,0316,03160111,5,5,"02455980,02457595,02458148,02458450,02458502",2014-07-26,2026-08-24,12.07939767282683,True,0.19356462999999735,0.19500190000000828,Alabama
huc8_only,4,6.0,6.0,huc8_05110001,mixed,05,0511,05110001,5,5,"03306000,03306500,03307000,03309000,03311500",2003-07-12,2014-11-30,11.38672142368241,True,0.128193330000002,0.9139020000000073,Kentucky
huc8_only,4,6.0,6.0,huc8_05020005,mixed,05,0502,05020005,5,5,"03072000,03072655,03073000,03075070,03085000",2013-09-30,2024-11-26,11.156741957563312,True,0.6318869899999981,0.21446369999999604,Pennsylvania
huc8_only,4,6.0,6.0,huc8_05030102,mixed,05,0503,05030102,5,5,"03094704,03102850,03102950,03103500,03104490",2017-04-27,2026-08-24,9.325119780971937,True,0.4649166699999938,0.3828332999999873,"Ohio,Pennsylvania"
huc8_only,4,6.0,6.0,huc8_05120201,mixed,05,0512,05120201,5,6,"03353200,03353415,03353420,03353611,03354000",2018-02-13,2026-08-24,8.525667351129364,True,0.44888336999999723,0.2000065999999947,Indiana
huc8_only,4,6.0,6.0,huc8_03050208,mixed,03,0305,03050208,5,5,"02176585,02176603,02176611,02176635,02176640",1998-11-06,2007-03-20,8.366872005475702,True,0.1238823299999936,0.0455553999999978,South Carolina
huc8_only,4,6.0,6.0,huc8_02030103,mixed,02,0203,02030103,5,8,"01382500,01388000,01389005,01391100,01391500",2001-07-14,2009-09-07,8.150581793292266,True,0.12805554999999913,0.3205555100000055,New Jersey
huc8_only,4,6.0,6.0,huc8_03150104,mixed,03,0315,03150104,5,7,"02388975,02388985,02389150,02394000,02394682",2018-07-25,2026-08-24,8.082135523613964,True,0.3301110999999963,0.8346388000000076,Georgia
huc8_only,4,6.0,6.0,huc8_03100205,mixed,03,0310,03100205,5,5,"02304000,02304510,02304517,023060013,02306028",2017-10-26,2025-11-19,8.06570841889117,True,0.11249145000000027,0.09505290999999261,Florida
huc8_only,4,6.0,6.0,huc8_05100205,mixed,05,0510,05100205,5,5,"03287500,03288180,03289000,03289500,03290500",2018-10-12,2026-07-12,7.748117727583847,True,0.3958094199999991,0.4618748299999993,Kentucky
huc8_only,4,6.0,6.0,huc8_02050305,mixed,02,0205,02050305,5,8,"01570500,0157155010,0157155014,01571778,01571820",1999-11-11,2007-07-10,7.660506502395619,True,0.404796189999999,0.5411017999999927,Pennsylvania
huc8_only,4,6.0,6.0,huc8_02020006,mixed,02,0202,02020006,5,6,"01359139,01359165,0135980207,01362230,01362500",2019-05-03,2026-04-28,6.9869952087611225,True,0.6334166899999971,0.6161111099999914,New York
huc8_only,4,6.0,6.0,huc8_07120004,mixed,07,0712,07120004,5,5,"05536995,05537980,05538010,05538020,05539670",2017-11-17,2024-10-14,6.907597535934292,True,0.22555556000000365,0.15447220000000073,Illinois
huc8_only,4,6.0,6.0,huc8_05060001,mixed,05,0506,05060001,5,5,"03219500,03220510,03228039,03228300,395339083130100",2020-04-23,2026-08-24,6.335386721423682,True,0.5797820000000016,0.3656552000000062,Ohio
huc8_only,4,6.0,6.0,huc8_04130001,mixed,04,0413,04130001,5,5,"04219768,04220045,0422016550,04220223,0422026250",2020-07-09,2026-08-24,6.12457221081451,True,0.16108332999999675,0.9733334000000013,New York
huc8_only,4,6.0,6.0,huc8_18040001,mixed,18,1804,18040001,5,6,"11251000,11261100,11261500,11262900,11273400",2016-10-01,2022-11-08,6.102669404517454,True,0.36279418000000163,1.2518275000000045,California
huc8_only,4,6.0,6.0,huc8_02030105,mixed,02,0203,02030105,5,9,"01397000,01400500,01401000,01402000,01404100",2003-08-28,2009-09-21,6.067077344284736,True,0.2391666600000022,0.35424726000000817,New Jersey
huc8_only,4,6.0,6.0,huc8_02040102,mixed,02,0204,02040102,5,5,"01413500,01417500,01419500,01420500,01421000",2018-09-21,2024-10-06,6.0424366872005475,True,0.24125000000000085,0.5213608899999969,New York
huc8_only,4,6.0,6.0,huc8_17070105,mixed,17,1707,17070105,4,4,"14105700,453712121071200,453845121562000,454249120423500",1996-06-26,2026-08-24,30.16016427104723,True,0.10518011999999999,1.2291883000000041,"Oregon,Washington"
huc8_only,4,6.0,6.0,huc8_04060103,mixed,04,0406,04060103,4,4,"04124000,04124200,04125460,04125550",1996-12-01,2026-08-24,29.727583846680357,True,0.24305230000000222,0.24294559999999876,Michigan
huc8_only,4,6.0,6.0,huc8_03010107,ROANOKE RIVER,03,0301,03010107,4,4,"0208062765,02081022,02081094,0208114150",2000-05-11,2022-01-05,21.65366187542779,True,0.5180555399999989,0.8575000000000017,North Carolina
huc8_only,4,6.0,6.0,huc8_03040207,AIW,03,0304,03040207,4,4,"02110755,02110760,02110770,02110777",2005-10-29,2026-08-25,20.82135523613963,True,0.11083361000000025,0.21084449999999322,South Carolina
huc8_only,4,6.0,6.0,huc8_10020005,mixed,10,1002,10020005,4,4,"06026500,06027600,06035000,06036650",2006-07-01,2026-08-24,20.147843942505133,True,0.28385309999999464,0.7337248000000045,Montana
huc8_only,4,6.0,6.0,huc8_10070002,Yellowstone River,10,1007,10070002,4,4,"06191500,06192500,06195750,06195950",2007-07-13,2026-08-24,19.11567419575633,True,0.7350427900000014,0.8529244000000062,Montana
huc8_only,4,6.0,6.0,huc8_07040006,mixed,07,0704,07040006,4,4,"05382255,05382257,05382267,05382284",2009-08-04,2026-08-24,17.05407255304586,True,0.03333336000000031,0.10777779999999382,Wisconsin
huc8_only,4,6.0,6.0,huc8_08030207,mixed,08,0803,08030207,4,4,"07288000,07288280,07288500,07288650",2010-10-28,2024-10-22,13.984941820670773,True,0.8006641899999991,0.3046199000000058,Mississippi
huc8_only,4,6.0,6.0,huc8_11130206,Wichita Rv,11,1113,11130206,4,4,"07311900,07312100,07312500,07312700",1998-09-30,2011-09-29,12.996577686516085,True,0.35278074000000004,1.0919765999999953,Texas
huc8_only,4,6.0,6.0,huc8_05010007,mixed,05,0501,05010007,4,4,"03041500,03042000,03043810,03044000",2013-09-29,2026-08-24,12.900752908966462,True,0.05777500000000657,0.3647320000000036,Pennsylvania
huc8_only,4,6.0,6.0,huc8_05010005,mixed,05,0501,05010005,4,4,"03026480,03027500,03028000,03028500",2013-10-01,2026-05-06,12.594113620807667,True,0.15788287000000167,0.16080479000000025,Pennsylvania
huc8_only,4,6.0,6.0,huc8_02070010,mixed,02,0207,02070010,4,5,"01649190,01649500,01654500,01656903",2013-02-08,2025-06-03,12.314852840520192,True,0.21977602999999846,0.5059325000000001,"Maryland,Virginia"
huc8_only,4,6.0,6.0,huc8_17060306,CLEARWATER RIVER,17,1706,17060306,4,4,"13340000,13341050,13342500,13343000",2008-09-30,2021-01-05,12.265571526351813,True,0.06611110999999426,0.7102778000000001,Idaho
huc8_only,4,6.0,6.0,huc8_19020302,mixed,19,1902,19020302,4,5,"15258000,15260001,15261000,15266300",2015-07-21,2026-08-10,11.055441478439425,True,0.057784200000000396,1.269497699999988,Alaska
huc8_only,4,6.0,6.0,huc8_07070005,mixed,07,0707,07070005,4,8,"05406460,05406470,05406491,05406500",1985-01-03,1995-09-29,10.735112936344969,True,0.0238948100000016,0.09182249999999215,Wisconsin
huc8_only,4,6.0,6.0,huc8_14050006,mixed,14,1405,14050006,4,5,"09306007,09306222,09306242,09306255",1975-01-22,1985-09-29,10.685831622176591,True,0.3424815699999968,0.2890835999999979,Colorado
huc8_only,4,6.0,6.0,huc8_05130204,HARPETH RIVER,05,0513,05130204,4,4,"03432100,0343233905,034324146,03433500",2016-10-21,2026-08-24,9.839835728952773,True,0.2219985000000051,0.22962650000000906,Tennessee
huc8_only,4,6.0,6.0,huc8_03100101,mixed,03,0310,03100101,4,4,"02297345,02297350,02297460,02298202",2016-04-07,2025-11-19,9.618069815195073,True,0.10188639000000066,0.07162216999999771,Florida
huc8_only,4,6.0,6.0,huc8_10230006,Missouri River,10,1023,10230006,4,4,"06610000,06610505,410333095530101,412126095565201",2013-04-13,2022-06-24,9.196440793976729,True,0.29811919999999503,0.08527780000000007,"Iowa,Nebraska"
huc8_only,4,6.0,6.0,huc8_16050102,mixed,16,1605,16050102,4,6,"10348000,10348200,10350500,10351600",1989-08-26,1998-09-29,9.092402464065708,True,0.06701780999999585,0.3541811999999993,Nevada
huc8_only,4,6.0,6.0,huc8_10160003,mixed,10,1016,10160003,4,4,"06470500,06470830,06470875,06471000",1985-10-10,1994-09-30,8.971937029431896,True,0.7519449999999992,0.1943428999999952,"North Dakota,South Dakota"
huc8_only,4,6.0,6.0,huc8_03080101,ST. JOHNS RIVER,03,0308,03080101,4,4,"02232400,02234000,02234500,02236000",2007-12-12,2016-09-29,8.799452429842573,True,0.6385898999999995,0.510007299999998,Florida
huc8_only,4,6.0,6.0,huc8_03050103,mixed,03,0305,03050103,4,4,"02145910,02147310,021474095,02147505",2018-04-01,2026-08-24,8.396988364134154,True,0.47530843999999917,0.12628589000000545,South Carolina
huc8_only,4,6.0,6.0,huc8_17110014,mixed,17,1711,17110014,4,4,"12098700,12100490,12101100,12101102",2016-06-08,2024-09-29,8.309377138945928,True,0.10497097000000366,0.2334995999999876,Washington
huc8_only,4,6.0,6.0,huc8_16020102,mixed,16,1602,16020102,4,4,"10133650,10133800,10133980,10141000",2018-09-28,2026-08-24,7.904175222450377,True,0.554438999999995,0.5722427999999979,Utah
huc8_only,4,6.0,6.0,huc8_04020105,mixed,04,0402,04020105,4,5,"04043150,04043238,04043244,04043275",2005-12-03,2013-09-29,7.822039698836414,True,0.09055787999999865,0.476385300000004,Michigan
huc8_only,4,6.0,6.0,huc8_02040105,mixed,02,0204,02040105,4,8,"01455290,01457500,01458500,01460380",2019-04-10,2026-08-24,7.3730321697467485,True,0.3388055300000019,0.3227777799999956,New Jersey
huc8_only,4,6.0,6.0,huc8_05020004,mixed,05,0502,05020004,4,7,"03065050,03065200,03065400,03070420",1994-09-30,2001-09-29,6.997946611909651,True,0.7246896599999957,0.17360569000000226,"Pennsylvania,West Virginia"
huc8_only,4,6.0,6.0,huc8_17010203,mixed,17,1701,17010203,4,4,"12335100,12337800,12338300,12340000",2001-10-26,2008-09-29,6.926762491444216,True,0.08872459999999904,0.741333400000002,Montana
huc8_only,4,6.0,6.0,huc8_02040201,mixed,02,0204,02040201,4,6,"01464040,01464290,01464500,01465500",2020-02-01,2026-08-24,6.5598904859685145,True,0.15305555999999854,0.42072309000000985,"New Jersey,Pennsylvania"
huc8_only,4,6.0,6.0,huc8_18010211,mixed,18,1801,18010211,4,4,"11525500,11525854,11526400,11530000",2020-02-04,2026-08-24,6.551676933607118,True,0.4045458200000027,0.8725167999999996,California
huc8_only,4,6.0,6.0,huc8_18040010,mixed,18,1804,18040010,4,4,"11299997,11302000,11302500,11303000",2016-10-01,2023-04-05,6.507871321013004,True,0.14641398999999922,0.5052515,California
huc8_only,4,6.0,6.0,huc8_02020004,mixed,02,0202,02020004,4,6,"01342732,0135403025,01354330,01355475",2019-05-17,2025-10-28,6.450376454483231,True,0.1917361100000008,1.141221999999999,New York
huc8_only,4,6.0,6.0,huc8_11010001,mixed,11,1101,11010001,4,5,"07048495,07048550,07049050,07049691",2016-02-03,2022-04-25,6.223134839151267,True,0.3775750000000002,0.28879999999999484,Arkansas
huc8_only,4,6.0,6.0,huc8_18020111,mixed,18,1802,18020111,4,4,"11446220,11446500,11446700,11446980",2016-10-01,2022-12-19,6.2149212867898695,True,0.13739968000000147,0.22392469999999776,California
huc8_only,4,6.0,6.0,huc8_17010204,mixed,17,1701,17010204,4,4,"12340500,12353650,12354000,12354700",1985-08-01,1991-09-29,6.160164271047228,True,0.44518011000000257,1.1905055999999945,Montana
huc8_only,4,6.0,6.0,huc8_07050002,mixed,07,0705,07050002,4,4,"05357206,05357215,05357225,05357245",2015-10-14,2021-11-03,6.056125941136208,True,0.03750000000000142,0.09777780000000291,Wisconsin
name_huc2,4,6.0,6.0,missouri_river_huc10,Missouri River,10,1023,10230006,18,21,"06054500,06066500,06115200,06177000,06330000,06342500,06467500,06486000,06610000,06610505,06807000,06813500,06818000,06893060,06906500,06934500,410333095530101,412126095565201",2013-04-13,2022-06-24,9.196440793976729,True,9.398250439999998,20.572166699999997,"Iowa,Missouri,Montana,Nebraska,North Dakota,South Dakota"
name_huc2,4,6.0,6.0,snake_river_huc17,SNAKE RIVER,17,1704,17040104,13,16,"13013650,13032500,13069500,13094000,13154500,13172500,13213100,13269000,13317660,13334300,13343860,13352600,13353010",2009-09-30,2015-10-13,6.034223134839151,True,3.9172188999999946,8.224650200000013,"Idaho,Washington,Wyoming"
name_huc2,4,6.0,6.0,delaware_river_huc02,DELAWARE RIVER,02,0204,02040105,12,16,"01427207,01427510,01432160,01432805,01434000,01438500,01457500,01458500,01464040,014670261,01474703,01477050",2019-10-03,2026-08-24,6.891170431211499,True,2.0304984400000023,0.6691630999999916,"New Jersey,Pennsylvania"
name_huc2,4,6.0,6.0,columbia_river_huc17,COLUMBIA RIVER,17,1707,17070105,9,12,"12438000,12514400,14019220,14019240,14105700,453712121071200,453845121562000,453845121564001,454314120413701",2013-07-24,2022-09-05,9.117043121149898,True,2.3982555199999993,2.8292373000000026,"Oregon,Washington"
name_huc2,4,6.0,6.0,au_sable_river_huc04,AU SABLE RIVER,04,0407,04070007,8,8,"04136000,04136500,04136900,04137005,04137020,04137025,04137030,04137500",1996-10-01,2026-08-17,29.87542778918549,True,0.24055483000000066,0.858653700000005,Michigan
name_huc2,4,6.0,6.0,arkansas_river_huc11,ARKANSAS RIVER,11,1102,11020001,8,10,"07086000,07096000,07097000,07099400,07109500,07119700,07120500,07164500",2012-03-13,2023-09-30,11.548254620123203,True,2.9021230900000035,10.2594687,"Colorado,Oklahoma"
name_huc2,4,6.0,6.0,colorado_river_huc14,COLORADO RIVER,14,1407,14070006,8,9,"09010500,09034250,09058000,09060799,09070500,09163500,09180500,09380000",2016-10-21,2026-08-24,9.839835728952773,True,3.461499670000002,5.731761219999996,"Arizona,Colorado,Utah"
name_huc2,4,6.0,6.0,chattahoochee_river_huc03,CHATTAHOOCHEE RIVER,03,0313,03130001,7,8,"02330450,02334430,02335000,02335450,02335815,02336000,02337170",2004-01-29,2022-06-05,18.349075975359344,True,1.0443055300000026,0.944361100000009,Georgia
name_huc2,4,6.0,6.0,rogue_river_huc17,ROGUE RIVER,17,1710,17100307,7,8,"14330000,14335075,14337600,14338100,14339000,14361500,14372300",1988-03-16,2000-09-30,12.542094455852157,True,0.29917580000000044,1.545852999999994,Oregon
name_huc2,4,6.0,6.0,cedar_river_huc17,CEDAR RIVER,17,1711,17110012,7,7,"12114500,12115000,12116400,12116500,12117500,12117600,12119000",2018-10-13,2026-08-24,7.863107460643395,True,0.1405758399999968,0.6544858999999974,Washington
name_huc2,4,6.0,6.0,clark_fork_huc17,Clark Fork,17,1701,17010201,7,8,"12323800,12324200,12324680,12334550,12340500,12353650,12354700",1991-10-08,1998-09-30,6.978781656399726,True,1.1137023300000024,2.147461100000001,Montana
name_huc2,4,6.0,6.0,allegheny_river_huc05,Allegheny River,05,0501,05010001,7,8,"03007800,03011020,03012550,03025500,03039035,03039036,03039041",2011-09-23,2017-11-30,6.187542778918549,True,1.471277740000005,1.527540909999999,"New York,Pennsylvania"
name_huc2,4,6.0,6.0,yellowstone_river_huc10,Yellowstone River,10,1007,10070002,6,6,"06191500,06192500,06195750,06195950,06214500,06329500",2007-07-13,2026-08-24,19.11567419575633,True,2.5652944899999994,6.638255600000008,Montana
name_huc2,4,6.0,6.0,rio_grande_huc13,RIO GRANDE,13,1302,13020101,6,6,"08313000,08317400,08329918,08363510,08364000,08375300",2011-09-06,2026-03-17,14.52703627652293,True,6.688666999999999,3.9455659999999995,"New Mexico,Texas"
name_huc2,4,6.0,6.0,mahoning_river_huc05,Mahoning River,05,0503,05030103,6,7,"03086500,03090500,03091500,03094000,03098600,03099500",2010-11-20,2024-05-26,13.514031485284052,True,0.3063872000000032,0.5583598000000052,Ohio
name_huc2,4,6.0,6.0,willamette_river_huc17,WILLAMETTE RIVER,17,1709,17090003,6,6,"14158100,14166000,14174000,14192015,14197900,14211720",2010-11-10,2022-10-04,11.898699520876113,True,1.4258333299999961,0.5045368999999909,Oregon
name_huc2,4,6.0,6.0,trinity_rv_huc12,Trinity Rv,12,1203,12030105,6,7,"08057000,08057410,08062500,08065350,08067100,08067252",2015-02-12,2024-10-03,9.639972621492129,True,2.9624083,2.090637700000002,Texas
name_huc2,4,6.0,6.0,white_river_huc11,White River,11,1101,11010001,6,6,"07048600,07049691,07053450,07054501,07054527,07060500",2017-06-21,2026-08-24,9.174537987679672,True,0.522007539999997,1.9380555000000044,"Arkansas,Missouri"
name_huc2,4,6.0,6.0,savannah_river_huc03,SAVANNAH RIVER,03,0306,03060109,6,7,"02198744,02198920,021989715,021989773,0219897993,02198980",2019-06-04,2026-08-25,7.225188227241615,True,0.3164722200000014,0.25449999999999307,"Georgia,South Carolina"
name_huc2,4,6.0,6.0,animas_river_huc14,ANIMAS RIVER,14,1408,14080104,6,6,"09358000,09359020,09361500,09363500,09364010,09364500",2016-09-15,2023-10-03,7.047227926078029,True,1.0886055600000049,0.5425045799999992,"Colorado,New Mexico"
name_huc2,4,6.0,6.0,roanoke_river_huc03,ROANOKE RIVER,03,0301,03010107,5,6,"02079500,0208062765,02081022,02081094,0208114150",2003-12-10,2021-10-24,17.872689938398356,True,0.7901426799999953,1.5749965199999991,"North Carolina,Virginia"
name_huc2,4,6.0,6.0,madison_river_huc10,Madison River,10,1002,10020007,5,5,"06037500,06038500,06038800,06040000,06041000",2011-03-16,2026-08-24,15.441478439425051,True,0.8331587999999996,0.683669100000003,Montana
name_huc2,4,6.0,6.0,waccamaw_river_huc03,WACCAMAW RIVER,03,0304,03040206,5,5,"02110500,02110550,02110704,02110802,021108125",2013-06-22,2026-08-25,13.174537987679672,True,0.40611466000000007,0.4119692000000015,South Carolina
name_huc2,4,6.0,6.0,san_juan_river_huc14,SAN JUAN RIVER,14,1408,14080201,5,5,"09355500,09365000,09368000,09371010,09379500",2014-03-11,2026-08-24,12.454483230663929,True,0.4276611100000025,2.168049999999994,"Colorado,New Mexico,Utah"
name_huc2,4,6.0,6.0,big_hole_river_huc10,Big Hole River,10,1002,10020004,5,5,"06024450,06024580,06025250,06025500,06026210",2014-07-01,2026-08-24,12.147843942505133,True,0.4107276000000013,0.9008500000000055,Montana
name_huc2,4,6.0,6.0,kankakee_river_huc07,KANKAKEE RIVER,07,0712,07120001,5,5,"05515500,05517500,05518000,05527000,05527500",2016-04-09,2026-08-24,10.373716632443532,True,0.20682548999999995,1.4805555000000084,"Illinois,Indiana"
name_huc2,4,6.0,6.0,mckenzie_river_huc17,MCKENZIE RIVER,17,1709,17090004,5,5,"14158500,14158740,14159110,14162500,14163900",2017-07-20,2026-08-24,9.095140314852841,True,0.2911052999999981,0.7755702000000042,Oregon
name_huc2,4,6.0,6.0,truckee_rv_huc16,TRUCKEE RV,16,1605,16050102,5,6,"10348000,10348200,10350500,10351650,10351700",1989-08-26,1998-09-29,9.092402464065708,True,0.2597555299999996,0.512242999999998,Nevada
name_huc2,4,6.0,6.0,catawba_river_huc03,CATAWBA RIVER,03,0305,03050101,5,5,"02141500,0214196125,0214244102,02145910,02147310",2018-04-01,2026-08-24,8.396988364134154,True,1.2238412000000025,0.5400995999999907,"North Carolina,South Carolina"
name_huc2,4,6.0,6.0,klamath_river_huc18,KLAMATH RIVER,18,1801,18010204,5,6,"11509370,420853121505500,420853121505501,421209121463000,421209121463001",2003-06-05,2010-11-30,7.488021902806297,True,0.07461701999999804,0.1538769000000002,Oregon
name_huc2,4,6.0,6.0,white_river_huc14,WHITE RIVER,14,1405,14050005,5,5,"09304200,09304800,09306395,09306500,09306900",1978-07-17,1985-09-01,7.12662559890486,True,0.08610780999999434,1.810310880000003,"Colorado,Utah"
name_huc2,4,6.0,6.0,red_river_of_the_north_huc09,RED RIVER OF THE NORTH,09,0902,09020104,5,6,"05051522,05054000,05062130,05064500,05082500",2019-10-02,2026-08-24,6.893908281998631,True,1.2672219999999967,0.24555600000000766,North Dakota
name_huc2,4,6.0,6.0,alameda_c_huc18,ALAMEDA C,18,1805,18050004,5,5,"11172945,11172955,11173510,11173575,11179000",2016-10-18,2023-07-04,6.707734428473648,True,0.08968369999999481,0.18718760000000145,California
name_huc2,4,6.0,6.0,santa_fe_river_huc03,SANTA FE RIVER,03,0311,03110206,5,5,"02321500,02321958,02321975,02322500,02322800",2020-01-10,2026-08-24,6.620123203285421,True,0.07305961000000138,0.4341787000000039,Florida
name_huc2,4,6.0,6.0,hudson_river_huc02,HUDSON RIVER,02,0202,02020006,5,5,"01359139,01359165,0135980207,01376307,01376520",2019-07-31,2025-11-30,6.335386721423682,True,1.9263611099999949,0.2681110999999987,New York
name_huc2,4,6.0,6.0,muskegon_river_huc04,MUSKEGON RIVER,04,0406,04060102,4,4,"04121650,04121660,04121680,04121970",1998-10-21,2026-08-24,27.84120465434634,True,0.2588884200000052,0.19777969999999812,Michigan
name_huc2,4,6.0,6.0,reedy_creek_huc03,REEDY CREEK,03,0309,03090101,4,4,"02266298,02266300,02266320,02266495",1985-01-24,2001-05-11,16.292950034223136,True,0.07277493000000135,0.03722270000000094,Florida
name_huc2,4,6.0,6.0,cahaba_river_huc03,CAHABA RIVER,03,0315,03150202,4,4,"02423130,02423160,02423380,02423496",2011-08-08,2026-07-20,14.948665297741274,True,0.2530483399999994,0.23500340000001074,Alabama
name_huc2,4,6.0,6.0,youghiogheny_river_huc05,Youghiogheny River,05,0502,05020006,4,4,"03076500,03077500,03081000,03083500",2012-10-01,2026-08-24,13.894592744695414,True,0.5866110999999989,0.4424925000000002,"Maryland,Pennsylvania"
name_huc2,4,6.0,6.0,green_river_huc05,GREEN RIVER,05,0511,05110001,4,5,"03306000,03306500,03309000,03321500",2013-08-10,2026-08-24,13.037645448323067,True,0.6783289500000009,2.0625446000000096,Kentucky
name_huc2,4,6.0,6.0,wichita_rv_huc11,Wichita Rv,11,1113,11130206,4,4,"07311900,07312100,07312500,07312700",1998-09-30,2011-09-29,12.996577686516085,True,0.35278074000000004,1.0919765999999953,Texas
name_huc2,4,6.0,6.0,clearwater_river_huc17,CLEARWATER RIVER,17,1706,17060306,4,4,"13340000,13341050,13342500,13343000",2008-09-30,2021-01-05,12.265571526351813,True,0.06611110999999426,0.7102778000000001,Idaho
name_huc2,4,6.0,6.0,cooper_r_huc03,COOPER R,03,0305,03050201,4,4,"02172050,02172053,021720677,0217206935",2016-07-01,2026-08-25,10.149212867898699,True,0.20197223000000264,0.04000329999999508,South Carolina
name_huc2,4,6.0,6.0,harpeth_river_huc05,HARPETH RIVER,05,0513,05130204,4,4,"03432100,0343233905,034324146,03433500",2016-10-21,2026-08-24,9.839835728952773,True,0.2219985000000051,0.22962650000000906,Tennessee
name_huc2,4,6.0,6.0,james_river_huc10,JAMES RIVER,10,1016,10160003,4,5,"06470500,06470830,06471000,06478500",1985-10-10,1994-09-30,8.971937029431896,True,3.1697229999999976,0.6747220000000027,"North Dakota,South Dakota"
name_huc2,4,6.0,6.0,st_johns_river_huc03,ST. JOHNS RIVER,03,0308,03080101,4,7,"02232400,02234000,02234500,02236000",2007-12-12,2016-09-29,8.799452429842573,True,0.6385898999999995,0.510007299999998,Florida
name_huc2,4,6.0,6.0,suwannee_river_huc03,SUWANNEE RIVER,03,0311,03110201,4,4,"02315550,02319800,02320500,02323592",2017-04-14,2025-12-03,8.63791923340178,True,1.0535932599999995,0.3220942000000093,Florida
name_huc2,4,6.0,6.0,fox_river_huc04,FOX RIVER,04,0403,04030201,4,4,"04073500,04082400,04084445,040851385",2018-10-09,2026-08-24,7.874058863791923,True,0.5598610999999991,0.9403059999999925,Wisconsin
name_huc2,4,6.0,6.0,west_branch_delaware_river_huc02,WEST BRANCH DELAWARE RIVER,02,0204,02040101,4,4,"01423000,01425000,01426500,01427000",2018-10-19,2026-08-24,7.846680355920602,True,0.21394443000000507,0.2557778200000058,New York
name_huc2,4,6.0,6.0,tualatin_river_huc17,TUALATIN RIVER,17,1709,17090010,4,4,"14203500,14206241,14206694,14207200",2019-04-19,2026-08-24,7.34839151266256,True,0.14388012000000572,0.43918030000000385,Oregon
name_huc2,4,6.0,6.0,muddy_creek_huc14,MUDDY CREEK,14,1401,14010001,4,4,"09041090,09258050,09258980,385903107210800",2013-04-25,2020-08-02,7.271731690622861,True,2.489972200000004,1.20969190000001,"Colorado,Wyoming"
name_huc2,4,6.0,6.0,neversink_river_huc02,NEVERSINK RIVER,02,0204,02040104,4,4,"01435000,01436000,01436690,01437500",2019-07-13,2026-08-24,7.115674195756331,True,0.44866666000000066,0.0457221799999985,New York
name_huc2,4,6.0,6.0,san_joaquin_r_huc18,SAN JOAQUIN R,18,1804,18040001,4,4,"11251000,11273400,11274550,11303500",2016-10-01,2023-05-10,6.6036960985626285,True,0.6916185199999987,1.5419782999999967,California
name_huc2,4,6.0,6.0,french_broad_river_huc06,FRENCH BROAD RIVER,06,0601,06010105,4,4,"03447687,03448050,03451200,03451500",2019-05-23,2025-11-18,6.491444216290212,True,0.17972222000000215,0.02555560000000412,North Carolina
name_huc2,4,6.0,6.0,green_river_huc14,GREEN RIVER,14,1404,14040106,4,4,"09211200,09217000,09234500,09261000",2020-05-06,2026-08-24,6.299794661190965,True,1.612252760000004,0.8145694899999967,"Utah,Wyoming"
name_huc2,4,6.0,6.0,tuolumne_r_huc18,TUOLUMNE R,18,1804,18040009,4,4,"11276500,11276600,11276900,11289650",2016-10-01,2022-10-25,6.064339493497604,True,0.2711113099999949,0.6439023000000077,California
name_huc4,4,6.0,6.0,delaware_river_huc4_0204,DELAWARE RIVER,02,0204,02040105,12,16,"01427207,01427510,01432160,01432805,01434000,01438500,01457500,01458500,01464040,014670261,01474703,01477050",2019-10-03,2026-08-24,6.891170431211499,True,2.0304984400000023,0.6691630999999916,"New Jersey,Pennsylvania"
name_huc4,4,6.0,6.0,au_sable_river_huc4_0407,AU SABLE RIVER,04,0407,04070007,8,8,"04136000,04136500,04136900,04137005,04137020,04137025,04137030,04137500",1996-10-01,2026-08-17,29.87542778918549,True,0.24055483000000066,0.858653700000005,Michigan
name_huc4,4,6.0,6.0,chattahoochee_river_huc4_0313,CHATTAHOOCHEE RIVER,03,0313,03130001,7,8,"02330450,02334430,02335000,02335450,02335815,02336000,02337170",2004-01-29,2022-06-05,18.349075975359344,True,1.0443055300000026,0.944361100000009,Georgia
name_huc4,4,6.0,6.0,arkansas_river_huc4_1102,ARKANSAS RIVER,11,1102,11020001,7,9,"07086000,07096000,07097000,07099400,07109500,07119700,07120500",2012-03-13,2026-08-24,14.447638603696099,True,0.9774855699999989,2.5797960000000018,Colorado
name_huc4,4,6.0,6.0,rogue_river_huc4_1710,ROGUE RIVER,17,1710,17100307,7,8,"14330000,14335075,14337600,14338100,14339000,14361500,14372300",1988-03-16,2000-09-30,12.542094455852157,True,0.29917580000000044,1.545852999999994,Oregon
name_huc4,4,6.0,6.0,cedar_river_huc4_1711,CEDAR RIVER,17,1711,17110012,7,7,"12114500,12115000,12116400,12116500,12117500,12117600,12119000",2018-10-13,2026-08-24,7.863107460643395,True,0.1405758399999968,0.6544858999999974,Washington
name_huc4,4,6.0,6.0,clark_fork_huc4_1701,Clark Fork,17,1701,17010201,7,8,"12323800,12324200,12324680,12334550,12340500,12353650,12354700",1991-10-08,1998-09-30,6.978781656399726,True,1.1137023300000024,2.147461100000001,Montana
name_huc4,4,6.0,6.0,allegheny_river_huc4_0501,Allegheny River,05,0501,05010001,7,8,"03007800,03011020,03012550,03025500,03039035,03039036,03039041",2011-09-23,2017-11-30,6.187542778918549,True,1.471277740000005,1.527540909999999,"New York,Pennsylvania"
name_huc4,4,6.0,6.0,mahoning_river_huc4_0503,Mahoning River,05,0503,05030103,6,7,"03086500,03090500,03091500,03094000,03098600,03099500",2010-11-20,2024-05-26,13.514031485284052,True,0.3063872000000032,0.5583598000000052,Ohio
name_huc4,4,6.0,6.0,columbia_river_huc4_1707,COLUMBIA RIVER,17,1707,17070105,6,6,"14019220,14019240,14105700,453712121071200,453845121562000,454314120413701",2009-09-30,2022-09-05,12.930869267624914,True,0.33296591999999947,2.6470094000000017,"Oregon,Washington"
name_huc4,4,6.0,6.0,willamette_river_huc4_1709,WILLAMETTE RIVER,17,1709,17090003,6,6,"14158100,14166000,14174000,14192015,14197900,14211720",2010-11-10,2022-10-04,11.898699520876113,True,1.4258333299999961,0.5045368999999909,Oregon
name_huc4,4,6.0,6.0,snake_river_huc4_1704,SNAKE RIVER,17,1704,17040104,6,7,"13013650,13032500,13038500,13057000,13069500,13094000",2005-11-02,2015-09-30,9.908281998631075,True,1.0869444799999997,3.996750000000006,"Idaho,Wyoming"
name_huc4,4,6.0,6.0,colorado_river_huc4_1401,COLORADO RIVER,14,1401,14010001,6,7,"09010500,09034250,09058000,09060799,09070500,09163500",2016-10-21,2026-08-24,9.839835728952773,True,1.1930896000000004,3.1709648500000043,Colorado
name_huc4,4,6.0,6.0,trinity_rv_huc4_1203,Trinity Rv,12,1203,12030105,6,7,"08057000,08057410,08062500,08065350,08067100,08067252",2015-02-12,2024-10-03,9.639972621492129,True,2.9624083,2.090637700000002,Texas
name_huc4,4,6.0,6.0,white_river_huc4_1101,White River,11,1101,11010001,6,6,"07048600,07049691,07053450,07054501,07054527,07060500",2017-06-21,2026-08-24,9.174537987679672,True,0.522007539999997,1.9380555000000044,"Arkansas,Missouri"
name_huc4,4,6.0,6.0,savannah_river_huc4_0306,SAVANNAH RIVER,03,0306,03060109,6,7,"02198744,02198920,021989715,021989773,0219897993,02198980",2019-06-04,2026-08-25,7.225188227241615,True,0.3164722200000014,0.25449999999999307,"Georgia,South Carolina"
name_huc4,4,6.0,6.0,animas_river_huc4_1408,ANIMAS RIVER,14,1408,14080104,6,6,"09358000,09359020,09361500,09363500,09364010,09364500",2016-09-15,2023-10-03,7.047227926078029,True,1.0886055600000049,0.5425045799999992,"Colorado,New Mexico"
name_huc4,4,6.0,6.0,yellowstone_river_huc4_1007,Yellowstone River,10,1007,10070002,5,5,"06191500,06192500,06195750,06195950,06214500",2007-07-13,2026-08-24,19.11567419575633,True,0.7350427900000014,2.3256357000000065,Montana
name_huc4,4,6.0,6.0,roanoke_river_huc4_0301,ROANOKE RIVER,03,0301,03010107,5,6,"02079500,0208062765,02081022,02081094,0208114150",2003-12-10,2021-10-24,17.872689938398356,True,0.7901426799999953,1.5749965199999991,"North Carolina,Virginia"
name_huc4,4,6.0,6.0,madison_river_huc4_1002,Madison River,10,1002,10020007,5,5,"06037500,06038500,06038800,06040000,06041000",2011-03-16,2026-08-24,15.441478439425051,True,0.8331587999999996,0.683669100000003,Montana
name_huc4,4,6.0,6.0,waccamaw_river_huc4_0304,WACCAMAW RIVER,03,0304,03040206,5,5,"02110500,02110550,02110704,02110802,021108125",2013-06-22,2026-08-25,13.174537987679672,True,0.40611466000000007,0.4119692000000015,South Carolina
name_huc4,4,6.0,6.0,snake_river_huc4_1706,SNAKE RIVER,17,1706,17060103,5,5,"13317660,13334300,13343860,13352600,13353010",2009-09-30,2022-10-02,13.00479123887748,True,0.5799966399999974,2.0231780000000015,"Idaho,Washington"
name_huc4,4,6.0,6.0,san_juan_river_huc4_1408,SAN JUAN RIVER,14,1408,14080201,5,5,"09355500,09365000,09368000,09371010,09379500",2014-03-11,2026-08-24,12.454483230663929,True,0.4276611100000025,2.168049999999994,"Colorado,New Mexico,Utah"
name_huc4,4,6.0,6.0,big_hole_river_huc4_1002,Big Hole River,10,1002,10020004,5,5,"06024450,06024580,06025250,06025500,06026210",2014-07-01,2026-08-24,12.147843942505133,True,0.4107276000000013,0.9008500000000055,Montana
name_huc4,4,6.0,6.0,kankakee_river_huc4_0712,KANKAKEE RIVER,07,0712,07120001,5,5,"05515500,05517500,05518000,05527000,05527500",2016-04-09,2026-08-24,10.373716632443532,True,0.20682548999999995,1.4805555000000084,"Illinois,Indiana"
name_huc4,4,6.0,6.0,missouri_river_huc4_1023,Missouri River,10,1023,10230006,5,5,"06486000,06610000,06610505,410333095530101,412126095565201",2013-04-13,2022-06-24,9.196440793976729,True,1.426841439999997,0.5505832999999996,"Iowa,Nebraska"
name_huc4,4,6.0,6.0,mckenzie_river_huc4_1709,MCKENZIE RIVER,17,1709,17090004,5,5,"14158500,14158740,14159110,14162500,14163900",2017-07-20,2026-08-24,9.095140314852841,True,0.2911052999999981,0.7755702000000042,Oregon
name_huc4,4,6.0,6.0,truckee_rv_huc4_1605,TRUCKEE RV,16,1605,16050102,5,6,"10348000,10348200,10350500,10351650,10351700",1989-08-26,1998-09-29,9.092402464065708,True,0.2597555299999996,0.512242999999998,Nevada
name_huc4,4,6.0,6.0,catawba_river_huc4_0305,CATAWBA RIVER,03,0305,03050101,5,5,"02141500,0214196125,0214244102,02145910,02147310",2018-04-01,2026-08-24,8.396988364134154,True,1.2238412000000025,0.5400995999999907,"North Carolina,South Carolina"
name_huc4,4,6.0,6.0,klamath_river_huc4_1801,KLAMATH RIVER,18,1801,18010204,5,6,"11509370,420853121505500,420853121505501,421209121463000,421209121463001",2003-06-05,2010-11-30,7.488021902806297,True,0.07461701999999804,0.1538769000000002,Oregon
name_huc4,4,6.0,6.0,white_river_huc4_1405,WHITE RIVER,14,1405,14050005,5,5,"09304200,09304800,09306395,09306500,09306900",1978-07-17,1985-09-01,7.12662559890486,True,0.08610780999999434,1.810310880000003,"Colorado,Utah"
name_huc4,4,6.0,6.0,red_river_of_the_north_huc4_0902,RED RIVER OF THE NORTH,09,0902,09020104,5,6,"05051522,05054000,05062130,05064500,05082500",2019-10-02,2026-08-24,6.893908281998631,True,1.2672219999999967,0.24555600000000766,North Dakota
name_huc4,4,6.0,6.0,alameda_c_huc4_1805,ALAMEDA C,18,1805,18050004,5,5,"11172945,11172955,11173510,11173575,11179000",2016-10-18,2023-07-04,6.707734428473648,True,0.08968369999999481,0.18718760000000145,California
name_huc4,4,6.0,6.0,santa_fe_river_huc4_0311,SANTA FE RIVER,03,0311,03110206,5,5,"02321500,02321958,02321975,02322500,02322800",2020-01-10,2026-08-24,6.620123203285421,True,0.07305961000000138,0.4341787000000039,Florida
name_huc4,4,6.0,6.0,muskegon_river_huc4_0406,MUSKEGON RIVER,04,0406,04060102,4,4,"04121650,04121660,04121680,04121970",1998-10-21,2026-08-24,27.84120465434634,True,0.2588884200000052,0.19777969999999812,Michigan
name_huc4,4,6.0,6.0,snake_river_huc4_1705,SNAKE RIVER,17,1705,17050101,4,4,"13154500,13172500,13213100,13269000",1999-05-01,2015-10-18,16.465434633812457,True,1.2433333600000012,1.7800000000000011,Idaho
name_huc4,4,6.0,6.0,reedy_creek_huc4_0309,REEDY CREEK,03,0309,03090101,4,4,"02266298,02266300,02266320,02266495",1985-01-24,2001-05-11,16.292950034223136,True,0.07277493000000135,0.03722270000000094,Florida
name_huc4,4,6.0,6.0,cahaba_river_huc4_0315,CAHABA RIVER,03,0315,03150202,4,4,"02423130,02423160,02423380,02423496",2011-08-08,2026-07-20,14.948665297741274,True,0.2530483399999994,0.23500340000001074,Alabama
name_huc4,4,6.0,6.0,youghiogheny_river_huc4_0502,Youghiogheny River,05,0502,05020006,4,4,"03076500,03077500,03081000,03083500",2012-10-01,2026-08-24,13.894592744695414,True,0.5866110999999989,0.4424925000000002,"Maryland,Pennsylvania"
name_huc4,4,6.0,6.0,green_river_huc4_0511,GREEN RIVER,05,0511,05110001,4,5,"03306000,03306500,03309000,03321500",2013-08-10,2026-08-24,13.037645448323067,True,0.6783289500000009,2.0625446000000096,Kentucky
name_huc4,4,6.0,6.0,wichita_rv_huc4_1113,Wichita Rv,11,1113,11130206,4,4,"07311900,07312100,07312500,07312700",1998-09-30,2011-09-29,12.996577686516085,True,0.35278074000000004,1.0919765999999953,Texas
name_huc4,4,6.0,6.0,clearwater_river_huc4_1706,CLEARWATER RIVER,17,1706,17060306,4,4,"13340000,13341050,13342500,13343000",2008-09-30,2021-01-05,12.265571526351813,True,0.06611110999999426,0.7102778000000001,Idaho
name_huc4,4,6.0,6.0,cooper_r_huc4_0305,COOPER R,03,0305,03050201,4,4,"02172050,02172053,021720677,0217206935",2016-07-01,2026-08-25,10.149212867898699,True,0.20197223000000264,0.04000329999999508,South Carolina
name_huc4,4,6.0,6.0,harpeth_river_huc4_0513,HARPETH RIVER,05,0513,05130204,4,4,"03432100,0343233905,034324146,03433500",2016-10-21,2026-08-24,9.839835728952773,True,0.2219985000000051,0.22962650000000906,Tennessee
name_huc4,4,6.0,6.0,james_river_huc4_1016,JAMES RIVER,10,1016,10160003,4,5,"06470500,06470830,06471000,06478500",1985-10-10,1994-09-30,8.971937029431896,True,3.1697229999999976,0.6747220000000027,"North Dakota,South Dakota"
name_huc4,4,6.0,6.0,st_johns_river_huc4_0308,ST. JOHNS RIVER,03,0308,03080101,4,7,"02232400,02234000,02234500,02236000",2007-12-12,2016-09-29,8.799452429842573,True,0.6385898999999995,0.510007299999998,Florida
name_huc4,4,6.0,6.0,suwannee_river_huc4_0311,SUWANNEE RIVER,03,0311,03110201,4,4,"02315550,02319800,02320500,02323592",2017-04-14,2025-12-03,8.63791923340178,True,1.0535932599999995,0.3220942000000093,Florida
name_huc4,4,6.0,6.0,fox_river_huc4_0403,FOX RIVER,04,0403,04030201,4,4,"04073500,04082400,04084445,040851385",2018-10-09,2026-08-24,7.874058863791923,True,0.5598610999999991,0.9403059999999925,Wisconsin
name_huc4,4,6.0,6.0,west_branch_delaware_river_huc4_0204,WEST BRANCH DELAWARE RIVER,02,0204,02040101,4,4,"01423000,01425000,01426500,01427000",2018-10-19,2026-08-24,7.846680355920602,True,0.21394443000000507,0.2557778200000058,New York
name_huc4,4,6.0,6.0,missouri_river_huc4_1030,Missouri River,10,1030,10300101,4,6,"06893060,06906500,06934500,06935550",2016-10-04,2024-02-12,7.356605065023956,True,0.656417900000001,3.654888899999989,Missouri
name_huc4,4,6.0,6.0,tualatin_river_huc4_1709,TUALATIN RIVER,17,1709,17090010,4,4,"14203500,14206241,14206694,14207200",2019-04-19,2026-08-24,7.34839151266256,True,0.14388012000000572,0.43918030000000385,Oregon
name_huc4,4,6.0,6.0,neversink_river_huc4_0204,NEVERSINK RIVER,02,0204,02040104,4,4,"01435000,01436000,01436690,01437500",2019-07-13,2026-08-24,7.115674195756331,True,0.44866666000000066,0.0457221799999985,New York
name_huc4,4,6.0,6.0,san_joaquin_r_huc4_1804,SAN JOAQUIN R,18,1804,18040001,4,4,"11251000,11273400,11274550,11303500",2016-10-01,2023-05-10,6.6036960985626285,True,0.6916185199999987,1.5419782999999967,California
name_huc4,4,6.0,6.0,french_broad_river_huc4_0601,FRENCH BROAD RIVER,06,0601,06010105,4,4,"03447687,03448050,03451200,03451500",2019-05-23,2025-11-18,6.491444216290212,True,0.17972222000000215,0.02555560000000412,North Carolina
name_huc4,4,6.0,6.0,green_river_huc4_1404,GREEN RIVER,14,1404,14040106,4,4,"09211200,09217000,09234500,09261000",2020-05-06,2026-08-24,6.299794661190965,True,1.612252760000004,0.8145694899999967,"Utah,Wyoming"
name_huc4,4,6.0,6.0,tuolumne_r_huc4_1804,TUOLUMNE R,18,1804,18040009,4,4,"11276500,11276600,11276900,11289650",2016-10-01,2022-10-25,6.064339493497604,True,0.2711113099999949,0.6439023000000077,California
name_huc8,4,6.0,6.0,au_sable_river_huc8_04070007,AU SABLE RIVER,04,0407,04070007,8,8,"04136000,04136500,04136900,04137005,04137020,04137025,04137030,04137500",1996-10-01,2026-08-17,29.87542778918549,True,0.24055483000000066,0.858653700000005,Michigan
name_huc8,4,6.0,6.0,cedar_river_huc8_17110012,CEDAR RIVER,17,1711,17110012,7,7,"12114500,12115000,12116400,12116500,12117500,12117600,12119000",2018-10-13,2026-08-24,7.863107460643395,True,0.1405758399999968,0.6544858999999974,Washington
name_huc8,4,6.0,6.0,chattahoochee_river_huc8_03130001,CHATTAHOOCHEE RIVER,03,0313,03130001,6,6,"02330450,02334430,02335000,02335450,02335815,02336000",2004-01-29,2022-06-05,18.349075975359344,True,0.841805530000002,0.7251944000000066,Georgia
name_huc8,4,6.0,6.0,mahoning_river_huc8_05030103,Mahoning River,05,0503,05030103,6,7,"03086500,03090500,03091500,03094000,03098600,03099500",2010-11-20,2024-05-26,13.514031485284052,True,0.3063872000000032,0.5583598000000052,Ohio
name_huc8,4,6.0,6.0,savannah_river_huc8_03060109,SAVANNAH RIVER,03,0306,03060109,6,6,"02198744,02198920,021989715,021989773,0219897993,02198980",2019-06-04,2026-08-25,7.225188227241615,True,0.3164722200000014,0.25449999999999307,"Georgia,South Carolina"
name_huc8,4,6.0,6.0,animas_river_huc8_14080104,ANIMAS RIVER,14,1408,14080104,6,6,"09358000,09359020,09361500,09363500,09364010,09364500",2016-09-15,2023-10-03,7.047227926078029,True,1.0886055600000049,0.5425045799999992,"Colorado,New Mexico"
name_huc8,4,6.0,6.0,madison_river_huc8_10020007,Madison River,10,1002,10020007,5,5,"06037500,06038500,06038800,06040000,06041000",2011-03-16,2026-08-24,15.441478439425051,True,0.8331587999999996,0.683669100000003,Montana
name_huc8,4,6.0,6.0,waccamaw_river_huc8_03040206,WACCAMAW RIVER,03,0304,03040206,5,5,"02110500,02110550,02110704,02110802,021108125",2013-06-22,2026-08-25,13.174537987679672,True,0.40611466000000007,0.4119692000000015,South Carolina
name_huc8,4,6.0,6.0,rogue_river_huc8_17100307,ROGUE RIVER,17,1710,17100307,5,5,"14330000,14335075,14337600,14338100,14339000",1988-03-16,2000-09-30,12.542094455852157,True,0.20472476999999856,0.32667329999999595,Oregon
name_huc8,4,6.0,6.0,big_hole_river_huc8_10020004,Big Hole River,10,1002,10020004,5,5,"06024450,06024580,06025250,06025500,06026210",2014-07-01,2026-08-24,12.147843942505133,True,0.4107276000000013,0.9008500000000055,Montana
name_huc8,4,6.0,6.0,kankakee_river_huc8_07120001,KANKAKEE RIVER,07,0712,07120001,5,5,"05515500,05517500,05518000,05527000,05527500",2016-04-09,2026-08-24,10.373716632443532,True,0.20682548999999995,1.4805555000000084,"Illinois,Indiana"
name_huc8,4,6.0,6.0,colorado_river_huc8_14010001,COLORADO RIVER,14,1401,14010001,5,6,"09010500,09034250,09058000,09060799,09070500",2016-10-21,2026-08-24,9.839835728952773,True,0.6812219000000042,1.2219029000000035,Colorado
name_huc8,4,6.0,6.0,mckenzie_river_huc8_17090004,MCKENZIE RIVER,17,1709,17090004,5,5,"14158500,14158740,14159110,14162500,14163900",2017-07-20,2026-08-24,9.095140314852841,True,0.2911052999999981,0.7755702000000042,Oregon
name_huc8,4,6.0,6.0,klamath_river_huc8_18010204,KLAMATH RIVER,18,1801,18010204,5,5,"11509370,420853121505500,420853121505501,421209121463000,421209121463001",2003-06-05,2010-11-30,7.488021902806297,True,0.07461701999999804,0.1538769000000002,Oregon
name_huc8,4,6.0,6.0,alameda_c_huc8_18050004,ALAMEDA C,18,1805,18050004,5,5,"11172945,11172955,11173510,11173575,11179000",2016-10-18,2023-07-04,6.707734428473648,True,0.08968369999999481,0.18718760000000145,California
name_huc8,4,6.0,6.0,santa_fe_river_huc8_03110206,SANTA FE RIVER,03,0311,03110206,5,5,"02321500,02321958,02321975,02322500,02322800",2020-01-10,2026-08-24,6.620123203285421,True,0.07305961000000138,0.4341787000000039,Florida
name_huc8,4,6.0,6.0,muskegon_river_huc8_04060102,MUSKEGON RIVER,04,0406,04060102,4,4,"04121650,04121660,04121680,04121970",1998-10-21,2026-08-24,27.84120465434634,True,0.2588884200000052,0.19777969999999812,Michigan
name_huc8,4,6.0,6.0,roanoke_river_huc8_03010107,ROANOKE RIVER,03,0301,03010107,4,4,"0208062765,02081022,02081094,0208114150",2000-05-11,2022-01-05,21.65366187542779,True,0.5180555399999989,0.8575000000000017,North Carolina
name_huc8,4,6.0,6.0,yellowstone_river_huc8_10070002,Yellowstone River,10,1007,10070002,4,4,"06191500,06192500,06195750,06195950",2007-07-13,2026-08-24,19.11567419575633,True,0.7350427900000014,0.8529244000000062,Montana
name_huc8,4,6.0,6.0,arkansas_river_huc8_11020002,ARKANSAS RIVER,11,1102,11020002,4,4,"07096000,07097000,07099400,07109500",2008-09-30,2026-08-24,17.897330595482547,True,0.1858307400000001,0.8586018000000024,Colorado
name_huc8,4,6.0,6.0,reedy_creek_huc8_03090101,REEDY CREEK,03,0309,03090101,4,4,"02266298,02266300,02266320,02266495",1985-01-24,2001-05-11,16.292950034223136,True,0.07277493000000135,0.03722270000000094,Florida
name_huc8,4,6.0,6.0,cahaba_river_huc8_03150202,CAHABA RIVER,03,0315,03150202,4,4,"02423130,02423160,02423380,02423496",2011-08-08,2026-07-20,14.948665297741274,True,0.2530483399999994,0.23500340000001074,Alabama
name_huc8,4,6.0,6.0,youghiogheny_river_huc8_05020006,Youghiogheny River,05,0502,05020006,4,4,"03076500,03077500,03081000,03083500",2012-10-01,2026-08-24,13.894592744695414,True,0.5866110999999989,0.4424925000000002,"Maryland,Pennsylvania"
name_huc8,4,6.0,6.0,wichita_rv_huc8_11130206,Wichita Rv,11,1113,11130206,4,4,"07311900,07312100,07312500,07312700",1998-09-30,2011-09-29,12.996577686516085,True,0.35278074000000004,1.0919765999999953,Texas
name_huc8,4,6.0,6.0,clearwater_river_huc8_17060306,CLEARWATER RIVER,17,1706,17060306,4,4,"13340000,13341050,13342500,13343000",2008-09-30,2021-01-05,12.265571526351813,True,0.06611110999999426,0.7102778000000001,Idaho
name_huc8,4,6.0,6.0,green_river_huc8_05110001,GREEN RIVER,05,0511,05110001,4,4,"03306000,03306500,03309000,03311500",2003-07-12,2014-11-30,11.38672142368241,True,0.07362284999999957,0.9139020000000073,Kentucky
name_huc8,4,6.0,6.0,cooper_r_huc8_03050201,COOPER R,03,0305,03050201,4,4,"02172050,02172053,021720677,0217206935",2016-07-01,2026-08-25,10.149212867898699,True,0.20197223000000264,0.04000329999999508,South Carolina
name_huc8,4,6.0,6.0,harpeth_river_huc8_05130204,HARPETH RIVER,05,0513,05130204,4,4,"03432100,0343233905,034324146,03433500",2016-10-21,2026-08-24,9.839835728952773,True,0.2219985000000051,0.22962650000000906,Tennessee
name_huc8,4,6.0,6.0,missouri_river_huc8_10230006,Missouri River,10,1023,10230006,4,4,"06610000,06610505,410333095530101,412126095565201",2013-04-13,2022-06-24,9.196440793976729,True,0.29811919999999503,0.08527780000000007,"Iowa,Nebraska"
name_huc8,4,6.0,6.0,st_johns_river_huc8_03080101,ST. JOHNS RIVER,03,0308,03080101,4,4,"02232400,02234000,02234500,02236000",2007-12-12,2016-09-29,8.799452429842573,True,0.6385898999999995,0.510007299999998,Florida
name_huc8,4,6.0,6.0,west_branch_delaware_river_huc8_02040101,WEST BRANCH DELAWARE RIVER,02,0204,02040101,4,4,"01423000,01425000,01426500,01427000",2018-10-19,2026-08-24,7.846680355920602,True,0.21394443000000507,0.2557778200000058,New York
name_huc8,4,6.0,6.0,tualatin_river_huc8_17090010,TUALATIN RIVER,17,1709,17090010,4,4,"14203500,14206241,14206694,14207200",2019-04-19,2026-08-24,7.34839151266256,True,0.14388012000000572,0.43918030000000385,Oregon
name_huc8,4,6.0,6.0,neversink_river_huc8_02040104,NEVERSINK RIVER,02,0204,02040104,4,4,"01435000,01436000,01436690,01437500",2019-07-13,2026-08-24,7.115674195756331,True,0.44866666000000066,0.0457221799999985,New York
name_huc8,4,6.0,6.0,delaware_river_huc8_02040104,DELAWARE RIVER,02,0204,02040104,4,4,"01432160,01432805,01434000,01438500",2019-10-03,2026-08-24,6.891170431211499,True,0.1656666599999994,0.21611110999999994,Pennsylvania
name_huc8,4,6.0,6.0,french_broad_river_huc8_06010105,FRENCH BROAD RIVER,06,0601,06010105,4,4,"03447687,03448050,03451200,03451500",2019-05-23,2025-11-18,6.491444216290212,True,0.17972222000000215,0.02555560000000412,North Carolina
name_huc8,4,6.0,6.0,tuolumne_r_huc8_18040009,TUOLUMNE R,18,1804,18040009,4,4,"11276500,11276600,11276900,11289650",2016-10-01,2022-10-25,6.064339493497604,True,0.2711113099999949,0.6439023000000077,California
