site_id,name,latitude,longitude,huc,daily_begin,daily_end,span_years,state_name,site_type,found,has_daily_temperature
023432415,"CHATTAHOOCHEE R .36 MI DS WFG DAM NR FT GAINES, GA",31.62219444,-85.0591667,3130004,2010-05-28,2026-08-25,16.243668720054757,Alabama,Stream,True,True
02397530,"COOSA RIVER AT STATE LINE, AL/GA",34.20194444,-85.45325,3150105,1975-06-22,2026-08-25,51.175906913073234,Alabama,Stream,True,True
02400100,TERRAPIN CREEK AT ELLISVILLE AL,34.06509836,-85.6141287,3150105,2017-12-02,2026-08-24,8.725530458590006,Alabama,Stream,True,True
02405500,KELLY CREEK NEAR VINCENT AL,33.4476497,-86.3869219,3150106,2008-07-12,2026-08-24,18.116358658453116,Alabama,Stream,True,True
02407514,"YELLOWLEAF CREEK NEAR WESTOVER, AL",33.32066689,-86.4952592,3150107,2008-07-12,2026-08-24,18.116358658453116,Alabama,Stream,True,True
02412000,"TALLAPOOSA RIVER NEAR HEFLIN, AL",33.622885,-85.5132894,3150108,2017-12-06,2020-11-23,2.965092402464066,Alabama,Stream,True,True
02413300,LITTLE TALLAPOOSA RIVER NEAR NEWELL AL,33.43733498,-85.399118,3150108,2017-12-06,2020-12-20,3.0390143737166326,Alabama,Stream,True,True
02419890,TALLAPOOSA RIVER NEAR MONT.-MONT. WATER WORKS,32.43989677,-86.1955275,3150110,2005-07-23,2019-10-17,14.234086242299794,Alabama,Stream,True,True
02423130,"CAHABA RIVER AT TRUSSVILLE, AL.",33.62232504,-86.599431,3150202,1988-09-08,2026-07-20,37.86173853524983,Alabama,Stream,True,True
02423160,CAHABA RIVER NEAR WHITES CHAPEL AL,33.60371416,-86.5491517,3150202,2011-08-08,2026-08-24,15.044490075290897,Alabama,Stream,True,True
02423380,CAHABA RIVER NEAR MOUNTAIN BROOK AL,33.4817724,-86.7127653,3150202,1987-08-07,2026-08-24,39.04722792607803,Alabama,Stream,True,True
02423397,"LITTLE CAHABA RIVER BELOW LEEDS, AL.",33.53454886,-86.5624847,3150202,1995-06-16,2026-08-24,31.189596167008897,Alabama,Stream,True,True
02423398,LITTLE CAHABA RIVER NEAR LEEDS AL,33.52427129,-86.5755404,3150202,1988-09-08,2006-12-31,18.310746064339494,Alabama,Stream,True,True
02423496,"CAHABA RIVER NEAR HOOVER, AL",33.3692767,-86.7841551,3150202,1988-11-23,2026-08-24,37.74948665297741,Alabama,Stream,True,True
02450250,SIPSEY FORK NEAR GRAYSON AL,34.28537757,-87.3989084,3160110,2012-04-13,2026-08-24,14.362765229295004,Alabama,Stream,True,True
02453500,MULBERRY FORK AT CORDOVA AL,33.75760677,-87.1702791,3160109,2012-08-23,2026-08-24,14.001368925393566,Alabama,Stream,True,True
02454000,LOST CREEK NEAR OAKMAN AL,33.76399789,-87.3583383,3160109,1980-10-11,1982-10-22,2.028747433264887,Alabama,Stream,True,True
02455980,TURKEY CREEK AT SEWAGE PLANT NEAR PINSON AL,33.71121273,-86.6961013,3160111,1989-01-05,2026-08-24,37.63175906913073,Alabama,Stream,True,True
02457595,"FIVEMILE CREEK NEAR REPUBLIC, AL",33.5970492,-86.8680483,3160111,1988-09-28,2026-08-24,37.90280629705681,Alabama,Stream,True,True
02458148,"VILLAGE CREEK AT 86TH ST NORTH AT ROEBUCK, AL.",33.5770483,-86.7188778,3160111,2000-04-26,2026-08-24,26.327173169062284,Alabama,Stream,True,True
02458450,"VILLAGE CREEK AT AVENUE W AT ENSLEY, AL",33.5176481,-86.87915889,3160111,1991-05-14,2026-08-24,35.279945242984255,Alabama,Stream,True,True
02458502,"VILLAGE CREEK NEAR PRATT CITY, ALABAMA",33.5239948,-86.8911032,3160111,2014-07-26,2026-08-24,12.07939767282683,Alabama,Stream,True,True
02469100,TOMBIGBEE RIVER AT PENNINGTON AL,32.2376437,-88.0083498,3160201,2016-04-27,2026-08-24,10.324435318275153,Alabama,Stream,True,True
02470805,"BAYOU SARA AT SARALAND, ALA",30.82521804,-88.07002725,31602040402,2024-11-08,2026-08-24,1.7905544147843941,Alabama,Stream,True,True
12355000,Flathead River at Flathead British Columbia,49.001242,-114.475664,nan,1975-09-18,1991-09-29,16.030116358658454,Alaska,Stream,True,True
15008000,SALMON R NR HYDER AK,56.026111,-130.065278,190101060106.0,2020-03-14,2026-08-25,6.447638603696099,Alaska,Stream,True,True
15009000,SOULE R NR HYDER AK,55.83302857,-130.1833693,19010106.0,2014-01-18,2016-12-30,2.948665297741273,Alaska,Stream,True,True
15011870,WHITE C NR KETCHIKAN AK,55.4138425,-130.4622504,19010105.0,1979-05-11,1983-10-13,4.424366872005476,Alaska,Stream,True,True
15011880,KETA R NR KETCHIKAN AK,55.3532874,-130.4505824,19010105.0,1979-05-09,1984-04-03,4.903490759753593,Alaska,Stream,True,True
15011894,BLOSSOM R NR KETCHIKAN AK,55.42578169,-130.5628063,19010105.0,1981-02-10,1984-09-21,3.6112251882272415,Alaska,Stream,True,True
15015595,UNUK R BL BLUE R NR WRANGELL AK,56.240556,-130.880278,190101050403.0,2003-09-30,2026-08-25,22.902121834360027,Alaska,Stream,True,True
15024800,STIKINE R NR WRANGELL AK,56.7079243,-132.1319708,19010207.0,1976-07-28,1981-08-06,5.023956194387406,Alaska,Stream,True,True
15041200,TAKU R NR JUNEAU AK,58.538611,-133.7,190103040706.0,2019-05-06,2026-08-25,7.304585900068446,Alaska,Stream,True,True
15051010,SALMON C NR JUNEAU AK,58.33217378,-134.4676074,19010301.0,2013-03-05,2016-09-29,3.57015742642026,Alaska,Stream,True,True
15052475,JORDAN C BL EGAN DR NR AUKE BAY AK,58.36625077,-134.577969,19010301.0,1999-07-15,2005-09-29,6.209445585215605,Alaska,Stream,True,True
15054000,AUKE C AT AUKE BAY AK,58.3818946,-134.6378955,19010301.0,1970-03-10,1974-09-30,4.558521560574949,Alaska,Stream,True,True
15056030,KAKUHAN C NR HAINES AK,59.00514251,-135.18580253,190103010712.0,1999-09-30,2012-09-29,12.999315537303216,Alaska,Stream,True,True
15056100,SKAGWAY R AT SKAGWAY AK,59.46583333,-135.30416667,190103030205.0,1979-04-19,1982-11-21,3.592060232717317,Alaska,Stream,True,True
15056210,TAIYA R NR SKAGWAY AK,59.511944,-135.344444,190103030104.0,1971-10-01,2026-08-25,54.899383983572896,Alaska,Stream,True,True
15056560,KLEHINI R NR KLUKWAN AK,59.413056,-135.996944,190103031208.0,2023-08-26,2026-08-25,2.9979466119096507,Alaska,Stream,True,True
15057580,KAHTAHEENA R AB UPPER FALLS NR GUSTAVUS AK,58.44345936,-135.60217509,190103021405.0,1999-10-01,2004-09-29,4.996577686516085,Alaska,Stream,True,True
15057590,KAHTAHEENA R NR GUSTAVUS AK,58.42318126,-135.5999517,190103021405.0,1999-09-30,2000-09-29,0.999315537303217,Alaska,Stream,True,True
15057596,SALMON R AT GUSTAVUS AK,58.445,-135.74,190103021404.0,2014-05-15,2026-08-25,12.279260780287474,Alaska,Stream,True,True
15058700,GOVERNMENT C NR KETCHIKAN AK,55.3424302,-131.7005736,19010102.0,2013-04-23,2020-10-03,7.446954140999315,Alaska,Stream,True,True
15068040,LEASK CREEK AT SHELTER COVE NR KETCHIKAN AK,55.5193045,-131.524399,19010102.0,2017-06-07,2026-08-25,9.215605749486652,Alaska,Stream,True,True
15081495,NF STANEY C NR KLAWOCK AK,55.7324084,-132.9688959,19010103.0,1990-11-21,2003-09-29,12.854209445585216,Alaska,Stream,True,True
15081497,STANEY C NR KLAWOCK AK,55.8012313,-133.1102972,19010103.0,1996-09-30,2026-08-25,29.900068446269678,Alaska,Stream,True,True
15081614,HALFMILE C AB DIVERSION NR KLAWOCK AK,55.55687287,-133.0186197,19010103.0,2004-05-06,2005-12-31,1.6536618754277892,Alaska,Stream,True,True
15083500,PERKINS C NR METLAKATLA AK,54.9463249,-132.1724762,19010103.0,1981-11-02,1993-12-14,12.114989733059549,Alaska,Stream,True,True
15085100,OLD TOM C NR KASAAN AK,55.3951944,-132.4086268,19010103.0,2003-09-30,2019-06-25,15.734428473648187,Alaska,Stream,True,True
15085697,HARRIS R 1.2 MI AB MOUTH NR HOLLIS AK,55.45931667,-132.716261,nan,2019-10-21,2026-08-25,6.844626967830253,Alaska,Stream,True,True
15085800,MAYBESO C AT HOLLIS AK,55.490199,-132.676926,19010103.0,2004-09-30,2005-09-29,0.9965776865160849,Alaska,Stream,True,True
15086225,HATCHERY C AT FOREST SVC RD 23 NR COFFMAN COVE AK,55.9086111,-132.9308333,19010103.0,2016-10-26,2026-07-19,9.727583846680355,Alaska,Stream,True,True
15086960,SUNRISE LK OUTLET NR WRANGELL AK,56.4118757,-132.4933566,19010209.0,1998-06-18,2000-10-17,2.3326488706365502,Alaska,Stream,True,True
15087300,FALLS C NR PETERSBURG AK,56.6818693,-132.9239425,19010210.0,2004-09-30,2008-09-29,3.997262149212868,Alaska,Stream,True,True
15087500,EF HOBO C NR PETERSBURG AK,56.7935403,-132.8747734,19010210.0,2003-11-03,2008-09-29,4.906228610540725,Alaska,Stream,True,True
15087570,HAMILTON C NR KAKE AK,56.87216067,-133.6767336,19010210.0,1982-02-06,1995-11-20,13.78507871321013,Alaska,Stream,True,True
15087585,TWELVEMILE C NR PETERSBURG AK,56.968611,-133.068056,190102100103.0,2021-05-27,2026-08-25,5.245722108145106,Alaska,Stream,True,True
15087590,ROCKY PASS C NR POINT BAKER AK,56.61909149,-133.737881,19010210.0,1981-10-09,1982-12-31,1.2265571526351813,Alaska,Stream,True,True
15087610,NAKWASINA R NR SITKA AK,57.2599243,-135.3334275,19010212.0,1981-08-12,1982-10-13,1.1690622861054072,Alaska,Stream,True,True
15087618,STARRIGAVAN C AT UPPER BRIDGE NR SITKA AK,57.12491678,-135.3334277,19010212.0,2003-10-23,2008-09-29,4.936344969199179,Alaska,Stream,True,True
15087700,INDIAN R AT SITKA AK,57.05316268,-135.3162609,19010212.0,2001-05-16,2026-08-25,25.27583846680356,Alaska,Stream,True,True
15087810,SAWMILL C BL U TAILRACE NR SITKA AK,57.06094209,-135.2115356,19010212.0,2019-10-23,2026-08-24,6.836413415468857,Alaska,Stream,True,True
15100000,TAKATZ C NR BARANOF AK,57.1427162,-134.8656418,19010212.0,2014-08-30,2015-10-07,1.103353867214237,Alaska,Stream,True,True
15101500,GREENS C NR JUNEAU AK,58.08799687,-134.7487297,19010204.0,1979-02-28,1985-03-29,6.080766598220397,Alaska,Stream,True,True
15106920,KADASHAN R AB HOOK C NR TENAKEE AK,57.662435,-135.1867819,19010211.0,2003-09-30,2007-09-29,3.997262149212868,Alaska,Stream,True,True
15106960,HOOK C NR TENAKEE AK,57.6724353,-135.1795588,19010211.0,1970-04-02,1971-08-04,1.3388090349075976,Alaska,Stream,True,True
15106970,MIDDLE BASIN C NR TENAKEE AK,57.69215748,-135.2034467,19010211.0,2003-09-30,2006-09-29,2.9979466119096507,Alaska,Stream,True,True
15106980,TONALITE C NR TENAKEE AK,57.6779902,-135.2231705,19010211.0,1969-04-01,1988-02-03,18.84188911704312,Alaska,Stream,True,True
15129280,ITALIO R AB MOUTH NR YAKUTAT AK,59.302028,-139.045694,190104052002.0,2019-04-16,2024-09-25,5.44558521560575,Alaska,Stream,True,True
15129300,DANGEROUS R AT HARLEQUIN LK OUTLET NR YAKUTAT AK,59.41706666,-139.01935267,190104051905.0,2018-11-06,2024-02-16,5.278576317590692,Alaska,Stream,True,True
15129500,SITUK R NR YAKUTAT AK,59.58622987,-139.49437433,190104051806.0,2014-09-30,2026-08-25,11.901437371663244,Alaska,Stream,True,True
15129510,OLD SITUK R NR YAKUTAT AK,59.57011922,-139.44020537,190104051806.0,2003-09-30,2006-09-29,2.9979466119096507,Alaska,Stream,True,True
15200280,GULKANA R AT SOURDOUGH AK,62.520833,-145.530833,190201020609.0,2014-07-16,2026-08-25,12.109514031485284,Alaska,Stream,True,True
15209700,WF KENNICOTT R AT MCCARTHY AK,61.434167,-142.940556,190201032107.0,2020-05-17,2023-09-04,3.299110198494182,Alaska,Stream,True,True
15209770,NATIONAL C NR MCCARTHY AK,61.48468889,-142.8866167,19020103.0,2021-05-13,2026-08-25,5.284052019164956,Alaska,Stream,True,True
15212000,COPPER R NR CHITINA AK,61.46508425,-144.45794817,190201040102.0,1978-07-19,1981-09-02,3.1238877481177276,Alaska,Stream,True,True
15215900,GLACIER R TRIB NR CORDOVA AK,60.533333,-145.378611,190201041503.0,2013-03-11,2026-08-25,13.456536618754278,Alaska,Stream,True,True
15219000,WF OLSEN BAY C NR CORDOVA AK,60.761389,-146.172222,190202010602.0,2020-07-24,2026-08-25,6.0862422997946615,Alaska,Stream,True,True
15236900,WOLVERINE C NR LAWING AK,60.370556,-148.896667,190202012203.0,2016-04-22,2026-08-25,10.340862422997947,Alaska,Stream,True,True
15237030,ESHAMY C AT ESHAMY LAKE OUTLET NR WHITTIER AK,60.45188889,-148.108,190202012509.0,2019-07-29,2020-09-30,1.1745379876796715,Alaska,Stream,True,True
15238951,EAST FORK MARTIN R AT MOUTH NR HOMER AK,59.696606,-151.000389,190203011104.0,2023-08-26,2026-08-05,2.943189596167009,Alaska,Stream,True,True
15238984,SF BATTLE C NR HOMER AK,59.7521805,-150.9560085,19020301.0,2013-05-16,2013-09-29,0.3723477070499658,Alaska,Stream,True,True
15238986,BATTLE C 1.0 MI AB MOUTH NR HOMER AK,59.762333,-150.953056,190203011103.0,2010-07-14,2026-08-25,16.11498973305955,Alaska,Stream,True,True
15239070,BRADLEY R NR TIDEWATER NR HOMER AK,59.80105909,-150.884922,19020301.0,1986-05-01,2026-08-25,40.31759069130732,Alaska,Stream,True,True
15239900,ANCHOR R NR ANCHOR POINT AK,59.7465994,-151.7552127,19020301.0,2018-04-21,2026-08-24,8.342231348391513,Alaska,Stream,True,True
15241600,NINILCHIK R AT NINILCHIK AK,60.04841667,-151.6649167,19020301.0,1998-09-30,2002-09-29,3.997262149212868,Alaska,Stream,True,True
15258000,KENAI R AT COOPER LANDING AK,60.49220087,-149.8099463,19020302.0,2002-12-21,2026-08-25,23.67693360711841,Alaska,Stream,True,True
15260001,COOPER C AT SIPHON OUTLET NR COOPER LANDING AK,60.43441667,-149.8245278,19020302.0,2015-07-21,2026-08-10,11.055441478439425,Alaska,Stream,True,True
15261000,COOPER C AT MOUTH NR COOPER LANDING AK,60.4799772,-149.8827247,19020302.0,1998-08-13,2026-08-25,28.032854209445585,Alaska,Stream,True,True
15266110,KENAI R BL SKILAK LK OUTLET NR STERLING AK,60.4660763,-150.6010714,19020302.0,1998-10-09,2001-09-29,2.973305954825462,Alaska,Stream,True,True
15266300,KENAI R AT SOLDOTNA AK,60.4775,-151.079444,190203021806.0,1998-10-09,2026-08-25,27.876796714579054,Alaska,Stream,True,True
15266500,BEAVER C NR KENAI AK,60.563889,-151.1175,190203021805.0,2022-06-06,2024-10-02,2.324435318275154,Alaska,Stream,True,True
15272380,TWENTYMILE R BL GLACIER R NR PORTAGE AK,60.8974833,-148.9241074,19020302.0,2002-09-30,2011-09-29,8.996577686516085,Alaska,Stream,True,True
15274000,SF CAMPBELL C NR ANCHORAGE AK,61.16667096,-149.7727527,19020401.0,1999-09-30,2001-09-30,2.001368925393566,Alaska,Stream,True,True
15274600,CAMPBELL C NR SPENARD AK,61.139444,-149.923333,190204010603.0,2023-08-26,2026-08-24,2.9952087611225187,Alaska,Stream,True,True
15276000,SHIP C NR ANCHORAGE AK,61.225556,-149.635,190204010404.0,2014-10-11,2026-08-25,11.871321013004792,Alaska,Stream,True,True
15280999,PALMER (BODENBURG) C AT E DILLY AVE NR PALMER AK,61.52338889,-149.0418889,19020402.0,2018-08-25,2023-10-24,5.163586584531143,Alaska,Stream,True,True
15283700,MOOSE C NR PALMER AK,61.68438889,-149.0524167,19020402.0,2010-09-30,2026-08-25,15.901437371663244,Alaska,Stream,True,True
15284000,MATANUSKA R AT PALMER AK,61.60862507,-149.0730639,19020402.0,2015-06-11,2026-08-25,11.206023271731691,Alaska,Stream,True,True
15285000,WASILLA C NR PALMER AK,61.64307278,-149.1983305,19020401.0,2009-09-30,2013-06-26,3.7371663244353184,Alaska,Stream,True,True
15290000,L SUSITNA R NR PALMER AK,61.7097358,-149.2319635,19020505.0,2014-10-11,2026-08-25,11.871321013004792,Alaska,Stream,True,True
15291000,SUSITNA R NR DENALI AK,63.1034076,-147.5181418,19020501.0,2012-05-24,2014-09-29,2.349075975359343,Alaska,Stream,True,True
15291700,SUSITNA R AB TSUSENA C NR CHULITNA AK,62.8233333,-148.6047222,19020501.0,2011-10-14,2016-09-26,4.952772073921971,Alaska,Stream,True,True
15292100,SUSITNA R NR TALKEETNA AK,62.3986618,-150.1355954,19020501.0,2012-05-24,2014-09-29,2.349075975359343,Alaska,Stream,True,True
15292400,CHULITNA R NR TALKEETNA AK,62.558611,-150.233889,190205021002.0,2012-06-05,2026-08-05,14.165639972621491,Alaska,Stream,True,True
15292700,TALKEETNA R NR TALKEETNA AK,62.3464039,-150.01925,19020503.0,2011-09-30,2026-08-25,14.902121834360027,Alaska,Stream,True,True
15292780,SUSITNA R AT SUNSHINE AK,62.1748474,-150.1726719,19020505.0,2011-10-07,2015-09-29,3.978097193702943,Alaska,Stream,True,True
15292800,MONTANA C NR MONTANA AK,62.1047619,-150.0597486,19020505.0,2011-05-13,2018-10-17,7.430527036276523,Alaska,Stream,True,True
15293200,KASHWITNA R NR WILLOW AK,61.92388889,-150.0713889,19020505.0,2011-09-30,2018-10-17,7.047227926078029,Alaska,Stream,True,True
15293700,L WILLOW C NR KASHWITNA AK,61.80974586,-150.0972379,19020505.0,2013-05-22,2018-08-15,5.232032854209446,Alaska,Stream,True,True
15294005,WILLOW C NR WILLOW AK,61.780833,-149.884444,190205050605.0,1985-10-01,2026-08-25,40.89801505817933,Alaska,Stream,True,True
15294080,KROTO CREEK AT OILWELL ROAD NEAR TRAPPER CREEK AK,62.1328333,-150.5386667,19020505.0,2017-05-11,2022-10-04,5.3990417522245036,Alaska,Stream,True,True
15294345,YENTNA R NR SUSITNA STATION AK,61.6980747,-150.6527885,19020504.0,2013-05-31,2014-09-26,1.322381930184805,Alaska,Stream,True,True
15294350,SUSITNA R AT SUSITNA STATION AK,61.5441796,-150.5147329,19020505.0,1975-05-23,2014-09-25,39.3429158110883,Alaska,Stream,True,True
15295700,TERROR R AT MOUTH NR KODIAK AK,57.69404358,-153.1637244,19020701.0,1986-10-21,2026-08-25,39.84394250513347,Alaska,Stream,True,True
15297475,RED CLOUD R TR NR KODIAK AK,57.81599849,-152.6242779,19020701.0,2017-08-11,2026-08-25,9.037645448323067,Alaska,Stream,True,True
15297610,RUSSELL C NR COLD BAY AK,55.17691508,-162.6895463,19030101.0,1996-10-18,2026-08-21,29.83983572895277,Alaska,Stream,True,True
15298040,CHULITNA R 5MI AB MOUTH NR PORT ALSWORTH AK,60.2036591,-154.7044349,19030205.0,2009-10-08,2017-10-02,7.983572895277208,Alaska,Stream,True,True
15300100,BEAR C NR ILIAMNA AK,59.8237617,-154.8844049,19030205.0,2005-07-23,2016-10-11,11.219712525667351,Alaska,Stream,True,True
15300250,UPPER TALARIK C NR ILIAMNA AK,59.7859761,-155.2552406,19030206.0,2006-06-02,2016-10-10,10.35728952772074,Alaska,Stream,True,True
15300270,CHEKOK C NR PEDRO BAY AK,59.84155048,-154.3796745,19030206.0,2011-07-08,2013-09-29,2.2286105407255303,Alaska,Stream,True,True
15300300,ILIAMNA R NR PEDRO BAY AK,59.7579499,-153.8468866,19030206.0,2013-09-30,2026-08-25,12.900752908966462,Alaska,Stream,True,True
15300320,CHINKELYES C BL SUMMIT LK NR PEDRO BAY AK,59.70379507,-153.712188,19030206.0,2010-10-02,2013-09-29,2.9924709103353866,Alaska,Stream,True,True
15300500,KVICHAK R AT IGIUGIG AK,59.328889,-155.899167,190302061401.0,2023-06-26,2026-08-25,3.164955509924709,Alaska,Stream,True,True
15301500,ALLEN R NR ALEKNAGIK AK,60.1539944,-158.7366923,19030301.0,2011-09-30,2014-09-29,2.9979466119096507,Alaska,Stream,True,True
15302000,NUYAKUK R NR DILLINGHAM AK,59.93482769,-158.1900527,19030301.0,2013-09-30,2026-08-25,12.900752908966462,Alaska,Stream,True,True
15302200,KOKTULI R NR ILIAMNA AK,59.7926376,-155.5246895,19030302.0,2006-06-21,2022-10-04,16.28747433264887,Alaska,Stream,True,True
15302250,NF KOKTULI R NR ILIAMNA AK,59.8424682,-155.7185564,19030302.0,2007-05-16,2022-10-05,15.38945927446954,Alaska,Stream,True,True
15302300,MULCHATNA R AB STUYAHOK R NR NEW STUYAHOK AK,59.8376227,-156.6938693,19030302.0,2013-09-30,2014-10-17,1.0458590006844628,Alaska,Stream,True,True
15302320,STUYAHOK R NR NEW STUYAHOK AK,59.80901149,-156.6669229,19030302.0,2013-09-30,2014-10-17,1.0458590006844628,Alaska,Stream,True,True
15302812,KOKWOK R 22 MI AB NUSHAGAK R NR EKWOK AK,59.415,-157.8041667,19030303.0,2016-10-14,2022-09-06,5.894592744695414,Alaska,Stream,True,True
15304010,CROOKED C AB AIRPORT RD NR CROOKED CREEK AK,61.89,-158.154444,190305010809.0,2017-05-19,2026-08-25,9.267624914442163,Alaska,Stream,True,True
15304150,KUSKOKWIM R AT TULUKSAK AK,61.11650833,-160.95756944,190305021903.0,2025-05-13,2026-08-25,1.2840520191649556,Alaska,Stream,True,True
15310002,MOSQUITO FORK 2 MI BL KECHUMSTUK C NR CHICKEN AK,64.0344444,-142.5283333,19070502.0,2015-05-21,2020-07-14,5.149897330595483,Alaska,Stream,True,True
15330000,NF FORTYMILE R AB MF NR FRANKLIN AK,64.4668333,-142.21625,19070502.0,2019-05-19,2021-07-19,2.1683778234086244,Alaska,Stream,True,True
15331000,MF FORTYMILE R NR MOUTH NR CHICKEN AK,64.4708611,-142.2215,nan,2019-05-20,2021-07-19,2.1656399726214923,Alaska,Stream,True,True
15348000,FORTYMILE R NR STEELE CREEK AK,64.3088137,-141.404467,19070502.0,2014-08-13,2018-09-08,4.071184120465435,Alaska,Stream,True,True
15392000,BIRCH C AB TWELVEMILE C NR MILLER HOUSE AK,65.3921157,-145.7149559,19080401.0,2011-06-17,2012-09-29,1.2867898699520877,Alaska,Stream,True,True
15407500,HARRISON C NR CENTRAL AK,65.37879011,-144.83521269,190804010406.0,2023-07-21,2024-09-29,1.1937029431895962,Alaska,Stream,True,True
15446000,BIRCH C NR CIRCLE AK,65.7107523,-144.3357853,19080401.0,2021-05-19,2026-08-24,5.2648870636550305,Alaska,Stream,True,True
15457800,HESS C NR LIVENGOOD AK,65.66483428,-149.0989254,19080404.0,2014-05-13,2015-09-29,1.379876796714579,Alaska,Stream,True,True
15484000,SALCHA R NR SALCHAKET AK,64.471528,-146.928056,190803050809.0,2014-09-30,2026-08-24,11.898699520876113,Alaska,Stream,True,True
15493000,CHENA R NR TWO RIVERS AK,64.9019722,-146.3613333,19080306.0,2013-09-30,2026-08-24,12.898015058179329,Alaska,Stream,True,True
15515500,TANANA R AT NENANA AK,64.5649444,-149.094,19080307.0,2013-09-30,2026-08-24,12.898015058179329,Alaska,Stream,True,True
15518900,TOLOVANA R NR LIVENGOOD AK,65.47151429,-148.2688894,19080309.0,2010-09-30,2013-09-29,2.9979466119096507,Alaska,Stream,True,True
15519030,LIVENGOOD C AT LIVENGOOD AK,65.5229722,-148.5463889,19080309.0,2019-05-07,2026-08-24,7.299110198494182,Alaska,Stream,True,True
15519100,TOLOVANA R BL ROSEBUD C NR LIVENGOOD AK,65.4648407,-148.6311143,19080309.0,2010-09-30,2026-08-24,15.898699520876113,Alaska,Stream,True,True
15564860,YUKON R AT GALENA AK,64.7369001,-156.89431429,190902051104.0,1954-06-01,2026-08-25,72.23271731690623,Alaska,Stream,True,True
15564879,SLATE C AT COLDFOOT AK,67.2544444,-150.1772222,19090101.0,1998-05-11,2026-08-24,28.28747433264887,Alaska,Stream,True,True
15564880,SF KOYUKUK R NR COLDFOOT AK,67.019439,-150.2925,190901020302.0,2024-08-07,2026-08-22,2.0396988364134154,Alaska,Stream,True,True
15565400,ANVIK R NR ANVIK AK,62.7887211,-160.699352,19090301.0,2002-06-26,2006-09-29,4.26009582477755,Alaska,Stream,True,True
15565447,YUKON R AT PILOT STATION AK,61.934444,-162.880556,190903042303.0,1978-06-07,2026-08-25,48.21629021218344,Alaska,Stream,True,True
15565700,UNALAKLEET R AB CHIROSKEY R NR UNALAKLEET AK,63.9343184,-160.3076258,19050102.0,1998-06-05,2026-08-24,28.21902806297057,Alaska,Stream,True,True
15580095,NIUKLUK R AB MELSING C AT COUNCIL AK,64.8919444,-163.67,19050104.0,2013-07-12,2026-08-25,13.119780971937029,Alaska,Stream,True,True
15747000,WULIK R BL TUTAK C NR KIVALINA AK,67.87547519,-163.677559,19050404.0,2017-08-11,2026-08-24,9.034907597535934,Alaska,Stream,True,True
15803000,MEADE R AT ATKASUK AK,70.4953764,-157.395848,19060203.0,2005-09-04,2022-09-30,17.07049965776865,Alaska,Stream,True,True
15896000,KUPARUK R NR DEADHORSE AK,70.2813799,-148.962861,19060401.0,1978-07-27,2022-07-30,44.0082135523614,Alaska,Stream,True,True
15908000,SAGAVANIRKTOK R NR PUMP STA 3 AK,69.0158333,-148.8177778,19060402.0,2014-06-10,2026-08-24,12.205338809034908,Alaska,Stream,True,True
09380000,"COLORADO RIVER AT LEES FERRY, AZ",36.86433333,-111.58787222,140700061105,1986-10-17,2026-08-24,39.85215605749487,Arizona,Stream,True,True
09383100,COLORADO R ABV LITTLE COLORADO R NR DESERT VIEW,36.2040833,-111.8007222,15010001,1990-07-31,2026-08-24,36.06570841889117,Arizona,Stream,True,True
09402300,"LITTLE COLORADO RIVER ABV MOUTH NR DESERT VIEW, AZ",36.1952642,-111.7771024,15020016,2016-04-27,2026-08-24,10.324435318275153,Arizona,Stream,True,True
09402500,"COLORADO RIVER NEAR GRAND CANYON, AZ",36.10137176,-112.0862795,15010001,1983-04-29,2003-03-30,19.917864476386036,Arizona,Stream,True,True
09404200,COLORADO RVR ABV DIAMOND CREEK NR PEACH SPRINGS AZ,35.7735994,-113.363544,15010002,1990-08-29,2007-09-29,17.084188911704313,Arizona,Stream,True,True
09414975,"BEAVER DAM WASH AT MOUTH NR BEAVER DAM, AZ",36.89554167,-113.9223722,15010010,2020-07-11,2020-10-07,0.24093086926762491,Arizona,Stream,True,True
09415000,"VIRGIN RV AT LITTLEFIELD, AZ",36.8916437,-113.9244098,15010010,2019-07-23,2025-06-11,5.886379192334018,Arizona,Stream,True,True
09415058,"VIRGIN RV ABV MESQUITE DIV NR MESQUITE, NV",36.8133111,-114.0038556,15010010,2021-06-11,2023-08-16,2.1793292265571527,Arizona,Stream,True,True
09471000,"SAN PEDRO RIVER AT CHARLESTON, AZ",31.62594167,-110.1751028,15050202,2012-02-09,2026-08-24,14.537987679671458,Arizona,Stream,True,True
09504350,"WEST FORK OAK CREEK NR SEDONA, AZ",34.98775,-111.7461944,15060202,2025-03-06,2026-08-24,1.4674880219028064,Arizona,Stream,True,True
09504420,"OAK CREEK NEAR SEDONA, AZ",34.86153889,-111.7619972,15060202,2025-03-06,2026-08-24,1.4674880219028064,Arizona,Stream,True,True
09505800,"WEST CLEAR CREEK NEAR CAMP VERDE, AZ",34.53863606,-111.6940356,15060203,2012-03-08,2026-08-24,14.461327857631758,Arizona,Stream,True,True
09508300,"WET BOTTOM CREEK NEAR CHILDS, AZ",34.16086787,-111.6929235,15060203,2012-02-01,2016-01-25,3.980835044490075,Arizona,Stream,True,True
09510000,"VERDE RIVER BELOW BARTLETT DAM, AZ",33.808289,-111.661911,150602030702,2023-08-31,2026-08-24,2.9815195071868583,Arizona,Stream,True,True
09522005,"COLORADO RIVER BELOW COOPER WASTEWAY NEAR YUMA, AZ",32.7122222,-114.7222222,15030108,2017-01-23,2026-08-23,9.579739904175222,Arizona,Stream,True,True
09534000,YUMA MAIN DRAIN ABOVE ARIZONA-SONORA BOUNDARY,32.48758333,-114.7896667,15030108,2017-01-26,2026-08-24,9.574264202600958,Arizona,Stream,True,True
09534550,242 LATERAL ABOVE MAIN DRAIN AT AZ-SONORA BOUNDRY,32.48694444,-114.7872222,15030108,2017-01-26,2026-08-24,9.574264202600958,Arizona,Stream,True,True
332029112353701,"GILA RIVER AT MILLER RD NEAR BUCKEYE, AZ",33.34151667,-112.5935417,15070101,2020-11-04,2026-04-27,5.475701574264202,Arizona,Stream,True,True
332106112314101,"GILA RIVER BELOW WATERMAN WASH NEAR BUCKEYE, AZ",33.3516833,-112.5280444,15070101,2021-04-07,2026-02-28,4.895277207392197,Arizona,Stream,True,True
332108112332001,"IRRIGATION DITCH AT WATSON RD NEAR BUCKEYE, AZ",33.3521361,-112.5556528,15070101,2020-11-16,2023-11-06,2.97056810403833,Arizona,Stream,True,True
364757114024501,"VIRGIN R ABV AZ-NV STATE LINE NR LITTLEFIELD, AZ",36.79913056,-114.0456889,15010010,2019-07-20,2021-10-21,2.2559890485968515,Arizona,Stream,True,True
364831114002301,"VIRGIN R BLW MESQUITE DIV NR LITTELFIELD, AZ",36.8085,-114.0065194,15010010,2019-07-19,2020-10-08,1.2238193018480492,Arizona,Stream,True,True
364849114001301,"VIRGIN RV BLW MESQUITE DIV NR MESQUITE, NV",36.8125,-114.0038889,15010010,2021-06-11,2021-10-18,0.3531827515400411,Arizona,Stream,True,True
364904113593701,"VIRGIN RV AT SAND HOLLOW WASH NR LITTLEFIELD, AZ",36.81786944,-113.9935889,15010010,2019-07-19,2021-10-19,2.2532511978097194,Arizona,Stream,True,True
07048493,"Town Br. at S Morningside at Fayetteville, AR",36.0449333,-94.1494333,11010001,2023-05-26,2026-08-24,3.247091033538672,Arkansas,Stream,True,True
07048495,"Town Branch at Armstrong St. at Fayetteville, AR",36.0432583,-94.1360222,11010001,2015-06-18,2023-04-24,7.8494182067077345,Arkansas,Stream,True,True
07048550,"West Fork White River east of Fayetteville, AR",36.05388889,-94.0830556,11010001,2014-10-11,2026-08-24,11.868583162217659,Arkansas,Stream,True,True
07048600,"White River near Fayetteville, AR",36.07305556,-94.0811111,11010001,2017-06-21,2026-08-24,9.174537987679672,Arkansas,Stream,True,True
07049050,"War Eagle Creek at War Eagle, AR",36.26757447,-93.9432535,11010001,2016-02-03,2022-04-25,6.223134839151267,Arkansas,Stream,True,True
07049691,White River at Beaver Dam near Eureka Springs,36.4208333,-93.8472222,11010001,1999-06-04,2026-08-24,27.222450376454482,Arkansas,Stream,True,True
07054501,White River at Bull Shoals Dam near Flippin,36.365,-92.575,11010003,1991-05-03,2026-08-24,35.31006160164271,Arkansas,Stream,True,True
07054527,White River below Bull Shoals Dam near Fairview,36.3436111,-92.5741667,11010003,1992-06-03,2026-08-24,34.223134839151264,Arkansas,Stream,True,True
07055814,"Big Creek at Carver, AR",35.97896536,-93.0435069,11010005,2014-06-03,2017-04-30,2.9075975359342916,Arkansas,Stream,True,True
07056515,"Bear Creek near Silver Hill, AR",35.94,-92.7133333,11010005,1999-02-25,2015-12-08,16.78302532511978,Arkansas,Stream,True,True
07059998,North Fork River at Base of Norfork Dam nr Norfork,36.248333,-92.24,110100061003,1998-10-02,2015-01-13,16.281998631074607,Arkansas,Stream,True,True
07060000,"North Fork Riv US of Dry Ck bl Norfork Dam, AR",36.24923449,-92.2384887,11010006,2012-06-01,2026-08-24,14.22861054072553,Arkansas,Stream,True,True
07060500,"White River at Calico Rock, AR",36.11666667,-92.1430556,11010004,1991-05-15,2026-08-24,35.27720739219713,Arkansas,Stream,True,True
07075250,"S Fk Lit Red Riv us of Gulf Mt WMA nr Scotland, AR",35.54705,-92.7076667,11010014,2009-06-02,2019-01-28,9.656399726214921,Arkansas,Stream,True,True
07075270,"South Fork of Little Red River near Scotland, AR",35.5697222,-92.6219444,11010014,2010-08-17,2026-08-24,16.019164955509925,Arkansas,Stream,True,True
07076000,Little Red River near Heber Springs,35.5172222,-91.9972222,11010014,1991-05-03,2026-08-21,35.30184804928131,Arkansas,Stream,True,True
071948095,"Mud Creek near Johnson, AR",36.1228083,-94.1625611,11110103,2015-06-16,2026-08-24,11.189596167008897,Arkansas,Stream,True,True
07194880,"Osage Creek near Cave Springs, AR",36.2814592,-94.227997,11110103,2011-10-08,2022-06-21,10.702258726899384,Arkansas,Stream,True,True
07194933,"Spring Creek at Hwy 112 nr Springdale, AR",36.24377778,-94.2391389,11110103,2017-04-18,2025-01-16,7.748117727583847,Arkansas,Stream,True,True
07257500,"Illinois Bayou near Scottsville, AR",35.46638889,-93.0411111,11110202,2013-05-14,2015-10-22,2.439425051334702,Arkansas,Stream,True,True
07261090,"Cypress Creek nr Birdtown, AR",35.2708333,-92.6302778,11110205,2009-07-08,2016-02-03,6.573579739904175,Arkansas,Stream,True,True
07263296,"Maumelle River near Wye, AR",34.87888889,-92.6855556,11110207,2007-09-30,2026-08-24,18.899383983572896,Arkansas,Stream,True,True
072632966,"Lake Maumelle at State Hwy 10 near Wye, AR",34.87527778,-92.6538889,11110207,2008-02-14,2026-07-14,18.412046543463383,Arkansas,Stream,True,True
07337000,"Red River at Index, AR",33.55194444,-94.0411111,11140106,1997-10-01,2026-08-24,28.895277207392198,Arkansas,Stream,True,True
07362693,"Middle Fork Saline River near Owensville, AR",34.63064678,-92.8273923,8040203,2003-10-30,2009-03-03,5.341546885694729,Arkansas,Stream,True,True
07364122,"Bayou Bartholomew nr Meroney, AR",33.95321944,-91.7334167,8040205,2014-10-23,2020-06-11,5.634496919917864,Arkansas,Stream,True,True
07364130,"Deep Bayou near Star City, AR",33.963125,-91.6924472,8040205,2014-10-23,2026-08-24,11.835728952772074,Arkansas,Stream,True,True
07364133,"Bayou Bartholomew at Garrett Bridge, AR",33.86638889,-91.6561111,8040205,2005-02-19,2020-06-18,15.326488706365502,Arkansas,Stream,True,True
09429490,"COLORADO RIVER ABOVE IMPERIAL DAM, AZ-CA",32.8849361,-114.468111,15030104,1973-10-16,2026-08-24,52.85420944558521,California,Stream,True,True
10260500,DEEP C NR HESPERIA CA,34.34305858,-117.2264316,18090208,2016-10-01,2026-08-24,9.894592744695414,California,Stream,True,True
10261500,MOJAVE R A LO NARROWS NR VICTORVILLE CA,34.57304916,-117.3206018,18090208,1975-06-04,2026-08-24,51.22245037645448,California,Stream,True,True
10263500,BIG ROCK C NR VALYERMO CA,34.42083115,-117.8395072,18090206,1967-07-27,1979-03-09,11.616700889801505,California,Stream,True,True
10265100,DEADMAN C A BIG SPRINGS NR CRESTVIEW CA,37.75027778,-118.9394444,18090102,2017-09-08,2025-09-29,8.057494866529774,California,Stream,True,True
10265150,HOT C A FLUME NR MAMMOTH LAKES CA,37.66881076,-118.8176148,18090102,1983-07-07,2025-09-29,42.23134839151266,California,Stream,True,True
10277400,OWENS R BL TINEMAHA RE NR BIG PINE CA,37.0529883,-118.2273207,18090103,1975-02-05,1981-09-19,6.620123203285421,California,Stream,True,True
10336580,UPPER TRUCKEE RV AT S UPPER TRUCKEE RD NR MEYERS,38.79629598,-120.0190718,16050101,1997-10-01,2003-09-29,5.993155373032169,California,Stream,True,True
103366092,"UPPER TRUCKEE RV AT HWY 50 ABV MEYERS, CA",38.8485185,-120.0271275,16050101,1997-10-01,2003-09-29,5.993155373032169,California,Stream,True,True
103366098,"UPPER TRUCKEE RV AT HWY 50 BRG BLW MEYERS, CA",38.87546309,-120.00546,16050101,1997-10-01,2001-09-30,3.997262149212868,California,Stream,True,True
10336610,"UPPER TRUCKEE RV AT SOUTH LAKE TAHOE, CA",38.9224078,-119.9915706,16050101,1997-09-18,2026-08-24,28.930869267624914,California,Stream,True,True
10336612,"UPPER TRUCKEE RV A MOUTH NR VENICE DRIVE, CA",38.93435236,-120.0001818,16050101,1997-10-01,2001-08-10,3.8576317590691307,California,Stream,True,True
10336645,GENERAL C NR MEEKS BAY CA,39.05183077,-120.1185016,16050101,2016-10-01,2024-02-27,7.405886379192334,California,Stream,True,True
10336660,BLACKWOOD C NR TAHOE CITY CA,39.107385,-120.1621147,16050101,2016-10-01,2024-02-16,7.3757700205338805,California,Stream,True,True
10336676,WARD C AT HWY 89 NR TAHOE PINES CA,39.13210688,-120.1576705,16050101,2016-10-03,2024-02-27,7.40041067761807,California,Stream,True,True
10336770,"TROUT CK AT USFS RD 12N01 NR MEYERS, CA",38.8632405,-119.9582367,16050101,1997-10-01,2003-09-29,5.993155373032169,California,Stream,True,True
10336775,"TROUT CK AT PIONEER TRAIL NR SOUTH LAKE TAHOE, CA",38.90339444,-119.9688917,16050101,1997-10-01,2003-09-29,5.993155373032169,California,Stream,True,True
10336779,"COLD CK AT MOUTH, CA",38.91212985,-119.969348,16050101,1997-10-01,2003-09-29,5.993155373032169,California,Stream,True,True
10336780,"TROUT CK NR TAHOE VALLEY, CA",38.9199077,-119.9724036,16050101,1997-09-17,2026-08-24,28.933607118412045,California,Stream,True,True
10336795,"TROUT CK NR MOUTH E NR BELLEVUE/ELDORADO AVE, CA",38.93657456,-119.9907372,16050101,1997-09-30,2001-08-05,3.8466803559206024,California,Stream,True,True
10343500,SAGEHEN C NR TRUCKEE CA,39.43154577,-120.2379547,16050102,2016-10-01,2025-09-29,8.993839835728952,California,Stream,True,True
10346000,TRUCKEE R A FARAD CA,39.42793648,-120.0340602,16050102,2022-09-30,2026-08-25,3.9014373716632442,California,Stream,True,True
11044000,SANTA MARGARITA R NR TEMECULA CA,33.4739175,-117.1422536,18070302,2016-10-01,2026-08-24,9.894592744695414,California,Stream,True,True
11046062,COCKLEBURR C LAGOON A MOUTH NR OCEANSIDE CA,33.25055556,-117.4313889,18070301,2003-05-16,2010-09-30,7.3757700205338805,California,Stream,True,True
11103010,LOS ANGELES R AT WILLOW ST BR AT LONG BEACH CA,33.8044618,-118.2050693,18070105,1974-02-04,1981-01-20,6.959616700889802,California,Stream,True,True
11108500,SANTA CLARA RIVER AT L.A.-VENTURA CO. LINE CA,34.39971939,-118.7048126,18070102,1969-06-20,1981-09-01,12.199863107460644,California,Stream,True,True
11111500,SESPE CREEK NEAR WHEELER SPRINGS CA,34.5777657,-119.2573347,18070102,1974-08-19,1978-09-29,4.112251882272417,California,Stream,True,True
11120600,JALAMA C NR LOMPOC CA,34.513686,-120.484894,180600130101,2025-09-26,2026-08-24,0.9089664613278576,California,Stream,True,True
11125600,HILTON CYN C NR SANTA YNEZ CA,34.5822032,-119.9826082,18060010,2002-07-04,2002-07-05,0.0027378507871321013,California,Stream,True,True
11126000,SANTA YNEZ R NR SANTA YNEZ CA,34.58914745,-119.9887195,18060010,1994-07-26,2026-08-24,32.07939767282683,California,Stream,True,True
11133000,SANTA YNEZ R A NARROWS NR LOMPOC CA,34.6360873,-120.4245645,18060010,1998-10-01,2026-08-24,27.89596167008898,California,Stream,True,True
11153000,PACHECO C NR DUNNEVILLE CA,36.98,-121.38027778,180600020206,2021-12-24,2023-07-04,1.5249828884325805,California,Stream,True,True
11162620,PILARCITOS C BL STONE DAM NR HILLSBOROUGH CA,37.52461674,-122.3993735,18050006,2022-11-15,2023-07-04,0.6324435318275154,California,Stream,True,True
11162753,SAN MATEO C BL LO CRYSTAL SP RES NR SAN MATEO CA,37.52944444,-122.3583333,18050004,2016-10-01,2023-07-04,6.754277891854894,California,Stream,True,True
11170450,COYOTE C BL COYOTE RANCH RD NR COYOTE CA,37.21805556,-121.7405556,18050003,2022-12-13,2023-07-04,0.5557837097878165,California,Stream,True,True
11171500,COYOTE C NR EDENVALE CA,37.27094444,-121.7976944,18050003,2022-12-06,2023-07-04,0.5749486652977412,California,Stream,True,True
11172175,COYOTE C AB HWY 237 A MILPITAS CA,37.4221617,-121.9274577,18050003,2022-02-05,2023-07-04,1.4072553045859,California,Stream,True,True
11172945,ALAMEDA C AB DIV DAM NR SUNOL CA,37.4974356,-121.7735644,18050004,2016-10-02,2023-07-04,6.751540041067762,California,Stream,True,True
11172955,ALAMEDA C BL DIV DAM NR SUNOL CA,37.4986111,-121.7794444,18050004,2016-10-18,2023-07-04,6.707734428473648,California,Stream,True,True
11173200,ARROYO HONDO NR SAN JOSE CA,37.46160337,-121.769397,18050004,2016-10-01,2023-07-04,6.754277891854894,California,Stream,True,True
11173500,CALAVERAS C NR SUNOL CA,37.50194444,-121.8183333,18050004,2016-10-01,2023-07-04,6.754277891854894,California,Stream,True,True
11173510,ALAMEDA C BL CALAVERAS C NR SUNOL CA,37.5035472,-121.8246774,18050004,2016-10-01,2024-03-04,7.422313483915127,California,Stream,True,True
11173575,ALAMEDA C BL WELCH C NR SUNOL CA,37.5404908,-121.856345,18050004,2007-10-01,2023-07-04,15.756331279945243,California,Stream,True,True
11174000,SAN ANTONIO C NR SUNOL CA,37.5773982,-121.8576936,18050004,2016-10-19,2023-07-04,6.704996577686516,California,Stream,True,True
11176500,ARROYO VALLE NR LIVERMORE CA,37.62323149,-121.7588028,18050004,2016-10-01,2023-07-04,6.754277891854894,California,Stream,True,True
11176900,ARROYO DE LA LAGUNA A VERONA CA,37.62659915,-121.8830126,18050004,2003-11-26,2023-07-04,19.603011635865844,California,Stream,True,True
11179000,ALAMEDA C NR NILES CA,37.5871193,-121.960752,18050004,2005-10-04,2023-07-04,17.746748802190282,California,Stream,True,True
11181040,SAN LORENZO C A SAN LORENZO CA,37.6840977,-122.1399649,18050004,1992-10-02,1993-08-18,0.8761122518822724,California,Stream,True,True
11194152,KERN R A ENOS PARK FOOT BR NR BAKERSFIELD CA,35.3035361,-119.2516472,18030003,2026-06-26,2026-08-24,0.16153319644079397,California,Stream,True,True
11199500,WHITE R NR DUCOR CA,35.814583,-118.928319,180300050501,2025-10-16,2026-06-23,0.6844626967830253,California,Stream,True,True
11201095,DEER C A ROAD 272 BRIDGE NR PORTERVILLE CA,36.0036722,-118.9643639,18030005,2024-07-01,2026-08-24,2.1464750171115674,California,Stream,True,True
11203580,SF TULE R NR CHOLOLLO CAMPGROUND NR PORTERVILLE CA,36.0482899,-118.6542574,18030006,2016-10-01,2026-08-24,9.894592744695414,California,Stream,True,True
11204100,SF TULE R NR RESERVATION BNDRY NR PORTERVILLE CA,36.02411648,-118.8134258,18030006,2016-10-02,2026-08-24,9.891854893908283,California,Stream,True,True
11206820,MARBLE FORK KAWEAH R AB HORSE C NR LODGEPOLE CA,36.61166667,-118.7016667,18030007,2016-10-01,2026-08-24,9.894592744695414,California,Stream,True,True
11212260,CROSS C A KANSAS AVE NR HANFORD CA,36.211,-119.568636,18030007,2026-01-04,2026-08-24,0.6351813826146475,California,Stream,True,True
11222975,NF KINGS R A 24TH AVE BR NR LEMOORE CA,36.3742611,-119.8872472,18030012,2026-07-29,2026-08-24,0.07118412046543464,California,Stream,True,True
11224000,MF SAN JOAQUIN R NR MAMMOTH LAKES CA,37.63194444,-119.0863889,18040006,2021-09-30,2025-09-29,3.997262149212868,California,Stream,True,True
11250110,SAN JOAQUIN R RELEASE A FRIANT DAM CA,36.99916667,-119.706111,18040001,2019-10-01,2023-09-30,3.997262149212868,California,Stream,True,True
11251000,SAN JOAQUIN R BL FRIANT CA,36.98439397,-119.7243124,18040001,2016-10-01,2026-08-24,9.894592744695414,California,Stream,True,True
11252275,SAN JOAQUIN R BL HWY 41 NR PINEDALE CA,36.87638889,-119.7930556,18040001,2020-10-01,2022-09-30,1.995893223819302,California,Stream,True,True
11253058,SAN JOAQUIN R A GRAVELLY FORD CN NR KERMAN CA,36.79916667,-120.163611,18040001,2023-02-16,2023-09-30,0.6187542778918549,California,Stream,True,True
11254000,SAN JOAQUIN R NR MENDOTA CA,36.8105046,-120.3782256,18040001,2016-10-01,2021-12-07,5.1827515400410675,California,Stream,True,True
11261100,SALT SLOUGH A HWY 165 NR STEVINSON CA,37.2476912,-120.8521075,18040001,1985-09-10,2022-11-09,37.163586584531146,California,Stream,True,True
11261500,SAN JOAQUIN R A FREMONT FORD BRIDGE CA,37.3099115,-120.9309993,18040001,1985-09-19,2026-08-24,40.92813141683778,California,Stream,True,True
11262890,SAN LUIS DR SITE A NR S DOS PALOS CA,36.9646698,-120.6699063,18040001,1998-10-01,1999-09-30,0.9965776865160849,California,Stream,True,True
11262895,SAN LUIS DR SITE B NR STEVINSON CA,37.2407741,-120.8779783,18040001,1998-10-01,2005-09-29,6.995208761122519,California,Stream,True,True
11262900,MUD SLOUGH NR GUSTINE CA,37.26241267,-120.9065536,18040001,1985-11-06,2022-11-08,37.00479123887748,California,Stream,True,True
11264500,MERCED R A HAPPY ISLES BRIDGE NR YOSEMITE CA,37.73130354,-119.5590243,18040008,2016-10-01,2022-10-04,6.006844626967831,California,Stream,True,True
11273400,SAN JOAQUIN R AB MERCED R NR NEWMAN CA,37.34718815,-120.9761399,18040001,2010-10-01,2026-08-24,15.89596167008898,California,Stream,True,True
11274500,ORESTIMBA C NR NEWMAN CA,37.3154653,-121.125171,18040002,2019-01-16,2022-02-15,3.082819986310746,California,Stream,True,True
11274538,ORESTIMBA CR AT RIVER RD NR CROWS LANDING CA,37.41354657,-121.0160412,18040002,1992-10-01,2018-11-17,26.127310061601644,California,Stream,True,True
11274550,SAN JOAQUIN R NR CROWS LANDING CA,37.43218889,-121.0133444,18040002,1996-01-15,2026-08-24,30.60643394934976,California,Stream,True,True
11274790,TUOLUMNE R A GRAND CYN OF TUOLUMNE AB HETCH HETCHY,37.91657698,-119.6598627,18040009,2016-10-02,2022-10-03,6.0013689253935665,California,Stream,True,True
11276500,TUOLUMNE R NR HETCH HETCHY CA,37.93740877,-119.7982,18040009,2016-10-01,2022-10-25,6.064339493497604,California,Stream,True,True
11276600,TUOLUMNE R AB EARLY INTAKE NR MATHER CA,37.87935307,-119.947092,18040009,2016-10-01,2022-11-28,6.157426420260096,California,Stream,True,True
11276900,TUOLUMNE R BL EARLY INTAKE NR MATHER CA,37.88157506,-119.9701483,18040009,2016-10-01,2022-11-27,6.154688569472964,California,Stream,True,True
11277300,CHERRY C BL VALLEY DAM NR HETCH HETCHY CA,37.96768499,-119.91737025,180400090405,2016-10-02,2023-06-06,6.674880219028063,California,Stream,True,True
11278000,ELEANOR C NR HETCH HETCHY CA,37.96907415,-119.8820916,18040009,2016-10-02,2024-04-16,7.537303216974675,California,Stream,True,True
11278300,CHERRY C NR EARLY INTAKE CA,37.89435266,-119.9626483,18040009,2016-10-01,2026-08-24,9.894592744695414,California,Stream,True,True
11289650,TUOLUMNE R BL LAGRANGE DAM NR LAGRANGE CA,37.66629746,-120.4421023,18040009,2016-10-01,2023-02-10,6.360027378507871,California,Stream,True,True
11290000,TUOLUMNE R A MODESTO CA,37.627153,-120.9843777,18040009,1971-07-28,2023-06-06,51.85763175906913,California,Stream,True,True
11299997,STANISLAUS R BL TULLOCH PP NR KNIGHTS FERRY CA,37.87603788,-120.6052025,18040010,1972-06-27,2023-06-06,50.940451745379875,California,Stream,True,True
11302000,STANISLAUS R BL GOODWIN DAM NR KNIGHTS FERRY CA,37.85159385,-120.6379816,18040010,1973-07-27,2023-06-06,49.8590006844627,California,Stream,True,True
11302500,STANISLAUS R A OAKDALE CA,37.77715006,-120.852988,18040010,2016-10-01,2023-06-07,6.680355920602327,California,Stream,True,True
11303000,STANISLAUS R A RIPON CA,37.72962389,-121.110454,18040010,1985-07-01,2023-04-05,37.76043805612594,California,Stream,True,True
11303500,SAN JOAQUIN R NR VERNALIS CA,37.67601249,-121.2662907,18040003,1972-12-04,2023-05-10,50.42847364818618,California,Stream,True,True
11355500,HAT C NR HAT CREEK CA,40.6891111,-121.4228056,18020003,2016-10-01,2026-08-24,9.894592744695414,California,Stream,True,True
11381500,MILL C NR LOS MOLINOS CA,40.0546022,-122.0241541,18020156,2016-10-01,2026-08-24,9.894592744695414,California,Stream,True,True
11383500,DEER C NR VINA CA,40.0140214,-121.9482872,18020157,2016-10-01,2026-08-24,9.894592744695414,California,Stream,True,True
11390000,BUTTE C NR CHICO CA,39.72599524,-121.7088643,18020158,2016-10-01,2026-08-24,9.894592744695414,California,Stream,True,True
11390500,SACRAMENTO R BL WILKINS SLOUGH NR GRIMES CA,39.00987205,-121.8246576,18020104,1988-10-01,2023-04-11,34.5242984257358,California,Stream,True,True
11425500,SACRAMENTO R A VERONA CA,38.77432258,-121.5982593,18020161,2016-10-01,2017-06-30,0.7446954140999316,California,Stream,True,True
11433790,NF AMERICAN R A AUBURN DAM SITE NR AUBURN CA,38.8829546,-121.0630007,18020128,2016-10-07,2023-05-11,6.590006844626968,California,Stream,True,True
11446030,SF AMERICAN R NR PILOT HILL CA,38.76295708,-121.0082763,18020129,2016-10-01,2023-05-11,6.606433949349761,California,Stream,True,True
11446220,AMERICAN R BL FOLSOM DAM NR FOLSOM CA,38.70452778,-121.164361,18020111,2004-10-01,2023-05-09,18.600958247775495,California,Stream,True,True
11446500,AMERICAN R A FAIR OAKS CA,38.6354394,-121.227692,18020111,1971-07-20,2022-12-19,51.41683778234086,California,Stream,True,True
11446700,AMERICAN R A WILLIAM B POND PARK A CARMICHAEL CA,38.59129436,-121.3327288,18020111,2016-10-01,2023-05-02,6.581793292265571,California,Stream,True,True
11446980,AMERICAN R BL WATT AVE BRDG NR CARMICHAEL CA,38.5671281,-121.3882857,18020111,2016-10-01,2023-04-20,6.548939082819986,California,Stream,True,True
11447650,SACRAMENTO R A FREEPORT CA,38.45566389,-121.5016167,18020163,1972-04-28,2023-03-22,50.89664613278576,California,Stream,True,True
11451800,CACHE C A RUMSEY CA,38.8898988,-122.2383082,18020116,2016-10-01,2026-04-30,9.57700205338809,California,Stream,True,True
11452500,CACHE C A YOLO CA,38.727126,-121.8071874,18020116,2019-01-17,2020-04-22,1.2621492128678986,California,Stream,True,True
11452800,CACHE C OVERFLOW WEIR FROM SETTLING BAS NR WOOD'LD,38.68265687,-121.6729821,18020163,2017-01-06,2019-04-18,2.2778918548939084,California,Stream,True,True
11452900,CACHE C OUTFLOW FROM SETTLING BASIN NR WOODLAND CA,38.67851526,-121.6727386,18020163,2016-12-15,2026-04-30,9.371663244353183,California,Stream,True,True
11453590,POPE C A WALTER SPRINGS CA,38.6469722,-122.365825,18020162,2020-12-27,2023-05-30,2.4202600958247777,California,Stream,True,True
11458000,NAPA R NR NAPA CA,38.36821248,-122.3032719,18050002,2018-01-09,2026-08-24,8.621492128678987,California,Stream,True,True
11458433,SONOMA CREEK A KENWOOD CA,38.4188004,-122.5627606,18050002,2016-10-16,2026-08-24,9.853524982888432,California,Stream,True,True
11458500,SONOMA C A AGUA CALIENTE CA,38.32321159,-122.4943873,18050002,2018-03-17,2021-06-30,3.2881587953456535,California,Stream,True,True
11461500,EF RUSSIAN R NR CALPELLA CA,39.24652277,-123.1302509,18010110,2019-11-01,2026-08-24,6.811772758384668,California,Stream,True,True
11462500,RUSSIAN R NR HOPLAND CA,39.0265265,-123.1305253,18010110,2016-10-01,2026-08-24,9.894592744695414,California,Stream,True,True
11463000,RUSSIAN R NR CLOVERDALE CA,38.87930758,-123.0535767,18010110,2016-10-01,2026-08-24,9.894592744695414,California,Stream,True,True
11463682,RUSSIAN R A JIMTOWN CA,38.65820245,-122.8294009,18010110,2016-10-01,2026-08-24,9.894592744695414,California,Stream,True,True
11463980,RUSSIAN R A DIGGER BEND NR HEALDSBURG CA,38.63292489,-122.8555123,18010110,2016-10-01,2026-08-24,9.894592744695414,California,Stream,True,True
11465240,DRY C BLW LAMBERT BR NR GEYSERVILLE CA,38.65320165,-122.927181,18010110,2016-10-01,2026-08-24,9.894592744695414,California,Stream,True,True
11466800,MARK WEST C NR MIRABEL HEIGHTS CA,38.4940385,-122.853288,18010110,2017-11-28,2018-04-27,0.4106776180698152,California,Stream,True,True
11467000,RUSSIAN R A HACIENDA BRIDGE NR GUERNEVILLE CA,38.50848204,-122.9277345,18010110,2002-01-25,2026-08-24,24.577686516084874,California,Stream,True,True
11475560,ELDER C NR BRANSCOMB CA,39.72956555,-123.643883,18010106,2016-10-01,2026-08-24,9.894592744695414,California,Stream,True,True
11475610,CAHTO C NR LAYTONVILLE CA,39.6715454,-123.4983497,18010106,2016-10-14,2017-10-20,1.0157426420260096,California,Stream,True,True
11511990,KLAMATH R AB FALL C NR COPCO CA,41.973,-122.3648222,18010206,2022-12-15,2026-08-24,3.6906228610540723,California,Stream,True,True
11523000,KLAMATH R A ORLEANS,41.30343278,-123.5344618,18010209,1969-04-06,2026-02-24,56.8870636550308,California,Stream,True,True
11525500,TRINITY R A LEWISTON CA,40.7247222,-122.801111,18010211,2020-02-04,2026-08-24,6.551676933607118,California,Stream,True,True
11525854,TRINITY R A DOUGLAS CITY CA,40.64527778,-122.9566667,18010211,2019-10-01,2026-08-24,6.896646132785763,California,Stream,True,True
11526400,TRINITY R AB NF TRINITY R NR HELENA CA,40.76649958,-123.1144415,18010211,2019-10-01,2026-08-24,6.896646132785763,California,Stream,True,True
11530000,TRINITY R A HOOPA CA,41.0498236,-123.6736278,18010211,2016-10-01,2026-08-24,9.894592744695414,California,Stream,True,True
11530500,KLAMATH R NR KLAMATH CA,41.51092575,-123.9794772,18010209,2016-10-01,2026-08-24,9.894592744695414,California,Stream,True,True
14361590,"MF APPLEGATE R NR COPPER, OR.",42.00623585,-123.1575489,17100309,1985-10-01,1987-09-30,1.995893223819302,California,Stream,True,True
14361600,"ELLIOTT CREEK NEAR COPPER, OR",42.0040833,-123.1486944,17100309,1985-10-01,1987-09-30,1.995893223819302,California,Stream,True,True
384115121402501,CACHE C OVERFLOW WEIR AT N ABUTMENT NR WOODLAND CA,38.6875,-121.673611,18020163,2016-01-29,2019-04-18,3.216974674880219,California,Stream,True,True
06613950,"HELL CREEK ABV NF NORTH PLATTE RIVER NR WALDEN, CO",40.7327222,-106.4250444,10180001,2014-08-21,2015-10-05,1.1225188227241616,Colorado,Stream,True,True
06707525,"SOUTH PLATTE RIVER ABV STRONTIA SPGS RESERVOIR, CO",39.41641667,-105.1510556,10190002,2022-04-01,2026-08-24,4.396988364134154,Colorado,Stream,True,True
06711565,"SOUTH PLATTE RIVER AT ENGLEWOOD, CO.",39.66497989,-105.00418085,101900020904,1995-10-01,2026-08-24,30.89664613278576,Colorado,Stream,True,True
06714215,"SOUTH PLATTE R AT 64TH AVE. COMMERCE CITY, CO.",39.812222,-104.957778,101900030304,2018-10-02,2026-08-24,7.8932238193018485,Colorado,Stream,True,True
06729470,SOUTH BOULDER CR AT FOREBAY NR ELDORADO SPRINGS CO,39.93244444,-105.3086667,10190005,2022-04-01,2026-08-24,4.396988364134154,Colorado,Stream,True,True
06736600,"BIG THOMPSON RV AT JASPER LAKE RD NR DRAKE, CO",40.4156472,-105.2561917,10190006,2017-11-15,2019-04-03,1.379876796714579,Colorado,Stream,True,True
06752450,"CACHE LA POUDRE R ABV N 11TH AVE AT GREELEY, CO",40.442003,-104.701289,101900071008,2026-07-30,2026-08-24,0.06844626967830253,Colorado,Stream,True,True
06752480,"CACHE LA POUDRE RIVER BELOW HWY 85 AT GREELEY, CO",40.422719,-104.677203,101900071008,2026-07-31,2026-08-24,0.06570841889117043,Colorado,Stream,True,True
06764000,"SOUTH PLATTE RIVER AT JULESBURG, CO",40.97499276,-102.2518517,10190018,1973-02-22,1979-10-15,6.6420260095824775,Colorado,Stream,True,True
07086000,"ARKANSAS RIVER AT GRANITE, CO.",39.04277116,-106.2658553,11020001,1993-10-07,2026-08-24,32.878850102669404,Colorado,Stream,True,True
07091200,"ARKANSAS RIVER NEAR NATHROP, CO",38.6522188,-106.051126,11020001,1989-04-08,2006-09-29,17.475701574264203,Colorado,Stream,True,True
07094500,"ARKANSAS RIVER AT PARKDALE, CO.",38.487222,-105.373056,110200011409,1987-10-01,2007-09-29,19.994524298425734,Colorado,Stream,True,True
07096000,"ARKANSAS RIVER AT CANON CITY, CO.",38.43388674,-105.2572128,11020002,1993-10-23,2026-08-24,32.83504449007529,Colorado,Stream,True,True
07097000,"ARKANSAS RIVER AT PORTLAND, CO.",38.38833418,-105.0160961,11020002,1994-10-01,2026-08-24,31.89596167008898,Colorado,Stream,True,True
07099400,"ARKANSAS RIVER ABOVE PUEBLO, CO",38.2716694,-104.718033,11020002,2008-09-30,2026-08-24,17.897330595482547,Colorado,Stream,True,True
07099969,"ARKANSAS R. AT ST CHARLES MESA DIVER. AT PUEBLO,CO",38.25361396,-104.6060854,11020002,1996-10-01,2026-08-24,29.894592744695416,Colorado,Stream,True,True
07099971,"ARKANSAS RIVER BELOW MOFFAT STREET AT PUEBLO, CO",38.253275,-104.6028778,11020002,2021-05-27,2026-08-24,5.242984257357974,Colorado,Stream,True,True
07103695,"FOUNTAIN CREEK ABV MANITOU AVE AT MANITOU SPGS, CO",38.856969,-104.8866,110200030204,2026-05-01,2026-08-24,0.31485284052019163,Colorado,Stream,True,True
07103700,"FOUNTAIN CREEK NEAR COLORADO SPRINGS, CO.",38.854722,-104.8775,110200030204,2024-01-01,2026-08-24,2.64476386036961,Colorado,Stream,True,True
07103707,"FOUNTAIN CREEK BL 8TH ST., AT COLO. SPRINGS, CO.",38.82943667,-104.8396969,11020003,2024-01-12,2026-08-25,2.617385352498289,Colorado,Stream,True,True
07103970,"MONUMENT CR ABV WOODMEN RD AT COLORADO SPRINGS, CO",38.9338817,-104.8171992,11020003,2024-01-01,2026-08-24,2.64476386036961,Colorado,Stream,True,True
07104905,"MONUMENT CREEK AT BIJOU ST. AT COLO. SPRINGS, CO",38.837222,-104.828889,110200030107,2024-01-01,2026-08-24,2.64476386036961,Colorado,Stream,True,True
07105500,"FOUNTAIN CREEK AT COLORADO SPRINGS, CO",38.816389,-104.822222,110200030303,2024-01-11,2026-08-25,2.620123203285421,Colorado,Stream,True,True
07105530,"FOUNTAIN CR BLW JANITELL RD BLW COLO. SPRINGS, CO",38.8030491,-104.7958069,11020003,1990-09-28,2026-08-24,35.90417522245038,Colorado,Stream,True,True
07105780,"B DITCH DRAIN NEAR SECURITY, CO.",38.7525,-104.761944,110200030305,2017-09-19,2024-09-30,7.030800821355236,Colorado,Stream,True,True
07105800,"FOUNTAIN CREEK AT SECURITY, CO",38.729444,-104.733333,110200030305,1994-08-09,2026-08-24,32.04106776180698,Colorado,Stream,True,True
07105815,"CLOVER DITCH DRAIN AT QUINN ST NR WIDEFIELD, CO",38.7297222,-104.7676389,11020003,2017-09-18,2026-08-24,8.930869267624914,Colorado,Stream,True,True
07105820,"CLOVER DITCH DRAIN NEAR WIDEFIELD, CO.",38.71860726,-104.729139,11020003,2017-09-14,2026-08-24,8.941820670773442,Colorado,Stream,True,True
07105900,"JIMMY CAMP CREEK AT FOUNTAIN, CO.",38.684444,-104.688056,110200030304,2024-01-17,2026-08-24,2.6009582477754964,Colorado,Stream,True,True
07106000,"FOUNTAIN CREEK NEAR FOUNTAIN, CO.",38.6016647,-104.6702503,11020003,1994-10-01,2026-08-24,31.89596167008898,Colorado,Stream,True,True
07106300,"FOUNTAIN CREEK NEAR PINON, CO",38.42944444,-104.5980556,11020003,2024-01-18,2026-08-24,2.598220396988364,Colorado,Stream,True,True
07106500,"FOUNTAIN CREEK AT PUEBLO, CO.",38.2877801,-104.6010849,11020003,1989-10-01,2026-08-24,36.8952772073922,Colorado,Stream,True,True
07109500,"ARKANSAS RIVER NEAR AVONDALE, CO.",38.248056,-104.398611,110200021204,1990-10-01,2026-08-24,35.89596167008898,Colorado,Stream,True,True
07119700,"ARKANSAS RIVER AT CATLIN DAM, NEAR FOWLER, CO.",38.12583934,-103.9119006,11020005,1990-05-11,2026-08-24,36.28747433264887,Colorado,Stream,True,True
07120500,"ARKANSAS RIVER NEAR ROCKY FORD, CO.",38.06528559,-103.6860593,11020005,2012-03-13,2026-08-24,14.447638603696099,Colorado,Stream,True,True
07124200,"PURGATOIRE RIVER AT MADRID, CO.",37.12946459,-104.6399888,11020010,1979-03-28,1981-07-26,2.329911019849418,Colorado,Stream,True,True
07126300,"PURGATOIRE RIVER NEAR THATCHER, CO.",37.356389,-103.899722,110200101107,2021-08-17,2026-08-24,5.018480492813142,Colorado,Stream,True,True
07126485,"PURGATOIRE RIVER AT ROCK CROSSING NR TIMPAS, CO.",37.6183474,-103.593557,11020010,2021-08-24,2026-08-19,4.985626283367557,Colorado,Stream,True,True
08216500,"WILLOW CREEK AT CREEDE, CO",37.85611048,-106.9275456,13010001,1976-10-04,1977-10-12,1.0212183436002737,Colorado,Stream,True,True
08217500,"RIO GRANDE AT WAGON WHEEL GAP, CO",37.76694638,-106.831433,13010001,1976-10-04,1977-10-12,1.0212183436002737,Colorado,Stream,True,True
08227000,"SAGUACHE CREEK NEAR SAGUACHE, CO",38.16333294,-106.290583,13010004,2012-04-07,2026-08-24,14.379192334017796,Colorado,Stream,True,True
09010500,"COLORADO RIVER BELOW BAKER GULCH NR GRAND LAKE, CO",40.325833,-105.856111,140100010303,1996-10-08,2026-08-24,29.87542778918549,Colorado,Stream,True,True
09014050,"GRAND LAKE OUTLET BLW CHIPMUNK LN AT GRAND LK, CO",40.2461111,-105.8288333,14010001,2010-04-13,2026-08-24,16.36413415468857,Colorado,Stream,True,True
09019500,"COLORADO RIVER NEAR GRANBY, CO",40.120833,-105.9,140100010309,2022-05-26,2026-08-24,4.246406570841889,Colorado,Stream,True,True
09020500,"WILLOW CREEK ABOVE WILLOW CREEK RESERVOIR, CO.",40.15579444,-105.9805639,14010001,2021-06-24,2026-08-24,5.166324435318275,Colorado,Stream,True,True
09022000,"FRASER RIVER AT UPPER STA, NEAR WINTER PARK, CO.",39.845833,-105.751389,140100010202,2022-05-26,2026-08-24,4.246406570841889,Colorado,Stream,True,True
09023561,"FRASER RIVER AT MOFFAT TUNNEL AT WINTER PARK, CO",39.887239,-105.762019,140100010202,2026-03-31,2026-08-24,0.3997262149212868,Colorado,Stream,True,True
09023562,"FRASER RIVER BLW MOFFAT TUNNEL AT WINTER PARK, CO",39.8876,-105.762019,140100010202,2026-03-31,2026-08-24,0.3997262149212868,Colorado,Stream,True,True
09024000,"FRASER RIVER AT WINTER PARK, CO.",39.89998695,-105.7766741,14010001,2022-05-26,2026-08-24,4.246406570841889,Colorado,Stream,True,True
09025000,"VASQUEZ CREEK AT WINTER PARK, CO",39.92026468,-105.7852857,14010001,2022-05-26,2026-08-24,4.246406570841889,Colorado,Stream,True,True
09026500,"ST. LOUIS CREEK NEAR FRASER, CO.",39.91,-105.877778,140100010203,2022-05-26,2026-08-24,4.246406570841889,Colorado,Stream,True,True
09027100,"FRASER RIVER AT TABERNASH, CO",39.990333,-105.829778,140100010206,2012-07-20,2026-08-24,14.094455852156058,Colorado,Stream,True,True
09032000,"RANCH CREEK NEAR FRASER, CO.",39.94998694,-105.7655627,14010001,2014-08-01,2026-08-24,12.062970568104038,Colorado,Stream,True,True
09033100,"RANCH CREEK BLW MEADOW CR NR TABERNASH, CO",39.9990861,-105.8265583,14010001,2014-08-01,2026-08-24,12.062970568104038,Colorado,Stream,True,True
09033300,FRASER RIVER BLW CROOKED CR AT TABERNASH CO,40.00689167,-105.8482722,14010001,2007-06-07,2026-08-24,19.21423682409309,Colorado,Stream,True,True
09034250,"COLORADO RIVER AT WINDY GAP, NEAR GRANBY, CO.",40.108319,-106.0041847,14010001,2007-09-30,2026-08-24,18.899383983572896,Colorado,Stream,True,True
09034500,"COLORADO RIVER AT HOT SULPHUR SPRINGS, CO.",40.08331887,-106.0880765,14010001,1984-10-01,1993-09-29,8.993839835728952,Colorado,Stream,True,True
09037500,"WILLIAMS FORK NEAR PARSHALL, CO",40.0002,-106.180367,140100010407,2021-05-01,2026-08-22,5.308692676249144,Colorado,Stream,True,True
09040500,"TROUBLESOME CREEK NEAR TROUBLESOME, CO.",40.058664,-106.305178,140100010605,2021-06-08,2026-08-24,5.210130047912389,Colorado,Stream,True,True
09041090,"MUDDY CREEK ABOVE ANTELOPE CREEK NR. KREMMLING, CO",40.2025,-106.421944,140100010704,1990-04-08,2026-08-24,36.37782340862423,Colorado,Stream,True,True
09046530,"FRENCH GULCH AT BRECKENRIDGE, CO",39.4930424,-106.0447409,14010002,1996-09-30,1998-09-16,1.9603011635865846,Colorado,Stream,True,True
09046600,"BLUE RIVER NEAR DILLON, CO",39.56665329,-106.0494632,14010002,2022-06-08,2026-08-24,4.210814510609172,Colorado,Stream,True,True
09050700,"BLUE RIVER BELOW DILLON, CO.",39.625556,-106.065833,140100020501,2022-06-01,2026-08-24,4.229979466119096,Colorado,Stream,True,True
09051050,"STRAIGHT CR BLW LASKEY GULCH NR DILLON, CO",39.639722,-106.039722,140100020501,2025-10-01,2026-07-15,0.785763175906913,Colorado,Stream,True,True
09058000,"COLORADO RIVER NEAR KREMMLING, CO",40.036667,-106.439444,140100010905,2006-04-22,2026-08-24,20.33949349760438,Colorado,Stream,True,True
09060799,"COLORADO RIVER AT CATAMOUNT BRIDGE, CO",39.8911,-106.8316944,14010001,2016-10-21,2026-08-24,9.839835728952773,Colorado,Stream,True,True
09063000,"EAGLE RIVER AT RED CLIFF, CO.",39.50831949,-106.3666948,14010003,2022-08-10,2026-08-24,4.03832991101985,Colorado,Stream,True,True
09064600,"EAGLE RIVER NEAR MINTURN, CO",39.55387495,-106.402529,14010003,2002-07-24,2026-08-24,24.084873374401095,Colorado,Stream,True,True
09065500,"GORE CREEK AT UPPER STATION, NEAR MINTURN, CO.",39.6258193,-106.2780823,14010003,2022-06-08,2026-08-24,4.210814510609172,Colorado,Stream,True,True
09066000,"BLACK GORE CREEK NEAR MINTURN, CO.",39.59637495,-106.2650264,14010003,2024-10-08,2025-10-31,1.0622861054072552,Colorado,Stream,True,True
09066060,"GORE CREEK ABOVE BIGHORN PARK NEAR VAIL, CO",39.6288,-106.28685,140100030102,2026-04-29,2026-08-24,0.3203285420944558,Colorado,Stream,True,True
09066200,"BOOTH CREEK NEAR MINTURN, CO.",39.64831927,-106.3230833,14010003,2022-09-02,2026-08-24,3.975359342915811,Colorado,Stream,True,True
09066300,"MIDDLE CREEK NEAR MINTURN, CO.",39.6458193,-106.3822512,14010003,2022-09-02,2026-08-24,3.975359342915811,Colorado,Stream,True,True
09066310,"GORE CREEK, LOWER STATION, AT VAIL, COLORADO",39.6410971,-106.3941959,14010003,2024-04-25,2025-10-31,1.516769336071184,Colorado,Stream,True,True
09066325,"GORE CREEK ABV RED SANDSTONE CREEK AT VAIL, CO",39.641111,-106.394167,140100030103,2022-06-08,2023-10-31,1.3963039014373717,Colorado,Stream,True,True
09066510,"GORE CREEK AT MOUTH NEAR MINTURN, CO",39.60943048,-106.447808,14010003,1996-10-01,2026-08-24,29.894592744695416,Colorado,Stream,True,True
09069000,"EAGLE RIVER AT GYPSUM, CO",39.6499851,-106.9522665,14010003,1994-10-01,1995-03-31,0.49555099247091033,Colorado,Stream,True,True
09070050,"EAGLE RIVER AT PRICE LANE BRIDGE NEAR GYPSUM, CO",39.65232778,-106.9655583,14010003,2022-08-04,2026-08-24,4.054757015742642,Colorado,Stream,True,True
09070500,"COLORADO RIVER NEAR DOTSERO, CO",39.6446111,-107.0780139,14010001,1980-02-15,2026-08-24,46.521560574948666,Colorado,Stream,True,True
09073300,"ROARING FORK RIVER AB DIFFICULT C NR ASPEN, CO.",39.141111,-106.773611,140100040104,2022-08-25,2026-08-24,3.997262149212868,Colorado,Stream,True,True
09075400,"CASTLE CREEK AT ASPEN, CO",39.1938333,-106.8336667,14010004,2012-07-21,2016-09-30,4.1943874058863795,Colorado,Stream,True,True
09076300,"ROARING FORK RIVER BLW MAROON CREEK NR ASPEN, CO",39.2232,-106.8573083,14010004,2022-08-26,2026-08-24,3.994524298425736,Colorado,Stream,True,True
09081000,"ROARING FORK RIVER NEAR EMMA, CO",39.37331729,-107.0839367,14010004,2022-09-08,2026-08-24,3.9589322381930185,Colorado,Stream,True,True
09085000,"ROARING FORK RIVER AT GLENWOOD SPRINGS, CO.",39.54666667,-107.33083333,140100041003,1980-01-18,2026-08-24,46.59822039698837,Colorado,Stream,True,True
09085100,"COLORADO RIVER BELOW GLENWOOD SPRINGS, CO",39.5549819,-107.337554,14010005,1980-01-18,1984-09-17,4.6652977412731005,Colorado,Stream,True,True
09085150,COLORADO R ABV SOUTH CANYON CR NR GLENWOOD SPGS CO,39.561667,-107.406667,140100050102,2006-05-13,2025-05-06,18.981519507186857,Colorado,Stream,True,True
09085160,COLORADO R BLW SOUTH CANYON CR NR GLENWOOD SPGS CO,39.56527778,-107.4172222,14010005,2024-10-31,2026-08-24,1.8124572210814511,Colorado,Stream,True,True
09088600,"COLORADO RIVER ABOVE DIVIDE CREEK NEAR SILT, CO",39.54678889,-107.5985333,14010005,2022-04-28,2024-10-31,2.510609171800137,Colorado,Stream,True,True
09092570,"COLORADO RIVER AT RULISON, CO.",39.494167,-107.938333,140100050702,2022-06-11,2024-10-31,2.3901437371663246,Colorado,Stream,True,True
09095300,"DRY FORK AT UPPER STATION NEAR DE BEQUE, CO.",39.3747361,-108.3172694,14010005,1996-10-16,2024-08-01,27.79192334017796,Colorado,Stream,True,True
09106200,"LEWIS WASH NEAR GRAND JUNCTION, CO.",39.06053714,-108.4778683,14010005,1973-04-02,1977-10-11,4.525667351129363,Colorado,Stream,True,True
09106485,"COLORADO R. ABV GUNNISON R. AT GRAND JUNCTION, CO",39.0545833,-108.5411111,14010005,2025-02-27,2026-08-24,1.486652977412731,Colorado,Stream,True,True
09107000,"TAYLOR RIVER AT TAYLOR PARK, CO.",38.86027127,-106.5666966,14020001,2022-08-05,2026-08-24,4.05201916495551,Colorado,Stream,True,True
09110000,"TAYLOR RIVER AT ALMONT, CO.",38.664444,-106.844722,140200010113,2018-07-19,2026-08-24,8.098562628336756,Colorado,Stream,True,True
09112200,"EAST RIVER BELOW CEMENT CREEK NR CRESTED BUTTE, CO",38.784167,-106.870278,140200010210,2024-07-10,2026-08-24,2.1218343600273784,Colorado,Stream,True,True
09112500,"EAST RIVER AT ALMONT, CO",38.664444,-106.8475,140200010210,2022-08-04,2026-08-24,4.054757015742642,Colorado,Stream,True,True
09114500,"GUNNISON RIVER NEAR GUNNISON, CO.",38.54193567,-106.9497661,14020002,2021-07-29,2026-08-24,5.070499657768652,Colorado,Stream,True,True
09114520,"GUNNISON RIVER AT GUNNISON WHITEWATER PARK, CO",38.5332722,-106.9490861,14020002,2017-05-01,2021-07-26,4.2354551676933605,Colorado,Stream,True,True
09119000,"TOMICHI CREEK AT GUNNISON, CO",38.5211111,-106.9409583,14020003,2013-05-01,2026-08-24,13.314168377823409,Colorado,Stream,True,True
09124500,"LAKE FORK AT GATEVIEW, CO.",38.2988834,-107.2300557,14020002,2018-08-14,2026-08-24,8.02737850787132,Colorado,Stream,True,True
09127000,"CIMARRON RIVER BLW CIMARRON CREEK AT CIMARRON, CO",38.44694444,-107.5552222,14020002,2022-08-04,2026-08-24,4.054757015742642,Colorado,Stream,True,True
09132095,ANTHRACITE CREEK ABOVE MOUTH NEAR SOMERSET,38.9372222,-107.3583333,14020004,2015-03-25,2026-08-24,11.416837782340862,Colorado,Stream,True,True
09136100,"NORTH FK GUNNISON RIVER ABOVE MOUTH NR LAZEAR, CO",38.78516667,-107.8334167,14020004,2009-04-17,2026-08-24,17.352498288843258,Colorado,Stream,True,True
09144250,"GUNNISON RIVER AT DELTA, CO",38.75303944,-108.078403,14020005,2009-07-02,2026-08-24,17.144421629021217,Colorado,Stream,True,True
09149500,"UNCOMPAHGRE RIVER AT DELTA, CO",38.74194444,-108.08041667,140200060606,2009-07-02,2026-08-24,17.144421629021217,Colorado,Stream,True,True
09153270,"BIG SALT WASH AT FRUITA, CO.",39.16416667,-108.7502611,14010005,2021-06-26,2024-11-20,3.403148528405202,Colorado,Stream,True,True
09163492,"SALT CREEK NEAR MOUTH NEAR MACK, CO.",39.21463889,-108.90116667,140100051807,2022-05-21,2024-11-21,2.5051334702258727,Colorado,Stream,True,True
09163500,COLORADO RIVER NEAR COLORADO-UTAH STATE LINE,39.1327434,-109.02707585,140100051906,1992-07-09,2026-08-24,34.12457221081451,Colorado,Stream,True,True
09171100,"DOLORES RIVER NEAR BEDROCK, CO.",38.35692324,-108.83345163,140300021104,1992-10-01,2026-08-24,33.894592744695416,Colorado,Stream,True,True
09237450,"YAMPA RIVER ABOVE STAGECOACH RESERVOIR, CO",40.26426111,-106.89176667,140500010111,2022-07-07,2026-08-24,4.131416837782341,Colorado,Stream,True,True
09239500,"YAMPA RIVER AT STEAMBOAT SPRINGS, CO",40.48298611,-106.83243056,140500010409,2002-07-26,2026-08-24,24.079397672826833,Colorado,Stream,True,True
09240020,"YAMPA RIVER BELOW SODA CREEK AT STEAMBOAT SPGS, CO",40.489222,-106.841528,140500010410,2023-05-01,2025-08-31,2.3353867214236823,Colorado,Stream,True,True
09243800,"FOIDEL CREEK NEAR OAK CREEK, CO",40.34581144,-107.085053,14050001,1976-05-03,1983-09-01,7.329226557152635,Colorado,Stream,True,True
09260000,"LITTLE SNAKE RIVER NEAR LILY, CO",40.54901667,-108.42432222,140500031102,1975-01-14,1985-09-29,10.707734428473648,Colorado,Stream,True,True
09304200,"WHITE RIVER ABOVE COAL CREEK NEAR MEEKER, CO",40.00496048,-107.82538142,140500050310,1978-07-14,2026-08-24,48.11225188227242,Colorado,Stream,True,True
09304800,"WHITE RIVER BELOW MEEKER, CO",40.022583,-108.119944,140500050408,1978-07-17,2013-11-18,35.34017796030116,Colorado,Stream,True,True
09306007,"PICEANCE CREEK BELOW RIO BLANCO, CO.",39.8260846,-108.1831384,14050006,1974-12-09,1985-09-29,10.806297056810404,Colorado,Stream,True,True
09306200,"PICEANCE CREEK BL RYAN GULCH, NR RIO BLANCO, CO.",39.921111,-108.296944,140500060206,1995-11-08,2013-11-18,18.028747433264886,Colorado,Stream,True,True
09306222,"PICEANCE CREEK AT WHITE RIVER, CO",40.078056,-108.235833,140500060211,1974-05-31,2015-09-30,41.333333333333336,Colorado,Stream,True,True
09306224,"WHITE RIV AB CROOKED WASH NR WHITE RIVER CITY, CO",40.1625,-108.345,140500050507,2007-10-05,2011-11-19,4.123203285420945,Colorado,Stream,True,True
09306242,"CORRAL GULCH NEAR RANGELY, CO",39.920278,-108.472222,140500060302,1975-01-22,1989-08-14,14.559890485968515,Colorado,Stream,True,True
09306255,"YELLOW CREEK NEAR WHITE RIVER, CO.",40.16856617,-108.40123387,140500060308,1974-06-28,2015-10-13,41.29226557152635,Colorado,Stream,True,True
09306290,"WHITE RIVER BELOW BOISE CREEK, NEAR RANGELY, CO.",40.17969335,-108.5653775,14050007,2008-03-15,2013-11-19,5.68104038329911,Colorado,Stream,True,True
09342600,SAN JUAN RIVER NEAR CO RD 119 AT PAGOSA SPRINGS CO,37.25834444,-107.0111083,14080101,2023-04-22,2026-08-24,3.3401779603011637,Colorado,Stream,True,True
09352900,"VALLECITO CREEK NEAR BAYFIELD, CO.",37.4775,-107.543056,140801011203,2012-04-01,2026-08-24,14.395619438740589,Colorado,Stream,True,True
09358000,"ANIMAS RIVER AT SILVERTON, CO.",37.81110556,-107.65924542,140801040104,2016-09-15,2023-11-15,7.1649555099247095,Colorado,Stream,True,True
09358550,"CEMENT CREEK AT SILVERTON, CO",37.8197165,-107.66369007,140801040102,2016-04-07,2023-11-14,7.603011635865846,Colorado,Stream,True,True
09359010,"MINERAL CREEK AT SILVERTON, CO",37.802778,-107.672222,140801040103,2016-09-14,2023-11-15,7.167693360711842,Colorado,Stream,True,True
09359020,"ANIMAS RIVER BELOW SILVERTON, CO",37.788333,-107.668222,140801040104,2001-09-30,2026-08-24,24.89801505817933,Colorado,Stream,True,True
09361000,"HERMOSA CREEK NEAR HERMOSA, CO.",37.42196111,-107.84509444,140801040407,2025-06-01,2026-08-24,1.2292950034223136,Colorado,Stream,True,True
09361500,"ANIMAS RIVER AT DURANGO, CO",37.279167,-107.879722,140801040604,2016-04-06,2026-08-24,10.381930184804927,Colorado,Stream,True,True
09363500,"ANIMAS RIVER NEAR CEDAR HILL, NM",37.03656944,-107.8753333,14080104,2016-03-08,2024-10-09,8.588637919233403,Colorado,Stream,True,True
09371010,"SAN JUAN RIVER AT FOUR CORNERS, CO",37.00113889,-109.0295833,14080201,2014-03-11,2026-08-24,12.454483230663929,Colorado,Stream,True,True
373947105421101,CLOSED BASIN PROJECT CANAL ABV HWY 150 NR MOSCA CO,37.6631111,-105.7031111,13010003,2004-03-25,2012-09-30,8.517453798767967,Colorado,Stream,True,True
381312104321001,BESSEMER DITCH AT ST. CHARLES WD NEAR PUEBLO CO,38.2201111,-104.5359722,11020002,2008-03-18,2026-08-24,18.43394934976044,Colorado,Stream,True,True
383633107560701,LOUTSENHIZER ARROYO AT DAVID ROAD,38.609152,-107.935898,14020006,2023-08-26,2024-06-26,0.8350444900752909,Colorado,Stream,True,True
383926107593001,LOUTSENHIZER ARROYO AT HWY 50 NEAR OLATHE CO,38.657207,-107.9922886,14020006,2017-10-26,2026-08-24,8.826830937713895,Colorado,Stream,True,True
385106106571000,"SLATE R AB BAXTER GL @HWY 135 NR CRESTED BUTTE, CO",38.85165929,-106.9533773,14020001,2019-04-23,2026-08-24,7.337440109514032,Colorado,Stream,True,True
385407107010901,SLATE RIVER BLW O-B-J CREEK (SR3) NR CRESTED BUTTE,38.90203889,-107.0191806,14020001,2023-08-26,2024-04-30,0.6789869952087612,Colorado,Stream,True,True
385436107013401,SLATE RIVER BLW O-B-J CREEK (SR4) NR CRESTED BUTTE,38.9099,-107.0261194,14020001,2023-11-01,2024-05-01,0.49828884325804246,Colorado,Stream,True,True
385508107021201,SLATE RIVER ABV O-B-J CREEK (SR2) NR CRESTED BUTTE,38.91883889,-107.03675,14020001,2023-08-26,2023-11-01,0.1834360027378508,Colorado,Stream,True,True
385553107243301,NORTH FORK GUNNISON BLW RAVEN GULCH NR SOMERSET,38.93125278,-107.4090917,14020004,2015-04-10,2024-10-22,9.535934291581109,Colorado,Stream,True,True
385903107210800,"MUDDY CREEK ABOVE PAONIA RESERVOIR, CO",38.9883611,-107.3484889,14020004,2013-04-25,2020-08-02,7.271731690622861,Colorado,Stream,True,True
391509108433001,"BIG SALT WASH AT GOVT HIGHLINE CANAL NR LOMA, CO",39.2524656,-108.7256791,14010005,2021-08-19,2023-05-20,1.7494866529774127,Colorado,Stream,True,True
391953108130201,"ROAN CREEK AT DE BEQUE, CO.",39.33119444,-108.21780556,140100051006,2021-04-17,2026-08-24,5.352498288843258,Colorado,Stream,True,True
393259107194801,"COLORADO R ABV ROARING FORK R AT GLENWOOD SPGS, CO",39.54975,-107.3301,140100050102,2021-09-23,2026-08-24,4.917180013689254,Colorado,Stream,True,True
393815106180601,"GORE CREEK BELOW BIGHORN CREEK (GC2) NEAR VAIL, CO",39.63758889,-106.3017111,14010003,2023-08-26,2024-05-22,0.7392197125256673,Colorado,Stream,True,True
393830106224701,"GORE CREEK ABOVE SPRADDLE CREEK (GC10) AT VAIL, CO",39.6415611,-106.3796,14010003,2023-08-26,2024-05-22,0.7392197125256673,Colorado,Stream,True,True
393834106230201,"GORE CREEK ABOVE MIDDLE CREEK (GC11) AT VAIL, CO",39.6427,-106.3837806,14010003,2023-08-26,2024-05-22,0.7392197125256673,Colorado,Stream,True,True
393836106203901,"GORE CREEK BELOW BOOTH CREEK (GC7) NEAR VAIL, CO",39.64338889,-106.34415,14010003,2023-08-26,2024-02-13,0.4681724845995893,Colorado,Stream,True,True
393843106193101,"GORE CREEK BELOW BOOTH CREEK (GC5) NEAR VAIL, CO",39.64523889,-106.3254,14010003,2023-08-26,2023-11-08,0.2026009582477755,Colorado,Stream,True,True
394220106431500,"EAGLE RIVER BELOW MILK CREEK NEAR WOLCOTT, CO",39.705,-106.7258333,14010003,2006-04-29,2026-08-24,20.320328542094455,Colorado,Stream,True,True
394548108280501,BLACK SULPHUR CREEK BLW CANYON CREEK NR RANGELY CO,39.76453889,-108.46598056,140500060201,2025-06-25,2026-08-24,1.163586584531143,Colorado,Stream,True,True
394746108262901,BLACK SULPHUR CREEK NR WET SWIZER CR NR RANGELY CO,39.7818,-108.45085,140500060201,2025-06-26,2026-08-24,1.160848733744011,Colorado,Stream,True,True
395607105472701,FRASER RIVER BLW LELAND CREEK (FR5) NR WINTER PARK,39.9353611,-105.7907111,14010001,2023-08-26,2023-11-30,0.26283367556468173,Colorado,Stream,True,True
395632105481201,"FRASER RIVER ABOVE ELK CREEK (FR3) NR FRASER, CO",39.9423611,-105.8034389,14010001,2023-08-26,2023-10-27,0.1697467488021903,Colorado,Stream,True,True
395706105485201,FRASER RIVER ABOVE ST. LOUIS CREEK (FR1) AT FRASER,39.9516222,-105.8145361,14010001,2023-11-20,2023-11-21,0.0027378507871321013,Colorado,Stream,True,True
400341105302901,"LEFT HAND CREEK BLW CAPTAIN JACK MILL NR WARD, CO",40.06151667,-105.5079528,10190005,2023-08-30,2024-06-13,0.7885010266940452,Colorado,Stream,True,True
400352105304301,"LEFT HAND CREEK ABV CAPTAIN JACK MILL NR WARD, CO",40.06444444,-105.5118194,10190005,2024-01-13,2024-06-13,0.4161533196440794,Colorado,Stream,True,True
400712108214601,"YELLOW CREEK BLW BARCUS CR NR WHITE RIVER CITY, CO",40.11805,-108.36086944,140500060308,2025-07-02,2026-08-24,1.1444216290212184,Colorado,Stream,True,True
402114105350101,"BIG THOMPSON BL MORAINE PARK NR ESTES PARK, CO",40.3538611,-105.5841389,10190006,2002-05-15,2026-08-24,24.27652292950034,Colorado,Stream,True,True
01119500,"WILLIMANTIC RIVER NEAR COVENTRY, CT",41.75053857,-72.26561677,11000020108,1975-05-01,1980-10-29,5.49760438056126,Connecticut,Stream,True,True
01120790,"NATCHAUG RIVER AT MARCY RD. NEAR CHAPLIN, CT",41.81616944,-72.10616944,11000020206,2015-11-21,2018-02-12,2.2286105407255303,Connecticut,Stream,True,True
01124000,"QUINEBAUG RIVER AT QUINEBAUG, CT",42.02220151,-71.95560457,11000010105,2015-06-09,2017-09-27,2.302532511978097,Connecticut,Stream,True,True
011277916,"Stony Brook at Rt 1 near Flanders, CT",41.35944444,-72.17527778,11000030304,2009-01-07,2012-08-12,3.594798083504449,Connecticut,Stream,True,True
01184000,"CONNECTICUT RIVER AT THOMPSONVILLE, CT",41.98720462,-72.60534826,10802050105,2001-12-06,2004-08-23,2.7132101300479126,Connecticut,Stream,True,True
01186000,"WEST BRANCH FARMINGTON RIVER AT RIVERTON, CT",41.9627621,-73.01758414,10802070204,1975-01-20,1980-10-02,5.700205338809035,Connecticut,Stream,True,True
01187300,"HUBBARD RIVER NEAR WEST HARTLAND, CT",42.0375,-72.93932778,10802070301,2015-11-03,2018-08-06,2.757015742642026,Connecticut,Stream,True,True
01189999,"FARMINGTON R, AT RAINBOW FISHWAY, AT RAINBOW, CT",41.91637226,-72.69312944,10802070602,1978-02-16,1985-09-06,7.553730321697468,Connecticut,Stream,True,True
01192500,"HOCKANUM RIVER NEAR EAST HARTFORD, CT",41.78303965,-72.58729366,10802050402,1997-04-25,2017-10-18,20.48186173853525,Connecticut,Stream,True,True
01192704,MATTABESSET RIVER AT ROUTE 372 AT EAST BERLIN,41.60815451,-72.71509531,10802050603,1997-06-26,1997-09-29,0.2600958247775496,Connecticut,Stream,True,True
01193050,"CONNECTICUT RIVER AT MIDDLE HADDAM, CT",41.54165281,-72.55312768,10802050702,1995-10-01,2020-09-29,24.996577686516083,Connecticut,Stream,True,True
01193348,"LYMAN BROOK AT MARLBOROUGH, CT",41.63313056,-72.45408889,10802050801,2015-03-04,2015-05-07,0.17522245037645448,Connecticut,Stream,True,True
01193463,SALMON RIVER US WOLF BROOK NR N WESTCHESTER CT,41.57416944,-72.42947778,10802050805,2015-06-10,2015-09-24,0.29021218343600275,Connecticut,Stream,True,True
01193500,"SALMON RIVER NEAR EAST HAMPTON, CT",41.55220783,-72.44923535,10802050805,1975-03-27,2020-02-04,44.85968514715948,Connecticut,Stream,True,True
01193630,"SALMON R, AT LEESVILLE FISHWAY, AT LEESVILLE, CT",41.51693053,-72.48257003,10802050805,1981-08-18,1993-04-21,11.67419575633128,Connecticut,Stream,True,True
01194000,"EIGHTMILE RIVER AT NORTH PLAIN, CT",41.44166944,-72.33267778,10802050903,2015-10-26,2020-03-17,4.39151266255989,Connecticut,Stream,True,True
01194500,"EAST BRANCH EIGHTMILE RIVER NEAR NORTH LYME, CT",41.42751667,-72.33477778,10802050902,2015-10-26,2018-02-27,2.3408624229979464,Connecticut,Stream,True,True
01196500,"QUINNIPIAC RIVER AT WALLINGFORD, CT",41.45026389,-72.841275,11000040105,2013-09-30,2023-04-05,9.51129363449692,Connecticut,Stream,True,True
01200600,"HOUSATONIC RIVER NEAR NEW MILFORD, CT",41.59304488,-73.44954534,11000050604,1998-07-15,2016-05-18,17.842573579739906,Connecticut,Stream,True,True
01201487,"STILL RIVER AT ROUTE 7 AT BROOKFIELD CENTER, CT",41.46582222,-73.40320278,11000050802,2013-09-18,2018-09-16,4.993839835728953,Connecticut,Stream,True,True
01205500,"HOUSATONIC RIVER AT STEVENSON, CT",41.38380278,-73.16663889,11000051003,2018-06-15,2018-10-10,0.3203285420944558,Connecticut,Stream,True,True
01205890,"NAUGATUCK RIVER AT RTE 118 AT EAST LITCHFIELD, CT",41.76345,-73.11693056,11000051105,2018-06-08,2018-07-22,0.12046543463381246,Connecticut,Stream,True,True
01209710,"NORWALK RIVER AT WINNIPAUK,CT.",41.13527142,-73.42621443,11000060202,2002-01-04,2004-08-22,2.631074606433949,Connecticut,Stream,True,True
01478000,"CHRISTINA RIVER AT COOCHS BRIDGE, DE",39.63738889,-75.72788889,2040205.0,2018-10-03,2026-08-24,7.8904859685147155,Delaware,Stream,True,True
01478650,"WHITE CLAY CREEK AT NEWARK, DE",39.6892222,-75.74875,2040205.0,2018-10-02,2026-08-24,7.8932238193018485,Delaware,Stream,True,True
01478950,"PIKE CREEK NEAR NEWARK, DE",39.70688889,-75.6950833,2040205.0,2019-10-03,2026-08-24,6.891170431211499,Delaware,Stream,True,True
01479000,"WHITE CLAY CREEK NEAR NEWARK, DE",39.6992222,-75.67502778,2040205.0,2018-10-18,2026-08-24,7.8494182067077345,Delaware,Stream,True,True
01480000,"RED CLAY CREEK AT WOODDALE, DE",39.76280556,-75.6365,2040205.0,2018-10-02,2026-08-24,7.8932238193018485,Delaware,Stream,True,True
01480025,"WHITE CLAY CREEK AT STANTON, DE",39.70594444,-75.64577778,2040205.0,2021-08-26,2026-08-24,4.993839835728953,Delaware,Stream,True,True
01480065,"CHRISTINA RIVER AT NEWPORT, DE",39.71063889,-75.6087222,2040205.0,2006-10-01,2024-02-28,17.409993155373034,Delaware,Stream,True,True
01480120,"CHRISTINA RIVER AT WILMINGTON, DE",39.7360833,-75.5405556,2040205.0,2021-11-11,2026-08-24,4.783025325119781,Delaware,Stream,True,True
01481500,"BRANDYWINE CREEK AT WILMINGTON, DE",39.7695,-75.576694,20402050403.0,2006-10-01,2025-07-20,18.80082135523614,Delaware,Stream,True,True
01482100,DELAWARE RIVER AT DEL MEM BRIDGE AT WILMINGTON DE,39.68927997,-75.521588,2040204.0,2020-08-27,2026-08-25,5.993155373032169,Delaware,Stream,True,True
01482695,"C AND D CANAL NR DELAWARE CITY, DE",39.55405556,-75.6188611,2040205.0,2020-05-27,2026-08-24,6.242299794661191,Delaware,Stream,True,True
01483155,"SILVER LAKE TRIBUTARY AT MIDDLETOWN, DE",39.4309722,-75.7094722,2040205.0,2021-05-21,2026-08-24,5.259411362080766,Delaware,Stream,True,True
01483511,"LEIPSIC RIVER AT CHESWOLD, DE",39.2439722,-75.5881667,2040207.0,2022-03-03,2022-10-11,0.6078028747433265,Delaware,Stream,True,True
01483700,"ST JONES RIVER AT DOVER, DE",39.1637222,-75.5190833,2040207.0,2021-04-22,2026-08-24,5.338809034907597,Delaware,Stream,True,True
01483740,"ST JONES RIVER AT LEBANON, DE",39.1143333,-75.49938889,2040207.0,2024-02-17,2025-05-19,1.2511978097193703,Delaware,Stream,True,True
01483750,"ST JONES RIVER NEAR MAGNOLIA, DE",39.0848611,-75.46052778,2040207.0,2024-03-13,2025-05-19,1.1827515400410678,Delaware,Stream,True,True
01484080,"MURDERKILL RIVER AT FREDERICA, DE",39.0105,-75.4583056,2040207.0,2007-06-02,2026-08-24,19.227926078028748,Delaware,Stream,True,True
01484085,"MURDERKILL RIVER AT BOWERS, DE",39.05830556,-75.3976111,2040207.0,2011-10-01,2015-05-03,3.586584531143053,Delaware,Stream,True,True
01484100,"BEAVERDAM BRANCH AT HOUSTON, DE",38.905778,-75.51275,20402070501.0,2019-09-19,2026-08-24,6.929500342231348,Delaware,Stream,True,True
01484272,"BROADKILL RIVER NEAR MILTON, DE",38.791,-75.25077778,2040207.0,2016-12-22,2026-08-24,9.670088980150581,Delaware,Stream,True,True
01484525,"MILLSBORO POND OUTLET AT MILLSBORO, DE",38.594556,-75.291028,20403030202.0,2006-10-01,2026-08-24,19.89596167008898,Delaware,Stream,True,True
01487000,"NANTICOKE RIVER NEAR BRIDGEVILLE, DE",38.728333,-75.561861,20801090404.0,2006-10-01,2011-09-29,4.993839835728953,Delaware,Stream,True,True
01487150,"BUCKS BRANCH NEAR ATLANTA, DE",38.6914722,-75.63488889,2080109.0,2014-02-20,2015-08-24,1.5058179329226558,Delaware,Stream,True,True
01487165,"BUCKS BRANCH DS OF CONRAIL RD AT CANNON, DE",38.6863611,-75.6176944,2080109.0,2024-06-01,2026-08-24,2.2286105407255303,Delaware,Stream,True,True
06178500,East Poplar River at international boundary,49.0,-105.409586,nan,2020-10-01,2026-08-24,5.894592744695414,Delaware,Stream,True,True
02231291,"NASSAU RIVER NEAR TISONIA, FL",30.5507931,-81.5898179,3070205,1985-08-13,2016-09-30,31.132101300479125,Florida,Stream,True,True
02232400,"ST. JOHNS RIVER NEAR COCOA, FL",28.36972837,-80.8725578,3080101,2000-08-16,2026-08-24,26.02053388090349,Florida,Stream,True,True
02232500,"ST. JOHNS RIVER NEAR CHRISTMAS, FL",28.54305529,-80.943392,3080101,2000-08-17,2002-10-21,2.1765913757700206,Florida,Stream,True,True
02234000,"ST. JOHNS RIVER ABOVE LAKE HARNEY NEAR GENEVA, FL",28.7141611,-81.0353374,3080101,2007-12-12,2021-09-30,13.801505817932922,Florida,Stream,True,True
02234500,"ST. JOHNS RIVER NEAR SANFORD, FL",28.83804694,-81.3242323,3080101,2000-07-13,2016-09-29,16.213552361396303,Florida,Stream,True,True
02235495,"ST. JOHNS RIVER AB BLUE SPRING NR ORANGE CITY, FL.",28.93943195,-81.3447869,3080101,2007-01-18,2008-09-30,1.700205338809035,Florida,Stream,True,True
02236000,"ST. JOHNS RIVER NEAR DE LAND, FL",29.00831827,-81.3825651,3080101,1985-11-15,2026-08-24,40.772073921971256,Florida,Stream,True,True
02236125,"ST. JOHNS RIVER AT ASTOR, FL",29.16693056,-81.52206109,3080101,2014-10-01,2016-09-30,1.998631074606434,Florida,Stream,True,True
02239501,"SILVER RIVER NEAR OCALA, FL",29.2149764,-82.0412,3080102,2020-09-24,2026-08-24,5.9137577002053385,Florida,Stream,True,True
02240000,"OCKLAWAHA RIVER NEAR CONNER, FL",29.21469888,-81.9859203,3080102,1983-01-19,1992-09-30,9.697467488021903,Florida,Stream,True,True
02244040,"ST. JOHNS R AT BUFFALO BLUFF NEAR SATSUMA, FL",29.596362,-81.6831761,3080103,1995-04-29,2026-08-24,31.32101300479124,Florida,Stream,True,True
02244440,"DUNNS CREEK NEAR SATSUMA, FL",29.57774783,-81.626191,3080103,2008-04-19,2008-09-30,0.4490075290896646,Florida,Stream,True,True
02244450,"ST. JOHNS RIVER AT PALATKA, FLA.",29.59635886,-81.6078574,3080103,1975-07-01,1981-10-06,6.26694045174538,Florida,Stream,True,True
02245260,"DEEP CREEK AT SPUDS, FL",29.72338056,-81.4843667,3080103,2002-05-23,2016-09-30,14.35728952772074,Florida,Stream,True,True
02245290,ST JOHNS RIVER AT RACY PT NEAR HASTINGS FL,29.8,-81.55,3080103,2018-05-10,2026-08-24,8.290212183436003,Florida,Stream,True,True
02245340,"ST JOHNS R BLW SHANDS BRIDGE NR GRN COVE SPRG, FL",30.0059222,-81.6151361,3080103,2017-06-02,2026-08-24,9.22655715263518,Florida,Stream,True,True
022462002,"DURBIN CREEK NEAR FRUIT COVE, FL",30.11916667,-81.54638889,30801031301,2015-10-15,2026-08-24,10.858316221765914,Florida,Stream,True,True
02246318,"ORTEGA RIVER AT KIRWIN ROAD NEAR JACKSONVILLE,FL",30.19635087,-81.7684315,3080103,2002-06-11,2008-09-30,6.30527036276523,Florida,Stream,True,True
02246459,"CEDAR RIVER AT SAN JUAN AVENUE AT JACKSONVILLE, FL",30.28218375,-81.7403761,3080103,2015-10-29,2026-08-24,10.819986310746064,Florida,Stream,True,True
02246500,"ST. JOHNS RIVER AT JACKSONVILLE, FL",30.3224616,-81.6653735,3080103,2015-10-29,2026-08-20,10.809034907597535,Florida,Stream,True,True
02246518,"POTTSBURG CRK AT US90 NR S. JACKSONVILLE, FL",30.28696944,-81.57,3080103,2015-10-29,2026-08-24,10.819986310746064,Florida,Stream,True,True
02246751,"BROWARD RIVER BL BISCAYNE BLVD NR JACKSONVILLE, FL",30.44333889,-81.6682,3080103,2015-10-01,2025-12-07,10.184804928131417,Florida,Stream,True,True
02246804,"DUNN CREEK AT DUNN CREEK RD NR EASTPORT, FL",30.45494167,-81.59688889,3080103,2016-01-08,2025-12-08,9.91649555099247,Florida,Stream,True,True
02247493,"BAYLESS BLVD CANAL AT DAYTONA BCH, FL",29.18387069,-81.0936684,3080201,1983-11-22,1984-03-09,0.29568788501026694,Florida,Stream,True,True
02247499,"WILLIAMSON BLVD DITCH AT DAYTONA BEACH, FL",29.20942564,-81.0986684,3080201,1984-08-16,1985-05-29,0.783025325119781,Florida,Stream,True,True
02247508,"ELEVENTH ST CANAL NR HOLLY HILL, FL",29.21803653,-81.1086687,3080201,1983-11-29,1984-01-10,0.11498973305954825,Florida,Stream,True,True
02248000,"SPRUCE CREEK NEAR SAMSULA, FL",29.05081845,-81.0464455,3080201,1975-03-13,1992-07-20,17.35523613963039,Florida,Stream,True,True
02248040,"B-19 CANAL AT SR415 AT PORT ORANGE, FL",29.1152614,-81.0242225,3080201,1983-02-11,1985-08-20,2.521560574948665,Florida,Stream,True,True
02248380,"HAULOVER CANAL NEAR MIMS,FL",28.73638079,-80.754773,3080202,1998-04-08,2016-09-29,18.477754962354553,Florida,Stream,True,True
02262900,"BOGGY CREEK NEAR TAFT, FL",28.37139699,-81.3106247,3090101,2006-08-02,2008-09-30,2.16290212183436,Florida,Stream,True,True
02263692,"SHINGLE CREEK AT OAK RIDGE ROAD NR PINE CASTLE, FL",28.47194903,-81.42923779,3090101,2006-08-16,2008-09-30,2.1245722108145104,Florida,Stream,True,True
02264000,"CYPRESS CREEK AT VINELAND, FL",28.390564,-81.519517,30901010503,2001-07-12,2025-11-30,24.386036960985628,Florida,Stream,True,True
02264051,"BLACK LK OUTLET AT S-101A, AT LAKE BUENA VISTA, FL",28.37444444,-81.515,3090101,2019-09-19,2026-08-24,6.929500342231348,Florida,Stream,True,True
02264100,"BONNET CREEK NEAR VINELAND, FL",28.32528785,-81.5206284,3090101,2001-07-06,2026-08-24,25.13347022587269,Florida,Stream,True,True
02266200,"WHITTENHORSE CREEK NEAR VINELAND, FL",28.38500749,-81.6164632,3090101,2001-12-20,2025-11-16,23.906913073237508,Florida,Stream,True,True
02266291,"LATERAL 405 AT S-405A, NEAR DOCTOR PHILLIPS, FL",28.427028,-81.605278,30901010503,2019-09-18,2025-11-17,6.165639972621492,Florida,Stream,True,True
022662947,"CANAL 405 AT FORCE MAIN NEAR VINELAND, FL",28.3800078,-81.5828516,3090101,1982-10-29,1997-04-23,14.483230663928817,Florida,Stream,True,True
02266298,"REEDY CREEK ABOVE HW-192 NEAR VINELAND, FL",28.3486201,-81.5811849,3090101,1982-11-05,2001-12-17,19.11567419575633,Florida,Stream,True,True
02266300,"REEDY CREEK NEAR VINELAND, FL",28.33278738,-81.579796,3090101,1977-06-22,2025-11-24,48.42436687200548,Florida,Stream,True,True
02266320,"REEDY CREEK AT I-4 NEAR LOUGHMAN, FL",28.298622,-81.5775738,3090101,1982-11-05,2001-05-11,18.51334702258727,Florida,Stream,True,True
02266495,"REEDY CREEK AT S-40, NEAR LOUGHMAN, FL",28.27584517,-81.5439622,3090101,1985-01-24,2026-08-24,41.57973990417522,Florida,Stream,True,True
02276877,"ST. LUCIE CANAL BLW S-308, NR PORT MAYACA (AUX) FL",26.98553333,-80.6156,3090202,2020-11-06,2024-10-07,3.917864476386037,Florida,Stream,True,True
02276998,ST LUCIE CANAL ABV S-80 NR STUART FL,27.10866667,-80.28725,3090202,2018-07-19,2025-12-08,7.389459274469542,Florida,Stream,True,True
02277100,"ST LUCIE RIVER AT SPEEDY POINT, STUART FL",27.2048,-80.2587833,3090202,1997-09-15,2026-08-24,28.93908281998631,Florida,Stream,True,True
02277743,"LOX RIVER AT ECO DOCK NR JUPITER, FL",26.94674444,-80.08508889,3090202,2019-07-11,2021-07-19,2.023271731690623,Florida,Stream,True,True
02286328,"C-8 CANAL AT NE 135 ST AT NORTH MIAMI, FL",25.9002222,-80.1949722,3090202,2016-06-14,2026-08-24,10.193018480492814,Florida,Stream,True,True
02288900,"TAMIAMI CANAL OUTLETS, 40-MILE BEND TO MONROE, FL",25.8517636,-80.9803842,3090204,2015-05-24,2017-10-02,2.3600273785078714,Florida,Stream,True,True
0229070825,"BLACK CREEK CANAL WEST OF 127 AVE NR GOULDS, FL",25.57708333,-80.4001667,3090202,2020-09-11,2026-08-24,5.949349760438056,Florida,Stream,True,True
0229070834,"SW 122 AVE CANAL AT SW 202ND ST NR GOULDS, FL",25.57895278,-80.3878472,3090202,2020-06-11,2026-08-23,6.198494182067077,Florida,Stream,True,True
0229070836,"SW 122 AVE CANAL AT SW 208TH ST NR GOULDS, FL",25.57358056,-80.3877361,3090202,2020-06-17,2026-08-24,6.184804928131417,Florida,Stream,True,True
0229070838,"C-1 CANAL 900 FT ABOVE S-148 NEAR GOULDS, FL",25.57027778,-80.3856944,3090202,2017-05-12,2018-06-06,1.0677618069815196,Florida,Stream,True,True
022907085,"BLACK CREEK CANAL WEST OF US1 NR GOULDS, FL",25.570917,-80.37875,3090202,2014-10-21,2025-06-17,10.655715263518138,Florida,Stream,True,True
0229070854,"BLACK CREEK CANAL EAST OF US1 NR GOULDS, FL",25.57,-80.3747778,3090202,2020-10-22,2026-08-24,5.83709787816564,Florida,Stream,True,True
02290709,10B BLACK CREEK CANAL AT OLD CUTLER RD NR GOULDS,25.55986111,-80.35955556,3090202,2015-07-15,2026-08-24,11.110198494182066,Florida,Stream,True,True
022908295,"BOTTLE CREEK AT ROOKERY BRANCH NEAR HOMESTEAD, FL",25.46797778,-80.8545278,3090202,2003-10-01,2026-08-24,22.89664613278576,Florida,Stream,True,True
02290928,"BARRON RIVER AT EVERGLADES CITY, FL",25.86972222,-81.3825,30902040700,2001-09-12,2025-09-23,24.030116358658454,Florida,Stream,True,True
02290930,"TURNER RIVER NR CHOKOLOSKEE ISLAND, FL",25.8286111,-81.3416667,3090204,2001-09-20,2026-08-24,24.92539356605065,Florida,Stream,True,True
02290947,SWEETWATER STRAND AT LOOP RD. NR MONROE STATION FL,25.7885722,-81.0999222,3090204,2014-06-25,2017-11-15,3.3921971252566734,Florida,Stream,True,True
02292010,CALOOSAHATCHEE CANAL DWS OF S-77 AT MOORE HAVEN FL,26.833333,-81.088889,30902050202,2020-10-22,2024-10-27,4.01368925393566,Florida,Stream,True,True
02292900,"CALOOSAHATCHEE RIVER AT S-79, NR.OLGA, FLA",26.72173357,-81.69318057,30902050408,2019-04-25,2025-12-09,6.625598904859685,Florida,Stream,True,True
02297100,JOSHUA CREEK AT NOCATEE FL,27.16671794,-81.8795282,3100101,2016-06-08,2016-10-03,0.3203285420944558,Florida,Stream,True,True
02297345,PEACE RIVER AT PLATT FL,27.08666667,-81.9994444,3100101,2016-04-04,2026-08-24,10.387405886379192,Florida,Stream,True,True
02297350,PEACE RIVER NR PEACE RIVER HEIGHTS NR FT. OGDEN FL,27.07755529,-82.00730919,3100101,2016-04-04,2026-08-24,10.387405886379192,Florida,Stream,True,True
02297460,PEACE RIVER AT HARBOUR HEIGHTS FL,26.98755802,-81.99429977,31001011106,2016-04-05,2026-08-24,10.38466803559206,Florida,Stream,True,True
02297635,SHELL CREEK ON CR 764 NEAR PUNTA GORDA FL,26.975,-81.8875,3100101,2016-04-06,2016-10-02,0.49007529089664614,Florida,Stream,True,True
02298123,PRAIRIE CREEK NEAR FORT OGDEN FL,27.05199986,-81.7845267,3100101,2001-12-04,2006-02-04,4.16974674880219,Florida,Stream,True,True
02298124,PRAIRIE CREEK DOWNSTREAM NEAR FT OGDEN FL,27.0511111,-81.7861111,3100101,2016-06-08,2016-10-13,0.34770704996577684,Florida,Stream,True,True
02298170,PRAIRIE CREEK ON CR 764 NEAR PUNTA GORDA FL,26.99027778,-81.8947222,3100101,2015-10-08,2016-10-02,0.9856262833675564,Florida,Stream,True,True
02298202,SHELL CREEK NEAR PUNTA GORDA FL,26.98478028,-81.93568702,31001011104,2016-04-07,2025-11-19,9.618069815195073,Florida,Stream,True,True
02299727,SHAKETT CREEK NEAR NOKOMIS FL,27.14394198,-82.4301452,3100201,2016-06-08,2024-07-30,8.14236824093087,Florida,Stream,True,True
02299729,"SHAKETT CREEK AT CR 762 NR NOKOMIS, FL",27.137631,-82.435681,31002010202,2024-08-31,2026-08-24,1.9794661190965093,Florida,Stream,True,True
02299734,CURRY CREEK AT HIGHWAY 41 AT NOKOMIS FL,27.11271944,-82.4474111,3100201,2016-05-03,2026-08-24,10.30800821355236,Florida,Stream,True,True
023000095,MANATEE RIVER AT RYE FL,27.51364999,-82.3670375,3100202,2016-06-08,2026-08-24,10.209445585215606,Florida,Stream,True,True
02301500,"ALAFIA RIVER AT LITHIA PINECREST RD AT LITHIA, FL",27.872248,-82.2112008,3100204,2018-01-18,2026-08-24,8.596851471594798,Florida,Stream,True,True
02301635,ALAFIA RIVER NEAR BELL SHOALS RD NR RIVERVIEW FL,27.85715556,-82.26858889,31002040306,2020-05-28,2025-11-16,5.470225872689938,Florida,Stream,True,True
02301638,ALAFIA RIVER AT BELL SHOALS NEAR RIVERVIEW FL,27.85891477,-82.2737021,3100204,2016-06-08,2020-05-26,3.9644079397672827,Florida,Stream,True,True
02301718,"ALAFIA RIVER AT US 301 AT RIVERVIEW, FL",27.86934167,-82.3264528,3100204,2016-06-08,2026-08-24,10.209445585215606,Florida,Stream,True,True
02301721,ALAFIA RIVER AT GIBSONTON FL,27.85974739,-82.3842598,3100204,2016-06-08,2026-08-24,10.209445585215606,Florida,Stream,True,True
02304000,HILLSBOROUGH R AT FOWLER AV NEAR TEMPLE TERRACE FL,28.05446224,-82.3637032,3100205,2016-06-08,2026-08-24,10.209445585215606,Florida,Stream,True,True
02304510,HILLSBOROUGH RIVER AT ROWLETT PK DR NEAR TAMPA FL,28.02200556,-82.43504167,31002050503,2016-06-08,2025-11-19,9.44832306639288,Florida,Stream,True,True
02304517,HILLSBOROUGH R BL HANNAHS WHIRL NR SULPHUR SPGS FL,28.0151611,-82.4424056,3100205,2017-10-26,2026-08-24,8.826830937713895,Florida,Stream,True,True
023060013,HILLSBOROUGH R. AT I-275 BRIDGE AT SULPHUR SPGS FL,28.0202967,-82.4548166,3100205,1999-10-01,2026-08-24,26.89664613278576,Florida,Stream,True,True
02306028,HILLSBOROUGH RIVER AT PLATT STREET AT TAMPA FL,27.94197079,-82.45875611,31002050503,2016-06-08,2026-08-24,10.209445585215606,Florida,Stream,True,True
02310308,PITHLACHASCOTEE R AT MAIN ST AT NEW PORT RICHEY FL,28.25029429,-82.72265211,31002070404,2016-06-08,2025-12-02,9.483915126625599,Florida,Stream,True,True
02310650,CHASSAHOWITZKA RIVER NEAR HOMOSASSA FL,28.71527923,-82.57681407,31002070204,2016-06-08,2025-11-13,9.431895961670088,Florida,Stream,True,True
02310673,CHASSAHOWITZKA R AT DOG ISL NR CHASSAHOWITZKA FL,28.70263889,-82.62472222,31002070204,2016-06-08,2025-11-13,9.431895961670088,Florida,Stream,True,True
02310674,CHASSAHOWITZKA R AT MOUTH NR CHASSAHOWITZKA FL,28.69472438,-82.63903809,31002070204,2016-06-08,2025-11-13,9.431895961670088,Florida,Stream,True,True
02310687,HALLS RIVER AT KINGSTON DR AT HOMOSASSA SPRINGS FL,28.822983,-82.595383,31002070104,2025-03-12,2026-08-24,1.4510609171800137,Florida,Stream,True,True
02310689,HALLS RIVER AT HOMOSASSA SPRINGS FL,28.81311111,-82.60563889,31002070104,2016-06-08,2025-11-19,9.44832306639288,Florida,Stream,True,True
02310690,HALLS RIVER NEAR HOMOSASSA FL,28.80137159,-82.6026,3100207,2016-06-08,2026-08-24,10.209445585215606,Florida,Stream,True,True
02310700,HOMOSASSA R AT HOMOSASSA FL,28.78527705,-82.61792627,31002070104,2016-06-08,2025-11-19,9.44832306639288,Florida,Stream,True,True
02310740,SARAGASSA CANAL AT CRYSTAL RIVER FL,28.89055148,-82.59570328,31002070102,2016-06-23,2025-11-18,9.404517453798768,Florida,Stream,True,True
02310742,CRYSTAL RIVER AT MOUTH OF KINGS BAY FL,28.89336111,-82.60555556,31002070102,2017-05-05,2025-11-17,8.536618754277892,Florida,Stream,True,True
02310750,CRYSTAL RIVER NEAR CRYSTAL RIVER FL,28.90500349,-82.6351883,3100207,2020-11-20,2026-08-24,5.757700205338809,Florida,Stream,True,True
02310752,SALT RIVER NEAR CRYSTAL RIVER FL,28.90155556,-82.64580556,31002070102,2016-06-08,2025-11-17,9.442847364818617,Florida,Stream,True,True
02312700,"OUTLET RIVER AT PANACOOCHEE RETREATS, FL",28.8002651,-82.1528658,3100208,2006-07-13,2008-09-29,2.21492128678987,Florida,Stream,True,True
02313000,"WITHLACOOCHEE RIVER AT SR 200 NEAR HOLDER, FL",28.98886759,-82.3495406,3100208,1987-03-07,1992-09-30,5.568788501026694,Florida,Stream,True,True
02313090,WITHLACOOCHEE RI AB BLUE RUN NR DUNNELLON FLA.,29.04279722,-82.45714444,31002081102,2024-01-17,2025-11-13,1.8234086242299794,Florida,Stream,True,True
02313095,"RAINBOW RIVER BELOW RAINBOW SPRINGS STATE PARK, FL",29.097111,-82.435444,31002081101,2025-04-10,2025-11-13,0.5941136208076659,Florida,Stream,True,True
02313098,"RAINBOW RIVER NEAR DUNNELLON, FL",29.071306,-82.426611,31002081101,2023-12-14,2025-11-13,1.9164955509924708,Florida,Stream,True,True
02313100,"RAINBOW RIVER AT DUNNELLON, FL",29.049167,-82.447778,31002081101,2023-10-11,2025-11-18,2.105407255304586,Florida,Stream,True,True
02313200,"WITHLACOOCHEE RIVER AT US 41 AT DUNNELLON, FL",29.045833,-82.464722,31002081102,2024-01-18,2025-11-17,1.8316221765913758,Florida,Stream,True,True
02313272,WITHLACOOCHEE R AT CHAMBERS IS NEAR YANKEETOWN FL,29.00112873,-82.76583301,31002070600,2016-06-08,2025-11-19,9.44832306639288,Florida,Stream,True,True
02313700,"WACCASASSA RIVER NR GULF HAMMOCK, FLA.",29.20413378,-82.769001,3110101,2002-10-01,2026-08-24,23.89596167008898,Florida,Stream,True,True
02315005,HUNTER CREEK NEAR BELMONT FLA,30.4857755,-82.7120734,3110201,1986-10-16,1989-01-04,2.220396988364134,Florida,Stream,True,True
02315520,SWIFT CREEK AT FACIL FLA,30.3707788,-82.79985119,3110201,1986-10-01,1988-10-18,2.0479123887748116,Florida,Stream,True,True
02315550,SUWANNEE RIVER AT SUWANNEE SPRINGS FLA,30.3929988,-82.9331875,3110201,2017-04-14,2026-08-24,9.360711841204655,Florida,Stream,True,True
02315626,"ALAPAHA RISE ABOVE SW 68TH DRIVE NEAR JASPER, FL",30.439444,-83.089278,31102010904,2015-06-17,2025-11-19,10.425735797399042,Florida,Stream,True,True
02317620,ALAPAHA RIVER NEAR JENNINGS FLA,30.59826888,-83.073195,3110202,2017-01-18,2026-08-24,9.596167008898014,Florida,Stream,True,True
02319000,"WITHLACOOCHEE RIVER NEAR PINETTA, FLA.",30.59548716,-83.2595906,3110203,2017-02-28,2026-08-24,9.483915126625599,Florida,Stream,True,True
02319394,"WITHLACOOCHEE RIVER NR LEE, FLA",30.41049435,-83.18013979,3110203,2017-01-19,2026-08-24,9.593429158110883,Florida,Stream,True,True
02319800,"SUWANNEE RIVER AT DOWLING PARK, FLORIDA",30.244722,-83.249722,31102050105,2017-03-03,2025-12-03,8.752908966461328,Florida,Stream,True,True
02320000,"SUWANNEE RIVER AT LURAVILLE, FLA.",30.09994513,-83.1715247,3110205,2021-02-25,2026-08-24,5.492128678986996,Florida,Stream,True,True
02320500,"SUWANNEE RIVER AT BRANFORD, FLA.",29.955785,-82.9276278,3110205,2017-03-01,2026-08-24,9.481177275838467,Florida,Stream,True,True
02321500,"SANTA FE RIVER AT WORTHINGTON SPRINGS, FLA.",29.9219073,-82.4262246,3110206,2015-10-01,2026-08-24,10.896646132785763,Florida,Stream,True,True
02321958,"SANTA FE RIVER AT RIVER RISE NR HIGH SPRINGS, FL",29.8735723,-82.59122849,3110206,2015-10-14,2026-08-24,10.861054072553046,Florida,Stream,True,True
02321975,"SANTA FE RIVER AT US HWY 441 NEAR HIGH SPRINGS,FL.",29.8525,-82.608611,31102060504,2020-01-10,2026-08-24,6.620123203285421,Florida,Stream,True,True
02322500,"SANTA FE RIVER NEAR FORT WHITE, FLA.",29.84884769,-82.7151204,3110206,2015-08-22,2026-08-24,11.006160164271048,Florida,Stream,True,True
02322700,"ICHETUCKNEE R @ HWY27 NR HILDRETH, FL",29.95273288,-82.7859573,3110206,2017-01-19,2026-08-24,9.593429158110883,Florida,Stream,True,True
02322800,SANTA FE RIVER NR HILDRETH FLA,29.91162076,-82.8604033,3110206,2015-09-01,2026-08-24,10.978781656399725,Florida,Stream,True,True
02323000,"SUWANNEE RIVER NEAR BELL, FLORIDA",29.79134359,-82.924293,3110205,2021-02-26,2026-08-24,5.489390828199863,Florida,Stream,True,True
02323592,SUWANNEE RIVER AB GOPHER RIVER NR SUWANNEE FL,29.33940554,-83.086515,3110205,1999-06-24,2026-08-24,27.16769336071184,Florida,Stream,True,True
02324170,"STEINHATCHEE RIVER AT STEINHATCHEE, FL.",29.6682821,-83.37735989,3110102,2021-02-25,2026-08-24,5.492128678986996,Florida,Stream,True,True
02325543,"FENHOLLOWAY RIVER NEAR HAMPTON SPRINGS, FL",30.01132315,-83.7776534,3110102,1993-12-09,1994-09-29,0.8049281314168378,Florida,Stream,True,True
02326050,"ECONFINA RV AT ECONFINA RV STATE PARK NR PERRY, FL",30.06811667,-83.8987028,3110102,2021-03-05,2026-08-24,5.470225872689938,Florida,Stream,True,True
02326516,"WACISSA RIVER AT THOMAS SPRING NEAR WACISSA, FL",30.3397222,-83.9923333,3110103,2020-11-25,2026-08-24,5.7440109514031485,Florida,Stream,True,True
02326526,WACISSA RIVER NR WACISSA FLA,30.3013159,-83.9796085,3110103,2016-01-27,2025-12-29,9.921971252566735,Florida,Stream,True,True
02326993,"FISHER CREEK NEAR HILLIARDVILLE,FL",30.3152004,-84.3987914,3120001,2015-09-19,2017-10-17,2.078028747433265,Florida,Stream,True,True
02326995,"BLACK CREEK NEAR HILLIARDVILLE, FL",30.27825,-84.3862778,3120001,2015-09-05,2017-10-18,2.1190965092402463,Florida,Stream,True,True
02327022,"WAKULLA RIVER NEAR CRAWFORDVILLE, FL",30.21384593,-84.26158318,31200011001,2023-10-28,2025-11-19,2.0616016427104724,Florida,Stream,True,True
02327031,"SPRING CREEK NEAR SPRING CREEK, FL",30.07270485,-84.3273972,3120001,2007-06-25,2026-08-24,19.16495550992471,Florida,Stream,True,True
02327033,LOST CREEK AT ARRAN FLA,30.188056,-84.408333,31200010803,2015-09-25,2017-10-16,2.0588637919233403,Florida,Stream,True,True
02327100,"SOPCHOPPY RIVER NR SOPCHOPPY, FLA.",30.12936856,-84.4943482,3120003,2018-02-01,2025-11-18,7.794661190965092,Florida,Stream,True,True
02358000,APALACHICOLA RIVER AT CHATTAHOOCHEE FLA,30.7010251,-84.8590871,3130011,2017-03-30,2026-08-24,9.401779603011637,Florida,Stream,True,True
02359170,"APALACHICOLA RIVER NR SUMATRA,FLA.",29.94937094,-85.0154686,3130011,2017-03-25,2026-08-24,9.415468856947296,Florida,Stream,True,True
02359223,"JACKSON RIVER AT RANCH ROAD NR APALACHICOLA, FL",29.769511,-85.084281,31300110706,2020-09-16,2026-01-07,5.308692676249144,Florida,Stream,True,True
250802081035500,"EAST SIDE CREEK NEAR LAKE INGRAHAM, FL",25.136969,-81.064381,3090203,2016-05-03,2026-08-24,10.30800821355236,Florida,Stream,True,True
251003080435500,"MCCORMICK CREEK AT MOUTH NEAR KEY LARGO, FL",25.16819444,-80.73358889,3090202,1995-10-28,2011-10-02,15.928815879534566,Florida,Stream,True,True
251209080350100,"MUD CREEK AT MOUTH NR HOMESTEAD, FL",25.203303,-80.584111,30902021400,1995-10-27,2025-11-17,30.05886379192334,Florida,Stream,True,True
251241080385300,"UPSTREAM TAYLOR RIVER NEAR HOMESTEAD, FL",25.210297,-80.647667,30902021300,1999-07-31,2025-12-04,26.34633812457221,Florida,Stream,True,True
251253080320100,"TROUT CREEK AT MOUTH NEAR KEY LARGO, FL",25.2148972,-80.5335056,3090202,1996-01-22,2011-10-01,15.690622861054072,Florida,Stream,True,True
252653080273001,"FLORIDA CITY CANAL NR FIRE STATION IN HOMESTEAD,FL",25.447964,-80.458389,30902061607,2024-05-10,2026-08-24,2.2888432580424367,Florida,Stream,True,True
252654080220201,"FLORIDA CITY CANAL NR SW 117TH AVE IN HOMESTEAD,FL",25.4484,-80.3673,30902061607,2024-05-10,2026-08-24,2.2888432580424367,Florida,Stream,True,True
253044080555900,EDEN 3 in Everglades National Park,25.512125,-80.933153,30902021300,2005-11-10,2020-06-04,14.565366187542779,Florida,Stream,True,True
253256080205103,"BLACK CREEK CANAL UPSTREAM OF S-21 AT MIAMI, FL",25.5488,-80.3476,3090206,2024-05-01,2026-08-24,2.3134839151266258,Florida,Stream,True,True
254016080170201,"SNAPPER CRK CANAL UPSTREAM OF S-22 AT MIAMI, FL",25.671,-80.2839,30902061500,2024-05-03,2026-08-24,2.308008213552361,Florida,Stream,True,True
254155080213500,"SNAPPER CREEK AT WATER PIPE NEAR SOUTH MIAMI, FL",25.6987222,-80.3598056,3090202,2010-08-05,2014-05-14,3.7727583846680357,Florida,Stream,True,True
254157080213800,"SNAPPER CREEK NO.5 ABV WATER PIPE NR S. MIAMI, FL",25.69905556,-80.3606111,3090202,2010-08-08,2014-04-13,3.679671457905544,Florida,Stream,True,True
254543080405401,"TAMIAMI CANAL AT S-12-D NEAR MIAMI, FL",25.7620472,-80.6820444,3090202,2012-09-15,2017-04-02,4.544832306639288,Florida,Stream,True,True
254721080414301,W-5 IN WATER CONSERVATION AREA 3-A,25.78916667,-80.6952778,3090202,2006-01-28,2011-10-13,5.705681040383299,Florida,Stream,True,True
254838080155301,"MIAMI CANAL UPSTREAM OF S-26 AT MIAMI, FL",25.8106,-80.2648,30902061405,2024-05-07,2026-08-24,2.297056810403833,Florida,Stream,True,True
254929080170101,"MIAMI CANAL UPSTREAM OF S-26 AT MIAMI SPRINGS, FL",25.8246,-80.2836,30902061405,2024-05-07,2026-08-24,2.297056810403833,Florida,Stream,True,True
255123081321300,FAKA UNION BOUNDARY AT CHANNEL MARKER 6 FL,25.8565,-81.5370556,3090204,2007-06-14,2017-09-09,10.239561943874058,Florida,Stream,True,True
255138081321701,FAKA UNION BOUNDARY NEAR PANTHER KEY FL,25.86051667,-81.53795,3090204,2017-11-07,2026-08-24,8.793976728268309,Florida,Stream,True,True
255151080371501,"WETLAND AT S-152 OUTFLOW NEAR COOPERTOWN, FL",25.86415,-80.6208333,3090202,2016-11-02,2026-08-24,9.806981519507186,Florida,Stream,True,True
255200080405001,EDEN 8 in Water Conservation Area 3-A,25.86666667,-80.6805556,3090202,2013-11-01,2016-04-30,2.4941820670773445,Florida,Stream,True,True
255242080110901,"C-8 CANAL UPSTREAM OF S-28 AT NORTH MIAMI, FL",25.8783,-80.1857,30902061403,2024-04-26,2026-08-24,2.327173169062286,Florida,Stream,True,True
255300080370001,"SITE 69 IN CONSERVATION AREA 3B NR COOPERTOWN, FL",25.90660833,-80.58876389,3090202,2013-10-31,2016-02-25,2.31895961670089,Florida,Stream,True,True
255327081275900,"EAST RIVER NEAR EVERGLADES CITY, FL",25.89538889,-81.4555,3090204,2007-04-25,2026-08-24,19.33196440793977,Florida,Stream,True,True
255432081303900,FAKA-UNION RIVER NEAR THE MOUTH,25.90880556,-81.5109167,3090204,2006-07-01,2026-08-24,20.147843942505133,Florida,Stream,True,True
255534081324000,"PUMPKIN RIVER NEAR GOODLAND, FL",25.926,-81.5443056,3090204,2007-04-19,2026-08-24,19.34839151266256,Florida,Stream,True,True
255654081350200,"BLACKWATER RIVER NEAR GOODLAND, FL",25.9523611,-81.5844222,3090204,2007-05-17,2026-08-24,19.27173169062286,Florida,Stream,True,True
255726081303700,"FAKA UNION CANAL BOAT BASIN AT PORT OF ISLES,FL",25.9569972,-81.5109083,3090204,2006-12-01,2026-04-12,19.362080766598222,Florida,Stream,True,True
265651080045500,"LOX RIVER AT COAST GUARD DOCK NR JUPITER, FL",26.9478354,-80.08170838,3090202,2002-10-31,2018-07-10,15.690622861054072,Florida,Stream,True,True
265906080093500,"LOXAHATCHEE RIVER AT MILE 9.1 NEAR JUPITER, FL",26.98528333,-80.16,3090202,2003-10-16,2026-08-24,22.855578370978783,Florida,Stream,True,True
265929080091800,"LOX RIVER AT OUTLET OF KITCHINGS CREEK, FL",26.9914,-80.1548333,3090202,2002-12-12,2026-08-24,23.698836413415467,Florida,Stream,True,True
285531082412600,CRYSTAL RV AT MOUTH NR SHELL ISL NR CRYSTAL RV FL,28.92527778,-82.69063889,3100207,2016-06-08,2026-08-21,10.20123203285421,Florida,Stream,True,True
291652083064100,"EAST PASS SUWANNEE RIVER AT MOUTH NR SUWANNEE, FL",29.28135143,-83.1112374,3110205,1999-06-24,2000-10-25,1.3388090349075976,Florida,Stream,True,True
291841083070800,"EAST PASS SUWANNEE RIVER NEAR SUWANNEE, FL",29.31162833,-83.118738,3110205,1995-06-23,2000-10-25,5.341546885694729,Florida,Stream,True,True
291842083085100,"WEST PASS SUWANNEE RIVER NR MOUTH, NR SUWANNEE,FL",29.31190595,-83.1473499,3110205,1995-08-02,2000-10-23,5.2265571526351815,Florida,Stream,True,True
291930083082800,"WEST PASS SUWANNEE RIVER AT SUWANNEE, FL",29.32523894,-83.140961,3110205,1995-08-24,2000-10-24,5.169062286105407,Florida,Stream,True,True
294130081382000,"ST. JOHNS RIVER AT DANCY POINT NEAR PALATKA, FL",29.69166667,-81.63888889,3080103,2006-06-10,2008-04-16,1.8507871321013005,Florida,Stream,True,True
294213081345300,"ST. JOHNS RIVER AT DANCY POINT NEAR SPUDS, FL",29.70385766,-81.5811919,3080103,1998-01-09,2006-01-24,8.041067761806982,Florida,Stream,True,True
295308085143700,"IWW EAST OF GULF CO CANAL NEAR PORT ST JOE, FL",29.88555556,-85.2436111,3140101,2020-09-05,2025-11-16,5.196440793976728,Florida,Stream,True,True
295323085151700,"IWW WEST OF GULF CO CANAL NEAR PORT ST JOE, FL",29.8897222,-85.2547222,3140101,2021-02-04,2026-08-24,5.549623545516769,Florida,Stream,True,True
295856081372301,ST JOHNS RV SHANDS BRIDGE NR GREEN COVE SPGS FL,29.9824648,-81.6228662,3080103,1995-04-29,2001-09-14,6.379192334017796,Florida,Stream,True,True
300803081354500,"JULINGTON CRK AT HOOD LANDING NR BAYARD, FL",30.13408889,-81.5959,3080103,2015-10-01,2026-08-24,10.896646132785763,Florida,Stream,True,True
301057081414800,"ST.JOHNS RVR AB BUCKMAN BRIDGE AT JACKSONVILLE,FL",30.18245833,-81.69676389,3080103,2018-01-17,2026-08-24,8.59958932238193,Florida,Stream,True,True
301124081395901,"ST.JOHNS RIVER BUCKMAN BRIDGE AT JACKSONVILLE,FL",30.1902405,-81.6662048,3080103,1995-06-09,2026-08-24,31.208761122518823,Florida,Stream,True,True
301204081434900,"ORTEGA RIVER SALINITY AT JACKSONVILLE, FL",30.20118056,-81.7304,3080103,2015-10-29,2026-08-24,10.819986310746064,Florida,Stream,True,True
301510081383500,"ST JOHNS RVR AT CHRISTOPHER PT NR JACKSONVILLE, FL",30.25288889,-81.6431,3080103,2016-01-13,2026-08-24,10.611909650924025,Florida,Stream,True,True
301817081393600,"ST JOHNS RIVER BL MARCO LK AT JACKSONVILLE, FL",30.30478056,-81.6601,3080103,2016-01-12,2026-08-24,10.614647501711156,Florida,Stream,True,True
302307083101400,"SUWANNEE RV AB WITHLACOOCHEE RV AT ELLAVILLE, FL",30.38565833,-83.1699917,3110201,2021-05-20,2026-08-24,5.262149212867898,Florida,Stream,True,True
302309081333001,"ST JOHNS R DAMES POINT BRIDGE AT JACKSONVILLE, FL",30.3860727,-81.55814749,3080103,1996-03-01,2026-08-24,30.480492813141684,Florida,Stream,True,True
302609081453300,"TROUT RIVER BL US 1 AT DINSMORE, FL",30.43585,-81.7592,3080103,2016-01-12,2026-08-24,10.614647501711156,Florida,Stream,True,True
302657081312400,"CLAPBOARD CRK AB BUCKHORN BLUFF NR JAX, FL",30.44928889,-81.5233,3080103,2016-01-13,2026-08-24,10.611909650924025,Florida,Stream,True,True
02176930,"CHATTOOGA RIVER AT BURRELLS FORD, NR PINE MTN, GA",34.97452778,-83.1161667,3060102,2009-10-09,2026-08-25,16.876112251882272,Georgia,Stream,True,True
02181350,"TALLULAH R AT TERRORA PWRHSE, NR TALLULAH FALLS,GA",34.75027778,-83.405,3060102,2014-11-24,2026-08-25,11.75085557837098,Georgia,Stream,True,True
02191740,"CLOUDS CREEK AT WATSON MILL PARK NR CARLTON, GA",34.02066816,-83.0693128,3060104,2013-12-09,2017-10-16,3.8521560574948666,Georgia,Stream,True,True
02195520,"SAVANNAH RIVER NEAR EVANS, GA",33.5928611,-82.1232222,3060106,2024-12-11,2026-08-25,1.702943189596167,Georgia,Stream,True,True
021968385,"BUTLER CR BELOW BUTLER CR RSVR AT FORT GORDON, GA",33.42509167,-82.09873889,3060106,2021-07-22,2022-08-10,1.051334702258727,Georgia,Stream,True,True
02197000,"SAVANNAH RIVER AT AUGUSTA, GA",33.37252778,-81.9420833,3060106,1973-10-01,2011-08-09,37.85352498288843,Georgia,Stream,True,True
02198745,"SAVANNAH RIVER NEAR RINCON, GA",32.35324837,-81.1614992,3060109,2010-02-18,2010-06-14,0.31759069130732376,Georgia,Stream,True,True
02198750,"SAVANNAH RIVER US MILL CREEK, NEAR RINCON, GA",32.34858333,-81.1604444,3060109,2019-06-04,2026-08-25,7.225188227241615,Georgia,Stream,True,True
02198810,"ABERCORN CREEK NEAR SAVANNAH,GA",32.25602778,-81.1780278,3060109,2009-12-09,2026-08-25,16.709103353867214,Georgia,Stream,True,True
02198820,"ABERCORN CREEK AT MOUTH NEAR SAVANNAH, GA",32.24916667,-81.1536111,3060109,2013-11-08,2026-08-25,12.793976728268309,Georgia,Stream,True,True
02198840,"SAVANNAH RIVER I-95 NEAR PORT WENTWORTH, GA",32.2354722,-81.1510833,3060109,1999-10-13,2026-08-25,26.86652977412731,Georgia,Stream,True,True
02198920,"SAVANNAH RIVER AT GA 25, AT PORT WENTWORTH, GA",32.16533333,-81.1549167,3060109,1999-11-05,2026-08-25,26.803559206023273,Georgia,Stream,True,True
02198950,"MIDDLE RIVER AT GA 25 AT PORT WENTWORTH, GA",32.1657222,-81.1379722,3060109,2013-08-15,2026-08-25,13.026694045174539,Georgia,Stream,True,True
02198955,"MIDDLE RIVER AT FISH HOLE AT PORT WENTWORTH, GA",32.14277778,-81.1352778,3060109,2014-02-28,2026-08-25,12.487337440109513,Georgia,Stream,True,True
021989715,"SAVANNAH RIVER AT GARDEN CITY, GA",32.11608333,-81.1283333,3060109,2012-11-09,2026-08-25,13.790554414784394,Georgia,Stream,True,True
021989773,"SAVANNAH RIVER AT USACE DOCK, AT SAVANNAH, GA",32.08041667,-81.0813611,3060109,2007-05-25,2026-08-25,19.252566735112936,Georgia,Stream,True,True
021989792,"LITTLE BACK RIVER AT GA 25 AT PORT WENTWORTH, GA",32.16583333,-81.13,3060109,2013-08-15,2026-08-25,13.026694045174539,Georgia,Stream,True,True
021989793,"LITTLE BACK RIVER AT HOG ISLAND, NEAR SAVANNAH, GA",32.13666667,-81.1219444,3060109,2013-11-05,2026-08-25,12.802190280629706,Georgia,Stream,True,True
0219897945,"BACK RIVER 0.4 MI DOWNSTREAM US17, NR SAVANNAH, GA",32.09777778,-81.0827778,3060109,2013-11-06,2026-08-25,12.799452429842573,Georgia,Stream,True,True
021989798,"BACK RIVER AT FIG ISLAND AT SAVANNAH, GA",32.08826345,-81.0595563,3060109,1989-05-18,1989-08-21,0.2600958247775496,Georgia,Stream,True,True
021989799,"BACK RIVER AT MOUTH AT SAVANNAH, GA",32.08576383,-81.0470562,3060109,1989-05-12,1989-08-08,0.24093086926762491,Georgia,Stream,True,True
02198980,"SAVANNAH RIVER AT FORT PULASKI, GA",32.03580556,-80.9060556,3060109,2013-08-16,2026-08-25,13.023956194387406,Georgia,Stream,True,True
02201000,"WILLIAMSON SWAMP CREEK AT DAVISBORO, GA",32.97566667,-82.6098056,3060201,2015-12-31,2021-06-23,5.478439425051334,Georgia,Stream,True,True
02203576,"CROSS TIDE CREEK NEAR HALFMOON LANDING, GA",31.67521856,-81.3006573,3060204,1968-06-18,1968-07-01,0.03559206023271732,Georgia,Stream,True,True
02203578,"NORTH NEWPORT RIVER AT HALFMOON LANDING, GA",31.69549627,-81.2714903,3060204,1970-12-15,1976-09-21,5.768651608487337,Georgia,Stream,True,True
022035975,"HUDSON CREEK AT MERIDIAN LANDING, NEAR MERIDIAN,GA",31.45333333,-81.3627778,3060204,2000-10-06,2026-08-25,25.883641341546884,Georgia,Stream,True,True
02203603,"SOUTH RIVER AT SPRINGDALE ROAD, AT ATLANTA, GA",33.68388889,-84.4152778,3070103,2007-04-19,2026-08-25,19.351129363449694,Georgia,Stream,True,True
02203655,"SOUTH RIVER AT FORREST PARK ROAD, AT ATLANTA, GA",33.67891667,-84.35813889,3070103,2003-04-07,2026-08-25,23.38398357289528,Georgia,Stream,True,True
02203700,"INTRENCHMENT CR AT CONSTITUTION RD, NR ATLANTA, GA",33.68902778,-84.3301111,3070103,2003-06-04,2023-02-16,19.704312114989733,Georgia,Stream,True,True
02203800,"SOUTH RIVER AT BOULDERCREST ROAD AT ATLANTA, GA",33.67961111,-84.30794444,3070103,2024-05-30,2026-08-25,2.236824093086927,Georgia,Stream,True,True
02203831,"DOOLITTLE CREEK AT FLAT SHOALS RD, NR DECATUR, GA",33.70569444,-84.2921944,3070103,2013-04-10,2026-08-25,13.374401095140314,Georgia,Stream,True,True
02203863,"SHOAL CREEK AT COLUMBIA DRIVE NEAR ATLANTA, GA",33.69319444,-84.25388889,3070103,2012-03-17,2026-08-25,14.439425051334702,Georgia,Stream,True,True
02203873,"COBBS CREEK AT RAINBOW DR, NEAR DECATUR, GA",33.70941667,-84.2391667,3070103,2013-11-15,2026-08-25,12.774811772758385,Georgia,Stream,True,True
02203900,"SOUTH RIVER AT FLAKES MILL ROAD NR ATLANTA, GA",33.66577778,-84.224,3070103,2012-04-05,2026-08-25,14.387405886379192,Georgia,Stream,True,True
02203950,"SNAPFINGER CREEK NEAR DECATUR, GA",33.7632222,-84.2203611,3070103,2012-03-16,2026-08-25,14.442162902121835,Georgia,Stream,True,True
02203960,"SNAPFINGER CR AT THOMPSON MILL RD NR LITHONIA, GA",33.69666667,-84.1986111,3070103,2012-11-16,2026-08-25,13.77138945927447,Georgia,Stream,True,True
02204037,"POLE BRIDGE CR AT EVANS MILL RD NEAR LITHONIA, GA",33.66819444,-84.1511667,3070103,2012-11-15,2026-08-25,13.774127310061601,Georgia,Stream,True,True
02204070,"SOUTH RIVER AT KLONDIKE ROAD, NEAR LITHONIA, GA",33.6301111,-84.1284722,3070103,1983-11-01,2007-01-04,23.175906913073238,Georgia,Stream,True,True
02204115,"HONEY CREEK AT TURNER ROAD, NEAR CONYERS, GA",33.6747222,-84.0841667,3070103,2001-11-02,2003-04-16,1.4510609171800137,Georgia,Stream,True,True
02204118,"HONEY CREEK AT HURST ROAD, NEAR CONYERS, GA",33.6622222,-84.0841667,3070103,2003-04-17,2005-09-01,2.3764544832306638,Georgia,Stream,True,True
02204130,"HONEY CREEK AT GA 212, NEAR CONYERS, GA",33.57975,-84.06425,3070103,2003-01-11,2012-10-02,9.724845995893224,Georgia,Stream,True,True
02205000,"WILDCAT CREEK NEAR LAWRENCEVILLE, GA",34.00194444,-84.005,3070103,2019-09-06,2026-08-25,6.967830253251198,Georgia,Stream,True,True
02205522,"PEW CREEK AT PATTERSON RD, NEAR LAWRENCEVILLE, GA",33.92588889,-84.0378056,3070103,2005-09-17,2014-06-28,8.777549623545516,Georgia,Stream,True,True
02205865,"SWEETWATER CREEK AT CLUB DRIVE NEAR LILBURN, GA",33.9411111,-84.1077778,3070103,2010-02-26,2026-08-25,16.49281314168378,Georgia,Stream,True,True
02206500,"YELLOW RIVER NEAR SNELLVILLE, GA",33.85305556,-84.0783333,3070103,2019-07-03,2026-08-25,7.145790554414784,Georgia,Stream,True,True
02207120,"YELLOW RIVER AT GA 124, NEAR LITHONIA, GA",33.7725,-84.0581944,3070103,2001-08-16,2026-08-25,25.023956194387406,Georgia,Stream,True,True
02207135,"LITTLE STONE MTN CR NEAR STONE MOUNTAIN, GA",33.83041667,-84.1393333,3070103,2013-11-08,2026-08-25,12.793976728268309,Georgia,Stream,True,True
02207160,"STONE MOUNTAIN CREEK AT GA 124, NEAR LITHONIA, GA",33.77327778,-84.0771667,3070103,2015-09-30,2026-08-25,10.902121834360027,Georgia,Stream,True,True
02207185,"NO BUSINESS CREEK AT LEE ROAD, BELOW SNELLVILLE,GA",33.7775,-84.0377778,3070103,2001-03-01,2026-08-25,25.4839151266256,Georgia,Stream,True,True
02207220,"YELLOW RIVER AT PLEASANT HILL ROAD, NR LITHONIA,GA",33.7335833,-84.0615556,3070103,2003-02-14,2012-09-29,9.623545516769337,Georgia,Stream,True,True
02207335,"YELLOW RIVER AT GEES MILL ROAD, NEAR MILSTEAD, GA",33.66694444,-83.9380556,3070103,2001-11-02,2012-09-29,10.907597535934292,Georgia,Stream,True,True
02207385,"BIG HAYNES CREEK AT LENORA ROAD, NR SNELLVILLE, GA",33.81527778,-83.99013889,3070103,2001-03-03,2026-08-25,25.478439425051334,Georgia,Stream,True,True
02207400,"BRUSHY FORK CREEK AT BEAVER ROAD, NR LOGANVILLE,GA",33.82138889,-83.9425,3070103,2001-03-01,2026-08-25,25.4839151266256,Georgia,Stream,True,True
02207418,"BIG HAYNES CREEK AT JACK TURNER DAM,NR MILSTEAD GA",33.72938889,-83.9363056,3070103,2023-10-12,2026-08-25,2.869267624914442,Georgia,Stream,True,True
02207435,LITTLE HAYNES CREEK AT DIAL MILL RD NR MILSTEAD GA,33.7111111,-83.9144444,3070103,2023-09-18,2026-08-25,2.9349760438056127,Georgia,Stream,True,True
02207448,"BIG HAYNES CREEK AT BALD ROCK ROAD, NR MILSTEAD GA",33.66163889,-83.9280833,3070103,2023-10-11,2026-08-25,2.8720054757015743,Georgia,Stream,True,True
02208130,"SHOAL CREEK AT PAPER MILL RD, NR LAWRENCEVILLE, GA",33.9497222,-83.9483333,3070103,2005-10-01,2014-07-01,8.747433264887064,Georgia,Stream,True,True
02208150,"ALCOVY RIVER AT NEW HOPE ROAD, NEAR GRAYSON, GA",33.91694444,-83.8880556,3070103,2000-10-01,2026-08-25,25.897330595482547,Georgia,Stream,True,True
02208450,"ALCOVY RIVER ABOVE COVINGTON, GA",33.63938889,-83.7784167,3070103,2014-10-21,2026-08-25,11.84394250513347,Georgia,Stream,True,True
02208493,"CORNISH CREEK AT HAZELBRAND RD NR COVINGTON, GA",33.6285,-83.7988611,3070103,2014-10-17,2026-08-25,11.854893908282,Georgia,Stream,True,True
02212600,"FALLING CREEK NEAR JULIETTE, GA",33.10030556,-83.7231667,3070103,1976-09-10,2020-10-08,44.0766598220397,Georgia,Stream,True,True
02215000,"OCMULGEE RIVER AT US 341, AT HAWKINSVILLE, GA",32.283,-83.4623056,3070104,2016-06-16,2020-08-04,4.134154688569473,Georgia,Stream,True,True
02215260,"OCMULGEE RIVER AT ABBEVILLE, GA",31.99666667,-83.2790278,3070104,2016-07-27,2017-01-14,0.4681724845995893,Georgia,Stream,True,True
02215500,"OCMULGEE RIVER AT LUMBER CITY, GA",31.91991667,-82.6740556,3070104,2016-04-14,2020-03-12,3.909650924024641,Georgia,Stream,True,True
02217274,"WHEELER CREEK AT BILL CHEEK ROAD, NEAR AUBURN, GA",34.0822222,-83.8544444,3070101,2001-06-30,2026-08-25,25.152635181382614,Georgia,Stream,True,True
02217643,"PARKS CREEK AT LYLE FIELD RD NR JEFFERSON, GA",34.1620583,-83.5250944,3070101,2012-11-28,2026-08-25,13.738535249828884,Georgia,Stream,True,True
02218565,"APALACHEE RIVER AT FENCE ROAD, NEAR DACULA, GA",34.01027778,-83.8941667,3070101,2001-07-13,2026-08-25,25.117043121149898,Georgia,Stream,True,True
02223056,"OCONEE RIVER AT AVANT MINE, NEAR OCONEE, GA",32.93933333,-83.0669722,3070102,2013-11-08,2020-10-14,6.93223819301848,Georgia,Stream,True,True
02223500,"OCONEE RIVER AT DUBLIN, GA",32.54394444,-82.8929722,3070102,1979-06-20,1983-09-12,4.229979466119096,Georgia,Stream,True,True
02225000,"ALTAMAHA RIVER NEAR BAXLEY, GA",31.9395,-82.35338889,3070106,1971-04-01,2025-09-27,54.49144421629021,Georgia,Stream,True,True
02226500,"SATILLA RIVER NEAR WAYCROSS, GA",31.23844444,-82.3228333,3070201,2016-06-16,2022-09-30,6.288843258042436,Georgia,Stream,True,True
02228000,"SATILLA RIVER AT ATKINSON, GA",31.21958333,-81.8664444,3070201,1974-11-01,1981-09-29,6.910335386721424,Georgia,Stream,True,True
02231254,"ST MARY'S RIVER AT I-95, NEAR KINGSLAND, GA",30.74427778,-81.654,3070204,2014-12-19,2021-08-11,6.6447638603696095,Georgia,Stream,True,True
02314500,"SUWANNEE RIVER AT US 441, AT FARGO, GA",30.68102778,-82.56013889,3110201,2016-06-17,2020-09-30,4.287474332648871,Georgia,Stream,True,True
02317500,"ALAPAHA RIVER AT STATENVILLE, GA",30.70383333,-83.0326667,3110202,2016-01-01,2020-09-30,4.747433264887063,Georgia,Stream,True,True
02317797,"LITTLE RIVER AT UPPER TY TY ROAD, NEAR TIFTON, GA",31.481694,-83.584111,3110204,2017-10-03,2019-10-30,2.0725530458590007,Georgia,Stream,True,True
02318500,"WITHLACOOCHEE RIVER AT US 84, NEAR QUITMAN, GA",30.79330556,-83.4534444,3110203,2016-01-01,2026-08-25,10.647501711156742,Georgia,Stream,True,True
02318700,"OKAPILCO CREEK AT GA 333, NEAR QUITMAN, GA",30.82555556,-83.5625,3110203,2016-06-17,2017-10-02,1.2922655715263518,Georgia,Stream,True,True
02330450,"CHATTAHOOCHEE RIVER AT HELEN, GA",34.7009722,-83.72925,3130001,2003-07-17,2026-08-24,23.104722792607802,Georgia,Stream,True,True
02333500,"CHESTATEE RIVER NEAR DAHLONEGA, GA",34.52827778,-83.9402222,3130001,2011-10-01,2020-10-27,9.073237508555783,Georgia,Stream,True,True
02334430,"CHATTAHOOCHEE RIVER AT BUFORD DAM, NEAR BUFORD, GA",34.15666667,-84.0784167,3130001,1975-08-28,2026-08-25,50.992470910335385,Georgia,Stream,True,True
02334480,"RICHLAND CREEK AT SUWANEE DAM ROAD, NEAR BUFORD,GA",34.1325,-84.07,3130001,2001-05-17,2026-08-25,25.27310061601643,Georgia,Stream,True,True
02334500,"CHATTAHOOCHEE RIVER NEAR BUFORD, GA",34.1261111,-84.09338889,3130001,2023-12-08,2026-08-25,2.7132101300479126,Georgia,Stream,True,True
02334578,"LEVEL CREEK AT SUWANEE DAM ROAD, NEAR SUWANEE, GA",34.09638889,-84.0780556,3130001,2001-05-10,2026-08-25,25.29226557152635,Georgia,Stream,True,True
02334580,"LEVEL CREEK AT SETTLES BRIDGE RD, NEAR SUWANEE, GA",34.08426677,-84.0940789,3130001,2001-05-10,2001-05-29,0.05201916495550993,Georgia,Stream,True,True
02334620,"DICK CREEK AT OLD ATLANTA RD, NEAR SUWANEE, GA",34.07163889,-84.1304167,3130001,2003-12-16,2006-12-31,3.0417522245037647,Georgia,Stream,True,True
02334652,CHATTAHOOCHEE R 0.96 MI US MCGINNIS FY SUWANEE GA,34.0588333,-84.1106944,3130001,2010-08-28,2026-08-25,15.991786447638603,Georgia,Stream,True,True
02334653,CHATTAHOOCHEE R 0.76 MI US MCGINNIS FY SUWANEE GA,34.0567222,-84.1083333,3130001,2010-08-24,2026-08-25,16.00273785078713,Georgia,Stream,True,True
02334654,"CHATTAHOOCHEE R 0.5 MI US MCGINNIS FY SUWANEE, GA",34.05388889,-84.1052778,3130001,2015-10-27,2026-08-25,10.82819986310746,Georgia,Stream,True,True
02334885,"SUWANEE CREEK AT SUWANEE, GA",34.0325,-84.08888889,3130001,1994-10-06,2026-08-25,31.88501026694045,Georgia,Stream,True,True
02335000,"CHATTAHOOCHEE RIVER NEAR NORCROSS, GA",33.9972222,-84.2019444,3130001,1976-10-01,2026-08-25,49.89733059548254,Georgia,Stream,True,True
02335075,"JOHNS CREEK AT STATE BRIDGE ROAD, NEAR WARSAW, GA",34.0272222,-84.2025,3130001,2003-12-12,2004-02-16,0.1806981519507187,Georgia,Stream,True,True
02335078,"JOHNS CREEK AT BUICE ROAD, NEAR WARSAW, GA",34.016211,-84.2110306,3130001,2004-03-07,2007-01-09,2.841889117043121,Georgia,Stream,True,True
02335350,"CROOKED CREEK NEAR NORCROSS, GA",33.965,-84.2647222,3130001,2001-03-24,2026-08-25,25.420944558521562,Georgia,Stream,True,True
02335353,"CHATTAHOOCHEE R 0.09 MI DS GA140, ALPHARETTA, GA",33.9732222,-84.26425,3130001,2023-01-25,2026-08-25,3.5811088295687883,Georgia,Stream,True,True
02335400,"CHATTAHOOCHEE R 0.39 MI DS GA140, ALPHARETTA, GA",33.97305556,-84.26888889,3130001,2018-04-30,2026-08-25,8.320328542094456,Georgia,Stream,True,True
02335405,"CHATTAHOOCHEE R 0.47 MI DS GA140, ALPHARETTA, GA",33.9733333,-84.27,3130001,2018-04-30,2026-08-25,8.320328542094456,Georgia,Stream,True,True
02335450,"CHATTAHOOCHEE RIVER ABOVE ROSWELL, GA",33.98580556,-84.3156944,3130001,2004-01-29,2026-08-25,22.570841889117045,Georgia,Stream,True,True
02335700,"BIG CREEK NEAR ALPHARETTA, GA",34.05055556,-84.2694444,3130001,2016-04-29,2022-10-04,6.431211498973306,Georgia,Stream,True,True
02335757,"BIG CREEK BELOW HOG WALLOW CREEK AT ROSWELL, GA",34.0175,-84.3533333,3130001,2004-01-28,2006-12-31,2.924024640657084,Georgia,Stream,True,True
02335777,"CHATTAHOOCHEE R 0.27 MI US WILLEO CR, ROSWELL, GA",33.99666667,-84.3844444,3130001,2017-11-30,2026-08-25,8.733744010951403,Georgia,Stream,True,True
02335778,"CHATTAHOOCHEE R 0.25 MI US WILLEO CR, ROSWELL, GA",33.99638889,-84.3844444,3130001,2017-11-16,2026-08-25,8.772073921971252,Georgia,Stream,True,True
02335779,"CHATTAHOOCHEE R .18 MI US WILLEO CR, ROSWELL, GA",33.99527778,-84.3844444,3130001,2017-11-16,2026-08-25,8.772073921971252,Georgia,Stream,True,True
02335815,"CHATTAHOOCHEE RIVER BELOW MORGAN FALLS DAM, GA",33.96775,-84.3836667,3130001,2004-01-13,2022-06-05,18.392881587953458,Georgia,Stream,True,True
02335870,"SOPE CREEK NEAR MARIETTA, GA",33.95388889,-84.4433333,3130001,2011-09-30,2020-09-16,8.9637234770705,Georgia,Stream,True,True
02335880,"CHATT R AT POWERS FY AND I-285 NR ATLANTA, GA",33.9019722,-84.4430278,3130001,2016-05-06,2026-08-25,10.302532511978097,Georgia,Stream,True,True
02336000,"CHATTAHOOCHEE RIVER AT ATLANTA, GA",33.85916667,-84.4544444,3130001,1975-11-05,2026-08-25,50.80355920602327,Georgia,Stream,True,True
02336030,"N.F. PEACHTREE CREEK AT GRAVES RD, NR DORAVILLE,GA",33.9058333,-84.225,3130001,2001-06-20,2026-08-25,25.180013689253936,Georgia,Stream,True,True
02336120,"N.F. PEACHTREE CREEK, BUFORD HWY, NEAR ATLANTA, GA",33.83155556,-84.3427778,3130001,2003-06-28,2026-08-25,23.159479808350444,Georgia,Stream,True,True
02336152,"SOUTH FORK PEACHTREE AT CASA DR, NR CLARKSTON, GA",33.81044444,-84.2479722,3130001,2012-03-17,2026-08-25,14.439425051334702,Georgia,Stream,True,True
023362095,"BURNT FORK CR AT MILLWOOD WAY NEAR CLARKSTON, GA",33.82138889,-84.2747222,3130001,2012-10-27,2026-08-25,13.826146475017111,Georgia,Stream,True,True
02336240,"S.F. PEACHTREE CREEK JOHNSON RD, NEAR ATLANTA, GA",33.8030833,-84.3406944,3130001,2003-06-07,2026-08-25,23.21697467488022,Georgia,Stream,True,True
02336300,"PEACHTREE CREEK AT ATLANTA, GA",33.82030556,-84.40763889,3130001,2003-04-17,2026-08-25,23.356605065023956,Georgia,Stream,True,True
02336313,"WOODALL CREEK AT DEFOORS FERRY RD, AT ATLANTA, GA",33.82163889,-84.43863889,3130001,2004-12-22,2026-08-25,21.672826830937716,Georgia,Stream,True,True
02336340,"NANCY CREEK AT JOHNSON FERRY RD, AT CHAMBLEE, GA",33.89775,-84.34525,3130001,2012-12-06,2026-08-25,13.716632443531827,Georgia,Stream,True,True
02336360,"NANCY CREEK AT RICKENBACKER DRIVE, AT ATLANTA, GA",33.86916667,-84.37888889,3130001,2003-05-24,2026-08-25,23.255304585900067,Georgia,Stream,True,True
02336410,"NANCY CREEK AT WEST WESLEY ROAD, AT ATLANTA, GA",33.8382222,-84.4392778,3130001,1994-08-23,2026-08-25,32.00547570157426,Georgia,Stream,True,True
02336490,"CHATTAHOOCHEE RIVER AT GA 280, NEAR ATLANTA, GA",33.81741667,-84.4803333,3130002,1975-09-08,1976-09-29,1.0595482546201231,Georgia,Stream,True,True
02336526,"PROCTOR CREEK AT JACKSON PARKWAY, AT ATLANTA, GA",33.7944722,-84.4741944,3130002,2003-04-11,2026-08-25,23.37303216974675,Georgia,Stream,True,True
02336658,"NORTH UTOY CREEK AT PEYTON ROAD, NEAR ATLANTA, GA",33.73905556,-84.4791111,3130002,2003-06-04,2007-04-03,3.8302532511978096,Georgia,Stream,True,True
02336728,"UTOY CREEK AT GREAT SOUTHWEST PKWY NR ATLANTA, GA",33.74352778,-84.5681667,3130002,1994-09-01,2026-08-25,31.980835044490075,Georgia,Stream,True,True
02337000,"SWEETWATER CREEK NEAR AUSTELL, GA",33.77677778,-84.6155,3130002,2014-09-12,2024-05-01,9.634496919917865,Georgia,Stream,True,True
02337170,"CHATTAHOOCHEE RIVER NEAR FAIRBURN, GA",33.65666667,-84.6736111,3130002,1975-08-26,2026-08-25,50.997946611909654,Georgia,Stream,True,True
02337410,"DOG RIVER AT GA 5, NEAR FAIRPLAY, GA",33.65380556,-84.8210278,3130002,2007-07-25,2026-08-25,19.085557837097877,Georgia,Stream,True,True
02337498,"SNAKE CRK DS SNAKE CRK RESERVIOR NR WHITESBURG, GA",33.52638889,-84.9367222,3130002,2014-10-01,2025-03-04,10.42299794661191,Georgia,Stream,True,True
02338000,"CHATTAHOOCHEE RIVER NEAR WHITESBURG, GA",33.47652778,-84.9011944,3130002,1984-01-17,1984-09-29,0.7008898015058179,Georgia,Stream,True,True
02338523,"HILLABAHATCHEE CREEK AT THAXTON RD, NR FRANKLIN,GA",33.3407222,-85.2267222,3130002,2014-10-01,2026-08-25,11.898699520876113,Georgia,Stream,True,True
02338660,"NEW RIVER AT GA 100, NEAR CORINTH, GA",33.2357222,-84.9875556,3130002,1978-10-01,1984-09-29,5.9958932238193015,Georgia,Stream,True,True
02338840,"YELLOWJACKET CREEK-HAMMETT RD, BLW HOGANSVILLE, GA",33.13980556,-84.97538889,3130002,1982-02-12,1982-09-29,0.6269678302532512,Georgia,Stream,True,True
02343805,"CHATTAHOOCHEE RIVER AT MILE 46 NEAR COLUMBIA, ALA",31.24908333,-85.1066111,3130004,2017-04-21,2026-08-25,9.344284736481862,Georgia,Stream,True,True
02344280,"CAMP CREEK AT HELMER ROAD, NEAR FAYETTEVILLE, GA",33.5258333,-84.43388889,3130005,2014-08-29,2019-10-01,5.089664613278576,Georgia,Stream,True,True
02344630,"LINE CREEK BLW LAKE MCINTOSH, NR PEACHTREE CITY,GA",33.35727778,-84.5826111,3130005,2008-05-20,2026-08-25,18.26420260095825,Georgia,Stream,True,True
02344655,"FLAT CR DS OF LAKE KEDRON, NR PEACHTREE CITY, GA",33.42166667,-84.5783333,3130005,2014-08-22,2019-10-31,5.190965092402464,Georgia,Stream,True,True
02344673,"FLAT CREEK DS OF LAKE AT PEACHTREE CITY, GA",33.38316667,-84.5727222,3130005,2014-08-22,2026-08-25,12.008213552361397,Georgia,Stream,True,True
02350600,"KINCHAFOONEE CREEK AT PRESTON, GA",32.0525,-84.5483333,3130007,2023-08-26,2026-01-24,2.414784394250513,Georgia,Stream,True,True
02352790,"FLINT RIVER PUTNEY INTAKE NEAR PUTNEY, GA",31.44434377,-84.137684,3130008,1979-07-17,1984-06-30,4.955509924709103,Georgia,Stream,True,True
02353000,"FLINT RIVER AT NEWTON, GA",31.30694444,-84.33888889,3130008,2012-10-01,2019-08-03,6.836413415468857,Georgia,Stream,True,True
02356000,"FLINT RIVER AT BAINBRIDGE, GA",30.91030556,-84.5805,3130008,2017-04-17,2026-08-25,9.35523613963039,Georgia,Stream,True,True
02357150,"SPRING CREEK NEAR REYNOLDSVILLE, GA",30.903,-84.7495,3130010,2017-05-16,2026-08-25,9.27583846680356,Georgia,Stream,True,True
02382500,"COOSAWATTEE RIVER AT CARTERS, GA",34.60380556,-84.6957778,3150102,2005-03-12,2026-08-25,21.453798767967147,Georgia,Stream,True,True
02382610,"SUGAR CREEK AT CONISTON ROAD, NEAR CARTERS, GA",34.6367513,-84.742159,3150101,2005-01-13,2007-01-21,2.020533880903491,Georgia,Stream,True,True
02383180,"SALACOA CREEK AT CR 29, NEAR REDBUD, GA",34.51675408,-84.79716019,3150102,2005-01-13,2007-01-23,2.026009582477755,Georgia,Stream,True,True
02384500,"CONASAUGA RIVER AT GA 286, NEAR ETON, GA",34.8275,-84.8509722,3150101,2005-03-05,2007-01-08,1.8453114305270362,Georgia,Stream,True,True
02385170,"COAHULLA CREEK AT KEITHS MILL ROAD, NEAR DALTON,GA",34.7433333,-84.8805278,3150101,2005-01-13,2006-12-31,1.9630390143737166,Georgia,Stream,True,True
02385800,"HOLLY CREEK NEAR CHATSWORTH, GA",34.71675,-84.77025,3150101,2005-01-13,2022-08-30,17.626283367556468,Georgia,Stream,True,True
02386865,"SWAMP CREEK AT OLD TILTON ROAD, AT TILTON, GA",34.66758264,-84.94299919,3150101,2005-03-11,2007-01-22,1.8672142368240932,Georgia,Stream,True,True
02387600,"OOTHKALOOGA CREEK AT GA 53 SPUR, AT CALHOUN, GA",34.4948611,-84.9654167,3150103,2005-03-08,2006-12-31,1.8151950718685832,Georgia,Stream,True,True
02387690,"JOHNS CREEK AT GA 156, NEAR CURRYVILLE, GA",34.4409216,-85.0952259,3150103,2005-03-11,2007-01-22,1.8672142368240932,Georgia,Stream,True,True
02388350,"ARMUCHEE CREEK AT OLD DALTON ROAD, NEAR ROME, GA",34.3608333,-85.1401667,3150103,2005-01-12,2006-12-31,1.9657768651608487,Georgia,Stream,True,True
02388975,"ETOWAH RIVER AT GA 136, NEAR LANDDRUM, GA",34.4090833,-84.0198056,3150104,2018-07-25,2026-08-25,8.084873374401095,Georgia,Stream,True,True
02388985,"RUSSELL CRK 0.3 MI DS HEAD LAKE NR DAWSONVILLE, GA",34.3986111,-84.0566667,3150104,2018-07-12,2026-08-25,8.120465434633813,Georgia,Stream,True,True
02389150,"ETOWAH RIVER AT GA 9, NEAR DAWSONVILLE, GA",34.3575833,-84.1135833,3150104,2018-06-23,2026-08-25,8.172484599589323,Georgia,Stream,True,True
02390050,"ETOWAH RIVER AT KELLY BRIDGE ROAD, NEAR MATT, GA",34.35255556,-84.2062222,3150104,2025-08-19,2026-08-25,1.0157426420260096,Georgia,Stream,True,True
02392000,"ETOWAH RIVER AT CANTON, GA",34.24019444,-84.4945278,3150104,2014-05-09,2023-08-15,9.267624914442163,Georgia,Stream,True,True
02394000,"ETOWAH RIVER AT ALLATOONA DAM, ABV CARTERSVILLE,GA",34.1629722,-84.7410833,3150104,2005-01-27,2026-08-24,21.571526351813826,Georgia,Stream,True,True
02394515,"PUMPKINVINE CREEK AT GA 293, NEAR EMERSON, GA",34.1011111,-84.7375,3150104,2005-03-12,2007-01-22,1.864476386036961,Georgia,Stream,True,True
02394612,"PETTIT CREEK AT CR 450, NEAR CARTERSVILLE, GA",34.16527778,-84.81638889,3150104,2005-01-13,2007-01-22,2.023271731690623,Georgia,Stream,True,True
02394670,"ETOWAH RIVER AT GA 61, NEAR CARTERSVILLE, GA",34.1427222,-84.839,3150104,2005-08-23,2007-01-15,1.3963039014373717,Georgia,Stream,True,True
02394682,"RICHLAND CREEK AT OLD DALLAS RD, NEAR DALLAS, GA",34.0789722,-84.8544444,3150104,2016-01-29,2026-08-25,10.570841889117043,Georgia,Stream,True,True
02394820,"EUHARLEE CREEK AT US 278, AT ROCKMART, GA",33.9974722,-85.0536944,3150104,2011-09-29,2020-09-29,9.00205338809035,Georgia,Stream,True,True
02394958,"EUHARLEE CREEK AT CR 32, NEAR STILESBORO, GA",34.108709,-84.9504992,3150104,2005-01-12,2007-01-24,2.0314852840520192,Georgia,Stream,True,True
02395000,"ETOWAH RIVER NEAR KINGSTON,GA",34.20930556,-84.97875,3150104,2005-01-13,2006-12-31,1.9630390143737166,Georgia,Stream,True,True
02395120,"TWO RUN CREEK NEAR KINGSTON, GA",34.24277778,-84.8897222,3150104,2005-01-19,2006-12-31,1.946611909650924,Georgia,Stream,True,True
02395980,"ETOWAH RIVER AT GA 1 LOOP, NEAR ROME, GA",34.2321111,-85.1169444,3150104,2005-03-09,2007-01-06,1.8288843258042438,Georgia,Stream,True,True
02397000,"COOSA RIVER MAYOS BAR NEAR ROME, GA",34.2005,-85.25641667,3150105,1986-02-13,2026-08-25,40.5284052019165,Georgia,Stream,True,True
02397075,"BEECH CREEK AT MAYS BRIDGE ROAD, NEAR ROME, GA",34.2331496,-85.2932875,3150105,2005-03-11,2007-01-15,1.8480492813141685,Georgia,Stream,True,True
02397080,"COOSA RIVER PLANT HAMMOND NEAR COOSA, GA",34.24953794,-85.3357887,3150105,1986-02-21,1987-09-29,1.6016427104722792,Georgia,Stream,True,True
02397100,"COOSA RIVER AT GA 100, NEAR COOSA, GA",34.24870459,-85.35551139,3150105,1986-02-20,1987-09-29,1.6043805612594113,Georgia,Stream,True,True
02397101,"COOSA RIVER SR 100-TEMP 1 NR COOSA, GA",34.24870459,-85.35551139,3150105,1986-06-20,1986-08-01,0.11498973305954825,Georgia,Stream,True,True
02397102,"COOSA RIVER GA 100-TEMP NO.2 NR COOSA, GA",34.24870459,-85.35551139,3150105,1986-06-20,1986-08-01,0.11498973305954825,Georgia,Stream,True,True
02397500,"CEDAR CREEK NEAR CEDARTOWN, GA",34.06019444,-85.3135556,3150105,2005-01-12,2006-12-31,1.9657768651608487,Georgia,Stream,True,True
02413205,"LITTLE TALLAPOOSA R AT REAVESVILLE RD NR BOWDON,GA",33.5008333,-85.2525,3150108,2021-12-21,2026-08-25,4.676249144421629,Georgia,Stream,True,True
02413210,"LITTLE TALLAPOOSA R AT GA 100, NEAR BOWDON, GA",33.49269444,-85.2793056,3150108,2000-02-01,2026-08-25,26.562628336755647,Georgia,Stream,True,True
02413215,"INDIAN CREEK UPSTREAM OF TEAGUE RD, NR BOWDON, GA",33.61277778,-85.2844444,3150108,2021-12-16,2026-08-25,4.689938398357289,Georgia,Stream,True,True
03544970,"HIWASSEE RIVER AT RIVERSIDE DR, NR HIAWASSEE, GA",34.8836111,-83.7223056,6020002,2011-09-29,2020-09-30,9.00479123887748,Georgia,Stream,True,True
12305000,"KOOTENAI RIVER AT LEONIA, ID",48.6168833,-116.0491944,17010104,2011-09-30,2026-08-24,14.899383983572895,Idaho,Stream,True,True
12309500,KOOTENAI RIVER AT BONNERS FERRY ID,48.69805556,-116.3125,17010104,2011-09-30,2026-08-24,14.899383983572895,Idaho,Stream,True,True
12310100,KOOTENAI RIVER  TRIBAL HATCHERY NR BONNERS FERRY,48.70527778,-116.3697222,17010104,2011-09-30,2012-12-31,1.2539356605065024,Idaho,Stream,True,True
12314000,KOOTENAI R AT KLOCKMANN RANCH NR BONNERS FERRY ID,48.79374357,-116.3818924,17010104,2020-07-30,2023-01-30,2.5023956194387407,Idaho,Stream,True,True
12318500,KOOTENAI RIVER NR COPELAND ID,48.905,-116.4019444,17010104,2020-07-30,2023-01-31,2.5051334702258727,Idaho,Stream,True,True
12322000,KOOTENAI RIVER AT PORTHILL ID,48.99638889,-116.5075,17010104,1998-02-19,2026-08-24,28.50924024640657,Idaho,Stream,True,True
12391950,CLARK FORK RIVER BELOW CABINET GORGE DAM ID,48.08805556,-116.0727778,17010213,1998-05-06,2006-09-29,8.399726214921287,Idaho,Stream,True,True
12413250,SF COEUR D ALENE R at Bunker Ave AT KELLOGG ID,47.54527778,-116.1341667,17010302,1999-03-09,2005-09-29,6.5598904859685145,Idaho,Stream,True,True
12413360,EF PINE CREEK ABV GILBERT CR NEAR PINEHURST ID,47.44027778,-116.1752778,17010302,2000-03-29,2013-10-29,13.585215605749486,Idaho,Stream,True,True
12413370,EF PINE CREEK ABV NABOB CR NEAR PINEHURST ID,47.47666667,-116.2216667,17010302,1999-10-01,2021-10-26,22.069815195071868,Idaho,Stream,True,True
12413445,PINE CREEK BELOW AMY GULCH NEAR PINEHURST ID,47.5081222,-116.2418,17010302,1999-02-26,2015-10-03,16.59958932238193,Idaho,Stream,True,True
12413470,"SF Coeur D Alene River nr Pinehurst, ID",47.5513111,-116.2362917,17010302,1999-10-01,2005-09-29,5.9958932238193015,Idaho,Stream,True,True
12414500,"ST JOE RIVER AT CALDER, ID",47.2744444,-116.1888889,17010304,1998-07-29,2001-09-29,3.1704312114989732,Idaho,Stream,True,True
12419000,"Spokane River near Post Falls, ID",47.70295737,-116.9779747,17010305,2001-11-27,2002-09-29,0.837782340862423,Idaho,Stream,True,True
13032500,SNAKE RIVER NR IRWIN ID,43.3508333,-111.2188889,17040104,2005-11-02,2015-11-03,10.001368925393566,Idaho,Stream,True,True
13037500,SNAKE RIVER NR HEISE ID,43.6125,-111.66,17040104,1996-05-31,1999-09-29,3.3292265571526354,Idaho,Stream,True,True
13038500,SNAKE RIVER AT LORENZO ID,43.73527778,-111.87805556,170402010102,2004-09-30,2015-09-30,10.99794661190965,Idaho,Stream,True,True
13055000,TETON RIVER NR ST ANTHONY ID,43.9272222,-111.6138889,17040204,1993-05-28,2006-02-24,12.744695414099931,Idaho,Stream,True,True
13056500,HENRYS FORK NR REXBURG ID,43.8258333,-111.905,17040203,1996-06-28,2016-12-30,20.50650239561944,Idaho,Stream,True,True
13057000,SNAKE RIVER NR MENAN ID,43.75277778,-111.9791667,17040201,2004-10-22,2015-09-30,10.937713894592745,Idaho,Stream,True,True
13060000,SNAKE RIVER NR SHELLEY ID,43.41305556,-112.135,17040206,2000-04-30,2004-09-25,4.405201916495551,Idaho,Stream,True,True
13068500,BLACKFOOT RIVER NR BLACKFOOT ID,43.13055556,-112.4766667,17040207,1996-05-24,2015-10-13,19.38672142368241,Idaho,Stream,True,True
13069500,SNAKE RIVER NR BLACKFOOT ID,43.12527778,-112.5188889,17040206,1994-06-18,2015-10-13,21.319644079397673,Idaho,Stream,True,True
13073000,PORTNEUF RIVER AT TOPAZ ID,42.6247222,-112.0880556,17040208,1993-06-22,2003-09-29,10.269678302532512,Idaho,Stream,True,True
13075000,MARSH CREEK NR MCCAMMON ID,42.63,-112.2255556,17040208,1996-05-24,2000-09-30,4.353182751540041,Idaho,Stream,True,True
13075320,MINK CREEK ABV KINNEY CREEK NR POCATELLO ID,42.7575,-112.3958333,17040208,2007-03-22,2007-10-14,0.5639972621492129,Idaho,Stream,True,True
13075500,PORTNEUF RIVER AT POCATELLO ID,42.87166667,-112.4680556,17040208,1996-05-23,2002-11-19,6.491444216290212,Idaho,Stream,True,True
13081500,SNAKE R NR MINIDOKA ID AT HOWELLS FERRY,42.67277778,-113.5002778,17040209,1993-06-24,2005-09-29,12.265571526351813,Idaho,Stream,True,True
13082300,MARSH CREEK NR ALBION ID,42.45555556,-113.5194444,17040209,2007-04-13,2007-10-16,0.5092402464065708,Idaho,Stream,True,True
13087995,SNAKE RIVER GAGING STATION AT MILNER ID,42.52805556,-114.0183333,17040212,1999-05-14,2001-09-29,2.379192334017796,Idaho,Stream,True,True
13088510,BIG COTTONWOOD CREEK NEAR OAKLEY ID,42.29407878,-114.02252,17040211,2007-03-21,2008-09-29,1.5277207392197125,Idaho,Stream,True,True
13090000,SNAKE RIVER NR KIMBERLY ID,42.5908333,-114.3602778,17040212,1997-06-08,2004-09-30,7.312799452429843,Idaho,Stream,True,True
13090999,BLUE LAKES SPRING BEL PUMP PLANT NR TWIN FALLS ID,42.6147222,-114.4683333,17040212,1999-05-12,2003-09-29,4.383299110198494,Idaho,Stream,True,True
13091995,"ROCK CREEK AT USFS FOOTBRIDGE NR ROCK CREEK, ID",42.3246359,-114.2730832,17040212,2007-03-21,2007-10-14,0.5667351129363449,Idaho,Stream,True,True
13092300,NORTH COTTONWOOD CREEK NR ROGERSON ID,42.33166667,-114.4263889,17040212,2007-03-15,2007-09-30,0.5448323066392882,Idaho,Stream,True,True
13092747,ROCK CREEK AB HWY 30/93 XING AT TWIN FALLS ID,42.5625,-114.4947222,17040212,1993-04-07,2026-08-24,33.379876796714576,Idaho,Stream,True,True
13093383,"SNAKE RIVER AT PIGEON COVE NR TWIN FALLS, ID",42.6518222,-114.6287528,17040212,2020-10-16,2024-10-01,3.9589322381930185,Idaho,Stream,True,True
13093384,"SNAKE RIVER BLW PIGEON COVE NR TWIN FALLS, ID",42.6535833,-114.6347972,17040212,2020-03-13,2020-12-27,0.7912388774811773,Idaho,Stream,True,True
13093478,CEDAR DRAW AT CLOVER ROAD 3900 N. NEAR FILER ID,42.56379686,-114.6242109,17040212,2007-03-13,2007-10-15,0.5913757700205339,Idaho,Stream,True,True
13094000,SNAKE RIVER NR BUHL ID,42.6658333,-114.7122222,17040212,1993-06-24,2018-09-30,25.267624914442163,Idaho,Stream,True,True
13094680,MUD CREEK ABOVE CLEAR CREEK NEAR BUHL ID,42.62638889,-114.8052778,17040212,2007-03-15,2007-10-18,0.5941136208076659,Idaho,Stream,True,True
13107200,SALMON FALLS CK  LILY GRADE XING NR CASTLEFORD ID,42.45268425,-114.861997,17040213,2007-03-14,2007-10-17,0.5941136208076659,Idaho,Stream,True,True
13108150,SALMON FALLS CREEK NR HAGERMAN ID,42.69638889,-114.8552778,17040213,1998-04-10,2018-09-30,20.473648186173854,Idaho,Stream,True,True
13108900,CAMAS CREEK AT RED ROAD NR KILGORE ID,44.2888013,-111.8946949,17040214,1997-05-25,1997-09-29,0.34770704996577684,Idaho,Stream,True,True
13113000,BEAVER CREEK AT SPENCER ID,44.35527778,-112.18,17040214,1997-05-24,1997-09-29,0.35044490075290896,Idaho,Stream,True,True
13120500,BIG LOST RIVER AT HOWELL RANCH NR CHILLY ID,43.9983333,-114.021111,17040218,1993-06-30,2003-09-29,10.247775496235455,Idaho,Stream,True,True
13127000,BIG LOST RIVER BL MACKAY RES NR MACKAY ID,43.93916667,-113.6483333,17040218,1999-05-01,1999-09-20,0.3887748117727584,Idaho,Stream,True,True
13135500,BIG WOOD RIVER NR KETCHUM ID,43.78626389,-114.4250556,17040219,2014-05-15,2014-09-22,0.35592060232717315,Idaho,Stream,True,True
13135520,NF BIG WOOD RIVER NR SAWTOOTH NRA HQ NR KETCHUM ID,43.7861111,-114.4191667,17040219,2014-05-14,2014-09-23,0.3613963039014374,Idaho,Stream,True,True
13137000,WARM SPRINGS CREEK NEAR KETCHUM ID,43.689722,-114.384722,170402190204,2014-05-14,2014-09-23,0.3613963039014374,Idaho,Stream,True,True
13137500,TRAIL CREEK AT KETCHUM ID,43.67421667,-114.362261,17040219,2014-05-14,2014-09-23,0.3613963039014374,Idaho,Stream,True,True
13138000,EAST FORK BIG WOOD RIVER AT GIMLET ID,43.60305556,-114.3302778,17040219,2014-05-14,2014-09-23,0.3613963039014374,Idaho,Stream,True,True
13139510,BIG WOOD RIVER AT HAILEY ID TOTAL FLOW,43.5172222,-114.3216667,17040219,2014-05-14,2014-09-23,0.3613963039014374,Idaho,Stream,True,True
13140800,BIG WOOD RIVER AT STANTON CROSSING NR BELLEVUE ID,43.329167,-114.319167,170402190604,2001-05-10,2014-09-23,13.371663244353183,Idaho,Stream,True,True
13140900,WILLOW CREEK NR SPRING CR RANCH NR BELLEVUE ID,43.32277778,-114.3241667,17040219,2007-03-17,2008-09-29,1.538672142368241,Idaho,Stream,True,True
13141000,"BIG WOOD RIVER NR BELLEVUE, ID",43.32805556,-114.3416667,17040219,1997-06-05,1999-09-12,2.269678302532512,Idaho,Stream,True,True
13141070,ROCK CREEK ABOVE EAGLE SPRING NEAR BELLEVUE ID,43.365,-114.3977778,17040219,2007-06-16,2007-10-15,0.33127994524298426,Idaho,Stream,True,True
13150200,STALKER CREEK NEAR GANNETT ID,43.3122222,-114.1827778,17040221,2007-03-16,2008-03-18,1.0075290896646132,Idaho,Stream,True,True
13150430,SILVER CREEK AT SPORTSMAN ACCESS NR PICABO ID,43.3233611,-114.10835,17040221,1998-04-09,2026-08-24,28.3750855578371,Idaho,Stream,True,True
13152500,MALAD RIVER NR GOODING ID,42.88638889,-114.8030556,17040219,1994-06-18,2004-09-29,10.283367556468173,Idaho,Stream,True,True
13154400,CLOVER CREEK NR KING HILL ID,43.00305556,-115.1797222,17040212,2007-09-30,2007-10-30,0.08213552361396304,Idaho,Stream,True,True
13154500,SNAKE RIVER AT KING HILL ID,43.0022222,-115.2025,17050101,1996-07-19,2026-08-24,30.09719370294319,Idaho,Stream,True,True
13168500,BRUNEAU RIVER NR HOT SPRING ID,42.7711111,-115.7202778,17050102,1997-08-02,2015-10-13,18.195756331279945,Idaho,Stream,True,True
13169450,"BIG JACKS AT AL SADIE RANCH NR BRUNEAU, ID",42.7525,-116.0044444,17050102,2012-03-30,2013-03-18,0.9664613278576317,Idaho,Stream,True,True
13172500,SNAKE RIVER NR MURPHY ID,43.25481389,-116.3906389,17050103,1997-08-02,2024-01-08,26.43394934976044,Idaho,Stream,True,True
13176400,"EF OWYHEE RIVER AT CRUTCHER CROSSING, ID",42.26136944,-116.8684417,17050104,2012-12-06,2026-08-24,13.713894592744696,Idaho,Stream,True,True
13185000,BOISE RIVER NR TWIN SPRINGS ID,43.66805556,-115.7252778,17050112,1997-08-02,2021-08-17,24.041067761806982,Idaho,Stream,True,True
13190500,SF BOISE RIVER AT ANDERSON RANCH DAM ID,43.3436111,-115.4775,17050113,2023-08-26,2023-09-18,0.06297056810403832,Idaho,Stream,True,True
13190505,DIXIE CREEK BEL ANDERSON RANCH DAM ID,43.34055556,-115.4783333,17050113,2010-10-28,2014-05-28,3.5811088295687883,Idaho,Stream,True,True
13190565,PIERCE CREEK AT MOUTH NEAR PRAIRIE ID,43.40305556,-115.5602778,17050113,2010-04-20,2013-09-11,3.3949349760438055,Idaho,Stream,True,True
13192200,SF BOISE RIVER AT NEAL BRIDGE NR ARROWROCK DAM ID,43.55055556,-115.7219444,17050113,2010-09-30,2026-08-24,15.898699520876113,Idaho,Stream,True,True
13203510,BOISE R BL DIVERSION DAM NR BOISE ID,43.539613,-116.0945556,17050114,1997-04-15,1999-09-21,2.433949349760438,Idaho,Stream,True,True
13203760,BOISE RIVER AT ECKERT RD NR BOISE ID,43.56572358,-116.1320577,17050114,1998-03-15,1998-06-09,0.23545516769336072,Idaho,Stream,True,True
13206000,BOISE RIVER AT GLENWOOD BRIDGE NR BOISE ID,43.66055556,-116.2791667,17050114,1997-07-02,2002-07-08,5.01574264202601,Idaho,Stream,True,True
13206400,"EAGLE DRAIN AT EAGLE, ID",43.691667,-116.356389,170501140404,2011-11-19,2012-10-25,0.9336071184120466,Idaho,Stream,True,True
13207500,DRY CREEK NEAR EAGLE ID,43.73194444,-116.3041667,17050114,2011-11-19,2012-10-03,0.8733744010951403,Idaho,Stream,True,True
13210050,BOISE RIVER NR MIDDLETON ID,43.6848841,-116.5737442,17050114,1997-04-16,1999-09-19,2.425735797399042,Idaho,Stream,True,True
13210983,MASON CREEK NR CALDWELL ID,43.6832165,-116.6662481,17050114,2011-04-08,2012-03-19,0.947296372347707,Idaho,Stream,True,True
13211000,BOISE RIVER AT HWY 20-26 XING NR CALDWELL ID,43.68888889,-116.6863889,17050114,1998-03-15,1999-09-19,1.514031485284052,Idaho,Stream,True,True
13211205,"BOISE RIVER AT CALDWELL, ID",43.67735278,-116.7011306,17050114,2015-11-17,2026-08-23,10.765229295003422,Idaho,Stream,True,True
13211210,"BOISE RIVER ABV INDIAN CREEK AT CALDWELL, ID",43.67776944,-116.7054944,17050114,2015-11-14,2026-08-24,10.77618069815195,Idaho,Stream,True,True
13213000,BOISE RIVER NR PARMA ID,43.78166667,-116.9727778,17050114,1997-04-16,1999-09-19,2.425735797399042,Idaho,Stream,True,True
13213100,SNAKE RIVER AT NYSSA OR,43.8761111,-116.9825,17050115,1997-08-02,2015-10-18,18.209445585215605,Idaho,Stream,True,True
13235000,"SOUTH FORK PAYETTE RIVER AT LOWMAN, ID",44.08527778,-115.6222222,17050120,1998-06-23,2005-08-30,7.186858316221766,Idaho,Stream,True,True
13245000,NF PAYETTE RIVER AT CASCADE ID,44.52489317,-116.0467983,17050123,1998-07-08,1998-09-29,0.2272416153319644,Idaho,Stream,True,True
13251000,PAYETTE RIVER NR PAYETTE ID,44.042222,-116.925278,170501220905,1997-08-03,2018-09-30,21.15811088295688,Idaho,Stream,True,True
13266000,WEISER RIVER NR WEISER ID,44.27,-116.7722222,17050124,1997-08-03,2018-09-30,21.15811088295688,Idaho,Stream,True,True
13269000,SNAKE RIVER AT WEISER ID,44.24555556,-116.9808333,17050201,1999-05-01,2026-08-24,27.315537303216974,Idaho,Stream,True,True
13296000,YANKEE FORK SALMON RIVER NR CLAYTON ID,44.27888889,-114.7338889,17060201,2011-10-05,2026-08-24,14.885694729637235,Idaho,Stream,True,True
13302005,PAHSIMEROI RIVER AT ELLIS ID,44.69166667,-114.0469444,17060202,1998-03-05,2005-09-29,7.57015742642026,Idaho,Stream,True,True
13302500,SALMON RIVER AT SALMON ID,45.1836111,-113.8952778,17060203,1998-08-14,2005-09-29,7.12662559890486,Idaho,Stream,True,True
13304050,Big Timber Creek Abv Mouth at Leadore ID,44.68879167,-113.3704056,17060204,2022-06-09,2026-08-25,4.210814510609172,Idaho,Stream,True,True
13305000,LEMHI RIVER NR LEMHI ID,44.94,-113.6391667,17060204,1998-03-04,2005-09-29,7.572895277207392,Idaho,Stream,True,True
13307000,SALMON RIVER NR SHOUP ID,45.3225,-114.44,17060203,2016-03-03,2026-08-24,10.47501711156742,Idaho,Stream,True,True
13310800,"EFSF SALMON R ABV MEADOW CRK NR STIBNITE, ID",44.90225,-115.325667,170602080201,2011-09-20,2026-06-30,14.77618069815195,Idaho,Stream,True,True
13310850,"MEADOW CREEK NR STIBNITE, ID",44.889528,-115.360222,170602080201,2011-09-21,2026-06-30,14.77344284736482,Idaho,Stream,True,True
13311000,"EF OF SF SALMON RIVER AT STIBNITE, ID",44.905722,-115.3295,170602080201,2011-09-21,2026-06-30,14.77344284736482,Idaho,Stream,True,True
13311250,"EFSF SALMON R ABV SUGAR CRK NR STIBNITE, ID",44.934778,-115.336694,170602080201,2012-04-29,2026-06-30,14.168377823408624,Idaho,Stream,True,True
13311450,"SUGAR CREEK NR STIBNITE, ID",44.936361,-115.337222,170602080202,2012-04-29,2026-06-30,14.168377823408624,Idaho,Stream,True,True
13313000,JOHNSON CREEK AT YELLOW PINE ID,44.96166667,-115.5,17060208,1998-06-26,2001-09-29,3.260780287474333,Idaho,Stream,True,True
13315755,"Thorn Creek near New Meadows, ID",44.96981944,-116.17043889,170602100104,2023-07-27,2023-11-13,0.29842573579739906,Idaho,Stream,True,True
13315760,"Little Goose Ck blw Thorn Creek nr New Meadows, ID",44.95963889,-116.20513889,170602100104,2023-07-28,2023-11-13,0.29568788501026694,Idaho,Stream,True,True
13315765,"Threemile Ck near New Meadows, ID",45.01358056,-116.20948889,170602100201,2023-07-28,2023-11-13,0.29568788501026694,Idaho,Stream,True,True
13316500,LITTLE SALMON RIVER AT RIGGINS ID,45.41305556,-116.3252778,17060210,1998-06-25,2005-09-29,7.263518138261465,Idaho,Stream,True,True
13317000,SALMON RIVER AT WHITE BIRD ID,45.75027778,-116.3238889,17060209,2000-04-05,2026-08-24,26.38466803559206,Idaho,Stream,True,True
13317660,SNAKE RIVER AT McDUFF RAPIDS AT CHINA GARDEN ID,46.00305556,-116.9169444,17060103,2005-10-21,2026-08-24,20.840520191649556,Idaho,Stream,True,True
13337095,"UPPER CLEAR CREEK NEAR KOOSKIA, ID",46.0470361,-115.866161,17060304,2021-11-04,2026-08-25,4.804928131416838,Idaho,Stream,True,True
13337099,CLEAR CK AT KOOSKIA NATIONAL FISH HATCHERY,46.13005278,-115.9481306,17060304,2016-10-08,2023-05-16,6.6009582477754964,Idaho,Stream,True,True
13338500,SF CLEARWATER RIVER AT STITES ID,46.08638889,-115.9766667,17060305,1998-05-13,2008-09-29,10.381930184804927,Idaho,Stream,True,True
13340000,CLEARWATER RIVER AT OROFINO ID,46.4783333,-116.2575,17060306,1993-10-01,2026-08-24,32.8952772073922,Idaho,Stream,True,True
13340600,NF CLEARWATER RIVER NR CANYON RANGER STATION ID,46.84055556,-115.621111,17060307,1999-10-01,2026-08-24,26.89664613278576,Idaho,Stream,True,True
13341000,NF CLEARWATER RIVER AT AHSAHKA ID,46.5043462,-116.3204192,17060308,2009-09-30,2022-10-03,13.007529089664613,Idaho,Stream,True,True
13341050,CLEARWATER RIVER NR PECK ID,46.50027778,-116.3925,17060306,2002-10-01,2026-08-24,23.89596167008898,Idaho,Stream,True,True
13342450,"LAPWAI CREEK NR LAPWAI, ID",46.42638889,-116.806111,17060306,1998-04-30,2003-09-30,5.418206707734429,Idaho,Stream,True,True
13342500,CLEARWATER RIVER AT SPALDING ID,46.4483333,-116.8275,17060306,1999-10-01,2026-08-24,26.89664613278576,Idaho,Stream,True,True
13343000,CLEARWATER RIVER NR LEWISTON ID,46.43416667,-116.9677778,17060306,2008-09-30,2021-01-05,12.265571526351813,Idaho,Stream,True,True
13345000,"PALOUSE RIVER NR POTLATCH, ID",46.91527778,-116.951111,17060108,1998-05-12,2003-09-29,5.382614647501711,Idaho,Stream,True,True
03339000,"VERMILION RIVER NEAR DANVILLE, IL",40.1010833,-87.5976111,5120109,2014-12-13,2024-10-03,9.806981519507186,Illinois,Stream,True,True
03343805,"KICKAPOO CREEK NEAR MATTOON, IL",39.46527778,-88.33638889,5120112,2014-07-02,2016-10-14,2.2861054072553046,Illinois,Stream,True,True
03346500,"EMBARRAS RIVER AT LAWRENCEVILLE, IL",38.72380556,-87.6643611,5120112,2015-09-11,2021-10-18,6.102669404517454,Illinois,Stream,True,True
03378900,"LITTLE WABASH RIVER AT LOUISVILLE, IL",38.77310238,-88.4972706,5120114,1975-10-01,1979-10-03,4.005475701574264,Illinois,Stream,True,True
03381495,"LITTLE WABASH RIVER AT MAIN ST AT CARMI, IL",38.0922222,-88.1561111,5120114,2015-09-12,2019-07-17,3.8439425051334704,Illinois,Stream,True,True
03612600,"OHIO RIVER AT OLMSTED, IL",37.17921867,-89.058404,5140206,2013-10-29,2026-08-24,12.818617385352498,Illinois,Stream,True,True
05420400,"MISSISSIPPI RIVER AT DAM 13 NEAR FULTON, IL",41.8944725,-90.156793,7080101,2021-11-26,2026-08-25,4.744695414099931,Illinois,Stream,True,True
05440700,"ROCK RIVER AT BYRON, IL",42.12218889,-89.2553639,7090005,2012-07-04,2026-08-24,14.13826146475017,Illinois,Stream,True,True
05446500,"ROCK RIVER NEAR JOSLIN, IL",41.5561111,-90.1852778,7090005,2015-06-26,2020-12-17,5.478439425051334,Illinois,Stream,True,True
05447500,"GREEN RIVER NEAR GENESEO, IL",41.4889333,-90.1580083,7090007,2015-06-26,2021-10-19,6.316221765913758,Illinois,Stream,True,True
05527000,"KANKAKEE RIVER AT CUSTER PARK, IL",41.2461111,-88.1275,7120001,2012-09-21,2026-08-24,13.921971252566735,Illinois,Stream,True,True
05527500,"KANKAKEE RIVER NEAR WILMINGTON, IL",41.3463333,-88.1867222,7120001,1973-05-31,2026-08-24,53.23203285420944,Illinois,Stream,True,True
05536137,"CHICAGO S & S CANAL AT WESTERN AVE AT CHICAGO, IL",41.83719444,-87.6854167,7120003,2015-01-29,2026-08-24,11.567419575633128,Illinois,Stream,True,True
05536368,"CALUMET SAG CHANNEL AT BLUE ISLAND, IL",41.652811,-87.670325,71200030403,2023-08-26,2024-08-06,0.947296372347707,Illinois,Stream,True,True
05536995,"CHICAGO SANITARY AND SHIP CANAL AT ROMEOVILLE, IL",41.64,-88.0599722,7120004,2017-03-29,2026-08-24,9.404517453798768,Illinois,Stream,True,True
05537980,"DES PLAINES RIVER AT ROUTE 53 AT JOLIET, IL",41.5364722,-88.0836944,7120004,2017-11-17,2026-08-24,8.766598220396988,Illinois,Stream,True,True
05538010,"DES PLAINES RIVER AT ROCKDALE, IL",41.505,-88.0997222,7120004,1975-09-17,2026-08-24,50.93497604380561,Illinois,Stream,True,True
05538020,"DES PLAINES RIVER IN LOCK CHANNEL AT ROCKDALE, IL",41.5,-88.1069444,7120004,2015-08-14,2024-10-14,9.169062286105408,Illinois,Stream,True,True
05539670,"DES PLAINES RIVER AT CHANNAHON, IL",41.41444444,-88.2144444,7120004,1973-03-29,2026-08-24,53.40451745379877,Illinois,Stream,True,True
05543010,"ILLINOIS RIVER AT SENECA, IL",41.29988889,-88.6141944,7120005,2012-10-16,2025-04-14,12.492813141683778,Illinois,Stream,True,True
05549500,"FOX RIVER NEAR MCHENRY, IL",42.3100222,-88.2514745,7120006,2018-08-28,2026-08-24,7.989048596851472,Illinois,Stream,True,True
05550001,"FOX RIVER (TAILWATER) AT ALGONQUIN, IL",42.16194444,-88.29388889,7120006,2016-06-30,2026-08-24,10.149212867898699,Illinois,Stream,True,True
05551580,"FOX RIVER AT YORKVILLE, IL",41.64283889,-88.4433806,7120007,2012-08-03,2016-11-14,4.2819986310746065,Illinois,Stream,True,True
05553700,"ILLINOIS RIVER AT STARVED ROCK, IL",41.3247564,-88.9839693,7130001,2021-09-24,2026-08-24,4.914442162902122,Illinois,Stream,True,True
05554000,"NORTH FORK VERMILION RIVER NEAR CHARLOTTE, IL",40.8355898,-88.2989402,7130002,2022-06-30,2026-07-06,4.016427104722792,Illinois,Stream,True,True
05554200,"SOUTH FORK VERMILION RIVER AT FORREST, IL",40.74864588,-88.4161649,7130002,2022-06-30,2026-07-06,4.016427104722792,Illinois,Stream,True,True
05554480,"VERMILION RIVER AT HWY 6 NEAR MCDOWELL, IL",40.8301111,-88.5177778,7130002,2022-06-30,2026-07-06,4.016427104722792,Illinois,Stream,True,True
05554500,"VERMILION RIVER AT PONTIAC, IL",40.8778333,-88.636,7130002,2022-07-01,2026-07-06,4.01368925393566,Illinois,Stream,True,True
05554580,"VERMILION RIVER AT RTE 23 NEAR CORNELL, IL",40.9892222,-88.765,7130002,2022-07-01,2025-08-26,3.154004106776181,Illinois,Stream,True,True
05555000,"VERMILION RIVER AT STREATOR, IL",41.0930888,-88.8347959,7130002,2022-07-01,2025-06-13,2.951403148528405,Illinois,Stream,True,True
05555300,"VERMILION RIVER NEAR LEONORE, IL",41.2083333,-88.9305556,7130002,2022-07-01,2023-07-11,1.0266940451745379,Illinois,Stream,True,True
05559900,"ILLINOIS RIVER ABOVE RTE 150 AT PEORIA, IL",40.72503739,-89.5495396,7130001,2023-03-24,2026-04-30,3.1019849418206706,Illinois,Stream,True,True
05564190,"MACKINAW RIVER AT 3400E NEAR COLFAX, IL",40.5573333,-88.6103056,7130004,2022-07-20,2025-08-05,3.0444900752908968,Illinois,Stream,True,True
05564250,"MACKINAW RIVER NEAR LEXINGTON, IL",40.62869444,-88.7974167,7130004,2022-07-20,2025-03-11,2.642026009582478,Illinois,Stream,True,True
05565900,"MACKINAW RIVER AT 2300E NEAR KAPPA, IL",40.66225,-89.1007778,7130004,2022-07-20,2025-08-04,3.0417522245037647,Illinois,Stream,True,True
05567500,"MACKINAW RIVER NEAR CONGERVILLE, IL",40.6235,-89.2416667,7130004,2022-04-09,2025-11-18,3.6112251882272415,Illinois,Stream,True,True
05567545,"MACKINAW RIVER ABOVE MACKINAW, IL",40.56815,-89.3187,7130004,2022-07-20,2025-08-05,3.0444900752908968,Illinois,Stream,True,True
05568000,"MACKINAW RIVER NEAR GREEN VALLEY, IL",40.45466667,-89.6061667,7130004,2022-07-20,2025-08-05,3.0444900752908968,Illinois,Stream,True,True
05568705,"MASON TAZEWELL DRAINAGE D AT CR2350E NR TOPEKA, IL",40.3265833,-89.9141111,7130003,2022-04-19,2026-08-25,4.350444900752909,Illinois,Stream,True,True
05568770,"SPOON RIVER AT MODENA, IL",41.13559267,-89.7606569,7130005,2022-07-21,2026-07-06,3.9589322381930185,Illinois,Stream,True,True
05568830,"SPOON RIVER AT ELMORE, IL",40.9569816,-89.9762231,7130005,2022-07-21,2026-07-06,3.9589322381930185,Illinois,Stream,True,True
05568917,"SPOON RIVER NEAR GILSON, IL",40.88725987,-90.0990067,7130005,2022-07-21,2026-07-05,3.9561943874058865,Illinois,Stream,True,True
05569500,"SPOON RIVER AT LONDON MILLS, IL",40.7077222,-90.2797778,7130005,2022-11-10,2026-07-05,3.649555099247091,Illinois,Stream,True,True
05570000,"SPOON RIVER AT SEVILLE, IL",40.49008056,-90.3400944,7130005,2022-07-21,2023-10-16,1.2375085557837098,Illinois,Stream,True,True
05570400,"SPOON RIVER AT DUNCAN MILLS, IL",40.34059835,-90.1892873,7130005,2022-07-21,2025-08-26,3.0992470910335386,Illinois,Stream,True,True
05570910,"SANGAMON RIVER AT FISHER, IL",40.3109972,-88.3223611,7130006,2022-08-05,2025-07-15,2.943189596167009,Illinois,Stream,True,True
05572000,"SANGAMON RIVER AT MONTICELLO, IL",40.03116667,-88.5891667,7130006,2022-08-05,2025-07-17,2.948665297741273,Illinois,Stream,True,True
05572500,"SANGAMON RIVER NEAR OAKLEY, IL",39.91864444,-88.8031306,7130006,2023-08-26,2024-04-14,0.6351813826146475,Illinois,Stream,True,True
05573500,"SANGAMON RIVER AT LAKE DECATUR, IL",39.827475,-88.9566167,7130006,2023-12-22,2025-05-03,1.3634496919917864,Illinois,Stream,True,True
05573540,"SANGAMON RIVER AT ROUTE 48 AT DECATUR, IL",39.8311111,-88.9763889,7130006,2022-08-17,2023-07-26,0.9390828199863107,Illinois,Stream,True,True
05576000,"SOUTH FORK SANGAMON RIVER NEAR ROCHESTER, IL",39.7422222,-89.5672778,7130007,2022-08-17,2025-07-14,2.9075975359342916,Illinois,Stream,True,True
05576100,"LICK CREEK NEAR WOODSIDE, IL",39.71553889,-89.7024444,7130007,2015-06-29,2026-08-24,11.154004106776181,Illinois,Stream,True,True
05576195,"SUGAR CREEK NEAR CHATHAM, IL",39.659075,-89.6589361,7130007,2015-06-13,2026-08-24,11.197809719370294,Illinois,Stream,True,True
05576205,"SUGAR CREEK AT LAKE SPRINGFIELD, IL",39.761525,-89.6000194,7130007,2023-05-19,2025-07-16,2.1601642710472277,Illinois,Stream,True,True
05576250,"SUGAR CREEK NEAR SPRINGFIELD, IL",39.77913889,-89.5925278,7130007,2024-04-18,2025-07-16,1.242984257357974,Illinois,Stream,True,True
05578000,"SANGAMON RIVER AT PETERSBURG, IL",40.0133333,-89.8383333,7130008,2022-08-17,2024-07-22,1.9301848049281314,Illinois,Stream,True,True
05578100,"SALT CREEK NEAR FARMER CITY, IL",40.22788889,-88.66056389,7130009,2015-10-02,2026-08-24,10.89390828199863,Illinois,Stream,True,True
05578250,"NORTH FORK SALT CREEK NEAR DE WITT, IL",40.2358611,-88.8095556,7130009,2015-10-24,2026-08-24,10.833675564681725,Illinois,Stream,True,True
05578330,"SALT CREEK AT BRUSH COLLEGE RD NR CLINTON, IL",40.12121944,-88.8976917,7130009,2023-05-19,2025-07-15,2.1574264202600957,Illinois,Stream,True,True
05578360,"SALT CREEK AT WELDON SPRINGS RD NR CLINTON, IL",40.10988889,-88.9237306,7130009,2023-05-18,2025-07-15,2.1601642710472277,Illinois,Stream,True,True
05578500,"SALT CREEK NEAR ROWELL, IL",40.11516944,-89.049175,7130009,2022-08-05,2025-07-15,2.943189596167009,Illinois,Stream,True,True
05579610,"KICKAPOO CREEK AT 2100E ROAD NEAR BLOOMINGTON, IL",40.46777778,-88.86388889,7130009,2014-04-22,2015-07-15,1.2292950034223136,Illinois,Stream,True,True
05579620,"KICKAPOO CREEK TRIBUTARY NEAR BLOOMINGTON, IL",40.47277778,-88.8797222,7130009,2014-04-25,2015-07-15,1.2210814510609171,Illinois,Stream,True,True
05579624,"KICKAPOO CR TRIB NR LONGFIELD RD NR BLOOMINGTON,IL",40.4628611,-88.8771667,7130009,2014-05-10,2015-07-12,1.1718001368925393,Illinois,Stream,True,True
05579630,"KICKAPOO CREEK NEAR BLOOMINGTON, IL",40.4583333,-88.8775,7130009,2006-09-30,2015-07-14,8.785763175906913,Illinois,Stream,True,True
05582000,"SALT CREEK NEAR GREENVIEW, IL",40.13185556,-89.7357139,7130009,2022-08-17,2025-07-16,2.9130732375085557,Illinois,Stream,True,True
05583000,"SANGAMON RIVER NEAR OAKFORD, IL",40.1233611,-89.9839722,7130008,2022-08-17,2025-07-16,2.9130732375085557,Illinois,Stream,True,True
05586300,"ILLINOIS RIVER AT FLORENCE, IL",39.63275,-90.6076667,7130011,2012-06-02,2026-08-24,14.225872689938399,Illinois,Stream,True,True
05595000,"KASKASKIA RIVER AT NEW ATHENS, IL",38.3197222,-89.8883333,7140204,2015-09-22,2021-10-05,6.036960985626283,Illinois,Stream,True,True
05599490,"BIG MUDDY RIVER AT RTE 127 AT MURPHYSBORO, IL",37.7583333,-89.3277778,7140106,2015-10-24,2026-08-24,10.833675564681725,Illinois,Stream,True,True
411955088280601,"HANSON GRAVEL PIT AT CULVERT NEAR MORRIS, IL",41.33305556,-88.4669444,7120005,2013-11-20,2026-08-23,12.75564681724846,Illinois,Stream,True,True
412320088154101,"KANKAKEE R AT INFLOW OF POWER PLANT NR LORENZO, IL",41.38877778,-88.2615833,7120001,2012-09-07,2026-08-24,13.960301163586584,Illinois,Stream,True,True
414130087521301,"MCMAHON FEN RIVULET 9 NEAR PALOS HILLS, IL",41.69166667,-87.8702778,7120004,2013-03-30,2013-10-21,0.5612594113620808,Illinois,Stream,True,True
03275500,"EAST FORK WHITEWATER RIVER AT RICHMOND, IN",39.806701,-84.9071494,5080003,2017-10-21,2026-08-24,8.840520191649555,Indiana,Stream,True,True
03276000,"EAST FORK WHITEWATER RIVER AT BROOKVILLE, IN",39.43392795,-85.003264,5080003,2017-02-10,2018-03-08,1.0704996577686516,Indiana,Stream,True,True
03303280,"OHIO RIVER AT CANNELTON DAM AT CANNELTON, IN",37.89950088,-86.70554179,5140201,2020-07-17,2022-10-03,2.212183436002738,Indiana,Stream,True,True
03323500,"WABASH RIVER AT HUNTINGTON, IN",40.85325,-85.4897778,5120101,2002-09-30,2026-08-24,23.89869952087611,Indiana,Stream,True,True
03323587,"GRAHAM MCCULLOCH DITCH NEAR FORT WAYNE, IN",41.02138889,-85.2555556,5120101,2012-06-23,2015-03-30,2.7652292950034223,Indiana,Stream,True,True
03324500,"SALAMONIE RIVER AT DORA, IN",40.8116902,-85.6838407,5120102,2002-09-30,2026-08-24,23.89869952087611,Indiana,Stream,True,True
03327000,"MISSISSINEWA RIVER AT PEORIA, IN",40.7233579,-85.9574609,5120103,2002-09-30,2026-08-24,23.89869952087611,Indiana,Stream,True,True
03340900,"BIG RACCOON CREEK AT FERNDALE, IN",39.71116667,-87.0712778,5120108,2017-01-28,2018-03-11,1.1143052703627652,Indiana,Stream,True,True
033531908,"GERMANIA CREEK AT WEST STREET AT INDIANAPOLIS, IN",39.7247222,-86.1677778,5120201,2023-09-07,2025-05-27,1.7193702943189597,Indiana,Stream,True,True
03353200,"EAGLE CREEK AT ZIONSVILLE, IN",39.94642217,-86.260249,5120201,2010-09-22,2026-08-24,15.92060232717317,Indiana,Stream,True,True
03353415,"SCHOOL BRANCH AT MALONEY ROAD NEAR BROWNSBURG, IN",39.88577778,-86.3554444,5120201,2018-02-13,2026-08-24,8.525667351129364,Indiana,Stream,True,True
03353420,"SCHOOL BRANCH AT CR750N AT BROWNSBURG, IN",39.8725833,-86.3615278,5120201,2015-06-23,2026-08-24,11.170431211498974,Indiana,Stream,True,True
03353611,"WHITE R. AT STOUT GEN. STN. AT INDIANAPOLIS, IN",39.7144805,-86.200525,5120201,1992-10-14,2026-08-24,33.8590006844627,Indiana,Stream,True,True
03353633,"DERBYSHIRE CK ABOVE MCFARLAND RD AT SOUTHPORT, IN",39.67416667,-86.1155556,5120201,2023-08-26,2026-08-24,2.9952087611225187,Indiana,Stream,True,True
03353670,"WHITE LICK CREEK NEAR BROWNSBURG, IN",39.8655,-86.3947778,5120201,2015-09-30,2023-05-03,7.5893223819301845,Indiana,Stream,True,True
03354000,"WHITE RIVER NEAR CENTERTON, IN",39.4975388,-86.4005316,5120201,1975-08-25,2026-08-24,50.997946611909654,Indiana,Stream,True,True
03357330,"BIG WALNUT CREEK NEAR ROACHDALE, IN",39.81625714,-86.753968,5120203,2002-06-19,2003-09-09,1.2238193018480492,Indiana,Stream,True,True
03359000,"MILL CREEK NEAR MANHATTAN, IN",39.487539,-86.9247153,5120203,1993-05-13,2026-08-24,33.281314168377826,Indiana,Stream,True,True
03372500,"SALT CREEK NEAR HARRODSBURG, IN",39.00494444,-86.5091944,5120208,2002-09-30,2026-08-24,23.89869952087611,Indiana,Stream,True,True
03373980,"WHITE RIVER ABOVE PETERSBURG, IN",38.5283854,-87.2538926,5120202,2000-10-01,2026-08-24,25.894592744695416,Indiana,Stream,True,True
03374100,"WHITE RIVER AT HAZLETON, IN",38.4897748,-87.5500132,5120202,2010-12-03,2026-08-24,15.723477070499658,Indiana,Stream,True,True
03374500,"PATOKA RIVER NEAR CUZCO, IN",38.44199776,-86.7141531,5120209,2002-09-30,2026-08-24,23.89869952087611,Indiana,Stream,True,True
03378500,"WABASH RIVER AT NEW HARMONY, IN",38.13089124,-87.9414145,5120113,2018-10-26,2026-08-24,7.827515400410678,Indiana,Stream,True,True
04092677,"GRAND CALUMET RIVER AT INDUSTRIAL HWY AT GARY, IN",41.60779416,-87.3936197,4040001,2021-04-17,2021-11-01,0.5420944558521561,Indiana,Stream,True,True
04092750,"INDIANA HARBOR CANAL AT EAST CHICAGO, IN",41.64918269,-87.4686222,4040001,2011-03-18,2024-10-02,13.544147843942506,Indiana,Stream,True,True
04095090,"PORTAGE-BURNS WATERWAY AT PORTAGE, IN",41.62223849,-87.1758346,4040001,2011-03-23,2020-11-09,9.634496919917865,Indiana,Stream,True,True
04182867,"MAUMEE RIVER AT TECUMSEH STREET AT FORT WAYNE, IN",41.08494444,-85.1223333,4100005,2014-12-19,2015-11-14,0.9034907597535934,Indiana,Stream,True,True
04183030,"BLACK CREEK AT DARLING RD NEAR HARLAN, IN",41.17416667,-84.91575,4100005,2024-10-03,2026-08-24,1.88911704312115,Indiana,Stream,True,True
04183032,"BLACK CREEK AT BRUSH COLLEGE RD NEAR HARLAN, IN",41.1726,-84.9126,4100005,2024-10-01,2026-08-24,1.894592744695414,Indiana,Stream,True,True
04183038,"BLACK CREEK NEAR HARLAN, IN",41.1830833,-84.8696944,4100005,2015-10-15,2026-08-15,10.833675564681725,Indiana,Stream,True,True
05515500,"KANKAKEE RIVER AT DAVIS, IN",41.38963889,-86.7061667,7120001,2013-12-05,2026-08-24,12.71731690622861,Indiana,Stream,True,True
05516500,"YELLOW RIVER AT PLYMOUTH, IN",41.34029645,-86.3044166,7120001,2024-02-28,2026-08-24,2.485968514715948,Indiana,Stream,True,True
05516665,"YELLOW RIVER NEAR OAK GROVE, IN",41.27138889,-86.4666667,7120001,2012-05-11,2026-08-25,14.288843258042437,Indiana,Stream,True,True
05517000,"YELLOW RIVER AT KNOX, IN",41.30279685,-86.62053829,7120001,2012-05-11,2026-08-24,14.286105407255304,Indiana,Stream,True,True
05517010,"YELLOW RIVER NEAR BREMS, IN",41.30666667,-86.7375,7120001,2016-12-01,2026-08-24,9.727583846680355,Indiana,Stream,True,True
05517500,"KANKAKEE RIVER AT DUNNS BRIDGE, IN",41.22001988,-86.96832769,7120001,2016-04-09,2026-08-24,10.373716632443532,Indiana,Stream,True,True
05518000,"KANKAKEE RIVER AT SHELBY, IN",41.1828134,-87.3403096,7120001,2015-12-05,2026-08-24,10.718685831622176,Indiana,Stream,True,True
05524500,"IROQUOIS RIVER NEAR FORESMAN, IN",40.8705788,-87.3066723,7120002,2015-03-20,2026-08-24,11.430527036276523,Indiana,Stream,True,True
05536356,"GRAND CALUMET RIVER AT COLUMBIA AV AT HAMMOND, IN",41.6186111,-87.4998333,7120003,2021-12-09,2026-08-24,4.706365503080082,Indiana,Stream,True,True
413646087260101,"GRAND CALUMET R AT CLINE AV AT EAST CHICAGO, IN",41.61277778,-87.4336111,7120003,2022-05-04,2022-11-01,0.49555099247091033,Indiana,Stream,True,True
05411400,"Sny Magill Creek near Clayton, IA",42.9485971,-91.1862412,7060003,1992-04-05,1992-09-29,0.48459958932238195,Iowa,Stream,True,True
05411950,"Big Spring near Elkader, IA",42.90915055,-91.4670855,7060004,1988-03-26,1992-09-29,4.511978097193703,Iowa,Stream,True,True
05412056,"Unnamed Creek near Luana, IA (BOOGD)",43.0399823,-91.4687524,7060004,1988-05-14,1988-06-20,0.10130047912388775,Iowa,Stream,True,True
05412100,"Roberts Creek above Saint Olaf, IA (RC-2)",42.93026244,-91.38430399,7060004,1988-06-01,1991-06-13,3.030800821355236,Iowa,Stream,True,True
05412500,"Turkey River at Garber, IA",42.7399884,-91.261799,7060004,2012-05-30,2026-08-25,14.236824093086927,Iowa,Stream,True,True
05418110,"NF Maquoketa River below Bear Cr at Dyersville, IA",42.470333,-91.124556,706000603,2012-04-13,2014-11-11,2.5790554414784395,Iowa,Stream,True,True
05418400,"North Fork Maquoketa River near Fulton, IA",42.1643333,-90.7293333,7060006,2012-05-25,2014-11-10,2.461327857631759,Iowa,Stream,True,True
05418720,"Maquoketa River near Green Island, IA",42.1638611,-90.3350833,7060006,2014-05-23,2018-10-03,4.3641341546885695,Iowa,Stream,True,True
05420460,"Beaver Slough at 3rd Street at Clinton, IA",41.82725278,-90.1904056,7080101,2012-03-29,2026-08-25,14.406570841889117,Iowa,Stream,True,True
05420500,"Mississippi River at Clinton, IA",41.78058635,-90.252073,7080101,1977-10-01,1978-09-30,0.9965776865160849,Iowa,Stream,True,True
05422405,"MISS R AT AUX LOCK 14 (US) AT PLEASANT VALLEY, IA",41.57488889,-90.4043611,7080101,2017-06-15,2018-04-23,0.8542094455852156,Iowa,Stream,True,True
05422410,"MISS R AT AUX LOCK 14 (DS) AT PLEASANT VALLEY, IA",41.5738333,-90.4056667,7080101,2017-07-11,2018-04-06,0.7364818617385352,Iowa,Stream,True,True
05451080,"South Fork Iowa River near Blairsburg, IA",42.5436111,-93.5894444,7080207,2006-04-21,2009-06-02,3.1156741957563314,Iowa,Stream,True,True
05451210,"South Fork Iowa River NE of New Providence, IA",42.31530556,-93.1521944,7080207,2005-10-01,2011-11-28,6.157426420260096,Iowa,Stream,True,True
05455100,"Old Mans Creek near Iowa City, IA",41.60640556,-91.6157222,7080209,2012-02-17,2015-11-08,3.7234770704996576,Iowa,Stream,True,True
05458300,"Cedar River at Waverly, IA",42.7372222,-92.4700917,7080201,2011-10-01,2026-08-25,14.899383983572895,Iowa,Stream,True,True
05464315,"Cedar River at Vinton, IA",42.17082778,-92.0237944,7080205,2026-04-01,2026-08-25,0.3997262149212868,Iowa,Stream,True,True
05464420,"Cedar River at Blairs Ferry Road at Palo, IA",42.06916389,-91.7851806,7080205,2012-10-13,2018-09-16,5.924709103353867,Iowa,Stream,True,True
05464475,"Morgan Creek near Covington, IA",41.98941597,-91.7595985,7080205,2019-04-16,2026-08-25,7.359342915811088,Iowa,Stream,True,True
05464500,"Cedar River at Cedar Rapids, IA",41.97194549,-91.6671239,7080205,2012-04-19,2012-09-29,0.4462696783025325,Iowa,Stream,True,True
05465500,"Iowa River at Wapello, IA",41.1780861,-91.1820917,7080209,2011-10-01,2018-04-22,6.5571526351813825,Iowa,Stream,True,True
05474500,"Mississippi River at Keokuk, IA",40.39365535,-91.374318,7080104,2021-05-07,2026-08-25,5.300479123887748,Iowa,Stream,True,True
05481000,"Boone River near Webster City, IA",42.4319722,-93.8059444,7100005,2011-11-22,2024-10-23,12.919917864476385,Iowa,Stream,True,True
05482000,"Des Moines River at 2nd Avenue at Des Moines, IA",41.61194444,-93.6197222,7100004,2013-09-19,2026-08-25,12.930869267624914,Iowa,Stream,True,True
05482300,"North Raccoon River near Sac City, IA",42.35455556,-94.9910278,7100006,2012-03-13,2022-08-03,10.390143737166325,Iowa,Stream,True,True
05482500,"North Raccoon River near Jefferson, IA",41.9878611,-94.3770833,7100006,2012-03-13,2022-08-02,10.387405886379192,Iowa,Stream,True,True
05484000,"South Raccoon River at Redfield, IA",41.59041667,-94.1511667,7100007,2016-03-01,2024-08-31,8.501026694045175,Iowa,Stream,True,True
05484500,"Raccoon River at Van Meter, IA",41.53402778,-93.9497778,7100006,2012-03-14,2022-07-14,10.33264887063655,Iowa,Stream,True,True
05487520,"Des Moines River near Swan, IA",41.48938889,-93.2782222,7100008,2011-10-01,2022-10-17,11.044490075290897,Iowa,Stream,True,True
05488110,"Des Moines River near Pella, IA",41.36416667,-92.9754722,7100009,2021-04-20,2026-08-25,5.347022587268994,Iowa,Stream,True,True
05489500,"Des Moines River at Ottumwa, IA",41.0108472,-92.4112917,7100009,2021-04-20,2026-08-25,5.347022587268994,Iowa,Stream,True,True
05490500,"Des Moines River at Keosauqua, IA",40.72780556,-91.9596139,7100009,2026-07-01,2026-08-25,0.15058179329226556,Iowa,Stream,True,True
06601200,"Missouri River at Decatur, NE",42.0078333,-96.2429167,10230001,2006-03-04,2007-11-20,1.7138945927446954,Iowa,Stream,True,True
06610505,"Missouri River near Council Bluffs, IA",41.18916667,-95.8625,10230006,2006-03-07,2023-08-15,17.440109514031484,Iowa,Stream,True,True
06808500,"West Nishnabotna River at Randolph, IA",40.87327778,-95.5814444,10240002,2016-03-02,2026-08-25,10.480492813141684,Iowa,Stream,True,True
06817000,"Nodaway River at Clarinda, IA",40.7432222,-95.0145278,10240009,2012-09-13,2026-08-25,13.946611909650924,Iowa,Stream,True,True
415953091435300,083N08W13CBDA       USGS CRM-SW-2,41.99805459,-91.7315706,7080205,2020-08-29,2020-09-24,0.07118412046543464,Iowa,Stream,True,True
06853500,"REPUBLICAN R NR HARDY, NE",39.9936611,-97.9318583,10250016,2018-09-28,2026-08-24,7.904175222450377,Kansas,Stream,True,True
06856600,"REPUBLICAN R AT CLAY CENTER, KS",39.3555515,-97.1275203,10250017,2018-07-25,2026-08-24,8.082135523613964,Kansas,Stream,True,True
06861000,"SMOKY HILL R NR ARNOLD, KS",38.80778889,-100.0222667,10260003,2019-11-19,2026-08-25,6.765229295003422,Kansas,Stream,True,True
06864500,"SMOKY HILL R AT ELLSWORTH, KS",38.72667589,-98.2336684,10260006,2008-11-05,2010-09-29,1.8973305954825461,Kansas,Stream,True,True
06865500,"SMOKY HILL R NR LANGLEY, KS",38.61146944,-97.9525639,10260008,2025-03-13,2026-08-25,1.4510609171800137,Kansas,Stream,True,True
06877600,"SMOKY HILL R AT ENTERPRISE, KS",38.90638906,-97.1177952,10260008,2022-09-23,2026-08-24,3.917864476386037,Kansas,Stream,True,True
06879150,"KANSAS R NR OGDEN, KS",39.0902755,-96.7133394,10270101,2023-04-28,2026-08-25,3.326488706365503,Kansas,Stream,True,True
06879650,"KINGS C NR MANHATTAN, KS",39.102075,-96.5946889,10270101,2012-01-26,2026-08-04,14.521560574948666,Kansas,Stream,True,True
06882510,"BIG BLUE R AT MARYSVILLE, KS",39.8419463,-96.6622425,10270205,2025-03-14,2026-08-25,1.4483230663928817,Kansas,Stream,True,True
06887000,"BIG BLUE R NR MANHATTAN, KS",39.2372186,-96.5713918,10270205,2009-04-24,2011-04-05,1.946611909650924,Kansas,Stream,True,True
06887500,"KANSAS R AT WAMEGO, KS",39.19833014,-96.3055532,10270102,1999-07-21,2014-06-09,14.885694729637235,Kansas,Stream,True,True
06888990,"KANSAS R AB TOPEKA WEIR AT TOPEKA, KS",39.07194435,-95.7163715,10270102,2018-11-16,2026-08-24,7.770020533880904,Kansas,Stream,True,True
06889000,"KANSAS R AT TOPEKA, KS",39.0666666,-95.6497028,10270102,1999-07-18,2005-09-29,6.201232032854209,Kansas,Stream,True,True
06889110,"SOLDIER CREEK NR CORNING, KS",39.6095472,-95.9760556,10270102,2021-07-23,2026-08-24,5.086926762491444,Kansas,Stream,True,True
06889160,"SOLDIER C NR CIRCLEVILLE, KS",39.46315,-95.950325,10270102,2020-04-29,2025-11-17,5.552361396303901,Kansas,Stream,True,True
06890000,"L DELAWARE R NR HORTON, KS",39.69623785,-95.5639147,10270103,1977-03-24,1978-10-05,1.5331964407939767,Kansas,Stream,True,True
06891260,"WAKARUSA R NR RICHLAND, KS",38.89194444,-95.5944444,10270104,2010-10-15,2024-01-12,13.242984257357975,Kansas,Stream,True,True
06892350,"KANSAS R AT DESOTO, KS",38.9833375,-94.9646893,10270104,1999-06-29,2014-06-09,14.94592744695414,Kansas,Stream,True,True
06892360,"KILL C AT 95TH ST NR DESOTO, KS",38.95666667,-94.9736111,10270104,2004-02-25,2008-01-09,3.871321013004791,Kansas,Stream,True,True
06892495,"CEDAR C NR DESOTO, KS",38.97805556,-94.9227778,10270104,2020-01-03,2025-12-14,5.946611909650924,Kansas,Stream,True,True
06892513,"MILL C AT JOHNSON DRIVE, SHAWNEE, KS",39.02916667,-94.8172222,10270104,2014-10-02,2025-12-14,11.200547570157427,Kansas,Stream,True,True
06892518,"KANSAS R NR LAKE QUIVIRA, KS",39.0461111,-94.7894444,10270104,2016-07-30,2026-08-24,10.067077344284737,Kansas,Stream,True,True
06892900,"TURKEY CREEK AT MISSION, KS",39.0440833,-94.6560139,10270104,2022-01-13,2022-12-17,0.9253935660506503,Kansas,Stream,True,True
06893100,"BLUE R AT KENNETH RD, OVERLAND PARK, KS",38.8422222,-94.6122222,10300101,2004-02-18,2011-12-31,7.865845311430527,Kansas,Stream,True,True
06893300,"INDIAN C AT OVERLAND PARK, KS",38.9405621,-94.6713469,10300101,2011-05-18,2013-07-09,2.1437371663244353,Kansas,Stream,True,True
06893350,"TOMAHAWK C NR OVERLAND PARK, KS",38.9061111,-94.64,10300101,2011-05-17,2013-08-04,2.217659137577002,Kansas,Stream,True,True
06893390,"INDIAN C AT STATE LINE RD, LEAWOOD, KS",38.9383333,-94.6077778,10300101,2004-02-18,2014-09-22,10.5927446954141,Kansas,Stream,True,True
06914950,"BIG BULL C NR EDGERTON, KS",38.75334168,-94.977188,10290102,2010-10-23,2012-09-29,1.9356605065023955,Kansas,Stream,True,True
06915000,"BIG BULL C NR HILLSDALE, KS",38.6563999,-94.8963521,10290102,2010-10-14,2012-09-30,1.9630390143737166,Kansas,Stream,True,True
06917240,"MARMATON R NR UNIONTOWN, KS",37.83559565,-94.981361,10290104,2023-08-26,2023-11-29,0.2600958247775496,Kansas,Stream,True,True
07137500,"ARKANSAS R NR COOLIDGE, KS",38.02751727,-102.011577,11030001,1976-01-08,2026-08-24,50.625598904859686,Kansas,Stream,True,True
07138070,"ARKANSAS R AT DEERFIELD, KS",37.9697438,-101.1287719,11030001,2019-04-08,2021-07-16,2.272416153319644,Kansas,Stream,True,True
07141300,"ARKANSAS R AT GREAT BEND, KS",38.35306787,-98.7642519,11030004,2018-09-29,2026-08-25,7.904175222450377,Kansas,Stream,True,True
07142575,"RATTLESNAKE C NR ZENITH, KS",38.09363056,-98.5461389,11030009,1998-11-16,2004-09-29,5.8699520876112254,Kansas,Stream,True,True
07143672,"L ARKANSAS R AT HWY 50 NR HALSTEAD, KS",38.02853056,-97.5405417,11030012,1998-05-13,2019-05-15,21.00479123887748,Kansas,Stream,True,True
07144100,"L ARKANSAS R NR SEDGWICK, KS",37.88306739,-97.4244864,11030012,1998-05-01,2019-07-14,21.201916495550993,Kansas,Stream,True,True
07144780,"NF NINNESCAH R AB CHENEY RE, KS",37.8621972,-98.0137806,11030014,1998-11-10,2017-06-04,18.56536618754278,Kansas,Stream,True,True
07179300,"NEOSHO R NR PARKERVILLE, KS",38.75129167,-96.6496611,11070201,2023-08-26,2024-12-30,1.3470225872689938,Kansas,Stream,True,True
07179330,"NEOSHO R AB COUNCIL GROVE LK, KS",38.72866944,-96.57296111,110702010106,2025-07-31,2026-08-25,1.0677618069815196,Kansas,Stream,True,True
07179730,"NEOSHO R NR AMERICUS, KS",38.46695699,-96.2505533,11070201,2007-02-10,2009-05-31,2.302532511978097,Kansas,Stream,True,True
07179750,"NEOSHO R AT BURLINGAME RD NR EMPORIA, KS",38.42862475,-96.1583287,11070201,2009-08-01,2012-12-16,3.375770020533881,Kansas,Stream,True,True
07182250,"COTTONWOOD R NR PLYMOUTH, KS",38.3975139,-96.356112,11070203,2015-04-22,2021-06-29,6.187542778918549,Kansas,Stream,True,True
07182280,"COTTONWOOD R NR NEOSHO RAPIDS, KS",38.3761263,-96.0677706,11070203,2009-08-01,2012-12-18,3.381245722108145,Kansas,Stream,True,True
07182390,"NEOSHO R AT NEOSHO RAPIDS, KS",38.3680712,-96.0002687,11070201,2009-08-11,2015-11-10,6.247775496235455,Kansas,Stream,True,True
07182510,"NEOSHO R AT BURLINGTON, KS",38.19446678,-95.735264,11070204,2007-02-08,2015-10-20,8.695414099931554,Kansas,Stream,True,True
07183000,"NEOSHO R NR IOLA, KS",37.92225778,-95.4277596,11070204,2013-03-06,2015-10-27,2.642026009582478,Kansas,Stream,True,True
07183500,"NEOSHO R NR PARSONS, KS",37.34005866,-95.1099687,11070205,1979-09-25,2015-11-03,36.106776180698155,Kansas,Stream,True,True
375350097262800,"L ARKANSAS R UPSTREAM OF ASR FAC NR SEDGWICK, KS",37.89713889,-97.4411111,11030012,2011-04-05,2019-07-24,8.301163586584531,Kansas,Stream,True,True
381421095451600,"JOHN REDMOND RE OUTFLOW S OF OTTUMWA, KS",38.23926944,-95.7544861,10270104,2014-10-01,2016-07-05,1.7604380561259412,Kansas,Stream,True,True
383059096183300,"NEOSHO R WNW OF AMERICUS, KS",38.51638889,-96.3091667,11070201,2012-11-09,2013-06-09,0.5804243668720055,Kansas,Stream,True,True
383131096195300,"NEOSHO R 3.9 MI SE OF DUNLAP, KS",38.52527778,-96.3313889,11070201,2012-06-16,2013-06-09,0.9801505817932923,Kansas,Stream,True,True
385446094430700,"INDIAN C AT 119TH ST, OVERLAND PARK, KS",38.91277778,-94.7186111,10300101,2011-06-08,2013-07-09,2.086242299794661,Kansas,Stream,True,True
385520094420000,"INDIAN C AT COLLEGE BLVD, JOHNSON CO, KS",38.9272222,-94.6969444,10300101,2011-05-17,2013-07-09,2.1464750171115674,Kansas,Stream,True,True
385548095192701,"OUTLET AT CLINTON LAKE, KS  CL-1",38.93000274,-95.3244185,10270104,2010-10-16,2013-01-17,2.2559890485968515,Kansas,Stream,True,True
385608094380300,"INDIAN C AT INDIAN C PKWY, OVERLAND PARK, KS",38.93555556,-94.6341667,10300101,2011-05-17,2013-07-10,2.1492128678986995,Kansas,Stream,True,True
03238140,"TAYLOR CREEK AT DONNERMEYER DRIVE AT BELLEVUE, KY",39.0974212,-84.48360879,5090203.0,2007-10-03,2016-10-03,9.00205338809035,Kentucky,Stream,True,True
03238745,"TWELVEMILE CREEK AT HIGHWAY 1997 NR ALEXANDRIA, KY",38.9514529,-84.3382712,5090201.0,2000-12-02,2016-10-03,15.835728952772074,Kentucky,Stream,True,True
03238772,"FOURMILE CREEK AT POPLAR RIDGE RD NR ALEXANDRIA,KY",38.98666667,-84.3652778,5090201.0,2001-03-17,2016-10-04,15.550992470910336,Kentucky,Stream,True,True
03249500,"LICKING RIVER AT FARMERS, KY",38.11535945,-83.5432431,5100101.0,1987-10-01,2026-08-24,38.89664613278576,Kentucky,Stream,True,True
03250322,"ROCK LICK CR AT STATE HWY 158 NR SHARKEY, KY STA D",38.24730198,-83.5893567,5100101.0,2020-05-20,2026-08-24,6.261464750171116,Kentucky,Stream,True,True
03254480,"CRUISES CREEK AT HWY 17 NR PINER, KY",38.84444444,-84.5322222,5100101.0,2000-12-02,2013-09-29,12.824093086926762,Kentucky,Stream,True,True
03254520,"LICKING RIVER AT HWY 536 NEAR ALEXANDRIA, KY",38.9203417,-84.44799549,5100101.0,2007-09-30,2026-08-24,18.899383983572896,Kentucky,Stream,True,True
03254550,"BANKLICK CREEK @ HIGHWAY 1829 NR ERLANGER, KY",38.98055556,-84.5416667,5100101.0,2000-12-01,2013-09-29,12.826830937713895,Kentucky,Stream,True,True
03254693,"THREEMILE CREEK AT THREE MILE ROAD AT COVINGTON,KY",39.05020525,-84.4850474,5100101.0,2013-07-19,2017-10-18,4.249144421629021,Kentucky,Stream,True,True
03254695,"THREEMILE CREEK AT HWY 9 AT COVINGTON, KY",39.05242186,-84.48810859,5100101.0,2007-09-30,2013-06-13,5.702943189596167,Kentucky,Stream,True,True
03260015,"PLEASANT RUN CREEK AT OAK STREET NEAR LUDLOW, KY",39.0851154,-84.5581381,5090203.0,2007-10-06,2014-09-29,6.981519507186858,Kentucky,Stream,True,True
03260050,"DRY CREEK AT SEWAGE PLANT NEAR ERLANGER, KY",39.0605833,-84.6199167,5090203.0,2007-10-04,2014-09-29,6.9869952087611225,Kentucky,Stream,True,True
03260100,"ELIJAHS CREEK @ ELIJAHS CREEK RD NR HEBRON, KY",39.0797222,-84.6852778,5090203.0,2001-03-07,2014-09-29,13.56331279945243,Kentucky,Stream,True,True
03262001,"WOOLPER CREEK AT WOOLPER ROAD NEAR BURLINGTON, KY",39.03,-84.804167,5090203.0,2000-12-02,2014-09-29,13.82340862422998,Kentucky,Stream,True,True
03277075,"GUNPOWDER CR AT CAMP ERNST RD NR UNION, KY",38.99416667,-84.7161111,5090203.0,2000-12-01,2015-09-30,14.82819986310746,Kentucky,Stream,True,True
03277130,"MUD LICK CR AT HWY 42 NR BEAVERLICK, KY",38.84504677,-84.7207555,5090203.0,2000-12-02,2015-09-29,14.822724161533197,Kentucky,Stream,True,True
03277200,"OHIO RIVER AT MARKLAND DAM NEAR WARSAW, KY",38.77525,-84.97238889,5090203.0,2011-02-12,2015-11-02,4.720054757015743,Kentucky,Stream,True,True
03277450,"CARR FORK NEAR SASSAFRAS, KY",37.2333194,-83.0337562,5100201.0,2018-04-19,2026-08-24,8.347707049965777,Kentucky,Stream,True,True
03285280,SPEARS CREEK AT RAILROAD CULVERT,37.67063275,-84.7807819,5100205.0,1998-06-11,1998-09-29,0.30116358658453113,Kentucky,Stream,True,True
03285290,SPEARS CREEK AT STREAMLAND DRIVE,37.67091065,-84.7757816,5100205.0,1998-05-29,2001-09-04,3.268993839835729,Kentucky,Stream,True,True
03285320,MOCKS BRANCH AT BLUEGRASS PIKE,37.6631317,-84.8224505,5100205.0,1998-05-28,1998-08-31,0.2600958247775496,Kentucky,Stream,True,True
03285325,MOCKS BRANCH AT HIGHWAY 1915,37.6822986,-84.8157836,5100205.0,1998-05-28,1998-11-19,0.4791238877481177,Kentucky,Stream,True,True
03285330,MOCKS BRANCH AT HIGHWAY 127,37.70479887,-84.80744999,5100205.0,1998-06-04,1998-11-19,0.459958932238193,Kentucky,Stream,True,True
03285335,MOCKS BRANCH AT HIGHWAY 1896,37.70507677,-84.8030053,5100205.0,1998-06-10,1998-11-19,0.44353182751540043,Kentucky,Stream,True,True
03287500,"KENTUCKY RIVER AT LOCK 4 AT FRANKFORT, KY",38.2113333,-84.8741111,5100205.0,2001-06-23,2026-08-24,25.169062286105408,Kentucky,Stream,True,True
03287600,"N ELKHORN CR AT BRYAN STATION RD AT MONTROSE, KY",38.07646608,-84.4132694,5100205.0,2024-06-28,2025-07-22,1.0650239561943875,Kentucky,Stream,True,True
03288180,"CANE RUN CREEK AT CITATION BLVD NR LEXINGTON, KY",38.09166667,-84.50138889,5100205.0,2016-06-24,2026-07-12,10.047912388774812,Kentucky,Stream,True,True
03289000,"SOUTH ELKHORN CREEK AT FORT SPRING, KY",38.0431322,-84.6263318,5100205.0,2012-09-30,2026-08-24,13.897330595482547,Kentucky,Stream,True,True
03289200,"TOWN BRANCH AT YARNALLTON ROAD AT YARNALLTON, KY",38.103687,-84.5879977,5100205.0,2015-06-30,2020-09-15,5.212867898699521,Kentucky,Stream,True,True
03289500,"ELKHORN CREEK NEAR FRANKFORT, KY",38.26868254,-84.8146714,5100205.0,2014-04-19,2026-08-24,12.347707049965777,Kentucky,Stream,True,True
03290500,"KENTUCKY RIVER AT LOCK 2 AT LOCKPORT, KY",38.43894162,-84.96326372,5100205.0,2018-10-12,2026-08-24,7.865845311430527,Kentucky,Stream,True,True
03292470,"HARRODS CREEK AT HIGHWAY 329 NR GOSHEN, KY.",38.36117864,-85.57459969,5140101.0,2008-09-30,2025-11-19,17.136208076659823,Kentucky,Stream,True,True
0329247350,"WOLF PEN BR AB POND DISCHARGE NR PROSPECT, KY",38.32811025,-85.59383953,nan,2021-07-22,2026-08-24,5.089664613278576,Kentucky,Stream,True,True
03292474,"GOOSE CREEK AT OLD WESTPORT RD NR ST MATTHEWS, KY",38.2759036,-85.606072,5140101.0,2007-10-16,2026-08-24,18.855578370978783,Kentucky,Stream,True,True
0329247450,"GOOSE CREEK AT HWY 22 AT SPRING VALLEY, KY",38.292339,-85.61085,51401010605.0,2024-12-13,2026-08-24,1.6947296372347707,Kentucky,Stream,True,True
03292475,"GOOSE CREEK AT US HWY 42 NEAR GLENVIEW ACRES, KY",38.3034027,-85.62801689,5140101.0,2007-09-30,2025-12-08,18.190280629705683,Kentucky,Stream,True,True
03292480,"LITTLE GOOSE CREEK NEAR HARRODS CREEK, KY",38.3127635,-85.6261558,5140101.0,2007-09-30,2026-08-24,18.899383983572896,Kentucky,Stream,True,True
03292500,"SOUTH FORK BEARGRASS CREEK AT LOUISVILLE, KY",38.2114592,-85.7024613,5140101.0,1988-05-07,2026-08-24,38.29705681040383,Kentucky,Stream,True,True
03292550,"S FK BEARGRASS CREEK AT E OAK ST AT LOUISVILLE, KY",38.233683,-85.729622,5140101.0,2007-09-30,2026-08-24,18.899383983572896,Kentucky,Stream,True,True
03292555,"S FK BEARGRASS CK AT E BRECKINRIDGE ST AT LSVL, KY",38.23923766,-85.7377399,5140101.0,2016-07-11,2022-12-18,6.436687200547571,Kentucky,Stream,True,True
03292900,"M FK BEARGRASS CR AT BROWNS LN AT LOUISVILLE, KY",38.2400708,-85.6344054,5140101.0,2021-04-15,2026-08-24,5.3579739904175225,Kentucky,Stream,True,True
03293000,"M FK BEARGRASS AT OLD CANNONS LN AT LOUISVILLE, KY",38.237222,-85.664722,5140101.0,1988-04-30,2026-08-24,38.31622176591376,Kentucky,Stream,True,True
03293500,"M FK BEARGRASS CR AT LEXINGTON RD AT LOUISVILLE,KY",38.25034895,-85.7166287,5140101.0,2007-09-30,2026-08-24,18.899383983572896,Kentucky,Stream,True,True
03293510,"BEARGRASS CREEK AT RIVER ROAD AT LOUISVILLE, KY",38.26590398,-85.7207955,5140102.0,2013-09-30,2026-08-24,12.898015058179329,Kentucky,Stream,True,True
03293530,"MUDDY FK AT MOCKINGBIRD VALLEY RD AT LOUISVILLE,KY",38.27645917,-85.693573,5140101.0,2007-10-01,2026-08-24,18.89664613278576,Kentucky,Stream,True,True
03293532,"BEARGRASS CREEK AT BROWNSBORO RD NR LOUISVILLE, KY",38.26033354,-85.718288,nan,2021-08-25,2026-08-24,4.996577686516085,Kentucky,Stream,True,True
03294550,"MILL CREEK CUTOFF NEAR LOUISVILLE, KY",38.1775699,-85.8669086,5140101.0,1988-10-01,1992-09-29,3.994524298425736,Kentucky,Stream,True,True
03294570,"MILL CREEK AT ORELL ROAD NEAR LOUISVILLE, KY",38.07812588,-85.8899635,5140101.0,2007-09-30,2026-08-24,18.899383983572896,Kentucky,Stream,True,True
03297800,"CEDAR CREEK AT HWY 1442 NEAR SHEPHERDSVILLE, KY",37.9911111,-85.6411111,5140102.0,2008-09-30,2026-08-24,17.897330595482547,Kentucky,Stream,True,True
03297900,"FLOYDS FORK NEAR PEWEE VALLEY, KY",38.28534776,-85.4674592,5140102.0,2009-01-10,2026-08-24,17.61806981519507,Kentucky,Stream,True,True
03298000,"FLOYDS FORK AT FISHERVILLE, KY",38.18840166,-85.460235,5140102.0,2006-09-30,2026-08-24,19.89869952087611,Kentucky,Stream,True,True
03298135,"CHENOWETH RUN AT RUCKRIEGAL PARKWAY, KY",38.19479109,-85.557181,5140102.0,2008-09-30,2025-11-13,17.11978097193703,Kentucky,Stream,True,True
03298150,"CHENOWETH RUN AT GELHAUS LANE NEAR FERN CREEK, KY",38.16006729,-85.5421797,5140102.0,2007-09-30,2026-08-24,18.899383983572896,Kentucky,Stream,True,True
03298200,"FLOYDS FORK NEAR MT WASHINGTON, KY",38.08534216,-85.5549556,5140102.0,2008-09-30,2026-08-24,17.897330595482547,Kentucky,Stream,True,True
03298250,"CEDAR CREEK AT THIXTON ROAD NEAR LOUISVILLE, KY",38.0792321,-85.6160683,5140102.0,2008-09-30,2026-08-24,17.897330595482547,Kentucky,Stream,True,True
03298300,"PENN RUN AT MT WASHINGTON RD NR LOUISVILLE, KY",38.0875,-85.6425,5140102.0,2007-09-30,2026-08-24,18.899383983572896,Kentucky,Stream,True,True
03301900,"FERN CREEK AT OLD BARDSTOWN RD AT LOUISVILLE, KY",38.1756242,-85.615237,5140102.0,2008-09-30,2025-09-25,16.985626283367555,Kentucky,Stream,True,True
03301940,"NORTHERN DITCH AT OKOLONA, KY",38.1492,-85.6788,5140102.0,2007-11-17,2026-08-24,18.767967145790553,Kentucky,Stream,True,True
03302000,"POND CREEK NEAR LOUISVILLE, KY",38.1197916,-85.7957955,5140102.0,1988-09-30,2026-08-24,37.89733059548254,Kentucky,Stream,True,True
03302030,"POND CREEK AT PENDLETON ROAD NEAR LOUISVILLE, KY",38.05423677,-85.8716296,5140102.0,2007-09-30,2026-08-24,18.899383983572896,Kentucky,Stream,True,True
03302050,"BRIER CREEK AT PENDELTON ROAD NEAR LOUISVILLE, KY",38.04693096,-85.8572681,5140102.0,2008-09-30,2026-08-24,17.897330595482547,Kentucky,Stream,True,True
03302058,"SALT RIVER AT MAIN RANGE RD NR WEST POINT, KY",37.99222222,-85.92205556,51401021304.0,2023-08-26,2026-08-24,2.9952087611225187,Kentucky,Stream,True,True
03302060,"SALT RIVER AT MOUTH AT WEST POINT, KY",38.0011831,-85.9421857,5140101.0,2021-08-14,2023-10-03,2.135523613963039,Kentucky,Stream,True,True
03303205,"SINKING CREEK NEAR LODIBURG, KY",37.86839594,-86.3877537,5140104.0,2004-05-28,2006-09-29,2.3381245722108144,Kentucky,Stream,True,True
03306000,"GREEN RIVER NEAR CAMPBELLSVILLE, KY",37.2403413,-85.3471848,5110001.0,1988-10-01,2026-08-24,37.894592744695416,Kentucky,Stream,True,True
03306500,"GREEN RIVER AT GREENSBURG, KY",37.2536713,-85.5030215,5110001.0,1999-12-22,2026-08-24,26.67214236824093,Kentucky,Stream,True,True
03307000,"RUSSELL CREEK NEAR COLUMBIA, KY",37.12547797,-85.4040748,5110001.0,1999-12-22,2026-08-24,26.67214236824093,Kentucky,Stream,True,True
03309000,"GREEN RIVER AT MAMMOTH CAVE, KY",37.18004845,-86.1124757,5110001.0,2003-07-12,2026-08-24,23.11841204654346,Kentucky,Stream,True,True
03311500,"GREEN RIVER AT LOCK 6 AT BROWNSVILLE, KY",37.20699194,-86.2610868,5110001.0,1999-12-15,2014-11-30,14.959616700889802,Kentucky,Stream,True,True
03311505,"GREEN RIVER AT WATER PLANT AT BROWNSVILLE, KY",37.2032562,-86.259589,5110001.0,2023-08-26,2024-06-06,0.7802874743326489,Kentucky,Stream,True,True
03313000,"BARREN RIVER NEAR FINNEY, KY",36.89504634,-86.1338731,5110002.0,1990-01-09,2026-08-24,36.62149212867899,Kentucky,Stream,True,True
03321500,"GREEN RIVER AT LOCK 1 AT SPOTTSVILLE, KY",37.8583774,-87.4097294,5110005.0,2013-08-10,2026-08-24,13.037645448323067,Kentucky,Stream,True,True
03400800,"MARTINS FORK NEAR SMITH, KY",36.75230974,-83.2574012,5130101.0,1986-10-01,2026-08-24,39.89596167008898,Kentucky,Stream,True,True
03410590,"ROCK CREEK NEAR YAMACRAW, KY",36.70277778,-84.5630556,5130101.0,2016-07-13,2017-08-02,1.054072553045859,Kentucky,Stream,True,True
03410600,"SOUTH FORK CUMBERLAND RIVER NEAR YAMACRAW, KY",36.7256326,-84.5438283,5130101.0,1999-06-04,2005-09-30,6.324435318275154,Kentucky,Stream,True,True
03414002,"CUMBERLAND RIVER AT LONG BOTTOM NEAR ROWENA, KY",36.88405556,-85.12963889,5130103.0,2022-01-21,2026-08-24,4.588637919233402,Kentucky,Stream,True,True
03437400,"N FK LITTLE R AT GARY LN BRIDGE NR HOPKINSVILLE,KY",36.80199065,-87.51362119,5130205.0,2012-11-17,2014-09-29,1.864476386036961,Kentucky,Stream,True,True
03437480,"S FK LITTLE RIVER AT HWY 68-80 NR HOPKINSVILLE, KY",36.84980132,-87.35222895,5130205.0,2013-01-18,2013-09-29,0.6954140999315537,Kentucky,Stream,True,True
03437500,"SOUTH FORK LITTLE RIVER AT HOPKINSVILLE, KY",36.8394899,-87.481397,5130205.0,2013-06-06,2013-09-29,0.31485284052019163,Kentucky,Stream,True,True
03438220,"CUMBERLAND RIVER NEAR GRAND RIVERS, KY",37.02172174,-88.2230852,5130205.0,1996-09-30,2003-09-29,6.995208761122519,Kentucky,Stream,True,True
02489800,"PEARL RIVER BELOW BOGALUSA, LA",30.73740833,-89.8331806,3180004,2012-02-03,2015-01-13,2.943189596167009,Louisiana,Stream,True,True
073645001,"Bayou Bartholomew at Hwy 425 nr Beekman, LA",32.87319444,-91.8681667,8040205,2024-08-20,2024-10-15,0.15331964407939766,Louisiana,Stream,True,True
07374000,"Mississippi River at Baton Rouge, LA",30.44566667,-91.1915556,8070100,2004-10-01,2026-08-03,21.83709787816564,Louisiana,Stream,True,True
073745253,"Reggio Canal near Wills Point, LA",29.78416667,-89.9375,8090203,1999-01-27,2026-01-30,27.00889801505818,Louisiana,Stream,True,True
07380215,"Amite River at Hwy 22 near Maurepas, LA",30.30769444,-90.6087222,8070202,2023-10-28,2024-12-18,1.1416837782340863,Louisiana,Stream,True,True
073802511,"Barataria Waterway at Mud Lake S of Lafitte, LA",29.4742722,-90.0066056,8090301,2020-06-15,2026-08-24,6.190280629705681,Louisiana,Stream,True,True
073802516,"Barataria Pass at Grand Isle, LA",29.27283333,-89.9468056,8090301,2008-09-30,2026-08-24,17.897330595482547,Louisiana,Stream,True,True
07381150,"Bayou Lafourche at Lockport, LA",29.64705556,-90.5367778,8090302,2006-10-19,2026-08-24,19.8466803559206,Louisiana,Stream,True,True
07381324,"Bayou Grand Caillou at Dulac, LA",29.38299869,-90.7153674,8090302,2002-10-01,2017-11-01,15.085557837097879,Louisiana,Stream,True,True
07381328,"Houma Navigation Canal at Dulac, LA",29.38522075,-90.729812,8090302,1972-07-07,2022-01-11,49.51403148528405,Louisiana,Stream,True,True
07381331,"GIWW at Houma, LA",29.59805556,-90.71,8090302,1999-12-03,2019-10-20,19.87953456536619,Louisiana,Stream,True,True
07381350,"Company Canal at Hwy 1 at Lockport, LA",29.64523908,-90.5448205,8090302,1980-12-17,2026-08-24,45.68377823408624,Louisiana,Stream,True,True
07381355,"Company Canal at Salt Barrier near Lockport, LA",29.62733333,-90.5576667,8090302,2003-06-18,2026-08-24,23.184120465434635,Louisiana,Stream,True,True
07381427,"Bayou Grosse Tete S. of I10 at Grosse Tete, LA",30.4147222,-91.4320833,8070300,2024-02-22,2024-10-17,0.6516084873374401,Louisiana,Stream,True,True
073814675,"Bayou Boeuf at Railroad Bridge at Amelia, LA",29.66833333,-91.0997222,8090302,1999-09-30,2024-05-12,24.61601642710472,Louisiana,Stream,True,True
08012150,"Mermentau River At Mermentau, LA",30.19,-92.5905556,8080202,2001-09-30,2004-09-29,2.9979466119096507,Louisiana,Stream,True,True
08017044,"Calcasieu River at I-10 at Lake Charles, LA",30.23714987,-93.2473764,8080206,1986-09-30,2026-08-24,39.898699520876114,Louisiana,Stream,True,True
292859090004000,"Barataria Waterway S of Lafitte, LA",29.48305556,-90.0111111,8090301,2001-08-25,2020-04-28,18.67488021902806,Louisiana,Stream,True,True
294736091164200,American Pass at Little Bayou Sorrel,29.79333333,-91.2783333,8080101,2007-01-24,2015-11-05,8.780287474332649,Louisiana,Stream,True,True
295011091184300,"Little Bayou Long North of Duck Lake, LA",29.8365,-91.3119167,8080101,2007-06-26,2015-11-04,8.358658453114305,Louisiana,Stream,True,True
295124089542100,"Caernarvon Outfall Channel at Caernarvon, LA",29.85355556,-89.9076944,8090203,2002-10-09,2026-08-24,23.874058863791923,Louisiana,Stream,True,True
295447091191500,Middle Fork Bayou Long at Bayou Long,29.91305556,-91.3208333,8080101,2007-01-24,2015-11-03,8.774811772758385,Louisiana,Stream,True,True
295501090190400,"Davis Pond Freshwater Diversion near Boutte, LA",29.91694444,-90.3177778,8090301,2002-01-18,2017-10-23,15.761806981519507,Louisiana,Stream,True,True
295827090052800,"Bayou Saint John Southlake at New Orleans ,LA",29.97416667,-90.0911111,8090203,2011-07-01,2015-07-27,4.071184120465435,Louisiana,Stream,True,True
295906090054200,"City Park South Lagoon at New Orleans, LA",29.985,-90.095,8090203,2011-07-01,2015-07-27,4.071184120465435,Louisiana,Stream,True,True
300009090051600,"City Park East Lagoon at New Orleans, LA",30.0025,-90.0877778,8090203,2011-06-30,2015-07-29,4.079397672826831,Louisiana,Stream,True,True
300026090050800,"Bayou Saint John Midlake at New Orleans, LA",30.0072222,-90.0855556,8090203,2011-07-01,2015-07-27,4.071184120465435,Louisiana,Stream,True,True
300034090055300,"City Park West Lagoon at New Orleans, LA",30.00944444,-90.0980556,8090203,2011-07-01,2015-07-29,4.076659822039699,Louisiana,Stream,True,True
300127090045800,"Bayou Saint John inside gate at New Orleans, LA",30.02416667,-90.0827778,8090202,2011-07-01,2015-07-27,4.071184120465435,Louisiana,Stream,True,True
300128090045800,"Bayou Saint John outside gate at New Orleans, LA",30.02444444,-90.0827778,8090202,2011-07-01,2015-07-27,4.071184120465435,Louisiana,Stream,True,True
01010000,"St. John River at Ninemile Bridge, Maine",46.70055556,-69.7155556,1010001,1975-10-01,2015-09-30,39.997262149212865,Maine,Stream,True,True
01011000,"Allagash River near Allagash, Maine",47.0697222,-69.0794444,1010002,1975-04-12,2026-08-25,51.370294318959616,Maine,Stream,True,True
01015010,"ST. JOHN RIVER NEAR HAMLIN, MAINE",47.1099333,-67.8884806,1010001,1989-09-15,1995-09-30,6.039698836413415,Maine,Stream,True,True
01017960,"Meduxnekeag R above S Br Medux. R nr Houlton, ME",46.105,-67.88138889,1010005,2005-07-02,2006-09-30,1.2457221081451062,Maine,Stream,True,True
01018000,"Meduxnekeag River near Houlton, Maine",46.105,-67.8666667,1010005,2005-06-02,2006-09-30,1.3278576317590691,Maine,Stream,True,True
01018035,"Meduxnekeag River at Lowery Rd. nr Houlton, Maine",46.1811111,-67.80388889,1010005,2005-07-07,2026-08-25,21.13347022587269,Maine,Stream,True,True
01021050,"St. Croix River at Milltown, Maine",45.17,-67.2966667,1050001,1972-07-21,2026-08-25,54.09445585215606,Maine,Stream,True,True
01021200,"Dennys River at Dennysville, Maine",44.90138889,-67.2475,1050002,2004-06-10,2006-09-30,2.305270362765229,Maine,Stream,True,True
01022500,"Narraguagus River at Cherryfield, Maine",44.60805556,-67.93527778,1050002,1978-01-06,2025-07-28,47.5564681724846,Maine,Stream,True,True
010228955,"Outlet Bass Hbr Marsh at Rt 102 at Tremont, Maine",44.25291389,-68.3492,1050002,2011-06-02,2012-09-30,1.3305954825462012,Maine,Stream,True,True
01029100,E. Br. Penobscot River below Grand Lake Matagamon,46.1343611,-68.7939056,1020002,2024-05-14,2026-08-25,2.2806297056810405,Maine,Stream,True,True
01031500,"Piscataquis River near Dover-Foxcroft, Maine",45.175,-69.3147222,1020004,1987-05-09,2015-09-30,28.39425051334702,Maine,Stream,True,True
01036390,"Penobscot River at Eddington, Maine",44.82666667,-68.6966667,1020005,1979-04-07,2015-09-30,36.48186173853525,Maine,Stream,True,True
01037380,"Ducktrap River near Lincolnville, Maine",44.32916667,-69.0608333,1050002,2010-10-01,2015-09-30,4.996577686516085,Maine,Stream,True,True
01038000,"Sheepscot River at North Whitefield, Maine",44.22277778,-69.59388889,1050003,1974-07-16,2015-09-30,41.20739219712526,Maine,Stream,True,True
01049265,"Kennebec River at North Sidney, Maine",44.4722222,-69.68388889,1030003,1978-10-26,1994-09-30,15.928815879534566,Maine,Stream,True,True
01055100,"Androscoggin River at Jay, Maine",44.5025,-70.2244444,1040002,1993-10-01,2009-09-30,15.997262149212867,Maine,Stream,True,True
01059010,"ANDROSCOGGIN RIVER BL DRESSERS RIPS NR AUBURN, ME",44.06535175,-70.2089428,1040002,1988-08-13,1995-09-30,7.129363449691992,Maine,Stream,True,True
01064140,"Presumpscot River near West Falmouth, Maine",43.7245972,-70.3029333,1060001,1976-07-16,1993-09-30,17.207392197125255,Maine,Stream,True,True
01490120,"LITTLE BLACKWATER RIVER NR CAMBRIDGE, MD",38.50166667,-76.0941667,2080110,2006-11-07,2009-09-29,2.8939082819986313,Maryland,Stream,True,True
01490140,"LITTLE BLACKWATER RIVER AT SEWARD, MD",38.44527778,-76.08388889,2080110,2006-11-07,2010-12-31,4.147843942505133,Maryland,Stream,True,True
01490200,"FARM CREEK NEAR TODDVILLE, MD",38.3184722,-76.0885556,2080110,2015-03-19,2016-04-10,1.0622861054072552,Maryland,Stream,True,True
01491000,"CHOPTANK RIVER NEAR GREENSBORO, MD",38.99719444,-75.7858056,2060005,2010-10-01,2012-05-09,1.6043805612594113,Maryland,Stream,True,True
01493112,"CHESTERVILLE BRANCH NEAR CRUMPTON, MD",39.257056,-75.940139,20600020406,2012-06-09,2019-11-03,7.40041067761807,Maryland,Stream,True,True
01579550,"SUSQUEHANNA RIVER NEAR DARLINGTON, MD",39.62605556,-76.15775,2050306,2014-07-11,2026-08-24,12.120465434633813,Maryland,Stream,True,True
01581752,"PLUMTREE RUN NEAR BEL AIR, MD",39.49627778,-76.34744444,20600030102,2013-08-30,2026-08-24,12.982888432580424,Maryland,Stream,True,True
01581920,"GUNPOWDER FALLS NEAR PARKTON, MD",39.61905556,-76.69036111,20600030402,2011-03-09,2026-08-24,15.460643394934976,Maryland,Stream,True,True
01585075,"FOSTER BRANCH NEAR JOPPATOWNE, MD",39.40852778,-76.34263889,20600030602,2015-09-30,2026-08-24,10.899383983572895,Maryland,Stream,True,True
01585219,"HERRING RUN AT SINCLAIR LANE AT BALTIMORE, MD",39.31797222,-76.55513889,20600030702,2015-10-16,2023-10-03,7.964407939767283,Maryland,Stream,True,True
01585225,"MOORES RUN TRIB. NEAR TODD AVE AT BALTIMORE, MD",39.33669444,-76.5406111,2060003,2016-06-29,2022-10-10,6.28062970568104,Maryland,Stream,True,True
01585230,"MOORES RUN AT RADECKE AVE AT BALTIMORE, MD",39.330083,-76.534889,20600030702,2015-10-02,2022-10-10,7.02258726899384,Maryland,Stream,True,True
01589290,"SCOTTS LEVEL BRANCH AT ROCKDALE, MD",39.36158333,-76.76175,20600030902,2016-01-16,2026-08-23,10.600958247775496,Maryland,Stream,True,True
01589485,"JONES FALLS AT MOUTH AT BALTIMORE, MD",39.2841111,-76.60363889,2060003,2017-02-16,2020-01-01,2.8720054757015743,Maryland,Stream,True,True
01591610,Patuxent River below Brighton Dam near Brighton MD,39.19219444,-77.00438889,20600060105,2013-04-05,2017-10-09,4.511978097193703,Maryland,Stream,True,True
01594441,Patuxent R at Gov Bridge Natural Area nr Bowie MD,38.9468333,-76.69488889,2060006,2024-04-27,2026-08-24,2.324435318275154,Maryland,Stream,True,True
01596500,"SAVAGE RIVER NEAR BARTON, MD",39.57005556,-79.1019444,2070002,2012-10-01,2026-08-24,13.894592744695414,Maryland,Stream,True,True
01597500,"SAVAGE RIV BL SAVAGE RIV DAM NEAR BLOOMINGTON, MD",39.50275,-79.1239722,2070002,2012-10-01,2026-08-24,13.894592744695414,Maryland,Stream,True,True
01598500,"NORTH BRANCH POTOMAC RIVER AT LUKE, MD",39.47897222,-79.06377778,20700020207,1993-10-02,2006-09-29,12.991101984941821,Maryland,Stream,True,True
01636845,"LITTLE CATOCTIN CREEK NEAR ROSEMONT, MD",39.34125,-77.6340833,2070008,2016-11-30,2020-07-05,3.594798083504449,Maryland,Stream,True,True
01636846,"LITTLE CATOCTIN CREEK AT ROSEMONT, MD",39.3376111,-77.6264722,2070008,2016-12-28,2020-06-30,3.5044490075290895,Maryland,Stream,True,True
01638500,"POTOMAC RIVER AT POINT OF ROCKS, MD",39.2735833,-77.5431111,2070008,2021-05-08,2026-08-24,5.295003422313484,Maryland,Stream,True,True
01640152,"SAMS CREEK AT MCKINSTRYS MILL, MD",39.53308056,-77.15888889,2070009,2024-11-07,2026-08-24,1.7932922655715264,Maryland,Stream,True,True
01640975,"BIG HUNTING CREEK NEAR THURMONT, MD",39.6300833,-77.45527778,2070009,2014-05-20,2025-05-22,11.006160164271048,Maryland,Stream,True,True
01642198,"CARROLL CREEK NEAR FREDERICK, MD",39.436028,-77.440583,20700090606,2017-09-01,2025-03-30,7.575633127994524,Maryland,Stream,True,True
01642199,"CARROLL CREEK ABOVE ROCK CREEK AT FREDERICK, MD",39.42441667,-77.42977778,2070009,2017-10-12,2025-03-30,7.4633812457221085,Maryland,Stream,True,True
01643580,"MONOCACY RIVER NEAR DICKERSON, MD",39.2633972,-77.4357417,2070009,2023-06-29,2026-08-24,3.154004106776181,Maryland,Stream,True,True
01646500,"POTOMAC RIVER NEAR WASH, DC LITTLE FALLS PUMP STA",38.94977778,-77.12763889,20700081005,2006-07-13,2019-09-30,13.215605749486652,Maryland,Stream,True,True
01649190,"PAINT BRANCH NEAR COLLEGE PARK, MD",39.03336111,-76.96402778,20700100202,2007-10-01,2026-08-24,18.89664613278576,Maryland,Stream,True,True
01649500,"NORTHEAST BRANCH ANACOSTIA RIVER AT RIVERDALE, MD",38.96025,-76.9259722,2070010,2003-12-18,2026-08-24,22.68309377138946,Maryland,Stream,True,True
01650800,"SLIGO CREEK NEAR TAKOMA PARK, MD",38.9862222,-77.0048611,2070010,2012-06-28,2013-04-15,0.7967145790554415,Maryland,Stream,True,True
01651000,"NORTHWEST BR ANACOSTIA RIVER NR HYATTSVILLE, MD",38.95255556,-76.96513889,2070010,2004-02-06,2010-06-28,6.3901437371663246,Maryland,Stream,True,True
01651003,"NORTHWEST BRANCH ANACOSTIA RIVER AT BRENTWOOD, MD",38.9489722,-76.9562222,2070010,2023-06-01,2026-08-24,3.2306639288158796,Maryland,Stream,True,True
01651730,"BEAVERDAM CREEK NEAR CHEVERLY, MD",38.91630556,-76.9343056,2070010,2020-01-11,2022-07-17,2.513347022587269,Maryland,Stream,True,True
01653521,"PISCATAWAY CREEK AT JOINT BASE ANDREWS, MD",38.7906,-76.86703056,20700100305,2025-04-10,2025-07-16,0.2655715263518138,Maryland,Stream,True,True
01653522,"PISCATAWAY CREEK TRIB AT JOINT BASE ANDREWS, MD",38.79255556,-76.8614444,2070010,2025-04-10,2026-04-09,0.9965776865160849,Maryland,Stream,True,True
01653560,"PISCATAWAY CREEK AT WOODYARD, MD",38.7853333,-76.8431111,2070010,2024-09-14,2025-12-07,1.2292950034223136,Maryland,Stream,True,True
01653620,"MEETINGHOUSE BRANCH AT CAMP SPRINGS, MD",38.79841667,-76.90225,2070010,2024-10-04,2025-12-07,1.1745379876796715,Maryland,Stream,True,True
01658000,"MATTAWOMAN CREEK NEAR POMONKEY, MD",38.59613889,-77.05602778,20700110102,2003-03-20,2011-06-26,8.268309377138946,Maryland,Stream,True,True
03075800,"POLAND RUN NEAR SWANTON, MD",39.48641667,-79.2766111,5020006,2007-10-01,2008-09-29,0.9965776865160849,Maryland,Stream,True,True
03076500,"YOUGHIOGHENY RIVER AT FRIENDSVILLE, MD",39.6536111,-79.4083056,5020006,2012-10-01,2026-08-24,13.894592744695414,Maryland,Stream,True,True
01095220,"STILLWATER RIVER NEAR STERLING, MA",42.41080875,-71.7911516,1070004,1998-04-15,2026-08-24,28.358658453114305,Massachusetts,Stream,True,True
01095375,"QUINAPOXET RIVER AT CANADA MILLS NEAR HOLDEN, MA",42.37286967,-71.8281279,1070004,1997-04-06,2026-08-24,29.38261464750171,Massachusetts,Stream,True,True
01095434,"GATES BROOK NEAR WEST BOYLSTON, MA",42.36453675,-71.775349,1070004,2012-05-09,2026-08-24,14.291581108829568,Massachusetts,Stream,True,True
01100568,"SHAWSHEEN RIVER AT HANSCOM FIELD NEAR BEDFORD, MA",42.46691706,-71.27224528,1070006,2023-01-13,2025-02-02,2.0561259411362083,Massachusetts,Stream,True,True
01104370,"STONY BROOK AT VILES STREET, NEAR WESTON, MA",42.38555556,-71.2894444,1090001,2010-01-09,2026-08-24,16.621492128678987,Massachusetts,Stream,True,True
01104405,"HOBBS BROOK AT MILL ST NR LINCOLN, MA",42.43636172,-71.26946767,10900010702,1997-10-04,2026-08-23,28.88432580424367,Massachusetts,Stream,True,True
01104410,"CAMBRIDGE RES., UNNAMED TRIB 1, NR LEXINGTON, MA",42.43648406,-71.2642235,1090001,1997-11-07,2026-08-24,28.79397672826831,Massachusetts,Stream,True,True
01104415,"CAMBRIDGE RES., UNNAMED TRIB 2, NR LEXINGTON, MA",42.43592855,-71.2600567,1090001,1997-10-04,2026-08-24,28.8870636550308,Massachusetts,Stream,True,True
01104420,"CAMBRIDGE RES., UNNAMED TRIB 3, NR LEXINGTON, MA",42.4198177,-71.2575565,1090001,2012-03-26,2026-08-24,14.412046543463381,Massachusetts,Stream,True,True
01104430,"HOBBS BK BELOW CAMBRIDGE RES NR KENDALL GREEN, MA",42.3981512,-71.2733903,1090001,1997-09-30,2026-08-24,28.89801505817933,Massachusetts,Stream,True,True
01104453,STONY BROOK UNNAMED TRIB 2 NR WESTON STATION,42.37138889,-71.27527778,1090001,2006-06-02,2026-08-24,20.227241615331966,Massachusetts,Stream,True,True
01104455,"STONY BROOK, UNNAMED TRIBUTARY 1, NEAR WALTHAM, MA",42.37259606,-71.27033448,1090001,2002-09-30,2026-08-24,23.89869952087611,Massachusetts,Stream,True,True
01104460,"STONY BROOK AT RT 20 AT WALTHAM, MA",42.368985,-71.2706123,1090001,1997-10-31,2026-08-24,28.813141683778234,Massachusetts,Stream,True,True
01104475,"STONY BROOK RES., UNNAMED TRIB 1, NEAR WESTON, MA",42.3545408,-71.2681121,1090001,2003-12-24,2026-08-24,22.666666666666668,Massachusetts,Stream,True,True
01104480,"STONY BROOK RESERVOIR AT DAM NEAR WALTHAM, MA",42.3556519,-71.2650565,1090001,2001-02-11,2016-10-17,15.679671457905544,Massachusetts,Stream,True,True
01111230,"BLACKSTONE RIVER AT MILLVILLE, MA",42.0228757,-71.5722859,1090003,1969-07-01,2014-09-30,45.24845995893224,Massachusetts,Stream,True,True
01168250,"COLD RIVER AT FLORIDA, MA",42.66669444,-73.0301667,1080203,2015-07-23,2026-06-30,10.937713894592745,Massachusetts,Stream,True,True
01170100,"GREEN RIVER NEAR COLRAIN, MA",42.70341695,-72.67064738,1080203,2015-10-01,2025-04-16,9.541409993155373,Massachusetts,Stream,True,True
01173000,"WARE RIVER AT INTAKE WORKS NEAR BARRE, MA",42.39120167,-72.0650774,1080204,2018-10-09,2026-08-24,7.874058863791923,Massachusetts,Stream,True,True
415716070031801,"BOUND BROOK, DNSTRM BOUND BK RD NR WELLFLEET, MA",41.9545833,-70.0549722,1090002,2016-05-26,2017-06-19,1.0650239561943875,Massachusetts,Stream,True,True
04001000,"WASHINGTON CREEK AT WINDIGO, MI",47.92138906,-89.14590845,41800000101,1983-10-27,2026-08-25,42.82819986310746,Michigan,Stream,True,True
04032150,"PRESQUE ISLE RIVER NEAR CONNORVILLE, MI",46.69609487,-89.97399254,40201010310,2023-08-17,2026-08-25,3.02258726899384,Michigan,Stream,True,True
040325155,"MINERAL RIVER DS OF NATIVE CK NR SILVER CITY, MI",46.83227778,-89.546,4020101,2023-06-29,2026-08-22,3.1485284052019167,Michigan,Stream,True,True
04040000,"ONTONAGON RIVER NEAR ROCKLAND, MI",46.7207742,-89.207086,4020102,1975-10-16,2024-10-02,48.9637234770705,Michigan,Stream,True,True
04041500,"STURGEON RIVER NEAR ALSTON, MI",46.7258333,-88.6624167,4020104,1998-04-08,2026-08-25,28.380561259411362,Michigan,Stream,True,True
04043016,"PILGRIM RIVER AT PARADISE RD NR DODGEVILLE, MI",47.0840943,-88.5506792,4020103,2024-06-28,2026-08-25,2.1574264202600957,Michigan,Stream,True,True
04043097,"FALLS RIVER NEAR L'ANSE, MI",46.7346552,-88.4431868,4020105,2014-09-30,2026-08-25,11.901437371663244,Michigan,Stream,True,True
04043126,"SILVER RIVER UPSTREAM OF EAST BRANCH NR L'ANSE, MI",46.72104347,-88.3301306,4020105,2008-09-30,2013-09-29,4.996577686516085,Michigan,Stream,True,True
04043140,"GOMANCHE CREEK AT INDIAN ROAD NEAR L'ANSE, MI",46.751111,-88.361667,40201050605,2007-11-01,2013-09-29,5.9110198494182065,Michigan,Stream,True,True
04043150,"SILVER RIVER NEAR L'ANSE, MI",46.80409698,-88.3170724,4020105,2002-05-24,2013-09-29,11.351129363449692,Michigan,Stream,True,True
04043238,"SALMON TROUT RIVER NEAR BIG BAY, MI",46.78214818,-87.8776299,4020105,2004-12-02,2026-08-25,21.727583846680357,Michigan,Stream,True,True
04043244,"EAST BRANCH SALMON TROUT RIVER NEAR DODGE CITY, MI",46.7857589,-87.8523522,4020105,2005-12-03,2026-08-25,20.725530458590008,Michigan,Stream,True,True
04043275,"YELLOW DOG RIVER NEAR BIG BAY, MI",46.7135391,-87.8406871,4020105,2004-12-21,2017-01-23,12.09034907597536,Michigan,Stream,True,True
04044755,"MINERS RIVER NR MUNISING, MI",46.48777525,-86.54053381,40202010503,2016-11-16,2026-06-11,9.566050650239562,Michigan,Stream,True,True
04057800,"MIDDLE BRANCH ESCANABA RIVER AT HUMBOLDT, MI",46.49910267,-87.8865238,4030110,2023-06-16,2026-08-25,3.19233401779603,Michigan,Stream,True,True
04057801,"M BR ESCANABA R AT US HWY 41 NR HUMBOLDT, MI",46.49326948,-87.8679127,4030110,2017-10-01,2026-08-25,8.898015058179329,Michigan,Stream,True,True
04059000,"ESCANABA RIVER AT CORNELL, MI",45.90891667,-87.2135278,4030110,1975-10-16,2026-08-25,50.85831622176591,Michigan,Stream,True,True
04059500,"FORD RIVER NEAR HYDE, MI",45.7549674,-87.2020793,4030109,2011-04-26,2024-10-03,13.440109514031485,Michigan,Stream,True,True
04096590,"HOG CREEK AT CADY RD AT HODUNK, MI",42.024179,-85.05492971,40500010110,2026-06-02,2026-08-25,0.2299794661190965,Michigan,Stream,True,True
040970647,"LITTLE PORTAGE CR AT LANE ST AT MENDON, MI",42.01109444,-85.4572167,4050001,2025-08-28,2026-08-25,0.9911019849418207,Michigan,Stream,True,True
04097345,"PORTAGE RIVER AT FIFTH AVENUE AT THREE RIVERS, MI",41.94695769,-85.6285602,4050001,2026-05-28,2026-08-25,0.243668720054757,Michigan,Stream,True,True
0409754132,"SPRING CREEK AT RAMBADT ROAD NEAR CENTREVILLE, MI",41.9431051,-85.4880439,4050001,2025-08-28,2026-08-25,0.9911019849418207,Michigan,Stream,True,True
04101500,"ST. JOSEPH RIVER AT NILES, MI",41.8292138,-86.2597325,4050001,1980-10-09,2026-08-25,45.87542778918549,Michigan,Stream,True,True
041015313,"OSBORN DRAIN AT DEWEY LAKE ST NR GLENWOOD, MI",42.05587699,-86.0689021,4050001,2026-06-02,2026-08-25,0.2299794661190965,Michigan,Stream,True,True
04101590,"DOWAGIAC CREEK AT DUTCH SETTLEMENT RD NR DOWAGIAC,",41.9836111,-86.0027778,4050001,2026-06-02,2026-08-25,0.2299794661190965,Michigan,Stream,True,True
041035285,"DICKINSON CREEK NEAR CERESCO, MI",42.29143066,-85.1130435,4050003,2026-05-28,2026-08-25,0.243668720054757,Michigan,Stream,True,True
04107850,"KALAMAZOO RIVER NEAR ALLEGAN, MI",42.48225575,-85.798355,4050003,2001-06-01,2005-09-30,4.331279945242985,Michigan,Stream,True,True
04108660,"KALAMAZOO RIVER AT NEW RICHMOND, MI",42.65085976,-86.106703,4050003,2011-04-01,2026-08-25,15.40041067761807,Michigan,Stream,True,True
04108862,"PIGEON RIVER AT 120TH AVENUE NR OLIVE CENTER, MI",42.93279984,-86.08198959,4050002,2025-08-21,2026-08-25,1.0102669404517455,Michigan,Stream,True,True
04118564,"GRAND RIVER AT N PARK ST NE AT GRAND RAPIDS, MI",43.02277778,-85.6608333,4050006,2020-07-16,2026-08-25,6.108145106091718,Michigan,Stream,True,True
04118997,"GRAND RIVER AT 6TH ST AT GRAND RAPIDS, MI",42.976625,-85.673503,40500060507,2022-05-04,2024-11-13,2.529774127310062,Michigan,Stream,True,True
04119400,"GRAND RIVER NEAR EASTMANVILLE, MI",43.0241884,-86.0264354,4050006,2011-04-09,2024-09-30,13.478439425051334,Michigan,Stream,True,True
04121650,"MUSKEGON RIVER AT BIG RAPIDS, MI",43.693634,-85.4675442,4060102,1998-10-21,2026-08-24,27.84120465434634,Michigan,Stream,True,True
04121660,"MUSKEGON RIVER NEAR STANWOOD, MI",43.61308,-85.4778209,4060102,1995-10-01,2026-08-24,30.89664613278576,Michigan,Stream,True,True
04121680,"MUSKEGON RIVER NEAR OXBOW, MI",43.485857,-85.63060189,4060102,1995-10-01,2026-08-24,30.89664613278576,Michigan,Stream,True,True
04121944,"LITTLE MUSKEGON RIVER NEAR OAK GROVE, MI",43.43085818,-85.5955989,4060102,1995-10-14,2026-08-24,30.861054072553046,Michigan,Stream,True,True
04121970,"MUSKEGON RIVER NEAR CROTON, MI",43.43474558,-85.6653239,4060102,1995-01-10,2026-08-24,31.619438740588638,Michigan,Stream,True,True
04123500,"MANISTEE RIVER NEAR GRAYLING, MI",44.6930538,-84.84714145,40601030103,2020-10-01,2026-08-25,5.897330595482546,Michigan,Stream,True,True
04124000,"MANISTEE RIVER NEAR SHERMAN, MI",44.43639239,-85.6986792,4060103,1996-10-01,2026-08-24,29.894592744695416,Michigan,Stream,True,True
04124200,"MANISTEE RIVER NEAR MESICK, MI",44.3630596,-85.820905,4060103,1996-12-01,2026-08-24,29.727583846680357,Michigan,Stream,True,True
04125460,"PINE RIVER AT HIGH SCHOOL BRIDGE NR HOXEYVILLE, MI",44.19334009,-85.7697863,4060103,1996-12-01,2026-08-24,29.727583846680357,Michigan,Stream,True,True
04125550,"MANISTEE RIVER NEAR WELLSTON, MI",44.25944459,-85.9416248,4060103,1996-10-01,2026-08-24,29.894592744695416,Michigan,Stream,True,True
04126195,"L MANISTEE R AT NINE MILE BRIDGE NR FREESOIL, MI",44.17111163,-86.10329718,40601030605,2026-05-07,2026-08-25,0.30116358658453113,Michigan,Stream,True,True
04126802,"CRYSTAL RIVER AT COUNTY HWY 675 NR GLEN ARBOR, MI",44.9033291,-85.9623135,4060104,2003-12-05,2006-09-29,2.817248459958932,Michigan,Stream,True,True
04126970,"BOARDMAN R ABOVE BROWN BRIDGE ROAD NR MAYFIELD, MI",44.65667,-85.436731,4060105,1997-11-05,1998-09-30,0.9007529089664613,Michigan,Stream,True,True
04127499,"BOARDMAN RIVER AT TRAVERSE CITY, MI",44.76527629,-85.6210576,4060105,1997-11-06,1999-03-24,1.377138945927447,Michigan,Stream,True,True
04135687,"SB AU SABLE RIVER AT CHASE BRIDGE NR ROSCOMMON, MI",44.5408333,-84.5505556,4070007,2021-04-09,2022-10-27,1.5496235455167693,Michigan,Stream,True,True
04135700,"SOUTH BRANCH AU SABLE RIVER NEAR LUZERNE, MI",44.61473849,-84.455575,4070007,2020-11-06,2026-08-25,5.798767967145791,Michigan,Stream,True,True
04135800,"NB AU SABLE RIVER AT KELLOGGS BR NEAR LOVELLS, MI",44.71666452,-84.41962635,40700070210,2019-11-09,2026-08-25,6.792607802874743,Michigan,Stream,True,True
04136000,"AU SABLE RIVER NEAR RED OAK, MI",44.6769593,-84.2925146,4070007,1996-07-12,2026-08-17,30.09719370294319,Michigan,Stream,True,True
04136500,"AU SABLE RIVER AT MIO, MI",44.66001385,-84.1311167,4070007,1996-07-11,2026-08-24,30.119096509240247,Michigan,Stream,True,True
04136900,"AU SABLE RIVER NEAR MC KINLEY, MI",44.61277537,-83.8376616,4070007,1996-10-01,2026-08-24,29.894592744695416,Michigan,Stream,True,True
04137005,"AU SABLE RIVER NEAR CURTISVILLE, MI",44.56084749,-83.802764,4070007,1996-10-01,2026-08-24,29.894592744695416,Michigan,Stream,True,True
04137020,"AU SABLE RIVER NEAR SOUTH BRANCH, MI",44.46334886,-83.7213714,4070007,1996-07-10,2026-08-24,30.12183436002738,Michigan,Stream,True,True
04137025,"AU SABLE RIVER NEAR GLENNIE, MI",44.4541823,-83.6744254,4070007,1996-07-11,2026-08-24,30.119096509240247,Michigan,Stream,True,True
04137030,"AU SABLE RIVER NEAR SIDTOWN, MI",44.47279328,-83.57108839,4070007,1996-07-10,2026-08-24,30.12183436002738,Michigan,Stream,True,True
04137500,"AU SABLE RIVER NEAR AU SABLE, MI",44.43640447,-83.4338609,4070007,1996-07-12,2026-08-24,30.116358658453116,Michigan,Stream,True,True
04142000,"RIFLE RIVER NEAR STERLING, MI",44.0725203,-84.0199939,4080101,2011-06-08,2024-10-07,13.333333333333334,Michigan,Stream,True,True
04143830,"SHIAWASSEE RIVER AT FISH LAKE RD AT HOLLY, MI",42.7991949,-83.6477262,4080203,2001-06-05,2003-09-29,2.316221765913758,Michigan,Stream,True,True
04144032,"THREEMILE CREEK AT PRIOR ROAD NEAR DURAND, MI",42.881667,-83.984722,40802030203,2015-06-23,2019-04-07,3.789185489390828,Michigan,Stream,True,True
041482663,"ALGER CREEK AT HILL ROAD NEAR SWARTZ CREEK, MI",42.941944,-83.846111,40802040301,2014-05-02,2019-04-07,4.930869267624915,Michigan,Stream,True,True
04154612,"WOLF CREEK AT PINE GROVE ROAD NEAR VESTABURG, MI",43.4230869,-84.9502956,4080202,2026-06-04,2026-08-25,0.2245037645448323,Michigan,Stream,True,True
04156500,"TITTABAWASSEE RIVER AT FREELAND, MI",43.52475,-84.125261,40802010607,2021-05-06,2023-11-07,2.5051334702258727,Michigan,Stream,True,True
04157005,"SAGINAW RIVER AT HOLLAND AVENUE AT SAGINAW, MI",43.4219699,-83.951918,4080206,2011-11-05,2026-08-24,14.80082135523614,Michigan,Stream,True,True
04159492,"BLACK RIVER NEAR JEDDO, MI",43.15086,-82.6246474,4090001,1996-11-28,2005-10-31,8.922655715263518,Michigan,Stream,True,True
04160398,"PINE RIVER AT NEUMAN ROAD NEAR MARYSVILLE, MI",42.8586422,-82.5379715,4090001,2004-06-04,2005-10-31,1.4072553045859,Michigan,Stream,True,True
04160625,"BELLE RIVER AT KING RD NEAR MARINE CITY, MI",42.76836606,-82.5121348,4090001,2004-06-08,2005-10-31,1.3963039014373717,Michigan,Stream,True,True
04160635,"ST. CLAIR RIVER NEAR ROBERTS LANDING, MI",42.67558929,-82.510742,4090001,2004-07-21,2005-10-31,1.2785763175906912,Michigan,Stream,True,True
04160800,"SASHABAW CREEK NEAR DRAYTON PLAINS, MI",42.7200307,-83.3535509,4090003,2001-06-19,2003-09-29,2.2778918548939084,Michigan,Stream,True,True
04160900,"CLINTON RIVER NEAR DRAYTON PLAINS, MI",42.6603092,-83.3902164,4090003,2004-06-03,2005-10-31,1.4099931553730323,Michigan,Stream,True,True
04161000,"CLINTON RIVER AT AUBURN HILLS, MI",42.63336646,-83.2243782,4090003,2004-06-03,2005-10-31,1.4099931553730323,Michigan,Stream,True,True
04161540,"PAINT CREEK AT ROCHESTER, MI",42.68833917,-83.1429194,4090003,2001-06-15,2005-10-31,4.37782340862423,Michigan,Stream,True,True
04161810,"CLINTON RIVER AT AVON ROAD AT YATES, MI",42.6716992,-83.0963198,4090003,2001-06-14,2004-03-31,2.7953456536618755,Michigan,Stream,True,True
04161820,"CLINTON RIVER AT STERLING HEIGHTS, MI",42.6144781,-83.02659329,4090003,1996-06-06,2026-08-25,30.217659137577,Michigan,Stream,True,True
04162010,"RED RUN AT RYAN ROAD NEAR WARREN, MI",42.52945126,-83.06847275,40900030202,2025-08-02,2026-08-25,1.0622861054072552,Michigan,Stream,True,True
04163030,"RED RUN AT 14 MILE ROAD AT WARREN, MI",42.53781308,-83.0057566,4090003,2004-06-04,2005-10-31,1.4072553045859,Michigan,Stream,True,True
04164000,"CLINTON RIVER NEAR FRASER, MI",42.57781225,-82.951589,4090003,2004-06-03,2005-10-31,1.4099931553730323,Michigan,Stream,True,True
04164980,"MIDDLE BRANCH CLINTON RIVER NEAR WALDENBURG, MI",42.6428109,-82.9332572,4090003,2004-06-03,2005-10-31,1.4099931553730323,Michigan,Stream,True,True
04165500,"CLINTON RIVER AT MORAVIAN DRIVE AT MT. CLEMENS, MI",42.5958395,-82.908745,4090003,2011-07-15,2026-08-25,15.1129363449692,Michigan,Stream,True,True
04165557,"CLINTON RIVER BYPASS AT MOUTH AT MT. CLEMENS, MI",42.5613952,-82.8451318,4090002,2004-07-21,2005-10-31,1.2785763175906912,Michigan,Stream,True,True
04165559,"CLINTON RIVER NEAR MT. CLEMENS, MI",42.59642295,-82.82602859,4090003,2004-07-16,2005-10-25,1.2758384668035592,Michigan,Stream,True,True
04166100,"RIVER ROUGE AT SOUTHFIELD, MI",42.44750765,-83.29736958,4090004,1999-04-14,2026-08-25,27.364818617385353,Michigan,Stream,True,True
04166315,"UPPER RIVER ROUGE AT CLARENCEVILLE, MI",42.44670217,-83.3365985,4090004,2001-06-05,2003-09-29,2.316221765913758,Michigan,Stream,True,True
04166470,"UPPER RIVER ROUGE AT DETROIT, MI",42.3942031,-83.2782632,4090004,1999-04-14,2017-10-31,18.548939082819988,Michigan,Stream,True,True
04166500,"RIVER ROUGE AT DETROIT, MI",42.3730923,-83.2546513,4090004,1999-04-16,2026-08-24,27.356605065023956,Michigan,Stream,True,True
04166700,"JOHNSON CREEK AT 7 MILE RD AT NORTHVILLE, MI",42.42584134,-83.48098697,40900040201,2017-05-01,2017-10-31,0.5010266940451745,Michigan,Stream,True,True
04166750,"MIDDLE RIVER ROUGE AT PLYMOUTH, MI",42.37170308,-83.4454903,4090004,2002-09-12,2005-11-06,3.1512662559890487,Michigan,Stream,True,True
04167150,"MIDDLE RIVER ROUGE AT DEARBORN HEIGHTS, MI",42.330556,-83.248056,40900040204,1999-04-15,2017-10-31,18.546201232032853,Michigan,Stream,True,True
04167625,"LOWER RIVER ROUGE AT WAYNE, MI",42.28445341,-83.42737432,40900040303,2001-10-24,2026-08-25,24.83504449007529,Michigan,Stream,True,True
04168400,"LOWER RIVER ROUGE AT DEARBORN, MI",42.30837099,-83.2527063,4090004,1999-04-15,2026-08-25,27.362080766598222,Michigan,Stream,True,True
04168530,"RIVER ROUGE AT ALLEN PARK, MI",42.300833,-83.199444,40900040407,2001-04-24,2007-10-31,6.5188227241615335,Michigan,Stream,True,True
04170000,"HURON RIVER AT MILFORD, MI",42.57892089,-83.62660809,4090005,2000-03-30,2004-03-31,4.002737850787132,Michigan,Stream,True,True
04174500,"HURON RIVER AT ANN ARBOR, MI",42.28695372,-83.73377357,41000130309,2000-04-05,2013-09-30,13.486652977412732,Michigan,Stream,True,True
04174518,"MALLETTS CREEK AT ANN ARBOR, MI",42.26473161,-83.68821651,41000130402,2000-03-31,2003-09-29,3.4962354551676933,Michigan,Stream,True,True
04175120,"HURON RIVER AT FORT ROAD AT ROCKWOOD, MI",42.06416667,-83.25388889,4090005,2015-05-06,2016-09-30,1.404517453798768,Michigan,Stream,True,True
04175600,"RIVER RAISIN NEAR MANCHESTER, MI",42.1680947,-84.0760575,4100002,1996-10-31,1997-07-07,0.6817248459958932,Michigan,Stream,True,True
04176500,"RIVER RAISIN NEAR MONROE, MI",41.9605671,-83.5309896,4100002,2011-03-31,2024-09-30,13.503080082135524,Michigan,Stream,True,True
421337083074201,"Detroit R at SW Water Intake nr Grassy Island, MI",42.226889,-83.129264,40900040703,2024-08-02,2025-11-18,1.2950034223134839,Michigan,Stream,True,True
04010510,GRAND PORTAGE RIVER AT GRAND PORTAGE MN,47.9635983,-89.68342869,4010101,2020-10-21,2026-08-25,5.842573579739904,Minnesota,Stream,True,True
04014500,"BAPTISM RIVER NEAR BEAVER BAY, MN",47.33741728,-91.2007189,4010101,1980-10-21,1983-04-16,2.4832306639288158,Minnesota,Stream,True,True
04015438,"ST. LOUIS RIVER NEAR SKIBO, MN",47.48111111,-92.04,40102010203,2024-12-04,2026-08-25,1.7221081451060918,Minnesota,Stream,True,True
04015475,"PARTRIDGE RIVER ABV COLBY LAKE AT HOYT LAKES, MN",47.527205,-92.1226844,4010201,1983-10-01,1984-04-24,0.5639972621492129,Minnesota,Stream,True,True
04016000,"PARTRIDGE RIVER NEAR AURORA, MN",47.51720488,-92.1901868,4010201,1975-10-02,1976-02-25,0.3997262149212868,Minnesota,Stream,True,True
04024000,"ST. LOUIS RIVER AT SCANLON, MN",46.703511,-92.418378,4010201,1980-10-20,2026-08-25,45.84531143052703,Minnesota,Stream,True,True
05046505,OTTER TAIL RIVER AT ANDREWS AVE. IN BRECKENRIDGE,46.2669444,-96.5902778,9020103,2006-07-27,2006-08-06,0.02737850787132101,Minnesota,Stream,True,True
05060950,"BUFFALO RIVER ABOVE U.S. HWY. 10 AT HAWLEY, MN",46.87916667,-96.3111111,9020106,2006-07-27,2006-08-06,0.02737850787132101,Minnesota,Stream,True,True
05062000,"BUFFALO RIVER NEAR DILWORTH, MN",46.963238,-96.661716,9020106,2006-07-27,2006-08-07,0.030116358658453114,Minnesota,Stream,True,True
05062500,"WILD RICE RIVER AT TWIN VALLEY, MN",47.265556,-96.2475,90201080902,1976-05-19,2006-08-07,30.217659137577,Minnesota,Stream,True,True
05064000,"WILD RICE RIVER AT HENDRUM, MN",47.266944,-96.796111,90201081206,2006-07-26,2006-08-07,0.03285420944558522,Minnesota,Stream,True,True
05075000,"RED LAKE RIVER AT HIGH LANDING NR GOODRIDGE, MN",48.048638,-95.808499,9020303,2006-07-26,2006-08-07,0.03285420944558522,Minnesota,Stream,True,True
05075690,"THIEF RIVER AT INLET TO AGASSIZ NWR, NR GATZKE, MN",48.42666667,-95.97,9020304,2008-04-23,2010-11-14,2.5598904859685145,Minnesota,Stream,True,True
05075694,"JD 11, BR 1, ABV MUD R POOL AT AGASSIZ NWR NR GATZ",48.3894444,-95.8836111,9020304,2008-04-20,2010-11-14,2.568104038329911,Minnesota,Stream,True,True
05075697,"AGASSIZ POOL, NORTH OTLT AT AGASSIZ NWR, NR GATZKE",48.3447222,-96.0297222,9020304,2008-07-16,2010-11-13,2.327173169062286,Minnesota,Stream,True,True
05075720,"JD 11 ABV AGASSIZ POOL AT AGASSIZ NWR, NR GRYGLA",48.32416667,-95.8519444,9020304,2008-04-15,2010-11-14,2.5817932922655715,Minnesota,Stream,True,True
05075750,"JD 11 BELOW AGASSIZ POOL AT AGASSIZ NWR NR HOLT,MN",48.3147222,-96.0097222,9020304,2008-05-03,2010-11-12,2.5270362765229293,Minnesota,Stream,True,True
05075930,"JD 11, BR. 200, AT AGASSIZ NWR NEAR GRYGLA, MN",48.2658333,-95.8519444,9020304,2008-04-11,2010-11-14,2.5927446954141,Minnesota,Stream,True,True
05076550,RED LAKE RIVER AT NORA STREET IN THIEF RIVER FALLS,48.1111111,-96.1825,9020303,2006-07-26,2006-08-08,0.03559206023271732,Minnesota,Stream,True,True
05079000,"RED LAKE RIVER AT CROOKSTON, MN",47.775556,-96.609167,90203030507,1977-10-01,1983-04-04,5.505817932922656,Minnesota,Stream,True,True
05085900,"SNAKE RIVER ABOVE ALVARADO, MN",48.17413998,-96.9989784,9020309,1993-06-09,1995-06-08,1.995893223819302,Minnesota,Stream,True,True
05112000,"ROSEAU RIVER BELOW STATE DITCH 51 NR CARIBOU, MN",48.981612,-96.462767,9020314,1980-10-09,1983-10-04,2.9842573579739904,Minnesota,Stream,True,True
05124480,"KAWISHIWI RIVER NEAR ELY, MN",47.922814,-91.535142,9030001,1977-10-01,2026-08-25,48.89801505817933,Minnesota,Stream,True,True
05126000,"DUNKA RIVER NEAR BABBITT, MN",47.6985948,-91.8682311,9030001,1975-10-23,1979-11-24,4.087611225188227,Minnesota,Stream,True,True
05128400,"SAND RIVER NEAR BRITT, MN",47.6307046,-92.5568952,9030002,2022-10-06,2026-08-25,3.885010266940452,Minnesota,Stream,True,True
05131500,"LITTLE FORK RIVER AT LITTLEFORK, MN",48.3954278,-93.5496852,9030005,1980-10-15,1982-12-16,2.1683778234086244,Minnesota,Stream,True,True
05131501,LITTLE FORK RIVER BLW COUNTY HWY 217 IN LITTLEFORK,48.3958333,-93.5491667,9030005,2006-07-27,2006-08-08,0.03285420944558522,Minnesota,Stream,True,True
05132010,BIG FORK RIVER ABV STURGEON RIVER BELOW BIG FALLS,48.21166667,-93.8822222,9030006,2006-07-26,2006-08-08,0.03559206023271732,Minnesota,Stream,True,True
05133500,"RAINY RIVER AT MANITOU RAPIDS, MN",48.63442818,-93.91331106,90300080504,1980-10-25,2026-08-25,45.831622176591374,Minnesota,Stream,True,True
05137500,"RAINY RIVER NEAR BOAT LANDING AT WHEELERS POINT,MN",48.83188889,-94.7041111,9030008,2014-10-01,2018-10-21,4.054757015742642,Minnesota,Stream,True,True
05200170,"MISSISSIPPI RIVER NEAR VERN, MN",47.32555556,-95.225,7010101,2007-05-01,2008-10-27,1.4921286789869952,Minnesota,Stream,True,True
05243200,"SHELL RIVER NEAR HORTON, MN",46.81416667,-95.1213889,7010106,2007-05-01,2008-10-26,1.4893908281998631,Minnesota,Stream,True,True
05245295,"MORAN CREEK NEAR STAPLES, MN",46.25277778,-94.8416667,7010108,2007-05-02,2008-10-27,1.4893908281998631,Minnesota,Stream,True,True
05267000,"MISSISSIPPI RIVER NEAR ROYALTON, MN",45.82577,-94.355577,7010201,1980-11-04,1998-11-19,18.039698836413415,Minnesota,Stream,True,True
05268700,"LITTLE ROCK CREEK AT RICE, MN",45.76331017,-94.204419,7010201,2007-05-04,2008-10-26,1.4811772758384667,Minnesota,Stream,True,True
05276005,"NORTH FORK CROW RIVER ABOVE PAYNESVILLE, MN",45.3771864,-94.7836175,7010204,1974-01-01,1999-02-17,25.127994524298426,Minnesota,Stream,True,True
05283500,"MISSISSIPPI RIVER AT US HWY 169 AT CHAMPLIN, MN",45.19164586,-93.3946659,7010206,2006-07-27,2006-08-09,0.03559206023271732,Minnesota,Stream,True,True
05284305,"SEGUCHIE CREEK AT HOLT LAKE OUTLET, NEAR GARRISON",46.2519038,-93.8274771,7010207,2004-05-27,2005-09-29,1.3415468856947297,Minnesota,Stream,True,True
05284310,"SEGUCHIE CREEK ABOVE MOUTH NEAR GARRISON, MN",46.2535703,-93.8213656,7010207,2004-05-28,2005-10-10,1.3689253935660506,Minnesota,Stream,True,True
05286000,"RUM RIVER NEAR ST. FRANCIS, MN",45.32774267,-93.3724537,7010207,2006-07-27,2006-08-09,0.03559206023271732,Minnesota,Stream,True,True
05286290,"CEDAR CREEK NEAR COOPERS CORNER, MN",45.39190888,-93.2124489,7010207,1996-08-07,1997-06-24,0.8788501026694046,Minnesota,Stream,True,True
05286297,"CEDAR CREEK NEAR EAST BETHEL, MN",45.33277778,-93.2841667,7010207,2007-04-28,2008-10-21,1.483915126625599,Minnesota,Stream,True,True
05288500,"MISSISSIPPI RIVER AT HWY 610 IN BROOKLYN PARK, MN",45.128992,-93.298705,7010206,1984-10-01,1999-05-13,14.611909650924025,Minnesota,Stream,True,True
05288550,"MISSISSIPPI RIVER AT FRIDLEY, MN",45.1033129,-93.2771614,7010206,1980-01-22,1986-11-30,6.855578370978781,Minnesota,Stream,True,True
05288705,"SHINGLE CREEK AT QUEEN AVE IN MINNEAPOLIS, MN",45.049798,-93.310445,7010206,2015-11-10,2026-08-24,10.787132101300479,Minnesota,Stream,True,True
05288950,"MISSISSIPPI RIVER AT FORD PLANT IN ST. PAUL, MN",44.91581345,-93.1999358,7010206,1980-10-01,1982-12-06,2.1793292265571527,Minnesota,Stream,True,True
05289800,"MINNEHAHA CREEK AT HIAWATHA AVE. IN MINNEAPOLIS,MN",44.91550278,-93.21293889,70102060605,2010-10-01,2026-08-24,15.89596167008898,Minnesota,Stream,True,True
05314510,"CHETOMBA CREEK NEAR RENVILLE, MN",44.83997585,-95.2391733,7020004,2006-03-30,2008-08-26,2.409308692676249,Minnesota,Stream,True,True
05314518,"JUDICIAL DITCH NO. 1 ABV SPRING CREEK NR MAYNARD,",44.86162495,-95.4275162,7020004,2006-03-29,2008-08-26,2.412046543463381,Minnesota,Stream,True,True
0531656290,"WEST FORK BEAVER CREEK AT 320 ST. NEAR BECHYN, MN",44.69041667,-95.0353056,7020004,2006-03-29,2007-09-19,1.4757015742642026,Minnesota,Stream,True,True
05320270,"LITTLE COBB RIVER NEAR BEAUFORD, MN",43.9966325,-93.9085628,7020011,1996-04-12,2006-08-26,10.3709787816564,Minnesota,Stream,True,True
05326180,"SOUTH BRANCH RUSH RIVER AT CO. 8 NR BERNADOTTE, MN",44.47138889,-94.2697222,7020012,2007-06-16,2008-08-28,1.2019164955509924,Minnesota,Stream,True,True
05326189,SOUTH BRANCH RUSH RIVER AT CO RD 63 NR NORSELAND,44.46524278,-94.1502491,7020012,2006-03-31,2008-08-27,2.409308692676249,Minnesota,Stream,True,True
05330000,"MINNESOTA RIVER NEAR JORDAN, MN",44.6926832,-93.642001,7020012,1973-07-03,1999-03-11,25.686516084873375,Minnesota,Stream,True,True
05330908,"MINNESOTA RIVER AT BURNSVILLE, MN",44.8113538,-93.2513334,7020012,1980-06-03,1982-12-08,2.513347022587269,Minnesota,Stream,True,True
05330920,"MINNESOTA RIVER AT FORT SNELLING STATE PARK, MN",44.87025801,-93.19243534,70200121110,1978-10-01,1982-12-31,4.249144421629021,Minnesota,Stream,True,True
05331000,"MISSISSIPPI RIVER AT ST. PAUL, MN",44.9444444,-93.0881111,7010206,1977-10-01,1990-12-19,13.215605749486652,Minnesota,Stream,True,True
05331005,MISSISSIPPI R AT INDUSTRIAL MOLLASSES ST PAUL MN,44.93109147,-93.047986,7010206,1983-10-01,1986-11-30,3.164955509924709,Minnesota,Stream,True,True
05331560,MISSISSIPPI R AT GREY CLOUD ISL COTTAGE GROVE MN,44.8038696,-93.012151,7010206,1980-04-24,1988-01-16,7.728952772073922,Minnesota,Stream,True,True
05331580,"MISSISSIPPI RIVER BELOW L&D 2 AT HASTINGS, MN",44.7460861,-92.8478747,7010206,1996-05-12,1998-11-19,2.521560574948665,Minnesota,Stream,True,True
05341770,"ST. CROIX RIVER AT AFTON, MN",44.8999809,-92.7793654,7030005,1976-12-15,1982-12-02,5.963039014373717,Minnesota,Stream,True,True
05344980,"MISSISSIPPI RIVER AT L&D 3 NEAR RED WING, MN",44.60996745,-92.6101938,7040001,1977-02-02,1982-12-01,5.8261464750171115,Minnesota,Stream,True,True
05345000,"VERMILLION RIVER NEAR EMPIRE, MN",44.66663318,-93.0549358,7040001,1974-01-29,1988-09-29,14.666666666666666,Minnesota,Stream,True,True
05355250,"MISSISSIPPI RIVER AT RED WING, MN",44.56530556,-92.5424444,7040001,1996-05-03,1998-11-19,2.546201232032854,Minnesota,Stream,True,True
465735092504901,"UNNAMED STREAM AT HWY 29 NEAR FLOODWOOD, MN",46.95981389,-92.8468611,4010201,2020-04-15,2020-10-26,0.5311430527036276,Minnesota,Stream,True,True
470535092570801,"UNNAMED STREAM AT N SAVANNA RD NEAR TOIVOLA, MN",47.09318889,-92.9521389,4010201,2020-04-16,2021-11-02,1.5468856947296372,Minnesota,Stream,True,True
471149092360901,"UNNAMED STREAM (M08) AT CR. 7 S. NEAR SAX, MN",47.196975,-92.6024167,4010201,2020-04-22,2021-11-02,1.5304585900068446,Minnesota,Stream,True,True
02430012,"MACKEYS CREEK BL BAY SPRINGS LOCK AND DAM, MS",34.51231996,-88.326157,3160101.0,1979-11-13,1983-08-04,3.7234770704996576,Mississippi,Stream,True,True
02430100,"MACKEYS CREEK NR MOORES MILL, MS",34.48704294,-88.3456019,3160101.0,1984-01-19,1984-07-08,0.4681724845995893,Mississippi,Stream,True,True
02435020,"TOWN CREEK AT EASON BOULEVARD AT TUPELO, MS",34.23555556,-88.6958333,3160102.0,1983-03-30,1983-08-23,0.3997262149212868,Mississippi,Stream,True,True
02435420,"TULIP CREEK NR PLANTERSVILLE, MS",34.22982936,-88.6667182,3160102.0,1983-03-31,1983-09-19,0.47091033538672145,Mississippi,Stream,True,True
02435515,"TOWN CREEK NR UNION, MS",34.15510834,-88.6611616,3160102.0,1983-05-26,1983-09-19,0.31759069130732376,Mississippi,Stream,True,True
02435775,"COONEWAH CREEK NR VERONA, MS",34.16233073,-88.729219,3160102.0,1983-03-30,1983-09-20,0.47638603696098564,Mississippi,Stream,True,True
02435830,"COONEWAH CREEK NR SHANNON, MS",34.1223311,-88.6661614,3160102.0,1983-03-31,1983-08-11,0.36413415468856947,Mississippi,Stream,True,True
02473085,LEAF RIVER NEAR HATTIESBURG,31.30658333,-89.2641111,3170005.0,2014-12-17,2022-11-30,7.953456536618754,Mississippi,Stream,True,True
02474560,"LEAF RIVER NR NEW AUGUSTA, MS",31.22166667,-89.0530556,3170005.0,2011-03-30,2026-08-24,15.403148528405202,Mississippi,Stream,True,True
02479020,"PASCAGOULA RIVER NR BENNDALE, MS",30.87805556,-88.775,3170006.0,1980-09-04,1981-09-29,1.0677618069815196,Mississippi,Stream,True,True
02479155,"CYPRESS CREEK NR JANICE, MS",31.02527778,-89.0166667,3170007.0,1985-10-25,2026-08-24,40.82956878850103,Mississippi,Stream,True,True
024791834,"RED CREEK NR CARNES, MS",30.91796344,-89.3195037,3170007.0,1984-11-08,1986-04-10,1.4182067077344285,Mississippi,Stream,True,True
02479310,"PASCAGOULA RIVER AT GRAHAM FERRY, MS",30.61055556,-88.64138889,3170006.0,2004-09-30,2006-01-03,1.2594113620807665,Mississippi,Stream,True,True
02479330,"PASCAGOULA RIVER AT CUMBEST BLUFF, MS",30.58388889,-88.57,3170006.0,2003-06-20,2006-02-14,2.6557152635181382,Mississippi,Stream,True,True
02480212,"PASCAGOULA RIVER AT MI 1 AT PASCAGOULA, MS",30.36777778,-88.5630556,3170006.0,1999-09-24,2023-07-10,23.79192334017796,Mississippi,Stream,True,True
02481270,"BACK BAY OF BILOXI NEAR BILOXI, MISS.",30.4157534,-88.9758669,3170009.0,2007-11-08,2023-07-10,15.668720054757015,Mississippi,Stream,True,True
02481510,"WOLF RIVER NR LANDON, MS",30.4836111,-89.2744444,3170009.0,1979-03-08,1981-09-29,2.5626283367556466,Mississippi,Stream,True,True
02489270,"CLEAR CREEK NR SANDY HOOK, MS",31.0379607,-89.7409083,3180004.0,1984-10-24,1985-09-29,0.9308692676249144,Mississippi,Stream,True,True
02490246,"WEST BOUGE CHITTO NR ZETUS, MS",31.5612818,-90.4953745,3180005.0,1983-10-14,1984-09-29,0.9609856262833676,Mississippi,Stream,True,True
03592800,"YELLOW CREEK NR DOSKIE, MS",34.9006439,-88.2930987,6030005.0,1976-10-12,1978-02-07,1.322381930184805,Mississippi,Stream,True,True
03592825,"YELLOW CREEK AT CROSS ROADS, MS",34.9148102,-88.2455974,6030005.0,1978-04-21,1979-05-29,1.103353867214237,Mississippi,Stream,True,True
07273100,"HOTOPHA CREEK NR BATESVILLE, MS",34.36388889,-89.8786111,8030201.0,1986-04-23,1987-03-19,0.9034907597535934,Mississippi,Stream,True,True
07274252,"OTOUCALOFA CREEK CANAL NR WATER VALLEY, MS",34.14416667,-89.6525,8030203.0,1985-06-15,1987-04-17,1.83709787816564,Mississippi,Stream,True,True
07275530,"PETERS (LONG) CREEK NR POPE, MS",34.21388889,-89.9819444,8030203.0,1987-02-27,1987-04-16,0.13141683778234087,Mississippi,Stream,True,True
07277700,"HICKAHALA CREEK NR SENATOBIA, MS",34.631944,-89.924444,80302040403.0,1986-02-21,1989-09-29,3.6030116358658453,Mississippi,Stream,True,True
07277730,"SENATOBIA CREEK NR SENATOBIA, MS",34.61666667,-89.9413889,8030204.0,1986-02-08,1987-10-07,1.6591375770020533,Mississippi,Stream,True,True
07279800,"COLDWATER RIVER (POMPEY DITCH) NR SLEDGE, MS",34.4389962,-90.2581494,8030204.0,1980-10-09,1982-08-21,1.864476386036961,Mississippi,Stream,True,True
07280010,"TALLAHATCHIE RIVER AT ALLEN, MS",34.14463889,-90.2301111,nan,2016-10-06,2025-07-29,8.810403832991103,Mississippi,Stream,True,True
07280550,"North Fork Tillatoba Cr @ Hwy 35 nr Charleston, MS",34.00880556,-90.0688333,8030202.0,2015-08-27,2015-09-02,0.01642710472279261,Mississippi,Stream,True,True
07281600,"TALLAHATCHIE RIVER AT MONEY, MS",33.65138889,-90.2111111,8030202.0,2009-09-03,2025-07-28,15.898699520876113,Mississippi,Stream,True,True
07283000,"SKUNA RIVER AT BRUCE, MS",33.9736111,-89.3477778,8030205.0,1996-09-30,1997-09-29,0.9965776865160849,Mississippi,Stream,True,True
07285400,"BATUPAN BOGUE AT GRENADA, MS",33.77400485,-89.7875859,8030205.0,1985-06-20,1987-09-05,2.209445585215606,Mississippi,Stream,True,True
07287120,"YAZOO RIVER NR SHELL BLUFF, MS",33.39678846,-90.2720286,8030206.0,1976-11-08,1981-08-31,4.810403832991102,Mississippi,Stream,True,True
07287404,"HARLAND CREEK NR HOWARD, MS",33.10181119,-90.17342419,80302060506.0,1986-12-22,1987-03-18,0.23545516769336072,Mississippi,Stream,True,True
07288000,"BIG SUNFLOWER RIVER AT CLARKSDALE, MS",34.19733086,-90.575099,8030207.0,2010-10-28,2024-10-22,13.984941820670773,Mississippi,Stream,True,True
07288280,"BIG SUNFLOWER RIVER NR MERIGOLD, MS",33.8325,-90.67,8030207.0,2007-09-25,2025-07-30,17.845311430527037,Mississippi,Stream,True,True
07288500,"BIG SUNFLOWER RIVER AT SUNFLOWER, MS",33.5473557,-90.5431579,8030207.0,2008-10-04,2024-10-29,16.0684462696783,Mississippi,Stream,True,True
07288650,"BOGUE PHALIA NR LELAND, MS",33.39666667,-90.8477778,8030207.0,2006-09-30,2025-02-14,18.376454483230663,Mississippi,Stream,True,True
0728875070,"DEER CREEK EAST OF LELAND, MS",33.4011111,-90.8919444,8030209.0,2001-12-08,2019-04-05,17.322381930184804,Mississippi,Stream,True,True
07288800,"YAZOO RIVER AT REDWOOD, MS",32.4873633,-90.8173251,8030208.0,1978-10-01,1981-09-29,2.9952087611225187,Mississippi,Stream,True,True
07288847,"STEELE BAYOU NR GLEN ALLAN, MS",33.03151289,-90.9981598,8030209.0,2010-07-29,2025-07-30,15.003422313483915,Mississippi,Stream,True,True
07291230,"SHAWS CREEK NR REDSTAR, MS",31.594614,-90.56343079,8060205.0,1983-10-31,1984-09-20,0.8898015058179329,Mississippi,Stream,True,True
301141089320300,"EAST PEARL RIVER AT CSX RAILROAD NR CLAIBORNE, MS",30.1947222,-89.5341667,3180004.0,2001-08-23,2026-08-24,25.00205338809035,Mississippi,Stream,True,True
335054090230200,"PARKS BAYOU NEAR SWAN LAKE, MS",33.84855556,-90.3841111,8030207.0,2014-09-30,2015-09-29,0.9965776865160849,Mississippi,Stream,True,True
06818000,"Missouri River at St. Joseph, MO",39.75325,-94.8568333,10240011,2006-03-01,2026-08-24,20.48186173853525,Missouri,Stream,True,True
06819550,"Mozingo Creek near Pickering, MO",40.4311111,-94.7722222,10240013,2022-03-17,2025-05-12,3.154004106776181,Missouri,Stream,True,True
06893060,"Missouri River at Randolph, MO",39.15169444,-94.4940556,10300101,2011-09-09,2026-08-24,14.956878850102669,Missouri,Stream,True,True
06893150,"Blue River at Blue Ridge Blvd Ext in KC, MO",38.88941667,-94.5806667,10300101,2008-03-26,2010-02-27,1.9247091033538672,Missouri,Stream,True,True
06893500,"Blue River at Kansas City, MO",38.957,-94.5588889,10300101,2005-09-30,2010-06-02,4.670773442847365,Missouri,Stream,True,True
06893562,"Brush Creek at Rockhill Road in Kansas City, MO",39.03925,-94.5787222,10300101,2005-09-30,2010-06-02,4.670773442847365,Missouri,Stream,True,True
06893619,"Rock Creek at E Wilson Road in Independence, MO",39.10903056,-94.4724667,10300101,2024-10-30,2026-08-24,1.8151950718685832,Missouri,Stream,True,True
06893620,"Rock Creek at Kentucky Road in Independence, MO",39.111944,-94.472222,103001010305,2011-12-20,2024-02-06,12.131416837782341,Missouri,Stream,True,True
06893820,Little Blue R. at Lees Summit Rd in Independence,39.0173611,-94.3872778,10300101,2009-10-08,2026-08-24,16.876112251882272,Missouri,Stream,True,True
06893830,"Adair Creek at Independence, MO",39.03777778,-94.3633333,10300101,2008-10-07,2018-01-30,9.314168377823409,Missouri,Stream,True,True
06893890,"East Fork Little Blue River near Blue Springs, MO",39.02556175,-94.3438385,10300101,2009-12-01,2020-06-09,10.521560574948666,Missouri,Stream,True,True
06893970,"Spring Branch Ck at Holke Rd in Independence, MO",39.08416667,-94.3372222,10300101,2005-09-30,2019-09-03,13.924709103353868,Missouri,Stream,True,True
06894000,"Little Blue River near Lake City, MO",39.1005609,-94.3005038,10300101,2005-07-14,2026-08-24,21.111567419575632,Missouri,Stream,True,True
06894650,"Missouri River at Napoleon, MO",39.1336111,-94.0638889,10300101,2023-04-20,2026-08-24,3.345653661875428,Missouri,Stream,True,True
06895500,"Missouri River at Waverly, MO",39.2150194,-93.5152118,10300101,2006-03-03,2009-09-29,3.575633127994524,Missouri,Stream,True,True
06899900,"Medicine Creek at Lucerne, MO",40.45444444,-93.2863889,10280103,2020-08-12,2023-11-07,3.2361396303901437,Missouri,Stream,True,True
06900050,"Medicine Creek near Laredo, MO",40.0266111,-93.4362222,10280103,2023-05-01,2023-11-15,0.5420944558521561,Missouri,Stream,True,True
06901500,"Locust Creek near Linneus, MO",39.89594444,-93.2365278,10280103,2017-03-29,2023-11-17,6.636550308008213,Missouri,Stream,True,True
06906500,"Missouri River at Glasgow, MO",39.2222512,-92.848798,10300102,2012-02-24,2024-02-12,11.967145790554415,Missouri,Stream,True,True
06909000,"Missouri River at Boonville, MO",38.980306,-92.7454638,10300102,2006-02-23,2009-09-29,3.597535934291581,Missouri,Stream,True,True
06910450,"Missouri River at Jefferson City, MO",38.5871111,-92.1786389,10300102,2007-09-30,2017-05-17,9.6290212183436,Missouri,Stream,True,True
06918250,"Osage River at Taberville, MO",38.00388889,-93.9947222,10290105,2023-08-26,2026-08-24,2.9952087611225187,Missouri,Stream,True,True
06926080,"Osage River at Tuscumbia, MO",38.23253889,-92.4586111,10290111,2023-08-26,2026-08-24,2.9952087611225187,Missouri,Stream,True,True
06926290,"Tavern Creek below St. Elizabeth, MO",38.27777778,-92.2333333,10290111,2023-08-26,2026-08-24,2.9952087611225187,Missouri,Stream,True,True
06927590,"Woods Fork near Hartville, MO",37.24532815,-92.5679457,10290201,2006-05-18,2006-07-23,0.1806981519507187,Missouri,Stream,True,True
06928750,"West Piney Creek at Bado, MO",37.27180278,-92.1241972,10290202,2006-05-17,2006-07-25,0.188911704312115,Missouri,Stream,True,True
06934000,"Gasconade River near Rich Fountain, MO",38.38880556,-91.8198889,10290203,2017-04-03,2022-02-27,4.903490759753593,Missouri,Stream,True,True
06934500,"Missouri River at Hermann, MO",38.70980556,-91.4385,10300200,2006-02-24,2026-08-24,20.49555099247091,Missouri,Stream,True,True
06935550,"Missouri River near Labadie, MO",38.5658333,-90.8391667,10300200,2016-10-04,2026-08-24,9.886379192334017,Missouri,Stream,True,True
06935965,"Missouri River at St. Charles, MO",38.78719444,-90.4718056,10300200,2008-01-09,2017-05-31,9.390828199863108,Missouri,Stream,True,True
07010330,"Meramec River on CR 428 below Salem, MO",37.6590833,-91.4145,7140102,2006-04-21,2007-11-13,1.5633127994524298,Missouri,Stream,True,True
07014000,"Huzzah Creek near Steelville, MO",37.97477778,-91.2040278,7140102,2010-11-10,2026-08-24,15.786447638603697,Missouri,Stream,True,True
07017610,"Big River below Bonne Terre, MO",37.96525,-90.5745,7140104,2011-10-13,2026-08-24,14.863791923340179,Missouri,Stream,True,True
07018500,"Big River at Byrnesville, MO",38.3917222,-90.6378056,7140104,2011-10-14,2013-09-29,1.9603011635865846,Missouri,Stream,True,True
07020850,"Mississippi River at Cape Girardeau, MO",37.30188889,-89.518,7140105,2014-03-14,2026-08-24,12.446269678302533,Missouri,Stream,True,True
07053450,"White River bl Table Rock Dam near Branson, MO",36.5950631,-93.3090721,11010003,2000-09-30,2026-08-24,25.897330595482547,Missouri,Stream,True,True
07061270,"East Fork Black River near Lesterville, MO",37.55255556,-90.8424444,11010007,2006-01-23,2026-08-24,20.583162217659137,Missouri,Stream,True,True
07061290,E. Fk. Black R. bl Lower Taum Sauk Reservoir,37.4936111,-90.8383333,11010007,2008-11-17,2026-08-24,17.765913757700204,Missouri,Stream,True,True
07061300,"East Fork Black River at Lesterville, MO",37.4501111,-90.8271111,11010007,2006-01-24,2010-01-18,3.9835728952772076,Missouri,Stream,True,True
07061600,"Black River below Annapolis, MO",37.325194,-90.764667,110100070502,2006-01-24,2010-01-18,3.9835728952772076,Missouri,Stream,True,True
07064780,"Barren Fork near Timber, MO",37.3461111,-91.3908333,11010008,2006-04-20,2006-08-02,0.28473648186173856,Missouri,Stream,True,True
07065040,"Big Creek at Mauser Mill, MO",37.31310197,-91.3168011,11010008,2006-04-20,2007-11-13,1.566050650239562,Missouri,Stream,True,True
07065160,"North Prong Jacks Fork below Arroll, MO",37.08694444,-91.75,11010008,2006-05-16,2006-07-20,0.17796030116358658,Missouri,Stream,True,True
07065950,"MAHANS CREEK AT WEST EMINENCE, MO",37.14727117,-91.3784689,11010008,2006-04-19,2006-07-31,0.28199863107460643,Missouri,Stream,True,True
07186670,"Shoal Creek near Wheaton, MO",36.77694444,-94.0241667,11070207,2006-05-04,2007-10-31,1.4921286789869952,Missouri,Stream,True,True
07188855,"North Indian Creek near Wanda, MO",36.8111793,-94.2102135,11070208,2006-05-04,2006-07-26,0.2272416153319644,Missouri,Stream,True,True
07188885,"Indian Creek near Lanagan, MO",36.59927778,-94.4496389,11070208,2004-11-01,2010-07-26,5.730321697467488,Missouri,Stream,True,True
05014300,Swiftcurrent Cr ab Swiftcurrent Lk at Many Glacier,48.7954444,-113.6805833,9040001,2012-04-13,2022-01-25,9.78507871321013,Montana,Stream,True,True
06006000,"Red Rock Cr ab Lakes, nr Lakeview, MT",44.615792,-111.625669,100200010101,2016-04-27,2026-08-24,10.324435318275153,Montana,Stream,True,True
06018500,Beaverhead River near Twin Bridges MT,45.38338889,-112.4528306,10020002,1999-10-01,2003-09-30,3.997262149212868,Montana,Stream,True,True
06023000,Ruby River near Twin Bridges MT,45.50691389,-112.3308889,10020003,2008-07-11,2026-08-24,18.119096509240247,Montana,Stream,True,True
06023100,"Beaverhead River at Twin Bridges, MT",45.54688889,-112.338111,10020002,2008-07-11,2026-08-24,18.119096509240247,Montana,Stream,True,True
06024450,Big Hole River bl Big Lake Cr at Wisdom MT,45.61796667,-113.4569417,10020004,1988-05-01,2026-08-24,38.313483915126625,Montana,Stream,True,True
06024540,Big Hole River bl Mudd Cr nr Wisdom MT,45.80754167,-113.3132694,10020004,2017-05-03,2018-09-30,1.4099931553730323,Montana,Stream,True,True
06024580,Big Hole River near Wise River MT,45.850822,-113.068361,100200040807,2014-07-01,2026-08-24,12.147843942505133,Montana,Stream,True,True
06025250,Big Hole River at Maiden Rock nr Divide MT,45.7012694,-112.7359694,10020004,2014-07-01,2026-08-24,12.147843942505133,Montana,Stream,True,True
06025500,Big Hole River near Melrose MT,45.52658056,-112.701725,10020004,1995-10-01,2026-08-24,30.89664613278576,Montana,Stream,True,True
06026210,Big Hole River near Glen MT,45.4400944,-112.5560917,10020004,2014-07-01,2026-08-24,12.147843942505133,Montana,Stream,True,True
06026420,"Big Hole R bl Hamilton Ditch nr Twin Bridges, MT",45.5500222,-112.360675,10020004,2007-07-20,2026-08-24,19.096509240246405,Montana,Stream,True,True
06026500,"Jefferson River near Twin Bridges, MT",45.613283,-112.329397,100200050102,1994-10-01,2026-08-24,31.89596167008898,Montana,Stream,True,True
06027600,"Jefferson River at Parsons Bdg nr Silver Star, MT",45.747503,-112.187228,100200050106,2006-07-01,2026-08-24,20.147843942505133,Montana,Stream,True,True
06035000,Willow Creek near Harrison MT,45.723058,-111.741025,100200050705,2002-04-24,2026-08-24,24.334017796030118,Montana,Stream,True,True
06036650,Jefferson River near Three Forks MT,45.8971361,-111.5956722,10020005,1999-10-01,2026-08-24,26.89664613278576,Montana,Stream,True,True
06037500,"Madison River near West Yellowstone, MT",44.6570722,-111.0679639,10020007,1983-07-22,2026-08-24,43.09103353867214,Montana,Stream,True,True
06038500,Madison River bl Hebgen Lake nr Grayling MT,44.86639167,-111.3387806,10020007,2009-06-26,2026-08-24,17.16084873374401,Montana,Stream,True,True
06038800,Madison River at Kirby Ranch nr Cameron MT,44.88865556,-111.580886,10020007,1995-04-12,2026-08-24,31.367556468172484,Montana,Stream,True,True
06040000,Madison River near Cameron MT,45.233133,-111.751633,100200071202,2011-03-16,2026-08-24,15.441478439425051,Montana,Stream,True,True
06040050,"Madison River at Ennis, MT",45.34756389,-111.72246389,100200071205,2025-07-26,2026-08-24,1.0787132101300478,Montana,Stream,True,True
06041000,Madison River bl Ennis Lake nr McAllister MT,45.490231,-111.634506,100200071501,1977-06-21,2026-08-24,49.17453798767967,Montana,Stream,True,True
06041500,Madison River near Norris MT,45.607611,-111.573056,100200071502,2026-04-16,2026-08-24,0.35592060232717315,Montana,Stream,True,True
06043120,"Gallatin River above Deer Creek, near Big Sky, MT",45.29727778,-111.2113917,10020008,2019-05-02,2026-08-24,7.312799452429843,Montana,Stream,True,True
06043500,"Gallatin River near Gallatin Gateway, MT",45.4973,-111.2707083,10020008,2001-05-04,2004-09-29,3.405886379192334,Montana,Stream,True,True
06048700,East Gallatin R bl Bridger C nr Bozeman MT,45.725425,-111.0685917,10020008,2001-10-01,2003-09-29,1.9931553730321698,Montana,Stream,True,True
06052500,Gallatin River at Logan MT,45.8862472,-111.4420083,10020008,1979-08-25,2026-08-24,46.997946611909654,Montana,Stream,True,True
06054500,Missouri River at Toston MT,46.1465722,-111.4202778,10030101,1977-07-06,2026-08-24,49.13347022587269,Montana,Stream,True,True
06066500,Missouri River bl Holter Dam nr Wolf Cr MT,46.99473889,-112.0106667,10030102,1999-10-01,2026-08-24,26.89664613278576,Montana,Stream,True,True
06073500,Dearborn River near Craig MT,47.199025,-112.0959056,10030102,1993-11-04,2026-08-24,32.80219028062971,Montana,Stream,True,True
06076590,Camas C nr Mouth nr White Sulphur Springs MT,46.6784861,-111.1939194,10030103,2022-04-09,2024-10-16,2.521560574948665,Montana,Stream,True,True
06076600,"Camas Cr at mouth, nr White Sulphur Springs, MT",46.7033611,-111.192225,10030103,2020-04-04,2020-07-12,0.27104722792607805,Montana,Stream,True,True
06077200,Smith River bl Eagle Cr nr Fort Logan MT,46.82798056,-111.1922389,10030103,1996-11-05,2026-08-24,29.79876796714579,Montana,Stream,True,True
06077500,Smith River near Eden MT,47.18929167,-111.3862389,10030103,2008-03-01,2017-06-30,9.330595482546201,Montana,Stream,True,True
06085800,Sun River at Simms MT,47.50162778,-111.9319139,10030104,2006-07-07,2026-08-24,20.13141683778234,Montana,Stream,True,True
06089000,Sun River near Vaughn MT,47.52577778,-111.511036,10030104,1999-08-25,2024-05-15,24.722792607802873,Montana,Stream,True,True
06090650,Lake Creek near Power MT,47.70790556,-111.40915,10030102,1992-03-20,1996-11-03,4.6242299794661195,Montana,Stream,True,True
06098120,"Birch Creek at Bullhead Bridge, nr Valier, MT",48.39110278,-112.319661,10030201,2024-01-24,2026-06-23,2.412046543463381,Montana,Stream,True,True
06101630,"Marias River at Highway 223 bridge near Chester,MT",48.26,-110.8916667,10030203,2015-03-27,2026-08-24,11.411362080766597,Montana,Stream,True,True
06102050,Marias River near Loma MT,47.94590278,-110.5808389,10030203,2014-05-14,2026-08-24,12.279260780287474,Montana,Stream,True,True
06108800,Teton River at Loma MT,47.9327194,-110.5144333,10030205,1999-10-21,2011-09-29,11.939767282683095,Montana,Stream,True,True
06114700,"Judith River nr mouth, nr Winifred MT",47.6651583,-109.6520139,10040103,2002-04-01,2007-10-31,5.582477754962355,Montana,Stream,True,True
06115200,Missouri River near Landusky MT,47.631431,-108.687744,100401040708,2004-10-01,2026-08-24,21.894592744695416,Montana,Stream,True,True
06120500,Musselshell River at Harlowton MT,46.4288,-109.8411944,10040201,2001-05-10,2002-09-29,1.3880903490759753,Montana,Stream,True,True
06130500,Musselshell River at Mosby MT,46.99469167,-107.8891639,10040205,2000-06-16,2003-06-30,3.0362765229295,Montana,Stream,True,True
06174500,Milk River at Nashua MT,48.13005278,-106.3643139,10050012,2000-04-01,2026-08-24,26.39561943874059,Montana,Stream,True,True
06175510,Missouri R at E Frazer Pump Plant nr Frazer MT,48.0333506,-106.0005722,10060001,2024-04-24,2026-08-24,2.3326488706365502,Montana,Stream,True,True
06177000,Missouri River near Wolf Point MT,48.067325,-105.5330972,10060001,1979-08-01,2026-08-24,47.063655030800824,Montana,Stream,True,True
06181000,Poplar River near Poplar MT,48.11791667,-105.1928167,10060003,2000-04-02,2003-09-29,3.490759753593429,Montana,Stream,True,True
06185500,Missouri River near Culbertson MT,48.1235,-104.4733,10060005,2002-07-18,2004-09-29,2.2012320328542097,Montana,Stream,True,True
06187915,Soda Butte Cr at Park Bndry at Silver Gate,45.00283056,-110.0018722,10070001,2003-04-24,2010-09-29,7.433264887063655,Montana,Stream,True,True
06191000,"Gardner River near Mammoth, YNP",44.9923444,-110.690975,10070001,1984-08-02,1985-09-29,1.158110882956879,Montana,Stream,True,True
06191500,Yellowstone River at Corwin Springs MT,45.1121194,-110.7936667,10070002,2001-05-04,2026-08-24,25.305954825462013,Montana,Stream,True,True
06192500,"Yellowstone River near Livingston, MT",45.5972111,-110.5664972,10070002,1999-11-24,2026-08-24,26.748802190280628,Montana,Stream,True,True
06192900,"Dugout Creek at mouth, nr Wilsall, MT",46.18480556,-110.3796389,10070003,2019-03-31,2022-07-20,3.3045859000684463,Montana,Stream,True,True
06192978,"Shields River bl SF Shields River nr Wilsall, MT",46.167125,-110.4919472,10070003,2025-03-27,2026-08-24,1.4099931553730323,Montana,Stream,True,True
06195600,Shields River nr Livingston MT,45.7383611,-110.4794694,10070003,1999-09-15,2008-09-29,9.040383299110198,Montana,Stream,True,True
06195750,"Yellowstone River at Springdale, MT",45.74632347,-110.2324168,10070002,2007-07-10,2026-08-24,19.123887748117728,Montana,Stream,True,True
06195950,"Yellowstone River at Big Timber, MT",45.84716219,-109.9407423,10070002,2007-07-13,2026-08-24,19.11567419575633,Montana,Stream,True,True
06200000,Boulder River at Big Timber MT,45.8337944,-109.9387056,10070002,2000-04-01,2003-09-29,3.4934976043805612,Montana,Stream,True,True
06204070,W Rosebud Cr at Emerald Lk Campground nr Roscoe,45.25438735,-109.6998945,10070005,2010-04-01,2026-08-24,16.396988364134156,Montana,Stream,True,True
06205000,"Stillwater River near Absarokee, MT",45.53674167,-109.4220556,10070005,2001-05-17,2026-08-24,25.270362765229294,Montana,Stream,True,True
06208500,Clarks Fork Yellowstone River at Edgar MT,45.46571389,-108.8441056,10070006,2002-04-04,2003-09-29,1.486652977412731,Montana,Stream,True,True
06209500,Rock Creek near Red Lodge MT,45.0861472,-109.3291889,10070006,2001-05-20,2002-09-29,1.3607118412046544,Montana,Stream,True,True
06214500,Yellowstone River at Billings MT,45.800119,-108.468031,100700041006,2001-05-15,2026-08-24,25.27583846680356,Montana,Stream,True,True
06287000,Bighorn R bl Yellowtail Afterbay Dam nr St. Xavier,45.31690278,-107.9188889,10080015,2012-10-01,2019-09-08,6.934976043805612,Montana,Stream,True,True
06287800,"Bighorn River at bridge, at St. Xavier, MT",45.46075278,-107.7493283,10080015,2023-02-17,2026-08-24,3.515400410677618,Montana,Stream,True,True
06294500,Bighorn River ab Tullock Cr nr Bighorn MT,46.1244722,-107.4687917,10080015,2000-04-01,2003-09-30,3.4962354551676933,Montana,Stream,True,True
06306300,Tongue River at State Line nr Decker MT,45.0091361,-106.8359444,10090101,2010-10-01,2026-08-24,15.89596167008898,Montana,Stream,True,True
06307830,Tongue R bl Brandenberg bridge nr Ashland MT,45.8403861,-106.2234333,10090102,2020-10-01,2026-08-24,5.894592744695414,Montana,Stream,True,True
06308500,"Tongue River at Miles City, MT",46.3845944,-105.8455222,10090102,2020-10-01,2026-08-24,5.894592744695414,Montana,Stream,True,True
06326500,Powder River near Locate MT,46.4294361,-105.3103306,10090209,2025-06-26,2026-08-24,1.160848733744011,Montana,Stream,True,True
06328495,Yellowstone River Fish Bypass Channel nr Intake MT,47.2637222,-104.5396667,10100004,2026-04-01,2026-08-24,0.39698836413415467,Montana,Stream,True,True
06329500,Yellowstone River near Sidney MT,47.67741389,-104.1554111,10100004,1974-04-03,2026-08-24,52.39151266255989,Montana,Stream,True,True
12301300,Tobacco River near Eureka MT,48.89359167,-115.0878528,17010101,1978-09-21,1985-10-08,7.047227926078029,Montana,Stream,True,True
12301933,Kootenai River bl Libby Dam nr Libby MT,48.40066389,-115.3187194,17010101,2019-08-01,2023-02-05,3.515400410677618,Montana,Stream,True,True
12302055,Fisher River near Libby MT,48.35560278,-115.31465,17010102,1978-06-01,1985-10-03,7.340177960301164,Montana,Stream,True,True
12323233,"Blacktail Creek above Grove Gulch, at Butte, MT",45.9912694,-112.5273583,17010201,2020-06-11,2026-08-24,6.201232032854209,Montana,Stream,True,True
12323242,"Silver Bow Creek at Montana Street, at Butte, MT",45.99572778,-112.538761,17010201,2020-06-16,2026-08-24,6.187542778918549,Montana,Stream,True,True
12323250,"Silver Bow Cr bl Blacktail Cr, at Butte, MT",45.99916667,-112.5773222,17010201,2025-06-04,2026-08-24,1.2210814510609171,Montana,Stream,True,True
12323600,Silver Bow Creek at Opportunity MT,46.1077583,-112.8052833,17010201,2022-07-13,2026-08-24,4.114989733059549,Montana,Stream,True,True
12323700,"Mill Creek at Opportunity, MT",46.11360278,-112.82806111,170102010208,2025-01-01,2026-08-24,1.6427104722792607,Montana,Stream,True,True
12323720,"Willow Creek at Opportunity, MT",46.10716389,-112.810611,17010201,2025-01-01,2026-08-24,1.6427104722792607,Montana,Stream,True,True
12323750,Silver Bow Creek at Warm Springs MT,46.1794972,-112.780561,17010201,2022-07-13,2026-08-24,4.114989733059549,Montana,Stream,True,True
12323770,Warm Springs Creek at Warm Springs MT,46.180375,-112.7850778,17010201,2000-07-07,2026-08-24,26.130047912388775,Montana,Stream,True,True
12323800,Clark Fork near Galen MT,46.20824167,-112.76735,17010201,1991-10-04,2026-08-24,34.888432580424364,Montana,Stream,True,True
12323850,"Lost Creek near Galen, MT",46.2185722,-112.7741667,17010201,2025-01-01,2026-08-24,1.6427104722792607,Montana,Stream,True,True
12324200,Clark Fork at Deer Lodge MT,46.39765,-112.7425389,17010201,1978-09-14,2026-08-24,47.94250513347023,Montana,Stream,True,True
12324400,Clark Fork ab Little Blackfoot R nr Garrison MT,46.5109111,-112.789686,17010201,2017-03-29,2026-08-24,9.404517453798768,Montana,Stream,True,True
12324590,Little Blackfoot River near Garrison MT,46.5194833,-112.7931722,17010201,1999-10-01,2026-08-24,26.89664613278576,Montana,Stream,True,True
12324680,Clark Fork at Goldcreek MT,46.58998889,-112.9287139,17010201,1991-10-04,1998-09-30,6.9897330595482545,Montana,Stream,True,True
12334510,Rock Creek near Clinton MT,46.7223361,-113.683061,17010202,1995-04-14,2026-08-24,31.362080766598222,Montana,Stream,True,True
12334550,Clark Fork at Turah Bridge nr Bonner MT,46.8259111,-113.8140306,17010202,1991-10-08,1999-09-30,7.9780971937029435,Montana,Stream,True,True
12335100,Blackfoot R ab Nevada Cr nr Helmville MT,46.9187944,-113.014986,17010203,2001-10-01,2008-09-29,6.995208761122519,Montana,Stream,True,True
12337800,"Nevada Creek at mouth nr Helmville, MT",46.8907698,-113.0386674,17010203,2001-10-26,2008-10-30,7.011635865845311,Montana,Stream,True,True
12338300,NF Blackfoot R ab Dry Gulch nr Ovando MT,46.9794944,-113.092186,17010203,2001-04-25,2026-08-24,25.3305954825462,Montana,Stream,True,True
12340000,Blackfoot River near Bonner MT,46.8994111,-113.7563194,17010203,1999-09-15,2026-08-24,26.940451745379878,Montana,Stream,True,True
12340500,Clark Fork above Missoula MT,46.87676389,-113.9321194,17010204,1977-06-20,2026-08-24,49.177275838466805,Montana,Stream,True,True
12344000,Bitterroot River near Darby MT,45.97205,-114.1412333,17010205,2001-04-01,2026-08-24,25.39630390143737,Montana,Stream,True,True
12352500,Bitterroot River near Missoula MT,46.83173889,-114.054861,17010205,1999-11-10,2026-08-24,26.78713210130048,Montana,Stream,True,True
12353000,Clark Fork below Missoula MT,46.8686333,-114.1277472,17010204,1977-06-21,1982-10-06,5.292265571526352,Montana,Stream,True,True
12353650,"Clark Fork at Superior, MT",47.196389,-114.889444,170102040612,1985-07-20,2026-08-24,41.09514031485284,Montana,Stream,True,True
12354000,"St. Regis River near St. Regis, MT",47.2967111,-115.122625,17010204,1985-08-01,1991-09-29,6.160164271047228,Montana,Stream,True,True
12354500,Clark Fork at St. Regis MT,47.30163889,-115.0868694,17010204,2002-04-01,2003-09-29,1.4948665297741273,Montana,Stream,True,True
12354700,"Clark Fork near Paradise, MT",47.321944,-114.89,170102040807,1985-07-31,2026-08-24,41.06502395619439,Montana,Stream,True,True
12355500,N F Flathead River nr Columbia Falls MT,48.4957972,-114.1267639,17010206,1996-01-12,2026-08-24,30.614647501711158,Montana,Stream,True,True
12358500,M F Flathead River near West Glacier MT,48.49551667,-114.0102083,17010207,2025-07-01,2026-08-24,1.1471594798083504,Montana,Stream,True,True
12359800,S F Flathead R ab Twin C nr Hungry Horse MT,47.9790972,-113.5606833,17010209,2025-07-01,2026-08-24,1.1471594798083504,Montana,Stream,True,True
12362500,S F Flathead River nr Columbia Falls MT,48.35657778,-114.0378583,17010209,1999-02-11,2026-08-24,27.531827515400412,Montana,Stream,True,True
12363000,Flathead River at Columbia Falls MT,48.3618111,-114.18495,17010208,1979-03-27,2026-08-24,47.4113620807666,Montana,Stream,True,True
12370000,"Swan River near Bigfork, MT",48.02423056,-113.9788194,17010211,1999-10-01,2023-12-30,24.246406570841888,Montana,Stream,True,True
12372000,Flathead River near Polson MT,47.6802861,-114.2467278,17010212,1977-06-27,2026-08-24,49.158110882956876,Montana,Stream,True,True
12388700,Flathead River at Perma MT,47.36679167,-114.585,17010212,1999-07-21,2026-08-24,27.093771389459274,Montana,Stream,True,True
455657111283501,Missouri River nr Trident,45.9491781,-111.477328,10030101,2010-08-05,2011-09-21,1.1279945242984257,Montana,Stream,True,True
460230111253101,Missouri River at Clarkston,46.04162286,-111.4262148,10030101,2010-08-05,2011-09-21,1.1279945242984257,Montana,Stream,True,True
460614111234801,Missouri River above Sixteen Mile Creek nr Lombard,46.10381785,-111.3974633,10030101,2010-08-05,2011-09-21,1.1279945242984257,Montana,Stream,True,True
460709111241001,Missouri River bl Toston Dam nr Toston,46.1192346,-111.4036858,10030101,2010-08-06,2011-09-22,1.1279945242984257,Montana,Stream,True,True
461411111280601,Missouri River ab York Island nr Toston,46.2363464,-111.4692166,10030101,2010-08-06,2011-09-22,1.1279945242984257,Montana,Stream,True,True
462107111312301,Missouri River ab Canyon Ferry nr Townsend,46.35187598,-111.523858,10030101,2010-08-18,2011-09-21,1.0924024640657084,Montana,Stream,True,True
463138110580001,NF Smith R ab conf nr White Sulphur Springs,46.52708889,-110.9666306,10030103,2020-04-18,2020-07-13,0.23545516769336072,Montana,Stream,True,True
06454100,"Niobrara River at Agate, Nebr.",42.4236111,-103.7922222,10150002,2014-02-19,2026-08-24,12.509240246406572,Nebraska,Stream,True,True
06461500,"Niobrara River near Sparks, Nebr.",42.90207778,-100.36252778,101500040905,2014-03-26,2026-08-24,12.413415468856947,Nebraska,Stream,True,True
06465500,"Niobrara River near Verdel, Nebr.",42.73979444,-98.22286111,101500071004,2010-10-11,2026-08-24,15.868583162217659,Nebraska,Stream,True,True
06465520,"Niobrara River bl Soldier Cr nr Niobrara, Nebr.",42.697581,-98.119744,101500071005,2026-03-26,2026-08-24,0.4134154688569473,Nebraska,Stream,True,True
06478522,"Bow Creek near Wynot, Nebr.",42.76498611,-97.17251111,101701011107,2015-03-27,2024-11-14,9.637234770704996,Nebraska,Stream,True,True
06479097,"Missouri River near Ponca, Nebr.",42.57499688,-96.6836468,10170101,2006-03-08,2009-10-07,3.583846680355921,Nebraska,Stream,True,True
06486000,"Missouri River at Sioux City, IA",42.48619444,-96.4130833,10230001,2011-10-06,2026-08-25,14.885694729637235,Nebraska,Stream,True,True
06610000,"Missouri River at Omaha, NE",41.25905556,-95.92325,10230006,2011-10-01,2022-06-24,10.729637234770705,Nebraska,Stream,True,True
06610770,"Big Papillion Creek at Q Street at Omaha, Nebr.",41.2052,-96.01605278,102300060205,2006-09-15,2007-10-03,1.0485968514715949,Nebraska,Stream,True,True
06610795,"Papillion Creek at Fort Crook, Nebr.",41.11779167,-95.93690278,102300060206,2006-10-25,2007-10-02,0.9363449691991786,Nebraska,Stream,True,True
06680500,"North Platte River at Scottsbluff, Nebr.",41.85050833,-103.67551944,101800090810,2023-08-01,2026-06-02,2.836413415468857,Nebraska,Stream,True,True
06768000,"Platte River near Overton, Nebr.",40.68257222,-99.54023611,102001010903,2004-05-28,2026-08-24,22.239561943874058,Nebraska,Stream,True,True
06775500,"Middle Loup River at Dunning, Nebr.",41.83110278,-100.10086667,102100011004,2015-09-24,2017-12-05,2.198494182067077,Nebraska,Stream,True,True
06775900,"Dismal River near Thedford, Nebr.",41.77858611,-100.52514722,102100020806,2012-03-09,2026-08-24,14.458590006844627,Nebraska,Stream,True,True
06781600,"South Loup River at Arnold, Nebr.",41.42277778,-100.20338056,102100040110,2014-09-24,2017-11-14,3.14031485284052,Nebraska,Stream,True,True
06784000,"South Loup River at Saint Michael, Nebr.",41.032328,-98.740456,102100040508,2014-09-26,2018-10-15,4.05201916495551,Nebraska,Stream,True,True
06785500,"North Loup River at Brewster, Nebr.",41.941739,-99.860103,102100060705,2015-10-29,2020-08-28,4.832306639288158,Nebraska,Stream,True,True
06786000,"North Loup River at Taylor, Nebr.",41.776933,-99.379703,102100070101,2015-09-24,2020-09-14,4.974674880219028,Nebraska,Stream,True,True
06791300,"Loup River at Fullerton, Nebr.",41.34806987,-97.9703364,10210009,2010-04-30,2010-11-15,0.5448323066392882,Nebraska,Stream,True,True
06792490,"Loup River at Merchiston, Nebr.",41.38166667,-97.87,10210009,2010-05-04,2010-11-24,0.5585215605749486,Nebraska,Stream,True,True
06793000,"Loup River near Genoa, Nebr.",41.417514,-97.722925,102100090503,2010-05-06,2010-09-30,0.4024640657084189,Nebraska,Stream,True,True
06794500,"Loup River at Columbus, Nebr.",41.41666667,-97.3566667,10210009,2010-04-30,2010-11-15,0.5448323066392882,Nebraska,Stream,True,True
06795100,"Shell Cr .5 Mi W of Lindsay, Nebr.",41.7,-97.7055556,10200201,2008-08-21,2009-11-30,1.2758384668035592,Nebraska,Stream,True,True
06795500,"Shell Creek near Columbus, Nebr.",41.525964,-97.281597,102002010207,2008-03-29,2016-10-10,8.53388090349076,Nebraska,Stream,True,True
06795640,"Loseke Cr .5 Mi abv mouth nr Columbus, Nebr.",41.5258333,-97.2622222,10200201,2008-08-22,2009-11-30,1.273100616016427,Nebraska,Stream,True,True
06796500,"Platte River near Leshara, Nebr.",41.32,-96.403889,102002020104,2016-04-08,2026-08-24,10.376454483230663,Nebraska,Stream,True,True
06796550,"Platte River near Venice, Nebr.",41.197978,-96.339486,102002020105,2010-09-30,2026-08-24,15.898699520876113,Nebraska,Stream,True,True
06799350,"Elkhorn River at West Point, Nebr.",41.839636,-96.727411,102200030804,2014-09-17,2018-10-02,4.041067761806982,Nebraska,Stream,True,True
06800500,"Elkhorn River at Waterloo, Nebr.",41.293333,-96.283889,102200031006,2002-04-25,2026-08-24,24.331279945242983,Nebraska,Stream,True,True
06800800,"Elkhorn River at Q St Bridge near Venice, Nebr.",41.20471746,-96.2964138,10220003,2017-11-04,2017-12-18,0.12046543463381246,Nebraska,Stream,True,True
06801000,"Platte River near Ashland, Nebr.",41.062256,-96.324514,102002020105,2019-05-10,2022-09-15,3.351129363449692,Nebraska,Stream,True,True
06803197,"Antelope Cr Trib at Pioneers, 63 St at Lincoln, Ne",40.7694453,-96.6347371,10200203,2008-07-23,2011-11-27,3.345653661875428,Nebraska,Stream,True,True
06805000,"Salt Creek near Ashland, Nebr.",41.051667,-96.338611,102002031005,2007-08-29,2026-08-24,18.986995208761122,Nebraska,Stream,True,True
06805500,"Platte River at Louisville, Nebr.",41.014978,-96.1575,102002020207,2002-10-01,2007-07-16,4.788501026694045,Nebraska,Stream,True,True
06807000,"Missouri River at Nebraska City, NE",40.68180556,-95.8470833,10240001,2012-09-15,2024-08-06,11.890485968514716,Nebraska,Stream,True,True
06813500,"Missouri River at Rulo, NE",40.05205556,-95.42175,10240005,2012-06-16,2025-01-28,12.618754277891854,Nebraska,Stream,True,True
06881430,"Cub Creek near Beatrice, Nebr.",40.29166746,-96.8341939,10270202,2016-03-30,2016-12-01,0.6735112936344969,Nebraska,Stream,True,True
403134095431101,"Kansas Chute Downstream, Nebr.",40.51697778,-95.7097972,10240001,2012-03-28,2012-10-29,0.5886379192334018,Nebraska,Stream,True,True
403135095431201,"Kansas Chute Upstream, Nebr.",40.5219722,-95.7237972,10240001,2012-03-28,2012-10-29,0.5886379192334018,Nebraska,Stream,True,True
403455095462401,"Upper Hamburg Chute Outlet, Nebr.",40.58205556,-95.7734444,10240001,2012-04-13,2012-10-28,0.5420944558521561,Nebraska,Stream,True,True
404824096380001,"Deadmans Run trib at Mesaverde Dr at Lincoln, NE",40.80655556,-96.6333889,10200203,2008-07-23,2011-11-27,3.345653661875428,Nebraska,Stream,True,True
410333095530101,"Missouri River near La Platte, Nebr.",41.059353,-95.883669,102300060603,2013-04-13,2022-12-14,9.670088980150581,Nebraska,Stream,True,True
410536096194801,"Mid-East Chute of Platte R nr Camp Ashland, Nebr.",41.0933611,-96.3301667,10200202,2016-09-09,2022-10-02,6.061601642710472,Nebraska,Stream,True,True
411351096164101,"Elkhorn River at Center St Bridge near Venice, NE",41.2308333,-96.2780556,10220003,2017-11-03,2017-12-19,0.12594113620807665,Nebraska,Stream,True,True
411632096020701,"Cole Creek at Hillside Drive at Omaha, Nebr.",41.27555556,-96.0352778,10230006,2006-09-27,2007-10-02,1.0130047912388775,Nebraska,Stream,True,True
411829096004801,"Cole Creek at Parkview Lane at Omaha, Nebr.",41.30805556,-96.0133333,10230006,2006-09-14,2007-10-02,1.0485968514715949,Nebraska,Stream,True,True
412126095565201,"Missouri River at NP Dodge Park at Omaha, Nebr.",41.3574722,-95.9477778,10230006,2006-08-01,2022-12-14,16.369609856262834,Nebraska,Stream,True,True
413038097241801,"Shell Cr 4 Mi SE of Platte Center, Nebr.",41.51027778,-97.405,10200201,2008-09-04,2009-11-30,1.2375085557837098,Nebraska,Stream,True,True
413227097125001,"Taylor Creek 1.5 Mi abv mouth nr Columbus, Nebr.",41.5408333,-97.2138889,10200201,2008-08-22,2008-11-12,0.2245037645448323,Nebraska,Stream,True,True
413329097291501,"Elm Creek near Platte Center, Nebr.",41.55777778,-97.4872222,10200201,2008-08-14,2009-11-30,1.2950034223134839,Nebraska,Stream,True,True
413433097345101,"Shell Creek 5 Mi SW of Tarnov, Nebr.",41.5761111,-97.5811111,10200201,2008-08-21,2009-11-30,1.2758384668035592,Nebraska,Stream,True,True
413831097384501,"Shell Cr 5 Mi SE of Lindsay, Nebr.",41.63991667,-97.6447222,10200201,2008-08-21,2009-11-30,1.2758384668035592,Nebraska,Stream,True,True
414542097473901,"Shell Creek Near Newman Grove, Nebr.",41.7615833,-97.7940833,10200201,2009-04-02,2009-11-30,0.6625598904859685,Nebraska,Stream,True,True
09415089,"VIRGIN RV ABV BUNKERVILLE DIV NR MESQUITE, NV",36.7955312,-114.069968,15010010,2019-07-18,2025-06-10,5.897330595482546,Nevada,Stream,True,True
094150891,"VIRGIN RV BLW BUNKERVILLE DIV NR MESQUITE, NV",36.7953083,-114.070436,15010010,2020-06-11,2020-10-12,0.33675564681724846,Nevada,Stream,True,True
09415090,"VIRGIN RV AT MESQUITE, NV",36.79027778,-114.093611,15010010,2020-06-09,2020-10-13,0.34496919917864477,Nevada,Stream,True,True
09415250,"VIRGIN RV ABV LAKE MEAD NR OVERTON, NV",36.51325,-114.3359806,15010005,2008-02-16,2010-06-11,2.316221765913758,Nevada,Stream,True,True
09415850,"PAHRANAGAT WASH NR MOAPA, NV",36.72941417,-114.7699971,15010012,1988-07-27,1993-02-28,4.591375770020534,Nevada,Stream,True,True
09416000,"MUDDY RV NR MOAPA, NV",36.7110817,-114.6952715,15010012,1988-06-25,1992-11-23,4.413415468856948,Nevada,Stream,True,True
09418700,"MEADOW VALLEY WASH NR ROX, NV",36.8382,-114.658056,150100130909,1988-06-22,1993-04-22,4.832306639288158,Nevada,Stream,True,True
09419507,"MUDDY RV AT LEWIS AVENUE AT OVERTON, NV",36.53527778,-114.4283333,15010012,2007-11-02,2010-11-02,3.0006844626967832,Nevada,Stream,True,True
094196783,"LV WASH BLW FLAMINGO WASH CONFL NR LAS VEGAS, NV",36.13969527,-115.0477755,15010015,2002-01-31,2004-08-16,2.54072553045859,Nevada,Stream,True,True
09419679,"LAS VEGAS WASTEWAY NR E LAS VEGAS, NV",36.10805,-115.0219944,15010015,1980-08-19,1987-09-30,7.112936344969199,Nevada,Stream,True,True
09419700,"LAS VEGAS WASH AT PABCO RD NR HENDERSON, NV",36.08747539,-114.9858276,15010015,1985-11-08,1987-09-30,1.891854893908282,Nevada,Stream,True,True
09419755,"LV WASH AT POWERLINE CROSSING BLW HENDERSON, NV",36.10219804,-114.9386039,15010015,1986-02-20,1987-09-30,1.6071184120465434,Nevada,Stream,True,True
09419800,"LV WASH BLW LAKE LAS VEGAS NR BOULDER CITY, NV",36.12219816,-114.904992,15010015,1979-11-06,1986-02-06,6.253251197809719,Nevada,Stream,True,True
09421500,"COLORADO RV BLW HOOVER DAM, AZ-NV",36.01525847,-114.7385936,15030101,1985-10-01,1987-09-30,1.995893223819302,Nevada,Stream,True,True
10243228,S FK BIG WASH ABV GREAT BSN NAT PK BDY NR BAKER NV,38.8835319,-114.1882697,16020301,2003-05-08,2004-09-30,1.3990417522245038,Nevada,Stream,True,True
10243230,"SNAKE CK ABV PIPELINE NR BAKER, NV",38.9216143,-114.2244382,16020301,2002-10-12,2004-09-30,1.9685147159479808,Nevada,Stream,True,True
10243232,"SNAKE CK AT GREAT BSN NAT PK BDY NR BAKER, NV",38.9188372,-114.1327685,16020301,2002-10-11,2004-08-08,1.8261464750171115,Nevada,Stream,True,True
10243233,"SNAKE CK BLW SPRING CK NR GARRISON, UT",38.91844855,-114.101073,16020301,2003-05-09,2004-09-30,1.3963039014373717,Nevada,Stream,True,True
10243234,"SNAKE CK AT NV-UT STATE LINE NR GARRISON, UT",38.92961537,-114.049377,16020301,2003-05-09,2004-09-30,1.3963039014373717,Nevada,Stream,True,True
10243240,"BAKER CK AT NARROWS NR BAKER, NV",38.9907799,-114.2066609,16020301,2003-05-10,2004-09-30,1.3935660506502396,Nevada,Stream,True,True
10243260,"LEHMAN CK NR BAKER, NV",39.0116129,-114.2144392,16020301,2003-09-30,2004-09-30,1.002053388090349,Nevada,Stream,True,True
10243265,"ROWLAND SPGS AT GREAT BASIN NAT PK NR BAKER, NV",39.0085574,-114.2077723,16020301,2002-11-21,2004-09-30,1.8590006844626967,Nevada,Stream,True,True
10243280,STRAWBERRY CK ABV GREAT BSN NAT PK BDY NR BAKER NV,39.06441767,-114.258691,16020301,2003-05-07,2004-09-30,1.4017796030116358,Nevada,Stream,True,True
10243630,"WILLIAMS CYN ABV AQUEDUCT NR MINERVA, NV",38.94522439,-114.3588869,16060008,2002-10-12,2004-09-30,1.9685147159479808,Nevada,Stream,True,True
10243640,"SHINGLE CK NR GREAT BSN NAT PK BDY NR OSCEOLA, NV",39.0055011,-114.3602768,16060008,2002-10-12,2004-09-30,1.9685147159479808,Nevada,Stream,True,True
10246835,"BIG WARM SPGS NR DUCKWATER, NV",38.95019444,-115.7032778,16060012,2023-12-14,2026-08-24,2.6940451745379876,Nevada,Stream,True,True
10249300,"S TWIN RV NR ROUND MOUNTAIN, NV",38.8874302,-117.2453673,16060004,1978-09-08,2026-08-24,47.95893223819302,Nevada,Stream,True,True
10301500,"WALKER RV NR WABUSKA, NV",39.1524611,-119.0988889,16050303,1995-05-27,2026-08-24,31.24435318275154,Nevada,Stream,True,True
10302002,"WALKER RV AT LATERAL 2-A SIPHON NR SCHURZ, NV",38.94019785,-118.8037557,16050303,1995-05-27,2026-08-24,31.24435318275154,Nevada,Stream,True,True
10302025,"WALKER RV NR MOUTH AT WALKER LAKE, NV",38.79103038,-118.727085,16050304,2015-05-13,2026-07-18,11.181382614647502,Nevada,Stream,True,True
10308800,"BRYANT CK NR GARDNERVILLE, NV",38.79379494,-119.672673,16050201,1981-12-11,1982-10-14,0.840520191649555,Nevada,Stream,True,True
10309000,"E FK CARSON RV NR GARDNERVILLE, NV",38.84519444,-119.7060833,16050201,1993-11-18,2004-08-24,10.765229295003422,Nevada,Stream,True,True
10311400,"CARSON RV AT DEER RUN RD NR CARSON CITY, NV",39.18137778,-119.6948694,16050201,1994-10-08,1995-08-31,0.8952772073921971,Nevada,Stream,True,True
10312000,"CARSON RV NR FORT CHURCHILL, NV",39.29166667,-119.311111,16050202,1994-10-18,1996-12-01,2.1218343600273784,Nevada,Stream,True,True
10312180,"CARSON LAKE DRAIN ABV CARSON LAKE NR FALLON, NV",39.3432525,-118.7443152,16050203,1994-02-18,1996-10-23,2.6776180698151952,Nevada,Stream,True,True
10312185,"RICE DITCH AT GAGE NR FALLON, NV",39.35853047,-118.6879242,16050203,1994-02-19,1996-10-31,2.6967830253251197,Nevada,Stream,True,True
10312210,"STILLWATER POINT RES DIV CANAL NR FALLON, NV",39.47330278,-118.5986278,16050203,1990-10-16,2015-07-12,24.736481861738536,Nevada,Stream,True,True
10312218,"STILLWATER SLOUGH AT STILLWATER, NV",39.5213079,-118.5473653,16050203,1994-11-19,1996-10-31,1.949349760438056,Nevada,Stream,True,True
1031221902,"S-LINE DIVERSION CANAL NEAR STILLWATER, NV",39.53353015,-118.5193087,16050203,1991-08-17,2004-09-23,13.103353867214237,Nevada,Stream,True,True
10312275,"CARSON RV AT TARZYN RD NR FALLON, NV",39.55880594,-118.7259842,16050203,1993-11-24,1995-09-29,1.8453114305270362,Nevada,Stream,True,True
10313400,"MARYS RV BLW ORANGE BRG NR CHARLESTON, NV",41.54991275,-115.3067288,16040101,1991-11-15,2011-10-11,19.904175222450377,Nevada,Stream,True,True
10315600,"MARYS RV BLW TWIN BUTTES NR DEETH, NV",41.15436386,-115.2711684,16040101,1992-06-10,2009-08-02,17.144421629021217,Nevada,Stream,True,True
10317480,"BEAVER CK ABV CONF N FK HUMBOLDT RV NR HALLECK, NV",41.3297222,-115.5719444,16040102,2018-02-22,2023-05-07,5.201916495550993,Nevada,Stream,True,True
10321000,"HUMBOLDT RV NR CARLIN, NV",40.72769715,-116.009242,16040101,1981-05-08,1983-09-29,2.3928815879534566,Nevada,Stream,True,True
10333000,"HUMBOLDT RV NR IMLAY, NV",40.6924048,-118.204312,16040108,1998-07-15,2000-09-29,2.209445585215606,Nevada,Stream,True,True
10335000,"HUMBOLDT RV NR RYE PATCH, NV",40.4674063,-118.3076469,16040108,1998-09-16,2000-09-29,2.0369609856262834,Nevada,Stream,True,True
10336000,"HUMBOLDT RV NR LOVELOCK, NV",40.0521327,-118.46709,16040108,1998-09-15,2000-09-29,2.0396988364134154,Nevada,Stream,True,True
10336035,"TOULON DRAIN AT DERBY FIELD RD NR TOULON, NV",40.08352067,-118.5795939,16040108,1998-07-16,2000-09-29,2.206707734428474,Nevada,Stream,True,True
10336039,"ARMY DRAIN ABV IRON BRD NR LOVELOCK, NV",40.0424101,-118.5529258,16040108,1999-04-08,2000-09-29,1.4784394250513346,Nevada,Stream,True,True
10336698,"THIRD CK NR CRYSTAL BAY, NV",39.24046325,-119.9465774,16050101,2019-10-01,2024-02-27,4.407939767282683,Nevada,Stream,True,True
10336700,"INCLINE CK NR CRYSTAL BAY, NV",39.2401855,-119.9449106,16050101,2019-10-01,2024-02-27,4.407939767282683,Nevada,Stream,True,True
10336730,"GLENBROOK CK AT GLENBROOK, NV",39.08740806,-119.9399057,16050101,1998-04-08,2026-08-24,28.37782340862423,Nevada,Stream,True,True
103367592,"EAGLE ROCK CK NR STATELINE, NV",38.95657448,-119.9276805,16050101,2003-03-05,2003-09-29,0.5694729637234771,Nevada,Stream,True,True
10347310,"DOG CK AT VERDI, NV",39.5243537,-119.9954782,16050102,1993-06-08,1994-09-30,1.3114305270362765,Nevada,Stream,True,True
10347336,"TRUCKEE RV NR VERDI, NV",39.51935396,-119.9729771,16050102,1980-03-27,1980-04-29,0.09034907597535935,Nevada,Stream,True,True
10347460,"TRUCKEE RV NR MOGUL, NV",39.50713218,-119.931864,16050102,1993-10-01,1994-09-30,0.9965776865160849,Nevada,Stream,True,True
10347620,"HUNTER CK ABV LAST CHANCE DITCH NR RENO, NV",39.50352144,-119.890473,16050102,1993-04-30,1994-09-30,1.4182067077344285,Nevada,Stream,True,True
10348000,"TRUCKEE RV AT RENO, NV",39.53018865,-119.7954684,16050102,1989-08-26,1998-09-29,9.092402464065708,Nevada,Stream,True,True
10348200,"TRUCKEE RV NR SPARKS, NV",39.51761667,-119.7416444,16050102,1980-02-05,2026-08-24,46.548939082819984,Nevada,Stream,True,True
10348300,"N TRUCKEE DRAIN AT KLEPPE LN NR SPARKS, NV",39.52657819,-119.7093535,16050102,1993-07-03,1998-09-29,5.240246406570842,Nevada,Stream,True,True
10349980,"STEAMBOAT CK AT CLEANWATER WAY NR RENO, NV",39.5129672,-119.712409,16050102,1993-11-11,1998-09-29,4.8815879534565365,Nevada,Stream,True,True
10349995,"RENO-SPARKS STP OUTFALL AT RENO, NV",39.51852275,-119.7040754,16050102,1994-01-15,1998-09-29,4.70362765229295,Nevada,Stream,True,True
10350000,"TRUCKEE RV AT VISTA, NV",39.5204672,-119.7010198,16050102,1988-06-15,1994-09-30,6.291581108829569,Nevada,Stream,True,True
10350050,"TRUCKEE RV AT LOCKWOOD, NV",39.50991209,-119.6487954,16050102,1980-05-09,1981-02-19,0.783025325119781,Nevada,Stream,True,True
10350390,"TRUCKEE RV ABV TRACY, NV",39.5660232,-119.5304575,16050102,1977-03-14,1981-11-16,4.676249144421629,Nevada,Stream,True,True
10350400,"TRUCKEE RV BLW TRACY, NV",39.5645,-119.5203778,16050102,1977-04-20,1982-02-10,4.810403832991102,Nevada,Stream,True,True
10350405,"TRUCKEE RV RT BK BLW TRACY, NV",39.56435665,-119.5182348,16050102,1977-03-14,1981-12-16,4.758384668035592,Nevada,Stream,True,True
10350500,"TRUCKEE RV AT CLARK, NV",39.565453,-119.486186,160501020607,1978-06-15,2026-08-24,48.19164955509925,Nevada,Stream,True,True
10351000,"TRUCKEE RV AT DERBY DAM, NV",39.58546777,-119.449343,16050102,1980-02-01,1980-12-08,0.8514715947980835,Nevada,Stream,True,True
10351590,"TRUCKEE CANAL AT US 50 AB LAHONTAN RES, NV",39.4690819,-119.0676612,16050203,1980-05-22,1980-09-29,0.35592060232717315,Nevada,Stream,True,True
10351600,"TRUCKEE RV BLW DERBY DAM NR WADSWORTH, NV",39.58463448,-119.4412872,16050102,1988-06-17,2026-08-24,38.18480492813142,Nevada,Stream,True,True
10351650,"TRUCKEE RV AT WADSWORTH, NV",39.63213447,-119.2832254,16050103,1979-12-21,2001-09-29,21.7741273100616,Nevada,Stream,True,True
10351700,"TRUCKEE RV NR NIXON, NV",39.7773722,-119.3375222,16050103,1980-05-17,2026-08-24,46.26967830253251,Nevada,Stream,True,True
10353500,"QUINN RV NR MC DERMITT, NV",41.77489345,-117.8051426,16040201,1980-08-01,1983-10-14,3.2005475701574264,Nevada,Stream,True,True
13104900,SHOSHONE CREEK .5 MILE ABV MOUTH NR SAN JACINTO NV,41.94944444,-114.6844444,17040213,2007-03-20,2007-10-17,0.5776865160848734,Nevada,Stream,True,True
364700114080301,"VIRGIN RV NR BUNKERVILLE, NV",36.7833611,-114.1340806,15010010,2019-07-23,2024-09-25,5.177275838466803,Nevada,Stream,True,True
364723114054401,"BUNKERVILLE DIV BLW RIVERSIDE BRDG NR MESQUITE, NV",36.7897583,-114.0956472,15010010,2020-06-17,2021-10-08,1.3086926762491444,Nevada,Stream,True,True
364731114045601,"BUNKERVILLE DV BLW GRAPVINE RD NR MESQUITE, NV",36.79208056,-114.082311,15010010,2020-06-09,2020-10-08,0.33127994524298426,Nevada,Stream,True,True
364737114050101,"VIRGIN RV NEAR GRAPEVINE RD NR MESQUITE, NV",36.79353889,-114.0836306,15010010,2019-07-18,2024-10-15,5.245722108145106,Nevada,Stream,True,True
010642505,"SACO RIVER AT RIVER STREET, AT BARTLETT, NH",44.08388889,-71.2855556,1060002,2009-09-18,2026-08-24,16.930869267624914,New Hampshire,Stream,True,True
01072870,"ISINGLASS R AT ROCHESTER NECK RD, NR DOVER, NH",43.23480487,-70.9564507,1060003,2016-05-20,2023-09-30,7.36208076659822,New Hampshire,Stream,True,True
01073319,"LAMPREY RIVER AT LANGFORD ROAD, AT RAYMOND, NH",43.04138889,-71.2016667,1060003,2008-07-04,2023-09-30,15.238877481177276,New Hampshire,Stream,True,True
01078000,"SMITH RIVER NEAR BRISTOL, NH",43.56646307,-71.747857,1070001,2022-07-22,2023-10-16,1.2347707049965777,New Hampshire,Stream,True,True
01091000,"SOUTH BRANCH PISCATAQUOG RIVER NEAR GOFFSTOWN, NH",43.01480519,-71.64146129,1070002,2012-07-13,2025-09-30,13.215605749486652,New Hampshire,Stream,True,True
01093852,"SOUHEGAN RIVER (SITE WLR-1) NEAR MILFORD, NH",42.8425858,-71.7067399,1070002,2016-06-17,2023-09-30,7.285420944558521,New Hampshire,Stream,True,True
01129200,"CONNECTICUT R BELOW INDIAN STREAM NR PITTSBURG, NH",45.04032368,-71.4439704,1080101,1999-06-17,2024-09-30,25.28952772073922,New Hampshire,Stream,True,True
01129500,"CONNECTICUT RIVER AT NORTH STRATFORD, NH",44.74977166,-71.63120018,1080101,1999-06-17,2026-08-24,27.186858316221766,New Hampshire,Stream,True,True
01154950,"COLD RIVER AT HIGH STREET, AT ALSTEAD, NH",43.14944444,-72.3616667,1080104,2016-06-22,2023-09-30,7.271731690622861,New Hampshire,Stream,True,True
01157000,"ASHUELOT RIVER NEAR GILSUM, NH",43.03924586,-72.2700858,1080201,2015-09-30,2026-08-24,10.899383983572895,New Hampshire,Stream,True,True
01160000,"S BR ASHUELOT RIVER AT WEBB, NR MARLBOROUGH, NH",42.8720265,-72.2136952,1080201,1972-08-07,1977-10-19,5.19917864476386,New Hampshire,Stream,True,True
01367625,Wallkill River at Sparta NJ,41.04027778,-74.6297222,2020007,2003-08-26,2003-08-27,0.0027378507871321013,New Jersey,Stream,True,True
01367770,Wallkill River near Sussex NJ,41.19388889,-74.57527778,2020007,2003-08-06,2003-08-07,0.0027378507871321013,New Jersey,Stream,True,True
01367780,Papakating Creek near Wykertown NJ,41.16666667,-74.7269444,2020007,2001-07-18,2001-07-19,0.0027378507871321013,New Jersey,Stream,True,True
01367800,Papakating Creek at Pellettown NJ,41.16277778,-74.67527778,2020007,2001-07-21,2001-07-22,0.0027378507871321013,New Jersey,Stream,True,True
01368820,Double Kill at Wawayanda NJ,41.18694444,-74.42,2020007,2000-08-09,2000-08-09,0.0,New Jersey,Stream,True,True
01378387,Tenakill Bk at Old Closter Dock Rd at Closter NJ,40.9786111,-73.9666667,2030103,2001-07-20,2001-07-22,0.0054757015742642025,New Jersey,Stream,True,True
01378560,Coles Bk at Hackensack NJ,40.9111111,-74.04027778,2030103,2000-09-06,2000-09-07,0.0027378507871321013,New Jersey,Stream,True,True
01378780,Primrose Bk at Morristown National Hist Park NJ,40.765,-74.5297222,2030103,2000-08-08,2000-08-09,0.0027378507871321013,New Jersey,Stream,True,True
01379000,Passaic River near Millington NJ,40.68,-74.52888889,2030103,1997-04-10,2000-08-27,3.381245722108145,New Jersey,Stream,True,True
01379200,Dead River near Millington NJ,40.6497222,-74.5241667,2030103,2001-07-11,2001-07-12,0.0027378507871321013,New Jersey,Stream,True,True
01379680,Rockaway R at Longwood Valley NJ,40.95388889,-74.5711111,2030103,1997-06-13,1998-10-28,1.374401095140315,New Jersey,Stream,True,True
01379773,Green Pond Brook at Picatinny Arsenal NJ,40.96,-74.53972222,20301030401,1983-10-29,1986-10-02,2.926762491444216,New Jersey,Stream,True,True
01379790,Green Pond Brook at Wharton NJ,40.91777778,-74.5836111,2030103,1983-11-03,1985-04-16,1.4510609171800137,New Jersey,Stream,True,True
01382000,Passaic River at Two Bridges NJ,40.8972222,-74.27277778,2030103,1969-06-06,2005-09-07,36.25462012320329,New Jersey,Stream,True,True
01382170,Pequannock River at NJ Route 23 near Oak Ridge NJ,41.07777778,-74.4897222,2030103,2009-07-25,2014-10-30,5.2648870636550305,New Jersey,Stream,True,True
01382210,Pequannock River at Oak Ridge NJ,41.0397222,-74.5016667,2030103,2010-04-16,2026-08-24,16.355920602327174,New Jersey,Stream,True,True
01382310,Clinton Brook at La Rue Road at Newfoundland NJ,41.0597222,-74.44027778,2030103,2010-04-07,2014-10-30,4.563997262149213,New Jersey,Stream,True,True
01382381,Pequannock River at Charlotteburg NJ,41.02666667,-74.4244444,2030103,2010-04-27,2014-10-30,4.509240246406571,New Jersey,Stream,True,True
01382385,Pequannock River at Green Pond Junction NJ,41.02472222,-74.40833333,20301030502,2010-04-08,2014-10-30,4.561259411362081,New Jersey,Stream,True,True
01382500,Pequannock River at Macopin Intake Dam NJ,41.01833333,-74.40111111,20301030502,2001-07-14,2014-10-30,13.295003422313483,New Jersey,Stream,True,True
01388000,Ramapo River at Pompton Lakes NJ,40.99194444,-74.28,20301030205,1989-04-01,2026-08-25,37.399041752224505,New Jersey,Stream,True,True
01388500,Pompton River at Pompton Plains NJ,40.9697222,-74.2819444,2030103,2002-05-07,2002-07-22,0.2080766598220397,New Jersey,Stream,True,True
01389000,Pompton River at Two Bridges NJ,40.89777778,-74.2725,20301030503,1969-06-06,1974-09-29,5.314168377823409,New Jersey,Stream,True,True
01389005,Passaic River below Pompton Riv at Two Bridges NJ,40.89638889,-74.26916667,20301030801,1989-04-01,2026-08-24,37.39630390143737,New Jersey,Stream,True,True
01389138,Deepavaal Brook at Fairfield NJ,40.88638889,-74.27277778,2030103,2000-08-16,2000-08-17,0.0027378507871321013,New Jersey,Stream,True,True
01389500,Passaic River at Little Falls NJ,40.88472222,-74.22611111,20301030802,1980-10-07,2002-07-22,21.78781656399726,New Jersey,Stream,True,True
01390500,Saddle River at Ridgewood NJ,40.985,-74.0905556,2030103,1997-04-10,1998-06-23,1.2019164955509924,New Jersey,Stream,True,True
01391100,Hohokus Brook at mouth at Paramus NJ,40.95527778,-74.1005556,2030103,2000-09-06,2009-09-07,9.00205338809035,New Jersey,Stream,True,True
01391500,Saddle River at Lodi NJ,40.89027778,-74.0805556,2030103,2000-09-06,2009-09-07,9.00205338809035,New Jersey,Stream,True,True
01391550,Saddle River at Garfield NJ,40.86388889,-74.0997222,2030103,2001-07-18,2001-07-19,0.0027378507871321013,New Jersey,Stream,True,True
01394500,Rahway River near Springfield NJ,40.6875,-74.3116667,2030104,2001-07-13,2001-07-15,0.0054757015742642025,New Jersey,Stream,True,True
01395000,Rahway River at Rahway NJ,40.61888889,-74.28333333,20301040104,2001-07-13,2001-07-15,0.0054757015742642025,New Jersey,Stream,True,True
01396085,SB Raritan River at Manor House Rd at Budd Lake NJ,40.86277778,-74.7547222,2030105,2020-07-23,2021-08-31,1.106091718001369,New Jersey,Stream,True,True
01396500,South Branch Raritan River near High Bridge NJ,40.67777778,-74.8791667,2030105,2020-07-30,2021-08-30,1.0841889117043122,New Jersey,Stream,True,True
01396550,Spruce Run at Newport NJ,40.7247222,-74.9091667,2030105,2000-08-22,2001-07-09,0.8788501026694046,New Jersey,Stream,True,True
01396660,Mulhockaway Creek at Van Syckel NJ,40.6475,-74.96888889,20301050103,2003-07-15,2003-07-16,0.0027378507871321013,New Jersey,Stream,True,True
01397000,South Branch Raritan River at Stanton NJ,40.57222222,-74.86805556,20301050105,1968-11-28,2009-09-21,40.813141683778234,New Jersey,Stream,True,True
01398000,Neshanic River at Reaville NJ,40.47333333,-74.82777778,20301050106,1997-04-09,2003-07-16,6.26694045174538,New Jersey,Stream,True,True
01399690,South Branch Rockaway Creek at Whitehouse NJ,40.6233333,-74.7666667,2030105,1977-05-05,1978-09-29,1.4017796030116358,New Jersey,Stream,True,True
01399700,Rockaway Creek at Whitehouse NJ,40.63027778,-74.7361111,2030105,1977-04-30,1978-09-29,1.4154688569472964,New Jersey,Stream,True,True
01400500,Raritan River at Manville NJ,40.55555556,-74.58277778,2030105,2003-08-28,2026-08-24,22.989733059548254,New Jersey,Stream,True,True
01400510,Raritan R near Manville NJ,40.54277778,-74.5672222,2030105,1967-11-22,1974-09-28,6.850102669404517,New Jersey,Stream,True,True
01401000,Stony Brook at Princeton NJ,40.33305556,-74.68194444,20301050302,1997-04-09,2021-08-30,24.39151266255989,New Jersey,Stream,True,True
01401600,Beden Brook near Rocky Hill NJ,40.41444444,-74.65027778,20301050309,1997-04-09,1998-10-29,1.5550992470910336,New Jersey,Stream,True,True
01402000,Millstone River at Blackwells Mills NJ,40.475,-74.57583333,20301050312,2001-08-01,2026-08-24,25.062286105407257,New Jersey,Stream,True,True
01402900,Millstone River near Manville NJ,40.5422222,-74.56777778,2030105,1968-05-23,1974-09-28,6.349075975359343,New Jersey,Stream,True,True
01403385,Bound Brook at Route 28 at Middlesex NJ,40.5808333,-74.4991667,2030105,2001-07-11,2001-07-12,0.0027378507871321013,New Jersey,Stream,True,True
01404100,Raritan River near South Bound Brook NJ,40.54056667,-74.5138083,2030105,1969-05-01,2009-09-21,40.39151266255989,New Jersey,Stream,True,True
01408000,Manasquan River at Squankum NJ,40.16138889,-74.15472222,20403010102,1969-07-02,2021-09-21,52.2217659137577,New Jersey,Stream,True,True
01408029,Manasquan River near Allenwood NJ,40.14666667,-74.12222222,20403010105,2006-12-29,2026-08-24,19.652292950034223,New Jersey,Stream,True,True
01408500,Toms River near Toms River NJ,39.98638889,-74.2233333,2040301,1974-11-23,2014-09-30,39.85215605749487,New Jersey,Stream,True,True
01409095,Oyster Creek near Brookville NJ,39.7983333,-74.25027778,2040301,1975-02-01,1976-09-29,1.6591375770020533,New Jersey,Stream,True,True
0140928320,Westecunk Crk 3700 ft US of mouth nr West Creek NJ,39.62052778,-74.2736861,2040301,2018-05-22,2018-08-22,0.2518822724161533,New Jersey,Stream,True,True
01409416,Hammonton Creek at Wescoatville NJ,39.63388889,-74.71777778,2040301,2001-08-21,2001-08-22,0.0027378507871321013,New Jersey,Stream,True,True
01409810,West Branch Wading River near Jenkins NJ,39.68805556,-74.5480556,2040301,1978-05-11,1981-10-12,3.4223134839151266,New Jersey,Stream,True,True
01410784,Great Egg Harbor R near Sicklerville NJ,39.73361111,-74.95111111,20403020101,1996-04-03,1998-09-12,2.4421629021218343,New Jersey,Stream,True,True
01411000,Great Egg Harbor River at Folsom NJ,39.59472222,-74.85166667,20403020106,1968-12-24,1980-05-18,11.397672826830938,New Jersey,Stream,True,True
01411400,Fishing C at Rio Grande NJ,39.0275,-74.89638889,2040206,2001-06-26,2001-06-27,0.0027378507871321013,New Jersey,Stream,True,True
01411500,Maurice River at Norma NJ,39.49555556,-75.07694444,20402060405,1980-01-18,2022-06-17,42.41204654346338,New Jersey,Stream,True,True
01411955,Gravelly Run at Laurel Lake NJ,39.3372222,-75.0508333,2040206,2000-08-30,2000-08-31,0.0027378507871321013,New Jersey,Stream,True,True
01412000,Menantico Creek near Millville NJ,39.41916667,-74.96583333,20402060503,2019-09-25,2024-10-21,5.073237508555784,New Jersey,Stream,True,True
01412080,Manumuskin River at Cumberland NJ,39.37305556,-74.94472222,20402060506,2019-10-02,2026-08-25,6.896646132785763,New Jersey,Stream,True,True
01412350,Delaware Bay at Ship John Shoal Lighthouse NJ,39.30541667,-75.3765556,2040204,1970-02-10,1986-07-13,16.418891170431213,New Jersey,Stream,True,True
01438399,Shimers Brook at Millville Road near Montague NJ,41.31305556,-74.7786111,2040104,2001-08-01,2001-08-29,0.07665982203969883,New Jersey,Stream,True,True
01440000,Flat Brook near Flatbrookville NJ,41.10611111,-74.9525,20401041003,2000-08-18,2024-08-17,23.99726214921287,New Jersey,Stream,True,True
01442760,Dunnfield Creek at Dunnfield NJ,40.9708333,-75.1266667,2040104,2000-08-18,2000-08-20,0.0054757015742642025,New Jersey,Stream,True,True
01443250,Paulins Kill at Warbasse Jct Rd near Lafayette NJ,41.08555556,-74.6991667,2040105,2003-07-22,2003-07-23,0.0027378507871321013,New Jersey,Stream,True,True
01445160,Bear Brook at Dark Moon Road near Johnsonburg NJ,40.975,-74.84888889,2040105,2003-07-22,2003-07-23,0.0027378507871321013,New Jersey,Stream,True,True
01445500,Pequest River at Pequest NJ,40.83055556,-74.97777778,20401050204,2024-05-08,2026-08-24,2.294318959616701,New Jersey,Stream,True,True
01445900,Honey Run near Hope NJ,40.8925,-74.9780556,2040105,2003-08-20,2003-08-21,0.0027378507871321013,New Jersey,Stream,True,True
01446500,Delaware River at Belvidere NJ,40.82638889,-75.0825,20401050603,2019-03-14,2024-04-08,5.070499657768652,New Jersey,Stream,True,True
01455030,Lopatcong Creek at Allens Mills NJ,40.74027778,-75.1211111,2040105,2022-03-11,2023-04-02,1.0595482546201231,New Jersey,Stream,True,True
01455045,Lopatcong Creek at Uniontown NJ,40.72113889,-75.1441111,2040105,2022-03-11,2023-04-02,1.0595482546201231,New Jersey,Stream,True,True
01455047,"Lopatcong Creek tributary at Uniontown, NJ",40.71627778,-75.1401944,2040105,2022-03-11,2023-04-02,1.0595482546201231,New Jersey,Stream,True,True
01455097,Lopatcong Ck DS of Chestnut St at Phillipsburg NJ,40.67780556,-75.16238889,2040105,2022-03-04,2023-04-03,1.08145106091718,New Jersey,Stream,True,True
01455098,"Lopatcong Creek trib2 at Alpha, NJ",40.67216667,-75.1582222,2040105,2022-03-04,2023-04-03,1.08145106091718,New Jersey,Stream,True,True
01455120,Pohatcong Ck at Janes Chapel Rd at Mount Bethel NJ,40.8386111,-74.9,2040105,2003-08-20,2003-08-21,0.0027378507871321013,New Jersey,Stream,True,True
01455129,Pohatcong Crk US of Willever lk nr Washington NJ,40.80269444,-74.9479444,2040105,2022-03-09,2022-12-21,0.785763175906913,New Jersey,Stream,True,True
01455135,Pohatcong C at Tunnel Hill Rd nr Washington NJ,40.785,-74.96138889,2040105,2022-03-09,2023-04-02,1.0650239561943875,New Jersey,Stream,True,True
01455145,Pohatcong Creek at Rt 57 at Washington NJ,40.7525,-75.00138889,2040105,2022-03-09,2023-04-02,1.0650239561943875,New Jersey,Stream,True,True
01455149,Shabbecong Creek at Railroad St at Washington NJ,40.75944444,-74.9730556,2040105,2022-11-10,2023-04-02,0.3915126625598905,New Jersey,Stream,True,True
01455164,Brass Castle Ck at Kayharts ln at Pleasant Vly NJ,40.75738889,-75.0161944,2040105,2022-03-09,2023-04-02,1.0650239561943875,New Jersey,Stream,True,True
01455181,Mill Brook nr Millbrook Rd at Broadway NJ,40.73969444,-75.0625833,2040105,2022-03-11,2023-04-02,1.0595482546201231,New Jersey,Stream,True,True
01455210,Pohatcong Creek at Willow Grove NJ,40.6982222,-75.0848611,2040105,2022-03-12,2023-04-02,1.056810403832991,New Jersey,Stream,True,True
01455240,Merrill Creek near Stewartsville NJ,40.6822222,-75.1080556,2040105,2022-03-04,2023-04-03,1.08145106091718,New Jersey,Stream,True,True
01455250,Pohatcong Creek trib 10 at Kennedy Mills NJ,40.66994444,-75.1054722,2040105,2022-03-04,2023-04-03,1.08145106091718,New Jersey,Stream,True,True
01455265,Pohatcong Creek near Kennedy Mills NJ,40.65494444,-75.1259444,2040105,2022-03-11,2022-12-31,0.8076659822039699,New Jersey,Stream,True,True
01455290,Pohatcong Crk at Creek Rd nr Carpentersville NJ,40.6354722,-75.16863889,2040105,2019-04-04,2026-08-24,7.389459274469542,New Jersey,Stream,True,True
01456050,Musconetcong R at Hackettstown NJ,40.85555556,-74.81027778,2040105,2023-04-08,2023-09-06,0.4134154688569473,New Jersey,Stream,True,True
01456060,Bowers Brook at Hackettstown NJ,40.8508333,-74.8233333,2040105,2022-03-03,2023-11-01,1.6646132785763177,New Jersey,Stream,True,True
01456078,Mine Brook at Heron Dr nr Hackettstown NJ,40.8415833,-74.8115556,2040105,2022-03-03,2023-11-01,1.6646132785763177,New Jersey,Stream,True,True
01456110,Trout Brook at Grand Av nr Hackettstown NJ,40.84425,-74.8403611,2040105,2022-03-03,2023-08-21,1.4674880219028064,New Jersey,Stream,True,True
01456170,Schooleys Mountian Brk nr Beattystown NJ,40.82016667,-74.8296667,2040105,2022-03-03,2023-11-01,1.6646132785763177,New Jersey,Stream,True,True
01456212,Musconetcong Rv US Old Tpke Rd nr Beattystown NJ,40.80344444,-74.8628611,2040105,2022-03-03,2023-11-05,1.675564681724846,New Jersey,Stream,True,True
01456550,Musconetcong R at Changewater NJ,40.7383333,-74.94138889,2040105,2022-03-09,2023-09-21,1.5359342915811087,New Jersey,Stream,True,True
01456887,Musconetcong River US of Trib 4 nr Asbury NJ,40.6792222,-75.046,2040105,2022-03-02,2023-10-06,1.596167008898015,New Jersey,Stream,True,True
01457005,Musconetcong River trib 6 nr Bloomsbury NJ,40.66969444,-75.0671111,2040105,2022-03-02,2023-11-01,1.6673511293634498,New Jersey,Stream,True,True
01457400,Musconetcong River at Riegelsville NJ,40.5925,-75.1861111,2040105,2001-07-07,2022-11-07,21.336071184120467,New Jersey,Stream,True,True
01457500,Delaware River at Riegelsville NJ,40.59472222,-75.18972222,20401050605,2019-04-10,2026-08-25,7.3757700205338805,New Jersey,Stream,True,True
01458500,Delaware River at Frenchtown NJ,40.52611111,-75.065,20401050904,2014-10-01,2026-08-25,11.898699520876113,New Jersey,Stream,True,True
01460380,Del and Rar Ca feeder at Washington Crossing NJ,40.29666667,-74.86694444,20401050910,2018-03-01,2026-08-25,8.484599589322382,New Jersey,Stream,True,True
01460400,Del and Rar Ca feed at L Ferry Rd at Trenton NJ,40.2447222,-74.8191667,2040105,1998-01-15,1999-02-08,1.0650239561943875,New Jersey,Stream,True,True
01460440,Delaware and Raritan Canal at Port Mercer NJ,40.30444444,-74.685,20401050803,1998-01-09,1999-05-03,1.3114305270362765,New Jersey,Stream,True,True
01460530,Delaware and Raritan Ca at Griggstown NJ,40.43805556,-74.6141667,2030105,1998-01-14,1999-02-08,1.0677618069815196,New Jersey,Stream,True,True
01460565,Delaware & Rar Ca at Ten Mile Lock nr  Manville NJ,40.5408333,-74.5686111,2030105,1998-01-14,1999-05-03,1.297741273100616,New Jersey,Stream,True,True
01460595,Del & Rar Canal at Landing La at New Brunswick NJ,40.50777778,-74.46416667,20301050506,2012-02-01,2026-08-24,14.559890485968515,New Jersey,Stream,True,True
01460600,Delaware and Raritan Canal at New Brunswick NJ,40.5075,-74.4591667,2030105,1998-02-27,1999-05-03,1.1772758384668036,New Jersey,Stream,True,True
01460860,Lockatong Creek at Route 12 at Baptistown NJ,40.51694444,-74.99166667,20401050905,2019-10-12,2024-09-30,4.969199178644764,New Jersey,Stream,True,True
01460880,Lockatong Creek at Raven Rock NJ,40.4161111,-75.01777778,2040105,2000-07-18,2000-09-10,0.14784394250513347,New Jersey,Stream,True,True
01462000,Delaware River at Lambertville NJ,40.36472222,-74.94888889,20401050909,2019-03-15,2024-12-02,5.71937029431896,New Jersey,Stream,True,True
01463500,Delaware River at Trenton NJ,40.22166667,-74.77805556,20401050911,1965-10-01,1995-09-29,29.99315537303217,New Jersey,Stream,True,True
01463850,Miry Run at Route 533 at Mercerville NJ,40.24694444,-74.6866667,2040105,2001-07-06,2001-07-08,0.0054757015742642025,New Jersey,Stream,True,True
01464020,Assunpink Creek at Peace St at Trenton NJ,40.2172222,-74.7686111,2040105,2005-09-09,2005-09-14,0.013689253935660506,New Jersey,Stream,True,True
01464040,Delaware River at Marine Terminal at Trenton NJ,40.18916667,-74.7558333,2040201,2018-10-18,2026-08-25,7.852156057494867,New Jersey,Stream,True,True
01464290,Crosswicks Ck at Hockamik Rd near Cookstown NJ,40.03611111,-74.53611111,20402010101,2009-06-09,2026-08-25,17.21013004791239,New Jersey,Stream,True,True
01464500,Crosswicks Creek at Extonville NJ,40.13722222,-74.6,20402010103,2020-02-01,2026-08-24,6.5598904859685145,New Jersey,Stream,True,True
01464504,Crosswicks Creek at Groveville Rd at Groveville NJ,40.1672222,-74.6775,2040201,2006-09-14,2022-08-10,15.904175222450377,New Jersey,Stream,True,True
01464515,Doctors Creek at Allentown NJ,40.17694444,-74.59888889,2040201,2000-08-10,2000-08-13,0.008213552361396304,New Jersey,Stream,True,True
01464527,Blacks C at Chesterfield NJ,40.10944444,-74.6416667,2040201,2001-08-17,2001-08-19,0.0054757015742642025,New Jersey,Stream,True,True
01464529,Bacons Run near Mansfield Square NJ,40.1075,-74.6847222,2040201,2003-07-08,2003-07-09,0.0027378507871321013,New Jersey,Stream,True,True
01464578,Annaricken Brook near Jobstown NJ,40.05527778,-74.7019444,2040201,2003-07-08,2003-07-09,0.0027378507871321013,New Jersey,Stream,True,True
01465806,Bread And Cheese Rn at Friendship NJ,39.86194444,-74.69888889,2040202,2025-04-10,2026-06-01,1.1416837782340863,New Jersey,Stream,True,True
01465850,South Branch Rancocas Creek at Vincentown NJ,39.94,-74.76305556,20402020204,2019-11-15,2024-09-30,4.876112251882272,New Jersey,Stream,True,True
0146587310,Haynes C at Tuckerton Rd at Lake Pine NJ,39.86772222,-74.84175,20402020202,2019-12-14,2024-10-09,4.82135523613963,New Jersey,Stream,True,True
01465880,Southwest Branch Rancocas Creek at Medford NJ,39.89527778,-74.82361111,20402020203,2020-03-12,2026-08-24,6.450376454483231,New Jersey,Stream,True,True
01465900,SWB Rancocas C at Eayrestown NJ,39.94694444,-74.7991667,2040202,2021-07-28,2022-08-11,1.0376454483230664,New Jersey,Stream,True,True
01465905,"South Branch Rancocas Creek at Lumberton, NJ",39.96116667,-74.8075833,2040202,2021-07-28,2022-08-31,1.0924024640657084,New Jersey,Stream,True,True
01465950,NB Rancocas Creek at Hanover Furnace NJ,39.97944444,-74.5247222,2040202,2021-07-29,2022-07-09,0.944558521560575,New Jersey,Stream,True,True
01465951,NB Rancocas C at Lk Shore Dr at Hanover Furnace NJ,39.97652778,-74.5338333,2040202,2021-07-29,2022-04-28,0.7474332648870636,New Jersey,Stream,True,True
01465959,Jacks Run at Range Rd near Hanover Furnace NJ,39.99205556,-74.56975,2040202,2021-07-29,2022-08-12,1.0376454483230664,New Jersey,Stream,True,True
01465963,Ong Run at Trenton Rd near Browns Mills NJ,39.98769444,-74.5926944,2040202,2021-07-29,2022-08-15,1.0458590006844628,New Jersey,Stream,True,True
01465965,Ong Run at Browns Mills NJ,39.97638889,-74.5766667,2040202,2021-07-29,2026-04-06,4.687200547570157,New Jersey,Stream,True,True
0146597010,NB Rancocas Crk DS of Mirror Lk at Browns Mills NJ,39.9674722,-74.5820833,2040202,2021-07-29,2022-08-11,1.0349075975359343,New Jersey,Stream,True,True
01465980,NB Rancocas C at New Lisbon NJ,39.96027778,-74.6291667,2040202,2021-07-23,2022-08-12,1.054072553045859,New Jersey,Stream,True,True
01465987,SB Mount Misery Brook near Woodmansie NJ,39.88994444,-74.47527778,2040202,2021-07-21,2025-08-10,4.054757015742642,New Jersey,Stream,True,True
01465991,South Branch Mt Misery Bk in Byrne State Forest NJ,39.91638889,-74.5147222,2040202,2021-07-22,2026-05-04,4.783025325119781,New Jersey,Stream,True,True
01465995,"MB Mt Misery Bk at Glass Works Rd, Byrne St For NJ",39.9061111,-74.48138889,2040202,2021-07-21,2022-07-11,0.971937029431896,New Jersey,Stream,True,True
01466000,Middle Br Mount Misery Bk in Byrne State Forest NJ,39.91666667,-74.5080556,2040202,2021-07-21,2022-07-19,0.9938398357289527,New Jersey,Stream,True,True
01466081,NB Mt Misery Bk at Glassworks Rd at Byrne St Fr NJ,39.9223611,-74.4783611,2040202,2021-07-21,2022-08-11,1.056810403832991,New Jersey,Stream,True,True
01466088,NB Mount Misery Brook at Mount Misery NJ,39.91819444,-74.5084722,2040202,2021-07-22,2026-05-04,4.783025325119781,New Jersey,Stream,True,True
01466100,Mount Misery Brook at Upton NJ,39.92888889,-74.5311111,2040202,2021-07-22,2026-04-06,4.706365503080082,New Jersey,Stream,True,True
01466196,Cranberry Branch near Whitesbog NJ,39.9565833,-74.5239444,2040202,2021-07-22,2022-08-15,1.0650239561943875,New Jersey,Stream,True,True
01466200,Pole Bridge Branch near Browns Mills NJ,39.94666667,-74.5558333,2040202,2021-07-22,2022-06-29,0.9363449691991786,New Jersey,Stream,True,True
01466240,Greenwood Branch near Browns Mills NJ,39.9426111,-74.5817222,2040202,2021-07-22,2026-06-01,4.85968514715948,New Jersey,Stream,True,True
01466300,Gum Spring near Presidential Lakes NJ,39.93877778,-74.5781667,2040202,2021-07-22,2026-06-01,4.85968514715948,New Jersey,Stream,True,True
01466500,McDonalds Branch in Byrne State Forest NJ,39.885,-74.50527778,20402020102,1968-10-23,2026-08-24,57.83436002737851,New Jersey,Stream,True,True
01466510,McDonalds B 2000' ds ff gage in Byrne State For NJ,39.88352778,-74.5113333,2040202,2025-04-26,2025-06-22,0.15605749486652978,New Jersey,Stream,True,True
01466600,McDonalds Branch at Cooper Road at McDonalds NJ,39.90469444,-74.5540833,2040202,2022-03-19,2022-08-11,0.39698836413415467,New Jersey,Stream,True,True
01466610,Cooper Br at Glasshouse Rd in Byrne St Forest NJ,39.8743333,-74.5173333,2040202,2021-07-21,2022-07-12,0.974674880219028,New Jersey,Stream,True,True
01466620,Cooper Branch at Muddy Rd nr McDonald NJ,39.89125,-74.5395556,2040202,2021-07-21,2026-04-26,4.763860369609857,New Jersey,Stream,True,True
01466640,Shinns Branch near Four Mile NJ,39.894,-74.5555833,2040202,2021-07-21,2025-09-21,4.16974674880219,New Jersey,Stream,True,True
01466800,Bisphams Mill C near Presidential Lakes NJ,39.9236111,-74.5916667,2040202,2021-07-23,2022-06-22,0.9144421629021219,New Jersey,Stream,True,True
01466850,Greenwood Br at Greenwood Brdg Rd nr New Lisbon NJ,39.9479722,-74.6089444,2040202,2021-07-22,2022-03-15,0.6461327857631759,New Jersey,Stream,True,True
01466900,Greenwood Branch at New Lisbon NJ,39.9561111,-74.62777778,2040202,2019-11-13,2026-08-24,6.778918548939083,New Jersey,Stream,True,True
01466940,NB Rancocas C DS of Greenwood Br at New Lisbon NJ,39.96205556,-74.6410556,2040202,2021-07-23,2022-06-19,0.9062286105407256,New Jersey,Stream,True,True
01466950,NB Rancocas C near Pemberton NJ,39.96277778,-74.6566667,2040202,2021-07-23,2022-06-20,0.9089664613278576,New Jersey,Stream,True,True
01467000,North Branch Rancocas Creek at Pemberton NJ,39.97,-74.68444444,20402020103,2020-01-07,2026-08-24,6.628336755646817,New Jersey,Stream,True,True
0146700140,Budd Run at Pemberton NJ,39.976278,-74.681083,20402020103,2021-08-08,2026-04-06,4.659822039698836,New Jersey,Stream,True,True
01467002,NB Rancocas C at Birmingham NJ,39.97888889,-74.7097222,2040202,2021-07-30,2022-08-11,1.0321697467488022,New Jersey,Stream,True,True
0146700255,Indian Run at Brandywine Rd at Birmingham NJ,39.98188889,-74.7076667,2040202,2021-07-23,2026-04-06,4.70362765229295,New Jersey,Stream,True,True
01467003,North Branch Rancocas Creek at Ewansville NJ,39.98194444,-74.7361111,2040202,2021-07-23,2022-08-16,1.0650239561943875,New Jersey,Stream,True,True
01467004,North Branch Rancocas Creek at Smithville NJ,39.98555556,-74.7511111,2040202,2025-05-13,2026-04-09,0.9062286105407256,New Jersey,Stream,True,True
01467005,NB Rancocas C at Iron Works Park at Mount Holly NJ,39.99305556,-74.78138889,2040202,2020-01-31,2026-08-24,6.562628336755647,New Jersey,Stream,True,True
01467016,Rancocas Creek at Willingboro NJ,40.00888889,-74.8891667,2040202,1969-08-07,1974-01-30,4.48186173853525,New Jersey,Stream,True,True
01467024,Rancocas Creek at Bridgeboro NJ,40.02916667,-74.9316667,2040202,2019-09-26,2026-08-24,6.910335386721424,New Jersey,Stream,True,True
01467059,Delaware River at Riverton NJ,40.01513889,-75.01769444,20402020403,2019-08-16,2024-09-30,5.125256673511293,New Jersey,Stream,True,True
01467081,South Branch Pennsauken Creek at Cherry Hill NJ,39.94166667,-75.00111111,20402020401,2019-11-08,2026-08-24,6.792607802874743,New Jersey,Stream,True,True
01467150,Cooper River at Haddonfield NJ,39.90305556,-75.02138889,20402020404,1998-10-28,2026-08-24,27.822039698836413,New Jersey,Stream,True,True
01467194,"Cooper River at East State Street at Camden, NJ",39.95138889,-75.1105556,2040202,2023-02-01,2026-08-25,3.561943874058864,New Jersey,Stream,True,True
01467359,North Branch Big Timber Creek at Glendora NJ,39.83444444,-75.0669444,2040202,2001-09-05,2001-09-09,0.010951403148528405,New Jersey,Stream,True,True
01475001,Mantua Creek at East Holly Avenue at Pitman NJ,39.73888889,-75.1144444,2040202,2021-07-28,2022-08-11,1.0376454483230664,New Jersey,Stream,True,True
01477070,Raccoon Creek at Wrights Mill NJ,39.68611111,-75.18444444,20402020606,2020-01-30,2026-08-25,6.568104038329911,New Jersey,Stream,True,True
01477120,Raccoon Creek near Swedesboro NJ,39.74055556,-75.25916667,20402020606,1998-10-28,2026-08-24,27.822039698836413,New Jersey,Stream,True,True
01482500,Salem River at Woodstown NJ,39.64388889,-75.33027778,20402060102,2001-07-25,2001-07-26,0.0027378507871321013,New Jersey,Stream,True,True
01482530,Major Run at Sharptown NJ,39.64888889,-75.3744444,2040206,2001-07-25,2009-07-09,7.956194387405886,New Jersey,Stream,True,True
07214550,"MORA CREEK AT HOLMAN, NM",36.03521667,-105.3799833,11080004,2024-08-01,2026-08-24,2.0616016427104724,New Mexico,Stream,True,True
07218525,"SAPELLO RIVER ABOVE SAPELLO, NM",35.77298889,-105.3044806,11080004,2024-08-16,2026-08-24,2.020533880903491,New Mexico,Stream,True,True
07227100,"REVUELTO CREEK NEAR LOGAN, NM",35.3443861,-103.3896056,11080008,2025-06-11,2026-08-24,1.2019164955509924,New Mexico,Stream,True,True
08279500,"RIO GRANDE AT EMBUDO, NM",36.20555556,-105.9639722,13020101,2023-12-02,2026-08-24,2.726899383983573,New Mexico,Stream,True,True
08290000,"RIO CHAMA NEAR CHAMITA, NM",36.07355556,-106.1116944,13020102,2004-12-25,2026-08-24,21.661875427789184,New Mexico,Stream,True,True
08313000,"RIO GRANDE AT OTOWI BRIDGE, NM",35.8745,-106.1424444,13020101,1972-01-01,2026-08-19,54.63107460643395,New Mexico,Stream,True,True
08317400,"RIO GRANDE BELOW COCHITI DAM, NM",35.618,-106.3239444,13020201,1971-07-15,2026-08-24,55.110198494182065,New Mexico,Stream,True,True
08324000,"JEMEZ RIVER NEAR JEMEZ, NM",35.6619833,-106.7434389,13020202,2024-01-19,2026-07-20,2.4996577686516086,New Mexico,Stream,True,True
08329918,"RIO GRANDE AT ALAMEDA BRIDGE AT ALAMEDA, NM",35.1977222,-106.6427778,13020203,2005-02-12,2026-06-05,21.308692676249144,New Mexico,Stream,True,True
08329928,"RIO GRANDE NR ALAMEDA, NM",35.182,-106.6519444,13020203,1999-03-04,2000-09-29,1.5742642026009583,New Mexico,Stream,True,True
08363510,"RIO GRANDE BELOW LEASBURG DAM AT FORT SELDEN, NM",32.47731016,-106.920566,13030102,2008-12-20,2026-08-18,17.659137577002053,New Mexico,Stream,True,True
08377900,"RIO MORA NEAR TERRERO, NM",35.77711389,-105.6580278,13060001,2011-11-17,2026-08-24,14.767967145790555,New Mexico,Stream,True,True
08380500,"GALLINAS CREEK NEAR MONTEZUMA, NM",35.65199444,-105.3188306,13060001,2022-08-12,2026-08-20,4.0219028062970565,New Mexico,Stream,True,True
08386970,"GAVILAN CANYON AT SKUNK CANYON NR HOLLYWOOD, NM",33.34488056,-105.6439111,13060008,2023-09-08,2024-12-30,1.3114305270362765,New Mexico,Stream,True,True
08405200,"PECOS RIVER BELOW DARK CANYON AT CARLSBAD, NM",32.409275,-104.2149722,13060011,2012-10-01,2026-07-18,13.793292265571527,New Mexico,Stream,True,True
08405400,"BLACK RIVER AT HARKEY CROSSING NR MALAGA, NM",32.2359472,-104.1966472,13060011,2019-06-29,2026-08-24,7.15400410677618,New Mexico,Stream,True,True
08406500,"PECOS RIVER NEAR MALAGA, NM",32.20754167,-104.023875,13060011,2003-09-30,2024-11-25,21.155373032169745,New Mexico,Stream,True,True
08407500,"PECOS RIVER AT RED BLUFF, NM",32.07519167,-104.0394361,13060011,2011-06-17,2026-08-24,15.186858316221766,New Mexico,Stream,True,True
09355500,"SAN JUAN RIVER NEAR ARCHULETA, NM",36.80188889,-107.6986389,14080101,2014-03-05,2026-08-24,12.470910335386721,New Mexico,Stream,True,True
09364010,"ANIMAS RIVER BELOW AZTEC, NM",36.81836667,-108.0229944,14080104,2016-03-10,2023-10-03,7.564681724845996,New Mexico,Stream,True,True
09364500,"ANIMAS RIVER AT FARMINGTON, NM",36.7225,-108.20175,14080104,2014-03-06,2026-08-24,12.46817248459959,New Mexico,Stream,True,True
09365000,"SAN JUAN RIVER AT FARMINGTON, NM",36.72301667,-108.2255889,14080105,2014-03-06,2026-08-24,12.46817248459959,New Mexico,Stream,True,True
09368000,"SAN JUAN RIVER AT SHIPROCK, NM",36.77666667,-108.6830556,14080105,1989-10-01,2026-08-24,36.8952772073922,New Mexico,Stream,True,True
355410106371510,"SULPHUR CR AT NFS-BACA BNDRY NR JEMEZ SPRINGS, NM",35.9028,-106.621425,130202020202,2024-10-04,2024-11-25,0.14236824093086928,New Mexico,Stream,True,True
01302020,BRONX RIVER AT NY BOTANICAL GARDEN AT BRONX NY,40.86230556,-73.87438889,2030102,2021-06-29,2026-08-24,5.152635181382615,New York,Stream,True,True
01304010,"NISSEQUOGUE RIVER AT LANDING AVE AT SMITHTOWN, NY",40.863583,-73.20075,20302010302,2026-08-13,2026-08-24,0.030116358658453114,New York,Stream,True,True
01306495,CONNETQUOT RIVER DISTRIBUTARY NEAR OAKDALE NY,40.747583,-73.150389,20302020401,2026-06-04,2026-08-24,0.22176591375770022,New York,Stream,True,True
01308000,SAMPAWAMS CREEK AT BABYLON NY,40.704361,-73.313639,20302020403,2026-06-12,2026-08-24,0.1998631074606434,New York,Stream,True,True
01308500,CARLLS RIVER AT BABYLON NY,40.70897222,-73.32880556,20302020404,2026-06-26,2026-08-24,0.16153319644079397,New York,Stream,True,True
01309500,MASSAPEQUA CREEK AT MASSAPEQUA NY,40.689,-73.45538889,20302020201,2008-01-25,2010-09-30,2.6803559206023273,New York,Stream,True,True
01342732,MOHAWK RIVER AT ILION NY,43.01975,-75.028472,20200040706,2019-05-17,2025-10-28,6.450376454483231,New York,Stream,True,True
0134277112,HONNEDAGA LAKE TRIBUTARY NO. 2 NR FOREST LODGE NY,43.53380556,-74.8618333,2020004,2012-03-16,2018-09-30,6.54072553045859,New York,Stream,True,True
0134277114,HONNEDAGA LAKE TRIBUTARY NO. 3 NR FOREST LODGE NY,43.53138889,-74.8529167,2020004,2012-03-16,2018-09-30,6.54072553045859,New York,Stream,True,True
0134277119,HONNEDAGA L TRIB NO 4 AT FOREST LODGE NY,43.52105556,-74.8011111,2020004,2012-01-26,2016-10-24,4.744695414099931,New York,Stream,True,True
0134277121,HONNEDAGA LAKE TRIBUTARY NO. 5 AT FOREST LODGE NY,43.51430556,-74.7988611,2020004,2012-03-16,2016-10-24,4.607802874743326,New York,Stream,True,True
0134277123,HONNEDAGA LAKE TRIBUTARY NO. 6 AT FOREST LODGE NY,43.5115,-74.8148611,2020004,2012-03-16,2016-08-23,4.438056125941136,New York,Stream,True,True
01349527,MOHAWK R ABOVE STATE HIGHWAY 30A AT FONDA NY,42.95044444,-74.371,2020004,2022-05-14,2026-08-24,4.2792607802874745,New York,Stream,True,True
01353900,SCHOHARIE CREEK AT MILL POINT NEAR FORT HUNTER NY,42.8875,-74.2781944,2020005,2025-04-03,2026-08-24,1.3908281998631074,New York,Stream,True,True
01353995,SCHOHARIE CREEK AT FORT HUNTER NY,42.93666667,-74.2812222,2020005,2021-12-04,2026-08-24,4.720054757015743,New York,Stream,True,True
0135403025,MOHAWK R BLW PEPPER ISLAND AT FORT JOHNSON NY,42.95319444,-74.2381111,2020004,2018-09-29,2026-08-24,7.901437371663245,New York,Stream,True,True
01354083,MOHAWK RIVER AT AMSTERDAM NY,42.934,-74.1918611,2020004,2021-12-02,2026-08-25,4.728268309377139,New York,Stream,True,True
01354230,MOHAWK RIVER AT LOCK 9 AT ROTTERDAM JUNCTION NY,42.87827778,-74.04075,2020004,2021-12-03,2026-08-24,4.722792607802875,New York,Stream,True,True
01354330,MOHAWK RIVER AT LOCK 8 NEAR SCHENECTADY NY,42.82801389,-73.9907,2020004,2019-05-09,2025-12-09,6.587268993839836,New York,Stream,True,True
01355475,MOHAWK RIVER AT REXFORD NY,42.8511111,-73.88725,2020004,2019-04-11,2026-08-24,7.370294318959616,New York,Stream,True,True
0135749950,MOHAWK RIVER DIVERSION TO POWER PLANT AT COHOES NY,42.785694,-73.710417,20200041110,2021-02-27,2026-03-31,5.086926762491444,New York,Stream,True,True
01358000,HUDSON RIVER AT GREEN ISLAND NY,42.75225,-73.68908333,20200031107,2024-05-22,2024-06-30,0.10677618069815195,New York,Stream,True,True
01359133,PATROON CR AT NORTHERN BLVD AT ALBANY NY,42.67138889,-73.7555556,2020006,2002-12-05,2009-03-30,6.316221765913758,New York,Stream,True,True
01359139,HUDSON RIVER AT ALBANY NY,42.64788889,-73.7475,2020006,2002-02-27,2026-08-24,24.487337440109513,New York,Stream,True,True
01359165,HUDSON RIVER AT PORT OF ALBANY NY,42.61952778,-73.7589167,2020006,2019-05-03,2026-04-28,6.9869952087611225,New York,Stream,True,True
0135980207,HUDSON RIVER NEAR SCHODACK LANDING NY,42.4996111,-73.7768056,2020006,2019-04-22,2026-04-28,7.017111567419575,New York,Stream,True,True
0136219503,ESOPUS CREEK BELOW LOST CLOVE RD AT BIG INDIAN NY,42.09788889,-74.4490833,2020006,2025-06-01,2026-08-24,1.2292950034223136,New York,Stream,True,True
01362200,ESOPUS CREEK AT ALLABEN NY,42.11688889,-74.38008333,20200060902,2025-06-01,2026-08-24,1.2292950034223136,New York,Stream,True,True
01362230,DIVERSION FROM SCHOHARIE RESERVOIR NY,42.11488889,-74.36361111,20200060902,1997-07-09,2026-08-24,29.125256673511295,New York,Stream,True,True
01362232,BROADSTREET HOLLOW BROOK AT HWY28 AT ALLABEN NY,42.112556,-74.358694,20200060902,2025-05-31,2025-11-07,0.4380561259411362,New York,Stream,True,True
0136230002,WOODLAND CREEK ABOVE MOUTH AT PHOENICIA NY,42.0797222,-74.3345833,2020006,2025-05-31,2025-10-21,0.3915126625598905,New York,Stream,True,True
0136230005,WOODLAND CREEK AT MOUTH AT PHOENICIA NY,42.0813333,-74.3316111,2020006,2025-06-06,2025-09-24,0.30116358658453113,New York,Stream,True,True
01362500,ESOPUS CREEK AT COLDBROOK NY,42.0144722,-74.2701944,2020006,1996-06-01,2026-08-24,30.22861054072553,New York,Stream,True,True
01363556,ESOPUS CREEK NEAR LOMONTVILLE NY,41.8793333,-74.1453611,2020006,2023-10-07,2026-08-24,2.8802190280629705,New York,Stream,True,True
01364959,RONDOUT CR ABOVE RED BROOK AT PEEKAMOOSE NY,41.93694444,-74.3747222,2020007,2020-09-30,2024-10-28,4.076659822039699,New York,Stream,True,True
01365100,CANNONSVILLE RES DIV CHANNEL NR GRAHAMSVILLE NY,41.8521111,-74.51302778,2020007,2018-12-20,2026-08-24,7.676933607118412,New York,Stream,True,True
01365550,CHESTNUT CREEK AT MOUTH AT GRAHAMSVILLE NY,41.8490833,-74.5318333,2020007,2018-09-14,2026-08-24,7.942505133470226,New York,Stream,True,True
01376307,HUDSON RIVER AT WATER GRANT STREET AT YONKERS NY,40.93625,-73.904306,20301010404,2019-05-11,2025-11-30,6.5571526351813825,New York,Stream,True,True
01376515,HUDSON RIVER AT PIER 84 AT NEW YORK NY,40.764639,-74.003194,20301010405,2021-11-19,2025-04-29,3.4414784394250515,New York,Stream,True,True
01376520,HUDSON RIVER AT PIER 25 AT NEW YORK NY,40.72152778,-74.0156111,2030101,2019-07-31,2026-03-31,6.666666666666667,New York,Stream,True,True
01413500,EAST BRANCH DELAWARE RIVER AT MARGARETVILLE NY,42.14477778,-74.65336111,20401020306,2018-09-21,2024-10-06,6.0424366872005475,New York,Stream,True,True
01414500,MILL BROOK NEAR DUNRAVEN NY,42.10616667,-74.73052778,20401020401,2019-10-10,2024-09-30,4.974674880219028,New York,Stream,True,True
01415000,TREMPER KILL NEAR ANDES NY,42.11966667,-74.82044444,20401020402,2019-10-10,2024-09-30,4.974674880219028,New York,Stream,True,True
01415460,TERRY CLOVE KILL NEAR DE LANCEY NY,42.14711111,-74.90522222,20401020404,2019-12-13,2024-09-30,4.799452429842574,New York,Stream,True,True
01417000,EAST BRANCH DELAWARE RIVER AT DOWNSVILLE NY,42.07502778,-74.97627778,2040102,2019-07-12,2024-10-28,5.297741273100616,New York,Stream,True,True
01417500,EAST BRANCH DELAWARE RIVER AT HARVARD NY,42.0245833,-75.11927778,2040102,1978-06-02,2026-08-24,48.22724161533196,New York,Stream,True,True
01419500,WILLOWEMOC CREEK NR LIVINGSTON MANOR NY,41.90352778,-74.81275,20401020103,2018-08-31,2026-08-24,7.9808350444900755,New York,Stream,True,True
01420500,BEAVER KILL AT COOKS FALLS NY,41.94641667,-74.9796667,2040102,1987-09-30,2026-08-25,38.902121834360024,New York,Stream,True,True
01421000,EAST BRANCH DELAWARE RIVER AT FISHS EDDY NY,41.973278,-75.174722,20401020505,1975-10-01,2025-04-17,49.544147843942504,New York,Stream,True,True
01421500,EAST BRANCH DELAWARE RIVER AT HANCOCK NY,41.952167,-75.276694,20401020507,2025-04-03,2026-08-24,1.3908281998631074,New York,Stream,True,True
01423000,WEST BRANCH DELAWARE RIVER AT WALTON NY,42.1661111,-75.14002778,2040101,2018-10-19,2026-08-24,7.846680355920602,New York,Stream,True,True
01425000,WEST BRANCH DELAWARE RIVER AT STILESVILLE NY,42.07491667,-75.3958056,2040101,1975-10-01,2026-08-25,50.899383983572896,New York,Stream,True,True
01425805,OQUAGA CREEK AT MCCLURE NY,42.04869444,-75.4851944,2040101,2019-12-13,2026-08-24,6.69678302532512,New York,Stream,True,True
01426500,WEST BRANCH DELAWARE RIVER AT HALE EDDY NY,42.00302778,-75.38352778,2040101,1977-04-15,2026-08-24,49.35797399041752,New York,Stream,True,True
01427000,WEST BRANCH DELAWARE RIVER AT HANCOCK NY,41.95216667,-75.2909444,2040101,1996-09-30,2026-08-24,29.897330595482547,New York,Stream,True,True
01427301,DELAWARE RIVER NEAR HANKINS NY,41.82369918,-75.1129467,2040101,1993-08-11,2007-05-07,13.735797399041752,New York,Stream,True,True
01427500,CALLICOON CREEK AT CALLICOON NY,41.76055556,-75.04838889,2040101,2019-05-17,2026-08-24,7.271731690622861,New York,Stream,True,True
01428000,TENMILE RIVER AT TUSTEN NY,41.56377778,-75.01438889,2040101,2018-08-17,2026-08-24,8.019164955509925,New York,Stream,True,True
01428500,DELAWARE R ABOVE LACKAWAXEN R NEAR BARRYVILLE NY,41.50875,-74.9860556,2040101,1975-10-01,2026-08-24,50.89664613278576,New York,Stream,True,True
01433005,MONGAUP R BELOW SWINGING BRIDGE RESERVOIR NY,41.56727778,-74.78327778,2040104,2019-08-09,2026-08-24,7.041752224503765,New York,Stream,True,True
01433500,MONGAUP RIVER NEAR MONGAUP NY,41.4612222,-74.75877778,2040104,2013-09-30,2026-08-24,12.898015058179329,New York,Stream,True,True
0143400680,E BR NEVERSINK R NORTHEAST OF DENNING NY,41.967361,-74.448083,20401040302,2019-10-01,2026-08-24,6.896646132785763,New York,Stream,True,True
01434017,EAST BRANCH NEVERSINK RIVER NEAR CLARYVILLE NY,41.92538889,-74.54005556,20401040302,2020-01-17,2024-09-30,4.70362765229295,New York,Stream,True,True
01434021,W BR NEVERSINK R AT WINNISOOK L NR FROST VALLEY NY,42.011111,-74.414444,20401040301,2019-09-17,2026-08-24,6.934976043805612,New York,Stream,True,True
01434025,BISCUIT BK ABOVE PIGEON BK AT FROST VALLEY NY,41.9960833,-74.5002222,2040104,2018-09-30,2026-08-24,7.898699520876113,New York,Stream,True,True
01434498,WEST BRANCH NEVERSINK RIVER AT CLARYVILLE NY,41.92041667,-74.57438889,2040104,2020-01-11,2026-08-24,6.617385352498289,New York,Stream,True,True
01435000,NEVERSINK RIVER NEAR CLARYVILLE NY,41.88994444,-74.5898056,2040104,2012-01-12,2026-08-24,14.614647501711156,New York,Stream,True,True
01436000,NEVERSINK RIVER AT NEVERSINK NY,41.82030556,-74.63552778,20401040305,2019-07-13,2026-08-24,7.115674195756331,New York,Stream,True,True
01436655,SHELDRAKE STREAM AT THOMPSONVILLE NY,41.66783333,-74.62302778,20401040304,2019-11-23,2026-08-24,6.751540041067762,New York,Stream,True,True
01436690,NEVERSINK RIVER AT BRIDGEVILLE NY,41.63780556,-74.61738889,20401040307,1992-10-09,2026-08-24,33.87268993839836,New York,Stream,True,True
01437100,GUMAER BROOK NEAR WURTSBORO NY,41.59594444,-74.4681944,2040104,2019-12-11,2024-09-30,4.804928131416838,New York,Stream,True,True
01437349,BASHER KILL BLW BASHAKILL MARSH AT WESTBROOKVILLE,41.49963889,-74.5522222,2040104,2020-09-17,2026-08-24,5.932922655715264,New York,Stream,True,True
01437400,BASHER KILL AT CUDDEBACKVILLE NY,41.45394444,-74.5893056,2040104,2019-10-20,2020-09-14,0.9034907597535934,New York,Stream,True,True
01437500,NEVERSINK RIVER AT GODEFFROY NY,41.44127778,-74.60183333,20401040308,2018-10-19,2026-08-24,7.846680355920602,New York,Stream,True,True
01503000,SUSQUEHANNA RIVER AT CONKLIN NY,42.03555556,-75.80227778,2050101,2012-05-24,2014-06-12,2.0506502395619437,New York,Stream,True,True
01507000,CHENANGO RIVER AT GREENE NY,42.32444444,-75.77125,2050102,2012-05-17,2013-09-29,1.3689253935660506,New York,Stream,True,True
03011020,ALLEGHENY RIVER AT SALAMANCA NY,42.1568333,-78.7155556,5010001,2011-09-23,2026-08-13,14.888432580424366,New York,Stream,True,True
04213500,CATTARAUGUS CREEK AT GOWANDA NY,42.46344444,-78.9345278,4120102,2011-06-01,2026-08-24,15.23066392881588,New York,Stream,True,True
04218601,ERIE (BARGE) C ABV HALLS WASTE WEIR AT LOCKPORT NY,43.17469444,-78.6890556,4130001,2021-05-07,2026-08-24,5.297741273100616,New York,Stream,True,True
04218700,ERIE(BARGE)CANAL(W OF GENESEE R)AT ROCHESTER NY,43.125611,-77.650111,41300030703,2021-03-31,2026-08-24,5.3990417522245036,New York,Stream,True,True
04219768,EIGHTEENMILE CREEK AT BURT NY,43.31380556,-78.7154167,4130001,2020-07-09,2026-08-24,6.12457221081451,New York,Stream,True,True
04219915,JOHNSON CREEK AT KUCKVILLE NY,43.3608333,-78.2645278,4130001,2020-10-16,2026-08-24,5.853524982888432,New York,Stream,True,True
04220045,OAK ORCHARD CREEK NEAR SHELBY NY,43.17430556,-78.38638889,4130001,2020-07-08,2026-08-24,6.1273100616016425,New York,Stream,True,True
0422016550,OAK ORCHARD CREEK NEAR KENYONVILLE NY,43.301,-78.3104444,4130001,2020-07-08,2026-08-24,6.1273100616016425,New York,Stream,True,True
0422018610,OAK ORCHARD CREEK AT THE BRIDGES NY,43.35330556,-78.1930556,4130001,2020-10-17,2026-08-24,5.8507871321013,New York,Stream,True,True
04220223,SANDY CREEK AT NORTH HAMLIN NY,43.33538889,-77.9278056,4130001,2020-07-09,2026-08-24,6.12457221081451,New York,Stream,True,True
0422026250,NORTHRUP CREEK AT NORTH GREECE NY,43.2538611,-77.7420833,4130001,1995-09-30,2026-08-24,30.899383983572896,New York,Stream,True,True
04226000,KESHEQUA CR AT CRAIG COLONY AT SONYEA NY,42.682167,-77.828861,41300020910,2016-04-05,2019-03-26,2.97056810403833,New York,Stream,True,True
04231600,"GENESEE RIVER AT FORD STREET BRIDGE, ROCHESTER NY",43.1417222,-77.6163056,4130003,2010-12-15,2026-08-24,15.690622861054072,New York,Stream,True,True
04232034,IRONDEQUOIT CR AT RAILROAD MILLS NEAR FISHERS NY,43.0278333,-77.4787222,4140101,1995-09-30,2010-09-29,14.99794661190965,New York,Stream,True,True
04232050,ALLEN CREEK NEAR ROCHESTER NY,43.128028,-77.527,41401010703,1994-11-10,2026-08-24,31.786447638603697,New York,Stream,True,True
0423205010,IRONDEQUOIT CR ABOVE BLOSSOM RD NEAR ROCHESTER NY,43.144833,-77.511972,41401010705,1994-11-10,2026-08-24,31.786447638603697,New York,Stream,True,True
04249000,"OSWEGO RIVER AT LOCK 7, OSWEGO NY",43.45138889,-76.50547222,41402030204,1980-10-25,2024-10-06,43.94798083504449,New York,Stream,True,True
04253296,BUCK CREEK NEAR INLET NY,43.74402778,-74.7216667,4150101,2021-09-30,2026-08-24,4.898015058179329,New York,Stream,True,True
04274185,WHITE BROOK NEAR WILMINGTON NY,44.392,-73.85738889,4300104,2023-01-01,2026-08-24,3.6440793976728267,New York,Stream,True,True
420706074212201,BROADSTREET HOL BR NR BROADST HOL RD AT ALLABEN NY,42.11833056,-74.356,20200060902,2025-05-31,2025-09-24,0.31759069130732376,New York,Stream,True,True
0204330010,"NORTH LANDING R AT GIBBS POINT, NC NL2",36.5459866,-76.0304843,3010205,1991-01-19,1993-04-06,2.212183436002738,North Carolina,Stream,True,True
02043410,"NORTHWEST RIVER ABOVE MOUTH NEAR MOYOCK, NC",36.5122222,-76.0866667,3010205,2006-03-04,2007-06-19,1.2922655715263518,North Carolina,Stream,True,True
02043415,"TULL CREEK AT SR 1222 NEAR CURRITUCK, NC",36.49638889,-76.0841667,3010205,2006-02-18,2007-06-19,1.3305954825462012,North Carolina,Stream,True,True
0204385315,"PASQUOTANK R AT BRICKHOUSE LN AB ELIZABETH CTY, NC",36.3343226,-76.2182673,3010205,1995-07-07,1996-07-30,1.0650239561943875,North Carolina,Stream,True,True
0207428225,"WOLF ISLAND CREEK BELOW SR 1998 AT REIDSVILLE, NC",36.37388889,-79.6836111,3010103,2003-06-12,2004-07-15,1.0924024640657084,North Carolina,Stream,True,True
02077200,"HYCO CREEK NEAR LEASBURG, NC",36.39777778,-79.1966667,3010104,1987-04-11,2026-08-25,39.37303216974675,North Carolina,Stream,True,True
02077303,"HYCO R BL ABAY D NR MCGEHEES MILL, NC",36.5227222,-78.9970556,3010104,1985-10-01,2026-08-25,40.89801505817933,North Carolina,Stream,True,True
0208062765,"ROANOKE RIVER AT HALIFAX, NC",36.3311111,-77.58027778,3010107,1998-03-14,2026-08-25,28.449007529089666,North Carolina,Stream,True,True
02081022,"ROANOKE RIVER NEAR OAK CITY, NC",36.0136111,-77.21527778,3010107,1998-03-18,2022-01-05,23.802874743326488,North Carolina,Stream,True,True
0208102855,"ROANOKE RIVER AB SR1100 NR GRABTOWN, NC",35.9443861,-77.0694444,3010107,1998-01-10,2003-03-31,5.218343600273785,North Carolina,Stream,True,True
02081054,"ROANOKE RIVER AT WILLIAMSTON, NC",35.8597222,-77.04027778,3010107,2006-06-21,2007-11-12,1.3935660506502396,North Carolina,Stream,True,True
02081094,"ROANOKE RIVER AT JAMESVILLE, NC",35.81305556,-76.89277778,3010107,1998-03-04,2026-08-25,28.476386036960985,North Carolina,Stream,True,True
02081133,"CASHIE R AB SANS SOUCI FERRY NR SANS SOUCI, NC",35.9275,-76.845,3010107,2007-03-28,2007-11-12,0.6269678302532512,North Carolina,Stream,True,True
0208114150,"ROANOKE RIVER AT NC 45 NR WESTOVER, NC",35.915,-76.72277778,3010107,2000-05-11,2026-08-25,26.288843258042437,North Carolina,Stream,True,True
02081190,"TAR RIVER NR BEREA, NC",36.33419444,-78.7674167,3020101,2002-08-30,2003-11-16,1.212867898699521,North Carolina,Stream,True,True
02081510,"FOUNDRY BRANCH AT MOUTH NEAR OXFORD, NC",36.27805556,-78.5894444,3020101,2003-05-01,2003-11-16,0.5448323066392882,North Carolina,Stream,True,True
02081511,"FISHING CREEK NR OXFORD, NC",36.26944444,-78.5911111,3020101,2002-07-04,2003-05-11,0.8514715947980835,North Carolina,Stream,True,True
02083500,"TAR RIVER AT TARBORO, NC",35.89444444,-77.5330556,3020103,1984-10-01,1989-02-15,4.375085557837098,North Carolina,Stream,True,True
02084160,"CHICOD CR AT SR1760 NEAR SIMPSON, NC",35.56166667,-77.2308333,3020103,1984-10-04,1986-09-29,1.9849418206707734,North Carolina,Stream,True,True
0208455145,"CAMPBELL CREEK AT CAMPBELL CREEK, NC",35.287114,-76.686595,3020104,1990-10-12,1992-05-06,1.566050650239562,North Carolina,Stream,True,True
02084557,"VAN SWAMP NEAR HOKE, NC",35.7308333,-76.7461111,3020104,2002-04-10,2004-07-27,2.297056810403833,North Carolina,Stream,True,True
0208457125,"PUNGO RIVER AT LIGHT 8 AT DURANTS POINT, NC",35.5026658,-76.5935408,3020104,2000-05-26,2002-05-08,1.949349760438056,North Carolina,Stream,True,True
0208457150,"PUNGO RIVER AT LIGHT 7 NR WOODSTOCK POINT, NC",35.4834993,-76.587707,3020104,1999-11-19,2000-05-24,0.5119780971937029,North Carolina,Stream,True,True
0208500600,"CATES CREEK NR HILLSBOROUGH, NC",36.06527778,-79.0872222,3020201,2002-07-04,2003-11-16,1.3689253935660506,North Carolina,Stream,True,True
0208501535,"STROUDS CR AT ST MARYS RD NR HILLSBOROUGH, NC",36.0875,-79.0647222,3020201,2002-07-13,2003-10-18,1.264887063655031,North Carolina,Stream,True,True
02085079,"ENO RIVER NEAR WEAVER, NC",36.07208829,-78.8627848,3020201,1984-09-30,1985-09-29,0.9965776865160849,North Carolina,Stream,True,True
02085220,"LITTLE RIVER NEAR ORANGE FACTORY, NC",36.1390316,-78.90639669,3020201,1984-10-04,1985-09-29,0.9856262833675564,North Carolina,Stream,True,True
02085430,"DEEP CREEK NEAR MORIAH, NC",36.24027778,-78.88888889,3020201,2002-08-30,2003-11-16,1.212867898699521,North Carolina,Stream,True,True
02086500,"FLAT RIVER AT DAM NEAR BAHAMA, NC",36.1486111,-78.82888889,3020201,1984-10-01,1985-09-29,0.9938398357289527,North Carolina,Stream,True,True
02086624,"KNAP OF REEDS CREEK NEAR BUTNER, NC",36.12792215,-78.7983389,3020201,1984-10-01,1985-09-29,0.9938398357289527,North Carolina,Stream,True,True
02086849,"ELLERBE CREEK NEAR GORMAN, NC",36.05931106,-78.8325065,3020201,1984-10-01,1985-09-29,0.9938398357289527,North Carolina,Stream,True,True
0208700780,"LITTLE LICK CR AB SR1814 NR OAK GROVE, NC",35.9865346,-78.7991726,3020201,1984-10-01,1985-09-27,0.9883641341546886,North Carolina,Stream,True,True
0208705200,"SMITH CR AT GRISSOM, NC",36.08848127,-78.6019463,3020201,1984-10-01,1985-05-02,0.5831622176591376,North Carolina,Stream,True,True
0208725055,"BLACK CR AT WESTON PARKWAY NR CARY, NC",35.83,-78.7861111,3020201,2002-07-02,2003-11-20,1.3853524982888432,North Carolina,Stream,True,True
0208726370,"RICHLANDS CREEK AT SCHENK FOREST NR CARY, NC",35.8132222,-78.73213889,3020201,2002-08-03,2003-11-20,1.297741273100616,North Carolina,Stream,True,True
0208726995,"HARE SNIPE CREEK AT SR 1822 NR LEESVILLE, NC",35.86202778,-78.6957222,3020201,2002-06-28,2003-11-16,1.3853524982888432,North Carolina,Stream,True,True
0208732610,"PIGEON HOUSE BR AT CRABTREE BLVD AT RALEIGH, NC",35.80694444,-78.61388889,3020201,2002-07-02,2003-11-18,1.379876796714579,North Carolina,Stream,True,True
0208732885,"MARSH CREEK NEAR NEW HOPE, NC",35.81694444,-78.5930556,3020201,1984-10-01,1985-03-27,0.48459958932238195,North Carolina,Stream,True,True
02087580,"SWIFT CREEK NEAR APEX, NC",35.718889,-78.752222,3020201,2002-03-27,2004-08-31,2.431211498973306,North Carolina,Stream,True,True
0208758440,"DUTCHMANS BR AT SR 1386 NR MCCULLERS CROSSRDS, NC",35.6922222,-78.7352778,3020201,2002-07-31,2003-11-18,1.3004791238877482,North Carolina,Stream,True,True
0208762750,"UNNAMED TRIB TO SWIFT CR NR YATES MILL POND, NC",35.73194444,-78.6761111,3020201,2002-04-10,2004-05-23,2.1190965092402463,North Carolina,Stream,True,True
0208794555,"CAMP BRANCH AT SR 1390 NR HOLLY SPRINGS, NC",35.6622222,-78.77,3020201,2002-07-31,2003-11-18,1.3004791238877482,North Carolina,Stream,True,True
02091500,"CONTENTNEA CREEK AT HOOKERTON, NC",35.42888889,-77.5825,3020203,2002-04-04,2004-08-31,2.409308692676249,North Carolina,Stream,True,True
0209173200,"SANDY RUN NEAR LIZZIE, NC",35.5315503,-77.55858148,3020203,1999-04-08,2002-10-16,3.5236139630390144,North Carolina,Stream,True,True
02091814,"NEUSE RIVER NEAR FORT BARNWELL, NC",35.31388889,-77.30277778,3020202,2023-08-26,2026-08-24,2.9952087611225187,North Carolina,Stream,True,True
02092162,"NEUSE RIVER AT NEW BERN, NC",35.10944444,-77.03277778,3020204,1996-06-28,2009-06-01,12.92539356605065,North Carolina,Stream,True,True
0209262905,"NEUSE RIVER AT CHANNEL LT 11 NR FLANNER BEACH, NC",34.99916667,-76.9430556,3020204,1989-05-12,2009-06-02,20.057494866529773,North Carolina,Stream,True,True
0209303205,"NEW RIVER BELOW HWY17 BRIDGE AT JACKSONVILLE, NC",34.74888889,-77.43777778,3020302,2007-12-22,2012-11-29,4.939082819986311,North Carolina,Stream,True,True
0209318667,"NEW RIVER AT LIGHT 50 NR JACKSONVILLE, NC",34.69766385,-77.4038513,3020302,1999-11-19,2002-03-14,2.316221765913758,North Carolina,Stream,True,True
0209330990,"BROOKS LAKE TRIB NR BROWNS SUMMIT, NC",36.2279128,-79.721975,3030002,1985-10-02,1986-09-25,0.9801505817932923,North Carolina,Stream,True,True
0209331325,"CANDY CR AT SR2700 NR MONTICELLO, NC",36.23402379,-79.6616956,3030002,1985-10-02,1986-09-29,0.9911019849418207,North Carolina,Stream,True,True
0209517912,"N BUFFALO CREEK AT GREENSBORO, NC",36.08916667,-79.82888889,3030002,2002-08-06,2003-11-17,1.2813141683778233,North Carolina,Stream,True,True
0209647280,"SERVICE CREEK ABOVE DRY CREEK AT BURLINGTON, NC",36.10944444,-79.4025,3030002,2002-08-27,2003-11-20,1.2320328542094456,North Carolina,Stream,True,True
0209647295,"DRY CR ABOVE SERVICE CREEK AT BURLINGTON, NC",36.10888889,-79.4033333,3030002,2002-08-26,2003-11-20,1.2347707049965777,North Carolina,Stream,True,True
0209651815,"BRANCH CREEK AT NC 54 NR GRAHAM, NC",36.0583333,-79.3783333,3030002,2002-08-26,2003-07-01,0.8459958932238193,North Carolina,Stream,True,True
0209665940,"ROCK CR TRIB AT STONEY CR GOLF CRSE NR SEDALIA, NC",36.065,-79.5994444,3030002,2002-07-12,2003-11-20,1.3579739904175223,North Carolina,Stream,True,True
0209665990,"ROCK CR ABOVE ROCK CR TRIB NR WHITSETT, NC",36.0658333,-79.5994444,3030002,2002-07-11,2003-11-20,1.3607118412046544,North Carolina,Stream,True,True
0209679804,"LITTLE ALAMANCE CR AT SR 2309 NR GRAHAM, NC",36.0361111,-79.4102778,3030002,2002-07-09,2003-11-20,1.3661875427789185,North Carolina,Stream,True,True
02096842,"CANE CREEK UPSTREAM SR1126 NR BUCKHORN, NC",36.0259733,-79.17473658,3030002,1979-10-01,1981-09-28,1.9931553730321698,North Carolina,Stream,True,True
0209695780,"BROOKS CR AT EDDIE PERRY RD NR BYNUM, NC",35.7761111,-79.1677778,3030002,2002-08-07,2003-11-17,1.2785763175906912,North Carolina,Stream,True,True
0209697900,"POKEBERRY CREEK NR PITTSBORO, NC",35.77444444,-79.1202778,3030002,2002-08-07,2003-11-17,1.2785763175906912,North Carolina,Stream,True,True
02097314,"NEW HOPE CREEK NEAR BLANDS, NC",35.885,-78.9652778,3030002,1984-10-01,1985-09-29,0.9938398357289527,North Carolina,Stream,True,True
02097355,"BOLIN CREEK AB FRANKLIN ST NEAR CHAPEL HILL, NC",35.9272222,-79.0383333,3030002,2003-04-30,2003-11-18,0.5530458590006845,North Carolina,Stream,True,True
0209737400,"BOLIN CR AT US 15-501 NR CHAPEL HILL, NC",35.9247222,-79.0261111,3030002,2002-08-02,2003-04-28,0.7364818617385352,North Carolina,Stream,True,True
0209741955,"NORTHEAST CREEK AT SR1100 NR GENLEE, NC",35.8722222,-78.9130556,3030002,1984-10-01,1985-09-29,0.9938398357289527,North Carolina,Stream,True,True
02097464,"MORGAN CREEK NEAR WHITE CROSS, NC",35.9236111,-79.115,3030002,2002-08-02,2003-11-18,1.2950034223134839,North Carolina,Stream,True,True
0209750881,"WILSON CR AT MOUTH NR CHAPEL HILL, NC",35.89166667,-79.0611111,3030002,2002-08-01,2003-11-18,1.297741273100616,North Carolina,Stream,True,True
02097517,"MORGAN CREEK NEAR CHAPEL HILL, NC",35.8933333,-79.0197222,3030002,1984-10-01,2014-10-15,30.036960985626283,North Carolina,Stream,True,True
02099238,"BULL RUN AT NC 29/70 NR JAMESTOWN, NC",35.99805556,-79.9266667,3030003,2002-08-06,2003-11-17,1.2813141683778233,North Carolina,Stream,True,True
02099480,"RICHLAND CREEK NR ARCHDALE, NC",35.9411111,-79.9322222,3030003,2002-08-08,2003-10-02,1.1498973305954825,North Carolina,Stream,True,True
02100634,"VESTAL CREEK NR ASHEBORO, NC",35.65916667,-79.7769444,3030003,2002-07-09,2003-11-17,1.3579739904175223,North Carolina,Stream,True,True
02101726,"ROCKY R AT US 64 NEAR SILER CITY, NC",35.73514055,-79.4230754,3030003,2009-01-17,2026-08-25,17.60164271047228,North Carolina,Stream,True,True
02102500,"CAPE FEAR RIVER AT LILLINGTON, NC",35.4061111,-78.8133333,3030004,2021-04-28,2024-10-10,3.4524298425735798,North Carolina,Stream,True,True
02105500,"CAPE FEAR R AT WILM O HUSKE LOCK NR TARHEEL, NC",34.83555556,-78.8236111,3030005,2000-06-20,2004-02-03,3.62217659137577,North Carolina,Stream,True,True
02107544,"BLACK RIVER NEAR CURRIE, NC",34.43166667,-78.1436111,3030006,2003-09-09,2004-12-02,1.2320328542094456,North Carolina,Stream,True,True
02107571,"CAPE FEAR RIVER NEAR NAVASSA, NC",34.28405814,-77.9963792,3030005,1968-03-15,1969-01-24,0.8624229979466119,North Carolina,Stream,True,True
02107576,"CAPE FEAR RIVER AT NAVASSA, NC",34.2602222,-77.98763889,3030005,2003-09-11,2004-11-23,1.2019164955509924,North Carolina,Stream,True,True
0210782005,"NAHUNGA CREEK AT SR1301 NEAR WARSAW, NC",35.0268324,-78.011098,3030007,1983-10-23,1989-09-10,5.883641341546886,North Carolina,Stream,True,True
0210788875,"GROVE CRK AT SR1301 NR KENANSVILLE, NC",34.96488839,-77.9733184,3030007,1983-10-01,1989-09-30,5.9986310746064335,North Carolina,Stream,True,True
0210789100,"GROVE CREEK AT KENANSVILLE, NC",34.97044378,-77.9585957,3030007,1983-10-01,1989-09-30,5.9986310746064335,North Carolina,Stream,True,True
02108566,"NORTHEAST CAPE FEAR R NR BURGAW, NC",34.5983333,-77.8752778,3030007,2003-11-04,2004-12-02,1.0787132101300478,North Carolina,Stream,True,True
02108690,"NE CAPE FEAR RIVER NEAR WILMINGTON, NC",34.2588333,-77.9481944,3030005,2003-09-11,2004-12-01,1.2238193018480492,North Carolina,Stream,True,True
02108820,"CAPE FEAR R AT CHNL MKR 12 NR CAROLINA BEACH, NC",34.07644444,-77.9314444,3030005,2003-11-08,2004-12-01,1.0650239561943875,North Carolina,Stream,True,True
02108850,"CAPE FEAR RIVER AT SUNNY POINT, NC",33.98350668,-77.9441539,3030005,1968-09-18,1972-04-18,3.5811088295687883,North Carolina,Stream,True,True
02111000,"YADKIN RIVER AT PATTERSON, NC",35.9908333,-81.5583333,3040101,2012-11-07,2026-08-25,13.796030116358658,North Carolina,Stream,True,True
0211583580,"BOWEN BRANCH NR MOUTH AT WINSTON-SALEM, NC",36.11805556,-80.2127778,3040101,2002-08-30,2003-09-17,1.0485968514715949,North Carolina,Stream,True,True
02116500,"YADKIN RIVER AT YADKIN COLLEGE, NC",35.85666667,-80.3869444,3040101,1975-10-01,1976-03-31,0.49828884325804246,North Carolina,Stream,True,True
0212378405,"PEE DEE R AT HWY731 BL LK TILLERY NR NORWOOD, NC",35.20066667,-80.0618056,3040104,2011-05-24,2026-08-24,15.252566735112936,North Carolina,Stream,True,True
02124692,"GOOSE CR AT FAIRVIEW, NC",35.1536111,-80.5352778,3040105,1999-11-09,2009-10-01,9.894592744695414,North Carolina,Stream,True,True
0212880025,"PEE DEE RIVER BELOW POWERHOUSE DAM NR PEE DEE, NC",34.9834833,-79.8775806,3040201,2011-07-14,2026-08-24,15.1129363449692,North Carolina,Stream,True,True
02129375,"PEE DEE RIVER ABOVE JONES CREEK NEAR CORDOVA, NC",34.8662583,-79.878925,3040201,2017-05-20,2026-08-25,9.264887063655031,North Carolina,Stream,True,True
02137727,"CATAWBA R NR PLEASANT GARDENS, NC",35.6858333,-82.0602778,3050101,2013-04-25,2026-08-25,13.333333333333334,North Carolina,Stream,True,True
02138520,"CATAWBA R AT SR1223 BL LK JAMES NR BRIDGEWATER, NC",35.74125,-81.8352528,3050101,2015-08-27,2026-08-25,10.99520876112252,North Carolina,Stream,True,True
02141500,"CATAWBA RIVER AT RHODHISS, NC",35.77262778,-81.4306556,3050101,2016-10-06,2026-08-25,9.883641341546886,North Carolina,Stream,True,True
0214196125,"CATAWBA RIVER AT NC HIGHWAY 16 NR MILLERSVILLE, NC",35.8218972,-81.1903833,3050101,2017-04-01,2026-08-25,9.399041752224504,North Carolina,Stream,True,True
0214244102,"CATAWBA RIVER BL LOOKOUT SHOALS DAM NR SHARON, NC",35.75719444,-81.08915,3050101,2016-04-01,2026-08-25,10.39835728952772,North Carolina,Stream,True,True
0214264790,"CATAWBA R AT RR BRIDGE AB NC 73 AT COWANS FORD, NC",35.4277333,-80.9573417,3050101,2016-06-29,2026-08-25,10.154688569472963,North Carolina,Stream,True,True
0214267602,"CATAWBA RIVER DNSTRM DECK MTN IS DAM NR MTN IS, NC",35.33400556,-80.9864083,3050101,2015-05-30,2026-08-25,11.238877481177276,North Carolina,Stream,True,True
02146348,"COFFEY CREEK NR CHARLOTTE, NC",35.1458333,-80.9269444,3050103,2003-10-01,2004-09-29,0.9965776865160849,North Carolina,Stream,True,True
02146409,"LTL SUGAR CR AT MEDICAL CENTER DR AT CHARLOTTE, NC",35.2036111,-80.8369444,3050103,1999-04-15,2004-09-29,5.45927446954141,North Carolina,Stream,True,True
03446000,"MILLS RIVER NEAR MILLS RIVER, NC",35.39805556,-82.595,6010105,2012-08-04,2026-08-25,14.056125941136209,North Carolina,Stream,True,True
03447687,"FRENCH BROAD RIVER NEAR FLETCHER, NC",35.42916667,-82.5525,6010105,2019-05-17,2026-08-25,7.274469541409993,North Carolina,Stream,True,True
03447890,FRENCH BROAD R AT BLUE RIDGE PKWY AT BENT CREEK NC,35.49972222,-82.59277778,6010105,2019-05-15,2025-11-16,6.507871321013004,North Carolina,Stream,True,True
03448050,"FRENCH BROAD RIVER BELOW I-26 NEAR BENT CREEK, NC",35.51222222,-82.57722222,6010105,2019-05-22,2025-11-18,6.494182067077344,North Carolina,Stream,True,True
0344878100,"HOMINY CREEK NR WEST ASHEVILLE, NC",35.56138889,-82.5969444,6010105,2019-06-05,2026-08-25,7.222450376454483,North Carolina,Stream,True,True
0344894205,"NORTH FORK SWANNANOA RIVER NEAR WALKERTOWN, NC",35.68569444,-82.3324167,6010105,2023-01-31,2026-08-25,3.564681724845996,North Carolina,Stream,True,True
03451200,"FRENCH BROAD RIVER AT HAYWOOD RD AT ASHEVILLE, NC",35.585,-82.5686111,6010105,2019-05-23,2026-08-25,7.258042436687201,North Carolina,Stream,True,True
03451500,"FRENCH BROAD RIVER AT ASHEVILLE, NC",35.60888889,-82.5780556,6010105,2013-09-14,2026-08-25,12.944558521560575,North Carolina,Stream,True,True
03455500,"W F PIGEON R ABOVE LAKE LOGAN NR HAZELWOOD, NC",35.3961111,-82.9375,6010106,2023-01-26,2026-08-25,3.578370978781656,North Carolina,Stream,True,True
03456991,"PIGEON RIVER NEAR CANTON, NC",35.52194444,-82.8480556,6010106,2012-08-01,2026-08-25,14.064339493497604,North Carolina,Stream,True,True
03460000,"CATALOOCHEE CREEK NEAR CATALOOCHEE, NC",35.6672222,-83.0727778,6010106,1984-10-01,2026-08-25,41.89733059548254,North Carolina,Stream,True,True
03460795,"PIGEON R BL POWER PLANT NR WATERVILLE, NC",35.7836111,-83.1119444,6010106,1997-05-06,2026-08-24,29.300479123887747,North Carolina,Stream,True,True
03501500,"LITTLE TENNESSEE R AT FRANKLIN, NC",35.18592846,-83.3712647,6010202,2013-12-21,2016-01-31,2.11088295687885,North Carolina,Stream,True,True
03512000,"OCONALUFTEE RIVER AT BIRDTOWN, NC",35.46138889,-83.3536111,6010203,2014-10-03,2026-08-25,11.893223819301848,North Carolina,Stream,True,True
0351706800,"CHEOAH RIVER NR BEARPEN GAP NR TAPOCO, NC",35.4383333,-83.91888889,6010204,1999-10-01,2026-08-25,26.899383983572896,North Carolina,Stream,True,True
05051522,"RED RIVER OF THE NORTH AT HICKSON, ND",46.659722,-96.795556,90201040403.0,2019-10-01,2026-08-24,6.896646132785763,North Dakota,Stream,True,True
05054000,"RED RIVER OF THE NORTH AT FARGO, ND",46.861111,-96.783333,90201040504.0,1998-09-26,2026-08-24,27.90965092402464,North Dakota,Stream,True,True
05054200,"RED RIVER OF THE NORTH NEAR HARWOOD, ND",46.9769096,-96.8209139,9020104.0,2005-05-12,2017-09-30,12.386036960985626,North Dakota,Stream,True,True
05054500,"SHEYENNE RIVER ABOVE HARVEY, ND",47.702778,-99.948611,90202020602.0,2006-05-05,2011-11-20,5.544147843942505,North Dakota,Stream,True,True
05055170,"SHEYENNE RIVER NEAR MADDOCK, ND",47.9022288,-99.6192958,9020202.0,2006-05-05,2011-10-16,5.448323066392882,North Dakota,Stream,True,True
05055300,"SHEYENNE R AB DEVILS LK STATE OUTLET NR FLORA, ND",47.907778,-99.415556,90202020804.0,2004-10-21,2026-08-24,21.83983572895277,North Dakota,Stream,True,True
05055400,"SHEYENNE R BL DEVILS LK STATE OUTLET NR BREMEN, ND",47.821389,-99.276111,90202020901.0,2005-04-09,2026-08-24,21.374401095140314,North Dakota,Stream,True,True
05056000,"SHEYENNE RIVER NEAR WARWICK, ND",47.805556,-98.715833,90202030107.0,1974-10-01,2011-10-17,37.04312114989733,North Dakota,Stream,True,True
05056400,"BIG COULEE NR CHURCHS FERRY, ND",48.1777762,-99.2212455,9020201.0,1983-09-06,1989-05-16,5.691991786447638,North Dakota,Stream,True,True
05056410,"CHANNEL A NEAR PENN, ND",48.1666675,-98.9801277,9020201.0,1983-09-06,1991-09-29,8.062970568104038,North Dakota,Stream,True,True
05056678,"TOLNA COULEE NEAR TOLNA, ND",47.860833,-98.494444,90202030203.0,2012-06-26,2026-08-24,14.160164271047227,North Dakota,Stream,True,True
05057000,"SHEYENNE RIVER NEAR COOPERSTOWN, ND",47.432778,-98.027222,90202030505.0,1997-06-12,2026-08-24,29.19917864476386,North Dakota,Stream,True,True
05057200,"BALDHILL CREEK NEAR DAZEY, ND",47.229167,-98.124444,90202030808.0,1997-04-24,2017-11-07,20.539356605065024,North Dakota,Stream,True,True
05058000,"SHEYENNE RIVER BELOW BALDHILL DAM, ND",47.033889,-98.083333,90202040105.0,1997-04-16,2026-08-24,29.35523613963039,North Dakota,Stream,True,True
05058700,"SHEYENNE RIVER AT LISBON, ND",46.446944,-97.678889,90202040403.0,1974-10-01,1974-10-31,0.08213552361396304,North Dakota,Stream,True,True
05059300,"SHEYENNE R AB SHEYENNE R DIVERSION NR HORACE, ND",46.746389,-96.926944,90202040606.0,1997-06-13,2026-08-24,29.196440793976727,North Dakota,Stream,True,True
05060100,"MAPLE RIVER BELOW MAPLETON, ND",46.905278,-97.052222,90202050704.0,1997-04-16,2001-09-29,4.454483230663929,North Dakota,Stream,True,True
05062130,"RED RIVER OF THE NORTH NEAR GEORGETOWN, MN",47.092756,-96.818,90201070101.0,2019-10-02,2026-08-24,6.893908281998631,North Dakota,Stream,True,True
05064500,"RED RIVER OF THE NORTH AT HALSTAD, MN",47.351944,-96.843333,90201070603.0,1997-10-01,2026-08-24,28.895277207392198,North Dakota,Stream,True,True
05082500,"RED RIVER OF THE NORTH AT GRAND FORKS, ND",47.926944,-97.028889,90203010705.0,2007-03-31,2026-08-24,19.40041067761807,North Dakota,Stream,True,True
05082625,"TURTLE RIVER AT TURTLE R STATE PARK NR ARVILLA, ND",47.931944,-97.514167,90203070203.0,1993-05-19,1998-06-12,5.065023956194388,North Dakota,Stream,True,True
05099600,"PEMBINA RIVER AT WALHALLA, ND",48.913333,-97.916667,90203161309.0,1979-04-19,1979-08-28,0.3586584531143053,North Dakota,Stream,True,True
05114000,"SOURIS RIVER NEAR SHERWOOD, ND",48.99,-101.957778,90100080904.0,1983-08-11,2024-10-31,41.223819301848046,North Dakota,Stream,True,True
05116000,"SOURIS RIVER NEAR FOXHOLM, ND",48.372222,-101.505,90100081105.0,1973-08-29,1979-11-07,6.190280629705681,North Dakota,Stream,True,True
05116500,"DES LACS RIVER AT FOXHOLM, ND",48.370556,-101.569722,90100020603.0,2022-08-18,2024-10-07,2.138261464750171,North Dakota,Stream,True,True
05117500,"SOURIS RIVER ABOVE MINOT, ND",48.245833,-101.370833,90100081204.0,2019-05-16,2023-10-11,4.405201916495551,North Dakota,Stream,True,True
05120000,"SOURIS RIVER NEAR VERENDRYE, ND",48.159722,-100.729167,90100030305.0,1973-08-29,1979-11-05,6.184804928131417,North Dakota,Stream,True,True
05123760,"DEEP RIVER BELOW CUT BANK CREEK NR UPHAM, ND",48.60389879,-100.795142,9010005.0,1974-09-05,1974-11-08,0.17522245037645448,North Dakota,Stream,True,True
05124000,"SOURIS RIVER NEAR WESTHOPE, ND",48.996389,-100.958056,90100032008.0,1973-10-04,2023-09-23,49.96851471594798,North Dakota,Stream,True,True
06329595,"UNNAMED TRIB @ JACKSON WELL NR CHARBONNEAU, ND",47.79335226,-103.7374219,10100004.0,2007-06-12,2014-11-11,7.416837782340862,North Dakota,Stream,True,True
06329597,"CHARBONNEAU CREEK NR CHARBONNEAU, ND",47.85085328,-103.7940907,10100004.0,2006-02-01,2014-11-11,8.774811772758385,North Dakota,Stream,True,True
06329620,"YELLOWSTONE RIVER NO. 3 NEAR BUFORD, ND",47.920556,-103.965556,101000042706.0,2006-04-28,2006-09-29,0.4216290212183436,North Dakota,Stream,True,True
06330000,"MISSOURI RIVER NEAR WILLISTON, ND",48.108056,-103.714167,101101010303.0,2009-09-30,2026-08-24,16.89801505817933,North Dakota,Stream,True,True
06330515,"BLACKTAIL CREEK NR MARMON,ND",48.39838889,-103.6242778,10110102.0,2015-03-07,2015-08-12,0.432580424366872,North Dakota,Stream,True,True
06331000,"LITTLE MUDDY RIVER BL COW CREEK NR WILLISTON, ND",48.284444,-103.5725,101101020505.0,2015-02-05,2026-04-13,11.184120465434633,North Dakota,Stream,True,True
06332515,"BEAR DEN CREEK NEAR MANDAREE, ND",47.787222,-102.768056,101101011904.0,1969-10-01,1971-07-15,1.78507871321013,North Dakota,Stream,True,True
06336000,"LITTLE MISSOURI RIVER AT MEDORA, ND",46.916842,-103.532283,101102031302.0,2013-04-06,2025-11-05,12.583162217659138,North Dakota,Stream,True,True
06338490,"MISSOURI RIVER AT GARRISON DAM, ND",47.5022218,-101.4309953,10130101.0,1974-10-01,1974-11-30,0.16427104722792607,North Dakota,Stream,True,True
06340590,"KNIFE RIVER NR STANTON, ND",47.35800937,-101.3977419,10130201.0,2013-04-05,2025-11-05,12.58590006844627,North Dakota,Stream,True,True
06342500,"MISSOURI RIVER AT BISMARCK, ND",46.814167,-100.821389,101301011005.0,2009-09-30,2026-08-24,16.89801505817933,North Dakota,Stream,True,True
06346500,"HEART R BELOW HEART BUTTE DAM NR GLEN ULLIN, ND",46.5972286,-101.8018145,10130203.0,2018-05-18,2019-10-29,1.4483230663928817,North Dakota,Stream,True,True
06347030,"HEART RIVER NR CARSON, ND",46.5591944,-101.5560278,10130203.0,2018-05-17,2019-10-29,1.4510609171800137,North Dakota,Stream,True,True
06348300,"HEART RIVER AT STARK BRIDGE NEAR JUDSON, ND",46.703333,-101.213611,101302030604.0,2018-05-25,2019-10-29,1.429158110882957,North Dakota,Stream,True,True
06349000,"HEART RIVER NEAR MANDAN, ND",46.833889,-100.974167,101302030607.0,2018-05-23,2019-10-19,1.4072553045859,North Dakota,Stream,True,True
06354000,"CANNONBALL RIVER AT BREIEN, ND",46.376111,-100.934444,101302060301.0,1974-10-01,1974-11-30,0.16427104722792607,North Dakota,Stream,True,True
06354890,"NORTH FORK GRAND RIVER ABOVE BOWMAN-HALEY LAKE, ND",45.9525,-103.306389,101303010108.0,2023-04-11,2025-10-30,2.5544147843942504,North Dakota,Stream,True,True
06354980,"SPRING CREEK NEAR HALEY, ND",46.017778,-103.291389,101303010207.0,2023-04-11,2025-10-30,2.5544147843942504,North Dakota,Stream,True,True
06467600,"JAMES RIVER NEAR MANFRED, ND",47.646056,-99.829528,101600010105.0,2019-04-26,2026-05-13,7.047227926078029,North Dakota,Stream,True,True
06467700,"JAMES RIVER ON US HWY 52 NEAR MANFRED, ND",47.717383,-99.81215,nan,2026-05-15,2026-08-23,0.2737850787132101,North Dakota,Stream,True,True
06468460,"JIM LAKE SAMPLING SITE NR PINGREE, ND",47.17305029,-98.8009396,10160001.0,1989-05-16,1990-07-31,1.2073921971252566,North Dakota,Stream,True,True
06469015,"JAMES RIVER ON 5TH ST IN JAMESTOWN, ND",46.9125,-98.7175,10160001.0,2019-11-09,2020-05-31,0.5585215605749486,North Dakota,Stream,True,True
06470000,"JAMES RIVER AT JAMESTOWN, ND",46.889722,-98.681667,101600030303.0,2019-11-09,2020-08-09,0.7501711156741958,North Dakota,Stream,True,True
06470500,"JAMES RIVER AT LAMOURE, ND",46.355556,-98.304167,101600030804.0,1982-10-01,2024-08-14,41.869952087611225,North Dakota,Stream,True,True
06470830,"JAMES RIVER AT OAKES, ND",46.13885667,-98.1156571,10160003.0,1982-08-04,1999-09-29,17.152635181382614,North Dakota,Stream,True,True
06470833,"PILOT DRAIN AT OAKES, ND",46.12496572,-98.09733668,101600031403.0,1974-10-01,1974-12-31,0.24914442162902123,North Dakota,Stream,True,True
06470875,"DAKOTA LAKE NR LUDDEN, ND",45.94774725,-98.1751025,10160003.0,1982-07-29,1999-09-29,17.169062286105408,North Dakota,Stream,True,True
06470878,JAMES RIVER AT ND-SD STATE LINE,45.936389,-98.173889,101600031406.0,1974-09-23,1974-12-31,0.27104722792607805,North Dakota,Stream,True,True
03086500,Mahoning River at Alliance OH,40.93283615,-81.0945413,5030103,2010-11-20,2026-08-24,15.759069130732374,Ohio,Stream,True,True
03090500,Mahoning River bl Berlin Dam nr Berlin Center OH,41.0483912,-81.0012032,5030103,2009-09-30,2026-08-24,16.89801505817933,Ohio,Stream,True,True
03091500,Mahoning River at Pricetown OH,41.1314461,-80.9712018,5030103,2009-09-30,2026-08-24,16.89801505817933,Ohio,Stream,True,True
03092090,West Branch Mahoning River near Ravenna OH,41.16144549,-81.1970453,5030103,2011-09-30,2026-08-24,14.899383983572895,Ohio,Stream,True,True
03092460,West Branch Mahoning River at Wayland OH,41.15700127,-81.0717621,5030103,2009-09-30,2026-08-24,16.89801505817933,Ohio,Stream,True,True
03094000,Mahoning River at Leavittsburg OH,41.23922335,-80.880642,5030103,2009-09-30,2026-08-24,16.89801505817933,Ohio,Stream,True,True
03094704,Mosquito Creek near Greene Center OH,41.48305556,-80.7461111,5030102,2013-05-21,2026-08-24,13.259411362080767,Ohio,Stream,True,True
03095500,Mosquito Creek bl Mosquito Ck Dam nr Cortland OH,41.29977898,-80.7584141,5030103,2010-11-22,2026-08-24,15.75359342915811,Ohio,Stream,True,True
03098600,Mahoning River above West Ave at Youngstown OH,41.10527778,-80.6655556,5030103,1992-06-26,2024-05-26,31.915126625598905,Ohio,Stream,True,True
03099500,Mahoning River at Lowellville OH,41.03672598,-80.5361815,5030103,2010-10-07,2026-08-24,15.879534565366187,Ohio,Stream,True,True
03102950,Pymatuning Creek at Kinsman OH,41.44283235,-80.58812999,5030102,2010-11-24,2026-08-24,15.748117727583846,Ohio,Stream,True,True
03117100,Tuscarawas River at Navarre OH,40.72672535,-81.5295657,5040001,1981-05-01,1991-09-30,10.414784394250514,Ohio,Stream,True,True
03119341,McGuire Creek above Leesville Lake OH,40.46166667,-81.1255556,5040001,2015-06-26,2026-08-24,11.162217659137577,Ohio,Stream,True,True
03119971,North Fork McGuire Creek near Carrollton OH,40.5133333,-81.1127778,5040001,2015-06-22,2026-08-24,11.173169062286105,Ohio,Stream,True,True
03119979,Bear Hole Run near Carrollton OH,40.52888889,-81.1369444,5040001,2015-06-22,2026-08-24,11.173169062286105,Ohio,Stream,True,True
03120820,Indian Fork at Dellroy OH,40.5536111,-81.1847222,5040001,2015-06-22,2026-08-24,11.173169062286105,Ohio,Stream,True,True
03120869,Willow Run near Dellroy OH,40.57805556,-81.1927778,5040001,2015-07-01,2026-08-24,11.148528405201917,Ohio,Stream,True,True
03120961,Unnamed Tributary near Dellroy OH,40.56805556,-81.2572222,5040001,2015-06-22,2026-08-24,11.173169062286105,Ohio,Stream,True,True
03121850,Huff Run at Mineral City OH,40.59728465,-81.3590012,5040001,2009-01-02,2013-09-29,4.739219712525667,Ohio,Stream,True,True
03125338,Stillwater Creek above Piedmont Lake OH,40.08416667,-81.1272222,5040001,2015-06-30,2026-08-24,11.151266255989048,Ohio,Stream,True,True
03126395,Brushy Fork above Clendening Lake OH,40.24777778,-81.1483333,5040001,2015-06-30,2026-08-24,11.151266255989048,Ohio,Stream,True,True
03127980,Clear Fork above Tappan Lake OH,40.3386111,-81.11388889,5040001,2015-06-30,2026-08-24,11.151266255989048,Ohio,Stream,True,True
03127986,Standingstone Fork above Tappan Lake OH,40.31166667,-81.1152778,5040001,2015-06-24,2026-08-24,11.16769336071184,Ohio,Stream,True,True
03127989,Beaverdam Run above Tappan Lake OH,40.34694444,-81.1266667,5040001,2015-06-25,2026-08-24,11.16495550992471,Ohio,Stream,True,True
03140853,Seneca Fork above Senecaville Lake OH,39.86388889,-81.3208333,5040005,2015-06-29,2026-08-24,11.154004106776181,Ohio,Stream,True,True
03140900,South Fork above Senecaville Lake OH,39.85277778,-81.3286111,5040005,2015-06-24,2026-08-24,11.16769336071184,Ohio,Stream,True,True
03140950,Beaver Creek above Senecaville Lake OH,39.90138889,-81.3194444,5040005,2015-06-27,2026-08-24,11.159479808350445,Ohio,Stream,True,True
03145483,Raccoon Creek near Granville OH,40.06888889,-82.5516667,5040006,2023-09-27,2026-08-24,2.9075975359342916,Ohio,Stream,True,True
03158200,Monday Creek at Doanville OH,39.43534835,-82.1915365,5030204,1999-09-30,2006-09-29,6.997946611909651,Ohio,Stream,True,True
03159246,Sunday Creek below Millfield OH,39.42979358,-82.1009782,5030204,2002-11-12,2006-09-29,3.8795345653661877,Ohio,Stream,True,True
03201980,Little Raccoon Creek near Ewington OH,39.0106303,-82.452102,5090101,1999-10-01,2006-09-29,6.995208761122519,Ohio,Stream,True,True
03216070,"OHIO RIVER AT IRONTON, OH",38.53205556,-82.68594444,5090103,2015-09-03,2026-08-24,10.973305954825461,Ohio,Stream,True,True
03219500,Scioto River near Prospect OH,40.4195042,-83.1971372,5060001,1998-06-17,2026-08-24,28.186173853524984,Ohio,Stream,True,True
03220510,Scioto R. at O'Shaughnessy Dam near Dublin OH,40.15311775,-83.1263,5060001,1998-06-17,2026-08-24,28.186173853524984,Ohio,Stream,True,True
03228039,Scioto River above Shadeville OH,39.8397222,-83.0094444,5060001,2010-10-01,2026-08-24,15.89596167008898,Ohio,Stream,True,True
03228300,Big Walnut Creek at Sunbury OH,40.2361735,-82.8512892,5060001,2000-04-29,2026-08-24,26.31895961670089,Ohio,Stream,True,True
03228805,Alum Creek at Africa OH,40.18228495,-82.9615711,5060001,2023-08-26,2026-08-24,2.9952087611225187,Ohio,Stream,True,True
03230427,Clover Groff Ditch below Alton OH,39.94444444,-83.1761111,5060001,2023-01-18,2026-08-24,3.597535934291581,Ohio,Stream,True,True
03230900,Deer Creek near Pancoastburg OH,39.6206174,-83.2129682,5060002,2023-08-26,2026-08-24,2.9952087611225187,Ohio,Stream,True,True
03231500,Scioto River at Chillicothe OH,39.34145297,-82.9710126,5060002,1999-09-30,2002-09-29,2.9979466119096507,Ohio,Stream,True,True
03232470,Paint Creek near Bainbridge OH,39.25228728,-83.3493577,5060003,1989-09-30,2026-08-24,36.89801505817933,Ohio,Stream,True,True
03234300,Paint Creek at Chillicothe OH,39.3203421,-82.9782349,5060003,1985-10-11,2002-09-29,16.966461327857633,Ohio,Stream,True,True
03234500,Scioto River at Higby OH,39.21228934,-82.8637854,5060002,2000-09-30,2002-09-29,1.995893223819302,Ohio,Stream,True,True
03255349,Mill Creek at East Sharon Rd at Sharonville OH,39.26944444,-84.4319444,5090203,2014-12-19,2016-01-05,1.0458590006844628,Ohio,Stream,True,True
03259757,W Fk Mill Creek at West Fork Road at Cincinnati OH,39.16305556,-84.5575,5090203,2011-11-01,2014-05-06,2.510609171800137,Ohio,Stream,True,True
03259813,W Fk Mill Creek at Hille Park at Cincinnati OH,39.15,-84.5475,5090203,2011-11-01,2014-05-07,2.513347022587269,Ohio,Stream,True,True
03265000,Stillwater River at Pleasant Hill OH,40.05782925,-84.3560589,5080001,2002-06-01,2004-09-29,2.329911019849418,Ohio,Stream,True,True
03271510,Great Miami River near Linden Ave at Miamisburg OH,39.63728058,-84.2924416,5080002,1989-10-01,2014-09-29,24.993839835728952,Ohio,Stream,True,True
03272100,Great Miami River at Middletown OH,39.5198861,-84.4126778,5080002,2023-08-26,2023-09-07,0.03285420944558522,Ohio,Stream,True,True
04183500,Maumee River at Antwerp OH,41.19893889,-84.7444033,4100005,2018-02-07,2026-08-24,8.542094455852157,Ohio,Stream,True,True
04188496,Eagle Creek above Findlay OH,40.9792203,-83.6532653,4100008,2014-08-08,2025-11-20,11.285420944558522,Ohio,Stream,True,True
04192500,Maumee River near Defiance OH,41.2919928,-84.2810573,4100009,2021-04-13,2026-08-24,5.363449691991787,Ohio,Stream,True,True
04193490,Maumee River near Waterville OH,41.47616368,-83.7388261,4100009,1981-03-01,2021-11-21,40.72553045859001,Ohio,Stream,True,True
04193500,Maumee River at Waterville OH,41.5000526,-83.7127145,4100009,2021-11-24,2026-08-24,4.747433264887063,Ohio,Stream,True,True
04195500,Portage River at Woodville OH,41.449496,-83.3613156,4100010,2011-04-22,2023-01-16,11.737166324435318,Ohio,Stream,True,True
04198000,Sandusky River near Fremont OH,41.3078307,-83.1588088,4100011,2022-07-01,2026-08-24,4.147843942505133,Ohio,Stream,True,True
04199000,Huron River at Milan OH,41.3008852,-82.6082326,4100012,2017-09-01,2026-08-24,8.97741273100616,Ohio,Stream,True,True
04199500,Vermilion River near Vermilion OH,41.38199,-82.3168273,4100012,2011-06-22,2025-11-10,14.387405886379192,Ohio,Stream,True,True
04200500,Black River at Elyria OH,41.38032368,-82.10459279,4110001,2011-06-22,2024-09-02,13.19917864476386,Ohio,Stream,True,True
04201500,Rocky River near Berea OH,41.4075483,-81.88263759,4110001,2023-08-26,2026-08-24,2.9952087611225187,Ohio,Stream,True,True
04206425,Cuyahoga River at Jaite OH,41.28894396,-81.56511929,4110002,2012-05-24,2026-08-24,14.250513347022586,Ohio,Stream,True,True
04208000,Cuyahoga River at Independence OH,41.39533087,-81.6298478,4110002,1981-06-05,2026-08-24,45.21834360027378,Ohio,Stream,True,True
04208504,Cuyahoga River near Newburgh Heights OH,41.46251334,-81.68092877,41100020605,2021-04-13,2022-11-28,1.626283367556468,Ohio,Stream,True,True
04208506,Cuyahoga River at W 3rd St. Bridge in Cleveland OH,41.4881068,-81.6851303,4110002,1981-06-04,1987-08-12,6.187542778918549,Ohio,Stream,True,True
04212100,Grand River near Painesville OH,41.7189339,-81.2278789,4110004,2017-12-05,2026-08-24,8.71731690622861,Ohio,Stream,True,True
04212680,Fields Brook at Ashtabula OH,41.8933863,-80.7925871,4110003,1983-04-16,1991-09-30,8.457221081451062,Ohio,Stream,True,True
395339083130100,Big Darby Creek above Georgesville OH,39.89416667,-83.2169444,5060001,2020-04-23,2026-08-24,6.335386721423682,Ohio,Stream,True,True
411402080492400,Mahoning River near U.S. Route 422 at Warren OH,41.23388889,-80.8233333,5030103,2019-05-22,2026-08-24,7.258042436687201,Ohio,Stream,True,True
412122083061400,Sandusky River below Bradys Island at Fremont OH,41.3561111,-83.10388889,4100011,2022-12-10,2025-11-15,2.9322381930184807,Ohio,Stream,True,True
07148450,"Salt Fork Arkansas River nr Ingersoll, OK",36.8216959,-98.3600733,11060002,1979-01-22,1979-09-10,0.6324435318275154,Oklahoma,Stream,True,True
07150500,"Salt Fork Arkansas River nr Jet, OK",36.75252938,-98.1289547,11060004,1969-05-06,1982-02-21,12.796714579055442,Oklahoma,Stream,True,True
07151000,"Salt Fork Arkansas River at Tonkawa, OK",36.6719792,-97.3094887,11060004,1976-12-16,1979-09-29,2.784394250513347,Oklahoma,Stream,True,True
07152500,"Arkansas River at Ralston, OK",36.50421677,-96.7283672,11060006,1977-02-11,1980-09-30,3.6331279945242985,Oklahoma,Stream,True,True
07164500,"Arkansas River at Tulsa, OK",36.14064807,-96.0063866,11110101,2005-09-30,2023-09-30,17.998631074606433,Oklahoma,Stream,True,True
07176950,"Hominy Creek near Hominy, OK",36.4736793,-96.3789064,11070107,2004-04-30,2005-09-29,1.4154688569472964,Oklahoma,Stream,True,True
07177500,"Bird Creek near Sperry, OK",36.27842534,-95.954162,11070107,1999-09-30,2023-09-30,24.0,Oklahoma,Stream,True,True
07178000,"Bird Creek near Owasso, OK",36.24870534,-95.867213,11070107,1999-09-30,2006-07-06,6.765229295003422,Oklahoma,Stream,True,True
07178200,"Bird Ck at State Highway 266 near Catoosa, OK",36.2231514,-95.8194322,11070107,2000-09-30,2023-09-30,22.99794661190965,Oklahoma,Stream,True,True
07178520,"Dog Creek South of Claremore, OK",36.27870806,-95.6113677,11070105,2001-09-30,2004-09-29,2.9979466119096507,Oklahoma,Stream,True,True
07185080,"Neosho River at Miami, OK",36.86479264,-94.8788446,11070206,2016-12-22,2018-01-10,1.051334702258727,Oklahoma,Stream,True,True
07185090,"Tar Creek near Commerce, OK",36.94367956,-94.8532862,11070206,2004-09-30,2006-09-29,1.995893223819302,Oklahoma,Stream,True,True
07185095,"Tar Creek at 22nd Street Bridge at Miami, OK",36.90006955,-94.8682878,11070206,2004-09-30,2006-09-29,1.995893223819302,Oklahoma,Stream,True,True
07188007,"Beaver Creek abv Spring River near Quapaw, Ok",36.9325,-94.7505556,11070207,2004-09-30,2006-09-29,1.995893223819302,Oklahoma,Stream,True,True
071912213,"Spavinaw Creek near Colcord, OK",36.32256869,-94.6852334,11070209,2004-11-16,2023-09-30,18.869267624914443,Oklahoma,Stream,True,True
07191222,"Beaty Creek near Jay, OK",36.35535924,-94.7763388,11070209,2005-03-08,2023-09-30,18.562628336755647,Oklahoma,Stream,True,True
07191288,"Spavinaw Creek near Eucha, OK",36.37925097,-94.936901,11070209,2022-09-09,2023-09-30,1.056810403832991,Oklahoma,Stream,True,True
07195500,"Illinois River near Watts, OK",36.13008185,-94.5721645,11110103,2020-08-06,2023-09-29,3.1457905544147846,Oklahoma,Stream,True,True
07198000,"Illinois River near Gore, OK",35.5731511,-95.0688458,11110103,1996-09-30,2023-09-29,26.99520876112252,Oklahoma,Stream,True,True
07244100,"Coal Creek near Henryetta, OK",35.45288179,-95.9558309,11100303,1996-09-30,2004-09-29,7.997262149212868,Oklahoma,Stream,True,True
07301500,"North Fork Red River near Carter, OK",35.16810838,-99.5073128,11120302,2002-09-30,2008-07-26,5.820670773442847,Oklahoma,Stream,True,True
07303400,"Elm Fork of North Fork Red River nr Carl, OK",35.01172,-99.9037143,11120304,2010-02-18,2011-06-06,1.2950034223134839,Oklahoma,Stream,True,True
07316000,"Red River near Gainesville, TX",33.7278833,-97.1600129,11130201,1996-09-30,2009-09-29,12.996577686516085,Oklahoma,Stream,True,True
07330500,"Caddo Creek near Ardmore, OK",34.24259287,-97.1080698,11130303,1996-09-30,1997-09-29,0.9965776865160849,Oklahoma,Stream,True,True
07330700,"Caddo Creek Site 7cmp near Gene Autry, OK",34.24037109,-97.0516798,11130303,1996-09-30,1997-09-29,0.9965776865160849,Oklahoma,Stream,True,True
07331000,"Washita River near Dickson, OK",34.23342725,-96.9758447,11130303,1996-12-11,2009-09-29,12.799452429842573,Oklahoma,Stream,True,True
07332390,"Blue River near Connerville, OK",34.383426,-96.6005579,11140102,2003-10-16,2007-06-21,3.679671457905544,Oklahoma,Stream,True,True
07335500,"Red River at Arthur City, TX",33.8751049,-95.5019023,11140101,2007-03-08,2008-09-29,1.5633127994524298,Oklahoma,Stream,True,True
07338905,"Mountain Fork at Highway 259A near Broken Bow, OK",34.13760816,-94.6879943,11140108,1996-09-30,2006-07-04,9.757700205338809,Oklahoma,Stream,True,True
07338920,"Mountain Fork Re-regulation Dam nr Broken Bow, OK",34.0826099,-94.6349367,11140108,1996-10-01,2002-09-29,5.993155373032169,Oklahoma,Stream,True,True
07338960,"Mountain Fork at Presbyterian Falls nr Eagletown,",34.07261019,-94.6285476,11140108,1996-09-30,2006-07-05,9.760438056125942,Oklahoma,Stream,True,True
10396000,DONNER UND BLITZEN RIVER NR FRENCHGLEN OR,42.7908333,-118.8675,17120003,2010-10-14,2026-08-24,15.860369609856264,Oregon,Stream,True,True
11485000,"LOST RIVER AT OLENE, OR",42.17319444,-121.618361,18010204,2025-05-09,2026-08-06,1.242984257357974,Oregon,Stream,True,True
11491450,"IRVING CREEK NEAR LENZ, OR",42.95166667,-121.4590556,18010201,2024-05-07,2026-08-24,2.297056810403833,Oregon,Stream,True,True
11491470,"JACKSON CREEK NEAR LENZ, OR",42.9783611,-121.459361,18010201,2024-04-13,2026-08-24,2.3627652292950034,Oregon,Stream,True,True
11491950,"MILLER CREEK NEAR BEAVER MARSH, OR",43.1833333,-121.8735556,18010201,2023-11-30,2026-08-24,2.732375085557837,Oregon,Stream,True,True
11492550,"SAND CREEK BLW SAND CREEK CANAL NR CHINCHALO, OR",42.8704083,-121.8484722,18010201,2023-11-30,2026-08-24,2.732375085557837,Oregon,Stream,True,True
11493100,"SCOTT CREEK BLW SAND CREEK CANAL NR CHINCHALO, OR",42.88709167,-121.8727556,18010201,2023-11-30,2026-08-24,2.732375085557837,Oregon,Stream,True,True
11497500,"SPRAGUE RIVER NEAR BEATTY, OR",42.44775,-121.2385278,18010202,2007-11-21,2010-08-23,2.754277891854894,Oregon,Stream,True,True
11501000,"SPRAGUE RIVER NEAR CHILOQUIN, OR",42.58430556,-121.8483333,18010202,2005-04-28,2026-08-24,21.322381930184804,Oregon,Stream,True,True
11502500,"WILLIAMSON RIVER BLW SPRAGUE RIVER NR CHILOQUIN,OR",42.564375,-121.8797139,18010201,2007-10-17,2026-08-24,18.85284052019165,Oregon,Stream,True,True
11504115,"WOOD RIVER NEAR KLAMATH AGENCY, OR",42.58155556,-121.9417028,18010203,2013-08-01,2026-08-23,13.059548254620124,Oregon,Stream,True,True
11504260,"FOURMILE CANAL NEAR KLAMATH AGENCY, OR",42.5745,-122.051361,18010203,2023-10-27,2026-08-24,2.8254620123203287,Oregon,Stream,True,True
11507500,"LINK RIVER AT KLAMATH FALLS, OR",42.22347795,-121.7941708,18010204,2003-09-30,2026-08-24,22.899383983572896,Oregon,Stream,True,True
11507501,"LINK RIVER BELOW KENO CANAL, NEAR KLAMATH FALLS,OR",42.2193114,-121.7902816,18010204,2001-06-16,2026-08-19,25.17453798767967,Oregon,Stream,True,True
11509370,"KLAMATH RIVER ABOVE KENO DAM, AT KENO, OR",42.12788298,-121.9288769,18010204,1991-05-24,2026-08-24,35.252566735112936,Oregon,Stream,True,True
11509500,"KLAMATH RIVER AT KENO, OR",42.13319946,-121.9622313,18010206,2005-12-21,2026-08-24,20.673511293634498,Oregon,Stream,True,True
11510700,"KLAMATH RIVER BLW JOHN C.BOYLE PWRPLNT, NR KENO,OR",42.0845877,-122.0733453,18010206,2018-11-01,2026-08-24,7.811088295687885,Oregon,Stream,True,True
13173600,SNAKE RIVER NR ADRIAN OR,43.7309932,-117.0718258,17050103,2008-10-29,2010-11-27,2.078028747433265,Oregon,Stream,True,True
13324300,"LOOKINGGLASS CREEK NEAR LOOKING GLASS, OR",45.73180826,-117.8649308,17060104,1999-10-01,2009-09-30,9.998631074606434,Oregon,Stream,True,True
13331500,"MINAM RIVER AT MINAM, OR",45.6198669,-117.7265892,17060105,1978-07-28,2026-08-24,48.07392197125257,Oregon,Stream,True,True
13333000,"GRANDE RONDE RIVER AT TROY, OR",45.9457019,-117.4510089,17060106,2024-03-27,2026-07-29,2.3381245722108144,Oregon,Stream,True,True
14012995,"MILL CREEK BELOW HENRY CREEK, NEAR SPOFFORD, OR",45.988425,-118.0919,17070102,2020-05-13,2022-02-09,1.7440109514031485,Oregon,Stream,True,True
14020000,"UMATILLA RIVER ABOVE MEACHAM CREEK, NR GIBBON, OR",45.71957668,-118.3232913,17070103,2025-08-14,2026-08-24,1.0266940451745379,Oregon,Stream,True,True
14033500,"UMATILLA RIVER NEAR UMATILLA, OR",45.9026944,-119.3270833,17070103,2023-07-06,2026-08-24,3.134839151266256,Oregon,Stream,True,True
14034470,"WILLOW CREEK ABV WILLOW CR LAKE, NR HEPPNER, OR",45.34068289,-119.5158544,17070104,2009-06-17,2026-08-24,17.1854893908282,Oregon,Stream,True,True
14034500,"WILLOW CREEK AT HEPPNER, OR",45.3504062,-119.5500218,17070104,2009-06-10,2026-08-24,17.204654346338124,Oregon,Stream,True,True
14038530,"JOHN DAY RIVER NEAR JOHN DAY, OR",44.41848897,-118.9063419,17070201,2024-10-31,2026-08-24,1.8124572210814511,Oregon,Stream,True,True
14039320,"SF JOHN DAY RIVER BELOW PINE CREEK NEAR IZEE, OR",44.1243611,-119.492,17070201,2024-05-01,2024-09-11,0.36413415468856947,Oregon,Stream,True,True
14043840,"MF JOHN DAY RIVER ABV CAMP CREEK, NR GALENA, OR",44.692625,-118.7943083,17070203,2016-09-30,2026-08-24,9.897330595482547,Oregon,Stream,True,True
14044000,"MIDDLE FORK JOHN DAY RIVER AT RITTER, OR",44.88876388,-119.1413686,17070203,2024-10-30,2026-08-24,1.8151950718685832,Oregon,Stream,True,True
14046778,"BRIDGE CR ABV COYOTE CANYON NR MITCHELL, OR",44.7268722,-120.3019167,17070204,2006-08-18,2026-08-24,20.016427104722794,Oregon,Stream,True,True
14046890,"PINE CREEK NEAR CLARNO, OR",44.91002778,-120.4410278,17070204,2004-01-17,2022-06-28,18.444900752908968,Oregon,Stream,True,True
14048000,"JOHN DAY RIVER AT MCDONALD FERRY, OR",45.5876278,-120.4094919,17070204,2025-07-18,2026-08-24,1.1006160164271048,Oregon,Stream,True,True
14063300,"PAULINA CREEK NEAR LAPINE, OR.",43.71289877,-121.278633,17070302,1991-11-21,1995-09-30,3.8576317590691307,Oregon,Stream,True,True
14070615,"M F TUMALO CREEK ABV PROWELL SPRINGS, NR BEND, OR",44.03711389,-121.6327694,17070301,2017-10-06,2026-08-24,8.881587953456537,Oregon,Stream,True,True
14070621,"DIVERSION CANAL TO BRIDGE CREEK, NEAR BEND, OR",44.03706667,-121.6325889,17070301,2017-10-11,2026-08-24,8.867898699520875,Oregon,Stream,True,True
14070624,"M F TUMALO CREEK BLW PROWELL SPRINGS, NR BEND, OR",44.03722778,-121.6325639,17070301,2017-10-06,2026-08-24,8.881587953456537,Oregon,Stream,True,True
14070900,"BRIDGE CREEK BELOW INTAKE, NEAR BEND, OR",44.0310833,-121.5678333,17070301,2017-10-31,2026-08-24,8.813141683778234,Oregon,Stream,True,True
14076500,"DESCHUTES RIVER NEAR CULVER, OR",44.4987293,-121.3211558,17070301,2005-11-03,2026-08-24,20.804928131416837,Oregon,Stream,True,True
14078240,"SOUTH FORK CROOKED RIVER NEAR PAULINA, OR",43.942694,-120.050111,170703031008,2024-05-02,2024-10-23,0.47638603696098564,Oregon,Stream,True,True
14078250,"SF CROOKED R ABV TWELVEMILE CANYON NR PAULINA, OR",44.020056,-120.014306,170703031009,2024-04-30,2024-09-11,0.3668720054757016,Oregon,Stream,True,True
14078260,"SF CROOKED RIVER NEAR BELL BUTTE, NEAR PAULINA, OR",44.062,-120.04330556,170703031009,2024-05-01,2026-08-24,2.3134839151266258,Oregon,Stream,True,True
14087380,"CROOKED RIVER BLW OSBORNE CANYON, NR OPAL CITY, OR",44.4268972,-121.2328728,17070305,2003-11-06,2006-09-30,2.8993839835728954,Oregon,Stream,True,True
14087400,"CROOKED RIVER BELOW OPAL SPRINGS, NEAR CULVER, OR",44.4923407,-121.298377,17070305,2005-11-02,2026-08-24,20.80766598220397,Oregon,Stream,True,True
14091500,"METOLIUS RIVER NEAR GRANDVIEW, OR",44.6262275,-121.4839433,17070301,2005-11-03,2026-08-24,20.804928131416837,Oregon,Stream,True,True
14092500,"DESCHUTES RIVER NEAR MADRAS, OR",44.72595225,-121.2469939,17070306,1986-10-01,2026-08-24,39.89596167008898,Oregon,Stream,True,True
14097100,"WARM SPRINGS RIVER NEAR KAHNEETA HOT SPRINGS, OR",44.8565087,-121.1497735,17070306,2024-11-27,2026-08-24,1.7385352498288844,Oregon,Stream,True,True
14102000,"DESCHUTES RIVER AT SHERARS BRIDGE, OR",45.26102778,-121.03636111,170703061108,2025-12-19,2026-08-24,0.6789869952087612,Oregon,Stream,True,True
14103000,"DESCHUTES RIVER AT MOODY, NEAR BIGGS, OR",45.6220678,-120.9056203,17070306,2011-07-29,2026-08-24,15.071868583162217,Oregon,Stream,True,True
14105700,"COLUMBIA RIVER AT THE DALLES, OR",45.60827778,-121.1899167,17070105,1996-06-26,2026-08-24,30.16016427104723,Oregon,Stream,True,True
14120000,"HOOD RIVER AT TUCKER BRIDGE, NEAR HOOD RIVER, OR",45.6545,-121.5488,17070105,2025-07-17,2026-08-24,1.103353867214237,Oregon,Stream,True,True
14128910,"COLUMBIA RIVER AT WARRENDALE, OR",45.6123396,-122.0275838,17080001,1985-10-01,1992-09-30,6.997946611909651,Oregon,Stream,True,True
14133400,"BEAR CREEK NEAR RHODODENDRON, OR.",45.3401188,-121.931191,17080001,1998-11-25,1999-04-14,0.38329911019849416,Oregon,Stream,True,True
14137002,"SANDY RIVER BELOW MARMOT DAM, NEAR MARMOT, OR",45.3995642,-122.1373068,17080001,2007-06-02,2007-10-01,0.33127994524298426,Oregon,Stream,True,True
14138720,"BULL RUN RIVER AT LOWER FLUME NR BRIGHTWOOD, OR",45.4709515,-121.8653567,17080001,1995-09-30,2026-08-24,30.899383983572896,Oregon,Stream,True,True
14138850,"BULL RUN RIVER NEAR MULTNOMAH FALLS, OR",45.4981743,-122.0123049,17080001,1977-10-21,2026-08-24,48.84052019164955,Oregon,Stream,True,True
14138870,"FIR CREEK NEAR BRIGHTWOOD, OR",45.48011889,-122.0256385,17080001,1977-10-27,2026-08-24,48.824093086926766,Oregon,Stream,True,True
14138900,"NORTH FORK BULL RUN RIVER NEAR MULTNOMAH FALLS, OR",45.4942454,-122.035888,17080001,1978-10-04,2026-08-24,47.88774811772758,Oregon,Stream,True,True
14139800,"SOUTH FORK BULL RUN RIVER NEAR BULL RUN, OR",45.444564,-122.1095292,17080001,1978-10-06,2026-08-24,47.88227241615332,Oregon,Stream,True,True
14139940,"BULL RUN RIVER BLW BULL RUN RES 2, NR BULL RUN, OR",45.44852778,-122.1551944,17080001,2023-09-29,2026-08-24,2.9021218343600275,Oregon,Stream,True,True
14140000,"BULL RUN RIVER NEAR BULL RUN (RIVER ONLY), OR",45.4373,-122.1796556,17080001,2000-12-19,2006-09-30,5.779603011635865,Oregon,Stream,True,True
14140020,"BULL RUN R AT LARSON'S BRIDGE, NEAR BULL RUN, OR",45.43175906,-122.19542,17080001,2006-05-24,2026-08-24,20.251882272416154,Oregon,Stream,True,True
14141500,"LITTLE SANDY RIVER NEAR BULL RUN, OR",45.41539777,-122.1714746,17080001,2006-05-26,2026-08-24,20.246406570841888,Oregon,Stream,True,True
14142500,"SANDY RIVER BLW BULL RUN RIVER, NR BULL RUN, OR",45.4490094,-122.2450885,17080001,2007-06-02,2026-08-24,19.227926078028748,Oregon,Stream,True,True
14144780,"MF WILLAMETTE RIVER BLW MAC CREEK NR OAKRIDGE, OR",43.50083056,-122.3141694,17090001,2024-10-16,2026-08-18,1.83709787816564,Oregon,Stream,True,True
14144790,"MF WILLAMETTE R ABV SNAKE CREEK, NR OAKRIDGE, OR",43.53996944,-122.4478389,17090001,2024-07-12,2026-08-24,2.116358658453114,Oregon,Stream,True,True
14144800,"MIDDLE FORK WILLAMETTE RIVER NR OAKRIDGE, OR",43.60178867,-122.4575474,17090001,1978-07-18,2025-11-30,47.370294318959616,Oregon,Stream,True,True
14144900,"HILLS CR AB HILLS CR RES, NR OAKRIDGE, OR",43.6804006,-122.3705999,17090001,1978-08-04,2026-08-24,48.054757015742645,Oregon,Stream,True,True
14145500,"MF WILLAMETTE RIVER ABV SALT CRK, NEAR OAKRIDGE,OR",43.72095655,-122.4378256,17090001,1978-07-19,2026-08-24,48.09856262833676,Oregon,Stream,True,True
14147200,"NF OF MF WILLAMETTE R AB PARKER CR NR OAKRIDGE, OR",43.88468889,-122.2451306,17090001,2024-08-29,2026-07-14,1.8726899383983573,Oregon,Stream,True,True
14147500,"N FK OF M FK WILLAMETTE R NR OAKRIDGE, OR",43.7567902,-122.5053292,17090001,2010-05-27,2026-08-24,16.243668720054757,Oregon,Stream,True,True
14148000,"MF WILLAMETTE RIVER BLW N FORK, NR OAKRIDGE, OR.",43.80123517,-122.5608879,17090001,1985-09-30,2026-08-24,40.89801505817933,Oregon,Stream,True,True
14149011,MF WILLAMETTE R BLW LOOKOUT POINT DAM NR LOWELL OR,43.91378056,-122.7556472,17090001,2023-08-10,2026-08-12,3.0061601642710474,Oregon,Stream,True,True
14150000,"MIDDLE FORK WILLAMETTE RIVER NEAR DEXTER, OR",43.9456815,-122.8372967,17090001,1978-07-21,2026-08-24,48.09308692676249,Oregon,Stream,True,True
14150250,"FALL CREEK ABOVE TILLER CREEK, NEAR LOWELL, OR",43.98478056,-122.4336,17090001,2024-08-02,2026-07-01,1.9110198494182067,Oregon,Stream,True,True
14150290,"FALL CREEK ABOVE NORTH FORK, NEAR LOWELL, OR",43.9672222,-122.6297222,17090001,2010-08-26,2026-08-24,15.994524298425736,Oregon,Stream,True,True
14150300,"FALL CREEK NEAR LOWELL, OR",43.97068174,-122.638674,17090001,1985-10-25,1987-09-30,1.9301848049281314,Oregon,Stream,True,True
14150800,"WINBERRY CREEK NEAR LOWELL,OR",43.9142924,-122.6886762,17090001,1971-08-13,2026-08-24,55.030800821355236,Oregon,Stream,True,True
14151000,"FALL CREEK BLW WINBERRY CREEK, NEAR FALL CREEK, OR",43.94429299,-122.774794,17090001,1985-10-01,2026-08-24,40.8952772073922,Oregon,Stream,True,True
14152000,"MIDDLE FORK WILLAMETTE RIVER AT JASPER, OR",43.99818166,-122.9059126,17090001,1985-10-02,2026-08-24,40.89253935660506,Oregon,Stream,True,True
14152500,"COAST FORK WILLAMETTE AT LONDON, OR",43.64151015,-123.0859089,17090002,1985-10-01,2026-08-24,40.8952772073922,Oregon,Stream,True,True
14153500,"COAST FORK WILLAMETTE R BLW COTTAGE GROVE DAM, OR",43.72067785,-123.0497994,17090002,2001-08-03,2026-08-24,25.05681040383299,Oregon,Stream,True,True
14154500,"ROW RIVER ABOVE PITCHER CREEK, NEAR DORENA, OR",43.73527778,-122.8744444,17090002,2009-08-07,2026-08-24,17.045859000684462,Oregon,Stream,True,True
14155500,"ROW RIVER NEAR COTTAGE GROVE, OR",43.7929012,-122.9914655,17090002,2001-08-02,2026-08-24,25.059548254620122,Oregon,Stream,True,True
14157500,"COAST FORK WILLAMETTE RIVER NEAR GOSHEN, OR",43.98040324,-122.96647,17090002,2001-08-16,2026-08-24,25.021218343600275,Oregon,Stream,True,True
14158050,"WILLAMETTE RIVER AT EUGENE, OR",44.0525,-123.0827778,17090003,2023-09-29,2026-08-24,2.9021218343600275,Oregon,Stream,True,True
14158100,"WILLAMETTE RIVER AT OWOSSO BRIDGE AT EUGENE, OR",44.09166667,-123.116111,17090003,2010-11-10,2026-08-24,15.786447638603697,Oregon,Stream,True,True
14158500,"MCKENZIE RIVER AT OUTLET OF CLEAR LAKE, OR",44.3609545,-121.9956172,17090004,2017-07-20,2026-08-24,9.095140314852841,Oregon,Stream,True,True
14158740,"MCKENZIE RIVER BL PAYNE CR, NR BELKNAP SPRINGS, OR",44.28638889,-122.0368056,17090004,2016-09-02,2026-08-24,9.973990417522245,Oregon,Stream,True,True
14158790,"SMITH RIVER ABV SMITH R RESV,NR BELKNAP SPRNGS,OR",44.3345666,-122.0470074,17090004,2017-07-14,2026-08-24,9.111567419575634,Oregon,Stream,True,True
14158798,SMITH RIVER ABV TRAIL BRDG RESV NR BELKNAP SPRINGS,44.28988889,-122.0485833,17090004,2017-08-11,2026-08-24,9.034907597535934,Oregon,Stream,True,True
14158850,"MCKENZIE R BLW TRAIL BR DAM NR BELKNAP SPRINGS, OR",44.2679001,-122.0497826,17090004,1992-07-01,2026-08-24,34.14647501711157,Oregon,Stream,True,True
14158977,"LOST CREEK ABV YALE LANE NR BELKNAP SPRINGS, OR",44.1782222,-122.056,17090004,2023-08-24,2026-06-16,2.811772758384668,Oregon,Stream,True,True
14158980,"LOST CREEK NEAR MCKENZIE BRIDGE, OR",44.1840106,-122.0600545,17090004,1992-07-01,1993-09-30,1.2484599589322383,Oregon,Stream,True,True
14159000,"MCKENZIE R AT MCKENZIE BRIDGE, OREG.",44.17901207,-122.130335,17090004,1992-06-27,1993-09-30,1.2594113620807665,Oregon,Stream,True,True
14159100,"HORSE CREEK NEAR MCKENZIE BRIDGE, OR",44.16269444,-122.154,17090004,1992-06-19,2026-07-20,34.08350444900753,Oregon,Stream,True,True
14159110,"MCKENZIE RIVER ABOVE SOUTH FORK, NEAR RAINBOW, OR",44.16633386,-122.2565067,17090004,2003-01-30,2026-08-24,23.564681724845997,Oregon,Stream,True,True
14159130,"SF MCKENZIE RIVER ABV ROARING R NR COUGAR DAM, OR",43.95702778,-122.085,170900040302,2023-08-30,2026-08-24,2.9842573579739904,Oregon,Stream,True,True
14159200,SO FK MCKENZIE RIVER ABV COUGAR LAKE NR RAINBOW OR,44.047067,-122.2178245,17090004,1985-10-01,2026-08-24,40.8952772073922,Oregon,Stream,True,True
14159500,"SOUTH FORK MCKENZIE RIVER NEAR RAINBOW, OR",44.13595817,-122.248391,17090004,1985-09-30,2026-08-24,40.89801505817933,Oregon,Stream,True,True
14159800,"MCKENZIE RIVER ABOVE BLUE RIVER, OR",44.15290358,-122.3317292,17090004,1992-06-19,1993-09-30,1.2813141683778233,Oregon,Stream,True,True
14161100,"BLUE RIVER BELOW TIDBITS CREEK, NR BLUE RIVER, OR",44.2179043,-122.2650676,17090004,1978-06-01,2026-08-24,48.2299794661191,Oregon,Stream,True,True
14161500,"LOOKOUT CREEK NEAR BLUE RIVER, OR",44.2095708,-122.256733,17090004,2012-04-05,2026-08-24,14.38466803559206,Oregon,Stream,True,True
14162050,"NF QUARTZ CREEK NEAR BLUE RIVER, OR",44.1845,-122.3148056,17090004,2021-12-23,2026-08-24,4.6680355920602326,Oregon,Stream,True,True
14162200,"BLUE RIVER AT BLUE RIVER, OR",44.16234819,-122.3331192,17090004,1985-10-01,2026-08-24,40.8952772073922,Oregon,Stream,True,True
14162400,"MCKENZIE RIVER AT FINN ROCK, OR",44.12818136,-122.3803393,17090004,1992-06-26,1993-09-30,1.2621492128678986,Oregon,Stream,True,True
14162440,"QUARTZ CREEK BLW CANE CREEK NEAR FINN ROCK, OR",44.10798056,-122.35521111,170900040501,2025-12-19,2026-08-24,0.6789869952087612,Oregon,Stream,True,True
14162450,"QUARTZ CREEK NEAR FINN ROCK, OR",44.1233611,-122.3787222,17090004,2023-01-05,2025-12-18,2.951403148528405,Oregon,Stream,True,True
14162500,"MCKENZIE RIVER NEAR VIDA, OR",44.1248487,-122.47062,17090004,1978-02-07,2026-08-24,48.54209445585216,Oregon,Stream,True,True
14163000,"GATE CREEK AT VIDA, OR",44.1460861,-122.5730333,17090004,2021-01-14,2026-08-24,5.607118412046543,Oregon,Stream,True,True
14163150,"MCKENZIE RIVER BLW LEABURG DAM, NR LEABURG, OR",44.123738,-122.6275715,17090004,1992-06-11,2026-08-24,34.20123203285421,Oregon,Stream,True,True
14163900,"MCKENZIE RIVER NEAR WALTERVILLE, OR",44.0698492,-122.7711874,17090004,1992-05-22,2026-08-24,34.25598904859685,Oregon,Stream,True,True
14164550,"CAMP CRK AT CAMP CRK RD BRIDGE, NR SPRINGFIELD, OR",44.07066667,-122.8846667,17090004,2017-07-12,2026-08-24,9.117043121149898,Oregon,Stream,True,True
14164700,"CEDAR CREEK AT SPRINGFIELD, OR",44.059348,-122.9196644,17090004,2017-07-11,2026-08-24,9.119780971937029,Oregon,Stream,True,True
14164900,"McKENZIE RIVER ABV HAYDEN BR, AT SPRINGFIELD,OR",44.0712365,-122.9645273,17090004,2009-06-25,2026-08-24,17.163586584531142,Oregon,Stream,True,True
14165000,"MOHAWK RIVER NEAR SPRINGFIELD, OR",44.09290317,-122.9573052,17090004,2024-10-25,2026-08-24,1.8288843258042438,Oregon,Stream,True,True
14165500,"MCKENZIE RIVER NEAR COBURG, OR",44.11305556,-123.0469722,17090004,2020-10-29,2026-08-24,5.817932922655715,Oregon,Stream,True,True
14166000,"WILLAMETTE RIVER AT HARRISBURG, OR",44.27040126,-123.1737036,17090003,1985-10-01,2026-08-24,40.8952772073922,Oregon,Stream,True,True
14166500,"LONG TOM RIVER NEAR NOTI, OR",44.04984478,-123.4262097,17090003,2024-11-14,2026-08-24,1.7741273100616017,Oregon,Stream,True,True
14169000,"LONG TOM RIVER NEAR ALVADORE, OR",44.1226111,-123.3003056,17090003,2001-08-08,2026-08-24,25.04312114989733,Oregon,Stream,True,True
14170000,"LONG TOM RIVER AT MONROE, OR",44.3128333,-123.296361,17090003,2001-08-08,2026-08-24,25.04312114989733,Oregon,Stream,True,True
14171000,"MARYS RIVER NEAR PHILOMATH, OR",44.525,-123.334,17090003,2023-08-01,2026-08-23,3.060917180013689,Oregon,Stream,True,True
14171600,"WILLAMETTE RIVER AT CORVALLIS, OR",44.5663611,-123.2568056,17090003,2023-09-28,2026-08-24,2.9048596851471595,Oregon,Stream,True,True
14171750,"WILLAMETTE R AB CALAPOOIA R AT ALBANY,OREG.",44.6415105,-123.117873,17090003,1985-10-01,1987-09-30,1.995893223819302,Oregon,Stream,True,True
14172000,CALAPOOIA R AT HOLLEY OREG,44.3512362,-122.7873068,17090003,1985-10-01,1989-09-20,3.969883641341547,Oregon,Stream,True,True
14173500,"CALAPOOIA RIVER AT ALBANY, OR",44.62002778,-123.1284722,17090003,1985-10-01,2026-08-24,40.8952772073922,Oregon,Stream,True,True
14174000,"WILLAMETTE RIVER AT ALBANY, OR",44.6387328,-123.1067616,17090003,2001-08-11,2026-08-24,25.034907597535934,Oregon,Stream,True,True
14174450,"NORTH SANTIAM RIVER NR MARION FORKS, OR",44.5990833,-121.966,17090005,2023-08-18,2026-08-24,3.0171115674195756,Oregon,Stream,True,True
14178000,"NO SANTIAM R BLW BOULDER CRK, NR DETROIT, OR",44.7067885,-122.1011859,17090005,1985-10-01,2026-08-24,40.8952772073922,Oregon,Stream,True,True
14178430,SF BREITENBUSH RIVER NR BREITENBUSH HOT SPRINGS OR,44.7646944,-121.9268889,17090005,2023-09-28,2025-12-04,2.184804928131417,Oregon,Stream,True,True
14178440,"ROARING CREEK NEAR BREITENBUSH HOT SPRINGS, OR",44.76630556,-121.927611,17090005,2023-09-27,2025-12-09,2.2012320328542097,Oregon,Stream,True,True
14178470,DEVILS CR ABV CASCADE CR NR BREITENBUSH HOT SPG OR,44.7444722,-121.9347778,17090005,2023-08-16,2025-05-29,1.78507871321013,Oregon,Stream,True,True
14178480,"SKUNK CREEK NEAR BREITENBUSH HOT SPRINGS, OR",44.7526111,-121.9609722,17090005,2023-08-16,2023-10-30,0.2053388090349076,Oregon,Stream,True,True
14178490,"MILL CREEK NEAR BREITENBUSH HOT SPRINGS, OR",44.75891667,-121.9689444,17090005,2023-08-16,2026-01-15,2.4175222450376452,Oregon,Stream,True,True
14178500,"DEVILS CREEK NEAR BREITENBUSH HOT SPRINGS, OR",44.7775,-121.9696944,17090005,2023-05-05,2026-01-13,2.6940451745379876,Oregon,Stream,True,True
14178610,"BREITENBUSH RIVER BLW BREITENBUSH HOT SPRINGS, OR",44.7779444,-121.9968889,17090005,2023-08-18,2026-07-22,2.926762491444216,Oregon,Stream,True,True
14178620,"HILL CREEK NEAR BREITENBUSH HOT SPRINGS, OR",44.75805556,-121.9818333,17090005,2023-08-17,2025-12-10,2.316221765913758,Oregon,Stream,True,True
14178625,"UNNAMED CREEK NEAR BREITENBUSH HOT SPRINGS, OR",44.76038889,-121.9865,17090005,2023-08-17,2023-10-31,0.2053388090349076,Oregon,Stream,True,True
14179000,"BREITENBUSH R ABV FRENCH CR NR DETROIT, OR.",44.75262179,-122.1289648,17090005,1985-10-01,2026-08-24,40.8952772073922,Oregon,Stream,True,True
14179100,"FRENCH CREEK NEAR DETROIT, OR",44.76039965,-122.1684099,17090005,2001-06-27,2005-09-30,4.26009582477755,Oregon,Stream,True,True
14180300,"BLOWOUT CREEK NEAR DETROIT, OR",44.65289999,-122.130908,17090005,1998-10-09,2026-08-24,27.874058863791923,Oregon,Stream,True,True
14180520,"N SANTIAM RIVER BLW DETROIT DAM, NR DETROIT, OR",44.7254333,-122.2554167,17090005,2025-01-17,2026-08-24,1.5989048596851472,Oregon,Stream,True,True
14181350,"SARDINE CREEK NEAR NIAGRA, OR",44.7475,-122.2741944,17090005,2024-12-11,2026-08-24,1.700205338809035,Oregon,Stream,True,True
14181500,"NORTH SANTIAM RIVER AT NIAGARA, OR",44.75377778,-122.2974444,17090005,1985-10-01,2026-08-24,40.8952772073922,Oregon,Stream,True,True
14181650,N SANTIAM RIVER AT MINTO FISH FACILITY NR GATES OR,44.7575583,-122.3594417,17090005,2024-12-19,2026-08-24,1.678302532511978,Oregon,Stream,True,True
14181750,"ROCK CREEK NEAR MILL CITY, OR",44.7120665,-122.4275818,17090005,2005-10-01,2009-01-04,3.260780287474333,Oregon,Stream,True,True
14181900,"LITTLE N SANTIAM RIVER ABV EVANS CR, AT ELKHORN,OR",44.83580278,-122.35495,17090005,2007-10-13,2026-08-24,18.863791923340177,Oregon,Stream,True,True
14182400,"LITTLE N SANTIAM R BLW CANYON CK, NEAR MEHAMA, OR",44.79345516,-122.4925835,17090005,2007-11-16,2008-12-31,1.1252566735112937,Oregon,Stream,True,True
14182500,"LITTLE NORTH SANTIAM RIVER NEAR MEHAMA, OR",44.7915108,-122.5789738,17090005,1985-10-01,2026-08-24,40.8952772073922,Oregon,Stream,True,True
14183000,"NORTH SANTIAM RIVER AT MEHAMA, OR",44.78925,-122.6188056,17090005,1985-10-01,2009-12-14,24.202600958247775,Oregon,Stream,True,True
14183010,"NORTH SANTIAM RIVER NEAR MEHAMA, OR",44.78805556,-122.636111,17090005,2009-10-06,2015-11-09,6.091718001368926,Oregon,Stream,True,True
14183020,"NORTH SANTIAM RIVER BLW STOUT CREEK, NR MEHAMA, OR",44.7782222,-122.6777222,17090005,2020-09-23,2026-08-24,5.916495550992471,Oregon,Stream,True,True
14184100,"NORTH SANTIAM R AT GREENS BRIDGE, NR JEFFERSON, OR",44.7079444,-122.973111,17090005,1985-04-26,2026-08-24,41.327857631759066,Oregon,Stream,True,True
14184300,"SOUTH SANTIAM RIVER AT UPPER SODA, OR",44.40475,-122.278,17090006,2023-08-23,2026-08-11,2.967830253251198,Oregon,Stream,True,True
14185000,"SOUTH SANTIAM RIVER BELOW CASCADIA, OR",44.39179225,-122.4975817,17090006,1986-10-01,2026-08-24,39.89596167008898,Oregon,Stream,True,True
14185600,"MIDDLE SANTIAM RIVER NR SANTIAM JUNCTION, OR",44.5013333,-122.1690556,17090006,2023-08-19,2026-08-24,3.0143737166324436,Oregon,Stream,True,True
14185800,"MIDDLE SANTIAM R NEAR CASCADIA, OR",44.5151239,-122.3720249,17090006,1977-10-26,2026-08-24,48.82683093771389,Oregon,Stream,True,True
14185865,"QUARTZVILLE CREEK BLW GALENA CREEK NR CASCADIA, OR",44.58105556,-122.335,17090006,2023-08-17,2026-08-24,3.0198494182067077,Oregon,Stream,True,True
14185900,"QUARTZVILLE CREEK NEAR CASCADIA, OR",44.54012357,-122.4359155,17090006,1985-10-01,2026-08-24,40.8952772073922,Oregon,Stream,True,True
14186200,"MIDDLE SANTIAM R BLW GREEN PETER DAM NR FOSTER, OR",44.44818005,-122.5503613,17090006,2007-10-24,2026-08-24,18.833675564681723,Oregon,Stream,True,True
14187000,"WILEY CREEK NEAR FOSTER, OR",44.37234769,-122.6231384,17090006,2023-10-25,2026-08-24,2.830937713894593,Oregon,Stream,True,True
14187200,"SOUTH SANTIAM RIVER NEAR FOSTER, OR",44.4123468,-122.6886956,17090006,1985-10-01,2026-08-24,40.8952772073922,Oregon,Stream,True,True
14187500,"SOUTH SANTIAM RIVER AT WATERLOO, OR",44.4984564,-122.8234214,17090006,1985-10-01,2026-08-24,40.8952772073922,Oregon,Stream,True,True
14188570,"SOUTH SANTIAM RIVER AT LEBANON, OR",44.5383333,-122.8895833,17090006,2023-09-21,2026-08-24,2.924024640657084,Oregon,Stream,True,True
14188610,"SCHAFER CREEK NEAR LACOMB, OR",44.61956728,-122.4659162,17090006,2023-10-26,2026-08-24,2.8281998631074607,Oregon,Stream,True,True
14188750,"CRABTREE CREEK NEAR SCIO, OR",44.673139,-122.91925,170900060604,2024-08-30,2026-08-24,1.9822039698836413,Oregon,Stream,True,True
14188800,"THOMAS CREEK NEAR SCIO, OR",44.71206687,-122.7700878,17090006,2023-10-19,2026-08-24,2.847364818617385,Oregon,Stream,True,True
14188850,"THOMAS CREEK NEAR CRABTREE, OR.",44.6903999,-122.9400912,17090006,1985-10-01,1986-09-30,0.9965776865160849,Oregon,Stream,True,True
14188900,"SOUTH SANTIAM R. BLW THOMAS CR. NR. JEFFERSON, O",44.67234437,-122.9923143,17090006,1985-10-01,1986-09-02,0.919917864476386,Oregon,Stream,True,True
14189000,"SANTIAM RIVER AT JEFFERSON, OR",44.7147222,-123.01425,17090005,1985-10-01,1987-09-30,1.995893223819302,Oregon,Stream,True,True
14189050,"SANTIAM RIVER NEAR JEFFERSON, OR",44.7387325,-123.0498164,17090005,2001-05-25,2026-08-24,25.248459958932237,Oregon,Stream,True,True
14190500,"LUCKIAMUTE RIVER NEAR SUVER, OR",44.78317527,-123.2345435,17090003,2024-12-05,2026-08-24,1.7166324435318274,Oregon,Stream,True,True
14190610,"LUCKIAMUTE RIVER NEAR BUENA VISTA, OR",44.73008889,-123.1623,17090003,2024-10-04,2026-08-24,1.8863791923340179,Oregon,Stream,True,True
14191000,"WILLAMETTE RIVER AT SALEM, OR",44.9442863,-123.0428742,17090007,1985-10-01,1987-09-30,1.995893223819302,Oregon,Stream,True,True
14192015,"WILLAMETTE RIVER AT KEIZER, OR",44.957,-123.0366389,17090007,2000-10-26,2022-10-04,21.93839835728953,Oregon,Stream,True,True
14197900,"WILLAMETTE RIVER AT NEWBERG, OR",45.2845625,-122.9614893,17090007,2001-10-19,2026-08-24,24.84599589322382,Oregon,Stream,True,True
14198500,"MOLALLA R AB PC NR WILHOIT, OR",45.0097222,-122.4809167,17090009,2023-10-05,2026-08-24,2.8856947296372346,Oregon,Stream,True,True
14199704,"NATE CREEK TRIBUTARY NEAR COLTON, OR",45.2054444,-122.412111,17090009,2023-09-06,2026-08-24,2.965092402464066,Oregon,Stream,True,True
14200000,"MOLALLA RIVER NEAR CANBY, OR",45.24391667,-122.6874444,17090009,2024-08-31,2026-08-24,1.9794661190965093,Oregon,Stream,True,True
14200400,"LITTLE ABIQUA CREEK NEAR SCOTTS MILLS, OR",44.95567759,-122.6284199,17090009,1993-07-28,2004-09-30,11.175906913073238,Oregon,Stream,True,True
14201300,"ZOLLNER CREEK NEAR MT ANGEL, OR",45.10035029,-122.82173589,170900090204,1993-07-01,2004-09-30,11.249828884325805,Oregon,Stream,True,True
14201340,"PUDDING RIVER NEAR WOODBURN, OR",45.15123137,-122.80426,17090009,2024-09-18,2026-08-24,1.9301848049281314,Oregon,Stream,True,True
14201500,"BUTTE CREEK AT MONITOR, OR",45.1015099,-122.7462019,17090009,2023-09-22,2026-08-24,2.921286789869952,Oregon,Stream,True,True
14202000,"PUDDING RIVER AT AURORA, OR",45.23327778,-122.7509167,17090009,1993-08-07,2026-08-24,33.045859000684466,Oregon,Stream,True,True
14202650,"WAPATO CREEK AT SW GASTON ROAD, AT GASTON, OR",45.44064167,-123.125,17090010,2010-04-13,2026-08-24,16.36413415468857,Oregon,Stream,True,True
14202980,"SCOGGINS CK BLW HENRY HAGG LAKE, NR GASTON, OR",45.46927968,-123.200109,17090010,2002-05-01,2026-08-24,24.314852840520192,Oregon,Stream,True,True
14203500,"TUALATIN RIVER NEAR DILLEY, OR",45.4748365,-123.124274,17090010,2016-03-26,2026-08-24,10.412046543463381,Oregon,Stream,True,True
14205350,"EF DAIRY CR ABV MURTAUGH CR NR MEACHAM CORNER, OR",45.69385556,-123.0700194,17090010,2020-08-29,2026-08-24,5.984941820670773,Oregon,Stream,True,True
14205400,"EAST FORK DAIRY CREEK NEAR MEACHAM CORNER, OR",45.68233568,-123.069553,17090010,2002-09-07,2020-06-30,17.812457221081452,Oregon,Stream,True,True
14206241,"TUALATIN RIVER AT HWY 219 NEAR HILLSBORO, OR",45.50038889,-122.99094444,170900100404,2019-04-19,2026-08-24,7.34839151266256,Oregon,Stream,True,True
14206339,"ROCK CREEK ABOVE BETHANY LAKE, NEAR BETHANY, OR",45.55696389,-122.8752222,17090010,2023-08-26,2026-05-03,2.6858316221765914,Oregon,Stream,True,True
142063391,"ROCK CREEK NEAR BETHANY LAKE, NEAR BETHANY, OR",45.55603056,-122.874236,17090010,2023-08-26,2026-05-03,2.6858316221765914,Oregon,Stream,True,True
14206340,"ROCK CREEK BELOW BETHANY LAKE, NEAR BETHANY, OR",45.55566667,-122.8739722,17090010,2023-08-26,2026-05-03,2.6858316221765914,Oregon,Stream,True,True
14206694,"TUALATIN RIVER AT RIVER MILE 24.5, NR SCHOLLS, OR",45.40150659,-122.8951003,17090010,1997-05-24,2026-08-24,29.251197809719372,Oregon,Stream,True,True
14206752,"CHICKEN CREEK ABV SEASONAL TRAIL, NR SHERWOOD, OR",45.385417,-122.837056,170900100501,2023-01-21,2026-08-24,3.589322381930185,Oregon,Stream,True,True
14206950,"FANNO CREEK AT DURHAM, OR",45.403452,-122.7548185,17090010,1993-10-18,2026-08-24,32.84873374401095,Oregon,Stream,True,True
14207200,"TUALATIN RIVER AT OSWEGO DAM, NEAR WEST LINN, OR",45.35650877,-122.6850937,17090010,1991-05-08,2026-08-24,35.29637234770705,Oregon,Stream,True,True
14207500,"TUALATIN RIVER AT WEST LINN, OR",45.35067559,-122.6762044,17090010,1978-08-01,1981-09-29,3.162217659137577,Oregon,Stream,True,True
14207740,"WILLAMETTE RIVER ABOVE FALLS, AT OREGON CITY, OR",45.34805556,-122.6205278,17090007,2001-08-09,2003-09-30,2.1409993155373033,Oregon,Stream,True,True
14207770,"WILLAMETTE RIVER BELOW FALLS, AT OREGON CITY, OR",45.35762066,-122.610925,17090007,2023-11-01,2026-08-24,2.811772758384668,Oregon,Stream,True,True
14208000,"CLACKAMAS RIVER AT BIG BOTTOM, OR",45.0170833,-121.9235278,17090011,2024-06-19,2026-06-29,2.026009582477755,Oregon,Stream,True,True
14208300,"COLLAWASH R NR BREITENBUSH, OR",44.987944,-122.065972,170900110107,2024-06-22,2026-07-29,2.099931553730322,Oregon,Stream,True,True
14209700,"FISH CREEK NEAR THREE LYNX, OR",45.148278,-122.154472,170900110403,2021-06-10,2026-08-24,5.204654346338125,Oregon,Stream,True,True
14209710,"CLACKAMAS RIVER AT CARTER BRIDGE, NEAR ESTACADA,OR",45.16706506,-122.1561923,17090011,2005-04-18,2026-08-24,21.349760438056126,Oregon,Stream,True,True
14210000,"CLACKAMAS RIVER AT ESTACADA, OR",45.29984346,-122.3539746,17090011,2001-07-12,2026-08-24,25.117043121149898,Oregon,Stream,True,True
14210750,"CLEAR CREEK AT CARVER, OR",45.389806,-122.493833,170900110606,2024-11-20,2026-08-24,1.757700205338809,Oregon,Stream,True,True
14211010,"CLACKAMAS RIVER NEAR OREGON CITY, OR",45.3792874,-122.5773134,17090011,2002-06-21,2026-08-24,24.175222450376456,Oregon,Stream,True,True
14211400,"JOHNSON CREEK AT REGNER ROAD, AT GRESHAM, OR",45.4863333,-122.4218333,17090012,1999-01-20,2026-08-24,27.592060232717316,Oregon,Stream,True,True
14211499,"KELLEY CREEK AT SE 159TH DRIVE AT PORTLAND, OR",45.4767869,-122.4984239,17090012,2000-01-29,2026-08-24,26.56810403832991,Oregon,Stream,True,True
14211500,"JOHNSON CREEK AT SYCAMORE, OR",45.47745556,-122.5080194,17090012,1998-04-28,2026-08-24,28.32306639288159,Oregon,Stream,True,True
14211542,"CRYSTAL SPRINGS CREEK AT BYBEE ST, PORTLAND, OR",45.47402778,-122.6417222,17090012,1998-07-18,2026-08-24,28.10130047912389,Oregon,Stream,True,True
14211546,"CRYSTAL SPRINGS CREEK AT MOUTH AT PORTLAND, OR",45.4606747,-122.642872,17090012,1998-07-21,2012-12-18,14.412046543463381,Oregon,Stream,True,True
14211550,"JOHNSON CREEK AT MILWAUKIE, OR",45.452897,-122.6431496,17090012,1998-05-07,2026-08-24,28.298425735797398,Oregon,Stream,True,True
14211720,"WILLAMETTE RIVER AT PORTLAND, OR",45.5175,-122.6691667,17090012,2001-11-02,2026-08-24,24.80766598220397,Oregon,Stream,True,True
14245295,"COLUMBIA RIVER AT RAINIER, OREG.",46.1003901,-122.9559447,17080003,1974-10-01,1979-08-11,4.85968514715948,Oregon,Stream,True,True
14246900,"COLUMBIA RIVER AT PORT WESTWARD, NEAR QUINCY, OR",46.18122136,-123.1834539,17080003,1994-02-04,2003-09-30,9.650924024640657,Oregon,Stream,True,True
14301000,"NEHALEM RIVER NEAR FOSS, OR",45.7039986,-123.755405,17100202,1978-10-01,2026-08-24,47.89596167008898,Oregon,Stream,True,True
14301500,"WILSON RIVER NEAR TILLAMOOK, OR",45.47593996,-123.7251209,17100203,2011-08-05,2014-10-01,3.156741957563313,Oregon,Stream,True,True
14302020,"WILSON RIVER AT SOLLIE SMITH BR AT TILLAMOOK, OR",45.4771111,-123.8079722,17100203,2025-07-24,2026-08-24,1.0841889117043122,Oregon,Stream,True,True
14302480,"TRASK RIVER ABOVE CEDAR CREEK, NEAR TILLAMOOK, OR",45.4462181,-123.7103974,17100203,2011-08-05,2026-08-24,15.052703627652292,Oregon,Stream,True,True
14303600,"NESTUCCA RIVER NEAR BEAVER, OR",45.26649446,-123.847061,17100203,2025-07-31,2026-08-24,1.0650239561943875,Oregon,Stream,True,True
14305500,"SILETZ RIVER AT SILETZ, OR",44.7151172,-123.8873348,17100204,2023-10-20,2026-08-24,2.844626967830253,Oregon,Stream,True,True
14305800,"SILETZ RIVER NEAR SILETZ, OR",44.7646,-123.9137972,17100204,2024-10-22,2026-08-24,1.83709787816564,Oregon,Stream,True,True
14306032,"BIG ELK CREEK NEAR ELK CITY, OR",44.6037222,-123.8520556,17100204,2024-08-22,2026-08-24,2.004106776180698,Oregon,Stream,True,True
14306065,"BEAVER CR AT NW BEAVER VALLEY DR, NR SEAL ROCK, OR",44.50305556,-124.0227778,17100205,2010-07-28,2013-05-25,2.8254620123203287,Oregon,Stream,True,True
14306080,"BEAVER CREEK BLW S BEAVER CREEK NR SEAL ROCK, OR",44.51027778,-124.0519444,17100205,2010-05-26,2013-04-23,2.9103353867214237,Oregon,Stream,True,True
14306085,"BEAVER CREEK AT HIGHWAY 101 NEAR SEAL ROCK, OR",44.52055556,-124.07,17100205,2010-05-26,2013-09-10,3.293634496919918,Oregon,Stream,True,True
14306500,"ALSEA RIVER NEAR TIDEWATER, OR",44.3859538,-123.831778,17100205,1979-10-18,2026-08-24,46.85010266940452,Oregon,Stream,True,True
14306950,"SIUSLAW RIVER NEAR ALMA, OR",43.92113889,-123.6115806,17100206,2024-09-27,2026-08-24,1.9055441478439425,Oregon,Stream,True,True
14307605,"LAKE CREEK AT SWISSHOME, OR",44.0565,-123.7946889,17100206,2024-09-20,2026-08-24,1.9247091033538672,Oregon,Stream,True,True
14307620,"SIUSLAW RIVER NEAR MAPLETON, OR",44.06234317,-123.8831659,17100206,1978-10-01,2026-08-24,47.89596167008898,Oregon,Stream,True,True
14308000,"SOUTH UMPQUA RIVER AT TILLER, OR",42.9303985,-122.9483872,17100302,2023-09-28,2026-08-24,2.9048596851471595,Oregon,Stream,True,True
14308600,"S. UMPQUA RIVER @ DAYS CREEK, OR",42.9673409,-123.1675606,17100302,1991-08-16,1992-10-25,1.1937029431895962,Oregon,Stream,True,True
14308910,"S UMPQUA RIVER AT CANYONVILLE, OR",42.943694,-123.285917,171003020508,2024-09-05,2026-08-24,1.9657768651608487,Oregon,Stream,True,True
14310000,"COW CREEK NEAR RIDDLE, OR",42.9234502,-123.428957,17100302,2023-06-22,2026-08-24,3.1731690622861053,Oregon,Stream,True,True
14312000,"SOUTH UMPQUA RIVER NEAR BROCKWAY, OR",43.13317169,-123.3984053,17100302,2023-10-19,2026-08-24,2.847364818617385,Oregon,Stream,True,True
14312260,"S. UMPQUA RIVER NR ROSEBURG OR, OR",43.22289327,-123.4145199,17100302,1985-10-01,1995-09-30,9.995893223819301,Oregon,Stream,True,True
14312330,"SOUTH UMPQUA RIVER AT MELROSE, OR",43.2517611,-123.4477,17100302,2024-10-01,2026-08-24,1.894592744695414,Oregon,Stream,True,True
14312600,"LAKE CREEK AT HIGHWAY 138 NEAR DIAMOND LAKE, OR",43.25762536,-122.1705889,17100301,2006-08-30,2007-11-06,1.1854893908281998,Oregon,Stream,True,True
14314010,"N UMPQUA R AT TOKETEE LAKE INFLOW NR TKTE FALLS,OR",43.27151107,-122.4064305,17100301,2006-09-01,2007-11-05,1.1772758384668036,Oregon,Stream,True,True
14316460,"NORTH UMPQUA R AT SODA SPGS, NR TOKETEE FALLS, OR",43.3059544,-122.5128232,17100301,1997-10-29,2026-08-24,28.8186173853525,Oregon,Stream,True,True
14316495,"BOULDER CREEK NEAR TOKETEE FALLS, OR",43.3034543,-122.5303237,17100301,1999-02-10,2024-10-20,25.691991786447637,Oregon,Stream,True,True
14316500,"N UMPQUA RIVER ABV COPELAND CK NR TOKETEE FALLS,OR",43.29595427,-122.5367127,17100301,1998-06-26,2026-08-24,28.161533196440793,Oregon,Stream,True,True
14317450,"NORTH UMPQUA RIVER NEAR IDLEYLD PARK, OR",43.324563,-122.9997836,17100301,1998-01-23,2026-08-24,28.583162217659137,Oregon,Stream,True,True
14317500,N UMPQUA RIVER AB ROCK CR NR GLIDE OREG,43.33067418,-123.0031172,17100301,1992-11-05,1998-01-10,5.1800136892539355,Oregon,Stream,True,True
14317600,"ROCK CREEK NEAR GLIDE, OR",43.34666389,-122.9925917,17100301,2021-04-02,2026-08-24,5.393566050650239,Oregon,Stream,True,True
14318000,"LITTLE RIVER AT PEEL, OR",43.2526179,-123.0261716,17100301,1999-06-25,2026-08-24,27.16495550992471,Oregon,Stream,True,True
14319500,"NORTH UMPQUA RIVER AT WINCHESTER, OR",43.27096667,-123.4115444,17100301,1985-10-01,2026-08-24,40.8952772073922,Oregon,Stream,True,True
14320934,"LITTLE WOLF CREEK NEAR TYEE, OR",43.43122665,-123.5867573,17100303,2007-08-31,2026-08-24,18.981519507186857,Oregon,Stream,True,True
14321000,"UMPQUA RIVER NEAR ELKTON, OR",43.5859502,-123.5553727,17100303,1985-10-12,2026-08-24,40.865160848733744,Oregon,Stream,True,True
14322810,"ELK CREEK AT ELKTON, OR",43.635222,-123.564639,171003030310,2024-09-26,2026-08-24,1.9082819986310746,Oregon,Stream,True,True
14326300,"MF COQUILLE RIVER BLW MCMULLEN CREEK NR BRIDGE, OR",43.0347222,-124.04025,17100305,2024-09-19,2026-08-24,1.9274469541409993,Oregon,Stream,True,True
14326510,"SF COQUILLE RIVER AT MYRTLE POINT, OR",43.06566537,-124.1470479,17100305,2023-09-21,2026-08-24,2.924024640657084,Oregon,Stream,True,True
14327000,"N FK COQUILLE R NR MYRTLE POINT, OR",43.06817778,-124.1078444,17100305,2023-09-22,2026-08-24,2.921286789869952,Oregon,Stream,True,True
14327150,"SIXES RIVER AT SIXES, OR",42.81700556,-124.48253611,171003060203,2024-10-10,2026-08-24,1.8699520876112252,Oregon,Stream,True,True
14330000,"ROGUE RIVER BELOW PROSPECT, OR",42.72957187,-122.516147,17100307,1985-10-01,2026-08-24,40.8952772073922,Oregon,Stream,True,True
14334700,"S FK ROGUE R SOUTH OF PROSPECT, OREG.",42.71234995,-122.5067018,17100307,1985-10-01,1992-09-29,6.995208761122519,Oregon,Stream,True,True
14335072,"ROGUE R AT COLE M RIVERS F HATCHERY NR MCLEOD, OR",42.6658333,-122.6863889,17100307,2012-08-15,2026-08-24,14.023271731690622,Oregon,Stream,True,True
14335075,"ROGUE RIVER AT MCLEOD,OREG.",42.65957046,-122.6928179,17100307,1985-10-01,2000-09-30,14.99794661190965,Oregon,Stream,True,True
14337500,"BIG BUTTE CREEK NEAR MCLEOD, OR",42.6512372,-122.6914288,17100307,1985-10-01,2026-08-24,40.8952772073922,Oregon,Stream,True,True
14337600,"ROGUE RIVER NEAR MCLEOD, OR",42.6554035,-122.7150408,17100307,1985-10-01,2026-08-24,40.8952772073922,Oregon,Stream,True,True
14337800,"ELK CREEK NEAR CASCADE GORGE,OREG.",42.7734586,-122.6719864,17100307,1985-09-30,1998-09-30,12.999315537303216,Oregon,Stream,True,True
14337830,"ELK CREEK BELOW ALCO CREEK, NEAR TRAIL, OR",42.73040316,-122.7114313,17100307,1986-04-11,2003-09-30,17.470225872689937,Oregon,Stream,True,True
14337870,"WEST BRANCH ELK CREEK NEAR TRAIL,OREG.",42.7109584,-122.7497655,17100307,1985-10-01,2000-09-30,14.99794661190965,Oregon,Stream,True,True
14338000,"ELK CREEK NEAR TRAIL, OR",42.6787364,-122.7419867,17100307,1985-10-04,2026-08-24,40.8870636550308,Oregon,Stream,True,True
14338100,"ROGUE RIVER AT TRAIL, OR",42.6473471,-122.8061552,17100307,1988-03-16,2000-09-30,12.542094455852157,Oregon,Stream,True,True
14339000,"ROGUE RIVER AT DODGE BRIDGE, NEAR EAGLE POINT, OR",42.5248471,-122.8428203,17100307,1985-10-01,2026-08-24,40.8952772073922,Oregon,Stream,True,True
14359000,"ROGUE RIVER AT RAYGOLD NEAR CENTRAL POINT, OR",42.43734597,-122.9872678,17100308,1995-10-03,2026-08-24,30.8911704312115,Oregon,Stream,True,True
14361050,"ROGUE RIVER ABV SAVAGE RAPIDS DAM NR ROGUE R, OR",42.4234538,-123.1925539,17100308,2009-07-15,2010-04-12,0.7419575633127995,Oregon,Stream,True,True
14361500,"ROGUE RIVER AT GRANTS PASS, OR",42.43039607,-123.3178365,17100308,1985-10-01,2026-08-24,40.8952772073922,Oregon,Stream,True,True
14361700,"CARBERRY CREEK NEAR COPPER, OREG.",42.02595759,-123.1706051,17100309,1985-10-01,1987-09-30,1.995893223819302,Oregon,Stream,True,True
14362000,"APPLEGATE RIVER NEAR COPPER, OR",42.0637361,-123.1114358,17100309,1985-10-01,2026-08-24,40.8952772073922,Oregon,Stream,True,True
14366000,"APPLEGATE RIVER NEAR APPLEGATE, OR",42.2415113,-123.1400485,17100309,1985-09-30,2026-08-24,40.89801505817933,Oregon,Stream,True,True
14369500,"APPLEGATE RIVER NEAR WILDERVILLE, OR",42.3540058,-123.4067276,17100309,1985-10-01,2026-08-24,40.8952772073922,Oregon,Stream,True,True
14370400,"ROGUE RIVER NEAR MERLIN,OREG.",42.49650398,-123.4886759,17100310,1985-10-01,1987-09-30,1.995893223819302,Oregon,Stream,True,True
14372250,"ROGUE RIVER AT MARIAL,OREG.",42.7137225,-123.887307,17100310,1985-10-01,1987-09-30,1.995893223819302,Oregon,Stream,True,True
14372300,"ROGUE RIVER NEAR AGNESS, OR",42.59277778,-124.062,17100310,1985-10-01,2026-08-24,40.8952772073922,Oregon,Stream,True,True
14377100,"ILLINOIS RIVER NEAR KERBY, OR",42.23177936,-123.66368,17100311,2023-10-05,2026-08-24,2.8856947296372346,Oregon,Stream,True,True
14378200,"ILLINOIS RIVER NEAR AGNESS, OR",42.54487778,-124.0519139,17100311,2024-09-27,2026-08-24,1.9055441478439425,Oregon,Stream,True,True
14400000,"CHETCO RIVER NEAR BROOKINGS, OR",42.12344278,-124.1873107,17100312,2023-09-12,2026-08-23,2.945927446954141,Oregon,Stream,True,True
415954121312100,"LOST RIVER AT STATELINE ROAD, NR HATFIELD, CA",41.99830556,-121.5225,18010204,2021-05-07,2026-08-06,5.248459958932238,Oregon,Stream,True,True
420024121132800,"WEST CANAL BELOW MALONE DAM AT LANGELL VALLEY, OR",42.00668889,-121.224461,18010204,2024-06-26,2026-08-06,2.11088295687885,Oregon,Stream,True,True
420036121333700,"LOST RVR BLW ANDERSON ROSE DVRSN DAM AT MALONE, OR",42.01023889,-121.5603056,18010204,2021-05-07,2023-10-12,2.431211498973306,Oregon,Stream,True,True
420037121334100,"LOST RVR AT ANDERSON ROSE DVRSN DAM AT MALONE, OR",42.01040278,-121.5614222,18010204,2023-03-30,2026-08-05,3.351129363449692,Oregon,Stream,True,True
420219121474500,KLAMATH STRAITS DRAIN AT TOWNSHIP RD,42.03871944,-121.795875,18010204,1999-04-13,2000-04-04,0.9774127310061602,Oregon,Stream,True,True
420448121503100,"KLAMATH STRAITS DRAIN ABOVE F-FF PUMPS, WORDEN, OR",42.07988889,-121.8419444,18010204,2018-05-12,2026-08-24,8.284736481861739,Oregon,Stream,True,True
420451121510000,"KLAMATH STRAITS DRAIN NEAR HIGHWAY 97, OR",42.0808333,-121.85,18010204,1989-12-29,2026-08-19,36.63791923340178,Oregon,Stream,True,True
420523122042000,"KLAMATH RIVER AT RM 220.1, NEAR KENO, OR",42.0896861,-122.0721139,18010206,1996-05-18,1997-12-01,1.538672142368241,Oregon,Stream,True,True
420524121515200,"ADY CANAL 0.25 MI BLW KLAMATH RIVER, NR WORDEN, OR",42.08989167,-121.8643639,18010204,2009-08-06,2010-10-18,1.1991786447638604,Oregon,Stream,True,True
420535121143800,LOST RIVER BELOW MALONE DAM AT GIFT ROAD,42.09316667,-121.2438333,18010204,2021-05-07,2026-06-10,5.092402464065708,Oregon,Stream,True,True
420615121533600,"KLAMATH RIVER AT SITE 12A, NR ROCK QUARRY, OR",42.10416667,-121.8933333,18010204,2005-04-28,2010-11-29,5.587953456536619,Oregon,Stream,True,True
420615121533601,"KLAMATH RIVER AT SITE 12A, NR ROCK QUARRY-BOTTOM",42.10416667,-121.8933333,18010204,2005-06-22,2010-11-29,5.437371663244353,Oregon,Stream,True,True
420732121501100,"NORTH CANAL 0.9 MI BLW KLAMATH RIVER, NR WORDEN,OR",42.12555278,-121.8363667,18010204,1990-05-05,2010-10-20,20.459958932238195,Oregon,Stream,True,True
420741121554001,"KLAMATH RIVER ABV KENO DAM, AT KENO - BOTTOM",42.12805556,-121.9277778,18010204,2003-05-16,2026-08-24,23.274469541409992,Oregon,Stream,True,True
420833121402000,"LOST RIVER AT WILSON DAM, AT HENLEY, OR",42.14258889,-121.672186,18010204,2023-03-30,2026-08-11,3.3675564681724848,Oregon,Stream,True,True
420853121505500,"KLAMATH RIVER AT MILLER ISLAND BOAT RAMP, OR",42.14805556,-121.848611,18010204,1999-02-06,2026-08-19,27.531827515400412,Oregon,Stream,True,True
420853121505501,KLAMATH RIVER AT MILLER ISLAND BOAT RAMP-BOTTOM,42.14805556,-121.848611,18010204,2003-05-01,2026-08-19,23.301848049281315,Oregon,Stream,True,True
421010121271200,"LOST R AT BR XING BLW HARPOLD DAM, NR BONANZA, OR",42.16941667,-121.453686,18010204,2021-05-07,2024-07-17,3.1950718685831623,Oregon,Stream,True,True
421015121471800,"LOST RIVER DIVERSION CHANNEL NR KLAMATH RIVER, OR",42.1708333,-121.7883333,18010204,2007-04-05,2026-08-19,19.37303216974675,Oregon,Stream,True,True
421131121465900,"KLAMATH RIVER ABOVE OR 140, NEAR ALTAMONT,OR",42.19208889,-121.7829833,18010204,2002-04-27,2002-10-30,0.5092402464065708,Oregon,Stream,True,True
421209121463000,"KLAMATH RIVER AT RAILROAD BRIDGE, OR",42.2025,-121.775,18010204,2003-06-05,2010-11-30,7.488021902806297,Oregon,Stream,True,True
421209121463001,KLAMATH RIVER AT RAILROAD BRIDGE - BOTTOM,42.2025,-121.775,18010204,2003-05-22,2010-11-30,7.526351813826146,Oregon,Stream,True,True
421330121474700,LINK RIVER ABOVE EASTSIDE POWERHOUSE,42.22502778,-121.7964722,18010204,2003-08-14,2007-12-18,4.344969199178645,Oregon,Stream,True,True
421401121480900,LINK RIVER DAM,42.2336111,-121.8025,18010203,2001-06-16,2026-08-20,25.177275838466805,Oregon,Stream,True,True
423815118453900,DONNER UND BLITZEN ABOVE INDIAN CREEK,42.637425,-118.760772,171200030106,2019-07-24,2022-10-25,3.2553045859000687,Oregon,Stream,True,True
423830118453200,INDIAN CREEK NR DONNER UND BLITZEN CONFLUENCE,42.64180278,-118.7589944,17120003,2019-07-24,2022-10-24,3.252566735112936,Oregon,Stream,True,True
424003118453700,LITTLE BLITZEN RIVER NR RIDDLE RANCH,42.66755,-118.76015,17120003,2020-06-19,2022-10-25,2.349075975359343,Oregon,Stream,True,True
424325118495900,DONNER UND BLITZEN NEAR BURNT CAR SPRING,42.72374167,-118.8330667,17120003,2019-07-25,2022-10-24,3.249828884325804,Oregon,Stream,True,True
424547118503500,DONNER UND BLITZEN ABOVE FISH CREEK,42.76296389,-118.843111,17120003,2019-07-26,2022-10-23,3.24435318275154,Oregon,Stream,True,True
424551118503200,FISH CREEK AT DONNER UND BLITZEN CONFLUENCE,42.7640722,-118.8423167,17120003,2019-07-26,2022-10-23,3.24435318275154,Oregon,Stream,True,True
441344122095400,"LOOKOUT CREEK ABOVE MACK CREEK, NR BLUE RIVER, OR",44.2288333,-122.165111,17090004,2020-06-12,2020-12-02,0.4736481861738535,Oregon,Stream,True,True
441400122123000,"MCRAE CREEK NEAR BLUE RIVER, OR",44.2333611,-122.2083333,17090004,2020-06-12,2020-12-01,0.47091033538672145,Oregon,Stream,True,True
441504122105500,"UNNAMED TRIB TO MCRAE CREEK NEAR BLUE RIVER, OR",44.2512222,-122.1818333,17090004,2020-06-13,2020-12-02,0.47091033538672145,Oregon,Stream,True,True
441917120532300,"CROOKED RIVER ABV OCHOCO CREEK, NR PRINEVILLE, OR",44.32130556,-120.8896944,17070305,2018-07-16,2018-11-20,0.34770704996577684,Oregon,Stream,True,True
441923120534300,"CROOKED RIVER BLW OCHOCO CREEK, NR PRINEVILLE, OR",44.32305556,-120.8952778,17070305,2018-07-10,2018-11-20,0.36413415468856947,Oregon,Stream,True,True
441924120531900,"OCHOCO CREEK 0.2 MI ABV MOUTH, NR PRINEVILLE, OR",44.3233333,-120.888611,17070305,2018-07-10,2018-11-25,0.37782340862423,Oregon,Stream,True,True
441942120534600,"MCKAY CREEK 0.2 MI ABV MOUTH, NR PRINEVILLE, OR",44.3283333,-120.896111,17070305,2018-07-10,2018-11-25,0.37782340862423,Oregon,Stream,True,True
441944120540100,"CROOKED RIVER BLW MCKAY CREEK, NR PRINEVILLE, OR",44.32888889,-120.9002778,17070305,2018-07-10,2018-11-25,0.37782340862423,Oregon,Stream,True,True
442038120571500,"CROOKED RIVER BLW LYTLE CREEK, NR PRINEVILLE, OR",44.34392778,-120.9543028,17070305,2018-07-26,2018-11-20,0.3203285420944558,Oregon,Stream,True,True
442043120570200,"LYTLE CREEK 0.2 MI ABV MOUTH, NR PRINEVILLE, OR",44.34515,-120.9506667,17070305,2018-07-26,2018-11-20,0.3203285420944558,Oregon,Stream,True,True
442316122141200,"S SANTIAM RIVER ABV SHEEP CR, NR UPPER SODA, OR",44.387689,-122.236611,170900060202,2024-07-24,2024-08-12,0.05201916495550993,Oregon,Stream,True,True
442402122260200,"S SANTIAM RIVER ABV MOOSE CR, NR CASCADIA, OR",44.40065,-122.434,170900060208,2024-07-24,2024-08-12,0.05201916495550993,Oregon,Stream,True,True
443056122221700,"MIDDLE SANTIAM RIVER LOWER GAGE, NR CASCADIA, OR",44.5154611,-122.3714889,17090006,2024-06-12,2024-08-11,0.16427104722792607,Oregon,Stream,True,True
443226122260700,"PANTHER CREEK AT MOUTH, NEAR CASCADIA, OR",44.5404222,-122.4352,17090006,2024-06-11,2024-10-21,0.3613963039014374,Oregon,Stream,True,True
443253122255000,"QUARTZVILLE CR AT DOGWOOD PICNIC, NR CASCADIA, OR",44.54812778,-122.4306917,17090006,2024-08-14,2024-10-21,0.1861738535249829,Oregon,Stream,True,True
443317122252600,"FOUR BIT CREEK AT MOUTH, NEAR CASCADIA, OR",44.55458889,-122.4238333,17090006,2024-06-11,2024-10-21,0.3613963039014374,Oregon,Stream,True,True
443340122250500,"QUARTZVILLE CR BLW BOULDER CR, NR CASCADIA, OR  C",44.56118056,-122.4179556,17090006,2024-08-14,2024-10-21,0.1861738535249829,Oregon,Stream,True,True
443342122250200,"QUARTZVILLE CR BLW BOULDER CR, NR CASCADIA, OR  A",44.56157778,-122.417275,17090006,2024-08-14,2024-10-21,0.1861738535249829,Oregon,Stream,True,True
443348122244400,"YELLOWSTONE CREEK NEAR MOUTH, NEAR CASCADIA, OR",44.56340278,-122.4122972,17090006,2024-08-14,2024-10-21,0.1861738535249829,Oregon,Stream,True,True
443404122240500,"BOULDER CREEK NEAR CASCADIA, OR",44.56785278,-122.4014694,17090006,2024-08-14,2024-10-21,0.1861738535249829,Oregon,Stream,True,True
443502122240500,"QUARTZVILLE CREEK BLW PACKERS CR, NR CASCADIA, OR",44.58384167,-122.4014028,17090006,2024-08-13,2024-10-21,0.188911704312115,Oregon,Stream,True,True
443517122221800,"YELLOWBOTTOM CREEK AT MOUTH, NR CASCADIA, OR",44.588181,-122.371625,170900060304,2024-08-13,2024-10-21,0.188911704312115,Oregon,Stream,True,True
443519122225800,"QUARTZVILLE CR BLW YELLOWBOTTOM CR NR CASCADIA, OR",44.5886,-122.3826639,17090006,2024-08-13,2024-10-21,0.188911704312115,Oregon,Stream,True,True
443531122203900,"CANAL CREEK ABV UNNAMED TRIB, NR CASCADIA, OR",44.59194167,-122.3442694,17090006,2024-10-23,2025-06-09,0.6269678302532512,Oregon,Stream,True,True
443935121571700,"N SANTIAM RIVER  BLW PAMELIA CR, NR DETROIT, OR",44.65968056,-121.9547778,17090005,2024-07-23,2024-10-20,0.243668720054757,Oregon,Stream,True,True
444238122065700,"N SANTIAM RIVER AT SANTIAM FLATS, NR DETROIT, OR",44.710625,-122.1159278,17090005,2024-07-23,2024-10-22,0.24914442162902123,Oregon,Stream,True,True
444516122243900,"NORTH SANTIAM RIVER AT GATES, OR",44.75452778,-122.4107222,17090005,2021-03-26,2022-05-03,1.103353867214237,Oregon,Stream,True,True
444649121594701,BREITENBUSH R BLW BREITENBUSH HOT SPGS NR DETROIT,44.78017778,-121.983175,17090005,2024-07-23,2024-10-20,0.243668720054757,Oregon,Stream,True,True
444653121571200,"NF BREITENBUSH RIVER BLW NF 4685, NR DETROIT, OR",44.7813472,-121.9533778,17090005,2024-07-23,2024-10-20,0.243668720054757,Oregon,Stream,True,True
444728122450000,"NORTH SANTIAM RIVER AT GEREN ISLAND, NR STAYTON,OR",44.79095556,-122.7511989,17090005,2001-03-22,2015-12-21,14.74880219028063,Oregon,Stream,True,True
444809122265500,"LITTLE N SANTIAM R AT ELKHORN VALLEY REC SITE, OR",44.80258056,-122.448625,17090005,2024-07-03,2024-10-20,0.29842573579739906,Oregon,Stream,True,True
445009122212100,"LITTLE N SANTIAM RIVER BLW EVANS CR AT ELKHORN, OR",44.8356972,-122.3559333,17090005,2024-07-03,2024-08-14,0.11498973305954825,Oregon,Stream,True,True
452230122512201,"CHICKEN CREEK AT SCHOLLS-SHERWOOD HWY, SHERWOOD OR",45.3748654,-122.8572543,17090010,2001-05-12,2026-08-24,25.284052019164957,Oregon,Stream,True,True
452348122454701,"FANNO CREEK AT DURHAM CITY PARK, DURHAM, OR",45.3966131,-122.7629714,17090010,2001-02-27,2003-01-16,1.8836413415468858,Oregon,Stream,True,True
452559122472401,"SUMMER CREEK AT FOWLER MIDDLE SCHOOL, TIGARD, OR",45.43284038,-122.7911617,17090010,2001-03-03,2017-12-10,16.772073921971252,Oregon,Stream,True,True
452631122463101,"ASH CREEK AT SHADY LANE, TIGARD, OR",45.4417737,-122.7765475,17090010,2001-03-03,2001-12-02,0.7501711156741958,Oregon,Stream,True,True
452657122244500,"SUNSHINE CREEK NEAR DAMASCUS, OR",45.4491694,-122.4124806,17090012,2025-06-21,2026-07-13,1.0595482546201231,Oregon,Stream,True,True
452710122224800,"BADGER CREEK NEAR BORING, OR",45.45288056,-122.38005,17090012,2025-06-21,2026-05-11,0.8870636550308009,Oregon,Stream,True,True
452712122474101,"FANNO CREEK AT GEMINI DRIVE, TIGARD, OR",45.45310127,-122.7960566,17090010,2001-03-03,2001-12-02,0.7501711156741958,Oregon,Stream,True,True
452718122474700,"FANNO CREEK AT GREENWAY PARK, NEAR SW PEARSON CT",45.4551222,-122.7963056,17090010,2016-05-19,2017-11-28,1.5277207392197125,Oregon,Stream,True,True
452727122474801,FANNO CREEK AT GREENWAY PARK NEAR TUCKERWOOD CRT,45.4576722,-122.7966556,17090010,2016-05-19,2017-11-28,1.5277207392197125,Oregon,Stream,True,True
452731123092100,"SCOGGINS CREEK NEAR SW OLD HWY 47, NEAR GASTON, OR",45.4586111,-123.1559167,17090010,2020-08-07,2026-08-24,6.04517453798768,Oregon,Stream,True,True
452734122192700,"JOHNSON CREEK ABV SE 327TH AVE NR COTTRELL, OR",45.459361,-122.324075,170900120101,2026-05-14,2026-07-15,0.1697467488021903,Oregon,Stream,True,True
452737122194200,"JOHNSON CREEK AT SE BLUFF RD, AT PLEASANT HOME, OR",45.46033333,-122.32822222,170900120101,2025-06-27,2026-07-15,1.0485968514715949,Oregon,Stream,True,True
452737122231400,"BADGER CREEK AT RUGG ROAD NEAR GRESHAM, OR",45.46022222,-122.38788889,170900120101,2025-06-21,2026-05-11,0.8870636550308009,Oregon,Stream,True,True
452738122474100,"FANNO CREEK AT GREENWAY PARK, AT SW HALL BLVD",45.4606083,-122.7947806,17090010,2016-05-20,2017-11-28,1.5249828884325805,Oregon,Stream,True,True
452753122233100,"JOHNSON CREEK AT TELFORD ROAD NEAR GRESHAM, OR",45.46451967,-122.39312,17090012,2025-06-21,2026-05-11,0.8870636550308009,Oregon,Stream,True,True
452754122234200,"JOHNSON CREEK ABV SUNSHINE CREEK NR GRESHAM, OR",45.465078,-122.394889,170900120101,2026-05-14,2026-07-15,0.1697467488021903,Oregon,Stream,True,True
452755122234100,"SUNSHINE CREEK AT MOUTH NEAR GRESHAM, OR",45.4650752,-122.3958978,17090012,2025-06-21,2026-05-11,0.8870636550308009,Oregon,Stream,True,True
452806122231900,"N FK JOHNSON CREEK BLW ANDERSON RD, NR GRESHAM, OR",45.4682722,-122.3885333,17090012,2025-05-30,2026-05-11,0.947296372347707,Oregon,Stream,True,True
452807122215001,"N FK JOHNSON CR NR SE ORIENT DR, NR GRESHAM, OR",45.46866667,-122.3639722,17090012,2025-05-30,2026-08-18,1.218343600273785,Oregon,Stream,True,True
452842122450101,"FANNO CREEK AT WILLOWMERE DRIVE, PORTLAND, OR",45.4781624,-122.751414,17090010,2001-02-28,2001-12-02,0.758384668035592,Oregon,Stream,True,True
452857122375700,CRYSTAL SPRINGS CREEK BLW REED LAKE AT PORTLAND OR,45.482381,-122.632478,170900120103,2026-06-02,2026-07-19,0.12867898699520877,Oregon,Stream,True,True
453004122510301,"BEAVERTON CREEK AT 170TH AVE, BEAVERTON, OR",45.5009505,-122.852045,17090010,2001-05-12,2025-08-04,24.229979466119097,Oregon,Stream,True,True
453027122400000,"WILLAMETTE RIVER BLW HOLGATE CHANNEL, PORTLAND, OR",45.507481,-122.666614,170900120202,2023-06-07,2025-11-20,2.455852156057495,Oregon,Stream,True,True
453030122560101,"ROCK CREEK AT BROOKWOOD AVENUE, HILLSBORO, OR",45.5081944,-122.9335,17090010,2004-05-20,2026-08-24,22.261464750171115,Oregon,Stream,True,True
453040123065201,"GALES CREEK AT OLD HWY 47, FOREST GROVE, OR",45.510878,-123.115666,17090010,2001-05-09,2026-08-24,25.29226557152635,Oregon,Stream,True,True
453104122551201,"ROCK CREEK AT WOLL POND WAY, HILLSBORO, OR",45.51761657,-122.9212139,17090010,2001-05-12,2003-11-23,2.532511978097194,Oregon,Stream,True,True
453113123003501,"DAIRY CREEK AT HWY 8, HILLSBORO, OR",45.52022699,-123.0110247,17090010,2001-05-10,2012-05-03,10.981519507186858,Oregon,Stream,True,True
453250122494501,BRONSON CREEK ABOVE NW KAISER RD,45.5473472,-122.8291417,17090010,2016-05-20,2017-11-28,1.5249828884325805,Oregon,Stream,True,True
453302122491600,BRONSON CR NEAR NW MEISNER DR AND NW HENNINGER LN,45.5504861,-122.821075,17090010,2016-07-13,2017-11-28,1.377138945927447,Oregon,Stream,True,True
453312122485800,BRONSON CREEK NEAR NW LAKEVIEW DR,45.55334167,-122.8162278,17090010,2016-05-20,2017-11-28,1.5249828884325805,Oregon,Stream,True,True
453320122483701,BRONSON CREEK AT LAIDLAW,45.55561389,-122.810261,17090010,2016-08-25,2017-12-07,1.2840520191649556,Oregon,Stream,True,True
453606121101000,"COLUMBIA RIVER, LEFT BANK, NEAR THE DALLES, OR",45.6015092,-121.1706265,17070105,1996-03-29,1996-07-07,0.2737850787132101,Oregon,Stream,True,True
453630122021400,"COLUMBIA RIVER, LEFT BANK, NEAR DODSON, OR",45.60817305,-122.0384174,17080001,1996-03-08,2026-08-24,30.46132785763176,Oregon,Stream,True,True
460923123235800,"COLUMBIA RIVER, LEFT BANK, AT WAUNA, OR",46.15622146,-123.4006829,17080003,1996-03-07,1998-09-15,2.524298425735797,Oregon,Stream,True,True
461518123285700,"UNNAMED SLOUGH, WELCH ISLAND, COLUMBIA RIVER, OR",46.2551111,-123.4824444,17080003,2014-04-11,2014-08-04,0.31485284052019163,Oregon,Stream,True,True
01427195,"Equinunk Creek near Dillontown, PA",41.84027778,-75.2383333,2040101,2018-09-30,2026-08-24,7.898699520876113,Pennsylvania,Stream,True,True
01427207,DELAWARE RIVER AT LORDVILLE NY,41.86727778,-75.21375,20401010406,1992-09-30,2026-08-24,33.89733059548254,Pennsylvania,Stream,True,True
01427510,DELAWARE RIVER AT CALLICOON NY,41.75675,-75.05741667,20401010506,1975-06-27,2026-08-24,51.15947980835045,Pennsylvania,Stream,True,True
01428750,"West Branch Lackawaxen River near Aldenville, PA",41.67452998,-75.37601299,2040103,1988-07-05,2026-08-24,38.13552361396304,Pennsylvania,Stream,True,True
01429000,"West Branch Lackawaxen River at Prompton, PA",41.5872185,-75.326829,2040103,1987-10-06,2026-08-24,38.8829568788501,Pennsylvania,Stream,True,True
01431500,"Lackawaxen River at Hawley, PA",41.4762002,-75.1721186,2040103,2007-08-23,2026-08-24,19.003422313483917,Pennsylvania,Stream,True,True
01432055,"Lackawaxen River near Baoba, PA",41.46941667,-75.1089444,2040103,2021-08-19,2026-08-24,5.0130047912388775,Pennsylvania,Stream,True,True
01432110,"Lackawaxen River at Rowland, PA",41.4759228,-75.036281,2040104,2007-07-27,2026-08-24,19.077344284736483,Pennsylvania,Stream,True,True
01432160,DELAWARE RIVER AT BARRYVILLE NY,41.47483333,-74.91325,20401040504,1975-03-05,2026-08-24,51.4715947980835,Pennsylvania,Stream,True,True
01432495,"Shohola Creek near Walker Lake, PA",41.45,-74.9216667,2040104,2019-04-24,2026-08-24,7.3347022587268995,Pennsylvania,Stream,True,True
01432805,DELAWARE RIVER AT POND EDDY NY,41.43875,-74.81913889,20401040504,1973-10-01,2026-08-24,52.8952772073922,Pennsylvania,Stream,True,True
01434000,DELAWARE RIVER AT PORT JERVIS NY,41.3705833,-74.69713889,2040104,1974-06-26,2026-08-24,52.16153319644079,Pennsylvania,Stream,True,True
01438302,"VANDERMARK CREEK AT MOUTH AT MILFORD, PA",41.3223161,-74.7951658,2040104,2001-08-01,2001-08-30,0.07939767282683094,Pennsylvania,Stream,True,True
01438396,"SAWKILL CREEK 2000 FT AB MOUTH AT MILFORD, PA",41.31898276,-74.8023883,2040104,2001-08-01,2001-08-29,0.07665982203969883,Pennsylvania,Stream,True,True
01438500,Delaware River at Montague NJ,41.30916667,-74.79527778,20401040704,2019-10-03,2026-08-24,6.891170431211499,Pennsylvania,Stream,True,True
01438712,RAYMONDSKILL CR BL SWALE BROOK NR SILVER SPRING PA,41.3053714,-74.8510008,2040104,2001-08-01,2001-09-18,0.13141683778234087,Pennsylvania,Stream,True,True
01438890,"DINGMANS CR BL FULMER FALLS NR DINGMANS FERRY, PA",41.23120529,-74.9098921,2040104,2001-08-01,2001-08-28,0.07392197125256673,Pennsylvania,Stream,True,True
01439400,"TOMS CREEK AT EGYPT MILLS, PA",41.12592874,-74.9551717,2040104,2001-08-01,2001-08-28,0.07392197125256673,Pennsylvania,Stream,True,True
01439500,"Bush Kill at Shoemakers, PA",41.08815078,-75.03767469,2040104,2019-11-21,2024-10-15,4.900752908966461,Pennsylvania,Stream,True,True
01439680,"Little Bush Kill Creek at Bushkill, PA",41.09787335,-75.00378459,2040104,2001-08-01,2001-08-27,0.07118412046543464,Pennsylvania,Stream,True,True
01440090,DELAWARE R NR EAST STROUDSBURG PA,41.0445405,-75.0279524,2040104,1966-10-01,1976-02-01,9.336071184120465,Pennsylvania,Stream,True,True
01440304,"BRODHEAD CREEK NEAR MOUNTAINHOME, PA",41.16370235,-75.2396254,2040104,2001-08-02,2001-08-26,0.06570841889117043,Pennsylvania,Stream,True,True
01440400,"Brodhead Creek near Analomink, PA",41.0848148,-75.2146251,2040104,2019-11-21,2026-08-24,6.757015742642026,Pennsylvania,Stream,True,True
01446700,"Delaware River at Easton, PA",40.7120429,-75.1962874,2040105,1967-11-07,1978-06-02,10.568104038329912,Pennsylvania,Stream,True,True
01447120,"LEHIGH RIVER NEAR GOULDSBORO, PA",41.2370284,-75.5007415,2040106,2001-08-02,2001-09-10,0.10677618069815195,Pennsylvania,Stream,True,True
01447500,"Lehigh River at Stoddartsville, PA",41.1302794,-75.62545259,2040106,1980-10-09,2026-08-24,45.87268993839836,Pennsylvania,Stream,True,True
01447530,"TOBYHANNA CREEK AT WARNERTOWN, PA",41.1617533,-75.4554631,2040106,2001-08-02,2001-09-10,0.10677618069815195,Pennsylvania,Stream,True,True
01447720,"Tobyhanna Creek near Blakeslee, PA",41.08472426,-75.6054522,2040106,1980-06-27,2026-08-24,46.157426420260094,Pennsylvania,Stream,True,True
01447800,Lehigh R bl Francis E Walter Res nr White Haven PA,41.10472447,-75.73212288,2040106,1987-10-01,2026-08-24,38.89664613278576,Pennsylvania,Stream,True,True
01449360,"Pohopoco Creek at Kresgeville, PA",40.8975919,-75.5024077,2040106,1968-10-11,2026-08-24,57.86721423682409,Pennsylvania,Stream,True,True
01449800,"Pohopoco Cr bl Beltzville Dam nr Parryville, PA",40.84564756,-75.6457437,2040106,2017-10-01,2026-08-24,8.895277207392198,Pennsylvania,Stream,True,True
01451380,"Little Lehigh Creek near Trexlertown, PA",40.53111897,-75.60045519,2040106,2019-11-13,2026-08-24,6.778918548939083,Pennsylvania,Stream,True,True
01451400,"Spring Creek at Trexlertown, PA",40.5340833,-75.6014722,2040106,2020-03-10,2026-08-24,6.455852156057495,Pennsylvania,Stream,True,True
01451467,"Leibert Creek at Emmaus, PA",40.5216111,-75.5083333,2040106,2020-07-22,2024-04-16,3.7344284736481863,Pennsylvania,Stream,True,True
01451500,"Little Lehigh Creek near Allentown, PA",40.5823197,-75.48296088,2040106,2019-10-11,2026-08-24,6.869267624914442,Pennsylvania,Stream,True,True
01451630,"Cedar Creek at Mouth near Allentown, PA",40.5875,-75.4968056,2040106,2020-01-17,2026-08-24,6.6009582477754964,Pennsylvania,Stream,True,True
01451650,Little Lehigh Creek at Tenth St. Br. at Allentown,40.59648637,-75.4740717,2040106,2019-10-12,2026-08-24,6.86652977412731,Pennsylvania,Stream,True,True
01451800,"Jordan Creek near Schnecksville, PA",40.66176219,-75.626854,2040106,1999-05-05,2001-11-29,2.5708418891170433,Pennsylvania,Stream,True,True
01454700,"Lehigh River at Glendon, PA",40.6692656,-75.23628808,2040106,2010-07-29,2026-08-24,16.071184120465436,Pennsylvania,Stream,True,True
01454720,"Lehigh River at Easton, PA",40.68676549,-75.2085098,2040106,1967-10-01,2009-09-29,41.9958932238193,Pennsylvania,Stream,True,True
01458920,"Tinicum Creek near Smithtown, PA",40.4858333,-75.0694444,2040105,2000-07-18,2000-09-10,0.14784394250513347,Pennsylvania,Stream,True,True
01460200,"Delaware R below Tohickon Cr at Point Pleasant, PA",40.41843797,-75.0612817,2040105,2000-05-01,2014-11-16,14.543463381245722,Pennsylvania,Stream,True,True
01462100,"Pidcock Creek near New Hope, PA",40.32955117,-74.9368335,2040105,2000-07-18,2000-09-11,0.15058179329226556,Pennsylvania,Stream,True,True
01463450,Delaware River near Morrisville PA,40.22444444,-74.78888889,2040105,2009-05-14,2009-10-07,0.3997262149212868,Pennsylvania,Stream,True,True
01464600,"Delaware River at Bristol, PA",40.0820552,-74.8657206,2040201,1964-10-01,1980-11-26,16.1533196440794,Pennsylvania,Stream,True,True
01464710,"Pine Run at Chalfont, PA",40.2889952,-75.2026734,2040201,2000-07-19,2000-09-24,0.1834360027378508,Pennsylvania,Stream,True,True
01464907,Little Neshaminy C at Valley Road nr Neshaminy PA,40.22927456,-75.119616,2040201,1999-02-25,2001-10-31,2.6803559206023273,Pennsylvania,Stream,True,True
01465500,"Neshaminy Creek near Langhorne, PA",40.1739982,-74.9568342,2040201,2018-12-20,2026-08-24,7.676933607118412,Pennsylvania,Stream,True,True
014670261,Delaware River at Pennypack Woods PA,40.0385,-74.9936111,2040202,2018-09-30,2026-08-24,7.898699520876113,Pennsylvania,Stream,True,True
0146708450,"Tacony Creek at Cheltenham, PA",40.06888889,-75.1158333,2040202,2000-07-22,2000-09-17,0.15605749486652978,Pennsylvania,Stream,True,True
01467087,"Frankford Creek at Castor Ave, Philadelphia, PA",40.0159454,-75.0968411,2040202,2018-09-30,2026-08-24,7.898699520876113,Pennsylvania,Stream,True,True
01467200,"Delaware River at Penn's Landing, Philadelphia, PA",39.946402,-75.1393603,2040202,2020-12-03,2026-08-24,5.722108145106092,Pennsylvania,Stream,True,True
01467471,"Schuylkill River ab Mill Creek at Port Carbon, PA",40.6937472,-76.1647722,2040203,2007-09-30,2010-07-15,2.7898699520876113,Pennsylvania,Stream,True,True
01467492,"Mill Cr ab Schuylkill River at Port Carbon, PA",40.69381944,-76.1649556,2040203,2007-10-01,2010-06-21,2.7214236824093088,Pennsylvania,Stream,True,True
01467688,WB Schuylkill River ab Pine Knot Disch at Duncott,40.70422839,-76.2493078,2040203,2007-10-29,2010-07-15,2.7104722792607805,Pennsylvania,Stream,True,True
01467752,"WB Schuylkill River ab West Cr near Pottsville, PA",40.6686861,-76.2364222,2040203,2007-10-01,2010-07-15,2.7871321013004793,Pennsylvania,Stream,True,True
01467861,"West Cr West Branch Schuylkill near Pottsville, PA",40.6687722,-76.2379444,2040203,2007-10-01,2010-07-15,2.7871321013004793,Pennsylvania,Stream,True,True
01469700,"Little Schuylkill River at South Tamaqua, PA",40.77314556,-75.9565925,2040203,2007-10-01,2009-09-30,1.998631074606434,Pennsylvania,Stream,True,True
01470736,"Sacony Creek at Normal Avenue at Kutztown, PA",40.5156111,-75.7701944,2040203,2025-03-11,2026-08-24,1.4537987679671458,Pennsylvania,Stream,True,True
01470779,"Tulpehocken Creek near Bernville, PA",40.4133443,-76.1715854,2040203,2017-10-01,2026-08-24,8.895277207392198,Pennsylvania,Stream,True,True
01470960,Tulpehocken Cr at Blue Marsh Damsite near Reading,40.37056658,-76.025192,2040203,2017-10-01,2026-08-24,8.895277207392198,Pennsylvania,Stream,True,True
01471520,"Wyomissing Creek at West Reading, PA",40.32814819,-75.9443764,2040203,2000-07-19,2000-09-24,0.1834360027378508,Pennsylvania,Stream,True,True
01471667,"Hay Creek near Scarlets Mill, PA",40.2392083,-75.8301806,2040203,2000-07-19,2000-09-24,0.1834360027378508,Pennsylvania,Stream,True,True
01471875,"Manatawny Creek near Spangsville, PA",40.339538,-75.7421359,2040203,2018-09-28,2026-08-24,7.904175222450377,Pennsylvania,Stream,True,True
01472100,"Pigeon Creek near Parker Ford, PA",40.19676698,-75.5865766,2040203,2000-07-19,2000-10-01,0.2026009582477755,Pennsylvania,Stream,True,True
01472104,"Schuylkill River at Vincent Dam at Linfield, PA",40.20621166,-75.5654631,2040203,2007-09-30,2017-10-05,10.015058179329227,Pennsylvania,Stream,True,True
014721254,French Creek on park boundary at Hopewell Village,40.2017,-75.7675667,2040203,2010-04-13,2010-12-12,0.6652977412731006,Pennsylvania,Stream,True,True
014721259,"Baptism Creek near Hopewell Village, PA",40.2017222,-75.7670556,2040203,2010-04-13,2010-12-12,0.6652977412731006,Pennsylvania,Stream,True,True
01472157,"French Creek near Phoenixville, PA",40.15149064,-75.601305,2040203,1998-11-05,2026-08-24,27.800136892539356,Pennsylvania,Stream,True,True
014721884,Pickering Cr at Charlestown Rd Br at Charlestown,40.09927137,-75.5551967,2040203,2000-07-19,2000-09-17,0.16427104722792607,Pennsylvania,Stream,True,True
01472280,"Macoby Creek at Green Lane, PA",40.339545,-75.4718453,2040203,2000-07-19,2000-09-24,0.1834360027378508,Pennsylvania,Stream,True,True
01473000,"Perkiomen Creek at Graterford, PA",40.22954725,-75.451567,2040203,2018-11-30,2026-08-24,7.731690622861054,Pennsylvania,Stream,True,True
01473169,Valley Creek at PA Turnpike Br near Valley Forge,40.07927367,-75.46074808,2040203,2018-10-01,2026-08-24,7.8959616700889805,Pennsylvania,Stream,True,True
01473470,"Stony Creek at Sterigere Street at Norristown, PA",40.12733007,-75.3449047,2040203,2020-06-19,2026-08-24,6.179329226557153,Pennsylvania,Stream,True,True
01473500,"Schuylkill River at Norristown, PA",40.11555556,-75.3561111,2040203,2012-02-23,2026-08-24,14.499657768651609,Pennsylvania,Stream,True,True
01473900,"Wissahickon Creek at Fort Washington, PA",40.1239987,-75.2198992,2040203,2023-09-30,2026-08-24,2.8993839835728954,Pennsylvania,Stream,True,True
01474000,"Wissahickon Creek at Mouth, Philadelphia, PA",40.0152903,-75.2068343,2040203,2023-09-30,2026-08-24,2.8993839835728954,Pennsylvania,Stream,True,True
01474500,"Schuylkill River at Philadelphia, PA",39.9677908,-75.1885007,2040203,1967-10-01,2001-11-12,34.116358658453116,Pennsylvania,Stream,True,True
01474703,"Delaware River at Fort Mifflin at Philadelphia, PA",39.8792798,-75.20268029,2040202,1972-06-17,2026-08-24,54.18480492813142,Pennsylvania,Stream,True,True
01475430,"Darby Creek at Foxcroft, PA",39.9958333,-75.3558333,2040202,2000-07-21,2000-09-17,0.15879534565366188,Pennsylvania,Stream,True,True
01475510,"Darby Creek near Darby, PA",39.92900154,-75.2724064,2040202,2000-07-20,2000-09-10,0.14236824093086928,Pennsylvania,Stream,True,True
01475530,"Cobbs Cr at U.S. Hghwy No. 1 at Philadelphia, PA",39.9747355,-75.2798924,2040202,2018-10-01,2026-08-24,7.8959616700889805,Pennsylvania,Stream,True,True
01475543,"Cobbs Creek at East Lansdowne, PA",39.95166667,-75.25138889,2040202,2000-07-20,2000-09-10,0.14236824093086928,Pennsylvania,Stream,True,True
01475548,"Cobbs Creek at Mt. Moriah Cemetery, Philadelphia",39.9327861,-75.2376361,2040202,2018-10-01,2026-08-18,7.879534565366187,Pennsylvania,Stream,True,True
01475845,"Crum Creek at Goshen Road near Whitehorse, PA",39.99010985,-75.43742,2040202,2000-07-21,2000-09-17,0.15879534565366188,Pennsylvania,Stream,True,True
01476470,"Ridley Creek near Media, PA",39.9325,-75.4116667,2040202,2000-07-20,2000-09-10,0.14236824093086928,Pennsylvania,Stream,True,True
01476950,"WB Chester Creek near Chester Heights, PA",39.87677828,-75.4510302,2040202,2000-07-20,2000-09-11,0.14510609171800137,Pennsylvania,Stream,True,True
01477050,DELAWARE RIVER AT CHESTER PA,39.83677934,-75.36630199,2040202,1964-10-16,2026-08-24,61.85352498288843,Pennsylvania,Stream,True,True
01478100,"EB White Clay Creek Trib near London Grove, PA",39.85834967,-75.7832425,2040205,2020-01-16,2026-08-24,6.6036960985626285,Pennsylvania,Stream,True,True
01478120,"East Branch White Clay Creek at Avondale, PA",39.8284429,-75.780773,2040205,2019-11-15,2024-12-02,5.048596851471594,Pennsylvania,Stream,True,True
01478137,"Trout Run at Avondale, PA",39.8217764,-75.7791061,2040205,1997-12-03,2026-08-24,28.722792607802873,Pennsylvania,Stream,True,True
01478185,"Middle Branch White Clay Creek near West Grove,PA",39.8325833,-75.8450833,2040205,2020-02-21,2026-08-24,6.505133470225872,Pennsylvania,Stream,True,True
01478200,"Middle Branch White Clay Creek near Landenberg, PA",39.78177695,-75.8004944,2040205,2000-07-20,2000-09-11,0.14510609171800137,Pennsylvania,Stream,True,True
01478220,"West Branch White Clay Creek near Chesterville, PA",39.76566619,-75.7960492,2040205,2020-03-06,2026-08-24,6.466803559206023,Pennsylvania,Stream,True,True
01478245,"White Clay Creek near Strickersville, PA",39.7475,-75.7708333,2040205,2019-10-01,2026-08-24,6.896646132785763,Pennsylvania,Stream,True,True
01479800,"East Branch Red Clay Creek near Five Points, PA",39.8195551,-75.6910453,2040205,2000-07-20,2000-09-11,0.14510609171800137,Pennsylvania,Stream,True,True
01480400,"Birch Run near Wagontown, PA",40.0273261,-75.8449449,2040205,1996-06-21,2026-08-24,30.17385352498289,Pennsylvania,Stream,True,True
01480500,"West Branch Brandywine Creek at Coatesville, PA",39.98566144,-75.8274467,2040205,1995-01-05,2026-08-24,31.633127994524298,Pennsylvania,Stream,True,True
01480617,"West Branch Brandywine Creek at Modena, PA",39.9617734,-75.8013341,2040205,1971-05-20,2026-08-24,55.26351813826147,Pennsylvania,Stream,True,True
01480629,"Buck Run at Doe Run, PA",39.9295515,-75.82300028,2040205,2020-02-14,2026-08-24,6.524298425735798,Pennsylvania,Stream,True,True
014806318,"Doe Run above Tributary at Springdell, PA",39.9073296,-75.8332776,2040205,1997-12-03,1998-10-29,0.9034907597535934,Pennsylvania,Stream,True,True
01480685,"Marsh Creek near Downingtown, PA",40.0552915,-75.71629489,2040205,1973-10-01,1987-05-12,13.609856262833675,Pennsylvania,Stream,True,True
01480775,"Beaver Creek near Downingtown, PA",40.0032222,-75.7245833,2040205,2000-07-21,2000-09-18,0.16153319644079397,Pennsylvania,Stream,True,True
01480870,"East Branch Brandywine Creek below Downingtown, PA",39.9687191,-75.6732715,2040205,1972-02-01,2026-08-24,54.559890485968516,Pennsylvania,Stream,True,True
01480878,"Unn Trib to Valley Cr at Hwy 30 at Exton, PA",40.0264954,-75.6360443,2040205,1997-11-19,1998-10-25,0.9308692676249144,Pennsylvania,Stream,True,True
01480890,"Valley Creek near Altor, PA",39.98233,-75.6643824,2040205,2000-07-21,2000-09-18,0.16153319644079397,Pennsylvania,Stream,True,True
01481000,"Brandywine Creek at Chadds Ford, PA",39.8698328,-75.5932623,2040205,1971-10-06,2026-08-24,54.8829568788501,Pennsylvania,Stream,True,True
01516350,"Tioga River near Mansfield, PA",41.7970183,-77.0802457,2050104,2015-10-01,2026-08-24,10.896646132785763,Pennsylvania,Stream,True,True
01518700,"Tioga River at Tioga Junction, PA",41.95257385,-77.1152486,2050104,1976-09-27,2026-08-24,49.90554414784394,Pennsylvania,Stream,True,True
01520000,"Cowanesque River near Lawrenceville, PA",41.99674048,-77.1399724,2050104,1972-05-18,2026-08-24,54.26694045174538,Pennsylvania,Stream,True,True
015319015,"N Br Towanda Cr, Clark Rd nr Granville Summit PA",41.71691667,-76.6668056,2050106,2024-10-03,2026-08-24,1.88911704312115,Pennsylvania,Stream,True,True
01537524,"Nanticoke Creek at Warrior Run, PA",41.18313786,-75.9513103,2050107,2001-06-15,2002-06-18,1.0075290896646132,Pennsylvania,Stream,True,True
01540008,"Susquehanna River at Catawissa, PA",40.953994,-76.467994,20501071002,2022-09-28,2025-05-06,2.6036960985626285,Pennsylvania,Stream,True,True
01540500,"Susquehanna River at Danville, PA",40.95814218,-76.6191222,2050107,2010-11-10,2026-08-24,15.786447638603697,Pennsylvania,Stream,True,True
01541490,"Little Clearfield Creek at Dimeling, PA",40.96950187,-78.4083534,2050201,1988-01-07,1988-10-31,0.8158795345653662,Pennsylvania,Stream,True,True
01542500,"WB Susquehanna River at Karthaus, PA",41.11755906,-78.108896,2050201,2010-11-11,2026-08-24,15.783709787816564,Pennsylvania,Stream,True,True
01544500,"Kettle Creek at Cross Fork, PA",41.47583829,-77.82580078,2050203,2010-11-11,2026-08-24,15.783709787816564,Pennsylvania,Stream,True,True
01545600,"Young Womans Creek near Renovo, PA",41.3894498,-77.6907967,2050203,2012-02-16,2025-06-24,13.352498288843258,Pennsylvania,Stream,True,True
01547400,"Bald Eagle Creek near Milesburg, PA",40.97533846,-77.7427797,2050204,1981-10-01,1990-09-29,8.993839835728952,Pennsylvania,Stream,True,True
01547500,"Bald Eagle Creek at Blanchard, PA",41.05173127,-77.6044379,2050204,2017-10-01,2026-08-24,8.895277207392198,Pennsylvania,Stream,True,True
01547950,"Beech Creek at Monument, PA",41.1117307,-77.7022159,2050204,1968-12-13,1980-05-11,11.408624229979466,Pennsylvania,Stream,True,True
01548030,"Fishing Creek near Lamar, PA",40.9804722,-77.48277778,2050204,2024-10-17,2026-08-24,1.8507871321013005,Pennsylvania,Stream,True,True
01548303,"Straight Run, Site 1, at Marsh Creek, PA",41.78479405,-77.4019232,2050205,2012-07-19,2017-09-30,5.19917864476386,Pennsylvania,Stream,True,True
01549100,"Blockhouse Creek Tributary at Liberty, PA",41.56785194,-77.1013593,2050205,1973-04-13,1977-10-03,4.473648186173854,Pennsylvania,Stream,True,True
01549300,"Blockhouse Creek at Buttonwood, PA",41.4953513,-77.1502508,2050205,1973-03-17,1977-10-03,4.547570157426421,Pennsylvania,Stream,True,True
01549350,"Steam Valley Run at Buttonwood, PA",41.49424019,-77.1505286,2050205,1973-02-07,1977-10-03,4.65160848733744,Pennsylvania,Stream,True,True
01549500,"Blockhouse Creek near English Center, PA",41.4736144,-77.2307812,2050205,1973-04-28,1977-10-03,4.432580424366872,Pennsylvania,Stream,True,True
01549700,"Pine Creek bl L Pine Creek near Waterville, PA",41.27361657,-77.3241186,2050205,2010-11-17,2026-08-24,15.767282683093772,Pennsylvania,Stream,True,True
01551500,"WB Susquehanna River at Williamsport, PA",41.23611599,-76.996608,2050206,1980-07-09,1985-09-29,5.223819301848049,Pennsylvania,Stream,True,True
01554010,"Susquehanna River at Hummels Wharf, PA",40.82263889,-76.8394167,2050301,2008-07-17,2008-09-20,0.17796030116358658,Pennsylvania,Stream,True,True
01555275,"Susquehanna R nr Browns Island at Dalmatia, PA",40.65230556,-76.9224722,2050301,2010-05-06,2010-10-21,0.459958932238193,Pennsylvania,Stream,True,True
01555400,"East Mahantango Creek at Klingerstown, PA",40.6634186,-76.69135408,2050301,1993-04-29,2000-10-16,7.4661190965092405,Pennsylvania,Stream,True,True
01555710,"Susquehanna River below Clemson Island, PA",40.46169444,-76.9489167,2050301,2008-05-17,2009-09-30,1.3716632443531827,Pennsylvania,Stream,True,True
01555725,"Susquehanna River at Clemson Island, PA",40.46327778,-76.9461944,2050301,2008-05-17,2009-09-30,1.3716632443531827,Pennsylvania,Stream,True,True
01559795,"Bobs Creek near Pavia, PA",40.2725763,-78.5983506,2050303,1993-12-10,2000-09-30,6.806297056810404,Pennsylvania,Stream,True,True
01563200,"Rays Br Juniata R bl Rays Dam nr Huntingdon, PA",40.42896398,-77.9911135,2050303,1985-10-15,2026-08-24,40.85694729637235,Pennsylvania,Stream,True,True
01564997,"Kishacoquillas Creek at Lumber City, PA",40.66173647,-77.5999947,2050304,1994-02-10,1995-09-30,1.6344969199178645,Pennsylvania,Stream,True,True
01567000,"Juniata River at Newport, PA",40.478333,-77.129444,20503041204,2008-05-09,2015-03-26,6.877481177275839,Pennsylvania,Stream,True,True
01567150,"Juniata River at Trimmers Rock, PA",40.49144444,-77.0979167,2050304,2008-05-24,2010-10-11,2.3819301848049284,Pennsylvania,Stream,True,True
01570064,Conodoguinet Cr US Lambs Gap Rd Brg nr Hogestown,40.25305556,-77.00388889,2050305,2001-08-31,2002-01-09,0.3586584531143053,Pennsylvania,Stream,True,True
01570076,"Conodoguinet Cr 115 ft US Good Hope Dam, PA",40.26277778,-76.9794444,2050305,2001-09-07,2002-01-06,0.33127994524298426,Pennsylvania,Stream,True,True
01570078,Conodoguinet Cr 126 ft DS Good Hope Dam @ Good Hp,40.2625,-76.97888889,2050305,2001-08-31,2002-01-09,0.3586584531143053,Pennsylvania,Stream,True,True
01570450,"Susquehanna River near Wormleysburg, PA",40.2676111,-76.9011111,2050305,2009-05-15,2009-09-30,0.37782340862423,Pennsylvania,Stream,True,True
01570500,"Susquehanna River at Harrisburg, PA",40.25473717,-76.8860538,2050305,1974-05-01,2015-03-25,40.89801505817933,Pennsylvania,Stream,True,True
01571490,"Cedar Run at Eberlys Mill, PA",40.2250901,-76.90636279,2050305,1993-04-28,1995-09-29,2.4202600958247777,Pennsylvania,Stream,True,True
0157155010,"Swatara Creek, Site C1, at Newtown, PA",40.65953336,-76.3468965,2050305,1996-10-17,2007-07-10,10.726899383983573,Pennsylvania,Stream,True,True
0157155014,"Swatara Creek, Site C3, at Newtown, PA",40.65786674,-76.344952,2050305,1996-07-18,2007-07-10,10.976043805612594,Pennsylvania,Stream,True,True
01571774,"Lorberry Creek, Site E2-0, at Lorberry, PA",40.5922222,-76.4394444,2050305,1999-03-31,2000-05-21,1.1416837782340863,Pennsylvania,Stream,True,True
01571778,"Lorberry Creek near Lorberry Junction, PA",40.5875889,-76.4260683,2050305,1999-11-11,2007-07-10,7.660506502395619,Pennsylvania,Stream,True,True
01571820,"Swatara Creek at Ravine, PA",40.58064485,-76.4046785,2050305,1996-07-13,2007-07-10,10.989733059548255,Pennsylvania,Stream,True,True
01572025,"Swatara Creek near Pine Grove, PA",40.53258999,-76.4021793,2050305,2000-03-30,2000-11-18,0.6379192334017796,Pennsylvania,Stream,True,True
01573095,"Bachman Run at Annville, PA",40.3162028,-76.5158,2050305,1994-05-23,1995-09-29,1.352498288843258,Pennsylvania,Stream,True,True
01573208,"Swatara Creek near Palmyra, PA",40.32223889,-76.6293944,2050305,2023-03-11,2026-08-24,3.455167693360712,Pennsylvania,Stream,True,True
01573660,"Fishing Creek at Goldsboro, PA",40.1533333,-76.7555556,2050305,2020-03-04,2026-08-24,6.4722792607802875,Pennsylvania,Stream,True,True
01573684,"Little Conewago Crk, Gingrich Rd at Upper Lawn PA",40.22519444,-76.55452778,2050305,2023-12-07,2026-08-24,2.7132101300479126,Pennsylvania,Stream,True,True
01573695,"Conewago Creek near Bellaire, PA",40.19527778,-76.56777778,2050305,2012-01-09,2026-08-24,14.622861054072553,Pennsylvania,Stream,True,True
01573710,"Conewago Creek near Falmouth, PA",40.14930556,-76.68775,2050305,2011-06-11,2026-08-24,15.203285420944558,Pennsylvania,Stream,True,True
01573816,"Swift Run at Brickcrafter Rd nr New Oxford, PA",39.87805556,-77.10077778,2050306,2024-09-18,2026-08-24,1.9301848049281314,Pennsylvania,Stream,True,True
01574000,"West Conewago Creek near Manchester, PA",40.08082205,-76.71805199,2050306,2019-11-26,2026-08-24,6.743326488706366,Pennsylvania,Stream,True,True
01575598,"Codorus Creek near Saginaw, PA",40.0522222,-76.6544444,2050306,2019-11-26,2026-08-24,6.743326488706366,Pennsylvania,Stream,True,True
01575730,"Chickies Creek at Pinch Road near Manheim, PA",40.21676008,-76.4344081,2050306,1978-10-05,1979-09-30,0.9856262833675564,Pennsylvania,Stream,True,True
01575732,"Shearers Creek at Mountain Road near Manheim, PA",40.22342658,-76.4255187,2050306,1978-10-04,1979-09-30,0.9883641341546886,Pennsylvania,Stream,True,True
01575735,"Chickies Creek above Manheim Lake near Manheim, PA",40.20592694,-76.40246178,2050306,1978-10-24,1979-09-29,0.9308692676249144,Pennsylvania,Stream,True,True
01575741,"Chickies Creek at Hamaker Road at Manheim, PA",40.17676095,-76.390239,2050306,1978-12-13,1979-09-30,0.7967145790554415,Pennsylvania,Stream,True,True
01575744,"Doe Run below Oak Road at Manheim, PA",40.16037245,-76.384961,2050306,1978-10-05,1979-09-30,0.9856262833675564,Pennsylvania,Stream,True,True
01575746,"Chickies Creek at Manheim, PA",40.15342817,-76.393017,2050306,1978-09-07,1979-09-29,1.0595482546201231,Pennsylvania,Stream,True,True
01575900,"Chiques Creek near Marietta, PA",40.0628745,-76.5155214,2050306,2021-03-05,2026-08-24,5.470225872689938,Pennsylvania,Stream,True,True
01576000,"Susquehanna River at Marietta, PA",40.0545413,-76.5307992,2050306,2015-05-05,2017-11-19,2.543463381245722,Pennsylvania,Stream,True,True
01576003,"Susquehanna River at Columbia, PA",40.0284308,-76.5177432,2050306,2022-08-18,2026-08-24,4.016427104722792,Pennsylvania,Stream,True,True
01576007,"Kreutz Creek at Strickler, PA",40.01416667,-76.5480556,2050306,2020-03-04,2026-08-24,6.4722792607802875,Pennsylvania,Stream,True,True
01576045,"Fishing Creek at Craley, PA",39.94194444,-76.50027778,2050306,2020-02-05,2026-08-24,6.548939082819986,Pennsylvania,Stream,True,True
01576381,"Hammer Creek at Obie Rd nr Schafferstown, PA",40.2710833,-76.3217222,2050306,2023-11-30,2026-08-24,2.732375085557837,Pennsylvania,Stream,True,True
01576516,"Big Spring Run ab Trib near Willow Street, PA",39.99154444,-76.2609306,2050306,2016-04-10,2017-09-30,1.4729637234770705,Pennsylvania,Stream,True,True
015765185,Unnamed Trib to Big Spring Run nr Willow Street PA,39.99119167,-76.26395278,2050306,2013-04-12,2017-09-30,4.468172484599589,Pennsylvania,Stream,True,True
015765195,"Big Spring Run near Mylin Corners, PA",39.9959361,-76.26403889,2050306,2012-11-15,2026-08-24,13.77138945927447,Pennsylvania,Stream,True,True
01576540,"Mill Creek at Eshelman Mill Road near Lyndon, PA",40.0100985,-76.2771806,2050306,1993-04-10,1994-10-26,1.5441478439425051,Pennsylvania,Stream,True,True
01576980,"Susquehanna River at Holtwood Dam at Holtwood, PA",39.82788027,-76.33329279,2050306,2015-04-16,2018-05-08,3.060917180013689,Pennsylvania,Stream,True,True
01577300,"Muddy Creek at Muddy Creek Forks, PA",39.80760259,-76.47579759,2050306,1994-05-20,1995-09-29,1.3607118412046544,Pennsylvania,Stream,True,True
01577500,"Muddy Creek at Castle Fin, PA",39.77260378,-76.3157919,2050306,2019-12-19,2026-08-24,6.680355920602327,Pennsylvania,Stream,True,True
01577505,"Susquehanna River near Peach Bottom, PA",39.7778611,-76.2663056,2050306,2022-09-20,2026-08-24,3.9260780287474333,Pennsylvania,Stream,True,True
03007800,"Allegheny River at Port Allegany, PA",41.81867578,-78.29279129,5010001,2010-11-19,2026-08-24,15.761806981519507,Pennsylvania,Stream,True,True
03011800,"Kinzua Creek near Guffey, PA",41.76645099,-78.71863999,5010001,2012-08-01,2013-09-29,1.160848733744011,Pennsylvania,Stream,True,True
03012545,"Allegheny River below Kinzua Dam at Big Bend, PA",41.8386722,-79.004925,5010001,2024-05-11,2026-08-24,2.2861054072553046,Pennsylvania,Stream,True,True
03012550,"Allegheny River at Kinzua Dam, PA",41.84144917,-79.0119846,5010001,2007-09-30,2026-08-24,18.899383983572896,Pennsylvania,Stream,True,True
03015795,"East Hickory Creek near Queen, PA",41.64200548,-79.3381018,5010003,1996-10-31,1998-09-29,1.9110198494182067,Pennsylvania,Stream,True,True
03017500,"Tionesta Creek at Lynch, PA",41.60200599,-79.0500392,5010003,2012-08-21,2026-08-24,14.00684462696783,Pennsylvania,Stream,True,True
03020000,"Tionesta Creek at Tionesta Creek Dam, PA",41.47784,-79.4439351,5010003,2007-10-01,2026-08-24,18.89664613278576,Pennsylvania,Stream,True,True
03022540,"Woodcock Creek at Blooming Valley, PA",41.6906115,-80.04811219,5010004,2013-08-09,2026-08-24,13.040383299110198,Pennsylvania,Stream,True,True
03022554,"Woodcock Creek at Woodcock Creek Dam, PA",41.69588905,-80.1081133,5010004,2007-09-30,2024-05-21,16.640657084188913,Pennsylvania,Stream,True,True
03024000,"French Creek at Utica, PA",41.43755525,-79.9558912,5010004,1996-10-30,1998-09-29,1.9137577002053388,Pennsylvania,Stream,True,True
03025500,"Allegheny River at Franklin, PA",41.3895027,-79.8203322,5010003,2010-11-17,2018-09-30,7.868583162217659,Pennsylvania,Stream,True,True
03026250,"Little Scrubgrass Creek near Lisbon, PA",41.20394959,-79.7825514,5010003,1988-02-04,1988-11-01,0.7419575633127995,Pennsylvania,Stream,True,True
03026480,"East Branch Clarion River near Clermont, PA",41.64405556,-78.5314444,5010005,2012-09-30,2026-05-06,13.596167008898014,Pennsylvania,Stream,True,True
03026500,"Sevenmile Run near Rasselas, PA",41.63117349,-78.5766898,5010005,2026-06-26,2026-08-24,0.16153319644079397,Pennsylvania,Stream,True,True
03027500,"EB Clarion River at EB Clarion River Dam, PA",41.5531176,-78.5961347,5010005,2007-10-01,2026-08-24,18.89664613278576,Pennsylvania,Stream,True,True
03028000,"West Branch Clarion River at Wilcox, PA",41.57533955,-78.69224919,5010005,2011-09-30,2026-08-24,14.899383983572895,Pennsylvania,Stream,True,True
03028500,"Clarion River at Johnsonburg, PA",41.48617269,-78.6783595,5010005,2013-10-01,2026-08-24,12.895277207392198,Pennsylvania,Stream,True,True
03034000,"Mahoning Creek at Punxsutawney, PA",40.93923105,-79.00836738,5010006,2010-12-17,2026-08-24,15.685147159479808,Pennsylvania,Stream,True,True
03034500,"Little Mahoning Creek at McCormick, PA",40.8361756,-79.1100356,5010006,2013-04-05,2026-08-24,13.385352498288844,Pennsylvania,Stream,True,True
03036000,"Mahoning Creek at Mahoning Creek Dam, PA",40.9275653,-79.2911508,5010006,2008-10-01,2026-08-24,17.894592744695416,Pennsylvania,Stream,True,True
03037525,"South Branch Plum Creek at Five Points, PA",40.7189537,-79.2364269,5010006,1996-10-30,1998-09-29,1.9137577002053388,Pennsylvania,Stream,True,True
03038000,"Crooked Creek at Idaho, PA",40.6547875,-79.3486511,5010006,2013-09-29,2026-08-24,12.900752908966462,Pennsylvania,Stream,True,True
03039000,Crooked Creek at Crooked Creek Dam near Ford City,40.7203422,-79.5114332,5010006,2008-12-19,2026-08-24,17.678302532511978,Pennsylvania,Stream,True,True
03039035,"Allegheny River at Lock & Dam 6 at Clinton, PA",40.71666667,-79.5811111,5010006,2010-07-01,2017-11-30,7.416837782340862,Pennsylvania,Stream,True,True
03039036,"Allegheny River below Lock & Dam 6 at Clinton, PA",40.715,-79.5811111,5010006,2010-07-01,2017-11-30,7.416837782340862,Pennsylvania,Stream,True,True
03039040,"Allegheny River at Lock & Dam 5 near Freeport, PA",40.6847222,-79.6675,5010006,2018-05-31,2026-08-24,8.232717316906228,Pennsylvania,Stream,True,True
03039041,"Allegheny River bl Lock & Dam 5 near Freeport, PA",40.68555556,-79.6686111,5010006,2010-07-01,2017-11-30,7.416837782340862,Pennsylvania,Stream,True,True
03040000,"Stonycreek River at Ferndale, PA",40.28563049,-78.9205806,5010007,1997-07-02,1998-09-28,1.2402464065708418,Pennsylvania,Stream,True,True
03041500,"Conemaugh River at Seward, PA",40.4192377,-79.0261404,5010007,2013-09-29,2026-08-24,12.900752908966462,Pennsylvania,Stream,True,True
03042000,"Blacklick Creek at Josephine, PA",40.4770127,-79.1867009,5010007,2013-09-29,2026-08-24,12.900752908966462,Pennsylvania,Stream,True,True
03043810,"Conemaugh River below Conemaugh Dam, PA",40.46756718,-79.3672609,5010007,2004-10-01,2026-08-24,21.894592744695416,Pennsylvania,Stream,True,True
03044000,"Conemaugh River at Tunnelton, PA",40.4545117,-79.3908724,5010007,2011-12-27,2026-08-24,14.65845311430527,Pennsylvania,Stream,True,True
03045010,"Loyalhanna Creek at Latrobe, PA",40.3161111,-79.3908333,5010008,2013-09-29,2026-08-24,12.900752908966462,Pennsylvania,Stream,True,True
03047000,"Loyalhanna Creek at Loyalhanna Dam, PA",40.45888889,-79.4494444,5010008,2007-08-03,2026-08-24,19.058179329226558,Pennsylvania,Stream,True,True
03049625,"Allegheny River at New Kensington, PA",40.5645116,-79.7725485,5010009,1996-10-30,1998-09-29,1.9137577002053388,Pennsylvania,Stream,True,True
03049640,"Allegheny R at CW Bill Young L&D  at Acmetonia, PA",40.5361302,-79.81475899,5010009,2004-10-01,2026-08-24,21.894592744695416,Pennsylvania,Stream,True,True
03070420,"Stony Fork Tributary near Gibbon Glade, PA",39.76424306,-79.58698789,5020004,1977-10-02,2017-04-12,39.526351813826146,Pennsylvania,Stream,True,True
03070455,"Stony Fork near Elliottsville, PA",39.76896528,-79.6092109,5020004,1977-10-01,1985-09-06,7.931553730321697,Pennsylvania,Stream,True,True
03071605,"Cheat River at Davidson, PA",39.72233056,-79.858925,5020004,2013-08-01,2017-10-31,4.249144421629021,Pennsylvania,Stream,True,True
03071690,"Cheat River at Nilan, PA",39.73166667,-79.8902778,5020004,2013-07-31,2017-10-31,4.251882272416153,Pennsylvania,Stream,True,True
03072000,"Dunkard Creek at Shannopin, PA",39.7592449,-79.9706152,5020005,2013-09-30,2026-08-24,12.898015058179329,Pennsylvania,Stream,True,True
03072655,"Monongahela River near Masontown, PA",39.8250275,-79.9228206,5020005,2013-09-27,2026-08-24,12.906228610540726,Pennsylvania,Stream,True,True
03073000,"South Fork Tenmile Creek at Jefferson, PA",39.92313056,-80.072558,5020005,2010-11-05,2026-08-24,15.800136892539356,Pennsylvania,Stream,True,True
03075070,"Monongahela River at Elizabeth, PA",40.26224454,-79.9011517,5020005,2008-10-02,2025-03-23,16.470910335386723,Pennsylvania,Stream,True,True
03077100,Youghiogheny R at dam outlet tunnel nr Confluence,39.80138889,-79.3686111,5020006,2010-06-01,2026-08-24,16.229979466119097,Pennsylvania,Stream,True,True
03077500,"Youghiogheny River at Youghiogheny River Dam, PA",39.80535485,-79.3642019,5020006,2005-08-17,2026-08-24,21.018480492813143,Pennsylvania,Stream,True,True
03079000,"Casselman River at Markleton, PA",39.85991667,-79.2288333,5020006,2005-06-02,2026-08-24,21.22655715263518,Pennsylvania,Stream,True,True
03081000,"Youghiogheny River below Confluence, PA",39.8275767,-79.3725353,5020006,2004-10-01,2026-08-24,21.894592744695416,Pennsylvania,Stream,True,True
03081600,"Meadow Run at Ohiopyle, PA",39.86285316,-79.4950385,5020006,1988-01-14,1988-11-04,0.8076659822039699,Pennsylvania,Stream,True,True
03082020,"Indian Creek near Jones Mills, PA",40.08924028,-79.3342006,5020006,1986-09-25,1987-06-19,0.731006160164271,Pennsylvania,Stream,True,True
03082237,"Indian Creek at White Bridge, PA",39.9945189,-79.43281348,5020006,1986-08-26,1987-05-31,0.7611225188227242,Pennsylvania,Stream,True,True
03082500,"Youghiogheny River at Connellsville, PA",40.01752778,-79.5932222,5020006,2009-11-04,2014-09-29,4.900752908966461,Pennsylvania,Stream,True,True
03083500,"Youghiogheny River at Sutersville, PA",40.2402222,-79.8066944,5020006,2005-06-02,2026-08-24,21.22655715263518,Pennsylvania,Stream,True,True
03085000,"Monongahela River at Braddock, PA",40.39113189,-79.8580943,5020005,1996-11-08,2024-11-26,28.04928131416838,Pennsylvania,Stream,True,True
03085002,"Monongahela R at L&D2 Lower Pool at Braddock, PA",40.3925,-79.8602778,5020005,2013-09-30,2018-11-14,5.122518822724161,Pennsylvania,Stream,True,True
03102850,"Shenango River near Transfer, PA",41.3536663,-80.3978453,5030102,2013-11-13,2026-08-24,12.777549623545516,Pennsylvania,Stream,True,True
03103500,"Shenango River at Sharpsville, PA",41.2661241,-80.47255589,5030102,2007-09-30,2026-08-24,18.899383983572896,Pennsylvania,Stream,True,True
03104490,"Shenango River near West New Castle, PA",41.01813889,-80.3632778,5030102,2017-04-27,2026-08-24,9.325119780971937,Pennsylvania,Stream,True,True
03105500,"Beaver River at Wampum, PA",40.88867389,-80.3370083,5030104,2010-08-05,2026-08-24,16.05201916495551,Pennsylvania,Stream,True,True
03106000,"Connoquenessing Creek near Zelienople, PA",40.8170092,-80.2422837,5030105,2010-11-11,2026-08-24,15.783709787816564,Pennsylvania,Stream,True,True
03108490,"Ohio R ab Montgomery Dam & Locks at Ohioview, PA",40.6489079,-80.3833884,5030101,2004-09-30,2022-11-06,18.099931553730322,Pennsylvania,Stream,True,True
03108500,"Ohio River at Montgomery Lock & Dam, Lower Pool",40.64724128,-80.3886663,5030101,2022-11-17,2026-08-24,3.7672826830937716,Pennsylvania,Stream,True,True
04212895,"Conneaut Creek at Dickonsburg, PA",41.7153333,-80.3500556,4120101,2025-03-15,2026-08-24,1.4428473648186173,Pennsylvania,Stream,True,True
04213152,"Walnut Creek Upstream Pool, near Erie, PA",42.07388889,-80.2347222,4120101,2010-09-30,2026-08-24,15.898699520876113,Pennsylvania,Stream,True,True
394337079544201,"Monongahela R at Lock & Dam 8, at Point Marion, PA",39.72702308,-79.9114471,5020003,2009-05-15,2020-10-26,11.449691991786448,Pennsylvania,Stream,True,True
394533079581501,"Dunkard Cr at Shannopin, PA",39.75919509,-79.9706001,5020005,2009-05-15,2013-10-26,4.4490075290896645,Pennsylvania,Stream,True,True
411214079465802,"Little Scrubgrass Creek nr Lisbon, PA",41.20394959,-79.7825514,5010003,1988-02-04,1988-11-01,0.7419575633127995,Pennsylvania,Stream,True,True
01115098,"PEEPTOAD BROOK AT ELMDALE RD NR NORTH SCITUATE, RI",41.8525992,-71.6061754,1090004,2000-01-29,2026-08-24,26.56810403832991,Rhode Island,Stream,True,True
01115110,"HUNTINGHOUSE BK AT ELMDALE RD AT N SCITUATE, RI",41.8456548,-71.6095088,1090004,2000-01-29,2026-08-24,26.56810403832991,Rhode Island,Stream,True,True
01115114,"RUSH BROOK NEAR ELMDALE RD NEAR NORTH SCITUATE, RI",41.83759929,-71.6120089,1090004,2009-02-10,2026-08-24,17.533196440793976,Rhode Island,Stream,True,True
01115120,"UNNAMED TRIB TO SCITUATE RES NR NORTH SCITUATE, RI",41.8314882,-71.6089532,1090004,2009-04-17,2023-10-18,14.50239561943874,Rhode Island,Stream,True,True
01115170,"MOSWANSICUT STREAM NR NORTH SCITUATE, RI",41.84093269,-71.584508,1090004,2000-03-10,2026-08-24,26.455852156057496,Rhode Island,Stream,True,True
01115183,"QUONOPAUG BK AT RT 116 NR NORTH SCITUATE, RI",41.79759966,-71.5847857,1090004,2000-01-25,2026-08-24,26.579055441478438,Rhode Island,Stream,True,True
01115184,"SPRUCE BROOK NR NORTH SCITUATE, RI",41.7887107,-71.6200647,1090004,2009-05-28,2023-10-18,14.390143737166325,Rhode Island,Stream,True,True
01115187,"PONAGANSET RIVER AT SOUTH FOSTER, RI",41.8187102,-71.7050677,1090004,2000-02-01,2026-08-24,26.559890485968516,Rhode Island,Stream,True,True
01115190,"DOLLY COLE BK AT OLD DANIELSON PK AT S FOSTER, RI",41.8223213,-71.70034528,1090004,2000-02-09,2026-08-24,26.537987679671456,Rhode Island,Stream,True,True
01115265,"HEMLOCK BROOK AT KING ROAD NR FOSTER, RI",41.7906548,-71.6986785,1090004,2000-02-01,2026-08-24,26.559890485968516,Rhode Island,Stream,True,True
01115275,"BEAR TREE BROOK NR CLAYVILLE, RI",41.7824801,-71.674764,1090004,2000-01-15,2023-10-17,23.753593429158112,Rhode Island,Stream,True,True
01115276,"WESTCONNAUG STREAM AT PLAINFIELD PIKE, RI",41.7853772,-71.6672885,1090004,2009-04-18,2026-08-24,17.349760438056126,Rhode Island,Stream,True,True
01115280,"CORK BK AT ROCKLAND SCITUATE RD NR CLAYVILLE, RI",41.80398827,-71.6497879,1090004,2000-02-04,2026-08-24,26.55167693360712,Rhode Island,Stream,True,True
01115297,WILBUR HOLLOW BK AT OLD PLAINFIELD PK NR CLAYVILLE,41.7648219,-71.6356207,1090004,2000-01-15,2026-08-24,26.60643394934976,Rhode Island,Stream,True,True
02110400,"BUCK CREEK NEAR LONGS, SC",33.95346259,-78.71974629,3040206,2005-10-01,2026-08-25,20.89801505817933,South Carolina,Stream,True,True
02110500,"WACCAMAW RIVER NEAR LONGS, SC",33.9126719,-78.7150175,3040206,2007-04-27,2026-08-25,19.329226557152634,South Carolina,Stream,True,True
02110550,"WACCAMAW RIVER ABOVE CONWAY, SC",33.8508333,-78.8972222,3040206,2013-06-22,2026-08-25,13.174537987679672,South Carolina,Stream,True,True
02110701,"CRABTREE SWAMP AT CONWAY, SC",33.86100349,-79.0411471,3040206,2000-02-11,2026-08-25,26.535249828884325,South Carolina,Stream,True,True
02110704,"WACCAMAW RIVER AT CONWAY MARINA AT CONWAY, SC",33.8326111,-79.0437222,3040206,1991-10-08,2026-08-25,34.88021902806297,South Carolina,Stream,True,True
02110725,"AIW AT HIGHWAY 544 AT SOCASTEE, SC",33.68694444,-79.005,3040206,1986-02-27,2026-08-24,40.48733744010951,South Carolina,Stream,True,True
02110755,"AIW AT BRIARCLIFFE ACRES AT N. MYRTLE BEACH, SC",33.7985057,-78.75307469,3040207,1986-04-15,2026-08-25,40.36139630390144,South Carolina,Stream,True,True
02110760,"AIW AT MYRTLEWOOD GOLF COURSE AT MYRTLE BEACH, SC",33.74072759,-78.8666928,3040207,1986-02-27,2026-08-25,40.49007529089665,South Carolina,Stream,True,True
02110770,"AIW AT GRAND STRAND AIRPORT N. MYRTLE BEACH, SC",33.82128347,-78.7186287,3040207,2005-10-29,2026-08-25,20.82135523613963,South Carolina,Stream,True,True
02110777,"AIW AT HIGHWAY 9 AT NIXONS CROSSROADS, SC",33.8515612,-78.6558483,3040207,1986-04-14,2026-08-25,40.36413415468857,South Carolina,Stream,True,True
02110802,"WACCAMAW RIVER AT BUCKSPORT, SC",33.64905837,-79.09420639,3040206,1994-10-08,2026-08-25,31.87953456536619,South Carolina,Stream,True,True
02110809,"WACCAMAW R AT WACHESAW LAND. NR MURRELLS INLET, SC",33.56211324,-79.08587299,3040206,1986-03-05,1989-11-07,3.676933607118412,South Carolina,Stream,True,True
021108125,"WACCAMAW RIVER NEAR PAWLEYS ISLAND, SC",33.50655724,-79.1269867,3040206,2005-10-28,2026-08-25,20.824093086926762,South Carolina,Stream,True,True
02110815,"WACCAMAW R NR HAGLEY LAND. NR PAWLEYS ISLAND, SC",33.44461245,-79.1739341,3040206,1986-08-11,2026-08-25,40.03832991101985,South Carolina,Stream,True,True
02131221,"PEE DEE RIVER AT POSTON, SC",33.88544254,-79.4103316,3040201,1996-09-30,2003-07-13,6.781656399726215,South Carolina,Stream,True,True
02135000,"LITTLE PEE DEE R. AT GALIVANTS FERRY, SC",34.05675,-79.2477222,3040204,2013-07-04,2026-08-25,13.141683778234086,South Carolina,Stream,True,True
02135060,"CHINNERS SWAMP NEAR AYNOR, SC",33.9734987,-79.2406007,3040206,2005-09-30,2011-08-15,5.8726899383983575,South Carolina,Stream,True,True
02135200,"PEE DEE RIVER AT HWY 701 NR BUCKSPORT, SC",33.6610024,-79.1544874,3040201,1994-10-19,2009-11-05,15.047227926078028,South Carolina,Stream,True,True
02136371,"SAMPIT RIVER BELOW US 17 NEAR GEORGETOWN, SC",33.3598611,-79.2880278,3040207,2025-01-18,2026-08-24,1.596167008898015,South Carolina,Stream,True,True
02145910,"CATAWBA RIVER BL LAKE WYLIE DAM FEWELL ISLAND, SC",35.01641944,-81.00156389,3050103,2018-04-01,2026-08-25,8.399726214921287,South Carolina,Stream,True,True
02147310,"CATAWBA RIVER AT GREAT FALLS, SC",34.598056,-80.890556,3050103,2016-06-17,2026-08-24,10.184804928131417,South Carolina,Stream,True,True
021473423,"WILDCAT CREEK NEAR ROCK HILL, SC",34.944032,-81.0678556,3050103,1998-08-23,1999-09-29,1.1006160164271048,South Carolina,Stream,True,True
021473428,"WILDCAT CREEK BELOW ROCK HILL, SC",34.88927778,-81.0686944,3050103,1998-08-25,1999-09-29,1.0951403148528405,South Carolina,Stream,True,True
021474095,"GREAT FALLS RESERVOIR TAILRACE BL GREAT FALLS, SC",34.55801667,-80.8935,3050103,2016-03-25,2026-08-24,10.414784394250514,South Carolina,Stream,True,True
02147505,"CEDAR CREEK RES TAILRACE BELOW GREAT FALLS, SC",34.541111,-80.875278,3050103,2016-08-30,2026-08-24,9.982203969883642,South Carolina,Stream,True,True
02147801,"LAKE WATEREE TAILRACE ABOVE CAMDEN, SC",34.33207981,-80.69842699,3050104,2017-01-13,2023-11-30,6.877481177275839,South Carolina,Stream,True,True
02148000,"WATEREE RIVER NR. CAMDEN, SC",34.24459385,-80.6539697,3050104,1988-03-04,2026-08-24,38.47227926078029,South Carolina,Stream,True,True
02148315,"WATEREE R. BL EASTOVER, SC",33.82848933,-80.6203645,3050104,1984-05-04,2014-07-14,30.193018480492814,South Carolina,Stream,True,True
02156500,"BROAD RIVER NEAR CARLISLE, SC",34.5951393,-81.4212089,3050106,1983-12-08,2026-08-24,42.71047227926078,South Carolina,Stream,True,True
02160105,"TYGER RIVER NEAR DELTA, SC",34.53539879,-81.54816337,3050107,1983-12-08,2025-12-29,42.05886379192334,South Carolina,Stream,True,True
02160700,"ENOREE RIVER AT WHITMIRE, SC",34.5093039,-81.5981594,3050108,1984-05-04,2025-12-29,41.65366187542779,South Carolina,Stream,True,True
02160991,"BROAD RIVER NEAR JENKINSVILLE, SC",34.26070285,-81.3303747,3050106,1973-10-01,2026-08-24,52.8952772073922,South Carolina,Stream,True,True
02162035,"BROAD RIVER NEAR COLUMBIA, SC",34.0483333,-81.0733333,3050106,2011-07-02,2026-08-24,15.145790554414784,South Carolina,Stream,True,True
02162290,"SOUTH SALUDA RIVER NEAR CLEVELAND, SC",35.063481,-82.650511,3050109,2023-02-23,2026-08-25,3.5017111567419574,South Carolina,Stream,True,True
0216239615,"N. SALUDA RIVER BL N. SALUDA RES. ABOVE SLATER, SC",35.132333,-82.420083,30501090102,2024-03-21,2026-08-25,2.428473648186174,South Carolina,Stream,True,True
021623975,"NORTH SALUDA RIVER ABOVE SLATER, SC",35.083597,-82.459953,3050109,2023-06-14,2026-08-25,3.1978097193702943,South Carolina,Stream,True,True
02163001,"SALUDA RIVER NEAR WILLIAMSTON, SC",34.614117,-82.443672,3050109,1996-09-30,2026-08-24,29.897330595482547,South Carolina,Stream,True,True
02167600,"SALUDA R NEAR PROSPERITY, SC",34.09930647,-81.5684382,3050109,1996-10-02,2026-08-24,29.89185489390828,South Carolina,Stream,True,True
02167716,"LITTLE SALUDA R NEAR PROSPERITY, SC",34.0795843,-81.5617714,3050109,1993-02-13,2026-08-25,33.52772073921971,South Carolina,Stream,True,True
02168504,"SALUDA RIVER BELOW LK MURRAY DAM NR COLUMBIA, SC",34.0509822,-81.2095418,3050109,1988-10-01,2026-08-25,37.89733059548254,South Carolina,Stream,True,True
02169000,"SALUDA RIVER NEAR COLUMBIA, SC",34.0140416,-81.0878717,3050109,1987-07-09,2026-08-24,39.12662559890486,South Carolina,Stream,True,True
02171500,"SANTEE RIVER NEAR PINEVILLE, SC",33.45377778,-80.1413611,3050112,2005-04-01,2026-08-25,21.399041752224505,South Carolina,Stream,True,True
02171560,"SANTEE RIVER NEAR RUSSELLVILLE, SC",33.49405569,-79.9603544,3050112,2022-07-06,2026-08-25,4.136892539356605,South Carolina,Stream,True,True
02171645,"REDIV CANAL AT SANTEE RIVER NR ST STEPHEN, SC",33.4275,-79.915,3050112,2006-11-17,2026-08-25,19.770020533880903,South Carolina,Stream,True,True
02171905,"SOUTH SANTEE R AT STATE PIER NR MCCLELLANVILLE, SC",33.15433435,-79.3542237,3050112,2013-05-07,2026-08-25,13.300479123887747,South Carolina,Stream,True,True
02171920,"SKRINE CREEK NEAR MCCLELLENVILLE, SC",33.074444,-79.419167,3050209,2013-05-18,2026-08-25,13.270362765229295,South Carolina,Stream,True,True
02172002,"LAKE MOULTRIE TAILRACE CANAL AT MONCKS CORNER, SC",33.21491667,-79.9749167,3050201,2004-03-24,2026-08-25,22.420260095824776,South Carolina,Stream,True,True
02172020,"W BRANCH COOPER R AT PIMLICO NR MONCKS CORNER, SC",33.0935042,-79.9489708,3050201,1986-10-01,2026-08-25,39.898699520876114,South Carolina,Stream,True,True
02172040,"BACK RIVER AT DUPONT INTAKE NR KITTREDGE, SC",33.0569722,-79.9584722,3050201,1986-10-01,2026-08-25,39.898699520876114,South Carolina,Stream,True,True
02172050,"COOPER R NR GOOSE CREEK, SC",33.05766667,-79.9357778,3050201,1983-12-08,2026-08-25,42.71321013004791,South Carolina,Stream,True,True
021720508,"COOPER RIVER ABOVE GOOSE CREEK, SC",33.01577778,-79.90675,3050201,2016-06-22,2026-08-25,10.173853524982889,South Carolina,Stream,True,True
02172053,"COOPER R AT MOBAY NR N CHARLESTON, SC",32.9835058,-79.9228612,3050201,1983-06-08,2026-08-25,43.214236824093085,South Carolina,Stream,True,True
0217206110,"BUSHY PARK RES. ABOVE FOSTER CRK, GOOSE CREEK,SC",32.97988889,-79.9413056,3050201,2013-08-30,2018-01-30,4.418891170431212,South Carolina,Stream,True,True
021720677,"COOPER R AT FILBIN CREEK AT NORTH CHARLESTON, SC",32.89045228,-79.9628645,3050201,1997-04-04,2026-08-25,29.39082819986311,South Carolina,Stream,True,True
0217206935,"COOPER R AT PORTS AUTHORITY PIER K CHARLESTON, SC",32.85569444,-79.9526667,3050201,2016-07-01,2026-08-25,10.149212867898699,South Carolina,Stream,True,True
0217206962,"WANDO RIVER AT CAINHOY BELOW WANDO, SC",32.92130556,-79.82438889,3050201,2016-06-21,2026-08-25,10.17659137577002,South Carolina,Stream,True,True
021720698,"WANDO RIVER ABOVE MT PLEASANT, SC",32.8590638,-79.8961963,3050201,1997-05-02,2026-08-25,29.31416837782341,South Carolina,Stream,True,True
021720709,"COOPER RIVER AT U.S. HWY 17 AT CHARLESTON, SC",32.80239835,-79.9100869,3050201,2004-04-10,2005-05-01,1.056810403832991,South Carolina,Stream,True,True
021720710,"COOPER R AT CUSTOMS HOUSE AUX AT CHARLESTON, SC",32.78075,-79.9236667,3050201,1993-03-10,1994-09-30,1.5578370978781657,South Carolina,Stream,True,True
021720712,"COOPER RIVER AT S. ADGERS WHARF AT CHARLESTON, SC",32.775031,-79.92375,30502010707,2025-05-22,2026-08-24,1.2566735112936345,South Carolina,Stream,True,True
02172076,"GREAT CYPRESS SWAMP NEAR RIDGEVILLE, SC",33.08655693,-80.2650951,3050202,2001-07-03,2003-09-29,2.239561943874059,South Carolina,Stream,True,True
02172080,ASHLEY R NR SUMMERVILLE S C,32.9685046,-80.2528745,3050202,2001-08-29,2005-05-03,3.676933607118412,South Carolina,Stream,True,True
02172081,"ASHLEY RIVER AT COOKE CROSSROADS, SC",32.95878299,-80.2009279,3050202,1994-09-30,2003-09-29,8.996577686516085,South Carolina,Stream,True,True
021720812,"ASHLEY RIVER NEAR COOKE CROSSROADS, SC",32.94878346,-80.1662044,3050202,2001-10-05,2003-09-29,1.9822039698836413,South Carolina,Stream,True,True
021720813,"SAWMILL BRANCH AT I-26 NEAR SUMMERVILLE, SC",33.0354483,-80.1453686,3050202,2001-07-21,2003-09-29,2.190280629705681,South Carolina,Stream,True,True
021720816,"DORCHESTER CREEK NEAR COOKE CROSSROADS, SC",32.95239446,-80.1700934,3050202,2001-07-07,2003-09-29,2.2286105407255303,South Carolina,Stream,True,True
021720817,"EAGLE CREEK NEAR NORTH CHARLESTON, SC",32.9507279,-80.15925959,3050202,2001-09-30,2003-09-29,1.995893223819302,South Carolina,Stream,True,True
021720825,"ASHLEY RIVER BELOW SUMMERVILLE, SC",32.92583333,-80.1516667,3050202,2017-01-26,2026-08-25,9.57700205338809,South Carolina,Stream,True,True
021720869,"ASHLEY RIVER NEAR NORTH CHARLESTON, SC",32.8346201,-80.0237014,3050202,2004-03-18,2005-05-02,1.1225188227241616,South Carolina,Stream,True,True
021721675,"STONO RIVER AT MAIN RD BELOW RANTOWLES, SC",32.7851111,-80.1068611,3050202,2024-07-12,2026-08-25,2.1190965092402463,South Carolina,Stream,True,True
02172300,"MCTIER CREEK RD 209 NEAR MONETTA, SC",33.75347736,-81.6017714,3050204,2012-02-24,2026-08-25,14.499657768651609,South Carolina,Stream,True,True
02175000,"EDISTO RIVER NR GIVHANS, SC",33.02794645,-80.3914876,3050206,2002-01-25,2003-09-29,1.675564681724846,South Carolina,Stream,True,True
02176560,"BROAD RIVER NEAR BEAUFORT, SC",32.38725,-80.7795278,3050208,2000-05-12,2001-09-29,1.3826146475017111,South Carolina,Stream,True,True
021765795,"COLLETON RIVER AT BLUFFTON, SC",32.287872,-80.813975,30502080606,2024-01-27,2026-07-06,2.439425051334702,South Carolina,Stream,True,True
02176585,"BRICKYARD CREEK NEAR BEAUFORT, SC",32.47407909,-80.692606,3050208,1998-11-06,2013-03-14,14.351813826146476,South Carolina,Stream,True,True
02176587,"ALBERGOTTI CREEK AT BEAUFORT, SC",32.45324693,-80.7017729,3050208,1998-11-13,2001-09-29,2.8774811772758384,South Carolina,Stream,True,True
02176589,"BEAUFORT RIVER ABOVE BEAUFORT, SC",32.45408014,-80.6817728,3050208,1998-11-13,2004-09-24,5.864476386036961,South Carolina,Stream,True,True
02176603,"BEAUFORT RIVER AT BEAUFORT, SC",32.42739226,-80.6692526,3050208,1998-10-30,2013-03-14,14.3709787816564,South Carolina,Stream,True,True
02176611,"BEAUFORT RIVER NEAR PORT ROYAL, SC",32.39463887,-80.6753845,3050208,1998-10-22,2007-03-20,8.407939767282683,South Carolina,Stream,True,True
02176635,"BATTERY CREEK AT PORT ROYAL, SC",32.3771401,-80.7145514,3050208,1998-10-22,2007-04-02,8.4435318275154,South Carolina,Stream,True,True
02176640,"BEAUFORT RIVER AT PARRIS ISLAND, SC",32.35019676,-80.668996,3050208,1998-10-30,2013-02-25,14.324435318275153,South Carolina,Stream,True,True
02176711,"MAY RIVER NEAR PRITCHARDVILLE, SC",32.2236111,-80.9202778,3050207,2002-06-01,2004-06-30,2.080766598220397,South Carolina,Stream,True,True
02176720,"MAY RIVER NEAR BLUFFTON, SC",32.23166667,-80.8694444,3050208,2002-06-01,2004-06-08,2.020533880903491,South Carolina,Stream,True,True
02176735,"MAY RIVER BELOW BRIGHTON BEACH, SC",32.21305556,-80.8333333,3050208,2002-06-06,2004-06-08,2.00684462696783,South Carolina,Stream,True,True
0217689150,"NEW RIVER AT SC 46, NEAR HARDEEVILLE, SC",32.23627778,-81.0121667,3060110,2024-06-20,2026-08-25,2.1793292265571527,South Carolina,Stream,True,True
02185010,"EASTATOEE CRK ON CLEO CHAPMAN HWY NEAR SUNSET, SC",34.99613889,-82.8278333,3060101,2023-06-15,2026-08-25,3.1950718685831623,South Carolina,Stream,True,True
021963601,"STEVENS CREEK AT WOODLAWN RD NR MURPHY VILLAGE, SC",33.6111111,-82.0286111,3060107,2024-12-11,2026-08-25,1.702943189596167,South Carolina,Stream,True,True
02197320,"SAVANNAH R. NR JACKSON, SC",33.21709215,-81.7676135,3060106,1984-06-07,1994-10-04,10.324435318275153,South Carolina,Stream,True,True
02197342,"SITE NO. 7 AT SAVANNAH RIVER SITE, SC",33.24459134,-81.6956676,3060106,1984-10-03,1986-12-02,2.16290212183436,South Carolina,Stream,True,True
021973426,"C-004 AT SAVANNAH RIVER SITE, SC",33.239036,-81.6734449,3060106,1984-03-01,1996-09-29,12.580424366872005,South Carolina,Stream,True,True
021973455,"INDIAN GRAVE BRANCH AT SAVANNAH RIVER SITE, SC",33.2126481,-81.6751116,3060106,1991-10-01,1996-09-29,4.996577686516085,South Carolina,Stream,True,True
021973471,"PEN BRANCH AT RD B, AT SAVANNAH RIVER SITE, SC",33.2034818,-81.6473333,3060106,1992-01-02,1993-12-06,1.9274469541409993,South Carolina,Stream,True,True
02197348,"PEN BRANCH AT ROAD A-13 SAVANNAH RIVER SITE, SC",33.15959449,-81.6853896,3060106,1995-03-09,1996-09-29,1.5605749486652978,South Carolina,Stream,True,True
02197351,"P-013 AT SAVANNAH RIVER SITE, SC",33.23153644,-81.584832,3060106,1984-02-16,1996-09-29,12.618754277891854,South Carolina,Stream,True,True
02197353,"L LAKE ABOVE DAM AT SAVANNAH RIVER SITE, SC",33.16181667,-81.6323329,3060106,1987-12-03,1993-09-29,5.823408624229979,South Carolina,Stream,True,True
021973537,"STEEL CREEK BELOW L-LAKE AT SRS, SC",33.5626463,-81.4831609,3060106,1987-11-16,1993-09-29,5.8699520876112254,South Carolina,Stream,True,True
02197362,"P-19 AT SAVANNAH RIVER SITE, SC",33.2351474,-81.5831653,3060106,1984-03-01,1996-09-29,12.580424366872005,South Carolina,Stream,True,True
02197380,"LOWER THREE RUNS BL PAR POND AT SAV RIVER SITE, SC",33.2354253,-81.5164973,3060106,1984-04-13,1993-09-21,9.440109514031485,South Carolina,Stream,True,True
02198744,"SAVANNAH RIVER NEAR TILLMAN, SC",32.35227778,-81.1605556,3060109,2019-06-04,2026-08-25,7.225188227241615,South Carolina,Stream,True,True
021989784,"L BACK RIVER ABOVE LUCKNOW CANAL, NR LIMEHOUSE, SC",32.18575747,-81.11789,3060109,1999-11-05,2026-08-22,26.795345653661876,South Carolina,Stream,True,True
0219897993,"SAVANNAH RIVER AT ELBA ISLAND, NEAR SAVANNAH, GA",32.10305556,-81.0069444,3060109,2013-08-16,2026-08-25,13.023956194387406,South Carolina,Stream,True,True
06402140,"FALL RIVER ABOVE FALLS NR HOT SPRINGS, SD",43.40164608,-103.4113077,10120109,2008-04-18,2008-10-29,0.5311430527036276,South Dakota,Stream,True,True
06402600,"CHEYENNE RIVER NEAR BUFFALO GAP, SD",43.501978,-103.073936,101201090504,2007-03-28,2008-10-28,1.5879534565366187,South Dakota,Stream,True,True
06403700,"CHEYENNE RIVER AT RED SHIRT, SD",43.672417,-102.891667,101201090702,2007-03-28,2026-08-24,19.408624229979466,South Dakota,Stream,True,True
06408650,"CHEYENNE RIVER NEAR SCENIC, SD",43.898056,-102.643611,101201091105,2007-04-05,2008-10-28,1.566050650239562,South Dakota,Stream,True,True
06418800,"RAPID CREEK ABOVE WRF NEAR RAPID CITY,  SD",44.026806,-103.101111,101201100204,2019-05-16,2019-11-21,0.5174537987679672,South Dakota,Stream,True,True
06436760,"HORSE CR ABOVE VALE,SD",44.65265259,-103.366697,10120202,2004-05-28,2011-10-17,7.38672142368241,South Dakota,Stream,True,True
06439500,"CHEYENNE RIVER NEAR EAGLE BUTTE, SD",44.696389,-101.216944,101301051402,2007-04-03,2008-10-20,1.5496235455167693,South Dakota,Stream,True,True
06449100,"LITTLE WHITE RIVER NEAR VETAL, SD",43.100694,-101.231806,101402030311,2025-06-11,2025-10-28,0.3805612594113621,South Dakota,Stream,True,True
06466700,"LEWIS AND CLARK LAKE AT SPRINGFIELD, SD",42.855833,-97.885,101701010906,2007-04-13,2024-08-27,17.374401095140314,South Dakota,Stream,True,True
06467500,"MISSOURI RIVER AT YANKTON, SD",42.866111,-97.393611,101701011204,2006-03-02,2026-08-24,20.479123887748116,South Dakota,Stream,True,True
06471000,"JAMES RIVER AT COLUMBIA, SD",45.603611,-98.31,101600031411,1985-10-10,1994-09-30,8.971937029431896,South Dakota,Stream,True,True
06473000,"JAMES RIVER AT ASHTON, SD",44.998333,-98.480556,101600060403,1985-06-04,1988-07-01,3.07460643394935,South Dakota,Stream,True,True
06478500,"JAMES RIVER NEAR SCOTLAND, SD",43.185833,-97.635278,101600111805,1985-06-14,2007-11-14,22.417522245037645,South Dakota,Stream,True,True
06480000,"BIG SIOUX RIVER NEAR BROOKINGS, SD",44.180278,-96.749167,101702030202,2001-10-12,2003-09-29,1.9630390143737166,South Dakota,Stream,True,True
06481000,"BIG SIOUX RIVER NEAR DELL RAPIDS, SD",43.790472,-96.745333,101702030605,2004-03-20,2010-11-07,6.633812457221081,South Dakota,Stream,True,True
06482020,"BIG SIOUX R AT NORTH CLIFF AVE AT SIOUX FALLS, SD",43.567028,-96.711,101702031705,2001-10-18,2009-11-22,8.095824777549623,South Dakota,Stream,True,True
03403718,"CRABAPPLE BRANCH NR LA FOLLETTE, TN",36.45702424,-84.1582614,5130101,1981-06-13,1984-03-30,2.7953456536618755,Tennessee,Stream,True,True
03407875,"BILLS BRANCH NEAR HEMBREE, TN",36.21100366,-84.4051509,5130104,1980-08-04,1983-10-04,3.164955509924709,Tennessee,Stream,True,True
03407876,"SMOKY CREEK AT HEMBREE, TN",36.23960664,-84.4129769,5130104,1980-06-21,1983-11-26,3.430527036276523,Tennessee,Stream,True,True
03410210,"SOUTH FK CUMBERLAND RIVER AT LEATHERWOOD FORD, TN",36.47739057,-84.6693508,5130104,1985-10-01,1986-05-28,0.6543463381245722,Tennessee,Stream,True,True
03428180,"WF STONES R AT BLANTON RD MURFREESBORO, TN",35.8989535,-86.42554779,5130203,2013-09-30,2026-08-24,12.898015058179329,Tennessee,Stream,True,True
03428200,"WEST FORK STONES RIVER AT MURFREESBORO, TN",35.90287438,-86.429978,5130203,1986-02-06,2013-09-29,27.644079397672826,Tennessee,Stream,True,True
03430200,"STONES RIVER AT US HWY 70 NEAR DONELSON, TN",36.18648009,-86.632762,5130203,2003-09-15,2026-08-24,22.940451745379878,Tennessee,Stream,True,True
03431083,"MILL CREEK AT LEBANON ROAD AT NASHVILLE, TN",36.16394545,-86.699164,5130202,2003-09-06,2026-08-24,22.965092402464066,Tennessee,Stream,True,True
03431091,"CUMBERLAND R AT OMOHUNDRO WTR PLT AT NASHVILLE, TN",36.1653343,-86.7213866,5130202,1996-10-25,2026-08-24,29.828884325804243,Tennessee,Stream,True,True
03431514,"CUMBERLAND RIVER NEAR BORDEAUX, TN",36.1889717,-86.8283959,5130202,1996-11-01,2026-08-24,29.809719370294317,Tennessee,Stream,True,True
03432100,"HARPETH RIVER AT MCDANIEL, TN",35.832598,-86.6988753,5130204,2008-09-30,2026-08-24,17.897330595482547,Tennessee,Stream,True,True
0343233905,"HARPETH RIVER AT MILE 90.5 NEAR FRANKLIN, TN",35.89984185,-86.8428894,5130204,2015-09-17,2026-08-24,10.934976043805612,Tennessee,Stream,True,True
03432390,"SPENCER CREEK NEAR FRANKLIN, TN",35.9434521,-86.8546675,5130204,2012-01-26,2012-09-29,0.676249144421629,Tennessee,Stream,True,True
034324146,"HARPETH RIVER AT MILE 81.33 NR BERRYS CHAPEL, TN",35.9581186,-86.88972369,5130204,2016-10-21,2026-08-24,9.839835728952773,Tennessee,Stream,True,True
03432550,"WEST HARPETH RIVER AT BOYD MILL RD NR BINGHAM, TN",35.9253419,-86.9694474,5130204,2016-08-17,2017-10-02,1.1252566735112937,Tennessee,Stream,True,True
03433500,"HARPETH RIVER AT BELLEVUE, TN",36.0545965,-86.9285018,5130204,2016-08-16,2026-08-24,10.020533880903491,Tennessee,Stream,True,True
03433640,"COPPERAS BRANCH NEAR KINGFIELD, TN",35.9053426,-87.0988948,5130204,2004-03-01,2009-09-29,5.579739904175223,Tennessee,Stream,True,True
03433641,"KELLEY CREEK NEAR KINGFIELD, TN",35.9053426,-87.0977837,5130204,2004-02-25,2009-09-29,5.593429158110883,Tennessee,Stream,True,True
03434500,"HARPETH RIVER NEAR KINGSTON SPRINGS, TN",36.1220369,-87.09888769,51302040605,2018-06-12,2020-01-29,1.6317590691307324,Tennessee,Stream,True,True
03434870,"CUMBERLAND RIVER AT RIVER MILE 142.9, TN",36.3147222,-87.2161111,5130205,2015-12-08,2019-09-24,3.7946611909650922,Tennessee,Stream,True,True
03495500,"HOLSTON RIVER NEAR KNOXVILLE, TN",36.0156395,-83.8315703,6010104,1980-02-23,1985-09-29,5.598904859685147,Tennessee,Stream,True,True
03497300,"LITTLE RIVER ABOVE TOWNSEND, TN",35.66453328,-83.7112821,6010201,1976-10-01,2026-08-24,49.894592744695416,Tennessee,Stream,True,True
03560110,"OCOEE RIVER BELOW FIGHTINGTOWN CR AT COPPERHILL,TN",34.99341344,-84.3818677,6020003,2002-08-01,2005-09-29,3.162217659137577,Tennessee,Stream,True,True
03571850,"TENNESSEE RIVER AT SOUTH PITTSBURG, TN",35.011469,-85.6974703,6030001,1975-07-28,1981-10-01,6.179329226557153,Tennessee,Stream,True,True
03582000,"ELK RIVER ABOVE FAYETTEVILLE, TN",35.1345565,-86.5397039,6030003,2012-10-01,2026-08-24,13.894592744695414,Tennessee,Stream,True,True
03584600,"ELK RIVER AT PROSPECT, TN",35.0142361,-86.9946574,6030004,2014-10-10,2020-10-17,6.020533880903491,Tennessee,Stream,True,True
03597860,"DUCK RIVER AT SHELBYVILLE, TN",35.4829327,-86.462582,6040002,1991-10-11,2012-09-29,20.969199178644764,Tennessee,Stream,True,True
03598000,"DUCK RIVER NEAR SHELBYVILLE, TN",35.48035,-86.4991609,6040002,1976-10-01,2009-09-29,32.993839835728956,Tennessee,Stream,True,True
03598165,"HURRICANE CREEK NEAR ELBETHEL, TN",35.55757044,-86.498327,6040002,2008-12-05,2009-06-17,0.5311430527036276,Tennessee,Stream,True,True
0359816545,"PARCH CORN CREEK AT MARTIN ROAD NR ELBETHEL, TN",35.56173718,-86.4855491,6040002,2008-11-30,2009-06-22,0.5585215605749486,Tennessee,Stream,True,True
03598173,"FALL CREEK NEAR DEASON, TN",35.5836811,-86.488049,6040002,2008-12-10,2009-06-30,0.5530458590006845,Tennessee,Stream,True,True
03598177,"FALL CREEK BLW HURRICANE CREEK NR ELBETHEL, TN",35.56444444,-86.5166667,6040002,2008-12-10,2009-06-30,0.5530458590006845,Tennessee,Stream,True,True
03601630,"LOCKE BRANCH NEAR BENDING CHESTNUT, TN",35.87201008,-87.103895,5130204,2005-02-11,2008-09-29,3.6303901437371664,Tennessee,Stream,True,True
03604000,"BUFFALO RIVER NEAR FLAT WOODS, TN",35.49590598,-87.8328037,6040004,1976-10-01,2026-08-24,49.894592744695416,Tennessee,Stream,True,True
07030392,"WOLF RIVER AT LAGRANGE, TN",35.03258978,-89.246736,8010210,1996-09-18,2010-09-30,14.03148528405202,Tennessee,Stream,True,True
361240084245800,"SMOKY CREEK ABOVE HEMBREE(034078745), TN",36.21118975,-84.4160458,5130104,1982-06-11,1983-09-29,1.3004791238877482,Tennessee,Stream,True,True
361341084253900,"SHACK CREEK AT HEMBREE(034078755), TN",36.2281343,-84.4274356,5130104,1982-04-13,1984-03-26,1.9520876112251881,Tennessee,Stream,True,True
07227500,"Canadian Rv nr Amarillo, TX",35.4703261,-101.879628,11090105,1995-09-13,2024-10-23,29.111567419575632,Texas,Stream,True,True
07299540,"Pr Dog Twn Fk Red Rv nr Childress, TX",34.56922728,-100.1940023,11120105,1994-10-04,1997-09-30,2.9897330595482545,Texas,Stream,True,True
07299890,"Lelia Lk Ck bl Bell Ck nr Hedley, TX",34.93560669,-100.6965246,11120201,1997-08-01,2004-09-30,7.1649555099247095,Texas,Stream,True,True
07307800,"Pease Rv nr Childress, TX",34.2275718,-100.0737179,11130105,1994-09-30,1997-10-31,3.0855578370978782,Texas,Stream,True,True
07308200,"Pease Rv nr Vernon, TX",34.1795833,-99.3233333,11130105,1998-10-29,1999-09-30,0.919917864476386,Texas,Stream,True,True
07308500,"Red Rv nr Burkburnett, TX",34.11009327,-98.5317234,11130102,1994-10-05,2011-09-21,16.960985626283367,Texas,Stream,True,True
07311700,"N Wichita Rv nr Truscott, TX",33.82064216,-99.7864822,11130204,1998-09-30,2011-09-29,12.996577686516085,Texas,Stream,True,True
07311782,"S Wichita Rv at Low Flow Dam nr Guthrie, TX",33.62203029,-100.2089951,11130205,1994-10-01,2024-11-20,30.138261464750173,Texas,Stream,True,True
07311800,"S Wichita Rv nr Benjamin, TX",33.644257,-99.8009252,11130205,1997-09-30,2024-11-19,27.137577002053387,Texas,Stream,True,True
07311900,"Wichita Rv nr Seymour, TX",33.70036966,-99.3886905,11130206,1996-10-01,2014-09-29,17.99315537303217,Texas,Stream,True,True
07312100,"Wichita Rv nr Mabelle, TX",33.7600934,-99.1428495,11130206,1994-09-19,2011-09-29,17.026694045174537,Texas,Stream,True,True
07312130,"Wichita Rv at SH 25 nr Kamay, TX",33.86926267,-98.839231,11130206,1997-09-30,2002-09-29,4.996577686516085,Texas,Stream,True,True
07312200,"Beaver Ck nr Electra, TX",33.90592785,-98.9050666,11130207,1996-06-08,2002-09-29,6.308008213552362,Texas,Stream,True,True
07312500,"Wichita Rv at Wichita Falls, TX",33.90955506,-98.53367399,111302060407,1998-09-30,2024-11-09,26.11088295687885,Texas,Stream,True,True
07312700,"Wichita Rv nr Charlie, TX",34.0531504,-98.2967139,11130206,1996-09-30,2024-09-17,27.964407939767284,Texas,Stream,True,True
07332620,"Bois D'Arc Ck at FM 1396 nr Honey Grove, TX",33.6822222,-95.9844444,11140101,2006-09-24,2019-08-19,12.900752908966462,Texas,Stream,True,True
07332622,"Bois D'Arc Ck at FM 409 nr Honey Grove, TX",33.74416667,-95.9611111,11140101,2009-06-03,2025-03-11,15.770020533880903,Texas,Stream,True,True
07336820,"Red River near De Kalb, TX",33.68400005,-94.6943774,11140106,2007-03-01,2008-09-29,1.5824777549623545,Texas,Stream,True,True
07342473,"S Sulphur Rv at FM 71 nr Commerce, TX",33.25,-95.7911111,11140301,2003-05-20,2004-08-10,1.2265571526351813,Texas,Stream,True,True
07346020,"Black Cypress Bayou at SH 155 nr Avinger, TX",32.9386111,-94.4861111,11140306,2003-05-21,2004-09-15,1.322381930184805,Texas,Stream,True,True
07346047,"Little Cypress Ck at SH 155 nr Gilmer, TX",32.76805556,-94.9158333,11140307,2003-05-21,2005-07-13,2.1464750171115674,Texas,Stream,True,True
07346048,"Little Cypress Ck at FM 555 nr Gilmer, TX",32.73916667,-94.8663889,11140307,2003-05-21,2005-07-13,2.1464750171115674,Texas,Stream,True,True
07346055,"Little Cypress Ck at FM 450 nr Hallsville, TX",32.62388889,-94.5769444,11140307,2003-05-28,2005-07-13,2.127310061601643,Texas,Stream,True,True
07346080,"Big Cypress Ck abv SH 43 nr Karnack, TX",32.7386111,-94.2325,11140306,2006-05-06,2009-07-05,3.164955509924709,Texas,Stream,True,True
07346085,"Big Cypress Ck nr Karnack, TX",32.69638889,-94.1877778,11140306,2003-05-28,2005-07-13,2.127310061601643,Texas,Stream,True,True
07346095,"Harrison Bayou at CR 2607 nr Karnack, TX",32.6411111,-94.1322222,11140306,2003-05-28,2005-07-13,2.127310061601643,Texas,Stream,True,True
08017190,"Cowleech Fk Sabine Rv at CR 1083 nr Greenville, TX",33.2386111,-96.1813889,12010001,2003-05-20,2004-09-14,1.322381930184805,Texas,Stream,True,True
08020820,"Grace Ck nr Longview, TX",32.46194444,-94.75,12010002,2003-05-27,2004-09-21,1.322381930184805,Texas,Stream,True,True
08021600,"Ward Ck at US Hwy 80 nr Hallsville, TX",32.5072222,-94.5494444,12010002,2003-05-27,2005-07-13,2.130047912388775,Texas,Stream,True,True
08022100,"Irons Bayou at SH 149 nr Beckville, TX",32.21444444,-94.4327778,12010002,2003-05-27,2005-07-13,2.130047912388775,Texas,Stream,True,True
08029760,"Nichols Ck at FM 253 nr Buna, TX",30.42305556,-93.7838889,12010005,2003-05-20,2025-08-20,22.253251197809718,Texas,Stream,True,True
08030050,"Cypress Ck at SH 87 nr Deweyville, TX",30.345,-93.8047222,12010005,2003-05-20,2004-09-16,1.3278576317590691,Texas,Stream,True,True
08030500,"Sabine Rv nr Ruliff, TX",30.30381684,-93.7437784,12010005,1995-10-01,1999-04-06,3.512662559890486,Texas,Stream,True,True
08041365,"Beech Ck at CR 4375 nr Spurger, TX",30.70944444,-94.1991667,12020006,2003-05-20,2004-09-16,1.3278576317590691,Texas,Stream,True,True
08041375,"Beech Ck at FM 1013 nr Spurger, TX",30.69444444,-94.1902778,12020006,2003-05-20,2004-09-16,1.3278576317590691,Texas,Stream,True,True
08041540,"Cypress Ck at US Hwy 69 nr Kountze, TX",30.3511111,-94.2922222,12020006,2003-05-20,2004-09-15,1.325119780971937,Texas,Stream,True,True
08041745,"Boggy Ck at FM 421 nr Lumberton, TX",30.2325,-94.2230556,12020007,2003-05-20,2004-09-15,1.325119780971937,Texas,Stream,True,True
08042490,"Hillebrandt Bayou at Humble Rd nr LaBelle, TX",29.94555556,-94.135,12040201,2003-05-28,2004-08-31,1.2621492128678986,Texas,Stream,True,True
08042520,"Taylor Bayou bl LaBelle, TX",29.88166667,-94.0516667,12040201,2003-05-28,2004-09-01,1.264887063655031,Texas,Stream,True,True
08048000,"W Fk Trinity Rv at Ft Worth, TX",32.76096337,-97.3325167,12030102,2010-09-21,2025-03-11,14.469541409993155,Texas,Stream,True,True
08048543,"W Fk Trinity Rv at Beach St, Ft Worth, TX",32.7517972,-97.2894598,12030102,2000-09-30,2002-09-29,1.995893223819302,Texas,Stream,True,True
08048970,"Village Ck at Everman, TX",32.60346909,-97.2650142,12030102,1989-11-13,1990-09-29,0.8761122518822724,Texas,Stream,True,True
08048980,"Village Ck at Kennedale, TX",32.64124563,-97.2422358,12030102,1988-01-30,1989-09-29,1.6646132785763177,Texas,Stream,True,True
08049500,"W Fk Trinity Rv at Grand Prairie, TX",32.7625,-96.9944444,12030102,1976-10-01,2025-03-11,48.440793976728266,Texas,Stream,True,True
08049553,"Big Bear Ck at Euless/Grapevine Rd nr Grapevine,TX",32.8947222,-97.0822222,12030102,2002-10-22,2004-04-15,1.4811772758384667,Texas,Stream,True,True
08049562,"Blessing Br at Euless, TX",32.84766667,-97.0754722,12030102,2003-10-22,2004-04-14,0.4791238877481177,Texas,Stream,True,True
08049565,"Trigg Br at DFW Airport nr Euless, TX",32.86734948,-97.039175,12030102,2002-10-22,2004-04-15,1.4811772758384667,Texas,Stream,True,True
08049569,"Bear Ck at SH 183 nr Euless, TX",32.83555556,-97.0358333,12030102,2002-10-22,2004-04-15,1.4811772758384667,Texas,Stream,True,True
08052700,"Little Elm Ck nr Aubrey, TX",33.28344977,-96.8927805,12030103,2010-04-06,2025-03-11,14.929500342231348,Texas,Stream,True,True
08052745,"Doe Br at US Hwy 380 nr Prosper, TX",33.219298,-96.8919565,12030103,2010-04-06,2025-03-11,14.929500342231348,Texas,Stream,True,True
08057000,"Trinity Rv at Dallas, TX",32.7748517,-96.8219464,12030105,2014-10-31,2025-03-11,10.360027378507871,Texas,Stream,True,True
08057055,"Trinity Rv at Cedar Crest Blvd, Dallas, TX",32.7521361,-96.7825528,12030105,2000-09-30,2015-02-09,14.360027378507871,Texas,Stream,True,True
08057410,"Trinity Rv bl Dallas, TX",32.70763139,-96.7358319,12030105,2015-02-12,2025-03-11,10.075290896646132,Texas,Stream,True,True
08057448,"Trinity Rv nr Wilmer, TX",32.6176342,-96.6222148,12030105,2000-09-30,2002-09-28,1.9931553730321698,Texas,Stream,True,True
08059570,"Wilson Ck at US Hwy 380 nr McKinney, TX",33.21833333,-96.6941667,12030106,2003-05-20,2004-09-14,1.322381930184805,Texas,Stream,True,True
08062500,"Trinity Rv nr Rosser, TX",32.42652988,-96.4630415,12030105,1976-10-01,2025-03-11,48.440793976728266,Texas,Stream,True,True
08062700,"Trinity Rv at Trinidad, TX",32.14765255,-96.1024708,12030105,1999-09-30,2000-09-29,0.999315537303217,Texas,Stream,True,True
08064100,"Chambers Ck nr Rice, TX",32.1984823,-96.5202639,12030109,2000-11-06,2003-09-29,2.8939082819986313,Texas,Stream,True,True
08065350,"Trinity Rv nr Crockett, TX",31.33851319,-95.6563407,12030201,1975-03-11,2024-10-03,49.56605065023956,Texas,Stream,True,True
08067071,"CWA Canal at FM 1409 nr Dayton, TX",29.95027778,-94.8433333,12030203,2008-02-09,2010-10-25,2.707734428473648,Texas,Stream,True,True
08067074,"CWA Canal at Thompson Rd nr Baytown, TX",29.80674444,-95.0323972,12040203,2012-07-20,2021-11-17,9.32785763175907,Texas,Stream,True,True
08067100,"Trinity Rv nr Moss Bluff, TX",29.9418847,-94.774366,12030203,2003-09-30,2024-10-28,21.078713210130047,Texas,Stream,True,True
08067215,"Old Rv Cutoff nr Moss Bluff, TX",29.90161516,-94.76994166,120302030306,2002-09-30,2024-12-13,22.203969883641342,Texas,Stream,True,True
08067250,"Trinity Rv at IH 10 nr Wallisville, TX",29.83707778,-94.7635944,12030203,2022-11-09,2024-11-20,2.0314852840520192,Texas,Stream,True,True
08067252,"Trinity Rv at Wallisville, TX",29.8124434,-94.7313087,12030203,1995-07-28,2024-11-24,29.32785763175907,Texas,Stream,True,True
08067900,"Lake Ck nr Conroe, TX",30.25377778,-95.579,12040101,2002-09-13,2004-09-29,2.0451745379876796,Texas,Stream,True,True
08068000,"W Fk San Jacinto Rv nr Conroe, TX",30.24465738,-95.4571616,12040101,2014-02-06,2024-12-15,10.855578370978781,Texas,Stream,True,True
08068275,"Spring Ck nr Tomball, TX",30.11993899,-95.6460559,12040102,1999-08-20,2015-10-03,16.12046543463381,Texas,Stream,True,True
08068400,"Panther Br at Gosling Rd, The Woodlands, TX",30.192159,-95.4838288,12040102,1999-03-04,2015-10-03,16.583162217659137,Texas,Stream,True,True
08068500,"Spring Ck nr Spring, TX",30.11049517,-95.4363275,12040102,1999-12-10,2024-11-13,24.928131416837783,Texas,Stream,True,True
08069500,"W Fk San Jacinto Rv nr Humble, TX",30.02716385,-95.2579888,12040101,2010-05-19,2024-11-13,14.48870636550308,Texas,Stream,True,True
08070200,"E Fk San Jacinto Rv nr New Caney, TX",30.14523056,-95.1246139,12040103,1995-10-01,2024-11-21,29.141683778234086,Texas,Stream,True,True
08073898,"Neimans Bayou at IH 10, Houston, TX",29.78333333,-95.4738889,12040104,2003-05-13,2004-09-08,1.325119780971937,Texas,Stream,True,True
08074000,"Buffalo Bayou at Houston, TX",29.76022829,-95.4085505,12040104,1987-07-10,2000-09-29,13.22381930184805,Texas,Stream,True,True
08074540,"Little Whiteoak Bayou at Trimble St, Houston, TX",29.79277778,-95.3680556,12040104,2003-05-13,2004-09-08,1.325119780971937,Texas,Stream,True,True
08074598,"Whiteoak Bayou at Main St, Houston, TX",29.76661676,-95.358549,12040104,1992-05-14,1997-09-29,5.377138945927447,Texas,Stream,True,True
08074600,"Buffalo Bayou at Main St, Houston, TX",29.7652279,-95.3591046,12040104,1990-09-30,1991-09-29,0.9965776865160849,Texas,Stream,True,True
08074710,"Buffalo Bayou at Turning Basin, Houston, TX",29.74939477,-95.2910473,12040104,1986-03-25,2005-10-12,19.550992470910334,Texas,Stream,True,True
08075500,"Sims Bayou at Houston, TX",29.67439687,-95.2893807,12040104,1993-10-01,1997-12-27,4.238193018480493,Texas,Stream,True,True
08076005,"Greens Bayou Trib at Smith Rd nr Houston, TX",29.93055556,-95.2875,12040104,2003-05-13,2004-09-08,1.325119780971937,Texas,Stream,True,True
08077647,"Dickinson Bayou at SH 3, Dickinson, TX",29.45662094,-95.0479838,12040204,2000-12-02,2001-08-27,0.7337440109514032,Texas,Stream,True,True
08079005,"Oyster Ck at CR 290 nr Angleton, TX",29.12537778,-95.4813722,12040205,2003-05-14,2004-09-08,1.322381930184805,Texas,Stream,True,True
08086212,"Hubbard Ck bl Albany, TX",32.73289717,-99.1406299,12060105,1982-03-30,2026-07-17,44.2984257357974,Texas,Stream,True,True
08086290,"Big Sandy Ck abv Breckenridge, TX",32.64845613,-99.0045146,12060105,1982-03-31,2026-08-11,44.36413415468857,Texas,Stream,True,True
08103903,"S Rocky Ck at US Hwy 183 nr Briggs, TX",30.92718333,-97.9943167,12070203,2005-09-07,2006-08-14,0.9336071184120466,Texas,Stream,True,True
08104870,"S Fk San Gabriel Rv at Hwy 183 nr Leander, TX",30.621111,-97.860556,120702050203,2005-09-07,2005-09-07,0.0,Texas,Stream,True,True
08105863,"Brushy Ck nr CR 272 nr Cedar Park, TX",30.54853333,-97.7834333,12070205,2005-09-10,2005-09-11,0.0027378507871321013,Texas,Stream,True,True
08106500,"Little Rv nr Cameron, TX",30.83519047,-96.9466512,12070204,1996-05-01,1997-03-25,0.8980150581793293,Texas,Stream,True,True
08109300,"Thompsons Ck at SH 21 nr Bryan, TX",30.6536111,-96.4516667,12070101,2003-05-13,2004-09-08,1.325119780971937,Texas,Stream,True,True
08110075,"Davidson Ck at SH 21 nr Caldwell, TX",30.54027778,-96.6902778,12070102,2003-05-13,2004-09-08,1.325119780971937,Texas,Stream,True,True
08111060,"Gibbons Ck at SH 30 nr College Station, TX",30.5947222,-96.0652778,12070103,2003-05-16,2004-07-07,1.1444216290212184,Texas,Stream,True,True
08111062,"Gibbons Ck at FM 244 nr College Station, TX",30.58305556,-96.0702778,12070103,2003-05-13,2004-08-03,1.2265571526351813,Texas,Stream,True,True
08111570,"Ponds Ck at Cameron Rd, Prairie View, TX",30.10305556,-95.9875,12070104,2003-05-13,2004-08-03,1.2265571526351813,Texas,Stream,True,True
08117300,"Brazos Rv at GIWW Flood Gates nr Freeport, TX",28.8980278,-95.3816078,12070104,2023-01-20,2024-10-24,1.7604380561259412,Texas,Stream,True,True
08117400,"W Bernard Ck at SH 60 nr Wharton, TX",29.41527778,-96.0786111,12090401,2003-05-14,2004-09-08,1.322381930184805,Texas,Stream,True,True
08120700,"Colorado Rv nr Cuthbert, TX",32.47733745,-100.9498382,12080002,1983-04-27,2002-09-27,19.419575633127995,Texas,Stream,True,True
08121000,"Colorado Rv at Colorado City, TX",32.39261865,-100.8787246,12080002,2002-11-09,2004-10-19,1.943874058863792,Texas,Stream,True,True
08123720,"Beals Ck nr Coahoma, TX",32.2490097,-101.3620666,12080007,1987-10-06,1988-02-25,0.3887748117727584,Texas,Stream,True,True
08123800,"Beals Ck nr Westbrook, TX",32.1992913,-101.0140029,12080007,1980-10-01,2011-10-14,31.033538672142367,Texas,Stream,True,True
08123850,"Colorado Rv abv Silver, TX",32.05374399,-100.762052,12080008,1980-10-01,2023-09-29,42.992470910335385,Texas,Stream,True,True
08126380,"Colorado Rv nr Ballinger, TX",31.71542973,-100.0264755,12090101,2001-02-09,2026-08-24,25.53593429158111,Texas,Stream,True,True
08127000,"Elm Ck at Ballinger, TX",31.74931697,-99.9478636,12090101,2001-02-09,2011-10-18,10.685831622176591,Texas,Stream,True,True
08136500,"Concho Rv at Paint Rock, TX",31.5159908,-99.9195226,12090105,2001-02-07,2011-10-25,10.710472279260781,Texas,Stream,True,True
08138000,"Colorado Rv at Winchell, TX",31.46793807,-99.1622726,12090106,1991-02-15,1994-08-31,3.540041067761807,Texas,Stream,True,True
08152940,"Barons Ck at Old San Ant Rd nr Fredericksburg, TX",30.2346722,-98.8411389,12090206,2005-09-27,2006-08-17,0.8870636550308009,Texas,Stream,True,True
08152980,"S Grape Ck at US Hwy 290 nr Stonewall, TX",30.22125,-98.7261333,12090206,2006-08-18,2006-08-20,0.0054757015742642025,Texas,Stream,True,True
08153900,"Cypress Ck at RR 962 nr Cypress Mill, TX",30.38243333,-98.2500167,12090206,2005-09-14,2006-08-13,0.9117043121149897,Texas,Stream,True,True
08153990,"Lick Ck nr Pedernales Canyon Rd nr Bee Cave, TX",30.37425833,-98.0887583,12090206,2005-09-17,2005-09-18,0.0027378507871321013,Texas,Stream,True,True
08154050,"Cow Ck nr Cow Ck Rd nr Lago Vista, TX",30.53448333,-98.0471,12090205,2005-09-10,2005-09-12,0.0054757015742642025,Texas,Stream,True,True
08154700,"Bull Ck at Loop 360 nr Austin, TX",30.37214825,-97.7847301,12090205,2005-09-13,2006-08-09,0.9034907597535934,Texas,Stream,True,True
08158000,"Colorado Rv at Austin, TX",30.24613889,-97.6800556,12090205,1990-10-01,1991-09-29,0.9938398357289527,Texas,Stream,True,True
08158700,"Onion Ck nr Driftwood, TX",30.08298924,-98.0077859,12090205,2005-09-17,2005-09-18,0.0027378507871321013,Texas,Stream,True,True
08159200,"Colorado Rv at Bastrop, TX",30.10466154,-97.3194368,12090301,1984-10-01,1994-09-30,9.995893223819301,Texas,Stream,True,True
08167109,"Big Joshua Ck at IH 10 nr Comfort, TX",29.9100111,-98.8231833,12100201,2005-09-22,2005-09-22,0.0,Texas,Stream,True,True
08169000,"Comal Rv at New Braunfels, TX",29.70640833,-98.1222083,12100202,1996-03-08,1998-09-30,2.5626283367556466,Texas,Stream,True,True
08170800,"Blanco Rv at Crabapple Rd nr Blanco, TX",30.10258333,-98.5106667,12100203,2005-09-28,2006-08-16,0.8815879534565366,Texas,Stream,True,True
08171000,"Blanco Rv at Wimberley, TX",29.99438343,-98.088925,12100203,1997-01-17,1998-09-16,1.6618754277891854,Texas,Stream,True,True
08171290,"Blanco Rv at Halifax Rch nr Kyle, TX",30.00555556,-97.9525,12100203,2009-02-12,2011-01-19,1.9329226557152634,Texas,Stream,True,True
08177825,"San Antonio Rv at Witte Museum, San Antonio, TX",29.46163889,-98.4684167,12100301,2006-06-24,2009-10-01,3.271731690622861,Texas,Stream,True,True
08178800,"Salado Ck at Loop 13, San Antonio, TX",29.35717994,-98.412821,12100301,1987-07-09,1999-09-29,12.224503764544833,Texas,Stream,True,True
08180700,"Medina Rv nr Macdona, TX",29.33495798,-98.689744,12100302,2001-11-02,2014-01-01,12.164271047227926,Texas,Stream,True,True
08180850,"Medina Rv at Applewhite Rd, San Antonio, TX",29.24685278,-98.5487944,12100302,2008-03-19,2018-12-16,10.743326488706366,Texas,Stream,True,True
08181500,"Medina Rv at San Antonio, TX",29.2641276,-98.4908493,12100302,1987-10-01,2024-07-16,36.79123887748118,Texas,Stream,True,True
08181800,"San Antonio Rv nr Elmendorf, TX",29.2221853,-98.3558463,12100301,1987-07-13,2026-08-24,39.115674195756334,Texas,Stream,True,True
08183890,"Cibolo Ck at Cibolo Nature Cntr nr Boerne, TX",29.78113056,-98.7128306,12100304,2005-09-22,2006-08-20,0.9089664613278576,Texas,Stream,True,True
08188060,"San Antonio Rv at SH 72 nr Runge, TX",28.84869444,-97.7371389,12100303,2011-07-27,2024-07-18,12.97741273100616,Texas,Stream,True,True
08195000,"Frio Rv at Concan, TX",29.48856496,-99.7047756,12110106,1996-11-15,1998-08-22,1.7659137577002053,Texas,Stream,True,True
08211200,"Nueces Rv at Bluntzer, TX",27.93779594,-97.7758308,12110111,2008-11-05,2026-08-24,17.79876796714579,Texas,Stream,True,True
08211450,"Nueces Rv bl Hazel Bazemore Pk nr Calallen, TX",27.86527778,-97.6386111,12110111,2008-11-06,2011-01-02,2.1546885694729636,Texas,Stream,True,True
08211503,"Rincon Bayou Channel nr Calallen, TX",27.8969652,-97.6255509,12110111,2004-03-20,2019-08-06,15.378507871321013,Texas,Stream,True,True
08364000,"RIO GRANDE AT EL PASO, TX",31.80288488,-106.5408218,13030102,2008-12-18,2026-08-24,17.68104038329911,Texas,Stream,True,True
08374550,"Rio Grande nr Castolon, TX",29.13798,-103.5249033,13040205,2011-09-06,2014-05-28,2.724161533196441,Texas,Stream,True,True
08375300,"Rio Grande at Rio Grande Village, Big Bnd NP, TX",29.185833,-102.975,130402052404,2011-09-06,2026-03-17,14.52703627652293,Texas,Stream,True,True
08420500,"Pecos Rv at Pecos, TX",31.43652327,-103.467395,13070001,2011-09-07,2015-03-23,3.540041067761807,Texas,Stream,True,True
08470500,"Arroyo Colorado at FM 106, Rio Hondo, TX",26.23527778,-97.58472222,121102080700,2014-05-30,2021-03-22,6.811772758384668,Texas,Stream,True,True
295524095072701,"SJRA E Industrial Canal nr Crosby, TX",29.92369393,-95.1242915,12040101,2013-09-05,2024-12-10,11.263518138261464,Texas,Stream,True,True
300300099093300,"Guadalupe Rv nr Concho Dr at Kerrville, TX",30.04995,-99.1591889,12100201,2013-03-01,2013-08-30,0.49828884325804246,Texas,Stream,True,True
305358099543800,"San Saba Rv bl Beyer Crsg nr Menard, TX",30.89948333,-99.9106611,12090109,2013-03-01,2013-08-30,0.49828884325804246,Texas,Stream,True,True
311221098340800,"Colorado Rv bl Hwy 190 nr San Saba, TX",31.2056972,-98.5689167,12090101,2013-03-01,2013-08-30,0.49828884325804246,Texas,Stream,True,True
311323098470500,"San Saba Rv at CR 208 nr San Saba, TX",31.223075,-98.7846361,12090109,2013-03-01,2013-08-30,0.49828884325804246,Texas,Stream,True,True
09180000,"DOLORES RIVER NEAR CISCO, UT",38.79720805,-109.1951142,14030004,2006-07-19,2026-08-24,20.098562628336754,Utah,Stream,True,True
09180500,"COLORADO RIVER NEAR CISCO, UT",38.81054095,-109.2934493,14030005,2006-08-26,2026-08-24,19.994524298425734,Utah,Stream,True,True
09183600,"MILL CREEK BELOW SHELEY TUNNEL, NEAR MOAB, UT",38.48571796,-109.4111044,14030005,2014-06-20,2026-08-24,12.177960301163587,Utah,Stream,True,True
09234500,"GREEN RIVER NEAR GREENDALE, UT",40.90829296,-109.422914,14040106,1986-12-12,2026-08-25,39.7015742642026,Utah,Stream,True,True
09261000,"GREEN RIVER NEAR JENSEN, UT",40.40871944,-109.23523611,14040106,1998-09-25,2026-08-25,27.915126625598905,Utah,Stream,True,True
09271400,"ASHLEY CREEK NEAR NAPLES, UT",40.43357206,-109.4662456,14060002,2000-03-18,2003-10-27,3.6084873374401094,Utah,Stream,True,True
09271425,"ASHLEY CRK ABV RIV IRR PIPELINE NR NAPLES, UT",40.40657267,-109.4351054,14060002,2003-04-04,2003-11-12,0.6078028747433265,Utah,Stream,True,True
09271450,"ASHLEY CREEK BL SADLIER DRAW, NEAR NAPLES, UT",40.39801727,-109.4295774,14060002,2000-03-17,2003-03-31,3.0362765229295,Utah,Stream,True,True
09302000,"DUCHESNE RIVER NEAR RANDLETT, UT",40.21027778,-109.7813889,14060003,1998-08-25,2026-08-25,28.0,Utah,Stream,True,True
09306395,"WHITE RIVER NEAR COLORADO STATE LINE, UT",40.01385727,-109.0806682,14050007,1976-10-19,1985-09-01,8.867898699520875,Utah,Stream,True,True
09306410,"EVACUATION CREEK AB MISSOURI C NR DRAGON, UT",39.79774877,-109.074554,14050007,1975-10-01,1978-10-19,3.049965776865161,Utah,Stream,True,True
09306420,EVACUATION CREEK AT WATSON UTAH,39.88274659,-109.1573358,14050007,1974-10-01,1976-06-10,1.6919917864476386,Utah,Stream,True,True
09306430,"EVACUATION CREEK NEAR MOUTH NEAR WATSON, UT",39.9521902,-109.1592813,14050007,1974-10-01,1981-09-29,6.995208761122519,Utah,Stream,True,True
09306500,"WHITE RIVER NEAR WATSON, UTAH",39.97885629,-109.1787269,14050007,1974-10-01,2026-08-24,51.89596167008898,Utah,Stream,True,True
09306600,"WHITE RIVER BL SOUTHAM CANYON NR WATSON, UT",39.9541333,-109.2584518,14050007,1974-10-01,1976-06-07,1.6837782340862424,Utah,Stream,True,True
09306700,WHITE R BLW ASPHALT WASH NR WATSON UT,39.9255223,-109.2923418,14050007,1974-10-01,1976-05-03,1.5879534565366187,Utah,Stream,True,True
09306850,"BITTER CREEK AT MOUTH NEAR BONANZA, UT",39.9655212,-109.4170707,14050007,1977-04-13,1977-09-29,0.46269678302532513,Utah,Stream,True,True
09306900,WHITE RIVER AT MOUTH NEAR OURAY UTAH,40.0649641,-109.6356923,14050007,1977-04-15,1985-09-29,8.457221081451062,Utah,Stream,True,True
09314280,"DESERT SEEP WASH NEAR WELLINGTON, UTAH",39.4210793,-110.6462682,14060007,2012-12-12,2017-10-30,4.8815879534565365,Utah,Stream,True,True
09314500,"PRICE RIVER AT WOODSIDE, UT",39.26444444,-110.3427778,14060007,2000-11-17,2026-08-24,25.765913757700204,Utah,Stream,True,True
09315000,"GREEN RIVER AT GREEN RIVER, UT",38.98886944,-110.15035556,140600080208,2021-03-11,2026-08-24,5.453798767967146,Utah,Stream,True,True
09326500,"FERRON CREEK (UPPER STATION) NEAR FERRON, UT",39.1049972,-111.2289917,14060009,2014-05-02,2020-07-13,6.198494182067077,Utah,Stream,True,True
09327000,"FERRON CR BL MILLSITE RES & DIVS NR FERRON, UT",39.09526389,-111.1788694,14060009,2014-05-22,2017-09-05,3.2908966461327855,Utah,Stream,True,True
09328500,"SAN RAFAEL RIVER NEAR GREEN RIVER, UT",38.8583081,-110.3701469,14060009,2015-12-04,2026-08-24,10.72142368240931,Utah,Stream,True,True
09328910,"SAN RAFAEL RIVER AT MOUTH NEAR GREEN RIVER, UT",38.7577611,-110.1435278,14060009,2015-12-08,2016-11-12,0.9308692676249144,Utah,Stream,True,True
09328960,"COLORADO RIVER AT GYPSUM CANYON NEAR HITE, UT",38.01001944,-110.0735389,14070001,2023-06-30,2026-08-24,3.1512662559890487,Utah,Stream,True,True
09379500,"SAN JUAN RIVER NEAR BLUFF, UT",37.15067778,-109.8666889,14080205,1980-10-28,2026-08-24,45.82067077344285,Utah,Stream,True,True
09406000,"VIRGIN RIVER AT VIRGIN, UT",37.2041494,-113.1807789,15010008,2004-10-09,2026-08-24,21.872689938398356,Utah,Stream,True,True
09406100,"VIRGIN RIVER AB LA VERKIN CREEK NR LA VERKIN, UT",37.1969272,-113.285226,15010008,2005-10-06,2013-10-28,8.060232717316905,Utah,Stream,True,True
09407810,"VIRGIN RIVER BELOW ASH CREEK NR LAVERKIN, UT",37.20192714,-113.2916151,15010008,2004-09-25,2005-01-08,0.2874743326488706,Utah,Stream,True,True
09408135,"VIRGIN RIVER AB QUAIL CREEK NEAR HURRICANE, UT",37.19248238,-113.3532832,15010008,1992-04-10,1993-10-28,1.5496235455167693,Utah,Stream,True,True
09408150,"VIRGIN RIVER NEAR HURRICANE, UT",37.16276007,-113.3952285,15010008,1992-04-15,1993-10-11,1.4893908281998631,Utah,Stream,True,True
09408175,"ST. GEORGE-WASHINGTON CANAL NR WASHINGTON, UT",37.11498228,-113.440785,15010008,1987-10-17,2003-09-29,15.950718685831623,Utah,Stream,True,True
10126000,"BEAR RIVER NEAR CORINNE, UT",41.5763213,-112.100782,16010204,1981-10-01,2026-08-24,44.8952772073922,Utah,Stream,True,True
10129900,"SILVER CREEK NEAR SILVER CREEK JUNCTION, UT",40.73522634,-111.4760313,16020101,2001-10-16,2026-08-25,24.856947296372347,Utah,Stream,True,True
10133650,"E CANYON CR BL I-80 REST STOP NR PARK CITY, UT",40.7238375,-111.5196438,16020102,2010-05-18,2026-08-24,16.268309377138944,Utah,Stream,True,True
10133800,"EAST CANYON CREEK NEAR JEREMY RANCH, UT",40.75966979,-111.5640912,16020102,2001-10-18,2026-08-24,24.84873374401095,Utah,Stream,True,True
10133980,"EAST CANYON CREEK AB EAST CYN RES NR MORGAN, UTAH",40.8695861,-111.5866222,16020102,2007-07-12,2026-08-24,19.11841204654346,Utah,Stream,True,True
10136500,"WEBER RIVER AT GATEWAY, UT",41.1368878,-111.8324384,16020102,2023-03-14,2023-10-10,0.5749486652977412,Utah,Stream,True,True
10141000,"WEBER RIVER NEAR PLAIN CITY, UT",41.2782765,-112.0918866,16020102,2018-09-28,2026-08-25,7.906913073237509,Utah,Stream,True,True
10155500,"PROVO RIVER NEAR CHARLESTON, UT",40.4841221,-111.4635198,16020203,2025-07-22,2026-08-25,1.0924024640657084,Utah,Stream,True,True
10168000,LITTLE COTTONWOOD CREEK @ JORDAN RIVER NR SLC,40.66430556,-111.898861,16020204,1998-10-01,2003-10-16,5.040383299110198,Utah,Stream,True,True
10172200,"RED BUTTE CREEK AT FORT DOUGLAS, NEAR SLC, UT",40.77994627,-111.806045,16020204,1998-10-22,2026-08-25,27.84120465434634,Utah,Stream,True,True
10172630,GOGGIN DRAIN NEAR MAGNA UTAH,40.81661107,-112.1007767,16020204,2018-09-18,2026-08-24,7.931553730321697,Utah,Stream,True,True
10224000,"SEVIER RIVER NEAR LYNNDYL, UT",39.48189754,-112.3938338,16030005,1980-10-01,1981-10-09,1.0212183436002737,Utah,Stream,True,True
10237000,"BEAVER RIVER AT ADAMSVILLE, UT",38.253611,-112.765556,160300070211,1980-10-01,1981-10-06,1.0130047912388775,Utah,Stream,True,True
370656113260601,"ST. GEORGE WASHINGTON CANAL AT INLET, UT",37.11553787,-113.4357849,15010008,1981-12-07,1982-02-14,0.188911704312115,Utah,Stream,True,True
385202111121601,"MUDDY CREEK BL MILLER CANYON NR EMERY, UTAH",38.86719775,-111.2051692,14070002,2015-05-13,2016-09-24,1.3689253935660506,Utah,Stream,True,True
01139830,"PIKE HILL BR AB RICHARDSON RD, NR BRADFORD, VT",44.0639538,-72.30148518,1080103,2004-11-19,2006-09-30,1.8617385352498288,Vermont,Stream,True,True
01139838,"PIKE HILL BROOK @ PIKE HILL ROAD, NR BRADFORD, VT",44.05339875,-72.25287248,1080103,2004-11-19,2006-09-30,1.8617385352498288,Vermont,Stream,True,True
04296000,"BLACK RIVER AT COVENTRY, VT",44.8689363,-72.2701041,4150500,2022-09-14,2023-09-30,1.0431211498973305,Vermont,Stream,True,True
01613900,"HOGUE CREEK NEAR HAYFIELD, VA",39.2145479,-78.2880592,2070004,2007-03-14,2008-10-20,1.6043805612594113,Virginia,Stream,True,True
01614830,"OPEQUON CREEK NEAR STEPHENS CITY, VA",39.1089948,-78.2050011,2070004,2006-10-01,2009-10-27,3.0718685831622174,Virginia,Stream,True,True
01615000,"OPEQUON CREEK NEAR BERRYVILLE, VA",39.1747222,-78.0783333,2070004,2007-03-14,2009-10-27,2.622861054072553,Virginia,Stream,True,True
01616100,"DRY MARSH RUN NEAR BERRYVILLE, VA",39.19259167,-78.0686306,2070004,2007-03-15,2014-01-11,6.828199863107461,Virginia,Stream,True,True
01621050,"MUDDY CREEK AT MOUNT CLINTON, VA",38.48679008,-78.96030749,2070005,2002-02-06,2004-09-29,2.64476386036961,Virginia,Stream,True,True
01622000,"NORTH RIVER NEAR BURKETOWN, VA",38.3404051,-78.9136385,2070005,2007-03-13,2009-04-15,2.0917180013689256,Virginia,Stream,True,True
01625000,"MIDDLE RIVER NEAR GROTTOES, VA",38.26179616,-78.8619703,2070005,2007-03-13,2009-04-07,2.0698151950718686,Virginia,Stream,True,True
01630700,"GOONEY RUN NEAR GLEN ECHO, VA",38.83511474,-78.2319454,2070005,2006-10-06,2009-10-27,3.058179329226557,Virginia,Stream,True,True
01631000,"S F SHENANDOAH RIVER AT FRONT ROYAL, VA",38.91400059,-78.21083388,2070005,2007-03-01,2008-10-08,1.6071184120465434,Virginia,Stream,True,True
01632000,"N F SHENANDOAH RIVER AT COOTES STORE, VA",38.63706254,-78.852803,2070006,2007-03-01,2009-03-25,2.0670773442847366,Virginia,Stream,True,True
01632082,"LINVILLE CREEK AT BROADWAY, VA",38.60678588,-78.803357,2070006,2007-03-13,2008-10-21,1.6098562628336757,Virginia,Stream,True,True
01633000,"N F SHENANDOAH RIVER AT MOUNT JACKSON, VA",38.74567048,-78.6389042,2070006,2007-03-02,2008-10-21,1.6399726214921286,Virginia,Stream,True,True
01634500,"CEDAR CREEK NEAR WINCHESTER, VA",39.0812176,-78.3294486,2070006,2007-03-24,2008-10-20,1.5770020533880904,Virginia,Stream,True,True
01635090,"CEDAR CREEK ABOVE HWY 11 NEAR MIDDLETOWN, VA",39.00677495,-78.3163924,2070006,2006-10-05,2009-10-27,3.060917180013689,Virginia,Stream,True,True
01635500,"PASSAGE CREEK NEAR BUCKTON, VA",38.95816564,-78.2666685,2070006,2007-03-14,2008-10-21,1.6071184120465434,Virginia,Stream,True,True
01636242,"CROOKED RUN BELOW HWY 340 AT RIVERTON, VA",38.9551101,-78.1972225,2070007,2007-03-15,2009-10-27,2.620123203285421,Virginia,Stream,True,True
0163626650,"MANASSAS RUN AT RT 645 NEAR FRONT ROYAL, VA",38.93416667,-78.1280556,2070007,2007-03-15,2009-10-12,2.5790554414784395,Virginia,Stream,True,True
01636316,"SPOUT RUN AT RT 621 NEAR MILLWOOD, VA",39.067025,-78.0037528,2070007,2006-09-28,2013-11-03,7.099247091033539,Virginia,Stream,True,True
01643700,"GOOSE CREEK NEAR MIDDLEBURG, VA",38.98649818,-77.7966614,2070008,2007-03-02,2009-04-14,2.1190965092402463,Virginia,Stream,True,True
01644280,"BROAD RUN NEAR LEESBURG, VA",39.04641667,-77.43238889,2070008,2007-02-27,2009-04-14,2.127310061601643,Virginia,Stream,True,True
01646000,"DIFFICULT RUN NEAR GREAT FALLS, VA",38.97594346,-77.24581439,2070008,2006-09-22,2021-03-21,14.494182067077345,Virginia,Stream,True,True
01646305,"DEAD RUN AT WHANN AVENUE NEAR MCLEAN, VA",38.95977716,-77.1756743,2070008,2007-11-30,2025-03-24,17.31416837782341,Virginia,Stream,True,True
0165389205,"ACCOTINK CREEK NEAR RANGER ROAD AT FAIRFAX, VA",38.86624167,-77.2863833,2070010,2011-11-19,2015-01-08,3.137577002053388,Virginia,Stream,True,True
01654500,"LONG BRANCH NEAR ANNANDALE, VA",38.81358508,-77.2364549,2070010,2013-02-08,2026-01-06,12.908966461327857,Virginia,Stream,True,True
01655794,"TURKEY RUN AT ROUTE 643 NEAR CATLETT, VA",38.67577778,-77.7475556,2070010,2017-07-28,2021-04-06,3.6906228610540723,Virginia,Stream,True,True
01656000,"CEDAR RUN NEAR CATLETT, VA",38.63678689,-77.6249897,2070010,2006-10-01,2008-10-19,2.0506502395619437,Virginia,Stream,True,True
01656903,"FLATLICK BRANCH ABOVE FROG BRANCH AT CHANTILLY, VA",38.8823899,-77.4319047,2070010,2007-09-30,2025-06-03,17.675564681724847,Virginia,Stream,True,True
01660400,"AQUIA CREEK NEAR GARRISONVILLE, VA",38.49040138,-77.4335942,2070011,2007-03-02,2009-05-05,2.1765913757700206,Virginia,Stream,True,True
01661977,"CARTER RUN AT ROUTE 681 NEAR JEFFERSONTON, VA",38.7244722,-77.9105278,2080103,2017-07-28,2021-04-07,3.693360711841205,Virginia,Stream,True,True
01665500,"RAPIDAN RIVER NEAR RUCKERSVILLE, VA",38.28068606,-78.340007,2080103,2007-03-09,2009-04-21,2.1190965092402463,Virginia,Stream,True,True
01666500,"ROBINSON RIVER NEAR LOCUST DALE, VA",38.32513047,-78.0955557,2080103,2006-09-30,2008-10-06,2.0177960301163584,Virginia,Stream,True,True
01667500,"RAPIDAN RIVER NEAR CULPEPER, VA",38.35040774,-77.9749972,2080103,2006-10-01,2008-10-06,2.0150581793292264,Virginia,Stream,True,True
0166818623,"MILL CREEK ABV PEUMANSEND CREEK NR PORT ROYAL, VA",38.1296111,-77.2321667,2080104,2014-04-29,2016-07-04,2.1820670773442847,Virginia,Stream,True,True
0166818985,"MILL CREEK BLW PEUMANSEND CREEK NR PORT ROYAL, VA",38.12894444,-77.2235,2080104,2014-04-30,2016-09-15,2.379192334017796,Virginia,Stream,True,True
01669000,"PISCATAWAY CREEK NEAR TAPPAHANNOCK, VA",37.8770819,-76.900521,2080104,2007-02-24,2008-10-16,1.6427104722792607,Virginia,Stream,True,True
01671020,"NORTH ANNA RIVER AT HART CORNER NEAR DOSWELL, VA",37.85014024,-77.42775949,2080106,2007-03-16,2008-10-07,1.5633127994524298,Virginia,Stream,True,True
01671100,"LITTLE RIVER NEAR DOSWELL, VA",37.8726401,-77.5130392,2080106,2007-02-21,2008-10-07,1.626283367556468,Virginia,Stream,True,True
01673638,"COHOKE MILL CREEK NEAR LESTER MANOR, VA",37.6268101,-76.962467,2080106,2007-03-02,2009-09-29,2.5790554414784395,Virginia,Stream,True,True
01674000,"MATTAPONI RIVER NEAR BOWLING GREEN, VA",38.061801,-77.3858142,2080105,2007-03-08,2008-10-16,1.6098562628336757,Virginia,Stream,True,True
02011400,"JACKSON RIVER NEAR BACOVA, VA",38.04234707,-79.8814439,2080201,1978-03-01,2022-02-28,43.997262149212865,Virginia,Stream,True,True
02011460,"BACK CREEK NEAR SUNRISE, VA",38.24540129,-79.76866328,2080201,1984-10-01,1995-10-02,11.000684462696784,Virginia,Stream,True,True
02011470,"BACK CREEK AT SUNRISE, VA",38.19040156,-79.81172,2080201,1984-10-01,2022-03-21,37.46748802190281,Virginia,Stream,True,True
02011490,"LITTLE BACK CREEK NEAR SUNRISE, VA",38.21456767,-79.8375546,2080201,1984-10-01,1995-10-02,11.000684462696784,Virginia,Stream,True,True
02011500,"BACK CREEK NEAR MOUNTAIN GROVE, VA",38.0695688,-79.8970003,2080201,1978-06-22,2022-02-28,43.68788501026694,Virginia,Stream,True,True
02011800,"JACKSON RIVER BL GATHRIGHT DAM NR HOT SPGS, VA",37.94845825,-79.94922369,2080201,1978-09-20,2003-09-30,25.026694045174537,Virginia,Stream,True,True
02012800,"JACKSON RIV AT FILTRATION PLANT AT COVINGTON, VA",37.8109585,-79.9883907,2080201,1978-06-23,2003-09-30,25.270362765229294,Virginia,Stream,True,True
02013000,"DUNLAP CREEK NEAR COVINGTON, VA",37.8029022,-80.0470043,2080201,2007-01-12,2008-09-29,1.7138945927446954,Virginia,Stream,True,True
02014000,"POTTS CREEK NEAR COVINGTON, VA",37.72901408,-80.0422802,2080201,2007-01-11,2009-03-24,2.198494182067077,Virginia,Stream,True,True
02015700,"BULLPASTURE RIVER AT WILLIAMSVILLE, VA",38.19540308,-79.57032338,2080201,2007-02-24,2008-10-05,1.6125941136208077,Virginia,Stream,True,True
02016000,"COWPASTURE RIVER NEAR CLIFTON FORGE, VA",37.79179587,-79.7594917,2080201,2007-02-23,2008-09-29,1.5989048596851472,Virginia,Stream,True,True
02016500,"JAMES RIVER AT LICK RUN, VA",37.77374009,-79.7844925,2080201,2007-03-16,2009-09-29,2.54072553045859,Virginia,Stream,True,True
02017500,"JOHNS CREEK AT NEW CASTLE, VA",37.5062397,-80.106715,2080201,2007-02-27,2008-10-15,1.6317590691307324,Virginia,Stream,True,True
02018000,"CRAIG CREEK AT PARR, VA",37.66596174,-79.9114388,2080201,2007-01-13,2009-03-22,2.187542778918549,Virginia,Stream,True,True
02019500,"JAMES RIVER AT BUCHANAN, VA",37.53068995,-79.6789281,2080201,1987-05-27,1988-01-31,0.6817248459958932,Virginia,Stream,True,True
02020500,"CALFPASTURE RIVER ABOVE MILL CREEK AT GOSHEN, VA",37.98790619,-79.49365288,2080202,2007-02-24,2008-10-05,1.6125941136208077,Virginia,Stream,True,True
02021500,"MAURY RIVER AT ROCKBRIDGE BATHS, VA",37.90735266,-79.42198289,2080202,2006-12-19,2009-04-06,2.297056810403833,Virginia,Stream,True,True
02024000,"MAURY RIVER NEAR BUENA VISTA, VA",37.76263275,-79.3914251,2080202,2006-12-21,2009-10-13,2.811772758384668,Virginia,Stream,True,True
02025500,"JAMES RIVER AT HOLCOMB ROCK, VA",37.5012508,-79.2625287,2080203,2007-02-24,2008-11-05,1.6974674880219027,Virginia,Stream,True,True
02026000,"JAMES RIVER AT BENT CREEK, VA",37.5362539,-78.8294611,2080203,2007-02-24,2008-11-13,1.7193702943189597,Virginia,Stream,True,True
02030000,"HARDWARE RIVER BL BRIERY RUN NR SCOTTSVILLE, VA",37.81264259,-78.4552862,2080203,2006-09-29,2008-09-30,2.004106776180698,Virginia,Stream,True,True
02032640,"N F RIVANNA RIVER NEAR EARLYSVILLE, VA",38.1634674,-78.4247323,2080204,2006-09-30,2008-10-08,2.023271731690623,Virginia,Stream,True,True
02038830,"FISHPOND CREEK NEAR HIXBURG, VA",37.36931388,-78.6455609,2080207,1980-10-01,1981-07-13,0.7802874743326489,Virginia,Stream,True,True
02038880,"VAUGHANS CREEK NEAR HIXBURG, VA",37.35237064,-78.5988915,2080207,1980-07-14,1981-06-05,0.892539356605065,Virginia,Stream,True,True
02039500,"APPOMATTOX RIVER AT FARMVILLE, VA",37.3070965,-78.388607,2080207,2007-02-23,2008-09-30,1.6016427104722792,Virginia,Stream,True,True
02040000,"APPOMATTOX RIVER AT MATTOAX, VA",37.42153845,-77.8588876,2080207,2007-02-23,2009-04-12,2.132785763175907,Virginia,Stream,True,True
02041000,"DEEP CREEK NEAR MANNBORO, VA",37.28320595,-77.869722,2080207,2007-03-14,2008-09-30,1.5496235455167693,Virginia,Stream,True,True
02042500,"CHICKAHOMINY RIVER NEAR PROVIDENCE FORGE, VA",37.43625765,-77.0608027,2080206,2010-10-14,2021-10-25,11.030800821355236,Virginia,Stream,True,True
02043016,"BACK BAY BELOW RAGGED ISLAND NEAR BACK BAY, VA",36.6175,-75.942,3010205,2006-03-04,2007-07-25,1.3908281998631074,Virginia,Stream,True,True
0204309906,"CONVEYANCE CHAN AT RAMSGATE LN NR GREAT BRIDGE, VA",36.69064444,-76.2123167,3010205,2015-07-11,2020-08-23,5.119780971937029,Virginia,Stream,True,True
02043120,"ALBEMARLE AND CHESAPEAKE CN NR PRINCESS ANNE, VA",36.71792779,-76.100211,3010205,1997-08-08,1999-07-12,1.9247091033538672,Virginia,Stream,True,True
02043190,"WEST NECK CR AT RT 149 AT PRINCESS ANNE, VA WN1",36.75570539,-76.0407649,3010205,1989-08-16,1992-03-19,2.5900068446269677,Virginia,Stream,True,True
02043200,"WEST NECK CREEK AT INDIAN RIVER RD AT PUNGO, VA",36.72126155,-76.03381988,3010205,1997-12-04,1999-07-12,1.6016427104722792,Virginia,Stream,True,True
02043210,"W. NECK CR AT W. NECK RD NR PLEASANT RDG, VA WN3",36.6959841,-76.0407643,3010205,1989-08-16,1992-03-18,2.5872689938398357,Virginia,Stream,True,True
02044500,"NOTTOWAY RIVER NEAR RAWLINGS, VA",36.9834822,-77.7997188,3010201,2006-10-01,2008-10-20,2.0533880903490758,Virginia,Stream,True,True
02045500,"NOTTOWAY RIVER NEAR STONY CREEK, VA",36.90014978,-77.3996996,3010201,2007-10-10,2008-10-21,1.0321697467488022,Virginia,Stream,True,True
02047500,"BLACKWATER RIVER NEAR DENDRON, VA",37.0251499,-76.8746824,3010202,2007-03-07,2008-10-16,1.6125941136208077,Virginia,Stream,True,True
02051500,"MEHERRIN RIVER NEAR LAWRENCEVILLE, VA",36.71681395,-77.8316582,3010204,2006-12-16,2009-10-25,2.858316221765914,Virginia,Stream,True,True
02053800,"S F ROANOKE RIVER NEAR SHAWSVILLE, VA",37.1401323,-80.2664328,3010101,2007-02-27,2008-10-14,1.6290212183436004,Virginia,Stream,True,True
02054750,"ROANOKE RIVER AT ROUTE 117 AT ROANOKE, VA",37.27155556,-80.00788889,3010101,2019-09-14,2026-08-24,6.9431895961670085,Virginia,Stream,True,True
02055379,"TINKER CREEK UPPER AT COLUMBIA ST AT ROANOKE, VA",37.314056,-79.932444,30101010403,2019-09-13,2024-10-07,5.06776180698152,Virginia,Stream,True,True
0205551614,"TINKER CREEK ABOVE GLADE CREEK AT ROANOKE, VA",37.27788889,-79.9093611,3010101,2020-02-05,2026-08-24,6.548939082819986,Virginia,Stream,True,True
02056000,"ROANOKE RIVER AT NIAGARA, VA",37.2551384,-79.87142539,3010101,2007-03-24,2009-06-08,2.209445585215606,Virginia,Stream,True,True
02059485,"GOOSE CREEK AT RT 747 NEAR BUNKER HILL, VA",37.26638889,-79.5877778,3010101,2006-12-13,2012-01-31,5.13347022587269,Virginia,Stream,True,True
02059500,"GOOSE CREEK NEAR HUDDLESTON, VA",37.1731995,-79.5203076,3010101,2006-10-01,2008-10-16,2.0424366872005475,Virginia,Stream,True,True
02061000,"BIG OTTER RIVER NEAR BEDFORD, VA",37.36403026,-79.41919689,3010101,2006-12-13,2012-01-30,5.130732375085558,Virginia,Stream,True,True
02061500,"BIG OTTER RIVER NEAR EVINGTON, VA",37.20847738,-79.3036357,3010101,2006-10-01,2008-10-16,2.0424366872005475,Virginia,Stream,True,True
02064000,"FALLING RIVER NEAR NARUNA, VA",37.12680956,-78.9597374,3010102,2007-03-09,2008-10-13,1.5989048596851472,Virginia,Stream,True,True
02065500,"CUB CREEK AT PHENIX, VA",37.0793112,-78.7636178,3010102,2007-03-09,2007-09-04,0.49007529089664614,Virginia,Stream,True,True
02070000,"NORTH MAYO RIVER NEAR SPENCER, VA",36.56819358,-79.98726539,3010103,2007-03-23,2008-10-14,1.5633127994524298,Virginia,Stream,True,True
02073000,"SMITH RIVER AT MARTINSVILLE, VA",36.6612486,-79.8805946,3010103,2007-03-06,2022-11-15,15.696098562628336,Virginia,Stream,True,True
02074500,"SANDY RIVER NEAR DANVILLE, VA",36.6195825,-79.5041932,3010103,2007-03-06,2008-10-13,1.6071184120465434,Virginia,Stream,True,True
02075045,"DAN RIVER AT STP NEAR DANVILLE, VA",36.56263889,-79.369744,3010104,2006-12-14,2009-02-11,2.16290212183436,Virginia,Stream,True,True
02077000,"BANISTER RIVER AT HALIFAX, VA",36.7765267,-78.9158438,3010105,2007-03-24,2008-11-16,1.6509240246406571,Virginia,Stream,True,True
02079500,"ROANOKE RIVER AT BUGGS ISLAND, VA",36.60319824,-78.2977743,3010106,2003-12-10,2021-10-24,17.872689938398356,Virginia,Stream,True,True
02079640,"ALLEN CREEK NEAR BOYDTON, VA",36.67958589,-78.326664,3010106,2007-03-01,2008-10-21,1.6427104722792607,Virginia,Stream,True,True
03165500,"NEW RIVER AT IVANHOE, VA",36.83484534,-80.9525807,5050001,2007-03-15,2008-09-29,1.5441478439425051,Virginia,Stream,True,True
03167000,"REED CREEK AT GRAHAMS FORGE, VA",36.93900995,-80.8872997,5050001,2006-12-21,2009-06-30,2.524298425735797,Virginia,Stream,True,True
03168000,"NEW RIVER AT ALLISONIA, VA",36.93762235,-80.7456257,5050001,2007-01-09,2008-09-29,1.7221081451060918,Virginia,Stream,True,True
03171000,"NEW RIVER AT RADFORD, VA",37.14179254,-80.56922499,5050001,2006-12-20,2009-03-18,2.242299794661191,Virginia,Stream,True,True
03173000,"WALKER CREEK AT BANE, VA",37.26817845,-80.7095125,5050002,2007-03-13,2008-09-29,1.5496235455167693,Virginia,Stream,True,True
03175500,"WOLF CREEK NEAR NARROWS, VA",37.30567654,-80.8497993,5050002,2007-03-13,2008-09-29,1.5496235455167693,Virginia,Stream,True,True
03207800,"LEVISA FORK AT BIG ROCK, VA",37.35371995,-82.1956935,5070202,1974-08-12,1981-09-29,7.132101300479124,Virginia,Stream,True,True
03208034,"GRISSOM CREEK NEAR COUNCIL, VA",37.07872129,-82.0401293,5070202,1981-12-10,1983-08-05,1.6509240246406571,Virginia,Stream,True,True
03208036,"BARTON FORK NEAR COUNCIL, VA",37.0770546,-82.0390181,5070202,1981-07-18,1983-10-05,2.21492128678987,Virginia,Stream,True,True
03208040,"RUSSELL FORK AT COUNCIL, VA",37.07816537,-82.0654084,5070202,1981-06-19,1983-01-04,1.5441478439425051,Virginia,Stream,True,True
03208100,"RUSSELL FORK NEAR BIRCHLEAF, VA",37.16399764,-82.2554193,5070202,1982-04-15,1983-01-05,0.7255304585900069,Virginia,Stream,True,True
03208500,"RUSSELL FORK AT HAYSI, VA",37.20705367,-82.2956993,5070202,2007-03-21,2008-09-29,1.5277207392197125,Virginia,Stream,True,True
03475000,"M F HOLSTON RIVER NEAR MEADOWVIEW, VA",36.7131694,-81.8187334,6010102,2007-05-04,2009-05-31,2.0752908966461328,Virginia,Stream,True,True
03488445,"BRUMLEY CREEK NEAR HANSONVILLE, VA",36.8559427,-82.0451291,6010101,1979-11-07,1981-12-31,2.1492128678986995,Virginia,Stream,True,True
03488450,"BRUMLEY CREEK AT BRUMLEY GAP, VA",36.79177655,-82.0192947,6010101,1979-09-12,1981-12-31,2.302532511978097,Virginia,Stream,True,True
03490000,"N F HOLSTON RIVER NEAR GATE CITY, VA",36.60871119,-82.567931,6010101,2012-04-24,2019-05-24,7.080082135523614,Virginia,Stream,True,True
03524000,"CLINCH RIVER AT CLEVELAND, VA",36.9448295,-82.1548569,6010205,2007-03-14,2020-12-14,13.754962354551678,Virginia,Stream,True,True
03524500,"GUEST RIVER AT COEBURN, VA",36.92926938,-82.4562619,6010205,2012-08-28,2020-12-14,8.295687885010267,Virginia,Stream,True,True
03524550,"GUEST RIVER NEAR MILLER YARD, VA",36.87871389,-82.4059814,6010205,1996-08-16,2012-06-23,15.852156057494867,Virginia,Stream,True,True
03526000,"COPPER CREEK NEAR GATE CITY, VA",36.67398838,-82.5657099,6010205,1996-02-28,1998-09-29,2.5845311430527036,Virginia,Stream,True,True
03526990,"COPPER CREEK ABOVE MOUTH AT SPEERS FERRY, VA",36.6553752,-82.7432159,6010205,2009-10-01,2012-03-11,2.4421629021218343,Virginia,Stream,True,True
03531500,"POWELL RIVER NEAR JONESVILLE, VA",36.66203367,-83.0948928,6010206,2007-03-22,2009-06-29,2.272416153319644,Virginia,Stream,True,True
12037400,"WYNOOCHEE RIVER ABOVE BLACK CREEK NR MONTESANO, WA",47.0114831,-123.6554417,17100104,1976-10-01,1986-09-29,9.99315537303217,Washington,Stream,True,True
12039500,"QUINAULT RIVER AT QUINAULT LAKE, WA",47.4575863,-123.8893446,17100102,2016-06-23,2018-08-29,2.1820670773442847,Washington,Stream,True,True
12039503,"QUINAULT R ABV BOULDER CR (10A) NR QUINAULT, WA",47.4324,-123.9103972,17100102,2016-06-24,2017-08-22,1.160848733744011,Washington,Stream,True,True
12039504,"QUINAULT R BLW PRAIRIE CR (9B) NR QUINAULT, WA",47.43086667,-123.9493806,17100102,2016-06-24,2017-08-22,1.160848733744011,Washington,Stream,True,True
12039507,"QUINAULT RIVER (8A) NEAR NEILTON, WA",47.42260278,-124.0039667,17100102,2016-06-24,2017-08-22,1.160848733744011,Washington,Stream,True,True
12039509,"QUINAULT R BLW TEN O'CLOCK CR (7A) NR NEILTON, WA",47.40143056,-124.0346694,17100102,2016-06-24,2016-08-09,0.12594113620807665,Washington,Stream,True,True
12039511,"QUINAULT RIVER BLW COOK CR (6B) NR NEILTON, WA",47.37111667,-124.0828778,17100102,2016-06-24,2017-08-23,1.163586584531143,Washington,Stream,True,True
12039514,"QUINAULT RIVER BLW JOE CREEK (5A) NR NEILTON, WA",47.37271667,-124.1077167,17100102,2016-06-24,2016-08-09,0.12594113620807665,Washington,Stream,True,True
12039516,"QUINAULT RIVER BLW NO NAME CR (4A) NR NEILTON, WA",47.3606472,-124.1752389,17100102,2016-06-24,2017-08-20,1.1553730321697468,Washington,Stream,True,True
1203951610,"QUINAULT RIVER NEAR TAHOLAH, WA",47.35777778,-124.1844444,17100102,2017-12-09,2026-08-24,8.706365503080082,Washington,Stream,True,True
12039517,"QUINAULT R BLW RAILROAD CR (3A) NR NEILTON, WA",47.34088889,-124.2105,17100102,2016-06-24,2016-08-09,0.12594113620807665,Washington,Stream,True,True
12039518,"QUINAULT RIVER (2B) NEAR TAHOLAH, WA",47.33215278,-124.2510778,17100102,2016-06-24,2017-08-22,1.160848733744011,Washington,Stream,True,True
12042800,"BOGACHIEL RIVER NEAR FORKS, WA",47.8944194,-124.3570889,17100101,2019-12-18,2026-08-25,6.685831622176591,Washington,Stream,True,True
12043000,"CALAWAH RIVER NEAR FORKS, WA",47.96007697,-124.3929872,17100101,2019-12-17,2026-08-25,6.6885694729637235,Washington,Stream,True,True
12056500,"NF SKOKOMISH R BL STAIRCASE RPDS NR HOODSPORT, WA",47.51425666,-123.3298868,17110017,1989-09-30,2026-08-24,36.89801505817933,Washington,Stream,True,True
12058800,"NF SKOKOMISH R BL LWR CUSHMAN DAM NR POTLATCH, WA",47.3906475,-123.209602,17110017,1993-08-11,2006-09-29,13.13347022587269,Washington,Stream,True,True
12098700,"WHITE RIVER AT HEADWORKS AB FLUME NR BUCKLEY, WA",47.169824,-122.0026114,17110014,2010-05-28,2024-09-29,14.340862422997947,Washington,Stream,True,True
12100490,"WHITE RIVER AT R STREET NEAR AUBURN, WA",47.27479497,-122.207876,17110014,2010-05-27,2026-08-24,16.243668720054757,Washington,Stream,True,True
12100500,"WHITE RIVER NEAR SUMNER, WA",47.2501008,-122.2437309,17110014,2002-08-03,2002-09-29,0.15605749486652978,Washington,Stream,True,True
12101100,"LAKE TAPPS DIVERSION AT DIERINGER, WA",47.2381564,-122.2281746,17110014,2010-05-29,2026-08-24,16.238193018480494,Washington,Stream,True,True
12101102,"WHITE RIVER AT 24TH ST E AT DIERINGER, WA",47.23555556,-122.236111,17110014,2016-06-08,2026-08-24,10.209445585215606,Washington,Stream,True,True
12102012,"YSI 6920V2-2 AT WSU 2 AT PUYALLUP, WA",47.19202778,-122.3229722,17110014,2012-06-29,2012-08-07,0.10677618069815195,Washington,Stream,True,True
12113375,"SPRINGBROOK CREEK AT TUKWILA, WA",47.4656553,-122.2326218,17110013,1996-02-14,1998-04-30,2.206707734428474,Washington,Stream,True,True
12113390,"DUWAMISH RIVER AT GOLF COURSE AT TUKWILA, WA",47.4789861,-122.2587333,17110013,1996-03-09,2026-08-24,30.458590006844627,Washington,Stream,True,True
12114500,"CEDAR RIVER BELOW BEAR CREEK NEAR CEDAR FALLS, WA",47.34202406,-121.5489688,17110012,2018-09-25,2026-08-24,7.912388774811773,Washington,Stream,True,True
12115000,"CEDAR RIVER NEAR CEDAR FALLS, WA",47.3701073,-121.6251009,17110012,1997-09-30,2026-08-24,28.89801505817933,Washington,Stream,True,True
12115500,"REX RIVER NEAR CEDAR FALLS, WA",47.35063398,-121.6631392,17110012,2018-09-14,2026-08-24,7.942505133470226,Washington,Stream,True,True
12116100,"CANYON CREEK NEAR CEDAR FALLS, WA",47.4195473,-121.7664977,17110012,2018-09-28,2026-08-24,7.904175222450377,Washington,Stream,True,True
12116400,"CEDAR RIVER AT POWERPLANT AT CEDAR FALLS, WA",47.41871388,-121.781498,17110012,2018-10-13,2026-08-24,7.863107460643395,Washington,Stream,True,True
12116500,"CEDAR RIVER AT CEDAR FALLS, WA",47.4170215,-121.7920335,17110012,1999-03-19,2026-08-24,27.433264887063654,Washington,Stream,True,True
12117000,"TAYLOR CREEK NEAR SELLECK, WA",47.38646539,-121.846201,17110012,2018-09-30,2026-08-24,7.898699520876113,Washington,Stream,True,True
12117500,"CEDAR RIVER NEAR LANDSBURG, WA",47.39368648,-121.9545378,17110012,2018-09-05,2026-08-24,7.967145790554415,Washington,Stream,True,True
12117600,"CEDAR RIVER BELOW DIVERSION NEAR LANDSBURG, WA",47.3795458,-121.983448,17110012,2001-05-05,2026-08-24,25.30321697467488,Washington,Stream,True,True
12119000,"CEDAR RIVER AT RENTON, WA",47.4825999,-122.2034547,17110012,1992-02-23,2026-08-24,34.49965776865161,Washington,Stream,True,True
12134500,"SKYKOMISH RIVER NEAR GOLD BAR, WA",47.83732546,-121.6667809,17110009,2022-07-13,2026-08-24,4.114989733059549,Washington,Stream,True,True
12137290,"SOUTH FORK SULTAN RIVER NEAR SULTAN, WA",47.94732637,-121.6267826,17110009,2009-09-30,2026-08-24,16.89801505817933,Washington,Stream,True,True
12137800,"SULTAN RIVER BELOW DIVERSION DAM NEAR SULTAN, WA",47.95926837,-121.7973447,17110009,1993-09-30,2026-08-24,32.89801505817933,Washington,Stream,True,True
12138160,"SULTAN RIVER BELOW POWERPLANT NEAR SULTAN, WA",47.90732356,-121.8153994,17110009,1995-08-10,2026-08-24,31.039014373716633,Washington,Stream,True,True
12147470,"NF TOLT RIVER ABOVE YELLOW CREEK NR CARNATION, WA",47.7197222,-121.7431972,17110010,2015-10-01,2026-08-24,10.896646132785763,Washington,Stream,True,True
12147500,"NORTH FORK TOLT RIVER NEAR CARNATION, WA",47.71232365,-121.7887272,17110010,1995-02-23,2026-08-24,31.498973305954827,Washington,Stream,True,True
12147600,"SOUTH FORK TOLT RIVER NEAR INDEX, WA",47.7067714,-121.6001069,17110010,1994-10-28,2026-08-24,31.822039698836413,Washington,Stream,True,True
12148000,"SOUTH FORK TOLT RIVER NEAR CARNATION, WA",47.68926929,-121.7134457,17110010,1994-10-01,2026-08-24,31.89596167008898,Washington,Stream,True,True
12148300,"SF TOLT RIVER BL REGULATING BASIN NR CARNATION, WA",47.69676817,-121.7873379,17110010,1994-09-30,2026-08-24,31.89869952087611,Washington,Stream,True,True
12148500,"TOLT RIVER NEAR CARNATION, WA",47.69565678,-121.8240056,17110010,2016-10-01,2026-08-24,9.894592744695414,Washington,Stream,True,True
12165800,"FRENCH CREEK NEAR DARRINGTON, WA",48.2721194,-121.759436,17110008,2013-03-20,2013-05-21,0.1697467488021903,Washington,Stream,True,True
12166000,"BOULDER RIVER NEAR OSO, WA",48.27760727,-121.780411,17110008,2012-03-14,2012-05-03,0.13689253935660506,Washington,Stream,True,True
12168997,"PORTAGE CREEK AT 61ST AVE NE NEAR ARLINGTION, WA",48.18176669,-122.1495865,17110008,2012-03-13,2013-05-20,1.1854893908281998,Washington,Stream,True,True
12169500,"FISH CREEK NEAR ARLINGTON, WA",48.1753767,-122.2243118,17110008,2012-03-20,2013-05-20,1.1663244353182751,Washington,Stream,True,True
12170000,"CHURCH CREEK NEAR STANWOOD, WA",48.2331551,-122.3262635,17110008,2012-03-14,2013-05-19,1.1800136892539357,Washington,Stream,True,True
12170300,"STILLAGUAMISH RIVER NEAR STANWOOD, WA",48.2112101,-122.337374,17110008,2016-04-01,2016-09-29,0.49555099247091033,Washington,Stream,True,True
12172000,"BIG BEAVER CREEK NEAR NEWHALEM, WA",48.7775862,-121.073432,17110005,2018-06-27,2026-08-24,8.158795345653662,Washington,Stream,True,True
12173500,"RUBY CREEK BELOW PANTHER CREEK NEAR NEWHALEM, WA",48.7081426,-120.9773162,17110005,2018-05-01,2026-08-24,8.314852840520192,Washington,Stream,True,True
12178000,"SKAGIT RIVER AT NEWHALEM, WA",48.67179229,-121.2462348,17110005,2001-09-30,2026-08-24,24.89801505817933,Washington,Stream,True,True
12178100,"NEWHALEM CREEK NEAR NEWHALEM, WA",48.66012536,-121.2476233,17110005,2017-10-01,2025-08-24,7.8959616700889805,Washington,Stream,True,True
12179900,"BACON CREEK BELOW OAKES CREEK NEAR MARBLEMOUNT, WA",48.6045268,-121.3995491,17110005,2016-10-01,2026-08-24,9.894592744695414,Washington,Stream,True,True
12181000,"SKAGIT RIVER AT MARBLEMOUNT, WA",48.5337306,-121.4298499,17110005,1986-03-19,2026-08-24,40.43258042436687,Washington,Stream,True,True
12182500,"CASCADE RIVER AT MARBLEMOUNT, WA",48.5262307,-121.4154046,17110005,2016-10-01,2026-08-24,9.894592744695414,Washington,Stream,True,True
12186000,"SAUK RIVER AB WHITE CHUCK RIVER NR  DARRINGTON, WA",48.16869195,-121.470652,17110006,2016-10-01,2026-08-24,9.894592744695414,Washington,Stream,True,True
12187500,"SAUK RIVER AT DARRINGTON, WA",48.2498311,-121.5845688,17110006,2016-10-01,2026-08-24,9.894592744695414,Washington,Stream,True,True
12189500,"SAUK RIVER NEAR SAUK, WA",48.42455859,-121.5684634,17110006,2016-10-01,2026-08-24,9.894592744695414,Washington,Stream,True,True
12200500,"SKAGIT RIVER NEAR MOUNT VERNON, WA",48.4448278,-122.3354369,17110007,1974-02-01,2026-08-24,52.558521560574945,Washington,Stream,True,True
12205000,"NF NOOKSACK RIVER BL CASCADE CREEK NR GLACIER, WA",48.90595739,-121.8443104,17110004,2007-11-28,2026-08-24,18.7378507871321,Washington,Stream,True,True
12206900,"RACEHORSE CREEK AT NORTH FORK ROAD NR KENDALL, WA",48.8847974,-122.1331899,17110004,2008-04-23,2011-10-05,3.4496919917864477,Washington,Stream,True,True
12207850,"CLEARWATER CREEK NEAR WELCOME, WA",48.788451,-122.0229292,17110004,2008-07-30,2011-09-29,3.164955509924709,Washington,Stream,True,True
12208000,"MF NOOKSACK RIVER NEAR DEMING, WA",48.7792828,-122.1065434,17110004,2006-07-01,2013-09-30,7.2498288843258045,Washington,Stream,True,True
12209000,"SF NOOKSACK RIVER NEAR WICKERSHAM, WA",48.6642413,-122.1334622,17110004,2001-09-30,2008-09-29,6.997946611909651,Washington,Stream,True,True
12209490,"SKOOKUM CREEK ABOVE DIVERSION NEAR WICKERSHAM, WA",48.6728524,-122.139296,17110004,2008-04-17,2026-08-24,18.351813826146476,Washington,Stream,True,True
12210000,"SF NOOKSACK RIVER AT SAXON BRIDGE, WA",48.6775743,-122.1665191,17110004,2008-09-30,2026-08-24,17.897330595482547,Washington,Stream,True,True
12210700,"NOOKSACK RIVER AT NORTH CEDARVILLE, WA",48.84174,-122.2943049,17110004,1996-03-08,2026-08-24,30.46132785763176,Washington,Stream,True,True
12210900,"ANDERSON CREEK AT SMITH ROAD NEAR GOSHEN, WA",48.8325728,-122.3390283,17110004,2008-05-01,2026-08-24,18.313483915126625,Washington,Stream,True,True
12212050,"FISHTRAP CREEK AT FRONT STREET AT LYNDEN, WA",48.9386827,-122.4790353,17110004,2008-05-07,2026-08-24,18.297056810403834,Washington,Stream,True,True
12212430,"UNNAMED TRIB TO BERTRAND CR NR H ST NR LYNDEN, WA",48.99812708,-122.5012597,17110004,2007-01-06,2026-08-05,19.578370978781656,Washington,Stream,True,True
12213100,"NOOKSACK RIVER AT FERNDALE, WA",48.84479237,-122.5893141,17110004,2007-12-01,2026-08-24,18.729637234770706,Washington,Stream,True,True
12398600,PEND OREILLE RIVER AT INTERNATIONAL BOUNDARY,48.99881409,-117.3535794,17010216,1974-04-04,2026-08-24,52.388774811772755,Washington,Stream,True,True
12433561,"BLUE CREEK NEAR MOUTH NEAR WELLPINIT, WA",47.8968272,-118.1358112,17010307,1984-06-17,1998-09-29,14.283367556468173,Washington,Stream,True,True
12434590,"SANPOIL RIVER ABOVE JACK CREEK AT KELLER, WA",48.08432459,-118.6914018,17020004,2025-07-19,2026-08-24,1.0978781656399725,Washington,Stream,True,True
12438000,"COLUMBIA RIVER AT BRIDGEPORT, WA",48.0065333,-119.6653303,17020005,2013-07-24,2026-08-24,13.084188911704311,Washington,Stream,True,True
12438900,"NINEMILE CREEK NEAR OROVILLE, WA",48.9698886,-119.4056188,17020006,2007-02-07,2014-10-08,7.665982203969883,Washington,Stream,True,True
12439500,"OKANOGAN RIVER AT OROVILLE, WA",48.9307184,-119.4203419,17020006,1986-04-29,2007-07-18,21.218343600273784,Washington,Stream,True,True
12442500,"SIMILKAMEEN RIVER NEAR NIGHTHAWK, WA",48.98460109,-119.6184098,17020007,1986-04-30,2026-08-24,40.31759069130732,Washington,Stream,True,True
12445000,"OKANOGAN RIVER NEAR TONASKET, WA",48.632375,-119.4617229,17020006,1986-04-30,2018-03-31,31.917864476386036,Washington,Stream,True,True
12447200,"OKANOGAN RIVER AT MALOTT, WA",48.2812606,-119.7045047,17020006,2005-03-30,2026-08-24,21.401779603011637,Washington,Stream,True,True
12447302,"OKANOGAN RIVER NR WAKEFIELD BR SOUTH OF MALOTT, WA",48.2077222,-119.7122778,17020006,2013-07-24,2026-08-24,13.084188911704311,Washington,Stream,True,True
12447390,"ANDREWS CREEK NEAR MAZAMA, WA",48.8228737,-120.1459038,17020008,2011-09-01,2026-08-24,14.978781656399725,Washington,Stream,True,True
12448000,"CHEWUCH RIVER AT WINTHROP, WA",48.4770898,-120.1864734,17020008,2002-04-17,2021-08-26,19.359342915811087,Washington,Stream,True,True
12448500,"METHOW RIVER AT WINTHROP, WA",48.4734787,-120.1773063,17020008,2002-04-18,2002-09-29,0.4490075290896646,Washington,Stream,True,True
12448990,"TWISP RIVER ABOVE NEWBY CREEK NEAR TWISP, WA",48.38069986,-120.2617534,17020008,2001-09-30,2002-09-29,0.9965776865160849,Washington,Stream,True,True
12448998,"TWISP RIVER NEAR TWISP, WA",48.3698671,-120.148693,17020008,2001-09-30,2002-09-29,0.9965776865160849,Washington,Stream,True,True
12449500,"METHOW RIVER AT TWISP, WA",48.36514507,-120.1161917,17020008,2002-04-18,2002-09-29,0.4490075290896646,Washington,Stream,True,True
12449760,"METHOW RIVER AT CARLTON, WA",48.2362554,-120.1131347,17020008,2002-04-12,2002-09-29,0.4654346338124572,Washington,Stream,True,True
12450480,"METHOW RIVER NEAR MOUTH NEAR PATEROS, WA",48.05130556,-119.9265556,17020008,2013-10-23,2026-08-24,12.83504449007529,Washington,Stream,True,True
12450650,"WELLS POWERPLANT HEADWATER NEAR PATEROS, WA",47.9476409,-119.8636742,17020005,2014-04-01,2026-08-24,12.396988364134154,Washington,Stream,True,True
12462500,"WENATCHEE RIVER AT MONITOR, WA",47.4992578,-120.4244935,17020011,2016-08-13,2026-08-24,10.028747433264886,Washington,Stream,True,True
12473503,"SCBID WB 5 WASTEWAY NEAR MOUTH NEAR RINGOLD,WA",46.5365222,-119.2800694,17020016,2019-04-20,2021-05-03,2.0369609856262834,Washington,Stream,True,True
12473980,"GOLD CREEK ABOVE KEECHELUS LAKE NEAR HYAK, WA",47.3917792,-121.381483,17030001,1987-12-08,2006-08-07,18.663928815879533,Washington,Stream,True,True
12473985,"BOX CANYON CREEK NEAR HYAK, WA",47.35900289,-121.2456489,17030001,2005-08-19,2006-09-13,1.0677618069815196,Washington,Stream,True,True
12488500,"AMERICAN RIVER NEAR NILE, WA",46.97761606,-121.168696,17030002,2005-11-17,2006-12-04,1.0458590006844628,Washington,Stream,True,True
12493005,"TIETON RIVER BELOW OAK CREEK NEAR NACHES, WA",46.7275,-120.809861,17030002,2005-08-20,2006-12-04,1.2895277207392197,Washington,Stream,True,True
12498690,"NACHES RIVER ABOVE DIVERSION DAM NEAR YAKIMA, WA",46.63207037,-120.5886789,17030002,2005-08-05,2006-12-04,1.3305954825462012,Washington,Stream,True,True
12498986,COWICHE CREEK NEAR YAKIMA,46.62707045,-120.5811787,17030002,2005-08-05,2006-12-04,1.3305954825462012,Washington,Stream,True,True
12500447,"WIDE HOLLOW CREEK ABOVE MOUTH AT UNION GAP, WA",46.53873815,-120.4739524,17030003,2005-05-28,2006-12-06,1.5249828884325805,Washington,Stream,True,True
12500450,"YAKIMA RIVER ABOVE AHTANUM CREEK AT UNION GAP, WA",46.53425817,-120.4672519,17030003,1981-03-21,2023-10-30,42.60917180013689,Washington,Stream,True,True
12505050,"YAKIMA RIVER NEAR WAPATO, WA",46.485683,-120.4314502,17030003,2005-08-20,2006-11-23,1.2594113620807665,Washington,Stream,True,True
12505330,"YAKIMA RIVER AB E TOPPENISH DRAIN NR GRANGER, WA",46.3731848,-120.2250525,17030003,2004-05-19,2007-09-02,3.2881587953456535,Washington,Stream,True,True
12505350,"E TOPPENISH DRAIN AT WILSON RD NEAR TOPPENISH, WA",46.36762907,-120.2511647,17030003,2005-05-28,2006-12-05,1.5222450376454484,Washington,Stream,True,True
12505410,"SUB 35 DRAIN AT CONNIE ROAD NEAR GRANGER, WA",46.3362404,-120.2311634,17030003,2005-08-19,2006-12-05,1.2950034223134839,Washington,Stream,True,True
12505450,"GRANGER DRAIN AT GRANGER, WA",46.34346299,-120.186995,17030003,1999-08-03,2004-10-07,5.1800136892539355,Washington,Stream,True,True
1250547010,"LATERAL 1 DRAIN NEAR WAPATO, WA",46.4625,-120.408611,17030003,2005-08-05,2006-10-20,1.2073921971252566,Washington,Stream,True,True
12505510,"MARION DRAIN AT INDIAN CHURCH RD AT GRANGER, WA",46.3309629,-120.1994953,17030003,2005-05-27,2006-12-05,1.5249828884325805,Washington,Stream,True,True
12507508,"TOPPENISH CREEK AT INDIAN CHURCH RD NR GRANGER, WA",46.31429626,-120.1992173,17030003,1981-03-18,2006-12-05,25.71663244353183,Washington,Stream,True,True
12507560,"COULEE DRAIN AT NORTH SATUS ROAD NEAR SATUS, WA",46.2967967,-120.1461593,17030003,2005-08-19,2006-12-05,1.2950034223134839,Washington,Stream,True,True
12507573,"YAKIMA RIVER AT RM 73.8 NEAR EMERALD, WA",46.2852222,-120.0919944,17030003,2022-02-24,2023-10-31,1.68104038329911,Washington,Stream,True,True
1250862050,"SATUS CREEK BELOW NORTH DRAIN NEAR SATUS, WA",46.2754079,-120.1389365,17030003,2005-06-14,2006-12-05,1.4757015742642026,Washington,Stream,True,True
12508630,"SOUTH DRAIN NEAR SATUS, WA",46.2595746,-120.1336583,17030003,2005-06-14,2006-12-05,1.4757015742642026,Washington,Stream,True,True
12508670,"DID 7 DRAIN NEAR MABTON, WA",46.25888889,-120.0655556,17030003,2005-08-19,2006-12-05,1.2950034223134839,Washington,Stream,True,True
12508694,"SATUS DRAIN 303 NEAR MABTON, WA",46.21666667,-120.0206944,17030003,2005-08-19,2006-10-20,1.1690622861054072,Washington,Stream,True,True
12509060,"YAKIMA RIVER AT MABTON SIPHON NEAR GRANDVIEW, WA",46.2080833,-119.8835556,17030003,2004-08-19,2005-11-03,1.2073921971252566,Washington,Stream,True,True
12509489,"YAKIMA RIVER AT PROSSER, WA",46.2124361,-119.7656833,17030003,2018-06-27,2024-09-30,6.261464750171116,Washington,Stream,True,True
12510500,"YAKIMA RIVER AT KIONA, WA",46.25346748,-119.4780794,17030003,2004-04-21,2008-09-30,4.4435318275154,Washington,Stream,True,True
12514400,"COLUMBIA RIVER BELOW HWY 395 BRIDGE AT PASCO, WA",46.2240236,-119.1163997,17020016,2008-09-30,2022-09-07,13.935660506502396,Washington,Stream,True,True
13334300,"SNAKE RIVER NEAR ANATONE, WA",46.09706985,-116.9776916,17060103,1994-10-01,2023-03-20,28.465434633812457,Washington,Stream,True,True
13343595,"SNAKE RIVER (RIGHT BANK) BL LOWER GRANITE DAM, WA",46.66606178,-117.4423834,17060107,2009-09-30,2023-07-09,13.77138945927447,Washington,Stream,True,True
13343860,"SNAKE RIVER BELOW LITTLE GOOSE DAM, WA",46.5830522,-118.0430329,17060107,2009-09-30,2022-10-02,13.00479123887748,Washington,Stream,True,True
13352600,"SNAKE RIVER BELOW LOWER MONUMENTAL DAM, WA",46.5537292,-118.5488527,17060110,2009-09-30,2023-07-16,13.790554414784394,Washington,Stream,True,True
13353010,"SNAKE RIVER BL GOOSE ISLAND BL ICE HARBOR DAM, WA",46.2421853,-118.9401224,17060110,2009-09-30,2022-10-02,13.00479123887748,Washington,Stream,True,True
14018500,"WALLA WALLA RIVER NEAR TOUCHET, WA",46.02760945,-118.7296888,17070102,2002-08-15,2005-09-29,3.1238877481177276,Washington,Stream,True,True
14019220,"COLUMBIA RIVER AT MCNARY DAM LOCK NR UMATILLA, OR",45.9412437,-119.2930719,17070101,2008-09-30,2022-09-05,13.930184804928132,Washington,Stream,True,True
14019240,"COLUMBIA RIVER BELOW MCNARY DAM NEAR UMATILLA, OR",45.93345486,-119.3263758,17070101,2009-09-30,2022-10-02,13.00479123887748,Washington,Stream,True,True
14128500,"WIND RIVER NEAR CARSON, WA",45.72674698,-121.7947746,17070105,2024-04-20,2026-08-24,2.3436002737850785,Washington,Stream,True,True
14144700,"COLUMBIA RIVER AT VANCOUVER, WA",45.62067265,-122.6734306,17080003,1972-09-27,1979-10-11,7.036276522929501,Washington,Stream,True,True
453439122223900,"COLUMBIA RIVER, RIGHT BANK, AT WASHOUGAL, WA",45.57734108,-122.3787027,17080001,1996-03-09,2020-09-23,24.542094455852155,Washington,Stream,True,True
453604122060000,"FRANZ LAKE SLOUGH ENTRANCE, COLUMBIA RIVER, WA",45.6011833,-122.1000028,17080001,2011-03-30,2014-08-07,3.356605065023956,Washington,Stream,True,True
453712121071200,"COLUMBIA RIVER AT THE DALLES DAM FOREBAY, WA",45.61984338,-121.1211812,17070105,1996-04-12,2026-08-24,30.365503080082135,Washington,Stream,True,True
453845121562000,"COLUMBIA RIVER AT BONNEVILLE DAM FOREBAY, WA",45.6456726,-121.9400813,17070105,1996-03-05,2026-08-24,30.469541409993155,Washington,Stream,True,True
453845121564001,"COLUMBIA RIVER AT CASCADE ISLAND, WA",45.6456726,-121.945637,17080001,2004-04-07,2026-08-24,22.379192334017795,Washington,Stream,True,True
454249120423500,"COLUMBIA RIVER, RIGHT BANK, NEAR CLIFFS, WA",45.7134579,-120.710893,17070105,1996-03-30,2026-08-24,30.401095140314855,Washington,Stream,True,True
454314120413701,"COLUMBIA RIVER AT JOHN DAY DAM NAVIGATION LOCK, WA",45.7204025,-120.6947814,17070101,2004-03-26,2026-08-24,22.412046543463383,Washington,Stream,True,True
454705122451400,"CAMPBELL SLOUGH, RIDGEFIELD NWR, ROTH UNIT, WA",45.7847222,-122.7540278,17080003,2008-06-28,2014-08-05,6.102669404517454,Washington,Stream,True,True
460939123201600,"BIRNIE SLOUGH, WHITE'S ISLAND, COLUMBIA RIVER, WA",46.1608333,-123.3378333,17080003,2009-05-28,2014-08-04,5.1854893908282,Washington,Stream,True,True
462023120075200,"DR 2 AT YAKIMA VALLEY HIGHWAY NEAR GRANGER, WA",46.33947179,-120.1321426,17030003,2004-06-16,2004-09-22,0.2683093771389459,Washington,Stream,True,True
01595200,"STONY RIVER NEAR MOUNT STORM, WV",39.26954905,-79.2622625,2070002,1994-10-13,2010-09-29,15.961670088980151,West Virginia,Stream,True,True
01595800,"NORTH BRANCH POTOMAC RIVER AT BARNUM, WV",39.44511111,-79.11080556,20700020207,2012-10-01,2026-08-24,13.894592744695414,West Virginia,Stream,True,True
01600000,"NORTH BRANCH POTOMAC RIVER AT PINTO, MD",39.56680556,-78.8395556,2070002,1980-08-14,1985-10-11,5.158110882956879,West Virginia,Stream,True,True
01608070,"SOUTH BRANCH POTOMAC RIVER NEAR MOOREFIELD, WV",39.10391667,-78.9593056,2070001,2005-05-20,2005-11-30,0.5311430527036276,West Virginia,Stream,True,True
01608500,"SOUTH BRANCH POTOMAC RIVER NEAR SPRINGFIELD, WV",39.44703879,-78.6541817,2070001,2005-10-27,2021-01-11,15.208761122518823,West Virginia,Stream,True,True
01610400,"WAITES RUN NEAR WARDENSVILLE, WV",39.0427222,-78.5983333,2070003,2002-01-19,2020-10-22,18.757015742642025,West Virginia,Stream,True,True
01611500,"CACAPON RIVER NEAR GREAT CACAPON, WV",39.5823158,-78.3097312,2070003,2007-04-27,2020-11-02,13.519507186858316,West Virginia,Stream,True,True
01636500,"SHENANDOAH RIVER AT MILLVILLE, WV",39.28204576,-77.7891606,2070007,1980-09-11,2020-12-21,40.276522929500345,West Virginia,Stream,True,True
03054500,"TYGART VALLEY RIVER AT PHILIPPI, WV",39.15037545,-80.038691,5020001,2011-10-01,2020-10-28,9.075975359342916,West Virginia,Stream,True,True
03056000,"TYGART VALLEY R AT TYGART DAM NR GRAFTON, WV",39.31981459,-80.0250779,5020001,2010-09-30,2020-11-08,10.108145106091717,West Virginia,Stream,True,True
03057000,"TYGART VALLEY RIVER AT COLFAX, WV",39.4350866,-80.1325789,5020001,2008-09-30,2020-10-27,12.073921971252567,West Virginia,Stream,True,True
03057300,"WEST FORK RIVER AT WALKERSVILLE, WV",38.86870938,-80.4578658,5020002,2017-10-01,2020-08-26,2.9021218343600275,West Virginia,Stream,True,True
03058000,"WEST FORK R BL STONEWALL JACKSON DAM NR WESTON, WV",39.00452778,-80.4733611,5020002,1999-05-28,2020-10-19,21.39630390143737,West Virginia,Stream,True,True
03061000,"WEST FORK RIVER AT ENTERPRISE, WV",39.42230818,-80.2759187,5020002,1998-09-30,2020-11-29,22.16563997262149,West Virginia,Stream,True,True
03062245,"MONONGAHELA R AT HILDEBRAND LOCK & DAM (UPPER), WV",39.58174955,-80.0095122,5020003,2009-05-28,2012-12-05,3.5236139630390144,West Virginia,Stream,True,True
03062445,"MONONGAHELA R AT MORGANTOWN LOCK & DAM (UPPER), WV",39.6198041,-79.9695089,5020003,2015-09-30,2020-09-22,4.980150581793292,West Virginia,Stream,True,True
03065050,"BLACKWATER RIVER AT CANAAN VALLEY STATE PARK, WV",39.0395534,-79.4553287,5020004,1992-06-05,2001-09-30,9.319644079397673,West Virginia,Stream,True,True
03065200,"BLACKWATER R @ CORTLAND, WV",39.06427539,-79.4133822,5020004,1992-06-05,2001-09-30,9.319644079397673,West Virginia,Stream,True,True
03065400,"BLACKWATER RIVER NEAR DAVIS, WV",39.14010775,-79.4197715,5020004,1994-09-30,2001-09-29,6.997946611909651,West Virginia,Stream,True,True
03066000,"BLACKWATER RIVER AT DAVIS, WV",39.1270524,-79.4683852,5020004,2013-04-03,2020-10-13,7.529089664613279,West Virginia,Stream,True,True
03069500,"CHEAT RIVER NEAR PARSONS, WV",39.12155556,-79.6755278,5020004,2011-09-30,2020-11-17,9.13347022587269,West Virginia,Stream,True,True
03178000,"BLUESTONE R NR SPANISHBURG, WV",37.4334722,-81.11,5050002,1997-03-14,1998-09-29,1.5441478439425051,West Virginia,Stream,True,True
03183000,"SECOND CREEK NEAR SECOND CREEK, WV",37.6845833,-80.4561111,5050003,1997-03-28,1998-09-08,1.4483230663928817,West Virginia,Stream,True,True
03183500,"GREENBRIER RIVER AT ALDERSON, WV",37.7242874,-80.641468,5050003,2007-04-06,2021-02-22,13.883641341546886,West Virginia,Stream,True,True
03184500,"NEW RIVER AT HINTON, WV",37.6703969,-80.8925874,5050004,2015-05-07,2020-10-04,5.412731006160164,West Virginia,Stream,True,True
03185400,"NEW RIVER AT THURMOND, WV",37.95511285,-81.07648838,5050004,1990-07-21,2021-01-07,30.466803559206024,West Virginia,Stream,True,True
03186500,"WILLIAMS RIVER AT DYER, WV",38.37899915,-80.4839737,5050005,1997-03-22,1998-09-03,1.4510609171800137,West Virginia,Stream,True,True
03187500,"CRANBERRY RIVER NEAR RICHWOOD, WV",38.2953903,-80.5264749,5050005,1981-10-29,1997-11-12,16.03832991101985,West Virginia,Stream,True,True
03189100,"GAULEY RIVER NEAR CRAIGSVILLE, WV",38.29094494,-80.6409242,5050005,1980-11-05,2020-09-20,39.87405886379192,West Virginia,Stream,True,True
03191500,"PETERS CREEK NEAR LOCKWOOD, WV",38.2646111,-81.0231111,5050005,1997-01-09,1998-09-10,1.6673511293634498,West Virginia,Stream,True,True
03198350,"CLEAR FORK AT WHITESVILLE, WV",37.9662186,-81.524278,5050009,1996-12-04,1998-09-29,1.8179329226557153,West Virginia,Stream,True,True
03200500,"COAL RIVER AT TORNADO, WV",38.33898309,-81.841518,5050009,1973-11-13,2020-12-08,47.069130732375086,West Virginia,Stream,True,True
03201300,"KANAWHA RIVER AT WINFIELD, WV",38.52564467,-81.9109681,5050008,1974-01-01,1980-09-29,6.743326488706366,West Virginia,Stream,True,True
03214500,"TUG FORK AT KERMIT, WV",37.83731869,-82.4087578,5070201,2011-06-09,2013-09-23,2.291581108829569,West Virginia,Stream,True,True
04026005,"BOIS BRULE RIVER NEAR LAKE SUPERIOR, WI",46.7055374,-91.6021071,4010301,2021-06-17,2023-09-18,2.2532511978097194,Wisconsin,Stream,True,True
04026157,"SISKIWIT RIVER AT CTY HWY C NEAR CORNUCOPIA, WI",46.8048333,-91.0930778,4010301,2021-06-30,2021-10-27,0.3258042436687201,Wisconsin,Stream,True,True
04026160,"SISKIWIT RIVER AT CORNUCOPIA, WI",46.854722,-91.091389,40103010903,2021-06-16,2023-09-18,2.2559890485968515,Wisconsin,Stream,True,True
04026561,"TYLER FORKS RIVER AT STRICKER ROAD NEAR MELLEN, WI",46.3947222,-90.59,4010302,2013-09-30,2026-08-24,12.898015058179329,Wisconsin,Stream,True,True
04027000,"BAD RIVER NEAR ODANAH, WI",46.4866144,-90.696297,4010302,1975-09-26,2026-08-24,50.91033538672142,Wisconsin,Stream,True,True
04027595,"BAD RIVER AT ODANAH, WI",46.6102607,-90.6870738,4010302,1978-07-12,1981-09-29,3.216974674880219,Wisconsin,Stream,True,True
04063700,"POPPLE RIVER NEAR FENCE, WI",45.7636111,-88.4636111,4030108,2002-06-28,2026-08-24,24.15605749486653,Wisconsin,Stream,True,True
04067500,"MENOMINEE RIVER NEAR MC ALLISTER, WI",45.3258333,-87.6633333,4030108,2011-03-11,2026-06-10,15.249828884325805,Wisconsin,Stream,True,True
04069500,"PESHTIGO RIVER AT PESHTIGO, WI",45.0475,-87.7444444,4030105,2011-09-30,2026-08-24,14.899383983572895,Wisconsin,Stream,True,True
04071765,"OCONTO RIVER NEAR OCONTO, WI",44.86055556,-87.98388889,4030104,2012-02-23,2026-08-24,14.499657768651609,Wisconsin,Stream,True,True
04072150,"DUCK CREEK NEAR HOWARD, WI",44.53338889,-88.1296944,4030204,2002-05-18,2015-10-03,13.377138945927447,Wisconsin,Stream,True,True
04073500,"FOX RIVER AT BERLIN, WI",43.96875,-88.950306,40302011106,2018-10-09,2026-08-24,7.874058863791923,Wisconsin,Stream,True,True
04077630,"RED RIVER AT MORGAN ROAD NEAR MORGAN, WI",44.8980311,-88.8442729,4030202,2004-03-24,2026-08-24,22.417522245037645,Wisconsin,Stream,True,True
0407809265,"MIDDLE BRANCH EMBARRASS RIVER NEAR WITTENBERG, WI",44.8252512,-89.1181668,4030202,1989-12-01,2006-09-29,16.826830937713893,Wisconsin,Stream,True,True
04080798,"TOMORROW RIVER NEAR NELSONVILLE, WI",44.5244444,-89.3377778,4030202,2014-06-13,2017-10-11,3.3292265571526354,Wisconsin,Stream,True,True
04081000,"WAUPACA RIVER NEAR WAUPACA, WI",44.32916667,-88.9958333,4030202,2015-04-22,2017-10-01,2.4449007529089664,Wisconsin,Stream,True,True
04082400,"FOX RIVER AT OSHKOSH, WI",44.01361209,-88.5408823,4030201,1992-04-01,2026-08-24,34.39561943874059,Wisconsin,Stream,True,True
04083420,"PARSONS CREEK UPSTREAM SITE NEAR FOND DU LAC, WI",43.6933238,-88.4720495,4030203,1998-04-29,2001-06-30,3.1704312114989732,Wisconsin,Stream,True,True
04083425,"PARSONS CREEK DOWNSTREAM SITE NEAR FOND DU LAC, WI",43.69721258,-88.475383,4030203,1997-11-26,2001-06-30,3.592060232717317,Wisconsin,Stream,True,True
04084422,"LITTLE LAKE BUTTE DES MORTS AT MENASHA, WI",44.2047225,-88.4686577,4030204,2023-08-26,2025-11-16,2.2258726899383983,Wisconsin,Stream,True,True
04084445,"FOX RIVER AT APPLETON, WI",44.24805556,-88.4230556,4030204,1986-10-08,2026-08-24,39.87679671457906,Wisconsin,Stream,True,True
040844505,"FOX RIVER AT COLLEGE AVENUE BRIDGE AT APPLETON, WI",44.2610978,-88.3895513,4030204,2024-05-18,2025-11-16,1.4976043805612593,Wisconsin,Stream,True,True
04084500,"FOX R AT RAPIDE CROCHE DAM NEAR WRIGHTSTOWN, WI",44.3174889,-88.1973263,4030204,2024-05-22,2025-11-17,1.4893908281998631,Wisconsin,Stream,True,True
04085059,"FOX RIVER AT DE PERE, WI",44.44944406,-88.064477,4030204,2023-08-26,2025-09-28,2.0917180013689256,Wisconsin,Stream,True,True
04085108,"EAST RIVER @ CNTY TRUNK HIGHWAY ZZ NR GREENLEAF,WI",44.37194444,-88.0922222,4030204,2015-09-30,2017-11-29,2.1656399726214923,Wisconsin,Stream,True,True
04085118,"BOWER CREEK AT SUNNYVIEW ROAD NEAR DE PERE, WI",44.40777086,-87.93871,4030204,1985-06-12,1985-10-06,0.31759069130732376,Wisconsin,Stream,True,True
04085119,"BOWER CREEK @ COUNTY TRNK HIGHWAY MM NR DE PERE,WI",44.42249308,-87.9400994,4030204,1990-09-30,2008-09-29,17.998631074606433,Wisconsin,Stream,True,True
040851325,"BAIRD CREEK AT SUPERIOR ROAD AT GREEN BAY, WI",44.5011042,-87.9362121,4030204,2004-01-06,2006-08-23,2.628336755646817,Wisconsin,Stream,True,True
04085138,"EAST RIVER AT GREEN BAY, WI",44.5091661,-87.9916967,4030204,2024-02-24,2026-02-10,1.9630390143737166,Wisconsin,Stream,True,True
040851385,"FOX RIVER AT OIL TANK DEPOT AT GREEN BAY, WI",44.5286111,-88.01,4030204,2011-03-04,2026-08-24,15.474332648870636,Wisconsin,Stream,True,True
04085139,"FOX RIVER AT MOUTH AT GREEN BAY, WI",44.53915916,-88.0057984,4030204,1988-09-30,1990-04-30,1.5797399041752225,Wisconsin,Stream,True,True
04085395,"SOUTH BRANCH MANITOWOC RIVER AT HAYTON, WI",44.02471398,-88.1181548,4030101,1994-07-07,1998-09-30,4.232717316906228,Wisconsin,Stream,True,True
04085427,"MANITOWOC RIVER AT MANITOWOC, WI",44.10616667,-87.7160278,4030101,2011-03-18,2022-11-07,11.641341546885695,Wisconsin,Stream,True,True
040857005,"OTTER CREEK AT WILLOW ROAD NEAR PLYMOUTH, WI",43.78888889,-87.92138889,4030101,1990-08-17,2002-10-08,12.14236824093087,Wisconsin,Stream,True,True
04085746,"MULLET RIVER AT OLD WADE HOUSE AT GREENBUSH, WI",43.7775,-88.0852778,4030101,2001-06-13,2005-09-18,4.265571526351814,Wisconsin,Stream,True,True
04085813,"ONION RIVER AT HINGHAM, WI",43.6383361,-87.89835969,4030101,1979-04-25,1980-09-26,1.4236824093086926,Wisconsin,Stream,True,True
04085845,"ONION RIVER NEAR SHEBOYGAN FALLS, WI",43.6966692,-87.820857,4030101,1979-04-25,1982-10-28,3.509924709103354,Wisconsin,Stream,True,True
04086149,"MILWAUKEE RIVER ABOVE DAM AT KEWASKUM, WI",43.527219,-88.2223184,4040003,2004-05-07,2004-11-14,0.5229295003422314,Wisconsin,Stream,True,True
04086175,"PARNELL CREEK NEAR DUNDEE, WI",43.64777275,-88.1600968,4040003,1996-10-01,1997-09-29,0.9938398357289527,Wisconsin,Stream,True,True
04086200,"EAST BRANCH MILWAUKEE RIVER AT NEW FANE, WI",43.55027436,-88.1884293,4040003,2004-06-24,2004-11-14,0.3915126625598905,Wisconsin,Stream,True,True
04086265,"MILWAUKEE RIVER @ CNTY TRNK HGHWAY M NR NEWBURG,WI",43.4250004,-88.0809261,4040003,2004-07-17,2004-11-14,0.32854209445585214,Wisconsin,Stream,True,True
04086340,"NORTH BRANCH MILWAUKEE RIVER NEAR FILLMORE, WI",43.4827765,-88.0609264,4040003,2004-05-14,2004-11-14,0.5037645448323066,Wisconsin,Stream,True,True
04086360,"MILWAUKEE RIVER AT WAUBEKA, WI",43.4727772,-87.989814,4040003,2004-07-23,2004-11-14,0.31211498973305957,Wisconsin,Stream,True,True
04086500,"CEDAR CREEK NEAR CEDARBURG, WI",43.32305556,-87.9786111,4040003,2004-07-17,2004-11-14,0.32854209445585214,Wisconsin,Stream,True,True
040869415,"LINCOLN CREEK AT 47TH STREET AT MILWAUKEE, WI",43.09695587,-87.9723094,4040003,1993-03-23,1997-06-30,4.271047227926078,Wisconsin,Stream,True,True
040869416,"LINCOLN CREEK @ SHERMAN BOULEVARD AT MILWAUKEE, WI",43.09713889,-87.96725,4040003,2003-06-04,2016-10-23,13.388090349075975,Wisconsin,Stream,True,True
04087000,"MILWAUKEE RIVER AT MILWAUKEE, WI",43.10001159,-87.9089745,4040003,1973-07-20,2026-08-24,53.09514031485284,Wisconsin,Stream,True,True
04087030,"MENOMONEE RIVER AT MENOMONEE FALLS, WI",43.17277778,-88.10388889,4040003,2008-11-08,2015-11-22,7.036276522929501,Wisconsin,Stream,True,True
04087050,"LITTLE MENOMONEE RIVER NEAR FREISTADT, WI",43.20667408,-88.0384231,4040003,2008-11-08,2015-09-29,6.888432580424367,Wisconsin,Stream,True,True
04087070,"LITTLE MENOMONEE RIVER AT MILWAUKEE, WI",43.1236111,-88.0436111,4040003,2007-07-03,2016-10-23,9.308692676249144,Wisconsin,Stream,True,True
04087088,"UNDERWOOD CREEK AT WAUWATOSA, WI",43.0547222,-88.0461111,4040003,2010-02-12,2021-08-10,11.490759753593428,Wisconsin,Stream,True,True
04087119,"HONEY CREEK AT WAUWATOSA, WI",43.0438333,-88.0051111,4040003,2008-12-06,2016-10-23,7.879534565366187,Wisconsin,Stream,True,True
04087120,"MENOMONEE RIVER AT WAUWATOSA, WI",43.04555556,-87.9997222,4040003,2009-10-01,2015-11-23,6.143737166324435,Wisconsin,Stream,True,True
04087142,"MENOMONEE RIVER AT 16TH STREET AT MILWAUKEE, WI",43.03389487,-87.934194,4040003,2008-11-06,2015-09-29,6.893908281998631,Wisconsin,Stream,True,True
040871472,"KINNICKINNIC R @ ST. LUKES HOSPTL @ MILWAUKEE, WI",42.99029265,-87.9531409,4040003,1996-11-13,1997-04-30,0.459958932238193,Wisconsin,Stream,True,True
040871473,"WILSON PARK CREEK AT GMIA INFALL AT MILWAUKEE, WI",42.9457222,-87.8862222,4040003,1996-11-12,2024-10-21,27.939767282683093,Wisconsin,Stream,True,True
040871475,"WILSON PARK CREEK @ GMIA OUTFALL 7 @ MILWAUKEE,WI",42.95702778,-87.9073056,4040003,1996-11-14,2026-08-24,29.7741273100616,Wisconsin,Stream,True,True
040871476,HOLMES AVE CRK TRIB @ GMIA OUTFALL 1 AT MILWAUKEE,42.94516667,-87.9110556,4040003,1996-11-12,2026-06-28,29.623545516769337,Wisconsin,Stream,True,True
040871478,"WILSON PARK CREEK AT 6TH ST. AT MILWAUKEE, WI",42.96279324,-87.918695,4040003,1996-11-12,1997-04-30,0.46269678302532513,Wisconsin,Stream,True,True
040871482,"WILSON PK CR @ WILSON PK&20TH PL @ MILWAUKEE, WI",42.97305556,-87.9397222,4040003,1996-11-19,1997-04-30,0.44353182751540043,Wisconsin,Stream,True,True
040871488,"WILSON PARK CK @ ST. LUKES HOSPITAL @ MILWAUKEE,WI",42.99025,-87.9523333,4040003,1996-11-19,2017-11-19,20.999315537303218,Wisconsin,Stream,True,True
04087159,"KINNICKINNIC RIVER @ S. 11TH STREET @ MILWAUKEE,WI",42.9975,-87.92638889,4040003,1996-11-02,2016-10-23,19.972621492128678,Wisconsin,Stream,True,True
040871602,"KINNICKINNIC RIVER AT 6TH ST. AT MILWAUKEE, WI",42.9950149,-87.9186955,4040003,1996-11-13,1997-01-31,0.216290212183436,Wisconsin,Stream,True,True
04087161,"KINNICKINNIC RIVER AT S. 1ST ST AT MILWAUKEE, WI",43.00834795,-87.9111955,4040003,1997-03-21,1997-05-12,0.14236824093086928,Wisconsin,Stream,True,True
04087170,"MILWAUKEE RIVER AT MOUTH AT MILWAUKEE, WI",43.02444444,-87.8983333,4040002,2011-04-14,2024-10-07,13.483915126625599,Wisconsin,Stream,True,True
04087200,"OAK CREEK NEAR SOUTH MILWAUKEE, WI",42.8814058,-87.8925815,4040002,2011-05-07,2011-10-04,0.4106776180698152,Wisconsin,Stream,True,True
04087204,"OAK CREEK AT SOUTH MILWAUKEE, WI",42.925,-87.87,40400020102,2004-01-21,2016-10-23,12.75564681724846,Wisconsin,Stream,True,True
040872118,"ROOT RIVER AT WEST ALLIS, WI",42.9939722,-88.0606944,4040002,2010-05-07,2011-07-15,1.1882272416153319,Wisconsin,Stream,True,True
040872125,"ROOT RIVER AT BELOIT ROAD AT GREENFIELD, WI",42.97369444,-88.0508333,4040002,2010-05-07,2011-10-04,1.4099931553730323,Wisconsin,Stream,True,True
04087213,"ROOT RIVER AT LAYTON AVENUE AT GREENFIELD, WI",42.95888889,-88.04,4040002,2007-07-31,2011-10-04,4.177960301163586,Wisconsin,Stream,True,True
04087233,"ROOT RIVER CANAL NEAR FRANKLIN, WI",42.81555556,-87.9947222,4040002,2004-07-17,2004-11-15,0.33127994524298426,Wisconsin,Stream,True,True
04087240,"ROOT RIVER AT RACINE, WI",42.751389,-87.823611,40400020306,2004-06-23,2004-11-15,0.39698836413415467,Wisconsin,Stream,True,True
04087242,"ROOT RIVER NEAR MOUTH AT RACINE, WI",42.7339086,-87.7845191,4040002,2004-07-17,2004-11-14,0.32854209445585214,Wisconsin,Stream,True,True
05331833,"NAMEKAGON RIVER AT LEONARDS, WI",46.1713687,-91.3293778,7030002,1996-06-01,2026-08-24,30.22861054072553,Wisconsin,Stream,True,True
05333500,"ST. CROIX RIVER NEAR DANBURY, WI",46.0761111,-92.2466667,7030001,1997-04-04,2017-04-09,20.01368925393566,Wisconsin,Stream,True,True
05338955,"WOOD RIVER @ NORTH WILLIAMS ROAD NR GRANTSBURG, WI",45.78522979,-92.6313137,7030005,2007-04-27,2008-10-22,1.4893908281998631,Wisconsin,Stream,True,True
05340500,"ST. CROIX RIVER AT ST. CROIX FALLS, WI",45.4069444,-92.6469444,7030005,2000-01-21,2026-08-24,26.590006844626966,Wisconsin,Stream,True,True
053416972,"WILLOW RIVER @ COUNTY TRUNK HIGHWAY T AT JEWETT,WI",45.12002778,-92.4363056,7030005,2010-11-09,2014-09-29,3.887748117727584,Wisconsin,Stream,True,True
05341854,"KINNICKINNIC RIVER AT STEEPLE DRIVE NR HAMMOND, WI",44.92277778,-92.5316667,7030005,2007-04-28,2008-10-23,1.4893908281998631,Wisconsin,Stream,True,True
05357205,"ALLEQUASH CREEK NEAR SAYNER, WI",46.0308444,-89.5993944,7050002,2018-10-27,2021-11-03,3.0198494182067077,Wisconsin,Stream,True,True
05357206,"ALLEQUASH CREEK SITE NO. 3 NR BOULDER JUNCTION, WI",46.03277778,-89.6077778,7050002,2015-10-14,2021-11-03,6.056125941136208,Wisconsin,Stream,True,True
05357215,"ALLEQUASH CREEK @ CT HWY M NR BOULDER JUNCTION, WI",46.02388889,-89.6527778,7050002,2012-09-30,2024-07-03,11.756331279945243,Wisconsin,Stream,True,True
05357225,"STEVENSON CREEK @ CT HWY M NR BOULDER JUNCTION, WI",46.06138889,-89.6472222,7050002,2013-05-23,2024-02-04,10.702258726899384,Wisconsin,Stream,True,True
05357230,"NORTH CREEK AT TROUT LAKE NEAR BOULDER JUNCTION,WI",46.0786111,-89.6672222,7050002,2012-09-30,2016-03-22,3.4743326488706368,Wisconsin,Stream,True,True
05357245,"TROUT RIVER AT TROUT LAKE NEAR BOULDER JUNCTION,WI",46.03555556,-89.7055556,7050002,2011-10-01,2024-07-30,12.829568788501026,Wisconsin,Stream,True,True
05364128,"DRYWOOD CREEK AT COVERED FOOTBRIDGE NR CADOTT, WI",44.9622,-91.230175,7050005,2021-04-30,2024-12-22,3.646817248459959,Wisconsin,Stream,True,True
05364422,"COMO CREEK TRIBUTARY NEAR BLOOMER, WI",45.1104333,-91.5382467,7050005,2011-09-30,2014-10-06,3.0171115674195756,Wisconsin,Stream,True,True
05364850,"DUNCAN CREEK TRIBUTARY NEAR TILDEN, WI",44.9888497,-91.447937,7050005,1987-05-20,1989-09-29,2.3627652292950034,Wisconsin,Stream,True,True
053674464,"YELLOW RIVER AT BARRON, WI",45.39523615,-91.8301731,7050007,1991-08-30,2005-09-29,14.08350444900753,Wisconsin,Stream,True,True
053674962,"TROUT CREEK AT CNTY TRUNK HIGHWAY DD NR BLOOMER,WI",45.12713889,-91.6044444,7050007,2012-08-10,2014-08-10,1.998631074606434,Wisconsin,Stream,True,True
053674967,"TROUT CREEK AT TENTH STREET NEAR BLOOMER, WI",45.0994444,-91.6511111,7050007,2012-09-30,2021-02-01,8.33949349760438,Wisconsin,Stream,True,True
05369900,"EAU GALLE RIVER NEAR WOODVILLE, WI",44.9049651,-92.2643532,7050005,1978-06-20,1983-09-29,5.27583846680356,Wisconsin,Stream,True,True
05369945,"EAU GALLE R @ LOW-WTR BRIDGE @ SPRING VALLEY, WI",44.8671875,-92.2521299,7050005,1981-11-11,1993-09-30,11.885010266940451,Wisconsin,Stream,True,True
05370000,"EAU GALLE RIVER AT SPRING VALLEY, WI",44.85277778,-92.2383333,7050005,1978-06-20,2026-08-24,48.17796030116359,Wisconsin,Stream,True,True
05378183,"JOOS VALLEY CREEK NEAR FOUNTAIN CITY, WI",44.2146857,-91.6651532,7040003,1990-07-12,2007-09-29,17.215605749486652,Wisconsin,Stream,True,True
05378185,"EAGLE CREEK AT CT HIGHWAY G NEAR FOUNTAIN CITY, WI",44.20940798,-91.6784864,7040003,1990-07-12,2007-09-29,17.215605749486652,Wisconsin,Stream,True,True
05379288,"BRUCE VALLEY CREEK NEAR PLEASANTVILLE, WI",44.44579646,-91.3612694,7040005,1979-10-11,1980-09-29,0.9691991786447639,Wisconsin,Stream,True,True
05379305,"ELK CREEK NEAR INDEPENDENCE, WI",44.3905399,-91.4293168,7040005,1979-11-15,1980-09-29,0.8733744010951403,Wisconsin,Stream,True,True
053793305,"TRAVERSE VALLEY CREEK N. TRIB. NR INDEPENDENCE, WI",44.39857598,-91.5515444,7040005,2001-09-01,2008-09-29,7.077344284736482,Wisconsin,Stream,True,True
053793306,"TRAVERSE VALLEY CREEK S. TRIB. NR INDEPENDENCE, WI",44.39552038,-91.5537666,7040005,2001-10-01,2008-09-29,6.995208761122519,Wisconsin,Stream,True,True
05381381,"PIGEON CR BELOW PIGEON CR FLOWAGE NR MILLSTON, WI",44.21107316,-90.6151347,7040007,1996-07-13,1997-09-29,1.212867898699521,Wisconsin,Stream,True,True
05381389,"CLEAR CREEK SITE C-2 AT 14TH AVE NEAR MILLSTON, WI",44.15635176,-90.7126365,7040007,1996-07-27,1997-09-29,1.1745379876796715,Wisconsin,Stream,True,True
05381392,"STONY CREEK SITE S-2 AT CTH O NEAR SHAMROCK, WI",44.18051789,-90.786805,7040007,1996-07-25,1997-09-29,1.1800136892539357,Wisconsin,Stream,True,True
05382255,"STILLWELL CREEK AT SIXTEENTH COURT NEAR TOMAH, WI",43.99388889,-90.6572222,7040006,2008-09-25,2026-08-24,17.911019849418206,Wisconsin,Stream,True,True
05382257,"STILLWELL CREEK AT YARD ROAD NEAR TOMAH, WI",44.00055556,-90.6811111,7040006,2008-09-19,2026-08-24,17.927446954141,Wisconsin,Stream,True,True
05382267,"LA CROSSE RIVER @ CNTY TRUNK HIGHWY BB NR TOMAH,WI",44.00027778,-90.7244444,7040006,2008-09-20,2026-08-24,17.924709103353866,Wisconsin,Stream,True,True
05382284,"SILVER CREEK AT STATE HIGHWAY 21 NEAR ANGELO, WI",43.9672222,-90.765,7040006,2009-08-04,2026-08-24,17.05407255304586,Wisconsin,Stream,True,True
05394500,"PRAIRIE RIVER NEAR MERRILL, WI",45.2358333,-89.6497222,7070002,1998-09-30,2022-09-25,23.98631074606434,Wisconsin,Stream,True,True
05406457,"BLACK EARTH CREEK NR BREWERY RD AT CROSS PLAINS,WI",43.1097222,-89.6408333,7070005,2009-10-02,2026-08-24,16.892539356605067,Wisconsin,Stream,True,True
05406460,"BLACK EARTH CREEK AT CROSS PLAINS, WI",43.11054978,-89.6456776,7070005,1985-01-03,1995-09-29,10.735112936344969,Wisconsin,Stream,True,True
05406469,"BREWERY CREEK-UPSTREAM SITE-AT CROSS PLAINS, WI",43.12527778,-89.635,7070005,1999-09-30,2026-08-25,26.902121834360027,Wisconsin,Stream,True,True
05406470,"BREWERY CREEK AT CROSS PLAINS, WI",43.11916068,-89.6403997,7070005,1984-11-29,2002-09-29,17.831622176591377,Wisconsin,Stream,True,True
05406476,"BLACK EARTH CREEK @ MILLS STREET @ CROSS PLAINS,WI",43.11332746,-89.650122,7070005,1989-11-05,1995-09-29,5.897330595482546,Wisconsin,Stream,True,True
054064785,"BLACK EARTH CREEK TRIBUTARY AT CROSS PLAINS, WI",43.11166078,-89.6645666,7070005,1999-06-11,2004-09-29,5.30321697467488,Wisconsin,Stream,True,True
05406479,"BLACK EARTH CK NR TREATMENT PLNT @ CROSS PLAINS,WI",43.1147222,-89.6641667,7070005,2009-10-02,2026-08-24,16.892539356605067,Wisconsin,Stream,True,True
05406483,"BLACK EARTH CREEK LOW FLOW NO 7 AT CROSS PLAINS,WI",43.041659,-89.6700869,7090004,1986-02-22,1986-09-29,0.5995893223819302,Wisconsin,Stream,True,True
05406491,"GARFOOT CREEK NEAR CROSS PLAINS, WI",43.11027186,-89.6795668,7070005,1984-11-29,1998-09-29,13.831622176591376,Wisconsin,Stream,True,True
05406497,"BLACK EARTH CREEK @ S. VALLEY RD NR BLACK EARTH,WI",43.125,-89.7097222,7070005,1989-11-22,2013-09-29,23.852156057494867,Wisconsin,Stream,True,True
05406500,"BLACK EARTH CREEK AT BLACK EARTH, WI",43.13416667,-89.7322222,7070005,1984-11-29,2013-09-29,28.83230663928816,Wisconsin,Stream,True,True
05406714,"PINE RIVER AT SITE 36B NEAR HUB CITY, WI",43.4899893,-90.3667781,7070005,1974-05-02,1975-07-30,1.242984257357974,Wisconsin,Stream,True,True
05406840,"ASH CREEK AT SITE 2B NEAR RICHLAND CENTER, WI",43.29276805,-90.4198352,7070005,1974-05-02,1975-05-27,1.0677618069815196,Wisconsin,Stream,True,True
05407500,"KICKAPOO RIVER AT ONTARIO, WI",43.71443246,-90.5870639,7070006,1973-11-29,1977-10-05,3.8494182067077345,Wisconsin,Stream,True,True
05408000,"KICKAPOO RIVER AT LA FARGE, WI",43.57415528,-90.6431767,7070006,1971-07-22,1977-09-29,6.190280629705681,Wisconsin,Stream,True,True
05409842,"NORTH FK NEDERLO CR AT MOUTH NEAR GAYS MILLS, WI",43.3599894,-90.9084631,7070006,1974-05-23,1978-05-23,4.0,Wisconsin,Stream,True,True
05409860,"SOUTH FORK NEDERLO CREEK NEAR GAYS MILLS, WI",43.3599894,-90.90874089,7070006,1974-05-23,1978-05-23,4.0,Wisconsin,Stream,True,True
05409870,"NEDERLO CREEK AT UTICA TN HALL NEAR GAYS MILLS, WI",43.35832276,-90.8970738,7070006,1974-04-12,1978-10-05,4.48186173853525,Wisconsin,Stream,True,True
054134435,"KUENSTER CR AT MUSKELLUNGE RD NEAR N. ANDOVER, WI",42.7908243,-90.9573495,7060003,1991-10-05,1996-06-30,4.736481861738535,Wisconsin,Stream,True,True
05413449,"RATTLESNAKE CREEK NEAR NORTH ANDOVER, WI",42.78026908,-90.9423494,7060003,1987-07-17,1996-06-29,8.952772073921972,Wisconsin,Stream,True,True
05413451,"RATTLESNAKE CREEK NEAR BEETOWN, WI",42.7672139,-90.929016,7060003,1989-10-21,1991-06-13,1.6427104722792607,Wisconsin,Stream,True,True
05414213,"LITTLE PLATTE RIVER NEAR PLATTEVILLE, WI",42.7230489,-90.5281842,7060003,1987-08-21,1990-06-24,2.841889117043121,Wisconsin,Stream,True,True
05414800,"SINSINAWA RIVER NEAR HAZEL GREEN, WI",42.53389075,-90.481517,7060005,1987-07-17,1990-06-24,2.937713894592745,Wisconsin,Stream,True,True
05414894,"PATS CREEK NEAR BELMONT, WI",42.68277175,-90.3670545,7060005,1980-10-23,1982-10-01,1.9383983572895278,Wisconsin,Stream,True,True
05414915,"MADDEN BRANCH TRIBUTARY NEAR BELMONT, WI",42.66749825,-90.3292943,7060005,1980-11-06,1982-09-29,1.894592744695414,Wisconsin,Stream,True,True
05414920,"MADDEN BRANCH NEAR MEEKERS GROVE, WI",42.64582757,-90.3437203,7060005,1980-10-30,1982-09-29,1.9137577002053388,Wisconsin,Stream,True,True
05418731,"APPLE RIVER NEAR SHULLSBURG, WI",42.5227823,-90.1340143,7060005,1980-11-21,1982-09-29,1.8535249828884326,Wisconsin,Stream,True,True
05427570,"ROCK RIVER AT INDIANFORD, WI",42.80416667,-89.09,7090002,1975-05-08,1978-04-07,2.915811088295688,Wisconsin,Stream,True,True
05427927,"DORN (SPRING) CREEK @ CT HIGHWAY Q NR WAUNAKEE, WI",43.14505556,-89.4718611,7090002,2023-08-26,2025-11-01,2.184804928131417,Wisconsin,Stream,True,True
05427930,"DORN (SPRING) CREEK AT CT HIGHWAY M NR WAUNAKEE,WI",43.14027778,-89.4423056,7090002,2023-08-26,2026-08-24,2.9952087611225187,Wisconsin,Stream,True,True
05427948,"PHEASANT BRANCH AT MIDDLETON, WI",43.1033333,-89.5116667,7090002,2023-08-26,2026-08-24,2.9952087611225187,Wisconsin,Stream,True,True
05427970,"WILLOW CREEK AT MADISON, WI",43.07416267,-89.4226196,7090001,1974-08-02,1974-08-13,0.030116358658453114,Wisconsin,Stream,True,True
05428600,"WEST BRANCH STARKWEATHER CREEK AT MADISON, WI",43.0994494,-89.3384089,7090002,2017-11-03,2018-05-28,0.5639972621492129,Wisconsin,Stream,True,True
05429369,"SWAN CREEK AT LALOR ROAD NEAR FITCHBURG, WI",42.99951944,-89.3615417,7090002,2023-08-26,2026-08-25,2.9979466119096507,Wisconsin,Stream,True,True
05430500,"ROCK RIVER AT AFTON, WI",42.6136111,-89.0716667,7090002,1978-10-11,1983-05-25,4.618754277891855,Wisconsin,Stream,True,True
05431016,"JACKSON CREEK AT MOUND ROAD NEAR ELKHORN, WI",42.6408333,-88.5608333,7090002,1999-10-15,2009-09-29,9.957563312799453,Wisconsin,Stream,True,True
05431017,"DELAVAN LAKE INLET AT STATE HWY 50 AT LAKE LAWN,WI",42.6211265,-88.5826011,7090002,2006-09-30,2009-09-29,2.9979466119096507,Wisconsin,Stream,True,True
05432055,"LIVINGSTON BR PECATONICA RIVER NEAR LIVINGSTON, WI",42.9002711,-90.3731813,7090003,1987-07-15,1991-09-30,4.210814510609172,Wisconsin,Stream,True,True
054322653,"BREWERY CR TRIB-UPSTREAM SITE-NR MINERAL POINT, WI",42.88166667,-90.1308333,7090003,2004-09-25,2007-09-29,3.0088980150581794,Wisconsin,Stream,True,True
054322655,"BREWERY CR TRB-DOWNSTREAM SITE-NR MINERAL POINT,WI",42.8736111,-90.1336111,7090003,2004-09-16,2007-09-29,3.033538672142368,Wisconsin,Stream,True,True
05433510,"STEINER BRANCH NEAR WALDWICK, WI",42.775827,-89.998431,7090003,1977-10-25,1979-09-29,1.9274469541409993,Wisconsin,Stream,True,True
05435934,"BADGER MILL CREEK AT NESBITT ROAD AT MADISON, WI",43.00110855,-89.4990104,7090004,2005-08-12,2010-11-22,5.278576317590692,Wisconsin,Stream,True,True
05435935,"BADGER MILL CREEK @ HIGHWAYS 18 & 151 @ MADISON,WI",42.99861656,-89.498692,7090004,2005-07-21,2010-12-30,5.4428473648186175,Wisconsin,Stream,True,True
05435943,"BADGER MILL CREEK AT VERONA, WI",42.97694444,-89.5394444,7090004,1996-11-01,2026-08-25,29.812457221081452,Wisconsin,Stream,True,True
05435950,"SUGAR RIVER NEAR VERONA, WI",42.94916667,-89.5441667,7090004,2009-04-24,2026-08-25,17.336071184120467,Wisconsin,Stream,True,True
05545131,"SOUTHWICK CREEK AT WILLIAMS BAY, WI",42.5791831,-88.538711,7120006,1998-05-28,1999-09-29,1.3388090349075976,Wisconsin,Stream,True,True
05545133,"BIRCHES CREEK AT LACKEY LANE NEAR LAKE GENEVA, WI",42.5600171,-88.4875986,7120006,1998-06-01,2000-12-31,2.5845311430527036,Wisconsin,Stream,True,True
05545750,"FOX RIVER NEAR NEW MUNSTER, WI",42.61085116,-88.225923,7120006,2022-01-20,2026-08-25,4.594113620807666,Wisconsin,Stream,True,True
443217088000901,"FOX R (UPPER) A SCHMIDT OIL DOCK A GREEN BAY, WI",44.5380549,-88.0025304,4030204,1985-08-06,1985-10-17,0.1971252566735113,Wisconsin,Stream,True,True
443217088000902,"FOX R (LOWER) A SCHMIDT OIL DOCK A GREEN BAY, WI",44.5380549,-88.0025304,4030204,1985-08-06,1985-10-17,0.1971252566735113,Wisconsin,Stream,True,True
06036805,"Firehole River at Old Faithful, YNP",44.4593333,-110.8222722,10020007,2006-10-01,2026-08-24,19.89596167008898,Wyoming,Stream,True,True
06036905,Firehole River near West Yellowstone MT,44.6201833,-110.8635028,10020007,2002-10-01,2026-08-24,23.89596167008898,Wyoming,Stream,True,True
06036940,"Tantalus Creek at Norris Junction, YNP",44.732725,-110.7132528,10020007,2004-06-25,2026-08-24,22.16290212183436,Wyoming,Stream,True,True
06037000,Gibbon River near West Yellowstone MT,44.64910556,-110.7847361,10020007,1983-09-01,1993-09-29,10.078028747433265,Wyoming,Stream,True,True
06037100,"Gibbon River at Madison Jct, YNP",44.6408,-110.8610639,10020007,2002-10-01,2026-08-24,23.89596167008898,Wyoming,Stream,True,True
06186500,Yellowstone River at Yellowstone Lk Outlet YNP,44.56709167,-110.3804056,10070001,1983-10-01,1985-09-29,1.995893223819302,Wyoming,Stream,True,True
06187550,Yellowstone River at Tower Junction YNP,44.92041667,-110.4044389,10070001,1983-10-01,1985-09-29,1.995893223819302,Wyoming,Stream,True,True
06187950,Soda Butte Cr nr Lamar Ranger Station YNP,44.86898889,-110.164775,10070001,2005-04-21,2008-09-29,3.4414784394250515,Wyoming,Stream,True,True
06188000,Lamar River nr Tower Ranger Station YNP,44.92817778,-110.3942694,10070001,2014-05-01,2026-08-24,12.314852840520192,Wyoming,Stream,True,True
06190540,"Boiling River at Mammoth,YNP",44.9851333,-110.6893444,10070001,1988-10-01,2026-08-24,37.894592744695416,Wyoming,Stream,True,True
06224000,"BULL LAKE CREEK ABOVE BULL LAKE, WY",43.1766111,-109.2025556,10080001,2023-08-26,2026-08-24,2.9952087611225187,Wyoming,Stream,True,True
06227600,"WIND RIVER NEAR KINNEAR, WY",43.14277778,-108.7088889,10080001,2010-03-04,2017-06-15,7.282683093771389,Wyoming,Stream,True,True
06236100,"WIND RIVER AB BOYSEN RESERVOIR, NR SHOSHONI, WY",43.1289722,-108.2248333,10080001,2024-07-17,2026-08-24,2.102669404517454,Wyoming,Stream,True,True
06253000,"FIVEMILE CREEK NEAR SHOSHONI, WY",43.22191667,-108.2196944,10080005,2024-07-17,2026-08-24,2.102669404517454,Wyoming,Stream,True,True
06258000,"MUDDY CREEK NEAR SHOSHONI, WY",43.2860368,-108.2757079,10080005,2024-07-17,2026-08-24,2.102669404517454,Wyoming,Stream,True,True
06279795,"CROW CREEK AT MOUTH, AT PAHASKA, WY",44.5132413,-109.9735554,10080012,2001-03-22,2005-09-29,4.522929500342231,Wyoming,Stream,True,True
06285100,"SHOSHONE RIVER NEAR LOVELL, WY",44.83852799,-108.4351763,10080014,2023-10-13,2026-08-24,2.863791923340178,Wyoming,Stream,True,True
06306250,"Prairie Dog Creek near Acme, WY",44.98381516,-106.8398478,10090101,2004-09-30,2012-11-06,8.101300479123887,Wyoming,Stream,True,True
06313500,"POWDER RIVER AT SUSSEX, WY",43.6970861,-106.3061944,10090202,2003-04-08,2017-11-14,14.603696098562628,Wyoming,Stream,True,True
06316400,"CRAZY WOMAN CREEK AT UPPER STA, NEAR ARVADA, WY",44.49104298,-106.1778757,10090205,2002-10-01,2014-07-08,11.767282683093772,Wyoming,Stream,True,True
06324000,"CLEAR CREEK NEAR ARVADA, WY",44.8715977,-106.0828769,10090206,2003-04-10,2016-07-12,13.256673511293634,Wyoming,Stream,True,True
06324970,"LITTLE POWDER RIVER AB DRY CREEK, NEAR WESTON, WY",44.926944,-105.352778,100902080504,2012-03-31,2021-10-26,9.571526351813826,Wyoming,Stream,True,True
06386500,"CHEYENNE RIVER NEAR SPENCER, WY",43.421111,-104.131111,101201060106,2004-03-26,2012-08-23,8.410677618069816,Wyoming,Stream,True,True
06427850,"BELLE FOURCHE RIVER AT DEVILS TOWER, WY",44.5894282,-104.7038545,10120201,2013-03-21,2025-10-31,12.61327857631759,Wyoming,Stream,True,True
06623800,"ENCAMPMENT RIVER AB HOG PARK CR, NR ENCAMPMENT, WY",41.02356508,-106.8248049,10180002,2012-05-23,2026-08-24,14.25325119780972,Wyoming,Stream,True,True
06670500,"LARAMIE RIVER NEAR FORT LARAMIE, WY",42.2005103,-104.5383548,10180011,2015-03-27,2024-10-30,9.596167008898014,Wyoming,Stream,True,True
09196500,"PINE CREEK ABOVE FREMONT LAKE, WY",43.02705556,-109.7735278,14040102,1989-03-29,2026-08-24,37.40451745379877,Wyoming,Stream,True,True
09205000,"NEW FORK RIVER NEAR BIG PINEY, WY",42.5671427,-109.930196,14040102,2015-03-11,2020-10-08,5.579739904175223,Wyoming,Stream,True,True
09209400,"GREEN RIVER NEAR LA BARGE, WY",42.19269994,-110.1632544,14040101,2014-09-26,2019-11-28,5.171800136892539,Wyoming,Stream,True,True
09211200,"GREEN RIVER BELOW FONTENELLE RESERVOIR, WY",42.0209722,-110.0498056,14040103,2020-05-06,2026-08-24,6.299794661190965,Wyoming,Stream,True,True
09216050,"Big Sandy River at Gasson Bridge, near Eden, WY",41.9474275,-109.68823684,140401040607,1981-10-22,1984-02-18,2.324435318275154,Wyoming,Stream,True,True
09217000,"GREEN RIVER NEAR GREEN RIVER, WY",41.5163221,-109.4490579,14040106,1989-10-01,2026-08-24,36.8952772073922,Wyoming,Stream,True,True
09219200,"Blacks Fork above Smiths Fork, near Lyman, WY",41.39415,-110.2059583,14040107,2018-04-05,2019-10-01,1.4893908281998631,Wyoming,Stream,True,True
09258050,"Muddy Creek above Olson Draw, near Dad, WY",41.4783333,-107.6025,14050004,2010-07-23,2026-08-24,16.087611225188226,Wyoming,Stream,True,True
09258980,"MUDDY CREEK BELOW YOUNG DRAW, NEAR BAGGS, WY",41.06814337,-107.6316359,14050004,2005-05-27,2026-08-24,21.242984257357975,Wyoming,Stream,True,True
10038000,"BEAR RIVER BELOW SMITHS FORK, NR COKEVILLE, WY",42.12652778,-110.9731972,16010102,1998-11-13,2001-10-10,2.9075975359342916,Wyoming,Stream,True,True
13010065,SNAKE RIVER AB JACKSON LAKE AT FLAGG RANCH WY,44.09888889,-110.6675,17040101,2022-05-17,2026-08-25,4.27378507871321,Wyoming,Stream,True,True
13011000,"SNAKE RIVER NEAR MORAN, WY",43.85851819,-110.5866219,17040101,2022-05-16,2026-08-25,4.276522929500342,Wyoming,Stream,True,True
13011500,"Pacific Creek at Moran, WY",43.851111,-110.516389,170401010304,2022-09-20,2026-08-24,3.9260780287474333,Wyoming,Stream,True,True
13011820,"Blackrock Cr bl Split Rock Cr, nr Moran, WY",43.8071111,-110.1787222,17040101,2020-03-31,2026-08-24,6.398357289527721,Wyoming,Stream,True,True
13011900,"BUFFALO FORK AB LAVA CREEK, NR MORAN, WY",43.83805556,-110.4408333,17040101,2022-05-16,2026-08-25,4.276522929500342,Wyoming,Stream,True,True
13012465,"Leidy Creek at mouth, near Moran, WY",43.7331083,-110.3145611,17040101,2018-09-21,2022-10-12,4.057494866529774,Wyoming,Stream,True,True
13012475,"South Fork Spread Cr at mouth, nr Moran, WY",43.7634833,-110.3237861,17040101,2018-09-21,2023-07-28,4.848733744010952,Wyoming,Stream,True,True
13013650,"SNAKE RIVER AT MOOSE, WY",43.65405556,-110.7154722,17040101,2002-04-06,2026-08-24,24.383299110198493,Wyoming,Stream,True,True
13014300,"GROS VENTRE R AB UPPER SLIDE LK, NR KELLY, WY",43.5759722,-110.3109444,17040102,2023-08-26,2024-08-08,0.9527720739219713,Wyoming,Stream,True,True
13014500,"GROS VENTRE RIVER AT KELLY, WY",43.62088889,-110.6230556,17040102,2022-09-21,2026-08-24,3.923340177960301,Wyoming,Stream,True,True
13016450,"FISH CREEK AT WILSON, WY",43.50076005,-110.8716,17040103,2010-04-29,2026-08-24,16.320328542094455,Wyoming,Stream,True,True
13018300,"CACHE CREEK NEAR JACKSON, WY",43.45213098,-110.7041203,17040103,2012-05-03,2026-08-24,14.30800821355236,Wyoming,Stream,True,True
13018350,"FLAT CREEK BELOW CACHE CREEK, NEAR JACKSON, WY",43.4583611,-110.7970278,17040103,2009-12-10,2026-08-24,16.70362765229295,Wyoming,Stream,True,True
13018750,"SNAKE RIVER BELOW FLAT CREEK, NEAR JACKSON, WY",43.3722222,-110.7386111,17040103,2022-05-17,2026-08-25,4.27378507871321,Wyoming,Stream,True,True
13019500,"HOBACK RIVER NEAR JACKSON, WY",43.30527778,-110.6801944,17040103,2022-05-11,2026-08-24,4.287474332648871,Wyoming,Stream,True,True
13022500,"SNAKE RIVER ABOVE RESERVOIR, NEAR ALPINE, WY",43.1961111,-110.8894444,17040103,2023-05-04,2026-08-24,3.3073237508555784,Wyoming,Stream,True,True
13027500,"SALT RIVER ABOVE RESERVOIR, NEAR ETNA, WY",43.0797222,-111.0372222,17040105,1993-06-23,1994-09-05,1.2019164955509924,Wyoming,Stream,True,True
442725110063501,Middle Creek bel Mammoth Crystal Spgs YNP (SP5),44.4569444,-110.1097222,10080012,2006-07-26,2010-10-19,4.232717316906228,Wyoming,Stream,True,True
442725110064001,Middle Creek ab Mammoth Crystal Spgs YNP (SP4),44.4569444,-110.1111111,10080012,2006-06-22,2010-10-19,4.32580424366872,Wyoming,Stream,True,True
442726110064101,Mammoth Crystal Spgs out nr Sylvan Pass YNP (SP3),44.4572222,-110.1113889,10080012,2006-06-07,2010-10-19,4.3668720054757015,Wyoming,Stream,True,True
442754110082301,Crecelius Cascade nr Sylvan Pass YNP (SP1),44.468,-110.1392222,10070001,2006-06-21,2010-10-19,4.328542094455853,Wyoming,Stream,True,True
