network_id,grouping,huc2,huc4,huc6,huc8,huc_key,n_stations,n_stations_available,site_ids,overlap_start,overlap_end,catalog_overlap_years,enough_overlap_years,max_pair_km,n_stations_with_coords,river_names,min_stations,min_overlap_years,min_span_years,distance_cap_km,origin_site_id,flow_connected,n_connected_stations,spatially_proximate_not_flow_connected,connected_site_ids,nldi_distance_km
huc8_03130001,huc8,03,0313,031300,03130001,03130001,28,31,"02330450,02334430,02334480,02334578,02334652,02334653,02334654,02334885,02335000,02335350,02335400,02335405,02335450,02335777,02335778,02335779,02335880,02336000,02336030,02336120,02336152,023362095,02336240,02336300,02336313,02336340,02336360,02336410",2018-04-30,2026-08-24,8.317590691307323,True,117.51736840705861,28,"BURNT FORK CR; CHATT R; CHATTAHOOCHEE R .18 MI US WILLEO CR; CHATTAHOOCHEE R 0.25 MI US WILLEO CR; CHATTAHOOCHEE R 0.27 MI US WILLEO CR; CHATTAHOOCHEE R 0.39 MI DS GA140; CHATTAHOOCHEE R 0.47 MI DS GA140; CHATTAHOOCHEE R 0.5 MI US MCGINNIS FY SUWANEE; CHATTAHOOCHEE R 0.76 MI US MCGINNIS FY SUWANEE GA; CHATTAHOOCHEE R 0.96 MI US MCGINNIS FY SUWANEE GA; CHATTAHOOCHEE RIVER; CROOKED CREEK; LEVEL CREEK; N.F. PEACHTREE CREEK; N.F. PEACHTREE CREEK, BUFORD HWY,; NANCY CREEK; PEACHTREE CREEK; RICHLAND CREEK; S.F. PEACHTREE CREEK JOHNSON RD,; SOUTH FORK PEACHTREE; SUWANEE CREEK; WOODALL CREEK",3,8.0,8.0,,02335405,partial,14,True,"02330450,02334430,02334652,02334653,02334654,02335000,02335400,02335405,02335450,02335777,02335778,02335779,02335880,02336000",200
huc8_03070103,huc8,03,0307,030701,03070103,03070103,19,27,"02203603,02203655,02203831,02203863,02203873,02203900,02203950,02203960,02204037,02205865,02207120,02207135,02207160,02207185,02207385,02207400,02208150,02208450,02208493",2015-09-30,2026-08-25,10.902121834360027,True,59.148965882320425,19,ALCOVY RIVER; BIG HAYNES CREEK; BRUSHY FORK CREEK; COBBS CREEK; CORNISH CREEK; DOOLITTLE CREEK; LITTLE STONE MTN CR; NO BUSINESS CREEK; POLE BRIDGE CR; SHOAL CREEK; SNAPFINGER CR; SNAPFINGER CREEK; SOUTH RIVER; STONE MOUNTAIN CREEK; SWEETWATER CREEK; YELLOW RIVER,3,8.0,8.0,,02203873,partial,2,True,"02203873,02203900",200
huc8_17090004,huc8,17,1709,170900,17090004,17090004,18,18,"14158500,14158740,14158790,14158798,14158850,14159100,14159110,14159200,14159500,14161100,14161500,14162200,14162500,14163150,14163900,14164550,14164700,14164900",2017-08-11,2026-07-20,8.93908281998631,True,83.66729130642824,18,"BLUE RIVER; CAMP CRK; CEDAR CREEK; HORSE CREEK; LOOKOUT CREEK; MCKENZIE R BLW TRAIL BR DAM; MCKENZIE RIVER; MCKENZIE RIVER BLW LEABURG DAM,; McKENZIE RIVER ABV HAYDEN BR,; SMITH RIVER; SMITH RIVER ABV TRAIL BRDG RESV; SO FK MCKENZIE RIVER ABV COUGAR LAKE; SOUTH FORK MCKENZIE RIVER",3,8.0,8.0,,14159100,partial,6,True,"14159100,14159110,14162500,14163150,14163900,14164900",200
huc8_03080103,huc8,03,0308,030801,03080103,03080103,16,20,"02244040,02245340,022462002,02246459,02246500,02246518,02246751,02246804,300803081354500,301124081395901,301204081434900,301510081383500,301817081393600,302309081333001,302609081453300,302657081312400",2017-06-02,2025-12-07,8.514715947980836,True,96.08200562348493,16,BROWARD RIVER; CEDAR RIVER; CLAPBOARD CRK; DUNN CREEK; DURBIN CREEK; JULINGTON CRK; ORTEGA RIVER SALINITY; POTTSBURG CRK; ST JOHNS R BLW SHANDS BRIDGE; ST JOHNS R DAMES POINT BRIDGE; ST JOHNS RIVER; ST JOHNS RVR; ST. JOHNS R; ST. JOHNS RIVER; ST.JOHNS RIVER BUCKMAN BRIDGE; TROUT RIVER,3,8.0,8.0,,02246518,false,1,True,02246518,200
huc8_01090004,huc8,01,0109,010900,01090004,01090004,14,14,"01115098,01115110,01115114,01115120,01115170,01115183,01115184,01115187,01115190,01115265,01115275,01115276,01115280,01115297",2009-05-28,2023-10-17,14.387405886379192,True,10.98988331058802,14,BEAR TREE BROOK; CORK BK; DOLLY COLE BK; HEMLOCK BROOK; HUNTINGHOUSE BK; MOSWANSICUT STREAM; PEEPTOAD BROOK; PONAGANSET RIVER; QUONOPAUG BK; RUSH BROOK; SPRUCE BROOK; UNNAMED TRIB TO SCITUATE RES; WESTCONNAUG STREAM; WILBUR HOLLOW BK,3,8.0,8.0,,01115187,false,1,True,01115187,200
huc8_03060109,huc8,03,0306,030601,03060109,03060109,14,14,"02198810,02198820,02198840,02198920,02198950,02198955,021989715,021989773,021989784,021989792,021989793,0219897945,0219897993,02198980",2014-02-28,2026-08-22,12.479123887748118,True,35.43011015521369,14,"ABERCORN CREEK; BACK RIVER 0.4 MI DOWNSTREAM US17,; L BACK RIVER; LITTLE BACK RIVER; MIDDLE RIVER; SAVANNAH RIVER; SAVANNAH RIVER I-95",3,8.0,8.0,,02198920,partial,5,True,"02198920,021989715,021989773,0219897993,02198980",200
huc8_05140102,huc8,05,0514,051401,05140102,05140102,14,14,"03293510,03297800,03297900,03298000,03298135,03298150,03298200,03298250,03298300,03301900,03301940,03302000,03302030,03302050",2013-09-30,2025-09-25,11.986310746064339,True,43.68955536189709,14,BEARGRASS CREEK; BRIER CREEK; CEDAR CREEK; CHENOWETH RUN; FERN CREEK; FLOYDS FORK; NORTHERN DITCH; PENN RUN; POND CREEK,3,8.0,8.0,,03301940,partial,4,True,"03301900,03301940,03302000,03302030",200
huc8_03100207,huc8,03,0310,031002,03100207,03100207,12,12,"02310308,02310650,02310673,02310674,02310689,02310690,02310700,02310740,02310742,02310752,02313272,285531082412600",2017-05-05,2025-11-13,8.525667351129364,True,83.5952883805076,12,CHASSAHOWITZKA R; CHASSAHOWITZKA RIVER; CRYSTAL RIVER; CRYSTAL RV; HALLS RIVER; HOMOSASSA R; PITHLACHASCOTEE R; SALT RIVER; SARAGASSA CANAL; WITHLACOOCHEE R,3,8.0,8.0,,02310689,partial,3,True,"02310689,02310690,02310700",200
huc8_17080001,huc8,17,1708,170800,17080001,17080001,11,11,"14138720,14138850,14138870,14138900,14139800,14140020,14141500,14142500,453439122223900,453630122021400,453845121564001",2007-06-02,2020-09-23,13.311430527036277,True,41.70470971496772,11,"BULL RUN R; BULL RUN RIVER; COLUMBIA RIVER; COLUMBIA RIVER, LEFT BANK,; COLUMBIA RIVER, RIGHT BANK,; FIR CREEK; LITTLE SANDY RIVER; NORTH FORK BULL RUN RIVER; SANDY RIVER BLW BULL RUN RIVER,; SOUTH FORK BULL RUN RIVER",3,8.0,8.0,,14138870,partial,3,True,"14138870,14140020,14142500",200
huc8_05040001,huc8,05,0504,050400,05040001,05040001,11,12,"03119341,03119971,03119979,03120820,03120869,03120961,03125338,03126395,03127980,03127986,03127989",2015-07-01,2026-08-24,11.148528405201917,True,55.19835352011083,11,Bear Hole Run; Beaverdam Run; Brushy Fork; Clear Fork; Indian Fork; McGuire Creek; North Fork McGuire Creek; Standingstone Fork; Stillwater Creek; Unnamed Tributary; Willow Run,3,8.0,8.0,,03119341,false,1,True,03119341,200
huc8_14010001,huc8,14,1401,140100,14010001,14010001,11,12,"09010500,09014050,09027100,09032000,09033100,09033300,09034250,09041090,09058000,09060799,09070500",2016-10-21,2026-08-24,9.839835728952773,True,128.74396375049812,11,COLORADO RIVER; FRASER RIVER; FRASER RIVER BLW CROOKED CR; GRAND LAKE OUTLET BLW CHIPMUNK LN; MUDDY CREEK; RANCH CREEK; RANCH CREEK BLW MEADOW CR,3,8.0,8.0,,09033300,partial,6,True,"09027100,09033300,09034250,09058000,09060799,09070500",200
huc8_05140101,huc8,05,0514,051401,05140101,05140101,10,10,"03292470,03292474,03292475,03292480,03292500,03292550,03293000,03293500,03293530,03294570",2008-09-30,2025-11-19,17.136208076659823,True,41.828422890061375,10,GOOSE CREEK; HARRODS CREEK; LITTLE GOOSE CREEK; M FK BEARGRASS; M FK BEARGRASS CR; MILL CREEK; MUDDY FK; S FK BEARGRASS CREEK; SOUTH FORK BEARGRASS CREEK,3,8.0,8.0,,03292474,partial,2,True,"03292474,03292475",200
huc8_17090001,huc8,17,1709,170900,17090001,17090001,10,10,"14144800,14144900,14145500,14147500,14148000,14150000,14150290,14150800,14151000,14152000",2010-08-26,2025-11-30,15.263518138261464,True,56.899918829367614,10,"FALL CREEK; FALL CREEK BLW WINBERRY CREEK,; HILLS CR; MF WILLAMETTE RIVER ABV SALT CRK,; MF WILLAMETTE RIVER BLW N FORK,; MIDDLE FORK WILLAMETTE RIVER; N FK OF M FK WILLAMETTE R; WINBERRY CREEK",3,8.0,8.0,,14150800,partial,3,True,"14150800,14151000,14152000",200
huc8_01090001,huc8,01,0109,010900,01090001,01090001,10,11,"01104370,01104405,01104410,01104415,01104420,01104430,01104453,01104455,01104460,01104475",2012-03-26,2026-08-23,14.40930869267625,True,9.117268563937131,10,"CAMBRIDGE RES., UNNAMED TRIB 1,; CAMBRIDGE RES., UNNAMED TRIB 2,; CAMBRIDGE RES., UNNAMED TRIB 3,; HOBBS BK; HOBBS BROOK; STONY BROOK; STONY BROOK RES., UNNAMED TRIB 1,; STONY BROOK UNNAMED TRIB 2; STONY BROOK, UNNAMED TRIBUTARY 1,",3,8.0,8.0,,01104430,partial,7,True,"01104405,01104410,01104415,01104430,01104453,01104455,01104460",200
huc8_17090010,huc8,17,1709,170900,17090010,17090010,10,13,"14202980,14205400,14206694,14206950,14207200,452230122512201,452559122472401,453004122510301,453030122560101,453040123065201",2004-05-20,2017-12-10,13.557837097878165,True,47.00887033043926,10,"BEAVERTON CREEK; CHICKEN CREEK; EAST FORK DAIRY CREEK; FANNO CREEK; GALES CREEK; ROCK CREEK; SCOGGINS CK BLW HENRY HAGG LAKE,; SUMMER CREEK; TUALATIN RIVER",3,8.0,8.0,,14202980,partial,3,True,"14202980,14206694,14207200",200
huc8_17100307,huc8,17,1710,171003,17100307,17100307,10,11,"14330000,14335075,14337500,14337600,14337800,14337830,14337870,14338000,14338100,14339000",1988-03-16,1998-09-30,10.54072553045859,True,35.107325509603236,10,BIG BUTTE CREEK; ELK CREEK; ROGUE RIVER; WEST BRANCH ELK CREEK,3,8.0,8.0,,14338000,partial,5,True,"14337800,14337830,14338000,14338100,14339000",200
huc8_03050201,huc8,03,0305,030502,03050201,03050201,10,10,"02172002,02172020,02172040,02172050,021720508,02172053,021720677,0217206935,0217206962,021720698",2016-07-01,2026-08-25,10.149212867898699,True,40.243697798326885,10,BACK RIVER; COOPER R; COOPER RIVER; LAKE MOULTRIE TAILRACE CANAL; W BRANCH COOPER R; WANDO RIVER,3,8.0,8.0,,021720508,partial,7,True,"02172002,02172020,02172050,021720508,02172053,021720677,0217206935",200
huc8_03090202,huc8,03,0309,030902,03090202,03090202,10,14,"02277100,02286328,022907085,02290709,022908295,251209080350100,251241080385300,255151080371501,265906080093500,265929080091800",2016-11-02,2025-06-17,8.621492128678987,True,225.14588456298438,10,10B BLACK CREEK CANAL; BLACK CREEK CANAL WEST OF US1; BOTTLE CREEK; C-8 CANAL; LOX RIVER; LOXAHATCHEE RIVER; MUD CREEK; ST LUCIE RIVER; UPSTREAM TAYLOR RIVER; WETLAND,3,8.0,8.0,,255151080371501,not_queried,1,False,255151080371501,200
huc8_10020007,huc8,10,1002,100200,10020007,10020007,9,10,"06036805,06036905,06036940,06037100,06037500,06038500,06038800,06040000,06041000",2011-03-16,2026-08-24,15.441478439425051,True,131.23187203197423,9,Firehole River; Gibbon River; Madison River; Tantalus Creek,3,8.0,8.0,,06036940,partial,7,True,"06036940,06037100,06037500,06038500,06038800,06040000,06041000",200
huc8_03040206,huc8,03,0304,030402,03040206,03040206,9,9,"02110400,02110500,02110550,02110701,02110704,02110725,02110802,021108125,02110815",2013-06-22,2026-08-24,13.17180013689254,True,70.47600837871958,9,AIW; BUCK CREEK; CRABTREE SWAMP; WACCAMAW R; WACCAMAW RIVER,3,8.0,8.0,,02110704,partial,6,True,"02110500,02110550,02110704,02110802,021108125,02110815",200
huc8_05030103,huc8,05,0503,050301,05030103,05030103,9,9,"03086500,03090500,03091500,03092090,03092460,03094000,03095500,03098600,03099500",2011-09-30,2024-05-26,12.654346338124572,True,57.08612675039523,9,Mahoning River; Mosquito Creek; West Branch Mahoning River,3,8.0,8.0,,03091500,partial,6,True,"03086500,03090500,03091500,03094000,03098600,03099500",200
huc8_07120001,huc8,07,0712,071200,07120001,07120001,9,9,"05515500,05516665,05517000,05517010,05517500,05518000,05527000,05527500,412320088154101",2016-12-01,2026-08-24,9.727583846680355,True,150.4369340321143,9,KANKAKEE R; KANKAKEE RIVER; YELLOW RIVER,3,8.0,8.0,,05517000,partial,7,True,"05516665,05517000,05517010,05517500,05518000,05527000,05527500",200
huc8_17090005,huc8,17,1709,170900,17090005,17090005,9,10,"14178000,14179000,14180300,14181500,14182500,14183000,14184100,14189050,444728122450000",2001-05-25,2009-12-14,8.555783709787816,True,75.03140512325368,9,"BLOWOUT CREEK; BREITENBUSH R ABV FRENCH CR; LITTLE NORTH SANTIAM RIVER; NO SANTIAM R BLW BOULDER CRK,; NORTH SANTIAM R; NORTH SANTIAM RIVER; SANTIAM RIVER",3,8.0,8.0,,14179000,partial,6,True,"14179000,14181500,14183000,14184100,14189050,444728122450000",200
huc8_18010204,huc8,18,1801,180102,18010204,18010204,9,10,"11507500,11507501,11509370,420448121503100,420451121510000,420741121554001,420853121505500,420853121505501,421015121471800",2018-05-12,2026-08-19,8.271047227926077,True,16.515576613706973,9,"KLAMATH RIVER; KLAMATH RIVER ABV KENO DAM,; KLAMATH STRAITS DRAIN; LINK RIVER; LOST RIVER DIVERSION CHANNEL",3,8.0,8.0,,420853121505500,partial,6,True,"11507500,11507501,11509370,420741121554001,420853121505500,420853121505501",200
huc8_04070007,huc8,04,0407,040700,04070007,04070007,8,8,"04136000,04136500,04136900,04137005,04137020,04137025,04137030,04137500",1996-10-01,2026-08-17,29.87542778918549,True,73.10240136067748,8,AU SABLE RIVER,3,8.0,8.0,,04137005,true,8,False,"04136000,04136500,04136900,04137005,04137020,04137025,04137030,04137500",200
huc8_17110004,huc8,17,1711,171100,17110004,17110004,8,8,"12205000,12209490,12210000,12210700,12210900,12212050,12212430,12213100",2008-09-30,2026-08-05,17.845311430527037,True,54.90683375428679,8,ANDERSON CREEK; FISHTRAP CREEK; NF NOOKSACK RIVER; NOOKSACK RIVER; SF NOOKSACK RIVER; SKOOKUM CREEK; UNNAMED TRIB TO BERTRAND CR,3,8.0,8.0,,12213100,partial,2,True,"12210700,12213100",200
huc8_02040205,huc8,02,0204,020402,02040205,02040205,8,9,"01478137,01480065,01480400,01480500,01480617,01480870,01481000,01481500",2006-10-01,2024-02-28,17.409993155373034,True,40.576488105514414,8,BRANDYWINE CREEK; Birch Run; Brandywine Creek; CHRISTINA RIVER; East Branch Brandywine Creek; Trout Run; West Branch Brandywine Creek,3,8.0,8.0,,01480617,partial,4,True,"01480500,01480617,01481000,01481500",200
huc8_02040104,huc8,02,0204,020401,02040104,02040104,8,9,"01432110,01432160,01432805,01433500,01434000,01435000,01436690,01440000",2013-09-30,2024-08-17,10.880219028062971,True,92.24385722966538,8,DELAWARE RIVER; Flat Brook; Lackawaxen River; MONGAUP RIVER; NEVERSINK RIVER,3,8.0,8.0,,01432160,partial,3,True,"01432160,01432805,01434000",200
huc8_03090204,huc8,03,0309,030902,03090204,03090204,8,9,"02290928,02290930,255123081321300,255327081275900,255432081303900,255534081324000,255654081350200,255726081303700",2007-06-14,2017-09-09,10.239561943874058,True,27.91154303781325,8,BARRON RIVER; BLACKWATER RIVER; EAST RIVER; FAKA UNION BOUNDARY; FAKA UNION CANAL BOAT BASIN; FAKA-UNION RIVER; PUMPKIN RIVER; TURNER RIVER,3,8.0,8.0,,255432081303900,false,1,True,255432081303900,200
huc8_04040003,huc8,04,0404,040400,04040003,04040003,8,9,"040869416,04087000,04087070,040871473,040871475,040871476,040871488,04087159",2007-07-03,2016-10-23,9.308692676249144,True,23.556292235866387,8,HOLMES AVE CRK TRIB; KINNICKINNIC RIVER; LINCOLN CREEK; LITTLE MENOMONEE RIVER; MILWAUKEE RIVER; WILSON PARK CK; WILSON PARK CREEK,3,8.0,8.0,,04087159,false,1,True,04087159,200
huc8_17090012,huc8,17,1709,170900,17090012,17090012,7,7,"14211400,14211499,14211500,14211542,14211546,14211550,14211720",2001-11-02,2012-12-18,11.126625598904859,True,19.58495299792844,7,CRYSTAL SPRINGS CREEK; JOHNSON CREEK; KELLEY CREEK; WILLAMETTE RIVER,3,8.0,8.0,,14211499,partial,4,True,"14211499,14211500,14211550,14211720",200
huc8_08090302,huc8,08,0809,080903,08090302,08090302,7,7,"07381150,07381324,07381328,07381331,07381350,07381355,073814675",2006-10-19,2017-11-01,11.0362765229295,True,54.44760688602523,7,Bayou Boeuf; Bayou Grand Caillou; Bayou Lafourche; Company Canal; GIWW; Houma Navigation Canal,3,8.0,8.0,,07381355,not_queried,1,False,07381355,200
huc8_02080201,huc8,02,0208,020802,02080201,02080201,7,7,"02011400,02011460,02011470,02011490,02011500,02011800,02012800",1984-10-01,1995-10-02,11.000684462696784,True,52.00038260578944,7,BACK CREEK; JACKSON RIV; JACKSON RIVER; LITTLE BACK CREEK,3,8.0,8.0,,02011500,partial,5,True,"02011460,02011470,02011500,02011800,02012800",200
huc8_02040101,huc8,02,0204,020401,02040101,02040101,7,8,"01425000,01426500,01427000,01427207,01427301,01427510,01428500",1996-09-30,2007-05-07,10.598220396988363,True,71.53479945628642,7,DELAWARE R; DELAWARE RIVER; WEST BRANCH DELAWARE RIVER,3,8.0,8.0,,01427207,true,7,False,"01425000,01426500,01427000,01427207,01427301,01427510,01428500",200
huc8_03130002,huc8,03,0313,031300,03130002,03130002,7,7,"02336526,02336728,02337000,02337170,02337410,02337498,02338523",2014-10-01,2024-05-01,9.582477754962355,True,86.06310941387979,7,CHATTAHOOCHEE RIVER; DOG RIVER; HILLABAHATCHEE CREEK; PROCTOR CREEK; SNAKE CRK DS SNAKE CRK RESERVIOR; SWEETWATER CREEK; UTOY CREEK,3,8.0,8.0,,02337170,false,1,True,02337170,200
huc8_03050101,huc8,03,0305,030501,03050101,03050101,7,7,"02137727,02138520,02141500,0214196125,0214244102,0214264790,0214267602",2017-04-01,2026-08-25,9.399041752224504,True,104.77725768060257,7,CATAWBA R; CATAWBA RIVER; CATAWBA RIVER DNSTRM DECK MTN IS DAM,3,8.0,8.0,,02138520,partial,6,True,"02138520,02141500,0214196125,0214244102,0214264790,0214267602",200
huc8_17100301,huc8,17,1710,171003,17100301,17100301,6,6,"14316460,14316495,14316500,14317450,14318000,14319500",1999-06-25,2024-10-20,25.322381930184804,True,72.84609732643156,6,BOULDER CREEK; LITTLE RIVER; N UMPQUA RIVER ABV COPELAND CK; NORTH UMPQUA R; NORTH UMPQUA RIVER,3,8.0,8.0,,14316495,partial,3,True,"14316495,14316500,14317450",200
huc8_17090006,huc8,17,1709,170900,17090006,17090006,6,6,"14185000,14185800,14185900,14186200,14187200,14187500",2007-10-24,2026-08-24,18.833675564681723,True,35.84391118173868,6,MIDDLE SANTIAM R; MIDDLE SANTIAM R BLW GREEN PETER DAM; QUARTZVILLE CREEK; SOUTH SANTIAM RIVER,3,8.0,8.0,,14187500,partial,3,True,"14185000,14187200,14187500",200
huc8_11020002,huc8,11,1102,110200,11020002,11020002,6,6,"07096000,07097000,07099400,07099969,07109500,381312104321001",2008-09-30,2026-08-24,17.897330595482547,True,77.68031900792369,6,ARKANSAS R.; ARKANSAS RIVER; BESSEMER DITCH,3,8.0,8.0,,07099400,partial,4,True,"07097000,07099400,07099969,07109500",200
huc8_04090004,huc8,04,0409,040900,04090004,04090004,6,6,"04166100,04166470,04166500,04167150,04167625,04168400",2001-10-24,2017-10-31,16.019164955509925,True,21.042937660480032,6,LOWER RIVER ROUGE; MIDDLE RIVER ROUGE; RIVER ROUGE; UPPER RIVER ROUGE,3,8.0,8.0,,04166500,partial,2,True,"04166100,04166500",200
huc8_17090003,huc8,17,1709,170900,17090003,17090003,6,6,"14158100,14166000,14169000,14170000,14173500,14174000",2010-11-10,2026-08-24,15.786447638603697,True,60.835518042145054,6,CALAPOOIA RIVER; LONG TOM RIVER; WILLAMETTE RIVER,3,8.0,8.0,,14170000,partial,3,True,"14169000,14170000,14174000",200
huc8_05020006,huc8,05,0502,050200,05020006,05020006,6,6,"03076500,03077100,03077500,03079000,03081000,03083500",2012-10-01,2026-08-24,13.894592744695414,True,73.53942446153566,6,Casselman River; YOUGHIOGHENY RIVER; Youghiogheny R; Youghiogheny River,3,8.0,8.0,,03081000,partial,5,True,"03076500,03077100,03077500,03081000,03083500",200
huc8_10020004,huc8,10,1002,100200,10020004,10020004,6,6,"06024450,06024580,06025250,06025500,06026210,06026420",2014-07-01,2026-08-24,12.147843942505133,True,85.64598840517054,6,Big Hole R; Big Hole River,3,8.0,8.0,,06024450,true,6,False,"06024450,06024580,06025250,06025500,06026210,06026420",200
huc8_17110010,huc8,17,1711,171100,17110010,17110010,6,6,"12147470,12147500,12147600,12148000,12148300,12148500",2016-10-01,2026-08-24,9.894592744695414,True,16.80071101070241,6,NF TOLT RIVER; NORTH FORK TOLT RIVER; SF TOLT RIVER; SOUTH FORK TOLT RIVER; TOLT RIVER,3,8.0,8.0,,12147600,partial,4,True,"12147600,12148000,12148300,12148500",200
huc8_18010110,huc8,18,1801,180101,18010110,18010110,6,6,"11462500,11463000,11463682,11463980,11465240,11467000",2016-10-01,2026-08-24,9.894592744695414,True,60.22719854818738,6,DRY C BLW LAMBERT BR; RUSSIAN R; RUSSIAN R A DIGGER BEND; RUSSIAN R A HACIENDA BRIDGE; RUSSIAN R A JIMTOWN CA,3,8.0,8.0,,11463682,partial,5,True,"11462500,11463000,11463682,11463980,11467000",200
huc8_03060106,huc8,03,0306,030601,03060106,03060106,6,6,"02197000,02197320,021973426,02197351,02197362,02197380",1984-06-07,1993-09-21,9.289527720739219,True,42.38749399595239,6,C-004; LOWER THREE RUNS; P-013; P-19; SAVANNAH R.; SAVANNAH RIVER,3,8.0,8.0,,02197380,false,1,True,02197380,200
huc8_11020003,huc8,11,1102,110200,11020003,11020003,6,6,"07105530,07105800,07105815,07105820,07106000,07106500",2017-09-18,2026-08-24,8.930869267624914,True,59.74546094631443,6,CLOVER DITCH DRAIN; FOUNTAIN CR BLW JANITELL RD BLW COLO. SPRINGS; FOUNTAIN CREEK,3,8.0,8.0,,07105800,partial,4,True,"07105530,07105800,07106000,07106500",200
huc8_02040106,huc8,02,0204,020401,02040106,02040106,6,7,"01447500,01447720,01447800,01449360,01449800,01454700",2017-10-01,2026-08-24,8.895277207392198,True,63.88978085186314,6,Lehigh R; Lehigh River; Pohopoco Cr; Pohopoco Creek; Tobyhanna Creek,3,8.0,8.0,,01447720,partial,3,True,"01447720,01447800,01454700",200
huc8_17070301,huc8,17,1707,170703,17070301,17070301,6,6,"14070615,14070621,14070624,14070900,14076500,14091500",2017-10-31,2026-08-24,8.813141683778234,True,66.56997719535198,6,"BRIDGE CREEK; DESCHUTES RIVER; DIVERSION CANAL TO BRIDGE CREEK,; M F TUMALO CREEK ABV PROWELL SPRINGS,; M F TUMALO CREEK BLW PROWELL SPRINGS,; METOLIUS RIVER",3,8.0,8.0,,14070624,partial,4,True,"14070615,14070621,14070624,14076500",200
huc8_05010006,huc8,05,0501,050100,05010006,05010006,6,6,"03034000,03034500,03036000,03038000,03039000,03039040",2018-05-31,2026-08-24,8.232717316906228,True,62.27349038585094,6,Allegheny River; Crooked Creek; Little Mahoning Creek; Mahoning Creek,3,8.0,8.0,,03034500,partial,3,True,"03034500,03036000,03039040",200
huc8_17110005,huc8,17,1711,171100,17110005,17110005,6,6,"12172000,12173500,12178000,12179900,12181000,12182500",2018-06-27,2026-08-24,8.158795345653662,True,38.503768881967005,6,BACON CREEK; BIG BEAVER CREEK; CASCADE RIVER; RUBY CREEK; SKAGIT RIVER,3,8.0,8.0,,12178000,partial,2,True,"12178000,12181000",200
huc8_03050109,huc8,03,0305,030501,03050109,03050109,5,5,"02163001,02167600,02167716,02168504,02169000",1996-10-02,2026-08-24,29.89185489390828,True,141.26912943691863,5,LITTLE SALUDA R; SALUDA R; SALUDA RIVER,3,8.0,8.0,,02167716,partial,3,True,"02167716,02168504,02169000",200
huc8_04060102,huc8,04,0406,040601,04060102,04060102,5,5,"04121650,04121660,04121680,04121944,04121970",1998-10-21,2026-08-24,27.84120465434634,True,32.90342642334707,5,LITTLE MUSKEGON RIVER; MUSKEGON RIVER,3,8.0,8.0,,04121680,partial,3,True,"04121650,04121680,04121970",200
huc8_02040202,huc8,02,0204,020402,02040202,02040202,5,5,"01466500,01467150,01474703,01477050,01477120",1998-10-28,2026-08-24,27.822039698836413,True,73.68651519752127,5,Cooper River; DELAWARE RIVER; Delaware River; McDonalds Branch in Byrne State Forest NJ; Raccoon Creek,3,8.0,8.0,,01474703,not_queried,1,False,01474703,200
huc8_03090101,huc8,03,0309,030901,03090101,03090101,5,8,"02264000,02264100,02266200,02266300,02266495",2001-12-20,2025-11-16,23.906913073237508,True,14.06035471967213,5,BONNET CREEK; CYPRESS CREEK; REEDY CREEK; WHITTENHORSE CREEK,3,8.0,8.0,,02266300,partial,2,True,"02266300,02266495",200
huc8_17090002,huc8,17,1709,170900,17090002,17090002,5,5,"14152500,14153500,14154500,14155500,14157500",2009-08-07,2026-08-24,17.045859000684462,True,38.88282205762142,5,COAST FORK; COAST FORK WILLAMETTE; COAST FORK WILLAMETTE RIVER; ROW RIVER,3,8.0,8.0,,14154500,partial,3,True,"14154500,14155500,14157500",200
huc8_03150202,huc8,03,0315,031502,03150202,03150202,5,6,"02423130,02423160,02423380,02423397,02423496",2011-08-08,2026-07-20,14.948665297741274,True,33.97827272786082,5,CAHABA RIVER; LITTLE CAHABA RIVER,3,8.0,8.0,,02423397,partial,2,True,"02423397,02423496",200
huc8_17060208,huc8,17,1706,170602,17060208,17060208,5,5,"13310800,13310850,13311000,13311250,13311450",2012-04-29,2026-06-30,14.168377823408624,True,5.513557120557948,5,EF OF SF SALMON RIVER; EFSF SALMON R ABV MEADOW CRK; EFSF SALMON R ABV SUGAR CRK; MEADOW CREEK; SUGAR CREEK,3,8.0,8.0,,13311000,partial,4,True,"13310800,13311000,13311250,13311450",200
huc8_03160111,huc8,03,0316,031601,03160111,03160111,5,5,"02455980,02457595,02458148,02458450,02458502",2014-07-26,2026-08-24,12.07939767282683,True,27.557587748250622,5,FIVEMILE CREEK; TURKEY CREEK; VILLAGE CREEK,3,8.0,8.0,,02458148,partial,3,True,"02458148,02458450,02458502",200
huc8_05110001,huc8,05,0511,051100,05110001,05110001,5,5,"03306000,03306500,03307000,03309000,03311500",2003-07-12,2014-11-30,11.38672142368241,True,81.00360168117106,5,GREEN RIVER; RUSSELL CREEK,3,8.0,8.0,,03311500,partial,4,True,"03306000,03306500,03309000,03311500",200
huc8_05020005,huc8,05,0502,050200,05020005,05020005,5,5,"03072000,03072655,03073000,03075070,03085000",2013-09-30,2024-11-26,11.156741957563312,True,70.91188422947694,5,Dunkard Creek; Monongahela River; South Fork Tenmile Creek,3,8.0,8.0,,03073000,partial,3,True,"03073000,03075070,03085000",200
huc8_03110206,huc8,03,0311,031102,03110206,03110206,5,5,"02321500,02321958,02322500,02322700,02322800",2017-01-19,2026-08-24,9.593429158110883,True,41.8610089482837,5,ICHETUCKNEE R; SANTA FE RIVER,3,8.0,8.0,,02322800,partial,4,True,"02321500,02321958,02322500,02322800",200
huc8_17010201,huc8,17,1701,170102,17010201,17010201,5,5,"12323770,12323800,12324200,12324400,12324590",2017-03-29,2026-08-24,9.404517453798768,True,37.71224014474998,5,Clark Fork; Little Blackfoot River; Warm Springs Creek,3,8.0,8.0,,12324200,partial,3,True,"12323800,12324200,12324400",200
huc8_05030102,huc8,05,0503,050301,05030102,05030102,5,5,"03094704,03102850,03102950,03103500,03104490",2017-04-27,2026-08-24,9.325119780971937,True,60.80136884503785,5,Mosquito Creek; Pymatuning Creek; Shenango River,3,8.0,8.0,,03102850,partial,3,True,"03102850,03103500,03104490",200
huc8_05120201,huc8,05,0512,051202,05120201,05120201,5,5,"03353200,03353415,03353420,03353611,03354000",2018-02-13,2026-08-24,8.525667351129364,True,51.33525301472768,5,EAGLE CREEK; SCHOOL BRANCH; WHITE R.; WHITE RIVER,3,8.0,8.0,,03353420,partial,4,True,"03353415,03353420,03353611,03354000",200
huc8_10300101,huc8,10,1030,103001,10300101,10300101,5,8,"06893060,06893620,06893820,06893890,06894000",2011-12-20,2020-06-09,8.470910335386721,True,19.099538358928815,5,East Fork Little Blue River; Little Blue R.; Little Blue River; Missouri River; Rock Creek,3,8.0,8.0,,06894000,partial,2,True,"06893820,06894000",200
huc8_03050208,huc8,03,0305,030502,03050208,03050208,5,5,"02176585,02176603,02176611,02176635,02176640",1998-11-06,2007-03-20,8.366872005475702,True,13.95224387135223,5,BATTERY CREEK; BEAUFORT RIVER; BRICKYARD CREEK,3,8.0,8.0,,02176611,partial,4,True,"02176585,02176603,02176611,02176640",200
huc8_02030103,huc8,02,0203,020301,02030103,02030103,5,8,"01382500,01388000,01389005,01391100,01391500",2001-07-14,2009-09-07,8.150581793292266,True,30.453520211888687,5,Hohokus Brook; Passaic River; Pequannock River; Ramapo River; Saddle River,3,8.0,8.0,,01391100,partial,2,True,"01391100,01391500",200
huc8_03150104,huc8,03,0315,031501,03150104,03150104,5,7,"02388975,02388985,02389150,02394000,02394682",2018-07-25,2026-08-24,8.082135523613964,True,85.04794256394612,5,ETOWAH RIVER; RICHLAND CREEK; RUSSELL CRK 0.3 MI DS HEAD LAKE,3,8.0,8.0,,02389150,partial,3,True,"02388975,02389150,02394000",200
huc8_03100205,huc8,03,0310,031002,03100205,03100205,5,5,"02304000,02304510,02304517,023060013,02306028",2017-10-26,2025-11-19,8.06570841889117,True,15.606259374321452,5,HILLSBOROUGH R; HILLSBOROUGH R.; HILLSBOROUGH RIVER,3,8.0,8.0,,023060013,true,5,False,"02304000,02304510,02304517,023060013,02306028",200
huc8_17070105,huc8,17,1707,170701,17070105,17070105,4,4,"14105700,453712121071200,453845121562000,454249120423500",1996-06-26,2026-08-24,30.16016427104723,True,95.78998115815456,4,"COLUMBIA RIVER; COLUMBIA RIVER, RIGHT BANK,",3,8.0,8.0,,453845121562000,partial,3,True,"14105700,453712121071200,453845121562000",200
huc8_04060103,huc8,04,0406,040601,04060103,04060103,4,4,"04124000,04124200,04125460,04125550",1996-12-01,2026-08-24,29.727583846680357,True,27.61195743875943,4,MANISTEE RIVER; PINE RIVER,3,8.0,8.0,,04124200,partial,3,True,"04124000,04124200,04125550",200
huc8_17110012,huc8,17,1711,171100,17110012,17110012,4,4,"12115000,12116500,12117600,12119000",2001-05-05,2026-08-24,25.30321697467488,True,45.27041356075023,4,CEDAR RIVER,3,8.0,8.0,,12116500,true,4,False,"12115000,12116500,12117600,12119000",200
huc8_03010107,huc8,03,0301,030101,03010107,03010107,4,4,"0208062765,02081022,02081094,0208114150",2000-05-11,2022-01-05,21.65366187542779,True,89.84805075457822,4,ROANOKE RIVER,3,8.0,8.0,,02081022,true,4,False,"0208062765,02081022,02081094,0208114150",200
huc8_03040207,huc8,03,0304,030402,03040207,03040207,4,4,"02110755,02110760,02110770,02110777",2005-10-29,2026-08-25,20.82135523613963,True,23.053806278268816,4,AIW,3,8.0,8.0,,02110770,true,4,False,"02110755,02110760,02110770,02110777",200
huc8_10020005,huc8,10,1002,100200,10020005,10020005,4,4,"06026500,06027600,06035000,06036650",2006-07-01,2026-08-24,20.147843942505133,True,65.08935528995022,4,Jefferson River; Willow Creek,3,8.0,8.0,,06027600,partial,3,True,"06026500,06027600,06036650",200
huc8_10070002,huc8,10,1007,100700,10070002,10070002,4,4,"06191500,06192500,06195750,06195950",2007-07-13,2026-08-24,19.11567419575633,True,105.36649377618865,4,Yellowstone River,3,8.0,8.0,,06195750,true,4,False,"06191500,06192500,06195750,06195950",200
huc8_07040006,huc8,07,0704,070400,07040006,07040006,4,4,"05382255,05382257,05382267,05382284",2009-08-04,2026-08-24,17.05407255304586,True,9.11918744547211,4,LA CROSSE RIVER; SILVER CREEK; STILLWELL CREEK,3,8.0,8.0,,05382267,false,1,True,05382267,200
huc8_05060001,huc8,05,0506,050600,05060001,05060001,4,4,"03219500,03220510,03228039,03228300",2010-10-01,2026-08-24,15.89596167008898,True,66.41428992918047,4,Big Walnut Creek; Scioto R.; Scioto River,3,8.0,8.0,,03228300,false,1,True,03228300,200
huc8_08030207,huc8,08,0803,080302,08030207,08030207,4,4,"07288000,07288280,07288500,07288650",2010-10-28,2024-10-22,13.984941820670773,True,92.52651535161864,4,BIG SUNFLOWER RIVER; BOGUE PHALIA,3,8.0,8.0,,07288280,partial,3,True,"07288000,07288280,07288500",200
huc8_05090203,huc8,05,0509,050902,05090203,05090203,4,5,"03260100,03262001,03277075,03277130",2001-03-07,2014-09-29,13.56331279945243,True,26.274385159368144,4,ELIJAHS CREEK; GUNPOWDER CR; MUD LICK CR; WOOLPER CREEK,3,8.0,8.0,,03262001,false,1,True,03262001,200
huc8_11130206,huc8,11,1113,111302,11130206,11130206,4,4,"07311900,07312100,07312500,07312700",1998-09-30,2011-09-29,12.996577686516085,True,108.17190285227927,4,Wichita Rv,3,8.0,8.0,,07312500,true,4,False,"07311900,07312100,07312500,07312700",200
huc8_05010007,huc8,05,0501,050100,05010007,05010007,4,4,"03041500,03042000,03043810,03044000",2013-09-29,2026-08-24,12.900752908966462,True,31.116461798796756,4,Blacklick Creek; Conemaugh River,3,8.0,8.0,,03043810,partial,3,True,"03041500,03043810,03044000",200
huc8_05010005,huc8,05,0501,050100,05010005,05010005,4,4,"03026480,03027500,03028000,03028500",2013-10-01,2026-05-06,12.594113620807667,True,21.391621577402248,4,Clarion River; EB Clarion River; East Branch Clarion River; West Branch Clarion River,3,8.0,8.0,,03028000,partial,2,True,"03028000,03028500",200
huc8_02070010,huc8,02,0207,020700,02070010,02070010,4,4,"01649190,01649500,01654500,01656903",2013-02-08,2025-06-03,12.314852840520192,True,44.61655829353209,4,FLATLICK BRANCH; LONG BRANCH; NORTHEAST BRANCH ANACOSTIA RIVER; PAINT BRANCH,3,8.0,8.0,,01649500,partial,2,True,"01649190,01649500",200
huc8_17060306,huc8,17,1706,170603,17060306,17060306,4,4,"13340000,13341050,13342500,13343000",2008-09-30,2021-01-05,12.265571526351813,True,54.63048879847498,4,CLEARWATER RIVER,3,8.0,8.0,,13340000,true,4,False,"13340000,13341050,13342500,13343000",200
huc8_18040001,huc8,18,1804,180400,18040001,18040001,4,5,"11261100,11261500,11262900,11273400",2010-10-01,2022-11-08,12.10403832991102,True,15.581174292074431,4,MUD SLOUGH; SALT SLOUGH A HWY 165; SAN JOAQUIN R; SAN JOAQUIN R A FREMONT FORD BRIDGE CA,3,8.0,8.0,,11261500,partial,2,True,"11261500,11273400",200
huc8_19020302,huc8,19,1902,190203,19020302,19020302,4,5,"15258000,15260001,15261000,15266300",2015-07-21,2026-08-10,11.055441478439425,True,69.56196199269289,4,COOPER C; KENAI R,3,8.0,8.0,,15261000,not_queried,1,False,15261000,200
huc8_07070005,huc8,07,0707,070700,07070005,07070005,4,8,"05406460,05406470,05406491,05406500",1985-01-03,1995-09-29,10.735112936344969,True,7.636379645391462,4,BLACK EARTH CREEK; BREWERY CREEK; GARFOOT CREEK,3,8.0,8.0,,05406470,partial,2,True,"05406470,05406500",200
huc8_02050305,huc8,02,0205,020503,02050305,02050305,4,6,"01570500,0157155010,0157155014,01571820",1996-10-17,2007-07-10,10.726899383983573,True,64.08478094349593,4,"Susquehanna River; Swatara Creek; Swatara Creek, Site C1,; Swatara Creek, Site C3,",3,8.0,8.0,,0157155014,partial,3,True,"0157155010,0157155014,01571820",200
huc8_14050006,huc8,14,1405,140500,14050006,14050006,4,5,"09306007,09306222,09306242,09306255",1975-01-22,1985-09-29,10.685831622176591,True,42.372154116298354,4,CORRAL GULCH; PICEANCE CREEK; YELLOW CREEK,3,8.0,8.0,,09306222,partial,2,True,"09306007,09306222",200
huc8_02060003,huc8,02,0206,020600,02060003,02060003,4,4,"01581752,01581920,01585075,01589290",2016-01-16,2026-08-23,10.600958247775496,True,38.60752334834006,4,FOSTER BRANCH; GUNPOWDER FALLS; PLUMTREE RUN; SCOTTS LEVEL BRANCH,3,8.0,8.0,,01581752,false,1,True,01581752,200
huc8_05100205,huc8,05,0510,051002,05100205,05100205,4,4,"03287500,03288180,03289000,03289500",2016-06-24,2026-07-12,10.047912388774812,True,35.203035910998956,4,CANE RUN CREEK; ELKHORN CREEK; KENTUCKY RIVER; SOUTH ELKHORN CREEK,3,8.0,8.0,,03287500,false,1,True,03287500,200
huc8_05130204,huc8,05,0513,051302,05130204,05130204,4,4,"03432100,0343233905,034324146,03433500",2016-10-21,2026-08-24,9.839835728952773,True,32.19735391115431,4,HARPETH RIVER,3,8.0,8.0,,034324146,true,4,False,"03432100,0343233905,034324146,03433500",200
huc8_03100101,huc8,03,0310,031001,03100101,03100101,4,4,"02297345,02297350,02297460,02298202",2016-04-07,2025-11-19,9.618069815195073,True,12.970286359415859,4,PEACE RIVER; SHELL CREEK,3,8.0,8.0,,02297350,partial,3,True,"02297345,02297350,02297460",200
huc8_02030105,huc8,02,0203,020301,02030105,02030105,4,6,"01400500,01401000,01402000,01460595",2012-02-01,2021-08-30,9.57700205338809,True,26.78298316966897,4,Del & Rar Canal; Millstone River; Raritan River; Stony Brook,3,8.0,8.0,,01460595,partial,2,True,"01400500,01460595",200
huc8_10230006,huc8,10,1023,102300,10230006,10230006,4,4,"06610000,06610505,410333095530101,412126095565201",2013-04-13,2022-06-24,9.196440793976729,True,33.580351216280725,4,Missouri River,3,8.0,8.0,,06610000,true,4,False,"06610000,06610505,410333095530101,412126095565201",200
huc8_16050102,huc8,16,1605,160501,16050102,16050102,4,5,"10348000,10348200,10350500,10351600",1989-08-26,1998-09-29,9.092402464065708,True,30.961535255828085,4,TRUCKEE RV; TRUCKEE RV BLW DERBY DAM,3,8.0,8.0,,10350500,true,4,False,"10348000,10348200,10350500,10351600",200
huc8_10160003,huc8,10,1016,101600,10160003,10160003,4,4,"06470500,06470830,06470875,06471000",1985-10-10,1994-09-30,8.971937029431896,True,83.61368386426112,4,DAKOTA LAKE; JAMES RIVER,3,8.0,8.0,,06470830,true,4,False,"06470500,06470830,06470875,06471000",200
huc8_02040203,huc8,02,0204,020402,02040203,02040203,4,6,"01470779,01470960,01472157,01473500",2017-10-01,2026-08-24,8.895277207392198,True,76.70714096595154,4,French Creek; Schuylkill River; Tulpehocken Cr; Tulpehocken Creek,3,8.0,8.0,,01470960,partial,3,True,"01470779,01470960,01473500",200
huc8_03080101,huc8,03,0308,030801,03080101,03080101,4,4,"02232400,02234000,02234500,02236000",2007-12-12,2016-09-29,8.799452429842573,True,86.70050807610545,4,ST. JOHNS RIVER,3,8.0,8.0,,02234500,true,4,False,"02232400,02234000,02234500,02236000",200
huc8_07120004,huc8,07,0712,071200,07120004,07120004,4,5,"05536995,05537980,05538010,05539670",2017-11-17,2026-08-24,8.766598220396988,True,28.18497019521645,4,CHICAGO SANITARY AND SHIP CANAL; DES PLAINES RIVER,3,8.0,8.0,,05537980,partial,3,True,"05537980,05538010,05539670",200
huc8_14080104,huc8,14,1408,140801,14080104,14080104,4,4,"09359020,09361500,09363500,09364500",2016-04-06,2024-10-09,8.509240246406572,True,127.57505917086027,4,ANIMAS RIVER,3,8.0,8.0,,09361500,true,4,False,"09359020,09361500,09363500,09364500",200
huc8_03050103,huc8,03,0305,030501,03050103,03050103,4,4,"02145910,02147310,021474095,02147505",2018-04-01,2026-08-24,8.396988364134154,True,54.095743080862285,4,CATAWBA RIVER; CEDAR CREEK RES TAILRACE; GREAT FALLS RESERVOIR TAILRACE,3,8.0,8.0,,02147310,true,4,False,"02145910,02147310,021474095,02147505",200
huc8_17110014,huc8,17,1711,171100,17110014,17110014,4,4,"12098700,12100490,12101100,12101102",2016-06-08,2024-09-29,8.309377138945928,True,19.404412288200536,4,LAKE TAPPS DIVERSION; WHITE RIVER,3,8.0,8.0,,12101100,not_queried,1,False,12101100,200
huc8_17010204,huc8,17,1701,170102,17010204,17010204,3,3,"12340500,12353650,12354700",1985-07-31,2026-08-24,41.06502395619439,True,87.7911284879233,3,Clark Fork,3,8.0,8.0,,12353650,true,3,False,"12340500,12353650,12354700",200
huc8_17100309,huc8,17,1710,171003,17100309,17100309,3,3,"14362000,14366000,14369500",1985-10-01,2026-08-24,40.8952772073922,True,40.413774823770765,3,APPLEGATE RIVER,3,8.0,8.0,,14366000,true,3,False,"14362000,14366000,14369500",200
huc8_18040010,huc8,18,1804,180400,18040010,18040010,3,3,"11299997,11302000,11303000",1985-07-01,2023-04-05,37.76043805612594,True,47.281569491750474,3,STANISLAUS R; STANISLAUS R A RIPON CA,3,8.0,8.0,,11302000,true,3,False,"11299997,11302000,11303000",200
huc8_02040102,huc8,02,0204,020401,02040102,02040102,3,3,"01417500,01420500,01421000",1987-09-30,2025-04-17,37.54688569472964,True,16.402587960105578,3,BEAVER KILL; EAST BRANCH DELAWARE RIVER,3,8.0,8.0,,01421000,partial,2,True,"01417500,01421000",200
huc8_16050101,huc8,16,1605,160501,16050101,16050101,3,3,"10336610,10336730,10336780",1998-04-08,2026-08-24,28.37782340862423,True,18.88251437636639,3,GLENBROOK CK; TROUT CK; UPPER TRUCKEE RV,3,8.0,8.0,,10336610,false,1,True,10336610,200
huc8_14040106,huc8,14,1404,140401,14040106,14040106,3,3,"09217000,09234500,09261000",1998-09-25,2026-08-24,27.912388774811774,True,124.46144870129672,3,GREEN RIVER,3,8.0,8.0,,09234500,partial,2,True,"09234500,09261000",200
huc8_11010003,huc8,11,1101,110100,11010003,11010003,3,3,"07053450,07054501,07054527",2000-09-30,2026-08-24,25.897330595482547,True,71.41599209853858,3,White River,3,8.0,8.0,,07054501,true,3,False,"07053450,07054501,07054527",200
huc8_02020006,huc8,02,0202,020200,02020006,02020006,3,3,"01359139,01362230,01362500",2002-02-27,2026-08-24,24.487337440109513,True,82.50358256286619,3,DIVERSION FROM SCHOHARIE RESERVOIR NY; ESOPUS CREEK; HUDSON RIVER,3,8.0,8.0,,01362230,partial,2,True,"01362230,01362500",200
huc8_05130202,huc8,05,0513,051302,05130202,05130202,3,3,"03431083,03431091,03431514",2003-09-06,2026-08-24,22.965092402464066,True,11.928585872272993,3,CUMBERLAND R; CUMBERLAND RIVER; MILL CREEK,3,8.0,8.0,,03431091,partial,2,True,"03431091,03431514",200
huc8_17090011,huc8,17,1709,170900,17090011,17090011,3,3,"14209710,14210000,14211010",2005-04-18,2026-08-24,21.349760438056126,True,40.53107357154668,3,CLACKAMAS RIVER,3,8.0,8.0,,14210000,true,3,False,"14209710,14210000,14211010",200
huc8_12030203,huc8,12,1203,120302,12030203,12030203,3,3,"08067100,08067215,08067252",2003-09-30,2024-10-28,21.078713210130047,True,14.979956309927028,3,Old Rv Cutoff; Trinity Rv,3,8.0,8.0,,08067215,false,1,True,08067215,200
huc8_01080205,huc8,01,0108,010802,01080205,01080205,3,4,"01192500,01193050,01193500",1997-04-25,2017-10-18,20.48186173853525,True,28.112615653862736,3,CONNECTICUT RIVER; HOCKANUM RIVER; SALMON RIVER,3,8.0,8.0,,01193500,false,1,True,01193500,200
huc8_14010003,huc8,14,1401,140100,14010003,14010003,3,3,"09064600,09066510,394220106431500",2006-04-29,2026-08-24,20.320328542094455,True,32.38842346939045,3,EAGLE RIVER; GORE CREEK,3,8.0,8.0,,09066510,partial,2,True,"09066510,394220106431500",200
huc8_02040103,huc8,02,0204,020401,02040103,02040103,3,3,"01428750,01429000,01431500",2007-08-23,2026-08-24,19.003422313483917,True,27.820966519582583,3,Lackawaxen River; West Branch Lackawaxen River,3,8.0,8.0,,01429000,true,3,False,"01428750,01429000,01431500",200
huc8_14010005,huc8,14,1401,140100,14010005,14010005,3,3,"09085150,09095300,09163500",2006-05-13,2024-08-01,18.220396988364133,True,147.27135667740652,3,COLORADO R ABV SOUTH CANYON CR; COLORADO RIVER; DRY FORK,3,8.0,8.0,,09095300,partial,2,True,"09095300,09163500",200
huc8_17110009,huc8,17,1711,171100,17110009,17110009,3,3,"12137290,12137800,12138160",2009-09-30,2026-08-24,16.89801505817933,True,14.740723103328897,3,SOUTH FORK SULTAN RIVER; SULTAN RIVER,3,8.0,8.0,,12137290,true,3,False,"12137290,12137800,12138160",200
huc8_16020102,huc8,16,1602,160201,16020102,16020102,3,3,"10133650,10133800,10133980",2010-05-18,2026-08-24,16.268309377138944,True,17.159228948600717,3,E CANYON CR; EAST CANYON CREEK,3,8.0,8.0,,10133800,true,3,False,"10133650,10133800,10133980",200
huc8_12040102,huc8,12,1204,120401,12040102,12040102,3,3,"08068275,08068400,08068500",1999-12-10,2015-10-03,15.813826146475018,True,20.200169681751525,3,Panther Br; Spring Ck,3,8.0,8.0,,08068275,partial,2,True,"08068275,08068500",200
huc8_18050004,huc8,18,1805,180500,18050004,18050004,3,3,"11173575,11176900,11179000",2007-10-01,2023-07-04,15.756331279945243,True,10.562679418299824,3,ALAMEDA C; ARROYO DE LA LAGUNA A VERONA CA,3,8.0,8.0,,11179000,partial,2,True,"11173575,11179000",200
huc8_03050106,huc8,03,0305,030501,03050106,03050106,3,3,"02156500,02160991,02162035",2011-07-02,2026-08-24,15.145790554414784,True,68.68385682659341,3,BROAD RIVER,3,8.0,8.0,,02160991,true,3,False,"02156500,02160991,02162035",200
huc8_04140101,huc8,04,0414,041401,04140101,04140101,3,3,"04232034,04232050,0423205010",1995-09-30,2010-09-29,14.99794661190965,True,13.287026654327178,3,ALLEN CREEK; IRONDEQUOIT CR,3,8.0,8.0,,04232050,partial,2,True,"04232050,0423205010",200
huc8_17010104,huc8,17,1701,170101,17010104,17010104,3,3,"12305000,12309500,12322000",2011-09-30,2026-08-24,14.899383983572895,True,53.9187221609385,3,KOOTENAI RIVER,3,8.0,8.0,,12309500,true,3,False,"12305000,12309500,12322000",200
huc8_05010001,huc8,05,0501,050100,05010001,05010001,3,3,"03007800,03011020,03012550",2011-09-23,2026-08-13,14.888432580424366,True,59.64182961779035,3,ALLEGHENY RIVER; Allegheny River,3,8.0,8.0,,03012550,true,3,False,"03007800,03011020,03012550",200
huc8_09020203,huc8,09,0902,090202,09020203,09020203,3,4,"05056000,05057000,05057200",1997-06-12,2011-10-17,14.346338124572211,True,77.97462777808762,3,BALDHILL CREEK; SHEYENNE RIVER,3,8.0,8.0,,05057000,partial,2,True,"05056000,05057000",200
huc8_17040103,huc8,17,1704,170401,17040103,17040103,3,3,"13016450,13018300,13018350",2012-05-03,2026-08-24,14.30800821355236,True,14.555503268817406,3,CACHE CREEK; FISH CREEK; FLAT CREEK,3,8.0,8.0,,13018350,false,1,True,13018350,200
huc8_01070004,huc8,01,0107,010700,01070004,01070004,3,3,"01095220,01095375,01095434",2012-05-09,2026-08-24,14.291581108829568,True,5.306374090176139,3,GATES BROOK; QUINAPOXET RIVER; STILLWATER RIVER,3,8.0,8.0,,01095375,false,1,True,01095375,200
huc8_06010106,huc8,06,0601,060101,06010106,06010106,3,3,"03456991,03460000,03460795",2012-08-01,2026-08-24,14.061601642710473,True,37.61742163871177,3,CATALOOCHEE CREEK; PIGEON R; PIGEON RIVER,3,8.0,8.0,,03460000,partial,2,True,"03460000,03460795",200
huc8_02070002,huc8,02,0207,020700,02070002,02070002,3,5,"01595800,01596500,01597500",2012-10-01,2026-08-24,13.894592744695414,True,13.913972096927141,3,NORTH BRANCH POTOMAC RIVER; SAVAGE RIV; SAVAGE RIVER,3,8.0,8.0,,01597500,partial,2,True,"01596500,01597500",200
huc8_03070101,huc8,03,0307,030701,03070101,03070101,3,3,"02217274,02217643,02218565",2012-11-28,2026-08-25,13.738535249828884,True,37.947885127662715,3,APALACHEE RIVER; PARKS CREEK; WHEELER CREEK,3,8.0,8.0,,02217274,false,1,True,02217274,200
huc8_17010302,huc8,17,1701,170103,17010302,17010302,3,3,"12413360,12413370,12413445",2000-03-29,2013-10-29,13.585215605749486,True,9.050344829651424,3,EF PINE CREEK ABV GILBERT CR; EF PINE CREEK ABV NABOB CR; PINE CREEK,3,8.0,8.0,,12413370,true,3,False,"12413360,12413370,12413445",200
huc8_03050112,huc8,03,0305,030501,03050112,03050112,3,3,"02171500,02171645,02171905",2013-05-07,2026-08-25,13.300479123887747,True,80.37231584003538,3,REDIV CANAL; SANTEE RIVER; SOUTH SANTEE R,3,8.0,8.0,,02171645,false,1,True,02171645,200
huc8_11020001,huc8,11,1102,110200,11020001,11020001,3,3,"07086000,07091200,07094500",1993-10-07,2006-09-29,12.97741273100616,True,99.0335796452682,3,ARKANSAS RIVER,3,8.0,8.0,,07091200,true,3,False,"07086000,07091200,07094500",200
huc8_17070101,huc8,17,1707,170701,17070101,17070101,3,3,"14019220,14019240,454314120413701",2009-09-30,2022-09-05,12.930869267624914,True,111.34213757074295,3,COLUMBIA RIVER,3,8.0,8.0,,14019240,not_queried,1,False,14019240,200
huc8_05100101,huc8,05,0510,051001,05100101,05100101,3,4,"03249500,03254480,03254550",2000-12-02,2013-09-29,12.824093086926762,True,129.59135657333093,3,BANKLICK CREEK; CRUISES CREEK; LICKING RIVER,3,8.0,8.0,,03254480,false,1,True,03254480,200
huc8_13060011,huc8,13,1306,130600,13060011,13060011,3,3,"08405200,08406500,08407500",2012-10-01,2024-11-25,12.150581793292266,True,40.65150455299555,3,PECOS RIVER,3,8.0,8.0,,08406500,true,3,False,"08405200,08406500,08407500",200
huc8_04020105,huc8,04,0402,040201,04020105,04020105,3,5,"04043097,04043238,04043244",2014-09-30,2026-08-25,11.901437371663244,True,45.363698021097626,3,EAST BRANCH SALMON TROUT RIVER; FALLS RIVER; SALMON TROUT RIVER,3,8.0,8.0,,04043238,false,1,True,04043238,200
huc8_02070008,huc8,02,0207,020700,02070008,02070008,3,3,"01646000,01646305,01646500",2007-11-30,2019-09-30,11.832991101984941,True,10.623631641234152,3,DEAD RUN; DIFFICULT RUN; POTOMAC RIVER,3,8.0,8.0,,01646305,partial,2,True,"01646305,01646500",200
huc8_05040005,huc8,05,0504,050400,05040005,05040005,3,3,"03140853,03140900,03140950",2015-06-29,2026-08-24,11.154004106776181,True,5.461615159679419,3,Beaver Creek; Seneca Fork; South Fork,3,8.0,8.0,,03140853,false,1,True,03140853,200
huc8_17090009,huc8,17,1709,170900,17090009,17090009,3,3,"14200400,14201300,14202000",1993-08-07,2004-09-30,11.148528405201917,True,32.33073427155354,3,LITTLE ABIQUA CREEK; PUDDING RIVER; ZOLLNER CREEK,3,8.0,8.0,,14201300,partial,2,True,"14201300,14202000",200
huc8_02050104,huc8,02,0205,020501,02050104,02050104,3,3,"01516350,01518700,01520000",2015-10-01,2026-08-24,10.896646132785763,True,22.75163594137567,3,Cowanesque River; Tioga River,3,8.0,8.0,,01518700,partial,2,True,"01516350,01518700",200
huc8_12040101,huc8,12,1204,120401,12040101,12040101,3,3,"08068000,08069500,295524095072701",2014-02-06,2024-11-13,10.767967145790555,True,47.95297485544484,3,SJRA E Industrial Canal; W Fk San Jacinto Rv,3,8.0,8.0,,08069500,partial,2,True,"08068000,08069500",200
huc8_07050002,huc8,07,0705,070500,07050002,07050002,3,3,"05357215,05357225,05357245",2013-05-23,2024-02-04,10.702258726899384,True,5.340250072984217,3,ALLEQUASH CREEK; STEVENSON CREEK; TROUT RIVER,3,8.0,8.0,,05357245,false,1,True,05357245,200
huc8_07100006,huc8,07,0710,071000,07100006,07100006,3,3,"05482300,05482500,05484500",2012-03-14,2022-07-14,10.33264887063655,True,125.46007813502546,3,North Raccoon River; Raccoon River,3,8.0,8.0,,05482500,true,3,False,"05482300,05482500,05484500",200
huc8_12030105,huc8,12,1203,120301,12030105,12030105,3,4,"08057000,08057410,08062500",2015-02-12,2025-03-11,10.075290896646132,True,51.28819597949007,3,Trinity Rv,3,8.0,8.0,,08057410,true,3,False,"08057000,08057410,08062500",200
huc8_17110006,huc8,17,1711,171100,17110006,17110006,3,3,"12186000,12187500,12189500",2016-10-01,2026-08-24,9.894592744695414,True,29.356722531112535,3,SAUK RIVER,3,8.0,8.0,,12187500,true,3,False,"12186000,12187500,12189500",200
huc8_15030108,huc8,15,1503,150301,15030108,15030108,3,3,"09522005,09534000,09534550",2017-01-26,2026-08-23,9.571526351813826,True,25.77916686724918,3,242 LATERAL; COLORADO RIVER; YUMA MAIN DRAIN,3,8.0,8.0,,09534000,not_queried,1,False,09534000,200
huc8_14020004,huc8,14,1402,140200,14020004,14020004,3,3,"09132095,09136100,385553107243301",2015-04-10,2024-10-22,9.535934291581109,True,44.47384235502351,3,ANTHRACITE CREEK; NORTH FK GUNNISON RIVER; NORTH FORK GUNNISON BLW RAVEN GULCH,3,8.0,8.0,,385553107243301,partial,2,True,"09136100,385553107243301",200
huc8_03110203,huc8,03,0311,031102,03110203,03110203,3,3,"02318500,02319000,02319394",2017-02-28,2026-08-24,9.483915126625599,True,49.96129264720351,3,WITHLACOOCHEE RIVER,3,8.0,8.0,,02319000,true,3,False,"02318500,02319000,02319394",200
huc8_10170101,huc8,10,1017,101701,10170101,10170101,3,3,"06466700,06467500,06478522",2015-03-27,2024-08-27,9.42094455852156,True,58.991231771595515,3,Bow Creek; LEWIS AND CLARK LAKE; MISSOURI RIVER,3,8.0,8.0,,06466700,partial,2,True,"06466700,06467500",200
huc8_05020004,huc8,05,0502,050200,05020004,05020004,3,4,"03065050,03065200,03070420",1992-06-05,2001-09-30,9.319644079397673,True,81.371945504575,3,BLACKWATER R; BLACKWATER RIVER; Stony Fork Tributary,3,8.0,8.0,,03065200,partial,2,True,"03065050,03065200",200
huc8_11010001,huc8,11,1101,110100,11010001,11010001,3,3,"07048550,07048600,07049691",2017-06-21,2026-08-24,9.174537987679672,True,45.95869286722453,3,West Fork White River; White River,3,8.0,8.0,,07048600,partial,2,True,"07048600,07049691",200
huc8_05020001,huc8,05,0502,050200,05020001,05020001,3,3,"03054500,03056000,03057000",2011-10-01,2020-10-27,9.073237508555783,True,32.673175505947064,3,TYGART VALLEY R; TYGART VALLEY RIVER,3,8.0,8.0,,03056000,true,3,False,"03054500,03056000,03057000",200
huc8_08090301,huc8,08,0809,080903,08090301,08090301,3,3,"073802516,292859090004000,295501090190400",2008-09-30,2017-10-23,9.062286105407255,True,80.10136861625229,3,Barataria Pass; Barataria Waterway S of Lafitte; Davis Pond Freshwater Diversion,3,8.0,8.0,,292859090004000,false,1,True,292859090004000,200
huc8_03110205,huc8,03,0311,031102,03110205,03110205,3,3,"02319800,02320500,02323592",2017-03-03,2025-12-03,8.752908966461328,True,101.89108498554027,3,SUWANNEE RIVER,3,8.0,8.0,,02320500,true,3,False,"02319800,02320500,02323592",200
huc8_03150105,huc8,03,0315,031501,03150105,03150105,3,3,"02397000,02397530,02400100",2017-12-02,2026-08-24,8.725530458590006,True,36.20313888812812,3,COOSA RIVER; COOSA RIVER MAYOS BAR; TERRAPIN CREEK,3,8.0,8.0,,02397000,partial,2,True,"02397000,02397530",200
huc8_03100204,huc8,03,0310,031002,03100204,03100204,3,3,"02301500,02301718,02301721",2018-01-18,2026-08-24,8.596851471594798,True,17.06858387605364,3,ALAFIA RIVER,3,8.0,8.0,,02301718,true,3,False,"02301500,02301718,02301721",200
huc8_11010014,huc8,11,1101,110100,11010014,11010014,3,3,"07075250,07075270,07076000",2010-08-17,2019-01-28,8.449007529089664,True,64.37297367958526,3,Little Red River; S Fk Lit Red Riv us of Gulf Mt WMA,3,8.0,8.0,,07075250,true,3,False,"07075250,07075270,07076000",200
huc8_14050007,huc8,14,1405,140500,14050007,14050007,3,3,"09306395,09306500,09306900",1977-04-15,1985-09-01,8.380561259411362,True,47.59023044642889,3,WHITE RIVER,3,8.0,8.0,,09306395,true,3,False,"09306395,09306500,09306900",200
huc8_08080101,huc8,08,0808,080801,08080101,08080101,3,3,"294736091164200,295011091184300,295447091191500",2007-06-26,2015-11-03,8.355920602327172,True,13.929178983239279,3,American Pass; Little Bayou Long North of Duck Lake; Middle Fork Bayou Long,3,8.0,8.0,,295011091184300,partial,2,True,"294736091164200,295011091184300",200
huc8_19020301,huc8,19,1902,190203,19020301,19020301,3,3,"15238986,15239070,15239900",2018-04-21,2026-08-24,8.342231348391513,True,49.090961434468475,3,ANCHOR R; BATTLE C 1.0 MI; BRADLEY R,3,8.0,8.0,,15238986,not_queried,1,False,15238986,200
huc8_11030012,huc8,11,1103,110300,11030012,11030012,3,3,"07143672,07144100,375350097262800",2011-04-05,2019-05-15,8.109514031485284,True,19.109105866462247,3,L ARKANSAS R; L ARKANSAS R UPSTREAM OF ASR FAC,3,8.0,8.0,,375350097262800,true,3,False,"07143672,07144100,375350097262800",200
huc8_03070103,huc8,03,0307,030701,03070103,03070103,19,27,"02203603,02203655,02203831,02203863,02203873,02203900,02203950,02203960,02204037,02205865,02207120,02207135,02207160,02207185,02207385,02207400,02208150,02208450,02208493",2015-09-30,2026-08-25,10.902121834360027,True,59.148965882320425,19,ALCOVY RIVER; BIG HAYNES CREEK; BRUSHY FORK CREEK; COBBS CREEK; CORNISH CREEK; DOOLITTLE CREEK; LITTLE STONE MTN CR; NO BUSINESS CREEK; POLE BRIDGE CR; SHOAL CREEK; SNAPFINGER CR; SNAPFINGER CREEK; SOUTH RIVER; STONE MOUNTAIN CREEK; SWEETWATER CREEK; YELLOW RIVER,3,8.0,8.0,100.0,02203873,partial,2,True,"02203873,02203900",200
huc8_17090004,huc8,17,1709,170900,17090004,17090004,18,18,"14158500,14158740,14158790,14158798,14158850,14159100,14159110,14159200,14159500,14161100,14161500,14162200,14162500,14163150,14163900,14164550,14164700,14164900",2017-08-11,2026-07-20,8.93908281998631,True,83.66729130642824,18,"BLUE RIVER; CAMP CRK; CEDAR CREEK; HORSE CREEK; LOOKOUT CREEK; MCKENZIE R BLW TRAIL BR DAM; MCKENZIE RIVER; MCKENZIE RIVER BLW LEABURG DAM,; McKENZIE RIVER ABV HAYDEN BR,; SMITH RIVER; SMITH RIVER ABV TRAIL BRDG RESV; SO FK MCKENZIE RIVER ABV COUGAR LAKE; SOUTH FORK MCKENZIE RIVER",3,8.0,8.0,100.0,14159100,partial,6,True,"14159100,14159110,14162500,14163150,14163900,14164900",200
huc8_03080103,huc8,03,0308,030801,03080103,03080103,16,20,"02244040,02245340,022462002,02246459,02246500,02246518,02246751,02246804,300803081354500,301124081395901,301204081434900,301510081383500,301817081393600,302309081333001,302609081453300,302657081312400",2017-06-02,2025-12-07,8.514715947980836,True,96.08200562348493,16,BROWARD RIVER; CEDAR RIVER; CLAPBOARD CRK; DUNN CREEK; DURBIN CREEK; JULINGTON CRK; ORTEGA RIVER SALINITY; POTTSBURG CRK; ST JOHNS R BLW SHANDS BRIDGE; ST JOHNS R DAMES POINT BRIDGE; ST JOHNS RIVER; ST JOHNS RVR; ST. JOHNS R; ST. JOHNS RIVER; ST.JOHNS RIVER BUCKMAN BRIDGE; TROUT RIVER,3,8.0,8.0,100.0,02246518,false,1,True,02246518,200
huc8_01090004,huc8,01,0109,010900,01090004,01090004,14,14,"01115098,01115110,01115114,01115120,01115170,01115183,01115184,01115187,01115190,01115265,01115275,01115276,01115280,01115297",2009-05-28,2023-10-17,14.387405886379192,True,10.98988331058802,14,BEAR TREE BROOK; CORK BK; DOLLY COLE BK; HEMLOCK BROOK; HUNTINGHOUSE BK; MOSWANSICUT STREAM; PEEPTOAD BROOK; PONAGANSET RIVER; QUONOPAUG BK; RUSH BROOK; SPRUCE BROOK; UNNAMED TRIB TO SCITUATE RES; WESTCONNAUG STREAM; WILBUR HOLLOW BK,3,8.0,8.0,100.0,01115187,false,1,True,01115187,200
huc8_03060109,huc8,03,0306,030601,03060109,03060109,14,14,"02198810,02198820,02198840,02198920,02198950,02198955,021989715,021989773,021989784,021989792,021989793,0219897945,0219897993,02198980",2014-02-28,2026-08-22,12.479123887748118,True,35.43011015521369,14,"ABERCORN CREEK; BACK RIVER 0.4 MI DOWNSTREAM US17,; L BACK RIVER; LITTLE BACK RIVER; MIDDLE RIVER; SAVANNAH RIVER; SAVANNAH RIVER I-95",3,8.0,8.0,100.0,02198920,partial,5,True,"02198920,021989715,021989773,0219897993,02198980",200
huc8_05140102,huc8,05,0514,051401,05140102,05140102,14,14,"03293510,03297800,03297900,03298000,03298135,03298150,03298200,03298250,03298300,03301900,03301940,03302000,03302030,03302050",2013-09-30,2025-09-25,11.986310746064339,True,43.68955536189709,14,BEARGRASS CREEK; BRIER CREEK; CEDAR CREEK; CHENOWETH RUN; FERN CREEK; FLOYDS FORK; NORTHERN DITCH; PENN RUN; POND CREEK,3,8.0,8.0,100.0,03301940,partial,4,True,"03301900,03301940,03302000,03302030",200
huc8_03100207,huc8,03,0310,031002,03100207,03100207,12,12,"02310308,02310650,02310673,02310674,02310689,02310690,02310700,02310740,02310742,02310752,02313272,285531082412600",2017-05-05,2025-11-13,8.525667351129364,True,83.5952883805076,12,CHASSAHOWITZKA R; CHASSAHOWITZKA RIVER; CRYSTAL RIVER; CRYSTAL RV; HALLS RIVER; HOMOSASSA R; PITHLACHASCOTEE R; SALT RIVER; SARAGASSA CANAL; WITHLACOOCHEE R,3,8.0,8.0,100.0,02310689,partial,3,True,"02310689,02310690,02310700",200
huc8_17080001,huc8,17,1708,170800,17080001,17080001,11,11,"14138720,14138850,14138870,14138900,14139800,14140020,14141500,14142500,453439122223900,453630122021400,453845121564001",2007-06-02,2020-09-23,13.311430527036277,True,41.70470971496772,11,"BULL RUN R; BULL RUN RIVER; COLUMBIA RIVER; COLUMBIA RIVER, LEFT BANK,; COLUMBIA RIVER, RIGHT BANK,; FIR CREEK; LITTLE SANDY RIVER; NORTH FORK BULL RUN RIVER; SANDY RIVER BLW BULL RUN RIVER,; SOUTH FORK BULL RUN RIVER",3,8.0,8.0,100.0,14138870,partial,3,True,"14138870,14140020,14142500",200
huc8_05040001,huc8,05,0504,050400,05040001,05040001,11,12,"03119341,03119971,03119979,03120820,03120869,03120961,03125338,03126395,03127980,03127986,03127989",2015-07-01,2026-08-24,11.148528405201917,True,55.19835352011083,11,Bear Hole Run; Beaverdam Run; Brushy Fork; Clear Fork; Indian Fork; McGuire Creek; North Fork McGuire Creek; Standingstone Fork; Stillwater Creek; Unnamed Tributary; Willow Run,3,8.0,8.0,100.0,03119341,false,1,True,03119341,200
huc8_05140101,huc8,05,0514,051401,05140101,05140101,10,10,"03292470,03292474,03292475,03292480,03292500,03292550,03293000,03293500,03293530,03294570",2008-09-30,2025-11-19,17.136208076659823,True,41.828422890061375,10,GOOSE CREEK; HARRODS CREEK; LITTLE GOOSE CREEK; M FK BEARGRASS; M FK BEARGRASS CR; MILL CREEK; MUDDY FK; S FK BEARGRASS CREEK; SOUTH FORK BEARGRASS CREEK,3,8.0,8.0,100.0,03292474,partial,2,True,"03292474,03292475",200
huc8_17090001,huc8,17,1709,170900,17090001,17090001,10,10,"14144800,14144900,14145500,14147500,14148000,14150000,14150290,14150800,14151000,14152000",2010-08-26,2025-11-30,15.263518138261464,True,56.899918829367614,10,"FALL CREEK; FALL CREEK BLW WINBERRY CREEK,; HILLS CR; MF WILLAMETTE RIVER ABV SALT CRK,; MF WILLAMETTE RIVER BLW N FORK,; MIDDLE FORK WILLAMETTE RIVER; N FK OF M FK WILLAMETTE R; WINBERRY CREEK",3,8.0,8.0,100.0,14150800,partial,3,True,"14150800,14151000,14152000",200
huc8_01090001,huc8,01,0109,010900,01090001,01090001,10,11,"01104370,01104405,01104410,01104415,01104420,01104430,01104453,01104455,01104460,01104475",2012-03-26,2026-08-23,14.40930869267625,True,9.117268563937131,10,"CAMBRIDGE RES., UNNAMED TRIB 1,; CAMBRIDGE RES., UNNAMED TRIB 2,; CAMBRIDGE RES., UNNAMED TRIB 3,; HOBBS BK; HOBBS BROOK; STONY BROOK; STONY BROOK RES., UNNAMED TRIB 1,; STONY BROOK UNNAMED TRIB 2; STONY BROOK, UNNAMED TRIBUTARY 1,",3,8.0,8.0,100.0,01104430,partial,7,True,"01104405,01104410,01104415,01104430,01104453,01104455,01104460",200
huc8_17090010,huc8,17,1709,170900,17090010,17090010,10,13,"14202980,14205400,14206694,14206950,14207200,452230122512201,452559122472401,453004122510301,453030122560101,453040123065201",2004-05-20,2017-12-10,13.557837097878165,True,47.00887033043926,10,"BEAVERTON CREEK; CHICKEN CREEK; EAST FORK DAIRY CREEK; FANNO CREEK; GALES CREEK; ROCK CREEK; SCOGGINS CK BLW HENRY HAGG LAKE,; SUMMER CREEK; TUALATIN RIVER",3,8.0,8.0,100.0,14202980,partial,3,True,"14202980,14206694,14207200",200
huc8_17100307,huc8,17,1710,171003,17100307,17100307,10,11,"14330000,14335075,14337500,14337600,14337800,14337830,14337870,14338000,14338100,14339000",1988-03-16,1998-09-30,10.54072553045859,True,35.107325509603236,10,BIG BUTTE CREEK; ELK CREEK; ROGUE RIVER; WEST BRANCH ELK CREEK,3,8.0,8.0,100.0,14338000,partial,5,True,"14337800,14337830,14338000,14338100,14339000",200
huc8_03050201,huc8,03,0305,030502,03050201,03050201,10,10,"02172002,02172020,02172040,02172050,021720508,02172053,021720677,0217206935,0217206962,021720698",2016-07-01,2026-08-25,10.149212867898699,True,40.243697798326885,10,BACK RIVER; COOPER R; COOPER RIVER; LAKE MOULTRIE TAILRACE CANAL; W BRANCH COOPER R; WANDO RIVER,3,8.0,8.0,100.0,021720508,partial,7,True,"02172002,02172020,02172050,021720508,02172053,021720677,0217206935",200
huc8_03040206,huc8,03,0304,030402,03040206,03040206,9,9,"02110400,02110500,02110550,02110701,02110704,02110725,02110802,021108125,02110815",2013-06-22,2026-08-24,13.17180013689254,True,70.47600837871958,9,AIW; BUCK CREEK; CRABTREE SWAMP; WACCAMAW R; WACCAMAW RIVER,3,8.0,8.0,100.0,02110704,partial,6,True,"02110500,02110550,02110704,02110802,021108125,02110815",200
huc8_05030103,huc8,05,0503,050301,05030103,05030103,9,9,"03086500,03090500,03091500,03092090,03092460,03094000,03095500,03098600,03099500",2011-09-30,2024-05-26,12.654346338124572,True,57.08612675039523,9,Mahoning River; Mosquito Creek; West Branch Mahoning River,3,8.0,8.0,100.0,03091500,partial,6,True,"03086500,03090500,03091500,03094000,03098600,03099500",200
huc8_17090005,huc8,17,1709,170900,17090005,17090005,9,10,"14178000,14179000,14180300,14181500,14182500,14183000,14184100,14189050,444728122450000",2001-05-25,2009-12-14,8.555783709787816,True,75.03140512325368,9,"BLOWOUT CREEK; BREITENBUSH R ABV FRENCH CR; LITTLE NORTH SANTIAM RIVER; NO SANTIAM R BLW BOULDER CRK,; NORTH SANTIAM R; NORTH SANTIAM RIVER; SANTIAM RIVER",3,8.0,8.0,100.0,14179000,partial,6,True,"14179000,14181500,14183000,14184100,14189050,444728122450000",200
huc8_18010204,huc8,18,1801,180102,18010204,18010204,9,10,"11507500,11507501,11509370,420448121503100,420451121510000,420741121554001,420853121505500,420853121505501,421015121471800",2018-05-12,2026-08-19,8.271047227926077,True,16.515576613706973,9,"KLAMATH RIVER; KLAMATH RIVER ABV KENO DAM,; KLAMATH STRAITS DRAIN; LINK RIVER; LOST RIVER DIVERSION CHANNEL",3,8.0,8.0,100.0,420853121505500,partial,6,True,"11507500,11507501,11509370,420741121554001,420853121505500,420853121505501",200
huc8_04070007,huc8,04,0407,040700,04070007,04070007,8,8,"04136000,04136500,04136900,04137005,04137020,04137025,04137030,04137500",1996-10-01,2026-08-17,29.87542778918549,True,73.10240136067748,8,AU SABLE RIVER,3,8.0,8.0,100.0,04137005,true,8,False,"04136000,04136500,04136900,04137005,04137020,04137025,04137030,04137500",200
huc8_17110004,huc8,17,1711,171100,17110004,17110004,8,8,"12205000,12209490,12210000,12210700,12210900,12212050,12212430,12213100",2008-09-30,2026-08-05,17.845311430527037,True,54.90683375428679,8,ANDERSON CREEK; FISHTRAP CREEK; NF NOOKSACK RIVER; NOOKSACK RIVER; SF NOOKSACK RIVER; SKOOKUM CREEK; UNNAMED TRIB TO BERTRAND CR,3,8.0,8.0,100.0,12213100,partial,2,True,"12210700,12213100",200
huc8_02040205,huc8,02,0204,020402,02040205,02040205,8,9,"01478137,01480065,01480400,01480500,01480617,01480870,01481000,01481500",2006-10-01,2024-02-28,17.409993155373034,True,40.576488105514414,8,BRANDYWINE CREEK; Birch Run; Brandywine Creek; CHRISTINA RIVER; East Branch Brandywine Creek; Trout Run; West Branch Brandywine Creek,3,8.0,8.0,100.0,01480617,partial,4,True,"01480500,01480617,01481000,01481500",200
huc8_02040104,huc8,02,0204,020401,02040104,02040104,8,9,"01432110,01432160,01432805,01433500,01434000,01435000,01436690,01440000",2013-09-30,2024-08-17,10.880219028062971,True,92.24385722966538,8,DELAWARE RIVER; Flat Brook; Lackawaxen River; MONGAUP RIVER; NEVERSINK RIVER,3,8.0,8.0,100.0,01432160,partial,3,True,"01432160,01432805,01434000",200
huc8_03090204,huc8,03,0309,030902,03090204,03090204,8,9,"02290928,02290930,255123081321300,255327081275900,255432081303900,255534081324000,255654081350200,255726081303700",2007-06-14,2017-09-09,10.239561943874058,True,27.91154303781325,8,BARRON RIVER; BLACKWATER RIVER; EAST RIVER; FAKA UNION BOUNDARY; FAKA UNION CANAL BOAT BASIN; FAKA-UNION RIVER; PUMPKIN RIVER; TURNER RIVER,3,8.0,8.0,100.0,255432081303900,false,1,True,255432081303900,200
huc8_04040003,huc8,04,0404,040400,04040003,04040003,8,9,"040869416,04087000,04087070,040871473,040871475,040871476,040871488,04087159",2007-07-03,2016-10-23,9.308692676249144,True,23.556292235866387,8,HOLMES AVE CRK TRIB; KINNICKINNIC RIVER; LINCOLN CREEK; LITTLE MENOMONEE RIVER; MILWAUKEE RIVER; WILSON PARK CK; WILSON PARK CREEK,3,8.0,8.0,100.0,04087159,false,1,True,04087159,200
huc8_17090012,huc8,17,1709,170900,17090012,17090012,7,7,"14211400,14211499,14211500,14211542,14211546,14211550,14211720",2001-11-02,2012-12-18,11.126625598904859,True,19.58495299792844,7,CRYSTAL SPRINGS CREEK; JOHNSON CREEK; KELLEY CREEK; WILLAMETTE RIVER,3,8.0,8.0,100.0,14211499,partial,4,True,"14211499,14211500,14211550,14211720",200
huc8_08090302,huc8,08,0809,080903,08090302,08090302,7,7,"07381150,07381324,07381328,07381331,07381350,07381355,073814675",2006-10-19,2017-11-01,11.0362765229295,True,54.44760688602523,7,Bayou Boeuf; Bayou Grand Caillou; Bayou Lafourche; Company Canal; GIWW; Houma Navigation Canal,3,8.0,8.0,100.0,07381355,not_queried,1,False,07381355,200
huc8_02080201,huc8,02,0208,020802,02080201,02080201,7,7,"02011400,02011460,02011470,02011490,02011500,02011800,02012800",1984-10-01,1995-10-02,11.000684462696784,True,52.00038260578944,7,BACK CREEK; JACKSON RIV; JACKSON RIVER; LITTLE BACK CREEK,3,8.0,8.0,100.0,02011500,partial,5,True,"02011460,02011470,02011500,02011800,02012800",200
huc8_02040101,huc8,02,0204,020401,02040101,02040101,7,8,"01425000,01426500,01427000,01427207,01427301,01427510,01428500",1996-09-30,2007-05-07,10.598220396988363,True,71.53479945628642,7,DELAWARE R; DELAWARE RIVER; WEST BRANCH DELAWARE RIVER,3,8.0,8.0,100.0,01427207,true,7,False,"01425000,01426500,01427000,01427207,01427301,01427510,01428500",200
huc8_03130002,huc8,03,0313,031300,03130002,03130002,7,7,"02336526,02336728,02337000,02337170,02337410,02337498,02338523",2014-10-01,2024-05-01,9.582477754962355,True,86.06310941387979,7,CHATTAHOOCHEE RIVER; DOG RIVER; HILLABAHATCHEE CREEK; PROCTOR CREEK; SNAKE CRK DS SNAKE CRK RESERVIOR; SWEETWATER CREEK; UTOY CREEK,3,8.0,8.0,100.0,02337170,false,1,True,02337170,200
huc8_17100301,huc8,17,1710,171003,17100301,17100301,6,6,"14316460,14316495,14316500,14317450,14318000,14319500",1999-06-25,2024-10-20,25.322381930184804,True,72.84609732643156,6,BOULDER CREEK; LITTLE RIVER; N UMPQUA RIVER ABV COPELAND CK; NORTH UMPQUA R; NORTH UMPQUA RIVER,3,8.0,8.0,100.0,14316495,partial,3,True,"14316495,14316500,14317450",200
huc8_17090006,huc8,17,1709,170900,17090006,17090006,6,6,"14185000,14185800,14185900,14186200,14187200,14187500",2007-10-24,2026-08-24,18.833675564681723,True,35.84391118173868,6,MIDDLE SANTIAM R; MIDDLE SANTIAM R BLW GREEN PETER DAM; QUARTZVILLE CREEK; SOUTH SANTIAM RIVER,3,8.0,8.0,100.0,14187500,partial,3,True,"14185000,14187200,14187500",200
huc8_11020002,huc8,11,1102,110200,11020002,11020002,6,6,"07096000,07097000,07099400,07099969,07109500,381312104321001",2008-09-30,2026-08-24,17.897330595482547,True,77.68031900792369,6,ARKANSAS R.; ARKANSAS RIVER; BESSEMER DITCH,3,8.0,8.0,100.0,07099400,partial,4,True,"07097000,07099400,07099969,07109500",200
huc8_04090004,huc8,04,0409,040900,04090004,04090004,6,6,"04166100,04166470,04166500,04167150,04167625,04168400",2001-10-24,2017-10-31,16.019164955509925,True,21.042937660480032,6,LOWER RIVER ROUGE; MIDDLE RIVER ROUGE; RIVER ROUGE; UPPER RIVER ROUGE,3,8.0,8.0,100.0,04166500,partial,2,True,"04166100,04166500",200
huc8_17090003,huc8,17,1709,170900,17090003,17090003,6,6,"14158100,14166000,14169000,14170000,14173500,14174000",2010-11-10,2026-08-24,15.786447638603697,True,60.835518042145054,6,CALAPOOIA RIVER; LONG TOM RIVER; WILLAMETTE RIVER,3,8.0,8.0,100.0,14170000,partial,3,True,"14169000,14170000,14174000",200
huc8_05020006,huc8,05,0502,050200,05020006,05020006,6,6,"03076500,03077100,03077500,03079000,03081000,03083500",2012-10-01,2026-08-24,13.894592744695414,True,73.53942446153566,6,Casselman River; YOUGHIOGHENY RIVER; Youghiogheny R; Youghiogheny River,3,8.0,8.0,100.0,03081000,partial,5,True,"03076500,03077100,03077500,03081000,03083500",200
huc8_10020004,huc8,10,1002,100200,10020004,10020004,6,6,"06024450,06024580,06025250,06025500,06026210,06026420",2014-07-01,2026-08-24,12.147843942505133,True,85.64598840517054,6,Big Hole R; Big Hole River,3,8.0,8.0,100.0,06024450,true,6,False,"06024450,06024580,06025250,06025500,06026210,06026420",200
huc8_17110010,huc8,17,1711,171100,17110010,17110010,6,6,"12147470,12147500,12147600,12148000,12148300,12148500",2016-10-01,2026-08-24,9.894592744695414,True,16.80071101070241,6,NF TOLT RIVER; NORTH FORK TOLT RIVER; SF TOLT RIVER; SOUTH FORK TOLT RIVER; TOLT RIVER,3,8.0,8.0,100.0,12147600,partial,4,True,"12147600,12148000,12148300,12148500",200
huc8_18010110,huc8,18,1801,180101,18010110,18010110,6,6,"11462500,11463000,11463682,11463980,11465240,11467000",2016-10-01,2026-08-24,9.894592744695414,True,60.22719854818738,6,DRY C BLW LAMBERT BR; RUSSIAN R; RUSSIAN R A DIGGER BEND; RUSSIAN R A HACIENDA BRIDGE; RUSSIAN R A JIMTOWN CA,3,8.0,8.0,100.0,11463682,partial,5,True,"11462500,11463000,11463682,11463980,11467000",200
huc8_03060106,huc8,03,0306,030601,03060106,03060106,6,6,"02197000,02197320,021973426,02197351,02197362,02197380",1984-06-07,1993-09-21,9.289527720739219,True,42.38749399595239,6,C-004; LOWER THREE RUNS; P-013; P-19; SAVANNAH R.; SAVANNAH RIVER,3,8.0,8.0,100.0,02197380,false,1,True,02197380,200
huc8_11020003,huc8,11,1102,110200,11020003,11020003,6,6,"07105530,07105800,07105815,07105820,07106000,07106500",2017-09-18,2026-08-24,8.930869267624914,True,59.74546094631443,6,CLOVER DITCH DRAIN; FOUNTAIN CR BLW JANITELL RD BLW COLO. SPRINGS; FOUNTAIN CREEK,3,8.0,8.0,100.0,07105800,partial,4,True,"07105530,07105800,07106000,07106500",200
huc8_02040106,huc8,02,0204,020401,02040106,02040106,6,7,"01447500,01447720,01447800,01449360,01449800,01454700",2017-10-01,2026-08-24,8.895277207392198,True,63.88978085186314,6,Lehigh R; Lehigh River; Pohopoco Cr; Pohopoco Creek; Tobyhanna Creek,3,8.0,8.0,100.0,01447720,partial,3,True,"01447720,01447800,01454700",200
huc8_17070301,huc8,17,1707,170703,17070301,17070301,6,6,"14070615,14070621,14070624,14070900,14076500,14091500",2017-10-31,2026-08-24,8.813141683778234,True,66.56997719535198,6,"BRIDGE CREEK; DESCHUTES RIVER; DIVERSION CANAL TO BRIDGE CREEK,; M F TUMALO CREEK ABV PROWELL SPRINGS,; M F TUMALO CREEK BLW PROWELL SPRINGS,; METOLIUS RIVER",3,8.0,8.0,100.0,14070624,partial,4,True,"14070615,14070621,14070624,14076500",200
huc8_05010006,huc8,05,0501,050100,05010006,05010006,6,6,"03034000,03034500,03036000,03038000,03039000,03039040",2018-05-31,2026-08-24,8.232717316906228,True,62.27349038585094,6,Allegheny River; Crooked Creek; Little Mahoning Creek; Mahoning Creek,3,8.0,8.0,100.0,03034500,partial,3,True,"03034500,03036000,03039040",200
huc8_17110005,huc8,17,1711,171100,17110005,17110005,6,6,"12172000,12173500,12178000,12179900,12181000,12182500",2018-06-27,2026-08-24,8.158795345653662,True,38.503768881967005,6,BACON CREEK; BIG BEAVER CREEK; CASCADE RIVER; RUBY CREEK; SKAGIT RIVER,3,8.0,8.0,100.0,12178000,partial,2,True,"12178000,12181000",200
huc8_04060102,huc8,04,0406,040601,04060102,04060102,5,5,"04121650,04121660,04121680,04121944,04121970",1998-10-21,2026-08-24,27.84120465434634,True,32.90342642334707,5,LITTLE MUSKEGON RIVER; MUSKEGON RIVER,3,8.0,8.0,100.0,04121680,partial,3,True,"04121650,04121680,04121970",200
huc8_02040202,huc8,02,0204,020402,02040202,02040202,5,5,"01466500,01467150,01474703,01477050,01477120",1998-10-28,2026-08-24,27.822039698836413,True,73.68651519752127,5,Cooper River; DELAWARE RIVER; Delaware River; McDonalds Branch in Byrne State Forest NJ; Raccoon Creek,3,8.0,8.0,100.0,01474703,not_queried,1,False,01474703,200
huc8_03090101,huc8,03,0309,030901,03090101,03090101,5,8,"02264000,02264100,02266200,02266300,02266495",2001-12-20,2025-11-16,23.906913073237508,True,14.06035471967213,5,BONNET CREEK; CYPRESS CREEK; REEDY CREEK; WHITTENHORSE CREEK,3,8.0,8.0,100.0,02266300,partial,2,True,"02266300,02266495",200
huc8_17090002,huc8,17,1709,170900,17090002,17090002,5,5,"14152500,14153500,14154500,14155500,14157500",2009-08-07,2026-08-24,17.045859000684462,True,38.88282205762142,5,COAST FORK; COAST FORK WILLAMETTE; COAST FORK WILLAMETTE RIVER; ROW RIVER,3,8.0,8.0,100.0,14154500,partial,3,True,"14154500,14155500,14157500",200
huc8_03150202,huc8,03,0315,031502,03150202,03150202,5,6,"02423130,02423160,02423380,02423397,02423496",2011-08-08,2026-07-20,14.948665297741274,True,33.97827272786082,5,CAHABA RIVER; LITTLE CAHABA RIVER,3,8.0,8.0,100.0,02423397,partial,2,True,"02423397,02423496",200
huc8_17060208,huc8,17,1706,170602,17060208,17060208,5,5,"13310800,13310850,13311000,13311250,13311450",2012-04-29,2026-06-30,14.168377823408624,True,5.513557120557948,5,EF OF SF SALMON RIVER; EFSF SALMON R ABV MEADOW CRK; EFSF SALMON R ABV SUGAR CRK; MEADOW CREEK; SUGAR CREEK,3,8.0,8.0,100.0,13311000,partial,4,True,"13310800,13311000,13311250,13311450",200
huc8_03160111,huc8,03,0316,031601,03160111,03160111,5,5,"02455980,02457595,02458148,02458450,02458502",2014-07-26,2026-08-24,12.07939767282683,True,27.557587748250622,5,FIVEMILE CREEK; TURKEY CREEK; VILLAGE CREEK,3,8.0,8.0,100.0,02458148,partial,3,True,"02458148,02458450,02458502",200
huc8_05110001,huc8,05,0511,051100,05110001,05110001,5,5,"03306000,03306500,03307000,03309000,03311500",2003-07-12,2014-11-30,11.38672142368241,True,81.00360168117106,5,GREEN RIVER; RUSSELL CREEK,3,8.0,8.0,100.0,03311500,partial,4,True,"03306000,03306500,03309000,03311500",200
huc8_05020005,huc8,05,0502,050200,05020005,05020005,5,5,"03072000,03072655,03073000,03075070,03085000",2013-09-30,2024-11-26,11.156741957563312,True,70.91188422947694,5,Dunkard Creek; Monongahela River; South Fork Tenmile Creek,3,8.0,8.0,100.0,03073000,partial,3,True,"03073000,03075070,03085000",200
huc8_03110206,huc8,03,0311,031102,03110206,03110206,5,5,"02321500,02321958,02322500,02322700,02322800",2017-01-19,2026-08-24,9.593429158110883,True,41.8610089482837,5,ICHETUCKNEE R; SANTA FE RIVER,3,8.0,8.0,100.0,02322800,partial,4,True,"02321500,02321958,02322500,02322800",200
huc8_17010201,huc8,17,1701,170102,17010201,17010201,5,5,"12323770,12323800,12324200,12324400,12324590",2017-03-29,2026-08-24,9.404517453798768,True,37.71224014474998,5,Clark Fork; Little Blackfoot River; Warm Springs Creek,3,8.0,8.0,100.0,12324200,partial,3,True,"12323800,12324200,12324400",200
huc8_05030102,huc8,05,0503,050301,05030102,05030102,5,5,"03094704,03102850,03102950,03103500,03104490",2017-04-27,2026-08-24,9.325119780971937,True,60.80136884503785,5,Mosquito Creek; Pymatuning Creek; Shenango River,3,8.0,8.0,100.0,03102850,partial,3,True,"03102850,03103500,03104490",200
huc8_05120201,huc8,05,0512,051202,05120201,05120201,5,5,"03353200,03353415,03353420,03353611,03354000",2018-02-13,2026-08-24,8.525667351129364,True,51.33525301472768,5,EAGLE CREEK; SCHOOL BRANCH; WHITE R.; WHITE RIVER,3,8.0,8.0,100.0,03353420,partial,4,True,"03353415,03353420,03353611,03354000",200
huc8_10300101,huc8,10,1030,103001,10300101,10300101,5,8,"06893060,06893620,06893820,06893890,06894000",2011-12-20,2020-06-09,8.470910335386721,True,19.099538358928815,5,East Fork Little Blue River; Little Blue R.; Little Blue River; Missouri River; Rock Creek,3,8.0,8.0,100.0,06894000,partial,2,True,"06893820,06894000",200
huc8_03050208,huc8,03,0305,030502,03050208,03050208,5,5,"02176585,02176603,02176611,02176635,02176640",1998-11-06,2007-03-20,8.366872005475702,True,13.95224387135223,5,BATTERY CREEK; BEAUFORT RIVER; BRICKYARD CREEK,3,8.0,8.0,100.0,02176611,partial,4,True,"02176585,02176603,02176611,02176640",200
huc8_02030103,huc8,02,0203,020301,02030103,02030103,5,8,"01382500,01388000,01389005,01391100,01391500",2001-07-14,2009-09-07,8.150581793292266,True,30.453520211888687,5,Hohokus Brook; Passaic River; Pequannock River; Ramapo River; Saddle River,3,8.0,8.0,100.0,01391100,partial,2,True,"01391100,01391500",200
huc8_03150104,huc8,03,0315,031501,03150104,03150104,5,7,"02388975,02388985,02389150,02394000,02394682",2018-07-25,2026-08-24,8.082135523613964,True,85.04794256394612,5,ETOWAH RIVER; RICHLAND CREEK; RUSSELL CRK 0.3 MI DS HEAD LAKE,3,8.0,8.0,100.0,02389150,partial,3,True,"02388975,02389150,02394000",200
huc8_03100205,huc8,03,0310,031002,03100205,03100205,5,5,"02304000,02304510,02304517,023060013,02306028",2017-10-26,2025-11-19,8.06570841889117,True,15.606259374321452,5,HILLSBOROUGH R; HILLSBOROUGH R.; HILLSBOROUGH RIVER,3,8.0,8.0,100.0,023060013,true,5,False,"02304000,02304510,02304517,023060013,02306028",200
huc8_17070105,huc8,17,1707,170701,17070105,17070105,4,4,"14105700,453712121071200,453845121562000,454249120423500",1996-06-26,2026-08-24,30.16016427104723,True,95.78998115815456,4,"COLUMBIA RIVER; COLUMBIA RIVER, RIGHT BANK,",3,8.0,8.0,100.0,453845121562000,partial,3,True,"14105700,453712121071200,453845121562000",200
huc8_04060103,huc8,04,0406,040601,04060103,04060103,4,4,"04124000,04124200,04125460,04125550",1996-12-01,2026-08-24,29.727583846680357,True,27.61195743875943,4,MANISTEE RIVER; PINE RIVER,3,8.0,8.0,100.0,04124200,partial,3,True,"04124000,04124200,04125550",200
huc8_17110012,huc8,17,1711,171100,17110012,17110012,4,4,"12115000,12116500,12117600,12119000",2001-05-05,2026-08-24,25.30321697467488,True,45.27041356075023,4,CEDAR RIVER,3,8.0,8.0,100.0,12116500,true,4,False,"12115000,12116500,12117600,12119000",200
huc8_03010107,huc8,03,0301,030101,03010107,03010107,4,4,"0208062765,02081022,02081094,0208114150",2000-05-11,2022-01-05,21.65366187542779,True,89.84805075457822,4,ROANOKE RIVER,3,8.0,8.0,100.0,02081022,true,4,False,"0208062765,02081022,02081094,0208114150",200
huc8_03040207,huc8,03,0304,030402,03040207,03040207,4,4,"02110755,02110760,02110770,02110777",2005-10-29,2026-08-25,20.82135523613963,True,23.053806278268816,4,AIW,3,8.0,8.0,100.0,02110770,true,4,False,"02110755,02110760,02110770,02110777",200
huc8_10020005,huc8,10,1002,100200,10020005,10020005,4,4,"06026500,06027600,06035000,06036650",2006-07-01,2026-08-24,20.147843942505133,True,65.08935528995022,4,Jefferson River; Willow Creek,3,8.0,8.0,100.0,06027600,partial,3,True,"06026500,06027600,06036650",200
huc8_07040006,huc8,07,0704,070400,07040006,07040006,4,4,"05382255,05382257,05382267,05382284",2009-08-04,2026-08-24,17.05407255304586,True,9.11918744547211,4,LA CROSSE RIVER; SILVER CREEK; STILLWELL CREEK,3,8.0,8.0,100.0,05382267,false,1,True,05382267,200
huc8_05060001,huc8,05,0506,050600,05060001,05060001,4,4,"03219500,03220510,03228039,03228300",2010-10-01,2026-08-24,15.89596167008898,True,66.41428992918047,4,Big Walnut Creek; Scioto R.; Scioto River,3,8.0,8.0,100.0,03228300,false,1,True,03228300,200
huc8_08030207,huc8,08,0803,080302,08030207,08030207,4,4,"07288000,07288280,07288500,07288650",2010-10-28,2024-10-22,13.984941820670773,True,92.52651535161864,4,BIG SUNFLOWER RIVER; BOGUE PHALIA,3,8.0,8.0,100.0,07288280,partial,3,True,"07288000,07288280,07288500",200
huc8_05090203,huc8,05,0509,050902,05090203,05090203,4,5,"03260100,03262001,03277075,03277130",2001-03-07,2014-09-29,13.56331279945243,True,26.274385159368144,4,ELIJAHS CREEK; GUNPOWDER CR; MUD LICK CR; WOOLPER CREEK,3,8.0,8.0,100.0,03262001,false,1,True,03262001,200
huc8_05010007,huc8,05,0501,050100,05010007,05010007,4,4,"03041500,03042000,03043810,03044000",2013-09-29,2026-08-24,12.900752908966462,True,31.116461798796756,4,Blacklick Creek; Conemaugh River,3,8.0,8.0,100.0,03043810,partial,3,True,"03041500,03043810,03044000",200
huc8_05010005,huc8,05,0501,050100,05010005,05010005,4,4,"03026480,03027500,03028000,03028500",2013-10-01,2026-05-06,12.594113620807667,True,21.391621577402248,4,Clarion River; EB Clarion River; East Branch Clarion River; West Branch Clarion River,3,8.0,8.0,100.0,03028000,partial,2,True,"03028000,03028500",200
huc8_02070010,huc8,02,0207,020700,02070010,02070010,4,4,"01649190,01649500,01654500,01656903",2013-02-08,2025-06-03,12.314852840520192,True,44.61655829353209,4,FLATLICK BRANCH; LONG BRANCH; NORTHEAST BRANCH ANACOSTIA RIVER; PAINT BRANCH,3,8.0,8.0,100.0,01649500,partial,2,True,"01649190,01649500",200
huc8_17060306,huc8,17,1706,170603,17060306,17060306,4,4,"13340000,13341050,13342500,13343000",2008-09-30,2021-01-05,12.265571526351813,True,54.63048879847498,4,CLEARWATER RIVER,3,8.0,8.0,100.0,13340000,true,4,False,"13340000,13341050,13342500,13343000",200
huc8_18040001,huc8,18,1804,180400,18040001,18040001,4,5,"11261100,11261500,11262900,11273400",2010-10-01,2022-11-08,12.10403832991102,True,15.581174292074431,4,MUD SLOUGH; SALT SLOUGH A HWY 165; SAN JOAQUIN R; SAN JOAQUIN R A FREMONT FORD BRIDGE CA,3,8.0,8.0,100.0,11261500,partial,2,True,"11261500,11273400",200
huc8_19020302,huc8,19,1902,190203,19020302,19020302,4,5,"15258000,15260001,15261000,15266300",2015-07-21,2026-08-10,11.055441478439425,True,69.56196199269289,4,COOPER C; KENAI R,3,8.0,8.0,100.0,15261000,not_queried,1,False,15261000,200
huc8_07070005,huc8,07,0707,070700,07070005,07070005,4,8,"05406460,05406470,05406491,05406500",1985-01-03,1995-09-29,10.735112936344969,True,7.636379645391462,4,BLACK EARTH CREEK; BREWERY CREEK; GARFOOT CREEK,3,8.0,8.0,100.0,05406470,partial,2,True,"05406470,05406500",200
huc8_02050305,huc8,02,0205,020503,02050305,02050305,4,6,"01570500,0157155010,0157155014,01571820",1996-10-17,2007-07-10,10.726899383983573,True,64.08478094349593,4,"Susquehanna River; Swatara Creek; Swatara Creek, Site C1,; Swatara Creek, Site C3,",3,8.0,8.0,100.0,0157155014,partial,3,True,"0157155010,0157155014,01571820",200
huc8_14050006,huc8,14,1405,140500,14050006,14050006,4,5,"09306007,09306222,09306242,09306255",1975-01-22,1985-09-29,10.685831622176591,True,42.372154116298354,4,CORRAL GULCH; PICEANCE CREEK; YELLOW CREEK,3,8.0,8.0,100.0,09306222,partial,2,True,"09306007,09306222",200
huc8_02060003,huc8,02,0206,020600,02060003,02060003,4,4,"01581752,01581920,01585075,01589290",2016-01-16,2026-08-23,10.600958247775496,True,38.60752334834006,4,FOSTER BRANCH; GUNPOWDER FALLS; PLUMTREE RUN; SCOTTS LEVEL BRANCH,3,8.0,8.0,100.0,01581752,false,1,True,01581752,200
huc8_05100205,huc8,05,0510,051002,05100205,05100205,4,4,"03287500,03288180,03289000,03289500",2016-06-24,2026-07-12,10.047912388774812,True,35.203035910998956,4,CANE RUN CREEK; ELKHORN CREEK; KENTUCKY RIVER; SOUTH ELKHORN CREEK,3,8.0,8.0,100.0,03287500,false,1,True,03287500,200
huc8_05130204,huc8,05,0513,051302,05130204,05130204,4,4,"03432100,0343233905,034324146,03433500",2016-10-21,2026-08-24,9.839835728952773,True,32.19735391115431,4,HARPETH RIVER,3,8.0,8.0,100.0,034324146,true,4,False,"03432100,0343233905,034324146,03433500",200
huc8_03100101,huc8,03,0310,031001,03100101,03100101,4,4,"02297345,02297350,02297460,02298202",2016-04-07,2025-11-19,9.618069815195073,True,12.970286359415859,4,PEACE RIVER; SHELL CREEK,3,8.0,8.0,100.0,02297350,partial,3,True,"02297345,02297350,02297460",200
huc8_02030105,huc8,02,0203,020301,02030105,02030105,4,6,"01400500,01401000,01402000,01460595",2012-02-01,2021-08-30,9.57700205338809,True,26.78298316966897,4,Del & Rar Canal; Millstone River; Raritan River; Stony Brook,3,8.0,8.0,100.0,01460595,partial,2,True,"01400500,01460595",200
huc8_10230006,huc8,10,1023,102300,10230006,10230006,4,4,"06610000,06610505,410333095530101,412126095565201",2013-04-13,2022-06-24,9.196440793976729,True,33.580351216280725,4,Missouri River,3,8.0,8.0,100.0,06610000,true,4,False,"06610000,06610505,410333095530101,412126095565201",200
huc8_16050102,huc8,16,1605,160501,16050102,16050102,4,5,"10348000,10348200,10350500,10351600",1989-08-26,1998-09-29,9.092402464065708,True,30.961535255828085,4,TRUCKEE RV; TRUCKEE RV BLW DERBY DAM,3,8.0,8.0,100.0,10350500,true,4,False,"10348000,10348200,10350500,10351600",200
huc8_10160003,huc8,10,1016,101600,10160003,10160003,4,4,"06470500,06470830,06470875,06471000",1985-10-10,1994-09-30,8.971937029431896,True,83.61368386426112,4,DAKOTA LAKE; JAMES RIVER,3,8.0,8.0,100.0,06470830,true,4,False,"06470500,06470830,06470875,06471000",200
huc8_02040203,huc8,02,0204,020402,02040203,02040203,4,6,"01470779,01470960,01472157,01473500",2017-10-01,2026-08-24,8.895277207392198,True,76.70714096595154,4,French Creek; Schuylkill River; Tulpehocken Cr; Tulpehocken Creek,3,8.0,8.0,100.0,01470960,partial,3,True,"01470779,01470960,01473500",200
huc8_03080101,huc8,03,0308,030801,03080101,03080101,4,4,"02232400,02234000,02234500,02236000",2007-12-12,2016-09-29,8.799452429842573,True,86.70050807610545,4,ST. JOHNS RIVER,3,8.0,8.0,100.0,02234500,true,4,False,"02232400,02234000,02234500,02236000",200
huc8_07120004,huc8,07,0712,071200,07120004,07120004,4,5,"05536995,05537980,05538010,05539670",2017-11-17,2026-08-24,8.766598220396988,True,28.18497019521645,4,CHICAGO SANITARY AND SHIP CANAL; DES PLAINES RIVER,3,8.0,8.0,100.0,05537980,partial,3,True,"05537980,05538010,05539670",200
huc8_03050103,huc8,03,0305,030501,03050103,03050103,4,4,"02145910,02147310,021474095,02147505",2018-04-01,2026-08-24,8.396988364134154,True,54.095743080862285,4,CATAWBA RIVER; CEDAR CREEK RES TAILRACE; GREAT FALLS RESERVOIR TAILRACE,3,8.0,8.0,100.0,02147310,true,4,False,"02145910,02147310,021474095,02147505",200
huc8_17110014,huc8,17,1711,171100,17110014,17110014,4,4,"12098700,12100490,12101100,12101102",2016-06-08,2024-09-29,8.309377138945928,True,19.404412288200536,4,LAKE TAPPS DIVERSION; WHITE RIVER,3,8.0,8.0,100.0,12101100,not_queried,1,False,12101100,200
huc8_17010204,huc8,17,1701,170102,17010204,17010204,3,3,"12340500,12353650,12354700",1985-07-31,2026-08-24,41.06502395619439,True,87.7911284879233,3,Clark Fork,3,8.0,8.0,100.0,12353650,true,3,False,"12340500,12353650,12354700",200
huc8_17100309,huc8,17,1710,171003,17100309,17100309,3,3,"14362000,14366000,14369500",1985-10-01,2026-08-24,40.8952772073922,True,40.413774823770765,3,APPLEGATE RIVER,3,8.0,8.0,100.0,14366000,true,3,False,"14362000,14366000,14369500",200
huc8_18040010,huc8,18,1804,180400,18040010,18040010,3,3,"11299997,11302000,11303000",1985-07-01,2023-04-05,37.76043805612594,True,47.281569491750474,3,STANISLAUS R; STANISLAUS R A RIPON CA,3,8.0,8.0,100.0,11302000,true,3,False,"11299997,11302000,11303000",200
huc8_02040102,huc8,02,0204,020401,02040102,02040102,3,3,"01417500,01420500,01421000",1987-09-30,2025-04-17,37.54688569472964,True,16.402587960105578,3,BEAVER KILL; EAST BRANCH DELAWARE RIVER,3,8.0,8.0,100.0,01421000,partial,2,True,"01417500,01421000",200
huc8_16050101,huc8,16,1605,160501,16050101,16050101,3,3,"10336610,10336730,10336780",1998-04-08,2026-08-24,28.37782340862423,True,18.88251437636639,3,GLENBROOK CK; TROUT CK; UPPER TRUCKEE RV,3,8.0,8.0,100.0,10336610,false,1,True,10336610,200
huc8_11010003,huc8,11,1101,110100,11010003,11010003,3,3,"07053450,07054501,07054527",2000-09-30,2026-08-24,25.897330595482547,True,71.41599209853858,3,White River,3,8.0,8.0,100.0,07054501,true,3,False,"07053450,07054501,07054527",200
huc8_02020006,huc8,02,0202,020200,02020006,02020006,3,3,"01359139,01362230,01362500",2002-02-27,2026-08-24,24.487337440109513,True,82.50358256286619,3,DIVERSION FROM SCHOHARIE RESERVOIR NY; ESOPUS CREEK; HUDSON RIVER,3,8.0,8.0,100.0,01362230,partial,2,True,"01362230,01362500",200
huc8_05130202,huc8,05,0513,051302,05130202,05130202,3,3,"03431083,03431091,03431514",2003-09-06,2026-08-24,22.965092402464066,True,11.928585872272993,3,CUMBERLAND R; CUMBERLAND RIVER; MILL CREEK,3,8.0,8.0,100.0,03431091,partial,2,True,"03431091,03431514",200
huc8_17090011,huc8,17,1709,170900,17090011,17090011,3,3,"14209710,14210000,14211010",2005-04-18,2026-08-24,21.349760438056126,True,40.53107357154668,3,CLACKAMAS RIVER,3,8.0,8.0,100.0,14210000,true,3,False,"14209710,14210000,14211010",200
huc8_12030203,huc8,12,1203,120302,12030203,12030203,3,3,"08067100,08067215,08067252",2003-09-30,2024-10-28,21.078713210130047,True,14.979956309927028,3,Old Rv Cutoff; Trinity Rv,3,8.0,8.0,100.0,08067215,false,1,True,08067215,200
huc8_01080205,huc8,01,0108,010802,01080205,01080205,3,4,"01192500,01193050,01193500",1997-04-25,2017-10-18,20.48186173853525,True,28.112615653862736,3,CONNECTICUT RIVER; HOCKANUM RIVER; SALMON RIVER,3,8.0,8.0,100.0,01193500,false,1,True,01193500,200
huc8_14010003,huc8,14,1401,140100,14010003,14010003,3,3,"09064600,09066510,394220106431500",2006-04-29,2026-08-24,20.320328542094455,True,32.38842346939045,3,EAGLE RIVER; GORE CREEK,3,8.0,8.0,100.0,09066510,partial,2,True,"09066510,394220106431500",200
huc8_02040103,huc8,02,0204,020401,02040103,02040103,3,3,"01428750,01429000,01431500",2007-08-23,2026-08-24,19.003422313483917,True,27.820966519582583,3,Lackawaxen River; West Branch Lackawaxen River,3,8.0,8.0,100.0,01429000,true,3,False,"01428750,01429000,01431500",200
huc8_17110009,huc8,17,1711,171100,17110009,17110009,3,3,"12137290,12137800,12138160",2009-09-30,2026-08-24,16.89801505817933,True,14.740723103328897,3,SOUTH FORK SULTAN RIVER; SULTAN RIVER,3,8.0,8.0,100.0,12137290,true,3,False,"12137290,12137800,12138160",200
huc8_16020102,huc8,16,1602,160201,16020102,16020102,3,3,"10133650,10133800,10133980",2010-05-18,2026-08-24,16.268309377138944,True,17.159228948600717,3,E CANYON CR; EAST CANYON CREEK,3,8.0,8.0,100.0,10133800,true,3,False,"10133650,10133800,10133980",200
huc8_12040102,huc8,12,1204,120401,12040102,12040102,3,3,"08068275,08068400,08068500",1999-12-10,2015-10-03,15.813826146475018,True,20.200169681751525,3,Panther Br; Spring Ck,3,8.0,8.0,100.0,08068275,partial,2,True,"08068275,08068500",200
huc8_18050004,huc8,18,1805,180500,18050004,18050004,3,3,"11173575,11176900,11179000",2007-10-01,2023-07-04,15.756331279945243,True,10.562679418299824,3,ALAMEDA C; ARROYO DE LA LAGUNA A VERONA CA,3,8.0,8.0,100.0,11179000,partial,2,True,"11173575,11179000",200
huc8_03050106,huc8,03,0305,030501,03050106,03050106,3,3,"02156500,02160991,02162035",2011-07-02,2026-08-24,15.145790554414784,True,68.68385682659341,3,BROAD RIVER,3,8.0,8.0,100.0,02160991,true,3,False,"02156500,02160991,02162035",200
huc8_04140101,huc8,04,0414,041401,04140101,04140101,3,3,"04232034,04232050,0423205010",1995-09-30,2010-09-29,14.99794661190965,True,13.287026654327178,3,ALLEN CREEK; IRONDEQUOIT CR,3,8.0,8.0,100.0,04232050,partial,2,True,"04232050,0423205010",200
huc8_17010104,huc8,17,1701,170101,17010104,17010104,3,3,"12305000,12309500,12322000",2011-09-30,2026-08-24,14.899383983572895,True,53.9187221609385,3,KOOTENAI RIVER,3,8.0,8.0,100.0,12309500,true,3,False,"12305000,12309500,12322000",200
huc8_05010001,huc8,05,0501,050100,05010001,05010001,3,3,"03007800,03011020,03012550",2011-09-23,2026-08-13,14.888432580424366,True,59.64182961779035,3,ALLEGHENY RIVER; Allegheny River,3,8.0,8.0,100.0,03012550,true,3,False,"03007800,03011020,03012550",200
huc8_09020203,huc8,09,0902,090202,09020203,09020203,3,4,"05056000,05057000,05057200",1997-06-12,2011-10-17,14.346338124572211,True,77.97462777808762,3,BALDHILL CREEK; SHEYENNE RIVER,3,8.0,8.0,100.0,05057000,partial,2,True,"05056000,05057000",200
huc8_17040103,huc8,17,1704,170401,17040103,17040103,3,3,"13016450,13018300,13018350",2012-05-03,2026-08-24,14.30800821355236,True,14.555503268817406,3,CACHE CREEK; FISH CREEK; FLAT CREEK,3,8.0,8.0,100.0,13018350,false,1,True,13018350,200
huc8_01070004,huc8,01,0107,010700,01070004,01070004,3,3,"01095220,01095375,01095434",2012-05-09,2026-08-24,14.291581108829568,True,5.306374090176139,3,GATES BROOK; QUINAPOXET RIVER; STILLWATER RIVER,3,8.0,8.0,100.0,01095375,false,1,True,01095375,200
huc8_06010106,huc8,06,0601,060101,06010106,06010106,3,3,"03456991,03460000,03460795",2012-08-01,2026-08-24,14.061601642710473,True,37.61742163871177,3,CATALOOCHEE CREEK; PIGEON R; PIGEON RIVER,3,8.0,8.0,100.0,03460000,partial,2,True,"03460000,03460795",200
huc8_02070002,huc8,02,0207,020700,02070002,02070002,3,5,"01595800,01596500,01597500",2012-10-01,2026-08-24,13.894592744695414,True,13.913972096927141,3,NORTH BRANCH POTOMAC RIVER; SAVAGE RIV; SAVAGE RIVER,3,8.0,8.0,100.0,01597500,partial,2,True,"01596500,01597500",200
huc8_03070101,huc8,03,0307,030701,03070101,03070101,3,3,"02217274,02217643,02218565",2012-11-28,2026-08-25,13.738535249828884,True,37.947885127662715,3,APALACHEE RIVER; PARKS CREEK; WHEELER CREEK,3,8.0,8.0,100.0,02217274,false,1,True,02217274,200
huc8_17010302,huc8,17,1701,170103,17010302,17010302,3,3,"12413360,12413370,12413445",2000-03-29,2013-10-29,13.585215605749486,True,9.050344829651424,3,EF PINE CREEK ABV GILBERT CR; EF PINE CREEK ABV NABOB CR; PINE CREEK,3,8.0,8.0,100.0,12413370,true,3,False,"12413360,12413370,12413445",200
huc8_03050112,huc8,03,0305,030501,03050112,03050112,3,3,"02171500,02171645,02171905",2013-05-07,2026-08-25,13.300479123887747,True,80.37231584003538,3,REDIV CANAL; SANTEE RIVER; SOUTH SANTEE R,3,8.0,8.0,100.0,02171645,false,1,True,02171645,200
huc8_11020001,huc8,11,1102,110200,11020001,11020001,3,3,"07086000,07091200,07094500",1993-10-07,2006-09-29,12.97741273100616,True,99.0335796452682,3,ARKANSAS RIVER,3,8.0,8.0,100.0,07091200,true,3,False,"07086000,07091200,07094500",200
huc8_13060011,huc8,13,1306,130600,13060011,13060011,3,3,"08405200,08406500,08407500",2012-10-01,2024-11-25,12.150581793292266,True,40.65150455299555,3,PECOS RIVER,3,8.0,8.0,100.0,08406500,true,3,False,"08405200,08406500,08407500",200
huc8_04020105,huc8,04,0402,040201,04020105,04020105,3,5,"04043097,04043238,04043244",2014-09-30,2026-08-25,11.901437371663244,True,45.363698021097626,3,EAST BRANCH SALMON TROUT RIVER; FALLS RIVER; SALMON TROUT RIVER,3,8.0,8.0,100.0,04043238,false,1,True,04043238,200
huc8_02070008,huc8,02,0207,020700,02070008,02070008,3,3,"01646000,01646305,01646500",2007-11-30,2019-09-30,11.832991101984941,True,10.623631641234152,3,DEAD RUN; DIFFICULT RUN; POTOMAC RIVER,3,8.0,8.0,100.0,01646305,partial,2,True,"01646305,01646500",200
huc8_05040005,huc8,05,0504,050400,05040005,05040005,3,3,"03140853,03140900,03140950",2015-06-29,2026-08-24,11.154004106776181,True,5.461615159679419,3,Beaver Creek; Seneca Fork; South Fork,3,8.0,8.0,100.0,03140853,false,1,True,03140853,200
huc8_17090009,huc8,17,1709,170900,17090009,17090009,3,3,"14200400,14201300,14202000",1993-08-07,2004-09-30,11.148528405201917,True,32.33073427155354,3,LITTLE ABIQUA CREEK; PUDDING RIVER; ZOLLNER CREEK,3,8.0,8.0,100.0,14201300,partial,2,True,"14201300,14202000",200
huc8_02050104,huc8,02,0205,020501,02050104,02050104,3,3,"01516350,01518700,01520000",2015-10-01,2026-08-24,10.896646132785763,True,22.75163594137567,3,Cowanesque River; Tioga River,3,8.0,8.0,100.0,01518700,partial,2,True,"01516350,01518700",200
huc8_12040101,huc8,12,1204,120401,12040101,12040101,3,3,"08068000,08069500,295524095072701",2014-02-06,2024-11-13,10.767967145790555,True,47.95297485544484,3,SJRA E Industrial Canal; W Fk San Jacinto Rv,3,8.0,8.0,100.0,08069500,partial,2,True,"08068000,08069500",200
huc8_07050002,huc8,07,0705,070500,07050002,07050002,3,3,"05357215,05357225,05357245",2013-05-23,2024-02-04,10.702258726899384,True,5.340250072984217,3,ALLEQUASH CREEK; STEVENSON CREEK; TROUT RIVER,3,8.0,8.0,100.0,05357245,false,1,True,05357245,200
huc8_12030105,huc8,12,1203,120301,12030105,12030105,3,4,"08057000,08057410,08062500",2015-02-12,2025-03-11,10.075290896646132,True,51.28819597949007,3,Trinity Rv,3,8.0,8.0,100.0,08057410,true,3,False,"08057000,08057410,08062500",200
huc8_17110006,huc8,17,1711,171100,17110006,17110006,3,3,"12186000,12187500,12189500",2016-10-01,2026-08-24,9.894592744695414,True,29.356722531112535,3,SAUK RIVER,3,8.0,8.0,100.0,12187500,true,3,False,"12186000,12187500,12189500",200
huc8_15030108,huc8,15,1503,150301,15030108,15030108,3,3,"09522005,09534000,09534550",2017-01-26,2026-08-23,9.571526351813826,True,25.77916686724918,3,242 LATERAL; COLORADO RIVER; YUMA MAIN DRAIN,3,8.0,8.0,100.0,09534000,not_queried,1,False,09534000,200
huc8_14020004,huc8,14,1402,140200,14020004,14020004,3,3,"09132095,09136100,385553107243301",2015-04-10,2024-10-22,9.535934291581109,True,44.47384235502351,3,ANTHRACITE CREEK; NORTH FK GUNNISON RIVER; NORTH FORK GUNNISON BLW RAVEN GULCH,3,8.0,8.0,100.0,385553107243301,partial,2,True,"09136100,385553107243301",200
huc8_03110203,huc8,03,0311,031102,03110203,03110203,3,3,"02318500,02319000,02319394",2017-02-28,2026-08-24,9.483915126625599,True,49.96129264720351,3,WITHLACOOCHEE RIVER,3,8.0,8.0,100.0,02319000,true,3,False,"02318500,02319000,02319394",200
huc8_10170101,huc8,10,1017,101701,10170101,10170101,3,3,"06466700,06467500,06478522",2015-03-27,2024-08-27,9.42094455852156,True,58.991231771595515,3,Bow Creek; LEWIS AND CLARK LAKE; MISSOURI RIVER,3,8.0,8.0,100.0,06466700,partial,2,True,"06466700,06467500",200
huc8_05020004,huc8,05,0502,050200,05020004,05020004,3,4,"03065050,03065200,03070420",1992-06-05,2001-09-30,9.319644079397673,True,81.371945504575,3,BLACKWATER R; BLACKWATER RIVER; Stony Fork Tributary,3,8.0,8.0,100.0,03065200,partial,2,True,"03065050,03065200",200
huc8_11010001,huc8,11,1101,110100,11010001,11010001,3,3,"07048550,07048600,07049691",2017-06-21,2026-08-24,9.174537987679672,True,45.95869286722453,3,West Fork White River; White River,3,8.0,8.0,100.0,07048600,partial,2,True,"07048600,07049691",200
huc8_05020001,huc8,05,0502,050200,05020001,05020001,3,3,"03054500,03056000,03057000",2011-10-01,2020-10-27,9.073237508555783,True,32.673175505947064,3,TYGART VALLEY R; TYGART VALLEY RIVER,3,8.0,8.0,100.0,03056000,true,3,False,"03054500,03056000,03057000",200
huc8_08090301,huc8,08,0809,080903,08090301,08090301,3,3,"073802516,292859090004000,295501090190400",2008-09-30,2017-10-23,9.062286105407255,True,80.10136861625229,3,Barataria Pass; Barataria Waterway S of Lafitte; Davis Pond Freshwater Diversion,3,8.0,8.0,100.0,292859090004000,false,1,True,292859090004000,200
huc8_03150105,huc8,03,0315,031501,03150105,03150105,3,3,"02397000,02397530,02400100",2017-12-02,2026-08-24,8.725530458590006,True,36.20313888812812,3,COOSA RIVER; COOSA RIVER MAYOS BAR; TERRAPIN CREEK,3,8.0,8.0,100.0,02397000,partial,2,True,"02397000,02397530",200
huc8_03100204,huc8,03,0310,031002,03100204,03100204,3,3,"02301500,02301718,02301721",2018-01-18,2026-08-24,8.596851471594798,True,17.06858387605364,3,ALAFIA RIVER,3,8.0,8.0,100.0,02301718,true,3,False,"02301500,02301718,02301721",200
huc8_11010014,huc8,11,1101,110100,11010014,11010014,3,3,"07075250,07075270,07076000",2010-08-17,2019-01-28,8.449007529089664,True,64.37297367958526,3,Little Red River; S Fk Lit Red Riv us of Gulf Mt WMA,3,8.0,8.0,100.0,07075250,true,3,False,"07075250,07075270,07076000",200
huc8_14050007,huc8,14,1405,140500,14050007,14050007,3,3,"09306395,09306500,09306900",1977-04-15,1985-09-01,8.380561259411362,True,47.59023044642889,3,WHITE RIVER,3,8.0,8.0,100.0,09306395,true,3,False,"09306395,09306500,09306900",200
huc8_08080101,huc8,08,0808,080801,08080101,08080101,3,3,"294736091164200,295011091184300,295447091191500",2007-06-26,2015-11-03,8.355920602327172,True,13.929178983239279,3,American Pass; Little Bayou Long North of Duck Lake; Middle Fork Bayou Long,3,8.0,8.0,100.0,295011091184300,partial,2,True,"294736091164200,295011091184300",200
huc8_19020301,huc8,19,1902,190203,19020301,19020301,3,3,"15238986,15239070,15239900",2018-04-21,2026-08-24,8.342231348391513,True,49.090961434468475,3,ANCHOR R; BATTLE C 1.0 MI; BRADLEY R,3,8.0,8.0,100.0,15238986,not_queried,1,False,15238986,200
huc8_11030012,huc8,11,1103,110300,11030012,11030012,3,3,"07143672,07144100,375350097262800",2011-04-05,2019-05-15,8.109514031485284,True,19.109105866462247,3,L ARKANSAS R; L ARKANSAS R UPSTREAM OF ASR FAC,3,8.0,8.0,100.0,375350097262800,true,3,False,"07143672,07144100,375350097262800",200
huc8_01090004,huc8,01,0109,010900,01090004,01090004,14,14,"01115098,01115110,01115114,01115120,01115170,01115183,01115184,01115187,01115190,01115265,01115275,01115276,01115280,01115297",2009-05-28,2023-10-17,14.387405886379192,True,10.98988331058802,14,BEAR TREE BROOK; CORK BK; DOLLY COLE BK; HEMLOCK BROOK; HUNTINGHOUSE BK; MOSWANSICUT STREAM; PEEPTOAD BROOK; PONAGANSET RIVER; QUONOPAUG BK; RUSH BROOK; SPRUCE BROOK; UNNAMED TRIB TO SCITUATE RES; WESTCONNAUG STREAM; WILBUR HOLLOW BK,3,8.0,8.0,50.0,01115187,false,1,True,01115187,200
huc8_03060109,huc8,03,0306,030601,03060109,03060109,14,14,"02198810,02198820,02198840,02198920,02198950,02198955,021989715,021989773,021989784,021989792,021989793,0219897945,0219897993,02198980",2014-02-28,2026-08-22,12.479123887748118,True,35.43011015521369,14,"ABERCORN CREEK; BACK RIVER 0.4 MI DOWNSTREAM US17,; L BACK RIVER; LITTLE BACK RIVER; MIDDLE RIVER; SAVANNAH RIVER; SAVANNAH RIVER I-95",3,8.0,8.0,50.0,02198920,partial,5,True,"02198920,021989715,021989773,0219897993,02198980",200
huc8_05140102,huc8,05,0514,051401,05140102,05140102,14,14,"03293510,03297800,03297900,03298000,03298135,03298150,03298200,03298250,03298300,03301900,03301940,03302000,03302030,03302050",2013-09-30,2025-09-25,11.986310746064339,True,43.68955536189709,14,BEARGRASS CREEK; BRIER CREEK; CEDAR CREEK; CHENOWETH RUN; FERN CREEK; FLOYDS FORK; NORTHERN DITCH; PENN RUN; POND CREEK,3,8.0,8.0,50.0,03301940,partial,4,True,"03301900,03301940,03302000,03302030",200
huc8_17080001,huc8,17,1708,170800,17080001,17080001,11,11,"14138720,14138850,14138870,14138900,14139800,14140020,14141500,14142500,453439122223900,453630122021400,453845121564001",2007-06-02,2020-09-23,13.311430527036277,True,41.70470971496772,11,"BULL RUN R; BULL RUN RIVER; COLUMBIA RIVER; COLUMBIA RIVER, LEFT BANK,; COLUMBIA RIVER, RIGHT BANK,; FIR CREEK; LITTLE SANDY RIVER; NORTH FORK BULL RUN RIVER; SANDY RIVER BLW BULL RUN RIVER,; SOUTH FORK BULL RUN RIVER",3,8.0,8.0,50.0,14138870,partial,3,True,"14138870,14140020,14142500",200
huc8_05140101,huc8,05,0514,051401,05140101,05140101,10,10,"03292470,03292474,03292475,03292480,03292500,03292550,03293000,03293500,03293530,03294570",2008-09-30,2025-11-19,17.136208076659823,True,41.828422890061375,10,GOOSE CREEK; HARRODS CREEK; LITTLE GOOSE CREEK; M FK BEARGRASS; M FK BEARGRASS CR; MILL CREEK; MUDDY FK; S FK BEARGRASS CREEK; SOUTH FORK BEARGRASS CREEK,3,8.0,8.0,50.0,03292474,partial,2,True,"03292474,03292475",200
huc8_01090001,huc8,01,0109,010900,01090001,01090001,10,11,"01104370,01104405,01104410,01104415,01104420,01104430,01104453,01104455,01104460,01104475",2012-03-26,2026-08-23,14.40930869267625,True,9.117268563937131,10,"CAMBRIDGE RES., UNNAMED TRIB 1,; CAMBRIDGE RES., UNNAMED TRIB 2,; CAMBRIDGE RES., UNNAMED TRIB 3,; HOBBS BK; HOBBS BROOK; STONY BROOK; STONY BROOK RES., UNNAMED TRIB 1,; STONY BROOK UNNAMED TRIB 2; STONY BROOK, UNNAMED TRIBUTARY 1,",3,8.0,8.0,50.0,01104430,partial,7,True,"01104405,01104410,01104415,01104430,01104453,01104455,01104460",200
huc8_17090010,huc8,17,1709,170900,17090010,17090010,10,13,"14202980,14205400,14206694,14206950,14207200,452230122512201,452559122472401,453004122510301,453030122560101,453040123065201",2004-05-20,2017-12-10,13.557837097878165,True,47.00887033043926,10,"BEAVERTON CREEK; CHICKEN CREEK; EAST FORK DAIRY CREEK; FANNO CREEK; GALES CREEK; ROCK CREEK; SCOGGINS CK BLW HENRY HAGG LAKE,; SUMMER CREEK; TUALATIN RIVER",3,8.0,8.0,50.0,14202980,partial,3,True,"14202980,14206694,14207200",200
huc8_17100307,huc8,17,1710,171003,17100307,17100307,10,11,"14330000,14335075,14337500,14337600,14337800,14337830,14337870,14338000,14338100,14339000",1988-03-16,1998-09-30,10.54072553045859,True,35.107325509603236,10,BIG BUTTE CREEK; ELK CREEK; ROGUE RIVER; WEST BRANCH ELK CREEK,3,8.0,8.0,50.0,14338000,partial,5,True,"14337800,14337830,14338000,14338100,14339000",200
huc8_03050201,huc8,03,0305,030502,03050201,03050201,10,10,"02172002,02172020,02172040,02172050,021720508,02172053,021720677,0217206935,0217206962,021720698",2016-07-01,2026-08-25,10.149212867898699,True,40.243697798326885,10,BACK RIVER; COOPER R; COOPER RIVER; LAKE MOULTRIE TAILRACE CANAL; W BRANCH COOPER R; WANDO RIVER,3,8.0,8.0,50.0,021720508,partial,7,True,"02172002,02172020,02172050,021720508,02172053,021720677,0217206935",200
huc8_18010204,huc8,18,1801,180102,18010204,18010204,9,10,"11507500,11507501,11509370,420448121503100,420451121510000,420741121554001,420853121505500,420853121505501,421015121471800",2018-05-12,2026-08-19,8.271047227926077,True,16.515576613706973,9,"KLAMATH RIVER; KLAMATH RIVER ABV KENO DAM,; KLAMATH STRAITS DRAIN; LINK RIVER; LOST RIVER DIVERSION CHANNEL",3,8.0,8.0,50.0,420853121505500,partial,6,True,"11507500,11507501,11509370,420741121554001,420853121505500,420853121505501",200
huc8_02040205,huc8,02,0204,020402,02040205,02040205,8,9,"01478137,01480065,01480400,01480500,01480617,01480870,01481000,01481500",2006-10-01,2024-02-28,17.409993155373034,True,40.576488105514414,8,BRANDYWINE CREEK; Birch Run; Brandywine Creek; CHRISTINA RIVER; East Branch Brandywine Creek; Trout Run; West Branch Brandywine Creek,3,8.0,8.0,50.0,01480617,partial,4,True,"01480500,01480617,01481000,01481500",200
huc8_03090204,huc8,03,0309,030902,03090204,03090204,8,9,"02290928,02290930,255123081321300,255327081275900,255432081303900,255534081324000,255654081350200,255726081303700",2007-06-14,2017-09-09,10.239561943874058,True,27.91154303781325,8,BARRON RIVER; BLACKWATER RIVER; EAST RIVER; FAKA UNION BOUNDARY; FAKA UNION CANAL BOAT BASIN; FAKA-UNION RIVER; PUMPKIN RIVER; TURNER RIVER,3,8.0,8.0,50.0,255432081303900,false,1,True,255432081303900,200
huc8_04040003,huc8,04,0404,040400,04040003,04040003,8,9,"040869416,04087000,04087070,040871473,040871475,040871476,040871488,04087159",2007-07-03,2016-10-23,9.308692676249144,True,23.556292235866387,8,HOLMES AVE CRK TRIB; KINNICKINNIC RIVER; LINCOLN CREEK; LITTLE MENOMONEE RIVER; MILWAUKEE RIVER; WILSON PARK CK; WILSON PARK CREEK,3,8.0,8.0,50.0,04087159,false,1,True,04087159,200
huc8_17090012,huc8,17,1709,170900,17090012,17090012,7,7,"14211400,14211499,14211500,14211542,14211546,14211550,14211720",2001-11-02,2012-12-18,11.126625598904859,True,19.58495299792844,7,CRYSTAL SPRINGS CREEK; JOHNSON CREEK; KELLEY CREEK; WILLAMETTE RIVER,3,8.0,8.0,50.0,14211499,partial,4,True,"14211499,14211500,14211550,14211720",200
huc8_17090006,huc8,17,1709,170900,17090006,17090006,6,6,"14185000,14185800,14185900,14186200,14187200,14187500",2007-10-24,2026-08-24,18.833675564681723,True,35.84391118173868,6,MIDDLE SANTIAM R; MIDDLE SANTIAM R BLW GREEN PETER DAM; QUARTZVILLE CREEK; SOUTH SANTIAM RIVER,3,8.0,8.0,50.0,14187500,partial,3,True,"14185000,14187200,14187500",200
huc8_04090004,huc8,04,0409,040900,04090004,04090004,6,6,"04166100,04166470,04166500,04167150,04167625,04168400",2001-10-24,2017-10-31,16.019164955509925,True,21.042937660480032,6,LOWER RIVER ROUGE; MIDDLE RIVER ROUGE; RIVER ROUGE; UPPER RIVER ROUGE,3,8.0,8.0,50.0,04166500,partial,2,True,"04166100,04166500",200
huc8_17110010,huc8,17,1711,171100,17110010,17110010,6,6,"12147470,12147500,12147600,12148000,12148300,12148500",2016-10-01,2026-08-24,9.894592744695414,True,16.80071101070241,6,NF TOLT RIVER; NORTH FORK TOLT RIVER; SF TOLT RIVER; SOUTH FORK TOLT RIVER; TOLT RIVER,3,8.0,8.0,50.0,12147600,partial,4,True,"12147600,12148000,12148300,12148500",200
huc8_03060106,huc8,03,0306,030601,03060106,03060106,6,6,"02197000,02197320,021973426,02197351,02197362,02197380",1984-06-07,1993-09-21,9.289527720739219,True,42.38749399595239,6,C-004; LOWER THREE RUNS; P-013; P-19; SAVANNAH R.; SAVANNAH RIVER,3,8.0,8.0,50.0,02197380,false,1,True,02197380,200
huc8_17110005,huc8,17,1711,171100,17110005,17110005,6,6,"12172000,12173500,12178000,12179900,12181000,12182500",2018-06-27,2026-08-24,8.158795345653662,True,38.503768881967005,6,BACON CREEK; BIG BEAVER CREEK; CASCADE RIVER; RUBY CREEK; SKAGIT RIVER,3,8.0,8.0,50.0,12178000,partial,2,True,"12178000,12181000",200
huc8_04060102,huc8,04,0406,040601,04060102,04060102,5,5,"04121650,04121660,04121680,04121944,04121970",1998-10-21,2026-08-24,27.84120465434634,True,32.90342642334707,5,LITTLE MUSKEGON RIVER; MUSKEGON RIVER,3,8.0,8.0,50.0,04121680,partial,3,True,"04121650,04121680,04121970",200
huc8_03090101,huc8,03,0309,030901,03090101,03090101,5,8,"02264000,02264100,02266200,02266300,02266495",2001-12-20,2025-11-16,23.906913073237508,True,14.06035471967213,5,BONNET CREEK; CYPRESS CREEK; REEDY CREEK; WHITTENHORSE CREEK,3,8.0,8.0,50.0,02266300,partial,2,True,"02266300,02266495",200
huc8_17090002,huc8,17,1709,170900,17090002,17090002,5,5,"14152500,14153500,14154500,14155500,14157500",2009-08-07,2026-08-24,17.045859000684462,True,38.88282205762142,5,COAST FORK; COAST FORK WILLAMETTE; COAST FORK WILLAMETTE RIVER; ROW RIVER,3,8.0,8.0,50.0,14154500,partial,3,True,"14154500,14155500,14157500",200
huc8_03150202,huc8,03,0315,031502,03150202,03150202,5,6,"02423130,02423160,02423380,02423397,02423496",2011-08-08,2026-07-20,14.948665297741274,True,33.97827272786082,5,CAHABA RIVER; LITTLE CAHABA RIVER,3,8.0,8.0,50.0,02423397,partial,2,True,"02423397,02423496",200
huc8_17060208,huc8,17,1706,170602,17060208,17060208,5,5,"13310800,13310850,13311000,13311250,13311450",2012-04-29,2026-06-30,14.168377823408624,True,5.513557120557948,5,EF OF SF SALMON RIVER; EFSF SALMON R ABV MEADOW CRK; EFSF SALMON R ABV SUGAR CRK; MEADOW CREEK; SUGAR CREEK,3,8.0,8.0,50.0,13311000,partial,4,True,"13310800,13311000,13311250,13311450",200
huc8_03160111,huc8,03,0316,031601,03160111,03160111,5,5,"02455980,02457595,02458148,02458450,02458502",2014-07-26,2026-08-24,12.07939767282683,True,27.557587748250622,5,FIVEMILE CREEK; TURKEY CREEK; VILLAGE CREEK,3,8.0,8.0,50.0,02458148,partial,3,True,"02458148,02458450,02458502",200
huc8_03110206,huc8,03,0311,031102,03110206,03110206,5,5,"02321500,02321958,02322500,02322700,02322800",2017-01-19,2026-08-24,9.593429158110883,True,41.8610089482837,5,ICHETUCKNEE R; SANTA FE RIVER,3,8.0,8.0,50.0,02322800,partial,4,True,"02321500,02321958,02322500,02322800",200
huc8_17010201,huc8,17,1701,170102,17010201,17010201,5,5,"12323770,12323800,12324200,12324400,12324590",2017-03-29,2026-08-24,9.404517453798768,True,37.71224014474998,5,Clark Fork; Little Blackfoot River; Warm Springs Creek,3,8.0,8.0,50.0,12324200,partial,3,True,"12323800,12324200,12324400",200
huc8_10300101,huc8,10,1030,103001,10300101,10300101,5,8,"06893060,06893620,06893820,06893890,06894000",2011-12-20,2020-06-09,8.470910335386721,True,19.099538358928815,5,East Fork Little Blue River; Little Blue R.; Little Blue River; Missouri River; Rock Creek,3,8.0,8.0,50.0,06894000,partial,2,True,"06893820,06894000",200
huc8_03050208,huc8,03,0305,030502,03050208,03050208,5,5,"02176585,02176603,02176611,02176635,02176640",1998-11-06,2007-03-20,8.366872005475702,True,13.95224387135223,5,BATTERY CREEK; BEAUFORT RIVER; BRICKYARD CREEK,3,8.0,8.0,50.0,02176611,partial,4,True,"02176585,02176603,02176611,02176640",200
huc8_02030103,huc8,02,0203,020301,02030103,02030103,5,8,"01382500,01388000,01389005,01391100,01391500",2001-07-14,2009-09-07,8.150581793292266,True,30.453520211888687,5,Hohokus Brook; Passaic River; Pequannock River; Ramapo River; Saddle River,3,8.0,8.0,50.0,01391100,partial,2,True,"01391100,01391500",200
huc8_03100205,huc8,03,0310,031002,03100205,03100205,5,5,"02304000,02304510,02304517,023060013,02306028",2017-10-26,2025-11-19,8.06570841889117,True,15.606259374321452,5,HILLSBOROUGH R; HILLSBOROUGH R.; HILLSBOROUGH RIVER,3,8.0,8.0,50.0,023060013,true,5,False,"02304000,02304510,02304517,023060013,02306028",200
huc8_04060103,huc8,04,0406,040601,04060103,04060103,4,4,"04124000,04124200,04125460,04125550",1996-12-01,2026-08-24,29.727583846680357,True,27.61195743875943,4,MANISTEE RIVER; PINE RIVER,3,8.0,8.0,50.0,04124200,partial,3,True,"04124000,04124200,04125550",200
huc8_17110012,huc8,17,1711,171100,17110012,17110012,4,4,"12115000,12116500,12117600,12119000",2001-05-05,2026-08-24,25.30321697467488,True,45.27041356075023,4,CEDAR RIVER,3,8.0,8.0,50.0,12116500,true,4,False,"12115000,12116500,12117600,12119000",200
huc8_03040207,huc8,03,0304,030402,03040207,03040207,4,4,"02110755,02110760,02110770,02110777",2005-10-29,2026-08-25,20.82135523613963,True,23.053806278268816,4,AIW,3,8.0,8.0,50.0,02110770,true,4,False,"02110755,02110760,02110770,02110777",200
huc8_07040006,huc8,07,0704,070400,07040006,07040006,4,4,"05382255,05382257,05382267,05382284",2009-08-04,2026-08-24,17.05407255304586,True,9.11918744547211,4,LA CROSSE RIVER; SILVER CREEK; STILLWELL CREEK,3,8.0,8.0,50.0,05382267,false,1,True,05382267,200
huc8_05090203,huc8,05,0509,050902,05090203,05090203,4,5,"03260100,03262001,03277075,03277130",2001-03-07,2014-09-29,13.56331279945243,True,26.274385159368144,4,ELIJAHS CREEK; GUNPOWDER CR; MUD LICK CR; WOOLPER CREEK,3,8.0,8.0,50.0,03262001,false,1,True,03262001,200
huc8_05010007,huc8,05,0501,050100,05010007,05010007,4,4,"03041500,03042000,03043810,03044000",2013-09-29,2026-08-24,12.900752908966462,True,31.116461798796756,4,Blacklick Creek; Conemaugh River,3,8.0,8.0,50.0,03043810,partial,3,True,"03041500,03043810,03044000",200
huc8_05010005,huc8,05,0501,050100,05010005,05010005,4,4,"03026480,03027500,03028000,03028500",2013-10-01,2026-05-06,12.594113620807667,True,21.391621577402248,4,Clarion River; EB Clarion River; East Branch Clarion River; West Branch Clarion River,3,8.0,8.0,50.0,03028000,partial,2,True,"03028000,03028500",200
huc8_02070010,huc8,02,0207,020700,02070010,02070010,4,4,"01649190,01649500,01654500,01656903",2013-02-08,2025-06-03,12.314852840520192,True,44.61655829353209,4,FLATLICK BRANCH; LONG BRANCH; NORTHEAST BRANCH ANACOSTIA RIVER; PAINT BRANCH,3,8.0,8.0,50.0,01649500,partial,2,True,"01649190,01649500",200
huc8_18040001,huc8,18,1804,180400,18040001,18040001,4,5,"11261100,11261500,11262900,11273400",2010-10-01,2022-11-08,12.10403832991102,True,15.581174292074431,4,MUD SLOUGH; SALT SLOUGH A HWY 165; SAN JOAQUIN R; SAN JOAQUIN R A FREMONT FORD BRIDGE CA,3,8.0,8.0,50.0,11261500,partial,2,True,"11261500,11273400",200
huc8_07070005,huc8,07,0707,070700,07070005,07070005,4,8,"05406460,05406470,05406491,05406500",1985-01-03,1995-09-29,10.735112936344969,True,7.636379645391462,4,BLACK EARTH CREEK; BREWERY CREEK; GARFOOT CREEK,3,8.0,8.0,50.0,05406470,partial,2,True,"05406470,05406500",200
huc8_14050006,huc8,14,1405,140500,14050006,14050006,4,5,"09306007,09306222,09306242,09306255",1975-01-22,1985-09-29,10.685831622176591,True,42.372154116298354,4,CORRAL GULCH; PICEANCE CREEK; YELLOW CREEK,3,8.0,8.0,50.0,09306222,partial,2,True,"09306007,09306222",200
huc8_02060003,huc8,02,0206,020600,02060003,02060003,4,4,"01581752,01581920,01585075,01589290",2016-01-16,2026-08-23,10.600958247775496,True,38.60752334834006,4,FOSTER BRANCH; GUNPOWDER FALLS; PLUMTREE RUN; SCOTTS LEVEL BRANCH,3,8.0,8.0,50.0,01581752,false,1,True,01581752,200
huc8_05100205,huc8,05,0510,051002,05100205,05100205,4,4,"03287500,03288180,03289000,03289500",2016-06-24,2026-07-12,10.047912388774812,True,35.203035910998956,4,CANE RUN CREEK; ELKHORN CREEK; KENTUCKY RIVER; SOUTH ELKHORN CREEK,3,8.0,8.0,50.0,03287500,false,1,True,03287500,200
huc8_05130204,huc8,05,0513,051302,05130204,05130204,4,4,"03432100,0343233905,034324146,03433500",2016-10-21,2026-08-24,9.839835728952773,True,32.19735391115431,4,HARPETH RIVER,3,8.0,8.0,50.0,034324146,true,4,False,"03432100,0343233905,034324146,03433500",200
huc8_03100101,huc8,03,0310,031001,03100101,03100101,4,4,"02297345,02297350,02297460,02298202",2016-04-07,2025-11-19,9.618069815195073,True,12.970286359415859,4,PEACE RIVER; SHELL CREEK,3,8.0,8.0,50.0,02297350,partial,3,True,"02297345,02297350,02297460",200
huc8_02030105,huc8,02,0203,020301,02030105,02030105,4,6,"01400500,01401000,01402000,01460595",2012-02-01,2021-08-30,9.57700205338809,True,26.78298316966897,4,Del & Rar Canal; Millstone River; Raritan River; Stony Brook,3,8.0,8.0,50.0,01460595,partial,2,True,"01400500,01460595",200
huc8_10230006,huc8,10,1023,102300,10230006,10230006,4,4,"06610000,06610505,410333095530101,412126095565201",2013-04-13,2022-06-24,9.196440793976729,True,33.580351216280725,4,Missouri River,3,8.0,8.0,50.0,06610000,true,4,False,"06610000,06610505,410333095530101,412126095565201",200
huc8_16050102,huc8,16,1605,160501,16050102,16050102,4,5,"10348000,10348200,10350500,10351600",1989-08-26,1998-09-29,9.092402464065708,True,30.961535255828085,4,TRUCKEE RV; TRUCKEE RV BLW DERBY DAM,3,8.0,8.0,50.0,10350500,true,4,False,"10348000,10348200,10350500,10351600",200
huc8_07120004,huc8,07,0712,071200,07120004,07120004,4,5,"05536995,05537980,05538010,05539670",2017-11-17,2026-08-24,8.766598220396988,True,28.18497019521645,4,CHICAGO SANITARY AND SHIP CANAL; DES PLAINES RIVER,3,8.0,8.0,50.0,05537980,partial,3,True,"05537980,05538010,05539670",200
huc8_17110014,huc8,17,1711,171100,17110014,17110014,4,4,"12098700,12100490,12101100,12101102",2016-06-08,2024-09-29,8.309377138945928,True,19.404412288200536,4,LAKE TAPPS DIVERSION; WHITE RIVER,3,8.0,8.0,50.0,12101100,not_queried,1,False,12101100,200
huc8_17100309,huc8,17,1710,171003,17100309,17100309,3,3,"14362000,14366000,14369500",1985-10-01,2026-08-24,40.8952772073922,True,40.413774823770765,3,APPLEGATE RIVER,3,8.0,8.0,50.0,14366000,true,3,False,"14362000,14366000,14369500",200
huc8_18040010,huc8,18,1804,180400,18040010,18040010,3,3,"11299997,11302000,11303000",1985-07-01,2023-04-05,37.76043805612594,True,47.281569491750474,3,STANISLAUS R; STANISLAUS R A RIPON CA,3,8.0,8.0,50.0,11302000,true,3,False,"11299997,11302000,11303000",200
huc8_02040102,huc8,02,0204,020401,02040102,02040102,3,3,"01417500,01420500,01421000",1987-09-30,2025-04-17,37.54688569472964,True,16.402587960105578,3,BEAVER KILL; EAST BRANCH DELAWARE RIVER,3,8.0,8.0,50.0,01421000,partial,2,True,"01417500,01421000",200
huc8_16050101,huc8,16,1605,160501,16050101,16050101,3,3,"10336610,10336730,10336780",1998-04-08,2026-08-24,28.37782340862423,True,18.88251437636639,3,GLENBROOK CK; TROUT CK; UPPER TRUCKEE RV,3,8.0,8.0,50.0,10336610,false,1,True,10336610,200
huc8_05130202,huc8,05,0513,051302,05130202,05130202,3,3,"03431083,03431091,03431514",2003-09-06,2026-08-24,22.965092402464066,True,11.928585872272993,3,CUMBERLAND R; CUMBERLAND RIVER; MILL CREEK,3,8.0,8.0,50.0,03431091,partial,2,True,"03431091,03431514",200
huc8_17090011,huc8,17,1709,170900,17090011,17090011,3,3,"14209710,14210000,14211010",2005-04-18,2026-08-24,21.349760438056126,True,40.53107357154668,3,CLACKAMAS RIVER,3,8.0,8.0,50.0,14210000,true,3,False,"14209710,14210000,14211010",200
huc8_12030203,huc8,12,1203,120302,12030203,12030203,3,3,"08067100,08067215,08067252",2003-09-30,2024-10-28,21.078713210130047,True,14.979956309927028,3,Old Rv Cutoff; Trinity Rv,3,8.0,8.0,50.0,08067215,false,1,True,08067215,200
huc8_01080205,huc8,01,0108,010802,01080205,01080205,3,4,"01192500,01193050,01193500",1997-04-25,2017-10-18,20.48186173853525,True,28.112615653862736,3,CONNECTICUT RIVER; HOCKANUM RIVER; SALMON RIVER,3,8.0,8.0,50.0,01193500,false,1,True,01193500,200
huc8_14010003,huc8,14,1401,140100,14010003,14010003,3,3,"09064600,09066510,394220106431500",2006-04-29,2026-08-24,20.320328542094455,True,32.38842346939045,3,EAGLE RIVER; GORE CREEK,3,8.0,8.0,50.0,09066510,partial,2,True,"09066510,394220106431500",200
huc8_02040103,huc8,02,0204,020401,02040103,02040103,3,3,"01428750,01429000,01431500",2007-08-23,2026-08-24,19.003422313483917,True,27.820966519582583,3,Lackawaxen River; West Branch Lackawaxen River,3,8.0,8.0,50.0,01429000,true,3,False,"01428750,01429000,01431500",200
huc8_17110009,huc8,17,1711,171100,17110009,17110009,3,3,"12137290,12137800,12138160",2009-09-30,2026-08-24,16.89801505817933,True,14.740723103328897,3,SOUTH FORK SULTAN RIVER; SULTAN RIVER,3,8.0,8.0,50.0,12137290,true,3,False,"12137290,12137800,12138160",200
huc8_16020102,huc8,16,1602,160201,16020102,16020102,3,3,"10133650,10133800,10133980",2010-05-18,2026-08-24,16.268309377138944,True,17.159228948600717,3,E CANYON CR; EAST CANYON CREEK,3,8.0,8.0,50.0,10133800,true,3,False,"10133650,10133800,10133980",200
huc8_12040102,huc8,12,1204,120401,12040102,12040102,3,3,"08068275,08068400,08068500",1999-12-10,2015-10-03,15.813826146475018,True,20.200169681751525,3,Panther Br; Spring Ck,3,8.0,8.0,50.0,08068275,partial,2,True,"08068275,08068500",200
huc8_18050004,huc8,18,1805,180500,18050004,18050004,3,3,"11173575,11176900,11179000",2007-10-01,2023-07-04,15.756331279945243,True,10.562679418299824,3,ALAMEDA C; ARROYO DE LA LAGUNA A VERONA CA,3,8.0,8.0,50.0,11179000,partial,2,True,"11173575,11179000",200
huc8_04140101,huc8,04,0414,041401,04140101,04140101,3,3,"04232034,04232050,0423205010",1995-09-30,2010-09-29,14.99794661190965,True,13.287026654327178,3,ALLEN CREEK; IRONDEQUOIT CR,3,8.0,8.0,50.0,04232050,partial,2,True,"04232050,0423205010",200
huc8_17040103,huc8,17,1704,170401,17040103,17040103,3,3,"13016450,13018300,13018350",2012-05-03,2026-08-24,14.30800821355236,True,14.555503268817406,3,CACHE CREEK; FISH CREEK; FLAT CREEK,3,8.0,8.0,50.0,13018350,false,1,True,13018350,200
huc8_01070004,huc8,01,0107,010700,01070004,01070004,3,3,"01095220,01095375,01095434",2012-05-09,2026-08-24,14.291581108829568,True,5.306374090176139,3,GATES BROOK; QUINAPOXET RIVER; STILLWATER RIVER,3,8.0,8.0,50.0,01095375,false,1,True,01095375,200
huc8_06010106,huc8,06,0601,060101,06010106,06010106,3,3,"03456991,03460000,03460795",2012-08-01,2026-08-24,14.061601642710473,True,37.61742163871177,3,CATALOOCHEE CREEK; PIGEON R; PIGEON RIVER,3,8.0,8.0,50.0,03460000,partial,2,True,"03460000,03460795",200
huc8_02070002,huc8,02,0207,020700,02070002,02070002,3,5,"01595800,01596500,01597500",2012-10-01,2026-08-24,13.894592744695414,True,13.913972096927141,3,NORTH BRANCH POTOMAC RIVER; SAVAGE RIV; SAVAGE RIVER,3,8.0,8.0,50.0,01597500,partial,2,True,"01596500,01597500",200
huc8_03070101,huc8,03,0307,030701,03070101,03070101,3,3,"02217274,02217643,02218565",2012-11-28,2026-08-25,13.738535249828884,True,37.947885127662715,3,APALACHEE RIVER; PARKS CREEK; WHEELER CREEK,3,8.0,8.0,50.0,02217274,false,1,True,02217274,200
huc8_17010302,huc8,17,1701,170103,17010302,17010302,3,3,"12413360,12413370,12413445",2000-03-29,2013-10-29,13.585215605749486,True,9.050344829651424,3,EF PINE CREEK ABV GILBERT CR; EF PINE CREEK ABV NABOB CR; PINE CREEK,3,8.0,8.0,50.0,12413370,true,3,False,"12413360,12413370,12413445",200
huc8_13060011,huc8,13,1306,130600,13060011,13060011,3,3,"08405200,08406500,08407500",2012-10-01,2024-11-25,12.150581793292266,True,40.65150455299555,3,PECOS RIVER,3,8.0,8.0,50.0,08406500,true,3,False,"08405200,08406500,08407500",200
huc8_04020105,huc8,04,0402,040201,04020105,04020105,3,5,"04043097,04043238,04043244",2014-09-30,2026-08-25,11.901437371663244,True,45.363698021097626,3,EAST BRANCH SALMON TROUT RIVER; FALLS RIVER; SALMON TROUT RIVER,3,8.0,8.0,50.0,04043238,false,1,True,04043238,200
huc8_02070008,huc8,02,0207,020700,02070008,02070008,3,3,"01646000,01646305,01646500",2007-11-30,2019-09-30,11.832991101984941,True,10.623631641234152,3,DEAD RUN; DIFFICULT RUN; POTOMAC RIVER,3,8.0,8.0,50.0,01646305,partial,2,True,"01646305,01646500",200
huc8_05040005,huc8,05,0504,050400,05040005,05040005,3,3,"03140853,03140900,03140950",2015-06-29,2026-08-24,11.154004106776181,True,5.461615159679419,3,Beaver Creek; Seneca Fork; South Fork,3,8.0,8.0,50.0,03140853,false,1,True,03140853,200
huc8_17090009,huc8,17,1709,170900,17090009,17090009,3,3,"14200400,14201300,14202000",1993-08-07,2004-09-30,11.148528405201917,True,32.33073427155354,3,LITTLE ABIQUA CREEK; PUDDING RIVER; ZOLLNER CREEK,3,8.0,8.0,50.0,14201300,partial,2,True,"14201300,14202000",200
huc8_02050104,huc8,02,0205,020501,02050104,02050104,3,3,"01516350,01518700,01520000",2015-10-01,2026-08-24,10.896646132785763,True,22.75163594137567,3,Cowanesque River; Tioga River,3,8.0,8.0,50.0,01518700,partial,2,True,"01516350,01518700",200
huc8_12040101,huc8,12,1204,120401,12040101,12040101,3,3,"08068000,08069500,295524095072701",2014-02-06,2024-11-13,10.767967145790555,True,47.95297485544484,3,SJRA E Industrial Canal; W Fk San Jacinto Rv,3,8.0,8.0,50.0,08069500,partial,2,True,"08068000,08069500",200
huc8_07050002,huc8,07,0705,070500,07050002,07050002,3,3,"05357215,05357225,05357245",2013-05-23,2024-02-04,10.702258726899384,True,5.340250072984217,3,ALLEQUASH CREEK; STEVENSON CREEK; TROUT RIVER,3,8.0,8.0,50.0,05357245,false,1,True,05357245,200
huc8_17110006,huc8,17,1711,171100,17110006,17110006,3,3,"12186000,12187500,12189500",2016-10-01,2026-08-24,9.894592744695414,True,29.356722531112535,3,SAUK RIVER,3,8.0,8.0,50.0,12187500,true,3,False,"12186000,12187500,12189500",200
huc8_15030108,huc8,15,1503,150301,15030108,15030108,3,3,"09522005,09534000,09534550",2017-01-26,2026-08-23,9.571526351813826,True,25.77916686724918,3,242 LATERAL; COLORADO RIVER; YUMA MAIN DRAIN,3,8.0,8.0,50.0,09534000,not_queried,1,False,09534000,200
huc8_14020004,huc8,14,1402,140200,14020004,14020004,3,3,"09132095,09136100,385553107243301",2015-04-10,2024-10-22,9.535934291581109,True,44.47384235502351,3,ANTHRACITE CREEK; NORTH FK GUNNISON RIVER; NORTH FORK GUNNISON BLW RAVEN GULCH,3,8.0,8.0,50.0,385553107243301,partial,2,True,"09136100,385553107243301",200
huc8_03110203,huc8,03,0311,031102,03110203,03110203,3,3,"02318500,02319000,02319394",2017-02-28,2026-08-24,9.483915126625599,True,49.96129264720351,3,WITHLACOOCHEE RIVER,3,8.0,8.0,50.0,02319000,true,3,False,"02318500,02319000,02319394",200
huc8_11010001,huc8,11,1101,110100,11010001,11010001,3,3,"07048550,07048600,07049691",2017-06-21,2026-08-24,9.174537987679672,True,45.95869286722453,3,West Fork White River; White River,3,8.0,8.0,50.0,07048600,partial,2,True,"07048600,07049691",200
huc8_05020001,huc8,05,0502,050200,05020001,05020001,3,3,"03054500,03056000,03057000",2011-10-01,2020-10-27,9.073237508555783,True,32.673175505947064,3,TYGART VALLEY R; TYGART VALLEY RIVER,3,8.0,8.0,50.0,03056000,true,3,False,"03054500,03056000,03057000",200
huc8_03150105,huc8,03,0315,031501,03150105,03150105,3,3,"02397000,02397530,02400100",2017-12-02,2026-08-24,8.725530458590006,True,36.20313888812812,3,COOSA RIVER; COOSA RIVER MAYOS BAR; TERRAPIN CREEK,3,8.0,8.0,50.0,02397000,partial,2,True,"02397000,02397530",200
huc8_03100204,huc8,03,0310,031002,03100204,03100204,3,3,"02301500,02301718,02301721",2018-01-18,2026-08-24,8.596851471594798,True,17.06858387605364,3,ALAFIA RIVER,3,8.0,8.0,50.0,02301718,true,3,False,"02301500,02301718,02301721",200
huc8_14050007,huc8,14,1405,140500,14050007,14050007,3,3,"09306395,09306500,09306900",1977-04-15,1985-09-01,8.380561259411362,True,47.59023044642889,3,WHITE RIVER,3,8.0,8.0,50.0,09306395,true,3,False,"09306395,09306500,09306900",200
huc8_08080101,huc8,08,0808,080801,08080101,08080101,3,3,"294736091164200,295011091184300,295447091191500",2007-06-26,2015-11-03,8.355920602327172,True,13.929178983239279,3,American Pass; Little Bayou Long North of Duck Lake; Middle Fork Bayou Long,3,8.0,8.0,50.0,295011091184300,partial,2,True,"294736091164200,295011091184300",200
huc8_19020301,huc8,19,1902,190203,19020301,19020301,3,3,"15238986,15239070,15239900",2018-04-21,2026-08-24,8.342231348391513,True,49.090961434468475,3,ANCHOR R; BATTLE C 1.0 MI; BRADLEY R,3,8.0,8.0,50.0,15238986,not_queried,1,False,15238986,200
huc8_11030012,huc8,11,1103,110300,11030012,11030012,3,3,"07143672,07144100,375350097262800",2011-04-05,2019-05-15,8.109514031485284,True,19.109105866462247,3,L ARKANSAS R; L ARKANSAS R UPSTREAM OF ASR FAC,3,8.0,8.0,50.0,375350097262800,true,3,False,"07143672,07144100,375350097262800",200
