analysis,station_id,model,gap_length,mean_skill,skill_ci_lower,skill_ci_upper,mean_MAE_degC,mean_climatology_MAE_degC,n_anchors,n_anchor_year_units
original_training_climatology,B1,air_hydro,1.0,-6.820369988485096,-13.11681930995451,0.189186614063635,1.992910305625977,0.7224999666213989,20,20
original_training_climatology,B1,air_hydro,3.0,-4.942129688026163,-7.728132387293551,0.02350381420798,1.9830442249918288,0.6974999924500783,20,20
original_training_climatology,B1,air_hydro,7.0,-5.079321942482556,-6.186724766422036,-0.0219667760551332,2.0447673621732885,0.6882142509732927,20,20
original_training_climatology,B1,air_hydro,10.0,-4.165712302289206,-5.567962566054636,-0.0355852705428813,2.0806049262542796,0.6807499921321869,20,20
original_training_climatology,B1,air_hydro,14.0,-3.26430570246502,-4.489033040206301,0.1063260680800815,2.0704314847801433,0.7044642499514988,20,20
original_training_climatology,B1,air_hydro,21.0,-3.000386286130912,-4.184193487023284,0.139521767829432,2.1094979269741683,0.734999961796261,20,20
original_training_climatology,B1,air_hydro,30.0,-2.93095551469238,-4.02657565737375,0.1348954431459197,2.1565719614684413,0.7571666431427002,20,20
original_training_climatology,B1,air_hydro,45.0,-2.990338366076186,-3.7232926602127847,0.0763780870453174,2.2130445482736407,0.7706666524542704,20,20
original_training_climatology,B1,air_hydro,60.0,-2.926181285338753,-3.341151314215194,0.0736890359593119,2.2123433421551675,0.7492083216210207,20,20
original_training_climatology,B1,air_hydro,90.0,-3.0021950144338345,-3.447421952805356,0.0714767125999832,2.1750231407616045,0.6991110970576603,20,20
original_training_climatology,B1,air_hydro,120.0,-2.6280704314716825,-3.090811670062996,0.0661766426401558,2.1568873692101187,0.7055208216607571,20,20
original_training_climatology,B1,air_hydro,150.0,-2.3253890432378785,-2.843579428124224,-0.0962392150877845,2.1341074613133904,0.7220666540861129,20,20
original_training_climatology,B1,air_hydro,180.0,-2.185402207903373,-2.61683065701012,-0.2290414763196859,2.0981621670251847,0.7175138778818978,20,20
original_training_climatology,B1,air_hydro,240.0,-1.955493297870268,-2.3106989076328506,-0.4826181448239827,2.0585884900058087,0.7263229056199391,20,20
original_training_climatology,B1,air_hydro,365.0,-1.6560997930298675,-1.7748295269046268,-0.8829634941631603,1.9848427495977308,0.7450753291828992,20,20
original_training_climatology,B1,air_only,1.0,-0.5854584605370075,-1.381301166951472,0.303315175033473,0.6388899194362034,0.7224999666213989,20,20
original_training_climatology,B1,air_only,3.0,-0.3721411534247266,-0.4383393453653809,0.1624960918805656,0.6559977765765151,0.6974999924500783,20,20
original_training_climatology,B1,air_only,7.0,-0.383121461963303,-0.5837290613686072,0.1690027249795354,0.6133398963015819,0.6882142509732927,20,20
original_training_climatology,B1,air_only,10.0,-0.176874927272187,-0.316416067992568,0.0874962912911997,0.6071681501481996,0.6807499921321869,20,20
original_training_climatology,B1,air_only,14.0,-0.0848703358061468,-0.3068095874006151,0.1529410697062362,0.6470389130891816,0.7044642499514988,20,20
original_training_climatology,B1,air_only,21.0,-0.044412367954281,-0.2886419791303827,0.1307222182284297,0.6804237815730089,0.734999961796261,20,20
original_training_climatology,B1,air_only,30.0,-0.002823146253348,-0.2405871756185859,0.169824357792204,0.6693606994342314,0.7571666431427002,20,20
original_training_climatology,B1,air_only,45.0,0.025232338233641,-0.1463037348963956,0.1506171798895421,0.685228867849173,0.7706666524542704,20,20
original_training_climatology,B1,air_only,60.0,0.05099916752061,-0.0784445023720802,0.1566191514808066,0.6716426630745364,0.7492083216210207,20,20
original_training_climatology,B1,air_only,90.0,0.0375234579365057,-0.046121670813698,0.1000417616063221,0.6441578342055136,0.6991110970576603,20,20
original_training_climatology,B1,air_only,120.0,0.0394625526557152,-0.0421340365225004,0.0965497096618015,0.6567207109820362,0.7055208216607571,20,20
original_training_climatology,B1,air_only,150.0,0.046642469496899,-0.0267896645801971,0.1017208648815926,0.6701936272730707,0.7220666540861129,20,20
original_training_climatology,B1,air_only,180.0,0.0628080556095863,-0.00542911778875,0.1200758536550004,0.6580464902196522,0.7175138778818978,20,20
original_training_climatology,B1,air_only,240.0,0.0771687387019909,0.0159551569638519,0.1212702239748622,0.6591252785138202,0.7263229056199391,20,20
original_training_climatology,B1,air_only,365.0,0.1089905343479729,0.0095882119318025,0.1406547477057248,0.6612457151988079,0.7450753291828992,20,20
original_training_climatology,B1,climatology,1.0,0.0,0.0,0.0,0.7224999666213989,0.7224999666213989,20,20
original_training_climatology,B1,climatology,3.0,0.0,0.0,0.0,0.6974999924500783,0.6974999924500783,20,20
original_training_climatology,B1,climatology,7.0,0.0,0.0,0.0,0.6882142509732927,0.6882142509732927,20,20
original_training_climatology,B1,climatology,10.0,0.0,0.0,0.0,0.6807499921321869,0.6807499921321869,20,20
original_training_climatology,B1,climatology,14.0,0.0,0.0,0.0,0.7044642499514988,0.7044642499514988,20,20
original_training_climatology,B1,climatology,21.0,0.0,0.0,0.0,0.734999961796261,0.734999961796261,20,20
original_training_climatology,B1,climatology,30.0,0.0,0.0,0.0,0.7571666431427002,0.7571666431427002,20,20
original_training_climatology,B1,climatology,45.0,0.0,0.0,0.0,0.7706666524542704,0.7706666524542704,20,20
original_training_climatology,B1,climatology,60.0,0.0,0.0,0.0,0.7492083216210207,0.7492083216210207,20,20
original_training_climatology,B1,climatology,90.0,0.0,0.0,0.0,0.6991110970576603,0.6991110970576603,20,20
original_training_climatology,B1,climatology,120.0,0.0,0.0,0.0,0.7055208216607571,0.7055208216607571,20,20
original_training_climatology,B1,climatology,150.0,0.0,0.0,0.0,0.7220666540861129,0.7220666540861129,20,20
original_training_climatology,B1,climatology,180.0,0.0,0.0,0.0,0.7175138778818978,0.7175138778818978,20,20
original_training_climatology,B1,climatology,240.0,0.0,0.0,0.0,0.7263229056199391,0.7263229056199391,20,20
original_training_climatology,B1,climatology,365.0,0.0,0.0,0.0,0.7450753291828992,0.7450753291828992,20,20
original_training_climatology,B1,donor_regression,1.0,0.0855431812629533,-0.3584584808741521,0.5544622897603043,0.4175963923236819,0.7224999666213989,20,20
original_training_climatology,B1,donor_regression,3.0,-0.3009808275974731,-0.9281420266719128,0.5785896174624123,0.45290204552429214,0.6974999924500783,20,20
original_training_climatology,B1,donor_regression,7.0,-0.7579442141940841,-1.737777784415555,0.5603677404845788,0.47642096255883154,0.6882142509732927,20,20
original_training_climatology,B1,donor_regression,10.0,-0.1819030684869374,-0.5917738639607343,0.5433732120248576,0.45601899949362606,0.6807499921321869,20,20
original_training_climatology,B1,donor_regression,14.0,0.006795227402264,-0.1951365431543738,0.4042039863109565,0.4960362781834834,0.7044642499514988,20,20
original_training_climatology,B1,donor_regression,21.0,0.0532846986539195,-0.1052715867090577,0.2853153330192575,0.5256161099139192,0.734999961796261,20,20
original_training_climatology,B1,donor_regression,30.0,0.0874097931917324,-0.0634907090290939,0.2446845686737134,0.5210180797193615,0.7571666431427002,20,20
original_training_climatology,B1,donor_regression,45.0,0.1174639465945743,-0.0737699416670879,0.3228607143801603,0.5125749739102932,0.7706666524542704,20,20
original_training_climatology,B1,donor_regression,60.0,0.121547980089758,-0.0923437674704804,0.3443322818413732,0.5093007227988468,0.7492083216210207,20,20
original_training_climatology,B1,donor_regression,90.0,0.0404296947017086,-0.200495521223829,0.3132850727445138,0.5237084833369952,0.6991110970576603,20,20
original_training_climatology,B1,donor_regression,120.0,0.0936166035531093,-0.0993518644583528,0.3103395015247001,0.5360541041211053,0.7055208216607571,20,20
original_training_climatology,B1,donor_regression,150.0,0.1368883969579084,-0.0236464778821327,0.3378630080771119,0.5396494926813797,0.7220666540861129,20,20
original_training_climatology,B1,donor_regression,180.0,0.1583548626524509,0.0073333618492955,0.3639866983515958,0.5335183336849623,0.7175138778818978,20,20
original_training_climatology,B1,donor_regression,240.0,0.2172492863176218,0.0211746892913655,0.4176287513186322,0.5256070716081087,0.7263229056199391,20,20
original_training_climatology,B1,donor_regression,365.0,0.282976609137049,0.015504112772964,0.4578505452260128,0.5198894878104233,0.7450753291828992,20,20
original_training_climatology,B1,kalman,1.0,0.6336336850938084,0.5316113163291837,0.8759472869361531,0.12773350341583542,0.7224999666213989,20,20
original_training_climatology,B1,kalman,3.0,0.5930238063131983,0.5585930748063456,0.8576427862095132,0.1867656460366362,0.6974999924500783,20,20
original_training_climatology,B1,kalman,7.0,0.1596298314844133,0.0021306114335433,0.6370175355687648,0.3899554516928648,0.6882142509732927,20,20
original_training_climatology,B1,kalman,10.0,0.005425710094025,-0.3615969560803402,0.3963049517105526,0.43800976437882194,0.6807499921321869,20,20
original_training_climatology,B1,kalman,14.0,0.2349566719815817,0.1717277073004312,0.2888052136820416,0.45762355142356237,0.7044642499514988,20,20
original_training_climatology,B1,kalman,21.0,0.1096880823704239,-0.0297600137852773,0.2111315394836492,0.6002080399704196,0.734999961796261,20,20
original_training_climatology,B1,kalman,30.0,0.0684308804695427,-0.0305637704894867,0.1548202678363551,0.651777939540578,0.7571666431427002,20,20
original_training_climatology,B1,kalman,45.0,-0.0887508613058392,-0.300167460742111,0.2035023386952431,0.7356815221465499,0.7706666524542704,20,20
original_training_climatology,B1,kalman,60.0,-0.282390097351848,-0.560114116034137,-0.1123179703461005,0.8858479462494895,0.7492083216210207,20,20
original_training_climatology,B1,kalman,90.0,-0.5265877718350545,-0.7436452044046665,-0.3259363885542333,0.9714140760711855,0.6991110970576603,20,20
original_training_climatology,B1,kalman,120.0,-0.8423201713033279,-1.0114200814766454,-0.7289054767728695,1.2014444496077006,0.7055208216607571,20,20
original_training_climatology,B1,kalman,150.0,-0.6382401472194617,-0.8610962035264813,-0.3304079002613921,1.093790820990177,0.7220666540861129,20,20
original_training_climatology,B1,kalman,180.0,-1.4389272375143605,-2.11096303453391,-0.6267844783958983,1.6398644124683615,0.7175138778818978,20,20
original_training_climatology,B1,kalman,240.0,-2.932432239986091,-4.195059647849544,-1.169715859738773,2.6811177572978986,0.7263229056199391,20,20
original_training_climatology,B1,kalman,365.0,-9.648289939549286,-10.126615850730934,-6.82050544911057,7.790174987187972,0.7450753291828992,20,20
original_training_climatology,B1,linear,1.0,0.6350197414418275,0.5342274889440195,0.8761260460631144,0.1275000512599945,0.7224999666213989,20,20
original_training_climatology,B1,linear,3.0,0.5923406001364966,0.5592238755063715,0.8571429422923496,0.18749993046124774,0.6974999924500783,20,20
original_training_climatology,B1,linear,7.0,0.1608438641714983,-0.0014311160562254,0.6365740739718693,0.3907143209661756,0.6882142509732927,20,20
original_training_climatology,B1,linear,10.0,-0.0047751339027685,-0.3606008548276339,0.3846713034047424,0.44159097747369247,0.6807499921321869,20,20
original_training_climatology,B1,linear,14.0,0.2292441062124395,0.1739877038816607,0.2779139241022872,0.46128574728965754,0.7044642499514988,20,20
original_training_climatology,B1,linear,21.0,0.1196630093873752,-0.0198311582335339,0.2268934876273099,0.6001839516740858,0.734999961796261,20,20
original_training_climatology,B1,linear,30.0,0.0982648704346178,-0.0036048699477971,0.1697999212512853,0.6418601777925287,0.7571666431427002,20,20
original_training_climatology,B1,linear,45.0,-0.0783123031982231,-0.300113574569086,0.1407769065056849,0.7250627849269029,0.7706666524542704,20,20
original_training_climatology,B1,linear,60.0,-0.3406119566930682,-0.7599927869005182,-0.1709210796317903,0.9166461618106222,0.7492083216210207,20,20
original_training_climatology,B1,linear,90.0,-0.9547617325888498,-1.2055777145633704,-0.6111378333945218,1.1626422161446097,0.6991110970576603,20,20
original_training_climatology,B1,linear,120.0,-1.435037582800329,-1.7358522033324109,-1.097021702998702,1.4787517350128039,0.7055208216607571,20,20
original_training_climatology,B1,linear,150.0,-1.9089219620620168,-2.670550790377895,-0.9839130308941628,1.805026970009667,0.7220666540861129,20,20
original_training_climatology,B1,linear,180.0,-3.03914877268369,-4.116896103916742,-1.7826605896285947,2.595689250011617,0.7175138778818978,20,20
original_training_climatology,B1,linear,240.0,-5.293409214220533,-6.227030939609052,-4.347479616706022,4.313674485284944,0.7263229056199391,20,20
original_training_climatology,B1,linear,365.0,-7.664869998599772,-7.909232614580074,-7.327765233448648,6.354026099762273,0.7450753291828992,20,20
original_training_climatology,B1,pchip,1.0,0.6160557853001738,0.4581640798092077,0.887150449219655,0.11830299904434267,0.7224999666213989,20,20
original_training_climatology,B1,pchip,3.0,0.6376081294503102,0.5931724073797849,0.8904727110249758,0.161438101057993,0.6974999924500783,20,20
original_training_climatology,B1,pchip,7.0,0.1395539506701576,0.0910836114078107,0.564117816133491,0.41767246736049357,0.6882142509732927,20,20
original_training_climatology,B1,pchip,10.0,0.0211025267437907,-0.4005511443866117,0.4183280851964833,0.4233809248582963,0.6807499921321869,20,20
original_training_climatology,B1,pchip,14.0,0.2898324203825245,0.2274945768157483,0.3453217296723342,0.3906544315357793,0.7044642499514988,20,20
original_training_climatology,B1,pchip,21.0,0.0200485989597246,-0.0608272120448254,0.069952513918164,0.6540989077339292,0.734999961796261,20,20
original_training_climatology,B1,pchip,30.0,0.0245685943992027,-0.1311040000656806,0.1452422633662103,0.7008619581229183,0.7571666431427002,20,20
original_training_climatology,B1,pchip,45.0,-0.3164429816401138,-0.5631486691927642,0.240274096955523,0.84866248498612,0.7706666524542704,20,20
original_training_climatology,B1,pchip,60.0,-0.4278963848813696,-0.8469384951962865,-0.2830245105058277,0.9895133913358457,0.7492083216210207,20,20
original_training_climatology,B1,pchip,90.0,-1.2544265315620635,-1.454950545061606,-1.0155743045123782,1.3597517937903696,0.6991110970576603,20,20
original_training_climatology,B1,pchip,120.0,-2.147870362127265,-2.6067228030558347,-1.9585560371907755,1.9057162905042382,0.7055208216607571,20,20
original_training_climatology,B1,pchip,150.0,-1.4122937429861888,-1.8538842640072517,-0.9255370114304272,1.4867324003849327,0.7220666540861129,20,20
original_training_climatology,B1,pchip,180.0,-2.8191383441315074,-3.9728864803026327,-1.5270804616340552,2.4800409098736673,0.7175138778818978,20,20
original_training_climatology,B1,pchip,240.0,-4.749452824399002,-5.561333972305207,-3.60970625323368,3.931406666701279,0.7263229056199391,20,20
original_training_climatology,B1,pchip,365.0,-7.701042186488952,-7.812621610545179,-7.405081630221605,6.388200107187112,0.7450753291828992,20,20
original_training_climatology,B1,random_forest,1.0,0.4434290689703583,0.3110916334881186,0.558789472644613,0.3982686349768344,0.7224999666213989,20,20
original_training_climatology,B1,random_forest,3.0,0.2823131051203547,0.2098558040091826,0.3418543584012879,0.42906625765715506,0.6974999924500783,20,20
original_training_climatology,B1,random_forest,7.0,0.2121693740544314,0.1596352705828232,0.3303011483184734,0.44152494004166165,0.6882142509732927,20,20
original_training_climatology,B1,random_forest,10.0,0.2641901306979951,0.2206951713315428,0.3904926202026983,0.4306379535283436,0.6807499921321869,20,20
original_training_climatology,B1,random_forest,14.0,0.3074449595266916,0.2428511702408922,0.3571280824577643,0.44821931210425453,0.7044642499514988,20,20
original_training_climatology,B1,random_forest,21.0,0.3086134305055478,0.2572855686914858,0.3517856031915817,0.46485729413327903,0.734999961796261,20,20
original_training_climatology,B1,random_forest,30.0,0.3036464771107471,0.2183796207725166,0.3318576786479763,0.4724939308131605,0.7571666431427002,20,20
original_training_climatology,B1,random_forest,45.0,0.2922009810331453,0.167489036436747,0.3122653913565559,0.4841447741120503,0.7706666524542704,20,20
original_training_climatology,B1,random_forest,60.0,0.3018800199164397,0.1690413658745556,0.35936152287251,0.4757818786242637,0.7492083216210207,20,20
original_training_climatology,B1,random_forest,90.0,0.2496693283344928,0.0605889222763594,0.3370607382739554,0.47939031669208265,0.6991110970576603,20,20
original_training_climatology,B1,random_forest,120.0,0.2465993772447863,0.1169630165956597,0.3041079151430453,0.49397819069185295,0.7055208216607571,20,20
original_training_climatology,B1,random_forest,150.0,0.2477087603940593,0.0984405713416561,0.3260736052686206,0.5046269403100052,0.7220666540861129,20,20
original_training_climatology,B1,random_forest,180.0,0.2477531401261384,0.0660588183753336,0.3414303938041716,0.5061928915687719,0.7175138778818978,20,20
original_training_climatology,B1,random_forest,240.0,0.2825353093961594,0.0723287463915007,0.392212460290663,0.49734693939136393,0.7263229056199391,20,20
original_training_climatology,B1,random_forest,365.0,0.3084850596478705,0.0933014808311365,0.4044292094598587,0.504916381297337,0.7450753291828992,20,20
original_training_climatology,B1,xgboost,1.0,0.1489772608549798,0.0757361304695774,0.5708228509268642,0.472457492351532,0.7224999666213989,20,20
original_training_climatology,B1,xgboost,3.0,0.1121708919679531,0.0125183210293432,0.522950916063218,0.466568378607432,0.6974999924500783,20,20
original_training_climatology,B1,xgboost,7.0,0.0100194668557185,-0.0531906279970817,0.4289785975686241,0.4825623716626849,0.6882142509732927,20,20
original_training_climatology,B1,xgboost,10.0,0.1355961251552126,0.0396928177257634,0.4611860401495395,0.4667639672756196,0.6807499921321869,20,20
original_training_climatology,B1,xgboost,14.0,0.2067628194333728,0.0822228484933088,0.4176738294637663,0.4856873005628586,0.7044642499514988,20,20
original_training_climatology,B1,xgboost,21.0,0.1982849346769662,0.0538277721001739,0.3187118852241357,0.511624259891964,0.734999961796261,20,20
original_training_climatology,B1,xgboost,30.0,0.1940246600029047,0.097445133105412,0.2636739988478903,0.5167516944805781,0.7571666431427002,20,20
original_training_climatology,B1,xgboost,45.0,0.1991038442823415,0.1545162075850513,0.2346211870019779,0.5191964639557732,0.7706666524542704,20,20
original_training_climatology,B1,xgboost,60.0,0.2280273236357309,0.132021126412698,0.2401644433853056,0.5047801627715428,0.7492083216210207,20,20
original_training_climatology,B1,xgboost,90.0,0.1978554854407602,0.069958582484317,0.2271357136793926,0.5022711904181374,0.6991110970576603,20,20
original_training_climatology,B1,xgboost,120.0,0.1983979201614982,0.1087036045289783,0.2349516350600381,0.5150334133704503,0.7055208216607571,20,20
original_training_climatology,B1,xgboost,150.0,0.2171985217290025,0.0924558925356514,0.268181985030913,0.5194290493329367,0.7220666540861129,20,20
original_training_climatology,B1,xgboost,180.0,0.2252663965447693,0.0839414235935724,0.2910859517137295,0.5175731349322531,0.7175138778818978,20,20
original_training_climatology,B1,xgboost,240.0,0.2517713827864903,0.0714783237105951,0.3369065610541166,0.5172595148533582,0.7263229056199391,20,20
original_training_climatology,B1,xgboost,365.0,0.29286749344913,0.1087786985203639,0.3767051272067787,0.5171504175989595,0.7450753291828992,20,20
original_training_climatology,P3,air_hydro,1.0,-0.2815825034540466,-0.8755370105305733,-0.0057606762786773,1.1804804144596723,1.2924999475479126,20,20
original_training_climatology,P3,air_hydro,3.0,-0.3276840268807007,-1.055749050842466,0.0366249362634641,1.1398018657579423,1.2799999634424846,20,20
original_training_climatology,P3,air_hydro,7.0,-0.1634203944475994,-0.5976946121790858,0.0350177570506039,1.159336125724916,1.2860714537756783,20,20
original_training_climatology,P3,air_hydro,10.0,-0.128537890655174,-0.3542488730747142,0.0106315956709386,1.180801792191193,1.2932500410079957,20,20
original_training_climatology,P3,air_hydro,14.0,-0.0744898482177553,-0.1055424736915347,-0.0533964114129089,1.1989961349201956,1.3025000061307634,20,20
original_training_climatology,P3,air_hydro,21.0,-0.0983407946300248,-0.2136817261709569,0.0930051267971307,1.2458430842196402,1.3078571319580077,20,20
original_training_climatology,P3,air_hydro,30.0,-0.0939446970084367,-0.2102061364513593,0.1137113727870745,1.2640502038937362,1.306166684627533,20,20
original_training_climatology,P3,air_hydro,45.0,-0.0864725870937672,-0.1905541241080336,0.068575955255402,1.262914102324857,1.3131666564941407,20,20
original_training_climatology,P3,air_hydro,60.0,-0.0775028312282966,-0.2181175459911284,0.0466228873214961,1.27935853983707,1.32858332157135,20,20
original_training_climatology,P3,air_hydro,90.0,-0.0753456628025705,-0.2375917655547208,0.0054282722372626,1.2535970799821188,1.2955555327733355,20,20
original_training_climatology,P3,air_hydro,120.0,-0.055746738257903,-0.1836589417591159,0.0593432258500672,1.2310430723874553,1.2506041512886683,20,20
original_training_climatology,P3,air_hydro,150.0,-0.060812282445672,-0.2115018073557403,0.054337402250322,1.2319091948227479,1.2288666542371114,20,20
original_training_climatology,P3,air_hydro,180.0,-0.0630576822583439,-0.201701212550714,0.0452238896996698,1.240460703068272,1.2178888705041675,20,20
original_training_climatology,P3,air_hydro,240.0,-0.0483385007813759,-0.1391801788038932,0.0366061161932501,1.2698058487323298,1.2355104019244514,20,20
original_training_climatology,P3,air_hydro,365.0,-0.0200444265056104,-0.0942108245804124,0.0136975457873877,1.3661958740422184,1.3474931415139813,20,20
original_training_climatology,P3,air_only,1.0,0.1307830217341732,-0.2120539324670812,0.4947960689252927,1.0845627589345521,1.2924999475479126,20,20
original_training_climatology,P3,air_only,3.0,-0.0111380359697458,-0.5867735342042478,0.408724823390673,1.087680184115105,1.2799999634424846,20,20
original_training_climatology,P3,air_only,7.0,0.0008733220780498,-0.4451094080079653,0.333529601628574,1.0989062504670675,1.2860714537756783,20,20
original_training_climatology,P3,air_only,10.0,-0.0103630785642353,-0.391369097642591,0.3086462103825266,1.1148604349184361,1.2932500410079957,20,20
original_training_climatology,P3,air_only,14.0,0.0142402847149535,-0.2654852131883234,0.2889469251040628,1.133069035186931,1.3025000061307634,20,20
original_training_climatology,P3,air_only,21.0,0.0342793367049817,-0.1363972048660622,0.2667788584461421,1.1415160546727514,1.3078571319580077,20,20
original_training_climatology,P3,air_only,30.0,0.0567524969503601,-0.0780873601418981,0.229074071077534,1.140807691081942,1.306166684627533,20,20
original_training_climatology,P3,air_only,45.0,0.0681092728074583,-0.0665147425018957,0.2164780163339509,1.151376738415706,1.3131666564941407,20,20
original_training_climatology,P3,air_only,60.0,0.0849293852841881,-0.0525386008502008,0.216780794513448,1.158610585389313,1.32858332157135,20,20
original_training_climatology,P3,air_only,90.0,0.0871985712292394,-0.0458241566821141,0.2126124633280836,1.1285376285581525,1.2955555327733355,20,20
original_training_climatology,P3,air_only,120.0,0.084561594565197,-0.0742288848793191,0.2044564287269149,1.1001694136271734,1.2506041512886683,20,20
original_training_climatology,P3,air_only,150.0,0.0798116654530021,-0.0437155094049711,0.1788073703789123,1.0905493515596496,1.2288666542371114,20,20
original_training_climatology,P3,air_only,180.0,0.0790774182264506,-0.0285592949118949,0.1650055047003019,1.090287516801531,1.2178888705041675,20,20
original_training_climatology,P3,air_only,240.0,0.0913533268795998,6.1025522543149226e-05,0.1627525178496134,1.1111576567385308,1.2355104019244514,20,20
original_training_climatology,P3,air_only,365.0,0.0978113365013144,0.0764981012774198,0.1174673911324048,1.2203644014636574,1.3474931415139813,20,20
original_training_climatology,P3,climatology,1.0,0.0,0.0,0.0,1.2924999475479126,1.2924999475479126,20,20
original_training_climatology,P3,climatology,3.0,0.0,0.0,0.0,1.2799999634424846,1.2799999634424846,20,20
original_training_climatology,P3,climatology,7.0,0.0,0.0,0.0,1.2860714537756783,1.2860714537756783,20,20
original_training_climatology,P3,climatology,10.0,0.0,0.0,0.0,1.2932500410079957,1.2932500410079957,20,20
original_training_climatology,P3,climatology,14.0,0.0,0.0,0.0,1.3025000061307634,1.3025000061307634,20,20
original_training_climatology,P3,climatology,21.0,0.0,0.0,0.0,1.3078571319580077,1.3078571319580077,20,20
original_training_climatology,P3,climatology,30.0,0.0,0.0,0.0,1.306166684627533,1.306166684627533,20,20
original_training_climatology,P3,climatology,45.0,0.0,0.0,0.0,1.3131666564941407,1.3131666564941407,20,20
original_training_climatology,P3,climatology,60.0,0.0,0.0,0.0,1.32858332157135,1.32858332157135,20,20
original_training_climatology,P3,climatology,90.0,0.0,0.0,0.0,1.2955555327733355,1.2955555327733355,20,20
original_training_climatology,P3,climatology,120.0,0.0,0.0,0.0,1.2506041512886683,1.2506041512886683,20,20
original_training_climatology,P3,climatology,150.0,0.0,0.0,0.0,1.2288666542371114,1.2288666542371114,20,20
original_training_climatology,P3,climatology,180.0,0.0,0.0,0.0,1.2178888705041675,1.2178888705041675,20,20
original_training_climatology,P3,climatology,240.0,0.0,0.0,0.0,1.2355104019244514,1.2355104019244514,20,20
original_training_climatology,P3,climatology,365.0,0.0,0.0,0.0,1.3474931415139813,1.3474931415139813,20,20
original_training_climatology,P3,donor_regression,1.0,-0.355166228022835,-0.6526734095198259,0.3364934430632568,1.2142916940335646,1.2924999475479126,20,20
original_training_climatology,P3,donor_regression,3.0,-0.3744788931011557,-0.8869397122588496,0.2537865819971462,1.2036948038181716,1.2799999634424846,20,20
original_training_climatology,P3,donor_regression,7.0,-0.167518325881154,-0.362218660504747,0.2293753761178451,1.1652388527525808,1.2860714537756783,20,20
original_training_climatology,P3,donor_regression,10.0,-0.0862321130158429,-0.2642909808674669,0.2412135406950006,1.1508727057159207,1.2932500410079957,20,20
original_training_climatology,P3,donor_regression,14.0,-0.0253826676230863,-0.2214024891559752,0.2392573182038542,1.145245161905506,1.3025000061307634,20,20
original_training_climatology,P3,donor_regression,21.0,0.0566205010226325,-0.1370725782021832,0.2420570677548588,1.1129327812682452,1.3078571319580077,20,20
original_training_climatology,P3,donor_regression,30.0,0.1245836117827433,-0.0033173219533996,0.2352909075920239,1.0964701730897064,1.306166684627533,20,20
original_training_climatology,P3,donor_regression,45.0,0.1603530048615156,0.0598515787285532,0.2370097073876424,1.092071068839863,1.3131666564941407,20,20
original_training_climatology,P3,donor_regression,60.0,0.1626710954818697,0.0904199581743281,0.2231803964400929,1.1095564141240288,1.32858332157135,20,20
original_training_climatology,P3,donor_regression,90.0,0.140276122771802,0.097144262085965,0.199191877613248,1.1042473560046748,1.2955555327733355,20,20
original_training_climatology,P3,donor_regression,120.0,0.1268180063157604,0.0936162845502754,0.1525763734795897,1.0885710498296954,1.2506041512886683,20,20
original_training_climatology,P3,donor_regression,150.0,0.1085772910085541,0.0685222499693946,0.1481484859972549,1.0837145358730935,1.2288666542371114,20,20
original_training_climatology,P3,donor_regression,180.0,0.0926086817507729,0.0646584075359471,0.1273646957229562,1.087595368388214,1.2178888705041675,20,20
original_training_climatology,P3,donor_regression,240.0,0.100624183446556,0.0761763826745031,0.1324236913941424,1.1024671008053966,1.2355104019244514,20,20
original_training_climatology,P3,donor_regression,365.0,0.1030861379938146,0.052874185644416,0.1735253730221802,1.196638692560128,1.3474931415139813,20,20
original_training_climatology,P3,kalman,1.0,0.8914643876602453,0.7841587377471808,0.959950790631536,0.05756553853907196,1.2924999475479126,20,20
original_training_climatology,P3,kalman,3.0,0.8079239236365783,0.5884205526406254,0.922185451024838,0.13681855982988567,1.2799999634424846,20,20
original_training_climatology,P3,kalman,7.0,0.7063594131445277,0.3179836320714466,0.8868079664403613,0.164117926640329,1.2860714537756783,20,20
original_training_climatology,P3,kalman,10.0,0.6947659993565992,0.3452570898576354,0.8522334369990228,0.18901657413025336,1.2932500410079957,20,20
original_training_climatology,P3,kalman,14.0,0.6862282330791672,0.4174449579279758,0.8117117719355248,0.22279713715643545,1.3025000061307634,20,20
original_training_climatology,P3,kalman,21.0,0.6728616117499194,0.5020193598535921,0.7765678490788638,0.28416080761095885,1.3078571319580077,20,20
original_training_climatology,P3,kalman,30.0,0.5804383293119113,0.4766536202357929,0.6382997904069323,0.3643764757577438,1.306166684627533,20,20
original_training_climatology,P3,kalman,45.0,0.5924299494645494,0.5490736244669434,0.616541329429103,0.3862469367279244,1.3131666564941407,20,20
original_training_climatology,P3,kalman,60.0,0.5238881253794438,0.3887633995037666,0.5853140023657115,0.4363518243833745,1.32858332157135,20,20
original_training_climatology,P3,kalman,90.0,0.4791047953869548,0.4205682127447068,0.5105635973420681,0.48016754285477947,1.2955555327733355,20,20
original_training_climatology,P3,kalman,120.0,0.3467380298480146,0.2025907317870666,0.5097860617005043,0.6831976065236482,1.2506041512886683,20,20
original_training_climatology,P3,kalman,150.0,0.1629047640626126,0.0677005494709608,0.2450887990991504,0.9162874435267391,1.2288666542371114,20,20
original_training_climatology,P3,kalman,180.0,-0.0446046651034694,-0.135559347725747,0.1389699288180863,1.1193746332268033,1.2178888705041675,20,20
original_training_climatology,P3,kalman,240.0,-0.4810472099832085,-0.8613691586384515,-0.1900127120804073,1.7104493204314128,1.2355104019244514,20,20
original_training_climatology,P3,kalman,365.0,-2.7042976723762218,-3.652957196915173,-1.3646145557272245,4.740034668765469,1.3474931415139813,20,20
original_training_climatology,P3,linear,1.0,0.8917813123861096,0.7854069790244289,0.960199605961146,0.05750010013580322,1.2924999475479126,20,20
original_training_climatology,P3,linear,3.0,0.809147381796271,0.5920934519560928,0.9219724698754406,0.1366666316986084,1.2799999634424846,20,20
original_training_climatology,P3,linear,7.0,0.7054489579257861,0.3140657460437641,0.8883929325298636,0.165357209954943,1.2860714537756783,20,20
original_training_climatology,P3,linear,10.0,0.6910685805259658,0.3438714782458175,0.8458522114004673,0.19199991486289286,1.2932500410079957,20,20
original_training_climatology,P3,linear,14.0,0.689821139871146,0.4193153832959496,0.8058800947276844,0.22395233676547094,1.3025000061307634,20,20
original_training_climatology,P3,linear,21.0,0.6632491543928001,0.5052044353931506,0.7574408933445196,0.2883766786360637,1.3078571319580077,20,20
original_training_climatology,P3,linear,30.0,0.5834328192875831,0.4827755589645081,0.6323342881836277,0.3684031938737439,1.306166684627533,20,20
original_training_climatology,P3,linear,45.0,0.5533329924095208,0.5240920102710538,0.5769940726802575,0.4261111225137387,1.3131666564941407,20,20
original_training_climatology,P3,linear,60.0,0.428717417971966,0.3665962931012407,0.4867134054700377,0.521509550725176,1.32858332157135,20,20
original_training_climatology,P3,linear,90.0,0.2543926898967843,0.115112235645046,0.4191974617601816,0.6702197472603766,1.2955555327733355,20,20
original_training_climatology,P3,linear,120.0,-0.061113282017518,-0.2192368682511403,0.1298671937281936,1.0977428240913993,1.2506041512886683,20,20
original_training_climatology,P3,linear,150.0,-0.4667786365977401,-0.5873461310670125,-0.3741300076973879,1.5583672540635198,1.2288666542371114,20,20
original_training_climatology,P3,linear,180.0,-0.7590304219020535,-0.8822246919901813,-0.6487363736760513,1.9027816532798307,1.2178888705041675,20,20
original_training_climatology,P3,linear,240.0,-1.2203701183046571,-1.6835797352458026,-0.8843011955657069,2.6177192909588953,1.2355104019244514,20,20
original_training_climatology,P3,linear,365.0,-2.0066129697722728,-2.697110468967524,-0.995717842808294,3.849134264371738,1.3474931415139813,20,20
original_training_climatology,P3,pchip,1.0,0.911615489728444,0.8582807687507538,0.9493316218773676,0.05311899173306252,1.2924999475479126,20,20
original_training_climatology,P3,pchip,3.0,0.7957945991503299,0.5185416657712201,0.923290553057067,0.13609942200585107,1.2799999634424846,20,20
original_training_climatology,P3,pchip,7.0,0.692304313455905,0.316692464951032,0.8637418986157618,0.17182250600364604,1.2860714537756783,20,20
original_training_climatology,P3,pchip,10.0,0.6768969458533206,0.3459746440586883,0.8318109555394745,0.1943408378844281,1.2932500410079957,20,20
original_training_climatology,P3,pchip,14.0,0.706143948263089,0.4704852582777183,0.8106289563640451,0.21952894364656594,1.3025000061307634,20,20
original_training_climatology,P3,pchip,21.0,0.5751328467763631,0.4450556880208233,0.7100369482383417,0.33906086381006395,1.3078571319580077,20,20
original_training_climatology,P3,pchip,30.0,0.5357362610366087,0.3653505604636596,0.6551961202101598,0.40110135420864407,1.306166684627533,20,20
original_training_climatology,P3,pchip,45.0,0.5422921367846139,0.4229315331072192,0.6256715506201728,0.4438515611489434,1.3131666564941407,20,20
original_training_climatology,P3,pchip,60.0,0.3921101631575719,0.132388249312478,0.576188679518702,0.5042322204367297,1.32858332157135,20,20
original_training_climatology,P3,pchip,90.0,0.2697861168233958,0.0498789722218123,0.4055141819693166,0.656292545768675,1.2955555327733355,20,20
original_training_climatology,P3,pchip,120.0,-0.0996107419802338,-0.6116402660694938,0.2711713433078395,1.1132365161482372,1.2506041512886683,20,20
original_training_climatology,P3,pchip,150.0,-0.2082070060852576,-0.568525564313549,0.0919599051506927,1.2480600254350354,1.2288666542371114,20,20
original_training_climatology,P3,pchip,180.0,-0.4819612548326139,-0.55287851757824,-0.4166625961137131,1.6067608074839554,1.2178888705041675,20,20
original_training_climatology,P3,pchip,240.0,-1.1929097637518775,-1.7178846621958357,-0.9114942671617652,2.5643311646000453,1.2355104019244514,20,20
original_training_climatology,P3,pchip,365.0,-2.000645477995186,-2.716154878428183,-0.99970712134162,3.8449334135252102,1.3474931415139813,20,20
original_training_climatology,P3,random_forest,1.0,-0.1859974160229784,-0.3415895321769771,0.0375895596233746,1.1701496753156189,1.2924999475479126,20,20
original_training_climatology,P3,random_forest,3.0,-0.1206743946260858,-0.2680995972423586,0.125454967902567,1.0713963547513712,1.2799999634424846,20,20
original_training_climatology,P3,random_forest,7.0,-0.0299569737598428,-0.2962588822964562,0.1688262766776478,1.0507424049220275,1.2860714537756783,20,20
original_training_climatology,P3,random_forest,10.0,0.0038700275636886,-0.2788362035485857,0.2368130655709422,1.041633565562774,1.2932500410079957,20,20
original_training_climatology,P3,random_forest,14.0,0.0175717877479124,-0.2320512353619321,0.2606990109057794,1.0866065746998181,1.3025000061307634,20,20
original_training_climatology,P3,random_forest,21.0,0.0182495311913373,-0.2173880500348006,0.2387258685125249,1.1085047990458095,1.3078571319580077,20,20
original_training_climatology,P3,random_forest,30.0,0.0876056921256922,-0.0789298787424983,0.2575429486422503,1.0740478451671878,1.306166684627533,20,20
original_training_climatology,P3,random_forest,45.0,0.1272660407318264,0.0078130881324604,0.23019119881148,1.0599918160271689,1.3131666564941407,20,20
original_training_climatology,P3,random_forest,60.0,0.1323441837182135,0.043200658653168,0.2361762996735309,1.0825419445777928,1.32858332157135,20,20
original_training_climatology,P3,random_forest,90.0,0.1260311446840663,0.0803185869195234,0.2319979318754084,1.065001126605123,1.2955555327733355,20,20
original_training_climatology,P3,random_forest,120.0,0.1190688410490904,0.039101660561258,0.160279265583994,1.050379295588884,1.2506041512886683,20,20
original_training_climatology,P3,random_forest,150.0,0.1216179660091482,0.0482639482525395,0.1547526378926356,1.0361917487458556,1.2288666542371114,20,20
original_training_climatology,P3,random_forest,180.0,0.1149477041351031,0.0574271615080866,0.1414759807453959,1.0385579899437483,1.2178888705041675,20,20
original_training_climatology,P3,random_forest,240.0,0.1156112959466623,0.0455690486409237,0.1604169764926698,1.0724358485401435,1.2355104019244514,20,20
original_training_climatology,P3,random_forest,365.0,0.1266952633320188,0.0265768271266307,0.2346819746495407,1.1574274116059464,1.3474931415139813,20,20
original_training_climatology,P3,xgboost,1.0,-0.0772032597984894,-0.1788006456900647,0.1009517427861454,1.1082883834838868,1.2924999475479126,20,20
original_training_climatology,P3,xgboost,3.0,0.0141486279935758,-0.15882000752157,0.3511938313374033,0.9673905372619627,1.2799999634424846,20,20
original_training_climatology,P3,xgboost,7.0,0.0974375658722076,-0.1603571158463166,0.2869250789861971,0.9337881973811559,1.2860714537756783,20,20
original_training_climatology,P3,xgboost,10.0,0.0733139974132336,-0.2370593648056484,0.2874837605983087,0.9353900957107545,1.2932500410079957,20,20
original_training_climatology,P3,xgboost,14.0,0.0985653889616243,-0.1606135603029369,0.2868958153598806,0.9565642697470528,1.3025000061307634,20,20
original_training_climatology,P3,xgboost,21.0,0.1378078933991444,-0.0991873633624975,0.3364167773725888,0.9713831810724167,1.3078571319580077,20,20
original_training_climatology,P3,xgboost,30.0,0.1981457795171831,0.0155927507843866,0.3672139104978734,0.955218276977539,1.306166684627533,20,20
original_training_climatology,P3,xgboost,45.0,0.2297794686992092,0.0665503854673073,0.3747456522328085,0.9375801467895508,1.3131666564941407,20,20
original_training_climatology,P3,xgboost,60.0,0.2458245908905581,0.1082342170570134,0.3865098443517545,0.9495117513338724,1.32858332157135,20,20
original_training_climatology,P3,xgboost,90.0,0.2305859926580092,0.1284576671903377,0.371767563909944,0.9374793084462484,1.2955555327733355,20,20
original_training_climatology,P3,xgboost,120.0,0.2323816937119486,0.188954399035811,0.2896045774179852,0.9188063176472981,1.2506041512886683,20,20
original_training_climatology,P3,xgboost,150.0,0.2261464343947873,0.1808126610676762,0.2670973868792703,0.9129704411824544,1.2288666542371114,20,20
original_training_climatology,P3,xgboost,180.0,0.2165722231752277,0.1879301491427492,0.2355860198739737,0.9182780493630303,1.2178888705041675,20,20
original_training_climatology,P3,xgboost,240.0,0.207267166721064,0.1574529487706955,0.2416878333026881,0.9611064499616621,1.2355104019244514,20,20
original_training_climatology,P3,xgboost,365.0,0.2085251650075607,0.1297367398785947,0.2957149156276979,1.0513433951547702,1.3474931415139813,20,20
original_training_climatology,S2,air_hydro,1.0,-0.3303649016306347,-1.5541755616414514,0.2540395121772694,0.7915091477498208,0.700000011920929,20,20
original_training_climatology,S2,air_hydro,3.0,-0.2590798186342504,-1.0737294299594191,0.1680491273267181,0.7751742515318774,0.6958333770434062,20,20
original_training_climatology,S2,air_hydro,7.0,-0.1370712732518283,-0.4742955427379052,0.0620526581876237,0.7367588802102061,0.6935714704649789,20,20
original_training_climatology,S2,air_hydro,10.0,-0.02880459204138,-0.0608114453058037,0.0451481792397489,0.6986349390799478,0.6955000388622284,20,20
original_training_climatology,S2,air_hydro,14.0,0.0446676678280445,0.0022951605319435,0.1353537200236826,0.6541123860143736,0.7012500337191991,20,20
original_training_climatology,S2,air_hydro,21.0,0.1166404785370515,0.0663918140379632,0.2034513173675888,0.6202080873918916,0.7041666706403096,20,20
original_training_climatology,S2,air_hydro,30.0,0.139232249267978,0.1057795770038506,0.2160062611972983,0.5862095684035795,0.6738333268960316,20,20
original_training_climatology,S2,air_hydro,45.0,0.1033332691193906,0.0255432452703844,0.1321014310079388,0.6249658980301851,0.6681111065546672,20,20
original_training_climatology,S2,air_hydro,60.0,0.0988254473636107,-0.0335497475036979,0.1474742290233865,0.6365049565706719,0.6838749907414119,20,20
original_training_climatology,S2,air_hydro,90.0,0.0796698015260925,-0.0880238117022755,0.1357828033382916,0.6341875421911599,0.6735277616977692,20,20
original_training_climatology,S2,air_hydro,120.0,0.0922929941889839,-0.0230117115844673,0.1234167784716024,0.6104371589898722,0.6641874947150548,20,20
original_training_climatology,S2,air_hydro,150.0,0.0901087492550012,0.0260901203345193,0.1150699905235912,0.5912063477618159,0.6481499947706857,20,20
original_training_climatology,S2,air_hydro,180.0,0.0959425653764028,0.0226611658275592,0.1239374302948286,0.5935843252478297,0.6510416666666667,20,20
original_training_climatology,S2,air_hydro,240.0,0.1068269146561461,0.0251238815412244,0.1368240605105019,0.6039475752854886,0.671864584883054,20,20
original_training_climatology,S2,air_hydro,365.0,0.093784143811845,0.0557831825438853,0.1073819942668271,0.623291730948059,0.6866986261002005,20,20
original_training_climatology,S2,air_only,1.0,-0.2220151293343683,-1.0925432417953111,0.1612829631691889,0.7960985138779046,0.700000011920929,20,20
original_training_climatology,S2,air_only,3.0,-0.1712495291580467,-0.7147779783479379,0.0160992550634922,0.7822441149250242,0.6958333770434062,20,20
original_training_climatology,S2,air_only,7.0,-0.1258168852280652,-0.2576181700238438,-0.0791217109129018,0.7577889344232591,0.6935714704649789,20,20
original_training_climatology,S2,air_only,10.0,-0.0790966032617567,-0.1594581233691766,-0.0404304117961887,0.7341590839131413,0.6955000388622284,20,20
original_training_climatology,S2,air_only,14.0,-0.0179029481961145,-0.0823506626634548,0.0187881831853489,0.7119889895632165,0.7012500337191991,20,20
original_training_climatology,S2,air_only,21.0,0.032663498068654,-0.0453073945209921,0.0775657545343828,0.6920060398190847,0.7041666706403096,20,20
original_training_climatology,S2,air_only,30.0,0.0490286036830351,-0.0598755208948018,0.1052863723200747,0.6544742391882435,0.6738333268960316,20,20
original_training_climatology,S2,air_only,45.0,0.0402463845556946,-0.0673878533250922,0.1052737705073208,0.6586009922785376,0.6681111065546672,20,20
original_training_climatology,S2,air_only,60.0,0.0308589304667004,-0.0494050686009525,0.0881651309495809,0.6740948023699059,0.6838749907414119,20,20
original_training_climatology,S2,air_only,90.0,0.0359936123053626,-0.0233930645936495,0.0732255278478927,0.6547423403438879,0.6735277616977692,20,20
original_training_climatology,S2,air_only,120.0,0.0472112320788778,0.0070826322468344,0.075483323357423,0.6367841601250459,0.6641874947150548,20,20
original_training_climatology,S2,air_only,150.0,0.0450868570296846,0.0029765304140271,0.07455938269184,0.6220596726169629,0.6481499947706857,20,20
original_training_climatology,S2,air_only,180.0,0.049639687305404,0.0097743814798403,0.0777384146018872,0.6206076192024297,0.6510416666666667,20,20
original_training_climatology,S2,air_only,240.0,0.0575406420326279,0.013875052459758,0.0832889360392116,0.6352382562183957,0.671864584883054,20,20
original_training_climatology,S2,air_only,365.0,0.0557400488928728,0.0073822358764121,0.0765806120235173,0.6504755502005601,0.6866986261002005,20,20
original_training_climatology,S2,climatology,1.0,0.0,0.0,0.0,0.700000011920929,0.700000011920929,20,20
original_training_climatology,S2,climatology,3.0,0.0,0.0,0.0,0.6958333770434062,0.6958333770434062,20,20
original_training_climatology,S2,climatology,7.0,0.0,0.0,0.0,0.6935714704649789,0.6935714704649789,20,20
original_training_climatology,S2,climatology,10.0,0.0,0.0,0.0,0.6955000388622284,0.6955000388622284,20,20
original_training_climatology,S2,climatology,14.0,0.0,0.0,0.0,0.7012500337191991,0.7012500337191991,20,20
original_training_climatology,S2,climatology,21.0,0.0,0.0,0.0,0.7041666706403096,0.7041666706403096,20,20
original_training_climatology,S2,climatology,30.0,0.0,0.0,0.0,0.6738333268960316,0.6738333268960316,20,20
original_training_climatology,S2,climatology,45.0,0.0,0.0,0.0,0.6681111065546672,0.6681111065546672,20,20
original_training_climatology,S2,climatology,60.0,0.0,0.0,0.0,0.6838749907414119,0.6838749907414119,20,20
original_training_climatology,S2,climatology,90.0,0.0,0.0,0.0,0.6735277616977692,0.6735277616977692,20,20
original_training_climatology,S2,climatology,120.0,0.0,0.0,0.0,0.6641874947150548,0.6641874947150548,20,20
original_training_climatology,S2,climatology,150.0,0.0,0.0,0.0,0.6481499947706857,0.6481499947706857,20,20
original_training_climatology,S2,climatology,180.0,0.0,0.0,0.0,0.6510416666666667,0.6510416666666667,20,20
original_training_climatology,S2,climatology,240.0,0.0,0.0,0.0,0.671864584883054,0.671864584883054,20,20
original_training_climatology,S2,climatology,365.0,0.0,0.0,0.0,0.6866986261002005,0.6866986261002005,20,20
original_training_climatology,S2,donor_regression,1.0,0.1863742393799806,-0.8102450176966848,0.5293989115811911,0.5742296033718892,0.700000011920929,20,20
original_training_climatology,S2,donor_regression,3.0,0.150053838537115,-0.4088116594224082,0.4808907404781486,0.5828903333520234,0.6958333770434062,20,20
original_training_climatology,S2,donor_regression,7.0,0.1378875840900359,-0.1820591940164476,0.2278090258205308,0.5697209439511117,0.6935714704649789,20,20
original_training_climatology,S2,donor_regression,10.0,0.127352793933911,-0.0947731411985516,0.2412367902040043,0.5760216395862182,0.6955000388622284,20,20
original_training_climatology,S2,donor_regression,14.0,0.1085545353381777,-0.05431223247259,0.2312960977736141,0.5785319844124897,0.7012500337191991,20,20
original_training_climatology,S2,donor_regression,21.0,0.1758363732281931,0.0116703981911309,0.3302393100491358,0.5603472658188889,0.7041666706403096,20,20
original_training_climatology,S2,donor_regression,30.0,0.182660805632325,0.0379802095603493,0.3466386376092586,0.5393926863965509,0.6738333268960316,20,20
original_training_climatology,S2,donor_regression,45.0,0.1880741262298118,-0.0250554954368415,0.3633493306158666,0.5479588509890022,0.6681111065546672,20,20
original_training_climatology,S2,donor_regression,60.0,0.1870536640922327,-0.0226838175045366,0.3452732034528498,0.5502607356868267,0.6838749907414119,20,20
original_training_climatology,S2,donor_regression,90.0,0.1731222346558804,0.0295580491733526,0.3012635700731023,0.5521599732193605,0.6735277616977692,20,20
original_training_climatology,S2,donor_regression,120.0,0.1697690248353564,0.0390144155931825,0.3446596436988418,0.5505830903233064,0.6641874947150548,20,20
original_training_climatology,S2,donor_regression,150.0,0.1684506176123251,-0.0137411171743954,0.389211681091647,0.5439143625616383,0.6481499947706857,20,20
original_training_climatology,S2,donor_regression,180.0,0.1833117784217263,-0.0200713156571273,0.3938476732927494,0.5391876010030094,0.6510416666666667,20,20
original_training_climatology,S2,donor_regression,240.0,0.2096629485612351,0.0224102670035969,0.4076581909539593,0.5371858857295221,0.671864584883054,20,20
original_training_climatology,S2,donor_regression,365.0,0.2483830303797909,0.0988365884858366,0.4281748307815498,0.5236563719952823,0.6866986261002005,20,20
original_training_climatology,S2,kalman,1.0,0.709302258460083,0.6448061644411611,0.8754733127935775,0.1450251926442722,0.700000011920929,20,20
original_training_climatology,S2,kalman,3.0,0.512615696431035,-0.0682411834725832,0.7155516952934884,0.1698235012855767,0.6958333770434062,20,20
original_training_climatology,S2,kalman,7.0,0.5598811625274196,0.4063076020644531,0.607374950436045,0.2149469787014561,0.6935714704649789,20,20
original_training_climatology,S2,kalman,10.0,0.3618305602050449,0.2801444413235858,0.5221994771052841,0.33192373344490905,0.6955000388622284,20,20
original_training_climatology,S2,kalman,14.0,0.2817157708174019,0.2386547217946018,0.4203626314173639,0.3766996077529398,0.7012500337191991,20,20
original_training_climatology,S2,kalman,21.0,0.1952908751266572,0.0504003069369357,0.5508036307557177,0.5479044663997809,0.7041666706403096,20,20
original_training_climatology,S2,kalman,30.0,0.2103256186293444,-0.2161649921141553,0.5384562272462396,0.47641874665692796,0.6738333268960316,20,20
original_training_climatology,S2,kalman,45.0,0.0020051352185259,-0.5548140589327752,0.2780917069866797,0.615848570574536,0.6681111065546672,20,20
original_training_climatology,S2,kalman,60.0,-0.0548706246794609,-0.2646451815114953,0.3561408919602657,0.6693739839937318,0.6838749907414119,20,20
original_training_climatology,S2,kalman,90.0,-0.1001737474626384,-0.5060516314520878,0.0101669486169798,0.7100486022081961,0.6735277616977692,20,20
original_training_climatology,S2,kalman,120.0,-0.6702640521316829,-1.4752550980439387,0.0320254318155845,1.0026830845970474,0.6641874947150548,20,20
original_training_climatology,S2,kalman,150.0,-0.8498901634103365,-1.382875409657986,-0.4760402458204354,1.181015034345279,0.6481499947706857,20,20
original_training_climatology,S2,kalman,180.0,-1.2811786808114365,-1.666473770707272,-0.6399056281665563,1.47564165462436,0.6510416666666667,20,20
original_training_climatology,S2,kalman,240.0,-2.215535864842271,-2.679424962897302,-1.394948349498864,2.117250460703989,0.671864584883054,20,20
original_training_climatology,S2,kalman,365.0,-7.674197581620905,-9.877059265763869,-5.198107186470308,5.758404013552336,0.6866986261002005,20,20
original_training_climatology,S2,linear,1.0,0.7092194649838772,0.6437804824734553,0.8768613731972678,0.14500008821487426,0.700000011920929,20,20
original_training_climatology,S2,linear,3.0,0.5126531982117257,-0.0625770532953289,0.7145134375634884,0.1700000802675883,0.6958333770434062,20,20
original_training_climatology,S2,linear,7.0,0.5587829914106273,0.4083501271490036,0.6058915576984883,0.21589286497661045,0.6935714704649789,20,20
original_training_climatology,S2,linear,10.0,0.3623566069029633,0.2879977348723235,0.524032779991008,0.3323637110536749,0.6955000388622284,20,20
original_training_climatology,S2,linear,14.0,0.2791389769252465,0.2319267782925816,0.4240573663589935,0.378833368959881,0.7012500337191991,20,20
original_training_climatology,S2,linear,21.0,0.1930311155354351,0.0545838087034663,0.5186425049781975,0.5498376146023408,0.7041666706403096,20,20
original_training_climatology,S2,linear,30.0,0.1692068451413421,-0.2938452132768208,0.4860377389836985,0.49698924913201276,0.6738333268960316,20,20
original_training_climatology,S2,linear,45.0,-0.1076420185907123,-0.7273840240630887,0.2363994699066521,0.6637923416999227,0.6681111065546672,20,20
original_training_climatology,S2,linear,60.0,-0.1627388492088802,-0.3783451976064292,0.4535833342172224,0.7296885068820473,0.6838749907414119,20,20
original_training_climatology,S2,linear,90.0,-0.4732459980730661,-0.9331175762149988,-0.1938341482342467,0.9107692110203708,0.6735277616977692,20,20
original_training_climatology,S2,linear,120.0,-1.3232086960811384,-2.2006095548144877,-0.6128374896251269,1.3894597112114435,0.6641874947150548,20,20
original_training_climatology,S2,linear,150.0,-1.752637541372077,-2.1741291908357616,-1.41197301652838,1.692496782454434,0.6481499947706857,20,20
original_training_climatology,S2,linear,180.0,-2.600333287815456,-2.971150082423561,-1.9291249554740515,2.2544845729352803,0.6510416666666667,20,20
original_training_climatology,S2,linear,240.0,-4.262678281379317,-4.673262857566537,-3.172319497409948,3.471450698195569,0.671864584883054,20,20
original_training_climatology,S2,linear,365.0,-6.592198731590166,-7.679998965270919,-5.688743489435736,5.14044882824307,0.6866986261002005,20,20
original_training_climatology,S2,pchip,1.0,0.7338302173359776,0.6538984774715614,0.919646891805146,0.14587905668282244,0.700000011920929,20,20
original_training_climatology,S2,pchip,3.0,0.4896230901618937,-0.237404357611258,0.7094156802803873,0.17960030432811064,0.6958333770434062,20,20
original_training_climatology,S2,pchip,7.0,0.5676385982092074,0.3797375347912528,0.7602897736758868,0.20976717104431897,0.6935714704649789,20,20
original_training_climatology,S2,pchip,10.0,0.4425713603847316,0.3493405849062639,0.6653687023370956,0.2908159495119684,0.6955000388622284,20,20
original_training_climatology,S2,pchip,14.0,0.3352451759296687,0.2649576271688636,0.5148236509149503,0.36435151044380965,0.7012500337191991,20,20
original_training_climatology,S2,pchip,21.0,0.1492504078170951,0.0107457853419317,0.565477480899668,0.5879739257598098,0.7041666706403096,20,20
original_training_climatology,S2,pchip,30.0,-0.0063616166934082,-0.5006704921080944,0.4925499431296971,0.5557795390385774,0.6738333268960316,20,20
original_training_climatology,S2,pchip,45.0,-0.1176190085256684,-0.838332135926363,0.1132763628505488,0.6828260059042965,0.6681111065546672,20,20
original_training_climatology,S2,pchip,60.0,-0.2077945163701501,-0.3820048153596709,0.3348196158872433,0.7491306961361487,0.6838749907414119,20,20
original_training_climatology,S2,pchip,90.0,-0.7075500120520604,-1.6918470552737874,-0.4038960491613723,1.001153725954221,0.6735277616977692,20,20
original_training_climatology,S2,pchip,120.0,-1.3221564009866178,-2.56691653014401,-0.3571174296033874,1.446153260082137,0.6641874947150548,20,20
original_training_climatology,S2,pchip,150.0,-1.8751196878960177,-2.0856402098916336,-1.1588132628590504,1.7524582702094063,0.6481499947706857,20,20
original_training_climatology,S2,pchip,180.0,-2.270341710237599,-2.783465887164656,-1.1807056195769534,2.045520537503766,0.6510416666666667,20,20
original_training_climatology,S2,pchip,240.0,-4.145343462900192,-5.091015189131968,-2.2272205733989985,3.423406513610851,0.671864584883054,20,20
original_training_climatology,S2,pchip,365.0,-6.56741775026978,-7.647104977346669,-5.6661521482592265,5.122394597589279,0.6866986261002005,20,20
original_training_climatology,S2,random_forest,1.0,0.1900154697146598,-0.1701459195637572,0.2941759795736657,0.5774037309207622,0.700000011920929,20,20
original_training_climatology,S2,random_forest,3.0,0.0925216038214285,-0.1903741037825892,0.1825157320606853,0.5888894580313887,0.6958333770434062,20,20
original_training_climatology,S2,random_forest,7.0,0.1213560863884481,-0.0662967190070114,0.1796034553058727,0.5802902517053732,0.6935714704649789,20,20
original_training_climatology,S2,random_forest,10.0,0.1309098473457632,0.0518397806133862,0.1571466294304921,0.5756777111956556,0.6955000388622284,20,20
original_training_climatology,S2,random_forest,14.0,0.1476016887978232,0.0714339639178935,0.1792306865446673,0.5654600411348509,0.7012500337191991,20,20
original_training_climatology,S2,random_forest,21.0,0.1796277065606583,0.0982362971021176,0.2077003684550072,0.5554409168860944,0.7041666706403096,20,20
original_training_climatology,S2,random_forest,30.0,0.1674216847879739,0.1594175981233727,0.1731272341310731,0.5390901067485634,0.6738333268960316,20,20
original_training_climatology,S2,random_forest,45.0,0.1692583337442988,0.0888197331077426,0.2217358078065573,0.550636653312974,0.6681111065546672,20,20
original_training_climatology,S2,random_forest,60.0,0.1886209279805918,0.0843588373404943,0.2237661262465074,0.5416791077940382,0.6838749907414119,20,20
original_training_climatology,S2,random_forest,90.0,0.173957857788142,0.1249524326706613,0.1961893205381812,0.5475070177614179,0.6735277616977692,20,20
original_training_climatology,S2,random_forest,120.0,0.1641795801366582,0.141864954640465,0.21753109578076,0.5468925324393794,0.6641874947150548,20,20
original_training_climatology,S2,random_forest,150.0,0.1658255201961761,0.0974398730431821,0.2724619297536899,0.5394775080315146,0.6481499947706857,20,20
original_training_climatology,S2,random_forest,180.0,0.1771257274057132,0.0826913223984404,0.2656841010316463,0.537936604198475,0.6510416666666667,20,20
original_training_climatology,S2,random_forest,240.0,0.198764437909053,0.1107860762043739,0.2759743696022607,0.5404302957084195,0.671864584883054,20,20
original_training_climatology,S2,random_forest,365.0,0.2291853754579475,0.1352451479246441,0.3033580120681991,0.5333351826807257,0.6866986261002005,20,20
original_training_climatology,S2,xgboost,1.0,0.1839007063217476,0.0663453362617407,0.2408620106732063,0.571338152885437,0.700000011920929,20,20
original_training_climatology,S2,xgboost,3.0,0.054331417190854,0.0424201676537606,0.0797463807811126,0.5890892426172891,0.6958333770434062,20,20
original_training_climatology,S2,xgboost,7.0,0.1262796492316555,-0.0222519140301468,0.2314922464459274,0.5453075545174734,0.6935714704649789,20,20
original_training_climatology,S2,xgboost,10.0,0.1424790538065537,0.1252360757419562,0.1852816965925049,0.5383991408348082,0.6955000388622284,20,20
original_training_climatology,S2,xgboost,14.0,0.1753082186619652,0.1497240332283658,0.2421699100075615,0.5252510377338954,0.7012500337191991,20,20
original_training_climatology,S2,xgboost,21.0,0.2072653829812987,0.1950751644327412,0.2341117178965922,0.5131822415760585,0.7041666706403096,20,20
original_training_climatology,S2,xgboost,30.0,0.1867651316013211,0.1732357624734559,0.2294768380232329,0.5092482956250508,0.6738333268960316,20,20
original_training_climatology,S2,xgboost,45.0,0.2089188912883061,0.1752862204670239,0.274116396747239,0.5171739053726196,0.6681111065546672,20,20
original_training_climatology,S2,xgboost,60.0,0.2284631138643448,0.1653276698491487,0.2599172865426654,0.5105643073717753,0.6838749907414119,20,20
original_training_climatology,S2,xgboost,90.0,0.2153931343354521,0.1800656190989646,0.2595208104065505,0.5196253270573086,0.6735277616977692,20,20
original_training_climatology,S2,xgboost,120.0,0.2125366404497206,0.1817644375692234,0.3036613447173924,0.5166897090276082,0.6641874947150548,20,20
original_training_climatology,S2,xgboost,150.0,0.2086847177726661,0.1417500276249463,0.3386470004623614,0.5120379741986593,0.6481499947706857,20,20
original_training_climatology,S2,xgboost,180.0,0.2168298614143827,0.1409913597933781,0.3201364937645162,0.51172773109542,0.6510416666666667,20,20
original_training_climatology,S2,xgboost,240.0,0.2323082303381301,0.1577302891856652,0.3093528513741487,0.5176984583338102,0.671864584883054,20,20
original_training_climatology,S2,xgboost,365.0,0.2555166286426978,0.1813365755059163,0.3171225347882757,0.5144223013316116,0.6866986261002005,20,20
bridge_2016_2017_climatology,B1,air_hydro,1.0,-4.728143181671631,-7.080883517217345,-2.7331162917282423,1.992910305625977,0.7699999284744263,20,20
bridge_2016_2017_climatology,B1,air_hydro,3.0,-3.997021509047123,-5.458683476304503,-2.660828721856797,1.9830442249918288,0.7608332991600035,20,20
bridge_2016_2017_climatology,B1,air_hydro,7.0,-3.606740998030218,-4.92484851931833,-2.397997065878213,2.0447673621732885,0.7635714183534894,20,20
bridge_2016_2017_climatology,B1,air_hydro,10.0,-3.1737113529474663,-4.1937256903249915,-2.2801413106435464,2.0806049262542796,0.771500007867813,20,20
bridge_2016_2017_climatology,B1,air_hydro,14.0,-2.892856932119771,-3.7408023312669805,-2.101353440856427,2.0704314847801433,0.7755356996400016,20,20
bridge_2016_2017_climatology,B1,air_hydro,21.0,-2.834634376278265,-3.9504756488686668,-1.94276833840809,2.1094979269741683,0.7915476075808207,20,20
bridge_2016_2017_climatology,B1,air_hydro,30.0,-2.6210329326092063,-3.502686275383588,-1.8500136978020139,2.1565719614684413,0.8139999926884969,20,20
bridge_2016_2017_climatology,B1,air_hydro,45.0,-2.3505063852474772,-2.9455940925936575,-1.7233274480280583,2.2130445482736407,0.8288333290682898,20,20
bridge_2016_2017_climatology,B1,air_hydro,60.0,-2.1550650546394285,-2.654699399203634,-1.6300629806435203,2.2123433421551675,0.8194166640639307,20,20
bridge_2016_2017_climatology,B1,air_hydro,90.0,-2.0542762001172727,-2.4892329986434683,-1.6174040793389026,2.1750231407616045,0.7979999861849678,20,20
bridge_2016_2017_climatology,B1,air_hydro,120.0,-1.9164375877926596,-2.2623214966342147,-1.58018164685728,2.1568873692101187,0.798249995201826,20,20
bridge_2016_2017_climatology,B1,air_hydro,150.0,-1.8046717841954707,-2.065909284527877,-1.5406880674232566,2.1341074613133904,0.8051166601101556,20,20
bridge_2016_2017_climatology,B1,air_hydro,180.0,-1.7221644108343388,-1.963932060932321,-1.4883875668404423,2.0981621670251847,0.8029999978012509,20,20
bridge_2016_2017_climatology,B1,air_hydro,240.0,-1.687515749285336,-1.890312659437519,-1.5044303968964474,2.0585884900058087,0.7804479164232809,20,20
bridge_2016_2017_climatology,B1,air_hydro,365.0,-1.5602604329730014,-1.6575647027209164,-1.4513182661505426,1.9848427495977308,0.7753219175371405,20,20
bridge_2016_2017_climatology,B1,air_only,1.0,-0.4327254308266282,-1.2798052133364444,0.19556058164189177,0.6388899194362034,0.7699999284744263,20,20
bridge_2016_2017_climatology,B1,air_only,3.0,-0.3521196434402392,-0.9895406244169395,0.13695369235580496,0.6559977765765151,0.7608332991600035,20,20
bridge_2016_2017_climatology,B1,air_only,7.0,-0.061287119867526704,-0.33699139072284495,0.2081376982203836,0.6133398963015819,0.7635714183534894,20,20
bridge_2016_2017_climatology,B1,air_only,10.0,-0.0066846333855756,-0.2695719048057508,0.24273512031831204,0.6071681501481996,0.771500007867813,20,20
bridge_2016_2017_climatology,B1,air_only,14.0,0.0007680240858070619,-0.22189736760447723,0.2031633075949547,0.6470389130891816,0.7755356996400016,20,20
bridge_2016_2017_climatology,B1,air_only,21.0,-0.0017360160798420622,-0.2118619114707023,0.19584619905338846,0.6804237815730089,0.7915476075808207,20,20
bridge_2016_2017_climatology,B1,air_only,30.0,0.06620094258452032,-0.12794485766300967,0.22499267828633218,0.6693606994342314,0.8139999926884969,20,20
bridge_2016_2017_climatology,B1,air_only,45.0,0.12993822961268736,-0.0023416900453622196,0.2452578624565356,0.685228867849173,0.8288333290682898,20,20
bridge_2016_2017_climatology,B1,air_only,60.0,0.17524418910159362,0.06576163368837011,0.2663046525919958,0.6716426630745364,0.8194166640639307,20,20
bridge_2016_2017_climatology,B1,air_only,90.0,0.20358021564962567,0.1388904987786257,0.2689766135218363,0.6441578342055136,0.7979999861849678,20,20
bridge_2016_2017_climatology,B1,air_only,120.0,0.18441107419587266,0.13015376540680065,0.234938956570063,0.6567207109820362,0.798249995201826,20,20
bridge_2016_2017_climatology,B1,air_only,150.0,0.16776106202807878,0.11498973028798709,0.21558706897761698,0.6701936272730707,0.8051166601101556,20,20
bridge_2016_2017_climatology,B1,air_only,180.0,0.182644687856285,0.1392064697633762,0.22583686583382093,0.6580464902196522,0.8029999978012509,20,20
bridge_2016_2017_climatology,B1,air_only,240.0,0.15610491152049735,0.11800541595589997,0.1912074339749715,0.6591252785138202,0.7804479164232809,20,20
bridge_2016_2017_climatology,B1,air_only,365.0,0.147056868847556,0.12199425153170043,0.17395778747429771,0.6612457151988079,0.7753219175371405,20,20
bridge_2016_2017_climatology,B1,climatology,1.0,-0.2349870795670443,-0.8359688135225923,0.19409162805206717,0.7224999666213989,0.7699999284744263,20,20
bridge_2016_2017_climatology,B1,climatology,3.0,-0.19549684925865635,-0.7632218235346131,0.22399996578262893,0.6974999924500783,0.7608332991600035,20,20
bridge_2016_2017_climatology,B1,climatology,7.0,0.009507293530411853,-0.2234972430739248,0.22095807404622284,0.6882142509732927,0.7635714183534894,20,20
bridge_2016_2017_climatology,B1,climatology,10.0,0.041852583495047495,-0.17495822501064318,0.2370487442492519,0.6807499921321869,0.771500007867813,20,20
bridge_2016_2017_climatology,B1,climatology,14.0,0.05905462687057437,-0.07854430876052602,0.1767907870161917,0.7044642499514988,0.7755356996400016,20,20
bridge_2016_2017_climatology,B1,climatology,21.0,0.030678839282492043,-0.1146067518302292,0.16853230878129977,0.734999961796261,0.7915476075808207,20,20
bridge_2016_2017_climatology,B1,climatology,30.0,0.05182016623164508,-0.07532951730896022,0.1668406118134966,0.7571666431427002,0.8139999926884969,20,20
bridge_2016_2017_climatology,B1,climatology,45.0,0.09409535519172121,-0.007499272295980621,0.1901685626757516,0.7706666524542704,0.8288333290682898,20,20
bridge_2016_2017_climatology,B1,climatology,60.0,0.11887098610852584,0.028777393592772833,0.20973421143353158,0.7492083216210207,0.8194166640639307,20,20
bridge_2016_2017_climatology,B1,climatology,90.0,0.1523656847072598,0.06622741108896307,0.23965584945096918,0.6991110970576603,0.7979999861849678,20,20
bridge_2016_2017_climatology,B1,climatology,120.0,0.13108450063490115,0.05240652268565876,0.21187077594016354,0.7055208216607571,0.798249995201826,20,20
bridge_2016_2017_climatology,B1,climatology,150.0,0.10645781944211252,0.024959289156335555,0.18792611484103688,0.7220666540861129,0.8051166601101556,20,20
bridge_2016_2017_climatology,B1,climatology,180.0,0.11033921889898894,0.03134406356322511,0.18711893515489453,0.7175138778818978,0.8029999978012509,20,20
bridge_2016_2017_climatology,B1,climatology,240.0,0.07196517477337647,0.006073312713465766,0.14110348024069336,0.7263229056199391,0.7804479164232809,20,20
bridge_2016_2017_climatology,B1,climatology,365.0,0.03779873678212112,-0.002225526388838026,0.07972767115429566,0.7450753291828992,0.7753219175371405,20,20
bridge_2016_2017_climatology,B1,donor_regression,1.0,-0.04314906668252741,-0.7162991795190922,0.4705010897962351,0.4175963923236819,0.7699999284744263,20,20
bridge_2016_2017_climatology,B1,donor_regression,3.0,-0.0022203010016377035,-0.5014361678490104,0.38097535016680306,0.45290204552429214,0.7608332991600035,20,20
bridge_2016_2017_climatology,B1,donor_regression,7.0,0.06125932813056656,-0.3096081124272452,0.36095134597787437,0.47642096255883154,0.7635714183534894,20,20
bridge_2016_2017_climatology,B1,donor_regression,10.0,0.14704827142711693,-0.18203899226080217,0.4043772944696636,0.45601899949362606,0.771500007867813,20,20
bridge_2016_2017_climatology,B1,donor_regression,14.0,0.10837044250395667,-0.23585947727765388,0.3718787258519897,0.4960362781834834,0.7755356996400016,20,20
bridge_2016_2017_climatology,B1,donor_regression,21.0,0.06747714722794056,-0.3491571465800085,0.35200742522634065,0.5256161099139192,0.7915476075808207,20,20
bridge_2016_2017_climatology,B1,donor_regression,30.0,0.11997780114870471,-0.28271065125482286,0.395185265990508,0.5210180797193615,0.8139999926884969,20,20
bridge_2016_2017_climatology,B1,donor_regression,45.0,0.23248550495591536,-0.0403917691261107,0.4253023235501279,0.5125749739102932,0.8288333290682898,20,20
bridge_2016_2017_climatology,B1,donor_regression,60.0,0.26616425632942686,0.04704780820742306,0.4250133777607156,0.5093007227988468,0.8194166640639307,20,20
bridge_2016_2017_climatology,B1,donor_regression,90.0,0.2582899806298008,0.10494807385486506,0.3827157301433985,0.5237084833369952,0.7979999861849678,20,20
bridge_2016_2017_climatology,B1,donor_regression,120.0,0.2604569728507456,0.14911168207055128,0.3658160949863115,0.5360541041211053,0.798249995201826,20,20
bridge_2016_2017_climatology,B1,donor_regression,150.0,0.2705667057232064,0.17269695961464226,0.36206064619115585,0.5396494926813797,0.8051166601101556,20,20
bridge_2016_2017_climatology,B1,donor_regression,180.0,0.2921585056100202,0.20097750931431832,0.3754558670996538,0.5335183336849623,0.8029999978012509,20,20
bridge_2016_2017_climatology,B1,donor_regression,240.0,0.30653913411792244,0.24594566299074747,0.3645520147267997,0.5256070716081087,0.7804479164232809,20,20
bridge_2016_2017_climatology,B1,donor_regression,365.0,0.3226092617889145,0.3018235769792075,0.34805022540964137,0.5198894878104233,0.7753219175371405,20,20
bridge_2016_2017_climatology,B1,kalman,1.0,0.6783891583643038,0.4686228059270251,0.8323802048277522,0.12773350341583542,0.7699999284744263,20,20
bridge_2016_2017_climatology,B1,kalman,3.0,0.6037950401824218,0.4129973107893099,0.7497541505013267,0.1867656460366362,0.7608332991600035,20,20
bridge_2016_2017_climatology,B1,kalman,7.0,0.2373202072856846,-0.05754051308871916,0.48149333781924897,0.3899554516928648,0.7635714183534894,20,20
bridge_2016_2017_climatology,B1,kalman,10.0,0.24679652315557643,-0.022041154159172016,0.4724634901565136,0.43800976437882194,0.771500007867813,20,20
bridge_2016_2017_climatology,B1,kalman,14.0,0.3186008405693488,0.17515409260315182,0.4621846921151174,0.45762355142356237,0.7755356996400016,20,20
bridge_2016_2017_climatology,B1,kalman,21.0,0.18491484258800475,0.044320439029191645,0.3126767703661372,0.6002080399704196,0.7915476075808207,20,20
bridge_2016_2017_climatology,B1,kalman,30.0,0.1551535937356506,0.0383443165605762,0.2572825003946979,0.651777939540578,0.8139999926884969,20,20
bridge_2016_2017_climatology,B1,kalman,45.0,0.056194095272671066,-0.12525824895902146,0.22474290136656555,0.7356815221465499,0.8288333290682898,20,20
bridge_2016_2017_climatology,B1,kalman,60.0,-0.1034065534055667,-0.2864549396728679,0.062292479065825634,0.8858479462494895,0.8194166640639307,20,20
bridge_2016_2017_climatology,B1,kalman,90.0,-0.25748806778633637,-0.53237619306754,-0.020032157588038117,0.9714140760711855,0.7979999861849678,20,20
bridge_2016_2017_climatology,B1,kalman,120.0,-0.5429440837056116,-0.8451381654532409,-0.27298205743679704,1.2014444496077006,0.798249995201826,20,20
bridge_2016_2017_climatology,B1,kalman,150.0,-0.4192707236137136,-0.6578207670308412,-0.184039805128079,1.093790820990177,0.8051166601101556,20,20
bridge_2016_2017_climatology,B1,kalman,180.0,-1.1168196240767574,-1.3706811144235087,-0.868496597629149,1.6398644124683615,0.8029999978012509,20,20
bridge_2016_2017_climatology,B1,kalman,240.0,-2.5149846027453426,-3.2679511398376926,-1.8212334387909388,2.6811177572978986,0.7804479164232809,20,20
bridge_2016_2017_climatology,B1,kalman,365.0,-9.020161645637272,-10.711661766564696,-7.315541404264142,7.790174987187972,0.7753219175371405,20,20
bridge_2016_2017_climatology,B1,linear,1.0,0.6789033207409423,0.4601153283678273,0.826838004955275,0.1275000512599945,0.7699999284744263,20,20
bridge_2016_2017_climatology,B1,linear,3.0,0.6028647660996455,0.4150697379038282,0.749013629137305,0.18749993046124774,0.7608332991600035,20,20
bridge_2016_2017_climatology,B1,linear,7.0,0.23757610620626482,-0.0683377939051627,0.48682649505141384,0.3907143209661756,0.7635714183534894,20,20
bridge_2016_2017_climatology,B1,linear,10.0,0.24016407366885956,-0.056428770167659674,0.4558967796810886,0.44159097747369247,0.771500007867813,20,20
bridge_2016_2017_climatology,B1,linear,14.0,0.3123758245319821,0.16528019778500558,0.4528707473864344,0.46128574728965754,0.7755356996400016,20,20
bridge_2016_2017_climatology,B1,linear,21.0,0.18861619037985713,0.05490320131769973,0.31842579409981486,0.6001839516740858,0.7915476075808207,20,20
bridge_2016_2017_climatology,B1,linear,30.0,0.1753230230964257,0.05139644967317392,0.2822127239525065,0.6418601777925287,0.8139999926884969,20,20
bridge_2016_2017_climatology,B1,linear,45.0,0.04467122722314533,-0.1771976407419992,0.24297674851674433,0.7250627849269029,0.8288333290682898,20,20
bridge_2016_2017_climatology,B1,linear,60.0,-0.16442732760912512,-0.40967407983246507,0.05672271156985708,0.9166461618106222,0.8194166640639307,20,20
bridge_2016_2017_climatology,B1,linear,90.0,-0.5905679516192873,-1.0213487150419613,-0.23173832573693953,1.1626422161446097,0.7979999861849678,20,20
bridge_2016_2017_climatology,B1,linear,120.0,-0.9857280277860566,-1.463411429936392,-0.568284006018681,1.4787517350128039,0.798249995201826,20,20
bridge_2016_2017_climatology,B1,linear,150.0,-1.4650118913935424,-2.0556644112136033,-0.9345560695290369,1.805026970009667,0.8051166601101556,20,20
bridge_2016_2017_climatology,B1,linear,180.0,-2.3995733277264235,-3.0137172418201184,-1.7862118943096927,2.595689250011617,0.8029999978012509,20,20
bridge_2016_2017_climatology,B1,linear,240.0,-4.605642044534518,-5.414735483126665,-3.792299202480818,4.313674485284944,0.7804479164232809,20,20
bridge_2016_2017_climatology,B1,linear,365.0,-7.202160306805338,-7.823218152717357,-6.542928596954368,6.354026099762273,0.7753219175371405,20,20
bridge_2016_2017_climatology,B1,pchip,1.0,0.6900833420780419,0.49191421967825716,0.8395344850571468,0.11830299904434267,0.7699999284744263,20,20
bridge_2016_2017_climatology,B1,pchip,3.0,0.6399924186926957,0.4888956288051487,0.7683456699521592,0.161438101057993,0.7608332991600035,20,20
bridge_2016_2017_climatology,B1,pchip,7.0,0.2082079395835931,-0.10293508423407792,0.4738695471941053,0.41767246736049357,0.7635714183534894,20,20
bridge_2016_2017_climatology,B1,pchip,10.0,0.24095010343239237,-0.024487330606610277,0.46940354614525254,0.4233809248582963,0.771500007867813,20,20
bridge_2016_2017_climatology,B1,pchip,14.0,0.37908198857756314,0.23373042721487491,0.5133141992782078,0.3906544315357793,0.7755356996400016,20,20
bridge_2016_2017_climatology,B1,pchip,21.0,0.10590326405955616,-0.05237056219906121,0.25359149822481347,0.6540989077339292,0.7915476075808207,20,20
bridge_2016_2017_climatology,B1,pchip,30.0,0.09024606086687723,-0.09145920241470636,0.24777903403471596,0.7008619581229183,0.8139999926884969,20,20
bridge_2016_2017_climatology,B1,pchip,45.0,-0.1961767120748001,-0.5689715187362758,0.10535070022520975,0.84866248498612,0.8288333290682898,20,20
bridge_2016_2017_climatology,B1,pchip,60.0,-0.24268487553373305,-0.508891485084264,0.00994973239530633,0.9895133913358457,0.8194166640639307,20,20
bridge_2016_2017_climatology,B1,pchip,90.0,-0.8281808099893977,-1.3105482150625567,-0.38440867425623987,1.3597517937903696,0.7979999861849678,20,20
bridge_2016_2017_climatology,B1,pchip,120.0,-1.5140633162684587,-2.16251002865331,-0.9307011148292356,1.9057162905042382,0.798249995201826,20,20
bridge_2016_2017_climatology,B1,pchip,150.0,-1.0275000661526117,-1.5685477249763347,-0.5630797351982463,1.4867324003849327,0.8051166601101556,20,20
bridge_2016_2017_climatology,B1,pchip,180.0,-2.2471664717587543,-2.997084923319188,-1.4605035572003875,2.4800409098736673,0.8029999978012509,20,20
bridge_2016_2017_climatology,B1,pchip,240.0,-4.1288641197208005,-4.9274424691089616,-3.2910652915581,3.931406666701279,0.7804479164232809,20,20
bridge_2016_2017_climatology,B1,pchip,365.0,-7.238957353262592,-7.918418713403486,-6.569410625805594,6.388200107187112,0.7753219175371405,20,20
bridge_2016_2017_climatology,B1,random_forest,1.0,0.4258348312379365,0.16185499704814982,0.6406228836884851,0.3982686349768344,0.7699999284744263,20,20
bridge_2016_2017_climatology,B1,random_forest,3.0,0.3191733084358207,0.08719563780558556,0.520678759074815,0.42906625765715506,0.7608332991600035,20,20
bridge_2016_2017_climatology,B1,random_forest,7.0,0.3083923633805878,0.10181967924928735,0.4863886419838734,0.44152494004166165,0.7635714183534894,20,20
bridge_2016_2017_climatology,B1,random_forest,10.0,0.33558229701001263,0.13494426613898955,0.4857179018670277,0.4306379535283436,0.771500007867813,20,20
bridge_2016_2017_climatology,B1,random_forest,14.0,0.35065154024760514,0.21575013318241418,0.47349655622932607,0.44821931210425453,0.7755356996400016,20,20
bridge_2016_2017_climatology,B1,random_forest,21.0,0.3500799146483546,0.234707235811561,0.45898137781605114,0.46485729413327903,0.7915476075808207,20,20
bridge_2016_2017_climatology,B1,random_forest,30.0,0.3579135779670117,0.23882333248127324,0.4622089279678977,0.4724939308131605,0.8139999926884969,20,20
bridge_2016_2017_climatology,B1,random_forest,45.0,0.3782416546621013,0.29242221823119086,0.4588722662333173,0.4841447741120503,0.8288333290682898,20,20
bridge_2016_2017_climatology,B1,random_forest,60.0,0.4032860669632801,0.3285781446524129,0.46304150828021867,0.4757818786242637,0.8194166640639307,20,20
bridge_2016_2017_climatology,B1,random_forest,90.0,0.3882386986849736,0.3318253267597853,0.43733907844472314,0.47939031669208265,0.7979999861849678,20,20
bridge_2016_2017_climatology,B1,random_forest,120.0,0.36826118500729377,0.32693929761417634,0.40185654008453786,0.49397819069185295,0.798249995201826,20,20
bridge_2016_2017_climatology,B1,random_forest,150.0,0.3547166284089439,0.3313997033815929,0.3787786574802745,0.5046269403100052,0.8051166601101556,20,20
bridge_2016_2017_climatology,B1,random_forest,180.0,0.3553891229913601,0.32723014442087317,0.3829519171127571,0.5061928915687719,0.8029999978012509,20,20
bridge_2016_2017_climatology,B1,random_forest,240.0,0.35564683672231395,0.3302641769613816,0.3784758555637215,0.49734693939136393,0.7804479164232809,20,20
bridge_2016_2017_climatology,B1,random_forest,365.0,0.3451366172340164,0.3345548635392758,0.35660545058736587,0.504916381297337,0.7753219175371405,20,20
bridge_2016_2017_climatology,B1,xgboost,1.0,0.08408822658671603,-0.3886947278172478,0.47373116919783387,0.472457492351532,0.7699999284744263,20,20
bridge_2016_2017_climatology,B1,xgboost,3.0,0.13944207734030753,-0.16905341222180273,0.42611210207490996,0.466568378607432,0.7608332991600035,20,20
bridge_2016_2017_climatology,B1,xgboost,7.0,0.14872879657188623,-0.12462625999981893,0.40893081394412045,0.4825623716626849,0.7635714183534894,20,20
bridge_2016_2017_climatology,B1,xgboost,10.0,0.2141126958364324,-0.01676886834512151,0.41721502994065285,0.4667639672756196,0.771500007867813,20,20
bridge_2016_2017_climatology,B1,xgboost,14.0,0.24326545891231333,0.07848630207592623,0.390547594702605,0.4856873005628586,0.7755356996400016,20,20
bridge_2016_2017_climatology,B1,xgboost,21.0,0.22634109185825388,0.04707909449776438,0.3770830691469127,0.511624259891964,0.7915476075808207,20,20
bridge_2016_2017_climatology,B1,xgboost,30.0,0.25484882402278297,0.08540566172560575,0.3861066049156929,0.5167516944805781,0.8139999926884969,20,20
bridge_2016_2017_climatology,B1,xgboost,45.0,0.30066718557293093,0.19277014770693415,0.4078271443541933,0.5191964639557732,0.8288333290682898,20,20
bridge_2016_2017_climatology,B1,xgboost,60.0,0.3458246996399699,0.24842347791905953,0.4249185399084851,0.5047801627715428,0.8194166640639307,20,20
bridge_2016_2017_climatology,B1,xgboost,90.0,0.35015879856965815,0.27424201887876837,0.411834209522306,0.5022711904181374,0.7979999861849678,20,20
bridge_2016_2017_climatology,B1,xgboost,120.0,0.33295254420074594,0.27700949937300867,0.37466971961341294,0.5150334133704503,0.798249995201826,20,20
bridge_2016_2017_climatology,B1,xgboost,150.0,0.3320865093133518,0.2991928794940592,0.36570124434597245,0.5194290493329367,0.8051166601101556,20,20
bridge_2016_2017_climatology,B1,xgboost,180.0,0.3389511390032983,0.30562197936301694,0.37034531256525455,0.5175731349322531,0.8029999978012509,20,20
bridge_2016_2017_climatology,B1,xgboost,240.0,0.32973020406299225,0.30383141259697805,0.35539511006110236,0.5172595148533582,0.7804479164232809,20,20
bridge_2016_2017_climatology,B1,xgboost,365.0,0.3297972739333077,0.31967467005244865,0.34062630221519463,0.5171504175989595,0.7753219175371405,20,20
bridge_2016_2017_climatology,P3,air_hydro,1.0,-0.3614550135600222,-1.0732844254375922,0.23665213990245385,1.1804804144596723,1.4750000667572025,20,20
bridge_2016_2017_climatology,P3,air_hydro,3.0,-0.4121310581937886,-1.0439341424656934,0.18531322928882013,1.1398018657579423,1.4874999682108563,20,20
bridge_2016_2017_climatology,P3,air_hydro,7.0,-0.4308131556659167,-1.1483036510962883,0.15869411891856564,1.159336125724916,1.4510714013235912,20,20
bridge_2016_2017_climatology,P3,air_hydro,10.0,-0.4355365557911573,-1.1143402502368787,0.12035095097212972,1.180801792191193,1.4172500047683718,20,20
bridge_2016_2017_climatology,P3,air_hydro,14.0,-0.4624152520894052,-1.1244613279017766,0.08858693747277098,1.1989961349201956,1.3805357088361472,20,20
bridge_2016_2017_climatology,P3,air_hydro,21.0,-0.4890035669367978,-1.0905758555775633,0.009608412743280738,1.2458430842196402,1.342619067146665,20,20
bridge_2016_2017_climatology,P3,air_hydro,30.0,-0.5974943057757811,-1.1609526833893136,-0.10726036148894773,1.2640502038937362,1.280750026067098,20,20
bridge_2016_2017_climatology,P3,air_hydro,45.0,-0.600977954805191,-1.2913658842130424,-0.11242647639600505,1.262914102324857,1.2248889189826118,20,20
bridge_2016_2017_climatology,P3,air_hydro,60.0,-0.5777200670438657,-1.2004292741324654,-0.14386214056227475,1.27935853983707,1.1896666838328045,20,20
bridge_2016_2017_climatology,P3,air_hydro,90.0,-0.4062714885243179,-0.6658877553625742,-0.1735054147971769,1.2535970799821188,1.1388889059490628,20,20
bridge_2016_2017_climatology,P3,air_hydro,120.0,-0.4292082588138122,-0.6195156642969435,-0.24469539312133132,1.2310430723874553,1.0911458540757497,20,20
bridge_2016_2017_climatology,P3,air_hydro,150.0,-0.4415567819905456,-0.6088080878438964,-0.28988836004633556,1.2319091948227479,1.0563166805903117,20,20
bridge_2016_2017_climatology,P3,air_hydro,180.0,-0.49803100000688066,-0.6331247519288434,-0.37103169702849925,1.240460703068272,1.0156389072736105,20,20
bridge_2016_2017_climatology,P3,air_hydro,240.0,-0.5930311832652609,-0.7066937440211457,-0.4674222580000832,1.2698058487323298,0.9735312752723695,20,20
bridge_2016_2017_climatology,P3,air_hydro,365.0,-0.8197380028544764,-1.0698703852002172,-0.5648133294708548,1.3661958740422184,0.9079246765032206,20,20
bridge_2016_2017_climatology,P3,air_only,1.0,-0.3346289100950289,-0.9727904308101807,0.2592397187082645,1.0845627589345521,1.4750000667572025,20,20
bridge_2016_2017_climatology,P3,air_only,3.0,-0.29660263791101055,-0.9044267373854372,0.26173772764799846,1.087680184115105,1.4874999682108563,20,20
bridge_2016_2017_climatology,P3,air_only,7.0,-0.35978517785023545,-0.9714757647675369,0.16355327062725974,1.0989062504670675,1.4510714013235912,20,20
bridge_2016_2017_climatology,P3,air_only,10.0,-0.39909887765101837,-0.999507857695861,0.14199965724826752,1.1148604349184361,1.4172500047683718,20,20
bridge_2016_2017_climatology,P3,air_only,14.0,-0.4773439644343774,-1.123732345538667,0.042020139003019125,1.133069035186931,1.3805357088361472,20,20
bridge_2016_2017_climatology,P3,air_only,21.0,-0.49524240493383187,-1.048557360388672,-0.015701430286365736,1.1415160546727514,1.342619067146665,20,20
bridge_2016_2017_climatology,P3,air_only,30.0,-0.5964026883556854,-1.1453883791570263,-0.12513277754124158,1.140807691081942,1.280750026067098,20,20
bridge_2016_2017_climatology,P3,air_only,45.0,-0.5582225786097943,-1.2641577962095456,-0.08957861801375881,1.151376738415706,1.2248889189826118,20,20
bridge_2016_2017_climatology,P3,air_only,60.0,-0.5096339083955814,-1.1038638937840768,-0.07060218422872255,1.158610585389313,1.1896666838328045,20,20
bridge_2016_2017_climatology,P3,air_only,90.0,-0.3332193327783621,-0.586760399894845,-0.08809793289104202,1.1285376285581525,1.1388889059490628,20,20
bridge_2016_2017_climatology,P3,air_only,120.0,-0.3422953256957007,-0.5510556498660831,-0.13811225034438362,1.1001694136271734,1.0911458540757497,20,20
bridge_2016_2017_climatology,P3,air_only,150.0,-0.3367394521090371,-0.5054164574481126,-0.16487949817939146,1.0905493515596496,1.0563166805903117,20,20
bridge_2016_2017_climatology,P3,air_only,180.0,-0.3688289958034982,-0.49817168539843215,-0.2396879436177501,1.090287516801531,1.0156389072736105,20,20
bridge_2016_2017_climatology,P3,air_only,240.0,-0.4284908769439518,-0.5281650934951407,-0.3194612812942697,1.1111576567385308,0.9735312752723695,20,20
bridge_2016_2017_climatology,P3,air_only,365.0,-0.6543624288290537,-0.8800721023477595,-0.41834356554591867,1.2203644014636574,0.9079246765032206,20,20
bridge_2016_2017_climatology,P3,climatology,1.0,-0.4259144942939208,-1.1287433167862682,0.2111684583701333,1.2924999475479126,1.4750000667572025,20,20
bridge_2016_2017_climatology,P3,climatology,3.0,-0.3712203915577668,-1.0128938911313667,0.2115065626101918,1.2799999634424846,1.4874999682108563,20,20
bridge_2016_2017_climatology,P3,climatology,7.0,-0.4322541070509808,-1.158921832776131,0.1515523887348259,1.2860714537756783,1.4510714013235912,20,20
bridge_2016_2017_climatology,P3,climatology,10.0,-0.46064063972905595,-1.1396585666767003,0.1190373908072644,1.2932500410079957,1.4172500047683718,20,20
bridge_2016_2017_climatology,P3,climatology,14.0,-0.5322444553264599,-1.2036467517129041,0.050161073910903194,1.3025000061307634,1.3805357088361472,20,20
bridge_2016_2017_climatology,P3,climatology,21.0,-0.5420888677561553,-1.1518167840912774,-0.01647610554059114,1.3078571319580077,1.342619067146665,20,20
bridge_2016_2017_climatology,P3,climatology,30.0,-0.6434235597796447,-1.2166615165517707,-0.11403906713744554,1.306166684627533,1.280750026067098,20,20
bridge_2016_2017_climatology,P3,climatology,45.0,-0.613006500173817,-1.3465531873870493,-0.10381320423884811,1.3131666564941407,1.2248889189826118,20,20
bridge_2016_2017_climatology,P3,climatology,60.0,-0.5863901533115264,-1.201618865485998,-0.1149451683152342,1.32858332157135,1.1896666838328045,20,20
bridge_2016_2017_climatology,P3,climatology,90.0,-0.414766224074377,-0.7038620091231147,-0.14908349253648134,1.2955555327733355,1.1388889059490628,20,20
bridge_2016_2017_climatology,P3,climatology,120.0,-0.4136046824868357,-0.6454833950055184,-0.20560473204142593,1.2506041512886683,1.0911458540757497,20,20
bridge_2016_2017_climatology,P3,climatology,150.0,-0.40938754000563593,-0.6015392506953798,-0.23641866692128854,1.2288666542371114,1.0563166805903117,20,20
bridge_2016_2017_climatology,P3,climatology,180.0,-0.4462413178841068,-0.6028597656693087,-0.3049345720799615,1.2178888705041675,1.0156389072736105,20,20
bridge_2016_2017_climatology,P3,climatology,240.0,-0.5261700914853622,-0.6256686934517554,-0.42756937560224684,1.2355104019244514,0.9735312752723695,20,20
bridge_2016_2017_climatology,P3,climatology,365.0,-0.8123933891392701,-1.0544870421501524,-0.5744033167815298,1.3474931415139813,0.9079246765032206,20,20
bridge_2016_2017_climatology,P3,donor_regression,1.0,-0.34555519073464575,-1.0240102256005827,0.18574111817267708,1.2142916940335646,1.4750000667572025,20,20
bridge_2016_2017_climatology,P3,donor_regression,3.0,-0.38583283438169036,-0.9975551382078208,0.11078565783995628,1.2036948038181716,1.4874999682108563,20,20
bridge_2016_2017_climatology,P3,donor_regression,7.0,-0.3503845617574098,-1.0030532765687716,0.18050408552828842,1.1652388527525808,1.4510714013235912,20,20
bridge_2016_2017_climatology,P3,donor_regression,10.0,-0.33716365925282055,-0.9886817673696189,0.1900103872809871,1.1508727057159207,1.4172500047683718,20,20
bridge_2016_2017_climatology,P3,donor_regression,14.0,-0.373291741547798,-1.0722725104375466,0.1547126259938745,1.145245161905506,1.3805357088361472,20,20
bridge_2016_2017_climatology,P3,donor_regression,21.0,-0.3135982957832318,-0.8876858595529948,0.12719393483240146,1.1129327812682452,1.342619067146665,20,20
bridge_2016_2017_climatology,P3,donor_regression,30.0,-0.39419058351223024,-0.997266170797247,0.060200247033342445,1.0964701730897064,1.280750026067098,20,20
bridge_2016_2017_climatology,P3,donor_regression,45.0,-0.39541700890095116,-1.1369203883622168,0.11573843748371077,1.092071068839863,1.2248889189826118,20,20
bridge_2016_2017_climatology,P3,donor_regression,60.0,-0.36312430887177527,-1.0140885704979934,0.09801263906636044,1.1095564141240288,1.1896666838328045,20,20
bridge_2016_2017_climatology,P3,donor_regression,90.0,-0.21553946768089144,-0.49195624206185146,0.035062028446300145,1.1042473560046748,1.1388889059490628,20,20
bridge_2016_2017_climatology,P3,donor_regression,120.0,-0.23552034139553318,-0.45951084103139445,-0.030515691781650957,1.0885710498296954,1.0911458540757497,20,20
bridge_2016_2017_climatology,P3,donor_regression,150.0,-0.2515072305548983,-0.43710167110212533,-0.06907456937119334,1.0837145358730935,1.0563166805903117,20,20
bridge_2016_2017_climatology,P3,donor_regression,180.0,-0.30133382457617586,-0.4486217007173894,-0.16185790087828106,1.087595368388214,1.0156389072736105,20,20
bridge_2016_2017_climatology,P3,donor_regression,240.0,-0.35595148065900295,-0.440175362041674,-0.2626438405113871,1.1024671008053966,0.9735312752723695,20,20
bridge_2016_2017_climatology,P3,donor_regression,365.0,-0.5764185909546374,-0.7875580443244399,-0.3628774002285013,1.196638692560128,0.9079246765032206,20,20
bridge_2016_2017_climatology,P3,kalman,1.0,0.9432650677554439,0.921009626566666,0.9651465629514099,0.05756553853907196,1.4750000667572025,20,20
bridge_2016_2017_climatology,P3,kalman,3.0,0.8371019136411642,0.781713367104497,0.8914931465984466,0.13681855982988567,1.4874999682108563,20,20
bridge_2016_2017_climatology,P3,kalman,7.0,0.7344085665825706,0.5191325040197575,0.8859059685823362,0.164117926640329,1.4510714013235912,20,20
bridge_2016_2017_climatology,P3,kalman,10.0,0.7066476778994341,0.504493485488065,0.8519242951746229,0.18901657413025336,1.4172500047683718,20,20
bridge_2016_2017_climatology,P3,kalman,14.0,0.6850152562328888,0.5905747095484455,0.7843373698042659,0.22279713715643545,1.3805357088361472,20,20
bridge_2016_2017_climatology,P3,kalman,21.0,0.6096265270629468,0.5124484302917036,0.6998373305344808,0.28416080761095885,1.342619067146665,20,20
bridge_2016_2017_climatology,P3,kalman,30.0,0.4724038785582662,0.32201703016843986,0.6032712600478977,0.3643764757577438,1.280750026067098,20,20
bridge_2016_2017_climatology,P3,kalman,45.0,0.504295896586456,0.415588636572336,0.587289907020192,0.3862469367279244,1.2248889189826118,20,20
bridge_2016_2017_climatology,P3,kalman,60.0,0.4289597510997728,0.3040120434169181,0.5356223350227374,0.4363518243833745,1.1896666838328045,20,20
bridge_2016_2017_climatology,P3,kalman,90.0,0.37920517681840354,0.22636171088079063,0.5012900561211747,0.48016754285477947,1.1388889059490628,20,20
bridge_2016_2017_climatology,P3,kalman,120.0,0.17148908848657912,0.02101132996419302,0.3104284986270046,0.6831976065236482,1.0911458540757497,20,20
bridge_2016_2017_climatology,P3,kalman,150.0,-0.16292037357125339,-0.3960598472836223,0.039722123625064096,0.9162874435267391,1.0563166805903117,20,20
bridge_2016_2017_climatology,P3,kalman,180.0,-0.5240133812009102,-0.9448235706505166,-0.1763888282850092,1.1193746332268033,1.0156389072736105,20,20
bridge_2016_2017_climatology,P3,kalman,240.0,-1.0723833049679228,-1.6821196998524928,-0.5204262572322339,1.7104493204314128,0.9735312752723695,20,20
bridge_2016_2017_climatology,P3,kalman,365.0,-4.756111425566459,-6.214928845365723,-3.470679395651224,4.740034668765469,0.9079246765032206,20,20
bridge_2016_2017_climatology,P3,linear,1.0,0.9432436684404191,0.9220761270265481,0.9642496464413245,0.05750010013580322,1.4750000667572025,20,20
bridge_2016_2017_climatology,P3,linear,3.0,0.837945085684024,0.7827189073407899,0.893646511210057,0.1366666316986084,1.4874999682108563,20,20
bridge_2016_2017_climatology,P3,linear,7.0,0.7330107938742807,0.515732261071973,0.88445066144263,0.165357209954943,1.4510714013235912,20,20
bridge_2016_2017_climatology,P3,linear,10.0,0.704516562976653,0.501470729591728,0.8545880669796695,0.19199991486289286,1.4172500047683718,20,20
bridge_2016_2017_climatology,P3,linear,14.0,0.6863849201214747,0.6009559729986323,0.7790700530883761,0.22395233676547094,1.3805357088361472,20,20
bridge_2016_2017_climatology,P3,linear,21.0,0.6063656358471635,0.5141577944055772,0.6945741506218124,0.2883766786360637,1.342619067146665,20,20
bridge_2016_2017_climatology,P3,linear,30.0,0.47952160816801814,0.3264736065840549,0.6108538039535641,0.3684031938737439,1.280750026067098,20,20
bridge_2016_2017_climatology,P3,linear,45.0,0.4836248830894198,0.38651089416933676,0.5690872688440133,0.4261111225137387,1.2248889189826118,20,20
bridge_2016_2017_climatology,P3,linear,60.0,0.3520392084753611,0.18347760246356937,0.4852441946435305,0.521509550725176,1.1896666838328045,20,20
bridge_2016_2017_climatology,P3,linear,90.0,0.18885836563397898,-0.039101629426644455,0.3727298370334581,0.6702197472603766,1.1388889059490628,20,20
bridge_2016_2017_climatology,P3,linear,120.0,-0.3503635486586103,-0.6029516113797395,-0.12315623805831155,1.0977428240913993,1.0911458540757497,20,20
bridge_2016_2017_climatology,P3,linear,150.0,-0.9760770590261387,-1.4824360952138051,-0.5616736519793101,1.5583672540635198,1.0563166805903117,20,20
bridge_2016_2017_climatology,P3,linear,180.0,-1.4380120690139502,-1.9963793268231975,-0.9392853442746991,1.9027816532798307,1.0156389072736105,20,20
bridge_2016_2017_climatology,P3,linear,240.0,-2.144766992305132,-2.8427829210492326,-1.5374705616422177,2.6177192909588953,0.9735312752723695,20,20
bridge_2016_2017_climatology,P3,linear,365.0,-3.6238215187707596,-4.11294279491698,-3.1722285825192293,3.849134264371738,0.9079246765032206,20,20
bridge_2016_2017_climatology,P3,pchip,1.0,0.9478420656079805,0.9253785803583534,0.9677760900016855,0.05311899173306252,1.4750000667572025,20,20
bridge_2016_2017_climatology,P3,pchip,3.0,0.8193882115910224,0.7116646318902766,0.9040045317938773,0.13609942200585107,1.4874999682108563,20,20
bridge_2016_2017_climatology,P3,pchip,7.0,0.7201339834029056,0.5085598050158093,0.8697259771239735,0.17182250600364604,1.4510714013235912,20,20
bridge_2016_2017_climatology,P3,pchip,10.0,0.6920673279513291,0.47455143298069535,0.8440685149849132,0.1943408378844281,1.4172500047683718,20,20
bridge_2016_2017_climatology,P3,pchip,14.0,0.7109746549513377,0.6033258958678167,0.8082428348074181,0.21952894364656594,1.3805357088361472,20,20
bridge_2016_2017_climatology,P3,pchip,21.0,0.5482039985934308,0.42074151222052414,0.6611685487708225,0.33906086381006395,1.342619067146665,20,20
bridge_2016_2017_climatology,P3,pchip,30.0,0.4096888033739138,0.22309014467419835,0.5717090771124657,0.40110135420864407,1.280750026067098,20,20
bridge_2016_2017_climatology,P3,pchip,45.0,0.38946014821434766,0.22201415170668257,0.5378636677067754,0.4438515611489434,1.2248889189826118,20,20
bridge_2016_2017_climatology,P3,pchip,60.0,0.2726539424506906,0.018108283550459466,0.48493076235679544,0.5042322204367297,1.1896666838328045,20,20
bridge_2016_2017_climatology,P3,pchip,90.0,0.0766210085508378,-0.1828793347560999,0.32117035757730783,0.656292545768675,1.1388889059490628,20,20
bridge_2016_2017_climatology,P3,pchip,120.0,-0.563143994504533,-0.9912713398935786,-0.17542116105800754,1.1132365161482372,1.0911458540757497,20,20
bridge_2016_2017_climatology,P3,pchip,150.0,-0.5734722726266914,-1.0124280693692818,-0.17162966919790157,1.2480600254350354,1.0563166805903117,20,20
bridge_2016_2017_climatology,P3,pchip,180.0,-1.1722527077705593,-1.8683734032168509,-0.505470004211218,1.6067608074839554,1.0156389072736105,20,20
bridge_2016_2017_climatology,P3,pchip,240.0,-2.1540912576950806,-2.909976254521369,-1.4527691609429805,2.5643311646000453,0.9735312752723695,20,20
bridge_2016_2017_climatology,P3,pchip,365.0,-3.6400392859146047,-4.212474453643648,-3.090042661534157,3.8449334135252102,0.9079246765032206,20,20
bridge_2016_2017_climatology,P3,random_forest,1.0,-0.13990584933269887,-0.6922479472014209,0.3110623063970282,1.1701496753156189,1.4750000667572025,20,20
bridge_2016_2017_climatology,P3,random_forest,3.0,-0.1006940525423246,-0.5513195103169186,0.28578632813463345,1.0713963547513712,1.4874999682108563,20,20
bridge_2016_2017_climatology,P3,random_forest,7.0,-0.12578644788355486,-0.5947767826381868,0.2628059586641974,1.0507424049220275,1.4510714013235912,20,20
bridge_2016_2017_climatology,P3,random_forest,10.0,-0.12677820577494986,-0.5476552663927083,0.24484866024800953,1.041633565562774,1.4172500047683718,20,20
bridge_2016_2017_climatology,P3,random_forest,14.0,-0.19506283240507696,-0.6473226758808949,0.17012377979090523,1.0866065746998181,1.3805357088361472,20,20
bridge_2016_2017_climatology,P3,random_forest,21.0,-0.24977927521158483,-0.6559819291220162,0.11888920428904819,1.1085047990458095,1.342619067146665,20,20
bridge_2016_2017_climatology,P3,random_forest,30.0,-0.3238967916938289,-0.7494236617371554,0.060238897014439366,1.0740478451671878,1.280750026067098,20,20
bridge_2016_2017_climatology,P3,random_forest,45.0,-0.3255955753824139,-0.8228093892183347,0.08278571789324765,1.0599918160271689,1.2248889189826118,20,20
bridge_2016_2017_climatology,P3,random_forest,60.0,-0.30792126328459574,-0.7829051315583381,0.06787546397043549,1.0825419445777928,1.1896666838328045,20,20
bridge_2016_2017_climatology,P3,random_forest,90.0,-0.18707273261709068,-0.42421768665380716,0.03827002869034536,1.065001126605123,1.1388889059490628,20,20
bridge_2016_2017_climatology,P3,random_forest,120.0,-0.22625707787294308,-0.425080866537884,-0.031205247046254197,1.050379295588884,1.0911458540757497,20,20
bridge_2016_2017_climatology,P3,random_forest,150.0,-0.21461543067983174,-0.3822478253490771,-0.053356727854227966,1.0361917487458556,1.0563166805903117,20,20
bridge_2016_2017_climatology,P3,random_forest,180.0,-0.25072023214982037,-0.3696178498972003,-0.13160095249768794,1.0385579899437483,1.0156389072736105,20,20
bridge_2016_2017_climatology,P3,random_forest,240.0,-0.3177007068284535,-0.4000561819848767,-0.2247366947295041,1.0724358485401435,0.9735312752723695,20,20
bridge_2016_2017_climatology,P3,random_forest,365.0,-0.50339180244275,-0.7076874574470073,-0.2992714588303687,1.1574274116059464,0.9079246765032206,20,20
bridge_2016_2017_climatology,P3,xgboost,1.0,-0.14488637396328344,-0.8018439328732978,0.4320989219445079,1.1082883834838868,1.4750000667572025,20,20
bridge_2016_2017_climatology,P3,xgboost,3.0,-0.023118616283574533,-0.5393098173930277,0.3942492192668784,0.9673905372619627,1.4874999682108563,20,20
bridge_2016_2017_climatology,P3,xgboost,7.0,-0.034624051409988074,-0.5671900113047849,0.38828423501165077,0.9337881973811559,1.4510714013235912,20,20
bridge_2016_2017_climatology,P3,xgboost,10.0,-0.046426411273054906,-0.49075396471424815,0.3447901268949788,0.9353900957107545,1.4172500047683718,20,20
bridge_2016_2017_climatology,P3,xgboost,14.0,-0.09420821799319437,-0.5784826675651158,0.31065819821457447,0.9565642697470528,1.3805357088361472,20,20
bridge_2016_2017_climatology,P3,xgboost,21.0,-0.10997692039711833,-0.5555500123732521,0.2639285595440175,0.9713831810724167,1.342619067146665,20,20
bridge_2016_2017_climatology,P3,xgboost,30.0,-0.1859411886974142,-0.6359940103745932,0.20319445893959817,0.955218276977539,1.280750026067098,20,20
bridge_2016_2017_climatology,P3,xgboost,45.0,-0.19834010303723112,-0.7126749535756316,0.22761463662247247,0.9375801467895508,1.2248889189826118,20,20
bridge_2016_2017_climatology,P3,xgboost,60.0,-0.16615176212632782,-0.6330867851911449,0.21089300501605215,0.9495117513338724,1.1896666838328045,20,20
bridge_2016_2017_climatology,P3,xgboost,90.0,-0.059363720781679674,-0.2902189122708641,0.1728454619214699,0.9374793084462484,1.1388889059490628,20,20
bridge_2016_2017_climatology,P3,xgboost,120.0,-0.08612161599994919,-0.28795576746958923,0.10327164304733895,0.9188063176472981,1.0911458540757497,20,20
bridge_2016_2017_climatology,P3,xgboost,150.0,-0.0824177804178183,-0.25126405234091054,0.07120414059633177,0.9129704411824544,1.0563166805903117,20,20
bridge_2016_2017_climatology,P3,xgboost,180.0,-0.11832747107034955,-0.23759154545523722,0.0027357815822149313,0.9182780493630303,1.0156389072736105,20,20
bridge_2016_2017_climatology,P3,xgboost,240.0,-0.18732378205977163,-0.2691367605865648,-0.09861880847921692,0.9611064499616621,0.9735312752723695,20,20
bridge_2016_2017_climatology,P3,xgboost,365.0,-0.3741679471049727,-0.5547929486208988,-0.17719423627114433,1.0513433951547702,0.9079246765032206,20,20
bridge_2016_2017_climatology,S2,air_hydro,1.0,-0.632565534314088,-1.4878285776430948,0.12101800916445911,0.7915091477498208,0.8600000095367433,20,20
bridge_2016_2017_climatology,S2,air_hydro,3.0,-0.4852253636361279,-1.1893625001270114,0.16934471126234724,0.7751742515318774,0.8633333508173628,20,20
bridge_2016_2017_climatology,S2,air_hydro,7.0,-0.32146979209635196,-0.8274584426189361,0.12065513023109178,0.7367588802102061,0.8760714571816581,20,20
bridge_2016_2017_climatology,S2,air_hydro,10.0,-0.09879547833493219,-0.4700773586596864,0.23824182488104087,0.6986349390799478,0.89349999666214,20,20
bridge_2016_2017_climatology,S2,air_hydro,14.0,0.09142455675754638,-0.15828934672831266,0.32128048696217804,0.6541123860143736,0.9057142979758128,20,20
bridge_2016_2017_climatology,S2,air_hydro,21.0,0.20915683696585785,0.04128558543337071,0.3581913250427102,0.6202080873918916,0.919761904761905,20,20
bridge_2016_2017_climatology,S2,air_hydro,30.0,0.28049142339192495,0.1922923485522498,0.3626629137686906,0.5862095684035795,0.8949999934832255,20,20
bridge_2016_2017_climatology,S2,air_hydro,45.0,0.2772301663525293,0.2235510016077385,0.33140090110624254,0.6249658980301851,0.8758888706631132,20,20
bridge_2016_2017_climatology,S2,air_hydro,60.0,0.28370053048113225,0.2319748858027224,0.33209543939799563,0.6365049565706719,0.8884166507720949,20,20
bridge_2016_2017_climatology,S2,air_hydro,90.0,0.24543844723930763,0.21276810867050658,0.28150957208949323,0.6341875421911599,0.8410277634726631,20,20
bridge_2016_2017_climatology,S2,air_hydro,120.0,0.22959614303543358,0.18701338613691215,0.27399464695073067,0.6104371589898722,0.8032083280881246,20,20
bridge_2016_2017_climatology,S2,air_hydro,150.0,0.23041101871252395,0.18967940742174955,0.2721835610152403,0.5912063477618159,0.7818333269119264,20,20
bridge_2016_2017_climatology,S2,air_hydro,180.0,0.2168504759904939,0.16391810611627022,0.2632310444888621,0.5935843252478297,0.7735416565206317,20,20
bridge_2016_2017_climatology,S2,air_hydro,240.0,0.22889961413043197,0.19350065010941359,0.26602089936267387,0.6039475752854886,0.7910312398870786,20,20
bridge_2016_2017_climatology,S2,air_hydro,365.0,0.19851117651447386,0.18165911669396734,0.21571209447259074,0.623291730948059,0.7825890299392074,20,20
bridge_2016_2017_climatology,S2,air_only,1.0,-0.3450708029050391,-0.8827878550168199,0.1303136257641654,0.7960985138779046,0.8600000095367433,20,20
bridge_2016_2017_climatology,S2,air_only,3.0,-0.27200275421114545,-0.6857630095537813,0.10836362623956973,0.7822441149250242,0.8633333508173628,20,20
bridge_2016_2017_climatology,S2,air_only,7.0,-0.13307620274692417,-0.41075486800307637,0.12550237109148657,0.7577889344232591,0.8760714571816581,20,20
bridge_2016_2017_climatology,S2,air_only,10.0,-0.008514217947815355,-0.22685185510622535,0.20780193671985664,0.7341590839131413,0.89349999666214,20,20
bridge_2016_2017_climatology,S2,air_only,14.0,0.09952287849889967,-0.08325303985335243,0.2841277286159593,0.7119889895632165,0.9057142979758128,20,20
bridge_2016_2017_climatology,S2,air_only,21.0,0.16717308554612545,0.019424059039008564,0.29863435868721205,0.6920060398190847,0.919761904761905,20,20
bridge_2016_2017_climatology,S2,air_only,30.0,0.2262149155483934,0.13885713409890413,0.3100055848813337,0.6544742391882435,0.8949999934832255,20,20
bridge_2016_2017_climatology,S2,air_only,45.0,0.235801903670404,0.17296752140306204,0.2987261787272024,0.6586009922785376,0.8758888706631132,20,20
bridge_2016_2017_climatology,S2,air_only,60.0,0.2341442864057362,0.17547188119972496,0.29235976932037416,0.6740948023699059,0.8884166507720949,20,20
bridge_2016_2017_climatology,S2,air_only,90.0,0.20942633178210218,0.16644029679300512,0.2556654638125481,0.6547423403438879,0.8410277634726631,20,20
bridge_2016_2017_climatology,S2,air_only,120.0,0.19457148628885584,0.15729933182654304,0.23758671455291877,0.6367841601250459,0.8032083280881246,20,20
bridge_2016_2017_climatology,S2,air_only,150.0,0.1941257638401771,0.16047488145453165,0.22790331074949194,0.6220596726169629,0.7818333269119264,20,20
bridge_2016_2017_climatology,S2,air_only,180.0,0.18140837104205793,0.13527796238236922,0.22281213525612745,0.6206076192024297,0.7735416565206317,20,20
bridge_2016_2017_climatology,S2,air_only,240.0,0.1884047807502743,0.15860527466230004,0.21763726888916782,0.6352382562183957,0.7910312398870786,20,20
bridge_2016_2017_climatology,S2,air_only,365.0,0.16448758012996795,0.14892955073813124,0.18028354218235718,0.6504755502005601,0.7825890299392074,20,20
bridge_2016_2017_climatology,S2,climatology,1.0,-0.04851244242724328,-0.5669730682960801,0.3175605270792831,0.700000011920929,0.8600000095367433,20,20
bridge_2016_2017_climatology,S2,climatology,3.0,0.010572315863218992,-0.25865882090791575,0.25931766535141815,0.6958333770434062,0.8633333508173628,20,20
bridge_2016_2017_climatology,S2,climatology,7.0,0.017235591483896827,-0.20438020955297304,0.24220695963098712,0.6935714704649789,0.8760714571816581,20,20
bridge_2016_2017_climatology,S2,climatology,10.0,0.04190494994276341,-0.16121065144442756,0.24881262729045264,0.6955000388622284,0.89349999666214,20,20
bridge_2016_2017_climatology,S2,climatology,14.0,0.08974568029457376,-0.09412235718057213,0.2736174451084283,0.7012500337191991,0.9057142979758128,20,20
bridge_2016_2017_climatology,S2,climatology,21.0,0.12711260092726076,-0.014379557041598979,0.26355655082226376,0.7041666706403096,0.919761904761905,20,20
bridge_2016_2017_climatology,S2,climatology,30.0,0.17115883521959918,0.07157604809561058,0.2694609678293051,0.6738333268960316,0.8949999934832255,20,20
bridge_2016_2017_climatology,S2,climatology,45.0,0.20284389773639738,0.1579045103258284,0.2477010543396065,0.6681111065546672,0.8758888706631132,20,20
bridge_2016_2017_climatology,S2,climatology,60.0,0.21035180597934106,0.16778318582336607,0.2574212122240613,0.6838749907414119,0.8884166507720949,20,20
bridge_2016_2017_climatology,S2,climatology,90.0,0.1777936611580821,0.13235662661060613,0.223121734389815,0.6735277616977692,0.8410277634726631,20,20
bridge_2016_2017_climatology,S2,climatology,120.0,0.15235881188473907,0.10861735914254383,0.1974805975586383,0.6641874947150548,0.8032083280881246,20,20
bridge_2016_2017_climatology,S2,climatology,150.0,0.15448929264549954,0.11501237067658715,0.19432384287417903,0.6481499947706857,0.7818333269119264,20,20
bridge_2016_2017_climatology,S2,climatology,180.0,0.1349596348820587,0.08006138465033576,0.185729507728768,0.6510416666666667,0.7735416565206317,20,20
bridge_2016_2017_climatology,S2,climatology,240.0,0.13655319011386968,0.09619493967545324,0.17800959989930398,0.671864584883054,0.7910312398870786,20,20
bridge_2016_2017_climatology,S2,climatology,365.0,0.11570268747304184,0.095189092476448,0.13823230758673433,0.6866986261002005,0.7825890299392074,20,20
bridge_2016_2017_climatology,S2,donor_regression,1.0,0.28215328089919545,0.07539704862746469,0.4738876702009476,0.5742296033718892,0.8600000095367433,20,20
bridge_2016_2017_climatology,S2,donor_regression,3.0,0.21305967136884346,-0.013886902467897495,0.4111929838192111,0.5828903333520234,0.8633333508173628,20,20
bridge_2016_2017_climatology,S2,donor_regression,7.0,0.23955794717235537,0.0550336745983634,0.4145036844956609,0.5697209439511117,0.8760714571816581,20,20
bridge_2016_2017_climatology,S2,donor_regression,10.0,0.26548240007451,0.10098324791573189,0.42138191198752506,0.5760216395862182,0.89349999666214,20,20
bridge_2016_2017_climatology,S2,donor_regression,14.0,0.2821437583682625,0.12183799383607291,0.4265195181795551,0.5785319844124897,0.9057142979758128,20,20
bridge_2016_2017_climatology,S2,donor_regression,21.0,0.312429436991385,0.17165300161680044,0.44361122285880805,0.5603472658188889,0.919761904761905,20,20
bridge_2016_2017_climatology,S2,donor_regression,30.0,0.3419686512220897,0.2286315359885261,0.452332304502539,0.5393926863965509,0.8949999934832255,20,20
bridge_2016_2017_climatology,S2,donor_regression,45.0,0.36510258875050333,0.2718780398019006,0.4472666097866797,0.5479588509890022,0.8758888706631132,20,20
bridge_2016_2017_climatology,S2,donor_regression,60.0,0.37363498529182,0.2858761405015624,0.4554083342262015,0.5502607356868267,0.8884166507720949,20,20
bridge_2016_2017_climatology,S2,donor_regression,90.0,0.3347329442989734,0.2694576130318262,0.39711693531030967,0.5521599732193605,0.8410277634726631,20,20
bridge_2016_2017_climatology,S2,donor_regression,120.0,0.30875589751680244,0.2562630369662856,0.3731609798035257,0.5505830903233064,0.8032083280881246,20,20
bridge_2016_2017_climatology,S2,donor_regression,150.0,0.30775423445273675,0.2605708924532648,0.3631543760677505,0.5439143625616383,0.7818333269119264,20,20
bridge_2016_2017_climatology,S2,donor_regression,180.0,0.3075548752681856,0.25784657685385853,0.36438818831766717,0.5391876010030094,0.7735416565206317,20,20
bridge_2016_2017_climatology,S2,donor_regression,240.0,0.3306994880690798,0.28568591423506,0.3789594440254534,0.5371858857295221,0.7910312398870786,20,20
bridge_2016_2017_climatology,S2,donor_regression,365.0,0.33737084514055793,0.3136236630565032,0.36742151807145734,0.5236563719952823,0.7825890299392074,20,20
bridge_2016_2017_climatology,S2,kalman,1.0,0.7360173366579121,0.614873534934759,0.8613170252764435,0.1450251926442722,0.8600000095367433,20,20
bridge_2016_2017_climatology,S2,kalman,3.0,0.5405269030532078,0.21942463929834827,0.7991374176956036,0.1698235012855767,0.8633333508173628,20,20
bridge_2016_2017_climatology,S2,kalman,7.0,0.5372832253078239,0.3459802786371224,0.7049188006494446,0.2149469787014561,0.8760714571816581,20,20
bridge_2016_2017_climatology,S2,kalman,10.0,0.3928323123967247,0.12682541220760093,0.6282966043635114,0.33192373344490905,0.89349999666214,20,20
bridge_2016_2017_climatology,S2,kalman,14.0,0.3843189456151627,0.16493266790108957,0.5680921148951943,0.3766996077529398,0.9057142979758128,20,20
bridge_2016_2017_climatology,S2,kalman,21.0,0.23157858014992883,-0.037486091232279216,0.46761396039546516,0.5479044663997809,0.919761904761905,20,20
bridge_2016_2017_climatology,S2,kalman,30.0,0.3596447978839627,0.22928210517910283,0.4783774510347157,0.47641874665692796,0.8949999934832255,20,20
bridge_2016_2017_climatology,S2,kalman,45.0,0.2341748829071742,0.10236199888099642,0.3475522721925186,0.615848570574536,0.8758888706631132,20,20
bridge_2016_2017_climatology,S2,kalman,60.0,0.166700936880182,0.017858452029536554,0.3086863989103715,0.6693739839937318,0.8884166507720949,20,20
bridge_2016_2017_climatology,S2,kalman,90.0,0.10879028301711276,0.0032208320615472728,0.2124055409908623,0.7100486022081961,0.8410277634726631,20,20
bridge_2016_2017_climatology,S2,kalman,120.0,-0.3639155056113613,-0.6833267532736979,-0.08966632976419878,1.0026830845970474,0.8032083280881246,20,20
bridge_2016_2017_climatology,S2,kalman,150.0,-0.49370510365530273,-0.774934187000278,-0.237880747240338,1.181015034345279,0.7818333269119264,20,20
bridge_2016_2017_climatology,S2,kalman,180.0,-0.8790033469704609,-1.2977240966180745,-0.5232749018418867,1.47564165462436,0.7735416565206317,20,20
bridge_2016_2017_climatology,S2,kalman,240.0,-1.7162524901482743,-2.2186252312615133,-1.226787278968986,2.117250460703989,0.7910312398870786,20,20
bridge_2016_2017_climatology,S2,kalman,365.0,-6.578828535727676,-7.722764421908008,-5.354065222465211,5.758404013552336,0.7825890299392074,20,20
bridge_2016_2017_climatology,S2,linear,1.0,0.7365460454945958,0.6139755918707552,0.8502081644622052,0.14500008821487426,0.8600000095367433,20,20
bridge_2016_2017_climatology,S2,linear,3.0,0.5411814115444524,0.23968576992956958,0.7871041613059188,0.1700000802675883,0.8633333508173628,20,20
bridge_2016_2017_climatology,S2,linear,7.0,0.5342402044158281,0.3385856398887981,0.713755771554194,0.21589286497661045,0.8760714571816581,20,20
bridge_2016_2017_climatology,S2,linear,10.0,0.39176175108014755,0.13998345093919004,0.6206166001904556,0.3323637110536749,0.89349999666214,20,20
bridge_2016_2017_climatology,S2,linear,14.0,0.3818857206906653,0.17511955338100071,0.5657292977095079,0.378833368959881,0.9057142979758128,20,20
bridge_2016_2017_climatology,S2,linear,21.0,0.2362948150968806,-0.04363855037238193,0.4673684815054215,0.5498376146023408,0.919761904761905,20,20
bridge_2016_2017_climatology,S2,linear,30.0,0.33452539776260093,0.20739140809819034,0.445613895253949,0.49698924913201276,0.8949999934832255,20,20
bridge_2016_2017_climatology,S2,linear,45.0,0.14974113428588656,0.020080581412968104,0.2848022202668387,0.6637923416999227,0.8758888706631132,20,20
bridge_2016_2017_climatology,S2,linear,60.0,0.08140231346259248,-0.10919088038931707,0.25295796962049105,0.7296885068820473,0.8884166507720949,20,20
bridge_2016_2017_climatology,S2,linear,90.0,-0.16746220612402532,-0.3909053144609755,0.04269793405937319,0.9107692110203708,0.8410277634726631,20,20
bridge_2016_2017_climatology,S2,linear,120.0,-0.8628511138615576,-1.3984800918477265,-0.3913875866156676,1.3894597112114435,0.8032083280881246,20,20
bridge_2016_2017_climatology,S2,linear,150.0,-1.2135651177161648,-1.7789616502522714,-0.7023864811505613,1.692496782454434,0.7818333269119264,20,20
bridge_2016_2017_climatology,S2,linear,180.0,-2.0042069309142327,-2.592882249021825,-1.4693784558175031,2.2544845729352803,0.7735416565206317,20,20
bridge_2016_2017_climatology,S2,linear,240.0,-3.468142661090436,-4.147169938057235,-2.7813019029281456,3.471450698195569,0.7910312398870786,20,20
bridge_2016_2017_climatology,S2,linear,365.0,-5.692105249851515,-6.258708527818366,-5.154452030491552,5.14044882824307,0.7825890299392074,20,20
bridge_2016_2017_climatology,S2,pchip,1.0,0.7571057666457973,0.6371591325726919,0.858278430167874,0.14587905668282244,0.8600000095367433,20,20
bridge_2016_2017_climatology,S2,pchip,3.0,0.5081553575887622,0.16390067569072755,0.7807553637157691,0.17960030432811064,0.8633333508173628,20,20
bridge_2016_2017_climatology,S2,pchip,7.0,0.5832635392008321,0.43586101612327655,0.7250303228349647,0.20976717104431897,0.8760714571816581,20,20
bridge_2016_2017_climatology,S2,pchip,10.0,0.4655767455000139,0.23073840440607346,0.6703687322292691,0.2908159495119684,0.89349999666214,20,20
bridge_2016_2017_climatology,S2,pchip,14.0,0.4030098538565798,0.18140566258813426,0.5846659603412538,0.36435151044380965,0.9057142979758128,20,20
bridge_2016_2017_climatology,S2,pchip,21.0,0.15481354998233163,-0.19564207220889399,0.4656091918222736,0.5879739257598098,0.919761904761905,20,20
bridge_2016_2017_climatology,S2,pchip,30.0,0.1927671417697508,0.005079572961874663,0.35324634306292546,0.5557795390385774,0.8949999934832255,20,20
bridge_2016_2017_climatology,S2,pchip,45.0,0.1579969312053421,0.03712817984749209,0.2796487175696428,0.6828260059042965,0.8758888706631132,20,20
bridge_2016_2017_climatology,S2,pchip,60.0,0.054280206827601284,-0.15355870103904687,0.22211931004243984,0.7491306961361487,0.8884166507720949,20,20
bridge_2016_2017_climatology,S2,pchip,90.0,-0.2955281284406305,-0.6551282727999548,-0.005012381576051057,1.001153725954221,0.8410277634726631,20,20
bridge_2016_2017_climatology,S2,pchip,120.0,-0.907373881956909,-1.4590309958338796,-0.39974107799451497,1.446153260082137,0.8032083280881246,20,20
bridge_2016_2017_climatology,S2,pchip,150.0,-1.358915834363584,-1.8519245178129882,-0.8611754697733355,1.7524582702094063,0.7818333269119264,20,20
bridge_2016_2017_climatology,S2,pchip,180.0,-1.7160943177465888,-2.162079287622578,-1.2359215719382826,2.045520537503766,0.7735416565206317,20,20
bridge_2016_2017_climatology,S2,pchip,240.0,-3.460570920479062,-4.231885727337286,-2.732587020186557,3.423406513610851,0.7910312398870786,20,20
bridge_2016_2017_climatology,S2,pchip,365.0,-5.6681766663505915,-6.241397214177845,-5.077638488829782,5.122394597589279,0.7825890299392074,20,20
bridge_2016_2017_climatology,S2,random_forest,1.0,-0.11470258752784036,-0.721838491443313,0.38423690484031514,0.5774037309207622,0.8600000095367433,20,20
bridge_2016_2017_climatology,S2,random_forest,3.0,0.006034045251984231,-0.3857642195927649,0.3546864310551761,0.5888894580313887,0.8633333508173628,20,20
bridge_2016_2017_climatology,S2,random_forest,7.0,0.13415863148769616,-0.08668612839598973,0.3449523389729752,0.5802902517053732,0.8760714571816581,20,20
bridge_2016_2017_climatology,S2,random_forest,10.0,0.21258341397777536,0.036728559853821396,0.3779894788787699,0.5756777111956556,0.89349999666214,20,20
bridge_2016_2017_climatology,S2,random_forest,14.0,0.2826181240716229,0.13823307462052045,0.40878576890656215,0.5654600411348509,0.9057142979758128,20,20
bridge_2016_2017_climatology,S2,random_forest,21.0,0.3191976256720557,0.2074109334854275,0.4163531449429937,0.5554409168860944,0.919761904761905,20,20
bridge_2016_2017_climatology,S2,random_forest,30.0,0.33088371581323256,0.2531117981845401,0.40022348789905815,0.5390901067485634,0.8949999934832255,20,20
bridge_2016_2017_climatology,S2,random_forest,45.0,0.3475659852917724,0.27862480251094496,0.4114290304715205,0.550636653312974,0.8758888706631132,20,20
bridge_2016_2017_climatology,S2,random_forest,60.0,0.3721261193552812,0.30160159722319796,0.43716546232772174,0.5416791077940382,0.8884166507720949,20,20
bridge_2016_2017_climatology,S2,random_forest,90.0,0.3320289444095725,0.2884315480809764,0.37502932802489125,0.5475070177614179,0.8410277634726631,20,20
bridge_2016_2017_climatology,S2,random_forest,120.0,0.3013173812224764,0.2669629125917067,0.34195725348785716,0.5468925324393794,0.8032083280881246,20,20
bridge_2016_2017_climatology,S2,random_forest,150.0,0.3021274067425659,0.2677382427830454,0.33914169729663723,0.5394775080315146,0.7818333269119264,20,20
bridge_2016_2017_climatology,S2,random_forest,180.0,0.2981312231337349,0.2671657008578539,0.33294497876763623,0.537936604198475,0.7735416565206317,20,20
bridge_2016_2017_climatology,S2,random_forest,240.0,0.31651592253319727,0.29115099262565697,0.34156757784728164,0.5404302957084195,0.7910312398870786,20,20
bridge_2016_2017_climatology,S2,random_forest,365.0,0.31951283589785195,0.3062024402718846,0.333946924393758,0.5333351826807257,0.7825890299392074,20,20
bridge_2016_2017_climatology,S2,xgboost,1.0,-0.1817017040223003,-0.8821520304411193,0.40867217399531724,0.571338152885437,0.8600000095367433,20,20
bridge_2016_2017_climatology,S2,xgboost,3.0,-0.04563712560610011,-0.4422329423131495,0.302740551218725,0.5890892426172891,0.8633333508173628,20,20
bridge_2016_2017_climatology,S2,xgboost,7.0,0.08578273208718075,-0.16740715433957784,0.32475572668255714,0.5453075545174734,0.8760714571816581,20,20
bridge_2016_2017_climatology,S2,xgboost,10.0,0.16841531103433977,-0.042514432875410714,0.3701200461542393,0.5383991408348082,0.89349999666214,20,20
bridge_2016_2017_climatology,S2,xgboost,14.0,0.26248068381512724,0.11535093757396458,0.41058786252399315,0.5252510377338954,0.9057142979758128,20,20
bridge_2016_2017_climatology,S2,xgboost,21.0,0.3127056039020126,0.18053447845672946,0.43129218417540843,0.5131822415760585,0.919761904761905,20,20
bridge_2016_2017_climatology,S2,xgboost,30.0,0.335868701556145,0.24076503403863758,0.4195239163108342,0.5092482956250508,0.8949999934832255,20,20
bridge_2016_2017_climatology,S2,xgboost,45.0,0.37588806773680694,0.3106810668616403,0.43714265202592617,0.5171739053726196,0.8758888706631132,20,20
bridge_2016_2017_climatology,S2,xgboost,60.0,0.4038469698139414,0.34195072563802237,0.46021236642079666,0.5105643073717753,0.8884166507720949,20,20
bridge_2016_2017_climatology,S2,xgboost,90.0,0.36471240347015826,0.33185272145069733,0.4021741533979885,0.5196253270573086,0.8410277634726631,20,20
bridge_2016_2017_climatology,S2,xgboost,120.0,0.33986302212400243,0.3067112232302197,0.37789329543444306,0.5166897090276082,0.8032083280881246,20,20
bridge_2016_2017_climatology,S2,xgboost,150.0,0.33657591356446837,0.30714193046734617,0.3709303212825818,0.5120379741986593,0.7818333269119264,20,20
bridge_2016_2017_climatology,S2,xgboost,180.0,0.32947524961787183,0.29970349809072966,0.361777280741751,0.51172773109542,0.7735416565206317,20,20
bridge_2016_2017_climatology,S2,xgboost,240.0,0.3433912384872367,0.3207783892001148,0.36781543848879894,0.5176984583338102,0.7910312398870786,20,20
bridge_2016_2017_climatology,S2,xgboost,365.0,0.3427338956921465,0.3282726678939644,0.3580097071162993,0.5144223013316116,0.7825890299392074,20,20
state_matched_2016_2020_climatology,B1,air_hydro,1.0,-7.312291001412289,-11.47858093388742,-3.635541342563403,1.992910305625977,0.5274999284744263,20,20
state_matched_2016_2020_climatology,B1,air_hydro,3.0,-6.095443209967118,-8.93926778304577,-3.6611175672087506,1.9830442249918288,0.5366666197776796,20,20
state_matched_2016_2020_climatology,B1,air_hydro,7.0,-6.0612280316902565,-8.592967234608155,-3.760994474180613,2.0447673621732885,0.5428571326392038,20,20
state_matched_2016_2020_climatology,B1,air_hydro,10.0,-5.184471127673817,-7.0273152797821945,-3.482267539028975,2.0806049262542796,0.5480000150203705,20,20
state_matched_2016_2020_climatology,B1,air_hydro,14.0,-4.957361030982422,-6.748306587616759,-3.390933245943076,2.0704314847801433,0.5467857142857142,20,20
state_matched_2016_2020_climatology,B1,air_hydro,21.0,-4.750566576903999,-6.6124626207038455,-3.1326920538306093,2.1094979269741683,0.5692857157616388,20,20
state_matched_2016_2020_climatology,B1,air_hydro,30.0,-4.1200608434420385,-5.729227696469693,-2.739700857055445,2.1565719614684413,0.6121666703224182,20,20
state_matched_2016_2020_climatology,B1,air_hydro,45.0,-3.564756067125068,-4.612707214391354,-2.525522843222401,2.2130445482736407,0.6531111182901594,20,20
state_matched_2016_2020_climatology,B1,air_hydro,60.0,-3.188831046202548,-4.00366691324752,-2.3600425671976417,2.2123433421551675,0.6500416815479597,20,20
state_matched_2016_2020_climatology,B1,air_hydro,90.0,-2.986654833824716,-3.659087876557649,-2.3092200564167253,2.1750231407616045,0.6366388964785469,20,20
state_matched_2016_2020_climatology,B1,air_hydro,120.0,-2.8000717056755047,-3.3714079941234214,-2.2641823582129716,2.1568873692101187,0.6347083479265373,20,20
state_matched_2016_2020_climatology,B1,air_hydro,150.0,-2.6024663630477987,-2.9937263689753877,-2.2103532118295957,2.1341074613133904,0.6356333491881688,20,20
state_matched_2016_2020_climatology,B1,air_hydro,180.0,-2.4520738113119713,-2.781859981435882,-2.137798420028522,2.0981621670251847,0.6349166857931349,20,20
state_matched_2016_2020_climatology,B1,air_hydro,240.0,-2.367143538602564,-2.597755484517238,-2.1508501775322246,2.0585884900058087,0.6206562680155039,20,20
state_matched_2016_2020_climatology,B1,air_hydro,365.0,-2.238011808023679,-2.3515879036984697,-2.1154543610136165,1.9848427495977308,0.6130548113502867,20,20
state_matched_2016_2020_climatology,B1,air_only,1.0,-0.6715154795448472,-1.3995489272181594,0.03862128407918837,0.6388899194362034,0.5274999284744263,20,20
state_matched_2016_2020_climatology,B1,air_only,3.0,-0.7227378004199052,-1.3447644007590585,-0.12015574135225048,0.6559977765765151,0.5366666197776796,20,20
state_matched_2016_2020_climatology,B1,air_only,7.0,-0.5536354670783729,-1.0158113164976035,-0.13370934962700523,0.6133398963015819,0.5428571326392038,20,20
state_matched_2016_2020_climatology,B1,air_only,10.0,-0.370082852433807,-0.6759452702044699,-0.07718777837504087,0.6071681501481996,0.5480000150203705,20,20
state_matched_2016_2020_climatology,B1,air_only,14.0,-0.3974770074482614,-0.6388797107892831,-0.16910785333457035,0.6470389130891816,0.5467857142857142,20,20
state_matched_2016_2020_climatology,B1,air_only,21.0,-0.40393776296973505,-0.6745074174721635,-0.15540631874950997,0.6804237815730089,0.5692857157616388,20,20
state_matched_2016_2020_climatology,B1,air_only,30.0,-0.2629259979337047,-0.5062100806168576,-0.04926949571475708,0.6693606994342314,0.6121666703224182,20,20
state_matched_2016_2020_climatology,B1,air_only,45.0,-0.15388390995041581,-0.352098500072322,0.008085618301245826,0.685228867849173,0.6531111182901594,20,20
state_matched_2016_2020_climatology,B1,air_only,60.0,-0.07354179011748316,-0.2404343619435312,0.05295076580020962,0.6716426630745364,0.6500416815479597,20,20
state_matched_2016_2020_climatology,B1,air_only,90.0,-0.021950625819428433,-0.11735009823616294,0.06539985472795197,0.6441578342055136,0.6366388964785469,20,20
state_matched_2016_2020_climatology,B1,air_only,120.0,-0.04770565042887706,-0.11726528006068075,0.018653238916289294,0.6567207109820362,0.6347083479265373,20,20
state_matched_2016_2020_climatology,B1,air_only,150.0,-0.06287757081665919,-0.11408158854681592,-0.012347338239317489,0.6701936272730707,0.6356333491881688,20,20
state_matched_2016_2020_climatology,B1,air_only,180.0,-0.03660679198820924,-0.08490131442864715,0.014519439006987347,0.6580464902196522,0.6349166857931349,20,20
state_matched_2016_2020_climatology,B1,air_only,240.0,-0.06005219763663068,-0.09406294567983611,-0.028312765061722794,0.6591252785138202,0.6206562680155039,20,20
state_matched_2016_2020_climatology,B1,air_only,365.0,-0.07951184445665413,-0.10817402318132628,-0.05047852101833326,0.6612457151988079,0.6130548113502867,20,20
state_matched_2016_2020_climatology,B1,climatology,1.0,-1.0023501070660106,-1.9545586141351097,-0.14308057452067593,0.7224999666213989,0.5274999284744263,20,20
state_matched_2016_2020_climatology,B1,climatology,3.0,-0.6473857433948138,-1.2843775777773294,-0.0325398285555462,0.6974999924500783,0.5366666197776796,20,20
state_matched_2016_2020_climatology,B1,climatology,7.0,-0.638033353244173,-1.164577164601185,-0.16003196416491225,0.6882142509732927,0.5428571326392038,20,20
state_matched_2016_2020_climatology,B1,climatology,10.0,-0.4484189067796076,-0.8031329729085188,-0.10428025691354129,0.6807499921321869,0.5480000150203705,20,20
state_matched_2016_2020_climatology,B1,climatology,14.0,-0.44629958512941637,-0.7275826949109925,-0.1853732987177768,0.7044642499514988,0.5467857142857142,20,20
state_matched_2016_2020_climatology,B1,climatology,21.0,-0.4358819283403528,-0.6580076666683283,-0.2252795156577161,0.734999961796261,0.5692857157616388,20,20
state_matched_2016_2020_climatology,B1,climatology,30.0,-0.32540636204523504,-0.5083621662010435,-0.14431565798181117,0.7571666431427002,0.6121666703224182,20,20
state_matched_2016_2020_climatology,B1,climatology,45.0,-0.2149356820532579,-0.37531825182263706,-0.07514123151597725,0.7706666524542704,0.6531111182901594,20,20
state_matched_2016_2020_climatology,B1,climatology,60.0,-0.14912616312029386,-0.26538578456190054,-0.03183540891552144,0.7492083216210207,0.6500416815479597,20,20
state_matched_2016_2020_climatology,B1,climatology,90.0,-0.08786130163762505,-0.1998685011268961,0.022279834003135573,0.6991110970576603,0.6366388964785469,20,20
state_matched_2016_2020_climatology,B1,climatology,120.0,-0.11430972988133661,-0.20309773936255038,-0.02667318249360815,0.7055208216607571,0.6347083479265373,20,20
state_matched_2016_2020_climatology,B1,climatology,150.0,-0.139510256153376,-0.22504833883311487,-0.05427373426706695,0.7220666540861129,0.6356333491881688,20,20
state_matched_2016_2020_climatology,B1,climatology,180.0,-0.12632499534680736,-0.21275844492462234,-0.04088085960958008,0.7175138778818978,0.6349166857931349,20,20
state_matched_2016_2020_climatology,B1,climatology,240.0,-0.16499460688456394,-0.23725343846160524,-0.08810201484152097,0.7263229056199391,0.6206562680155039,20,20
state_matched_2016_2020_climatology,B1,climatology,365.0,-0.21765625191457838,-0.26428604254854415,-0.1685395377073762,0.7450753291828992,0.6130548113502867,20,20
state_matched_2016_2020_climatology,B1,donor_regression,1.0,-0.7803595671444808,-1.8329740960359362,0.2237131949616133,0.4175963923236819,0.5274999284744263,20,20
state_matched_2016_2020_climatology,B1,donor_regression,3.0,-0.3595597580949958,-0.9380181795243671,0.21191192559609168,0.45290204552429214,0.5366666197776796,20,20
state_matched_2016_2020_climatology,B1,donor_regression,7.0,-0.4970923070821991,-1.051005571937091,0.029340884644813495,0.47642096255883154,0.5428571326392038,20,20
state_matched_2016_2020_climatology,B1,donor_regression,10.0,-0.28621817700051205,-0.6992228365055094,0.10844841642340644,0.45601899949362606,0.5480000150203705,20,20
state_matched_2016_2020_climatology,B1,donor_regression,14.0,-0.38148682846935145,-0.8442401092560974,0.03900613792160561,0.4960362781834834,0.5467857142857142,20,20
state_matched_2016_2020_climatology,B1,donor_regression,21.0,-0.4338915127273447,-1.0276642728652408,0.021847693831403878,0.5256161099139192,0.5692857157616388,20,20
state_matched_2016_2020_climatology,B1,donor_regression,30.0,-0.2904274372907916,-0.8668295375758173,0.1373056512617663,0.5210180797193615,0.6121666703224182,20,20
state_matched_2016_2020_climatology,B1,donor_regression,45.0,-0.07045985281917717,-0.46763070805878026,0.23232000703147357,0.5125749739102932,0.6531111182901594,20,20
state_matched_2016_2020_climatology,B1,donor_regression,60.0,0.005709225584916456,-0.33145578778160756,0.24561491874270347,0.5093007227988468,0.6500416815479597,20,20
state_matched_2016_2020_climatology,B1,donor_regression,90.0,0.014059109752619675,-0.24243832124968212,0.21927075315912556,0.5237084833369952,0.6366388964785469,20,20
state_matched_2016_2020_climatology,B1,donor_regression,120.0,0.014052837264709194,-0.1802101654536915,0.19387995213237924,0.5360541041211053,0.6347083479265373,20,20
state_matched_2016_2020_climatology,B1,donor_regression,150.0,0.04723030355452746,-0.10484421101977333,0.18744441561245118,0.5396494926813797,0.6356333491881688,20,20
state_matched_2016_2020_climatology,B1,donor_regression,180.0,0.08863304628097683,-0.0517567600371641,0.21178419002247126,0.5335183336849623,0.6349166857931349,20,20
state_matched_2016_2020_climatology,B1,donor_regression,240.0,0.11904525674657467,0.03244302515903288,0.20082476262436766,0.5256070716081087,0.6206562680155039,20,20
state_matched_2016_2020_climatology,B1,donor_regression,365.0,0.1374413216182996,0.10628055686319166,0.17479983261061094,0.5198894878104233,0.6130548113502867,20,20
state_matched_2016_2020_climatology,B1,kalman,1.0,0.643512823349094,0.4675798570553054,0.781805168446421,0.12773350341583542,0.5274999284744263,20,20
state_matched_2016_2020_climatology,B1,kalman,3.0,0.5076843523095161,0.35131864457248013,0.6499022914999173,0.1867656460366362,0.5366666197776796,20,20
state_matched_2016_2020_climatology,B1,kalman,7.0,-0.05669421977138216,-0.3847466277198503,0.24049804668592778,0.3899554516928648,0.5428571326392038,20,20
state_matched_2016_2020_climatology,B1,kalman,10.0,0.02681716649024359,-0.19273462684243176,0.24146429653219806,0.43800976437882194,0.5480000150203705,20,20
state_matched_2016_2020_climatology,B1,kalman,14.0,0.04600443304254107,-0.11531902308839032,0.20007331838450615,0.45762355142356237,0.5467857142857142,20,20
state_matched_2016_2020_climatology,B1,kalman,21.0,-0.20479751480080827,-0.47991889280038036,0.02818209617310665,0.6002080399704196,0.5692857157616388,20,20
state_matched_2016_2020_climatology,B1,kalman,30.0,-0.18093772066459998,-0.35822493104448605,-0.01825464318579187,0.651777939540578,0.6121666703224182,20,20
state_matched_2016_2020_climatology,B1,kalman,45.0,-0.25083728628641955,-0.478338916487258,-0.0347777901989113,0.7356815221465499,0.6531111182901594,20,20
state_matched_2016_2020_climatology,B1,kalman,60.0,-0.44666281827980303,-0.7159888923660802,-0.20360962558128293,0.8858479462494895,0.6500416815479597,20,20
state_matched_2016_2020_climatology,B1,kalman,90.0,-0.6453436938227602,-1.0744152438049552,-0.2836881946999512,0.9714140760711855,0.6366388964785469,20,20
state_matched_2016_2020_climatology,B1,kalman,120.0,-0.9939205952347914,-1.3679976840542245,-0.6356023681549352,1.2014444496077006,0.6347083479265373,20,20
state_matched_2016_2020_climatology,B1,kalman,150.0,-0.8360824392622549,-1.1661562511060255,-0.5257324782551172,1.093790820990177,0.6356333491881688,20,20
state_matched_2016_2020_climatology,B1,kalman,180.0,-1.7083170392356302,-2.0458253055215327,-1.3866548398930596,1.6398644124683615,0.6349166857931349,20,20
state_matched_2016_2020_climatology,B1,kalman,240.0,-3.4643133428173876,-4.433251201656759,-2.571463525861918,2.6811177572978986,0.6206562680155039,20,20
state_matched_2016_2020_climatology,B1,kalman,365.0,-11.702363042124178,-13.87294916522552,-9.515780278666607,7.790174987187972,0.6130548113502867,20,20
state_matched_2016_2020_climatology,B1,linear,1.0,0.6439523455072431,0.4756138491072894,0.7943117318873782,0.1275000512599945,0.5274999284744263,20,20
state_matched_2016_2020_climatology,B1,linear,3.0,0.5056391150845819,0.3295514768577614,0.6615574518149494,0.18749993046124774,0.5366666197776796,20,20
state_matched_2016_2020_climatology,B1,linear,7.0,-0.055454153611593573,-0.37662100600717185,0.25623932532938226,0.3907143209661756,0.5428571326392038,20,20
state_matched_2016_2020_climatology,B1,linear,10.0,0.019915961054550624,-0.2183584269984288,0.22800113824568563,0.44159097747369247,0.5480000150203705,20,20
state_matched_2016_2020_climatology,B1,linear,14.0,0.0412261924184202,-0.11241993064341549,0.19888238273835773,0.46128574728965754,0.5467857142857142,20,20
state_matched_2016_2020_climatology,B1,linear,21.0,-0.1870371902919336,-0.43811643173424025,0.02947391565171734,0.6001839516740858,0.5692857157616388,20,20
state_matched_2016_2020_climatology,B1,linear,30.0,-0.14145039303894089,-0.31391679721196425,0.01764642980208089,0.6418601777925287,0.6121666703224182,20,20
state_matched_2016_2020_climatology,B1,linear,45.0,-0.25967876068503765,-0.5318803205253331,-0.0124135560377715,0.7250627849269029,0.6531111182901594,20,20
state_matched_2016_2020_climatology,B1,linear,60.0,-0.5372484562359043,-0.9141427748266906,-0.21480189551695425,0.9166461618106222,0.6500416815479597,20,20
state_matched_2016_2020_climatology,B1,linear,90.0,-1.1094446294242526,-1.7984776348096272,-0.5674457835638067,1.1626422161446097,0.6366388964785469,20,20
state_matched_2016_2020_climatology,B1,linear,120.0,-1.663858255165493,-2.4415712716947193,-1.0121483714395607,1.4787517350128039,0.6347083479265373,20,20
state_matched_2016_2020_climatology,B1,linear,150.0,-2.2350334583393248,-3.0789894751396636,-1.4851720443749603,1.805026970009667,0.6356333491881688,20,20
state_matched_2016_2020_climatology,B1,linear,180.0,-3.39479369389088,-4.277798841797977,-2.551119501210319,2.595689250011617,0.6349166857931349,20,20
state_matched_2016_2020_climatology,B1,linear,240.0,-6.0834077534650675,-7.138426808655213,-5.0471123699228375,4.313674485284944,0.6206562680155039,20,20
state_matched_2016_2020_climatology,B1,linear,365.0,-9.401816371046724,-10.20964574651134,-8.559976258434949,6.354026099762273,0.6130548113502867,20,20
state_matched_2016_2020_climatology,B1,pchip,1.0,0.6512629280908294,0.4767264739204541,0.7994239370629163,0.11830299904434267,0.5274999284744263,20,20
state_matched_2016_2020_climatology,B1,pchip,3.0,0.5629590073269184,0.4366966339285248,0.6854062036734812,0.161438101057993,0.5366666197776796,20,20
state_matched_2016_2020_climatology,B1,pchip,7.0,-0.11795427816935958,-0.4873691643240362,0.23902528493919456,0.41767246736049357,0.5428571326392038,20,20
state_matched_2016_2020_climatology,B1,pchip,10.0,-0.012410218670294671,-0.28466480384744525,0.24414256045249302,0.4233809248582963,0.5480000150203705,20,20
state_matched_2016_2020_climatology,B1,pchip,14.0,0.14046833402361797,-0.005183481360837018,0.29366050923047793,0.3906544315357793,0.5467857142857142,20,20
state_matched_2016_2020_climatology,B1,pchip,21.0,-0.3487068602425678,-0.6690790737397746,-0.06296162166106309,0.6540989077339292,0.5692857157616388,20,20
state_matched_2016_2020_climatology,B1,pchip,30.0,-0.20655971912735221,-0.3944382273226901,-0.022992184602637425,0.7008619581229183,0.6121666703224182,20,20
state_matched_2016_2020_climatology,B1,pchip,45.0,-0.6045582161612536,-1.1528496797930141,-0.16995093124008404,0.84866248498612,0.6531111182901594,20,20
state_matched_2016_2020_climatology,B1,pchip,60.0,-0.6378887883881034,-1.032885067469916,-0.2842778438297203,0.9895133913358457,0.6500416815479597,20,20
state_matched_2016_2020_climatology,B1,pchip,90.0,-1.4366199097481638,-2.189646075027577,-0.7780857814209952,1.3597517937903696,0.6366388964785469,20,20
state_matched_2016_2020_climatology,B1,pchip,120.0,-2.3229736138349253,-3.27356236214187,-1.4582682224560288,1.9057162905042382,0.6347083479265373,20,20
state_matched_2016_2020_climatology,B1,pchip,150.0,-1.6495232952294419,-2.401787940700978,-0.9990317772242252,1.4867324003849327,0.6356333491881688,20,20
state_matched_2016_2020_climatology,B1,pchip,180.0,-3.192331561777171,-4.1787788118631255,-2.162321041133517,2.4800409098736673,0.6349166857931349,20,20
state_matched_2016_2020_climatology,B1,pchip,240.0,-5.473036122260502,-6.493821795833812,-4.421723559820331,3.931406666701279,0.6206562680155039,20,20
state_matched_2016_2020_climatology,B1,pchip,365.0,-9.445025395465281,-10.342687950173808,-8.577036498332244,6.388200107187112,0.6130548113502867,20,20
state_matched_2016_2020_climatology,B1,random_forest,1.0,0.014161742618576315,-0.4245269188837591,0.414197365910211,0.3982686349768344,0.5274999284744263,20,20
state_matched_2016_2020_climatology,B1,random_forest,3.0,-0.03504364187080673,-0.4171060535366281,0.32274916099977,0.42906625765715506,0.5366666197776796,20,20
state_matched_2016_2020_climatology,B1,random_forest,7.0,-0.02511439676980093,-0.30423343152457827,0.24745555150766432,0.44152494004166165,0.5428571326392038,20,20
state_matched_2016_2020_climatology,B1,random_forest,10.0,0.09182104627407242,-0.08976030309146524,0.26937665965910834,0.4306379535283436,0.5480000150203705,20,20
state_matched_2016_2020_climatology,B1,random_forest,14.0,0.07473661729531988,-0.0852729566662401,0.2275201736736126,0.44821931210425453,0.5467857142857142,20,20
state_matched_2016_2020_climatology,B1,random_forest,21.0,0.0646520889101331,-0.07403362335261549,0.1984197460139208,0.46485729413327903,0.5692857157616388,20,20
state_matched_2016_2020_climatology,B1,random_forest,30.0,0.11285905692657879,-0.02596624686670533,0.2417690769246702,0.4724939308131605,0.6121666703224182,20,20
state_matched_2016_2020_climatology,B1,random_forest,45.0,0.1583206464554763,0.02561338484202616,0.2852833041580572,0.4841447741120503,0.6531111182901594,20,20
state_matched_2016_2020_climatology,B1,random_forest,60.0,0.21405990349019977,0.0949556800600183,0.3058759100188317,0.4757818786242637,0.6500416815479597,20,20
state_matched_2016_2020_climatology,B1,random_forest,90.0,0.20801703035934058,0.11400428496970788,0.2802437033338569,0.47939031669208265,0.6366388964785469,20,20
state_matched_2016_2020_climatology,B1,random_forest,120.0,0.17924941102261913,0.09958963419851906,0.2321559119788681,0.49397819069185295,0.6347083479265373,20,20
state_matched_2016_2020_climatology,B1,random_forest,150.0,0.16709983283966784,0.12092774400036573,0.21105820099934575,0.5046269403100052,0.6356333491881688,20,20
state_matched_2016_2020_climatology,B1,random_forest,180.0,0.1755741831520218,0.1261445998376237,0.2218531232011375,0.5061928915687719,0.6349166857931349,20,20
state_matched_2016_2020_climatology,B1,random_forest,240.0,0.1842005398452135,0.14545557256558508,0.21787655211298607,0.49734693939136393,0.6206562680155039,20,20
state_matched_2016_2020_climatology,B1,random_forest,365.0,0.16799310183642283,0.15067539763677235,0.18674123404354934,0.504916381297337,0.6130548113502867,20,20
state_matched_2016_2020_climatology,B1,xgboost,1.0,-0.4432653897026207,-1.1351656645321102,0.2762342667117857,0.472457492351532,0.5274999284744263,20,20
state_matched_2016_2020_climatology,B1,xgboost,3.0,-0.3222792466165089,-0.9272899308079787,0.24249117522124267,0.466568378607432,0.5366666197776796,20,20
state_matched_2016_2020_climatology,B1,xgboost,7.0,-0.2592050968561422,-0.6853517764971273,0.17613962359512342,0.4825623716626849,0.5428571326392038,20,20
state_matched_2016_2020_climatology,B1,xgboost,10.0,-0.0806733636463205,-0.36266148732205444,0.17174249136938288,0.4667639672756196,0.5480000150203705,20,20
state_matched_2016_2020_climatology,B1,xgboost,14.0,-0.0906510470072085,-0.31087220169754437,0.10218397914532347,0.4856873005628586,0.5467857142857142,20,20
state_matched_2016_2020_climatology,B1,xgboost,21.0,-0.10959099073904413,-0.33801309617432906,0.09227368455239156,0.511624259891964,0.5692857157616388,20,20
state_matched_2016_2020_climatology,B1,xgboost,30.0,-0.028488673721507252,-0.2379116148410179,0.14650013936856057,0.5167516944805781,0.6121666703224182,20,20
state_matched_2016_2020_climatology,B1,xgboost,45.0,0.04734740520189878,-0.1264448223594831,0.21621009316358203,0.5191964639557732,0.6531111182901594,20,20
state_matched_2016_2020_climatology,B1,xgboost,60.0,0.1335352689595101,-0.024951220684371767,0.2591959694100839,0.5047801627715428,0.6500416815479597,20,20
state_matched_2016_2020_climatology,B1,xgboost,90.0,0.1546742218361749,0.023134945295988987,0.2560810809345014,0.5022711904181374,0.6366388964785469,20,20
state_matched_2016_2020_climatology,B1,xgboost,120.0,0.12975195057338593,0.02406389433822141,0.20638449836362865,0.5150334133704503,0.6347083479265373,20,20
state_matched_2016_2020_climatology,B1,xgboost,150.0,0.13809763891861776,0.08121922072363479,0.1970008800853155,0.5194290493329367,0.6356333491881688,20,20
state_matched_2016_2020_climatology,B1,xgboost,180.0,0.15527234471244536,0.09660326482469797,0.20854594087130707,0.5175731349322531,0.6349166857931349,20,20
state_matched_2016_2020_climatology,B1,xgboost,240.0,0.15202086395836473,0.11141545967109738,0.19248159517433933,0.5172595148533582,0.6206562680155039,20,20
state_matched_2016_2020_climatology,B1,xgboost,365.0,0.14887449603870767,0.13184628467116372,0.1674196946821085,0.5171504175989595,0.6130548113502867,20,20
state_matched_2016_2020_climatology,P3,air_hydro,1.0,-0.9960201581863435,-2.2322391455789985,-0.06443553554141038,1.1804804144596723,1.2150000286102298,20,20
state_matched_2016_2020_climatology,P3,air_hydro,3.0,-0.9194083256244212,-2.003672545431025,-0.0788136529588559,1.1398018657579423,1.2283332633972168,20,20
state_matched_2016_2020_climatology,P3,air_hydro,7.0,-0.7631431693322164,-1.593813164032774,-0.10250577805116043,1.159336125724916,1.1864285496303013,20,20
state_matched_2016_2020_climatology,P3,air_hydro,10.0,-0.7318436327246854,-1.4804532769676781,-0.12923398670546402,1.180801792191193,1.155500023841858,20,20
state_matched_2016_2020_climatology,P3,air_hydro,14.0,-0.7954620497942562,-1.4993381507572205,-0.18742343809682588,1.1989961349201956,1.1192857388087682,20,20
state_matched_2016_2020_climatology,P3,air_hydro,21.0,-0.9551295089414694,-1.7103047868186398,-0.3423541238196125,1.2458430842196402,1.0840476585569834,20,20
state_matched_2016_2020_climatology,P3,air_hydro,30.0,-0.9527523673961769,-1.4968419374748052,-0.44390386860657427,1.2640502038937362,1.0378333886464437,20,20
state_matched_2016_2020_climatology,P3,air_hydro,45.0,-0.9304691092302411,-1.469361556058499,-0.4655049595566102,1.262914102324857,0.9904445046318902,20,20
state_matched_2016_2020_climatology,P3,air_hydro,60.0,-0.925146243116895,-1.4036639344449449,-0.5045985224928818,1.27935853983707,0.9518333791097005,20,20
state_matched_2016_2020_climatology,P3,air_hydro,90.0,-0.8647808021108178,-1.196031930894765,-0.5457193932742689,1.2535970799821188,0.8953333751890394,20,20
state_matched_2016_2020_climatology,P3,air_hydro,120.0,-0.8787083062413693,-1.2840246010220537,-0.550491641804062,1.2310430723874553,0.8699583775997164,20,20
state_matched_2016_2020_climatology,P3,air_hydro,150.0,-0.855122980946738,-1.160014202383009,-0.5981594051476857,1.2319091948227479,0.8334000413894653,20,20
state_matched_2016_2020_climatology,P3,air_hydro,180.0,-0.8861989618422378,-1.10888941027007,-0.6880541560975996,1.240460703068272,0.798583374818166,20,20
state_matched_2016_2020_climatology,P3,air_hydro,240.0,-0.9040651976255027,-1.0547239981393173,-0.7516924390980562,1.2698058487323298,0.7720833812554677,20,20
state_matched_2016_2020_climatology,P3,air_hydro,365.0,-1.090808227899824,-1.2840022751946998,-0.8933446768285804,1.3661958740422184,0.7235205890185213,20,20
state_matched_2016_2020_climatology,P3,air_only,1.0,-0.6112467219654102,-1.443743016693105,0.09400393969376934,1.0845627589345521,1.2150000286102298,20,20
state_matched_2016_2020_climatology,P3,air_only,3.0,-0.6425214845308105,-1.3806103952532216,-0.01218129803198864,1.087680184115105,1.2283332633972168,20,20
state_matched_2016_2020_climatology,P3,air_only,7.0,-0.5819916102454383,-1.1689617751425379,-0.045240518724839786,1.0989062504670675,1.1864285496303013,20,20
state_matched_2016_2020_climatology,P3,air_only,10.0,-0.5839013780246408,-1.1301927938567728,-0.10869518370816662,1.1148604349184361,1.155500023841858,20,20
state_matched_2016_2020_climatology,P3,air_only,14.0,-0.6704222356184165,-1.175118837560644,-0.1932156291799656,1.133069035186931,1.1192857388087682,20,20
state_matched_2016_2020_climatology,P3,air_only,21.0,-0.7830020143690811,-1.2806392588221849,-0.31018043374469606,1.1415160546727514,1.0840476585569834,20,20
state_matched_2016_2020_climatology,P3,air_only,30.0,-0.8203987389393779,-1.247904468686297,-0.42113368036294485,1.140807691081942,1.0378333886464437,20,20
state_matched_2016_2020_climatology,P3,air_only,45.0,-0.784179492326752,-1.211024087758343,-0.4264460453205754,1.151376738415706,0.9904445046318902,20,20
state_matched_2016_2020_climatology,P3,air_only,60.0,-0.7630707347467377,-1.1490646616370332,-0.40663080721016687,1.158610585389313,0.9518333791097005,20,20
state_matched_2016_2020_climatology,P3,air_only,90.0,-0.6929135873219826,-0.9511395880561458,-0.45066495746317964,1.1285376285581525,0.8953333751890394,20,20
state_matched_2016_2020_climatology,P3,air_only,120.0,-0.6946657189358683,-0.9723244177362784,-0.4437485058052077,1.1001694136271734,0.8699583775997164,20,20
state_matched_2016_2020_climatology,P3,air_only,150.0,-0.6797129899276735,-0.8919192687788973,-0.4729188654166819,1.0905493515596496,0.8334000413894653,20,20
state_matched_2016_2020_climatology,P3,air_only,180.0,-0.701414092843114,-0.8604490557360485,-0.5355412263971124,1.090287516801531,0.798583374818166,20,20
state_matched_2016_2020_climatology,P3,air_only,240.0,-0.6984265010463436,-0.8164271841110943,-0.5713221715208449,1.1111576567385308,0.7720833812554677,20,20
state_matched_2016_2020_climatology,P3,air_only,365.0,-0.8930049678559637,-1.079538166521972,-0.6970398555511953,1.2203644014636574,0.7235205890185213,20,20
state_matched_2016_2020_climatology,P3,climatology,1.0,-0.7454633758229152,-1.6695269227862686,0.021429024239545475,1.2924999475479126,1.2150000286102298,20,20
state_matched_2016_2020_climatology,P3,climatology,3.0,-0.6989228954974258,-1.3965777115751985,-0.08063645156106848,1.2799999634424846,1.2283332633972168,20,20
state_matched_2016_2020_climatology,P3,climatology,7.0,-0.6285340877682968,-1.2660062457260763,-0.07241815957901428,1.2860714537756783,1.1864285496303013,20,20
state_matched_2016_2020_climatology,P3,climatology,10.0,-0.5977341424976617,-1.1122129817525441,-0.11888129445356539,1.2932500410079957,1.155500023841858,20,20
state_matched_2016_2020_climatology,P3,climatology,14.0,-0.6681254108121243,-1.171173546243108,-0.20568289522701821,1.3025000061307634,1.1192857388087682,20,20
state_matched_2016_2020_climatology,P3,climatology,21.0,-0.7529338088015584,-1.212629381942242,-0.31658095131837144,1.3078571319580077,1.0840476585569834,20,20
state_matched_2016_2020_climatology,P3,climatology,30.0,-0.8310169141522519,-1.2402373853798188,-0.407226068686885,1.306166684627533,1.0378333886464437,20,20
state_matched_2016_2020_climatology,P3,climatology,45.0,-0.8228928774077795,-1.2576895634352385,-0.4558168496933156,1.3131666564941407,0.9904445046318902,20,20
state_matched_2016_2020_climatology,P3,climatology,60.0,-0.8439484618495836,-1.2467869625648285,-0.4778416169662362,1.32858332157135,0.9518333791097005,20,20
state_matched_2016_2020_climatology,P3,climatology,90.0,-0.7874783053875392,-1.0662702592211142,-0.523367822526433,1.2955555327733355,0.8953333751890394,20,20
state_matched_2016_2020_climatology,P3,climatology,120.0,-0.7925702230221722,-1.0554669722301195,-0.5438508326841858,1.2506041512886683,0.8699583775997164,20,20
state_matched_2016_2020_climatology,P3,climatology,150.0,-0.7706496733280482,-0.9827806992639867,-0.5655066054554433,1.2288666542371114,0.8334000413894653,20,20
state_matched_2016_2020_climatology,P3,climatology,180.0,-0.7999353206191172,-0.9678401639033096,-0.6346969491316251,1.2178888705041675,0.798583374818166,20,20
state_matched_2016_2020_climatology,P3,climatology,240.0,-0.8293043178169766,-0.9631886608240274,-0.6953748705930497,1.2355104019244514,0.7720833812554677,20,20
state_matched_2016_2020_climatology,P3,climatology,365.0,-1.080332084835369,-1.272646963574566,-0.8883736956842437,1.3474931415139813,0.7235205890185213,20,20
state_matched_2016_2020_climatology,P3,donor_regression,1.0,-0.7467689479917976,-1.81493827575559,-0.019275768576530797,1.2142916940335646,1.2150000286102298,20,20
state_matched_2016_2020_climatology,P3,donor_regression,3.0,-1.0390662997526268,-2.1383083879465636,-0.1732264954642109,1.2036948038181716,1.2283332633972168,20,20
state_matched_2016_2020_climatology,P3,donor_regression,7.0,-0.724208057991958,-1.4932655347253303,-0.06913398002724273,1.1652388527525808,1.1864285496303013,20,20
state_matched_2016_2020_climatology,P3,donor_regression,10.0,-0.6361749289681373,-1.290694459504926,-0.0667618512915563,1.1508727057159207,1.155500023841858,20,20
state_matched_2016_2020_climatology,P3,donor_regression,14.0,-0.661339445767805,-1.2768770842860822,-0.1087981311841441,1.145245161905506,1.1192857388087682,20,20
state_matched_2016_2020_climatology,P3,donor_regression,21.0,-0.6459241675947611,-1.180890735952511,-0.1644836239338222,1.1129327812682452,1.0840476585569834,20,20
state_matched_2016_2020_climatology,P3,donor_regression,30.0,-0.5974985718534239,-1.0325747977655784,-0.20012373943558537,1.0964701730897064,1.0378333886464437,20,20
state_matched_2016_2020_climatology,P3,donor_regression,45.0,-0.5749055183543403,-1.0636417264564315,-0.1900585205346103,1.092071068839863,0.9904445046318902,20,20
state_matched_2016_2020_climatology,P3,donor_regression,60.0,-0.5792572100810522,-1.028312939594991,-0.19925009748939543,1.1095564141240288,0.9518333791097005,20,20
state_matched_2016_2020_climatology,P3,donor_regression,90.0,-0.5451339927390723,-0.825968300654056,-0.28556541399926466,1.1042473560046748,0.8953333751890394,20,20
state_matched_2016_2020_climatology,P3,donor_regression,120.0,-0.5668766654589739,-0.8386667881651452,-0.32173853738521424,1.0885710498296954,0.8699583775997164,20,20
state_matched_2016_2020_climatology,P3,donor_regression,150.0,-0.5808971607586675,-0.8093244013492512,-0.3522452322197244,1.0837145358730935,0.8334000413894653,20,20
state_matched_2016_2020_climatology,P3,donor_regression,180.0,-0.6263540257522737,-0.8132125498975369,-0.4501811561419524,1.087595368388214,0.798583374818166,20,20
state_matched_2016_2020_climatology,P3,donor_regression,240.0,-0.628334206871346,-0.7362426477534056,-0.5103566515619244,1.1024671008053966,0.7720833812554677,20,20
state_matched_2016_2020_climatology,P3,donor_regression,365.0,-0.8208511792972176,-0.992290663548852,-0.6588230894199071,1.196638692560128,0.7235205890185213,20,20
state_matched_2016_2020_climatology,P3,kalman,1.0,0.9144975311197867,0.8724252669354486,0.9519136981727483,0.05756553853907196,1.2150000286102298,20,20
state_matched_2016_2020_climatology,P3,kalman,3.0,0.8045591756295897,0.7379262497703336,0.8717613290698184,0.13681855982988567,1.2283332633972168,20,20
state_matched_2016_2020_climatology,P3,kalman,7.0,0.6996678137813767,0.5043668701253069,0.8567823173609894,0.164117926640329,1.1864285496303013,20,20
state_matched_2016_2020_climatology,P3,kalman,10.0,0.6786355647289988,0.5137845248183761,0.8093807111894233,0.18901657413025336,1.155500023841858,20,20
state_matched_2016_2020_climatology,P3,kalman,14.0,0.5973896354690177,0.41474125305775333,0.7417645768115082,0.22279713715643545,1.1192857388087682,20,20
state_matched_2016_2020_climatology,P3,kalman,21.0,0.5025189931688996,0.35289536587555076,0.6403051267874299,0.28416080761095885,1.0840476585569834,20,20
state_matched_2016_2020_climatology,P3,kalman,30.0,0.30286260604853243,0.062277405368553786,0.533549033703363,0.3643764757577438,1.0378333886464437,20,20
state_matched_2016_2020_climatology,P3,kalman,45.0,0.3387086968512961,0.14269830194210775,0.49967031363824643,0.3862469367279244,0.9904445046318902,20,20
state_matched_2016_2020_climatology,P3,kalman,60.0,0.2090780130754762,-0.0883230729171934,0.43706893064426167,0.4363518243833745,0.9518333791097005,20,20
state_matched_2016_2020_climatology,P3,kalman,90.0,0.0950642812349899,-0.29842472232869727,0.36817955754586573,0.48016754285477947,0.8953333751890394,20,20
state_matched_2016_2020_climatology,P3,kalman,120.0,-0.12481162398333141,-0.4496501294243188,0.14474780333996848,0.6831976065236482,0.8699583775997164,20,20
state_matched_2016_2020_climatology,P3,kalman,150.0,-0.5266709303763474,-0.997533244446795,-0.17834051938566006,0.9162874435267391,0.8334000413894653,20,20
state_matched_2016_2020_climatology,P3,kalman,180.0,-0.9608342376985239,-1.6537987041691946,-0.44327090848978545,1.1193746332268033,0.798583374818166,20,20
state_matched_2016_2020_climatology,P3,kalman,240.0,-1.524269102656784,-2.303088774020819,-0.8478603691418881,1.7104493204314128,0.7720833812554677,20,20
state_matched_2016_2020_climatology,P3,kalman,365.0,-5.782244367512475,-7.094861127198439,-4.5138635692450695,4.740034668765469,0.7235205890185213,20,20
state_matched_2016_2020_climatology,P3,linear,1.0,0.9145956464924764,0.8744956240528147,0.9521546514634855,0.05750010013580322,1.2150000286102298,20,20
state_matched_2016_2020_climatology,P3,linear,3.0,0.8046652586028566,0.7272336872242473,0.8692445724251893,0.1366666316986084,1.2283332633972168,20,20
state_matched_2016_2020_climatology,P3,linear,7.0,0.6998286148520076,0.5031655100418011,0.8508515194425291,0.165357209954943,1.1864285496303013,20,20
state_matched_2016_2020_climatology,P3,linear,10.0,0.6728456715832705,0.5079303662493126,0.8158109873014652,0.19199991486289286,1.155500023841858,20,20
state_matched_2016_2020_climatology,P3,linear,14.0,0.6060881136465838,0.4538879517828039,0.74331210506552,0.22395233676547094,1.1192857388087682,20,20
state_matched_2016_2020_climatology,P3,linear,21.0,0.48600733524005013,0.31707711580554515,0.6392636018552109,0.2883766786360637,1.0840476585569834,20,20
state_matched_2016_2020_climatology,P3,linear,30.0,0.3140100018142692,0.07309287706363166,0.5174198182835918,0.3684031938737439,1.0378333886464437,20,20
state_matched_2016_2020_climatology,P3,linear,45.0,0.2966797461744999,0.08879452044854785,0.46096680149172775,0.4261111225137387,0.9904445046318902,20,20
state_matched_2016_2020_climatology,P3,linear,60.0,0.07273385003059939,-0.3307399865247278,0.3683141574144832,0.521509550725176,0.9518333791097005,20,20
state_matched_2016_2020_climatology,P3,linear,90.0,-0.2374412715461886,-0.8562432447327618,0.20749046370874596,0.6702197472603766,0.8953333751890394,20,20
state_matched_2016_2020_climatology,P3,linear,120.0,-0.8642404289161136,-1.4948401618053517,-0.3641395435780419,1.0977428240913993,0.8699583775997164,20,20
state_matched_2016_2020_climatology,P3,linear,150.0,-1.6827072202091737,-2.710423162101423,-0.8969207038469846,1.5583672540635198,0.8334000413894653,20,20
state_matched_2016_2020_climatology,P3,linear,180.0,-2.179444862107382,-3.148773212179519,-1.3328362342149107,1.9027816532798307,0.798583374818166,20,20
state_matched_2016_2020_climatology,P3,linear,240.0,-2.8160089756268034,-3.7130640236980557,-2.056053565207001,2.6177192909588953,0.7720833812554677,20,20
state_matched_2016_2020_climatology,P3,linear,365.0,-4.516745332897754,-4.928136465424418,-4.102800017790489,3.849134264371738,0.7235205890185213,20,20
state_matched_2016_2020_climatology,P3,pchip,1.0,0.9331215738965714,0.8900142562465205,0.9632305706016633,0.05311899173306252,1.2150000286102298,20,20
state_matched_2016_2020_climatology,P3,pchip,3.0,0.7878838145935798,0.6790848649438987,0.8825437581450734,0.13609942200585107,1.2283332633972168,20,20
state_matched_2016_2020_climatology,P3,pchip,7.0,0.6688655411395097,0.46947165910244154,0.836637711811948,0.17182250600364604,1.1864285496303013,20,20
state_matched_2016_2020_climatology,P3,pchip,10.0,0.6496724950244832,0.46228074091579147,0.8052276980239454,0.1943408378844281,1.155500023841858,20,20
state_matched_2016_2020_climatology,P3,pchip,14.0,0.6460069177931034,0.5120031004225588,0.7627989703672354,0.21952894364656594,1.1192857388087682,20,20
state_matched_2016_2020_climatology,P3,pchip,21.0,0.3661084075526194,0.03950085739334133,0.6072951289199555,0.33906086381006395,1.0840476585569834,20,20
state_matched_2016_2020_climatology,P3,pchip,30.0,0.2398849786926859,-0.013363977514424249,0.4760464231646704,0.40110135420864407,1.0378333886464437,20,20
state_matched_2016_2020_climatology,P3,pchip,45.0,0.21197543885133702,-0.027047195419140115,0.4324243174678276,0.4438515611489434,0.9904445046318902,20,20
state_matched_2016_2020_climatology,P3,pchip,60.0,-0.034160036447972886,-0.5262753542437099,0.36189133364614834,0.5042322204367297,0.9518333791097005,20,20
state_matched_2016_2020_climatology,P3,pchip,90.0,-0.309276216913998,-0.7705656174081824,0.11572236701534706,0.656292545768675,0.8953333751890394,20,20
state_matched_2016_2020_climatology,P3,pchip,120.0,-0.9723895478356832,-1.4823872348104166,-0.45974345687261114,1.1132365161482372,0.8699583775997164,20,20
state_matched_2016_2020_climatology,P3,pchip,150.0,-1.1293377344760762,-1.9578042755004392,-0.43823381119813204,1.2480600254350354,0.8334000413894653,20,20
state_matched_2016_2020_climatology,P3,pchip,180.0,-1.7728903969533398,-2.771461461009352,-0.8868326911551555,1.6067608074839554,0.798583374818166,20,20
state_matched_2016_2020_climatology,P3,pchip,240.0,-2.7732808447768447,-3.6711625640922536,-1.9335172925823259,2.5643311646000453,0.7720833812554677,20,20
state_matched_2016_2020_climatology,P3,pchip,365.0,-4.521096659613636,-4.990391509915412,-4.013721510207982,3.8449334135252102,0.7235205890185213,20,20
state_matched_2016_2020_climatology,P3,random_forest,1.0,-0.6280371894633546,-1.7451651405216912,0.17703610694632596,1.1701496753156189,1.2150000286102298,20,20
state_matched_2016_2020_climatology,P3,random_forest,3.0,-0.7431082187782638,-1.7072126629122117,0.04892364500455825,1.0713963547513712,1.2283332633972168,20,20
state_matched_2016_2020_climatology,P3,random_forest,7.0,-0.5737961799116803,-1.2866112958005709,0.05947212918006261,1.0507424049220275,1.1864285496303013,20,20
state_matched_2016_2020_climatology,P3,random_forest,10.0,-0.5237083443340029,-1.1569295049877397,0.036866245702649035,1.041633565562774,1.155500023841858,20,20
state_matched_2016_2020_climatology,P3,random_forest,14.0,-0.5727232173814248,-1.1629427446439677,-0.05901544204120849,1.0866065746998181,1.1192857388087682,20,20
state_matched_2016_2020_climatology,P3,random_forest,21.0,-0.6773104372268172,-1.2961543340281048,-0.1484878858487148,1.1085047990458095,1.0840476585569834,20,20
state_matched_2016_2020_climatology,P3,random_forest,30.0,-0.6103090555711765,-1.051421550234138,-0.19625714707623235,1.0740478451671878,1.0378333886464437,20,20
state_matched_2016_2020_climatology,P3,random_forest,45.0,-0.5754989912424889,-0.963420799935153,-0.22267786518141422,1.0599918160271689,0.9904445046318902,20,20
state_matched_2016_2020_climatology,P3,random_forest,60.0,-0.5767122732007488,-0.9430556968855672,-0.24620819838245195,1.0825419445777928,0.9518333791097005,20,20
state_matched_2016_2020_climatology,P3,random_forest,90.0,-0.5452810813462026,-0.8267898848132131,-0.2799994367722016,1.065001126605123,0.8953333751890394,20,20
state_matched_2016_2020_climatology,P3,random_forest,120.0,-0.5820445855407054,-0.8787693586750679,-0.3086703844698969,1.050379295588884,0.8699583775997164,20,20
state_matched_2016_2020_climatology,P3,random_forest,150.0,-0.5445534852858793,-0.7793544697250103,-0.32283458882503874,1.0361917487458556,0.8334000413894653,20,20
state_matched_2016_2020_climatology,P3,random_forest,180.0,-0.5697592081675953,-0.746315827903798,-0.4068297952914582,1.0385579899437483,0.798583374818166,20,20
state_matched_2016_2020_climatology,P3,random_forest,240.0,-0.5813873807982815,-0.6851101338299096,-0.4783081449102978,1.0724358485401435,0.7720833812554677,20,20
state_matched_2016_2020_climatology,P3,random_forest,365.0,-0.7401287243712598,-0.88799523152415,-0.5846386791231266,1.1574274116059464,0.7235205890185213,20,20
state_matched_2016_2020_climatology,P3,xgboost,1.0,-0.6769713024511446,-1.972233658795995,0.27373978743956107,1.1082883834838868,1.2150000286102298,20,20
state_matched_2016_2020_climatology,P3,xgboost,3.0,-0.5590138343725839,-1.4664799899559111,0.19544640697148613,0.9673905372619627,1.2283332633972168,20,20
state_matched_2016_2020_climatology,P3,xgboost,7.0,-0.45612156548603877,-1.2320619333998206,0.18544477304106055,0.9337881973811559,1.1864285496303013,20,20
state_matched_2016_2020_climatology,P3,xgboost,10.0,-0.46142369091047836,-1.1462537580507188,0.12353163679208899,0.9353900957107545,1.155500023841858,20,20
state_matched_2016_2020_climatology,P3,xgboost,14.0,-0.4723974015068504,-1.1389795780993082,0.07498423664022699,0.9565642697470528,1.1192857388087682,20,20
state_matched_2016_2020_climatology,P3,xgboost,21.0,-0.5035296376172972,-1.0977319669064827,0.04191910531401065,0.9713831810724167,1.0840476585569834,20,20
state_matched_2016_2020_climatology,P3,xgboost,30.0,-0.4387633998569025,-0.9035492759048852,-0.0301294116672866,0.955218276977539,1.0378333886464437,20,20
state_matched_2016_2020_climatology,P3,xgboost,45.0,-0.41802821962350817,-0.8773502735339119,-0.02758474745238265,0.9375801467895508,0.9904445046318902,20,20
state_matched_2016_2020_climatology,P3,xgboost,60.0,-0.39752828681614216,-0.7841265639388905,-0.057338088379206564,0.9495117513338724,0.9518333791097005,20,20
state_matched_2016_2020_climatology,P3,xgboost,90.0,-0.38466280804689845,-0.6807761931179055,-0.10110507055937372,0.9374793084462484,0.8953333751890394,20,20
state_matched_2016_2020_climatology,P3,xgboost,120.0,-0.41275107587985466,-0.7195644403996415,-0.13789679266738422,0.9188063176472981,0.8699583775997164,20,20
state_matched_2016_2020_climatology,P3,xgboost,150.0,-0.3807537559249997,-0.6279578595491433,-0.16697454672728282,0.9129704411824544,0.8334000413894653,20,20
state_matched_2016_2020_climatology,P3,xgboost,180.0,-0.40582147607625163,-0.5790514076878767,-0.24396359615566024,0.9182780493630303,0.798583374818166,20,20
state_matched_2016_2020_climatology,P3,xgboost,240.0,-0.42631614026103,-0.538889031966492,-0.3169371326954141,0.9611064499616621,0.7720833812554677,20,20
state_matched_2016_2020_climatology,P3,xgboost,365.0,-0.5883876364998011,-0.7285480685705729,-0.4335777902126279,1.0513433951547702,0.7235205890185213,20,20
state_matched_2016_2020_climatology,S2,air_hydro,1.0,-0.6761976287416154,-1.3738073512485642,-0.029090655546812613,0.7915091477498208,0.7050000476837159,20,20
state_matched_2016_2020_climatology,S2,air_hydro,3.0,-0.43203797341956846,-0.943270978063407,0.06791766167018674,0.7751742515318774,0.7033333953221639,20,20
state_matched_2016_2020_climatology,S2,air_hydro,7.0,-0.4312665663282208,-0.9244659627622475,0.011352830898033872,0.7367588802102061,0.71535719871521,20,20
state_matched_2016_2020_climatology,S2,air_hydro,10.0,-0.23964791323896345,-0.6236340834596412,0.1072419978855869,0.6986349390799478,0.7305000300407409,20,20
state_matched_2016_2020_climatology,S2,air_hydro,14.0,-0.05466649312244658,-0.29503049669336856,0.16230546287264863,0.6541123860143736,0.7387500408717564,20,20
state_matched_2016_2020_climatology,S2,air_hydro,21.0,0.06086021189965585,-0.08244550107122782,0.19000978544693492,0.6202080873918916,0.7585714567275275,20,20
state_matched_2016_2020_climatology,S2,air_hydro,30.0,0.12979098382808948,0.05976645594609568,0.1892100733679707,0.5862095684035795,0.7474166868527731,20,20
state_matched_2016_2020_climatology,S2,air_hydro,45.0,0.10424353939053528,0.05959473151257153,0.14951709398861682,0.6249658980301851,0.7225000086890325,20,20
state_matched_2016_2020_climatology,S2,air_hydro,60.0,0.09271193574620576,0.042253811310330534,0.14358132678289187,0.6365049565706719,0.7158333411216736,20,20
state_matched_2016_2020_climatology,S2,air_hydro,90.0,0.03191252525382744,-0.029729480005120473,0.09414574184616595,0.6341875421911599,0.6714444564183553,20,20
state_matched_2016_2020_climatology,S2,air_hydro,120.0,0.009910533620639633,-0.06700593327590604,0.08472048083222215,0.6104371589898722,0.6410833535194397,20,20
state_matched_2016_2020_climatology,S2,air_hydro,150.0,0.022406024530885554,-0.04665187284039508,0.08748208949658172,0.5912063477618159,0.6244666898727418,20,20
state_matched_2016_2020_climatology,S2,air_hydro,180.0,0.010578301167619004,-0.05830753782528633,0.07296030626964091,0.5935843252478297,0.6149861311117807,20,20
state_matched_2016_2020_climatology,S2,air_hydro,240.0,0.019595496207390834,-0.029179443099716894,0.0723986949940662,0.6039475752854886,0.6246041848063469,20,20
state_matched_2016_2020_climatology,S2,air_hydro,365.0,-0.0008880964657560053,-0.02154051199060167,0.02035347243992683,0.623291730948059,0.626301386428206,20,20
state_matched_2016_2020_climatology,S2,air_only,1.0,-0.5351912220068674,-1.0358644007496303,-0.12211656193370488,0.7960985138779046,0.7050000476837159,20,20
state_matched_2016_2020_climatology,S2,air_only,3.0,-0.31962804774351083,-0.6060926872372814,-0.041843081710417375,0.7822441149250242,0.7033333953221639,20,20
state_matched_2016_2020_climatology,S2,air_only,7.0,-0.26872650557951683,-0.5160916014483848,-0.040833016038185684,0.7577889344232591,0.71535719871521,20,20
state_matched_2016_2020_climatology,S2,air_only,10.0,-0.16298440220902854,-0.3581019930746154,0.030915671811569425,0.7341590839131413,0.7305000300407409,20,20
state_matched_2016_2020_climatology,S2,air_only,14.0,-0.06583877423272286,-0.226958534665873,0.09891397684686491,0.7119889895632165,0.7387500408717564,20,20
state_matched_2016_2020_climatology,S2,air_only,21.0,-0.005772933679819181,-0.13061464883313229,0.10001819635695093,0.6920060398190847,0.7585714567275275,20,20
state_matched_2016_2020_climatology,S2,air_only,30.0,0.05620444308152369,-0.02562070472940518,0.1357414090168299,0.6544742391882435,0.7474166868527731,20,20
state_matched_2016_2020_climatology,S2,air_only,45.0,0.05284896926881215,-0.010486287551242621,0.11204800778273476,0.6586009922785376,0.7225000086890325,20,20
state_matched_2016_2020_climatology,S2,air_only,60.0,0.030333082138404206,-0.03545917160877673,0.08812813267472011,0.6740948023699059,0.7158333411216736,20,20
state_matched_2016_2020_climatology,S2,air_only,90.0,-0.013567219025941624,-0.0828387802558379,0.0517549962341811,0.6547423403438879,0.6714444564183553,20,20
state_matched_2016_2020_climatology,S2,air_only,120.0,-0.0318267251572193,-0.09549564303884284,0.028363222537208268,0.6367841601250459,0.6410833535194397,20,20
state_matched_2016_2020_climatology,S2,air_only,150.0,-0.02045398679166751,-0.0725462771108834,0.029620447628506873,0.6220596726169629,0.6244666898727418,20,20
state_matched_2016_2020_climatology,S2,air_only,180.0,-0.033085872707972794,-0.09144512066834701,0.021055723715739598,0.6206076192024297,0.6149861311117807,20,20
state_matched_2016_2020_climatology,S2,air_only,240.0,-0.031232307868093334,-0.07091341607495025,0.007668118952842944,0.6352382562183957,0.6246041848063469,20,20
state_matched_2016_2020_climatology,S2,air_only,365.0,-0.04319212362714874,-0.060639675568645635,-0.025727083593817417,0.6504755502005601,0.626301386428206,20,20
state_matched_2016_2020_climatology,S2,climatology,1.0,-0.16578194330722865,-0.5554570522368935,0.1602605553740714,0.700000011920929,0.7050000476837159,20,20
state_matched_2016_2020_climatology,S2,climatology,3.0,-0.12262130680004424,-0.3577365091455077,0.1021539300173448,0.6958333770434062,0.7033333953221639,20,20
state_matched_2016_2020_climatology,S2,climatology,7.0,-0.11432852205536104,-0.3239945166689983,0.0939943967259969,0.6935714704649789,0.71535719871521,20,20
state_matched_2016_2020_climatology,S2,climatology,10.0,-0.10783917659434902,-0.3087893218418385,0.09364074016942049,0.6955000388622284,0.7305000300407409,20,20
state_matched_2016_2020_climatology,S2,climatology,14.0,-0.0836147158135079,-0.2584119289209012,0.09062642931602106,0.7012500337191991,0.7387500408717564,20,20
state_matched_2016_2020_climatology,S2,climatology,21.0,-0.05378458126483245,-0.17097982174840745,0.06686210701322161,0.7041666706403096,0.7585714567275275,20,20
state_matched_2016_2020_climatology,S2,climatology,30.0,-0.006519989480774935,-0.09091130020335345,0.07130022998732288,0.6738333268960316,0.7474166868527731,20,20
state_matched_2016_2020_climatology,S2,climatology,45.0,0.003947491047777102,-0.04087327389705147,0.05017359250686588,0.6681111065546672,0.7225000086890325,20,20
state_matched_2016_2020_climatology,S2,climatology,60.0,-0.0077346876768819624,-0.06567016028601431,0.05013979373735222,0.6838749907414119,0.7158333411216736,20,20
state_matched_2016_2020_climatology,S2,climatology,90.0,-0.05963481991513708,-0.14326459010281614,0.01180194649814234,0.6735277616977692,0.6714444564183553,20,20
state_matched_2016_2020_climatology,S2,climatology,120.0,-0.08929865073131915,-0.16634706560841872,-0.01496257877250757,0.6641874947150548,0.6410833535194397,20,20
state_matched_2016_2020_climatology,S2,climatology,150.0,-0.07355483525859367,-0.13809464229565094,-0.008800786370327107,0.6481499947706857,0.6244666898727418,20,20
state_matched_2016_2020_climatology,S2,climatology,180.0,-0.09324433962605433,-0.16528948945624558,-0.02586332989722001,0.6510416666666667,0.6149861311117807,20,20
state_matched_2016_2020_climatology,S2,climatology,240.0,-0.09868892292893132,-0.15693239746095083,-0.0395580039396519,0.671864584883054,0.6246041848063469,20,20
state_matched_2016_2020_climatology,S2,climatology,365.0,-0.10438459342866546,-0.13070094277918803,-0.07733488896611801,0.6866986261002005,0.626301386428206,20,20
state_matched_2016_2020_climatology,S2,donor_regression,1.0,0.19761939413007104,-0.028506758574057926,0.4074975876611178,0.5742296033718892,0.7050000476837159,20,20
state_matched_2016_2020_climatology,S2,donor_regression,3.0,0.12068164140294171,-0.10289886069820486,0.32066347924989524,0.5828903333520234,0.7033333953221639,20,20
state_matched_2016_2020_climatology,S2,donor_regression,7.0,0.12823842423102738,-0.055371228014025844,0.29361629046712906,0.5697209439511117,0.71535719871521,20,20
state_matched_2016_2020_climatology,S2,donor_regression,10.0,0.14186922686549328,-0.011484766870268075,0.277940014613583,0.5760216395862182,0.7305000300407409,20,20
state_matched_2016_2020_climatology,S2,donor_regression,14.0,0.13973662371100715,-0.00039147669619622467,0.2706292142358614,0.5785319844124897,0.7387500408717564,20,20
state_matched_2016_2020_climatology,S2,donor_regression,21.0,0.16872939141426033,0.03234764934458181,0.2917454822062007,0.5603472658188889,0.7585714567275275,20,20
state_matched_2016_2020_climatology,S2,donor_regression,30.0,0.19488934359201293,0.06804632607004729,0.31620568154154677,0.5393926863965509,0.7474166868527731,20,20
state_matched_2016_2020_climatology,S2,donor_regression,45.0,0.2092081496718124,0.10307714249343752,0.30524464336742546,0.5479588509890022,0.7225000086890325,20,20
state_matched_2016_2020_climatology,S2,donor_regression,60.0,0.20680464881137758,0.11379567354720833,0.3000927381778184,0.5502607356868267,0.7158333411216736,20,20
state_matched_2016_2020_climatology,S2,donor_regression,90.0,0.1472858122532709,0.07059705517141059,0.22830664938266498,0.5521599732193605,0.6714444564183553,20,20
state_matched_2016_2020_climatology,S2,donor_regression,120.0,0.11369396116670913,0.045912261084922294,0.19612221120098702,0.5505830903233064,0.6410833535194397,20,20
state_matched_2016_2020_climatology,S2,donor_regression,150.0,0.12213883202635278,0.06709827564839214,0.19422921986016276,0.5439143625616383,0.6244666898727418,20,20
state_matched_2016_2020_climatology,S2,donor_regression,180.0,0.12501438786573496,0.06685737287202062,0.19167462339986682,0.5391876010030094,0.6149861311117807,20,20
state_matched_2016_2020_climatology,S2,donor_regression,240.0,0.14801886210003498,0.09063831852474424,0.21061256676411938,0.5371858857295221,0.6246041848063469,20,20
state_matched_2016_2020_climatology,S2,donor_regression,365.0,0.17069064437349474,0.14111366169280803,0.20811994798661584,0.5236563719952823,0.626301386428206,20,20
state_matched_2016_2020_climatology,S2,kalman,1.0,0.5332901132131553,0.07519015943507343,0.8238557479104843,0.1450251926442722,0.7050000476837159,20,20
state_matched_2016_2020_climatology,S2,kalman,3.0,0.40724174060210605,-0.13822998597233577,0.7724307298482913,0.1698235012855767,0.7033333953221639,20,20
state_matched_2016_2020_climatology,S2,kalman,7.0,0.4787598892446369,0.2809499547036318,0.648449521055491,0.2149469787014561,0.71535719871521,20,20
state_matched_2016_2020_climatology,S2,kalman,10.0,0.2895920535786798,0.0066101820967982994,0.5443098580571977,0.33192373344490905,0.7305000300407409,20,20
state_matched_2016_2020_climatology,S2,kalman,14.0,0.24799229703619546,0.015516053821730165,0.4527716774513252,0.3766996077529398,0.7387500408717564,20,20
state_matched_2016_2020_climatology,S2,kalman,21.0,0.11098253505370115,-0.11605930197946028,0.33046932072240576,0.5479044663997809,0.7585714567275275,20,20
state_matched_2016_2020_climatology,S2,kalman,30.0,0.21348484927442296,0.06712222677020589,0.3472933489020345,0.47641874665692796,0.7474166868527731,20,20
state_matched_2016_2020_climatology,S2,kalman,45.0,0.023491976653736552,-0.17752172992691545,0.2031233256550258,0.615848570574536,0.7225000086890325,20,20
state_matched_2016_2020_climatology,S2,kalman,60.0,-0.08521407231292144,-0.3274367895646839,0.11877740294927111,0.6693739839937318,0.7158333411216736,20,20
state_matched_2016_2020_climatology,S2,kalman,90.0,-0.1483510404397695,-0.315289627256616,0.0022421948570499907,0.7100486022081961,0.6714444564183553,20,20
state_matched_2016_2020_climatology,S2,kalman,120.0,-0.7689143708155213,-1.2110944351311494,-0.39556285265151825,1.0026830845970474,0.6410833535194397,20,20
state_matched_2016_2020_climatology,S2,kalman,150.0,-0.8768797545138465,-1.2370095649177935,-0.5600148111217376,1.181015034345279,0.6244666898727418,20,20
state_matched_2016_2020_climatology,S2,kalman,180.0,-1.3915358098356316,-1.952252690197593,-0.9238061115848109,1.47564165462436,0.6149861311117807,20,20
state_matched_2016_2020_climatology,S2,kalman,240.0,-2.462854240830772,-3.105408986248453,-1.855899174328368,2.117250460703989,0.6246041848063469,20,20
state_matched_2016_2020_climatology,S2,kalman,365.0,-8.429750729874353,-9.835808682073209,-6.916307766101817,5.758404013552336,0.626301386428206,20,20
state_matched_2016_2020_climatology,S2,linear,1.0,0.5336381923925423,0.07717739025152173,0.8143212209640956,0.14500008821487426,0.7050000476837159,20,20
state_matched_2016_2020_climatology,S2,linear,3.0,0.408578155449069,-0.10448761977895568,0.7659316791253713,0.1700000802675883,0.7033333953221639,20,20
state_matched_2016_2020_climatology,S2,linear,7.0,0.47578714321182397,0.27881595814363747,0.6540310405408072,0.21589286497661045,0.71535719871521,20,20
state_matched_2016_2020_climatology,S2,linear,10.0,0.2878176352912336,0.008441502019435422,0.5325295667109202,0.3323637110536749,0.7305000300407409,20,20
state_matched_2016_2020_climatology,S2,linear,14.0,0.2444991180261972,0.01591548151995767,0.4494575013955573,0.378833368959881,0.7387500408717564,20,20
state_matched_2016_2020_climatology,S2,linear,21.0,0.11239093308454051,-0.1220531765473802,0.3332000965419657,0.5498376146023408,0.7585714567275275,20,20
state_matched_2016_2020_climatology,S2,linear,30.0,0.17717564811878933,0.0236437442616578,0.3121431407195667,0.49698924913201276,0.7474166868527731,20,20
state_matched_2016_2020_climatology,S2,linear,45.0,-0.08358496980607835,-0.27809909718290254,0.11218995083746401,0.6637923416999227,0.7225000086890325,20,20
state_matched_2016_2020_climatology,S2,linear,60.0,-0.20334069210332723,-0.5099433662105214,0.04806714341998362,0.7296885068820473,0.7158333411216736,20,20
state_matched_2016_2020_climatology,S2,linear,90.0,-0.5132031190457405,-0.8301291433425072,-0.20954083877668148,0.9107692110203708,0.6714444564183553,20,20
state_matched_2016_2020_climatology,S2,linear,120.0,-1.434656980391059,-2.170839238156229,-0.7704731487005785,1.3894597112114435,0.6410833535194397,20,20
state_matched_2016_2020_climatology,S2,linear,150.0,-1.8134009976341936,-2.527511888765811,-1.1524825924013349,1.692496782454434,0.6244666898727418,20,20
state_matched_2016_2020_climatology,S2,linear,180.0,-2.797758869531173,-3.5327496200903927,-2.1260176958497206,2.2544845729352803,0.6149861311117807,20,20
state_matched_2016_2020_climatology,S2,linear,240.0,-4.665358590482913,-5.500114590101064,-3.8086664454020145,3.471450698195569,0.6246041848063469,20,20
state_matched_2016_2020_climatology,S2,linear,365.0,-7.340112281052366,-8.020165505498776,-6.6841721460208685,5.14044882824307,0.626301386428206,20,20
state_matched_2016_2020_climatology,S2,pchip,1.0,0.5297862671781686,0.05778732550831631,0.8105224236880754,0.14587905668282244,0.7050000476837159,20,20
state_matched_2016_2020_climatology,S2,pchip,3.0,0.36038730957232873,-0.227001750359942,0.7517270980880211,0.17960030432811064,0.7033333953221639,20,20
state_matched_2016_2020_climatology,S2,pchip,7.0,0.5162544296395962,0.3622019705872706,0.6647195521950784,0.20976717104431897,0.71535719871521,20,20
state_matched_2016_2020_climatology,S2,pchip,10.0,0.371754674789619,0.12224765967513714,0.5940936903871945,0.2908159495119684,0.7305000300407409,20,20
state_matched_2016_2020_climatology,S2,pchip,14.0,0.2737791417209473,0.04444306699739262,0.4699086655549567,0.36435151044380965,0.7387500408717564,20,20
state_matched_2016_2020_climatology,S2,pchip,21.0,0.03373761218402523,-0.2978825581067902,0.336337953295574,0.5879739257598098,0.7585714567275275,20,20
state_matched_2016_2020_climatology,S2,pchip,30.0,-0.0025374429114119745,-0.20975342888748735,0.19413461964506382,0.5557795390385774,0.7474166868527731,20,20
state_matched_2016_2020_climatology,S2,pchip,45.0,-0.06685646927711379,-0.25754043959845846,0.11866934763525006,0.6828260059042965,0.7225000086890325,20,20
state_matched_2016_2020_climatology,S2,pchip,60.0,-0.22304736944848763,-0.49529684056501694,0.0101651939493401,0.7491306961361487,0.7158333411216736,20,20
state_matched_2016_2020_climatology,S2,pchip,90.0,-0.6943607703224268,-1.218958318867844,-0.2859212114098859,1.001153725954221,0.6714444564183553,20,20
state_matched_2016_2020_climatology,S2,pchip,120.0,-1.4584997871946783,-2.2132529711597675,-0.7833761650645957,1.446153260082137,0.6410833535194397,20,20
state_matched_2016_2020_climatology,S2,pchip,150.0,-2.0087981879966703,-2.658260280368727,-1.371795762432464,1.7524582702094063,0.6244666898727418,20,20
state_matched_2016_2020_climatology,S2,pchip,180.0,-2.4400112379413574,-3.008400565113944,-1.8224929653870126,2.045520537503766,0.6149861311117807,20,20
state_matched_2016_2020_climatology,S2,pchip,240.0,-4.68029987793374,-5.68523818144451,-3.770156653872608,3.423406513610851,0.6246041848063469,20,20
state_matched_2016_2020_climatology,S2,pchip,365.0,-7.3102193480204845,-7.984666740492493,-6.598520469451406,5.122394597589279,0.626301386428206,20,20
state_matched_2016_2020_climatology,S2,random_forest,1.0,0.015285560808095388,-0.36024020198456647,0.3260914351007573,0.5774037309207622,0.7050000476837159,20,20
state_matched_2016_2020_climatology,S2,random_forest,3.0,-0.1380528029336346,-0.6078324228194268,0.25006240428733817,0.5888894580313887,0.7033333953221639,20,20
state_matched_2016_2020_climatology,S2,random_forest,7.0,0.010061504442874158,-0.20451482206664715,0.2115531384945877,0.5802902517053732,0.71535719871521,20,20
state_matched_2016_2020_climatology,S2,random_forest,10.0,0.06427388146755834,-0.13247355311537912,0.24150601798887084,0.5756777111956556,0.7305000300407409,20,20
state_matched_2016_2020_climatology,S2,random_forest,14.0,0.11786389538439242,-0.05732507062943948,0.26175479101806515,0.5654600411348509,0.7387500408717564,20,20
state_matched_2016_2020_climatology,S2,random_forest,21.0,0.15714630547149083,0.039221735806586874,0.2680392731251587,0.5554409168860944,0.7585714567275275,20,20
state_matched_2016_2020_climatology,S2,random_forest,30.0,0.16909720067387202,0.05155305956215697,0.2648457157757183,0.5390901067485634,0.7474166868527731,20,20
state_matched_2016_2020_climatology,S2,random_forest,45.0,0.1806902040944835,0.08304578550615072,0.26613985642024623,0.550636653312974,0.7225000086890325,20,20
state_matched_2016_2020_climatology,S2,random_forest,60.0,0.20364099396912366,0.12471523142297616,0.2786734174203546,0.5416791077940382,0.7158333411216736,20,20
state_matched_2016_2020_climatology,S2,random_forest,90.0,0.14274721661441286,0.08475749046776103,0.20112968883486035,0.5475070177614179,0.6714444564183553,20,20
state_matched_2016_2020_climatology,S2,random_forest,120.0,0.10184826118694172,0.04449479182565263,0.16187599720185378,0.5468925324393794,0.6410833535194397,20,20
state_matched_2016_2020_climatology,S2,random_forest,150.0,0.1137597249186284,0.06643730812012465,0.16682107727850096,0.5394775080315146,0.6244666898727418,20,20
state_matched_2016_2020_climatology,S2,random_forest,180.0,0.11373356004574556,0.07790426709281449,0.1547460265121491,0.537936604198475,0.6149861311117807,20,20
state_matched_2016_2020_climatology,S2,random_forest,240.0,0.13068090390760162,0.09583534733606233,0.16523218369359327,0.5404302957084195,0.6246041848063469,20,20
state_matched_2016_2020_climatology,S2,random_forest,365.0,0.1494641976475112,0.13394011991676838,0.16801635665988887,0.5333351826807257,0.626301386428206,20,20
state_matched_2016_2020_climatology,S2,xgboost,1.0,-0.15478271118558953,-0.7071128942250029,0.30709913562060054,0.571338152885437,0.7050000476837159,20,20
state_matched_2016_2020_climatology,S2,xgboost,3.0,-0.13390758737628108,-0.49557629752906057,0.19035611479571696,0.5890892426172891,0.7033333953221639,20,20
state_matched_2016_2020_climatology,S2,xgboost,7.0,-0.029720062690485143,-0.28877347362686673,0.20011865101780502,0.5453075545174734,0.71535719871521,20,20
state_matched_2016_2020_climatology,S2,xgboost,10.0,0.0329062967774298,-0.18166961860662845,0.22699522554857676,0.5383991408348082,0.7305000300407409,20,20
state_matched_2016_2020_climatology,S2,xgboost,14.0,0.11290296748776689,-0.05165801110714852,0.26791949260433356,0.5252510377338954,0.7387500408717564,20,20
state_matched_2016_2020_climatology,S2,xgboost,21.0,0.15874726474516915,0.01924506366902512,0.2908778053070829,0.5131822415760585,0.7585714567275275,20,20
state_matched_2016_2020_climatology,S2,xgboost,30.0,0.17462190138716124,0.039729256014398404,0.28988224903263804,0.5092482956250508,0.7474166868527731,20,20
state_matched_2016_2020_climatology,S2,xgboost,45.0,0.21342885714525522,0.11891215391474998,0.2967910366541566,0.5171739053726196,0.7225000086890325,20,20
state_matched_2016_2020_climatology,S2,xgboost,60.0,0.24033839591615608,0.16345060190243238,0.30995870045823165,0.5105643073717753,0.7158333411216736,20,20
state_matched_2016_2020_climatology,S2,xgboost,90.0,0.1825903964572476,0.1324080665442749,0.23621432912240903,0.5196253270573086,0.6714444564183553,20,20
state_matched_2016_2020_climatology,S2,xgboost,120.0,0.1500490748541668,0.08971237649729054,0.20780915932415867,0.5166897090276082,0.6410833535194397,20,20
state_matched_2016_2020_climatology,S2,xgboost,150.0,0.15606815093869736,0.10727475593383268,0.20795979470357867,0.5120379741986593,0.6244666898727418,20,20
state_matched_2016_2020_climatology,S2,xgboost,180.0,0.15248427601198355,0.11598444169408768,0.1943321936353484,0.51172773109542,0.6149861311117807,20,20
state_matched_2016_2020_climatology,S2,xgboost,240.0,0.1645713804443281,0.13356078072318672,0.19707065503444676,0.5176984583338102,0.6246041848063469,20,20
state_matched_2016_2020_climatology,S2,xgboost,365.0,0.17857617134733608,0.16184839813011664,0.19778020463891816,0.5144223013316116,0.626301386428206,20,20
annual_mean_removed,B1,air_hydro,1.0,,,,0.0,0.0,20,20
annual_mean_removed,B1,air_hydro,3.0,-0.6608079265256418,-1.1672664486886366,-0.2605322844966525,0.22356596973746354,0.16277781724929813,20,20
annual_mean_removed,B1,air_hydro,7.0,-0.29034035374574413,-0.5130537929868476,-0.0689542611293843,0.2881723447838346,0.28397958813881385,20,20
annual_mean_removed,B1,air_hydro,10.0,-0.23942961189171283,-0.43866384801649366,-0.048463156512939955,0.3655074091344833,0.3835500327944755,20,20
annual_mean_removed,B1,air_hydro,14.0,-0.06577748975811773,-0.19077225964160618,0.04825439758503668,0.4204776384943679,0.46719386005888175,20,20
annual_mean_removed,B1,air_hydro,21.0,0.003964648113199543,-0.13048769318694473,0.1314367072859823,0.4653838396878601,0.5616976063849933,20,20
annual_mean_removed,B1,air_hydro,30.0,0.015117091390094423,-0.12199713529085628,0.15905899469314622,0.5061564384093586,0.6300212822247434,20,20
annual_mean_removed,B1,air_hydro,45.0,0.0003233005279456913,-0.13427312128808833,0.11627832668779142,0.5473475312141547,0.644212212476907,20,20
annual_mean_removed,B1,air_hydro,60.0,0.014271570262974254,-0.10547192977233173,0.11539926588035401,0.5599202809737291,0.6390544121935211,20,20
annual_mean_removed,B1,air_hydro,90.0,0.046356520484051686,-0.005211611509306586,0.09681665211615818,0.5691545867404103,0.628270518207822,20,20
annual_mean_removed,B1,air_hydro,120.0,0.05172649802171865,0.0041004491936766285,0.09716696001866014,0.5894736097818905,0.6424583849070984,20,20
annual_mean_removed,B1,air_hydro,150.0,0.07166513454895078,0.03272557338439231,0.11164043399296024,0.6086130243252093,0.6726261425603781,20,20
annual_mean_removed,B1,air_hydro,180.0,0.1083895355002122,0.07673531753186584,0.13834333961287018,0.6033011171971758,0.687669658145972,20,20
annual_mean_removed,B1,air_hydro,240.0,0.12439523126190113,0.10216093096799946,0.14555971174155483,0.6042723313984533,0.6985561759948198,20,20
annual_mean_removed,B1,air_hydro,365.0,0.14701131668343467,0.13693747157423042,0.15559519667719443,0.6021599413974436,0.7076101176597371,20,20
annual_mean_removed,B1,air_only,1.0,,,,0.0,0.0,20,20
annual_mean_removed,B1,air_only,3.0,-0.6994243608559816,-1.2978651614131367,-0.24916345766566508,0.22241788848158403,0.16277781724929813,20,20
annual_mean_removed,B1,air_only,7.0,-0.38590294151111665,-0.6171545694167339,-0.17328978014017707,0.3121351146402282,0.28397958813881385,20,20
annual_mean_removed,B1,air_only,10.0,-0.30150833436057606,-0.49480700298245683,-0.11266773865972694,0.38817614198252326,0.3835500327944755,20,20
annual_mean_removed,B1,air_only,14.0,-0.13038606806929098,-0.30829125032645754,0.025361003238781425,0.43871007946073703,0.46719386005888175,20,20
annual_mean_removed,B1,air_only,21.0,-0.07741944485079767,-0.2796928101418227,0.10397337388291086,0.49115327402504283,0.5616976063849933,20,20
annual_mean_removed,B1,air_only,30.0,-0.0063251431395616505,-0.19450410765314194,0.1611122072009408,0.5118787436516099,0.6300212822247434,20,20
annual_mean_removed,B1,air_only,45.0,0.011978997359447846,-0.12183574071956839,0.13108166188461626,0.5441113160028246,0.644212212476907,20,20
annual_mean_removed,B1,air_only,60.0,0.048264900861201034,-0.07062440406410198,0.13757418939639388,0.5448059276496481,0.6390544121935211,20,20
annual_mean_removed,B1,air_only,90.0,0.04538240600091399,-0.031038055572139917,0.10819667629618543,0.563008363215012,0.628270518207822,20,20
annual_mean_removed,B1,air_only,120.0,0.05378845970065811,-0.0004490092149130192,0.09821663873859214,0.5855195981005028,0.6424583849070984,20,20
annual_mean_removed,B1,air_only,150.0,0.07038557730545426,0.033709965084267664,0.10725538706110443,0.6095416739475817,0.6726261425603781,20,20
annual_mean_removed,B1,air_only,180.0,0.07986656664175582,0.04564267906796086,0.11095970182857916,0.6214310889256269,0.687669658145972,20,20
annual_mean_removed,B1,air_only,240.0,0.0854986563110611,0.05827707851589332,0.11246487665700113,0.630427470595951,0.6985561759948198,20,20
annual_mean_removed,B1,air_only,365.0,0.119723083391121,0.10773638631943523,0.1312076526662462,0.6216146269969701,0.7076101176597371,20,20
annual_mean_removed,B1,climatology,1.0,,,,0.0,0.0,20,20
annual_mean_removed,B1,climatology,3.0,0.0,0.0,0.0,0.16277781724929813,0.16277781724929813,20,20
annual_mean_removed,B1,climatology,7.0,0.0,0.0,0.0,0.28397958813881385,0.28397958813881385,20,20
annual_mean_removed,B1,climatology,10.0,0.0,0.0,0.0,0.3835500327944755,0.3835500327944755,20,20
annual_mean_removed,B1,climatology,14.0,0.0,0.0,0.0,0.46719386005888175,0.46719386005888175,20,20
annual_mean_removed,B1,climatology,21.0,0.0,0.0,0.0,0.5616976063849933,0.5616976063849933,20,20
annual_mean_removed,B1,climatology,30.0,0.0,0.0,0.0,0.6300212822247434,0.6300212822247434,20,20
annual_mean_removed,B1,climatology,45.0,0.0,0.0,0.0,0.644212212476907,0.644212212476907,20,20
annual_mean_removed,B1,climatology,60.0,0.0,0.0,0.0,0.6390544121935211,0.6390544121935211,20,20
annual_mean_removed,B1,climatology,90.0,0.0,0.0,0.0,0.628270518207822,0.628270518207822,20,20
annual_mean_removed,B1,climatology,120.0,0.0,0.0,0.0,0.6424583849070984,0.6424583849070984,20,20
annual_mean_removed,B1,climatology,150.0,0.0,0.0,0.0,0.6726261425603781,0.6726261425603781,20,20
annual_mean_removed,B1,climatology,180.0,0.0,0.0,0.0,0.687669658145972,0.687669658145972,20,20
annual_mean_removed,B1,climatology,240.0,0.0,0.0,0.0,0.6985561759948198,0.6985561759948198,20,20
annual_mean_removed,B1,climatology,365.0,0.0,0.0,0.0,0.7076101176597371,0.7076101176597371,20,20
annual_mean_removed,B1,donor_regression,1.0,,,,0.0,0.0,20,20
annual_mean_removed,B1,donor_regression,3.0,-0.2527146385565875,-0.6245497967987622,0.08388810878413029,0.158431682353667,0.16277781724929813,20,20
annual_mean_removed,B1,donor_regression,7.0,-0.23058592580208598,-0.508476139711422,0.020939361680931835,0.2456548337594592,0.28397958813881385,20,20
annual_mean_removed,B1,donor_regression,10.0,-0.27546858216633313,-0.7895970051101472,0.08710942304327911,0.3158428196986695,0.3835500327944755,20,20
annual_mean_removed,B1,donor_regression,14.0,-0.07781813490180955,-0.4477752080337911,0.20496710287908324,0.34574382689170646,0.46719386005888175,20,20
annual_mean_removed,B1,donor_regression,21.0,0.08602525956443952,-0.18731903678087486,0.2874795898754246,0.37092680884411455,0.5616976063849933,20,20
annual_mean_removed,B1,donor_regression,30.0,0.16119932328536468,-0.08796878918703657,0.3490151384282296,0.3799089706898762,0.6300212822247434,20,20
annual_mean_removed,B1,donor_regression,45.0,0.18558467483311633,-0.055123736117502216,0.3667618983067432,0.3871778923651296,0.644212212476907,20,20
annual_mean_removed,B1,donor_regression,60.0,0.21184198611350497,-0.034245829904219295,0.393864929550085,0.38933277781822334,0.6390544121935211,20,20
annual_mean_removed,B1,donor_regression,90.0,0.23090346698967662,0.09214423266690591,0.35563988525531204,0.40989799485442446,0.628270518207822,20,20
annual_mean_removed,B1,donor_regression,120.0,0.261411823873274,0.1715527957960934,0.35092609959337073,0.42373298918331714,0.6424583849070984,20,20
annual_mean_removed,B1,donor_regression,150.0,0.2936090941005669,0.21126404877181043,0.37597695023389976,0.43079927184355676,0.6726261425603781,20,20
annual_mean_removed,B1,donor_regression,180.0,0.32041691363113056,0.2391534467430336,0.3951603398140251,0.43162354156401045,0.687669658145972,20,20
annual_mean_removed,B1,donor_regression,240.0,0.3493507688061763,0.2896141091908935,0.4065484781980298,0.43206669681380605,0.6985561759948198,20,20
annual_mean_removed,B1,donor_regression,365.0,0.36997172384476223,0.3446790634317704,0.39575762067315023,0.4394633642509249,0.7076101176597371,20,20
annual_mean_removed,B1,kalman,1.0,,,,0.0,0.0,20,20
annual_mean_removed,B1,kalman,3.0,0.25475313587519677,0.10790949713278587,0.4075571817365518,0.10809946520657351,0.16277781724929813,20,20
annual_mean_removed,B1,kalman,7.0,0.009669031370229014,-0.1724731704968382,0.17481677348325558,0.21412219884919975,0.28397958813881385,20,20
annual_mean_removed,B1,kalman,10.0,0.10288439779236361,-0.05678093059666434,0.25374708883507613,0.25581811315617375,0.3835500327944755,20,20
annual_mean_removed,B1,kalman,14.0,0.18603976281858756,0.08252518594181882,0.28905490651019106,0.31046653923863304,0.46719386005888175,20,20
annual_mean_removed,B1,kalman,21.0,0.13245171266136074,0.03258984231227509,0.2354460183157486,0.43563677713861304,0.5616976063849933,20,20
annual_mean_removed,B1,kalman,30.0,0.01745557830896246,-0.1249498317465068,0.1479634472892365,0.5458795500050397,0.6300212822247434,20,20
annual_mean_removed,B1,kalman,45.0,0.014006847601652833,-0.07734322907427746,0.1014821706677075,0.5833105386627039,0.644212212476907,20,20
annual_mean_removed,B1,kalman,60.0,-0.028845089182372143,-0.11879726431913354,0.052141891371816906,0.6100900668252821,0.6390544121935211,20,20
annual_mean_removed,B1,kalman,90.0,-0.19643386390600753,-0.36472305354829976,-0.055086294990986134,0.6994101892490718,0.628270518207822,20,20
annual_mean_removed,B1,kalman,120.0,-0.36436725249752916,-0.5841259631457517,-0.18651897619707972,0.8187187781129304,0.6424583849070984,20,20
annual_mean_removed,B1,kalman,150.0,-0.27081163016549414,-0.4163707925921376,-0.1371492585729596,0.8155396752733406,0.6726261425603781,20,20
annual_mean_removed,B1,kalman,180.0,-0.5986879857924308,-0.8060600683144984,-0.41832535682429495,1.0565981002027736,0.687669658145972,20,20
annual_mean_removed,B1,kalman,240.0,-1.1721009424679034,-1.5864200069111016,-0.8407364265119235,1.437670049609787,0.6985561759948198,20,20
annual_mean_removed,B1,kalman,365.0,-5.110003766770755,-5.97928534077083,-4.275541391307047,4.2511214284143275,0.7076101176597371,20,20
annual_mean_removed,B1,linear,1.0,,,,0.0,0.0,20,20
annual_mean_removed,B1,linear,3.0,0.2554558521232338,0.10162582662057636,0.4126180588792209,0.10805554952886369,0.16277781724929813,20,20
annual_mean_removed,B1,linear,7.0,0.00944674105910226,-0.18139106091570045,0.18393986411047353,0.21441326871210215,0.28397958813881385,20,20
annual_mean_removed,B1,linear,10.0,0.10317440420537553,-0.055572681768810764,0.2579993481643696,0.2565182084712115,0.3835500327944755,20,20
annual_mean_removed,B1,linear,14.0,0.1819182638302635,0.07922269181532257,0.2867503012314706,0.3125850542143088,0.46719386005888175,20,20
annual_mean_removed,B1,linear,21.0,0.13142632554821648,0.03298654789589922,0.23032991214610765,0.4364451475254432,0.5616976063849933,20,20
annual_mean_removed,B1,linear,30.0,0.018635635915408223,-0.12520953462887327,0.15424551645023968,0.5465241671933069,0.6300212822247434,20,20
annual_mean_removed,B1,linear,45.0,0.016706475305038528,-0.09374375837041234,0.10752354195861101,0.5772605001201824,0.644212212476907,20,20
annual_mean_removed,B1,linear,60.0,-0.05824221884829721,-0.257750922565366,0.07740409351356495,0.6107937053564456,0.6390544121935211,20,20
annual_mean_removed,B1,linear,90.0,-0.33407133608398093,-0.6104770106044137,-0.12634485492912495,0.7513298401085577,0.628270518207822,20,20
annual_mean_removed,B1,linear,120.0,-0.6554182659391025,-1.0716251894852271,-0.3253695515315541,0.9365880639011485,0.6424583849070984,20,20
annual_mean_removed,B1,linear,150.0,-0.8241279348230218,-1.183153974632877,-0.4894162422483061,1.1028984076448087,0.6726261425603781,20,20
annual_mean_removed,B1,linear,180.0,-1.303849109030406,-1.7374035788403577,-0.9149264440923729,1.4396203110916421,0.687669658145972,20,20
annual_mean_removed,B1,linear,240.0,-2.4466969036477493,-2.9129916912024907,-2.001425492662576,2.2706769541119125,0.6985561759948198,20,20
annual_mean_removed,B1,linear,365.0,-4.949440388425665,-5.351922277658979,-4.549645523590776,4.152932305489436,0.7076101176597371,20,20
annual_mean_removed,B1,pchip,1.0,,,,0.0,0.0,20,20
annual_mean_removed,B1,pchip,3.0,0.2729593326105649,0.08500639720873054,0.45235970340652,0.10395099846731153,0.16277781724929813,20,20
annual_mean_removed,B1,pchip,7.0,-0.02673500651791554,-0.2449410186271254,0.18068001482137463,0.22294458726574223,0.28397958813881385,20,20
annual_mean_removed,B1,pchip,10.0,0.06450056013057918,-0.13736042653384917,0.2546286108499784,0.25457435595470657,0.3835500327944755,20,20
annual_mean_removed,B1,pchip,14.0,0.21186281317028471,0.08265422634808228,0.33872707354566145,0.28156139049692136,0.46719386005888175,20,20
annual_mean_removed,B1,pchip,21.0,0.08903494928083674,-0.012536731134751846,0.19446319973294499,0.4529652247267018,0.5616976063849933,20,20
annual_mean_removed,B1,pchip,30.0,0.004400986653200362,-0.16253149819753912,0.1571957228751539,0.5567664365380633,0.6300212822247434,20,20
annual_mean_removed,B1,pchip,45.0,-0.05711371763807023,-0.21639724228848967,0.07010951280847269,0.6083098611505053,0.644212212476907,20,20
annual_mean_removed,B1,pchip,60.0,-0.19414102096229185,-0.37851865253212497,-0.037792884427663515,0.68558679423033,0.6390544121935211,20,20
annual_mean_removed,B1,pchip,90.0,-0.467882876169239,-0.7214747927148202,-0.26372907753911684,0.8338276969012048,0.628270518207822,20,20
annual_mean_removed,B1,pchip,120.0,-0.8729086692947996,-1.2701789950736775,-0.5185339378278448,1.055009989662594,0.6424583849070984,20,20
annual_mean_removed,B1,pchip,150.0,-0.6344518451144572,-0.9617695273602304,-0.3458839430391675,0.9908078943104466,0.6726261425603781,20,20
annual_mean_removed,B1,pchip,180.0,-1.0601815686066118,-1.5587681234822865,-0.6362693189110902,1.303738525892388,0.687669658145972,20,20
annual_mean_removed,B1,pchip,240.0,-2.215696767246098,-2.6697578506504183,-1.7921267026233538,2.1306296856330307,0.6985561759948198,20,20
annual_mean_removed,B1,pchip,365.0,-4.942445239466002,-5.3747149788162085,-4.546704293437756,4.149349847785373,0.7076101176597371,20,20
annual_mean_removed,B1,random_forest,1.0,,,,0.0,0.0,20,20
annual_mean_removed,B1,random_forest,3.0,-0.06607473776915147,-0.36442276281854635,0.20496402336360556,0.1670874741952508,0.16277781724929813,20,20
annual_mean_removed,B1,random_forest,7.0,-0.17383767459764948,-0.3987319194238868,0.04196778020024952,0.2611174945775381,0.28397958813881385,20,20
annual_mean_removed,B1,random_forest,10.0,-0.11521241277746601,-0.34615466112977156,0.10397753839638282,0.31718298955230556,0.3835500327944755,20,20
annual_mean_removed,B1,random_forest,14.0,0.08070007407246674,-0.043213280164855004,0.2039004036075941,0.3417274416721777,0.46719386005888175,20,20
annual_mean_removed,B1,random_forest,21.0,0.16259355665951647,0.01724217249648668,0.3071951130991378,0.3726766514329959,0.5616976063849933,20,20
annual_mean_removed,B1,random_forest,30.0,0.2310445585259267,0.09467910460580793,0.36296844426759317,0.38139234579929465,0.6300212822247434,20,20
annual_mean_removed,B1,random_forest,45.0,0.26264231981109165,0.13613703547498698,0.383545343984428,0.375712288383306,0.644212212476907,20,20
annual_mean_removed,B1,random_forest,60.0,0.2686065934559456,0.10575126508618576,0.38629267992026356,0.3870740912306506,0.6390544121935211,20,20
annual_mean_removed,B1,random_forest,90.0,0.26845471573564417,0.18429788353061644,0.3470172139502738,0.4101770848842321,0.628270518207822,20,20
annual_mean_removed,B1,random_forest,120.0,0.2636930501411287,0.18331201013257933,0.34721468307756176,0.4262524209872435,0.6424583849070984,20,20
annual_mean_removed,B1,random_forest,150.0,0.2761561776030783,0.1758865700413697,0.37022416592593005,0.43731860108383264,0.6726261425603781,20,20
annual_mean_removed,B1,random_forest,180.0,0.31297322332545086,0.22975209794225096,0.3917900479152118,0.435267918876083,0.687669658145972,20,20
annual_mean_removed,B1,random_forest,240.0,0.3457286721364424,0.2838839768165361,0.40587760357718755,0.43581920573994753,0.6985561759948198,20,20
annual_mean_removed,B1,random_forest,365.0,0.36547820022189476,0.33861462383257207,0.39185656117393036,0.4438376523721256,0.7076101176597371,20,20
annual_mean_removed,B1,xgboost,1.0,,,,0.0,0.0,20,20
annual_mean_removed,B1,xgboost,3.0,-0.27089920999523315,-0.5261093328836731,-0.03571277129115659,0.19042164749569362,0.16277781724929813,20,20
annual_mean_removed,B1,xgboost,7.0,-0.22745834440572366,-0.47316148409101044,0.014734792539754439,0.2601496187602582,0.28397958813881385,20,20
annual_mean_removed,B1,xgboost,10.0,-0.15272492699620233,-0.38843838720425283,0.044416541872714536,0.32000282678008074,0.3835500327944755,20,20
annual_mean_removed,B1,xgboost,14.0,-0.007654346173711746,-0.15930711454968674,0.1350360058629261,0.35554004557278696,0.46719386005888175,20,20
annual_mean_removed,B1,xgboost,21.0,0.0751165835205709,-0.09551826963553031,0.23642379478235354,0.38709138073878374,0.5616976063849933,20,20
annual_mean_removed,B1,xgboost,30.0,0.1264422314211745,-0.06865424810282199,0.3038793596520481,0.3973037150303523,0.6300212822247434,20,20
annual_mean_removed,B1,xgboost,45.0,0.1768098298647187,0.0001612680411107254,0.34370668760211354,0.39230947046927467,0.644212212476907,20,20
annual_mean_removed,B1,xgboost,60.0,0.21933850685064282,0.0471620457433734,0.3550021859802599,0.40152014865885943,0.6390544121935211,20,20
annual_mean_removed,B1,xgboost,90.0,0.23300714650282747,0.14665969152696784,0.3149965482928156,0.4274111396498276,0.628270518207822,20,20
annual_mean_removed,B1,xgboost,120.0,0.2304539550048485,0.14635289000891044,0.31282190468900717,0.4431815758700316,0.6424583849070984,20,20
annual_mean_removed,B1,xgboost,150.0,0.2615385792139787,0.16914039697068037,0.3545521655149362,0.44877170909874325,0.6726261425603781,20,20
annual_mean_removed,B1,xgboost,180.0,0.30613335837391337,0.22754392203068827,0.3788313736017219,0.4432211356326561,0.687669658145972,20,20
annual_mean_removed,B1,xgboost,240.0,0.3206249434800721,0.26095858170255176,0.3859662319113446,0.4538484629063035,0.6985561759948198,20,20
annual_mean_removed,B1,xgboost,365.0,0.3503816904018829,0.3273533417103973,0.3733016297324207,0.45578812391634116,0.7076101176597371,20,20
annual_mean_removed,P3,air_hydro,1.0,,,,0.0,0.0,20,20
annual_mean_removed,P3,air_hydro,3.0,0.0404354374368111,-0.19681206233633025,0.2983335842235582,0.10733422155470129,0.08222221268547905,20,20
annual_mean_removed,P3,air_hydro,7.0,-0.36886596752758094,-0.7101166708010929,-0.06481482531263894,0.20937139794524745,0.16142854301296936,20,20
annual_mean_removed,P3,air_hydro,10.0,-0.7045474248165389,-1.0485963332217298,-0.3876349539339513,0.27833133494412426,0.1968499517440796,20,20
annual_mean_removed,P3,air_hydro,14.0,-0.587434116010181,-0.9289742233543068,-0.24591965705046895,0.3322082859956894,0.24367346544655,20,20
annual_mean_removed,P3,air_hydro,21.0,-0.492642587085715,-0.7780517201175379,-0.25466422629088026,0.40672440433284296,0.30531807027661434,20,20
annual_mean_removed,P3,air_hydro,30.0,-0.356620387695227,-0.5270699876281959,-0.20835903397038003,0.44707929319633777,0.3475264952587159,20,20
annual_mean_removed,P3,air_hydro,45.0,-0.32335078496255776,-0.4683206547379066,-0.19970006306844926,0.5288747904838214,0.4337227292179085,20,20
annual_mean_removed,P3,air_hydro,60.0,-0.2433485658793498,-0.36941266681742957,-0.13316371827798168,0.5649727286955606,0.49568077750123185,20,20
annual_mean_removed,P3,air_hydro,90.0,-0.16544857852898306,-0.2642439004265826,-0.06690121513997685,0.6359219069467568,0.5846110925247412,20,20
annual_mean_removed,P3,air_hydro,120.0,-0.087254075267461,-0.1666044453681491,-0.015004410980104275,0.7429729332109837,0.7098622331715839,20,20
annual_mean_removed,P3,air_hydro,150.0,-0.08310723930734046,-0.15658347804558723,-0.021189364380555922,0.828844714669259,0.7968868672381931,20,20
annual_mean_removed,P3,air_hydro,180.0,-0.046294959607191016,-0.1158214685381599,0.013397932639776395,0.8833079011419069,0.8658128124498697,20,20
annual_mean_removed,P3,air_hydro,240.0,-0.00025145303608062883,-0.05170981540954681,0.045703192641262616,0.990364318706761,0.9969667333970499,20,20
annual_mean_removed,P3,air_hydro,365.0,0.034921835200399494,0.013236168457874816,0.054737761060193776,1.1250619423545356,1.1781098341178418,20,20
annual_mean_removed,P3,air_only,1.0,,,,0.0,0.0,20,20
annual_mean_removed,P3,air_only,3.0,0.2772178591141249,0.13673024609314974,0.4127576911055376,0.06886948684820905,0.08222221268547905,20,20
annual_mean_removed,P3,air_only,7.0,0.1107049109634963,0.013547505641116482,0.20703181461902523,0.14235504159396573,0.16142854301296936,20,20
annual_mean_removed,P3,air_only,10.0,0.09812684437376713,0.012589874445275949,0.17542762307259743,0.17567191874456725,0.1968499517440796,20,20
annual_mean_removed,P3,air_only,14.0,0.06693073538699676,-0.06154866047394595,0.18294063634070404,0.22335790100675834,0.24367346544655,20,20
annual_mean_removed,P3,air_only,21.0,0.0112427050482705,-0.14393099339415316,0.1361461913047642,0.2901092815837482,0.30531807027661434,20,20
annual_mean_removed,P3,air_only,30.0,0.013476062013617207,-0.09550773925986732,0.12682453799555474,0.33277524098822087,0.3475264952587159,20,20
annual_mean_removed,P3,air_only,45.0,0.04113490854893133,-0.038475409645097707,0.11660876163968409,0.411974216064433,0.4337227292179085,20,20
annual_mean_removed,P3,air_only,60.0,0.07527633789470262,0.02615175276097974,0.12966850777352001,0.4535197265860182,0.49568077750123185,20,20
annual_mean_removed,P3,air_only,90.0,0.09122587048775807,0.051297624705317325,0.12822030660526174,0.5267455535214021,0.5846110925247412,20,20
annual_mean_removed,P3,air_only,120.0,0.10366602469822457,0.06608345796064162,0.14617356864227884,0.6385994645605512,0.7098622331715839,20,20
annual_mean_removed,P3,air_only,150.0,0.09588066488842628,0.057031532254881244,0.13267034013353923,0.723613108293991,0.7968868672381931,20,20
annual_mean_removed,P3,air_only,180.0,0.08883742110274533,0.052129231448269156,0.12383660470008583,0.7903078843163642,0.8658128124498697,20,20
annual_mean_removed,P3,air_only,240.0,0.0881319418624334,0.0625639562701117,0.1139907929628079,0.9118767444402135,0.9969667333970499,20,20
annual_mean_removed,P3,air_only,365.0,0.09702728551714754,0.0855567207045186,0.10704275052247261,1.0655747234545272,1.1781098341178418,20,20
annual_mean_removed,P3,climatology,1.0,,,,0.0,0.0,20,20
annual_mean_removed,P3,climatology,3.0,0.0,0.0,0.0,0.08222221268547905,0.08222221268547905,20,20
annual_mean_removed,P3,climatology,7.0,0.0,0.0,0.0,0.16142854301296936,0.16142854301296936,20,20
annual_mean_removed,P3,climatology,10.0,0.0,0.0,0.0,0.1968499517440796,0.1968499517440796,20,20
annual_mean_removed,P3,climatology,14.0,0.0,0.0,0.0,0.24367346544655,0.24367346544655,20,20
annual_mean_removed,P3,climatology,21.0,0.0,0.0,0.0,0.30531807027661434,0.30531807027661434,20,20
annual_mean_removed,P3,climatology,30.0,0.0,0.0,0.0,0.3475264952587159,0.3475264952587159,20,20
annual_mean_removed,P3,climatology,45.0,0.0,0.0,0.0,0.4337227292179085,0.4337227292179085,20,20
annual_mean_removed,P3,climatology,60.0,0.0,0.0,0.0,0.49568077750123185,0.49568077750123185,20,20
annual_mean_removed,P3,climatology,90.0,0.0,0.0,0.0,0.5846110925247412,0.5846110925247412,20,20
annual_mean_removed,P3,climatology,120.0,0.0,0.0,0.0,0.7098622331715839,0.7098622331715839,20,20
annual_mean_removed,P3,climatology,150.0,0.0,0.0,0.0,0.7968868672381931,0.7968868672381931,20,20
annual_mean_removed,P3,climatology,180.0,0.0,0.0,0.0,0.8658128124498697,0.8658128124498697,20,20
annual_mean_removed,P3,climatology,240.0,0.0,0.0,0.0,0.9969667333970499,0.9969667333970499,20,20
annual_mean_removed,P3,climatology,365.0,0.0,0.0,0.0,1.1781098341178418,1.1781098341178418,20,20
annual_mean_removed,P3,donor_regression,1.0,,,,0.0,0.0,20,20
annual_mean_removed,P3,donor_regression,3.0,0.2484888459837825,0.08435482905454289,0.43893575341264895,0.07433912269629127,0.08222221268547905,20,20
annual_mean_removed,P3,donor_regression,7.0,-0.13701428038058086,-0.376303661917524,0.08438545300802192,0.16195859374119456,0.16142854301296936,20,20
annual_mean_removed,P3,donor_regression,10.0,-0.2943371268604157,-0.584259174267253,-0.01584763170016557,0.20887119398285883,0.1968499517440796,20,20
annual_mean_removed,P3,donor_regression,14.0,-0.28176832935790225,-0.6224108591338173,0.00315377880402298,0.260194089119639,0.24367346544655,20,20
annual_mean_removed,P3,donor_regression,21.0,-0.31065938032854257,-0.7443738428232604,-0.01741714084064452,0.33497437360985727,0.30531807027661434,20,20
annual_mean_removed,P3,donor_regression,30.0,-0.18803631222868256,-0.4387581479977058,0.010302710026892696,0.3759624963280911,0.3475264952587159,20,20
annual_mean_removed,P3,donor_regression,45.0,-0.022942394375451917,-0.13370776349975455,0.09092982152505391,0.41794224269245844,0.4337227292179085,20,20
annual_mean_removed,P3,donor_regression,60.0,0.03850989457426608,-0.0742663693978016,0.14241848291341513,0.4495449484241032,0.49568077750123185,20,20
annual_mean_removed,P3,donor_regression,90.0,0.07116845251451627,0.009820406565718719,0.13508529606475475,0.5390776195026528,0.5846110925247412,20,20
annual_mean_removed,P3,donor_regression,120.0,0.10038903568296176,0.05209999731569279,0.14539097753150132,0.6430664380357658,0.7098622331715839,20,20
annual_mean_removed,P3,donor_regression,150.0,0.07918674097382035,0.04874067997830656,0.10975876662952687,0.7288751134233109,0.7968868672381931,20,20
annual_mean_removed,P3,donor_regression,180.0,0.059961761934684145,0.021510037658594626,0.09777872372275791,0.80123618676595,0.8658128124498697,20,20
annual_mean_removed,P3,donor_regression,240.0,0.07627908721699599,0.04755351169645125,0.10777120298939684,0.9160050815598775,0.9969667333970499,20,20
annual_mean_removed,P3,donor_regression,365.0,0.0905764512583806,0.07831429686283965,0.10312418496508405,1.0544623936282904,1.1781098341178418,20,20
annual_mean_removed,P3,kalman,1.0,,,,0.0,0.0,20,20
annual_mean_removed,P3,kalman,3.0,0.4439547291352097,0.270699136502866,0.6034747599351968,0.05224662349426038,0.08222221268547905,20,20
annual_mean_removed,P3,kalman,7.0,0.26893559793896,0.10842053219854968,0.4195390220868236,0.11312420589970296,0.16142854301296936,20,20
annual_mean_removed,P3,kalman,10.0,0.2816284596718003,0.12158554428496192,0.43527168400970107,0.1257173244470828,0.1968499517440796,20,20
annual_mean_removed,P3,kalman,14.0,0.3716958706198287,0.2484296339945038,0.49657167772924926,0.14474215867309842,0.24367346544655,20,20
annual_mean_removed,P3,kalman,21.0,0.29652008268814684,0.18520065353796658,0.4054179811778874,0.20105773234172114,0.30531807027661434,20,20
annual_mean_removed,P3,kalman,30.0,0.23752220393408408,0.11437905599270545,0.3559694148407371,0.25078076582782766,0.3475264952587159,20,20
annual_mean_removed,P3,kalman,45.0,0.26881495882553313,0.15639696943634138,0.38132509483452975,0.2971107587182871,0.4337227292179085,20,20
annual_mean_removed,P3,kalman,60.0,0.25946478692915176,0.1183568697363107,0.3979367336385981,0.32951703882370137,0.49568077750123185,20,20
annual_mean_removed,P3,kalman,90.0,0.20987291356746937,0.00746977146274298,0.3995947597562882,0.3956375744449251,0.5846110925247412,20,20
annual_mean_removed,P3,kalman,120.0,0.312556042665192,0.21399869075521502,0.4094636398313454,0.42713575966989614,0.7098622331715839,20,20
annual_mean_removed,P3,kalman,150.0,0.2657200297506055,0.19581807386315242,0.33456868983754373,0.5181335198677732,0.7968868672381931,20,20
annual_mean_removed,P3,kalman,180.0,0.1790320459817613,0.08277633388057896,0.26324085057527885,0.6564081559672941,0.8658128124498697,20,20
annual_mean_removed,P3,kalman,240.0,-0.0017145164054213403,-0.17289952475960094,0.15854153503209004,0.9736307242132533,0.9969667333970499,20,20
annual_mean_removed,P3,kalman,365.0,-1.45614924275153,-1.88417090495425,-1.0614591549867278,2.6587531323345557,1.1781098341178418,20,20
annual_mean_removed,P3,linear,1.0,,,,0.0,0.0,20,20
annual_mean_removed,P3,linear,3.0,0.44408050741988303,0.2717888165240479,0.5993755422899043,0.05222226248847114,0.08222221268547905,20,20
annual_mean_removed,P3,linear,7.0,0.2688439949594876,0.09624163790423007,0.4339242527869645,0.11308674301419938,0.16142854301296936,20,20
annual_mean_removed,P3,linear,10.0,0.28056974063347817,0.12166067743380414,0.4415159344159979,0.12588176866011191,0.1968499517440796,20,20
annual_mean_removed,P3,linear,14.0,0.36737831466072185,0.23935428447412793,0.49613889048041676,0.14578229592770944,0.24367346544655,20,20
annual_mean_removed,P3,linear,21.0,0.29575983474263906,0.185061818842319,0.4066179690229228,0.20206533670474566,0.30531807027661434,20,20
annual_mean_removed,P3,linear,30.0,0.2336902736034288,0.12144275262878465,0.34860370928319917,0.25247462268933196,0.3475264952587159,20,20
annual_mean_removed,P3,linear,45.0,0.24445598241334285,0.1274876121455013,0.35553837755654677,0.30450896956275775,0.4337227292179085,20,20
annual_mean_removed,P3,linear,60.0,0.19703130901286076,0.05416723178191564,0.33282119892695405,0.3505697579287697,0.49568077750123185,20,20
annual_mean_removed,P3,linear,90.0,0.07652435151007851,-0.11365258513103484,0.275231750662979,0.459568756493297,0.5846110925247412,20,20
annual_mean_removed,P3,linear,120.0,0.10200444088732544,-0.003380697639748508,0.20099579148389884,0.5654351671814408,0.7098622331715839,20,20
annual_mean_removed,P3,linear,150.0,-0.06245779524096928,-0.15182760405794404,0.025591624059524552,0.7480049887463658,0.7968868672381931,20,20
annual_mean_removed,P3,linear,180.0,-0.23631915910691745,-0.3456239825569003,-0.12504121495854925,0.982042640000634,0.8658128124498697,20,20
annual_mean_removed,P3,linear,240.0,-0.5157582542623792,-0.6716847249330533,-0.3554328068431704,1.4744395290762276,0.9969667333970499,20,20
annual_mean_removed,P3,linear,365.0,-1.3589459435845905,-1.6860239709166553,-1.0363519793927363,2.569078331582401,1.1781098341178418,20,20
annual_mean_removed,P3,pchip,1.0,,,,0.0,0.0,20,20
annual_mean_removed,P3,pchip,3.0,0.4023579638995239,0.2042025537558806,0.5753219445427622,0.05478875106874498,0.08222221268547905,20,20
annual_mean_removed,P3,pchip,7.0,0.23964437552028,0.08684070006398978,0.38817609283376414,0.11561574188318306,0.16142854301296936,20,20
annual_mean_removed,P3,pchip,10.0,0.25696323826015066,0.04776620323736017,0.4393563234164232,0.12672626161323702,0.1968499517440796,20,20
annual_mean_removed,P3,pchip,14.0,0.3305535278212552,0.19995665587823658,0.46670002714361775,0.14979129432674784,0.24367346544655,20,20
annual_mean_removed,P3,pchip,21.0,0.20246848604528292,0.022880169767035313,0.3724704041288232,0.2175701390950387,0.30531807027661434,20,20
annual_mean_removed,P3,pchip,30.0,0.10916047825276998,-0.1272454287319656,0.30448734114750065,0.2852262207800812,0.3475264952587159,20,20
annual_mean_removed,P3,pchip,45.0,0.1896915564663048,0.011995315101167376,0.34187931140902,0.3200311422497274,0.4337227292179085,20,20
annual_mean_removed,P3,pchip,60.0,0.17204488253651667,-0.004470721366028102,0.3315793736511384,0.3531385047744284,0.49568077750123185,20,20
annual_mean_removed,P3,pchip,90.0,0.01893939891510041,-0.22750687905853725,0.2548015674058779,0.490446860692098,0.5846110925247412,20,20
annual_mean_removed,P3,pchip,120.0,0.07322395503495754,-0.07201365317326534,0.23489681285228226,0.5807585837453758,0.7098622331715839,20,20
annual_mean_removed,P3,pchip,150.0,0.12322718623133419,-0.02583902335004672,0.2552877803677869,0.6160906336253047,0.7968868672381931,20,20
annual_mean_removed,P3,pchip,180.0,-0.02983695767392232,-0.19676100130581897,0.12890644110581037,0.8241356933704542,0.8658128124498697,20,20
annual_mean_removed,P3,pchip,240.0,-0.43756589207959823,-0.6268802534758242,-0.24108233767890266,1.4005143257317045,0.9969667333970499,20,20
annual_mean_removed,P3,pchip,365.0,-1.3377617450529236,-1.6660884768959972,-1.0230741832989094,2.5452609452694164,1.1781098341178418,20,20
annual_mean_removed,P3,random_forest,1.0,,,,0.0,0.0,20,20
annual_mean_removed,P3,random_forest,3.0,-2.0892434375312146,-4.8523144931117415,-0.22899002538079666,0.27619903240147897,0.08222221268547905,20,20
annual_mean_removed,P3,random_forest,7.0,-2.5362083106954283,-4.860554204920164,-0.9740734684944348,0.40617091977823616,0.16142854301296936,20,20
annual_mean_removed,P3,random_forest,10.0,-2.631081366498935,-5.067672648015441,-1.0465673153532695,0.4627895659082159,0.1968499517440796,20,20
annual_mean_removed,P3,random_forest,14.0,-1.9267365169692403,-3.3119656248562612,-0.9423113234937149,0.5203790859318674,0.24367346544655,20,20
annual_mean_removed,P3,random_forest,21.0,-1.4913543836435017,-2.4918667113960455,-0.7896246778750415,0.5880308704356298,0.30531807027661434,20,20
annual_mean_removed,P3,random_forest,30.0,-1.3905385793228364,-2.403208743947638,-0.6333082814810899,0.6420645616247607,0.3475264952587159,20,20
annual_mean_removed,P3,random_forest,45.0,-0.9483084643716364,-1.666056771795535,-0.3987454046289936,0.6680446700521359,0.4337227292179085,20,20
annual_mean_removed,P3,random_forest,60.0,-0.7846761043488153,-1.2818223027842057,-0.35727990525473197,0.7076490954484695,0.49568077750123185,20,20
annual_mean_removed,P3,random_forest,90.0,-0.44993064510524794,-0.657825948216615,-0.23289483830646843,0.7512771644225607,0.5846110925247412,20,20
annual_mean_removed,P3,random_forest,120.0,-0.2925194732801396,-0.43544714498518583,-0.14689660100399093,0.8273245060834526,0.7098622331715839,20,20
annual_mean_removed,P3,random_forest,150.0,-0.18968110332397708,-0.31727603979331764,-0.0669538936205762,0.8552276005661763,0.7968868672381931,20,20
annual_mean_removed,P3,random_forest,180.0,-0.07243746412268563,-0.15518826630045954,0.0034539357173395515,0.8705528715721149,0.8658128124498697,20,20
annual_mean_removed,P3,random_forest,240.0,0.03584440598805866,-0.008353685405110356,0.08233630682877477,0.9439092299276769,0.9969667333970499,20,20
annual_mean_removed,P3,random_forest,365.0,0.08780433729323206,0.04441619738712402,0.12943517799507911,1.0413670701333164,1.1781098341178418,20,20
annual_mean_removed,P3,xgboost,1.0,,,,0.0,0.0,20,20
annual_mean_removed,P3,xgboost,3.0,-1.767901680182174,-3.505044700984908,-0.3371643545537504,0.278243605295817,0.08222221268547905,20,20
annual_mean_removed,P3,xgboost,7.0,-1.9364416693666675,-3.3357354852202525,-0.8432003686714368,0.36863902734250437,0.16142854301296936,20,20
annual_mean_removed,P3,xgboost,10.0,-2.2757848456636856,-4.047893325508208,-1.0001428744435812,0.4317815170288085,0.1968499517440796,20,20
annual_mean_removed,P3,xgboost,14.0,-1.6323754665345398,-2.6091515818176623,-0.822375077112566,0.46947689964657735,0.24367346544655,20,20
annual_mean_removed,P3,xgboost,21.0,-1.257969614702913,-1.9550718375157625,-0.6619234379269565,0.5220070512098338,0.30531807027661434,20,20
annual_mean_removed,P3,xgboost,30.0,-1.0862172746126992,-1.8200947929237594,-0.5095536457461063,0.5667487551618826,0.3475264952587159,20,20
annual_mean_removed,P3,xgboost,45.0,-0.7555156149255884,-1.2585651779411553,-0.31571670440301064,0.60962824195433,0.4337227292179085,20,20
annual_mean_removed,P3,xgboost,60.0,-0.6119911516428178,-0.9952569454772802,-0.2723241885249413,0.6442457103081574,0.49568077750123185,20,20
annual_mean_removed,P3,xgboost,90.0,-0.31729373392142246,-0.5153563145780725,-0.12743599043639636,0.683608506720026,0.5846110925247412,20,20
annual_mean_removed,P3,xgboost,120.0,-0.15137677086286055,-0.2696591386491446,-0.035411745915422364,0.7447678174067562,0.7098622331715839,20,20
annual_mean_removed,P3,xgboost,150.0,-0.06598740041248627,-0.1659423391175617,0.029787289953320396,0.7754503533959183,0.7968868672381931,20,20
annual_mean_removed,P3,xgboost,180.0,0.033180024028650126,-0.026041630787206105,0.09227032545046938,0.789273342373775,0.8658128124498697,20,20
annual_mean_removed,P3,xgboost,240.0,0.12779438653067915,0.0936065369059902,0.16465993418513955,0.8548769664414804,0.9969667333970499,20,20
annual_mean_removed,P3,xgboost,365.0,0.16383279894767802,0.13045415528062895,0.19485769460110863,0.9584127623167108,1.1781098341178418,20,20
annual_mean_removed,S2,air_hydro,1.0,,,,0.0,0.0,20,20
annual_mean_removed,S2,air_hydro,3.0,-0.2896673684415261,-0.6167840901968742,0.004079587878663529,0.15266415895313695,0.12111114660898847,20,20
annual_mean_removed,S2,air_hydro,7.0,-0.1341029579861472,-0.2969088925654474,0.032036278433572686,0.22771414481550206,0.2089796669629155,20,20
annual_mean_removed,S2,air_hydro,10.0,-0.029179031332039508,-0.18742849704709666,0.10878137868506582,0.24704275618942417,0.24395005917549134,20,20
annual_mean_removed,S2,air_hydro,14.0,-0.00281094893700356,-0.09581786377082771,0.09323716373095187,0.3011144862313128,0.3049235167552014,20,20
annual_mean_removed,S2,air_hydro,21.0,-0.027789161298437427,-0.08516262675600098,0.028249060291449885,0.36856164235755373,0.36806124883984764,20,20
annual_mean_removed,S2,air_hydro,30.0,-0.059371925777303235,-0.1158629355850865,-0.010257890717891162,0.4265243384634382,0.4194889271789126,20,20
annual_mean_removed,S2,air_hydro,45.0,-0.09808602058003679,-0.14973680382966217,-0.05574879347906424,0.5191303658342652,0.48211611348898514,20,20
annual_mean_removed,S2,air_hydro,60.0,-0.09795879131793975,-0.16842726755043108,-0.03551491489913001,0.5643187621514085,0.5264084152148765,20,20
annual_mean_removed,S2,air_hydro,90.0,-0.09143643231257292,-0.12843547358788232,-0.055981034870764904,0.5819635270298685,0.5284810586057478,20,20
annual_mean_removed,S2,air_hydro,120.0,-0.06556953952951414,-0.09897225961040163,-0.027367347056865426,0.5655673258553554,0.5288831358192809,20,20
annual_mean_removed,S2,air_hydro,150.0,-0.07658096085987529,-0.11234093684613482,-0.04751467948416329,0.5477437250554831,0.5134635726177041,20,20
annual_mean_removed,S2,air_hydro,180.0,-0.06764714998158175,-0.09903936225829281,-0.03855768622137523,0.5549026289597309,0.5276726321735563,20,20
annual_mean_removed,S2,air_hydro,240.0,-0.010029336785196935,-0.04598273800407245,0.023465746617726026,0.5623394088423245,0.5636481126782769,20,20
annual_mean_removed,S2,air_hydro,365.0,0.027686218334947478,-0.005325488715125141,0.05816622433381523,0.5930625719255438,0.6137986466927565,20,20
annual_mean_removed,S2,air_only,1.0,,,,0.0,0.0,20,20
annual_mean_removed,S2,air_only,3.0,-0.2643652071367706,-0.5841933810779186,0.02865932149575897,0.15291698736226628,0.12111114660898847,20,20
annual_mean_removed,S2,air_only,7.0,-0.13727396148147952,-0.3232111570068274,0.04073195817510806,0.22836591719473803,0.2089796669629155,20,20
annual_mean_removed,S2,air_only,10.0,-0.059373234400169436,-0.2529914118436505,0.11648109821949598,0.24822242886908094,0.24395005917549134,20,20
annual_mean_removed,S2,air_only,14.0,0.009726467553752177,-0.1301976397132157,0.1427239680412639,0.29705976437985615,0.3049235167552014,20,20
annual_mean_removed,S2,air_only,21.0,0.012946891552555784,-0.08500256937567123,0.09648870993502019,0.3519015425195597,0.36806124883984764,20,20
annual_mean_removed,S2,air_only,30.0,-0.008789860775199554,-0.07151043988776451,0.04702518536282017,0.4014128798859744,0.4194889271789126,20,20
annual_mean_removed,S2,air_only,45.0,0.011668660987462198,-0.043597544594167266,0.06150814656908678,0.467217324054393,0.48211611348898514,20,20
annual_mean_removed,S2,air_only,60.0,0.03922949183089194,0.010989805222264412,0.06793181127702107,0.5001238724087141,0.5264084152148765,20,20
annual_mean_removed,S2,air_only,90.0,0.04952086190514789,0.028582262096284693,0.0692832755220054,0.4999889525033664,0.5284810586057478,20,20
annual_mean_removed,S2,air_only,120.0,0.059544164702189,0.032596551076757484,0.08177858410148212,0.494843713293405,0.5288831358192809,20,20
annual_mean_removed,S2,air_only,150.0,0.04943004827776639,0.02602277979472119,0.06902491622170363,0.4856611852183109,0.5134635726177041,20,20
annual_mean_removed,S2,air_only,180.0,0.050691381751985176,0.03251763748613002,0.06644402382208019,0.49818400052012646,0.5276726321735563,20,20
annual_mean_removed,S2,air_only,240.0,0.06080375877772535,0.04203964563507575,0.07840472985698811,0.5265044164772635,0.5636481126782769,20,20
annual_mean_removed,S2,air_only,365.0,0.059864713258202286,0.0496312310204903,0.06927135435063618,0.5765327448459647,0.6137986466927565,20,20
annual_mean_removed,S2,climatology,1.0,,,,0.0,0.0,20,20
annual_mean_removed,S2,climatology,3.0,0.0,0.0,0.0,0.12111114660898847,0.12111114660898847,20,20
annual_mean_removed,S2,climatology,7.0,0.0,0.0,0.0,0.2089796669629155,0.2089796669629155,20,20
annual_mean_removed,S2,climatology,10.0,0.0,0.0,0.0,0.24395005917549134,0.24395005917549134,20,20
annual_mean_removed,S2,climatology,14.0,0.0,0.0,0.0,0.3049235167552014,0.3049235167552014,20,20
annual_mean_removed,S2,climatology,21.0,0.0,0.0,0.0,0.36806124883984764,0.36806124883984764,20,20
annual_mean_removed,S2,climatology,30.0,0.0,0.0,0.0,0.4194889271789126,0.4194889271789126,20,20
annual_mean_removed,S2,climatology,45.0,0.0,0.0,0.0,0.48211611348898514,0.48211611348898514,20,20
annual_mean_removed,S2,climatology,60.0,0.0,0.0,0.0,0.5264084152148765,0.5264084152148765,20,20
annual_mean_removed,S2,climatology,90.0,0.0,0.0,0.0,0.5284810586057478,0.5284810586057478,20,20
annual_mean_removed,S2,climatology,120.0,0.0,0.0,0.0,0.5288831358192809,0.5288831358192809,20,20
annual_mean_removed,S2,climatology,150.0,0.0,0.0,0.0,0.5134635726177041,0.5134635726177041,20,20
annual_mean_removed,S2,climatology,180.0,0.0,0.0,0.0,0.5276726321735563,0.5276726321735563,20,20
annual_mean_removed,S2,climatology,240.0,0.0,0.0,0.0,0.5636481126782769,0.5636481126782769,20,20
annual_mean_removed,S2,climatology,365.0,0.0,0.0,0.0,0.6137986466927565,0.6137986466927565,20,20
annual_mean_removed,S2,donor_regression,1.0,,,,0.0,0.0,20,20
annual_mean_removed,S2,donor_regression,3.0,-0.2912270962527651,-0.70489420822331,0.05319971575772267,0.1493727540699207,0.12111114660898847,20,20
annual_mean_removed,S2,donor_regression,7.0,0.06910245405405484,-0.0731904213817613,0.1943347680176795,0.18557637412146935,0.2089796669629155,20,20
annual_mean_removed,S2,donor_regression,10.0,0.1213614608317117,0.005439717054014952,0.22213279826830845,0.2034879426667926,0.24395005917549134,20,20
annual_mean_removed,S2,donor_regression,14.0,0.17773279218037713,0.093313962277288,0.26000842735568835,0.23515096609193403,0.3049235167552014,20,20
annual_mean_removed,S2,donor_regression,21.0,0.1940968749398782,0.10855123928105001,0.27693427159413886,0.27319016890693204,0.36806124883984764,20,20
annual_mean_removed,S2,donor_regression,30.0,0.15642770645979448,0.06043698093255413,0.25816640967019155,0.31718519528453537,0.4194889271789126,20,20
annual_mean_removed,S2,donor_regression,45.0,0.20797822182260278,0.08373563997139878,0.302439569681968,0.35510288299268056,0.48211611348898514,20,20
annual_mean_removed,S2,donor_regression,60.0,0.21864739031784763,0.11257418130367454,0.31956295203593454,0.3802751881931381,0.5264084152148765,20,20
annual_mean_removed,S2,donor_regression,90.0,0.22801806419849635,0.16841864680730742,0.2896903483791241,0.3927475210604576,0.5284810586057478,20,20
annual_mean_removed,S2,donor_regression,120.0,0.2290008866083487,0.16900370885977825,0.29890122133750724,0.3935249888522241,0.5288831358192809,20,20
annual_mean_removed,S2,donor_regression,150.0,0.2112803330519859,0.14527366276443843,0.28631733625932604,0.3887766598149021,0.5134635726177041,20,20
annual_mean_removed,S2,donor_regression,180.0,0.23814318726796757,0.1761228995744952,0.30452615930934723,0.3870073092760816,0.5276726321735563,20,20
annual_mean_removed,S2,donor_regression,240.0,0.276845359655159,0.21237959575298643,0.3471856169650487,0.39235212475940295,0.5636481126782769,20,20
annual_mean_removed,S2,donor_regression,365.0,0.31363844133350344,0.2688711830322017,0.35423702860532963,0.41657179531294125,0.6137986466927565,20,20
annual_mean_removed,S2,kalman,1.0,,,,0.0,0.0,20,20
annual_mean_removed,S2,kalman,3.0,-0.01784992453522062,-0.40502852654902316,0.30844010442735714,0.10614617707450225,0.12111114660898847,20,20
annual_mean_removed,S2,kalman,7.0,0.16779887884354766,0.0020741809644158208,0.31530334131601667,0.16081661369201022,0.2089796669629155,20,20
annual_mean_removed,S2,kalman,10.0,0.24813055862316916,0.11194495472236876,0.39246703203438565,0.16547506113843347,0.24395005917549134,20,20
annual_mean_removed,S2,kalman,14.0,0.17631367211946328,0.06491489111011563,0.2815402436596995,0.2317693340796268,0.3049235167552014,20,20
annual_mean_removed,S2,kalman,21.0,0.1058446461275588,0.019631756598904728,0.18770491470637016,0.330129408096604,0.36806124883984764,20,20
annual_mean_removed,S2,kalman,30.0,0.06667333351799717,-0.006962436088102902,0.13256919807394296,0.37031690833582076,0.4194889271789126,20,20
annual_mean_removed,S2,kalman,45.0,0.07071456192367047,-0.05427896901822302,0.18639911424679326,0.42988244440627826,0.48211611348898514,20,20
annual_mean_removed,S2,kalman,60.0,0.02569641197335526,-0.05325753665392864,0.10892572039571272,0.491560875592871,0.5264084152148765,20,20
annual_mean_removed,S2,kalman,90.0,-0.09265050976773441,-0.17818316940650136,-0.006689110665585399,0.5744545715049577,0.5284810586057478,20,20
annual_mean_removed,S2,kalman,120.0,-0.1856564253672165,-0.32203683225076346,-0.06514034657074577,0.6108618030950855,0.5288831358192809,20,20
annual_mean_removed,S2,kalman,150.0,-0.5431053395599698,-0.7740082016494638,-0.3288918665289757,0.7595710279140964,0.5134635726177041,20,20
annual_mean_removed,S2,kalman,180.0,-0.7313347355444004,-0.974201120766244,-0.4951934596787011,0.8858433815258921,0.5276726321735563,20,20
annual_mean_removed,S2,kalman,240.0,-1.4854664988193638,-1.9950870908468925,-1.027421914793663,1.329151568280101,0.5636481126782769,20,20
annual_mean_removed,S2,kalman,365.0,-4.693004256484953,-5.4130166161800455,-3.964932750890607,3.441508117257243,0.6137986466927565,20,20
annual_mean_removed,S2,linear,1.0,,,,0.0,0.0,20,20
annual_mean_removed,S2,linear,3.0,-0.017650064566896034,-0.3908856975860072,0.3117529668443801,0.1061110602484809,0.12111114660898847,20,20
annual_mean_removed,S2,linear,7.0,0.1660741529498484,0.010248014107281891,0.31755944746342785,0.16104595150266374,0.2089796669629155,20,20
annual_mean_removed,S2,linear,10.0,0.24905485511341005,0.11658051784297076,0.3847475361426617,0.1655636657801542,0.24395005917549134,20,20
annual_mean_removed,S2,linear,14.0,0.17603778845892096,0.06657029757382028,0.2922363840104932,0.23248301639037883,0.3049235167552014,20,20
annual_mean_removed,S2,linear,21.0,0.10974275760080858,0.02401293429651931,0.1948855003556688,0.329149671108102,0.36806124883984764,20,20
annual_mean_removed,S2,linear,30.0,0.052413560274011825,-0.01356675297698394,0.11500295606217224,0.3739842604428637,0.4194889271789126,20,20
annual_mean_removed,S2,linear,45.0,0.03815594532762554,-0.08485594577735579,0.1533677354283295,0.4411331106088535,0.48211611348898514,20,20
annual_mean_removed,S2,linear,60.0,-0.043468992500983,-0.16072441964354708,0.062421411778708774,0.518611703717287,0.5264084152148765,20,20
annual_mean_removed,S2,linear,90.0,-0.25179883853276996,-0.41895489701954824,-0.0946440032306835,0.6445567288073935,0.5284810586057478,20,20
annual_mean_removed,S2,linear,120.0,-0.5446340105441896,-0.8385832374797078,-0.287553735785271,0.7701956069250322,0.5288831358192809,20,20
annual_mean_removed,S2,linear,150.0,-1.1137012006492895,-1.5887549795357054,-0.7030051709152244,1.0183986081170633,0.5134635726177041,20,20
annual_mean_removed,S2,linear,180.0,-1.5504741481512467,-2.0704497060324387,-1.096512331251057,1.2794291763341774,0.5276726321735563,20,20
annual_mean_removed,S2,linear,240.0,-2.879023731366528,-3.493423914518217,-2.314410938969937,2.0884339057293633,0.5636481126782769,20,20
annual_mean_removed,S2,linear,365.0,-4.95990846736408,-5.405371525157862,-4.540353188076783,3.6122962630833384,0.6137986466927565,20,20
annual_mean_removed,S2,pchip,1.0,,,,0.0,0.0,20,20
annual_mean_removed,S2,pchip,3.0,-0.13173112835129022,-0.6205710017244704,0.2638882671314803,0.11353630150257629,0.12111114660898847,20,20
annual_mean_removed,S2,pchip,7.0,0.13382615956814695,-0.06566466664315808,0.30214137056439755,0.16506888515874063,0.2089796669629155,20,20
annual_mean_removed,S2,pchip,10.0,0.22068896000140442,0.07142910112932194,0.3593513341339036,0.17007588413523606,0.24395005917549134,20,20
annual_mean_removed,S2,pchip,14.0,0.13918702896021443,-0.039396113131843165,0.28817057177636785,0.2330126381732379,0.3049235167552014,20,20
annual_mean_removed,S2,pchip,21.0,0.030396124370507593,-0.08565063451645978,0.15035301822134614,0.3469391437278736,0.36806124883984764,20,20
annual_mean_removed,S2,pchip,30.0,-0.06129171890445987,-0.19579657594597802,0.04651567525617767,0.4116612890750157,0.4194889271789126,20,20
annual_mean_removed,S2,pchip,45.0,-0.09400104391701362,-0.2984308514936044,0.0891254455889122,0.48029365580222594,0.48211611348898514,20,20
annual_mean_removed,S2,pchip,60.0,-0.005674576632123962,-0.1509442898626212,0.12132242815903331,0.5021304113153666,0.5264084152148765,20,20
annual_mean_removed,S2,pchip,90.0,-0.4005337243627037,-0.5906465340643295,-0.21037696390871044,0.7305575617893603,0.5284810586057478,20,20
annual_mean_removed,S2,pchip,120.0,-0.531041045140465,-0.8216126999667436,-0.2679454308273921,0.7734035222732942,0.5288831358192809,20,20
annual_mean_removed,S2,pchip,150.0,-1.027806758660851,-1.4241791857734174,-0.660319407839033,0.9927417127191657,0.5134635726177041,20,20
annual_mean_removed,S2,pchip,180.0,-1.2399151071825978,-1.682074434120612,-0.8347687196795056,1.132871204491682,0.5276726321735563,20,20
annual_mean_removed,S2,pchip,240.0,-2.758899868940264,-3.371442251261066,-2.2154651332828683,2.032561820977472,0.5636481126782769,20,20
annual_mean_removed,S2,pchip,365.0,-4.930231428736418,-5.389286363715118,-4.522000011643269,3.593354272481366,0.6137986466927565,20,20
annual_mean_removed,S2,random_forest,1.0,,,,0.0,0.0,20,20
annual_mean_removed,S2,random_forest,3.0,-0.41325023527556354,-0.7368644453787423,-0.06650702974232402,0.16828437340621943,0.12111114660898847,20,20
annual_mean_removed,S2,random_forest,7.0,-0.10185297530413116,-0.3034745211448594,0.08865074094919036,0.21342085807215208,0.2089796669629155,20,20
annual_mean_removed,S2,random_forest,10.0,-0.10450713230127473,-0.2906264514764762,0.06318499512569493,0.24201219279469083,0.24395005917549134,20,20
annual_mean_removed,S2,random_forest,14.0,-0.0053011385285646525,-0.198947795705008,0.1881575494302824,0.2653237047457849,0.3049235167552014,20,20
annual_mean_removed,S2,random_forest,21.0,0.040269861015651685,-0.141523444416,0.20728263818154458,0.3081086902406952,0.36806124883984764,20,20
annual_mean_removed,S2,random_forest,30.0,0.01319032189068876,-0.14455746947753964,0.16630824704137073,0.3674886874892213,0.4194889271789126,20,20
annual_mean_removed,S2,random_forest,45.0,0.13544098754646874,0.004904140626251475,0.25409125571805735,0.3885669391575296,0.48211611348898514,20,20
annual_mean_removed,S2,random_forest,60.0,0.19313238529062599,0.06476718863515381,0.3072637934195979,0.38834735777335766,0.5264084152148765,20,20
annual_mean_removed,S2,random_forest,90.0,0.20614002320340438,0.1350727094757397,0.27603363698871075,0.39998293249403327,0.5284810586057478,20,20
annual_mean_removed,S2,random_forest,120.0,0.19575066123988216,0.13049886964599247,0.26518755142737754,0.4084388533361894,0.5288831358192809,20,20
annual_mean_removed,S2,random_forest,150.0,0.19519647578212948,0.13096434624434272,0.25704421863049276,0.39998861886192144,0.5134635726177041,20,20
annual_mean_removed,S2,random_forest,180.0,0.22412359333690138,0.15777999631997722,0.28728543480998436,0.3980054989348962,0.5276726321735563,20,20
annual_mean_removed,S2,random_forest,240.0,0.25665589228832314,0.19441259436518707,0.31834871002004067,0.4057361740786952,0.5636481126782769,20,20
annual_mean_removed,S2,random_forest,365.0,0.2954182422152868,0.27110173491155176,0.3179763681453192,0.4300855572789072,0.6137986466927565,20,20
annual_mean_removed,S2,xgboost,1.0,,,,0.0,0.0,20,20
annual_mean_removed,S2,xgboost,3.0,-0.7449043309747714,-1.216896270435684,-0.307041586383111,0.19823204676310222,0.12111114660898847,20,20
annual_mean_removed,S2,xgboost,7.0,-0.33396511399666773,-0.574921831676228,-0.1001135472586057,0.2508204995369424,0.2089796669629155,20,20
annual_mean_removed,S2,xgboost,10.0,-0.24299994637091915,-0.5185855947606779,0.03235622675462708,0.27334104919433594,0.24395005917549134,20,20
annual_mean_removed,S2,xgboost,14.0,-0.09423905596739915,-0.36789821217435115,0.1494523764793409,0.28920615960140617,0.3049235167552014,20,20
annual_mean_removed,S2,xgboost,21.0,0.003079907295302242,-0.2347266968862887,0.21423851007991962,0.3163483099602247,0.36806124883984764,20,20
annual_mean_removed,S2,xgboost,30.0,0.035015145844779993,-0.1524154326593382,0.18866476614179198,0.35834683524237737,0.4194889271789126,20,20
annual_mean_removed,S2,xgboost,45.0,0.18021524497207295,0.06590970473847738,0.2754140864016067,0.36950276785991215,0.48211611348898514,20,20
annual_mean_removed,S2,xgboost,60.0,0.24063865081010052,0.1422312687311729,0.32762212346359654,0.3675725710450878,0.5264084152148765,20,20
annual_mean_removed,S2,xgboost,90.0,0.2543673501626341,0.20499540172907488,0.3049422879694719,0.37797920441170785,0.5284810586057478,20,20
annual_mean_removed,S2,xgboost,120.0,0.2612555975488946,0.2122923631142281,0.311566165514646,0.37609171778333705,0.5288831358192809,20,20
annual_mean_removed,S2,xgboost,150.0,0.25748121435200855,0.2117629115070877,0.3109208094717008,0.37029759659018585,0.5134635726177041,20,20
annual_mean_removed,S2,xgboost,180.0,0.27891520585419577,0.2274819377235292,0.33131110522420554,0.37140213161012847,0.5276726321735563,20,20
annual_mean_removed,S2,xgboost,240.0,0.3046667028547946,0.25400127682439916,0.3563460971400152,0.38095179872553214,0.5636481126782769,20,20
annual_mean_removed,S2,xgboost,365.0,0.33414758024964797,0.3139341020155981,0.35293084906471917,0.40677352784768717,0.6137986466927565,20,20
