method,bootstrap_draw,change_index,first_post_change_date
pettitt_rank_location_change,1,2252,2012-03-02
pettitt_rank_location_change,2,2707,2013-05-31
pettitt_rank_location_change,3,2597,2013-02-10
pettitt_rank_location_change,4,2797,2013-08-29
pettitt_rank_location_change,5,2602,2013-02-15
pettitt_rank_location_change,6,2344,2012-06-02
pettitt_rank_location_change,7,2786,2013-08-18
pettitt_rank_location_change,8,2440,2012-09-06
pettitt_rank_location_change,9,2413,2012-08-10
pettitt_rank_location_change,10,2592,2013-02-05
pettitt_rank_location_change,11,2372,2012-06-30
pettitt_rank_location_change,12,2702,2013-05-26
pettitt_rank_location_change,13,2822,2013-09-23
pettitt_rank_location_change,14,2655,2013-04-09
pettitt_rank_location_change,15,2683,2013-05-07
pettitt_rank_location_change,16,2762,2013-07-25
pettitt_rank_location_change,17,2569,2013-01-13
pettitt_rank_location_change,18,1483,2010-01-23
pettitt_rank_location_change,19,2386,2012-07-14
pettitt_rank_location_change,20,2825,2013-09-26
pettitt_rank_location_change,21,2720,2013-06-13
pettitt_rank_location_change,22,1878,2011-02-22
pettitt_rank_location_change,23,2775,2013-08-07
pettitt_rank_location_change,24,2706,2013-05-30
pettitt_rank_location_change,25,2446,2012-09-12
pettitt_rank_location_change,26,2701,2013-05-25
pettitt_rank_location_change,27,2702,2013-05-26
pettitt_rank_location_change,28,2620,2013-03-05
pettitt_rank_location_change,29,2356,2012-06-14
pettitt_rank_location_change,30,2541,2012-12-16
pettitt_rank_location_change,31,2579,2013-01-23
pettitt_rank_location_change,32,2666,2013-04-20
pettitt_rank_location_change,33,2702,2013-05-26
pettitt_rank_location_change,34,2702,2013-05-26
pettitt_rank_location_change,35,2588,2013-02-01
pettitt_rank_location_change,36,2746,2013-07-09
pettitt_rank_location_change,37,2650,2013-04-04
pettitt_rank_location_change,38,1703,2010-08-31
pettitt_rank_location_change,39,2119,2011-10-21
pettitt_rank_location_change,40,2845,2013-10-16
pettitt_rank_location_change,41,2547,2012-12-22
pettitt_rank_location_change,42,2695,2013-05-19
pettitt_rank_location_change,43,2613,2013-02-26
pettitt_rank_location_change,44,2498,2012-11-03
pettitt_rank_location_change,45,2702,2013-05-26
pettitt_rank_location_change,46,2647,2013-04-01
pettitt_rank_location_change,47,2811,2013-09-12
pettitt_rank_location_change,48,2704,2013-05-28
pettitt_rank_location_change,49,2562,2013-01-06
pettitt_rank_location_change,50,2782,2013-08-14
pettitt_rank_location_change,51,2520,2012-11-25
pettitt_rank_location_change,52,2574,2013-01-18
pettitt_rank_location_change,53,2646,2013-03-31
pettitt_rank_location_change,54,2677,2013-05-01
pettitt_rank_location_change,55,2340,2012-05-29
pettitt_rank_location_change,56,2702,2013-05-26
pettitt_rank_location_change,57,2388,2012-07-16
pettitt_rank_location_change,58,2785,2013-08-17
pettitt_rank_location_change,59,2554,2012-12-29
pettitt_rank_location_change,60,2752,2013-07-15
pettitt_rank_location_change,61,2532,2012-12-07
pettitt_rank_location_change,62,2710,2013-06-03
pettitt_rank_location_change,63,2058,2011-08-21
pettitt_rank_location_change,64,2337,2012-05-26
pettitt_rank_location_change,65,2746,2013-07-09
pettitt_rank_location_change,66,2774,2013-08-06
pettitt_rank_location_change,67,1690,2010-08-18
pettitt_rank_location_change,68,1631,2010-06-20
pettitt_rank_location_change,69,2602,2013-02-15
pettitt_rank_location_change,70,2714,2013-06-07
pettitt_rank_location_change,71,2332,2012-05-21
pettitt_rank_location_change,72,2796,2013-08-28
pettitt_rank_location_change,73,2798,2013-08-30
pettitt_rank_location_change,74,2795,2013-08-27
pettitt_rank_location_change,75,2688,2013-05-12
pettitt_rank_location_change,76,2875,2013-11-15
pettitt_rank_location_change,77,2444,2012-09-10
pettitt_rank_location_change,78,2760,2013-07-23
pettitt_rank_location_change,79,2702,2013-05-26
pettitt_rank_location_change,80,2615,2013-02-28
pettitt_rank_location_change,81,2452,2012-09-18
pettitt_rank_location_change,82,2428,2012-08-25
pettitt_rank_location_change,83,2609,2013-02-22
pettitt_rank_location_change,84,2811,2013-09-12
pettitt_rank_location_change,85,2678,2013-05-02
pettitt_rank_location_change,86,2702,2013-05-26
pettitt_rank_location_change,87,2659,2013-04-13
pettitt_rank_location_change,88,2690,2013-05-14
pettitt_rank_location_change,89,2323,2012-05-12
pettitt_rank_location_change,90,2393,2012-07-21
pettitt_rank_location_change,91,2702,2013-05-26
pettitt_rank_location_change,92,2517,2012-11-22
pettitt_rank_location_change,93,2719,2013-06-12
pettitt_rank_location_change,94,1607,2010-05-27
pettitt_rank_location_change,95,2726,2013-06-19
pettitt_rank_location_change,96,2453,2012-09-19
pettitt_rank_location_change,97,2000,2011-06-24
pettitt_rank_location_change,98,2279,2012-03-29
pettitt_rank_location_change,99,2653,2013-04-07
pettitt_rank_location_change,100,2702,2013-05-26
pettitt_rank_location_change,101,2815,2013-09-16
pettitt_rank_location_change,102,2607,2013-02-20
pettitt_rank_location_change,103,2694,2013-05-18
pettitt_rank_location_change,104,2639,2013-03-24
pettitt_rank_location_change,105,2047,2011-08-10
pettitt_rank_location_change,106,2820,2013-09-21
pettitt_rank_location_change,107,2582,2013-01-26
pettitt_rank_location_change,108,2109,2011-10-11
pettitt_rank_location_change,109,2751,2013-07-14
pettitt_rank_location_change,110,2696,2013-05-20
pettitt_rank_location_change,111,2569,2013-01-13
pettitt_rank_location_change,112,2416,2012-08-13
pettitt_rank_location_change,113,2630,2013-03-15
pettitt_rank_location_change,114,2019,2011-07-13
pettitt_rank_location_change,115,2362,2012-06-20
pettitt_rank_location_change,116,2668,2013-04-22
pettitt_rank_location_change,117,2630,2013-03-15
pettitt_rank_location_change,118,2686,2013-05-10
pettitt_rank_location_change,119,2527,2012-12-02
pettitt_rank_location_change,120,2422,2012-08-19
pettitt_rank_location_change,121,2631,2013-03-16
pettitt_rank_location_change,122,2654,2013-04-08
pettitt_rank_location_change,123,2702,2013-05-26
pettitt_rank_location_change,124,1949,2011-05-04
pettitt_rank_location_change,125,2625,2013-03-10
pettitt_rank_location_change,126,2639,2013-03-24
pettitt_rank_location_change,127,2504,2012-11-09
pettitt_rank_location_change,128,2262,2012-03-12
pettitt_rank_location_change,129,2609,2013-02-22
pettitt_rank_location_change,130,2690,2013-05-14
pettitt_rank_location_change,131,2325,2012-05-14
pettitt_rank_location_change,132,1930,2011-04-15
pettitt_rank_location_change,133,2633,2013-03-18
pettitt_rank_location_change,134,2719,2013-06-12
pettitt_rank_location_change,135,2822,2013-09-23
pettitt_rank_location_change,136,2632,2013-03-17
pettitt_rank_location_change,137,2722,2013-06-15
pettitt_rank_location_change,138,2707,2013-05-31
pettitt_rank_location_change,139,2744,2013-07-07
pettitt_rank_location_change,140,2392,2012-07-20
pettitt_rank_location_change,141,2805,2013-09-06
pettitt_rank_location_change,142,2696,2013-05-20
pettitt_rank_location_change,143,2769,2013-08-01
pettitt_rank_location_change,144,2374,2012-07-02
pettitt_rank_location_change,145,2096,2011-09-28
pettitt_rank_location_change,146,2691,2013-05-15
pettitt_rank_location_change,147,2522,2012-11-27
pettitt_rank_location_change,148,2702,2013-05-26
pettitt_rank_location_change,149,2647,2013-04-01
pettitt_rank_location_change,150,2569,2013-01-13
pettitt_rank_location_change,151,2728,2013-06-21
pettitt_rank_location_change,152,2020,2011-07-14
pettitt_rank_location_change,153,2560,2013-01-04
pettitt_rank_location_change,154,2851,2013-10-22
pettitt_rank_location_change,155,2820,2013-09-21
pettitt_rank_location_change,156,2454,2012-09-20
pettitt_rank_location_change,157,2702,2013-05-26
pettitt_rank_location_change,158,2591,2013-02-04
pettitt_rank_location_change,159,2864,2013-11-04
pettitt_rank_location_change,160,2649,2013-04-03
pettitt_rank_location_change,161,2668,2013-04-22
pettitt_rank_location_change,162,2823,2013-09-24
pettitt_rank_location_change,163,2697,2013-05-21
pettitt_rank_location_change,164,2320,2012-05-09
pettitt_rank_location_change,165,2596,2013-02-09
pettitt_rank_location_change,166,2702,2013-05-26
pettitt_rank_location_change,167,2406,2012-08-03
pettitt_rank_location_change,168,2737,2013-06-30
pettitt_rank_location_change,169,2374,2012-07-02
pettitt_rank_location_change,170,2761,2013-07-24
pettitt_rank_location_change,171,2190,2011-12-31
pettitt_rank_location_change,172,2440,2012-09-06
pettitt_rank_location_change,173,2702,2013-05-26
pettitt_rank_location_change,174,2605,2013-02-18
pettitt_rank_location_change,175,2555,2012-12-30
pettitt_rank_location_change,176,2003,2011-06-27
pettitt_rank_location_change,177,2690,2013-05-14
pettitt_rank_location_change,178,2702,2013-05-26
pettitt_rank_location_change,179,2609,2013-02-22
pettitt_rank_location_change,180,2591,2013-02-04
pettitt_rank_location_change,181,2702,2013-05-26
pettitt_rank_location_change,182,2398,2012-07-26
pettitt_rank_location_change,183,2834,2013-10-05
pettitt_rank_location_change,184,2687,2013-05-11
pettitt_rank_location_change,185,2622,2013-03-07
pettitt_rank_location_change,186,2584,2013-01-28
pettitt_rank_location_change,187,2702,2013-05-26
pettitt_rank_location_change,188,2852,2013-10-23
pettitt_rank_location_change,189,2702,2013-05-26
pettitt_rank_location_change,190,2454,2012-09-20
pettitt_rank_location_change,191,2702,2013-05-26
pettitt_rank_location_change,192,2702,2013-05-26
pettitt_rank_location_change,193,2237,2012-02-16
pettitt_rank_location_change,194,2829,2013-09-30
pettitt_rank_location_change,195,2324,2012-05-13
pettitt_rank_location_change,196,2702,2013-05-26
pettitt_rank_location_change,197,2702,2013-05-26
pettitt_rank_location_change,198,2445,2012-09-11
pettitt_rank_location_change,199,2728,2013-06-21
pettitt_rank_location_change,200,2213,2012-01-23
pettitt_rank_location_change,201,2555,2012-12-30
pettitt_rank_location_change,202,2800,2013-09-01
pettitt_rank_location_change,203,2830,2013-10-01
pettitt_rank_location_change,204,2681,2013-05-05
pettitt_rank_location_change,205,2353,2012-06-11
pettitt_rank_location_change,206,2551,2012-12-26
pettitt_rank_location_change,207,2698,2013-05-22
pettitt_rank_location_change,208,2702,2013-05-26
pettitt_rank_location_change,209,2418,2012-08-15
pettitt_rank_location_change,210,2619,2013-03-04
pettitt_rank_location_change,211,2560,2013-01-04
pettitt_rank_location_change,212,2416,2012-08-13
pettitt_rank_location_change,213,2851,2013-10-22
pettitt_rank_location_change,214,2713,2013-06-06
pettitt_rank_location_change,215,2672,2013-04-26
pettitt_rank_location_change,216,2879,2013-11-19
pettitt_rank_location_change,217,2762,2013-07-25
pettitt_rank_location_change,218,2697,2013-05-21
pettitt_rank_location_change,219,1789,2010-11-25
pettitt_rank_location_change,220,2523,2012-11-28
pettitt_rank_location_change,221,2868,2013-11-08
pettitt_rank_location_change,222,2555,2012-12-30
pettitt_rank_location_change,223,2702,2013-05-26
pettitt_rank_location_change,224,1708,2010-09-05
pettitt_rank_location_change,225,2573,2013-01-17
pettitt_rank_location_change,226,2555,2012-12-30
pettitt_rank_location_change,227,2167,2011-12-08
pettitt_rank_location_change,228,2806,2013-09-07
pettitt_rank_location_change,229,2540,2012-12-15
pettitt_rank_location_change,230,2706,2013-05-30
pettitt_rank_location_change,231,2704,2013-05-28
pettitt_rank_location_change,232,2074,2011-09-06
pettitt_rank_location_change,233,2328,2012-05-17
pettitt_rank_location_change,234,2862,2013-11-02
pettitt_rank_location_change,235,2701,2013-05-25
pettitt_rank_location_change,236,2702,2013-05-26
pettitt_rank_location_change,237,2500,2012-11-05
pettitt_rank_location_change,238,2497,2012-11-02
pettitt_rank_location_change,239,2721,2013-06-14
pettitt_rank_location_change,240,2131,2011-11-02
pettitt_rank_location_change,241,2702,2013-05-26
pettitt_rank_location_change,242,2633,2013-03-18
pettitt_rank_location_change,243,2632,2013-03-17
pettitt_rank_location_change,244,2773,2013-08-05
pettitt_rank_location_change,245,2691,2013-05-15
pettitt_rank_location_change,246,2595,2013-02-08
pettitt_rank_location_change,247,2556,2012-12-31
pettitt_rank_location_change,248,2680,2013-05-04
pettitt_rank_location_change,249,2702,2013-05-26
pettitt_rank_location_change,250,2035,2011-07-29
pettitt_rank_location_change,251,2004,2011-06-28
pettitt_rank_location_change,252,1712,2010-09-09
pettitt_rank_location_change,253,2694,2013-05-18
pettitt_rank_location_change,254,2702,2013-05-26
pettitt_rank_location_change,255,2600,2013-02-13
pettitt_rank_location_change,256,2766,2013-07-29
pettitt_rank_location_change,257,2681,2013-05-05
pettitt_rank_location_change,258,2654,2013-04-08
pettitt_rank_location_change,259,2450,2012-09-16
pettitt_rank_location_change,260,2761,2013-07-24
pettitt_rank_location_change,261,2437,2012-09-03
pettitt_rank_location_change,262,2587,2013-01-31
pettitt_rank_location_change,263,2676,2013-04-30
pettitt_rank_location_change,264,2730,2013-06-23
pettitt_rank_location_change,265,2691,2013-05-15
pettitt_rank_location_change,266,2759,2013-07-22
pettitt_rank_location_change,267,2769,2013-08-01
pettitt_rank_location_change,268,2411,2012-08-08
pettitt_rank_location_change,269,2702,2013-05-26
pettitt_rank_location_change,270,2465,2012-10-01
pettitt_rank_location_change,271,2573,2013-01-17
pettitt_rank_location_change,272,2555,2012-12-30
pettitt_rank_location_change,273,2695,2013-05-19
pettitt_rank_location_change,274,2826,2013-09-27
pettitt_rank_location_change,275,2572,2013-01-16
pettitt_rank_location_change,276,2685,2013-05-09
pettitt_rank_location_change,277,2834,2013-10-05
pettitt_rank_location_change,278,2702,2013-05-26
pettitt_rank_location_change,279,2545,2012-12-20
pettitt_rank_location_change,280,2702,2013-05-26
pettitt_rank_location_change,281,2870,2013-11-10
pettitt_rank_location_change,282,2581,2013-01-25
pettitt_rank_location_change,283,2594,2013-02-07
pettitt_rank_location_change,284,2702,2013-05-26
pettitt_rank_location_change,285,2731,2013-06-24
pettitt_rank_location_change,286,2722,2013-06-15
pettitt_rank_location_change,287,2747,2013-07-10
pettitt_rank_location_change,288,2384,2012-07-12
pettitt_rank_location_change,289,2702,2013-05-26
pettitt_rank_location_change,290,2597,2013-02-10
pettitt_rank_location_change,291,2703,2013-05-27
pettitt_rank_location_change,292,2598,2013-02-11
pettitt_rank_location_change,293,2736,2013-06-29
pettitt_rank_location_change,294,2546,2012-12-21
pettitt_rank_location_change,295,2702,2013-05-26
pettitt_rank_location_change,296,2702,2013-05-26
pettitt_rank_location_change,297,2672,2013-04-26
pettitt_rank_location_change,298,2702,2013-05-26
pettitt_rank_location_change,299,2792,2013-08-24
pettitt_rank_location_change,300,2429,2012-08-26
pettitt_rank_location_change,301,2259,2012-03-09
pettitt_rank_location_change,302,2650,2013-04-04
pettitt_rank_location_change,303,2702,2013-05-26
pettitt_rank_location_change,304,2345,2012-06-03
pettitt_rank_location_change,305,2699,2013-05-23
pettitt_rank_location_change,306,2827,2013-09-28
pettitt_rank_location_change,307,2488,2012-10-24
pettitt_rank_location_change,308,2783,2013-08-15
pettitt_rank_location_change,309,2837,2013-10-08
pettitt_rank_location_change,310,2563,2013-01-07
pettitt_rank_location_change,311,2701,2013-05-25
pettitt_rank_location_change,312,1765,2010-11-01
pettitt_rank_location_change,313,2702,2013-05-26
pettitt_rank_location_change,314,2866,2013-11-06
pettitt_rank_location_change,315,2561,2013-01-05
pettitt_rank_location_change,316,2697,2013-05-21
pettitt_rank_location_change,317,2844,2013-10-15
pettitt_rank_location_change,318,2638,2013-03-23
pettitt_rank_location_change,319,2849,2013-10-20
pettitt_rank_location_change,320,2741,2013-07-04
pettitt_rank_location_change,321,2624,2013-03-09
pettitt_rank_location_change,322,2664,2013-04-18
pettitt_rank_location_change,323,2772,2013-08-04
pettitt_rank_location_change,324,2607,2013-02-20
pettitt_rank_location_change,325,2311,2012-04-30
pettitt_rank_location_change,326,2702,2013-05-26
pettitt_rank_location_change,327,2714,2013-06-07
pettitt_rank_location_change,328,2809,2013-09-10
pettitt_rank_location_change,329,2804,2013-09-05
pettitt_rank_location_change,330,2702,2013-05-26
pettitt_rank_location_change,331,2498,2012-11-03
pettitt_rank_location_change,332,2634,2013-03-19
pettitt_rank_location_change,333,2377,2012-07-05
pettitt_rank_location_change,334,2642,2013-03-27
pettitt_rank_location_change,335,1929,2011-04-14
pettitt_rank_location_change,336,2591,2013-02-04
pettitt_rank_location_change,337,2645,2013-03-30
pettitt_rank_location_change,338,2675,2013-04-29
pettitt_rank_location_change,339,2702,2013-05-26
pettitt_rank_location_change,340,2702,2013-05-26
pettitt_rank_location_change,341,2714,2013-06-07
pettitt_rank_location_change,342,2769,2013-08-01
pettitt_rank_location_change,343,2691,2013-05-15
pettitt_rank_location_change,344,2579,2013-01-23
pettitt_rank_location_change,345,2683,2013-05-07
pettitt_rank_location_change,346,2474,2012-10-10
pettitt_rank_location_change,347,2741,2013-07-04
pettitt_rank_location_change,348,2823,2013-09-24
pettitt_rank_location_change,349,2555,2012-12-30
pettitt_rank_location_change,350,2757,2013-07-20
pettitt_rank_location_change,351,2765,2013-07-28
pettitt_rank_location_change,352,2645,2013-03-30
pettitt_rank_location_change,353,2624,2013-03-09
pettitt_rank_location_change,354,2797,2013-08-29
pettitt_rank_location_change,355,2702,2013-05-26
pettitt_rank_location_change,356,2346,2012-06-04
pettitt_rank_location_change,357,2571,2013-01-15
pettitt_rank_location_change,358,1952,2011-05-07
pettitt_rank_location_change,359,2763,2013-07-26
pettitt_rank_location_change,360,2637,2013-03-22
pettitt_rank_location_change,361,2610,2013-02-23
pettitt_rank_location_change,362,2792,2013-08-24
pettitt_rank_location_change,363,2796,2013-08-28
pettitt_rank_location_change,364,2683,2013-05-07
pettitt_rank_location_change,365,2702,2013-05-26
pettitt_rank_location_change,366,2845,2013-10-16
pettitt_rank_location_change,367,2762,2013-07-25
pettitt_rank_location_change,368,2636,2013-03-21
pettitt_rank_location_change,369,2293,2012-04-12
pettitt_rank_location_change,370,2628,2013-03-13
pettitt_rank_location_change,371,2689,2013-05-13
pettitt_rank_location_change,372,2678,2013-05-02
pettitt_rank_location_change,373,2330,2012-05-19
pettitt_rank_location_change,374,2840,2013-10-11
pettitt_rank_location_change,375,2683,2013-05-07
pettitt_rank_location_change,376,2702,2013-05-26
pettitt_rank_location_change,377,2561,2013-01-05
pettitt_rank_location_change,378,2813,2013-09-14
pettitt_rank_location_change,379,2602,2013-02-15
pettitt_rank_location_change,380,2806,2013-09-07
pettitt_rank_location_change,381,2810,2013-09-11
pettitt_rank_location_change,382,2368,2012-06-26
pettitt_rank_location_change,383,2609,2013-02-22
pettitt_rank_location_change,384,2486,2012-10-22
pettitt_rank_location_change,385,2675,2013-04-29
pettitt_rank_location_change,386,2419,2012-08-16
pettitt_rank_location_change,387,2705,2013-05-29
pettitt_rank_location_change,388,2627,2013-03-12
pettitt_rank_location_change,389,2790,2013-08-22
pettitt_rank_location_change,390,2702,2013-05-26
pettitt_rank_location_change,391,2702,2013-05-26
pettitt_rank_location_change,392,2713,2013-06-06
pettitt_rank_location_change,393,1902,2011-03-18
pettitt_rank_location_change,394,2780,2013-08-12
pettitt_rank_location_change,395,2820,2013-09-21
pettitt_rank_location_change,396,2866,2013-11-06
pettitt_rank_location_change,397,2402,2012-07-30
pettitt_rank_location_change,398,2655,2013-04-09
pettitt_rank_location_change,399,2590,2013-02-03
pettitt_rank_location_change,400,2397,2012-07-25
pettitt_rank_location_change,401,2818,2013-09-19
pettitt_rank_location_change,402,2662,2013-04-16
pettitt_rank_location_change,403,2643,2013-03-28
pettitt_rank_location_change,404,2706,2013-05-30
pettitt_rank_location_change,405,2534,2012-12-09
pettitt_rank_location_change,406,2668,2013-04-22
pettitt_rank_location_change,407,2553,2012-12-28
pettitt_rank_location_change,408,2676,2013-04-30
pettitt_rank_location_change,409,2584,2013-01-28
pettitt_rank_location_change,410,2661,2013-04-15
pettitt_rank_location_change,411,2650,2013-04-04
pettitt_rank_location_change,412,2853,2013-10-24
pettitt_rank_location_change,413,2399,2012-07-27
pettitt_rank_location_change,414,2702,2013-05-26
pettitt_rank_location_change,415,2616,2013-03-01
pettitt_rank_location_change,416,1436,2009-12-07
pettitt_rank_location_change,417,2657,2013-04-11
pettitt_rank_location_change,418,2599,2013-02-12
pettitt_rank_location_change,419,2461,2012-09-27
pettitt_rank_location_change,420,2702,2013-05-26
pettitt_rank_location_change,421,2706,2013-05-30
pettitt_rank_location_change,422,2782,2013-08-14
pettitt_rank_location_change,423,2815,2013-09-16
pettitt_rank_location_change,424,2024,2011-07-18
pettitt_rank_location_change,425,2597,2013-02-10
pettitt_rank_location_change,426,2462,2012-09-28
pettitt_rank_location_change,427,2702,2013-05-26
pettitt_rank_location_change,428,2700,2013-05-24
pettitt_rank_location_change,429,2659,2013-04-13
pettitt_rank_location_change,430,2698,2013-05-22
pettitt_rank_location_change,431,2375,2012-07-03
pettitt_rank_location_change,432,1982,2011-06-06
pettitt_rank_location_change,433,2439,2012-09-05
pettitt_rank_location_change,434,2697,2013-05-21
pettitt_rank_location_change,435,2416,2012-08-13
pettitt_rank_location_change,436,2518,2012-11-23
pettitt_rank_location_change,437,2801,2013-09-02
pettitt_rank_location_change,438,2692,2013-05-16
pettitt_rank_location_change,439,2698,2013-05-22
pettitt_rank_location_change,440,2690,2013-05-14
pettitt_rank_location_change,441,2555,2012-12-30
pettitt_rank_location_change,442,2695,2013-05-19
pettitt_rank_location_change,443,2481,2012-10-17
pettitt_rank_location_change,444,2811,2013-09-12
pettitt_rank_location_change,445,2692,2013-05-16
pettitt_rank_location_change,446,2537,2012-12-12
pettitt_rank_location_change,447,2704,2013-05-28
pettitt_rank_location_change,448,2620,2013-03-05
pettitt_rank_location_change,449,2039,2011-08-02
pettitt_rank_location_change,450,2725,2013-06-18
pettitt_rank_location_change,451,2702,2013-05-26
pettitt_rank_location_change,452,2702,2013-05-26
pettitt_rank_location_change,453,2863,2013-11-03
pettitt_rank_location_change,454,2615,2013-02-28
pettitt_rank_location_change,455,2672,2013-04-26
pettitt_rank_location_change,456,2679,2013-05-03
pettitt_rank_location_change,457,2461,2012-09-27
pettitt_rank_location_change,458,2777,2013-08-09
pettitt_rank_location_change,459,2555,2012-12-30
pettitt_rank_location_change,460,2600,2013-02-13
pettitt_rank_location_change,461,2830,2013-10-01
pettitt_rank_location_change,462,2409,2012-08-06
pettitt_rank_location_change,463,2816,2013-09-17
pettitt_rank_location_change,464,2782,2013-08-14
pettitt_rank_location_change,465,2601,2013-02-14
pettitt_rank_location_change,466,2762,2013-07-25
pettitt_rank_location_change,467,2700,2013-05-24
pettitt_rank_location_change,468,2702,2013-05-26
pettitt_rank_location_change,469,2380,2012-07-08
pettitt_rank_location_change,470,2702,2013-05-26
pettitt_rank_location_change,471,2555,2012-12-30
pettitt_rank_location_change,472,2316,2012-05-05
pettitt_rank_location_change,473,2702,2013-05-26
pettitt_rank_location_change,474,2407,2012-08-04
pettitt_rank_location_change,475,2648,2013-04-02
pettitt_rank_location_change,476,2702,2013-05-26
pettitt_rank_location_change,477,2680,2013-05-04
pettitt_rank_location_change,478,2818,2013-09-19
pettitt_rank_location_change,479,2702,2013-05-26
pettitt_rank_location_change,480,2828,2013-09-29
pettitt_rank_location_change,481,2830,2013-10-01
pettitt_rank_location_change,482,1876,2011-02-20
pettitt_rank_location_change,483,2835,2013-10-06
pettitt_rank_location_change,484,2631,2013-03-16
pettitt_rank_location_change,485,2734,2013-06-27
pettitt_rank_location_change,486,2077,2011-09-09
pettitt_rank_location_change,487,2698,2013-05-22
pettitt_rank_location_change,488,2831,2013-10-02
pettitt_rank_location_change,489,2402,2012-07-30
pettitt_rank_location_change,490,2832,2013-10-03
pettitt_rank_location_change,491,2060,2011-08-23
pettitt_rank_location_change,492,2826,2013-09-27
pettitt_rank_location_change,493,1943,2011-04-28
pettitt_rank_location_change,494,2845,2013-10-16
pettitt_rank_location_change,495,2735,2013-06-28
pettitt_rank_location_change,496,2457,2012-09-23
pettitt_rank_location_change,497,2533,2012-12-08
pettitt_rank_location_change,498,2838,2013-10-09
pettitt_rank_location_change,499,2646,2013-03-31
pettitt_rank_location_change,500,2678,2013-05-02
pettitt_rank_location_change,501,2702,2013-05-26
pettitt_rank_location_change,502,2442,2012-09-08
pettitt_rank_location_change,503,2702,2013-05-26
pettitt_rank_location_change,504,2708,2013-06-01
pettitt_rank_location_change,505,2559,2013-01-03
pettitt_rank_location_change,506,2555,2012-12-30
pettitt_rank_location_change,507,2061,2011-08-24
pettitt_rank_location_change,508,1667,2010-07-26
pettitt_rank_location_change,509,2795,2013-08-27
pettitt_rank_location_change,510,2620,2013-03-05
pettitt_rank_location_change,511,2025,2011-07-19
pettitt_rank_location_change,512,2645,2013-03-30
pettitt_rank_location_change,513,2392,2012-07-20
pettitt_rank_location_change,514,2342,2012-05-31
pettitt_rank_location_change,515,2688,2013-05-12
pettitt_rank_location_change,516,2756,2013-07-19
pettitt_rank_location_change,517,2851,2013-10-22
pettitt_rank_location_change,518,2819,2013-09-20
pettitt_rank_location_change,519,2438,2012-09-04
pettitt_rank_location_change,520,2702,2013-05-26
pettitt_rank_location_change,521,2702,2013-05-26
pettitt_rank_location_change,522,2452,2012-09-18
pettitt_rank_location_change,523,2321,2012-05-10
pettitt_rank_location_change,524,2863,2013-11-03
pettitt_rank_location_change,525,2699,2013-05-23
pettitt_rank_location_change,526,2392,2012-07-20
pettitt_rank_location_change,527,2598,2013-02-11
pettitt_rank_location_change,528,2802,2013-09-03
pettitt_rank_location_change,529,2730,2013-06-23
pettitt_rank_location_change,530,2827,2013-09-28
pettitt_rank_location_change,531,2697,2013-05-21
pettitt_rank_location_change,532,2639,2013-03-24
pettitt_rank_location_change,533,2180,2011-12-21
pettitt_rank_location_change,534,2818,2013-09-19
pettitt_rank_location_change,535,2761,2013-07-24
pettitt_rank_location_change,536,2702,2013-05-26
pettitt_rank_location_change,537,2628,2013-03-13
pettitt_rank_location_change,538,2356,2012-06-14
pettitt_rank_location_change,539,2428,2012-08-25
pettitt_rank_location_change,540,2829,2013-09-30
pettitt_rank_location_change,541,2536,2012-12-11
pettitt_rank_location_change,542,2600,2013-02-13
pettitt_rank_location_change,543,2780,2013-08-12
pettitt_rank_location_change,544,2466,2012-10-02
pettitt_rank_location_change,545,2479,2012-10-15
pettitt_rank_location_change,546,2616,2013-03-01
pettitt_rank_location_change,547,2763,2013-07-26
pettitt_rank_location_change,548,2645,2013-03-30
pettitt_rank_location_change,549,2702,2013-05-26
pettitt_rank_location_change,550,2624,2013-03-09
pettitt_rank_location_change,551,2660,2013-04-14
pettitt_rank_location_change,552,2842,2013-10-13
pettitt_rank_location_change,553,2721,2013-06-14
pettitt_rank_location_change,554,2700,2013-05-24
pettitt_rank_location_change,555,2735,2013-06-28
pettitt_rank_location_change,556,1856,2011-01-31
pettitt_rank_location_change,557,2695,2013-05-19
pettitt_rank_location_change,558,2702,2013-05-26
pettitt_rank_location_change,559,2702,2013-05-26
pettitt_rank_location_change,560,2314,2012-05-03
pettitt_rank_location_change,561,2804,2013-09-05
pettitt_rank_location_change,562,2702,2013-05-26
pettitt_rank_location_change,563,2840,2013-10-11
pettitt_rank_location_change,564,2870,2013-11-10
pettitt_rank_location_change,565,2847,2013-10-18
pettitt_rank_location_change,566,2616,2013-03-01
pettitt_rank_location_change,567,2702,2013-05-26
pettitt_rank_location_change,568,2583,2013-01-27
pettitt_rank_location_change,569,2489,2012-10-25
pettitt_rank_location_change,570,2684,2013-05-08
pettitt_rank_location_change,571,2614,2013-02-27
pettitt_rank_location_change,572,2623,2013-03-08
pettitt_rank_location_change,573,2640,2013-03-25
pettitt_rank_location_change,574,2702,2013-05-26
pettitt_rank_location_change,575,2023,2011-07-17
pettitt_rank_location_change,576,2469,2012-10-05
pettitt_rank_location_change,577,2818,2013-09-19
pettitt_rank_location_change,578,2409,2012-08-06
pettitt_rank_location_change,579,2780,2013-08-12
pettitt_rank_location_change,580,2275,2012-03-25
pettitt_rank_location_change,581,2055,2011-08-18
pettitt_rank_location_change,582,2778,2013-08-10
pettitt_rank_location_change,583,2702,2013-05-26
pettitt_rank_location_change,584,2198,2012-01-08
pettitt_rank_location_change,585,2714,2013-06-07
pettitt_rank_location_change,586,2846,2013-10-17
pettitt_rank_location_change,587,2736,2013-06-29
pettitt_rank_location_change,588,2715,2013-06-08
pettitt_rank_location_change,589,2577,2013-01-21
pettitt_rank_location_change,590,2787,2013-08-19
pettitt_rank_location_change,591,2582,2013-01-26
pettitt_rank_location_change,592,2691,2013-05-15
pettitt_rank_location_change,593,2698,2013-05-22
pettitt_rank_location_change,594,2469,2012-10-05
pettitt_rank_location_change,595,2303,2012-04-22
pettitt_rank_location_change,596,2561,2013-01-05
pettitt_rank_location_change,597,2088,2011-09-20
pettitt_rank_location_change,598,2653,2013-04-07
pettitt_rank_location_change,599,2397,2012-07-25
pettitt_rank_location_change,600,2702,2013-05-26
pettitt_rank_location_change,601,2579,2013-01-23
pettitt_rank_location_change,602,2702,2013-05-26
pettitt_rank_location_change,603,2779,2013-08-11
pettitt_rank_location_change,604,2491,2012-10-27
pettitt_rank_location_change,605,2702,2013-05-26
pettitt_rank_location_change,606,2342,2012-05-31
pettitt_rank_location_change,607,2563,2013-01-07
pettitt_rank_location_change,608,2805,2013-09-06
pettitt_rank_location_change,609,2087,2011-09-19
pettitt_rank_location_change,610,2598,2013-02-11
pettitt_rank_location_change,611,2646,2013-03-31
pettitt_rank_location_change,612,2123,2011-10-25
pettitt_rank_location_change,613,2685,2013-05-09
pettitt_rank_location_change,614,2692,2013-05-16
pettitt_rank_location_change,615,2794,2013-08-26
pettitt_rank_location_change,616,2294,2012-04-13
pettitt_rank_location_change,617,2554,2012-12-29
pettitt_rank_location_change,618,2702,2013-05-26
pettitt_rank_location_change,619,2688,2013-05-12
pettitt_rank_location_change,620,1883,2011-02-27
pettitt_rank_location_change,621,2811,2013-09-12
pettitt_rank_location_change,622,2701,2013-05-25
pettitt_rank_location_change,623,2678,2013-05-02
pettitt_rank_location_change,624,2702,2013-05-26
pettitt_rank_location_change,625,2686,2013-05-10
pettitt_rank_location_change,626,2453,2012-09-19
pettitt_rank_location_change,627,2602,2013-02-15
pettitt_rank_location_change,628,2870,2013-11-10
pettitt_rank_location_change,629,2612,2013-02-25
pettitt_rank_location_change,630,2719,2013-06-12
pettitt_rank_location_change,631,2771,2013-08-03
pettitt_rank_location_change,632,2035,2011-07-29
pettitt_rank_location_change,633,2801,2013-09-02
pettitt_rank_location_change,634,2770,2013-08-02
pettitt_rank_location_change,635,2567,2013-01-11
pettitt_rank_location_change,636,2837,2013-10-08
pettitt_rank_location_change,637,2859,2013-10-30
pettitt_rank_location_change,638,2766,2013-07-29
pettitt_rank_location_change,639,2740,2013-07-03
pettitt_rank_location_change,640,2743,2013-07-06
pettitt_rank_location_change,641,2785,2013-08-17
pettitt_rank_location_change,642,2342,2012-05-31
pettitt_rank_location_change,643,2660,2013-04-14
pettitt_rank_location_change,644,2300,2012-04-19
pettitt_rank_location_change,645,2702,2013-05-26
pettitt_rank_location_change,646,2571,2013-01-15
pettitt_rank_location_change,647,2646,2013-03-31
pettitt_rank_location_change,648,1943,2011-04-28
pettitt_rank_location_change,649,2680,2013-05-04
pettitt_rank_location_change,650,2687,2013-05-11
pettitt_rank_location_change,651,2883,2013-11-23
pettitt_rank_location_change,652,2705,2013-05-29
pettitt_rank_location_change,653,2696,2013-05-20
pettitt_rank_location_change,654,2603,2013-02-16
pettitt_rank_location_change,655,2610,2013-02-23
pettitt_rank_location_change,656,2590,2013-02-03
pettitt_rank_location_change,657,2437,2012-09-03
pettitt_rank_location_change,658,2832,2013-10-03
pettitt_rank_location_change,659,2702,2013-05-26
pettitt_rank_location_change,660,2623,2013-03-08
pettitt_rank_location_change,661,2564,2013-01-08
pettitt_rank_location_change,662,2264,2012-03-14
pettitt_rank_location_change,663,2729,2013-06-22
pettitt_rank_location_change,664,2691,2013-05-15
pettitt_rank_location_change,665,2133,2011-11-04
pettitt_rank_location_change,666,2702,2013-05-26
pettitt_rank_location_change,667,2630,2013-03-15
pettitt_rank_location_change,668,2470,2012-10-06
pettitt_rank_location_change,669,1523,2010-03-04
pettitt_rank_location_change,670,2806,2013-09-07
pettitt_rank_location_change,671,2797,2013-08-29
pettitt_rank_location_change,672,1989,2011-06-13
pettitt_rank_location_change,673,2695,2013-05-19
pettitt_rank_location_change,674,2617,2013-03-02
pettitt_rank_location_change,675,2702,2013-05-26
pettitt_rank_location_change,676,2866,2013-11-06
pettitt_rank_location_change,677,2636,2013-03-21
pettitt_rank_location_change,678,2774,2013-08-06
pettitt_rank_location_change,679,2600,2013-02-13
pettitt_rank_location_change,680,2725,2013-06-18
pettitt_rank_location_change,681,2505,2012-11-10
pettitt_rank_location_change,682,2702,2013-05-26
pettitt_rank_location_change,683,2669,2013-04-23
pettitt_rank_location_change,684,2702,2013-05-26
pettitt_rank_location_change,685,2851,2013-10-22
pettitt_rank_location_change,686,2811,2013-09-12
pettitt_rank_location_change,687,2855,2013-10-26
pettitt_rank_location_change,688,2743,2013-07-06
pettitt_rank_location_change,689,2691,2013-05-15
pettitt_rank_location_change,690,2807,2013-09-08
pettitt_rank_location_change,691,2702,2013-05-26
pettitt_rank_location_change,692,2609,2013-02-22
pettitt_rank_location_change,693,2726,2013-06-19
pettitt_rank_location_change,694,2699,2013-05-23
pettitt_rank_location_change,695,2702,2013-05-26
pettitt_rank_location_change,696,2642,2013-03-27
pettitt_rank_location_change,697,2770,2013-08-02
pettitt_rank_location_change,698,2068,2011-08-31
pettitt_rank_location_change,699,2288,2012-04-07
pettitt_rank_location_change,700,2214,2012-01-24
pettitt_rank_location_change,701,2842,2013-10-13
pettitt_rank_location_change,702,2287,2012-04-06
pettitt_rank_location_change,703,2701,2013-05-25
pettitt_rank_location_change,704,2388,2012-07-16
pettitt_rank_location_change,705,2702,2013-05-26
pettitt_rank_location_change,706,2423,2012-08-20
pettitt_rank_location_change,707,2702,2013-05-26
pettitt_rank_location_change,708,2677,2013-05-01
pettitt_rank_location_change,709,2702,2013-05-26
pettitt_rank_location_change,710,2503,2012-11-08
pettitt_rank_location_change,711,2646,2013-03-31
pettitt_rank_location_change,712,2746,2013-07-09
pettitt_rank_location_change,713,2621,2013-03-06
pettitt_rank_location_change,714,2693,2013-05-17
pettitt_rank_location_change,715,2385,2012-07-13
pettitt_rank_location_change,716,2555,2012-12-30
pettitt_rank_location_change,717,2314,2012-05-03
pettitt_rank_location_change,718,2702,2013-05-26
pettitt_rank_location_change,719,2633,2013-03-18
pettitt_rank_location_change,720,2579,2013-01-23
pettitt_rank_location_change,721,2606,2013-02-19
pettitt_rank_location_change,722,2702,2013-05-26
pettitt_rank_location_change,723,2794,2013-08-26
pettitt_rank_location_change,724,2597,2013-02-10
pettitt_rank_location_change,725,2702,2013-05-26
pettitt_rank_location_change,726,2702,2013-05-26
pettitt_rank_location_change,727,2702,2013-05-26
pettitt_rank_location_change,728,2018,2011-07-12
pettitt_rank_location_change,729,2616,2013-03-01
pettitt_rank_location_change,730,2815,2013-09-16
pettitt_rank_location_change,731,2523,2012-11-28
pettitt_rank_location_change,732,2726,2013-06-19
pettitt_rank_location_change,733,2702,2013-05-26
pettitt_rank_location_change,734,2076,2011-09-08
pettitt_rank_location_change,735,2585,2013-01-29
pettitt_rank_location_change,736,2702,2013-05-26
pettitt_rank_location_change,737,2543,2012-12-18
pettitt_rank_location_change,738,2800,2013-09-01
pettitt_rank_location_change,739,2776,2013-08-08
pettitt_rank_location_change,740,2555,2012-12-30
pettitt_rank_location_change,741,2635,2013-03-20
pettitt_rank_location_change,742,2702,2013-05-26
pettitt_rank_location_change,743,2423,2012-08-20
pettitt_rank_location_change,744,2853,2013-10-24
pettitt_rank_location_change,745,2804,2013-09-05
pettitt_rank_location_change,746,2675,2013-04-29
pettitt_rank_location_change,747,2497,2012-11-02
pettitt_rank_location_change,748,2824,2013-09-25
pettitt_rank_location_change,749,2636,2013-03-21
pettitt_rank_location_change,750,2702,2013-05-26
pettitt_rank_location_change,751,2670,2013-04-24
pettitt_rank_location_change,752,2702,2013-05-26
pettitt_rank_location_change,753,2783,2013-08-15
pettitt_rank_location_change,754,2678,2013-05-02
pettitt_rank_location_change,755,1925,2011-04-10
pettitt_rank_location_change,756,2047,2011-08-10
pettitt_rank_location_change,757,2351,2012-06-09
pettitt_rank_location_change,758,2702,2013-05-26
pettitt_rank_location_change,759,2702,2013-05-26
pettitt_rank_location_change,760,2799,2013-08-31
pettitt_rank_location_change,761,2656,2013-04-10
pettitt_rank_location_change,762,2704,2013-05-28
pettitt_rank_location_change,763,2825,2013-09-26
pettitt_rank_location_change,764,2832,2013-10-03
pettitt_rank_location_change,765,1312,2009-08-05
pettitt_rank_location_change,766,2173,2011-12-14
pettitt_rank_location_change,767,2766,2013-07-29
pettitt_rank_location_change,768,2732,2013-06-25
pettitt_rank_location_change,769,2418,2012-08-15
pettitt_rank_location_change,770,2117,2011-10-19
pettitt_rank_location_change,771,2742,2013-07-05
pettitt_rank_location_change,772,2608,2013-02-21
pettitt_rank_location_change,773,2635,2013-03-20
pettitt_rank_location_change,774,2592,2013-02-05
pettitt_rank_location_change,775,2761,2013-07-24
pettitt_rank_location_change,776,2630,2013-03-15
pettitt_rank_location_change,777,2701,2013-05-25
pettitt_rank_location_change,778,2583,2013-01-27
pettitt_rank_location_change,779,2682,2013-05-06
pettitt_rank_location_change,780,2705,2013-05-29
pettitt_rank_location_change,781,2669,2013-04-23
pettitt_rank_location_change,782,2689,2013-05-13
pettitt_rank_location_change,783,2366,2012-06-24
pettitt_rank_location_change,784,2347,2012-06-05
pettitt_rank_location_change,785,2790,2013-08-22
pettitt_rank_location_change,786,2702,2013-05-26
pettitt_rank_location_change,787,2694,2013-05-18
pettitt_rank_location_change,788,2283,2012-04-02
pettitt_rank_location_change,789,2766,2013-07-29
pettitt_rank_location_change,790,2823,2013-09-24
pettitt_rank_location_change,791,2574,2013-01-18
pettitt_rank_location_change,792,2284,2012-04-03
pettitt_rank_location_change,793,2684,2013-05-08
pettitt_rank_location_change,794,2675,2013-04-29
pettitt_rank_location_change,795,2574,2013-01-18
pettitt_rank_location_change,796,2387,2012-07-15
pettitt_rank_location_change,797,2749,2013-07-12
pettitt_rank_location_change,798,2702,2013-05-26
pettitt_rank_location_change,799,2569,2013-01-13
pettitt_rank_location_change,800,2702,2013-05-26
pettitt_rank_location_change,801,2775,2013-08-07
pettitt_rank_location_change,802,2754,2013-07-17
pettitt_rank_location_change,803,2649,2013-04-03
pettitt_rank_location_change,804,2663,2013-04-17
pettitt_rank_location_change,805,2212,2012-01-22
pettitt_rank_location_change,806,1763,2010-10-30
pettitt_rank_location_change,807,2643,2013-03-28
pettitt_rank_location_change,808,2693,2013-05-17
pettitt_rank_location_change,809,2389,2012-07-17
pettitt_rank_location_change,810,2676,2013-04-30
pettitt_rank_location_change,811,2473,2012-10-09
pettitt_rank_location_change,812,2580,2013-01-24
pettitt_rank_location_change,813,2685,2013-05-09
pettitt_rank_location_change,814,2773,2013-08-05
pettitt_rank_location_change,815,2731,2013-06-24
pettitt_rank_location_change,816,2786,2013-08-18
pettitt_rank_location_change,817,2557,2013-01-01
pettitt_rank_location_change,818,2656,2013-04-10
pettitt_rank_location_change,819,2653,2013-04-07
pettitt_rank_location_change,820,2702,2013-05-26
pettitt_rank_location_change,821,2699,2013-05-23
pettitt_rank_location_change,822,2702,2013-05-26
pettitt_rank_location_change,823,2678,2013-05-02
pettitt_rank_location_change,824,1546,2010-03-27
pettitt_rank_location_change,825,2702,2013-05-26
pettitt_rank_location_change,826,2746,2013-07-09
pettitt_rank_location_change,827,2376,2012-07-04
pettitt_rank_location_change,828,2702,2013-05-26
pettitt_rank_location_change,829,2702,2013-05-26
pettitt_rank_location_change,830,2733,2013-06-26
pettitt_rank_location_change,831,2055,2011-08-18
pettitt_rank_location_change,832,2600,2013-02-13
pettitt_rank_location_change,833,2702,2013-05-26
pettitt_rank_location_change,834,2812,2013-09-13
pettitt_rank_location_change,835,2745,2013-07-08
pettitt_rank_location_change,836,2692,2013-05-16
pettitt_rank_location_change,837,2682,2013-05-06
pettitt_rank_location_change,838,2768,2013-07-31
pettitt_rank_location_change,839,2759,2013-07-22
pettitt_rank_location_change,840,2804,2013-09-05
pettitt_rank_location_change,841,2711,2013-06-04
pettitt_rank_location_change,842,2634,2013-03-19
pettitt_rank_location_change,843,2568,2013-01-12
pettitt_rank_location_change,844,2288,2012-04-07
pettitt_rank_location_change,845,2650,2013-04-04
pettitt_rank_location_change,846,2702,2013-05-26
pettitt_rank_location_change,847,2718,2013-06-11
pettitt_rank_location_change,848,2396,2012-07-24
pettitt_rank_location_change,849,2701,2013-05-25
pettitt_rank_location_change,850,2407,2012-08-04
pettitt_rank_location_change,851,2708,2013-06-01
pettitt_rank_location_change,852,2709,2013-06-02
pettitt_rank_location_change,853,2112,2011-10-14
pettitt_rank_location_change,854,2441,2012-09-07
pettitt_rank_location_change,855,2765,2013-07-28
pettitt_rank_location_change,856,2699,2013-05-23
pettitt_rank_location_change,857,2815,2013-09-16
pettitt_rank_location_change,858,2702,2013-05-26
pettitt_rank_location_change,859,2727,2013-06-20
pettitt_rank_location_change,860,2755,2013-07-18
pettitt_rank_location_change,861,2870,2013-11-10
pettitt_rank_location_change,862,1441,2009-12-12
pettitt_rank_location_change,863,2310,2012-04-29
pettitt_rank_location_change,864,2597,2013-02-10
pettitt_rank_location_change,865,2391,2012-07-19
pettitt_rank_location_change,866,2702,2013-05-26
pettitt_rank_location_change,867,2665,2013-04-19
pettitt_rank_location_change,868,2806,2013-09-07
pettitt_rank_location_change,869,2550,2012-12-25
pettitt_rank_location_change,870,2516,2012-11-21
pettitt_rank_location_change,871,2498,2012-11-03
pettitt_rank_location_change,872,2702,2013-05-26
pettitt_rank_location_change,873,2661,2013-04-15
pettitt_rank_location_change,874,2294,2012-04-13
pettitt_rank_location_change,875,2772,2013-08-04
pettitt_rank_location_change,876,2870,2013-11-10
pettitt_rank_location_change,877,2339,2012-05-28
pettitt_rank_location_change,878,2667,2013-04-21
pettitt_rank_location_change,879,2702,2013-05-26
pettitt_rank_location_change,880,2816,2013-09-17
pettitt_rank_location_change,881,2702,2013-05-26
pettitt_rank_location_change,882,2610,2013-02-23
pettitt_rank_location_change,883,2781,2013-08-13
pettitt_rank_location_change,884,2827,2013-09-28
pettitt_rank_location_change,885,2702,2013-05-26
pettitt_rank_location_change,886,2402,2012-07-30
pettitt_rank_location_change,887,2848,2013-10-19
pettitt_rank_location_change,888,2369,2012-06-27
pettitt_rank_location_change,889,2673,2013-04-27
pettitt_rank_location_change,890,2005,2011-06-29
pettitt_rank_location_change,891,2702,2013-05-26
pettitt_rank_location_change,892,2643,2013-03-28
pettitt_rank_location_change,893,2326,2012-05-15
pettitt_rank_location_change,894,2653,2013-04-07
pettitt_rank_location_change,895,2676,2013-04-30
pettitt_rank_location_change,896,2795,2013-08-27
pettitt_rank_location_change,897,2485,2012-10-21
pettitt_rank_location_change,898,2702,2013-05-26
pettitt_rank_location_change,899,1688,2010-08-16
pettitt_rank_location_change,900,2854,2013-10-25
pettitt_rank_location_change,901,2285,2012-04-04
pettitt_rank_location_change,902,2591,2013-02-04
pettitt_rank_location_change,903,2688,2013-05-12
pettitt_rank_location_change,904,2768,2013-07-31
pettitt_rank_location_change,905,2687,2013-05-11
pettitt_rank_location_change,906,2598,2013-02-11
pettitt_rank_location_change,907,2681,2013-05-05
pettitt_rank_location_change,908,2652,2013-04-06
pettitt_rank_location_change,909,2702,2013-05-26
pettitt_rank_location_change,910,2784,2013-08-16
pettitt_rank_location_change,911,2593,2013-02-06
pettitt_rank_location_change,912,2703,2013-05-27
pettitt_rank_location_change,913,2713,2013-06-06
pettitt_rank_location_change,914,2808,2013-09-09
pettitt_rank_location_change,915,2727,2013-06-20
pettitt_rank_location_change,916,2707,2013-05-31
pettitt_rank_location_change,917,2488,2012-10-24
pettitt_rank_location_change,918,2593,2013-02-06
pettitt_rank_location_change,919,2794,2013-08-26
pettitt_rank_location_change,920,2396,2012-07-24
pettitt_rank_location_change,921,2591,2013-02-04
pettitt_rank_location_change,922,2286,2012-04-05
pettitt_rank_location_change,923,2661,2013-04-15
pettitt_rank_location_change,924,2704,2013-05-28
pettitt_rank_location_change,925,2856,2013-10-27
pettitt_rank_location_change,926,2757,2013-07-20
pettitt_rank_location_change,927,2630,2013-03-15
pettitt_rank_location_change,928,2702,2013-05-26
pettitt_rank_location_change,929,2716,2013-06-09
pettitt_rank_location_change,930,2831,2013-10-02
pettitt_rank_location_change,931,2702,2013-05-26
pettitt_rank_location_change,932,2257,2012-03-07
pettitt_rank_location_change,933,2802,2013-09-03
pettitt_rank_location_change,934,2675,2013-04-29
pettitt_rank_location_change,935,2315,2012-05-04
pettitt_rank_location_change,936,2643,2013-03-28
pettitt_rank_location_change,937,2636,2013-03-21
pettitt_rank_location_change,938,1878,2011-02-22
pettitt_rank_location_change,939,2672,2013-04-26
pettitt_rank_location_change,940,2668,2013-04-22
pettitt_rank_location_change,941,2555,2012-12-30
pettitt_rank_location_change,942,2773,2013-08-05
pettitt_rank_location_change,943,2565,2013-01-09
pettitt_rank_location_change,944,2388,2012-07-16
pettitt_rank_location_change,945,2502,2012-11-07
pettitt_rank_location_change,946,2321,2012-05-10
pettitt_rank_location_change,947,2247,2012-02-26
pettitt_rank_location_change,948,2684,2013-05-08
pettitt_rank_location_change,949,2631,2013-03-16
pettitt_rank_location_change,950,2775,2013-08-07
pettitt_rank_location_change,951,2688,2013-05-12
pettitt_rank_location_change,952,2702,2013-05-26
pettitt_rank_location_change,953,2702,2013-05-26
pettitt_rank_location_change,954,2575,2013-01-19
pettitt_rank_location_change,955,2109,2011-10-11
pettitt_rank_location_change,956,2702,2013-05-26
pettitt_rank_location_change,957,2664,2013-04-18
pettitt_rank_location_change,958,2475,2012-10-11
pettitt_rank_location_change,959,2656,2013-04-10
pettitt_rank_location_change,960,2692,2013-05-16
pettitt_rank_location_change,961,2669,2013-04-23
pettitt_rank_location_change,962,2465,2012-10-01
pettitt_rank_location_change,963,2460,2012-09-26
pettitt_rank_location_change,964,2821,2013-09-22
pettitt_rank_location_change,965,2802,2013-09-03
pettitt_rank_location_change,966,2680,2013-05-04
pettitt_rank_location_change,967,2278,2012-03-28
pettitt_rank_location_change,968,2362,2012-06-20
pettitt_rank_location_change,969,2555,2012-12-30
pettitt_rank_location_change,970,2790,2013-08-22
pettitt_rank_location_change,971,2400,2012-07-28
pettitt_rank_location_change,972,2780,2013-08-12
pettitt_rank_location_change,973,2702,2013-05-26
pettitt_rank_location_change,974,2745,2013-07-08
pettitt_rank_location_change,975,2741,2013-07-04
pettitt_rank_location_change,976,2787,2013-08-19
pettitt_rank_location_change,977,2702,2013-05-26
pettitt_rank_location_change,978,2702,2013-05-26
pettitt_rank_location_change,979,2503,2012-11-08
pettitt_rank_location_change,980,2702,2013-05-26
pettitt_rank_location_change,981,2689,2013-05-13
pettitt_rank_location_change,982,2462,2012-09-28
pettitt_rank_location_change,983,2702,2013-05-26
pettitt_rank_location_change,984,2712,2013-06-05
pettitt_rank_location_change,985,2575,2013-01-19
pettitt_rank_location_change,986,2817,2013-09-18
pettitt_rank_location_change,987,2403,2012-07-31
pettitt_rank_location_change,988,2350,2012-06-08
pettitt_rank_location_change,989,2631,2013-03-16
pettitt_rank_location_change,990,2670,2013-04-24
pettitt_rank_location_change,991,2680,2013-05-04
pettitt_rank_location_change,992,2702,2013-05-26
pettitt_rank_location_change,993,2461,2012-09-27
pettitt_rank_location_change,994,2621,2013-03-06
pettitt_rank_location_change,995,2714,2013-06-07
pettitt_rank_location_change,996,2702,2013-05-26
pettitt_rank_location_change,997,2758,2013-07-21
pettitt_rank_location_change,998,2625,2013-03-10
pettitt_rank_location_change,999,2662,2013-04-16
pettitt_rank_location_change,1000,1945,2011-04-30
pettitt_rank_location_change,1001,2089,2011-09-21
pettitt_rank_location_change,1002,2749,2013-07-12
pettitt_rank_location_change,1003,2515,2012-11-20
pettitt_rank_location_change,1004,2369,2012-06-27
pettitt_rank_location_change,1005,2379,2012-07-07
pettitt_rank_location_change,1006,2748,2013-07-11
pettitt_rank_location_change,1007,2828,2013-09-29
pettitt_rank_location_change,1008,2777,2013-08-09
pettitt_rank_location_change,1009,2637,2013-03-22
pettitt_rank_location_change,1010,2524,2012-11-29
pettitt_rank_location_change,1011,2816,2013-09-17
pettitt_rank_location_change,1012,2807,2013-09-08
pettitt_rank_location_change,1013,2244,2012-02-23
pettitt_rank_location_change,1014,2452,2012-09-18
pettitt_rank_location_change,1015,2789,2013-08-21
pettitt_rank_location_change,1016,2864,2013-11-04
pettitt_rank_location_change,1017,2694,2013-05-18
pettitt_rank_location_change,1018,1716,2010-09-13
pettitt_rank_location_change,1019,2817,2013-09-18
pettitt_rank_location_change,1020,2235,2012-02-14
pettitt_rank_location_change,1021,2665,2013-04-19
pettitt_rank_location_change,1022,2564,2013-01-08
pettitt_rank_location_change,1023,2402,2012-07-30
pettitt_rank_location_change,1024,2535,2012-12-10
pettitt_rank_location_change,1025,2814,2013-09-15
pettitt_rank_location_change,1026,2677,2013-05-01
pettitt_rank_location_change,1027,2767,2013-07-30
pettitt_rank_location_change,1028,2692,2013-05-16
pettitt_rank_location_change,1029,2399,2012-07-27
pettitt_rank_location_change,1030,2797,2013-08-29
pettitt_rank_location_change,1031,2747,2013-07-10
pettitt_rank_location_change,1032,2411,2012-08-08
pettitt_rank_location_change,1033,2702,2013-05-26
pettitt_rank_location_change,1034,2830,2013-10-01
pettitt_rank_location_change,1035,2702,2013-05-26
pettitt_rank_location_change,1036,2633,2013-03-18
pettitt_rank_location_change,1037,2660,2013-04-14
pettitt_rank_location_change,1038,2634,2013-03-19
pettitt_rank_location_change,1039,2594,2013-02-07
pettitt_rank_location_change,1040,2701,2013-05-25
pettitt_rank_location_change,1041,2702,2013-05-26
pettitt_rank_location_change,1042,2327,2012-05-16
pettitt_rank_location_change,1043,2680,2013-05-04
pettitt_rank_location_change,1044,2702,2013-05-26
pettitt_rank_location_change,1045,2687,2013-05-11
pettitt_rank_location_change,1046,2798,2013-08-30
pettitt_rank_location_change,1047,2706,2013-05-30
pettitt_rank_location_change,1048,2868,2013-11-08
pettitt_rank_location_change,1049,2612,2013-02-25
pettitt_rank_location_change,1050,2155,2011-11-26
pettitt_rank_location_change,1051,2697,2013-05-21
pettitt_rank_location_change,1052,2689,2013-05-13
pettitt_rank_location_change,1053,2791,2013-08-23
pettitt_rank_location_change,1054,2659,2013-04-13
pettitt_rank_location_change,1055,2494,2012-10-30
pettitt_rank_location_change,1056,2702,2013-05-26
pettitt_rank_location_change,1057,2518,2012-11-23
pettitt_rank_location_change,1058,2702,2013-05-26
pettitt_rank_location_change,1059,2324,2012-05-13
pettitt_rank_location_change,1060,2636,2013-03-21
pettitt_rank_location_change,1061,2560,2013-01-04
pettitt_rank_location_change,1062,2555,2012-12-30
pettitt_rank_location_change,1063,2702,2013-05-26
pettitt_rank_location_change,1064,2353,2012-06-11
pettitt_rank_location_change,1065,2793,2013-08-25
pettitt_rank_location_change,1066,2330,2012-05-19
pettitt_rank_location_change,1067,2010,2011-07-04
pettitt_rank_location_change,1068,2656,2013-04-10
pettitt_rank_location_change,1069,2869,2013-11-09
pettitt_rank_location_change,1070,2717,2013-06-10
pettitt_rank_location_change,1071,2412,2012-08-09
pettitt_rank_location_change,1072,2702,2013-05-26
pettitt_rank_location_change,1073,2702,2013-05-26
pettitt_rank_location_change,1074,2462,2012-09-28
pettitt_rank_location_change,1075,2687,2013-05-11
pettitt_rank_location_change,1076,2702,2013-05-26
pettitt_rank_location_change,1077,2845,2013-10-16
pettitt_rank_location_change,1078,2702,2013-05-26
pettitt_rank_location_change,1079,2803,2013-09-04
pettitt_rank_location_change,1080,2407,2012-08-04
pettitt_rank_location_change,1081,2821,2013-09-22
pettitt_rank_location_change,1082,2703,2013-05-27
pettitt_rank_location_change,1083,2555,2012-12-30
pettitt_rank_location_change,1084,2266,2012-03-16
pettitt_rank_location_change,1085,2708,2013-06-01
pettitt_rank_location_change,1086,2522,2012-11-27
pettitt_rank_location_change,1087,2430,2012-08-27
pettitt_rank_location_change,1088,2793,2013-08-25
pettitt_rank_location_change,1089,2019,2011-07-13
pettitt_rank_location_change,1090,2572,2013-01-16
pettitt_rank_location_change,1091,2702,2013-05-26
pettitt_rank_location_change,1092,2667,2013-04-21
pettitt_rank_location_change,1093,2706,2013-05-30
pettitt_rank_location_change,1094,1934,2011-04-19
pettitt_rank_location_change,1095,2738,2013-07-01
pettitt_rank_location_change,1096,2708,2013-06-01
pettitt_rank_location_change,1097,2028,2011-07-22
pettitt_rank_location_change,1098,2699,2013-05-23
pettitt_rank_location_change,1099,2747,2013-07-10
pettitt_rank_location_change,1100,2677,2013-05-01
pettitt_rank_location_change,1101,2504,2012-11-09
pettitt_rank_location_change,1102,2614,2013-02-27
pettitt_rank_location_change,1103,2753,2013-07-16
pettitt_rank_location_change,1104,2713,2013-06-06
pettitt_rank_location_change,1105,2702,2013-05-26
pettitt_rank_location_change,1106,2466,2012-10-02
pettitt_rank_location_change,1107,2555,2012-12-30
pettitt_rank_location_change,1108,2868,2013-11-08
pettitt_rank_location_change,1109,2698,2013-05-22
pettitt_rank_location_change,1110,2629,2013-03-14
pettitt_rank_location_change,1111,2663,2013-04-17
pettitt_rank_location_change,1112,2843,2013-10-14
pettitt_rank_location_change,1113,2654,2013-04-08
pettitt_rank_location_change,1114,2702,2013-05-26
pettitt_rank_location_change,1115,1991,2011-06-15
pettitt_rank_location_change,1116,2781,2013-08-13
pettitt_rank_location_change,1117,2638,2013-03-23
pettitt_rank_location_change,1118,2637,2013-03-22
pettitt_rank_location_change,1119,2684,2013-05-08
pettitt_rank_location_change,1120,2555,2012-12-30
pettitt_rank_location_change,1121,2478,2012-10-14
pettitt_rank_location_change,1122,2702,2013-05-26
pettitt_rank_location_change,1123,2674,2013-04-28
pettitt_rank_location_change,1124,2702,2013-05-26
pettitt_rank_location_change,1125,2455,2012-09-21
pettitt_rank_location_change,1126,2702,2013-05-26
pettitt_rank_location_change,1127,2597,2013-02-10
pettitt_rank_location_change,1128,2594,2013-02-07
pettitt_rank_location_change,1129,2502,2012-11-07
pettitt_rank_location_change,1130,2795,2013-08-27
pettitt_rank_location_change,1131,2809,2013-09-10
pettitt_rank_location_change,1132,2569,2013-01-13
pettitt_rank_location_change,1133,2186,2011-12-27
pettitt_rank_location_change,1134,2818,2013-09-19
pettitt_rank_location_change,1135,2315,2012-05-04
pettitt_rank_location_change,1136,2510,2012-11-15
pettitt_rank_location_change,1137,2741,2013-07-04
pettitt_rank_location_change,1138,2702,2013-05-26
pettitt_rank_location_change,1139,2840,2013-10-11
pettitt_rank_location_change,1140,2603,2013-02-16
pettitt_rank_location_change,1141,2741,2013-07-04
pettitt_rank_location_change,1142,2130,2011-11-01
pettitt_rank_location_change,1143,2702,2013-05-26
pettitt_rank_location_change,1144,2338,2012-05-27
pettitt_rank_location_change,1145,2604,2013-02-17
pettitt_rank_location_change,1146,2335,2012-05-24
pettitt_rank_location_change,1147,2698,2013-05-22
pettitt_rank_location_change,1148,2281,2012-03-31
pettitt_rank_location_change,1149,2672,2013-04-26
pettitt_rank_location_change,1150,2808,2013-09-09
pettitt_rank_location_change,1151,1741,2010-10-08
pettitt_rank_location_change,1152,2702,2013-05-26
pettitt_rank_location_change,1153,2699,2013-05-23
pettitt_rank_location_change,1154,2869,2013-11-09
pettitt_rank_location_change,1155,2702,2013-05-26
pettitt_rank_location_change,1156,2869,2013-11-09
pettitt_rank_location_change,1157,2809,2013-09-10
pettitt_rank_location_change,1158,2702,2013-05-26
pettitt_rank_location_change,1159,2459,2012-09-25
pettitt_rank_location_change,1160,2702,2013-05-26
pettitt_rank_location_change,1161,2784,2013-08-16
pettitt_rank_location_change,1162,2702,2013-05-26
pettitt_rank_location_change,1163,2594,2013-02-07
pettitt_rank_location_change,1164,2712,2013-06-05
pettitt_rank_location_change,1165,2567,2013-01-11
pettitt_rank_location_change,1166,2354,2012-06-12
pettitt_rank_location_change,1167,2649,2013-04-03
pettitt_rank_location_change,1168,2702,2013-05-26
pettitt_rank_location_change,1169,2613,2013-02-26
pettitt_rank_location_change,1170,2219,2012-01-29
pettitt_rank_location_change,1171,2553,2012-12-28
pettitt_rank_location_change,1172,2837,2013-10-08
pettitt_rank_location_change,1173,2702,2013-05-26
pettitt_rank_location_change,1174,2798,2013-08-30
pettitt_rank_location_change,1175,2702,2013-05-26
pettitt_rank_location_change,1176,2555,2012-12-30
pettitt_rank_location_change,1177,2702,2013-05-26
pettitt_rank_location_change,1178,2323,2012-05-12
pettitt_rank_location_change,1179,2628,2013-03-13
pettitt_rank_location_change,1180,2690,2013-05-14
pettitt_rank_location_change,1181,2259,2012-03-09
pettitt_rank_location_change,1182,2710,2013-06-03
pettitt_rank_location_change,1183,2430,2012-08-27
pettitt_rank_location_change,1184,2503,2012-11-08
pettitt_rank_location_change,1185,2633,2013-03-18
pettitt_rank_location_change,1186,2835,2013-10-06
pettitt_rank_location_change,1187,2476,2012-10-12
pettitt_rank_location_change,1188,2049,2011-08-12
pettitt_rank_location_change,1189,2636,2013-03-21
pettitt_rank_location_change,1190,2659,2013-04-13
pettitt_rank_location_change,1191,1712,2010-09-09
pettitt_rank_location_change,1192,2356,2012-06-14
pettitt_rank_location_change,1193,2204,2012-01-14
pettitt_rank_location_change,1194,2605,2013-02-18
pettitt_rank_location_change,1195,2518,2012-11-23
pettitt_rank_location_change,1196,2769,2013-08-01
pettitt_rank_location_change,1197,2582,2013-01-26
pettitt_rank_location_change,1198,2832,2013-10-03
pettitt_rank_location_change,1199,2697,2013-05-21
pettitt_rank_location_change,1200,2821,2013-09-22
pettitt_rank_location_change,1201,1513,2010-02-22
pettitt_rank_location_change,1202,2549,2012-12-24
pettitt_rank_location_change,1203,2618,2013-03-03
pettitt_rank_location_change,1204,2717,2013-06-10
pettitt_rank_location_change,1205,2801,2013-09-02
pettitt_rank_location_change,1206,2697,2013-05-21
pettitt_rank_location_change,1207,2806,2013-09-07
pettitt_rank_location_change,1208,2702,2013-05-26
pettitt_rank_location_change,1209,2589,2013-02-02
pettitt_rank_location_change,1210,2603,2013-02-16
pettitt_rank_location_change,1211,2529,2012-12-04
pettitt_rank_location_change,1212,2668,2013-04-22
pettitt_rank_location_change,1213,2702,2013-05-26
pettitt_rank_location_change,1214,2688,2013-05-12
pettitt_rank_location_change,1215,2654,2013-04-08
pettitt_rank_location_change,1216,2830,2013-10-01
pettitt_rank_location_change,1217,2702,2013-05-26
pettitt_rank_location_change,1218,2837,2013-10-08
pettitt_rank_location_change,1219,2702,2013-05-26
pettitt_rank_location_change,1220,2464,2012-09-30
pettitt_rank_location_change,1221,2698,2013-05-22
pettitt_rank_location_change,1222,2583,2013-01-27
pettitt_rank_location_change,1223,2260,2012-03-10
pettitt_rank_location_change,1224,2702,2013-05-26
pettitt_rank_location_change,1225,2840,2013-10-11
pettitt_rank_location_change,1226,2647,2013-04-01
pettitt_rank_location_change,1227,2557,2013-01-01
pettitt_rank_location_change,1228,2595,2013-02-08
pettitt_rank_location_change,1229,2641,2013-03-26
pettitt_rank_location_change,1230,2702,2013-05-26
pettitt_rank_location_change,1231,2555,2012-12-30
pettitt_rank_location_change,1232,2702,2013-05-26
pettitt_rank_location_change,1233,2613,2013-02-26
pettitt_rank_location_change,1234,2675,2013-04-29
pettitt_rank_location_change,1235,2714,2013-06-07
pettitt_rank_location_change,1236,2770,2013-08-02
pettitt_rank_location_change,1237,2667,2013-04-21
pettitt_rank_location_change,1238,2401,2012-07-29
pettitt_rank_location_change,1239,2765,2013-07-28
pettitt_rank_location_change,1240,2065,2011-08-28
pettitt_rank_location_change,1241,2527,2012-12-02
pettitt_rank_location_change,1242,2809,2013-09-10
pettitt_rank_location_change,1243,2765,2013-07-28
pettitt_rank_location_change,1244,2537,2012-12-12
pettitt_rank_location_change,1245,2670,2013-04-24
pettitt_rank_location_change,1246,2702,2013-05-26
pettitt_rank_location_change,1247,2702,2013-05-26
pettitt_rank_location_change,1248,2702,2013-05-26
pettitt_rank_location_change,1249,2642,2013-03-27
pettitt_rank_location_change,1250,2304,2012-04-23
pettitt_rank_location_change,1251,2674,2013-04-28
pettitt_rank_location_change,1252,2702,2013-05-26
pettitt_rank_location_change,1253,2700,2013-05-24
pettitt_rank_location_change,1254,2394,2012-07-22
pettitt_rank_location_change,1255,2555,2012-12-30
pettitt_rank_location_change,1256,2861,2013-11-01
pettitt_rank_location_change,1257,2773,2013-08-05
pettitt_rank_location_change,1258,2702,2013-05-26
pettitt_rank_location_change,1259,2680,2013-05-04
pettitt_rank_location_change,1260,2702,2013-05-26
pettitt_rank_location_change,1261,2410,2012-08-07
pettitt_rank_location_change,1262,2523,2012-11-28
pettitt_rank_location_change,1263,2410,2012-08-07
pettitt_rank_location_change,1264,2819,2013-09-20
pettitt_rank_location_change,1265,2269,2012-03-19
pettitt_rank_location_change,1266,2702,2013-05-26
pettitt_rank_location_change,1267,2804,2013-09-05
pettitt_rank_location_change,1268,2729,2013-06-22
pettitt_rank_location_change,1269,2702,2013-05-26
pettitt_rank_location_change,1270,2353,2012-06-11
pettitt_rank_location_change,1271,2835,2013-10-06
pettitt_rank_location_change,1272,2830,2013-10-01
pettitt_rank_location_change,1273,2407,2012-08-04
pettitt_rank_location_change,1274,2802,2013-09-03
pettitt_rank_location_change,1275,2083,2011-09-15
pettitt_rank_location_change,1276,2618,2013-03-03
pettitt_rank_location_change,1277,2816,2013-09-17
pettitt_rank_location_change,1278,2702,2013-05-26
pettitt_rank_location_change,1279,2268,2012-03-18
pettitt_rank_location_change,1280,2705,2013-05-29
pettitt_rank_location_change,1281,2601,2013-02-14
pettitt_rank_location_change,1282,2555,2012-12-30
pettitt_rank_location_change,1283,2424,2012-08-21
pettitt_rank_location_change,1284,2700,2013-05-24
pettitt_rank_location_change,1285,2699,2013-05-23
pettitt_rank_location_change,1286,2604,2013-02-17
pettitt_rank_location_change,1287,2453,2012-09-19
pettitt_rank_location_change,1288,2593,2013-02-06
pettitt_rank_location_change,1289,2702,2013-05-26
pettitt_rank_location_change,1290,2837,2013-10-08
pettitt_rank_location_change,1291,2591,2013-02-04
pettitt_rank_location_change,1292,2437,2012-09-03
pettitt_rank_location_change,1293,2794,2013-08-26
pettitt_rank_location_change,1294,2766,2013-07-29
pettitt_rank_location_change,1295,2398,2012-07-26
pettitt_rank_location_change,1296,2723,2013-06-16
pettitt_rank_location_change,1297,2608,2013-02-21
pettitt_rank_location_change,1298,2331,2012-05-20
pettitt_rank_location_change,1299,2822,2013-09-23
pettitt_rank_location_change,1300,2721,2013-06-14
pettitt_rank_location_change,1301,2665,2013-04-19
pettitt_rank_location_change,1302,2658,2013-04-12
pettitt_rank_location_change,1303,2558,2013-01-02
pettitt_rank_location_change,1304,1979,2011-06-03
pettitt_rank_location_change,1305,2602,2013-02-15
pettitt_rank_location_change,1306,2316,2012-05-05
pettitt_rank_location_change,1307,2639,2013-03-24
pettitt_rank_location_change,1308,2557,2013-01-01
pettitt_rank_location_change,1309,2420,2012-08-17
pettitt_rank_location_change,1310,2702,2013-05-26
pettitt_rank_location_change,1311,2614,2013-02-27
pettitt_rank_location_change,1312,2869,2013-11-09
pettitt_rank_location_change,1313,2347,2012-06-05
pettitt_rank_location_change,1314,2509,2012-11-14
pettitt_rank_location_change,1315,2444,2012-09-10
pettitt_rank_location_change,1316,2688,2013-05-12
pettitt_rank_location_change,1317,2055,2011-08-18
pettitt_rank_location_change,1318,2563,2013-01-07
pettitt_rank_location_change,1319,2429,2012-08-26
pettitt_rank_location_change,1320,2315,2012-05-04
pettitt_rank_location_change,1321,2698,2013-05-22
pettitt_rank_location_change,1322,2667,2013-04-21
pettitt_rank_location_change,1323,2528,2012-12-03
pettitt_rank_location_change,1324,2662,2013-04-16
pettitt_rank_location_change,1325,2750,2013-07-13
pettitt_rank_location_change,1326,2062,2011-08-25
pettitt_rank_location_change,1327,2257,2012-03-07
pettitt_rank_location_change,1328,2702,2013-05-26
pettitt_rank_location_change,1329,2702,2013-05-26
pettitt_rank_location_change,1330,2559,2013-01-03
pettitt_rank_location_change,1331,2383,2012-07-11
pettitt_rank_location_change,1332,2686,2013-05-10
pettitt_rank_location_change,1333,2823,2013-09-24
pettitt_rank_location_change,1334,2503,2012-11-08
pettitt_rank_location_change,1335,2669,2013-04-23
pettitt_rank_location_change,1336,2460,2012-09-26
pettitt_rank_location_change,1337,2864,2013-11-04
pettitt_rank_location_change,1338,2832,2013-10-03
pettitt_rank_location_change,1339,2344,2012-06-02
pettitt_rank_location_change,1340,2662,2013-04-16
pettitt_rank_location_change,1341,2229,2012-02-08
pettitt_rank_location_change,1342,2702,2013-05-26
pettitt_rank_location_change,1343,2381,2012-07-09
pettitt_rank_location_change,1344,2580,2013-01-24
pettitt_rank_location_change,1345,2425,2012-08-22
pettitt_rank_location_change,1346,2780,2013-08-12
pettitt_rank_location_change,1347,2650,2013-04-04
pettitt_rank_location_change,1348,2665,2013-04-19
pettitt_rank_location_change,1349,2569,2013-01-13
pettitt_rank_location_change,1350,2702,2013-05-26
pettitt_rank_location_change,1351,2639,2013-03-24
pettitt_rank_location_change,1352,2853,2013-10-24
pettitt_rank_location_change,1353,2584,2013-01-28
pettitt_rank_location_change,1354,2773,2013-08-05
pettitt_rank_location_change,1355,2730,2013-06-23
pettitt_rank_location_change,1356,2583,2013-01-27
pettitt_rank_location_change,1357,2633,2013-03-18
pettitt_rank_location_change,1358,2435,2012-09-01
pettitt_rank_location_change,1359,2673,2013-04-27
pettitt_rank_location_change,1360,2363,2012-06-21
pettitt_rank_location_change,1361,2823,2013-09-24
pettitt_rank_location_change,1362,2732,2013-06-25
pettitt_rank_location_change,1363,2790,2013-08-22
pettitt_rank_location_change,1364,2683,2013-05-07
pettitt_rank_location_change,1365,2504,2012-11-09
pettitt_rank_location_change,1366,2032,2011-07-26
pettitt_rank_location_change,1367,2270,2012-03-20
pettitt_rank_location_change,1368,2830,2013-10-01
pettitt_rank_location_change,1369,2622,2013-03-07
pettitt_rank_location_change,1370,2243,2012-02-22
pettitt_rank_location_change,1371,2859,2013-10-30
pettitt_rank_location_change,1372,2518,2012-11-23
pettitt_rank_location_change,1373,2657,2013-04-11
pettitt_rank_location_change,1374,2850,2013-10-21
pettitt_rank_location_change,1375,2658,2013-04-12
pettitt_rank_location_change,1376,2652,2013-04-06
pettitt_rank_location_change,1377,2326,2012-05-15
pettitt_rank_location_change,1378,2834,2013-10-05
pettitt_rank_location_change,1379,2773,2013-08-05
pettitt_rank_location_change,1380,2509,2012-11-14
pettitt_rank_location_change,1381,2040,2011-08-03
pettitt_rank_location_change,1382,2706,2013-05-30
pettitt_rank_location_change,1383,2367,2012-06-25
pettitt_rank_location_change,1384,2268,2012-03-18
pettitt_rank_location_change,1385,2555,2012-12-30
pettitt_rank_location_change,1386,2739,2013-07-02
pettitt_rank_location_change,1387,2732,2013-06-25
pettitt_rank_location_change,1388,2264,2012-03-14
pettitt_rank_location_change,1389,2785,2013-08-17
pettitt_rank_location_change,1390,2702,2013-05-26
pettitt_rank_location_change,1391,2702,2013-05-26
pettitt_rank_location_change,1392,2690,2013-05-14
pettitt_rank_location_change,1393,2764,2013-07-27
pettitt_rank_location_change,1394,2695,2013-05-19
pettitt_rank_location_change,1395,2573,2013-01-17
pettitt_rank_location_change,1396,2477,2012-10-13
pettitt_rank_location_change,1397,2636,2013-03-21
pettitt_rank_location_change,1398,2759,2013-07-22
pettitt_rank_location_change,1399,2674,2013-04-28
pettitt_rank_location_change,1400,2338,2012-05-27
pettitt_rank_location_change,1401,2689,2013-05-13
pettitt_rank_location_change,1402,2844,2013-10-15
pettitt_rank_location_change,1403,2714,2013-06-07
pettitt_rank_location_change,1404,2702,2013-05-26
pettitt_rank_location_change,1405,2691,2013-05-15
pettitt_rank_location_change,1406,2700,2013-05-24
pettitt_rank_location_change,1407,2836,2013-10-07
pettitt_rank_location_change,1408,2841,2013-10-12
pettitt_rank_location_change,1409,2842,2013-10-13
pettitt_rank_location_change,1410,2629,2013-03-14
pettitt_rank_location_change,1411,2556,2012-12-31
pettitt_rank_location_change,1412,2685,2013-05-09
pettitt_rank_location_change,1413,2702,2013-05-26
pettitt_rank_location_change,1414,2702,2013-05-26
pettitt_rank_location_change,1415,2679,2013-05-03
pettitt_rank_location_change,1416,2661,2013-04-15
pettitt_rank_location_change,1417,1605,2010-05-25
pettitt_rank_location_change,1418,2703,2013-05-27
pettitt_rank_location_change,1419,2702,2013-05-26
pettitt_rank_location_change,1420,2553,2012-12-28
pettitt_rank_location_change,1421,2694,2013-05-18
pettitt_rank_location_change,1422,2429,2012-08-26
pettitt_rank_location_change,1423,2392,2012-07-20
pettitt_rank_location_change,1424,2702,2013-05-26
pettitt_rank_location_change,1425,2609,2013-02-22
pettitt_rank_location_change,1426,2422,2012-08-19
pettitt_rank_location_change,1427,2702,2013-05-26
pettitt_rank_location_change,1428,2652,2013-04-06
pettitt_rank_location_change,1429,2656,2013-04-10
pettitt_rank_location_change,1430,2803,2013-09-04
pettitt_rank_location_change,1431,1959,2011-05-14
pettitt_rank_location_change,1432,2655,2013-04-09
pettitt_rank_location_change,1433,2645,2013-03-30
pettitt_rank_location_change,1434,2702,2013-05-26
pettitt_rank_location_change,1435,1522,2010-03-03
pettitt_rank_location_change,1436,2660,2013-04-14
pettitt_rank_location_change,1437,2823,2013-09-24
pettitt_rank_location_change,1438,1599,2010-05-19
pettitt_rank_location_change,1439,2640,2013-03-25
pettitt_rank_location_change,1440,2624,2013-03-09
pettitt_rank_location_change,1441,2677,2013-05-01
pettitt_rank_location_change,1442,2702,2013-05-26
pettitt_rank_location_change,1443,2796,2013-08-28
pettitt_rank_location_change,1444,2577,2013-01-21
pettitt_rank_location_change,1445,2702,2013-05-26
pettitt_rank_location_change,1446,2190,2011-12-31
pettitt_rank_location_change,1447,2683,2013-05-07
pettitt_rank_location_change,1448,2781,2013-08-13
pettitt_rank_location_change,1449,2528,2012-12-03
pettitt_rank_location_change,1450,2174,2011-12-15
pettitt_rank_location_change,1451,1367,2009-09-29
pettitt_rank_location_change,1452,2283,2012-04-02
pettitt_rank_location_change,1453,2796,2013-08-28
pettitt_rank_location_change,1454,2753,2013-07-16
pettitt_rank_location_change,1455,2622,2013-03-07
pettitt_rank_location_change,1456,2572,2013-01-16
pettitt_rank_location_change,1457,2861,2013-11-01
pettitt_rank_location_change,1458,2758,2013-07-21
pettitt_rank_location_change,1459,2807,2013-09-08
pettitt_rank_location_change,1460,2827,2013-09-28
pettitt_rank_location_change,1461,2642,2013-03-27
pettitt_rank_location_change,1462,2464,2012-09-30
pettitt_rank_location_change,1463,2641,2013-03-26
pettitt_rank_location_change,1464,2797,2013-08-29
pettitt_rank_location_change,1465,2321,2012-05-10
pettitt_rank_location_change,1466,2583,2013-01-27
pettitt_rank_location_change,1467,2718,2013-06-11
pettitt_rank_location_change,1468,2751,2013-07-14
pettitt_rank_location_change,1469,2685,2013-05-09
pettitt_rank_location_change,1470,2702,2013-05-26
pettitt_rank_location_change,1471,2686,2013-05-10
pettitt_rank_location_change,1472,2555,2012-12-30
pettitt_rank_location_change,1473,2516,2012-11-21
pettitt_rank_location_change,1474,2555,2012-12-30
pettitt_rank_location_change,1475,2621,2013-03-06
pettitt_rank_location_change,1476,2649,2013-04-03
pettitt_rank_location_change,1477,2509,2012-11-14
pettitt_rank_location_change,1478,2555,2012-12-30
pettitt_rank_location_change,1479,2727,2013-06-20
pettitt_rank_location_change,1480,2696,2013-05-20
pettitt_rank_location_change,1481,2419,2012-08-16
pettitt_rank_location_change,1482,2698,2013-05-22
pettitt_rank_location_change,1483,2489,2012-10-25
pettitt_rank_location_change,1484,2479,2012-10-15
pettitt_rank_location_change,1485,2702,2013-05-26
pettitt_rank_location_change,1486,2597,2013-02-10
pettitt_rank_location_change,1487,2760,2013-07-23
pettitt_rank_location_change,1488,2702,2013-05-26
pettitt_rank_location_change,1489,2300,2012-04-19
pettitt_rank_location_change,1490,2496,2012-11-01
pettitt_rank_location_change,1491,2819,2013-09-20
pettitt_rank_location_change,1492,2702,2013-05-26
pettitt_rank_location_change,1493,2812,2013-09-13
pettitt_rank_location_change,1494,2663,2013-04-17
pettitt_rank_location_change,1495,2480,2012-10-16
pettitt_rank_location_change,1496,2815,2013-09-16
pettitt_rank_location_change,1497,2646,2013-03-31
pettitt_rank_location_change,1498,2692,2013-05-16
pettitt_rank_location_change,1499,2555,2012-12-30
pettitt_rank_location_change,1500,2653,2013-04-07
pettitt_rank_location_change,1501,2670,2013-04-24
pettitt_rank_location_change,1502,2710,2013-06-03
pettitt_rank_location_change,1503,2688,2013-05-12
pettitt_rank_location_change,1504,2613,2013-02-26
pettitt_rank_location_change,1505,2630,2013-03-15
pettitt_rank_location_change,1506,2660,2013-04-14
pettitt_rank_location_change,1507,2643,2013-03-28
pettitt_rank_location_change,1508,2710,2013-06-03
pettitt_rank_location_change,1509,2863,2013-11-03
pettitt_rank_location_change,1510,2666,2013-04-20
pettitt_rank_location_change,1511,2705,2013-05-29
pettitt_rank_location_change,1512,2684,2013-05-08
pettitt_rank_location_change,1513,2868,2013-11-08
pettitt_rank_location_change,1514,2337,2012-05-26
pettitt_rank_location_change,1515,2702,2013-05-26
pettitt_rank_location_change,1516,2578,2013-01-22
pettitt_rank_location_change,1517,2714,2013-06-07
pettitt_rank_location_change,1518,2702,2013-05-26
pettitt_rank_location_change,1519,2679,2013-05-03
pettitt_rank_location_change,1520,2796,2013-08-28
pettitt_rank_location_change,1521,2661,2013-04-15
pettitt_rank_location_change,1522,2835,2013-10-06
pettitt_rank_location_change,1523,2507,2012-11-12
pettitt_rank_location_change,1524,1671,2010-07-30
pettitt_rank_location_change,1525,2689,2013-05-13
pettitt_rank_location_change,1526,2809,2013-09-10
pettitt_rank_location_change,1527,2337,2012-05-26
pettitt_rank_location_change,1528,2702,2013-05-26
pettitt_rank_location_change,1529,2702,2013-05-26
pettitt_rank_location_change,1530,2271,2012-03-21
pettitt_rank_location_change,1531,2603,2013-02-16
pettitt_rank_location_change,1532,2419,2012-08-16
pettitt_rank_location_change,1533,2642,2013-03-27
pettitt_rank_location_change,1534,2494,2012-10-30
pettitt_rank_location_change,1535,2856,2013-10-27
pettitt_rank_location_change,1536,2370,2012-06-28
pettitt_rank_location_change,1537,2702,2013-05-26
pettitt_rank_location_change,1538,2705,2013-05-29
pettitt_rank_location_change,1539,2555,2012-12-30
pettitt_rank_location_change,1540,2555,2012-12-30
pettitt_rank_location_change,1541,2702,2013-05-26
pettitt_rank_location_change,1542,2820,2013-09-21
pettitt_rank_location_change,1543,2736,2013-06-29
pettitt_rank_location_change,1544,2640,2013-03-25
pettitt_rank_location_change,1545,2823,2013-09-24
pettitt_rank_location_change,1546,2702,2013-05-26
pettitt_rank_location_change,1547,1994,2011-06-18
pettitt_rank_location_change,1548,2850,2013-10-21
pettitt_rank_location_change,1549,2822,2013-09-23
pettitt_rank_location_change,1550,2668,2013-04-22
pettitt_rank_location_change,1551,2702,2013-05-26
pettitt_rank_location_change,1552,2491,2012-10-27
pettitt_rank_location_change,1553,2613,2013-02-26
pettitt_rank_location_change,1554,2646,2013-03-31
pettitt_rank_location_change,1555,2329,2012-05-18
pettitt_rank_location_change,1556,2852,2013-10-23
pettitt_rank_location_change,1557,2637,2013-03-22
pettitt_rank_location_change,1558,2700,2013-05-24
pettitt_rank_location_change,1559,2702,2013-05-26
pettitt_rank_location_change,1560,2161,2011-12-02
pettitt_rank_location_change,1561,2804,2013-09-05
pettitt_rank_location_change,1562,2216,2012-01-26
pettitt_rank_location_change,1563,2702,2013-05-26
pettitt_rank_location_change,1564,2730,2013-06-23
pettitt_rank_location_change,1565,2686,2013-05-10
pettitt_rank_location_change,1566,2464,2012-09-30
pettitt_rank_location_change,1567,2702,2013-05-26
pettitt_rank_location_change,1568,2087,2011-09-19
pettitt_rank_location_change,1569,2712,2013-06-05
pettitt_rank_location_change,1570,2831,2013-10-02
pettitt_rank_location_change,1571,2590,2013-02-03
pettitt_rank_location_change,1572,2360,2012-06-18
pettitt_rank_location_change,1573,2125,2011-10-27
pettitt_rank_location_change,1574,2417,2012-08-14
pettitt_rank_location_change,1575,2701,2013-05-25
pettitt_rank_location_change,1576,2083,2011-09-15
pettitt_rank_location_change,1577,2676,2013-04-30
pettitt_rank_location_change,1578,2672,2013-04-26
pettitt_rank_location_change,1579,2423,2012-08-20
pettitt_rank_location_change,1580,2414,2012-08-11
pettitt_rank_location_change,1581,2819,2013-09-20
pettitt_rank_location_change,1582,2690,2013-05-14
pettitt_rank_location_change,1583,2630,2013-03-15
pettitt_rank_location_change,1584,2707,2013-05-31
pettitt_rank_location_change,1585,2718,2013-06-11
pettitt_rank_location_change,1586,2256,2012-03-06
pettitt_rank_location_change,1587,2851,2013-10-22
pettitt_rank_location_change,1588,2424,2012-08-21
pettitt_rank_location_change,1589,2487,2012-10-23
pettitt_rank_location_change,1590,2769,2013-08-01
pettitt_rank_location_change,1591,2724,2013-06-17
pettitt_rank_location_change,1592,2702,2013-05-26
pettitt_rank_location_change,1593,2432,2012-08-29
pettitt_rank_location_change,1594,2325,2012-05-14
pettitt_rank_location_change,1595,2593,2013-02-06
pettitt_rank_location_change,1596,2670,2013-04-24
pettitt_rank_location_change,1597,2702,2013-05-26
pettitt_rank_location_change,1598,2690,2013-05-14
pettitt_rank_location_change,1599,2662,2013-04-16
pettitt_rank_location_change,1600,2702,2013-05-26
pettitt_rank_location_change,1601,2678,2013-05-02
pettitt_rank_location_change,1602,2702,2013-05-26
pettitt_rank_location_change,1603,2739,2013-07-02
pettitt_rank_location_change,1604,2702,2013-05-26
pettitt_rank_location_change,1605,2654,2013-04-08
pettitt_rank_location_change,1606,2588,2013-02-01
pettitt_rank_location_change,1607,2351,2012-06-09
pettitt_rank_location_change,1608,2845,2013-10-16
pettitt_rank_location_change,1609,2803,2013-09-04
pettitt_rank_location_change,1610,2635,2013-03-20
pettitt_rank_location_change,1611,2532,2012-12-07
pettitt_rank_location_change,1612,2571,2013-01-15
pettitt_rank_location_change,1613,2702,2013-05-26
pettitt_rank_location_change,1614,2659,2013-04-13
pettitt_rank_location_change,1615,2855,2013-10-26
pettitt_rank_location_change,1616,2490,2012-10-26
pettitt_rank_location_change,1617,2290,2012-04-09
pettitt_rank_location_change,1618,2676,2013-04-30
pettitt_rank_location_change,1619,2608,2013-02-21
pettitt_rank_location_change,1620,2661,2013-04-15
pettitt_rank_location_change,1621,2693,2013-05-17
pettitt_rank_location_change,1622,2653,2013-04-07
pettitt_rank_location_change,1623,2435,2012-09-01
pettitt_rank_location_change,1624,2471,2012-10-07
pettitt_rank_location_change,1625,2360,2012-06-18
pettitt_rank_location_change,1626,2702,2013-05-26
pettitt_rank_location_change,1627,2696,2013-05-20
pettitt_rank_location_change,1628,2511,2012-11-16
pettitt_rank_location_change,1629,2299,2012-04-18
pettitt_rank_location_change,1630,2665,2013-04-19
pettitt_rank_location_change,1631,2702,2013-05-26
pettitt_rank_location_change,1632,2690,2013-05-14
pettitt_rank_location_change,1633,2418,2012-08-15
pettitt_rank_location_change,1634,2704,2013-05-28
pettitt_rank_location_change,1635,2375,2012-07-03
pettitt_rank_location_change,1636,2693,2013-05-17
pettitt_rank_location_change,1637,2757,2013-07-20
pettitt_rank_location_change,1638,2610,2013-02-23
pettitt_rank_location_change,1639,2646,2013-03-31
pettitt_rank_location_change,1640,2563,2013-01-07
pettitt_rank_location_change,1641,2702,2013-05-26
pettitt_rank_location_change,1642,2702,2013-05-26
pettitt_rank_location_change,1643,1578,2010-04-28
pettitt_rank_location_change,1644,2850,2013-10-21
pettitt_rank_location_change,1645,2702,2013-05-26
pettitt_rank_location_change,1646,2822,2013-09-23
pettitt_rank_location_change,1647,2835,2013-10-06
pettitt_rank_location_change,1648,2710,2013-06-03
pettitt_rank_location_change,1649,2869,2013-11-09
pettitt_rank_location_change,1650,2201,2012-01-11
pettitt_rank_location_change,1651,2408,2012-08-05
pettitt_rank_location_change,1652,2677,2013-05-01
pettitt_rank_location_change,1653,2702,2013-05-26
pettitt_rank_location_change,1654,2690,2013-05-14
pettitt_rank_location_change,1655,2407,2012-08-04
pettitt_rank_location_change,1656,2586,2013-01-30
pettitt_rank_location_change,1657,2766,2013-07-29
pettitt_rank_location_change,1658,2465,2012-10-01
pettitt_rank_location_change,1659,2496,2012-11-01
pettitt_rank_location_change,1660,2701,2013-05-25
pettitt_rank_location_change,1661,2757,2013-07-20
pettitt_rank_location_change,1662,2702,2013-05-26
pettitt_rank_location_change,1663,2572,2013-01-16
pettitt_rank_location_change,1664,2135,2011-11-06
pettitt_rank_location_change,1665,2800,2013-09-01
pettitt_rank_location_change,1666,2756,2013-07-19
pettitt_rank_location_change,1667,2288,2012-04-07
pettitt_rank_location_change,1668,2767,2013-07-30
pettitt_rank_location_change,1669,2370,2012-06-28
pettitt_rank_location_change,1670,2702,2013-05-26
pettitt_rank_location_change,1671,2700,2013-05-24
pettitt_rank_location_change,1672,2559,2013-01-03
pettitt_rank_location_change,1673,2855,2013-10-26
pettitt_rank_location_change,1674,2394,2012-07-22
pettitt_rank_location_change,1675,2321,2012-05-10
pettitt_rank_location_change,1676,2457,2012-09-23
pettitt_rank_location_change,1677,2481,2012-10-17
pettitt_rank_location_change,1678,2449,2012-09-15
pettitt_rank_location_change,1679,2861,2013-11-01
pettitt_rank_location_change,1680,2597,2013-02-10
pettitt_rank_location_change,1681,2483,2012-10-19
pettitt_rank_location_change,1682,2609,2013-02-22
pettitt_rank_location_change,1683,2550,2012-12-25
pettitt_rank_location_change,1684,2644,2013-03-29
pettitt_rank_location_change,1685,2418,2012-08-15
pettitt_rank_location_change,1686,2685,2013-05-09
pettitt_rank_location_change,1687,2872,2013-11-12
pettitt_rank_location_change,1688,2721,2013-06-14
pettitt_rank_location_change,1689,2265,2012-03-15
pettitt_rank_location_change,1690,2639,2013-03-24
pettitt_rank_location_change,1691,2597,2013-02-10
pettitt_rank_location_change,1692,2632,2013-03-17
pettitt_rank_location_change,1693,2770,2013-08-02
pettitt_rank_location_change,1694,2678,2013-05-02
pettitt_rank_location_change,1695,2189,2011-12-30
pettitt_rank_location_change,1696,2702,2013-05-26
pettitt_rank_location_change,1697,2584,2013-01-28
pettitt_rank_location_change,1698,2732,2013-06-25
pettitt_rank_location_change,1699,2624,2013-03-09
pettitt_rank_location_change,1700,2711,2013-06-04
pettitt_rank_location_change,1701,2686,2013-05-10
pettitt_rank_location_change,1702,2702,2013-05-26
pettitt_rank_location_change,1703,2335,2012-05-24
pettitt_rank_location_change,1704,2744,2013-07-07
pettitt_rank_location_change,1705,2698,2013-05-22
pettitt_rank_location_change,1706,2435,2012-09-01
pettitt_rank_location_change,1707,2702,2013-05-26
pettitt_rank_location_change,1708,2708,2013-06-01
pettitt_rank_location_change,1709,2555,2012-12-30
pettitt_rank_location_change,1710,2319,2012-05-08
pettitt_rank_location_change,1711,2702,2013-05-26
pettitt_rank_location_change,1712,2388,2012-07-16
pettitt_rank_location_change,1713,2380,2012-07-08
pettitt_rank_location_change,1714,2691,2013-05-15
pettitt_rank_location_change,1715,2722,2013-06-15
pettitt_rank_location_change,1716,2697,2013-05-21
pettitt_rank_location_change,1717,2623,2013-03-08
pettitt_rank_location_change,1718,2432,2012-08-29
pettitt_rank_location_change,1719,2274,2012-03-24
pettitt_rank_location_change,1720,2294,2012-04-13
pettitt_rank_location_change,1721,2623,2013-03-08
pettitt_rank_location_change,1722,2702,2013-05-26
pettitt_rank_location_change,1723,1703,2010-08-31
pettitt_rank_location_change,1724,2822,2013-09-23
pettitt_rank_location_change,1725,2565,2013-01-09
pettitt_rank_location_change,1726,2254,2012-03-04
pettitt_rank_location_change,1727,1218,2009-05-03
pettitt_rank_location_change,1728,2700,2013-05-24
pettitt_rank_location_change,1729,2556,2012-12-31
pettitt_rank_location_change,1730,2821,2013-09-22
pettitt_rank_location_change,1731,2702,2013-05-26
pettitt_rank_location_change,1732,2505,2012-11-10
pettitt_rank_location_change,1733,2239,2012-02-18
pettitt_rank_location_change,1734,1897,2011-03-13
pettitt_rank_location_change,1735,2396,2012-07-24
pettitt_rank_location_change,1736,2710,2013-06-03
pettitt_rank_location_change,1737,2702,2013-05-26
pettitt_rank_location_change,1738,2555,2012-12-30
pettitt_rank_location_change,1739,2387,2012-07-15
pettitt_rank_location_change,1740,1618,2010-06-07
pettitt_rank_location_change,1741,2672,2013-04-26
pettitt_rank_location_change,1742,2627,2013-03-12
pettitt_rank_location_change,1743,2702,2013-05-26
pettitt_rank_location_change,1744,2663,2013-04-17
pettitt_rank_location_change,1745,1769,2010-11-05
pettitt_rank_location_change,1746,2793,2013-08-25
pettitt_rank_location_change,1747,2841,2013-10-12
pettitt_rank_location_change,1748,2171,2011-12-12
pettitt_rank_location_change,1749,2023,2011-07-17
pettitt_rank_location_change,1750,2775,2013-08-07
pettitt_rank_location_change,1751,2735,2013-06-28
pettitt_rank_location_change,1752,2702,2013-05-26
pettitt_rank_location_change,1753,2611,2013-02-24
pettitt_rank_location_change,1754,2845,2013-10-16
pettitt_rank_location_change,1755,2702,2013-05-26
pettitt_rank_location_change,1756,2787,2013-08-19
pettitt_rank_location_change,1757,2356,2012-06-14
pettitt_rank_location_change,1758,2808,2013-09-09
pettitt_rank_location_change,1759,2681,2013-05-05
pettitt_rank_location_change,1760,2813,2013-09-14
pettitt_rank_location_change,1761,2851,2013-10-22
pettitt_rank_location_change,1762,2023,2011-07-17
pettitt_rank_location_change,1763,2582,2013-01-26
pettitt_rank_location_change,1764,2422,2012-08-19
pettitt_rank_location_change,1765,2578,2013-01-22
pettitt_rank_location_change,1766,2667,2013-04-21
pettitt_rank_location_change,1767,1943,2011-04-28
pettitt_rank_location_change,1768,2697,2013-05-21
pettitt_rank_location_change,1769,2809,2013-09-10
pettitt_rank_location_change,1770,2635,2013-03-20
pettitt_rank_location_change,1771,2673,2013-04-27
pettitt_rank_location_change,1772,2702,2013-05-26
pettitt_rank_location_change,1773,2715,2013-06-08
pettitt_rank_location_change,1774,2185,2011-12-26
pettitt_rank_location_change,1775,2458,2012-09-24
pettitt_rank_location_change,1776,2702,2013-05-26
pettitt_rank_location_change,1777,2030,2011-07-24
pettitt_rank_location_change,1778,2666,2013-04-20
pettitt_rank_location_change,1779,2559,2013-01-03
pettitt_rank_location_change,1780,2784,2013-08-16
pettitt_rank_location_change,1781,2702,2013-05-26
pettitt_rank_location_change,1782,2376,2012-07-04
pettitt_rank_location_change,1783,2346,2012-06-04
pettitt_rank_location_change,1784,2848,2013-10-19
pettitt_rank_location_change,1785,2761,2013-07-24
pettitt_rank_location_change,1786,2698,2013-05-22
pettitt_rank_location_change,1787,2822,2013-09-23
pettitt_rank_location_change,1788,2727,2013-06-20
pettitt_rank_location_change,1789,2633,2013-03-18
pettitt_rank_location_change,1790,2832,2013-10-03
pettitt_rank_location_change,1791,2549,2012-12-24
pettitt_rank_location_change,1792,2842,2013-10-13
pettitt_rank_location_change,1793,2692,2013-05-16
pettitt_rank_location_change,1794,2560,2013-01-04
pettitt_rank_location_change,1795,2320,2012-05-09
pettitt_rank_location_change,1796,2684,2013-05-08
pettitt_rank_location_change,1797,2555,2012-12-30
pettitt_rank_location_change,1798,2380,2012-07-08
pettitt_rank_location_change,1799,2591,2013-02-04
pettitt_rank_location_change,1800,2667,2013-04-21
pettitt_rank_location_change,1801,2575,2013-01-19
pettitt_rank_location_change,1802,2462,2012-09-28
pettitt_rank_location_change,1803,2658,2013-04-12
pettitt_rank_location_change,1804,2702,2013-05-26
pettitt_rank_location_change,1805,2734,2013-06-27
pettitt_rank_location_change,1806,2699,2013-05-23
pettitt_rank_location_change,1807,2446,2012-09-12
pettitt_rank_location_change,1808,2723,2013-06-16
pettitt_rank_location_change,1809,2702,2013-05-26
pettitt_rank_location_change,1810,2574,2013-01-18
pettitt_rank_location_change,1811,2702,2013-05-26
pettitt_rank_location_change,1812,2421,2012-08-18
pettitt_rank_location_change,1813,2688,2013-05-12
pettitt_rank_location_change,1814,2661,2013-04-15
pettitt_rank_location_change,1815,2611,2013-02-24
pettitt_rank_location_change,1816,2613,2013-02-26
pettitt_rank_location_change,1817,2620,2013-03-05
pettitt_rank_location_change,1818,2736,2013-06-29
pettitt_rank_location_change,1819,1778,2010-11-14
pettitt_rank_location_change,1820,2617,2013-03-02
pettitt_rank_location_change,1821,2382,2012-07-10
pettitt_rank_location_change,1822,1857,2011-02-01
pettitt_rank_location_change,1823,2778,2013-08-10
pettitt_rank_location_change,1824,2403,2012-07-31
pettitt_rank_location_change,1825,2729,2013-06-22
pettitt_rank_location_change,1826,2334,2012-05-23
pettitt_rank_location_change,1827,2656,2013-04-10
pettitt_rank_location_change,1828,1608,2010-05-28
pettitt_rank_location_change,1829,2636,2013-03-21
pettitt_rank_location_change,1830,2676,2013-04-30
pettitt_rank_location_change,1831,2824,2013-09-25
pettitt_rank_location_change,1832,2599,2013-02-12
pettitt_rank_location_change,1833,2702,2013-05-26
pettitt_rank_location_change,1834,2361,2012-06-19
pettitt_rank_location_change,1835,2856,2013-10-27
pettitt_rank_location_change,1836,2702,2013-05-26
pettitt_rank_location_change,1837,2792,2013-08-24
pettitt_rank_location_change,1838,2789,2013-08-21
pettitt_rank_location_change,1839,2352,2012-06-10
pettitt_rank_location_change,1840,2675,2013-04-29
pettitt_rank_location_change,1841,2752,2013-07-15
pettitt_rank_location_change,1842,2429,2012-08-26
pettitt_rank_location_change,1843,2702,2013-05-26
pettitt_rank_location_change,1844,2388,2012-07-16
pettitt_rank_location_change,1845,2702,2013-05-26
pettitt_rank_location_change,1846,2338,2012-05-27
pettitt_rank_location_change,1847,2364,2012-06-22
pettitt_rank_location_change,1848,2828,2013-09-29
pettitt_rank_location_change,1849,2230,2012-02-09
pettitt_rank_location_change,1850,2673,2013-04-27
pettitt_rank_location_change,1851,2804,2013-09-05
pettitt_rank_location_change,1852,2688,2013-05-12
pettitt_rank_location_change,1853,2621,2013-03-06
pettitt_rank_location_change,1854,2582,2013-01-26
pettitt_rank_location_change,1855,2153,2011-11-24
pettitt_rank_location_change,1856,2841,2013-10-12
pettitt_rank_location_change,1857,2308,2012-04-27
pettitt_rank_location_change,1858,2636,2013-03-21
pettitt_rank_location_change,1859,2459,2012-09-25
pettitt_rank_location_change,1860,2789,2013-08-21
pettitt_rank_location_change,1861,2419,2012-08-16
pettitt_rank_location_change,1862,2702,2013-05-26
pettitt_rank_location_change,1863,2687,2013-05-11
pettitt_rank_location_change,1864,2307,2012-04-26
pettitt_rank_location_change,1865,2432,2012-08-29
pettitt_rank_location_change,1866,2673,2013-04-27
pettitt_rank_location_change,1867,2681,2013-05-05
pettitt_rank_location_change,1868,2742,2013-07-05
pettitt_rank_location_change,1869,2702,2013-05-26
pettitt_rank_location_change,1870,2667,2013-04-21
pettitt_rank_location_change,1871,2621,2013-03-06
pettitt_rank_location_change,1872,2373,2012-07-01
pettitt_rank_location_change,1873,2702,2013-05-26
pettitt_rank_location_change,1874,2702,2013-05-26
pettitt_rank_location_change,1875,2702,2013-05-26
pettitt_rank_location_change,1876,2703,2013-05-27
pettitt_rank_location_change,1877,2555,2012-12-30
pettitt_rank_location_change,1878,2725,2013-06-18
pettitt_rank_location_change,1879,2368,2012-06-26
pettitt_rank_location_change,1880,1875,2011-02-19
pettitt_rank_location_change,1881,2702,2013-05-26
pettitt_rank_location_change,1882,2788,2013-08-20
pettitt_rank_location_change,1883,2822,2013-09-23
pettitt_rank_location_change,1884,2702,2013-05-26
pettitt_rank_location_change,1885,2806,2013-09-07
pettitt_rank_location_change,1886,2567,2013-01-11
pettitt_rank_location_change,1887,1839,2011-01-14
pettitt_rank_location_change,1888,2626,2013-03-11
pettitt_rank_location_change,1889,2652,2013-04-06
pettitt_rank_location_change,1890,2555,2012-12-30
pettitt_rank_location_change,1891,2663,2013-04-17
pettitt_rank_location_change,1892,2447,2012-09-13
pettitt_rank_location_change,1893,2768,2013-07-31
pettitt_rank_location_change,1894,2702,2013-05-26
pettitt_rank_location_change,1895,2830,2013-10-01
pettitt_rank_location_change,1896,2248,2012-02-27
pettitt_rank_location_change,1897,2765,2013-07-28
pettitt_rank_location_change,1898,2702,2013-05-26
pettitt_rank_location_change,1899,2810,2013-09-11
pettitt_rank_location_change,1900,2349,2012-06-07
pettitt_rank_location_change,1901,2394,2012-07-22
pettitt_rank_location_change,1902,2702,2013-05-26
pettitt_rank_location_change,1903,2701,2013-05-25
pettitt_rank_location_change,1904,2555,2012-12-30
pettitt_rank_location_change,1905,2698,2013-05-22
pettitt_rank_location_change,1906,2792,2013-08-24
pettitt_rank_location_change,1907,2702,2013-05-26
pettitt_rank_location_change,1908,2536,2012-12-11
pettitt_rank_location_change,1909,2579,2013-01-23
pettitt_rank_location_change,1910,2564,2013-01-08
pettitt_rank_location_change,1911,2690,2013-05-14
pettitt_rank_location_change,1912,2702,2013-05-26
pettitt_rank_location_change,1913,2082,2011-09-14
pettitt_rank_location_change,1914,2266,2012-03-16
pettitt_rank_location_change,1915,2636,2013-03-21
pettitt_rank_location_change,1916,2702,2013-05-26
pettitt_rank_location_change,1917,2425,2012-08-22
pettitt_rank_location_change,1918,2619,2013-03-04
pettitt_rank_location_change,1919,2725,2013-06-18
pettitt_rank_location_change,1920,2585,2013-01-29
pettitt_rank_location_change,1921,2606,2013-02-19
pettitt_rank_location_change,1922,2740,2013-07-03
pettitt_rank_location_change,1923,2702,2013-05-26
pettitt_rank_location_change,1924,2776,2013-08-08
pettitt_rank_location_change,1925,2415,2012-08-12
pettitt_rank_location_change,1926,2650,2013-04-04
pettitt_rank_location_change,1927,2702,2013-05-26
pettitt_rank_location_change,1928,2664,2013-04-18
pettitt_rank_location_change,1929,2562,2013-01-06
pettitt_rank_location_change,1930,2702,2013-05-26
pettitt_rank_location_change,1931,2857,2013-10-28
pettitt_rank_location_change,1932,2855,2013-10-26
pettitt_rank_location_change,1933,2705,2013-05-29
pettitt_rank_location_change,1934,2662,2013-04-16
pettitt_rank_location_change,1935,2690,2013-05-14
pettitt_rank_location_change,1936,2531,2012-12-06
pettitt_rank_location_change,1937,2697,2013-05-21
pettitt_rank_location_change,1938,2803,2013-09-04
pettitt_rank_location_change,1939,2830,2013-10-01
pettitt_rank_location_change,1940,2596,2013-02-09
pettitt_rank_location_change,1941,2331,2012-05-20
pettitt_rank_location_change,1942,2603,2013-02-16
pettitt_rank_location_change,1943,2602,2013-02-15
pettitt_rank_location_change,1944,2641,2013-03-26
pettitt_rank_location_change,1945,2569,2013-01-13
pettitt_rank_location_change,1946,2745,2013-07-08
pettitt_rank_location_change,1947,2555,2012-12-30
pettitt_rank_location_change,1948,2555,2012-12-30
pettitt_rank_location_change,1949,2865,2013-11-05
pettitt_rank_location_change,1950,2310,2012-04-29
pettitt_rank_location_change,1951,1935,2011-04-20
pettitt_rank_location_change,1952,2702,2013-05-26
pettitt_rank_location_change,1953,2482,2012-10-18
pettitt_rank_location_change,1954,2555,2012-12-30
pettitt_rank_location_change,1955,1933,2011-04-18
pettitt_rank_location_change,1956,2616,2013-03-01
pettitt_rank_location_change,1957,2702,2013-05-26
pettitt_rank_location_change,1958,2564,2013-01-08
pettitt_rank_location_change,1959,2702,2013-05-26
pettitt_rank_location_change,1960,2702,2013-05-26
pettitt_rank_location_change,1961,2723,2013-06-16
pettitt_rank_location_change,1962,2667,2013-04-21
pettitt_rank_location_change,1963,2702,2013-05-26
pettitt_rank_location_change,1964,2061,2011-08-24
pettitt_rank_location_change,1965,2615,2013-02-28
pettitt_rank_location_change,1966,2784,2013-08-16
pettitt_rank_location_change,1967,2507,2012-11-12
pettitt_rank_location_change,1968,2701,2013-05-25
pettitt_rank_location_change,1969,2347,2012-06-05
pettitt_rank_location_change,1970,2629,2013-03-14
pettitt_rank_location_change,1971,2702,2013-05-26
pettitt_rank_location_change,1972,2862,2013-11-02
pettitt_rank_location_change,1973,2435,2012-09-01
pettitt_rank_location_change,1974,2596,2013-02-09
pettitt_rank_location_change,1975,2533,2012-12-08
pettitt_rank_location_change,1976,2636,2013-03-21
pettitt_rank_location_change,1977,2703,2013-05-27
pettitt_rank_location_change,1978,2702,2013-05-26
pettitt_rank_location_change,1979,2702,2013-05-26
pettitt_rank_location_change,1980,2818,2013-09-19
pettitt_rank_location_change,1981,2547,2012-12-22
pettitt_rank_location_change,1982,2600,2013-02-13
pettitt_rank_location_change,1983,2793,2013-08-25
pettitt_rank_location_change,1984,2596,2013-02-09
pettitt_rank_location_change,1985,2769,2013-08-01
pettitt_rank_location_change,1986,2629,2013-03-14
pettitt_rank_location_change,1987,2583,2013-01-27
pettitt_rank_location_change,1988,2651,2013-04-05
pettitt_rank_location_change,1989,2438,2012-09-04
pettitt_rank_location_change,1990,2505,2012-11-10
pettitt_rank_location_change,1991,2636,2013-03-21
pettitt_rank_location_change,1992,2594,2013-02-07
pettitt_rank_location_change,1993,2444,2012-09-10
pettitt_rank_location_change,1994,2702,2013-05-26
pettitt_rank_location_change,1995,2551,2012-12-26
pettitt_rank_location_change,1996,2483,2012-10-19
pettitt_rank_location_change,1997,2555,2012-12-30
pettitt_rank_location_change,1998,2802,2013-09-03
pettitt_rank_location_change,1999,2702,2013-05-26
pettitt_rank_location_change,2000,2676,2013-04-30
pettitt_rank_location_change,2001,2702,2013-05-26
pettitt_rank_location_change,2002,2702,2013-05-26
pettitt_rank_location_change,2003,2540,2012-12-15
pettitt_rank_location_change,2004,2770,2013-08-02
pettitt_rank_location_change,2005,2699,2013-05-23
pettitt_rank_location_change,2006,2626,2013-03-11
pettitt_rank_location_change,2007,2578,2013-01-22
pettitt_rank_location_change,2008,1745,2010-10-12
pettitt_rank_location_change,2009,2639,2013-03-24
pettitt_rank_location_change,2010,2831,2013-10-02
pettitt_rank_location_change,2011,2233,2012-02-12
pettitt_rank_location_change,2012,2702,2013-05-26
pettitt_rank_location_change,2013,2690,2013-05-14
pettitt_rank_location_change,2014,2759,2013-07-22
pettitt_rank_location_change,2015,1685,2010-08-13
pettitt_rank_location_change,2016,1887,2011-03-03
pettitt_rank_location_change,2017,2626,2013-03-11
pettitt_rank_location_change,2018,2687,2013-05-11
pettitt_rank_location_change,2019,2702,2013-05-26
pettitt_rank_location_change,2020,2562,2013-01-06
pettitt_rank_location_change,2021,2497,2012-11-02
pettitt_rank_location_change,2022,2635,2013-03-20
pettitt_rank_location_change,2023,1845,2011-01-20
pettitt_rank_location_change,2024,2684,2013-05-08
pettitt_rank_location_change,2025,2702,2013-05-26
pettitt_rank_location_change,2026,2795,2013-08-27
pettitt_rank_location_change,2027,2766,2013-07-29
pettitt_rank_location_change,2028,2702,2013-05-26
pettitt_rank_location_change,2029,2702,2013-05-26
pettitt_rank_location_change,2030,2844,2013-10-15
pettitt_rank_location_change,2031,2869,2013-11-09
pettitt_rank_location_change,2032,2702,2013-05-26
pettitt_rank_location_change,2033,2669,2013-04-23
pettitt_rank_location_change,2034,2611,2013-02-24
pettitt_rank_location_change,2035,2702,2013-05-26
pettitt_rank_location_change,2036,2502,2012-11-07
pettitt_rank_location_change,2037,2588,2013-02-01
pettitt_rank_location_change,2038,2695,2013-05-19
pettitt_rank_location_change,2039,2677,2013-05-01
pettitt_rank_location_change,2040,2423,2012-08-20
pettitt_rank_location_change,2041,2818,2013-09-19
pettitt_rank_location_change,2042,2295,2012-04-14
pettitt_rank_location_change,2043,2669,2013-04-23
pettitt_rank_location_change,2044,2244,2012-02-23
pettitt_rank_location_change,2045,2702,2013-05-26
pettitt_rank_location_change,2046,2396,2012-07-24
pettitt_rank_location_change,2047,1970,2011-05-25
pettitt_rank_location_change,2048,2439,2012-09-05
pettitt_rank_location_change,2049,2672,2013-04-26
pettitt_rank_location_change,2050,2829,2013-09-30
pettitt_rank_location_change,2051,2702,2013-05-26
pettitt_rank_location_change,2052,2681,2013-05-05
pettitt_rank_location_change,2053,2313,2012-05-02
pettitt_rank_location_change,2054,2702,2013-05-26
pettitt_rank_location_change,2055,2304,2012-04-23
pettitt_rank_location_change,2056,2650,2013-04-04
pettitt_rank_location_change,2057,2757,2013-07-20
pettitt_rank_location_change,2058,2749,2013-07-12
pettitt_rank_location_change,2059,2422,2012-08-19
pettitt_rank_location_change,2060,2770,2013-08-02
pettitt_rank_location_change,2061,2605,2013-02-18
pettitt_rank_location_change,2062,2520,2012-11-25
pettitt_rank_location_change,2063,2672,2013-04-26
pettitt_rank_location_change,2064,2686,2013-05-10
pettitt_rank_location_change,2065,2702,2013-05-26
pettitt_rank_location_change,2066,2615,2013-02-28
pettitt_rank_location_change,2067,2742,2013-07-05
pettitt_rank_location_change,2068,2666,2013-04-20
pettitt_rank_location_change,2069,2612,2013-02-25
pettitt_rank_location_change,2070,2701,2013-05-25
pettitt_rank_location_change,2071,2558,2013-01-02
pettitt_rank_location_change,2072,2594,2013-02-07
pettitt_rank_location_change,2073,2791,2013-08-23
pettitt_rank_location_change,2074,2784,2013-08-16
pettitt_rank_location_change,2075,2805,2013-09-06
pettitt_rank_location_change,2076,2580,2013-01-24
pettitt_rank_location_change,2077,2771,2013-08-03
pettitt_rank_location_change,2078,2677,2013-05-01
pettitt_rank_location_change,2079,2460,2012-09-26
pettitt_rank_location_change,2080,2795,2013-08-27
pettitt_rank_location_change,2081,2556,2012-12-31
pettitt_rank_location_change,2082,2721,2013-06-14
pettitt_rank_location_change,2083,2702,2013-05-26
pettitt_rank_location_change,2084,2546,2012-12-21
pettitt_rank_location_change,2085,2650,2013-04-04
pettitt_rank_location_change,2086,2728,2013-06-21
pettitt_rank_location_change,2087,2827,2013-09-28
pettitt_rank_location_change,2088,2595,2013-02-08
pettitt_rank_location_change,2089,2815,2013-09-16
pettitt_rank_location_change,2090,2812,2013-09-13
pettitt_rank_location_change,2091,2807,2013-09-08
pettitt_rank_location_change,2092,2773,2013-08-05
pettitt_rank_location_change,2093,2702,2013-05-26
pettitt_rank_location_change,2094,2497,2012-11-02
pettitt_rank_location_change,2095,2377,2012-07-05
pettitt_rank_location_change,2096,2294,2012-04-13
pettitt_rank_location_change,2097,2792,2013-08-24
pettitt_rank_location_change,2098,2365,2012-06-23
pettitt_rank_location_change,2099,2702,2013-05-26
pettitt_rank_location_change,2100,2781,2013-08-13
pettitt_rank_location_change,2101,2366,2012-06-24
pettitt_rank_location_change,2102,2683,2013-05-07
pettitt_rank_location_change,2103,2769,2013-08-01
pettitt_rank_location_change,2104,2457,2012-09-23
pettitt_rank_location_change,2105,2700,2013-05-24
pettitt_rank_location_change,2106,2600,2013-02-13
pettitt_rank_location_change,2107,2692,2013-05-16
pettitt_rank_location_change,2108,2598,2013-02-11
pettitt_rank_location_change,2109,1856,2011-01-31
pettitt_rank_location_change,2110,2102,2011-10-04
pettitt_rank_location_change,2111,2694,2013-05-18
pettitt_rank_location_change,2112,2695,2013-05-19
pettitt_rank_location_change,2113,2555,2012-12-30
pettitt_rank_location_change,2114,2702,2013-05-26
pettitt_rank_location_change,2115,2736,2013-06-29
pettitt_rank_location_change,2116,2700,2013-05-24
pettitt_rank_location_change,2117,2481,2012-10-17
pettitt_rank_location_change,2118,2673,2013-04-27
pettitt_rank_location_change,2119,2465,2012-10-01
pettitt_rank_location_change,2120,2569,2013-01-13
pettitt_rank_location_change,2121,2604,2013-02-17
pettitt_rank_location_change,2122,2702,2013-05-26
pettitt_rank_location_change,2123,2855,2013-10-26
pettitt_rank_location_change,2124,2555,2012-12-30
pettitt_rank_location_change,2125,2788,2013-08-20
pettitt_rank_location_change,2126,1948,2011-05-03
pettitt_rank_location_change,2127,2724,2013-06-17
pettitt_rank_location_change,2128,2690,2013-05-14
pettitt_rank_location_change,2129,2806,2013-09-07
pettitt_rank_location_change,2130,2323,2012-05-12
pettitt_rank_location_change,2131,2753,2013-07-16
pettitt_rank_location_change,2132,2800,2013-09-01
pettitt_rank_location_change,2133,2702,2013-05-26
pettitt_rank_location_change,2134,2798,2013-08-30
pettitt_rank_location_change,2135,2093,2011-09-25
pettitt_rank_location_change,2136,2680,2013-05-04
pettitt_rank_location_change,2137,2061,2011-08-24
pettitt_rank_location_change,2138,2501,2012-11-06
pettitt_rank_location_change,2139,2070,2011-09-02
pettitt_rank_location_change,2140,2583,2013-01-27
pettitt_rank_location_change,2141,1970,2011-05-25
pettitt_rank_location_change,2142,2390,2012-07-18
pettitt_rank_location_change,2143,2750,2013-07-13
pettitt_rank_location_change,2144,2533,2012-12-08
pettitt_rank_location_change,2145,2126,2011-10-28
pettitt_rank_location_change,2146,2702,2013-05-26
pettitt_rank_location_change,2147,2372,2012-06-30
pettitt_rank_location_change,2148,2068,2011-08-31
pettitt_rank_location_change,2149,2702,2013-05-26
pettitt_rank_location_change,2150,2702,2013-05-26
pettitt_rank_location_change,2151,2702,2013-05-26
pettitt_rank_location_change,2152,2804,2013-09-05
pettitt_rank_location_change,2153,2838,2013-10-09
pettitt_rank_location_change,2154,2102,2011-10-04
pettitt_rank_location_change,2155,2810,2013-09-11
pettitt_rank_location_change,2156,2850,2013-10-21
pettitt_rank_location_change,2157,2469,2012-10-05
pettitt_rank_location_change,2158,2783,2013-08-15
pettitt_rank_location_change,2159,2252,2012-03-02
pettitt_rank_location_change,2160,2508,2012-11-13
pettitt_rank_location_change,2161,2548,2012-12-23
pettitt_rank_location_change,2162,2803,2013-09-04
pettitt_rank_location_change,2163,2390,2012-07-18
pettitt_rank_location_change,2164,2664,2013-04-18
pettitt_rank_location_change,2165,2684,2013-05-08
pettitt_rank_location_change,2166,2520,2012-11-25
pettitt_rank_location_change,2167,2669,2013-04-23
pettitt_rank_location_change,2168,2627,2013-03-12
pettitt_rank_location_change,2169,2702,2013-05-26
pettitt_rank_location_change,2170,2630,2013-03-15
pettitt_rank_location_change,2171,2771,2013-08-03
pettitt_rank_location_change,2172,2727,2013-06-20
pettitt_rank_location_change,2173,2511,2012-11-16
pettitt_rank_location_change,2174,2676,2013-04-30
pettitt_rank_location_change,2175,2675,2013-04-29
pettitt_rank_location_change,2176,2230,2012-02-09
pettitt_rank_location_change,2177,2684,2013-05-08
pettitt_rank_location_change,2178,2676,2013-04-30
pettitt_rank_location_change,2179,2080,2011-09-12
pettitt_rank_location_change,2180,2599,2013-02-12
pettitt_rank_location_change,2181,2665,2013-04-19
pettitt_rank_location_change,2182,2711,2013-06-04
pettitt_rank_location_change,2183,2774,2013-08-06
pettitt_rank_location_change,2184,2615,2013-02-28
pettitt_rank_location_change,2185,2659,2013-04-13
pettitt_rank_location_change,2186,2554,2012-12-29
pettitt_rank_location_change,2187,2486,2012-10-22
pettitt_rank_location_change,2188,2761,2013-07-24
pettitt_rank_location_change,2189,2476,2012-10-12
pettitt_rank_location_change,2190,2789,2013-08-21
pettitt_rank_location_change,2191,2676,2013-04-30
pettitt_rank_location_change,2192,2621,2013-03-06
pettitt_rank_location_change,2193,2605,2013-02-18
pettitt_rank_location_change,2194,2702,2013-05-26
pettitt_rank_location_change,2195,2051,2011-08-14
pettitt_rank_location_change,2196,2472,2012-10-08
pettitt_rank_location_change,2197,2688,2013-05-12
pettitt_rank_location_change,2198,2693,2013-05-17
pettitt_rank_location_change,2199,2840,2013-10-11
pettitt_rank_location_change,2200,2664,2013-04-18
pettitt_rank_location_change,2201,2340,2012-05-29
pettitt_rank_location_change,2202,2763,2013-07-26
pettitt_rank_location_change,2203,2055,2011-08-18
pettitt_rank_location_change,2204,2662,2013-04-16
pettitt_rank_location_change,2205,2773,2013-08-05
pettitt_rank_location_change,2206,2702,2013-05-26
pettitt_rank_location_change,2207,2733,2013-06-26
pettitt_rank_location_change,2208,2554,2012-12-29
pettitt_rank_location_change,2209,2555,2012-12-30
pettitt_rank_location_change,2210,2315,2012-05-04
pettitt_rank_location_change,2211,2187,2011-12-28
pettitt_rank_location_change,2212,2704,2013-05-28
pettitt_rank_location_change,2213,2634,2013-03-19
pettitt_rank_location_change,2214,2190,2011-12-31
pettitt_rank_location_change,2215,2467,2012-10-03
pettitt_rank_location_change,2216,2835,2013-10-06
pettitt_rank_location_change,2217,2606,2013-02-19
pettitt_rank_location_change,2218,2438,2012-09-04
pettitt_rank_location_change,2219,1913,2011-03-29
pettitt_rank_location_change,2220,2817,2013-09-18
pettitt_rank_location_change,2221,2701,2013-05-25
pettitt_rank_location_change,2222,2702,2013-05-26
pettitt_rank_location_change,2223,2454,2012-09-20
pettitt_rank_location_change,2224,2594,2013-02-07
pettitt_rank_location_change,2225,2822,2013-09-23
pettitt_rank_location_change,2226,1920,2011-04-05
pettitt_rank_location_change,2227,2690,2013-05-14
pettitt_rank_location_change,2228,2788,2013-08-20
pettitt_rank_location_change,2229,2718,2013-06-11
pettitt_rank_location_change,2230,2454,2012-09-20
pettitt_rank_location_change,2231,2769,2013-08-01
pettitt_rank_location_change,2232,2392,2012-07-20
pettitt_rank_location_change,2233,2701,2013-05-25
pettitt_rank_location_change,2234,2185,2011-12-26
pettitt_rank_location_change,2235,2857,2013-10-28
pettitt_rank_location_change,2236,2041,2011-08-04
pettitt_rank_location_change,2237,2806,2013-09-07
pettitt_rank_location_change,2238,2813,2013-09-14
pettitt_rank_location_change,2239,2680,2013-05-04
pettitt_rank_location_change,2240,2403,2012-07-31
pettitt_rank_location_change,2241,2692,2013-05-16
pettitt_rank_location_change,2242,2797,2013-08-29
pettitt_rank_location_change,2243,2190,2011-12-31
pettitt_rank_location_change,2244,2436,2012-09-02
pettitt_rank_location_change,2245,2784,2013-08-16
pettitt_rank_location_change,2246,2774,2013-08-06
pettitt_rank_location_change,2247,2794,2013-08-26
pettitt_rank_location_change,2248,2774,2013-08-06
pettitt_rank_location_change,2249,2815,2013-09-16
pettitt_rank_location_change,2250,2533,2012-12-08
pettitt_rank_location_change,2251,2689,2013-05-13
pettitt_rank_location_change,2252,2417,2012-08-14
pettitt_rank_location_change,2253,2583,2013-01-27
pettitt_rank_location_change,2254,2666,2013-04-20
pettitt_rank_location_change,2255,2702,2013-05-26
pettitt_rank_location_change,2256,2573,2013-01-17
pettitt_rank_location_change,2257,2657,2013-04-11
pettitt_rank_location_change,2258,2641,2013-03-26
pettitt_rank_location_change,2259,2656,2013-04-10
pettitt_rank_location_change,2260,2791,2013-08-23
pettitt_rank_location_change,2261,2768,2013-07-31
pettitt_rank_location_change,2262,2655,2013-04-09
pettitt_rank_location_change,2263,2702,2013-05-26
pettitt_rank_location_change,2264,2702,2013-05-26
pettitt_rank_location_change,2265,2555,2012-12-30
pettitt_rank_location_change,2266,2638,2013-03-23
pettitt_rank_location_change,2267,2702,2013-05-26
pettitt_rank_location_change,2268,2465,2012-10-01
pettitt_rank_location_change,2269,2690,2013-05-14
pettitt_rank_location_change,2270,2818,2013-09-19
pettitt_rank_location_change,2271,2577,2013-01-21
pettitt_rank_location_change,2272,2663,2013-04-17
pettitt_rank_location_change,2273,2651,2013-04-05
pettitt_rank_location_change,2274,2838,2013-10-09
pettitt_rank_location_change,2275,2713,2013-06-06
pettitt_rank_location_change,2276,2752,2013-07-15
pettitt_rank_location_change,2277,2693,2013-05-17
pettitt_rank_location_change,2278,2676,2013-04-30
pettitt_rank_location_change,2279,2650,2013-04-04
pettitt_rank_location_change,2280,2671,2013-04-25
pettitt_rank_location_change,2281,2308,2012-04-27
pettitt_rank_location_change,2282,2702,2013-05-26
pettitt_rank_location_change,2283,2879,2013-11-19
pettitt_rank_location_change,2284,2617,2013-03-02
pettitt_rank_location_change,2285,2464,2012-09-30
pettitt_rank_location_change,2286,2626,2013-03-11
pettitt_rank_location_change,2287,2620,2013-03-05
pettitt_rank_location_change,2288,2213,2012-01-23
pettitt_rank_location_change,2289,2856,2013-10-27
pettitt_rank_location_change,2290,2746,2013-07-09
pettitt_rank_location_change,2291,2261,2012-03-11
pettitt_rank_location_change,2292,2603,2013-02-16
pettitt_rank_location_change,2293,2856,2013-10-27
pettitt_rank_location_change,2294,2830,2013-10-01
pettitt_rank_location_change,2295,2707,2013-05-31
pettitt_rank_location_change,2296,2780,2013-08-12
pettitt_rank_location_change,2297,2702,2013-05-26
pettitt_rank_location_change,2298,1697,2010-08-25
pettitt_rank_location_change,2299,2298,2012-04-17
pettitt_rank_location_change,2300,2702,2013-05-26
pettitt_rank_location_change,2301,2699,2013-05-23
pettitt_rank_location_change,2302,2828,2013-09-29
pettitt_rank_location_change,2303,2615,2013-02-28
pettitt_rank_location_change,2304,2701,2013-05-25
pettitt_rank_location_change,2305,2387,2012-07-15
pettitt_rank_location_change,2306,2692,2013-05-16
pettitt_rank_location_change,2307,2702,2013-05-26
pettitt_rank_location_change,2308,2023,2011-07-17
pettitt_rank_location_change,2309,2728,2013-06-21
pettitt_rank_location_change,2310,2565,2013-01-09
pettitt_rank_location_change,2311,2643,2013-03-28
pettitt_rank_location_change,2312,2702,2013-05-26
pettitt_rank_location_change,2313,2702,2013-05-26
pettitt_rank_location_change,2314,2634,2013-03-19
pettitt_rank_location_change,2315,2549,2012-12-24
pettitt_rank_location_change,2316,2694,2013-05-18
pettitt_rank_location_change,2317,2786,2013-08-18
pettitt_rank_location_change,2318,2478,2012-10-14
pettitt_rank_location_change,2319,2569,2013-01-13
pettitt_rank_location_change,2320,2785,2013-08-17
pettitt_rank_location_change,2321,2631,2013-03-16
pettitt_rank_location_change,2322,2702,2013-05-26
pettitt_rank_location_change,2323,2747,2013-07-10
pettitt_rank_location_change,2324,2835,2013-10-06
pettitt_rank_location_change,2325,2702,2013-05-26
pettitt_rank_location_change,2326,2731,2013-06-24
pettitt_rank_location_change,2327,2602,2013-02-15
pettitt_rank_location_change,2328,2374,2012-07-02
pettitt_rank_location_change,2329,2656,2013-04-10
pettitt_rank_location_change,2330,2702,2013-05-26
pettitt_rank_location_change,2331,2730,2013-06-23
pettitt_rank_location_change,2332,2770,2013-08-02
pettitt_rank_location_change,2333,2254,2012-03-04
pettitt_rank_location_change,2334,2707,2013-05-31
pettitt_rank_location_change,2335,2724,2013-06-17
pettitt_rank_location_change,2336,2563,2013-01-07
pettitt_rank_location_change,2337,2602,2013-02-15
pettitt_rank_location_change,2338,2786,2013-08-18
pettitt_rank_location_change,2339,2324,2012-05-13
pettitt_rank_location_change,2340,2605,2013-02-18
pettitt_rank_location_change,2341,2320,2012-05-09
pettitt_rank_location_change,2342,2821,2013-09-22
pettitt_rank_location_change,2343,2508,2012-11-13
pettitt_rank_location_change,2344,2545,2012-12-20
pettitt_rank_location_change,2345,2760,2013-07-23
pettitt_rank_location_change,2346,2343,2012-06-01
pettitt_rank_location_change,2347,2513,2012-11-18
pettitt_rank_location_change,2348,2476,2012-10-12
pettitt_rank_location_change,2349,2762,2013-07-25
pettitt_rank_location_change,2350,2540,2012-12-15
pettitt_rank_location_change,2351,2665,2013-04-19
pettitt_rank_location_change,2352,2526,2012-12-01
pettitt_rank_location_change,2353,1865,2011-02-09
pettitt_rank_location_change,2354,2368,2012-06-26
pettitt_rank_location_change,2355,2597,2013-02-10
pettitt_rank_location_change,2356,2586,2013-01-30
pettitt_rank_location_change,2357,2539,2012-12-14
pettitt_rank_location_change,2358,2761,2013-07-24
pettitt_rank_location_change,2359,1947,2011-05-02
pettitt_rank_location_change,2360,2578,2013-01-22
pettitt_rank_location_change,2361,2702,2013-05-26
pettitt_rank_location_change,2362,2500,2012-11-05
pettitt_rank_location_change,2363,2616,2013-03-01
pettitt_rank_location_change,2364,2702,2013-05-26
pettitt_rank_location_change,2365,2700,2013-05-24
pettitt_rank_location_change,2366,2670,2013-04-24
pettitt_rank_location_change,2367,2758,2013-07-21
pettitt_rank_location_change,2368,2427,2012-08-24
pettitt_rank_location_change,2369,2702,2013-05-26
pettitt_rank_location_change,2370,2779,2013-08-11
pettitt_rank_location_change,2371,2778,2013-08-10
pettitt_rank_location_change,2372,2785,2013-08-17
pettitt_rank_location_change,2373,2778,2013-08-10
pettitt_rank_location_change,2374,2579,2013-01-23
pettitt_rank_location_change,2375,1917,2011-04-02
pettitt_rank_location_change,2376,1761,2010-10-28
pettitt_rank_location_change,2377,2651,2013-04-05
pettitt_rank_location_change,2378,2411,2012-08-08
pettitt_rank_location_change,2379,2660,2013-04-14
pettitt_rank_location_change,2380,1623,2010-06-12
pettitt_rank_location_change,2381,2751,2013-07-14
pettitt_rank_location_change,2382,2770,2013-08-02
pettitt_rank_location_change,2383,2671,2013-04-25
pettitt_rank_location_change,2384,2737,2013-06-30
pettitt_rank_location_change,2385,2552,2012-12-27
pettitt_rank_location_change,2386,2388,2012-07-16
pettitt_rank_location_change,2387,2358,2012-06-16
pettitt_rank_location_change,2388,2614,2013-02-27
pettitt_rank_location_change,2389,2702,2013-05-26
pettitt_rank_location_change,2390,2792,2013-08-24
pettitt_rank_location_change,2391,2632,2013-03-17
pettitt_rank_location_change,2392,2779,2013-08-11
pettitt_rank_location_change,2393,2753,2013-07-16
pettitt_rank_location_change,2394,2449,2012-09-15
pettitt_rank_location_change,2395,2746,2013-07-09
pettitt_rank_location_change,2396,2702,2013-05-26
pettitt_rank_location_change,2397,2689,2013-05-13
pettitt_rank_location_change,2398,2702,2013-05-26
pettitt_rank_location_change,2399,2772,2013-08-04
pettitt_rank_location_change,2400,2701,2013-05-25
pettitt_rank_location_change,2401,2702,2013-05-26
pettitt_rank_location_change,2402,2702,2013-05-26
pettitt_rank_location_change,2403,2626,2013-03-11
pettitt_rank_location_change,2404,2850,2013-10-21
pettitt_rank_location_change,2405,2582,2013-01-26
pettitt_rank_location_change,2406,2713,2013-06-06
pettitt_rank_location_change,2407,2678,2013-05-02
pettitt_rank_location_change,2408,2702,2013-05-26
pettitt_rank_location_change,2409,2688,2013-05-12
pettitt_rank_location_change,2410,2552,2012-12-27
pettitt_rank_location_change,2411,2702,2013-05-26
pettitt_rank_location_change,2412,2610,2013-02-23
pettitt_rank_location_change,2413,2817,2013-09-18
pettitt_rank_location_change,2414,1720,2010-09-17
pettitt_rank_location_change,2415,2866,2013-11-06
pettitt_rank_location_change,2416,2255,2012-03-05
pettitt_rank_location_change,2417,2326,2012-05-15
pettitt_rank_location_change,2418,2675,2013-04-29
pettitt_rank_location_change,2419,2382,2012-07-10
pettitt_rank_location_change,2420,2501,2012-11-06
pettitt_rank_location_change,2421,2834,2013-10-05
pettitt_rank_location_change,2422,2702,2013-05-26
pettitt_rank_location_change,2423,2702,2013-05-26
pettitt_rank_location_change,2424,2702,2013-05-26
pettitt_rank_location_change,2425,2848,2013-10-19
pettitt_rank_location_change,2426,2386,2012-07-14
pettitt_rank_location_change,2427,2313,2012-05-02
pettitt_rank_location_change,2428,2650,2013-04-04
pettitt_rank_location_change,2429,2647,2013-04-01
pettitt_rank_location_change,2430,2824,2013-09-25
pettitt_rank_location_change,2431,2625,2013-03-10
pettitt_rank_location_change,2432,2816,2013-09-17
pettitt_rank_location_change,2433,2450,2012-09-16
pettitt_rank_location_change,2434,2250,2012-02-29
pettitt_rank_location_change,2435,2678,2013-05-02
pettitt_rank_location_change,2436,1342,2009-09-04
pettitt_rank_location_change,2437,2673,2013-04-27
pettitt_rank_location_change,2438,2698,2013-05-22
pettitt_rank_location_change,2439,2105,2011-10-07
pettitt_rank_location_change,2440,2622,2013-03-07
pettitt_rank_location_change,2441,2589,2013-02-02
pettitt_rank_location_change,2442,1853,2011-01-28
pettitt_rank_location_change,2443,2560,2013-01-04
pettitt_rank_location_change,2444,2229,2012-02-08
pettitt_rank_location_change,2445,2728,2013-06-21
pettitt_rank_location_change,2446,2702,2013-05-26
pettitt_rank_location_change,2447,2738,2013-07-01
pettitt_rank_location_change,2448,2473,2012-10-09
pettitt_rank_location_change,2449,2693,2013-05-17
pettitt_rank_location_change,2450,2566,2013-01-10
pettitt_rank_location_change,2451,2493,2012-10-29
pettitt_rank_location_change,2452,2702,2013-05-26
pettitt_rank_location_change,2453,2667,2013-04-21
pettitt_rank_location_change,2454,2765,2013-07-28
pettitt_rank_location_change,2455,2702,2013-05-26
pettitt_rank_location_change,2456,2580,2013-01-24
pettitt_rank_location_change,2457,2696,2013-05-20
pettitt_rank_location_change,2458,2702,2013-05-26
pettitt_rank_location_change,2459,2772,2013-08-04
pettitt_rank_location_change,2460,2851,2013-10-22
pettitt_rank_location_change,2461,2702,2013-05-26
pettitt_rank_location_change,2462,2858,2013-10-29
pettitt_rank_location_change,2463,2749,2013-07-12
pettitt_rank_location_change,2464,2702,2013-05-26
pettitt_rank_location_change,2465,2664,2013-04-18
pettitt_rank_location_change,2466,1804,2010-12-10
pettitt_rank_location_change,2467,2774,2013-08-06
pettitt_rank_location_change,2468,2406,2012-08-03
pettitt_rank_location_change,2469,2586,2013-01-30
pettitt_rank_location_change,2470,2347,2012-06-05
pettitt_rank_location_change,2471,2409,2012-08-06
pettitt_rank_location_change,2472,2788,2013-08-20
pettitt_rank_location_change,2473,2835,2013-10-06
pettitt_rank_location_change,2474,2809,2013-09-10
pettitt_rank_location_change,2475,2257,2012-03-07
pettitt_rank_location_change,2476,2580,2013-01-24
pettitt_rank_location_change,2477,2651,2013-04-05
pettitt_rank_location_change,2478,2830,2013-10-01
pettitt_rank_location_change,2479,2555,2012-12-30
pettitt_rank_location_change,2480,2608,2013-02-21
pettitt_rank_location_change,2481,2604,2013-02-17
pettitt_rank_location_change,2482,2524,2012-11-29
pettitt_rank_location_change,2483,2610,2013-02-23
pettitt_rank_location_change,2484,2434,2012-08-31
pettitt_rank_location_change,2485,2093,2011-09-25
pettitt_rank_location_change,2486,2190,2011-12-31
pettitt_rank_location_change,2487,2314,2012-05-03
pettitt_rank_location_change,2488,2790,2013-08-22
pettitt_rank_location_change,2489,2702,2013-05-26
pettitt_rank_location_change,2490,2667,2013-04-21
pettitt_rank_location_change,2491,2802,2013-09-03
pettitt_rank_location_change,2492,2702,2013-05-26
pettitt_rank_location_change,2493,2601,2013-02-14
pettitt_rank_location_change,2494,2689,2013-05-13
pettitt_rank_location_change,2495,2683,2013-05-07
pettitt_rank_location_change,2496,2554,2012-12-29
pettitt_rank_location_change,2497,2647,2013-04-01
pettitt_rank_location_change,2498,2502,2012-11-07
pettitt_rank_location_change,2499,2046,2011-08-09
pettitt_rank_location_change,2500,2800,2013-09-01
pettitt_rank_location_change,2501,2643,2013-03-28
pettitt_rank_location_change,2502,2090,2011-09-22
pettitt_rank_location_change,2503,2662,2013-04-16
pettitt_rank_location_change,2504,2786,2013-08-18
pettitt_rank_location_change,2505,2306,2012-04-25
pettitt_rank_location_change,2506,2774,2013-08-06
pettitt_rank_location_change,2507,2654,2013-04-08
pettitt_rank_location_change,2508,2651,2013-04-05
pettitt_rank_location_change,2509,2763,2013-07-26
pettitt_rank_location_change,2510,2559,2013-01-03
pettitt_rank_location_change,2511,2283,2012-04-02
pettitt_rank_location_change,2512,2495,2012-10-31
pettitt_rank_location_change,2513,2849,2013-10-20
pettitt_rank_location_change,2514,2833,2013-10-04
pettitt_rank_location_change,2515,2702,2013-05-26
pettitt_rank_location_change,2516,2733,2013-06-26
pettitt_rank_location_change,2517,2770,2013-08-02
pettitt_rank_location_change,2518,2687,2013-05-11
pettitt_rank_location_change,2519,2853,2013-10-24
pettitt_rank_location_change,2520,2723,2013-06-16
pettitt_rank_location_change,2521,2702,2013-05-26
pettitt_rank_location_change,2522,2829,2013-09-30
pettitt_rank_location_change,2523,2702,2013-05-26
pettitt_rank_location_change,2524,2831,2013-10-02
pettitt_rank_location_change,2525,2702,2013-05-26
pettitt_rank_location_change,2526,2365,2012-06-23
pettitt_rank_location_change,2527,2679,2013-05-03
pettitt_rank_location_change,2528,2332,2012-05-21
pettitt_rank_location_change,2529,2396,2012-07-24
pettitt_rank_location_change,2530,2348,2012-06-06
pettitt_rank_location_change,2531,2702,2013-05-26
pettitt_rank_location_change,2532,2859,2013-10-30
pettitt_rank_location_change,2533,2816,2013-09-17
pettitt_rank_location_change,2534,2695,2013-05-19
pettitt_rank_location_change,2535,2349,2012-06-07
pettitt_rank_location_change,2536,2821,2013-09-22
pettitt_rank_location_change,2537,2533,2012-12-08
pettitt_rank_location_change,2538,2620,2013-03-05
pettitt_rank_location_change,2539,2539,2012-12-14
pettitt_rank_location_change,2540,2706,2013-05-30
pettitt_rank_location_change,2541,2552,2012-12-27
pettitt_rank_location_change,2542,2664,2013-04-18
pettitt_rank_location_change,2543,2701,2013-05-25
pettitt_rank_location_change,2544,2839,2013-10-10
pettitt_rank_location_change,2545,2746,2013-07-09
pettitt_rank_location_change,2546,2601,2013-02-14
pettitt_rank_location_change,2547,2687,2013-05-11
pettitt_rank_location_change,2548,2851,2013-10-22
pettitt_rank_location_change,2549,2598,2013-02-11
pettitt_rank_location_change,2550,2541,2012-12-16
pettitt_rank_location_change,2551,2790,2013-08-22
pettitt_rank_location_change,2552,2670,2013-04-24
pettitt_rank_location_change,2553,2814,2013-09-15
pettitt_rank_location_change,2554,2663,2013-04-17
pettitt_rank_location_change,2555,2206,2012-01-16
pettitt_rank_location_change,2556,2641,2013-03-26
pettitt_rank_location_change,2557,2436,2012-09-02
pettitt_rank_location_change,2558,2251,2012-03-01
pettitt_rank_location_change,2559,2614,2013-02-27
pettitt_rank_location_change,2560,2502,2012-11-07
pettitt_rank_location_change,2561,2702,2013-05-26
pettitt_rank_location_change,2562,2567,2013-01-11
pettitt_rank_location_change,2563,2349,2012-06-07
pettitt_rank_location_change,2564,2672,2013-04-26
pettitt_rank_location_change,2565,2686,2013-05-10
pettitt_rank_location_change,2566,2759,2013-07-22
pettitt_rank_location_change,2567,2632,2013-03-17
pettitt_rank_location_change,2568,2334,2012-05-23
pettitt_rank_location_change,2569,2494,2012-10-30
pettitt_rank_location_change,2570,2683,2013-05-07
pettitt_rank_location_change,2571,2702,2013-05-26
pettitt_rank_location_change,2572,2742,2013-07-05
pettitt_rank_location_change,2573,2765,2013-07-28
pettitt_rank_location_change,2574,2599,2013-02-12
pettitt_rank_location_change,2575,2796,2013-08-28
pettitt_rank_location_change,2576,2702,2013-05-26
pettitt_rank_location_change,2577,2756,2013-07-19
pettitt_rank_location_change,2578,2555,2012-12-30
pettitt_rank_location_change,2579,2769,2013-08-01
pettitt_rank_location_change,2580,2702,2013-05-26
pettitt_rank_location_change,2581,2628,2013-03-13
pettitt_rank_location_change,2582,2835,2013-10-06
pettitt_rank_location_change,2583,2664,2013-04-18
pettitt_rank_location_change,2584,2675,2013-04-29
pettitt_rank_location_change,2585,2847,2013-10-18
pettitt_rank_location_change,2586,2234,2012-02-13
pettitt_rank_location_change,2587,2467,2012-10-03
pettitt_rank_location_change,2588,2786,2013-08-18
pettitt_rank_location_change,2589,2566,2013-01-10
pettitt_rank_location_change,2590,2784,2013-08-16
pettitt_rank_location_change,2591,2523,2012-11-28
pettitt_rank_location_change,2592,2851,2013-10-22
pettitt_rank_location_change,2593,2774,2013-08-06
pettitt_rank_location_change,2594,2692,2013-05-16
pettitt_rank_location_change,2595,2785,2013-08-17
pettitt_rank_location_change,2596,2555,2012-12-30
pettitt_rank_location_change,2597,2243,2012-02-22
pettitt_rank_location_change,2598,1683,2010-08-11
pettitt_rank_location_change,2599,2510,2012-11-15
pettitt_rank_location_change,2600,2702,2013-05-26
pettitt_rank_location_change,2601,2772,2013-08-04
pettitt_rank_location_change,2602,2695,2013-05-19
pettitt_rank_location_change,2603,2583,2013-01-27
pettitt_rank_location_change,2604,2351,2012-06-09
pettitt_rank_location_change,2605,2763,2013-07-26
pettitt_rank_location_change,2606,2846,2013-10-17
pettitt_rank_location_change,2607,2702,2013-05-26
pettitt_rank_location_change,2608,2702,2013-05-26
pettitt_rank_location_change,2609,2787,2013-08-19
pettitt_rank_location_change,2610,2433,2012-08-30
pettitt_rank_location_change,2611,2877,2013-11-17
pettitt_rank_location_change,2612,2624,2013-03-09
pettitt_rank_location_change,2613,2342,2012-05-31
pettitt_rank_location_change,2614,2468,2012-10-04
pettitt_rank_location_change,2615,2791,2013-08-23
pettitt_rank_location_change,2616,2631,2013-03-16
pettitt_rank_location_change,2617,2702,2013-05-26
pettitt_rank_location_change,2618,2616,2013-03-01
pettitt_rank_location_change,2619,2702,2013-05-26
pettitt_rank_location_change,2620,1635,2010-06-24
pettitt_rank_location_change,2621,2347,2012-06-05
pettitt_rank_location_change,2622,2655,2013-04-09
pettitt_rank_location_change,2623,2156,2011-11-27
pettitt_rank_location_change,2624,2576,2013-01-20
pettitt_rank_location_change,2625,1925,2011-04-10
pettitt_rank_location_change,2626,2480,2012-10-16
pettitt_rank_location_change,2627,2622,2013-03-07
pettitt_rank_location_change,2628,2837,2013-10-08
pettitt_rank_location_change,2629,2702,2013-05-26
pettitt_rank_location_change,2630,2522,2012-11-27
pettitt_rank_location_change,2631,2659,2013-04-13
pettitt_rank_location_change,2632,2702,2013-05-26
pettitt_rank_location_change,2633,2764,2013-07-27
pettitt_rank_location_change,2634,2484,2012-10-20
pettitt_rank_location_change,2635,2824,2013-09-25
pettitt_rank_location_change,2636,2686,2013-05-10
pettitt_rank_location_change,2637,2516,2012-11-21
pettitt_rank_location_change,2638,2702,2013-05-26
pettitt_rank_location_change,2639,2433,2012-08-30
pettitt_rank_location_change,2640,2702,2013-05-26
pettitt_rank_location_change,2641,2804,2013-09-05
pettitt_rank_location_change,2642,2752,2013-07-15
pettitt_rank_location_change,2643,2776,2013-08-08
pettitt_rank_location_change,2644,2820,2013-09-21
pettitt_rank_location_change,2645,2634,2013-03-19
pettitt_rank_location_change,2646,2855,2013-10-26
pettitt_rank_location_change,2647,2824,2013-09-25
pettitt_rank_location_change,2648,2709,2013-06-02
pettitt_rank_location_change,2649,2702,2013-05-26
pettitt_rank_location_change,2650,2581,2013-01-25
pettitt_rank_location_change,2651,2830,2013-10-01
pettitt_rank_location_change,2652,2560,2013-01-04
pettitt_rank_location_change,2653,2713,2013-06-06
pettitt_rank_location_change,2654,2116,2011-10-18
pettitt_rank_location_change,2655,2591,2013-02-04
pettitt_rank_location_change,2656,2825,2013-09-26
pettitt_rank_location_change,2657,2665,2013-04-19
pettitt_rank_location_change,2658,2686,2013-05-10
pettitt_rank_location_change,2659,2616,2013-03-01
pettitt_rank_location_change,2660,2718,2013-06-11
pettitt_rank_location_change,2661,2755,2013-07-18
pettitt_rank_location_change,2662,2702,2013-05-26
pettitt_rank_location_change,2663,2766,2013-07-29
pettitt_rank_location_change,2664,2651,2013-04-05
pettitt_rank_location_change,2665,2696,2013-05-20
pettitt_rank_location_change,2666,2702,2013-05-26
pettitt_rank_location_change,2667,2702,2013-05-26
pettitt_rank_location_change,2668,2702,2013-05-26
pettitt_rank_location_change,2669,2592,2013-02-05
pettitt_rank_location_change,2670,2777,2013-08-09
pettitt_rank_location_change,2671,2719,2013-06-12
pettitt_rank_location_change,2672,2454,2012-09-20
pettitt_rank_location_change,2673,2807,2013-09-08
pettitt_rank_location_change,2674,2657,2013-04-11
pettitt_rank_location_change,2675,2644,2013-03-29
pettitt_rank_location_change,2676,2696,2013-05-20
pettitt_rank_location_change,2677,2701,2013-05-25
pettitt_rank_location_change,2678,2791,2013-08-23
pettitt_rank_location_change,2679,2848,2013-10-19
pettitt_rank_location_change,2680,2703,2013-05-27
pettitt_rank_location_change,2681,2637,2013-03-22
pettitt_rank_location_change,2682,2587,2013-01-31
pettitt_rank_location_change,2683,2653,2013-04-07
pettitt_rank_location_change,2684,2876,2013-11-16
pettitt_rank_location_change,2685,2181,2011-12-22
pettitt_rank_location_change,2686,2519,2012-11-24
pettitt_rank_location_change,2687,1934,2011-04-19
pettitt_rank_location_change,2688,2702,2013-05-26
pettitt_rank_location_change,2689,2695,2013-05-19
pettitt_rank_location_change,2690,2789,2013-08-21
pettitt_rank_location_change,2691,2806,2013-09-07
pettitt_rank_location_change,2692,2705,2013-05-29
pettitt_rank_location_change,2693,2723,2013-06-16
pettitt_rank_location_change,2694,2293,2012-04-12
pettitt_rank_location_change,2695,2434,2012-08-31
pettitt_rank_location_change,2696,2445,2012-09-11
pettitt_rank_location_change,2697,2292,2012-04-11
pettitt_rank_location_change,2698,2743,2013-07-06
pettitt_rank_location_change,2699,2378,2012-07-06
pettitt_rank_location_change,2700,2448,2012-09-14
pettitt_rank_location_change,2701,2724,2013-06-17
pettitt_rank_location_change,2702,2616,2013-03-01
pettitt_rank_location_change,2703,2680,2013-05-04
pettitt_rank_location_change,2704,2309,2012-04-28
pettitt_rank_location_change,2705,2487,2012-10-23
pettitt_rank_location_change,2706,2332,2012-05-21
pettitt_rank_location_change,2707,2702,2013-05-26
pettitt_rank_location_change,2708,2012,2011-07-06
pettitt_rank_location_change,2709,2702,2013-05-26
pettitt_rank_location_change,2710,2702,2013-05-26
pettitt_rank_location_change,2711,2358,2012-06-16
pettitt_rank_location_change,2712,2614,2013-02-27
pettitt_rank_location_change,2713,2702,2013-05-26
pettitt_rank_location_change,2714,2631,2013-03-16
pettitt_rank_location_change,2715,1980,2011-06-04
pettitt_rank_location_change,2716,2702,2013-05-26
pettitt_rank_location_change,2717,2702,2013-05-26
pettitt_rank_location_change,2718,2332,2012-05-21
pettitt_rank_location_change,2719,2702,2013-05-26
pettitt_rank_location_change,2720,2489,2012-10-25
pettitt_rank_location_change,2721,2692,2013-05-16
pettitt_rank_location_change,2722,2500,2012-11-05
pettitt_rank_location_change,2723,2212,2012-01-22
pettitt_rank_location_change,2724,2555,2012-12-30
pettitt_rank_location_change,2725,2702,2013-05-26
pettitt_rank_location_change,2726,2418,2012-08-15
pettitt_rank_location_change,2727,2324,2012-05-13
pettitt_rank_location_change,2728,2395,2012-07-23
pettitt_rank_location_change,2729,2671,2013-04-25
pettitt_rank_location_change,2730,1874,2011-02-18
pettitt_rank_location_change,2731,2695,2013-05-19
pettitt_rank_location_change,2732,2427,2012-08-24
pettitt_rank_location_change,2733,1609,2010-05-29
pettitt_rank_location_change,2734,2351,2012-06-09
pettitt_rank_location_change,2735,2670,2013-04-24
pettitt_rank_location_change,2736,2701,2013-05-25
pettitt_rank_location_change,2737,2399,2012-07-27
pettitt_rank_location_change,2738,2568,2013-01-12
pettitt_rank_location_change,2739,2674,2013-04-28
pettitt_rank_location_change,2740,2694,2013-05-18
pettitt_rank_location_change,2741,2702,2013-05-26
pettitt_rank_location_change,2742,2804,2013-09-05
pettitt_rank_location_change,2743,2702,2013-05-26
pettitt_rank_location_change,2744,2702,2013-05-26
pettitt_rank_location_change,2745,2776,2013-08-08
pettitt_rank_location_change,2746,2615,2013-02-28
pettitt_rank_location_change,2747,2387,2012-07-15
pettitt_rank_location_change,2748,2586,2013-01-30
pettitt_rank_location_change,2749,2644,2013-03-29
pettitt_rank_location_change,2750,2702,2013-05-26
pettitt_rank_location_change,2751,2675,2013-04-29
pettitt_rank_location_change,2752,2637,2013-03-22
pettitt_rank_location_change,2753,2740,2013-07-03
pettitt_rank_location_change,2754,2726,2013-06-19
pettitt_rank_location_change,2755,2702,2013-05-26
pettitt_rank_location_change,2756,2389,2012-07-17
pettitt_rank_location_change,2757,2140,2011-11-11
pettitt_rank_location_change,2758,2266,2012-03-16
pettitt_rank_location_change,2759,2634,2013-03-19
pettitt_rank_location_change,2760,2597,2013-02-10
pettitt_rank_location_change,2761,2757,2013-07-20
pettitt_rank_location_change,2762,2766,2013-07-29
pettitt_rank_location_change,2763,2685,2013-05-09
pettitt_rank_location_change,2764,2428,2012-08-25
pettitt_rank_location_change,2765,2667,2013-04-21
pettitt_rank_location_change,2766,2669,2013-04-23
pettitt_rank_location_change,2767,2653,2013-04-07
pettitt_rank_location_change,2768,2432,2012-08-29
pettitt_rank_location_change,2769,2781,2013-08-13
pettitt_rank_location_change,2770,2708,2013-06-01
pettitt_rank_location_change,2771,2697,2013-05-21
pettitt_rank_location_change,2772,2715,2013-06-08
pettitt_rank_location_change,2773,2570,2013-01-14
pettitt_rank_location_change,2774,2803,2013-09-04
pettitt_rank_location_change,2775,2423,2012-08-20
pettitt_rank_location_change,2776,2679,2013-05-03
pettitt_rank_location_change,2777,2523,2012-11-28
pettitt_rank_location_change,2778,2518,2012-11-23
pettitt_rank_location_change,2779,2311,2012-04-30
pettitt_rank_location_change,2780,1930,2011-04-15
pettitt_rank_location_change,2781,2849,2013-10-20
pettitt_rank_location_change,2782,2430,2012-08-27
pettitt_rank_location_change,2783,2483,2012-10-19
pettitt_rank_location_change,2784,2686,2013-05-10
pettitt_rank_location_change,2785,2107,2011-10-09
pettitt_rank_location_change,2786,2795,2013-08-27
pettitt_rank_location_change,2787,2562,2013-01-06
pettitt_rank_location_change,2788,2494,2012-10-30
pettitt_rank_location_change,2789,2706,2013-05-30
pettitt_rank_location_change,2790,2446,2012-09-12
pettitt_rank_location_change,2791,2723,2013-06-16
pettitt_rank_location_change,2792,1977,2011-06-01
pettitt_rank_location_change,2793,2833,2013-10-04
pettitt_rank_location_change,2794,2238,2012-02-17
pettitt_rank_location_change,2795,2702,2013-05-26
pettitt_rank_location_change,2796,2481,2012-10-17
pettitt_rank_location_change,2797,2679,2013-05-03
pettitt_rank_location_change,2798,2758,2013-07-21
pettitt_rank_location_change,2799,2684,2013-05-08
pettitt_rank_location_change,2800,2868,2013-11-08
pettitt_rank_location_change,2801,2420,2012-08-17
pettitt_rank_location_change,2802,2779,2013-08-11
pettitt_rank_location_change,2803,2666,2013-04-20
pettitt_rank_location_change,2804,2428,2012-08-25
pettitt_rank_location_change,2805,2611,2013-02-24
pettitt_rank_location_change,2806,2681,2013-05-05
pettitt_rank_location_change,2807,2433,2012-08-30
pettitt_rank_location_change,2808,2627,2013-03-12
pettitt_rank_location_change,2809,1979,2011-06-03
pettitt_rank_location_change,2810,2699,2013-05-23
pettitt_rank_location_change,2811,2690,2013-05-14
pettitt_rank_location_change,2812,2490,2012-10-26
pettitt_rank_location_change,2813,2677,2013-05-01
pettitt_rank_location_change,2814,2710,2013-06-03
pettitt_rank_location_change,2815,2841,2013-10-12
pettitt_rank_location_change,2816,2652,2013-04-06
pettitt_rank_location_change,2817,1749,2010-10-16
pettitt_rank_location_change,2818,2739,2013-07-02
pettitt_rank_location_change,2819,2700,2013-05-24
pettitt_rank_location_change,2820,2801,2013-09-02
pettitt_rank_location_change,2821,2555,2012-12-30
pettitt_rank_location_change,2822,2831,2013-10-02
pettitt_rank_location_change,2823,2626,2013-03-11
pettitt_rank_location_change,2824,2708,2013-06-01
pettitt_rank_location_change,2825,2702,2013-05-26
pettitt_rank_location_change,2826,2422,2012-08-19
pettitt_rank_location_change,2827,2741,2013-07-04
pettitt_rank_location_change,2828,2655,2013-04-09
pettitt_rank_location_change,2829,2528,2012-12-03
pettitt_rank_location_change,2830,2453,2012-09-19
pettitt_rank_location_change,2831,2629,2013-03-14
pettitt_rank_location_change,2832,2702,2013-05-26
pettitt_rank_location_change,2833,2817,2013-09-18
pettitt_rank_location_change,2834,2478,2012-10-14
pettitt_rank_location_change,2835,2625,2013-03-10
pettitt_rank_location_change,2836,2435,2012-09-01
pettitt_rank_location_change,2837,2724,2013-06-17
pettitt_rank_location_change,2838,2835,2013-10-06
pettitt_rank_location_change,2839,2698,2013-05-22
pettitt_rank_location_change,2840,2426,2012-08-23
pettitt_rank_location_change,2841,2629,2013-03-14
pettitt_rank_location_change,2842,2339,2012-05-28
pettitt_rank_location_change,2843,2818,2013-09-19
pettitt_rank_location_change,2844,2702,2013-05-26
pettitt_rank_location_change,2845,2702,2013-05-26
pettitt_rank_location_change,2846,2798,2013-08-30
pettitt_rank_location_change,2847,2776,2013-08-08
pettitt_rank_location_change,2848,2711,2013-06-04
pettitt_rank_location_change,2849,2853,2013-10-24
pettitt_rank_location_change,2850,2466,2012-10-02
pettitt_rank_location_change,2851,2702,2013-05-26
pettitt_rank_location_change,2852,2476,2012-10-12
pettitt_rank_location_change,2853,2664,2013-04-18
pettitt_rank_location_change,2854,2692,2013-05-16
pettitt_rank_location_change,2855,2454,2012-09-20
pettitt_rank_location_change,2856,2683,2013-05-07
pettitt_rank_location_change,2857,2590,2013-02-03
pettitt_rank_location_change,2858,2702,2013-05-26
pettitt_rank_location_change,2859,2398,2012-07-26
pettitt_rank_location_change,2860,2832,2013-10-03
pettitt_rank_location_change,2861,2630,2013-03-15
pettitt_rank_location_change,2862,2690,2013-05-14
pettitt_rank_location_change,2863,2190,2011-12-31
pettitt_rank_location_change,2864,2650,2013-04-04
pettitt_rank_location_change,2865,2555,2012-12-30
pettitt_rank_location_change,2866,2821,2013-09-22
pettitt_rank_location_change,2867,2833,2013-10-04
pettitt_rank_location_change,2868,2702,2013-05-26
pettitt_rank_location_change,2869,2722,2013-06-15
pettitt_rank_location_change,2870,2630,2013-03-15
pettitt_rank_location_change,2871,2702,2013-05-26
pettitt_rank_location_change,2872,2663,2013-04-17
pettitt_rank_location_change,2873,2653,2013-04-07
pettitt_rank_location_change,2874,2790,2013-08-22
pettitt_rank_location_change,2875,2542,2012-12-17
pettitt_rank_location_change,2876,2763,2013-07-26
pettitt_rank_location_change,2877,2845,2013-10-16
pettitt_rank_location_change,2878,2835,2013-10-06
pettitt_rank_location_change,2879,2464,2012-09-30
pettitt_rank_location_change,2880,2658,2013-04-12
pettitt_rank_location_change,2881,2660,2013-04-14
pettitt_rank_location_change,2882,2701,2013-05-25
pettitt_rank_location_change,2883,2667,2013-04-21
pettitt_rank_location_change,2884,2339,2012-05-28
pettitt_rank_location_change,2885,2593,2013-02-06
pettitt_rank_location_change,2886,2844,2013-10-15
pettitt_rank_location_change,2887,2448,2012-09-14
pettitt_rank_location_change,2888,2702,2013-05-26
pettitt_rank_location_change,2889,2494,2012-10-30
pettitt_rank_location_change,2890,2432,2012-08-29
pettitt_rank_location_change,2891,2496,2012-11-01
pettitt_rank_location_change,2892,2702,2013-05-26
pettitt_rank_location_change,2893,2263,2012-03-13
pettitt_rank_location_change,2894,2597,2013-02-10
pettitt_rank_location_change,2895,2702,2013-05-26
pettitt_rank_location_change,2896,2384,2012-07-12
pettitt_rank_location_change,2897,2702,2013-05-26
pettitt_rank_location_change,2898,2702,2013-05-26
pettitt_rank_location_change,2899,2121,2011-10-23
pettitt_rank_location_change,2900,2707,2013-05-31
pettitt_rank_location_change,2901,2352,2012-06-10
pettitt_rank_location_change,2902,2538,2012-12-13
pettitt_rank_location_change,2903,2395,2012-07-23
pettitt_rank_location_change,2904,2702,2013-05-26
pettitt_rank_location_change,2905,2687,2013-05-11
pettitt_rank_location_change,2906,2524,2012-11-29
pettitt_rank_location_change,2907,2658,2013-04-12
pettitt_rank_location_change,2908,2803,2013-09-04
pettitt_rank_location_change,2909,2596,2013-02-09
pettitt_rank_location_change,2910,2842,2013-10-13
pettitt_rank_location_change,2911,2557,2013-01-01
pettitt_rank_location_change,2912,2472,2012-10-08
pettitt_rank_location_change,2913,2578,2013-01-22
pettitt_rank_location_change,2914,2092,2011-09-24
pettitt_rank_location_change,2915,2767,2013-07-30
pettitt_rank_location_change,2916,2818,2013-09-19
pettitt_rank_location_change,2917,2494,2012-10-30
pettitt_rank_location_change,2918,2832,2013-10-03
pettitt_rank_location_change,2919,2702,2013-05-26
pettitt_rank_location_change,2920,2555,2012-12-30
pettitt_rank_location_change,2921,1485,2010-01-25
pettitt_rank_location_change,2922,2729,2013-06-22
pettitt_rank_location_change,2923,2343,2012-06-01
pettitt_rank_location_change,2924,2873,2013-11-13
pettitt_rank_location_change,2925,2409,2012-08-06
pettitt_rank_location_change,2926,2740,2013-07-03
pettitt_rank_location_change,2927,2630,2013-03-15
pettitt_rank_location_change,2928,2732,2013-06-25
pettitt_rank_location_change,2929,2609,2013-02-22
pettitt_rank_location_change,2930,2766,2013-07-29
pettitt_rank_location_change,2931,2444,2012-09-10
pettitt_rank_location_change,2932,2691,2013-05-15
pettitt_rank_location_change,2933,2621,2013-03-06
pettitt_rank_location_change,2934,2673,2013-04-27
pettitt_rank_location_change,2935,2634,2013-03-19
pettitt_rank_location_change,2936,2770,2013-08-02
pettitt_rank_location_change,2937,2495,2012-10-31
pettitt_rank_location_change,2938,2339,2012-05-28
pettitt_rank_location_change,2939,2820,2013-09-21
pettitt_rank_location_change,2940,2775,2013-08-07
pettitt_rank_location_change,2941,2692,2013-05-16
pettitt_rank_location_change,2942,2631,2013-03-16
pettitt_rank_location_change,2943,2693,2013-05-17
pettitt_rank_location_change,2944,2797,2013-08-29
pettitt_rank_location_change,2945,2748,2013-07-11
pettitt_rank_location_change,2946,2396,2012-07-24
pettitt_rank_location_change,2947,2702,2013-05-26
pettitt_rank_location_change,2948,2664,2013-04-18
pettitt_rank_location_change,2949,2747,2013-07-10
pettitt_rank_location_change,2950,2702,2013-05-26
pettitt_rank_location_change,2951,2675,2013-04-29
pettitt_rank_location_change,2952,2844,2013-10-15
pettitt_rank_location_change,2953,2049,2011-08-12
pettitt_rank_location_change,2954,2650,2013-04-04
pettitt_rank_location_change,2955,2774,2013-08-06
pettitt_rank_location_change,2956,2447,2012-09-13
pettitt_rank_location_change,2957,2690,2013-05-14
pettitt_rank_location_change,2958,2704,2013-05-28
pettitt_rank_location_change,2959,2873,2013-11-13
pettitt_rank_location_change,2960,2786,2013-08-18
pettitt_rank_location_change,2961,2812,2013-09-13
pettitt_rank_location_change,2962,2582,2013-01-26
pettitt_rank_location_change,2963,2406,2012-08-03
pettitt_rank_location_change,2964,2702,2013-05-26
pettitt_rank_location_change,2965,2597,2013-02-10
pettitt_rank_location_change,2966,2675,2013-04-29
pettitt_rank_location_change,2967,2099,2011-10-01
pettitt_rank_location_change,2968,2531,2012-12-06
pettitt_rank_location_change,2969,2801,2013-09-02
pettitt_rank_location_change,2970,2768,2013-07-31
pettitt_rank_location_change,2971,2765,2013-07-28
pettitt_rank_location_change,2972,2582,2013-01-26
pettitt_rank_location_change,2973,2702,2013-05-26
pettitt_rank_location_change,2974,2563,2013-01-07
pettitt_rank_location_change,2975,2662,2013-04-16
pettitt_rank_location_change,2976,2702,2013-05-26
pettitt_rank_location_change,2977,2694,2013-05-18
pettitt_rank_location_change,2978,1825,2010-12-31
pettitt_rank_location_change,2979,2597,2013-02-10
pettitt_rank_location_change,2980,2506,2012-11-11
pettitt_rank_location_change,2981,2702,2013-05-26
pettitt_rank_location_change,2982,2702,2013-05-26
pettitt_rank_location_change,2983,2679,2013-05-03
pettitt_rank_location_change,2984,2840,2013-10-11
pettitt_rank_location_change,2985,2629,2013-03-14
pettitt_rank_location_change,2986,2702,2013-05-26
pettitt_rank_location_change,2987,2306,2012-04-25
pettitt_rank_location_change,2988,2675,2013-04-29
pettitt_rank_location_change,2989,2292,2012-04-11
pettitt_rank_location_change,2990,2074,2011-09-06
pettitt_rank_location_change,2991,2702,2013-05-26
pettitt_rank_location_change,2992,2689,2013-05-13
pettitt_rank_location_change,2993,2509,2012-11-14
pettitt_rank_location_change,2994,1952,2011-05-07
pettitt_rank_location_change,2995,1699,2010-08-27
pettitt_rank_location_change,2996,2702,2013-05-26
pettitt_rank_location_change,2997,2757,2013-07-20
pettitt_rank_location_change,2998,1986,2011-06-10
pettitt_rank_location_change,2999,2522,2012-11-27
pettitt_rank_location_change,3000,2702,2013-05-26
pettitt_rank_location_change,3001,2702,2013-05-26
pettitt_rank_location_change,3002,2748,2013-07-11
pettitt_rank_location_change,3003,2057,2011-08-20
pettitt_rank_location_change,3004,2555,2012-12-30
pettitt_rank_location_change,3005,2702,2013-05-26
pettitt_rank_location_change,3006,2466,2012-10-02
pettitt_rank_location_change,3007,2548,2012-12-23
pettitt_rank_location_change,3008,2652,2013-04-06
pettitt_rank_location_change,3009,1961,2011-05-16
pettitt_rank_location_change,3010,2637,2013-03-22
pettitt_rank_location_change,3011,2791,2013-08-23
pettitt_rank_location_change,3012,2711,2013-06-04
pettitt_rank_location_change,3013,2803,2013-09-04
pettitt_rank_location_change,3014,2629,2013-03-14
pettitt_rank_location_change,3015,2607,2013-02-20
pettitt_rank_location_change,3016,2686,2013-05-10
pettitt_rank_location_change,3017,2687,2013-05-11
pettitt_rank_location_change,3018,2700,2013-05-24
pettitt_rank_location_change,3019,2555,2012-12-30
pettitt_rank_location_change,3020,2702,2013-05-26
pettitt_rank_location_change,3021,2611,2013-02-24
pettitt_rank_location_change,3022,2069,2011-09-01
pettitt_rank_location_change,3023,2698,2013-05-22
pettitt_rank_location_change,3024,2555,2012-12-30
pettitt_rank_location_change,3025,2754,2013-07-17
pettitt_rank_location_change,3026,2768,2013-07-31
pettitt_rank_location_change,3027,2805,2013-09-06
pettitt_rank_location_change,3028,2578,2013-01-22
pettitt_rank_location_change,3029,2579,2013-01-23
pettitt_rank_location_change,3030,2785,2013-08-17
pettitt_rank_location_change,3031,2516,2012-11-21
pettitt_rank_location_change,3032,1213,2009-04-28
pettitt_rank_location_change,3033,2637,2013-03-22
pettitt_rank_location_change,3034,2801,2013-09-02
pettitt_rank_location_change,3035,2553,2012-12-28
pettitt_rank_location_change,3036,2775,2013-08-07
pettitt_rank_location_change,3037,2625,2013-03-10
pettitt_rank_location_change,3038,2500,2012-11-05
pettitt_rank_location_change,3039,2296,2012-04-15
pettitt_rank_location_change,3040,2385,2012-07-13
pettitt_rank_location_change,3041,2475,2012-10-11
pettitt_rank_location_change,3042,2387,2012-07-15
pettitt_rank_location_change,3043,2532,2012-12-07
pettitt_rank_location_change,3044,2764,2013-07-27
pettitt_rank_location_change,3045,2243,2012-02-22
pettitt_rank_location_change,3046,2702,2013-05-26
pettitt_rank_location_change,3047,2702,2013-05-26
pettitt_rank_location_change,3048,2762,2013-07-25
pettitt_rank_location_change,3049,2576,2013-01-20
pettitt_rank_location_change,3050,2390,2012-07-18
pettitt_rank_location_change,3051,2449,2012-09-15
pettitt_rank_location_change,3052,2799,2013-08-31
pettitt_rank_location_change,3053,2575,2013-01-19
pettitt_rank_location_change,3054,2400,2012-07-28
pettitt_rank_location_change,3055,2715,2013-06-08
pettitt_rank_location_change,3056,2702,2013-05-26
pettitt_rank_location_change,3057,2702,2013-05-26
pettitt_rank_location_change,3058,2676,2013-04-30
pettitt_rank_location_change,3059,2427,2012-08-24
pettitt_rank_location_change,3060,2853,2013-10-24
pettitt_rank_location_change,3061,2414,2012-08-11
pettitt_rank_location_change,3062,2660,2013-04-14
pettitt_rank_location_change,3063,2702,2013-05-26
pettitt_rank_location_change,3064,2304,2012-04-23
pettitt_rank_location_change,3065,2655,2013-04-09
pettitt_rank_location_change,3066,2702,2013-05-26
pettitt_rank_location_change,3067,2288,2012-04-07
pettitt_rank_location_change,3068,2702,2013-05-26
pettitt_rank_location_change,3069,2562,2013-01-06
pettitt_rank_location_change,3070,2692,2013-05-16
pettitt_rank_location_change,3071,2777,2013-08-09
pettitt_rank_location_change,3072,2619,2013-03-04
pettitt_rank_location_change,3073,2702,2013-05-26
pettitt_rank_location_change,3074,2648,2013-04-02
pettitt_rank_location_change,3075,2796,2013-08-28
pettitt_rank_location_change,3076,2414,2012-08-11
pettitt_rank_location_change,3077,2688,2013-05-12
pettitt_rank_location_change,3078,2702,2013-05-26
pettitt_rank_location_change,3079,2652,2013-04-06
pettitt_rank_location_change,3080,2555,2012-12-30
pettitt_rank_location_change,3081,2241,2012-02-20
pettitt_rank_location_change,3082,2410,2012-08-07
pettitt_rank_location_change,3083,2350,2012-06-08
pettitt_rank_location_change,3084,2638,2013-03-23
pettitt_rank_location_change,3085,2571,2013-01-15
pettitt_rank_location_change,3086,2762,2013-07-25
pettitt_rank_location_change,3087,2702,2013-05-26
pettitt_rank_location_change,3088,2702,2013-05-26
pettitt_rank_location_change,3089,2289,2012-04-08
pettitt_rank_location_change,3090,2702,2013-05-26
pettitt_rank_location_change,3091,2719,2013-06-12
pettitt_rank_location_change,3092,2710,2013-06-03
pettitt_rank_location_change,3093,2382,2012-07-10
pettitt_rank_location_change,3094,2760,2013-07-23
pettitt_rank_location_change,3095,2699,2013-05-23
pettitt_rank_location_change,3096,2319,2012-05-08
pettitt_rank_location_change,3097,2610,2013-02-23
pettitt_rank_location_change,3098,2705,2013-05-29
pettitt_rank_location_change,3099,2740,2013-07-03
pettitt_rank_location_change,3100,2379,2012-07-07
pettitt_rank_location_change,3101,2748,2013-07-11
pettitt_rank_location_change,3102,2657,2013-04-11
pettitt_rank_location_change,3103,2628,2013-03-13
pettitt_rank_location_change,3104,2834,2013-10-05
pettitt_rank_location_change,3105,2450,2012-09-16
pettitt_rank_location_change,3106,2789,2013-08-21
pettitt_rank_location_change,3107,2555,2012-12-30
pettitt_rank_location_change,3108,2269,2012-03-19
pettitt_rank_location_change,3109,2704,2013-05-28
pettitt_rank_location_change,3110,2702,2013-05-26
pettitt_rank_location_change,3111,2652,2013-04-06
pettitt_rank_location_change,3112,2670,2013-04-24
pettitt_rank_location_change,3113,2752,2013-07-15
pettitt_rank_location_change,3114,2820,2013-09-21
pettitt_rank_location_change,3115,2507,2012-11-12
pettitt_rank_location_change,3116,2687,2013-05-11
pettitt_rank_location_change,3117,2794,2013-08-26
pettitt_rank_location_change,3118,2533,2012-12-08
pettitt_rank_location_change,3119,2799,2013-08-31
pettitt_rank_location_change,3120,2411,2012-08-08
pettitt_rank_location_change,3121,2704,2013-05-28
pettitt_rank_location_change,3122,2555,2012-12-30
pettitt_rank_location_change,3123,2702,2013-05-26
pettitt_rank_location_change,3124,2330,2012-05-19
pettitt_rank_location_change,3125,2555,2012-12-30
pettitt_rank_location_change,3126,2704,2013-05-28
pettitt_rank_location_change,3127,2601,2013-02-14
pettitt_rank_location_change,3128,2702,2013-05-26
pettitt_rank_location_change,3129,2702,2013-05-26
pettitt_rank_location_change,3130,2831,2013-10-02
pettitt_rank_location_change,3131,2702,2013-05-26
pettitt_rank_location_change,3132,2620,2013-03-05
pettitt_rank_location_change,3133,2624,2013-03-09
pettitt_rank_location_change,3134,2747,2013-07-10
pettitt_rank_location_change,3135,2544,2012-12-19
pettitt_rank_location_change,3136,2732,2013-06-25
pettitt_rank_location_change,3137,2699,2013-05-23
pettitt_rank_location_change,3138,2762,2013-07-25
pettitt_rank_location_change,3139,2702,2013-05-26
pettitt_rank_location_change,3140,2654,2013-04-08
pettitt_rank_location_change,3141,2675,2013-04-29
pettitt_rank_location_change,3142,2843,2013-10-14
pettitt_rank_location_change,3143,2613,2013-02-26
pettitt_rank_location_change,3144,2707,2013-05-31
pettitt_rank_location_change,3145,2739,2013-07-02
pettitt_rank_location_change,3146,2780,2013-08-12
pettitt_rank_location_change,3147,2702,2013-05-26
pettitt_rank_location_change,3148,2720,2013-06-13
pettitt_rank_location_change,3149,2808,2013-09-09
pettitt_rank_location_change,3150,2750,2013-07-13
pettitt_rank_location_change,3151,2813,2013-09-14
pettitt_rank_location_change,3152,2702,2013-05-26
pettitt_rank_location_change,3153,2694,2013-05-18
pettitt_rank_location_change,3154,2141,2011-11-12
pettitt_rank_location_change,3155,2637,2013-03-22
pettitt_rank_location_change,3156,2864,2013-11-04
pettitt_rank_location_change,3157,2571,2013-01-15
pettitt_rank_location_change,3158,2702,2013-05-26
pettitt_rank_location_change,3159,2656,2013-04-10
pettitt_rank_location_change,3160,2694,2013-05-18
pettitt_rank_location_change,3161,2377,2012-07-05
pettitt_rank_location_change,3162,2370,2012-06-28
pettitt_rank_location_change,3163,2676,2013-04-30
pettitt_rank_location_change,3164,2342,2012-05-31
pettitt_rank_location_change,3165,2746,2013-07-09
pettitt_rank_location_change,3166,2606,2013-02-19
pettitt_rank_location_change,3167,2656,2013-04-10
pettitt_rank_location_change,3168,2648,2013-04-02
pettitt_rank_location_change,3169,2795,2013-08-27
pettitt_rank_location_change,3170,2702,2013-05-26
pettitt_rank_location_change,3171,2756,2013-07-19
pettitt_rank_location_change,3172,2497,2012-11-02
pettitt_rank_location_change,3173,2190,2011-12-31
pettitt_rank_location_change,3174,2852,2013-10-23
pettitt_rank_location_change,3175,2785,2013-08-17
pettitt_rank_location_change,3176,2741,2013-07-04
pettitt_rank_location_change,3177,2545,2012-12-20
pettitt_rank_location_change,3178,2702,2013-05-26
pettitt_rank_location_change,3179,2744,2013-07-07
pettitt_rank_location_change,3180,2682,2013-05-06
pettitt_rank_location_change,3181,2555,2012-12-30
pettitt_rank_location_change,3182,1892,2011-03-08
pettitt_rank_location_change,3183,2656,2013-04-10
pettitt_rank_location_change,3184,2664,2013-04-18
pettitt_rank_location_change,3185,2724,2013-06-17
pettitt_rank_location_change,3186,2408,2012-08-05
pettitt_rank_location_change,3187,2689,2013-05-13
pettitt_rank_location_change,3188,2591,2013-02-04
pettitt_rank_location_change,3189,2734,2013-06-27
pettitt_rank_location_change,3190,2867,2013-11-07
pettitt_rank_location_change,3191,2646,2013-03-31
pettitt_rank_location_change,3192,2828,2013-09-29
pettitt_rank_location_change,3193,2426,2012-08-23
pettitt_rank_location_change,3194,2702,2013-05-26
pettitt_rank_location_change,3195,1636,2010-06-25
pettitt_rank_location_change,3196,2816,2013-09-17
pettitt_rank_location_change,3197,2792,2013-08-24
pettitt_rank_location_change,3198,2702,2013-05-26
pettitt_rank_location_change,3199,2190,2011-12-31
pettitt_rank_location_change,3200,2099,2011-10-01
pettitt_rank_location_change,3201,2537,2012-12-12
pettitt_rank_location_change,3202,2684,2013-05-08
pettitt_rank_location_change,3203,2558,2013-01-02
pettitt_rank_location_change,3204,2618,2013-03-03
pettitt_rank_location_change,3205,2380,2012-07-08
pettitt_rank_location_change,3206,2693,2013-05-17
pettitt_rank_location_change,3207,2047,2011-08-10
pettitt_rank_location_change,3208,2590,2013-02-03
pettitt_rank_location_change,3209,2849,2013-10-20
pettitt_rank_location_change,3210,2434,2012-08-31
pettitt_rank_location_change,3211,2619,2013-03-04
pettitt_rank_location_change,3212,2596,2013-02-09
pettitt_rank_location_change,3213,2580,2013-01-24
pettitt_rank_location_change,3214,2767,2013-07-30
pettitt_rank_location_change,3215,2702,2013-05-26
pettitt_rank_location_change,3216,2850,2013-10-21
pettitt_rank_location_change,3217,2697,2013-05-21
pettitt_rank_location_change,3218,2676,2013-04-30
pettitt_rank_location_change,3219,2398,2012-07-26
pettitt_rank_location_change,3220,2570,2013-01-14
pettitt_rank_location_change,3221,2451,2012-09-17
pettitt_rank_location_change,3222,2380,2012-07-08
pettitt_rank_location_change,3223,1933,2011-04-18
pettitt_rank_location_change,3224,2563,2013-01-07
pettitt_rank_location_change,3225,2652,2013-04-06
pettitt_rank_location_change,3226,2367,2012-06-25
pettitt_rank_location_change,3227,2555,2012-12-30
pettitt_rank_location_change,3228,2697,2013-05-21
pettitt_rank_location_change,3229,2344,2012-06-02
pettitt_rank_location_change,3230,2575,2013-01-19
pettitt_rank_location_change,3231,2575,2013-01-19
pettitt_rank_location_change,3232,2856,2013-10-27
pettitt_rank_location_change,3233,2385,2012-07-13
pettitt_rank_location_change,3234,2603,2013-02-16
pettitt_rank_location_change,3235,2683,2013-05-07
pettitt_rank_location_change,3236,2694,2013-05-18
pettitt_rank_location_change,3237,2622,2013-03-07
pettitt_rank_location_change,3238,2702,2013-05-26
pettitt_rank_location_change,3239,2795,2013-08-27
pettitt_rank_location_change,3240,2702,2013-05-26
pettitt_rank_location_change,3241,2702,2013-05-26
pettitt_rank_location_change,3242,2702,2013-05-26
pettitt_rank_location_change,3243,2162,2011-12-03
pettitt_rank_location_change,3244,2474,2012-10-10
pettitt_rank_location_change,3245,2701,2013-05-25
pettitt_rank_location_change,3246,2518,2012-11-23
pettitt_rank_location_change,3247,2655,2013-04-09
pettitt_rank_location_change,3248,1898,2011-03-14
pettitt_rank_location_change,3249,2554,2012-12-29
pettitt_rank_location_change,3250,2750,2013-07-13
pettitt_rank_location_change,3251,2675,2013-04-29
pettitt_rank_location_change,3252,2680,2013-05-04
pettitt_rank_location_change,3253,2412,2012-08-09
pettitt_rank_location_change,3254,2702,2013-05-26
pettitt_rank_location_change,3255,2697,2013-05-21
pettitt_rank_location_change,3256,2361,2012-06-19
pettitt_rank_location_change,3257,2608,2013-02-21
pettitt_rank_location_change,3258,2554,2012-12-29
pettitt_rank_location_change,3259,2580,2013-01-24
pettitt_rank_location_change,3260,2696,2013-05-20
pettitt_rank_location_change,3261,2751,2013-07-14
pettitt_rank_location_change,3262,2555,2012-12-30
pettitt_rank_location_change,3263,2630,2013-03-15
pettitt_rank_location_change,3264,2418,2012-08-15
pettitt_rank_location_change,3265,2668,2013-04-22
pettitt_rank_location_change,3266,2791,2013-08-23
pettitt_rank_location_change,3267,2415,2012-08-12
pettitt_rank_location_change,3268,2809,2013-09-10
pettitt_rank_location_change,3269,2722,2013-06-15
pettitt_rank_location_change,3270,2762,2013-07-25
pettitt_rank_location_change,3271,2621,2013-03-06
pettitt_rank_location_change,3272,2623,2013-03-08
pettitt_rank_location_change,3273,2480,2012-10-16
pettitt_rank_location_change,3274,2684,2013-05-08
pettitt_rank_location_change,3275,2676,2013-04-30
pettitt_rank_location_change,3276,1956,2011-05-11
pettitt_rank_location_change,3277,2809,2013-09-10
pettitt_rank_location_change,3278,2435,2012-09-01
pettitt_rank_location_change,3279,2076,2011-09-08
pettitt_rank_location_change,3280,2697,2013-05-21
pettitt_rank_location_change,3281,2569,2013-01-13
pettitt_rank_location_change,3282,2077,2011-09-09
pettitt_rank_location_change,3283,2288,2012-04-07
pettitt_rank_location_change,3284,2672,2013-04-26
pettitt_rank_location_change,3285,2620,2013-03-05
pettitt_rank_location_change,3286,2802,2013-09-03
pettitt_rank_location_change,3287,2702,2013-05-26
pettitt_rank_location_change,3288,2362,2012-06-20
pettitt_rank_location_change,3289,2692,2013-05-16
pettitt_rank_location_change,3290,2702,2013-05-26
pettitt_rank_location_change,3291,2388,2012-07-16
pettitt_rank_location_change,3292,2824,2013-09-25
pettitt_rank_location_change,3293,2691,2013-05-15
pettitt_rank_location_change,3294,2467,2012-10-03
pettitt_rank_location_change,3295,2669,2013-04-23
pettitt_rank_location_change,3296,2349,2012-06-07
pettitt_rank_location_change,3297,2217,2012-01-27
pettitt_rank_location_change,3298,2481,2012-10-17
pettitt_rank_location_change,3299,2575,2013-01-19
pettitt_rank_location_change,3300,2500,2012-11-05
pettitt_rank_location_change,3301,2712,2013-06-05
pettitt_rank_location_change,3302,2466,2012-10-02
pettitt_rank_location_change,3303,2749,2013-07-12
pettitt_rank_location_change,3304,2796,2013-08-28
pettitt_rank_location_change,3305,2702,2013-05-26
pettitt_rank_location_change,3306,2727,2013-06-20
pettitt_rank_location_change,3307,1959,2011-05-14
pettitt_rank_location_change,3308,2804,2013-09-05
pettitt_rank_location_change,3309,2696,2013-05-20
pettitt_rank_location_change,3310,2697,2013-05-21
pettitt_rank_location_change,3311,2585,2013-01-29
pettitt_rank_location_change,3312,2702,2013-05-26
pettitt_rank_location_change,3313,2702,2013-05-26
pettitt_rank_location_change,3314,2618,2013-03-03
pettitt_rank_location_change,3315,2714,2013-06-07
pettitt_rank_location_change,3316,2357,2012-06-15
pettitt_rank_location_change,3317,2510,2012-11-15
pettitt_rank_location_change,3318,2767,2013-07-30
pettitt_rank_location_change,3319,2702,2013-05-26
pettitt_rank_location_change,3320,2763,2013-07-26
pettitt_rank_location_change,3321,2425,2012-08-22
pettitt_rank_location_change,3322,2717,2013-06-10
pettitt_rank_location_change,3323,2435,2012-09-01
pettitt_rank_location_change,3324,2374,2012-07-02
pettitt_rank_location_change,3325,2851,2013-10-22
pettitt_rank_location_change,3326,2639,2013-03-24
pettitt_rank_location_change,3327,2702,2013-05-26
pettitt_rank_location_change,3328,2690,2013-05-14
pettitt_rank_location_change,3329,2851,2013-10-22
pettitt_rank_location_change,3330,2620,2013-03-05
pettitt_rank_location_change,3331,2545,2012-12-20
pettitt_rank_location_change,3332,2696,2013-05-20
pettitt_rank_location_change,3333,2763,2013-07-26
pettitt_rank_location_change,3334,2535,2012-12-10
pettitt_rank_location_change,3335,2613,2013-02-26
pettitt_rank_location_change,3336,2617,2013-03-02
pettitt_rank_location_change,3337,2740,2013-07-03
pettitt_rank_location_change,3338,2702,2013-05-26
pettitt_rank_location_change,3339,2655,2013-04-09
pettitt_rank_location_change,3340,2676,2013-04-30
pettitt_rank_location_change,3341,2702,2013-05-26
pettitt_rank_location_change,3342,2666,2013-04-20
pettitt_rank_location_change,3343,2700,2013-05-24
pettitt_rank_location_change,3344,2739,2013-07-02
pettitt_rank_location_change,3345,2685,2013-05-09
pettitt_rank_location_change,3346,2702,2013-05-26
pettitt_rank_location_change,3347,2403,2012-07-31
pettitt_rank_location_change,3348,2702,2013-05-26
pettitt_rank_location_change,3349,2674,2013-04-28
pettitt_rank_location_change,3350,2785,2013-08-17
pettitt_rank_location_change,3351,2375,2012-07-03
pettitt_rank_location_change,3352,2675,2013-04-29
pettitt_rank_location_change,3353,2046,2011-08-09
pettitt_rank_location_change,3354,2702,2013-05-26
pettitt_rank_location_change,3355,2715,2013-06-08
pettitt_rank_location_change,3356,2702,2013-05-26
pettitt_rank_location_change,3357,2778,2013-08-10
pettitt_rank_location_change,3358,2618,2013-03-03
pettitt_rank_location_change,3359,2299,2012-04-18
pettitt_rank_location_change,3360,2444,2012-09-10
pettitt_rank_location_change,3361,2283,2012-04-02
pettitt_rank_location_change,3362,2822,2013-09-23
pettitt_rank_location_change,3363,2813,2013-09-14
pettitt_rank_location_change,3364,2572,2013-01-16
pettitt_rank_location_change,3365,2622,2013-03-07
pettitt_rank_location_change,3366,2702,2013-05-26
pettitt_rank_location_change,3367,2316,2012-05-05
pettitt_rank_location_change,3368,2285,2012-04-04
pettitt_rank_location_change,3369,2692,2013-05-16
pettitt_rank_location_change,3370,2702,2013-05-26
pettitt_rank_location_change,3371,2798,2013-08-30
pettitt_rank_location_change,3372,2855,2013-10-26
pettitt_rank_location_change,3373,2851,2013-10-22
pettitt_rank_location_change,3374,2774,2013-08-06
pettitt_rank_location_change,3375,2532,2012-12-07
pettitt_rank_location_change,3376,2754,2013-07-17
pettitt_rank_location_change,3377,2847,2013-10-18
pettitt_rank_location_change,3378,2662,2013-04-16
pettitt_rank_location_change,3379,2446,2012-09-12
pettitt_rank_location_change,3380,1697,2010-08-25
pettitt_rank_location_change,3381,2826,2013-09-27
pettitt_rank_location_change,3382,2670,2013-04-24
pettitt_rank_location_change,3383,2702,2013-05-26
pettitt_rank_location_change,3384,2709,2013-06-02
pettitt_rank_location_change,3385,2486,2012-10-22
pettitt_rank_location_change,3386,1996,2011-06-20
pettitt_rank_location_change,3387,2562,2013-01-06
pettitt_rank_location_change,3388,2488,2012-10-24
pettitt_rank_location_change,3389,2485,2012-10-21
pettitt_rank_location_change,3390,2695,2013-05-19
pettitt_rank_location_change,3391,2766,2013-07-29
pettitt_rank_location_change,3392,2691,2013-05-15
pettitt_rank_location_change,3393,2257,2012-03-07
pettitt_rank_location_change,3394,2668,2013-04-22
pettitt_rank_location_change,3395,2702,2013-05-26
pettitt_rank_location_change,3396,2693,2013-05-17
pettitt_rank_location_change,3397,2625,2013-03-10
pettitt_rank_location_change,3398,2675,2013-04-29
pettitt_rank_location_change,3399,2630,2013-03-15
pettitt_rank_location_change,3400,2437,2012-09-03
pettitt_rank_location_change,3401,2467,2012-10-03
pettitt_rank_location_change,3402,2344,2012-06-02
pettitt_rank_location_change,3403,2555,2012-12-30
pettitt_rank_location_change,3404,2492,2012-10-28
pettitt_rank_location_change,3405,2314,2012-05-03
pettitt_rank_location_change,3406,2216,2012-01-26
pettitt_rank_location_change,3407,2849,2013-10-20
pettitt_rank_location_change,3408,2702,2013-05-26
pettitt_rank_location_change,3409,2642,2013-03-27
pettitt_rank_location_change,3410,2684,2013-05-08
pettitt_rank_location_change,3411,2843,2013-10-14
pettitt_rank_location_change,3412,2798,2013-08-30
pettitt_rank_location_change,3413,2702,2013-05-26
pettitt_rank_location_change,3414,2702,2013-05-26
pettitt_rank_location_change,3415,2858,2013-10-29
pettitt_rank_location_change,3416,2638,2013-03-23
pettitt_rank_location_change,3417,2732,2013-06-25
pettitt_rank_location_change,3418,2702,2013-05-26
pettitt_rank_location_change,3419,2765,2013-07-28
pettitt_rank_location_change,3420,2702,2013-05-26
pettitt_rank_location_change,3421,2751,2013-07-14
pettitt_rank_location_change,3422,2570,2013-01-14
pettitt_rank_location_change,3423,2697,2013-05-21
pettitt_rank_location_change,3424,2702,2013-05-26
pettitt_rank_location_change,3425,2245,2012-02-24
pettitt_rank_location_change,3426,2651,2013-04-05
pettitt_rank_location_change,3427,2529,2012-12-04
pettitt_rank_location_change,3428,2752,2013-07-15
pettitt_rank_location_change,3429,2829,2013-09-30
pettitt_rank_location_change,3430,2536,2012-12-11
pettitt_rank_location_change,3431,2599,2013-02-12
pettitt_rank_location_change,3432,2639,2013-03-24
pettitt_rank_location_change,3433,2702,2013-05-26
pettitt_rank_location_change,3434,2670,2013-04-24
pettitt_rank_location_change,3435,2702,2013-05-26
pettitt_rank_location_change,3436,2702,2013-05-26
pettitt_rank_location_change,3437,2807,2013-09-08
pettitt_rank_location_change,3438,2535,2012-12-10
pettitt_rank_location_change,3439,2689,2013-05-13
pettitt_rank_location_change,3440,2584,2013-01-28
pettitt_rank_location_change,3441,2457,2012-09-23
pettitt_rank_location_change,3442,2836,2013-10-07
pettitt_rank_location_change,3443,2634,2013-03-19
pettitt_rank_location_change,3444,2702,2013-05-26
pettitt_rank_location_change,3445,2501,2012-11-06
pettitt_rank_location_change,3446,2702,2013-05-26
pettitt_rank_location_change,3447,2817,2013-09-18
pettitt_rank_location_change,3448,2640,2013-03-25
pettitt_rank_location_change,3449,2382,2012-07-10
pettitt_rank_location_change,3450,2685,2013-05-09
pettitt_rank_location_change,3451,2649,2013-04-03
pettitt_rank_location_change,3452,2702,2013-05-26
pettitt_rank_location_change,3453,1764,2010-10-31
pettitt_rank_location_change,3454,2243,2012-02-22
pettitt_rank_location_change,3455,2746,2013-07-09
pettitt_rank_location_change,3456,2631,2013-03-16
pettitt_rank_location_change,3457,2793,2013-08-25
pettitt_rank_location_change,3458,2791,2013-08-23
pettitt_rank_location_change,3459,2343,2012-06-01
pettitt_rank_location_change,3460,2700,2013-05-24
pettitt_rank_location_change,3461,2810,2013-09-11
pettitt_rank_location_change,3462,2751,2013-07-14
pettitt_rank_location_change,3463,2498,2012-11-03
pettitt_rank_location_change,3464,2341,2012-05-30
pettitt_rank_location_change,3465,2780,2013-08-12
pettitt_rank_location_change,3466,2197,2012-01-07
pettitt_rank_location_change,3467,2670,2013-04-24
pettitt_rank_location_change,3468,2702,2013-05-26
pettitt_rank_location_change,3469,2641,2013-03-26
pettitt_rank_location_change,3470,2709,2013-06-02
pettitt_rank_location_change,3471,2710,2013-06-03
pettitt_rank_location_change,3472,2850,2013-10-21
pettitt_rank_location_change,3473,1946,2011-05-01
pettitt_rank_location_change,3474,2806,2013-09-07
pettitt_rank_location_change,3475,2685,2013-05-09
pettitt_rank_location_change,3476,2294,2012-04-13
pettitt_rank_location_change,3477,2350,2012-06-08
pettitt_rank_location_change,3478,2829,2013-09-30
pettitt_rank_location_change,3479,2818,2013-09-19
pettitt_rank_location_change,3480,2702,2013-05-26
pettitt_rank_location_change,3481,2783,2013-08-15
pettitt_rank_location_change,3482,2681,2013-05-05
pettitt_rank_location_change,3483,2739,2013-07-02
pettitt_rank_location_change,3484,2771,2013-08-03
pettitt_rank_location_change,3485,2702,2013-05-26
pettitt_rank_location_change,3486,2702,2013-05-26
pettitt_rank_location_change,3487,1917,2011-04-02
pettitt_rank_location_change,3488,2570,2013-01-14
pettitt_rank_location_change,3489,2702,2013-05-26
pettitt_rank_location_change,3490,2085,2011-09-17
pettitt_rank_location_change,3491,2726,2013-06-19
pettitt_rank_location_change,3492,2827,2013-09-28
pettitt_rank_location_change,3493,2699,2013-05-23
pettitt_rank_location_change,3494,2613,2013-02-26
pettitt_rank_location_change,3495,2698,2013-05-22
pettitt_rank_location_change,3496,2415,2012-08-12
pettitt_rank_location_change,3497,2631,2013-03-16
pettitt_rank_location_change,3498,2736,2013-06-29
pettitt_rank_location_change,3499,2693,2013-05-17
pettitt_rank_location_change,3500,2592,2013-02-05
pettitt_rank_location_change,3501,2680,2013-05-04
pettitt_rank_location_change,3502,2473,2012-10-09
pettitt_rank_location_change,3503,2352,2012-06-10
pettitt_rank_location_change,3504,2334,2012-05-23
pettitt_rank_location_change,3505,2702,2013-05-26
pettitt_rank_location_change,3506,2787,2013-08-19
pettitt_rank_location_change,3507,2737,2013-06-30
pettitt_rank_location_change,3508,2420,2012-08-17
pettitt_rank_location_change,3509,2702,2013-05-26
pettitt_rank_location_change,3510,2699,2013-05-23
pettitt_rank_location_change,3511,1951,2011-05-06
pettitt_rank_location_change,3512,2662,2013-04-16
pettitt_rank_location_change,3513,2854,2013-10-25
pettitt_rank_location_change,3514,2702,2013-05-26
pettitt_rank_location_change,3515,2504,2012-11-09
pettitt_rank_location_change,3516,2695,2013-05-19
pettitt_rank_location_change,3517,2697,2013-05-21
pettitt_rank_location_change,3518,2571,2013-01-15
pettitt_rank_location_change,3519,2577,2013-01-21
pettitt_rank_location_change,3520,2671,2013-04-25
pettitt_rank_location_change,3521,2688,2013-05-12
pettitt_rank_location_change,3522,2198,2012-01-08
pettitt_rank_location_change,3523,2671,2013-04-25
pettitt_rank_location_change,3524,2421,2012-08-18
pettitt_rank_location_change,3525,2642,2013-03-27
pettitt_rank_location_change,3526,2702,2013-05-26
pettitt_rank_location_change,3527,2800,2013-09-01
pettitt_rank_location_change,3528,1691,2010-08-19
pettitt_rank_location_change,3529,2668,2013-04-22
pettitt_rank_location_change,3530,2828,2013-09-29
pettitt_rank_location_change,3531,2766,2013-07-29
pettitt_rank_location_change,3532,2742,2013-07-05
pettitt_rank_location_change,3533,2833,2013-10-04
pettitt_rank_location_change,3534,2711,2013-06-04
pettitt_rank_location_change,3535,2622,2013-03-07
pettitt_rank_location_change,3536,2620,2013-03-05
pettitt_rank_location_change,3537,2848,2013-10-19
pettitt_rank_location_change,3538,2446,2012-09-12
pettitt_rank_location_change,3539,2454,2012-09-20
pettitt_rank_location_change,3540,2672,2013-04-26
pettitt_rank_location_change,3541,2521,2012-11-26
pettitt_rank_location_change,3542,2690,2013-05-14
pettitt_rank_location_change,3543,2812,2013-09-13
pettitt_rank_location_change,3544,2702,2013-05-26
pettitt_rank_location_change,3545,2611,2013-02-24
pettitt_rank_location_change,3546,2309,2012-04-28
pettitt_rank_location_change,3547,2694,2013-05-18
pettitt_rank_location_change,3548,2798,2013-08-30
pettitt_rank_location_change,3549,2849,2013-10-20
pettitt_rank_location_change,3550,2455,2012-09-21
pettitt_rank_location_change,3551,2713,2013-06-06
pettitt_rank_location_change,3552,2595,2013-02-08
pettitt_rank_location_change,3553,2190,2011-12-31
pettitt_rank_location_change,3554,2429,2012-08-26
pettitt_rank_location_change,3555,2531,2012-12-06
pettitt_rank_location_change,3556,2826,2013-09-27
pettitt_rank_location_change,3557,2009,2011-07-03
pettitt_rank_location_change,3558,2762,2013-07-25
pettitt_rank_location_change,3559,2665,2013-04-19
pettitt_rank_location_change,3560,2784,2013-08-16
pettitt_rank_location_change,3561,2804,2013-09-05
pettitt_rank_location_change,3562,2819,2013-09-20
pettitt_rank_location_change,3563,2702,2013-05-26
pettitt_rank_location_change,3564,2675,2013-04-29
pettitt_rank_location_change,3565,2702,2013-05-26
pettitt_rank_location_change,3566,2074,2011-09-06
pettitt_rank_location_change,3567,2739,2013-07-02
pettitt_rank_location_change,3568,2656,2013-04-10
pettitt_rank_location_change,3569,1813,2010-12-19
pettitt_rank_location_change,3570,2731,2013-06-24
pettitt_rank_location_change,3571,2337,2012-05-26
pettitt_rank_location_change,3572,2702,2013-05-26
pettitt_rank_location_change,3573,2664,2013-04-18
pettitt_rank_location_change,3574,2730,2013-06-23
pettitt_rank_location_change,3575,2702,2013-05-26
pettitt_rank_location_change,3576,2787,2013-08-19
pettitt_rank_location_change,3577,2702,2013-05-26
pettitt_rank_location_change,3578,2797,2013-08-29
pettitt_rank_location_change,3579,2407,2012-08-04
pettitt_rank_location_change,3580,2696,2013-05-20
pettitt_rank_location_change,3581,2473,2012-10-09
pettitt_rank_location_change,3582,2702,2013-05-26
pettitt_rank_location_change,3583,2684,2013-05-08
pettitt_rank_location_change,3584,2572,2013-01-16
pettitt_rank_location_change,3585,2115,2011-10-17
pettitt_rank_location_change,3586,2313,2012-05-02
pettitt_rank_location_change,3587,2641,2013-03-26
pettitt_rank_location_change,3588,2321,2012-05-10
pettitt_rank_location_change,3589,2702,2013-05-26
pettitt_rank_location_change,3590,2846,2013-10-17
pettitt_rank_location_change,3591,1982,2011-06-06
pettitt_rank_location_change,3592,2689,2013-05-13
pettitt_rank_location_change,3593,2895,2013-12-05
pettitt_rank_location_change,3594,2702,2013-05-26
pettitt_rank_location_change,3595,2702,2013-05-26
pettitt_rank_location_change,3596,2416,2012-08-13
pettitt_rank_location_change,3597,1954,2011-05-09
pettitt_rank_location_change,3598,1999,2011-06-23
pettitt_rank_location_change,3599,2832,2013-10-03
pettitt_rank_location_change,3600,2716,2013-06-09
pettitt_rank_location_change,3601,2718,2013-06-11
pettitt_rank_location_change,3602,2623,2013-03-08
pettitt_rank_location_change,3603,2690,2013-05-14
pettitt_rank_location_change,3604,3143,2014-08-10
pettitt_rank_location_change,3605,2700,2013-05-24
pettitt_rank_location_change,3606,2754,2013-07-17
pettitt_rank_location_change,3607,2626,2013-03-11
pettitt_rank_location_change,3608,2032,2011-07-26
pettitt_rank_location_change,3609,2742,2013-07-05
pettitt_rank_location_change,3610,2663,2013-04-17
pettitt_rank_location_change,3611,2208,2012-01-18
pettitt_rank_location_change,3612,2549,2012-12-24
pettitt_rank_location_change,3613,2837,2013-10-08
pettitt_rank_location_change,3614,2735,2013-06-28
pettitt_rank_location_change,3615,2696,2013-05-20
pettitt_rank_location_change,3616,2873,2013-11-13
pettitt_rank_location_change,3617,2849,2013-10-20
pettitt_rank_location_change,3618,2688,2013-05-12
pettitt_rank_location_change,3619,2659,2013-04-13
pettitt_rank_location_change,3620,2695,2013-05-19
pettitt_rank_location_change,3621,2702,2013-05-26
pettitt_rank_location_change,3622,2737,2013-06-30
pettitt_rank_location_change,3623,2661,2013-04-15
pettitt_rank_location_change,3624,2674,2013-04-28
pettitt_rank_location_change,3625,2702,2013-05-26
pettitt_rank_location_change,3626,2493,2012-10-29
pettitt_rank_location_change,3627,1961,2011-05-16
pettitt_rank_location_change,3628,2702,2013-05-26
pettitt_rank_location_change,3629,2713,2013-06-06
pettitt_rank_location_change,3630,2786,2013-08-18
pettitt_rank_location_change,3631,2718,2013-06-11
pettitt_rank_location_change,3632,2702,2013-05-26
pettitt_rank_location_change,3633,2681,2013-05-05
pettitt_rank_location_change,3634,2418,2012-08-15
pettitt_rank_location_change,3635,2383,2012-07-11
pettitt_rank_location_change,3636,2477,2012-10-13
pettitt_rank_location_change,3637,2529,2012-12-04
pettitt_rank_location_change,3638,2702,2013-05-26
pettitt_rank_location_change,3639,2543,2012-12-18
pettitt_rank_location_change,3640,2635,2013-03-20
pettitt_rank_location_change,3641,2695,2013-05-19
pettitt_rank_location_change,3642,2725,2013-06-18
pettitt_rank_location_change,3643,2702,2013-05-26
pettitt_rank_location_change,3644,2702,2013-05-26
pettitt_rank_location_change,3645,2695,2013-05-19
pettitt_rank_location_change,3646,2807,2013-09-08
pettitt_rank_location_change,3647,1984,2011-06-08
pettitt_rank_location_change,3648,2675,2013-04-29
pettitt_rank_location_change,3649,2459,2012-09-25
pettitt_rank_location_change,3650,2767,2013-07-30
pettitt_rank_location_change,3651,2685,2013-05-09
pettitt_rank_location_change,3652,2346,2012-06-04
pettitt_rank_location_change,3653,2826,2013-09-27
pettitt_rank_location_change,3654,2055,2011-08-18
pettitt_rank_location_change,3655,2176,2011-12-17
pettitt_rank_location_change,3656,2626,2013-03-11
pettitt_rank_location_change,3657,2625,2013-03-10
pettitt_rank_location_change,3658,2294,2012-04-13
pettitt_rank_location_change,3659,1872,2011-02-16
pettitt_rank_location_change,3660,2407,2012-08-04
pettitt_rank_location_change,3661,2702,2013-05-26
pettitt_rank_location_change,3662,2742,2013-07-05
pettitt_rank_location_change,3663,2702,2013-05-26
pettitt_rank_location_change,3664,2702,2013-05-26
pettitt_rank_location_change,3665,2833,2013-10-04
pettitt_rank_location_change,3666,2702,2013-05-26
pettitt_rank_location_change,3667,1988,2011-06-12
pettitt_rank_location_change,3668,2797,2013-08-29
pettitt_rank_location_change,3669,2390,2012-07-18
pettitt_rank_location_change,3670,2571,2013-01-15
pettitt_rank_location_change,3671,2702,2013-05-26
pettitt_rank_location_change,3672,2702,2013-05-26
pettitt_rank_location_change,3673,2702,2013-05-26
pettitt_rank_location_change,3674,2450,2012-09-16
pettitt_rank_location_change,3675,2707,2013-05-31
pettitt_rank_location_change,3676,2622,2013-03-07
pettitt_rank_location_change,3677,2280,2012-03-30
pettitt_rank_location_change,3678,2685,2013-05-09
pettitt_rank_location_change,3679,2392,2012-07-20
pettitt_rank_location_change,3680,2847,2013-10-18
pettitt_rank_location_change,3681,2660,2013-04-14
pettitt_rank_location_change,3682,2756,2013-07-19
pettitt_rank_location_change,3683,2514,2012-11-19
pettitt_rank_location_change,3684,2698,2013-05-22
pettitt_rank_location_change,3685,2702,2013-05-26
pettitt_rank_location_change,3686,2702,2013-05-26
pettitt_rank_location_change,3687,2644,2013-03-29
pettitt_rank_location_change,3688,2573,2013-01-17
pettitt_rank_location_change,3689,2679,2013-05-03
pettitt_rank_location_change,3690,2808,2013-09-09
pettitt_rank_location_change,3691,2725,2013-06-18
pettitt_rank_location_change,3692,2702,2013-05-26
pettitt_rank_location_change,3693,2702,2013-05-26
pettitt_rank_location_change,3694,2650,2013-04-04
pettitt_rank_location_change,3695,2665,2013-04-19
pettitt_rank_location_change,3696,2503,2012-11-08
pettitt_rank_location_change,3697,2644,2013-03-29
pettitt_rank_location_change,3698,2623,2013-03-08
pettitt_rank_location_change,3699,2867,2013-11-07
pettitt_rank_location_change,3700,2701,2013-05-25
pettitt_rank_location_change,3701,2875,2013-11-15
pettitt_rank_location_change,3702,2702,2013-05-26
pettitt_rank_location_change,3703,2816,2013-09-17
pettitt_rank_location_change,3704,2702,2013-05-26
pettitt_rank_location_change,3705,2585,2013-01-29
pettitt_rank_location_change,3706,2702,2013-05-26
pettitt_rank_location_change,3707,2705,2013-05-29
pettitt_rank_location_change,3708,2392,2012-07-20
pettitt_rank_location_change,3709,2702,2013-05-26
pettitt_rank_location_change,3710,2431,2012-08-28
pettitt_rank_location_change,3711,2702,2013-05-26
pettitt_rank_location_change,3712,2781,2013-08-13
pettitt_rank_location_change,3713,2688,2013-05-12
pettitt_rank_location_change,3714,2702,2013-05-26
pettitt_rank_location_change,3715,2633,2013-03-18
pettitt_rank_location_change,3716,2325,2012-05-14
pettitt_rank_location_change,3717,2621,2013-03-06
pettitt_rank_location_change,3718,2327,2012-05-16
pettitt_rank_location_change,3719,2370,2012-06-28
pettitt_rank_location_change,3720,2568,2013-01-12
pettitt_rank_location_change,3721,2808,2013-09-09
pettitt_rank_location_change,3722,2702,2013-05-26
pettitt_rank_location_change,3723,2651,2013-04-05
pettitt_rank_location_change,3724,2699,2013-05-23
pettitt_rank_location_change,3725,2696,2013-05-20
pettitt_rank_location_change,3726,2616,2013-03-01
pettitt_rank_location_change,3727,2650,2013-04-04
pettitt_rank_location_change,3728,2670,2013-04-24
pettitt_rank_location_change,3729,2687,2013-05-11
pettitt_rank_location_change,3730,2660,2013-04-14
pettitt_rank_location_change,3731,2754,2013-07-17
pettitt_rank_location_change,3732,2328,2012-05-17
pettitt_rank_location_change,3733,2702,2013-05-26
pettitt_rank_location_change,3734,2796,2013-08-28
pettitt_rank_location_change,3735,2639,2013-03-24
pettitt_rank_location_change,3736,2802,2013-09-03
pettitt_rank_location_change,3737,2731,2013-06-24
pettitt_rank_location_change,3738,2608,2013-02-21
pettitt_rank_location_change,3739,2747,2013-07-10
pettitt_rank_location_change,3740,2860,2013-10-31
pettitt_rank_location_change,3741,2687,2013-05-11
pettitt_rank_location_change,3742,2702,2013-05-26
pettitt_rank_location_change,3743,2668,2013-04-22
pettitt_rank_location_change,3744,2858,2013-10-29
pettitt_rank_location_change,3745,2701,2013-05-25
pettitt_rank_location_change,3746,2706,2013-05-30
pettitt_rank_location_change,3747,2670,2013-04-24
pettitt_rank_location_change,3748,2731,2013-06-24
pettitt_rank_location_change,3749,2702,2013-05-26
pettitt_rank_location_change,3750,2801,2013-09-02
pettitt_rank_location_change,3751,2702,2013-05-26
pettitt_rank_location_change,3752,2671,2013-04-25
pettitt_rank_location_change,3753,2639,2013-03-24
pettitt_rank_location_change,3754,2563,2013-01-07
pettitt_rank_location_change,3755,2555,2012-12-30
pettitt_rank_location_change,3756,2702,2013-05-26
pettitt_rank_location_change,3757,2691,2013-05-15
pettitt_rank_location_change,3758,2561,2013-01-05
pettitt_rank_location_change,3759,2702,2013-05-26
pettitt_rank_location_change,3760,2455,2012-09-21
pettitt_rank_location_change,3761,2804,2013-09-05
pettitt_rank_location_change,3762,2746,2013-07-09
pettitt_rank_location_change,3763,2664,2013-04-18
pettitt_rank_location_change,3764,2373,2012-07-01
pettitt_rank_location_change,3765,2676,2013-04-30
pettitt_rank_location_change,3766,2487,2012-10-23
pettitt_rank_location_change,3767,2501,2012-11-06
pettitt_rank_location_change,3768,2714,2013-06-07
pettitt_rank_location_change,3769,2389,2012-07-17
pettitt_rank_location_change,3770,2807,2013-09-08
pettitt_rank_location_change,3771,2702,2013-05-26
pettitt_rank_location_change,3772,2667,2013-04-21
pettitt_rank_location_change,3773,2606,2013-02-19
pettitt_rank_location_change,3774,2731,2013-06-24
pettitt_rank_location_change,3775,2663,2013-04-17
pettitt_rank_location_change,3776,2696,2013-05-20
pettitt_rank_location_change,3777,2578,2013-01-22
pettitt_rank_location_change,3778,2736,2013-06-29
pettitt_rank_location_change,3779,2682,2013-05-06
pettitt_rank_location_change,3780,2645,2013-03-30
pettitt_rank_location_change,3781,2354,2012-06-12
pettitt_rank_location_change,3782,2764,2013-07-27
pettitt_rank_location_change,3783,2702,2013-05-26
pettitt_rank_location_change,3784,2504,2012-11-09
pettitt_rank_location_change,3785,2794,2013-08-26
pettitt_rank_location_change,3786,2622,2013-03-07
pettitt_rank_location_change,3787,2673,2013-04-27
pettitt_rank_location_change,3788,2790,2013-08-22
pettitt_rank_location_change,3789,2817,2013-09-18
pettitt_rank_location_change,3790,2690,2013-05-14
pettitt_rank_location_change,3791,2679,2013-05-03
pettitt_rank_location_change,3792,2682,2013-05-06
pettitt_rank_location_change,3793,2695,2013-05-19
pettitt_rank_location_change,3794,2729,2013-06-22
pettitt_rank_location_change,3795,2740,2013-07-03
pettitt_rank_location_change,3796,2651,2013-04-05
pettitt_rank_location_change,3797,2749,2013-07-12
pettitt_rank_location_change,3798,2422,2012-08-19
pettitt_rank_location_change,3799,2874,2013-11-14
pettitt_rank_location_change,3800,2692,2013-05-16
pettitt_rank_location_change,3801,2432,2012-08-29
pettitt_rank_location_change,3802,2841,2013-10-12
pettitt_rank_location_change,3803,2039,2011-08-02
pettitt_rank_location_change,3804,2365,2012-06-23
pettitt_rank_location_change,3805,2553,2012-12-28
pettitt_rank_location_change,3806,2191,2012-01-01
pettitt_rank_location_change,3807,2823,2013-09-24
pettitt_rank_location_change,3808,2778,2013-08-10
pettitt_rank_location_change,3809,2648,2013-04-02
pettitt_rank_location_change,3810,2298,2012-04-17
pettitt_rank_location_change,3811,2835,2013-10-06
pettitt_rank_location_change,3812,2643,2013-03-28
pettitt_rank_location_change,3813,2641,2013-03-26
pettitt_rank_location_change,3814,2781,2013-08-13
pettitt_rank_location_change,3815,2721,2013-06-14
pettitt_rank_location_change,3816,2552,2012-12-27
pettitt_rank_location_change,3817,2559,2013-01-03
pettitt_rank_location_change,3818,2609,2013-02-22
pettitt_rank_location_change,3819,2594,2013-02-07
pettitt_rank_location_change,3820,2684,2013-05-08
pettitt_rank_location_change,3821,2850,2013-10-21
pettitt_rank_location_change,3822,2691,2013-05-15
pettitt_rank_location_change,3823,2538,2012-12-13
pettitt_rank_location_change,3824,2778,2013-08-10
pettitt_rank_location_change,3825,2702,2013-05-26
pettitt_rank_location_change,3826,2701,2013-05-25
pettitt_rank_location_change,3827,2362,2012-06-20
pettitt_rank_location_change,3828,2536,2012-12-11
pettitt_rank_location_change,3829,2592,2013-02-05
pettitt_rank_location_change,3830,2689,2013-05-13
pettitt_rank_location_change,3831,2769,2013-08-01
pettitt_rank_location_change,3832,2449,2012-09-15
pettitt_rank_location_change,3833,2845,2013-10-16
pettitt_rank_location_change,3834,2659,2013-04-13
pettitt_rank_location_change,3835,2551,2012-12-26
pettitt_rank_location_change,3836,2829,2013-09-30
pettitt_rank_location_change,3837,2830,2013-10-01
pettitt_rank_location_change,3838,2327,2012-05-16
pettitt_rank_location_change,3839,2808,2013-09-09
pettitt_rank_location_change,3840,2702,2013-05-26
pettitt_rank_location_change,3841,2790,2013-08-22
pettitt_rank_location_change,3842,2702,2013-05-26
pettitt_rank_location_change,3843,2702,2013-05-26
pettitt_rank_location_change,3844,2807,2013-09-08
pettitt_rank_location_change,3845,2588,2013-02-01
pettitt_rank_location_change,3846,2291,2012-04-10
pettitt_rank_location_change,3847,2702,2013-05-26
pettitt_rank_location_change,3848,2577,2013-01-21
pettitt_rank_location_change,3849,2785,2013-08-17
pettitt_rank_location_change,3850,2702,2013-05-26
pettitt_rank_location_change,3851,2799,2013-08-31
pettitt_rank_location_change,3852,2702,2013-05-26
pettitt_rank_location_change,3853,2702,2013-05-26
pettitt_rank_location_change,3854,2555,2012-12-30
pettitt_rank_location_change,3855,2833,2013-10-04
pettitt_rank_location_change,3856,2732,2013-06-25
pettitt_rank_location_change,3857,2673,2013-04-27
pettitt_rank_location_change,3858,2686,2013-05-10
pettitt_rank_location_change,3859,2197,2012-01-07
pettitt_rank_location_change,3860,2631,2013-03-16
pettitt_rank_location_change,3861,2631,2013-03-16
pettitt_rank_location_change,3862,2658,2013-04-12
pettitt_rank_location_change,3863,2551,2012-12-26
pettitt_rank_location_change,3864,2732,2013-06-25
pettitt_rank_location_change,3865,2661,2013-04-15
pettitt_rank_location_change,3866,2566,2013-01-10
pettitt_rank_location_change,3867,2701,2013-05-25
pettitt_rank_location_change,3868,2702,2013-05-26
pettitt_rank_location_change,3869,2702,2013-05-26
pettitt_rank_location_change,3870,2702,2013-05-26
pettitt_rank_location_change,3871,2457,2012-09-23
pettitt_rank_location_change,3872,2718,2013-06-11
pettitt_rank_location_change,3873,2680,2013-05-04
pettitt_rank_location_change,3874,2818,2013-09-19
pettitt_rank_location_change,3875,2702,2013-05-26
pettitt_rank_location_change,3876,2686,2013-05-10
pettitt_rank_location_change,3877,2803,2013-09-04
pettitt_rank_location_change,3878,2282,2012-04-01
pettitt_rank_location_change,3879,2621,2013-03-06
pettitt_rank_location_change,3880,2702,2013-05-26
pettitt_rank_location_change,3881,2352,2012-06-10
pettitt_rank_location_change,3882,2611,2013-02-24
pettitt_rank_location_change,3883,2728,2013-06-21
pettitt_rank_location_change,3884,2739,2013-07-02
pettitt_rank_location_change,3885,2800,2013-09-01
pettitt_rank_location_change,3886,2702,2013-05-26
pettitt_rank_location_change,3887,2286,2012-04-05
pettitt_rank_location_change,3888,2748,2013-07-11
pettitt_rank_location_change,3889,2047,2011-08-10
pettitt_rank_location_change,3890,2650,2013-04-04
pettitt_rank_location_change,3891,2093,2011-09-25
pettitt_rank_location_change,3892,2767,2013-07-30
pettitt_rank_location_change,3893,2663,2013-04-17
pettitt_rank_location_change,3894,2511,2012-11-16
pettitt_rank_location_change,3895,2815,2013-09-16
pettitt_rank_location_change,3896,2694,2013-05-18
pettitt_rank_location_change,3897,2768,2013-07-31
pettitt_rank_location_change,3898,2719,2013-06-12
pettitt_rank_location_change,3899,2702,2013-05-26
pettitt_rank_location_change,3900,2702,2013-05-26
pettitt_rank_location_change,3901,2795,2013-08-27
pettitt_rank_location_change,3902,2702,2013-05-26
pettitt_rank_location_change,3903,2565,2013-01-09
pettitt_rank_location_change,3904,2487,2012-10-23
pettitt_rank_location_change,3905,2795,2013-08-27
pettitt_rank_location_change,3906,2789,2013-08-21
pettitt_rank_location_change,3907,2578,2013-01-22
pettitt_rank_location_change,3908,2642,2013-03-27
pettitt_rank_location_change,3909,2709,2013-06-02
pettitt_rank_location_change,3910,2711,2013-06-04
pettitt_rank_location_change,3911,2696,2013-05-20
pettitt_rank_location_change,3912,2559,2013-01-03
pettitt_rank_location_change,3913,2470,2012-10-06
pettitt_rank_location_change,3914,2781,2013-08-13
pettitt_rank_location_change,3915,2366,2012-06-24
pettitt_rank_location_change,3916,1976,2011-05-31
pettitt_rank_location_change,3917,1662,2010-07-21
pettitt_rank_location_change,3918,2644,2013-03-29
pettitt_rank_location_change,3919,2696,2013-05-20
pettitt_rank_location_change,3920,2671,2013-04-25
pettitt_rank_location_change,3921,2330,2012-05-19
pettitt_rank_location_change,3922,2782,2013-08-14
pettitt_rank_location_change,3923,2086,2011-09-18
pettitt_rank_location_change,3924,2658,2013-04-12
pettitt_rank_location_change,3925,2666,2013-04-20
pettitt_rank_location_change,3926,2869,2013-11-09
pettitt_rank_location_change,3927,2613,2013-02-26
pettitt_rank_location_change,3928,2736,2013-06-29
pettitt_rank_location_change,3929,2618,2013-03-03
pettitt_rank_location_change,3930,2595,2013-02-08
pettitt_rank_location_change,3931,2695,2013-05-19
pettitt_rank_location_change,3932,2610,2013-02-23
pettitt_rank_location_change,3933,2661,2013-04-15
pettitt_rank_location_change,3934,2702,2013-05-26
pettitt_rank_location_change,3935,2648,2013-04-02
pettitt_rank_location_change,3936,2555,2012-12-30
pettitt_rank_location_change,3937,2702,2013-05-26
pettitt_rank_location_change,3938,2600,2013-02-13
pettitt_rank_location_change,3939,2296,2012-04-15
pettitt_rank_location_change,3940,2702,2013-05-26
pettitt_rank_location_change,3941,1749,2010-10-16
pettitt_rank_location_change,3942,2834,2013-10-05
pettitt_rank_location_change,3943,2700,2013-05-24
pettitt_rank_location_change,3944,2702,2013-05-26
pettitt_rank_location_change,3945,2695,2013-05-19
pettitt_rank_location_change,3946,2700,2013-05-24
pettitt_rank_location_change,3947,2201,2012-01-11
pettitt_rank_location_change,3948,2708,2013-06-01
pettitt_rank_location_change,3949,2607,2013-02-20
pettitt_rank_location_change,3950,2644,2013-03-29
pettitt_rank_location_change,3951,2751,2013-07-14
pettitt_rank_location_change,3952,2683,2013-05-07
pettitt_rank_location_change,3953,2806,2013-09-07
pettitt_rank_location_change,3954,2638,2013-03-23
pettitt_rank_location_change,3955,2440,2012-09-06
pettitt_rank_location_change,3956,2702,2013-05-26
pettitt_rank_location_change,3957,2636,2013-03-21
pettitt_rank_location_change,3958,2432,2012-08-29
pettitt_rank_location_change,3959,2727,2013-06-20
pettitt_rank_location_change,3960,2666,2013-04-20
pettitt_rank_location_change,3961,2362,2012-06-20
pettitt_rank_location_change,3962,2637,2013-03-22
pettitt_rank_location_change,3963,2690,2013-05-14
pettitt_rank_location_change,3964,2508,2012-11-13
pettitt_rank_location_change,3965,2329,2012-05-18
pettitt_rank_location_change,3966,2627,2013-03-12
pettitt_rank_location_change,3967,2855,2013-10-26
pettitt_rank_location_change,3968,2753,2013-07-16
pettitt_rank_location_change,3969,2621,2013-03-06
pettitt_rank_location_change,3970,2438,2012-09-04
pettitt_rank_location_change,3971,2394,2012-07-22
pettitt_rank_location_change,3972,2702,2013-05-26
pettitt_rank_location_change,3973,2376,2012-07-04
pettitt_rank_location_change,3974,2701,2013-05-25
pettitt_rank_location_change,3975,2761,2013-07-24
pettitt_rank_location_change,3976,1916,2011-04-01
pettitt_rank_location_change,3977,2549,2012-12-24
pettitt_rank_location_change,3978,2555,2012-12-30
pettitt_rank_location_change,3979,2808,2013-09-09
pettitt_rank_location_change,3980,2661,2013-04-15
pettitt_rank_location_change,3981,1987,2011-06-11
pettitt_rank_location_change,3982,2826,2013-09-27
pettitt_rank_location_change,3983,2736,2013-06-29
pettitt_rank_location_change,3984,2637,2013-03-22
pettitt_rank_location_change,3985,2783,2013-08-15
pettitt_rank_location_change,3986,2659,2013-04-13
pettitt_rank_location_change,3987,2702,2013-05-26
pettitt_rank_location_change,3988,2703,2013-05-27
pettitt_rank_location_change,3989,2796,2013-08-28
pettitt_rank_location_change,3990,2702,2013-05-26
pettitt_rank_location_change,3991,2434,2012-08-31
pettitt_rank_location_change,3992,2702,2013-05-26
pettitt_rank_location_change,3993,2702,2013-05-26
pettitt_rank_location_change,3994,2647,2013-04-01
pettitt_rank_location_change,3995,2555,2012-12-30
pettitt_rank_location_change,3996,2743,2013-07-06
pettitt_rank_location_change,3997,2702,2013-05-26
pettitt_rank_location_change,3998,2637,2013-03-22
pettitt_rank_location_change,3999,2695,2013-05-19
pettitt_rank_location_change,4000,2809,2013-09-10
pettitt_rank_location_change,4001,2764,2013-07-27
pettitt_rank_location_change,4002,2445,2012-09-11
pettitt_rank_location_change,4003,2725,2013-06-18
pettitt_rank_location_change,4004,2604,2013-02-17
pettitt_rank_location_change,4005,2746,2013-07-09
pettitt_rank_location_change,4006,2555,2012-12-30
pettitt_rank_location_change,4007,2635,2013-03-20
pettitt_rank_location_change,4008,2037,2011-07-31
pettitt_rank_location_change,4009,2790,2013-08-22
pettitt_rank_location_change,4010,2849,2013-10-20
pettitt_rank_location_change,4011,2702,2013-05-26
pettitt_rank_location_change,4012,2803,2013-09-04
pettitt_rank_location_change,4013,2699,2013-05-23
pettitt_rank_location_change,4014,2682,2013-05-06
pettitt_rank_location_change,4015,2702,2013-05-26
pettitt_rank_location_change,4016,2710,2013-06-03
pettitt_rank_location_change,4017,2249,2012-02-28
pettitt_rank_location_change,4018,2773,2013-08-05
pettitt_rank_location_change,4019,2702,2013-05-26
pettitt_rank_location_change,4020,2702,2013-05-26
pettitt_rank_location_change,4021,2742,2013-07-05
pettitt_rank_location_change,4022,2702,2013-05-26
pettitt_rank_location_change,4023,2684,2013-05-08
pettitt_rank_location_change,4024,2710,2013-06-03
pettitt_rank_location_change,4025,2058,2011-08-21
pettitt_rank_location_change,4026,2770,2013-08-02
pettitt_rank_location_change,4027,2520,2012-11-25
pettitt_rank_location_change,4028,2630,2013-03-15
pettitt_rank_location_change,4029,2654,2013-04-08
pettitt_rank_location_change,4030,2702,2013-05-26
pettitt_rank_location_change,4031,2347,2012-06-05
pettitt_rank_location_change,4032,2375,2012-07-03
pettitt_rank_location_change,4033,2672,2013-04-26
pettitt_rank_location_change,4034,2525,2012-11-30
pettitt_rank_location_change,4035,2701,2013-05-25
pettitt_rank_location_change,4036,2834,2013-10-05
pettitt_rank_location_change,4037,2689,2013-05-13
pettitt_rank_location_change,4038,2296,2012-04-15
pettitt_rank_location_change,4039,2506,2012-11-11
pettitt_rank_location_change,4040,2682,2013-05-06
pettitt_rank_location_change,4041,2503,2012-11-08
pettitt_rank_location_change,4042,2698,2013-05-22
pettitt_rank_location_change,4043,2133,2011-11-04
pettitt_rank_location_change,4044,2429,2012-08-26
pettitt_rank_location_change,4045,2789,2013-08-21
pettitt_rank_location_change,4046,2739,2013-07-02
pettitt_rank_location_change,4047,2575,2013-01-19
pettitt_rank_location_change,4048,2711,2013-06-04
pettitt_rank_location_change,4049,2713,2013-06-06
pettitt_rank_location_change,4050,2808,2013-09-09
pettitt_rank_location_change,4051,2555,2012-12-30
pettitt_rank_location_change,4052,2488,2012-10-24
pettitt_rank_location_change,4053,2843,2013-10-14
pettitt_rank_location_change,4054,2696,2013-05-20
pettitt_rank_location_change,4055,2791,2013-08-23
pettitt_rank_location_change,4056,2467,2012-10-03
pettitt_rank_location_change,4057,2764,2013-07-27
pettitt_rank_location_change,4058,2376,2012-07-04
pettitt_rank_location_change,4059,2702,2013-05-26
pettitt_rank_location_change,4060,2536,2012-12-11
pettitt_rank_location_change,4061,2589,2013-02-02
pettitt_rank_location_change,4062,2253,2012-03-03
pettitt_rank_location_change,4063,2739,2013-07-02
pettitt_rank_location_change,4064,2800,2013-09-01
pettitt_rank_location_change,4065,2760,2013-07-23
pettitt_rank_location_change,4066,2767,2013-07-30
pettitt_rank_location_change,4067,2621,2013-03-06
pettitt_rank_location_change,4068,2369,2012-06-27
pettitt_rank_location_change,4069,2702,2013-05-26
pettitt_rank_location_change,4070,2024,2011-07-18
pettitt_rank_location_change,4071,2702,2013-05-26
pettitt_rank_location_change,4072,2337,2012-05-26
pettitt_rank_location_change,4073,2720,2013-06-13
pettitt_rank_location_change,4074,1949,2011-05-04
pettitt_rank_location_change,4075,2702,2013-05-26
pettitt_rank_location_change,4076,2284,2012-04-03
pettitt_rank_location_change,4077,2568,2013-01-12
pettitt_rank_location_change,4078,2617,2013-03-02
pettitt_rank_location_change,4079,2686,2013-05-10
pettitt_rank_location_change,4080,2686,2013-05-10
pettitt_rank_location_change,4081,1925,2011-04-10
pettitt_rank_location_change,4082,2809,2013-09-10
pettitt_rank_location_change,4083,2688,2013-05-12
pettitt_rank_location_change,4084,2424,2012-08-21
pettitt_rank_location_change,4085,2569,2013-01-13
pettitt_rank_location_change,4086,2592,2013-02-05
pettitt_rank_location_change,4087,2792,2013-08-24
pettitt_rank_location_change,4088,2702,2013-05-26
pettitt_rank_location_change,4089,2842,2013-10-13
pettitt_rank_location_change,4090,2866,2013-11-06
pettitt_rank_location_change,4091,2361,2012-06-19
pettitt_rank_location_change,4092,2701,2013-05-25
pettitt_rank_location_change,4093,2607,2013-02-20
pettitt_rank_location_change,4094,2788,2013-08-20
pettitt_rank_location_change,4095,2560,2013-01-04
pettitt_rank_location_change,4096,2631,2013-03-16
pettitt_rank_location_change,4097,2085,2011-09-17
pettitt_rank_location_change,4098,2555,2012-12-30
pettitt_rank_location_change,4099,2516,2012-11-21
pettitt_rank_location_change,4100,2794,2013-08-26
pettitt_rank_location_change,4101,2702,2013-05-26
pettitt_rank_location_change,4102,2133,2011-11-04
pettitt_rank_location_change,4103,2120,2011-10-22
pettitt_rank_location_change,4104,2140,2011-11-11
pettitt_rank_location_change,4105,2702,2013-05-26
pettitt_rank_location_change,4106,2357,2012-06-15
pettitt_rank_location_change,4107,2762,2013-07-25
pettitt_rank_location_change,4108,2692,2013-05-16
pettitt_rank_location_change,4109,2702,2013-05-26
pettitt_rank_location_change,4110,2822,2013-09-23
pettitt_rank_location_change,4111,2702,2013-05-26
pettitt_rank_location_change,4112,2548,2012-12-23
pettitt_rank_location_change,4113,2663,2013-04-17
pettitt_rank_location_change,4114,2777,2013-08-09
pettitt_rank_location_change,4115,2550,2012-12-25
pettitt_rank_location_change,4116,2702,2013-05-26
pettitt_rank_location_change,4117,2702,2013-05-26
pettitt_rank_location_change,4118,2393,2012-07-21
pettitt_rank_location_change,4119,2782,2013-08-14
pettitt_rank_location_change,4120,2689,2013-05-13
pettitt_rank_location_change,4121,2337,2012-05-26
pettitt_rank_location_change,4122,2718,2013-06-11
pettitt_rank_location_change,4123,2793,2013-08-25
pettitt_rank_location_change,4124,2484,2012-10-20
pettitt_rank_location_change,4125,2669,2013-04-23
pettitt_rank_location_change,4126,2670,2013-04-24
pettitt_rank_location_change,4127,2697,2013-05-21
pettitt_rank_location_change,4128,2642,2013-03-27
pettitt_rank_location_change,4129,2702,2013-05-26
pettitt_rank_location_change,4130,2547,2012-12-22
pettitt_rank_location_change,4131,2824,2013-09-25
pettitt_rank_location_change,4132,2750,2013-07-13
pettitt_rank_location_change,4133,2703,2013-05-27
pettitt_rank_location_change,4134,2851,2013-10-22
pettitt_rank_location_change,4135,2646,2013-03-31
pettitt_rank_location_change,4136,2470,2012-10-06
pettitt_rank_location_change,4137,2641,2013-03-26
pettitt_rank_location_change,4138,2850,2013-10-21
pettitt_rank_location_change,4139,2700,2013-05-24
pettitt_rank_location_change,4140,2702,2013-05-26
pettitt_rank_location_change,4141,2583,2013-01-27
pettitt_rank_location_change,4142,2774,2013-08-06
pettitt_rank_location_change,4143,2434,2012-08-31
pettitt_rank_location_change,4144,2621,2013-03-06
pettitt_rank_location_change,4145,2675,2013-04-29
pettitt_rank_location_change,4146,2426,2012-08-23
pettitt_rank_location_change,4147,2751,2013-07-14
pettitt_rank_location_change,4148,2834,2013-10-05
pettitt_rank_location_change,4149,2702,2013-05-26
pettitt_rank_location_change,4150,2745,2013-07-08
pettitt_rank_location_change,4151,2858,2013-10-29
pettitt_rank_location_change,4152,2308,2012-04-27
pettitt_rank_location_change,4153,2720,2013-06-13
pettitt_rank_location_change,4154,2702,2013-05-26
pettitt_rank_location_change,4155,2702,2013-05-26
pettitt_rank_location_change,4156,2679,2013-05-03
pettitt_rank_location_change,4157,2366,2012-06-24
pettitt_rank_location_change,4158,2733,2013-06-26
pettitt_rank_location_change,4159,2872,2013-11-12
pettitt_rank_location_change,4160,2805,2013-09-06
pettitt_rank_location_change,4161,2385,2012-07-13
pettitt_rank_location_change,4162,2555,2012-12-30
pettitt_rank_location_change,4163,2845,2013-10-16
pettitt_rank_location_change,4164,2702,2013-05-26
pettitt_rank_location_change,4165,2485,2012-10-21
pettitt_rank_location_change,4166,2697,2013-05-21
pettitt_rank_location_change,4167,2705,2013-05-29
pettitt_rank_location_change,4168,2664,2013-04-18
pettitt_rank_location_change,4169,2246,2012-02-25
pettitt_rank_location_change,4170,2609,2013-02-22
pettitt_rank_location_change,4171,2701,2013-05-25
pettitt_rank_location_change,4172,2699,2013-05-23
pettitt_rank_location_change,4173,2626,2013-03-11
pettitt_rank_location_change,4174,2674,2013-04-28
pettitt_rank_location_change,4175,2652,2013-04-06
pettitt_rank_location_change,4176,2036,2011-07-30
pettitt_rank_location_change,4177,2702,2013-05-26
pettitt_rank_location_change,4178,2683,2013-05-07
pettitt_rank_location_change,4179,2872,2013-11-12
pettitt_rank_location_change,4180,2642,2013-03-27
pettitt_rank_location_change,4181,2655,2013-04-09
pettitt_rank_location_change,4182,2702,2013-05-26
pettitt_rank_location_change,4183,2701,2013-05-25
pettitt_rank_location_change,4184,2702,2013-05-26
pettitt_rank_location_change,4185,2635,2013-03-20
pettitt_rank_location_change,4186,2673,2013-04-27
pettitt_rank_location_change,4187,2665,2013-04-19
pettitt_rank_location_change,4188,2563,2013-01-07
pettitt_rank_location_change,4189,2491,2012-10-27
pettitt_rank_location_change,4190,2670,2013-04-24
pettitt_rank_location_change,4191,2729,2013-06-22
pettitt_rank_location_change,4192,2713,2013-06-06
pettitt_rank_location_change,4193,2303,2012-04-22
pettitt_rank_location_change,4194,2702,2013-05-26
pettitt_rank_location_change,4195,2499,2012-11-04
pettitt_rank_location_change,4196,2642,2013-03-27
pettitt_rank_location_change,4197,2555,2012-12-30
pettitt_rank_location_change,4198,2542,2012-12-17
pettitt_rank_location_change,4199,2688,2013-05-12
pettitt_rank_location_change,4200,2432,2012-08-29
pettitt_rank_location_change,4201,2702,2013-05-26
pettitt_rank_location_change,4202,2851,2013-10-22
pettitt_rank_location_change,4203,2573,2013-01-17
pettitt_rank_location_change,4204,2630,2013-03-15
pettitt_rank_location_change,4205,2652,2013-04-06
pettitt_rank_location_change,4206,1996,2011-06-20
pettitt_rank_location_change,4207,2672,2013-04-26
pettitt_rank_location_change,4208,2726,2013-06-19
pettitt_rank_location_change,4209,2309,2012-04-28
pettitt_rank_location_change,4210,2044,2011-08-07
pettitt_rank_location_change,4211,1750,2010-10-17
pettitt_rank_location_change,4212,2557,2013-01-01
pettitt_rank_location_change,4213,2648,2013-04-02
pettitt_rank_location_change,4214,2472,2012-10-08
pettitt_rank_location_change,4215,2702,2013-05-26
pettitt_rank_location_change,4216,2216,2012-01-26
pettitt_rank_location_change,4217,2385,2012-07-13
pettitt_rank_location_change,4218,2486,2012-10-22
pettitt_rank_location_change,4219,2754,2013-07-17
pettitt_rank_location_change,4220,2832,2013-10-03
pettitt_rank_location_change,4221,2473,2012-10-09
pettitt_rank_location_change,4222,2477,2012-10-13
pettitt_rank_location_change,4223,2818,2013-09-19
pettitt_rank_location_change,4224,1675,2010-08-03
pettitt_rank_location_change,4225,2702,2013-05-26
pettitt_rank_location_change,4226,2702,2013-05-26
pettitt_rank_location_change,4227,2650,2013-04-04
pettitt_rank_location_change,4228,2511,2012-11-16
pettitt_rank_location_change,4229,2742,2013-07-05
pettitt_rank_location_change,4230,2269,2012-03-19
pettitt_rank_location_change,4231,2688,2013-05-12
pettitt_rank_location_change,4232,2701,2013-05-25
pettitt_rank_location_change,4233,2255,2012-03-05
pettitt_rank_location_change,4234,2702,2013-05-26
pettitt_rank_location_change,4235,2702,2013-05-26
pettitt_rank_location_change,4236,2555,2012-12-30
pettitt_rank_location_change,4237,2423,2012-08-20
pettitt_rank_location_change,4238,2325,2012-05-14
pettitt_rank_location_change,4239,2356,2012-06-14
pettitt_rank_location_change,4240,2330,2012-05-19
pettitt_rank_location_change,4241,2693,2013-05-17
pettitt_rank_location_change,4242,2702,2013-05-26
pettitt_rank_location_change,4243,2698,2013-05-22
pettitt_rank_location_change,4244,2415,2012-08-12
pettitt_rank_location_change,4245,2793,2013-08-25
pettitt_rank_location_change,4246,1997,2011-06-21
pettitt_rank_location_change,4247,2702,2013-05-26
pettitt_rank_location_change,4248,2476,2012-10-12
pettitt_rank_location_change,4249,2658,2013-04-12
pettitt_rank_location_change,4250,2759,2013-07-22
pettitt_rank_location_change,4251,2555,2012-12-30
pettitt_rank_location_change,4252,2371,2012-06-29
pettitt_rank_location_change,4253,2784,2013-08-16
pettitt_rank_location_change,4254,2630,2013-03-15
pettitt_rank_location_change,4255,2815,2013-09-16
pettitt_rank_location_change,4256,2565,2013-01-09
pettitt_rank_location_change,4257,2376,2012-07-04
pettitt_rank_location_change,4258,2825,2013-09-26
pettitt_rank_location_change,4259,2731,2013-06-24
pettitt_rank_location_change,4260,2533,2012-12-08
pettitt_rank_location_change,4261,2680,2013-05-04
pettitt_rank_location_change,4262,2345,2012-06-03
pettitt_rank_location_change,4263,2559,2013-01-03
pettitt_rank_location_change,4264,2702,2013-05-26
pettitt_rank_location_change,4265,1926,2011-04-11
pettitt_rank_location_change,4266,2702,2013-05-26
pettitt_rank_location_change,4267,2186,2011-12-27
pettitt_rank_location_change,4268,2702,2013-05-26
pettitt_rank_location_change,4269,2850,2013-10-21
pettitt_rank_location_change,4270,2600,2013-02-13
pettitt_rank_location_change,4271,2702,2013-05-26
pettitt_rank_location_change,4272,2831,2013-10-02
pettitt_rank_location_change,4273,2700,2013-05-24
pettitt_rank_location_change,4274,2433,2012-08-30
pettitt_rank_location_change,4275,2535,2012-12-10
pettitt_rank_location_change,4276,2729,2013-06-22
pettitt_rank_location_change,4277,2702,2013-05-26
pettitt_rank_location_change,4278,2571,2013-01-15
pettitt_rank_location_change,4279,2673,2013-04-27
pettitt_rank_location_change,4280,2648,2013-04-02
pettitt_rank_location_change,4281,2629,2013-03-14
pettitt_rank_location_change,4282,2702,2013-05-26
pettitt_rank_location_change,4283,2360,2012-06-18
pettitt_rank_location_change,4284,2677,2013-05-01
pettitt_rank_location_change,4285,2798,2013-08-30
pettitt_rank_location_change,4286,2675,2013-04-29
pettitt_rank_location_change,4287,2624,2013-03-09
pettitt_rank_location_change,4288,2702,2013-05-26
pettitt_rank_location_change,4289,2169,2011-12-10
pettitt_rank_location_change,4290,2754,2013-07-17
pettitt_rank_location_change,4291,2362,2012-06-20
pettitt_rank_location_change,4292,2805,2013-09-06
pettitt_rank_location_change,4293,2351,2012-06-09
pettitt_rank_location_change,4294,2472,2012-10-08
pettitt_rank_location_change,4295,2500,2012-11-05
pettitt_rank_location_change,4296,2789,2013-08-21
pettitt_rank_location_change,4297,2838,2013-10-09
pettitt_rank_location_change,4298,2683,2013-05-07
pettitt_rank_location_change,4299,2702,2013-05-26
pettitt_rank_location_change,4300,2624,2013-03-09
pettitt_rank_location_change,4301,2699,2013-05-23
pettitt_rank_location_change,4302,2670,2013-04-24
pettitt_rank_location_change,4303,2776,2013-08-08
pettitt_rank_location_change,4304,2403,2012-07-31
pettitt_rank_location_change,4305,2098,2011-09-30
pettitt_rank_location_change,4306,2411,2012-08-08
pettitt_rank_location_change,4307,2310,2012-04-29
pettitt_rank_location_change,4308,2801,2013-09-02
pettitt_rank_location_change,4309,2702,2013-05-26
pettitt_rank_location_change,4310,2506,2012-11-11
pettitt_rank_location_change,4311,2583,2013-01-27
pettitt_rank_location_change,4312,2434,2012-08-31
pettitt_rank_location_change,4313,2117,2011-10-19
pettitt_rank_location_change,4314,2702,2013-05-26
pettitt_rank_location_change,4315,2826,2013-09-27
pettitt_rank_location_change,4316,2676,2013-04-30
pettitt_rank_location_change,4317,2702,2013-05-26
pettitt_rank_location_change,4318,2702,2013-05-26
pettitt_rank_location_change,4319,2442,2012-09-08
pettitt_rank_location_change,4320,2327,2012-05-16
pettitt_rank_location_change,4321,1885,2011-03-01
pettitt_rank_location_change,4322,2313,2012-05-02
pettitt_rank_location_change,4323,2325,2012-05-14
pettitt_rank_location_change,4324,2409,2012-08-06
pettitt_rank_location_change,4325,2584,2013-01-28
pettitt_rank_location_change,4326,2702,2013-05-26
pettitt_rank_location_change,4327,2599,2013-02-12
pettitt_rank_location_change,4328,2725,2013-06-18
pettitt_rank_location_change,4329,2697,2013-05-21
pettitt_rank_location_change,4330,2676,2013-04-30
pettitt_rank_location_change,4331,2831,2013-10-02
pettitt_rank_location_change,4332,2598,2013-02-11
pettitt_rank_location_change,4333,2728,2013-06-21
pettitt_rank_location_change,4334,2446,2012-09-12
pettitt_rank_location_change,4335,2781,2013-08-13
pettitt_rank_location_change,4336,2556,2012-12-31
pettitt_rank_location_change,4337,2702,2013-05-26
pettitt_rank_location_change,4338,2413,2012-08-10
pettitt_rank_location_change,4339,2376,2012-07-04
pettitt_rank_location_change,4340,2305,2012-04-24
pettitt_rank_location_change,4341,2639,2013-03-24
pettitt_rank_location_change,4342,2702,2013-05-26
pettitt_rank_location_change,4343,2730,2013-06-23
pettitt_rank_location_change,4344,2737,2013-06-30
pettitt_rank_location_change,4345,2783,2013-08-15
pettitt_rank_location_change,4346,2571,2013-01-15
pettitt_rank_location_change,4347,2449,2012-09-15
pettitt_rank_location_change,4348,2661,2013-04-15
pettitt_rank_location_change,4349,2689,2013-05-13
pettitt_rank_location_change,4350,2758,2013-07-21
pettitt_rank_location_change,4351,2016,2011-07-10
pettitt_rank_location_change,4352,2637,2013-03-22
pettitt_rank_location_change,4353,2796,2013-08-28
pettitt_rank_location_change,4354,2568,2013-01-12
pettitt_rank_location_change,4355,2746,2013-07-09
pettitt_rank_location_change,4356,2702,2013-05-26
pettitt_rank_location_change,4357,2565,2013-01-09
pettitt_rank_location_change,4358,2761,2013-07-24
pettitt_rank_location_change,4359,2332,2012-05-21
pettitt_rank_location_change,4360,2299,2012-04-18
pettitt_rank_location_change,4361,2179,2011-12-20
pettitt_rank_location_change,4362,2708,2013-06-01
pettitt_rank_location_change,4363,2368,2012-06-26
pettitt_rank_location_change,4364,2639,2013-03-24
pettitt_rank_location_change,4365,1581,2010-05-01
pettitt_rank_location_change,4366,2702,2013-05-26
pettitt_rank_location_change,4367,1989,2011-06-13
pettitt_rank_location_change,4368,2376,2012-07-04
pettitt_rank_location_change,4369,2524,2012-11-29
pettitt_rank_location_change,4370,2557,2013-01-01
pettitt_rank_location_change,4371,2289,2012-04-08
pettitt_rank_location_change,4372,2875,2013-11-15
pettitt_rank_location_change,4373,2818,2013-09-19
pettitt_rank_location_change,4374,2514,2012-11-19
pettitt_rank_location_change,4375,2673,2013-04-27
pettitt_rank_location_change,4376,2350,2012-06-08
pettitt_rank_location_change,4377,2444,2012-09-10
pettitt_rank_location_change,4378,2667,2013-04-21
pettitt_rank_location_change,4379,2702,2013-05-26
pettitt_rank_location_change,4380,2833,2013-10-04
pettitt_rank_location_change,4381,2851,2013-10-22
pettitt_rank_location_change,4382,2702,2013-05-26
pettitt_rank_location_change,4383,2581,2013-01-25
pettitt_rank_location_change,4384,2450,2012-09-16
pettitt_rank_location_change,4385,2628,2013-03-13
pettitt_rank_location_change,4386,2749,2013-07-12
pettitt_rank_location_change,4387,2838,2013-10-09
pettitt_rank_location_change,4388,2441,2012-09-07
pettitt_rank_location_change,4389,2709,2013-06-02
pettitt_rank_location_change,4390,2765,2013-07-28
pettitt_rank_location_change,4391,2601,2013-02-14
pettitt_rank_location_change,4392,2724,2013-06-17
pettitt_rank_location_change,4393,2752,2013-07-15
pettitt_rank_location_change,4394,2627,2013-03-12
pettitt_rank_location_change,4395,2292,2012-04-11
pettitt_rank_location_change,4396,2459,2012-09-25
pettitt_rank_location_change,4397,2702,2013-05-26
pettitt_rank_location_change,4398,2848,2013-10-19
pettitt_rank_location_change,4399,2677,2013-05-01
pettitt_rank_location_change,4400,2037,2011-07-31
pettitt_rank_location_change,4401,2788,2013-08-20
pettitt_rank_location_change,4402,2713,2013-06-06
pettitt_rank_location_change,4403,2700,2013-05-24
pettitt_rank_location_change,4404,2783,2013-08-15
pettitt_rank_location_change,4405,2702,2013-05-26
pettitt_rank_location_change,4406,2702,2013-05-26
pettitt_rank_location_change,4407,2775,2013-08-07
pettitt_rank_location_change,4408,2791,2013-08-23
pettitt_rank_location_change,4409,1639,2010-06-28
pettitt_rank_location_change,4410,2591,2013-02-04
pettitt_rank_location_change,4411,2437,2012-09-03
pettitt_rank_location_change,4412,2766,2013-07-29
pettitt_rank_location_change,4413,2634,2013-03-19
pettitt_rank_location_change,4414,2426,2012-08-23
pettitt_rank_location_change,4415,2838,2013-10-09
pettitt_rank_location_change,4416,2687,2013-05-11
pettitt_rank_location_change,4417,2855,2013-10-26
pettitt_rank_location_change,4418,2410,2012-08-07
pettitt_rank_location_change,4419,2645,2013-03-30
pettitt_rank_location_change,4420,2809,2013-09-10
pettitt_rank_location_change,4421,2720,2013-06-13
pettitt_rank_location_change,4422,2777,2013-08-09
pettitt_rank_location_change,4423,2422,2012-08-19
pettitt_rank_location_change,4424,2198,2012-01-08
pettitt_rank_location_change,4425,2702,2013-05-26
pettitt_rank_location_change,4426,2702,2013-05-26
pettitt_rank_location_change,4427,2702,2013-05-26
pettitt_rank_location_change,4428,2021,2011-07-15
pettitt_rank_location_change,4429,2761,2013-07-24
pettitt_rank_location_change,4430,2799,2013-08-31
pettitt_rank_location_change,4431,2462,2012-09-28
pettitt_rank_location_change,4432,2710,2013-06-03
pettitt_rank_location_change,4433,2692,2013-05-16
pettitt_rank_location_change,4434,2250,2012-02-29
pettitt_rank_location_change,4435,2697,2013-05-21
pettitt_rank_location_change,4436,2712,2013-06-05
pettitt_rank_location_change,4437,2317,2012-05-06
pettitt_rank_location_change,4438,2642,2013-03-27
pettitt_rank_location_change,4439,2290,2012-04-09
pettitt_rank_location_change,4440,2702,2013-05-26
pettitt_rank_location_change,4441,2650,2013-04-04
pettitt_rank_location_change,4442,2702,2013-05-26
pettitt_rank_location_change,4443,2812,2013-09-13
pettitt_rank_location_change,4444,2675,2013-04-29
pettitt_rank_location_change,4445,2209,2012-01-19
pettitt_rank_location_change,4446,2490,2012-10-26
pettitt_rank_location_change,4447,2712,2013-06-05
pettitt_rank_location_change,4448,2722,2013-06-15
pettitt_rank_location_change,4449,2544,2012-12-19
pettitt_rank_location_change,4450,2861,2013-11-01
pettitt_rank_location_change,4451,2645,2013-03-30
pettitt_rank_location_change,4452,2493,2012-10-29
pettitt_rank_location_change,4453,2558,2013-01-02
pettitt_rank_location_change,4454,2399,2012-07-27
pettitt_rank_location_change,4455,2297,2012-04-16
pettitt_rank_location_change,4456,2584,2013-01-28
pettitt_rank_location_change,4457,2774,2013-08-06
pettitt_rank_location_change,4458,2808,2013-09-09
pettitt_rank_location_change,4459,2702,2013-05-26
pettitt_rank_location_change,4460,2702,2013-05-26
pettitt_rank_location_change,4461,2689,2013-05-13
pettitt_rank_location_change,4462,2679,2013-05-03
pettitt_rank_location_change,4463,2867,2013-11-07
pettitt_rank_location_change,4464,2739,2013-07-02
pettitt_rank_location_change,4465,2650,2013-04-04
pettitt_rank_location_change,4466,2794,2013-08-26
pettitt_rank_location_change,4467,2856,2013-10-27
pettitt_rank_location_change,4468,2411,2012-08-08
pettitt_rank_location_change,4469,1635,2010-06-24
pettitt_rank_location_change,4470,2702,2013-05-26
pettitt_rank_location_change,4471,2555,2012-12-30
pettitt_rank_location_change,4472,2698,2013-05-22
pettitt_rank_location_change,4473,2408,2012-08-05
pettitt_rank_location_change,4474,2794,2013-08-26
pettitt_rank_location_change,4475,2101,2011-10-03
pettitt_rank_location_change,4476,2702,2013-05-26
pettitt_rank_location_change,4477,2702,2013-05-26
pettitt_rank_location_change,4478,2148,2011-11-19
pettitt_rank_location_change,4479,1892,2011-03-08
pettitt_rank_location_change,4480,1707,2010-09-04
pettitt_rank_location_change,4481,2684,2013-05-08
pettitt_rank_location_change,4482,2275,2012-03-25
pettitt_rank_location_change,4483,2842,2013-10-13
pettitt_rank_location_change,4484,2774,2013-08-06
pettitt_rank_location_change,4485,2453,2012-09-19
pettitt_rank_location_change,4486,2837,2013-10-08
pettitt_rank_location_change,4487,2702,2013-05-26
pettitt_rank_location_change,4488,2804,2013-09-05
pettitt_rank_location_change,4489,2555,2012-12-30
pettitt_rank_location_change,4490,2862,2013-11-02
pettitt_rank_location_change,4491,2269,2012-03-19
pettitt_rank_location_change,4492,2671,2013-04-25
pettitt_rank_location_change,4493,2786,2013-08-18
pettitt_rank_location_change,4494,2556,2012-12-31
pettitt_rank_location_change,4495,2702,2013-05-26
pettitt_rank_location_change,4496,2577,2013-01-21
pettitt_rank_location_change,4497,2246,2012-02-25
pettitt_rank_location_change,4498,2697,2013-05-21
pettitt_rank_location_change,4499,2479,2012-10-15
pettitt_rank_location_change,4500,2642,2013-03-27
pettitt_rank_location_change,4501,2471,2012-10-07
pettitt_rank_location_change,4502,2779,2013-08-11
pettitt_rank_location_change,4503,2702,2013-05-26
pettitt_rank_location_change,4504,2627,2013-03-12
pettitt_rank_location_change,4505,2091,2011-09-23
pettitt_rank_location_change,4506,2660,2013-04-14
pettitt_rank_location_change,4507,2828,2013-09-29
pettitt_rank_location_change,4508,2850,2013-10-21
pettitt_rank_location_change,4509,2702,2013-05-26
pettitt_rank_location_change,4510,2587,2013-01-31
pettitt_rank_location_change,4511,2701,2013-05-25
pettitt_rank_location_change,4512,2868,2013-11-08
pettitt_rank_location_change,4513,2810,2013-09-11
pettitt_rank_location_change,4514,2702,2013-05-26
pettitt_rank_location_change,4515,2718,2013-06-11
pettitt_rank_location_change,4516,2638,2013-03-23
pettitt_rank_location_change,4517,2762,2013-07-25
pettitt_rank_location_change,4518,2556,2012-12-31
pettitt_rank_location_change,4519,2667,2013-04-21
pettitt_rank_location_change,4520,2453,2012-09-19
pettitt_rank_location_change,4521,2391,2012-07-19
pettitt_rank_location_change,4522,2429,2012-08-26
pettitt_rank_location_change,4523,2767,2013-07-30
pettitt_rank_location_change,4524,2817,2013-09-18
pettitt_rank_location_change,4525,2702,2013-05-26
pettitt_rank_location_change,4526,2859,2013-10-30
pettitt_rank_location_change,4527,2662,2013-04-16
pettitt_rank_location_change,4528,2798,2013-08-30
pettitt_rank_location_change,4529,2702,2013-05-26
pettitt_rank_location_change,4530,2555,2012-12-30
pettitt_rank_location_change,4531,2464,2012-09-30
pettitt_rank_location_change,4532,2654,2013-04-08
pettitt_rank_location_change,4533,2692,2013-05-16
pettitt_rank_location_change,4534,2781,2013-08-13
pettitt_rank_location_change,4535,2845,2013-10-16
pettitt_rank_location_change,4536,2833,2013-10-04
pettitt_rank_location_change,4537,1993,2011-06-17
pettitt_rank_location_change,4538,2082,2011-09-14
pettitt_rank_location_change,4539,2727,2013-06-20
pettitt_rank_location_change,4540,2712,2013-06-05
pettitt_rank_location_change,4541,2679,2013-05-03
pettitt_rank_location_change,4542,2768,2013-07-31
pettitt_rank_location_change,4543,2587,2013-01-31
pettitt_rank_location_change,4544,2676,2013-04-30
pettitt_rank_location_change,4545,2702,2013-05-26
pettitt_rank_location_change,4546,2594,2013-02-07
pettitt_rank_location_change,4547,2440,2012-09-06
pettitt_rank_location_change,4548,2682,2013-05-06
pettitt_rank_location_change,4549,2493,2012-10-29
pettitt_rank_location_change,4550,2190,2011-12-31
pettitt_rank_location_change,4551,2702,2013-05-26
pettitt_rank_location_change,4552,2530,2012-12-05
pettitt_rank_location_change,4553,2029,2011-07-23
pettitt_rank_location_change,4554,2702,2013-05-26
pettitt_rank_location_change,4555,2365,2012-06-23
pettitt_rank_location_change,4556,2390,2012-07-18
pettitt_rank_location_change,4557,2649,2013-04-03
pettitt_rank_location_change,4558,1729,2010-09-26
pettitt_rank_location_change,4559,2551,2012-12-26
pettitt_rank_location_change,4560,2612,2013-02-25
pettitt_rank_location_change,4561,2615,2013-02-28
pettitt_rank_location_change,4562,2610,2013-02-23
pettitt_rank_location_change,4563,2692,2013-05-16
pettitt_rank_location_change,4564,2687,2013-05-11
pettitt_rank_location_change,4565,2533,2012-12-08
pettitt_rank_location_change,4566,2351,2012-06-09
pettitt_rank_location_change,4567,2739,2013-07-02
pettitt_rank_location_change,4568,2637,2013-03-22
pettitt_rank_location_change,4569,2805,2013-09-06
pettitt_rank_location_change,4570,2361,2012-06-19
pettitt_rank_location_change,4571,2734,2013-06-27
pettitt_rank_location_change,4572,2600,2013-02-13
pettitt_rank_location_change,4573,2702,2013-05-26
pettitt_rank_location_change,4574,2771,2013-08-03
pettitt_rank_location_change,4575,2870,2013-11-10
pettitt_rank_location_change,4576,1880,2011-02-24
pettitt_rank_location_change,4577,2518,2012-11-23
pettitt_rank_location_change,4578,2489,2012-10-25
pettitt_rank_location_change,4579,2157,2011-11-28
pettitt_rank_location_change,4580,2322,2012-05-11
pettitt_rank_location_change,4581,2702,2013-05-26
pettitt_rank_location_change,4582,2390,2012-07-18
pettitt_rank_location_change,4583,2725,2013-06-18
pettitt_rank_location_change,4584,2744,2013-07-07
pettitt_rank_location_change,4585,2603,2013-02-16
pettitt_rank_location_change,4586,2130,2011-11-01
pettitt_rank_location_change,4587,2820,2013-09-21
pettitt_rank_location_change,4588,2802,2013-09-03
pettitt_rank_location_change,4589,2788,2013-08-20
pettitt_rank_location_change,4590,2749,2013-07-12
pettitt_rank_location_change,4591,2610,2013-02-23
pettitt_rank_location_change,4592,2657,2013-04-11
pettitt_rank_location_change,4593,2702,2013-05-26
pettitt_rank_location_change,4594,2702,2013-05-26
pettitt_rank_location_change,4595,2702,2013-05-26
pettitt_rank_location_change,4596,2874,2013-11-14
pettitt_rank_location_change,4597,2555,2012-12-30
pettitt_rank_location_change,4598,2759,2013-07-22
pettitt_rank_location_change,4599,2702,2013-05-26
pettitt_rank_location_change,4600,2747,2013-07-10
pettitt_rank_location_change,4601,2702,2013-05-26
pettitt_rank_location_change,4602,2607,2013-02-20
pettitt_rank_location_change,4603,2763,2013-07-26
pettitt_rank_location_change,4604,2669,2013-04-23
pettitt_rank_location_change,4605,2691,2013-05-15
pettitt_rank_location_change,4606,2340,2012-05-29
pettitt_rank_location_change,4607,2702,2013-05-26
pettitt_rank_location_change,4608,2702,2013-05-26
pettitt_rank_location_change,4609,2693,2013-05-17
pettitt_rank_location_change,4610,2555,2012-12-30
pettitt_rank_location_change,4611,2710,2013-06-03
pettitt_rank_location_change,4612,2452,2012-09-18
pettitt_rank_location_change,4613,2702,2013-05-26
pettitt_rank_location_change,4614,2179,2011-12-20
pettitt_rank_location_change,4615,2776,2013-08-08
pettitt_rank_location_change,4616,2702,2013-05-26
pettitt_rank_location_change,4617,2702,2013-05-26
pettitt_rank_location_change,4618,1548,2010-03-29
pettitt_rank_location_change,4619,2301,2012-04-20
pettitt_rank_location_change,4620,2400,2012-07-28
pettitt_rank_location_change,4621,2290,2012-04-09
pettitt_rank_location_change,4622,2680,2013-05-04
pettitt_rank_location_change,4623,2769,2013-08-01
pettitt_rank_location_change,4624,2666,2013-04-20
pettitt_rank_location_change,4625,2734,2013-06-27
pettitt_rank_location_change,4626,2378,2012-07-06
pettitt_rank_location_change,4627,2312,2012-05-01
pettitt_rank_location_change,4628,2217,2012-01-27
pettitt_rank_location_change,4629,2702,2013-05-26
pettitt_rank_location_change,4630,2387,2012-07-15
pettitt_rank_location_change,4631,2385,2012-07-13
pettitt_rank_location_change,4632,2685,2013-05-09
pettitt_rank_location_change,4633,2649,2013-04-03
pettitt_rank_location_change,4634,2039,2011-08-02
pettitt_rank_location_change,4635,2742,2013-07-05
pettitt_rank_location_change,4636,2684,2013-05-08
pettitt_rank_location_change,4637,2406,2012-08-03
pettitt_rank_location_change,4638,2399,2012-07-27
pettitt_rank_location_change,4639,2567,2013-01-11
pettitt_rank_location_change,4640,2493,2012-10-29
pettitt_rank_location_change,4641,2695,2013-05-19
pettitt_rank_location_change,4642,2381,2012-07-09
pettitt_rank_location_change,4643,2671,2013-04-25
pettitt_rank_location_change,4644,2406,2012-08-03
pettitt_rank_location_change,4645,2403,2012-07-31
pettitt_rank_location_change,4646,2837,2013-10-08
pettitt_rank_location_change,4647,2704,2013-05-28
pettitt_rank_location_change,4648,2702,2013-05-26
pettitt_rank_location_change,4649,2406,2012-08-03
pettitt_rank_location_change,4650,2691,2013-05-15
pettitt_rank_location_change,4651,2666,2013-04-20
pettitt_rank_location_change,4652,2702,2013-05-26
pettitt_rank_location_change,4653,2334,2012-05-23
pettitt_rank_location_change,4654,2828,2013-09-29
pettitt_rank_location_change,4655,2722,2013-06-15
pettitt_rank_location_change,4656,2682,2013-05-06
pettitt_rank_location_change,4657,2472,2012-10-08
pettitt_rank_location_change,4658,2494,2012-10-30
pettitt_rank_location_change,4659,2582,2013-01-26
pettitt_rank_location_change,4660,2702,2013-05-26
pettitt_rank_location_change,4661,2659,2013-04-13
pettitt_rank_location_change,4662,2783,2013-08-15
pettitt_rank_location_change,4663,2688,2013-05-12
pettitt_rank_location_change,4664,2636,2013-03-21
pettitt_rank_location_change,4665,2614,2013-02-27
pettitt_rank_location_change,4666,2880,2013-11-20
pettitt_rank_location_change,4667,2790,2013-08-22
pettitt_rank_location_change,4668,2701,2013-05-25
pettitt_rank_location_change,4669,1565,2010-04-15
pettitt_rank_location_change,4670,2712,2013-06-05
pettitt_rank_location_change,4671,2821,2013-09-22
pettitt_rank_location_change,4672,2616,2013-03-01
pettitt_rank_location_change,4673,2702,2013-05-26
pettitt_rank_location_change,4674,2787,2013-08-19
pettitt_rank_location_change,4675,2000,2011-06-24
pettitt_rank_location_change,4676,2522,2012-11-27
pettitt_rank_location_change,4677,2247,2012-02-26
pettitt_rank_location_change,4678,2612,2013-02-25
pettitt_rank_location_change,4679,2813,2013-09-14
pettitt_rank_location_change,4680,2523,2012-11-28
pettitt_rank_location_change,4681,2764,2013-07-27
pettitt_rank_location_change,4682,2701,2013-05-25
pettitt_rank_location_change,4683,2858,2013-10-29
pettitt_rank_location_change,4684,2738,2013-07-01
pettitt_rank_location_change,4685,2862,2013-11-02
pettitt_rank_location_change,4686,2555,2012-12-30
pettitt_rank_location_change,4687,2033,2011-07-27
pettitt_rank_location_change,4688,2476,2012-10-12
pettitt_rank_location_change,4689,2496,2012-11-01
pettitt_rank_location_change,4690,2586,2013-01-30
pettitt_rank_location_change,4691,2190,2011-12-31
pettitt_rank_location_change,4692,2822,2013-09-23
pettitt_rank_location_change,4693,2252,2012-03-02
pettitt_rank_location_change,4694,2799,2013-08-31
pettitt_rank_location_change,4695,2684,2013-05-08
pettitt_rank_location_change,4696,2573,2013-01-17
pettitt_rank_location_change,4697,2703,2013-05-27
pettitt_rank_location_change,4698,2663,2013-04-17
pettitt_rank_location_change,4699,2084,2011-09-16
pettitt_rank_location_change,4700,1295,2009-07-19
pettitt_rank_location_change,4701,2705,2013-05-29
pettitt_rank_location_change,4702,2845,2013-10-16
pettitt_rank_location_change,4703,2750,2013-07-13
pettitt_rank_location_change,4704,2451,2012-09-17
pettitt_rank_location_change,4705,2426,2012-08-23
pettitt_rank_location_change,4706,2629,2013-03-14
pettitt_rank_location_change,4707,2601,2013-02-14
pettitt_rank_location_change,4708,2702,2013-05-26
pettitt_rank_location_change,4709,2702,2013-05-26
pettitt_rank_location_change,4710,2190,2011-12-31
pettitt_rank_location_change,4711,2435,2012-09-01
pettitt_rank_location_change,4712,2662,2013-04-16
pettitt_rank_location_change,4713,2831,2013-10-02
pettitt_rank_location_change,4714,2682,2013-05-06
pettitt_rank_location_change,4715,2563,2013-01-07
pettitt_rank_location_change,4716,2703,2013-05-27
pettitt_rank_location_change,4717,2737,2013-06-30
pettitt_rank_location_change,4718,2615,2013-02-28
pettitt_rank_location_change,4719,2347,2012-06-05
pettitt_rank_location_change,4720,2370,2012-06-28
pettitt_rank_location_change,4721,1988,2011-06-12
pettitt_rank_location_change,4722,2754,2013-07-17
pettitt_rank_location_change,4723,2462,2012-09-28
pettitt_rank_location_change,4724,2589,2013-02-02
pettitt_rank_location_change,4725,2413,2012-08-10
pettitt_rank_location_change,4726,2331,2012-05-20
pettitt_rank_location_change,4727,2675,2013-04-29
pettitt_rank_location_change,4728,2871,2013-11-11
pettitt_rank_location_change,4729,2649,2013-04-03
pettitt_rank_location_change,4730,2205,2012-01-15
pettitt_rank_location_change,4731,2702,2013-05-26
pettitt_rank_location_change,4732,2694,2013-05-18
pettitt_rank_location_change,4733,2555,2012-12-30
pettitt_rank_location_change,4734,2702,2013-05-26
pettitt_rank_location_change,4735,2702,2013-05-26
pettitt_rank_location_change,4736,2722,2013-06-15
pettitt_rank_location_change,4737,2698,2013-05-22
pettitt_rank_location_change,4738,2765,2013-07-28
pettitt_rank_location_change,4739,2670,2013-04-24
pettitt_rank_location_change,4740,2863,2013-11-03
pettitt_rank_location_change,4741,2388,2012-07-16
pettitt_rank_location_change,4742,2775,2013-08-07
pettitt_rank_location_change,4743,2565,2013-01-09
pettitt_rank_location_change,4744,2363,2012-06-21
pettitt_rank_location_change,4745,2702,2013-05-26
pettitt_rank_location_change,4746,2702,2013-05-26
pettitt_rank_location_change,4747,2732,2013-06-25
pettitt_rank_location_change,4748,2702,2013-05-26
pettitt_rank_location_change,4749,2822,2013-09-23
pettitt_rank_location_change,4750,2553,2012-12-28
pettitt_rank_location_change,4751,2798,2013-08-30
pettitt_rank_location_change,4752,2480,2012-10-16
pettitt_rank_location_change,4753,2690,2013-05-14
pettitt_rank_location_change,4754,2442,2012-09-08
pettitt_rank_location_change,4755,2598,2013-02-11
pettitt_rank_location_change,4756,2644,2013-03-29
pettitt_rank_location_change,4757,2749,2013-07-12
pettitt_rank_location_change,4758,2773,2013-08-05
pettitt_rank_location_change,4759,2702,2013-05-26
pettitt_rank_location_change,4760,2373,2012-07-01
pettitt_rank_location_change,4761,2209,2012-01-19
pettitt_rank_location_change,4762,2451,2012-09-17
pettitt_rank_location_change,4763,2823,2013-09-24
pettitt_rank_location_change,4764,1520,2010-03-01
pettitt_rank_location_change,4765,2855,2013-10-26
pettitt_rank_location_change,4766,2751,2013-07-14
pettitt_rank_location_change,4767,2228,2012-02-07
pettitt_rank_location_change,4768,2106,2011-10-08
pettitt_rank_location_change,4769,2469,2012-10-05
pettitt_rank_location_change,4770,2190,2011-12-31
pettitt_rank_location_change,4771,2684,2013-05-08
pettitt_rank_location_change,4772,2828,2013-09-29
pettitt_rank_location_change,4773,2695,2013-05-19
pettitt_rank_location_change,4774,2668,2013-04-22
pettitt_rank_location_change,4775,2578,2013-01-22
pettitt_rank_location_change,4776,2348,2012-06-06
pettitt_rank_location_change,4777,2703,2013-05-27
pettitt_rank_location_change,4778,2777,2013-08-09
pettitt_rank_location_change,4779,2816,2013-09-17
pettitt_rank_location_change,4780,2510,2012-11-15
pettitt_rank_location_change,4781,2806,2013-09-07
pettitt_rank_location_change,4782,2676,2013-04-30
pettitt_rank_location_change,4783,1968,2011-05-23
pettitt_rank_location_change,4784,2691,2013-05-15
pettitt_rank_location_change,4785,2702,2013-05-26
pettitt_rank_location_change,4786,2588,2013-02-01
pettitt_rank_location_change,4787,2472,2012-10-08
pettitt_rank_location_change,4788,2596,2013-02-09
pettitt_rank_location_change,4789,2702,2013-05-26
pettitt_rank_location_change,4790,2702,2013-05-26
pettitt_rank_location_change,4791,2666,2013-04-20
pettitt_rank_location_change,4792,2597,2013-02-10
pettitt_rank_location_change,4793,2787,2013-08-19
pettitt_rank_location_change,4794,2762,2013-07-25
pettitt_rank_location_change,4795,2702,2013-05-26
pettitt_rank_location_change,4796,2262,2012-03-12
pettitt_rank_location_change,4797,2833,2013-10-04
pettitt_rank_location_change,4798,2368,2012-06-26
pettitt_rank_location_change,4799,2842,2013-10-13
pettitt_rank_location_change,4800,2770,2013-08-02
pettitt_rank_location_change,4801,2776,2013-08-08
pettitt_rank_location_change,4802,2834,2013-10-05
pettitt_rank_location_change,4803,2690,2013-05-14
pettitt_rank_location_change,4804,2190,2011-12-31
pettitt_rank_location_change,4805,1276,2009-06-30
pettitt_rank_location_change,4806,2294,2012-04-13
pettitt_rank_location_change,4807,2506,2012-11-11
pettitt_rank_location_change,4808,2650,2013-04-04
pettitt_rank_location_change,4809,2159,2011-11-30
pettitt_rank_location_change,4810,2246,2012-02-25
pettitt_rank_location_change,4811,2731,2013-06-24
pettitt_rank_location_change,4812,2675,2013-04-29
pettitt_rank_location_change,4813,2555,2012-12-30
pettitt_rank_location_change,4814,2702,2013-05-26
pettitt_rank_location_change,4815,2397,2012-07-25
pettitt_rank_location_change,4816,2316,2012-05-05
pettitt_rank_location_change,4817,2682,2013-05-06
pettitt_rank_location_change,4818,2704,2013-05-28
pettitt_rank_location_change,4819,2853,2013-10-24
pettitt_rank_location_change,4820,2599,2013-02-12
pettitt_rank_location_change,4821,2703,2013-05-27
pettitt_rank_location_change,4822,2680,2013-05-04
pettitt_rank_location_change,4823,2706,2013-05-30
pettitt_rank_location_change,4824,2699,2013-05-23
pettitt_rank_location_change,4825,2811,2013-09-12
pettitt_rank_location_change,4826,2687,2013-05-11
pettitt_rank_location_change,4827,2702,2013-05-26
pettitt_rank_location_change,4828,2667,2013-04-21
pettitt_rank_location_change,4829,2600,2013-02-13
pettitt_rank_location_change,4830,1178,2009-03-24
pettitt_rank_location_change,4831,2690,2013-05-14
pettitt_rank_location_change,4832,2762,2013-07-25
pettitt_rank_location_change,4833,2417,2012-08-14
pettitt_rank_location_change,4834,2891,2013-12-01
pettitt_rank_location_change,4835,2610,2013-02-23
pettitt_rank_location_change,4836,2702,2013-05-26
pettitt_rank_location_change,4837,2859,2013-10-30
pettitt_rank_location_change,4838,2641,2013-03-26
pettitt_rank_location_change,4839,2678,2013-05-02
pettitt_rank_location_change,4840,2589,2013-02-02
pettitt_rank_location_change,4841,2290,2012-04-09
pettitt_rank_location_change,4842,2327,2012-05-16
pettitt_rank_location_change,4843,2308,2012-04-27
pettitt_rank_location_change,4844,2622,2013-03-07
pettitt_rank_location_change,4845,2747,2013-07-10
pettitt_rank_location_change,4846,2681,2013-05-05
pettitt_rank_location_change,4847,2722,2013-06-15
pettitt_rank_location_change,4848,2574,2013-01-18
pettitt_rank_location_change,4849,2702,2013-05-26
pettitt_rank_location_change,4850,2862,2013-11-02
pettitt_rank_location_change,4851,2672,2013-04-26
pettitt_rank_location_change,4852,2811,2013-09-12
pettitt_rank_location_change,4853,2707,2013-05-31
pettitt_rank_location_change,4854,2702,2013-05-26
pettitt_rank_location_change,4855,2666,2013-04-20
pettitt_rank_location_change,4856,2756,2013-07-19
pettitt_rank_location_change,4857,2807,2013-09-08
pettitt_rank_location_change,4858,1826,2011-01-01
pettitt_rank_location_change,4859,2708,2013-06-01
pettitt_rank_location_change,4860,2629,2013-03-14
pettitt_rank_location_change,4861,2690,2013-05-14
pettitt_rank_location_change,4862,2702,2013-05-26
pettitt_rank_location_change,4863,2812,2013-09-13
pettitt_rank_location_change,4864,2652,2013-04-06
pettitt_rank_location_change,4865,2702,2013-05-26
pettitt_rank_location_change,4866,2310,2012-04-29
pettitt_rank_location_change,4867,2682,2013-05-06
pettitt_rank_location_change,4868,2702,2013-05-26
pettitt_rank_location_change,4869,2707,2013-05-31
pettitt_rank_location_change,4870,2471,2012-10-07
pettitt_rank_location_change,4871,2702,2013-05-26
pettitt_rank_location_change,4872,2702,2013-05-26
pettitt_rank_location_change,4873,2702,2013-05-26
pettitt_rank_location_change,4874,2372,2012-06-30
pettitt_rank_location_change,4875,2431,2012-08-28
pettitt_rank_location_change,4876,2446,2012-09-12
pettitt_rank_location_change,4877,2793,2013-08-25
pettitt_rank_location_change,4878,2702,2013-05-26
pettitt_rank_location_change,4879,2572,2013-01-16
pettitt_rank_location_change,4880,2673,2013-04-27
pettitt_rank_location_change,4881,2581,2013-01-25
pettitt_rank_location_change,4882,2648,2013-04-02
pettitt_rank_location_change,4883,2501,2012-11-06
pettitt_rank_location_change,4884,2749,2013-07-12
pettitt_rank_location_change,4885,2345,2012-06-03
pettitt_rank_location_change,4886,2702,2013-05-26
pettitt_rank_location_change,4887,2702,2013-05-26
pettitt_rank_location_change,4888,2612,2013-02-25
pettitt_rank_location_change,4889,2702,2013-05-26
pettitt_rank_location_change,4890,2511,2012-11-16
pettitt_rank_location_change,4891,2702,2013-05-26
pettitt_rank_location_change,4892,2758,2013-07-21
pettitt_rank_location_change,4893,2299,2012-04-18
pettitt_rank_location_change,4894,2289,2012-04-08
pettitt_rank_location_change,4895,2634,2013-03-19
pettitt_rank_location_change,4896,2721,2013-06-14
pettitt_rank_location_change,4897,2702,2013-05-26
pettitt_rank_location_change,4898,2702,2013-05-26
pettitt_rank_location_change,4899,2420,2012-08-17
pettitt_rank_location_change,4900,2702,2013-05-26
pettitt_rank_location_change,4901,2347,2012-06-05
pettitt_rank_location_change,4902,2043,2011-08-06
pettitt_rank_location_change,4903,2704,2013-05-28
pettitt_rank_location_change,4904,2702,2013-05-26
pettitt_rank_location_change,4905,2466,2012-10-02
pettitt_rank_location_change,4906,2691,2013-05-15
pettitt_rank_location_change,4907,2768,2013-07-31
pettitt_rank_location_change,4908,2196,2012-01-06
pettitt_rank_location_change,4909,2702,2013-05-26
pettitt_rank_location_change,4910,2461,2012-09-27
pettitt_rank_location_change,4911,2493,2012-10-29
pettitt_rank_location_change,4912,2799,2013-08-31
pettitt_rank_location_change,4913,2653,2013-04-07
pettitt_rank_location_change,4914,2852,2013-10-23
pettitt_rank_location_change,4915,2702,2013-05-26
pettitt_rank_location_change,4916,2848,2013-10-19
pettitt_rank_location_change,4917,2702,2013-05-26
pettitt_rank_location_change,4918,2734,2013-06-27
pettitt_rank_location_change,4919,2378,2012-07-06
pettitt_rank_location_change,4920,2284,2012-04-03
pettitt_rank_location_change,4921,2700,2013-05-24
pettitt_rank_location_change,4922,2658,2013-04-12
pettitt_rank_location_change,4923,2401,2012-07-29
pettitt_rank_location_change,4924,2840,2013-10-11
pettitt_rank_location_change,4925,2372,2012-06-30
pettitt_rank_location_change,4926,2662,2013-04-16
pettitt_rank_location_change,4927,1923,2011-04-08
pettitt_rank_location_change,4928,2005,2011-06-29
pettitt_rank_location_change,4929,2739,2013-07-02
pettitt_rank_location_change,4930,2812,2013-09-13
pettitt_rank_location_change,4931,1818,2010-12-24
pettitt_rank_location_change,4932,2292,2012-04-11
pettitt_rank_location_change,4933,2478,2012-10-14
pettitt_rank_location_change,4934,2468,2012-10-04
pettitt_rank_location_change,4935,2756,2013-07-19
pettitt_rank_location_change,4936,2811,2013-09-12
pettitt_rank_location_change,4937,2243,2012-02-22
pettitt_rank_location_change,4938,2650,2013-04-04
pettitt_rank_location_change,4939,2445,2012-09-11
pettitt_rank_location_change,4940,2042,2011-08-05
pettitt_rank_location_change,4941,2811,2013-09-12
pettitt_rank_location_change,4942,2702,2013-05-26
pettitt_rank_location_change,4943,2697,2013-05-21
pettitt_rank_location_change,4944,2684,2013-05-08
pettitt_rank_location_change,4945,2855,2013-10-26
pettitt_rank_location_change,4946,2663,2013-04-17
pettitt_rank_location_change,4947,2702,2013-05-26
pettitt_rank_location_change,4948,2231,2012-02-10
pettitt_rank_location_change,4949,2712,2013-06-05
pettitt_rank_location_change,4950,2702,2013-05-26
pettitt_rank_location_change,4951,2627,2013-03-12
pettitt_rank_location_change,4952,2673,2013-04-27
pettitt_rank_location_change,4953,2362,2012-06-20
pettitt_rank_location_change,4954,2692,2013-05-16
pettitt_rank_location_change,4955,2661,2013-04-15
pettitt_rank_location_change,4956,2646,2013-03-31
pettitt_rank_location_change,4957,2592,2013-02-05
pettitt_rank_location_change,4958,2702,2013-05-26
pettitt_rank_location_change,4959,2701,2013-05-25
pettitt_rank_location_change,4960,2855,2013-10-26
pettitt_rank_location_change,4961,2710,2013-06-03
pettitt_rank_location_change,4962,2686,2013-05-10
pettitt_rank_location_change,4963,2667,2013-04-21
pettitt_rank_location_change,4964,2367,2012-06-25
pettitt_rank_location_change,4965,2594,2013-02-07
pettitt_rank_location_change,4966,2761,2013-07-24
pettitt_rank_location_change,4967,2669,2013-04-23
pettitt_rank_location_change,4968,2702,2013-05-26
pettitt_rank_location_change,4969,2661,2013-04-15
pettitt_rank_location_change,4970,2669,2013-04-23
pettitt_rank_location_change,4971,2006,2011-06-30
pettitt_rank_location_change,4972,2503,2012-11-08
pettitt_rank_location_change,4973,2825,2013-09-26
pettitt_rank_location_change,4974,2377,2012-07-05
pettitt_rank_location_change,4975,2674,2013-04-28
pettitt_rank_location_change,4976,2517,2012-11-22
pettitt_rank_location_change,4977,2788,2013-08-20
pettitt_rank_location_change,4978,2724,2013-06-17
pettitt_rank_location_change,4979,2688,2013-05-12
pettitt_rank_location_change,4980,2702,2013-05-26
pettitt_rank_location_change,4981,2823,2013-09-24
pettitt_rank_location_change,4982,2664,2013-04-18
pettitt_rank_location_change,4983,2603,2013-02-16
pettitt_rank_location_change,4984,2575,2013-01-19
pettitt_rank_location_change,4985,2753,2013-07-16
pettitt_rank_location_change,4986,2702,2013-05-26
pettitt_rank_location_change,4987,2702,2013-05-26
pettitt_rank_location_change,4988,2702,2013-05-26
pettitt_rank_location_change,4989,2824,2013-09-25
pettitt_rank_location_change,4990,2533,2012-12-08
pettitt_rank_location_change,4991,2623,2013-03-08
pettitt_rank_location_change,4992,2835,2013-10-06
pettitt_rank_location_change,4993,2847,2013-10-18
pettitt_rank_location_change,4994,2702,2013-05-26
pettitt_rank_location_change,4995,2702,2013-05-26
pettitt_rank_location_change,4996,2385,2012-07-13
pettitt_rank_location_change,4997,2702,2013-05-26
pettitt_rank_location_change,4998,2702,2013-05-26
pettitt_rank_location_change,4999,2070,2011-09-02
pettitt_rank_location_change,5000,2658,2013-04-12
single_binary_segmentation_least_squares,1,3252,2014-11-27
single_binary_segmentation_least_squares,2,3256,2014-12-01
single_binary_segmentation_least_squares,3,3287,2015-01-01
single_binary_segmentation_least_squares,4,3217,2014-10-23
single_binary_segmentation_least_squares,5,3212,2014-10-18
single_binary_segmentation_least_squares,6,3204,2014-10-10
single_binary_segmentation_least_squares,7,3287,2015-01-01
single_binary_segmentation_least_squares,8,3214,2014-10-20
single_binary_segmentation_least_squares,9,3212,2014-10-18
single_binary_segmentation_least_squares,10,3212,2014-10-18
single_binary_segmentation_least_squares,11,3287,2015-01-01
single_binary_segmentation_least_squares,12,3287,2015-01-01
single_binary_segmentation_least_squares,13,3287,2015-01-01
single_binary_segmentation_least_squares,14,3212,2014-10-18
single_binary_segmentation_least_squares,15,3233,2014-11-08
single_binary_segmentation_least_squares,16,3181,2014-09-17
single_binary_segmentation_least_squares,17,3066,2014-05-25
single_binary_segmentation_least_squares,18,3216,2014-10-22
single_binary_segmentation_least_squares,19,3258,2014-12-03
single_binary_segmentation_least_squares,20,3212,2014-10-18
single_binary_segmentation_least_squares,21,3184,2014-09-20
single_binary_segmentation_least_squares,22,3144,2014-08-11
single_binary_segmentation_least_squares,23,3212,2014-10-18
single_binary_segmentation_least_squares,24,3212,2014-10-18
single_binary_segmentation_least_squares,25,3212,2014-10-18
single_binary_segmentation_least_squares,26,3252,2014-11-27
single_binary_segmentation_least_squares,27,3212,2014-10-18
single_binary_segmentation_least_squares,28,3287,2015-01-01
single_binary_segmentation_least_squares,29,3256,2014-12-01
single_binary_segmentation_least_squares,30,3212,2014-10-18
single_binary_segmentation_least_squares,31,3212,2014-10-18
single_binary_segmentation_least_squares,32,3242,2014-11-17
single_binary_segmentation_least_squares,33,3243,2014-11-18
single_binary_segmentation_least_squares,34,3283,2014-12-28
single_binary_segmentation_least_squares,35,3287,2015-01-01
single_binary_segmentation_least_squares,36,3213,2014-10-19
single_binary_segmentation_least_squares,37,3212,2014-10-18
single_binary_segmentation_least_squares,38,3212,2014-10-18
single_binary_segmentation_least_squares,39,3212,2014-10-18
single_binary_segmentation_least_squares,40,3212,2014-10-18
single_binary_segmentation_least_squares,41,3187,2014-09-23
single_binary_segmentation_least_squares,42,3150,2014-08-17
single_binary_segmentation_least_squares,43,3228,2014-11-03
single_binary_segmentation_least_squares,44,3241,2014-11-16
single_binary_segmentation_least_squares,45,3126,2014-07-24
single_binary_segmentation_least_squares,46,3212,2014-10-18
single_binary_segmentation_least_squares,47,3212,2014-10-18
single_binary_segmentation_least_squares,48,3244,2014-11-19
single_binary_segmentation_least_squares,49,3212,2014-10-18
single_binary_segmentation_least_squares,50,3217,2014-10-23
single_binary_segmentation_least_squares,51,3212,2014-10-18
single_binary_segmentation_least_squares,52,3212,2014-10-18
single_binary_segmentation_least_squares,53,3287,2015-01-01
single_binary_segmentation_least_squares,54,3212,2014-10-18
single_binary_segmentation_least_squares,55,3287,2015-01-01
single_binary_segmentation_least_squares,56,3287,2015-01-01
single_binary_segmentation_least_squares,57,3212,2014-10-18
single_binary_segmentation_least_squares,58,3212,2014-10-18
single_binary_segmentation_least_squares,59,3161,2014-08-28
single_binary_segmentation_least_squares,60,3207,2014-10-13
single_binary_segmentation_least_squares,61,3209,2014-10-15
single_binary_segmentation_least_squares,62,3189,2014-09-25
single_binary_segmentation_least_squares,63,3212,2014-10-18
single_binary_segmentation_least_squares,64,3218,2014-10-24
single_binary_segmentation_least_squares,65,3287,2015-01-01
single_binary_segmentation_least_squares,66,3146,2014-08-13
single_binary_segmentation_least_squares,67,3287,2015-01-01
single_binary_segmentation_least_squares,68,3212,2014-10-18
single_binary_segmentation_least_squares,69,3282,2014-12-27
single_binary_segmentation_least_squares,70,3207,2014-10-13
single_binary_segmentation_least_squares,71,3257,2014-12-02
single_binary_segmentation_least_squares,72,3237,2014-11-12
single_binary_segmentation_least_squares,73,3287,2015-01-01
single_binary_segmentation_least_squares,74,3212,2014-10-18
single_binary_segmentation_least_squares,75,3235,2014-11-10
single_binary_segmentation_least_squares,76,3287,2015-01-01
single_binary_segmentation_least_squares,77,3212,2014-10-18
single_binary_segmentation_least_squares,78,3200,2014-10-06
single_binary_segmentation_least_squares,79,2982,2014-03-02
single_binary_segmentation_least_squares,80,3287,2015-01-01
single_binary_segmentation_least_squares,81,3287,2015-01-01
single_binary_segmentation_least_squares,82,3212,2014-10-18
single_binary_segmentation_least_squares,83,3247,2014-11-22
single_binary_segmentation_least_squares,84,3195,2014-10-01
single_binary_segmentation_least_squares,85,3153,2014-08-20
single_binary_segmentation_least_squares,86,3148,2014-08-15
single_binary_segmentation_least_squares,87,3123,2014-07-21
single_binary_segmentation_least_squares,88,3285,2014-12-30
single_binary_segmentation_least_squares,89,3212,2014-10-18
single_binary_segmentation_least_squares,90,3238,2014-11-13
single_binary_segmentation_least_squares,91,3212,2014-10-18
single_binary_segmentation_least_squares,92,3212,2014-10-18
single_binary_segmentation_least_squares,93,3264,2014-12-09
single_binary_segmentation_least_squares,94,3034,2014-04-23
single_binary_segmentation_least_squares,95,3212,2014-10-18
single_binary_segmentation_least_squares,96,3212,2014-10-18
single_binary_segmentation_least_squares,97,3212,2014-10-18
single_binary_segmentation_least_squares,98,3287,2015-01-01
single_binary_segmentation_least_squares,99,3216,2014-10-22
single_binary_segmentation_least_squares,100,3212,2014-10-18
single_binary_segmentation_least_squares,101,3287,2015-01-01
single_binary_segmentation_least_squares,102,3146,2014-08-13
single_binary_segmentation_least_squares,103,3265,2014-12-10
single_binary_segmentation_least_squares,104,3253,2014-11-28
single_binary_segmentation_least_squares,105,3287,2015-01-01
single_binary_segmentation_least_squares,106,3252,2014-11-27
single_binary_segmentation_least_squares,107,3212,2014-10-18
single_binary_segmentation_least_squares,108,3239,2014-11-14
single_binary_segmentation_least_squares,109,3212,2014-10-18
single_binary_segmentation_least_squares,110,3225,2014-10-31
single_binary_segmentation_least_squares,111,3212,2014-10-18
single_binary_segmentation_least_squares,112,3212,2014-10-18
single_binary_segmentation_least_squares,113,3221,2014-10-27
single_binary_segmentation_least_squares,114,3125,2014-07-23
single_binary_segmentation_least_squares,115,3212,2014-10-18
single_binary_segmentation_least_squares,116,3212,2014-10-18
single_binary_segmentation_least_squares,117,3200,2014-10-06
single_binary_segmentation_least_squares,118,3244,2014-11-19
single_binary_segmentation_least_squares,119,3212,2014-10-18
single_binary_segmentation_least_squares,120,3212,2014-10-18
single_binary_segmentation_least_squares,121,3203,2014-10-09
single_binary_segmentation_least_squares,122,3212,2014-10-18
single_binary_segmentation_least_squares,123,3212,2014-10-18
single_binary_segmentation_least_squares,124,3228,2014-11-03
single_binary_segmentation_least_squares,125,3287,2015-01-01
single_binary_segmentation_least_squares,126,3184,2014-09-20
single_binary_segmentation_least_squares,127,3260,2014-12-05
single_binary_segmentation_least_squares,128,3287,2015-01-01
single_binary_segmentation_least_squares,129,3287,2015-01-01
single_binary_segmentation_least_squares,130,3228,2014-11-03
single_binary_segmentation_least_squares,131,3287,2015-01-01
single_binary_segmentation_least_squares,132,3161,2014-08-28
single_binary_segmentation_least_squares,133,3212,2014-10-18
single_binary_segmentation_least_squares,134,3238,2014-11-13
single_binary_segmentation_least_squares,135,3212,2014-10-18
single_binary_segmentation_least_squares,136,3212,2014-10-18
single_binary_segmentation_least_squares,137,3212,2014-10-18
single_binary_segmentation_least_squares,138,3287,2015-01-01
single_binary_segmentation_least_squares,139,3280,2014-12-25
single_binary_segmentation_least_squares,140,3212,2014-10-18
single_binary_segmentation_least_squares,141,3287,2015-01-01
single_binary_segmentation_least_squares,142,3212,2014-10-18
single_binary_segmentation_least_squares,143,3284,2014-12-29
single_binary_segmentation_least_squares,144,3182,2014-09-18
single_binary_segmentation_least_squares,145,3287,2015-01-01
single_binary_segmentation_least_squares,146,3212,2014-10-18
single_binary_segmentation_least_squares,147,3212,2014-10-18
single_binary_segmentation_least_squares,148,3287,2015-01-01
single_binary_segmentation_least_squares,149,3227,2014-11-02
single_binary_segmentation_least_squares,150,3287,2015-01-01
single_binary_segmentation_least_squares,151,3212,2014-10-18
single_binary_segmentation_least_squares,152,3212,2014-10-18
single_binary_segmentation_least_squares,153,3287,2015-01-01
single_binary_segmentation_least_squares,154,3212,2014-10-18
single_binary_segmentation_least_squares,155,3045,2014-05-04
single_binary_segmentation_least_squares,156,2912,2013-12-22
single_binary_segmentation_least_squares,157,3212,2014-10-18
single_binary_segmentation_least_squares,158,3287,2015-01-01
single_binary_segmentation_least_squares,159,3212,2014-10-18
single_binary_segmentation_least_squares,160,3234,2014-11-09
single_binary_segmentation_least_squares,161,3212,2014-10-18
single_binary_segmentation_least_squares,162,3280,2014-12-25
single_binary_segmentation_least_squares,163,3212,2014-10-18
single_binary_segmentation_least_squares,164,3287,2015-01-01
single_binary_segmentation_least_squares,165,3212,2014-10-18
single_binary_segmentation_least_squares,166,3212,2014-10-18
single_binary_segmentation_least_squares,167,3212,2014-10-18
single_binary_segmentation_least_squares,168,3212,2014-10-18
single_binary_segmentation_least_squares,169,3287,2015-01-01
single_binary_segmentation_least_squares,170,3287,2015-01-01
single_binary_segmentation_least_squares,171,3287,2015-01-01
single_binary_segmentation_least_squares,172,3287,2015-01-01
single_binary_segmentation_least_squares,173,3212,2014-10-18
single_binary_segmentation_least_squares,174,3225,2014-10-31
single_binary_segmentation_least_squares,175,3287,2015-01-01
single_binary_segmentation_least_squares,176,3169,2014-09-05
single_binary_segmentation_least_squares,177,3247,2014-11-22
single_binary_segmentation_least_squares,178,3287,2015-01-01
single_binary_segmentation_least_squares,179,3287,2015-01-01
single_binary_segmentation_least_squares,180,3287,2015-01-01
single_binary_segmentation_least_squares,181,3212,2014-10-18
single_binary_segmentation_least_squares,182,3212,2014-10-18
single_binary_segmentation_least_squares,183,3287,2015-01-01
single_binary_segmentation_least_squares,184,3205,2014-10-11
single_binary_segmentation_least_squares,185,3212,2014-10-18
single_binary_segmentation_least_squares,186,3035,2014-04-24
single_binary_segmentation_least_squares,187,3212,2014-10-18
single_binary_segmentation_least_squares,188,3212,2014-10-18
single_binary_segmentation_least_squares,189,3212,2014-10-18
single_binary_segmentation_least_squares,190,3262,2014-12-07
single_binary_segmentation_least_squares,191,3286,2014-12-31
single_binary_segmentation_least_squares,192,3042,2014-05-01
single_binary_segmentation_least_squares,193,3212,2014-10-18
single_binary_segmentation_least_squares,194,3241,2014-11-16
single_binary_segmentation_least_squares,195,3212,2014-10-18
single_binary_segmentation_least_squares,196,3212,2014-10-18
single_binary_segmentation_least_squares,197,3218,2014-10-24
single_binary_segmentation_least_squares,198,3273,2014-12-18
single_binary_segmentation_least_squares,199,3263,2014-12-08
single_binary_segmentation_least_squares,200,3212,2014-10-18
single_binary_segmentation_least_squares,201,3230,2014-11-05
single_binary_segmentation_least_squares,202,3122,2014-07-20
single_binary_segmentation_least_squares,203,3287,2015-01-01
single_binary_segmentation_least_squares,204,3212,2014-10-18
single_binary_segmentation_least_squares,205,3212,2014-10-18
single_binary_segmentation_least_squares,206,3256,2014-12-01
single_binary_segmentation_least_squares,207,3260,2014-12-05
single_binary_segmentation_least_squares,208,3223,2014-10-29
single_binary_segmentation_least_squares,209,3212,2014-10-18
single_binary_segmentation_least_squares,210,3059,2014-05-18
single_binary_segmentation_least_squares,211,3222,2014-10-28
single_binary_segmentation_least_squares,212,3212,2014-10-18
single_binary_segmentation_least_squares,213,3212,2014-10-18
single_binary_segmentation_least_squares,214,3207,2014-10-13
single_binary_segmentation_least_squares,215,3177,2014-09-13
single_binary_segmentation_least_squares,216,3228,2014-11-03
single_binary_segmentation_least_squares,217,3287,2015-01-01
single_binary_segmentation_least_squares,218,3287,2015-01-01
single_binary_segmentation_least_squares,219,3276,2014-12-21
single_binary_segmentation_least_squares,220,3227,2014-11-02
single_binary_segmentation_least_squares,221,3287,2015-01-01
single_binary_segmentation_least_squares,222,3232,2014-11-07
single_binary_segmentation_least_squares,223,3212,2014-10-18
single_binary_segmentation_least_squares,224,3131,2014-07-29
single_binary_segmentation_least_squares,225,3286,2014-12-31
single_binary_segmentation_least_squares,226,3160,2014-08-27
single_binary_segmentation_least_squares,227,3254,2014-11-29
single_binary_segmentation_least_squares,228,3212,2014-10-18
single_binary_segmentation_least_squares,229,2981,2014-03-01
single_binary_segmentation_least_squares,230,3212,2014-10-18
single_binary_segmentation_least_squares,231,3287,2015-01-01
single_binary_segmentation_least_squares,232,3287,2015-01-01
single_binary_segmentation_least_squares,233,3212,2014-10-18
single_binary_segmentation_least_squares,234,3206,2014-10-12
single_binary_segmentation_least_squares,235,3212,2014-10-18
single_binary_segmentation_least_squares,236,3212,2014-10-18
single_binary_segmentation_least_squares,237,3256,2014-12-01
single_binary_segmentation_least_squares,238,3191,2014-09-27
single_binary_segmentation_least_squares,239,3212,2014-10-18
single_binary_segmentation_least_squares,240,3212,2014-10-18
single_binary_segmentation_least_squares,241,3287,2015-01-01
single_binary_segmentation_least_squares,242,3212,2014-10-18
single_binary_segmentation_least_squares,243,3287,2015-01-01
single_binary_segmentation_least_squares,244,3287,2015-01-01
single_binary_segmentation_least_squares,245,3224,2014-10-30
single_binary_segmentation_least_squares,246,3212,2014-10-18
single_binary_segmentation_least_squares,247,3212,2014-10-18
single_binary_segmentation_least_squares,248,3212,2014-10-18
single_binary_segmentation_least_squares,249,3287,2015-01-01
single_binary_segmentation_least_squares,250,3274,2014-12-19
single_binary_segmentation_least_squares,251,3234,2014-11-09
single_binary_segmentation_least_squares,252,3227,2014-11-02
single_binary_segmentation_least_squares,253,3216,2014-10-22
single_binary_segmentation_least_squares,254,3212,2014-10-18
single_binary_segmentation_least_squares,255,3212,2014-10-18
single_binary_segmentation_least_squares,256,3212,2014-10-18
single_binary_segmentation_least_squares,257,3137,2014-08-04
single_binary_segmentation_least_squares,258,3212,2014-10-18
single_binary_segmentation_least_squares,259,3212,2014-10-18
single_binary_segmentation_least_squares,260,3212,2014-10-18
single_binary_segmentation_least_squares,261,3287,2015-01-01
single_binary_segmentation_least_squares,262,3237,2014-11-12
single_binary_segmentation_least_squares,263,3287,2015-01-01
single_binary_segmentation_least_squares,264,3212,2014-10-18
single_binary_segmentation_least_squares,265,3287,2015-01-01
single_binary_segmentation_least_squares,266,3287,2015-01-01
single_binary_segmentation_least_squares,267,3287,2015-01-01
single_binary_segmentation_least_squares,268,3212,2014-10-18
single_binary_segmentation_least_squares,269,3209,2014-10-15
single_binary_segmentation_least_squares,270,3212,2014-10-18
single_binary_segmentation_least_squares,271,3212,2014-10-18
single_binary_segmentation_least_squares,272,3212,2014-10-18
single_binary_segmentation_least_squares,273,3255,2014-11-30
single_binary_segmentation_least_squares,274,3287,2015-01-01
single_binary_segmentation_least_squares,275,3212,2014-10-18
single_binary_segmentation_least_squares,276,3212,2014-10-18
single_binary_segmentation_least_squares,277,3174,2014-09-10
single_binary_segmentation_least_squares,278,3201,2014-10-07
single_binary_segmentation_least_squares,279,3212,2014-10-18
single_binary_segmentation_least_squares,280,3212,2014-10-18
single_binary_segmentation_least_squares,281,3287,2015-01-01
single_binary_segmentation_least_squares,282,3208,2014-10-14
single_binary_segmentation_least_squares,283,3287,2015-01-01
single_binary_segmentation_least_squares,284,3212,2014-10-18
single_binary_segmentation_least_squares,285,3287,2015-01-01
single_binary_segmentation_least_squares,286,3212,2014-10-18
single_binary_segmentation_least_squares,287,3212,2014-10-18
single_binary_segmentation_least_squares,288,3226,2014-11-01
single_binary_segmentation_least_squares,289,3212,2014-10-18
single_binary_segmentation_least_squares,290,3212,2014-10-18
single_binary_segmentation_least_squares,291,3242,2014-11-17
single_binary_segmentation_least_squares,292,3287,2015-01-01
single_binary_segmentation_least_squares,293,3235,2014-11-10
single_binary_segmentation_least_squares,294,3282,2014-12-27
single_binary_segmentation_least_squares,295,3212,2014-10-18
single_binary_segmentation_least_squares,296,3287,2015-01-01
single_binary_segmentation_least_squares,297,3264,2014-12-09
single_binary_segmentation_least_squares,298,3244,2014-11-19
single_binary_segmentation_least_squares,299,3275,2014-12-20
single_binary_segmentation_least_squares,300,3212,2014-10-18
single_binary_segmentation_least_squares,301,3212,2014-10-18
single_binary_segmentation_least_squares,302,3212,2014-10-18
single_binary_segmentation_least_squares,303,3283,2014-12-28
single_binary_segmentation_least_squares,304,3212,2014-10-18
single_binary_segmentation_least_squares,305,3287,2015-01-01
single_binary_segmentation_least_squares,306,3212,2014-10-18
single_binary_segmentation_least_squares,307,3212,2014-10-18
single_binary_segmentation_least_squares,308,3212,2014-10-18
single_binary_segmentation_least_squares,309,3287,2015-01-01
single_binary_segmentation_least_squares,310,3216,2014-10-22
single_binary_segmentation_least_squares,311,3212,2014-10-18
single_binary_segmentation_least_squares,312,3253,2014-11-28
single_binary_segmentation_least_squares,313,3287,2015-01-01
single_binary_segmentation_least_squares,314,3210,2014-10-16
single_binary_segmentation_least_squares,315,3287,2015-01-01
single_binary_segmentation_least_squares,316,3212,2014-10-18
single_binary_segmentation_least_squares,317,3225,2014-10-31
single_binary_segmentation_least_squares,318,3143,2014-08-10
single_binary_segmentation_least_squares,319,3212,2014-10-18
single_binary_segmentation_least_squares,320,3287,2015-01-01
single_binary_segmentation_least_squares,321,3212,2014-10-18
single_binary_segmentation_least_squares,322,3287,2015-01-01
single_binary_segmentation_least_squares,323,3212,2014-10-18
single_binary_segmentation_least_squares,324,3265,2014-12-10
single_binary_segmentation_least_squares,325,3212,2014-10-18
single_binary_segmentation_least_squares,326,3211,2014-10-17
single_binary_segmentation_least_squares,327,2465,2012-10-01
single_binary_segmentation_least_squares,328,3212,2014-10-18
single_binary_segmentation_least_squares,329,3189,2014-09-25
single_binary_segmentation_least_squares,330,3212,2014-10-18
single_binary_segmentation_least_squares,331,3287,2015-01-01
single_binary_segmentation_least_squares,332,3248,2014-11-23
single_binary_segmentation_least_squares,333,3212,2014-10-18
single_binary_segmentation_least_squares,334,3212,2014-10-18
single_binary_segmentation_least_squares,335,3212,2014-10-18
single_binary_segmentation_least_squares,336,3287,2015-01-01
single_binary_segmentation_least_squares,337,3182,2014-09-18
single_binary_segmentation_least_squares,338,3277,2014-12-22
single_binary_segmentation_least_squares,339,3250,2014-11-25
single_binary_segmentation_least_squares,340,3287,2015-01-01
single_binary_segmentation_least_squares,341,3241,2014-11-16
single_binary_segmentation_least_squares,342,3212,2014-10-18
single_binary_segmentation_least_squares,343,3212,2014-10-18
single_binary_segmentation_least_squares,344,3212,2014-10-18
single_binary_segmentation_least_squares,345,3211,2014-10-17
single_binary_segmentation_least_squares,346,3279,2014-12-24
single_binary_segmentation_least_squares,347,3013,2014-04-02
single_binary_segmentation_least_squares,348,3257,2014-12-02
single_binary_segmentation_least_squares,349,3212,2014-10-18
single_binary_segmentation_least_squares,350,3264,2014-12-09
single_binary_segmentation_least_squares,351,3287,2015-01-01
single_binary_segmentation_least_squares,352,3287,2015-01-01
single_binary_segmentation_least_squares,353,3287,2015-01-01
single_binary_segmentation_least_squares,354,3153,2014-08-20
single_binary_segmentation_least_squares,355,3212,2014-10-18
single_binary_segmentation_least_squares,356,3287,2015-01-01
single_binary_segmentation_least_squares,357,3212,2014-10-18
single_binary_segmentation_least_squares,358,3287,2015-01-01
single_binary_segmentation_least_squares,359,3230,2014-11-05
single_binary_segmentation_least_squares,360,3271,2014-12-16
single_binary_segmentation_least_squares,361,3212,2014-10-18
single_binary_segmentation_least_squares,362,3212,2014-10-18
single_binary_segmentation_least_squares,363,3212,2014-10-18
single_binary_segmentation_least_squares,364,3287,2015-01-01
single_binary_segmentation_least_squares,365,3277,2014-12-22
single_binary_segmentation_least_squares,366,3212,2014-10-18
single_binary_segmentation_least_squares,367,3212,2014-10-18
single_binary_segmentation_least_squares,368,3249,2014-11-24
single_binary_segmentation_least_squares,369,3212,2014-10-18
single_binary_segmentation_least_squares,370,3287,2015-01-01
single_binary_segmentation_least_squares,371,3212,2014-10-18
single_binary_segmentation_least_squares,372,3019,2014-04-08
single_binary_segmentation_least_squares,373,3212,2014-10-18
single_binary_segmentation_least_squares,374,3287,2015-01-01
single_binary_segmentation_least_squares,375,3223,2014-10-29
single_binary_segmentation_least_squares,376,3212,2014-10-18
single_binary_segmentation_least_squares,377,3287,2015-01-01
single_binary_segmentation_least_squares,378,3287,2015-01-01
single_binary_segmentation_least_squares,379,3243,2014-11-18
single_binary_segmentation_least_squares,380,3212,2014-10-18
single_binary_segmentation_least_squares,381,3237,2014-11-12
single_binary_segmentation_least_squares,382,3212,2014-10-18
single_binary_segmentation_least_squares,383,3212,2014-10-18
single_binary_segmentation_least_squares,384,3262,2014-12-07
single_binary_segmentation_least_squares,385,3212,2014-10-18
single_binary_segmentation_least_squares,386,3275,2014-12-20
single_binary_segmentation_least_squares,387,3226,2014-11-01
single_binary_segmentation_least_squares,388,3287,2015-01-01
single_binary_segmentation_least_squares,389,3212,2014-10-18
single_binary_segmentation_least_squares,390,3217,2014-10-23
single_binary_segmentation_least_squares,391,3287,2015-01-01
single_binary_segmentation_least_squares,392,3212,2014-10-18
single_binary_segmentation_least_squares,393,3212,2014-10-18
single_binary_segmentation_least_squares,394,3251,2014-11-26
single_binary_segmentation_least_squares,395,3287,2015-01-01
single_binary_segmentation_least_squares,396,3287,2015-01-01
single_binary_segmentation_least_squares,397,3212,2014-10-18
single_binary_segmentation_least_squares,398,1187,2009-04-02
single_binary_segmentation_least_squares,399,3287,2015-01-01
single_binary_segmentation_least_squares,400,3212,2014-10-18
single_binary_segmentation_least_squares,401,3212,2014-10-18
single_binary_segmentation_least_squares,402,3212,2014-10-18
single_binary_segmentation_least_squares,403,3285,2014-12-30
single_binary_segmentation_least_squares,404,3287,2015-01-01
single_binary_segmentation_least_squares,405,3212,2014-10-18
single_binary_segmentation_least_squares,406,3287,2015-01-01
single_binary_segmentation_least_squares,407,3244,2014-11-19
single_binary_segmentation_least_squares,408,3287,2015-01-01
single_binary_segmentation_least_squares,409,3259,2014-12-04
single_binary_segmentation_least_squares,410,3287,2015-01-01
single_binary_segmentation_least_squares,411,3123,2014-07-21
single_binary_segmentation_least_squares,412,3212,2014-10-18
single_binary_segmentation_least_squares,413,3212,2014-10-18
single_binary_segmentation_least_squares,414,3212,2014-10-18
single_binary_segmentation_least_squares,415,3212,2014-10-18
single_binary_segmentation_least_squares,416,3287,2015-01-01
single_binary_segmentation_least_squares,417,3287,2015-01-01
single_binary_segmentation_least_squares,418,3210,2014-10-16
single_binary_segmentation_least_squares,419,3216,2014-10-22
single_binary_segmentation_least_squares,420,3245,2014-11-20
single_binary_segmentation_least_squares,421,3212,2014-10-18
single_binary_segmentation_least_squares,422,3287,2015-01-01
single_binary_segmentation_least_squares,423,3212,2014-10-18
single_binary_segmentation_least_squares,424,3287,2015-01-01
single_binary_segmentation_least_squares,425,3212,2014-10-18
single_binary_segmentation_least_squares,426,3260,2014-12-05
single_binary_segmentation_least_squares,427,3287,2015-01-01
single_binary_segmentation_least_squares,428,3212,2014-10-18
single_binary_segmentation_least_squares,429,3207,2014-10-13
single_binary_segmentation_least_squares,430,3212,2014-10-18
single_binary_segmentation_least_squares,431,3212,2014-10-18
single_binary_segmentation_least_squares,432,3145,2014-08-12
single_binary_segmentation_least_squares,433,3212,2014-10-18
single_binary_segmentation_least_squares,434,3287,2015-01-01
single_binary_segmentation_least_squares,435,3242,2014-11-17
single_binary_segmentation_least_squares,436,3287,2015-01-01
single_binary_segmentation_least_squares,437,3226,2014-11-01
single_binary_segmentation_least_squares,438,3222,2014-10-28
single_binary_segmentation_least_squares,439,3287,2015-01-01
single_binary_segmentation_least_squares,440,3212,2014-10-18
single_binary_segmentation_least_squares,441,3212,2014-10-18
single_binary_segmentation_least_squares,442,3287,2015-01-01
single_binary_segmentation_least_squares,443,3212,2014-10-18
single_binary_segmentation_least_squares,444,3287,2015-01-01
single_binary_segmentation_least_squares,445,3248,2014-11-23
single_binary_segmentation_least_squares,446,3245,2014-11-20
single_binary_segmentation_least_squares,447,3246,2014-11-21
single_binary_segmentation_least_squares,448,3210,2014-10-16
single_binary_segmentation_least_squares,449,3235,2014-11-10
single_binary_segmentation_least_squares,450,3212,2014-10-18
single_binary_segmentation_least_squares,451,3259,2014-12-04
single_binary_segmentation_least_squares,452,3224,2014-10-30
single_binary_segmentation_least_squares,453,3206,2014-10-12
single_binary_segmentation_least_squares,454,3212,2014-10-18
single_binary_segmentation_least_squares,455,3287,2015-01-01
single_binary_segmentation_least_squares,456,3274,2014-12-19
single_binary_segmentation_least_squares,457,2920,2013-12-30
single_binary_segmentation_least_squares,458,3287,2015-01-01
single_binary_segmentation_least_squares,459,3212,2014-10-18
single_binary_segmentation_least_squares,460,3212,2014-10-18
single_binary_segmentation_least_squares,461,3243,2014-11-18
single_binary_segmentation_least_squares,462,3245,2014-11-20
single_binary_segmentation_least_squares,463,3212,2014-10-18
single_binary_segmentation_least_squares,464,3226,2014-11-01
single_binary_segmentation_least_squares,465,3190,2014-09-26
single_binary_segmentation_least_squares,466,3235,2014-11-10
single_binary_segmentation_least_squares,467,3212,2014-10-18
single_binary_segmentation_least_squares,468,3240,2014-11-15
single_binary_segmentation_least_squares,469,3212,2014-10-18
single_binary_segmentation_least_squares,470,3212,2014-10-18
single_binary_segmentation_least_squares,471,3287,2015-01-01
single_binary_segmentation_least_squares,472,3212,2014-10-18
single_binary_segmentation_least_squares,473,3212,2014-10-18
single_binary_segmentation_least_squares,474,3212,2014-10-18
single_binary_segmentation_least_squares,475,3212,2014-10-18
single_binary_segmentation_least_squares,476,3212,2014-10-18
single_binary_segmentation_least_squares,477,3156,2014-08-23
single_binary_segmentation_least_squares,478,3140,2014-08-07
single_binary_segmentation_least_squares,479,3212,2014-10-18
single_binary_segmentation_least_squares,480,3212,2014-10-18
single_binary_segmentation_least_squares,481,3212,2014-10-18
single_binary_segmentation_least_squares,482,3287,2015-01-01
single_binary_segmentation_least_squares,483,3212,2014-10-18
single_binary_segmentation_least_squares,484,3181,2014-09-17
single_binary_segmentation_least_squares,485,3181,2014-09-17
single_binary_segmentation_least_squares,486,3212,2014-10-18
single_binary_segmentation_least_squares,487,3212,2014-10-18
single_binary_segmentation_least_squares,488,3212,2014-10-18
single_binary_segmentation_least_squares,489,3212,2014-10-18
single_binary_segmentation_least_squares,490,3212,2014-10-18
single_binary_segmentation_least_squares,491,3212,2014-10-18
single_binary_segmentation_least_squares,492,3207,2014-10-13
single_binary_segmentation_least_squares,493,3212,2014-10-18
single_binary_segmentation_least_squares,494,3212,2014-10-18
single_binary_segmentation_least_squares,495,3212,2014-10-18
single_binary_segmentation_least_squares,496,3212,2014-10-18
single_binary_segmentation_least_squares,497,3212,2014-10-18
single_binary_segmentation_least_squares,498,3212,2014-10-18
single_binary_segmentation_least_squares,499,3212,2014-10-18
single_binary_segmentation_least_squares,500,3212,2014-10-18
single_binary_segmentation_least_squares,501,3212,2014-10-18
single_binary_segmentation_least_squares,502,3208,2014-10-14
single_binary_segmentation_least_squares,503,3234,2014-11-09
single_binary_segmentation_least_squares,504,3216,2014-10-22
single_binary_segmentation_least_squares,505,3212,2014-10-18
single_binary_segmentation_least_squares,506,3202,2014-10-08
single_binary_segmentation_least_squares,507,3212,2014-10-18
single_binary_segmentation_least_squares,508,3212,2014-10-18
single_binary_segmentation_least_squares,509,3212,2014-10-18
single_binary_segmentation_least_squares,510,3212,2014-10-18
single_binary_segmentation_least_squares,511,3214,2014-10-20
single_binary_segmentation_least_squares,512,3212,2014-10-18
single_binary_segmentation_least_squares,513,3212,2014-10-18
single_binary_segmentation_least_squares,514,3212,2014-10-18
single_binary_segmentation_least_squares,515,3212,2014-10-18
single_binary_segmentation_least_squares,516,3212,2014-10-18
single_binary_segmentation_least_squares,517,3287,2015-01-01
single_binary_segmentation_least_squares,518,3210,2014-10-16
single_binary_segmentation_least_squares,519,3287,2015-01-01
single_binary_segmentation_least_squares,520,3212,2014-10-18
single_binary_segmentation_least_squares,521,3212,2014-10-18
single_binary_segmentation_least_squares,522,3287,2015-01-01
single_binary_segmentation_least_squares,523,3276,2014-12-21
single_binary_segmentation_least_squares,524,3277,2014-12-22
single_binary_segmentation_least_squares,525,3212,2014-10-18
single_binary_segmentation_least_squares,526,3212,2014-10-18
single_binary_segmentation_least_squares,527,3207,2014-10-13
single_binary_segmentation_least_squares,528,3212,2014-10-18
single_binary_segmentation_least_squares,529,3287,2015-01-01
single_binary_segmentation_least_squares,530,3212,2014-10-18
single_binary_segmentation_least_squares,531,3212,2014-10-18
single_binary_segmentation_least_squares,532,3287,2015-01-01
single_binary_segmentation_least_squares,533,3080,2014-06-08
single_binary_segmentation_least_squares,534,3212,2014-10-18
single_binary_segmentation_least_squares,535,3212,2014-10-18
single_binary_segmentation_least_squares,536,3287,2015-01-01
single_binary_segmentation_least_squares,537,3223,2014-10-29
single_binary_segmentation_least_squares,538,3247,2014-11-22
single_binary_segmentation_least_squares,539,3212,2014-10-18
single_binary_segmentation_least_squares,540,3212,2014-10-18
single_binary_segmentation_least_squares,541,3212,2014-10-18
single_binary_segmentation_least_squares,542,3199,2014-10-05
single_binary_segmentation_least_squares,543,3230,2014-11-05
single_binary_segmentation_least_squares,544,3234,2014-11-09
single_binary_segmentation_least_squares,545,3248,2014-11-23
single_binary_segmentation_least_squares,546,3212,2014-10-18
single_binary_segmentation_least_squares,547,3287,2015-01-01
single_binary_segmentation_least_squares,548,3287,2015-01-01
single_binary_segmentation_least_squares,549,3212,2014-10-18
single_binary_segmentation_least_squares,550,3287,2015-01-01
single_binary_segmentation_least_squares,551,3287,2015-01-01
single_binary_segmentation_least_squares,552,3287,2015-01-01
single_binary_segmentation_least_squares,553,3212,2014-10-18
single_binary_segmentation_least_squares,554,3268,2014-12-13
single_binary_segmentation_least_squares,555,3287,2015-01-01
single_binary_segmentation_least_squares,556,3212,2014-10-18
single_binary_segmentation_least_squares,557,3287,2015-01-01
single_binary_segmentation_least_squares,558,3270,2014-12-15
single_binary_segmentation_least_squares,559,3208,2014-10-14
single_binary_segmentation_least_squares,560,3212,2014-10-18
single_binary_segmentation_least_squares,561,3212,2014-10-18
single_binary_segmentation_least_squares,562,3284,2014-12-29
single_binary_segmentation_least_squares,563,3222,2014-10-28
single_binary_segmentation_least_squares,564,3212,2014-10-18
single_binary_segmentation_least_squares,565,3210,2014-10-16
single_binary_segmentation_least_squares,566,3222,2014-10-28
single_binary_segmentation_least_squares,567,3287,2015-01-01
single_binary_segmentation_least_squares,568,3287,2015-01-01
single_binary_segmentation_least_squares,569,3212,2014-10-18
single_binary_segmentation_least_squares,570,3044,2014-05-03
single_binary_segmentation_least_squares,571,3212,2014-10-18
single_binary_segmentation_least_squares,572,3212,2014-10-18
single_binary_segmentation_least_squares,573,3212,2014-10-18
single_binary_segmentation_least_squares,574,3204,2014-10-10
single_binary_segmentation_least_squares,575,3287,2015-01-01
single_binary_segmentation_least_squares,576,3287,2015-01-01
single_binary_segmentation_least_squares,577,3287,2015-01-01
single_binary_segmentation_least_squares,578,3212,2014-10-18
single_binary_segmentation_least_squares,579,3212,2014-10-18
single_binary_segmentation_least_squares,580,3265,2014-12-10
single_binary_segmentation_least_squares,581,3244,2014-11-19
single_binary_segmentation_least_squares,582,3287,2015-01-01
single_binary_segmentation_least_squares,583,3232,2014-11-07
single_binary_segmentation_least_squares,584,3212,2014-10-18
single_binary_segmentation_least_squares,585,3223,2014-10-29
single_binary_segmentation_least_squares,586,3171,2014-09-07
single_binary_segmentation_least_squares,587,3281,2014-12-26
single_binary_segmentation_least_squares,588,3287,2015-01-01
single_binary_segmentation_least_squares,589,3121,2014-07-19
single_binary_segmentation_least_squares,590,3212,2014-10-18
single_binary_segmentation_least_squares,591,3287,2015-01-01
single_binary_segmentation_least_squares,592,3212,2014-10-18
single_binary_segmentation_least_squares,593,3185,2014-09-21
single_binary_segmentation_least_squares,594,3212,2014-10-18
single_binary_segmentation_least_squares,595,3287,2015-01-01
single_binary_segmentation_least_squares,596,3001,2014-03-21
single_binary_segmentation_least_squares,597,3212,2014-10-18
single_binary_segmentation_least_squares,598,3118,2014-07-16
single_binary_segmentation_least_squares,599,3219,2014-10-25
single_binary_segmentation_least_squares,600,3282,2014-12-27
single_binary_segmentation_least_squares,601,3212,2014-10-18
single_binary_segmentation_least_squares,602,3260,2014-12-05
single_binary_segmentation_least_squares,603,3058,2014-05-17
single_binary_segmentation_least_squares,604,3266,2014-12-11
single_binary_segmentation_least_squares,605,3287,2015-01-01
single_binary_segmentation_least_squares,606,3206,2014-10-12
single_binary_segmentation_least_squares,607,3212,2014-10-18
single_binary_segmentation_least_squares,608,3246,2014-11-21
single_binary_segmentation_least_squares,609,3286,2014-12-31
single_binary_segmentation_least_squares,610,3222,2014-10-28
single_binary_segmentation_least_squares,611,3166,2014-09-02
single_binary_segmentation_least_squares,612,3283,2014-12-28
single_binary_segmentation_least_squares,613,3212,2014-10-18
single_binary_segmentation_least_squares,614,3215,2014-10-21
single_binary_segmentation_least_squares,615,3287,2015-01-01
single_binary_segmentation_least_squares,616,3200,2014-10-06
single_binary_segmentation_least_squares,617,3191,2014-09-27
single_binary_segmentation_least_squares,618,3201,2014-10-07
single_binary_segmentation_least_squares,619,3212,2014-10-18
single_binary_segmentation_least_squares,620,3212,2014-10-18
single_binary_segmentation_least_squares,621,3093,2014-06-21
single_binary_segmentation_least_squares,622,3271,2014-12-16
single_binary_segmentation_least_squares,623,3159,2014-08-26
single_binary_segmentation_least_squares,624,3200,2014-10-06
single_binary_segmentation_least_squares,625,3228,2014-11-03
single_binary_segmentation_least_squares,626,3287,2015-01-01
single_binary_segmentation_least_squares,627,3212,2014-10-18
single_binary_segmentation_least_squares,628,3212,2014-10-18
single_binary_segmentation_least_squares,629,3287,2015-01-01
single_binary_segmentation_least_squares,630,3212,2014-10-18
single_binary_segmentation_least_squares,631,3212,2014-10-18
single_binary_segmentation_least_squares,632,3287,2015-01-01
single_binary_segmentation_least_squares,633,3287,2015-01-01
single_binary_segmentation_least_squares,634,3240,2014-11-15
single_binary_segmentation_least_squares,635,3212,2014-10-18
single_binary_segmentation_least_squares,636,3000,2014-03-20
single_binary_segmentation_least_squares,637,3011,2014-03-31
single_binary_segmentation_least_squares,638,3212,2014-10-18
single_binary_segmentation_least_squares,639,3274,2014-12-19
single_binary_segmentation_least_squares,640,3212,2014-10-18
single_binary_segmentation_least_squares,641,3287,2015-01-01
single_binary_segmentation_least_squares,642,2974,2014-02-22
single_binary_segmentation_least_squares,643,3284,2014-12-29
single_binary_segmentation_least_squares,644,3201,2014-10-07
single_binary_segmentation_least_squares,645,3212,2014-10-18
single_binary_segmentation_least_squares,646,3212,2014-10-18
single_binary_segmentation_least_squares,647,3287,2015-01-01
single_binary_segmentation_least_squares,648,3212,2014-10-18
single_binary_segmentation_least_squares,649,3287,2015-01-01
single_binary_segmentation_least_squares,650,3241,2014-11-16
single_binary_segmentation_least_squares,651,3094,2014-06-22
single_binary_segmentation_least_squares,652,3287,2015-01-01
single_binary_segmentation_least_squares,653,3248,2014-11-23
single_binary_segmentation_least_squares,654,3238,2014-11-13
single_binary_segmentation_least_squares,655,3212,2014-10-18
single_binary_segmentation_least_squares,656,3212,2014-10-18
single_binary_segmentation_least_squares,657,3287,2015-01-01
single_binary_segmentation_least_squares,658,2701,2013-05-25
single_binary_segmentation_least_squares,659,3212,2014-10-18
single_binary_segmentation_least_squares,660,3287,2015-01-01
single_binary_segmentation_least_squares,661,3117,2014-07-15
single_binary_segmentation_least_squares,662,3270,2014-12-15
single_binary_segmentation_least_squares,663,3226,2014-11-01
single_binary_segmentation_least_squares,664,3261,2014-12-06
single_binary_segmentation_least_squares,665,3212,2014-10-18
single_binary_segmentation_least_squares,666,3148,2014-08-15
single_binary_segmentation_least_squares,667,3116,2014-07-14
single_binary_segmentation_least_squares,668,3212,2014-10-18
single_binary_segmentation_least_squares,669,3283,2014-12-28
single_binary_segmentation_least_squares,670,3212,2014-10-18
single_binary_segmentation_least_squares,671,3242,2014-11-17
single_binary_segmentation_least_squares,672,3248,2014-11-23
single_binary_segmentation_least_squares,673,3212,2014-10-18
single_binary_segmentation_least_squares,674,3211,2014-10-17
single_binary_segmentation_least_squares,675,2555,2012-12-30
single_binary_segmentation_least_squares,676,3287,2015-01-01
single_binary_segmentation_least_squares,677,3212,2014-10-18
single_binary_segmentation_least_squares,678,3212,2014-10-18
single_binary_segmentation_least_squares,679,3287,2015-01-01
single_binary_segmentation_least_squares,680,3212,2014-10-18
single_binary_segmentation_least_squares,681,3212,2014-10-18
single_binary_segmentation_least_squares,682,3212,2014-10-18
single_binary_segmentation_least_squares,683,3231,2014-11-06
single_binary_segmentation_least_squares,684,3212,2014-10-18
single_binary_segmentation_least_squares,685,3274,2014-12-19
single_binary_segmentation_least_squares,686,3212,2014-10-18
single_binary_segmentation_least_squares,687,3212,2014-10-18
single_binary_segmentation_least_squares,688,3280,2014-12-25
single_binary_segmentation_least_squares,689,2735,2013-06-28
single_binary_segmentation_least_squares,690,3212,2014-10-18
single_binary_segmentation_least_squares,691,3212,2014-10-18
single_binary_segmentation_least_squares,692,3287,2015-01-01
single_binary_segmentation_least_squares,693,3268,2014-12-13
single_binary_segmentation_least_squares,694,3200,2014-10-06
single_binary_segmentation_least_squares,695,3287,2015-01-01
single_binary_segmentation_least_squares,696,3071,2014-05-30
single_binary_segmentation_least_squares,697,3233,2014-11-08
single_binary_segmentation_least_squares,698,3287,2015-01-01
single_binary_segmentation_least_squares,699,3212,2014-10-18
single_binary_segmentation_least_squares,700,3287,2015-01-01
single_binary_segmentation_least_squares,701,3212,2014-10-18
single_binary_segmentation_least_squares,702,3287,2015-01-01
single_binary_segmentation_least_squares,703,3285,2014-12-30
single_binary_segmentation_least_squares,704,3212,2014-10-18
single_binary_segmentation_least_squares,705,3212,2014-10-18
single_binary_segmentation_least_squares,706,3212,2014-10-18
single_binary_segmentation_least_squares,707,3212,2014-10-18
single_binary_segmentation_least_squares,708,3287,2015-01-01
single_binary_segmentation_least_squares,709,3190,2014-09-26
single_binary_segmentation_least_squares,710,3287,2015-01-01
single_binary_segmentation_least_squares,711,3241,2014-11-16
single_binary_segmentation_least_squares,712,3204,2014-10-10
single_binary_segmentation_least_squares,713,3212,2014-10-18
single_binary_segmentation_least_squares,714,3280,2014-12-25
single_binary_segmentation_least_squares,715,3212,2014-10-18
single_binary_segmentation_least_squares,716,3202,2014-10-08
single_binary_segmentation_least_squares,717,3265,2014-12-10
single_binary_segmentation_least_squares,718,3284,2014-12-29
single_binary_segmentation_least_squares,719,3212,2014-10-18
single_binary_segmentation_least_squares,720,3212,2014-10-18
single_binary_segmentation_least_squares,721,3224,2014-10-30
single_binary_segmentation_least_squares,722,3212,2014-10-18
single_binary_segmentation_least_squares,723,3191,2014-09-27
single_binary_segmentation_least_squares,724,3234,2014-11-09
single_binary_segmentation_least_squares,725,3287,2015-01-01
single_binary_segmentation_least_squares,726,3271,2014-12-16
single_binary_segmentation_least_squares,727,3212,2014-10-18
single_binary_segmentation_least_squares,728,3212,2014-10-18
single_binary_segmentation_least_squares,729,3287,2015-01-01
single_binary_segmentation_least_squares,730,3175,2014-09-11
single_binary_segmentation_least_squares,731,3212,2014-10-18
single_binary_segmentation_least_squares,732,3212,2014-10-18
single_binary_segmentation_least_squares,733,3212,2014-10-18
single_binary_segmentation_least_squares,734,3212,2014-10-18
single_binary_segmentation_least_squares,735,3287,2015-01-01
single_binary_segmentation_least_squares,736,3212,2014-10-18
single_binary_segmentation_least_squares,737,3209,2014-10-15
single_binary_segmentation_least_squares,738,3212,2014-10-18
single_binary_segmentation_least_squares,739,3266,2014-12-11
single_binary_segmentation_least_squares,740,3212,2014-10-18
single_binary_segmentation_least_squares,741,3158,2014-08-25
single_binary_segmentation_least_squares,742,3212,2014-10-18
single_binary_segmentation_least_squares,743,3287,2015-01-01
single_binary_segmentation_least_squares,744,3277,2014-12-22
single_binary_segmentation_least_squares,745,3122,2014-07-20
single_binary_segmentation_least_squares,746,3212,2014-10-18
single_binary_segmentation_least_squares,747,3214,2014-10-20
single_binary_segmentation_least_squares,748,3212,2014-10-18
single_binary_segmentation_least_squares,749,3212,2014-10-18
single_binary_segmentation_least_squares,750,3212,2014-10-18
single_binary_segmentation_least_squares,751,3287,2015-01-01
single_binary_segmentation_least_squares,752,3212,2014-10-18
single_binary_segmentation_least_squares,753,3212,2014-10-18
single_binary_segmentation_least_squares,754,3212,2014-10-18
single_binary_segmentation_least_squares,755,3287,2015-01-01
single_binary_segmentation_least_squares,756,3212,2014-10-18
single_binary_segmentation_least_squares,757,3212,2014-10-18
single_binary_segmentation_least_squares,758,3065,2014-05-24
single_binary_segmentation_least_squares,759,3287,2015-01-01
single_binary_segmentation_least_squares,760,3212,2014-10-18
single_binary_segmentation_least_squares,761,3212,2014-10-18
single_binary_segmentation_least_squares,762,3212,2014-10-18
single_binary_segmentation_least_squares,763,3287,2015-01-01
single_binary_segmentation_least_squares,764,3130,2014-07-28
single_binary_segmentation_least_squares,765,3017,2014-04-06
single_binary_segmentation_least_squares,766,2961,2014-02-09
single_binary_segmentation_least_squares,767,3212,2014-10-18
single_binary_segmentation_least_squares,768,3070,2014-05-29
single_binary_segmentation_least_squares,769,3212,2014-10-18
single_binary_segmentation_least_squares,770,3287,2015-01-01
single_binary_segmentation_least_squares,771,3049,2014-05-08
single_binary_segmentation_least_squares,772,3212,2014-10-18
single_binary_segmentation_least_squares,773,3212,2014-10-18
single_binary_segmentation_least_squares,774,3212,2014-10-18
single_binary_segmentation_least_squares,775,3212,2014-10-18
single_binary_segmentation_least_squares,776,3212,2014-10-18
single_binary_segmentation_least_squares,777,3240,2014-11-15
single_binary_segmentation_least_squares,778,3287,2015-01-01
single_binary_segmentation_least_squares,779,3212,2014-10-18
single_binary_segmentation_least_squares,780,3244,2014-11-19
single_binary_segmentation_least_squares,781,3212,2014-10-18
single_binary_segmentation_least_squares,782,3286,2014-12-31
single_binary_segmentation_least_squares,783,3249,2014-11-24
single_binary_segmentation_least_squares,784,3204,2014-10-10
single_binary_segmentation_least_squares,785,3212,2014-10-18
single_binary_segmentation_least_squares,786,3212,2014-10-18
single_binary_segmentation_least_squares,787,3242,2014-11-17
single_binary_segmentation_least_squares,788,3212,2014-10-18
single_binary_segmentation_least_squares,789,3287,2015-01-01
single_binary_segmentation_least_squares,790,3212,2014-10-18
single_binary_segmentation_least_squares,791,3221,2014-10-27
single_binary_segmentation_least_squares,792,3283,2014-12-28
single_binary_segmentation_least_squares,793,3193,2014-09-29
single_binary_segmentation_least_squares,794,2070,2011-09-02
single_binary_segmentation_least_squares,795,2988,2014-03-08
single_binary_segmentation_least_squares,796,3273,2014-12-18
single_binary_segmentation_least_squares,797,3259,2014-12-04
single_binary_segmentation_least_squares,798,3213,2014-10-19
single_binary_segmentation_least_squares,799,3193,2014-09-29
single_binary_segmentation_least_squares,800,3212,2014-10-18
single_binary_segmentation_least_squares,801,3287,2015-01-01
single_binary_segmentation_least_squares,802,3216,2014-10-22
single_binary_segmentation_least_squares,803,3287,2015-01-01
single_binary_segmentation_least_squares,804,3212,2014-10-18
single_binary_segmentation_least_squares,805,3156,2014-08-23
single_binary_segmentation_least_squares,806,3229,2014-11-04
single_binary_segmentation_least_squares,807,3282,2014-12-27
single_binary_segmentation_least_squares,808,3212,2014-10-18
single_binary_segmentation_least_squares,809,3287,2015-01-01
single_binary_segmentation_least_squares,810,3273,2014-12-18
single_binary_segmentation_least_squares,811,3272,2014-12-17
single_binary_segmentation_least_squares,812,2129,2011-10-31
single_binary_segmentation_least_squares,813,3212,2014-10-18
single_binary_segmentation_least_squares,814,3208,2014-10-14
single_binary_segmentation_least_squares,815,3253,2014-11-28
single_binary_segmentation_least_squares,816,3212,2014-10-18
single_binary_segmentation_least_squares,817,3287,2015-01-01
single_binary_segmentation_least_squares,818,3270,2014-12-15
single_binary_segmentation_least_squares,819,3287,2015-01-01
single_binary_segmentation_least_squares,820,3160,2014-08-27
single_binary_segmentation_least_squares,821,3186,2014-09-22
single_binary_segmentation_least_squares,822,3274,2014-12-19
single_binary_segmentation_least_squares,823,3218,2014-10-24
single_binary_segmentation_least_squares,824,3287,2015-01-01
single_binary_segmentation_least_squares,825,3212,2014-10-18
single_binary_segmentation_least_squares,826,3212,2014-10-18
single_binary_segmentation_least_squares,827,3212,2014-10-18
single_binary_segmentation_least_squares,828,3208,2014-10-14
single_binary_segmentation_least_squares,829,3212,2014-10-18
single_binary_segmentation_least_squares,830,3212,2014-10-18
single_binary_segmentation_least_squares,831,3212,2014-10-18
single_binary_segmentation_least_squares,832,3212,2014-10-18
single_binary_segmentation_least_squares,833,3258,2014-12-03
single_binary_segmentation_least_squares,834,3212,2014-10-18
single_binary_segmentation_least_squares,835,3287,2015-01-01
single_binary_segmentation_least_squares,836,3212,2014-10-18
single_binary_segmentation_least_squares,837,3212,2014-10-18
single_binary_segmentation_least_squares,838,3212,2014-10-18
single_binary_segmentation_least_squares,839,3203,2014-10-09
single_binary_segmentation_least_squares,840,3212,2014-10-18
single_binary_segmentation_least_squares,841,3217,2014-10-23
single_binary_segmentation_least_squares,842,3212,2014-10-18
single_binary_segmentation_least_squares,843,3212,2014-10-18
single_binary_segmentation_least_squares,844,3227,2014-11-02
single_binary_segmentation_least_squares,845,3212,2014-10-18
single_binary_segmentation_least_squares,846,3287,2015-01-01
single_binary_segmentation_least_squares,847,3165,2014-09-01
single_binary_segmentation_least_squares,848,3212,2014-10-18
single_binary_segmentation_least_squares,849,3287,2015-01-01
single_binary_segmentation_least_squares,850,3225,2014-10-31
single_binary_segmentation_least_squares,851,3280,2014-12-25
single_binary_segmentation_least_squares,852,3212,2014-10-18
single_binary_segmentation_least_squares,853,2973,2014-02-21
single_binary_segmentation_least_squares,854,3261,2014-12-06
single_binary_segmentation_least_squares,855,3198,2014-10-04
single_binary_segmentation_least_squares,856,3231,2014-11-06
single_binary_segmentation_least_squares,857,3212,2014-10-18
single_binary_segmentation_least_squares,858,3117,2014-07-15
single_binary_segmentation_least_squares,859,3148,2014-08-15
single_binary_segmentation_least_squares,860,3212,2014-10-18
single_binary_segmentation_least_squares,861,3222,2014-10-28
single_binary_segmentation_least_squares,862,3287,2015-01-01
single_binary_segmentation_least_squares,863,3157,2014-08-24
single_binary_segmentation_least_squares,864,3220,2014-10-26
single_binary_segmentation_least_squares,865,3212,2014-10-18
single_binary_segmentation_least_squares,866,3206,2014-10-12
single_binary_segmentation_least_squares,867,3212,2014-10-18
single_binary_segmentation_least_squares,868,3287,2015-01-01
single_binary_segmentation_least_squares,869,3226,2014-11-01
single_binary_segmentation_least_squares,870,3285,2014-12-30
single_binary_segmentation_least_squares,871,2982,2014-03-02
single_binary_segmentation_least_squares,872,3188,2014-09-24
single_binary_segmentation_least_squares,873,3212,2014-10-18
single_binary_segmentation_least_squares,874,3287,2015-01-01
single_binary_segmentation_least_squares,875,3241,2014-11-16
single_binary_segmentation_least_squares,876,3212,2014-10-18
single_binary_segmentation_least_squares,877,3287,2015-01-01
single_binary_segmentation_least_squares,878,3022,2014-04-11
single_binary_segmentation_least_squares,879,3257,2014-12-02
single_binary_segmentation_least_squares,880,3287,2015-01-01
single_binary_segmentation_least_squares,881,3268,2014-12-13
single_binary_segmentation_least_squares,882,3238,2014-11-13
single_binary_segmentation_least_squares,883,3207,2014-10-13
single_binary_segmentation_least_squares,884,3287,2015-01-01
single_binary_segmentation_least_squares,885,3212,2014-10-18
single_binary_segmentation_least_squares,886,3287,2015-01-01
single_binary_segmentation_least_squares,887,3212,2014-10-18
single_binary_segmentation_least_squares,888,3212,2014-10-18
single_binary_segmentation_least_squares,889,3211,2014-10-17
single_binary_segmentation_least_squares,890,3212,2014-10-18
single_binary_segmentation_least_squares,891,3287,2015-01-01
single_binary_segmentation_least_squares,892,3207,2014-10-13
single_binary_segmentation_least_squares,893,3226,2014-11-01
single_binary_segmentation_least_squares,894,3249,2014-11-24
single_binary_segmentation_least_squares,895,3212,2014-10-18
single_binary_segmentation_least_squares,896,3247,2014-11-22
single_binary_segmentation_least_squares,897,3212,2014-10-18
single_binary_segmentation_least_squares,898,3212,2014-10-18
single_binary_segmentation_least_squares,899,3212,2014-10-18
single_binary_segmentation_least_squares,900,3212,2014-10-18
single_binary_segmentation_least_squares,901,3212,2014-10-18
single_binary_segmentation_least_squares,902,3287,2015-01-01
single_binary_segmentation_least_squares,903,3252,2014-11-27
single_binary_segmentation_least_squares,904,3212,2014-10-18
single_binary_segmentation_least_squares,905,3212,2014-10-18
single_binary_segmentation_least_squares,906,3218,2014-10-24
single_binary_segmentation_least_squares,907,3202,2014-10-08
single_binary_segmentation_least_squares,908,3212,2014-10-18
single_binary_segmentation_least_squares,909,3212,2014-10-18
single_binary_segmentation_least_squares,910,3116,2014-07-14
single_binary_segmentation_least_squares,911,3212,2014-10-18
single_binary_segmentation_least_squares,912,3287,2015-01-01
single_binary_segmentation_least_squares,913,3212,2014-10-18
single_binary_segmentation_least_squares,914,3212,2014-10-18
single_binary_segmentation_least_squares,915,3203,2014-10-09
single_binary_segmentation_least_squares,916,3212,2014-10-18
single_binary_segmentation_least_squares,917,3212,2014-10-18
single_binary_segmentation_least_squares,918,3212,2014-10-18
single_binary_segmentation_least_squares,919,3287,2015-01-01
single_binary_segmentation_least_squares,920,3275,2014-12-20
single_binary_segmentation_least_squares,921,3212,2014-10-18
single_binary_segmentation_least_squares,922,3212,2014-10-18
single_binary_segmentation_least_squares,923,3248,2014-11-23
single_binary_segmentation_least_squares,924,3212,2014-10-18
single_binary_segmentation_least_squares,925,3212,2014-10-18
single_binary_segmentation_least_squares,926,3212,2014-10-18
single_binary_segmentation_least_squares,927,3287,2015-01-01
single_binary_segmentation_least_squares,928,3212,2014-10-18
single_binary_segmentation_least_squares,929,3287,2015-01-01
single_binary_segmentation_least_squares,930,3212,2014-10-18
single_binary_segmentation_least_squares,931,3287,2015-01-01
single_binary_segmentation_least_squares,932,3046,2014-05-05
single_binary_segmentation_least_squares,933,3287,2015-01-01
single_binary_segmentation_least_squares,934,3227,2014-11-02
single_binary_segmentation_least_squares,935,3212,2014-10-18
single_binary_segmentation_least_squares,936,3287,2015-01-01
single_binary_segmentation_least_squares,937,3287,2015-01-01
single_binary_segmentation_least_squares,938,3228,2014-11-03
single_binary_segmentation_least_squares,939,3254,2014-11-29
single_binary_segmentation_least_squares,940,3253,2014-11-28
single_binary_segmentation_least_squares,941,3212,2014-10-18
single_binary_segmentation_least_squares,942,3242,2014-11-17
single_binary_segmentation_least_squares,943,3212,2014-10-18
single_binary_segmentation_least_squares,944,3212,2014-10-18
single_binary_segmentation_least_squares,945,3212,2014-10-18
single_binary_segmentation_least_squares,946,3287,2015-01-01
single_binary_segmentation_least_squares,947,3287,2015-01-01
single_binary_segmentation_least_squares,948,3287,2015-01-01
single_binary_segmentation_least_squares,949,3212,2014-10-18
single_binary_segmentation_least_squares,950,3182,2014-09-18
single_binary_segmentation_least_squares,951,3212,2014-10-18
single_binary_segmentation_least_squares,952,3212,2014-10-18
single_binary_segmentation_least_squares,953,3140,2014-08-07
single_binary_segmentation_least_squares,954,1868,2011-02-12
single_binary_segmentation_least_squares,955,3212,2014-10-18
single_binary_segmentation_least_squares,956,3287,2015-01-01
single_binary_segmentation_least_squares,957,3287,2015-01-01
single_binary_segmentation_least_squares,958,3212,2014-10-18
single_binary_segmentation_least_squares,959,3212,2014-10-18
single_binary_segmentation_least_squares,960,3195,2014-10-01
single_binary_segmentation_least_squares,961,3212,2014-10-18
single_binary_segmentation_least_squares,962,3287,2015-01-01
single_binary_segmentation_least_squares,963,3212,2014-10-18
single_binary_segmentation_least_squares,964,3068,2014-05-27
single_binary_segmentation_least_squares,965,3287,2015-01-01
single_binary_segmentation_least_squares,966,3287,2015-01-01
single_binary_segmentation_least_squares,967,2938,2014-01-17
single_binary_segmentation_least_squares,968,3212,2014-10-18
single_binary_segmentation_least_squares,969,3212,2014-10-18
single_binary_segmentation_least_squares,970,3287,2015-01-01
single_binary_segmentation_least_squares,971,3179,2014-09-15
single_binary_segmentation_least_squares,972,3287,2015-01-01
single_binary_segmentation_least_squares,973,3212,2014-10-18
single_binary_segmentation_least_squares,974,3224,2014-10-30
single_binary_segmentation_least_squares,975,3238,2014-11-13
single_binary_segmentation_least_squares,976,2989,2014-03-09
single_binary_segmentation_least_squares,977,3212,2014-10-18
single_binary_segmentation_least_squares,978,3212,2014-10-18
single_binary_segmentation_least_squares,979,3287,2015-01-01
single_binary_segmentation_least_squares,980,3212,2014-10-18
single_binary_segmentation_least_squares,981,3253,2014-11-28
single_binary_segmentation_least_squares,982,3287,2015-01-01
single_binary_segmentation_least_squares,983,3212,2014-10-18
single_binary_segmentation_least_squares,984,3212,2014-10-18
single_binary_segmentation_least_squares,985,3212,2014-10-18
single_binary_segmentation_least_squares,986,3212,2014-10-18
single_binary_segmentation_least_squares,987,3205,2014-10-11
single_binary_segmentation_least_squares,988,3212,2014-10-18
single_binary_segmentation_least_squares,989,3287,2015-01-01
single_binary_segmentation_least_squares,990,3241,2014-11-16
single_binary_segmentation_least_squares,991,3287,2015-01-01
single_binary_segmentation_least_squares,992,3057,2014-05-16
single_binary_segmentation_least_squares,993,3212,2014-10-18
single_binary_segmentation_least_squares,994,3249,2014-11-24
single_binary_segmentation_least_squares,995,3287,2015-01-01
single_binary_segmentation_least_squares,996,3212,2014-10-18
single_binary_segmentation_least_squares,997,3212,2014-10-18
single_binary_segmentation_least_squares,998,3212,2014-10-18
single_binary_segmentation_least_squares,999,3287,2015-01-01
single_binary_segmentation_least_squares,1000,3287,2015-01-01
single_binary_segmentation_least_squares,1001,3287,2015-01-01
single_binary_segmentation_least_squares,1002,3287,2015-01-01
single_binary_segmentation_least_squares,1003,3143,2014-08-10
single_binary_segmentation_least_squares,1004,3004,2014-03-24
single_binary_segmentation_least_squares,1005,3287,2015-01-01
single_binary_segmentation_least_squares,1006,3212,2014-10-18
single_binary_segmentation_least_squares,1007,3255,2014-11-30
single_binary_segmentation_least_squares,1008,3287,2015-01-01
single_binary_segmentation_least_squares,1009,3287,2015-01-01
single_binary_segmentation_least_squares,1010,3212,2014-10-18
single_binary_segmentation_least_squares,1011,3212,2014-10-18
single_binary_segmentation_least_squares,1012,3224,2014-10-30
single_binary_segmentation_least_squares,1013,3212,2014-10-18
single_binary_segmentation_least_squares,1014,3278,2014-12-23
single_binary_segmentation_least_squares,1015,3209,2014-10-15
single_binary_segmentation_least_squares,1016,3264,2014-12-09
single_binary_segmentation_least_squares,1017,3277,2014-12-22
single_binary_segmentation_least_squares,1018,3217,2014-10-23
single_binary_segmentation_least_squares,1019,3180,2014-09-16
single_binary_segmentation_least_squares,1020,3287,2015-01-01
single_binary_segmentation_least_squares,1021,3191,2014-09-27
single_binary_segmentation_least_squares,1022,3287,2015-01-01
single_binary_segmentation_least_squares,1023,3210,2014-10-16
single_binary_segmentation_least_squares,1024,3212,2014-10-18
single_binary_segmentation_least_squares,1025,3220,2014-10-26
single_binary_segmentation_least_squares,1026,3212,2014-10-18
single_binary_segmentation_least_squares,1027,3209,2014-10-15
single_binary_segmentation_least_squares,1028,3236,2014-11-11
single_binary_segmentation_least_squares,1029,3195,2014-10-01
single_binary_segmentation_least_squares,1030,3212,2014-10-18
single_binary_segmentation_least_squares,1031,3214,2014-10-20
single_binary_segmentation_least_squares,1032,3212,2014-10-18
single_binary_segmentation_least_squares,1033,3268,2014-12-13
single_binary_segmentation_least_squares,1034,3212,2014-10-18
single_binary_segmentation_least_squares,1035,3212,2014-10-18
single_binary_segmentation_least_squares,1036,3212,2014-10-18
single_binary_segmentation_least_squares,1037,3261,2014-12-06
single_binary_segmentation_least_squares,1038,3212,2014-10-18
single_binary_segmentation_least_squares,1039,3212,2014-10-18
single_binary_segmentation_least_squares,1040,3212,2014-10-18
single_binary_segmentation_least_squares,1041,3214,2014-10-20
single_binary_segmentation_least_squares,1042,3238,2014-11-13
single_binary_segmentation_least_squares,1043,3287,2015-01-01
single_binary_segmentation_least_squares,1044,3231,2014-11-06
single_binary_segmentation_least_squares,1045,3209,2014-10-15
single_binary_segmentation_least_squares,1046,3258,2014-12-03
single_binary_segmentation_least_squares,1047,3212,2014-10-18
single_binary_segmentation_least_squares,1048,3212,2014-10-18
single_binary_segmentation_least_squares,1049,3230,2014-11-05
single_binary_segmentation_least_squares,1050,3221,2014-10-27
single_binary_segmentation_least_squares,1051,3212,2014-10-18
single_binary_segmentation_least_squares,1052,3212,2014-10-18
single_binary_segmentation_least_squares,1053,3212,2014-10-18
single_binary_segmentation_least_squares,1054,3249,2014-11-24
single_binary_segmentation_least_squares,1055,3212,2014-10-18
single_binary_segmentation_least_squares,1056,3102,2014-06-30
single_binary_segmentation_least_squares,1057,3027,2014-04-16
single_binary_segmentation_least_squares,1058,3247,2014-11-22
single_binary_segmentation_least_squares,1059,3225,2014-10-31
single_binary_segmentation_least_squares,1060,3192,2014-09-28
single_binary_segmentation_least_squares,1061,3287,2015-01-01
single_binary_segmentation_least_squares,1062,3212,2014-10-18
single_binary_segmentation_least_squares,1063,3287,2015-01-01
single_binary_segmentation_least_squares,1064,3212,2014-10-18
single_binary_segmentation_least_squares,1065,3287,2015-01-01
single_binary_segmentation_least_squares,1066,3212,2014-10-18
single_binary_segmentation_least_squares,1067,3212,2014-10-18
single_binary_segmentation_least_squares,1068,3212,2014-10-18
single_binary_segmentation_least_squares,1069,3212,2014-10-18
single_binary_segmentation_least_squares,1070,3238,2014-11-13
single_binary_segmentation_least_squares,1071,3287,2015-01-01
single_binary_segmentation_least_squares,1072,3190,2014-09-26
single_binary_segmentation_least_squares,1073,3112,2014-07-10
single_binary_segmentation_least_squares,1074,3287,2015-01-01
single_binary_segmentation_least_squares,1075,3242,2014-11-17
single_binary_segmentation_least_squares,1076,3287,2015-01-01
single_binary_segmentation_least_squares,1077,3212,2014-10-18
single_binary_segmentation_least_squares,1078,3287,2015-01-01
single_binary_segmentation_least_squares,1079,3146,2014-08-13
single_binary_segmentation_least_squares,1080,3287,2015-01-01
single_binary_segmentation_least_squares,1081,3287,2015-01-01
single_binary_segmentation_least_squares,1082,3236,2014-11-11
single_binary_segmentation_least_squares,1083,3212,2014-10-18
single_binary_segmentation_least_squares,1084,3181,2014-09-17
single_binary_segmentation_least_squares,1085,3287,2015-01-01
single_binary_segmentation_least_squares,1086,3212,2014-10-18
single_binary_segmentation_least_squares,1087,2960,2014-02-08
single_binary_segmentation_least_squares,1088,3287,2015-01-01
single_binary_segmentation_least_squares,1089,3287,2015-01-01
single_binary_segmentation_least_squares,1090,3287,2015-01-01
single_binary_segmentation_least_squares,1091,3212,2014-10-18
single_binary_segmentation_least_squares,1092,3287,2015-01-01
single_binary_segmentation_least_squares,1093,3076,2014-06-04
single_binary_segmentation_least_squares,1094,3212,2014-10-18
single_binary_segmentation_least_squares,1095,3226,2014-11-01
single_binary_segmentation_least_squares,1096,3145,2014-08-12
single_binary_segmentation_least_squares,1097,3212,2014-10-18
single_binary_segmentation_least_squares,1098,3212,2014-10-18
single_binary_segmentation_least_squares,1099,3212,2014-10-18
single_binary_segmentation_least_squares,1100,3143,2014-08-10
single_binary_segmentation_least_squares,1101,2905,2013-12-15
single_binary_segmentation_least_squares,1102,3238,2014-11-13
single_binary_segmentation_least_squares,1103,3287,2015-01-01
single_binary_segmentation_least_squares,1104,3213,2014-10-19
single_binary_segmentation_least_squares,1105,3213,2014-10-19
single_binary_segmentation_least_squares,1106,3209,2014-10-15
single_binary_segmentation_least_squares,1107,3198,2014-10-04
single_binary_segmentation_least_squares,1108,3212,2014-10-18
single_binary_segmentation_least_squares,1109,3287,2015-01-01
single_binary_segmentation_least_squares,1110,3212,2014-10-18
single_binary_segmentation_least_squares,1111,3146,2014-08-13
single_binary_segmentation_least_squares,1112,3054,2014-05-13
single_binary_segmentation_least_squares,1113,3251,2014-11-26
single_binary_segmentation_least_squares,1114,3033,2014-04-22
single_binary_segmentation_least_squares,1115,3271,2014-12-16
single_binary_segmentation_least_squares,1116,3287,2015-01-01
single_binary_segmentation_least_squares,1117,3244,2014-11-19
single_binary_segmentation_least_squares,1118,3220,2014-10-26
single_binary_segmentation_least_squares,1119,3263,2014-12-08
single_binary_segmentation_least_squares,1120,3214,2014-10-20
single_binary_segmentation_least_squares,1121,3041,2014-04-30
single_binary_segmentation_least_squares,1122,3219,2014-10-25
single_binary_segmentation_least_squares,1123,3212,2014-10-18
single_binary_segmentation_least_squares,1124,3212,2014-10-18
single_binary_segmentation_least_squares,1125,3212,2014-10-18
single_binary_segmentation_least_squares,1126,3212,2014-10-18
single_binary_segmentation_least_squares,1127,3287,2015-01-01
single_binary_segmentation_least_squares,1128,3212,2014-10-18
single_binary_segmentation_least_squares,1129,3287,2015-01-01
single_binary_segmentation_least_squares,1130,3212,2014-10-18
single_binary_segmentation_least_squares,1131,3154,2014-08-21
single_binary_segmentation_least_squares,1132,3287,2015-01-01
single_binary_segmentation_least_squares,1133,3212,2014-10-18
single_binary_segmentation_least_squares,1134,3212,2014-10-18
single_binary_segmentation_least_squares,1135,3267,2014-12-12
single_binary_segmentation_least_squares,1136,3287,2015-01-01
single_binary_segmentation_least_squares,1137,3241,2014-11-16
single_binary_segmentation_least_squares,1138,3212,2014-10-18
single_binary_segmentation_least_squares,1139,3211,2014-10-17
single_binary_segmentation_least_squares,1140,3287,2015-01-01
single_binary_segmentation_least_squares,1141,3212,2014-10-18
single_binary_segmentation_least_squares,1142,3271,2014-12-16
single_binary_segmentation_least_squares,1143,3212,2014-10-18
single_binary_segmentation_least_squares,1144,3287,2015-01-01
single_binary_segmentation_least_squares,1145,3212,2014-10-18
single_binary_segmentation_least_squares,1146,3212,2014-10-18
single_binary_segmentation_least_squares,1147,3212,2014-10-18
single_binary_segmentation_least_squares,1148,3287,2015-01-01
single_binary_segmentation_least_squares,1149,3201,2014-10-07
single_binary_segmentation_least_squares,1150,3212,2014-10-18
single_binary_segmentation_least_squares,1151,3044,2014-05-03
single_binary_segmentation_least_squares,1152,3212,2014-10-18
single_binary_segmentation_least_squares,1153,3212,2014-10-18
single_binary_segmentation_least_squares,1154,3212,2014-10-18
single_binary_segmentation_least_squares,1155,3201,2014-10-07
single_binary_segmentation_least_squares,1156,3212,2014-10-18
single_binary_segmentation_least_squares,1157,3246,2014-11-21
single_binary_segmentation_least_squares,1158,3221,2014-10-27
single_binary_segmentation_least_squares,1159,3287,2015-01-01
single_binary_segmentation_least_squares,1160,3212,2014-10-18
single_binary_segmentation_least_squares,1161,3239,2014-11-14
single_binary_segmentation_least_squares,1162,2981,2014-03-01
single_binary_segmentation_least_squares,1163,2925,2014-01-04
single_binary_segmentation_least_squares,1164,3193,2014-09-29
single_binary_segmentation_least_squares,1165,3275,2014-12-20
single_binary_segmentation_least_squares,1166,3287,2015-01-01
single_binary_segmentation_least_squares,1167,3214,2014-10-20
single_binary_segmentation_least_squares,1168,2920,2013-12-30
single_binary_segmentation_least_squares,1169,3259,2014-12-04
single_binary_segmentation_least_squares,1170,3213,2014-10-19
single_binary_segmentation_least_squares,1171,3207,2014-10-13
single_binary_segmentation_least_squares,1172,3287,2015-01-01
single_binary_segmentation_least_squares,1173,3287,2015-01-01
single_binary_segmentation_least_squares,1174,3277,2014-12-22
single_binary_segmentation_least_squares,1175,3212,2014-10-18
single_binary_segmentation_least_squares,1176,3212,2014-10-18
single_binary_segmentation_least_squares,1177,3110,2014-07-08
single_binary_segmentation_least_squares,1178,3212,2014-10-18
single_binary_segmentation_least_squares,1179,3209,2014-10-15
single_binary_segmentation_least_squares,1180,3212,2014-10-18
single_binary_segmentation_least_squares,1181,3212,2014-10-18
single_binary_segmentation_least_squares,1182,3212,2014-10-18
single_binary_segmentation_least_squares,1183,3201,2014-10-07
single_binary_segmentation_least_squares,1184,3261,2014-12-06
single_binary_segmentation_least_squares,1185,3219,2014-10-25
single_binary_segmentation_least_squares,1186,3088,2014-06-16
single_binary_segmentation_least_squares,1187,3203,2014-10-09
single_binary_segmentation_least_squares,1188,3287,2015-01-01
single_binary_segmentation_least_squares,1189,3257,2014-12-02
single_binary_segmentation_least_squares,1190,3208,2014-10-14
single_binary_segmentation_least_squares,1191,3191,2014-09-27
single_binary_segmentation_least_squares,1192,3212,2014-10-18
single_binary_segmentation_least_squares,1193,3212,2014-10-18
single_binary_segmentation_least_squares,1194,3216,2014-10-22
single_binary_segmentation_least_squares,1195,3287,2015-01-01
single_binary_segmentation_least_squares,1196,3209,2014-10-15
single_binary_segmentation_least_squares,1197,3257,2014-12-02
single_binary_segmentation_least_squares,1198,3105,2014-07-03
single_binary_segmentation_least_squares,1199,3240,2014-11-15
single_binary_segmentation_least_squares,1200,3270,2014-12-15
single_binary_segmentation_least_squares,1201,3212,2014-10-18
single_binary_segmentation_least_squares,1202,3287,2015-01-01
single_binary_segmentation_least_squares,1203,3212,2014-10-18
single_binary_segmentation_least_squares,1204,3287,2015-01-01
single_binary_segmentation_least_squares,1205,3215,2014-10-21
single_binary_segmentation_least_squares,1206,3287,2015-01-01
single_binary_segmentation_least_squares,1207,3239,2014-11-14
single_binary_segmentation_least_squares,1208,3181,2014-09-17
single_binary_segmentation_least_squares,1209,3231,2014-11-06
single_binary_segmentation_least_squares,1210,3130,2014-07-28
single_binary_segmentation_least_squares,1211,3214,2014-10-20
single_binary_segmentation_least_squares,1212,3212,2014-10-18
single_binary_segmentation_least_squares,1213,3212,2014-10-18
single_binary_segmentation_least_squares,1214,3287,2015-01-01
single_binary_segmentation_least_squares,1215,3287,2015-01-01
single_binary_segmentation_least_squares,1216,3287,2015-01-01
single_binary_segmentation_least_squares,1217,3212,2014-10-18
single_binary_segmentation_least_squares,1218,3212,2014-10-18
single_binary_segmentation_least_squares,1219,3212,2014-10-18
single_binary_segmentation_least_squares,1220,3245,2014-11-20
single_binary_segmentation_least_squares,1221,3212,2014-10-18
single_binary_segmentation_least_squares,1222,3212,2014-10-18
single_binary_segmentation_least_squares,1223,3212,2014-10-18
single_binary_segmentation_least_squares,1224,3212,2014-10-18
single_binary_segmentation_least_squares,1225,3280,2014-12-25
single_binary_segmentation_least_squares,1226,3213,2014-10-19
single_binary_segmentation_least_squares,1227,3212,2014-10-18
single_binary_segmentation_least_squares,1228,3212,2014-10-18
single_binary_segmentation_least_squares,1229,2995,2014-03-15
single_binary_segmentation_least_squares,1230,3229,2014-11-04
single_binary_segmentation_least_squares,1231,3212,2014-10-18
single_binary_segmentation_least_squares,1232,3287,2015-01-01
single_binary_segmentation_least_squares,1233,3212,2014-10-18
single_binary_segmentation_least_squares,1234,3212,2014-10-18
single_binary_segmentation_least_squares,1235,3212,2014-10-18
single_binary_segmentation_least_squares,1236,3287,2015-01-01
single_binary_segmentation_least_squares,1237,3276,2014-12-21
single_binary_segmentation_least_squares,1238,3212,2014-10-18
single_binary_segmentation_least_squares,1239,3232,2014-11-07
single_binary_segmentation_least_squares,1240,3212,2014-10-18
single_binary_segmentation_least_squares,1241,3226,2014-11-01
single_binary_segmentation_least_squares,1242,3287,2015-01-01
single_binary_segmentation_least_squares,1243,3212,2014-10-18
single_binary_segmentation_least_squares,1244,3197,2014-10-03
single_binary_segmentation_least_squares,1245,3287,2015-01-01
single_binary_segmentation_least_squares,1246,3212,2014-10-18
single_binary_segmentation_least_squares,1247,3205,2014-10-11
single_binary_segmentation_least_squares,1248,3287,2015-01-01
single_binary_segmentation_least_squares,1249,3212,2014-10-18
single_binary_segmentation_least_squares,1250,3224,2014-10-30
single_binary_segmentation_least_squares,1251,3287,2015-01-01
single_binary_segmentation_least_squares,1252,3212,2014-10-18
single_binary_segmentation_least_squares,1253,3212,2014-10-18
single_binary_segmentation_least_squares,1254,3247,2014-11-22
single_binary_segmentation_least_squares,1255,3227,2014-11-02
single_binary_segmentation_least_squares,1256,3269,2014-12-14
single_binary_segmentation_least_squares,1257,3286,2014-12-31
single_binary_segmentation_least_squares,1258,3171,2014-09-07
single_binary_segmentation_least_squares,1259,3238,2014-11-13
single_binary_segmentation_least_squares,1260,2455,2012-09-21
single_binary_segmentation_least_squares,1261,3287,2015-01-01
single_binary_segmentation_least_squares,1262,3205,2014-10-11
single_binary_segmentation_least_squares,1263,3212,2014-10-18
single_binary_segmentation_least_squares,1264,3186,2014-09-22
single_binary_segmentation_least_squares,1265,3247,2014-11-22
single_binary_segmentation_least_squares,1266,3235,2014-11-10
single_binary_segmentation_least_squares,1267,3277,2014-12-22
single_binary_segmentation_least_squares,1268,3212,2014-10-18
single_binary_segmentation_least_squares,1269,3194,2014-09-30
single_binary_segmentation_least_squares,1270,3212,2014-10-18
single_binary_segmentation_least_squares,1271,3235,2014-11-10
single_binary_segmentation_least_squares,1272,3212,2014-10-18
single_binary_segmentation_least_squares,1273,3212,2014-10-18
single_binary_segmentation_least_squares,1274,3212,2014-10-18
single_binary_segmentation_least_squares,1275,3287,2015-01-01
single_binary_segmentation_least_squares,1276,3287,2015-01-01
single_binary_segmentation_least_squares,1277,3212,2014-10-18
single_binary_segmentation_least_squares,1278,2987,2014-03-07
single_binary_segmentation_least_squares,1279,3287,2015-01-01
single_binary_segmentation_least_squares,1280,3212,2014-10-18
single_binary_segmentation_least_squares,1281,3212,2014-10-18
single_binary_segmentation_least_squares,1282,3218,2014-10-24
single_binary_segmentation_least_squares,1283,3159,2014-08-26
single_binary_segmentation_least_squares,1284,3212,2014-10-18
single_binary_segmentation_least_squares,1285,3227,2014-11-02
single_binary_segmentation_least_squares,1286,3287,2015-01-01
single_binary_segmentation_least_squares,1287,3212,2014-10-18
single_binary_segmentation_least_squares,1288,3281,2014-12-26
single_binary_segmentation_least_squares,1289,3273,2014-12-18
single_binary_segmentation_least_squares,1290,3235,2014-11-10
single_binary_segmentation_least_squares,1291,3233,2014-11-08
single_binary_segmentation_least_squares,1292,3165,2014-09-01
single_binary_segmentation_least_squares,1293,3287,2015-01-01
single_binary_segmentation_least_squares,1294,3208,2014-10-14
single_binary_segmentation_least_squares,1295,3170,2014-09-06
single_binary_segmentation_least_squares,1296,3212,2014-10-18
single_binary_segmentation_least_squares,1297,3212,2014-10-18
single_binary_segmentation_least_squares,1298,3287,2015-01-01
single_binary_segmentation_least_squares,1299,3282,2014-12-27
single_binary_segmentation_least_squares,1300,3212,2014-10-18
single_binary_segmentation_least_squares,1301,3195,2014-10-01
single_binary_segmentation_least_squares,1302,3197,2014-10-03
single_binary_segmentation_least_squares,1303,3287,2015-01-01
single_binary_segmentation_least_squares,1304,3230,2014-11-05
single_binary_segmentation_least_squares,1305,3212,2014-10-18
single_binary_segmentation_least_squares,1306,3287,2015-01-01
single_binary_segmentation_least_squares,1307,3211,2014-10-17
single_binary_segmentation_least_squares,1308,3212,2014-10-18
single_binary_segmentation_least_squares,1309,3219,2014-10-25
single_binary_segmentation_least_squares,1310,3229,2014-11-04
single_binary_segmentation_least_squares,1311,3212,2014-10-18
single_binary_segmentation_least_squares,1312,3212,2014-10-18
single_binary_segmentation_least_squares,1313,3212,2014-10-18
single_binary_segmentation_least_squares,1314,3135,2014-08-02
single_binary_segmentation_least_squares,1315,3287,2015-01-01
single_binary_segmentation_least_squares,1316,3212,2014-10-18
single_binary_segmentation_least_squares,1317,3287,2015-01-01
single_binary_segmentation_least_squares,1318,3286,2014-12-31
single_binary_segmentation_least_squares,1319,3216,2014-10-22
single_binary_segmentation_least_squares,1320,3212,2014-10-18
single_binary_segmentation_least_squares,1321,3212,2014-10-18
single_binary_segmentation_least_squares,1322,3212,2014-10-18
single_binary_segmentation_least_squares,1323,3287,2015-01-01
single_binary_segmentation_least_squares,1324,3212,2014-10-18
single_binary_segmentation_least_squares,1325,3212,2014-10-18
single_binary_segmentation_least_squares,1326,3261,2014-12-06
single_binary_segmentation_least_squares,1327,3287,2015-01-01
single_binary_segmentation_least_squares,1328,3229,2014-11-04
single_binary_segmentation_least_squares,1329,3258,2014-12-03
single_binary_segmentation_least_squares,1330,3150,2014-08-17
single_binary_segmentation_least_squares,1331,3192,2014-09-28
single_binary_segmentation_least_squares,1332,3160,2014-08-27
single_binary_segmentation_least_squares,1333,3152,2014-08-19
single_binary_segmentation_least_squares,1334,3287,2015-01-01
single_binary_segmentation_least_squares,1335,3212,2014-10-18
single_binary_segmentation_least_squares,1336,3287,2015-01-01
single_binary_segmentation_least_squares,1337,3212,2014-10-18
single_binary_segmentation_least_squares,1338,3212,2014-10-18
single_binary_segmentation_least_squares,1339,3212,2014-10-18
single_binary_segmentation_least_squares,1340,3212,2014-10-18
single_binary_segmentation_least_squares,1341,3212,2014-10-18
single_binary_segmentation_least_squares,1342,3212,2014-10-18
single_binary_segmentation_least_squares,1343,3212,2014-10-18
single_binary_segmentation_least_squares,1344,3212,2014-10-18
single_binary_segmentation_least_squares,1345,3287,2015-01-01
single_binary_segmentation_least_squares,1346,3140,2014-08-07
single_binary_segmentation_least_squares,1347,3212,2014-10-18
single_binary_segmentation_least_squares,1348,3207,2014-10-13
single_binary_segmentation_least_squares,1349,3231,2014-11-06
single_binary_segmentation_least_squares,1350,3198,2014-10-04
single_binary_segmentation_least_squares,1351,3287,2015-01-01
single_binary_segmentation_least_squares,1352,3212,2014-10-18
single_binary_segmentation_least_squares,1353,3212,2014-10-18
single_binary_segmentation_least_squares,1354,3212,2014-10-18
single_binary_segmentation_least_squares,1355,3243,2014-11-18
single_binary_segmentation_least_squares,1356,3212,2014-10-18
single_binary_segmentation_least_squares,1357,3287,2015-01-01
single_binary_segmentation_least_squares,1358,3220,2014-10-26
single_binary_segmentation_least_squares,1359,3212,2014-10-18
single_binary_segmentation_least_squares,1360,3287,2015-01-01
single_binary_segmentation_least_squares,1361,3239,2014-11-14
single_binary_segmentation_least_squares,1362,3287,2015-01-01
single_binary_segmentation_least_squares,1363,3212,2014-10-18
single_binary_segmentation_least_squares,1364,3216,2014-10-22
single_binary_segmentation_least_squares,1365,3212,2014-10-18
single_binary_segmentation_least_squares,1366,3212,2014-10-18
single_binary_segmentation_least_squares,1367,3245,2014-11-20
single_binary_segmentation_least_squares,1368,3212,2014-10-18
single_binary_segmentation_least_squares,1369,3254,2014-11-29
single_binary_segmentation_least_squares,1370,3247,2014-11-22
single_binary_segmentation_least_squares,1371,3232,2014-11-07
single_binary_segmentation_least_squares,1372,3210,2014-10-16
single_binary_segmentation_least_squares,1373,3287,2015-01-01
single_binary_segmentation_least_squares,1374,3128,2014-07-26
single_binary_segmentation_least_squares,1375,3225,2014-10-31
single_binary_segmentation_least_squares,1376,3170,2014-09-06
single_binary_segmentation_least_squares,1377,3287,2015-01-01
single_binary_segmentation_least_squares,1378,3193,2014-09-29
single_binary_segmentation_least_squares,1379,3216,2014-10-22
single_binary_segmentation_least_squares,1380,2943,2014-01-22
single_binary_segmentation_least_squares,1381,3287,2015-01-01
single_binary_segmentation_least_squares,1382,3212,2014-10-18
single_binary_segmentation_least_squares,1383,3204,2014-10-10
single_binary_segmentation_least_squares,1384,3212,2014-10-18
single_binary_segmentation_least_squares,1385,3287,2015-01-01
single_binary_segmentation_least_squares,1386,3212,2014-10-18
single_binary_segmentation_least_squares,1387,3287,2015-01-01
single_binary_segmentation_least_squares,1388,3199,2014-10-05
single_binary_segmentation_least_squares,1389,3281,2014-12-26
single_binary_segmentation_least_squares,1390,3199,2014-10-05
single_binary_segmentation_least_squares,1391,2979,2014-02-27
single_binary_segmentation_least_squares,1392,3240,2014-11-15
single_binary_segmentation_least_squares,1393,3285,2014-12-30
single_binary_segmentation_least_squares,1394,3238,2014-11-13
single_binary_segmentation_least_squares,1395,3199,2014-10-05
single_binary_segmentation_least_squares,1396,3287,2015-01-01
single_binary_segmentation_least_squares,1397,3287,2015-01-01
single_binary_segmentation_least_squares,1398,3212,2014-10-18
single_binary_segmentation_least_squares,1399,3287,2015-01-01
single_binary_segmentation_least_squares,1400,3212,2014-10-18
single_binary_segmentation_least_squares,1401,3269,2014-12-14
single_binary_segmentation_least_squares,1402,3233,2014-11-08
single_binary_segmentation_least_squares,1403,3252,2014-11-27
single_binary_segmentation_least_squares,1404,3212,2014-10-18
single_binary_segmentation_least_squares,1405,3286,2014-12-31
single_binary_segmentation_least_squares,1406,3114,2014-07-12
single_binary_segmentation_least_squares,1407,3287,2015-01-01
single_binary_segmentation_least_squares,1408,3196,2014-10-02
single_binary_segmentation_least_squares,1409,3287,2015-01-01
single_binary_segmentation_least_squares,1410,3234,2014-11-09
single_binary_segmentation_least_squares,1411,3212,2014-10-18
single_binary_segmentation_least_squares,1412,3212,2014-10-18
single_binary_segmentation_least_squares,1413,3212,2014-10-18
single_binary_segmentation_least_squares,1414,3257,2014-12-02
single_binary_segmentation_least_squares,1415,3215,2014-10-21
single_binary_segmentation_least_squares,1416,3212,2014-10-18
single_binary_segmentation_least_squares,1417,3233,2014-11-08
single_binary_segmentation_least_squares,1418,3212,2014-10-18
single_binary_segmentation_least_squares,1419,3287,2015-01-01
single_binary_segmentation_least_squares,1420,3201,2014-10-07
single_binary_segmentation_least_squares,1421,3212,2014-10-18
single_binary_segmentation_least_squares,1422,3287,2015-01-01
single_binary_segmentation_least_squares,1423,3287,2015-01-01
single_binary_segmentation_least_squares,1424,3245,2014-11-20
single_binary_segmentation_least_squares,1425,3218,2014-10-24
single_binary_segmentation_least_squares,1426,3245,2014-11-20
single_binary_segmentation_least_squares,1427,3212,2014-10-18
single_binary_segmentation_least_squares,1428,3212,2014-10-18
single_binary_segmentation_least_squares,1429,3287,2015-01-01
single_binary_segmentation_least_squares,1430,3212,2014-10-18
single_binary_segmentation_least_squares,1431,3202,2014-10-08
single_binary_segmentation_least_squares,1432,3287,2015-01-01
single_binary_segmentation_least_squares,1433,3287,2015-01-01
single_binary_segmentation_least_squares,1434,3186,2014-09-22
single_binary_segmentation_least_squares,1435,3287,2015-01-01
single_binary_segmentation_least_squares,1436,3212,2014-10-18
single_binary_segmentation_least_squares,1437,3211,2014-10-17
single_binary_segmentation_least_squares,1438,3287,2015-01-01
single_binary_segmentation_least_squares,1439,3144,2014-08-11
single_binary_segmentation_least_squares,1440,3212,2014-10-18
single_binary_segmentation_least_squares,1441,3132,2014-07-30
single_binary_segmentation_least_squares,1442,3216,2014-10-22
single_binary_segmentation_least_squares,1443,3287,2015-01-01
single_binary_segmentation_least_squares,1444,3212,2014-10-18
single_binary_segmentation_least_squares,1445,3287,2015-01-01
single_binary_segmentation_least_squares,1446,3287,2015-01-01
single_binary_segmentation_least_squares,1447,3212,2014-10-18
single_binary_segmentation_least_squares,1448,3287,2015-01-01
single_binary_segmentation_least_squares,1449,3206,2014-10-12
single_binary_segmentation_least_squares,1450,3212,2014-10-18
single_binary_segmentation_least_squares,1451,3145,2014-08-12
single_binary_segmentation_least_squares,1452,3212,2014-10-18
single_binary_segmentation_least_squares,1453,3141,2014-08-08
single_binary_segmentation_least_squares,1454,3240,2014-11-15
single_binary_segmentation_least_squares,1455,3212,2014-10-18
single_binary_segmentation_least_squares,1456,3220,2014-10-26
single_binary_segmentation_least_squares,1457,3164,2014-08-31
single_binary_segmentation_least_squares,1458,3212,2014-10-18
single_binary_segmentation_least_squares,1459,3287,2015-01-01
single_binary_segmentation_least_squares,1460,3264,2014-12-09
single_binary_segmentation_least_squares,1461,3287,2015-01-01
single_binary_segmentation_least_squares,1462,3255,2014-11-30
single_binary_segmentation_least_squares,1463,3287,2015-01-01
single_binary_segmentation_least_squares,1464,3287,2015-01-01
single_binary_segmentation_least_squares,1465,3212,2014-10-18
single_binary_segmentation_least_squares,1466,3212,2014-10-18
single_binary_segmentation_least_squares,1467,3249,2014-11-24
single_binary_segmentation_least_squares,1468,3104,2014-07-02
single_binary_segmentation_least_squares,1469,3287,2015-01-01
single_binary_segmentation_least_squares,1470,3212,2014-10-18
single_binary_segmentation_least_squares,1471,3212,2014-10-18
single_binary_segmentation_least_squares,1472,3212,2014-10-18
single_binary_segmentation_least_squares,1473,3287,2015-01-01
single_binary_segmentation_least_squares,1474,3212,2014-10-18
single_binary_segmentation_least_squares,1475,3193,2014-09-29
single_binary_segmentation_least_squares,1476,3062,2014-05-21
single_binary_segmentation_least_squares,1477,3287,2015-01-01
single_binary_segmentation_least_squares,1478,3212,2014-10-18
single_binary_segmentation_least_squares,1479,3214,2014-10-20
single_binary_segmentation_least_squares,1480,3212,2014-10-18
single_binary_segmentation_least_squares,1481,3212,2014-10-18
single_binary_segmentation_least_squares,1482,3183,2014-09-19
single_binary_segmentation_least_squares,1483,3287,2015-01-01
single_binary_segmentation_least_squares,1484,3287,2015-01-01
single_binary_segmentation_least_squares,1485,3212,2014-10-18
single_binary_segmentation_least_squares,1486,3212,2014-10-18
single_binary_segmentation_least_squares,1487,3287,2015-01-01
single_binary_segmentation_least_squares,1488,3222,2014-10-28
single_binary_segmentation_least_squares,1489,3229,2014-11-04
single_binary_segmentation_least_squares,1490,2951,2014-01-30
single_binary_segmentation_least_squares,1491,3212,2014-10-18
single_binary_segmentation_least_squares,1492,3287,2015-01-01
single_binary_segmentation_least_squares,1493,3287,2015-01-01
single_binary_segmentation_least_squares,1494,3234,2014-11-09
single_binary_segmentation_least_squares,1495,3212,2014-10-18
single_binary_segmentation_least_squares,1496,3212,2014-10-18
single_binary_segmentation_least_squares,1497,3212,2014-10-18
single_binary_segmentation_least_squares,1498,3202,2014-10-08
single_binary_segmentation_least_squares,1499,3212,2014-10-18
single_binary_segmentation_least_squares,1500,3206,2014-10-12
single_binary_segmentation_least_squares,1501,3212,2014-10-18
single_binary_segmentation_least_squares,1502,3287,2015-01-01
single_binary_segmentation_least_squares,1503,3234,2014-11-09
single_binary_segmentation_least_squares,1504,3287,2015-01-01
single_binary_segmentation_least_squares,1505,3072,2014-05-31
single_binary_segmentation_least_squares,1506,3287,2015-01-01
single_binary_segmentation_least_squares,1507,3212,2014-10-18
single_binary_segmentation_least_squares,1508,3212,2014-10-18
single_binary_segmentation_least_squares,1509,3214,2014-10-20
single_binary_segmentation_least_squares,1510,3212,2014-10-18
single_binary_segmentation_least_squares,1511,3212,2014-10-18
single_binary_segmentation_least_squares,1512,3212,2014-10-18
single_binary_segmentation_least_squares,1513,3287,2015-01-01
single_binary_segmentation_least_squares,1514,3214,2014-10-20
single_binary_segmentation_least_squares,1515,3212,2014-10-18
single_binary_segmentation_least_squares,1516,3212,2014-10-18
single_binary_segmentation_least_squares,1517,3212,2014-10-18
single_binary_segmentation_least_squares,1518,3212,2014-10-18
single_binary_segmentation_least_squares,1519,3212,2014-10-18
single_binary_segmentation_least_squares,1520,3282,2014-12-27
single_binary_segmentation_least_squares,1521,3151,2014-08-18
single_binary_segmentation_least_squares,1522,3274,2014-12-19
single_binary_segmentation_least_squares,1523,3212,2014-10-18
single_binary_segmentation_least_squares,1524,3212,2014-10-18
single_binary_segmentation_least_squares,1525,3287,2015-01-01
single_binary_segmentation_least_squares,1526,3212,2014-10-18
single_binary_segmentation_least_squares,1527,3212,2014-10-18
single_binary_segmentation_least_squares,1528,3212,2014-10-18
single_binary_segmentation_least_squares,1529,3212,2014-10-18
single_binary_segmentation_least_squares,1530,3212,2014-10-18
single_binary_segmentation_least_squares,1531,3212,2014-10-18
single_binary_segmentation_least_squares,1532,3212,2014-10-18
single_binary_segmentation_least_squares,1533,3287,2015-01-01
single_binary_segmentation_least_squares,1534,3287,2015-01-01
single_binary_segmentation_least_squares,1535,3212,2014-10-18
single_binary_segmentation_least_squares,1536,3218,2014-10-24
single_binary_segmentation_least_squares,1537,3212,2014-10-18
single_binary_segmentation_least_squares,1538,3212,2014-10-18
single_binary_segmentation_least_squares,1539,3212,2014-10-18
single_binary_segmentation_least_squares,1540,3282,2014-12-27
single_binary_segmentation_least_squares,1541,3222,2014-10-28
single_binary_segmentation_least_squares,1542,3212,2014-10-18
single_binary_segmentation_least_squares,1543,3212,2014-10-18
single_binary_segmentation_least_squares,1544,3212,2014-10-18
single_binary_segmentation_least_squares,1545,3241,2014-11-16
single_binary_segmentation_least_squares,1546,3276,2014-12-21
single_binary_segmentation_least_squares,1547,3254,2014-11-29
single_binary_segmentation_least_squares,1548,3212,2014-10-18
single_binary_segmentation_least_squares,1549,3215,2014-10-21
single_binary_segmentation_least_squares,1550,3212,2014-10-18
single_binary_segmentation_least_squares,1551,3231,2014-11-06
single_binary_segmentation_least_squares,1552,3212,2014-10-18
single_binary_segmentation_least_squares,1553,3212,2014-10-18
single_binary_segmentation_least_squares,1554,3287,2015-01-01
single_binary_segmentation_least_squares,1555,3287,2015-01-01
single_binary_segmentation_least_squares,1556,3287,2015-01-01
single_binary_segmentation_least_squares,1557,3212,2014-10-18
single_binary_segmentation_least_squares,1558,3287,2015-01-01
single_binary_segmentation_least_squares,1559,3156,2014-08-23
single_binary_segmentation_least_squares,1560,3212,2014-10-18
single_binary_segmentation_least_squares,1561,3152,2014-08-19
single_binary_segmentation_least_squares,1562,3135,2014-08-02
single_binary_segmentation_least_squares,1563,3224,2014-10-30
single_binary_segmentation_least_squares,1564,3287,2015-01-01
single_binary_segmentation_least_squares,1565,3279,2014-12-24
single_binary_segmentation_least_squares,1566,3212,2014-10-18
single_binary_segmentation_least_squares,1567,3216,2014-10-22
single_binary_segmentation_least_squares,1568,3287,2015-01-01
single_binary_segmentation_least_squares,1569,3240,2014-11-15
single_binary_segmentation_least_squares,1570,3212,2014-10-18
single_binary_segmentation_least_squares,1571,3228,2014-11-03
single_binary_segmentation_least_squares,1572,3212,2014-10-18
single_binary_segmentation_least_squares,1573,3212,2014-10-18
single_binary_segmentation_least_squares,1574,3094,2014-06-22
single_binary_segmentation_least_squares,1575,3212,2014-10-18
single_binary_segmentation_least_squares,1576,3245,2014-11-20
single_binary_segmentation_least_squares,1577,3223,2014-10-29
single_binary_segmentation_least_squares,1578,3233,2014-11-08
single_binary_segmentation_least_squares,1579,3212,2014-10-18
single_binary_segmentation_least_squares,1580,3219,2014-10-25
single_binary_segmentation_least_squares,1581,3212,2014-10-18
single_binary_segmentation_least_squares,1582,3212,2014-10-18
single_binary_segmentation_least_squares,1583,3212,2014-10-18
single_binary_segmentation_least_squares,1584,3212,2014-10-18
single_binary_segmentation_least_squares,1585,3287,2015-01-01
single_binary_segmentation_least_squares,1586,3213,2014-10-19
single_binary_segmentation_least_squares,1587,3287,2015-01-01
single_binary_segmentation_least_squares,1588,3212,2014-10-18
single_binary_segmentation_least_squares,1589,3212,2014-10-18
single_binary_segmentation_least_squares,1590,2968,2014-02-16
single_binary_segmentation_least_squares,1591,3204,2014-10-10
single_binary_segmentation_least_squares,1592,3212,2014-10-18
single_binary_segmentation_least_squares,1593,3212,2014-10-18
single_binary_segmentation_least_squares,1594,3287,2015-01-01
single_binary_segmentation_least_squares,1595,3212,2014-10-18
single_binary_segmentation_least_squares,1596,3287,2015-01-01
single_binary_segmentation_least_squares,1597,3287,2015-01-01
single_binary_segmentation_least_squares,1598,3212,2014-10-18
single_binary_segmentation_least_squares,1599,3231,2014-11-06
single_binary_segmentation_least_squares,1600,3246,2014-11-21
single_binary_segmentation_least_squares,1601,3212,2014-10-18
single_binary_segmentation_least_squares,1602,3212,2014-10-18
single_binary_segmentation_least_squares,1603,3212,2014-10-18
single_binary_segmentation_least_squares,1604,3212,2014-10-18
single_binary_segmentation_least_squares,1605,3246,2014-11-21
single_binary_segmentation_least_squares,1606,3287,2015-01-01
single_binary_segmentation_least_squares,1607,3270,2014-12-15
single_binary_segmentation_least_squares,1608,3128,2014-07-26
single_binary_segmentation_least_squares,1609,3212,2014-10-18
single_binary_segmentation_least_squares,1610,3285,2014-12-30
single_binary_segmentation_least_squares,1611,3287,2015-01-01
single_binary_segmentation_least_squares,1612,3212,2014-10-18
single_binary_segmentation_least_squares,1613,3285,2014-12-30
single_binary_segmentation_least_squares,1614,3239,2014-11-14
single_binary_segmentation_least_squares,1615,3212,2014-10-18
single_binary_segmentation_least_squares,1616,3172,2014-09-08
single_binary_segmentation_least_squares,1617,3212,2014-10-18
single_binary_segmentation_least_squares,1618,3212,2014-10-18
single_binary_segmentation_least_squares,1619,3280,2014-12-25
single_binary_segmentation_least_squares,1620,3212,2014-10-18
single_binary_segmentation_least_squares,1621,3212,2014-10-18
single_binary_segmentation_least_squares,1622,3210,2014-10-16
single_binary_segmentation_least_squares,1623,3212,2014-10-18
single_binary_segmentation_least_squares,1624,3221,2014-10-27
single_binary_segmentation_least_squares,1625,3212,2014-10-18
single_binary_segmentation_least_squares,1626,3212,2014-10-18
single_binary_segmentation_least_squares,1627,3287,2015-01-01
single_binary_segmentation_least_squares,1628,3285,2014-12-30
single_binary_segmentation_least_squares,1629,3212,2014-10-18
single_binary_segmentation_least_squares,1630,3192,2014-09-28
single_binary_segmentation_least_squares,1631,3273,2014-12-18
single_binary_segmentation_least_squares,1632,3287,2015-01-01
single_binary_segmentation_least_squares,1633,3212,2014-10-18
single_binary_segmentation_least_squares,1634,3212,2014-10-18
single_binary_segmentation_least_squares,1635,3245,2014-11-20
single_binary_segmentation_least_squares,1636,3287,2015-01-01
single_binary_segmentation_least_squares,1637,3116,2014-07-14
single_binary_segmentation_least_squares,1638,3212,2014-10-18
single_binary_segmentation_least_squares,1639,3287,2015-01-01
single_binary_segmentation_least_squares,1640,3287,2015-01-01
single_binary_segmentation_least_squares,1641,3287,2015-01-01
single_binary_segmentation_least_squares,1642,3212,2014-10-18
single_binary_segmentation_least_squares,1643,3287,2015-01-01
single_binary_segmentation_least_squares,1644,3224,2014-10-30
single_binary_segmentation_least_squares,1645,2952,2014-01-31
single_binary_segmentation_least_squares,1646,3287,2015-01-01
single_binary_segmentation_least_squares,1647,3287,2015-01-01
single_binary_segmentation_least_squares,1648,3211,2014-10-17
single_binary_segmentation_least_squares,1649,3212,2014-10-18
single_binary_segmentation_least_squares,1650,3287,2015-01-01
single_binary_segmentation_least_squares,1651,3074,2014-06-02
single_binary_segmentation_least_squares,1652,3227,2014-11-02
single_binary_segmentation_least_squares,1653,3212,2014-10-18
single_binary_segmentation_least_squares,1654,3212,2014-10-18
single_binary_segmentation_least_squares,1655,3287,2015-01-01
single_binary_segmentation_least_squares,1656,3212,2014-10-18
single_binary_segmentation_least_squares,1657,3212,2014-10-18
single_binary_segmentation_least_squares,1658,3235,2014-11-10
single_binary_segmentation_least_squares,1659,3212,2014-10-18
single_binary_segmentation_least_squares,1660,3212,2014-10-18
single_binary_segmentation_least_squares,1661,3229,2014-11-04
single_binary_segmentation_least_squares,1662,3191,2014-09-27
single_binary_segmentation_least_squares,1663,3212,2014-10-18
single_binary_segmentation_least_squares,1664,3212,2014-10-18
single_binary_segmentation_least_squares,1665,3213,2014-10-19
single_binary_segmentation_least_squares,1666,3210,2014-10-16
single_binary_segmentation_least_squares,1667,3218,2014-10-24
single_binary_segmentation_least_squares,1668,3212,2014-10-18
single_binary_segmentation_least_squares,1669,3284,2014-12-29
single_binary_segmentation_least_squares,1670,3237,2014-11-12
single_binary_segmentation_least_squares,1671,3287,2015-01-01
single_binary_segmentation_least_squares,1672,3212,2014-10-18
single_binary_segmentation_least_squares,1673,3212,2014-10-18
single_binary_segmentation_least_squares,1674,3287,2015-01-01
single_binary_segmentation_least_squares,1675,3287,2015-01-01
single_binary_segmentation_least_squares,1676,3212,2014-10-18
single_binary_segmentation_least_squares,1677,3287,2015-01-01
single_binary_segmentation_least_squares,1678,3212,2014-10-18
single_binary_segmentation_least_squares,1679,3287,2015-01-01
single_binary_segmentation_least_squares,1680,3201,2014-10-07
single_binary_segmentation_least_squares,1681,3212,2014-10-18
single_binary_segmentation_least_squares,1682,3212,2014-10-18
single_binary_segmentation_least_squares,1683,3266,2014-12-11
single_binary_segmentation_least_squares,1684,3287,2015-01-01
single_binary_segmentation_least_squares,1685,3273,2014-12-18
single_binary_segmentation_least_squares,1686,3287,2015-01-01
single_binary_segmentation_least_squares,1687,3176,2014-09-12
single_binary_segmentation_least_squares,1688,3229,2014-11-04
single_binary_segmentation_least_squares,1689,3242,2014-11-17
single_binary_segmentation_least_squares,1690,3230,2014-11-05
single_binary_segmentation_least_squares,1691,3212,2014-10-18
single_binary_segmentation_least_squares,1692,3212,2014-10-18
single_binary_segmentation_least_squares,1693,3287,2015-01-01
single_binary_segmentation_least_squares,1694,3212,2014-10-18
single_binary_segmentation_least_squares,1695,3212,2014-10-18
single_binary_segmentation_least_squares,1696,3232,2014-11-07
single_binary_segmentation_least_squares,1697,3212,2014-10-18
single_binary_segmentation_least_squares,1698,3219,2014-10-25
single_binary_segmentation_least_squares,1699,3287,2015-01-01
single_binary_segmentation_least_squares,1700,3287,2015-01-01
single_binary_segmentation_least_squares,1701,3224,2014-10-30
single_binary_segmentation_least_squares,1702,3212,2014-10-18
single_binary_segmentation_least_squares,1703,3282,2014-12-27
single_binary_segmentation_least_squares,1704,3049,2014-05-08
single_binary_segmentation_least_squares,1705,3287,2015-01-01
single_binary_segmentation_least_squares,1706,3176,2014-09-12
single_binary_segmentation_least_squares,1707,3210,2014-10-16
single_binary_segmentation_least_squares,1708,3287,2015-01-01
single_binary_segmentation_least_squares,1709,3287,2015-01-01
single_binary_segmentation_least_squares,1710,3212,2014-10-18
single_binary_segmentation_least_squares,1711,3212,2014-10-18
single_binary_segmentation_least_squares,1712,3287,2015-01-01
single_binary_segmentation_least_squares,1713,3287,2015-01-01
single_binary_segmentation_least_squares,1714,3212,2014-10-18
single_binary_segmentation_least_squares,1715,3212,2014-10-18
single_binary_segmentation_least_squares,1716,3182,2014-09-18
single_binary_segmentation_least_squares,1717,3212,2014-10-18
single_binary_segmentation_least_squares,1718,3212,2014-10-18
single_binary_segmentation_least_squares,1719,3287,2015-01-01
single_binary_segmentation_least_squares,1720,3287,2015-01-01
single_binary_segmentation_least_squares,1721,3252,2014-11-27
single_binary_segmentation_least_squares,1722,3212,2014-10-18
single_binary_segmentation_least_squares,1723,3287,2015-01-01
single_binary_segmentation_least_squares,1724,3212,2014-10-18
single_binary_segmentation_least_squares,1725,3287,2015-01-01
single_binary_segmentation_least_squares,1726,3187,2014-09-23
single_binary_segmentation_least_squares,1727,3287,2015-01-01
single_binary_segmentation_least_squares,1728,3254,2014-11-29
single_binary_segmentation_least_squares,1729,3246,2014-11-21
single_binary_segmentation_least_squares,1730,3244,2014-11-19
single_binary_segmentation_least_squares,1731,3212,2014-10-18
single_binary_segmentation_least_squares,1732,3287,2015-01-01
single_binary_segmentation_least_squares,1733,3212,2014-10-18
single_binary_segmentation_least_squares,1734,3201,2014-10-07
single_binary_segmentation_least_squares,1735,3212,2014-10-18
single_binary_segmentation_least_squares,1736,3287,2015-01-01
single_binary_segmentation_least_squares,1737,3284,2014-12-29
single_binary_segmentation_least_squares,1738,3285,2014-12-30
single_binary_segmentation_least_squares,1739,2919,2013-12-29
single_binary_segmentation_least_squares,1740,3212,2014-10-18
single_binary_segmentation_least_squares,1741,3204,2014-10-10
single_binary_segmentation_least_squares,1742,3212,2014-10-18
single_binary_segmentation_least_squares,1743,3212,2014-10-18
single_binary_segmentation_least_squares,1744,3212,2014-10-18
single_binary_segmentation_least_squares,1745,3287,2015-01-01
single_binary_segmentation_least_squares,1746,3287,2015-01-01
single_binary_segmentation_least_squares,1747,3246,2014-11-21
single_binary_segmentation_least_squares,1748,3217,2014-10-23
single_binary_segmentation_least_squares,1749,1219,2009-05-04
single_binary_segmentation_least_squares,1750,3212,2014-10-18
single_binary_segmentation_least_squares,1751,3287,2015-01-01
single_binary_segmentation_least_squares,1752,3212,2014-10-18
single_binary_segmentation_least_squares,1753,3287,2015-01-01
single_binary_segmentation_least_squares,1754,3132,2014-07-30
single_binary_segmentation_least_squares,1755,3211,2014-10-17
single_binary_segmentation_least_squares,1756,3234,2014-11-09
single_binary_segmentation_least_squares,1757,3207,2014-10-13
single_binary_segmentation_least_squares,1758,3212,2014-10-18
single_binary_segmentation_least_squares,1759,3287,2015-01-01
single_binary_segmentation_least_squares,1760,3286,2014-12-31
single_binary_segmentation_least_squares,1761,3287,2015-01-01
single_binary_segmentation_least_squares,1762,3212,2014-10-18
single_binary_segmentation_least_squares,1763,3287,2015-01-01
single_binary_segmentation_least_squares,1764,3234,2014-11-09
single_binary_segmentation_least_squares,1765,3211,2014-10-17
single_binary_segmentation_least_squares,1766,3212,2014-10-18
single_binary_segmentation_least_squares,1767,2939,2014-01-18
single_binary_segmentation_least_squares,1768,3268,2014-12-13
single_binary_segmentation_least_squares,1769,3212,2014-10-18
single_binary_segmentation_least_squares,1770,3212,2014-10-18
single_binary_segmentation_least_squares,1771,3202,2014-10-08
single_binary_segmentation_least_squares,1772,3287,2015-01-01
single_binary_segmentation_least_squares,1773,3212,2014-10-18
single_binary_segmentation_least_squares,1774,3212,2014-10-18
single_binary_segmentation_least_squares,1775,3233,2014-11-08
single_binary_segmentation_least_squares,1776,3274,2014-12-19
single_binary_segmentation_least_squares,1777,3212,2014-10-18
single_binary_segmentation_least_squares,1778,3211,2014-10-17
single_binary_segmentation_least_squares,1779,3212,2014-10-18
single_binary_segmentation_least_squares,1780,3287,2015-01-01
single_binary_segmentation_least_squares,1781,3212,2014-10-18
single_binary_segmentation_least_squares,1782,3271,2014-12-16
single_binary_segmentation_least_squares,1783,3217,2014-10-23
single_binary_segmentation_least_squares,1784,3287,2015-01-01
single_binary_segmentation_least_squares,1785,3287,2015-01-01
single_binary_segmentation_least_squares,1786,2970,2014-02-18
single_binary_segmentation_least_squares,1787,3151,2014-08-18
single_binary_segmentation_least_squares,1788,2890,2013-11-30
single_binary_segmentation_least_squares,1789,3286,2014-12-31
single_binary_segmentation_least_squares,1790,3212,2014-10-18
single_binary_segmentation_least_squares,1791,3212,2014-10-18
single_binary_segmentation_least_squares,1792,3249,2014-11-24
single_binary_segmentation_least_squares,1793,3287,2015-01-01
single_binary_segmentation_least_squares,1794,3212,2014-10-18
single_binary_segmentation_least_squares,1795,3212,2014-10-18
single_binary_segmentation_least_squares,1796,3209,2014-10-15
single_binary_segmentation_least_squares,1797,2873,2013-11-13
single_binary_segmentation_least_squares,1798,3187,2014-09-23
single_binary_segmentation_least_squares,1799,3212,2014-10-18
single_binary_segmentation_least_squares,1800,3287,2015-01-01
single_binary_segmentation_least_squares,1801,3212,2014-10-18
single_binary_segmentation_least_squares,1802,3287,2015-01-01
single_binary_segmentation_least_squares,1803,3226,2014-11-01
single_binary_segmentation_least_squares,1804,3212,2014-10-18
single_binary_segmentation_least_squares,1805,3287,2015-01-01
single_binary_segmentation_least_squares,1806,3287,2015-01-01
single_binary_segmentation_least_squares,1807,3212,2014-10-18
single_binary_segmentation_least_squares,1808,3041,2014-04-30
single_binary_segmentation_least_squares,1809,3287,2015-01-01
single_binary_segmentation_least_squares,1810,3188,2014-09-24
single_binary_segmentation_least_squares,1811,3212,2014-10-18
single_binary_segmentation_least_squares,1812,3212,2014-10-18
single_binary_segmentation_least_squares,1813,3225,2014-10-31
single_binary_segmentation_least_squares,1814,3212,2014-10-18
single_binary_segmentation_least_squares,1815,3212,2014-10-18
single_binary_segmentation_least_squares,1816,3212,2014-10-18
single_binary_segmentation_least_squares,1817,3202,2014-10-08
single_binary_segmentation_least_squares,1818,3212,2014-10-18
single_binary_segmentation_least_squares,1819,3235,2014-11-10
single_binary_segmentation_least_squares,1820,3212,2014-10-18
single_binary_segmentation_least_squares,1821,3142,2014-08-09
single_binary_segmentation_least_squares,1822,3212,2014-10-18
single_binary_segmentation_least_squares,1823,3287,2015-01-01
single_binary_segmentation_least_squares,1824,3197,2014-10-03
single_binary_segmentation_least_squares,1825,3212,2014-10-18
single_binary_segmentation_least_squares,1826,3228,2014-11-03
single_binary_segmentation_least_squares,1827,3212,2014-10-18
single_binary_segmentation_least_squares,1828,3182,2014-09-18
single_binary_segmentation_least_squares,1829,3211,2014-10-17
single_binary_segmentation_least_squares,1830,3185,2014-09-21
single_binary_segmentation_least_squares,1831,3212,2014-10-18
single_binary_segmentation_least_squares,1832,3222,2014-10-28
single_binary_segmentation_least_squares,1833,3204,2014-10-10
single_binary_segmentation_least_squares,1834,3262,2014-12-07
single_binary_segmentation_least_squares,1835,3212,2014-10-18
single_binary_segmentation_least_squares,1836,3064,2014-05-23
single_binary_segmentation_least_squares,1837,3287,2015-01-01
single_binary_segmentation_least_squares,1838,3212,2014-10-18
single_binary_segmentation_least_squares,1839,3287,2015-01-01
single_binary_segmentation_least_squares,1840,3287,2015-01-01
single_binary_segmentation_least_squares,1841,3263,2014-12-08
single_binary_segmentation_least_squares,1842,3287,2015-01-01
single_binary_segmentation_least_squares,1843,3212,2014-10-18
single_binary_segmentation_least_squares,1844,3287,2015-01-01
single_binary_segmentation_least_squares,1845,3234,2014-11-09
single_binary_segmentation_least_squares,1846,3278,2014-12-23
single_binary_segmentation_least_squares,1847,3212,2014-10-18
single_binary_segmentation_least_squares,1848,3212,2014-10-18
single_binary_segmentation_least_squares,1849,3212,2014-10-18
single_binary_segmentation_least_squares,1850,3212,2014-10-18
single_binary_segmentation_least_squares,1851,3271,2014-12-16
single_binary_segmentation_least_squares,1852,3212,2014-10-18
single_binary_segmentation_least_squares,1853,3272,2014-12-17
single_binary_segmentation_least_squares,1854,3212,2014-10-18
single_binary_segmentation_least_squares,1855,3251,2014-11-26
single_binary_segmentation_least_squares,1856,3212,2014-10-18
single_binary_segmentation_least_squares,1857,3034,2014-04-23
single_binary_segmentation_least_squares,1858,3231,2014-11-06
single_binary_segmentation_least_squares,1859,3183,2014-09-19
single_binary_segmentation_least_squares,1860,3287,2015-01-01
single_binary_segmentation_least_squares,1861,3212,2014-10-18
single_binary_segmentation_least_squares,1862,3239,2014-11-14
single_binary_segmentation_least_squares,1863,3252,2014-11-27
single_binary_segmentation_least_squares,1864,3212,2014-10-18
single_binary_segmentation_least_squares,1865,3212,2014-10-18
single_binary_segmentation_least_squares,1866,3237,2014-11-12
single_binary_segmentation_least_squares,1867,3253,2014-11-28
single_binary_segmentation_least_squares,1868,3287,2015-01-01
single_binary_segmentation_least_squares,1869,1939,2011-04-24
single_binary_segmentation_least_squares,1870,3191,2014-09-27
single_binary_segmentation_least_squares,1871,3142,2014-08-09
single_binary_segmentation_least_squares,1872,3212,2014-10-18
single_binary_segmentation_least_squares,1873,3212,2014-10-18
single_binary_segmentation_least_squares,1874,3214,2014-10-20
single_binary_segmentation_least_squares,1875,3212,2014-10-18
single_binary_segmentation_least_squares,1876,3208,2014-10-14
single_binary_segmentation_least_squares,1877,3286,2014-12-31
single_binary_segmentation_least_squares,1878,3232,2014-11-07
single_binary_segmentation_least_squares,1879,3287,2015-01-01
single_binary_segmentation_least_squares,1880,3274,2014-12-19
single_binary_segmentation_least_squares,1881,3249,2014-11-24
single_binary_segmentation_least_squares,1882,3276,2014-12-21
single_binary_segmentation_least_squares,1883,3287,2015-01-01
single_binary_segmentation_least_squares,1884,3214,2014-10-20
single_binary_segmentation_least_squares,1885,3232,2014-11-07
single_binary_segmentation_least_squares,1886,3265,2014-12-10
single_binary_segmentation_least_squares,1887,3212,2014-10-18
single_binary_segmentation_least_squares,1888,3212,2014-10-18
single_binary_segmentation_least_squares,1889,3212,2014-10-18
single_binary_segmentation_least_squares,1890,3212,2014-10-18
single_binary_segmentation_least_squares,1891,3212,2014-10-18
single_binary_segmentation_least_squares,1892,3202,2014-10-08
single_binary_segmentation_least_squares,1893,3287,2015-01-01
single_binary_segmentation_least_squares,1894,3239,2014-11-14
single_binary_segmentation_least_squares,1895,3216,2014-10-22
single_binary_segmentation_least_squares,1896,3287,2015-01-01
single_binary_segmentation_least_squares,1897,3224,2014-10-30
single_binary_segmentation_least_squares,1898,3287,2015-01-01
single_binary_segmentation_least_squares,1899,3212,2014-10-18
single_binary_segmentation_least_squares,1900,3099,2014-06-27
single_binary_segmentation_least_squares,1901,3287,2015-01-01
single_binary_segmentation_least_squares,1902,3212,2014-10-18
single_binary_segmentation_least_squares,1903,3287,2015-01-01
single_binary_segmentation_least_squares,1904,3212,2014-10-18
single_binary_segmentation_least_squares,1905,3212,2014-10-18
single_binary_segmentation_least_squares,1906,3287,2015-01-01
single_binary_segmentation_least_squares,1907,3212,2014-10-18
single_binary_segmentation_least_squares,1908,3201,2014-10-07
single_binary_segmentation_least_squares,1909,3212,2014-10-18
single_binary_segmentation_least_squares,1910,3212,2014-10-18
single_binary_segmentation_least_squares,1911,3287,2015-01-01
single_binary_segmentation_least_squares,1912,3211,2014-10-17
single_binary_segmentation_least_squares,1913,3212,2014-10-18
single_binary_segmentation_least_squares,1914,3277,2014-12-22
single_binary_segmentation_least_squares,1915,3212,2014-10-18
single_binary_segmentation_least_squares,1916,3212,2014-10-18
single_binary_segmentation_least_squares,1917,2785,2013-08-17
single_binary_segmentation_least_squares,1918,3212,2014-10-18
single_binary_segmentation_least_squares,1919,3212,2014-10-18
single_binary_segmentation_least_squares,1920,3212,2014-10-18
single_binary_segmentation_least_squares,1921,3212,2014-10-18
single_binary_segmentation_least_squares,1922,3271,2014-12-16
single_binary_segmentation_least_squares,1923,3287,2015-01-01
single_binary_segmentation_least_squares,1924,3217,2014-10-23
single_binary_segmentation_least_squares,1925,3287,2015-01-01
single_binary_segmentation_least_squares,1926,3212,2014-10-18
single_binary_segmentation_least_squares,1927,3206,2014-10-12
single_binary_segmentation_least_squares,1928,3286,2014-12-31
single_binary_segmentation_least_squares,1929,3212,2014-10-18
single_binary_segmentation_least_squares,1930,3230,2014-11-05
single_binary_segmentation_least_squares,1931,3287,2015-01-01
single_binary_segmentation_least_squares,1932,3212,2014-10-18
single_binary_segmentation_least_squares,1933,3212,2014-10-18
single_binary_segmentation_least_squares,1934,3212,2014-10-18
single_binary_segmentation_least_squares,1935,3212,2014-10-18
single_binary_segmentation_least_squares,1936,3287,2015-01-01
single_binary_segmentation_least_squares,1937,3287,2015-01-01
single_binary_segmentation_least_squares,1938,3287,2015-01-01
single_binary_segmentation_least_squares,1939,3212,2014-10-18
single_binary_segmentation_least_squares,1940,3287,2015-01-01
single_binary_segmentation_least_squares,1941,3130,2014-07-28
single_binary_segmentation_least_squares,1942,3272,2014-12-17
single_binary_segmentation_least_squares,1943,3212,2014-10-18
single_binary_segmentation_least_squares,1944,3212,2014-10-18
single_binary_segmentation_least_squares,1945,3279,2014-12-24
single_binary_segmentation_least_squares,1946,3212,2014-10-18
single_binary_segmentation_least_squares,1947,3212,2014-10-18
single_binary_segmentation_least_squares,1948,3212,2014-10-18
single_binary_segmentation_least_squares,1949,3149,2014-08-16
single_binary_segmentation_least_squares,1950,3211,2014-10-17
single_binary_segmentation_least_squares,1951,3287,2015-01-01
single_binary_segmentation_least_squares,1952,3281,2014-12-26
single_binary_segmentation_least_squares,1953,3212,2014-10-18
single_binary_segmentation_least_squares,1954,3258,2014-12-03
single_binary_segmentation_least_squares,1955,3287,2015-01-01
single_binary_segmentation_least_squares,1956,3212,2014-10-18
single_binary_segmentation_least_squares,1957,3236,2014-11-11
single_binary_segmentation_least_squares,1958,3229,2014-11-04
single_binary_segmentation_least_squares,1959,3287,2015-01-01
single_binary_segmentation_least_squares,1960,3212,2014-10-18
single_binary_segmentation_least_squares,1961,3212,2014-10-18
single_binary_segmentation_least_squares,1962,3212,2014-10-18
single_binary_segmentation_least_squares,1963,3231,2014-11-06
single_binary_segmentation_least_squares,1964,3250,2014-11-25
single_binary_segmentation_least_squares,1965,3287,2015-01-01
single_binary_segmentation_least_squares,1966,3287,2015-01-01
single_binary_segmentation_least_squares,1967,3212,2014-10-18
single_binary_segmentation_least_squares,1968,3212,2014-10-18
single_binary_segmentation_least_squares,1969,3275,2014-12-20
single_binary_segmentation_least_squares,1970,3227,2014-11-02
single_binary_segmentation_least_squares,1971,3212,2014-10-18
single_binary_segmentation_least_squares,1972,3212,2014-10-18
single_binary_segmentation_least_squares,1973,3212,2014-10-18
single_binary_segmentation_least_squares,1974,3212,2014-10-18
single_binary_segmentation_least_squares,1975,3212,2014-10-18
single_binary_segmentation_least_squares,1976,3182,2014-09-18
single_binary_segmentation_least_squares,1977,3212,2014-10-18
single_binary_segmentation_least_squares,1978,3287,2015-01-01
single_binary_segmentation_least_squares,1979,3287,2015-01-01
single_binary_segmentation_least_squares,1980,3212,2014-10-18
single_binary_segmentation_least_squares,1981,3207,2014-10-13
single_binary_segmentation_least_squares,1982,3194,2014-09-30
single_binary_segmentation_least_squares,1983,3229,2014-11-04
single_binary_segmentation_least_squares,1984,3212,2014-10-18
single_binary_segmentation_least_squares,1985,3212,2014-10-18
single_binary_segmentation_least_squares,1986,3230,2014-11-05
single_binary_segmentation_least_squares,1987,3287,2015-01-01
single_binary_segmentation_least_squares,1988,3287,2015-01-01
single_binary_segmentation_least_squares,1989,3287,2015-01-01
single_binary_segmentation_least_squares,1990,3233,2014-11-08
single_binary_segmentation_least_squares,1991,3266,2014-12-11
single_binary_segmentation_least_squares,1992,2915,2013-12-25
single_binary_segmentation_least_squares,1993,3287,2015-01-01
single_binary_segmentation_least_squares,1994,3287,2015-01-01
single_binary_segmentation_least_squares,1995,3212,2014-10-18
single_binary_segmentation_least_squares,1996,3212,2014-10-18
single_binary_segmentation_least_squares,1997,3212,2014-10-18
single_binary_segmentation_least_squares,1998,3287,2015-01-01
single_binary_segmentation_least_squares,1999,3287,2015-01-01
single_binary_segmentation_least_squares,2000,3170,2014-09-06
single_binary_segmentation_least_squares,2001,3212,2014-10-18
single_binary_segmentation_least_squares,2002,3238,2014-11-13
single_binary_segmentation_least_squares,2003,3244,2014-11-19
single_binary_segmentation_least_squares,2004,3212,2014-10-18
single_binary_segmentation_least_squares,2005,3212,2014-10-18
single_binary_segmentation_least_squares,2006,3187,2014-09-23
single_binary_segmentation_least_squares,2007,3212,2014-10-18
single_binary_segmentation_least_squares,2008,3287,2015-01-01
single_binary_segmentation_least_squares,2009,3287,2015-01-01
single_binary_segmentation_least_squares,2010,3242,2014-11-17
single_binary_segmentation_least_squares,2011,3212,2014-10-18
single_binary_segmentation_least_squares,2012,3189,2014-09-25
single_binary_segmentation_least_squares,2013,3287,2015-01-01
single_binary_segmentation_least_squares,2014,3287,2015-01-01
single_binary_segmentation_least_squares,2015,3241,2014-11-16
single_binary_segmentation_least_squares,2016,3236,2014-11-11
single_binary_segmentation_least_squares,2017,3212,2014-10-18
single_binary_segmentation_least_squares,2018,3287,2015-01-01
single_binary_segmentation_least_squares,2019,3212,2014-10-18
single_binary_segmentation_least_squares,2020,3156,2014-08-23
single_binary_segmentation_least_squares,2021,3212,2014-10-18
single_binary_segmentation_least_squares,2022,3212,2014-10-18
single_binary_segmentation_least_squares,2023,3212,2014-10-18
single_binary_segmentation_least_squares,2024,3282,2014-12-27
single_binary_segmentation_least_squares,2025,3212,2014-10-18
single_binary_segmentation_least_squares,2026,3281,2014-12-26
single_binary_segmentation_least_squares,2027,3287,2015-01-01
single_binary_segmentation_least_squares,2028,3212,2014-10-18
single_binary_segmentation_least_squares,2029,3287,2015-01-01
single_binary_segmentation_least_squares,2030,3212,2014-10-18
single_binary_segmentation_least_squares,2031,3287,2015-01-01
single_binary_segmentation_least_squares,2032,3212,2014-10-18
single_binary_segmentation_least_squares,2033,3287,2015-01-01
single_binary_segmentation_least_squares,2034,3212,2014-10-18
single_binary_segmentation_least_squares,2035,3287,2015-01-01
single_binary_segmentation_least_squares,2036,3287,2015-01-01
single_binary_segmentation_least_squares,2037,3287,2015-01-01
single_binary_segmentation_least_squares,2038,3212,2014-10-18
single_binary_segmentation_least_squares,2039,3212,2014-10-18
single_binary_segmentation_least_squares,2040,3287,2015-01-01
single_binary_segmentation_least_squares,2041,3212,2014-10-18
single_binary_segmentation_least_squares,2042,3054,2014-05-13
single_binary_segmentation_least_squares,2043,3287,2015-01-01
single_binary_segmentation_least_squares,2044,3212,2014-10-18
single_binary_segmentation_least_squares,2045,3232,2014-11-07
single_binary_segmentation_least_squares,2046,3212,2014-10-18
single_binary_segmentation_least_squares,2047,3263,2014-12-08
single_binary_segmentation_least_squares,2048,3212,2014-10-18
single_binary_segmentation_least_squares,2049,3287,2015-01-01
single_binary_segmentation_least_squares,2050,3221,2014-10-27
single_binary_segmentation_least_squares,2051,3287,2015-01-01
single_binary_segmentation_least_squares,2052,3212,2014-10-18
single_binary_segmentation_least_squares,2053,3212,2014-10-18
single_binary_segmentation_least_squares,2054,3212,2014-10-18
single_binary_segmentation_least_squares,2055,3225,2014-10-31
single_binary_segmentation_least_squares,2056,3287,2015-01-01
single_binary_segmentation_least_squares,2057,3287,2015-01-01
single_binary_segmentation_least_squares,2058,3287,2015-01-01
single_binary_segmentation_least_squares,2059,3212,2014-10-18
single_binary_segmentation_least_squares,2060,2902,2013-12-12
single_binary_segmentation_least_squares,2061,3207,2014-10-13
single_binary_segmentation_least_squares,2062,3216,2014-10-22
single_binary_segmentation_least_squares,2063,3197,2014-10-03
single_binary_segmentation_least_squares,2064,2842,2013-10-13
single_binary_segmentation_least_squares,2065,3212,2014-10-18
single_binary_segmentation_least_squares,2066,3240,2014-11-15
single_binary_segmentation_least_squares,2067,3212,2014-10-18
single_binary_segmentation_least_squares,2068,3212,2014-10-18
single_binary_segmentation_least_squares,2069,3210,2014-10-16
single_binary_segmentation_least_squares,2070,3287,2015-01-01
single_binary_segmentation_least_squares,2071,3227,2014-11-02
single_binary_segmentation_least_squares,2072,3287,2015-01-01
single_binary_segmentation_least_squares,2073,3287,2015-01-01
single_binary_segmentation_least_squares,2074,3287,2015-01-01
single_binary_segmentation_least_squares,2075,3270,2014-12-15
single_binary_segmentation_least_squares,2076,3212,2014-10-18
single_binary_segmentation_least_squares,2077,3221,2014-10-27
single_binary_segmentation_least_squares,2078,3287,2015-01-01
single_binary_segmentation_least_squares,2079,3286,2014-12-31
single_binary_segmentation_least_squares,2080,3212,2014-10-18
single_binary_segmentation_least_squares,2081,3212,2014-10-18
single_binary_segmentation_least_squares,2082,3287,2015-01-01
single_binary_segmentation_least_squares,2083,2962,2014-02-10
single_binary_segmentation_least_squares,2084,3212,2014-10-18
single_binary_segmentation_least_squares,2085,3287,2015-01-01
single_binary_segmentation_least_squares,2086,2950,2014-01-29
single_binary_segmentation_least_squares,2087,3287,2015-01-01
single_binary_segmentation_least_squares,2088,3212,2014-10-18
single_binary_segmentation_least_squares,2089,3262,2014-12-07
single_binary_segmentation_least_squares,2090,3212,2014-10-18
single_binary_segmentation_least_squares,2091,3055,2014-05-14
single_binary_segmentation_least_squares,2092,3183,2014-09-19
single_binary_segmentation_least_squares,2093,3287,2015-01-01
single_binary_segmentation_least_squares,2094,3212,2014-10-18
single_binary_segmentation_least_squares,2095,3212,2014-10-18
single_binary_segmentation_least_squares,2096,3212,2014-10-18
single_binary_segmentation_least_squares,2097,3153,2014-08-20
single_binary_segmentation_least_squares,2098,3284,2014-12-29
single_binary_segmentation_least_squares,2099,3212,2014-10-18
single_binary_segmentation_least_squares,2100,3212,2014-10-18
single_binary_segmentation_least_squares,2101,3199,2014-10-05
single_binary_segmentation_least_squares,2102,3212,2014-10-18
single_binary_segmentation_least_squares,2103,3286,2014-12-31
single_binary_segmentation_least_squares,2104,3212,2014-10-18
single_binary_segmentation_least_squares,2105,3212,2014-10-18
single_binary_segmentation_least_squares,2106,3212,2014-10-18
single_binary_segmentation_least_squares,2107,3212,2014-10-18
single_binary_segmentation_least_squares,2108,3218,2014-10-24
single_binary_segmentation_least_squares,2109,3287,2015-01-01
single_binary_segmentation_least_squares,2110,3212,2014-10-18
single_binary_segmentation_least_squares,2111,3212,2014-10-18
single_binary_segmentation_least_squares,2112,3212,2014-10-18
single_binary_segmentation_least_squares,2113,3287,2015-01-01
single_binary_segmentation_least_squares,2114,3212,2014-10-18
single_binary_segmentation_least_squares,2115,3287,2015-01-01
single_binary_segmentation_least_squares,2116,3212,2014-10-18
single_binary_segmentation_least_squares,2117,3287,2015-01-01
single_binary_segmentation_least_squares,2118,3212,2014-10-18
single_binary_segmentation_least_squares,2119,3212,2014-10-18
single_binary_segmentation_least_squares,2120,3267,2014-12-12
single_binary_segmentation_least_squares,2121,3171,2014-09-07
single_binary_segmentation_least_squares,2122,3201,2014-10-07
single_binary_segmentation_least_squares,2123,3212,2014-10-18
single_binary_segmentation_least_squares,2124,3212,2014-10-18
single_binary_segmentation_least_squares,2125,3069,2014-05-28
single_binary_segmentation_least_squares,2126,3212,2014-10-18
single_binary_segmentation_least_squares,2127,3099,2014-06-27
single_binary_segmentation_least_squares,2128,3212,2014-10-18
single_binary_segmentation_least_squares,2129,3212,2014-10-18
single_binary_segmentation_least_squares,2130,3212,2014-10-18
single_binary_segmentation_least_squares,2131,3212,2014-10-18
single_binary_segmentation_least_squares,2132,3212,2014-10-18
single_binary_segmentation_least_squares,2133,3212,2014-10-18
single_binary_segmentation_least_squares,2134,3287,2015-01-01
single_binary_segmentation_least_squares,2135,3213,2014-10-19
single_binary_segmentation_least_squares,2136,3212,2014-10-18
single_binary_segmentation_least_squares,2137,3212,2014-10-18
single_binary_segmentation_least_squares,2138,3287,2015-01-01
single_binary_segmentation_least_squares,2139,3287,2015-01-01
single_binary_segmentation_least_squares,2140,3212,2014-10-18
single_binary_segmentation_least_squares,2141,3212,2014-10-18
single_binary_segmentation_least_squares,2142,3236,2014-11-11
single_binary_segmentation_least_squares,2143,3287,2015-01-01
single_binary_segmentation_least_squares,2144,3212,2014-10-18
single_binary_segmentation_least_squares,2145,3254,2014-11-29
single_binary_segmentation_least_squares,2146,3212,2014-10-18
single_binary_segmentation_least_squares,2147,3287,2015-01-01
single_binary_segmentation_least_squares,2148,3287,2015-01-01
single_binary_segmentation_least_squares,2149,3230,2014-11-05
single_binary_segmentation_least_squares,2150,3212,2014-10-18
single_binary_segmentation_least_squares,2151,3212,2014-10-18
single_binary_segmentation_least_squares,2152,3261,2014-12-06
single_binary_segmentation_least_squares,2153,3094,2014-06-22
single_binary_segmentation_least_squares,2154,3176,2014-09-12
single_binary_segmentation_least_squares,2155,3079,2014-06-07
single_binary_segmentation_least_squares,2156,3226,2014-11-01
single_binary_segmentation_least_squares,2157,3210,2014-10-16
single_binary_segmentation_least_squares,2158,3212,2014-10-18
single_binary_segmentation_least_squares,2159,3212,2014-10-18
single_binary_segmentation_least_squares,2160,3287,2015-01-01
single_binary_segmentation_least_squares,2161,3152,2014-08-19
single_binary_segmentation_least_squares,2162,3287,2015-01-01
single_binary_segmentation_least_squares,2163,3212,2014-10-18
single_binary_segmentation_least_squares,2164,3027,2014-04-16
single_binary_segmentation_least_squares,2165,3287,2015-01-01
single_binary_segmentation_least_squares,2166,2988,2014-03-08
single_binary_segmentation_least_squares,2167,2980,2014-02-28
single_binary_segmentation_least_squares,2168,3212,2014-10-18
single_binary_segmentation_least_squares,2169,3212,2014-10-18
single_binary_segmentation_least_squares,2170,3287,2015-01-01
single_binary_segmentation_least_squares,2171,3287,2015-01-01
single_binary_segmentation_least_squares,2172,3232,2014-11-07
single_binary_segmentation_least_squares,2173,3265,2014-12-10
single_binary_segmentation_least_squares,2174,3212,2014-10-18
single_binary_segmentation_least_squares,2175,3283,2014-12-28
single_binary_segmentation_least_squares,2176,3108,2014-07-06
single_binary_segmentation_least_squares,2177,3212,2014-10-18
single_binary_segmentation_least_squares,2178,3212,2014-10-18
single_binary_segmentation_least_squares,2179,3129,2014-07-27
single_binary_segmentation_least_squares,2180,3212,2014-10-18
single_binary_segmentation_least_squares,2181,3212,2014-10-18
single_binary_segmentation_least_squares,2182,3212,2014-10-18
single_binary_segmentation_least_squares,2183,3212,2014-10-18
single_binary_segmentation_least_squares,2184,3212,2014-10-18
single_binary_segmentation_least_squares,2185,3107,2014-07-05
single_binary_segmentation_least_squares,2186,3212,2014-10-18
single_binary_segmentation_least_squares,2187,3271,2014-12-16
single_binary_segmentation_least_squares,2188,3077,2014-06-05
single_binary_segmentation_least_squares,2189,3268,2014-12-13
single_binary_segmentation_least_squares,2190,3212,2014-10-18
single_binary_segmentation_least_squares,2191,3287,2015-01-01
single_binary_segmentation_least_squares,2192,3212,2014-10-18
single_binary_segmentation_least_squares,2193,3212,2014-10-18
single_binary_segmentation_least_squares,2194,3274,2014-12-19
single_binary_segmentation_least_squares,2195,3287,2015-01-01
single_binary_segmentation_least_squares,2196,3212,2014-10-18
single_binary_segmentation_least_squares,2197,3212,2014-10-18
single_binary_segmentation_least_squares,2198,3287,2015-01-01
single_binary_segmentation_least_squares,2199,3287,2015-01-01
single_binary_segmentation_least_squares,2200,2156,2011-11-27
single_binary_segmentation_least_squares,2201,3287,2015-01-01
single_binary_segmentation_least_squares,2202,3212,2014-10-18
single_binary_segmentation_least_squares,2203,3208,2014-10-14
single_binary_segmentation_least_squares,2204,3170,2014-09-06
single_binary_segmentation_least_squares,2205,3158,2014-08-25
single_binary_segmentation_least_squares,2206,3056,2014-05-15
single_binary_segmentation_least_squares,2207,3249,2014-11-24
single_binary_segmentation_least_squares,2208,3183,2014-09-19
single_binary_segmentation_least_squares,2209,3212,2014-10-18
single_binary_segmentation_least_squares,2210,3212,2014-10-18
single_binary_segmentation_least_squares,2211,3213,2014-10-19
single_binary_segmentation_least_squares,2212,3279,2014-12-24
single_binary_segmentation_least_squares,2213,3194,2014-09-30
single_binary_segmentation_least_squares,2214,3259,2014-12-04
single_binary_segmentation_least_squares,2215,3212,2014-10-18
single_binary_segmentation_least_squares,2216,3212,2014-10-18
single_binary_segmentation_least_squares,2217,3217,2014-10-23
single_binary_segmentation_least_squares,2218,3287,2015-01-01
single_binary_segmentation_least_squares,2219,3236,2014-11-11
single_binary_segmentation_least_squares,2220,3212,2014-10-18
single_binary_segmentation_least_squares,2221,3212,2014-10-18
single_binary_segmentation_least_squares,2222,3287,2015-01-01
single_binary_segmentation_least_squares,2223,3266,2014-12-11
single_binary_segmentation_least_squares,2224,3212,2014-10-18
single_binary_segmentation_least_squares,2225,3287,2015-01-01
single_binary_segmentation_least_squares,2226,3287,2015-01-01
single_binary_segmentation_least_squares,2227,3212,2014-10-18
single_binary_segmentation_least_squares,2228,3258,2014-12-03
single_binary_segmentation_least_squares,2229,3212,2014-10-18
single_binary_segmentation_least_squares,2230,3281,2014-12-26
single_binary_segmentation_least_squares,2231,3230,2014-11-05
single_binary_segmentation_least_squares,2232,3212,2014-10-18
single_binary_segmentation_least_squares,2233,3272,2014-12-17
single_binary_segmentation_least_squares,2234,3228,2014-11-03
single_binary_segmentation_least_squares,2235,3188,2014-09-24
single_binary_segmentation_least_squares,2236,3287,2015-01-01
single_binary_segmentation_least_squares,2237,2960,2014-02-08
single_binary_segmentation_least_squares,2238,3212,2014-10-18
single_binary_segmentation_least_squares,2239,3287,2015-01-01
single_binary_segmentation_least_squares,2240,3239,2014-11-14
single_binary_segmentation_least_squares,2241,3287,2015-01-01
single_binary_segmentation_least_squares,2242,3247,2014-11-22
single_binary_segmentation_least_squares,2243,3241,2014-11-16
single_binary_segmentation_least_squares,2244,3212,2014-10-18
single_binary_segmentation_least_squares,2245,3287,2015-01-01
single_binary_segmentation_least_squares,2246,3170,2014-09-06
single_binary_segmentation_least_squares,2247,3287,2015-01-01
single_binary_segmentation_least_squares,2248,3212,2014-10-18
single_binary_segmentation_least_squares,2249,3212,2014-10-18
single_binary_segmentation_least_squares,2250,3212,2014-10-18
single_binary_segmentation_least_squares,2251,3287,2015-01-01
single_binary_segmentation_least_squares,2252,3197,2014-10-03
single_binary_segmentation_least_squares,2253,3157,2014-08-24
single_binary_segmentation_least_squares,2254,3287,2015-01-01
single_binary_segmentation_least_squares,2255,3212,2014-10-18
single_binary_segmentation_least_squares,2256,3212,2014-10-18
single_binary_segmentation_least_squares,2257,3287,2015-01-01
single_binary_segmentation_least_squares,2258,3212,2014-10-18
single_binary_segmentation_least_squares,2259,3212,2014-10-18
single_binary_segmentation_least_squares,2260,3175,2014-09-11
single_binary_segmentation_least_squares,2261,3212,2014-10-18
single_binary_segmentation_least_squares,2262,3212,2014-10-18
single_binary_segmentation_least_squares,2263,3287,2015-01-01
single_binary_segmentation_least_squares,2264,3204,2014-10-10
single_binary_segmentation_least_squares,2265,3256,2014-12-01
single_binary_segmentation_least_squares,2266,3212,2014-10-18
single_binary_segmentation_least_squares,2267,3287,2015-01-01
single_binary_segmentation_least_squares,2268,3212,2014-10-18
single_binary_segmentation_least_squares,2269,3212,2014-10-18
single_binary_segmentation_least_squares,2270,3212,2014-10-18
single_binary_segmentation_least_squares,2271,3228,2014-11-03
single_binary_segmentation_least_squares,2272,3212,2014-10-18
single_binary_segmentation_least_squares,2273,3287,2015-01-01
single_binary_segmentation_least_squares,2274,3212,2014-10-18
single_binary_segmentation_least_squares,2275,3287,2015-01-01
single_binary_segmentation_least_squares,2276,3212,2014-10-18
single_binary_segmentation_least_squares,2277,3232,2014-11-07
single_binary_segmentation_least_squares,2278,3287,2015-01-01
single_binary_segmentation_least_squares,2279,3212,2014-10-18
single_binary_segmentation_least_squares,2280,3287,2015-01-01
single_binary_segmentation_least_squares,2281,3212,2014-10-18
single_binary_segmentation_least_squares,2282,3212,2014-10-18
single_binary_segmentation_least_squares,2283,3246,2014-11-21
single_binary_segmentation_least_squares,2284,3287,2015-01-01
single_binary_segmentation_least_squares,2285,3212,2014-10-18
single_binary_segmentation_least_squares,2286,3212,2014-10-18
single_binary_segmentation_least_squares,2287,3212,2014-10-18
single_binary_segmentation_least_squares,2288,3283,2014-12-28
single_binary_segmentation_least_squares,2289,3212,2014-10-18
single_binary_segmentation_least_squares,2290,3287,2015-01-01
single_binary_segmentation_least_squares,2291,3212,2014-10-18
single_binary_segmentation_least_squares,2292,3212,2014-10-18
single_binary_segmentation_least_squares,2293,3212,2014-10-18
single_binary_segmentation_least_squares,2294,3287,2015-01-01
single_binary_segmentation_least_squares,2295,3212,2014-10-18
single_binary_segmentation_least_squares,2296,3212,2014-10-18
single_binary_segmentation_least_squares,2297,3212,2014-10-18
single_binary_segmentation_least_squares,2298,3287,2015-01-01
single_binary_segmentation_least_squares,2299,3212,2014-10-18
single_binary_segmentation_least_squares,2300,2190,2011-12-31
single_binary_segmentation_least_squares,2301,3243,2014-11-18
single_binary_segmentation_least_squares,2302,3249,2014-11-24
single_binary_segmentation_least_squares,2303,3287,2015-01-01
single_binary_segmentation_least_squares,2304,3265,2014-12-10
single_binary_segmentation_least_squares,2305,2961,2014-02-09
single_binary_segmentation_least_squares,2306,3287,2015-01-01
single_binary_segmentation_least_squares,2307,3212,2014-10-18
single_binary_segmentation_least_squares,2308,3287,2015-01-01
single_binary_segmentation_least_squares,2309,3287,2015-01-01
single_binary_segmentation_least_squares,2310,3257,2014-12-02
single_binary_segmentation_least_squares,2311,3236,2014-11-11
single_binary_segmentation_least_squares,2312,3195,2014-10-01
single_binary_segmentation_least_squares,2313,3245,2014-11-20
single_binary_segmentation_least_squares,2314,3212,2014-10-18
single_binary_segmentation_least_squares,2315,3287,2015-01-01
single_binary_segmentation_least_squares,2316,3221,2014-10-27
single_binary_segmentation_least_squares,2317,3205,2014-10-11
single_binary_segmentation_least_squares,2318,3239,2014-11-14
single_binary_segmentation_least_squares,2319,3212,2014-10-18
single_binary_segmentation_least_squares,2320,3212,2014-10-18
single_binary_segmentation_least_squares,2321,3287,2015-01-01
single_binary_segmentation_least_squares,2322,3206,2014-10-12
single_binary_segmentation_least_squares,2323,3212,2014-10-18
single_binary_segmentation_least_squares,2324,3287,2015-01-01
single_binary_segmentation_least_squares,2325,3212,2014-10-18
single_binary_segmentation_least_squares,2326,3287,2015-01-01
single_binary_segmentation_least_squares,2327,3212,2014-10-18
single_binary_segmentation_least_squares,2328,3212,2014-10-18
single_binary_segmentation_least_squares,2329,3180,2014-09-16
single_binary_segmentation_least_squares,2330,3212,2014-10-18
single_binary_segmentation_least_squares,2331,3212,2014-10-18
single_binary_segmentation_least_squares,2332,3212,2014-10-18
single_binary_segmentation_least_squares,2333,3212,2014-10-18
single_binary_segmentation_least_squares,2334,3212,2014-10-18
single_binary_segmentation_least_squares,2335,2743,2013-07-06
single_binary_segmentation_least_squares,2336,3287,2015-01-01
single_binary_segmentation_least_squares,2337,3215,2014-10-21
single_binary_segmentation_least_squares,2338,3200,2014-10-06
single_binary_segmentation_least_squares,2339,3273,2014-12-18
single_binary_segmentation_least_squares,2340,3287,2015-01-01
single_binary_segmentation_least_squares,2341,3212,2014-10-18
single_binary_segmentation_least_squares,2342,3285,2014-12-30
single_binary_segmentation_least_squares,2343,3287,2015-01-01
single_binary_segmentation_least_squares,2344,3212,2014-10-18
single_binary_segmentation_least_squares,2345,3287,2015-01-01
single_binary_segmentation_least_squares,2346,3212,2014-10-18
single_binary_segmentation_least_squares,2347,3222,2014-10-28
single_binary_segmentation_least_squares,2348,3279,2014-12-24
single_binary_segmentation_least_squares,2349,3281,2014-12-26
single_binary_segmentation_least_squares,2350,3212,2014-10-18
single_binary_segmentation_least_squares,2351,3287,2015-01-01
single_binary_segmentation_least_squares,2352,3212,2014-10-18
single_binary_segmentation_least_squares,2353,3273,2014-12-18
single_binary_segmentation_least_squares,2354,3212,2014-10-18
single_binary_segmentation_least_squares,2355,3203,2014-10-09
single_binary_segmentation_least_squares,2356,3237,2014-11-12
single_binary_segmentation_least_squares,2357,3238,2014-11-13
single_binary_segmentation_least_squares,2358,3287,2015-01-01
single_binary_segmentation_least_squares,2359,3204,2014-10-10
single_binary_segmentation_least_squares,2360,3223,2014-10-29
single_binary_segmentation_least_squares,2361,3287,2015-01-01
single_binary_segmentation_least_squares,2362,3287,2015-01-01
single_binary_segmentation_least_squares,2363,3212,2014-10-18
single_binary_segmentation_least_squares,2364,3212,2014-10-18
single_binary_segmentation_least_squares,2365,3249,2014-11-24
single_binary_segmentation_least_squares,2366,3231,2014-11-06
single_binary_segmentation_least_squares,2367,3212,2014-10-18
single_binary_segmentation_least_squares,2368,3243,2014-11-18
single_binary_segmentation_least_squares,2369,3238,2014-11-13
single_binary_segmentation_least_squares,2370,3287,2015-01-01
single_binary_segmentation_least_squares,2371,3272,2014-12-17
single_binary_segmentation_least_squares,2372,3212,2014-10-18
single_binary_segmentation_least_squares,2373,3287,2015-01-01
single_binary_segmentation_least_squares,2374,3212,2014-10-18
single_binary_segmentation_least_squares,2375,3223,2014-10-29
single_binary_segmentation_least_squares,2376,3212,2014-10-18
single_binary_segmentation_least_squares,2377,3287,2015-01-01
single_binary_segmentation_least_squares,2378,3195,2014-10-01
single_binary_segmentation_least_squares,2379,3212,2014-10-18
single_binary_segmentation_least_squares,2380,3287,2015-01-01
single_binary_segmentation_least_squares,2381,3212,2014-10-18
single_binary_segmentation_least_squares,2382,3212,2014-10-18
single_binary_segmentation_least_squares,2383,3212,2014-10-18
single_binary_segmentation_least_squares,2384,3287,2015-01-01
single_binary_segmentation_least_squares,2385,3287,2015-01-01
single_binary_segmentation_least_squares,2386,3154,2014-08-21
single_binary_segmentation_least_squares,2387,3206,2014-10-12
single_binary_segmentation_least_squares,2388,3212,2014-10-18
single_binary_segmentation_least_squares,2389,3212,2014-10-18
single_binary_segmentation_least_squares,2390,3186,2014-09-22
single_binary_segmentation_least_squares,2391,3212,2014-10-18
single_binary_segmentation_least_squares,2392,3287,2015-01-01
single_binary_segmentation_least_squares,2393,3287,2015-01-01
single_binary_segmentation_least_squares,2394,3236,2014-11-11
single_binary_segmentation_least_squares,2395,3212,2014-10-18
single_binary_segmentation_least_squares,2396,3202,2014-10-08
single_binary_segmentation_least_squares,2397,3287,2015-01-01
single_binary_segmentation_least_squares,2398,3206,2014-10-12
single_binary_segmentation_least_squares,2399,3214,2014-10-20
single_binary_segmentation_least_squares,2400,3287,2015-01-01
single_binary_segmentation_least_squares,2401,3287,2015-01-01
single_binary_segmentation_least_squares,2402,3212,2014-10-18
single_binary_segmentation_least_squares,2403,3286,2014-12-31
single_binary_segmentation_least_squares,2404,3222,2014-10-28
single_binary_segmentation_least_squares,2405,3281,2014-12-26
single_binary_segmentation_least_squares,2406,3242,2014-11-17
single_binary_segmentation_least_squares,2407,3231,2014-11-06
single_binary_segmentation_least_squares,2408,3252,2014-11-27
single_binary_segmentation_least_squares,2409,3287,2015-01-01
single_binary_segmentation_least_squares,2410,3212,2014-10-18
single_binary_segmentation_least_squares,2411,2912,2013-12-22
single_binary_segmentation_least_squares,2412,3214,2014-10-20
single_binary_segmentation_least_squares,2413,3283,2014-12-28
single_binary_segmentation_least_squares,2414,3287,2015-01-01
single_binary_segmentation_least_squares,2415,3212,2014-10-18
single_binary_segmentation_least_squares,2416,3205,2014-10-11
single_binary_segmentation_least_squares,2417,3212,2014-10-18
single_binary_segmentation_least_squares,2418,3271,2014-12-16
single_binary_segmentation_least_squares,2419,3212,2014-10-18
single_binary_segmentation_least_squares,2420,3212,2014-10-18
single_binary_segmentation_least_squares,2421,3287,2015-01-01
single_binary_segmentation_least_squares,2422,3204,2014-10-10
single_binary_segmentation_least_squares,2423,3212,2014-10-18
single_binary_segmentation_least_squares,2424,3202,2014-10-08
single_binary_segmentation_least_squares,2425,3287,2015-01-01
single_binary_segmentation_least_squares,2426,3284,2014-12-29
single_binary_segmentation_least_squares,2427,3177,2014-09-13
single_binary_segmentation_least_squares,2428,3278,2014-12-23
single_binary_segmentation_least_squares,2429,3287,2015-01-01
single_binary_segmentation_least_squares,2430,3287,2015-01-01
single_binary_segmentation_least_squares,2431,3204,2014-10-10
single_binary_segmentation_least_squares,2432,3212,2014-10-18
single_binary_segmentation_least_squares,2433,3212,2014-10-18
single_binary_segmentation_least_squares,2434,3168,2014-09-04
single_binary_segmentation_least_squares,2435,3212,2014-10-18
single_binary_segmentation_least_squares,2436,3195,2014-10-01
single_binary_segmentation_least_squares,2437,3287,2015-01-01
single_binary_segmentation_least_squares,2438,3212,2014-10-18
single_binary_segmentation_least_squares,2439,3212,2014-10-18
single_binary_segmentation_least_squares,2440,2790,2013-08-22
single_binary_segmentation_least_squares,2441,3212,2014-10-18
single_binary_segmentation_least_squares,2442,3215,2014-10-21
single_binary_segmentation_least_squares,2443,3008,2014-03-28
single_binary_segmentation_least_squares,2444,3212,2014-10-18
single_binary_segmentation_least_squares,2445,3287,2015-01-01
single_binary_segmentation_least_squares,2446,3206,2014-10-12
single_binary_segmentation_least_squares,2447,3212,2014-10-18
single_binary_segmentation_least_squares,2448,3124,2014-07-22
single_binary_segmentation_least_squares,2449,3212,2014-10-18
single_binary_segmentation_least_squares,2450,3212,2014-10-18
single_binary_segmentation_least_squares,2451,3212,2014-10-18
single_binary_segmentation_least_squares,2452,3287,2015-01-01
single_binary_segmentation_least_squares,2453,3212,2014-10-18
single_binary_segmentation_least_squares,2454,3274,2014-12-19
single_binary_segmentation_least_squares,2455,3212,2014-10-18
single_binary_segmentation_least_squares,2456,3212,2014-10-18
single_binary_segmentation_least_squares,2457,3212,2014-10-18
single_binary_segmentation_least_squares,2458,3214,2014-10-20
single_binary_segmentation_least_squares,2459,3212,2014-10-18
single_binary_segmentation_least_squares,2460,3287,2015-01-01
single_binary_segmentation_least_squares,2461,3287,2015-01-01
single_binary_segmentation_least_squares,2462,3287,2015-01-01
single_binary_segmentation_least_squares,2463,3212,2014-10-18
single_binary_segmentation_least_squares,2464,3212,2014-10-18
single_binary_segmentation_least_squares,2465,3287,2015-01-01
single_binary_segmentation_least_squares,2466,3212,2014-10-18
single_binary_segmentation_least_squares,2467,3211,2014-10-17
single_binary_segmentation_least_squares,2468,3287,2015-01-01
single_binary_segmentation_least_squares,2469,3199,2014-10-05
single_binary_segmentation_least_squares,2470,3212,2014-10-18
single_binary_segmentation_least_squares,2471,3212,2014-10-18
single_binary_segmentation_least_squares,2472,3212,2014-10-18
single_binary_segmentation_least_squares,2473,3240,2014-11-15
single_binary_segmentation_least_squares,2474,3287,2015-01-01
single_binary_segmentation_least_squares,2475,3187,2014-09-23
single_binary_segmentation_least_squares,2476,3287,2015-01-01
single_binary_segmentation_least_squares,2477,3246,2014-11-21
single_binary_segmentation_least_squares,2478,3287,2015-01-01
single_binary_segmentation_least_squares,2479,2851,2013-10-22
single_binary_segmentation_least_squares,2480,3287,2015-01-01
single_binary_segmentation_least_squares,2481,3287,2015-01-01
single_binary_segmentation_least_squares,2482,3221,2014-10-27
single_binary_segmentation_least_squares,2483,3287,2015-01-01
single_binary_segmentation_least_squares,2484,3287,2015-01-01
single_binary_segmentation_least_squares,2485,3212,2014-10-18
single_binary_segmentation_least_squares,2486,3212,2014-10-18
single_binary_segmentation_least_squares,2487,3084,2014-06-12
single_binary_segmentation_least_squares,2488,3287,2015-01-01
single_binary_segmentation_least_squares,2489,3287,2015-01-01
single_binary_segmentation_least_squares,2490,3212,2014-10-18
single_binary_segmentation_least_squares,2491,3212,2014-10-18
single_binary_segmentation_least_squares,2492,3212,2014-10-18
single_binary_segmentation_least_squares,2493,3194,2014-09-30
single_binary_segmentation_least_squares,2494,3184,2014-09-20
single_binary_segmentation_least_squares,2495,3212,2014-10-18
single_binary_segmentation_least_squares,2496,3287,2015-01-01
single_binary_segmentation_least_squares,2497,3212,2014-10-18
single_binary_segmentation_least_squares,2498,3287,2015-01-01
single_binary_segmentation_least_squares,2499,3164,2014-08-31
single_binary_segmentation_least_squares,2500,3287,2015-01-01
single_binary_segmentation_least_squares,2501,3212,2014-10-18
single_binary_segmentation_least_squares,2502,3287,2015-01-01
single_binary_segmentation_least_squares,2503,3212,2014-10-18
single_binary_segmentation_least_squares,2504,3212,2014-10-18
single_binary_segmentation_least_squares,2505,3214,2014-10-20
single_binary_segmentation_least_squares,2506,3287,2015-01-01
single_binary_segmentation_least_squares,2507,3212,2014-10-18
single_binary_segmentation_least_squares,2508,3283,2014-12-28
single_binary_segmentation_least_squares,2509,2529,2012-12-04
single_binary_segmentation_least_squares,2510,3287,2015-01-01
single_binary_segmentation_least_squares,2511,2539,2012-12-14
single_binary_segmentation_least_squares,2512,3250,2014-11-25
single_binary_segmentation_least_squares,2513,3212,2014-10-18
single_binary_segmentation_least_squares,2514,3287,2015-01-01
single_binary_segmentation_least_squares,2515,3212,2014-10-18
single_binary_segmentation_least_squares,2516,3212,2014-10-18
single_binary_segmentation_least_squares,2517,3150,2014-08-17
single_binary_segmentation_least_squares,2518,3212,2014-10-18
single_binary_segmentation_least_squares,2519,3212,2014-10-18
single_binary_segmentation_least_squares,2520,3287,2015-01-01
single_binary_segmentation_least_squares,2521,3209,2014-10-15
single_binary_segmentation_least_squares,2522,3188,2014-09-24
single_binary_segmentation_least_squares,2523,3285,2014-12-30
single_binary_segmentation_least_squares,2524,3212,2014-10-18
single_binary_segmentation_least_squares,2525,3287,2015-01-01
single_binary_segmentation_least_squares,2526,3212,2014-10-18
single_binary_segmentation_least_squares,2527,3232,2014-11-07
single_binary_segmentation_least_squares,2528,3287,2015-01-01
single_binary_segmentation_least_squares,2529,3212,2014-10-18
single_binary_segmentation_least_squares,2530,3212,2014-10-18
single_binary_segmentation_least_squares,2531,3287,2015-01-01
single_binary_segmentation_least_squares,2532,3212,2014-10-18
single_binary_segmentation_least_squares,2533,3287,2015-01-01
single_binary_segmentation_least_squares,2534,3212,2014-10-18
single_binary_segmentation_least_squares,2535,3212,2014-10-18
single_binary_segmentation_least_squares,2536,3201,2014-10-07
single_binary_segmentation_least_squares,2537,3202,2014-10-08
single_binary_segmentation_least_squares,2538,3224,2014-10-30
single_binary_segmentation_least_squares,2539,3223,2014-10-29
single_binary_segmentation_least_squares,2540,3212,2014-10-18
single_binary_segmentation_least_squares,2541,3247,2014-11-22
single_binary_segmentation_least_squares,2542,3212,2014-10-18
single_binary_segmentation_least_squares,2543,3287,2015-01-01
single_binary_segmentation_least_squares,2544,3287,2015-01-01
single_binary_segmentation_least_squares,2545,3287,2015-01-01
single_binary_segmentation_least_squares,2546,3287,2015-01-01
single_binary_segmentation_least_squares,2547,3212,2014-10-18
single_binary_segmentation_least_squares,2548,3212,2014-10-18
single_binary_segmentation_least_squares,2549,3212,2014-10-18
single_binary_segmentation_least_squares,2550,3212,2014-10-18
single_binary_segmentation_least_squares,2551,3212,2014-10-18
single_binary_segmentation_least_squares,2552,3212,2014-10-18
single_binary_segmentation_least_squares,2553,3231,2014-11-06
single_binary_segmentation_least_squares,2554,3208,2014-10-14
single_binary_segmentation_least_squares,2555,3274,2014-12-19
single_binary_segmentation_least_squares,2556,3212,2014-10-18
single_binary_segmentation_least_squares,2557,3218,2014-10-24
single_binary_segmentation_least_squares,2558,3287,2015-01-01
single_binary_segmentation_least_squares,2559,3222,2014-10-28
single_binary_segmentation_least_squares,2560,3212,2014-10-18
single_binary_segmentation_least_squares,2561,3287,2015-01-01
single_binary_segmentation_least_squares,2562,3287,2015-01-01
single_binary_segmentation_least_squares,2563,3212,2014-10-18
single_binary_segmentation_least_squares,2564,3287,2015-01-01
single_binary_segmentation_least_squares,2565,3199,2014-10-05
single_binary_segmentation_least_squares,2566,3287,2015-01-01
single_binary_segmentation_least_squares,2567,3287,2015-01-01
single_binary_segmentation_least_squares,2568,3287,2015-01-01
single_binary_segmentation_least_squares,2569,3212,2014-10-18
single_binary_segmentation_least_squares,2570,3287,2015-01-01
single_binary_segmentation_least_squares,2571,3211,2014-10-17
single_binary_segmentation_least_squares,2572,3264,2014-12-09
single_binary_segmentation_least_squares,2573,3238,2014-11-13
single_binary_segmentation_least_squares,2574,3287,2015-01-01
single_binary_segmentation_least_squares,2575,3212,2014-10-18
single_binary_segmentation_least_squares,2576,3287,2015-01-01
single_binary_segmentation_least_squares,2577,3287,2015-01-01
single_binary_segmentation_least_squares,2578,3146,2014-08-13
single_binary_segmentation_least_squares,2579,3212,2014-10-18
single_binary_segmentation_least_squares,2580,3235,2014-11-10
single_binary_segmentation_least_squares,2581,3212,2014-10-18
single_binary_segmentation_least_squares,2582,3287,2015-01-01
single_binary_segmentation_least_squares,2583,3287,2015-01-01
single_binary_segmentation_least_squares,2584,3212,2014-10-18
single_binary_segmentation_least_squares,2585,3212,2014-10-18
single_binary_segmentation_least_squares,2586,3212,2014-10-18
single_binary_segmentation_least_squares,2587,3196,2014-10-02
single_binary_segmentation_least_squares,2588,3212,2014-10-18
single_binary_segmentation_least_squares,2589,3287,2015-01-01
single_binary_segmentation_least_squares,2590,3235,2014-11-10
single_binary_segmentation_least_squares,2591,3212,2014-10-18
single_binary_segmentation_least_squares,2592,3239,2014-11-14
single_binary_segmentation_least_squares,2593,3287,2015-01-01
single_binary_segmentation_least_squares,2594,3212,2014-10-18
single_binary_segmentation_least_squares,2595,3287,2015-01-01
single_binary_segmentation_least_squares,2596,3212,2014-10-18
single_binary_segmentation_least_squares,2597,3287,2015-01-01
single_binary_segmentation_least_squares,2598,3212,2014-10-18
single_binary_segmentation_least_squares,2599,3212,2014-10-18
single_binary_segmentation_least_squares,2600,3217,2014-10-23
single_binary_segmentation_least_squares,2601,3212,2014-10-18
single_binary_segmentation_least_squares,2602,3212,2014-10-18
single_binary_segmentation_least_squares,2603,3212,2014-10-18
single_binary_segmentation_least_squares,2604,3199,2014-10-05
single_binary_segmentation_least_squares,2605,3212,2014-10-18
single_binary_segmentation_least_squares,2606,3235,2014-11-10
single_binary_segmentation_least_squares,2607,3212,2014-10-18
single_binary_segmentation_least_squares,2608,3231,2014-11-06
single_binary_segmentation_least_squares,2609,3212,2014-10-18
single_binary_segmentation_least_squares,2610,3212,2014-10-18
single_binary_segmentation_least_squares,2611,3287,2015-01-01
single_binary_segmentation_least_squares,2612,3287,2015-01-01
single_binary_segmentation_least_squares,2613,3236,2014-11-11
single_binary_segmentation_least_squares,2614,3212,2014-10-18
single_binary_segmentation_least_squares,2615,3287,2015-01-01
single_binary_segmentation_least_squares,2616,3287,2015-01-01
single_binary_segmentation_least_squares,2617,3212,2014-10-18
single_binary_segmentation_least_squares,2618,3282,2014-12-27
single_binary_segmentation_least_squares,2619,3287,2015-01-01
single_binary_segmentation_least_squares,2620,3244,2014-11-19
single_binary_segmentation_least_squares,2621,3212,2014-10-18
single_binary_segmentation_least_squares,2622,3287,2015-01-01
single_binary_segmentation_least_squares,2623,3265,2014-12-10
single_binary_segmentation_least_squares,2624,3252,2014-11-27
single_binary_segmentation_least_squares,2625,3231,2014-11-06
single_binary_segmentation_least_squares,2626,3212,2014-10-18
single_binary_segmentation_least_squares,2627,3284,2014-12-29
single_binary_segmentation_least_squares,2628,3215,2014-10-21
single_binary_segmentation_least_squares,2629,3287,2015-01-01
single_binary_segmentation_least_squares,2630,3275,2014-12-20
single_binary_segmentation_least_squares,2631,3287,2015-01-01
single_binary_segmentation_least_squares,2632,3212,2014-10-18
single_binary_segmentation_least_squares,2633,3212,2014-10-18
single_binary_segmentation_least_squares,2634,3232,2014-11-07
single_binary_segmentation_least_squares,2635,3233,2014-11-08
single_binary_segmentation_least_squares,2636,3204,2014-10-10
single_binary_segmentation_least_squares,2637,3243,2014-11-18
single_binary_segmentation_least_squares,2638,3115,2014-07-13
single_binary_segmentation_least_squares,2639,3287,2015-01-01
single_binary_segmentation_least_squares,2640,3244,2014-11-19
single_binary_segmentation_least_squares,2641,3212,2014-10-18
single_binary_segmentation_least_squares,2642,3287,2015-01-01
single_binary_segmentation_least_squares,2643,3212,2014-10-18
single_binary_segmentation_least_squares,2644,3212,2014-10-18
single_binary_segmentation_least_squares,2645,3212,2014-10-18
single_binary_segmentation_least_squares,2646,3287,2015-01-01
single_binary_segmentation_least_squares,2647,3212,2014-10-18
single_binary_segmentation_least_squares,2648,3212,2014-10-18
single_binary_segmentation_least_squares,2649,3212,2014-10-18
single_binary_segmentation_least_squares,2650,3200,2014-10-06
single_binary_segmentation_least_squares,2651,3152,2014-08-19
single_binary_segmentation_least_squares,2652,3287,2015-01-01
single_binary_segmentation_least_squares,2653,3195,2014-10-01
single_binary_segmentation_least_squares,2654,3212,2014-10-18
single_binary_segmentation_least_squares,2655,3287,2015-01-01
single_binary_segmentation_least_squares,2656,3287,2015-01-01
single_binary_segmentation_least_squares,2657,3212,2014-10-18
single_binary_segmentation_least_squares,2658,3143,2014-08-10
single_binary_segmentation_least_squares,2659,3287,2015-01-01
single_binary_segmentation_least_squares,2660,3212,2014-10-18
single_binary_segmentation_least_squares,2661,3180,2014-09-16
single_binary_segmentation_least_squares,2662,3212,2014-10-18
single_binary_segmentation_least_squares,2663,3233,2014-11-08
single_binary_segmentation_least_squares,2664,3212,2014-10-18
single_binary_segmentation_least_squares,2665,3212,2014-10-18
single_binary_segmentation_least_squares,2666,3212,2014-10-18
single_binary_segmentation_least_squares,2667,3287,2015-01-01
single_binary_segmentation_least_squares,2668,3268,2014-12-13
single_binary_segmentation_least_squares,2669,3287,2015-01-01
single_binary_segmentation_least_squares,2670,3212,2014-10-18
single_binary_segmentation_least_squares,2671,3212,2014-10-18
single_binary_segmentation_least_squares,2672,3287,2015-01-01
single_binary_segmentation_least_squares,2673,3287,2015-01-01
single_binary_segmentation_least_squares,2674,3287,2015-01-01
single_binary_segmentation_least_squares,2675,3230,2014-11-05
single_binary_segmentation_least_squares,2676,3287,2015-01-01
single_binary_segmentation_least_squares,2677,3287,2015-01-01
single_binary_segmentation_least_squares,2678,3209,2014-10-15
single_binary_segmentation_least_squares,2679,3212,2014-10-18
single_binary_segmentation_least_squares,2680,3245,2014-11-20
single_binary_segmentation_least_squares,2681,3212,2014-10-18
single_binary_segmentation_least_squares,2682,3287,2015-01-01
single_binary_segmentation_least_squares,2683,3212,2014-10-18
single_binary_segmentation_least_squares,2684,3249,2014-11-24
single_binary_segmentation_least_squares,2685,3271,2014-12-16
single_binary_segmentation_least_squares,2686,3212,2014-10-18
single_binary_segmentation_least_squares,2687,3212,2014-10-18
single_binary_segmentation_least_squares,2688,3210,2014-10-16
single_binary_segmentation_least_squares,2689,3287,2015-01-01
single_binary_segmentation_least_squares,2690,3212,2014-10-18
single_binary_segmentation_least_squares,2691,3287,2015-01-01
single_binary_segmentation_least_squares,2692,3248,2014-11-23
single_binary_segmentation_least_squares,2693,3216,2014-10-22
single_binary_segmentation_least_squares,2694,3287,2015-01-01
single_binary_segmentation_least_squares,2695,3212,2014-10-18
single_binary_segmentation_least_squares,2696,3287,2015-01-01
single_binary_segmentation_least_squares,2697,3286,2014-12-31
single_binary_segmentation_least_squares,2698,3212,2014-10-18
single_binary_segmentation_least_squares,2699,3219,2014-10-25
single_binary_segmentation_least_squares,2700,3214,2014-10-20
single_binary_segmentation_least_squares,2701,3212,2014-10-18
single_binary_segmentation_least_squares,2702,3257,2014-12-02
single_binary_segmentation_least_squares,2703,3212,2014-10-18
single_binary_segmentation_least_squares,2704,3212,2014-10-18
single_binary_segmentation_least_squares,2705,3287,2015-01-01
single_binary_segmentation_least_squares,2706,3212,2014-10-18
single_binary_segmentation_least_squares,2707,3212,2014-10-18
single_binary_segmentation_least_squares,2708,3287,2015-01-01
single_binary_segmentation_least_squares,2709,3248,2014-11-23
single_binary_segmentation_least_squares,2710,3198,2014-10-04
single_binary_segmentation_least_squares,2711,2920,2013-12-30
single_binary_segmentation_least_squares,2712,3212,2014-10-18
single_binary_segmentation_least_squares,2713,3287,2015-01-01
single_binary_segmentation_least_squares,2714,3212,2014-10-18
single_binary_segmentation_least_squares,2715,3246,2014-11-21
single_binary_segmentation_least_squares,2716,3213,2014-10-19
single_binary_segmentation_least_squares,2717,3212,2014-10-18
single_binary_segmentation_least_squares,2718,3169,2014-09-05
single_binary_segmentation_least_squares,2719,3212,2014-10-18
single_binary_segmentation_least_squares,2720,3284,2014-12-29
single_binary_segmentation_least_squares,2721,3234,2014-11-09
single_binary_segmentation_least_squares,2722,3191,2014-09-27
single_binary_segmentation_least_squares,2723,3212,2014-10-18
single_binary_segmentation_least_squares,2724,3212,2014-10-18
single_binary_segmentation_least_squares,2725,3212,2014-10-18
single_binary_segmentation_least_squares,2726,3212,2014-10-18
single_binary_segmentation_least_squares,2727,3212,2014-10-18
single_binary_segmentation_least_squares,2728,3011,2014-03-31
single_binary_segmentation_least_squares,2729,3181,2014-09-17
single_binary_segmentation_least_squares,2730,3212,2014-10-18
single_binary_segmentation_least_squares,2731,3228,2014-11-03
single_binary_segmentation_least_squares,2732,3212,2014-10-18
single_binary_segmentation_least_squares,2733,3287,2015-01-01
single_binary_segmentation_least_squares,2734,3212,2014-10-18
single_binary_segmentation_least_squares,2735,3212,2014-10-18
single_binary_segmentation_least_squares,2736,3238,2014-11-13
single_binary_segmentation_least_squares,2737,3284,2014-12-29
single_binary_segmentation_least_squares,2738,3287,2015-01-01
single_binary_segmentation_least_squares,2739,3212,2014-10-18
single_binary_segmentation_least_squares,2740,3199,2014-10-05
single_binary_segmentation_least_squares,2741,3285,2014-12-30
single_binary_segmentation_least_squares,2742,2711,2013-06-04
single_binary_segmentation_least_squares,2743,3243,2014-11-18
single_binary_segmentation_least_squares,2744,3238,2014-11-13
single_binary_segmentation_least_squares,2745,3212,2014-10-18
single_binary_segmentation_least_squares,2746,3212,2014-10-18
single_binary_segmentation_least_squares,2747,3277,2014-12-22
single_binary_segmentation_least_squares,2748,3204,2014-10-10
single_binary_segmentation_least_squares,2749,3259,2014-12-04
single_binary_segmentation_least_squares,2750,3212,2014-10-18
single_binary_segmentation_least_squares,2751,3287,2015-01-01
single_binary_segmentation_least_squares,2752,3287,2015-01-01
single_binary_segmentation_least_squares,2753,3287,2015-01-01
single_binary_segmentation_least_squares,2754,3287,2015-01-01
single_binary_segmentation_least_squares,2755,3287,2015-01-01
single_binary_segmentation_least_squares,2756,3287,2015-01-01
single_binary_segmentation_least_squares,2757,3287,2015-01-01
single_binary_segmentation_least_squares,2758,3212,2014-10-18
single_binary_segmentation_least_squares,2759,3287,2015-01-01
single_binary_segmentation_least_squares,2760,3208,2014-10-14
single_binary_segmentation_least_squares,2761,3212,2014-10-18
single_binary_segmentation_least_squares,2762,3287,2015-01-01
single_binary_segmentation_least_squares,2763,3122,2014-07-20
single_binary_segmentation_least_squares,2764,3036,2014-04-25
single_binary_segmentation_least_squares,2765,3212,2014-10-18
single_binary_segmentation_least_squares,2766,3212,2014-10-18
single_binary_segmentation_least_squares,2767,3156,2014-08-23
single_binary_segmentation_least_squares,2768,3153,2014-08-20
single_binary_segmentation_least_squares,2769,3204,2014-10-10
single_binary_segmentation_least_squares,2770,3212,2014-10-18
single_binary_segmentation_least_squares,2771,3221,2014-10-27
single_binary_segmentation_least_squares,2772,3212,2014-10-18
single_binary_segmentation_least_squares,2773,3158,2014-08-25
single_binary_segmentation_least_squares,2774,3287,2015-01-01
single_binary_segmentation_least_squares,2775,3224,2014-10-30
single_binary_segmentation_least_squares,2776,3253,2014-11-28
single_binary_segmentation_least_squares,2777,3283,2014-12-28
single_binary_segmentation_least_squares,2778,3212,2014-10-18
single_binary_segmentation_least_squares,2779,3212,2014-10-18
single_binary_segmentation_least_squares,2780,3256,2014-12-01
single_binary_segmentation_least_squares,2781,3287,2015-01-01
single_binary_segmentation_least_squares,2782,3243,2014-11-18
single_binary_segmentation_least_squares,2783,3212,2014-10-18
single_binary_segmentation_least_squares,2784,3252,2014-11-27
single_binary_segmentation_least_squares,2785,3212,2014-10-18
single_binary_segmentation_least_squares,2786,3192,2014-09-28
single_binary_segmentation_least_squares,2787,3212,2014-10-18
single_binary_segmentation_least_squares,2788,3206,2014-10-12
single_binary_segmentation_least_squares,2789,3287,2015-01-01
single_binary_segmentation_least_squares,2790,3212,2014-10-18
single_binary_segmentation_least_squares,2791,3287,2015-01-01
single_binary_segmentation_least_squares,2792,3212,2014-10-18
single_binary_segmentation_least_squares,2793,3287,2015-01-01
single_binary_segmentation_least_squares,2794,3212,2014-10-18
single_binary_segmentation_least_squares,2795,3204,2014-10-10
single_binary_segmentation_least_squares,2796,3212,2014-10-18
single_binary_segmentation_least_squares,2797,3134,2014-08-01
single_binary_segmentation_least_squares,2798,3287,2015-01-01
single_binary_segmentation_least_squares,2799,3210,2014-10-16
single_binary_segmentation_least_squares,2800,3254,2014-11-29
single_binary_segmentation_least_squares,2801,3287,2015-01-01
single_binary_segmentation_least_squares,2802,3287,2015-01-01
single_binary_segmentation_least_squares,2803,3212,2014-10-18
single_binary_segmentation_least_squares,2804,3287,2015-01-01
single_binary_segmentation_least_squares,2805,3212,2014-10-18
single_binary_segmentation_least_squares,2806,3287,2015-01-01
single_binary_segmentation_least_squares,2807,3102,2014-06-30
single_binary_segmentation_least_squares,2808,3287,2015-01-01
single_binary_segmentation_least_squares,2809,3240,2014-11-15
single_binary_segmentation_least_squares,2810,3287,2015-01-01
single_binary_segmentation_least_squares,2811,3212,2014-10-18
single_binary_segmentation_least_squares,2812,3201,2014-10-07
single_binary_segmentation_least_squares,2813,3212,2014-10-18
single_binary_segmentation_least_squares,2814,3287,2015-01-01
single_binary_segmentation_least_squares,2815,3205,2014-10-11
single_binary_segmentation_least_squares,2816,3212,2014-10-18
single_binary_segmentation_least_squares,2817,3212,2014-10-18
single_binary_segmentation_least_squares,2818,3199,2014-10-05
single_binary_segmentation_least_squares,2819,3181,2014-09-17
single_binary_segmentation_least_squares,2820,3210,2014-10-16
single_binary_segmentation_least_squares,2821,3285,2014-12-30
single_binary_segmentation_least_squares,2822,3212,2014-10-18
single_binary_segmentation_least_squares,2823,3287,2015-01-01
single_binary_segmentation_least_squares,2824,3242,2014-11-17
single_binary_segmentation_least_squares,2825,3212,2014-10-18
single_binary_segmentation_least_squares,2826,3212,2014-10-18
single_binary_segmentation_least_squares,2827,3232,2014-11-07
single_binary_segmentation_least_squares,2828,3214,2014-10-20
single_binary_segmentation_least_squares,2829,3287,2015-01-01
single_binary_segmentation_least_squares,2830,3188,2014-09-24
single_binary_segmentation_least_squares,2831,3189,2014-09-25
single_binary_segmentation_least_squares,2832,3287,2015-01-01
single_binary_segmentation_least_squares,2833,3201,2014-10-07
single_binary_segmentation_least_squares,2834,3212,2014-10-18
single_binary_segmentation_least_squares,2835,3250,2014-11-25
single_binary_segmentation_least_squares,2836,3287,2015-01-01
single_binary_segmentation_least_squares,2837,3212,2014-10-18
single_binary_segmentation_least_squares,2838,3212,2014-10-18
single_binary_segmentation_least_squares,2839,3269,2014-12-14
single_binary_segmentation_least_squares,2840,3206,2014-10-12
single_binary_segmentation_least_squares,2841,3212,2014-10-18
single_binary_segmentation_least_squares,2842,3238,2014-11-13
single_binary_segmentation_least_squares,2843,3287,2015-01-01
single_binary_segmentation_least_squares,2844,3287,2015-01-01
single_binary_segmentation_least_squares,2845,3287,2015-01-01
single_binary_segmentation_least_squares,2846,3200,2014-10-06
single_binary_segmentation_least_squares,2847,3140,2014-08-07
single_binary_segmentation_least_squares,2848,3206,2014-10-12
single_binary_segmentation_least_squares,2849,3212,2014-10-18
single_binary_segmentation_least_squares,2850,3212,2014-10-18
single_binary_segmentation_least_squares,2851,3194,2014-09-30
single_binary_segmentation_least_squares,2852,3120,2014-07-18
single_binary_segmentation_least_squares,2853,3219,2014-10-25
single_binary_segmentation_least_squares,2854,3176,2014-09-12
single_binary_segmentation_least_squares,2855,3287,2015-01-01
single_binary_segmentation_least_squares,2856,3212,2014-10-18
single_binary_segmentation_least_squares,2857,3212,2014-10-18
single_binary_segmentation_least_squares,2858,3212,2014-10-18
single_binary_segmentation_least_squares,2859,3144,2014-08-11
single_binary_segmentation_least_squares,2860,3157,2014-08-24
single_binary_segmentation_least_squares,2861,3187,2014-09-23
single_binary_segmentation_least_squares,2862,3212,2014-10-18
single_binary_segmentation_least_squares,2863,3287,2015-01-01
single_binary_segmentation_least_squares,2864,3287,2015-01-01
single_binary_segmentation_least_squares,2865,3287,2015-01-01
single_binary_segmentation_least_squares,2866,3212,2014-10-18
single_binary_segmentation_least_squares,2867,3287,2015-01-01
single_binary_segmentation_least_squares,2868,3212,2014-10-18
single_binary_segmentation_least_squares,2869,3287,2015-01-01
single_binary_segmentation_least_squares,2870,3212,2014-10-18
single_binary_segmentation_least_squares,2871,3209,2014-10-15
single_binary_segmentation_least_squares,2872,3284,2014-12-29
single_binary_segmentation_least_squares,2873,3212,2014-10-18
single_binary_segmentation_least_squares,2874,3208,2014-10-14
single_binary_segmentation_least_squares,2875,3287,2015-01-01
single_binary_segmentation_least_squares,2876,3212,2014-10-18
single_binary_segmentation_least_squares,2877,3287,2015-01-01
single_binary_segmentation_least_squares,2878,3212,2014-10-18
single_binary_segmentation_least_squares,2879,3212,2014-10-18
single_binary_segmentation_least_squares,2880,3287,2015-01-01
single_binary_segmentation_least_squares,2881,3212,2014-10-18
single_binary_segmentation_least_squares,2882,3212,2014-10-18
single_binary_segmentation_least_squares,2883,3212,2014-10-18
single_binary_segmentation_least_squares,2884,3262,2014-12-07
single_binary_segmentation_least_squares,2885,2989,2014-03-09
single_binary_segmentation_least_squares,2886,3285,2014-12-30
single_binary_segmentation_least_squares,2887,3212,2014-10-18
single_binary_segmentation_least_squares,2888,3221,2014-10-27
single_binary_segmentation_least_squares,2889,3287,2015-01-01
single_binary_segmentation_least_squares,2890,3212,2014-10-18
single_binary_segmentation_least_squares,2891,3212,2014-10-18
single_binary_segmentation_least_squares,2892,3212,2014-10-18
single_binary_segmentation_least_squares,2893,3212,2014-10-18
single_binary_segmentation_least_squares,2894,3212,2014-10-18
single_binary_segmentation_least_squares,2895,3261,2014-12-06
single_binary_segmentation_least_squares,2896,3283,2014-12-28
single_binary_segmentation_least_squares,2897,3287,2015-01-01
single_binary_segmentation_least_squares,2898,3287,2015-01-01
single_binary_segmentation_least_squares,2899,3287,2015-01-01
single_binary_segmentation_least_squares,2900,3212,2014-10-18
single_binary_segmentation_least_squares,2901,3194,2014-09-30
single_binary_segmentation_least_squares,2902,3251,2014-11-26
single_binary_segmentation_least_squares,2903,3212,2014-10-18
single_binary_segmentation_least_squares,2904,3212,2014-10-18
single_binary_segmentation_least_squares,2905,3227,2014-11-02
single_binary_segmentation_least_squares,2906,3226,2014-11-01
single_binary_segmentation_least_squares,2907,3252,2014-11-27
single_binary_segmentation_least_squares,2908,3212,2014-10-18
single_binary_segmentation_least_squares,2909,3259,2014-12-04
single_binary_segmentation_least_squares,2910,3190,2014-09-26
single_binary_segmentation_least_squares,2911,3287,2015-01-01
single_binary_segmentation_least_squares,2912,3212,2014-10-18
single_binary_segmentation_least_squares,2913,3185,2014-09-21
single_binary_segmentation_least_squares,2914,3287,2015-01-01
single_binary_segmentation_least_squares,2915,3186,2014-09-22
single_binary_segmentation_least_squares,2916,3212,2014-10-18
single_binary_segmentation_least_squares,2917,3236,2014-11-11
single_binary_segmentation_least_squares,2918,3236,2014-11-11
single_binary_segmentation_least_squares,2919,3212,2014-10-18
single_binary_segmentation_least_squares,2920,3241,2014-11-16
single_binary_segmentation_least_squares,2921,3212,2014-10-18
single_binary_segmentation_least_squares,2922,3244,2014-11-19
single_binary_segmentation_least_squares,2923,3287,2015-01-01
single_binary_segmentation_least_squares,2924,3110,2014-07-08
single_binary_segmentation_least_squares,2925,3203,2014-10-09
single_binary_segmentation_least_squares,2926,3212,2014-10-18
single_binary_segmentation_least_squares,2927,3212,2014-10-18
single_binary_segmentation_least_squares,2928,3241,2014-11-16
single_binary_segmentation_least_squares,2929,3276,2014-12-21
single_binary_segmentation_least_squares,2930,3254,2014-11-29
single_binary_segmentation_least_squares,2931,3237,2014-11-12
single_binary_segmentation_least_squares,2932,3287,2015-01-01
single_binary_segmentation_least_squares,2933,3212,2014-10-18
single_binary_segmentation_least_squares,2934,3177,2014-09-13
single_binary_segmentation_least_squares,2935,3212,2014-10-18
single_binary_segmentation_least_squares,2936,3212,2014-10-18
single_binary_segmentation_least_squares,2937,3212,2014-10-18
single_binary_segmentation_least_squares,2938,3206,2014-10-12
single_binary_segmentation_least_squares,2939,3212,2014-10-18
single_binary_segmentation_least_squares,2940,3212,2014-10-18
single_binary_segmentation_least_squares,2941,3212,2014-10-18
single_binary_segmentation_least_squares,2942,3212,2014-10-18
single_binary_segmentation_least_squares,2943,3212,2014-10-18
single_binary_segmentation_least_squares,2944,3212,2014-10-18
single_binary_segmentation_least_squares,2945,3287,2015-01-01
single_binary_segmentation_least_squares,2946,3287,2015-01-01
single_binary_segmentation_least_squares,2947,3212,2014-10-18
single_binary_segmentation_least_squares,2948,3154,2014-08-21
single_binary_segmentation_least_squares,2949,3212,2014-10-18
single_binary_segmentation_least_squares,2950,3287,2015-01-01
single_binary_segmentation_least_squares,2951,3265,2014-12-10
single_binary_segmentation_least_squares,2952,3287,2015-01-01
single_binary_segmentation_least_squares,2953,3212,2014-10-18
single_binary_segmentation_least_squares,2954,3287,2015-01-01
single_binary_segmentation_least_squares,2955,2898,2013-12-08
single_binary_segmentation_least_squares,2956,3261,2014-12-06
single_binary_segmentation_least_squares,2957,3287,2015-01-01
single_binary_segmentation_least_squares,2958,3210,2014-10-16
single_binary_segmentation_least_squares,2959,3205,2014-10-11
single_binary_segmentation_least_squares,2960,3235,2014-11-10
single_binary_segmentation_least_squares,2961,3205,2014-10-11
single_binary_segmentation_least_squares,2962,3212,2014-10-18
single_binary_segmentation_least_squares,2963,3212,2014-10-18
single_binary_segmentation_least_squares,2964,3212,2014-10-18
single_binary_segmentation_least_squares,2965,3206,2014-10-12
single_binary_segmentation_least_squares,2966,3212,2014-10-18
single_binary_segmentation_least_squares,2967,3287,2015-01-01
single_binary_segmentation_least_squares,2968,3274,2014-12-19
single_binary_segmentation_least_squares,2969,3212,2014-10-18
single_binary_segmentation_least_squares,2970,3212,2014-10-18
single_binary_segmentation_least_squares,2971,3266,2014-12-11
single_binary_segmentation_least_squares,2972,3287,2015-01-01
single_binary_segmentation_least_squares,2973,3212,2014-10-18
single_binary_segmentation_least_squares,2974,3212,2014-10-18
single_binary_segmentation_least_squares,2975,3245,2014-11-20
single_binary_segmentation_least_squares,2976,3212,2014-10-18
single_binary_segmentation_least_squares,2977,3212,2014-10-18
single_binary_segmentation_least_squares,2978,3287,2015-01-01
single_binary_segmentation_least_squares,2979,2721,2013-06-14
single_binary_segmentation_least_squares,2980,3200,2014-10-06
single_binary_segmentation_least_squares,2981,3244,2014-11-19
single_binary_segmentation_least_squares,2982,3212,2014-10-18
single_binary_segmentation_least_squares,2983,3212,2014-10-18
single_binary_segmentation_least_squares,2984,3231,2014-11-06
single_binary_segmentation_least_squares,2985,3212,2014-10-18
single_binary_segmentation_least_squares,2986,3212,2014-10-18
single_binary_segmentation_least_squares,2987,3212,2014-10-18
single_binary_segmentation_least_squares,2988,3212,2014-10-18
single_binary_segmentation_least_squares,2989,3077,2014-06-05
single_binary_segmentation_least_squares,2990,3232,2014-11-07
single_binary_segmentation_least_squares,2991,3212,2014-10-18
single_binary_segmentation_least_squares,2992,3221,2014-10-27
single_binary_segmentation_least_squares,2993,3287,2015-01-01
single_binary_segmentation_least_squares,2994,3277,2014-12-22
single_binary_segmentation_least_squares,2995,3254,2014-11-29
single_binary_segmentation_least_squares,2996,3212,2014-10-18
single_binary_segmentation_least_squares,2997,3287,2015-01-01
single_binary_segmentation_least_squares,2998,3244,2014-11-19
single_binary_segmentation_least_squares,2999,3223,2014-10-29
single_binary_segmentation_least_squares,3000,3248,2014-11-23
single_binary_segmentation_least_squares,3001,3241,2014-11-16
single_binary_segmentation_least_squares,3002,3287,2015-01-01
single_binary_segmentation_least_squares,3003,3287,2015-01-01
single_binary_segmentation_least_squares,3004,3212,2014-10-18
single_binary_segmentation_least_squares,3005,3287,2015-01-01
single_binary_segmentation_least_squares,3006,3152,2014-08-19
single_binary_segmentation_least_squares,3007,3212,2014-10-18
single_binary_segmentation_least_squares,3008,3212,2014-10-18
single_binary_segmentation_least_squares,3009,3212,2014-10-18
single_binary_segmentation_least_squares,3010,3287,2015-01-01
single_binary_segmentation_least_squares,3011,3212,2014-10-18
single_binary_segmentation_least_squares,3012,3287,2015-01-01
single_binary_segmentation_least_squares,3013,3212,2014-10-18
single_binary_segmentation_least_squares,3014,3212,2014-10-18
single_binary_segmentation_least_squares,3015,3212,2014-10-18
single_binary_segmentation_least_squares,3016,3212,2014-10-18
single_binary_segmentation_least_squares,3017,3259,2014-12-04
single_binary_segmentation_least_squares,3018,3235,2014-11-10
single_binary_segmentation_least_squares,3019,3287,2015-01-01
single_binary_segmentation_least_squares,3020,3212,2014-10-18
single_binary_segmentation_least_squares,3021,3242,2014-11-17
single_binary_segmentation_least_squares,3022,3212,2014-10-18
single_binary_segmentation_least_squares,3023,3287,2015-01-01
single_binary_segmentation_least_squares,3024,3261,2014-12-06
single_binary_segmentation_least_squares,3025,3286,2014-12-31
single_binary_segmentation_least_squares,3026,3212,2014-10-18
single_binary_segmentation_least_squares,3027,3262,2014-12-07
single_binary_segmentation_least_squares,3028,3287,2015-01-01
single_binary_segmentation_least_squares,3029,3212,2014-10-18
single_binary_segmentation_least_squares,3030,3212,2014-10-18
single_binary_segmentation_least_squares,3031,3243,2014-11-18
single_binary_segmentation_least_squares,3032,3211,2014-10-17
single_binary_segmentation_least_squares,3033,3212,2014-10-18
single_binary_segmentation_least_squares,3034,3212,2014-10-18
single_binary_segmentation_least_squares,3035,3221,2014-10-27
single_binary_segmentation_least_squares,3036,3197,2014-10-03
single_binary_segmentation_least_squares,3037,3263,2014-12-08
single_binary_segmentation_least_squares,3038,3274,2014-12-19
single_binary_segmentation_least_squares,3039,3243,2014-11-18
single_binary_segmentation_least_squares,3040,3233,2014-11-08
single_binary_segmentation_least_squares,3041,3212,2014-10-18
single_binary_segmentation_least_squares,3042,3176,2014-09-12
single_binary_segmentation_least_squares,3043,1762,2010-10-29
single_binary_segmentation_least_squares,3044,3166,2014-09-02
single_binary_segmentation_least_squares,3045,3209,2014-10-15
single_binary_segmentation_least_squares,3046,3284,2014-12-29
single_binary_segmentation_least_squares,3047,3287,2015-01-01
single_binary_segmentation_least_squares,3048,3287,2015-01-01
single_binary_segmentation_least_squares,3049,3243,2014-11-18
single_binary_segmentation_least_squares,3050,3284,2014-12-29
single_binary_segmentation_least_squares,3051,3212,2014-10-18
single_binary_segmentation_least_squares,3052,3287,2015-01-01
single_binary_segmentation_least_squares,3053,3212,2014-10-18
single_binary_segmentation_least_squares,3054,3231,2014-11-06
single_binary_segmentation_least_squares,3055,3212,2014-10-18
single_binary_segmentation_least_squares,3056,3212,2014-10-18
single_binary_segmentation_least_squares,3057,3131,2014-07-29
single_binary_segmentation_least_squares,3058,3287,2015-01-01
single_binary_segmentation_least_squares,3059,3213,2014-10-19
single_binary_segmentation_least_squares,3060,3287,2015-01-01
single_binary_segmentation_least_squares,3061,3210,2014-10-16
single_binary_segmentation_least_squares,3062,3287,2015-01-01
single_binary_segmentation_least_squares,3063,3212,2014-10-18
single_binary_segmentation_least_squares,3064,3218,2014-10-24
single_binary_segmentation_least_squares,3065,3212,2014-10-18
single_binary_segmentation_least_squares,3066,3287,2015-01-01
single_binary_segmentation_least_squares,3067,3212,2014-10-18
single_binary_segmentation_least_squares,3068,3212,2014-10-18
single_binary_segmentation_least_squares,3069,3212,2014-10-18
single_binary_segmentation_least_squares,3070,3247,2014-11-22
single_binary_segmentation_least_squares,3071,3207,2014-10-13
single_binary_segmentation_least_squares,3072,3204,2014-10-10
single_binary_segmentation_least_squares,3073,3287,2015-01-01
single_binary_segmentation_least_squares,3074,3212,2014-10-18
single_binary_segmentation_least_squares,3075,3213,2014-10-19
single_binary_segmentation_least_squares,3076,3287,2015-01-01
single_binary_segmentation_least_squares,3077,3287,2015-01-01
single_binary_segmentation_least_squares,3078,3273,2014-12-18
single_binary_segmentation_least_squares,3079,3205,2014-10-11
single_binary_segmentation_least_squares,3080,3212,2014-10-18
single_binary_segmentation_least_squares,3081,3177,2014-09-13
single_binary_segmentation_least_squares,3082,3238,2014-11-13
single_binary_segmentation_least_squares,3083,3287,2015-01-01
single_binary_segmentation_least_squares,3084,3277,2014-12-22
single_binary_segmentation_least_squares,3085,3212,2014-10-18
single_binary_segmentation_least_squares,3086,3242,2014-11-17
single_binary_segmentation_least_squares,3087,3210,2014-10-16
single_binary_segmentation_least_squares,3088,3203,2014-10-09
single_binary_segmentation_least_squares,3089,3212,2014-10-18
single_binary_segmentation_least_squares,3090,3287,2015-01-01
single_binary_segmentation_least_squares,3091,3260,2014-12-05
single_binary_segmentation_least_squares,3092,3212,2014-10-18
single_binary_segmentation_least_squares,3093,3212,2014-10-18
single_binary_segmentation_least_squares,3094,3212,2014-10-18
single_binary_segmentation_least_squares,3095,3247,2014-11-22
single_binary_segmentation_least_squares,3096,3212,2014-10-18
single_binary_segmentation_least_squares,3097,3212,2014-10-18
single_binary_segmentation_least_squares,3098,3212,2014-10-18
single_binary_segmentation_least_squares,3099,3220,2014-10-26
single_binary_segmentation_least_squares,3100,3270,2014-12-15
single_binary_segmentation_least_squares,3101,3212,2014-10-18
single_binary_segmentation_least_squares,3102,3185,2014-09-21
single_binary_segmentation_least_squares,3103,3226,2014-11-01
single_binary_segmentation_least_squares,3104,3212,2014-10-18
single_binary_segmentation_least_squares,3105,3287,2015-01-01
single_binary_segmentation_least_squares,3106,3252,2014-11-27
single_binary_segmentation_least_squares,3107,3212,2014-10-18
single_binary_segmentation_least_squares,3108,3234,2014-11-09
single_binary_segmentation_least_squares,3109,3212,2014-10-18
single_binary_segmentation_least_squares,3110,3287,2015-01-01
single_binary_segmentation_least_squares,3111,3233,2014-11-08
single_binary_segmentation_least_squares,3112,3287,2015-01-01
single_binary_segmentation_least_squares,3113,3212,2014-10-18
single_binary_segmentation_least_squares,3114,3200,2014-10-06
single_binary_segmentation_least_squares,3115,3233,2014-11-08
single_binary_segmentation_least_squares,3116,3212,2014-10-18
single_binary_segmentation_least_squares,3117,3287,2015-01-01
single_binary_segmentation_least_squares,3118,3210,2014-10-16
single_binary_segmentation_least_squares,3119,3287,2015-01-01
single_binary_segmentation_least_squares,3120,3212,2014-10-18
single_binary_segmentation_least_squares,3121,3287,2015-01-01
single_binary_segmentation_least_squares,3122,3212,2014-10-18
single_binary_segmentation_least_squares,3123,3287,2015-01-01
single_binary_segmentation_least_squares,3124,3212,2014-10-18
single_binary_segmentation_least_squares,3125,3212,2014-10-18
single_binary_segmentation_least_squares,3126,3212,2014-10-18
single_binary_segmentation_least_squares,3127,3249,2014-11-24
single_binary_segmentation_least_squares,3128,2999,2014-03-19
single_binary_segmentation_least_squares,3129,3281,2014-12-26
single_binary_segmentation_least_squares,3130,3287,2015-01-01
single_binary_segmentation_least_squares,3131,3287,2015-01-01
single_binary_segmentation_least_squares,3132,3287,2015-01-01
single_binary_segmentation_least_squares,3133,3212,2014-10-18
single_binary_segmentation_least_squares,3134,3255,2014-11-30
single_binary_segmentation_least_squares,3135,3212,2014-10-18
single_binary_segmentation_least_squares,3136,3287,2015-01-01
single_binary_segmentation_least_squares,3137,3212,2014-10-18
single_binary_segmentation_least_squares,3138,3273,2014-12-18
single_binary_segmentation_least_squares,3139,3267,2014-12-12
single_binary_segmentation_least_squares,3140,3286,2014-12-31
single_binary_segmentation_least_squares,3141,3233,2014-11-08
single_binary_segmentation_least_squares,3142,3287,2015-01-01
single_binary_segmentation_least_squares,3143,3212,2014-10-18
single_binary_segmentation_least_squares,3144,3211,2014-10-17
single_binary_segmentation_least_squares,3145,3212,2014-10-18
single_binary_segmentation_least_squares,3146,3212,2014-10-18
single_binary_segmentation_least_squares,3147,3287,2015-01-01
single_binary_segmentation_least_squares,3148,3287,2015-01-01
single_binary_segmentation_least_squares,3149,3211,2014-10-17
single_binary_segmentation_least_squares,3150,3279,2014-12-24
single_binary_segmentation_least_squares,3151,3212,2014-10-18
single_binary_segmentation_least_squares,3152,3217,2014-10-23
single_binary_segmentation_least_squares,3153,3247,2014-11-22
single_binary_segmentation_least_squares,3154,3212,2014-10-18
single_binary_segmentation_least_squares,3155,3287,2015-01-01
single_binary_segmentation_least_squares,3156,3287,2015-01-01
single_binary_segmentation_least_squares,3157,3287,2015-01-01
single_binary_segmentation_least_squares,3158,3212,2014-10-18
single_binary_segmentation_least_squares,3159,3283,2014-12-28
single_binary_segmentation_least_squares,3160,3212,2014-10-18
single_binary_segmentation_least_squares,3161,3208,2014-10-14
single_binary_segmentation_least_squares,3162,3263,2014-12-08
single_binary_segmentation_least_squares,3163,3212,2014-10-18
single_binary_segmentation_least_squares,3164,3210,2014-10-16
single_binary_segmentation_least_squares,3165,3212,2014-10-18
single_binary_segmentation_least_squares,3166,2981,2014-03-01
single_binary_segmentation_least_squares,3167,3287,2015-01-01
single_binary_segmentation_least_squares,3168,3254,2014-11-29
single_binary_segmentation_least_squares,3169,3287,2015-01-01
single_binary_segmentation_least_squares,3170,3212,2014-10-18
single_binary_segmentation_least_squares,3171,3287,2015-01-01
single_binary_segmentation_least_squares,3172,3262,2014-12-07
single_binary_segmentation_least_squares,3173,3287,2015-01-01
single_binary_segmentation_least_squares,3174,3212,2014-10-18
single_binary_segmentation_least_squares,3175,3275,2014-12-20
single_binary_segmentation_least_squares,3176,3212,2014-10-18
single_binary_segmentation_least_squares,3177,3287,2015-01-01
single_binary_segmentation_least_squares,3178,3287,2015-01-01
single_binary_segmentation_least_squares,3179,3196,2014-10-02
single_binary_segmentation_least_squares,3180,3212,2014-10-18
single_binary_segmentation_least_squares,3181,3287,2015-01-01
single_binary_segmentation_least_squares,3182,3208,2014-10-14
single_binary_segmentation_least_squares,3183,3203,2014-10-09
single_binary_segmentation_least_squares,3184,3212,2014-10-18
single_binary_segmentation_least_squares,3185,3178,2014-09-14
single_binary_segmentation_least_squares,3186,3287,2015-01-01
single_binary_segmentation_least_squares,3187,3139,2014-08-06
single_binary_segmentation_least_squares,3188,3212,2014-10-18
single_binary_segmentation_least_squares,3189,3211,2014-10-17
single_binary_segmentation_least_squares,3190,3217,2014-10-23
single_binary_segmentation_least_squares,3191,3244,2014-11-19
single_binary_segmentation_least_squares,3192,3212,2014-10-18
single_binary_segmentation_least_squares,3193,3243,2014-11-18
single_binary_segmentation_least_squares,3194,3204,2014-10-10
single_binary_segmentation_least_squares,3195,3239,2014-11-14
single_binary_segmentation_least_squares,3196,3212,2014-10-18
single_binary_segmentation_least_squares,3197,3162,2014-08-29
single_binary_segmentation_least_squares,3198,3212,2014-10-18
single_binary_segmentation_least_squares,3199,3185,2014-09-21
single_binary_segmentation_least_squares,3200,3210,2014-10-16
single_binary_segmentation_least_squares,3201,3239,2014-11-14
single_binary_segmentation_least_squares,3202,3278,2014-12-23
single_binary_segmentation_least_squares,3203,3195,2014-10-01
single_binary_segmentation_least_squares,3204,3287,2015-01-01
single_binary_segmentation_least_squares,3205,3225,2014-10-31
single_binary_segmentation_least_squares,3206,3212,2014-10-18
single_binary_segmentation_least_squares,3207,3212,2014-10-18
single_binary_segmentation_least_squares,3208,3212,2014-10-18
single_binary_segmentation_least_squares,3209,3212,2014-10-18
single_binary_segmentation_least_squares,3210,3212,2014-10-18
single_binary_segmentation_least_squares,3211,3216,2014-10-22
single_binary_segmentation_least_squares,3212,3207,2014-10-13
single_binary_segmentation_least_squares,3213,3287,2015-01-01
single_binary_segmentation_least_squares,3214,3207,2014-10-13
single_binary_segmentation_least_squares,3215,3240,2014-11-15
single_binary_segmentation_least_squares,3216,3230,2014-11-05
single_binary_segmentation_least_squares,3217,3286,2014-12-31
single_binary_segmentation_least_squares,3218,3282,2014-12-27
single_binary_segmentation_least_squares,3219,3212,2014-10-18
single_binary_segmentation_least_squares,3220,3287,2015-01-01
single_binary_segmentation_least_squares,3221,3005,2014-03-25
single_binary_segmentation_least_squares,3222,3212,2014-10-18
single_binary_segmentation_least_squares,3223,3287,2015-01-01
single_binary_segmentation_least_squares,3224,2650,2013-04-04
single_binary_segmentation_least_squares,3225,3246,2014-11-21
single_binary_segmentation_least_squares,3226,3139,2014-08-06
single_binary_segmentation_least_squares,3227,3212,2014-10-18
single_binary_segmentation_least_squares,3228,3212,2014-10-18
single_binary_segmentation_least_squares,3229,3214,2014-10-20
single_binary_segmentation_least_squares,3230,3212,2014-10-18
single_binary_segmentation_least_squares,3231,3212,2014-10-18
single_binary_segmentation_least_squares,3232,3254,2014-11-29
single_binary_segmentation_least_squares,3233,3212,2014-10-18
single_binary_segmentation_least_squares,3234,3287,2015-01-01
single_binary_segmentation_least_squares,3235,3212,2014-10-18
single_binary_segmentation_least_squares,3236,3212,2014-10-18
single_binary_segmentation_least_squares,3237,3287,2015-01-01
single_binary_segmentation_least_squares,3238,3284,2014-12-29
single_binary_segmentation_least_squares,3239,3287,2015-01-01
single_binary_segmentation_least_squares,3240,3212,2014-10-18
single_binary_segmentation_least_squares,3241,3212,2014-10-18
single_binary_segmentation_least_squares,3242,3212,2014-10-18
single_binary_segmentation_least_squares,3243,3212,2014-10-18
single_binary_segmentation_least_squares,3244,3212,2014-10-18
single_binary_segmentation_least_squares,3245,3287,2015-01-01
single_binary_segmentation_least_squares,3246,3013,2014-04-02
single_binary_segmentation_least_squares,3247,3212,2014-10-18
single_binary_segmentation_least_squares,3248,3240,2014-11-15
single_binary_segmentation_least_squares,3249,3212,2014-10-18
single_binary_segmentation_least_squares,3250,3212,2014-10-18
single_binary_segmentation_least_squares,3251,3212,2014-10-18
single_binary_segmentation_least_squares,3252,3283,2014-12-28
single_binary_segmentation_least_squares,3253,3281,2014-12-26
single_binary_segmentation_least_squares,3254,3211,2014-10-17
single_binary_segmentation_least_squares,3255,3099,2014-06-27
single_binary_segmentation_least_squares,3256,3212,2014-10-18
single_binary_segmentation_least_squares,3257,3212,2014-10-18
single_binary_segmentation_least_squares,3258,3287,2015-01-01
single_binary_segmentation_least_squares,3259,3212,2014-10-18
single_binary_segmentation_least_squares,3260,3276,2014-12-21
single_binary_segmentation_least_squares,3261,3282,2014-12-27
single_binary_segmentation_least_squares,3262,3209,2014-10-15
single_binary_segmentation_least_squares,3263,3212,2014-10-18
single_binary_segmentation_least_squares,3264,3159,2014-08-26
single_binary_segmentation_least_squares,3265,3287,2015-01-01
single_binary_segmentation_least_squares,3266,3073,2014-06-01
single_binary_segmentation_least_squares,3267,3215,2014-10-21
single_binary_segmentation_least_squares,3268,3213,2014-10-19
single_binary_segmentation_least_squares,3269,3212,2014-10-18
single_binary_segmentation_least_squares,3270,3287,2015-01-01
single_binary_segmentation_least_squares,3271,3287,2015-01-01
single_binary_segmentation_least_squares,3272,3287,2015-01-01
single_binary_segmentation_least_squares,3273,3287,2015-01-01
single_binary_segmentation_least_squares,3274,3281,2014-12-26
single_binary_segmentation_least_squares,3275,3287,2015-01-01
single_binary_segmentation_least_squares,3276,3212,2014-10-18
single_binary_segmentation_least_squares,3277,3239,2014-11-14
single_binary_segmentation_least_squares,3278,3212,2014-10-18
single_binary_segmentation_least_squares,3279,3233,2014-11-08
single_binary_segmentation_least_squares,3280,3236,2014-11-11
single_binary_segmentation_least_squares,3281,3174,2014-09-10
single_binary_segmentation_least_squares,3282,3212,2014-10-18
single_binary_segmentation_least_squares,3283,3287,2015-01-01
single_binary_segmentation_least_squares,3284,3212,2014-10-18
single_binary_segmentation_least_squares,3285,3287,2015-01-01
single_binary_segmentation_least_squares,3286,3228,2014-11-03
single_binary_segmentation_least_squares,3287,3210,2014-10-16
single_binary_segmentation_least_squares,3288,3212,2014-10-18
single_binary_segmentation_least_squares,3289,3287,2015-01-01
single_binary_segmentation_least_squares,3290,3212,2014-10-18
single_binary_segmentation_least_squares,3291,3212,2014-10-18
single_binary_segmentation_least_squares,3292,3228,2014-11-03
single_binary_segmentation_least_squares,3293,3287,2015-01-01
single_binary_segmentation_least_squares,3294,3212,2014-10-18
single_binary_segmentation_least_squares,3295,3212,2014-10-18
single_binary_segmentation_least_squares,3296,3212,2014-10-18
single_binary_segmentation_least_squares,3297,3250,2014-11-25
single_binary_segmentation_least_squares,3298,3212,2014-10-18
single_binary_segmentation_least_squares,3299,3287,2015-01-01
single_binary_segmentation_least_squares,3300,3212,2014-10-18
single_binary_segmentation_least_squares,3301,3211,2014-10-17
single_binary_segmentation_least_squares,3302,3212,2014-10-18
single_binary_segmentation_least_squares,3303,3212,2014-10-18
single_binary_segmentation_least_squares,3304,3287,2015-01-01
single_binary_segmentation_least_squares,3305,3212,2014-10-18
single_binary_segmentation_least_squares,3306,3212,2014-10-18
single_binary_segmentation_least_squares,3307,3212,2014-10-18
single_binary_segmentation_least_squares,3308,3287,2015-01-01
single_binary_segmentation_least_squares,3309,3212,2014-10-18
single_binary_segmentation_least_squares,3310,3212,2014-10-18
single_binary_segmentation_least_squares,3311,3221,2014-10-27
single_binary_segmentation_least_squares,3312,3215,2014-10-21
single_binary_segmentation_least_squares,3313,3212,2014-10-18
single_binary_segmentation_least_squares,3314,3222,2014-10-28
single_binary_segmentation_least_squares,3315,3212,2014-10-18
single_binary_segmentation_least_squares,3316,3212,2014-10-18
single_binary_segmentation_least_squares,3317,3268,2014-12-13
single_binary_segmentation_least_squares,3318,3229,2014-11-04
single_binary_segmentation_least_squares,3319,3206,2014-10-12
single_binary_segmentation_least_squares,3320,3287,2015-01-01
single_binary_segmentation_least_squares,3321,3198,2014-10-04
single_binary_segmentation_least_squares,3322,3187,2014-09-23
single_binary_segmentation_least_squares,3323,3212,2014-10-18
single_binary_segmentation_least_squares,3324,3212,2014-10-18
single_binary_segmentation_least_squares,3325,2373,2012-07-01
single_binary_segmentation_least_squares,3326,3234,2014-11-09
single_binary_segmentation_least_squares,3327,3212,2014-10-18
single_binary_segmentation_least_squares,3328,3287,2015-01-01
single_binary_segmentation_least_squares,3329,3212,2014-10-18
single_binary_segmentation_least_squares,3330,3178,2014-09-14
single_binary_segmentation_least_squares,3331,3287,2015-01-01
single_binary_segmentation_least_squares,3332,3235,2014-11-10
single_binary_segmentation_least_squares,3333,3212,2014-10-18
single_binary_segmentation_least_squares,3334,3281,2014-12-26
single_binary_segmentation_least_squares,3335,3212,2014-10-18
single_binary_segmentation_least_squares,3336,3284,2014-12-29
single_binary_segmentation_least_squares,3337,3166,2014-09-02
single_binary_segmentation_least_squares,3338,3212,2014-10-18
single_binary_segmentation_least_squares,3339,3212,2014-10-18
single_binary_segmentation_least_squares,3340,3212,2014-10-18
single_binary_segmentation_least_squares,3341,3212,2014-10-18
single_binary_segmentation_least_squares,3342,3263,2014-12-08
single_binary_segmentation_least_squares,3343,3212,2014-10-18
single_binary_segmentation_least_squares,3344,3212,2014-10-18
single_binary_segmentation_least_squares,3345,3287,2015-01-01
single_binary_segmentation_least_squares,3346,3212,2014-10-18
single_binary_segmentation_least_squares,3347,3212,2014-10-18
single_binary_segmentation_least_squares,3348,3214,2014-10-20
single_binary_segmentation_least_squares,3349,3287,2015-01-01
single_binary_segmentation_least_squares,3350,3287,2015-01-01
single_binary_segmentation_least_squares,3351,3212,2014-10-18
single_binary_segmentation_least_squares,3352,3287,2015-01-01
single_binary_segmentation_least_squares,3353,3212,2014-10-18
single_binary_segmentation_least_squares,3354,3178,2014-09-14
single_binary_segmentation_least_squares,3355,3212,2014-10-18
single_binary_segmentation_least_squares,3356,3231,2014-11-06
single_binary_segmentation_least_squares,3357,3287,2015-01-01
single_binary_segmentation_least_squares,3358,3212,2014-10-18
single_binary_segmentation_least_squares,3359,3287,2015-01-01
single_binary_segmentation_least_squares,3360,3287,2015-01-01
single_binary_segmentation_least_squares,3361,3287,2015-01-01
single_binary_segmentation_least_squares,3362,3215,2014-10-21
single_binary_segmentation_least_squares,3363,3212,2014-10-18
single_binary_segmentation_least_squares,3364,3212,2014-10-18
single_binary_segmentation_least_squares,3365,3284,2014-12-29
single_binary_segmentation_least_squares,3366,3287,2015-01-01
single_binary_segmentation_least_squares,3367,3212,2014-10-18
single_binary_segmentation_least_squares,3368,3261,2014-12-06
single_binary_segmentation_least_squares,3369,3250,2014-11-25
single_binary_segmentation_least_squares,3370,3212,2014-10-18
single_binary_segmentation_least_squares,3371,3287,2015-01-01
single_binary_segmentation_least_squares,3372,3232,2014-11-07
single_binary_segmentation_least_squares,3373,3212,2014-10-18
single_binary_segmentation_least_squares,3374,3174,2014-09-10
single_binary_segmentation_least_squares,3375,3212,2014-10-18
single_binary_segmentation_least_squares,3376,3212,2014-10-18
single_binary_segmentation_least_squares,3377,3245,2014-11-20
single_binary_segmentation_least_squares,3378,3170,2014-09-06
single_binary_segmentation_least_squares,3379,3169,2014-09-05
single_binary_segmentation_least_squares,3380,3243,2014-11-18
single_binary_segmentation_least_squares,3381,3212,2014-10-18
single_binary_segmentation_least_squares,3382,3212,2014-10-18
single_binary_segmentation_least_squares,3383,3212,2014-10-18
single_binary_segmentation_least_squares,3384,3286,2014-12-31
single_binary_segmentation_least_squares,3385,3287,2015-01-01
single_binary_segmentation_least_squares,3386,3212,2014-10-18
single_binary_segmentation_least_squares,3387,3287,2015-01-01
single_binary_segmentation_least_squares,3388,3207,2014-10-13
single_binary_segmentation_least_squares,3389,3212,2014-10-18
single_binary_segmentation_least_squares,3390,3212,2014-10-18
single_binary_segmentation_least_squares,3391,3208,2014-10-14
single_binary_segmentation_least_squares,3392,3287,2015-01-01
single_binary_segmentation_least_squares,3393,3212,2014-10-18
single_binary_segmentation_least_squares,3394,3287,2015-01-01
single_binary_segmentation_least_squares,3395,3193,2014-09-29
single_binary_segmentation_least_squares,3396,3287,2015-01-01
single_binary_segmentation_least_squares,3397,3252,2014-11-27
single_binary_segmentation_least_squares,3398,3212,2014-10-18
single_binary_segmentation_least_squares,3399,3287,2015-01-01
single_binary_segmentation_least_squares,3400,3212,2014-10-18
single_binary_segmentation_least_squares,3401,3211,2014-10-17
single_binary_segmentation_least_squares,3402,3212,2014-10-18
single_binary_segmentation_least_squares,3403,3287,2015-01-01
single_binary_segmentation_least_squares,3404,3287,2015-01-01
single_binary_segmentation_least_squares,3405,3212,2014-10-18
single_binary_segmentation_least_squares,3406,3243,2014-11-18
single_binary_segmentation_least_squares,3407,3273,2014-12-18
single_binary_segmentation_least_squares,3408,3237,2014-11-12
single_binary_segmentation_least_squares,3409,3212,2014-10-18
single_binary_segmentation_least_squares,3410,3212,2014-10-18
single_binary_segmentation_least_squares,3411,3184,2014-09-20
single_binary_segmentation_least_squares,3412,3287,2015-01-01
single_binary_segmentation_least_squares,3413,3212,2014-10-18
single_binary_segmentation_least_squares,3414,3287,2015-01-01
single_binary_segmentation_least_squares,3415,3287,2015-01-01
single_binary_segmentation_least_squares,3416,3212,2014-10-18
single_binary_segmentation_least_squares,3417,3287,2015-01-01
single_binary_segmentation_least_squares,3418,3227,2014-11-02
single_binary_segmentation_least_squares,3419,3226,2014-11-01
single_binary_segmentation_least_squares,3420,3213,2014-10-19
single_binary_segmentation_least_squares,3421,3287,2015-01-01
single_binary_segmentation_least_squares,3422,3212,2014-10-18
single_binary_segmentation_least_squares,3423,3239,2014-11-14
single_binary_segmentation_least_squares,3424,3212,2014-10-18
single_binary_segmentation_least_squares,3425,3287,2015-01-01
single_binary_segmentation_least_squares,3426,3287,2015-01-01
single_binary_segmentation_least_squares,3427,3212,2014-10-18
single_binary_segmentation_least_squares,3428,3212,2014-10-18
single_binary_segmentation_least_squares,3429,3236,2014-11-11
single_binary_segmentation_least_squares,3430,3278,2014-12-23
single_binary_segmentation_least_squares,3431,3169,2014-09-05
single_binary_segmentation_least_squares,3432,3287,2015-01-01
single_binary_segmentation_least_squares,3433,3212,2014-10-18
single_binary_segmentation_least_squares,3434,3202,2014-10-08
single_binary_segmentation_least_squares,3435,3163,2014-08-30
single_binary_segmentation_least_squares,3436,3212,2014-10-18
single_binary_segmentation_least_squares,3437,3212,2014-10-18
single_binary_segmentation_least_squares,3438,3083,2014-06-11
single_binary_segmentation_least_squares,3439,3210,2014-10-16
single_binary_segmentation_least_squares,3440,3212,2014-10-18
single_binary_segmentation_least_squares,3441,3287,2015-01-01
single_binary_segmentation_least_squares,3442,3212,2014-10-18
single_binary_segmentation_least_squares,3443,3287,2015-01-01
single_binary_segmentation_least_squares,3444,3276,2014-12-21
single_binary_segmentation_least_squares,3445,3212,2014-10-18
single_binary_segmentation_least_squares,3446,3212,2014-10-18
single_binary_segmentation_least_squares,3447,3212,2014-10-18
single_binary_segmentation_least_squares,3448,3223,2014-10-29
single_binary_segmentation_least_squares,3449,3212,2014-10-18
single_binary_segmentation_least_squares,3450,3287,2015-01-01
single_binary_segmentation_least_squares,3451,3287,2015-01-01
single_binary_segmentation_least_squares,3452,3212,2014-10-18
single_binary_segmentation_least_squares,3453,3212,2014-10-18
single_binary_segmentation_least_squares,3454,3287,2015-01-01
single_binary_segmentation_least_squares,3455,3212,2014-10-18
single_binary_segmentation_least_squares,3456,3216,2014-10-22
single_binary_segmentation_least_squares,3457,3287,2015-01-01
single_binary_segmentation_least_squares,3458,3212,2014-10-18
single_binary_segmentation_least_squares,3459,3262,2014-12-07
single_binary_segmentation_least_squares,3460,3212,2014-10-18
single_binary_segmentation_least_squares,3461,3287,2015-01-01
single_binary_segmentation_least_squares,3462,3287,2015-01-01
single_binary_segmentation_least_squares,3463,3227,2014-11-02
single_binary_segmentation_least_squares,3464,3212,2014-10-18
single_binary_segmentation_least_squares,3465,3212,2014-10-18
single_binary_segmentation_least_squares,3466,3249,2014-11-24
single_binary_segmentation_least_squares,3467,3206,2014-10-12
single_binary_segmentation_least_squares,3468,2685,2013-05-09
single_binary_segmentation_least_squares,3469,3286,2014-12-31
single_binary_segmentation_least_squares,3470,3212,2014-10-18
single_binary_segmentation_least_squares,3471,3287,2015-01-01
single_binary_segmentation_least_squares,3472,3200,2014-10-06
single_binary_segmentation_least_squares,3473,3212,2014-10-18
single_binary_segmentation_least_squares,3474,3287,2015-01-01
single_binary_segmentation_least_squares,3475,3212,2014-10-18
single_binary_segmentation_least_squares,3476,3250,2014-11-25
single_binary_segmentation_least_squares,3477,3287,2015-01-01
single_binary_segmentation_least_squares,3478,3212,2014-10-18
single_binary_segmentation_least_squares,3479,3155,2014-08-22
single_binary_segmentation_least_squares,3480,3112,2014-07-10
single_binary_segmentation_least_squares,3481,3212,2014-10-18
single_binary_segmentation_least_squares,3482,3287,2015-01-01
single_binary_segmentation_least_squares,3483,3278,2014-12-23
single_binary_segmentation_least_squares,3484,3212,2014-10-18
single_binary_segmentation_least_squares,3485,3177,2014-09-13
single_binary_segmentation_least_squares,3486,3287,2015-01-01
single_binary_segmentation_least_squares,3487,3287,2015-01-01
single_binary_segmentation_least_squares,3488,3206,2014-10-12
single_binary_segmentation_least_squares,3489,3212,2014-10-18
single_binary_segmentation_least_squares,3490,3287,2015-01-01
single_binary_segmentation_least_squares,3491,3049,2014-05-08
single_binary_segmentation_least_squares,3492,3210,2014-10-16
single_binary_segmentation_least_squares,3493,3212,2014-10-18
single_binary_segmentation_least_squares,3494,3212,2014-10-18
single_binary_segmentation_least_squares,3495,3212,2014-10-18
single_binary_segmentation_least_squares,3496,3287,2015-01-01
single_binary_segmentation_least_squares,3497,3212,2014-10-18
single_binary_segmentation_least_squares,3498,3212,2014-10-18
single_binary_segmentation_least_squares,3499,3212,2014-10-18
single_binary_segmentation_least_squares,3500,3211,2014-10-17
single_binary_segmentation_least_squares,3501,3146,2014-08-13
single_binary_segmentation_least_squares,3502,3251,2014-11-26
single_binary_segmentation_least_squares,3503,3192,2014-09-28
single_binary_segmentation_least_squares,3504,3261,2014-12-06
single_binary_segmentation_least_squares,3505,3287,2015-01-01
single_binary_segmentation_least_squares,3506,3219,2014-10-25
single_binary_segmentation_least_squares,3507,3212,2014-10-18
single_binary_segmentation_least_squares,3508,3287,2015-01-01
single_binary_segmentation_least_squares,3509,3287,2015-01-01
single_binary_segmentation_least_squares,3510,2990,2014-03-10
single_binary_segmentation_least_squares,3511,3212,2014-10-18
single_binary_segmentation_least_squares,3512,3269,2014-12-14
single_binary_segmentation_least_squares,3513,3287,2015-01-01
single_binary_segmentation_least_squares,3514,3231,2014-11-06
single_binary_segmentation_least_squares,3515,3287,2015-01-01
single_binary_segmentation_least_squares,3516,3287,2015-01-01
single_binary_segmentation_least_squares,3517,3195,2014-10-01
single_binary_segmentation_least_squares,3518,3287,2015-01-01
single_binary_segmentation_least_squares,3519,3208,2014-10-14
single_binary_segmentation_least_squares,3520,3233,2014-11-08
single_binary_segmentation_least_squares,3521,3212,2014-10-18
single_binary_segmentation_least_squares,3522,3287,2015-01-01
single_binary_segmentation_least_squares,3523,3287,2015-01-01
single_binary_segmentation_least_squares,3524,3212,2014-10-18
single_binary_segmentation_least_squares,3525,3212,2014-10-18
single_binary_segmentation_least_squares,3526,3287,2015-01-01
single_binary_segmentation_least_squares,3527,3212,2014-10-18
single_binary_segmentation_least_squares,3528,3216,2014-10-22
single_binary_segmentation_least_squares,3529,3251,2014-11-26
single_binary_segmentation_least_squares,3530,3287,2015-01-01
single_binary_segmentation_least_squares,3531,3212,2014-10-18
single_binary_segmentation_least_squares,3532,3222,2014-10-28
single_binary_segmentation_least_squares,3533,3212,2014-10-18
single_binary_segmentation_least_squares,3534,3268,2014-12-13
single_binary_segmentation_least_squares,3535,3212,2014-10-18
single_binary_segmentation_least_squares,3536,3212,2014-10-18
single_binary_segmentation_least_squares,3537,2950,2014-01-29
single_binary_segmentation_least_squares,3538,3236,2014-11-11
single_binary_segmentation_least_squares,3539,3287,2015-01-01
single_binary_segmentation_least_squares,3540,3212,2014-10-18
single_binary_segmentation_least_squares,3541,3287,2015-01-01
single_binary_segmentation_least_squares,3542,3287,2015-01-01
single_binary_segmentation_least_squares,3543,3287,2015-01-01
single_binary_segmentation_least_squares,3544,3212,2014-10-18
single_binary_segmentation_least_squares,3545,3189,2014-09-25
single_binary_segmentation_least_squares,3546,3212,2014-10-18
single_binary_segmentation_least_squares,3547,3287,2015-01-01
single_binary_segmentation_least_squares,3548,3212,2014-10-18
single_binary_segmentation_least_squares,3549,3207,2014-10-13
single_binary_segmentation_least_squares,3550,3241,2014-11-16
single_binary_segmentation_least_squares,3551,3212,2014-10-18
single_binary_segmentation_least_squares,3552,3212,2014-10-18
single_binary_segmentation_least_squares,3553,3212,2014-10-18
single_binary_segmentation_least_squares,3554,3204,2014-10-10
single_binary_segmentation_least_squares,3555,3212,2014-10-18
single_binary_segmentation_least_squares,3556,3287,2015-01-01
single_binary_segmentation_least_squares,3557,3210,2014-10-16
single_binary_segmentation_least_squares,3558,3260,2014-12-05
single_binary_segmentation_least_squares,3559,3251,2014-11-26
single_binary_segmentation_least_squares,3560,3287,2015-01-01
single_binary_segmentation_least_squares,3561,3124,2014-07-22
single_binary_segmentation_least_squares,3562,3212,2014-10-18
single_binary_segmentation_least_squares,3563,3287,2015-01-01
single_binary_segmentation_least_squares,3564,3212,2014-10-18
single_binary_segmentation_least_squares,3565,3212,2014-10-18
single_binary_segmentation_least_squares,3566,3232,2014-11-07
single_binary_segmentation_least_squares,3567,3212,2014-10-18
single_binary_segmentation_least_squares,3568,3287,2015-01-01
single_binary_segmentation_least_squares,3569,3287,2015-01-01
single_binary_segmentation_least_squares,3570,3122,2014-07-20
single_binary_segmentation_least_squares,3571,2571,2013-01-15
single_binary_segmentation_least_squares,3572,3212,2014-10-18
single_binary_segmentation_least_squares,3573,3212,2014-10-18
single_binary_segmentation_least_squares,3574,3287,2015-01-01
single_binary_segmentation_least_squares,3575,3212,2014-10-18
single_binary_segmentation_least_squares,3576,3269,2014-12-14
single_binary_segmentation_least_squares,3577,3212,2014-10-18
single_binary_segmentation_least_squares,3578,3212,2014-10-18
single_binary_segmentation_least_squares,3579,3287,2015-01-01
single_binary_segmentation_least_squares,3580,3231,2014-11-06
single_binary_segmentation_least_squares,3581,3244,2014-11-19
single_binary_segmentation_least_squares,3582,3212,2014-10-18
single_binary_segmentation_least_squares,3583,3238,2014-11-13
single_binary_segmentation_least_squares,3584,3109,2014-07-07
single_binary_segmentation_least_squares,3585,3211,2014-10-17
single_binary_segmentation_least_squares,3586,3206,2014-10-12
single_binary_segmentation_least_squares,3587,3212,2014-10-18
single_binary_segmentation_least_squares,3588,3212,2014-10-18
single_binary_segmentation_least_squares,3589,3212,2014-10-18
single_binary_segmentation_least_squares,3590,3212,2014-10-18
single_binary_segmentation_least_squares,3591,3287,2015-01-01
single_binary_segmentation_least_squares,3592,3287,2015-01-01
single_binary_segmentation_least_squares,3593,3212,2014-10-18
single_binary_segmentation_least_squares,3594,3212,2014-10-18
single_binary_segmentation_least_squares,3595,3212,2014-10-18
single_binary_segmentation_least_squares,3596,3212,2014-10-18
single_binary_segmentation_least_squares,3597,3231,2014-11-06
single_binary_segmentation_least_squares,3598,3212,2014-10-18
single_binary_segmentation_least_squares,3599,3217,2014-10-23
single_binary_segmentation_least_squares,3600,3277,2014-12-22
single_binary_segmentation_least_squares,3601,3221,2014-10-27
single_binary_segmentation_least_squares,3602,3223,2014-10-29
single_binary_segmentation_least_squares,3603,3287,2015-01-01
single_binary_segmentation_least_squares,3604,3212,2014-10-18
single_binary_segmentation_least_squares,3605,3287,2015-01-01
single_binary_segmentation_least_squares,3606,3287,2015-01-01
single_binary_segmentation_least_squares,3607,3067,2014-05-26
single_binary_segmentation_least_squares,3608,3212,2014-10-18
single_binary_segmentation_least_squares,3609,3212,2014-10-18
single_binary_segmentation_least_squares,3610,3210,2014-10-16
single_binary_segmentation_least_squares,3611,3287,2015-01-01
single_binary_segmentation_least_squares,3612,3287,2015-01-01
single_binary_segmentation_least_squares,3613,3287,2015-01-01
single_binary_segmentation_least_squares,3614,3212,2014-10-18
single_binary_segmentation_least_squares,3615,3260,2014-12-05
single_binary_segmentation_least_squares,3616,3212,2014-10-18
single_binary_segmentation_least_squares,3617,3287,2015-01-01
single_binary_segmentation_least_squares,3618,3212,2014-10-18
single_binary_segmentation_least_squares,3619,3212,2014-10-18
single_binary_segmentation_least_squares,3620,3187,2014-09-23
single_binary_segmentation_least_squares,3621,3103,2014-07-01
single_binary_segmentation_least_squares,3622,3212,2014-10-18
single_binary_segmentation_least_squares,3623,3287,2015-01-01
single_binary_segmentation_least_squares,3624,3221,2014-10-27
single_binary_segmentation_least_squares,3625,3212,2014-10-18
single_binary_segmentation_least_squares,3626,3187,2014-09-23
single_binary_segmentation_least_squares,3627,3206,2014-10-12
single_binary_segmentation_least_squares,3628,3212,2014-10-18
single_binary_segmentation_least_squares,3629,3206,2014-10-12
single_binary_segmentation_least_squares,3630,3180,2014-09-16
single_binary_segmentation_least_squares,3631,3151,2014-08-18
single_binary_segmentation_least_squares,3632,3287,2015-01-01
single_binary_segmentation_least_squares,3633,3276,2014-12-21
single_binary_segmentation_least_squares,3634,3287,2015-01-01
single_binary_segmentation_least_squares,3635,3212,2014-10-18
single_binary_segmentation_least_squares,3636,3212,2014-10-18
single_binary_segmentation_least_squares,3637,3213,2014-10-19
single_binary_segmentation_least_squares,3638,3287,2015-01-01
single_binary_segmentation_least_squares,3639,3212,2014-10-18
single_binary_segmentation_least_squares,3640,3287,2015-01-01
single_binary_segmentation_least_squares,3641,3212,2014-10-18
single_binary_segmentation_least_squares,3642,3274,2014-12-19
single_binary_segmentation_least_squares,3643,3287,2015-01-01
single_binary_segmentation_least_squares,3644,3212,2014-10-18
single_binary_segmentation_least_squares,3645,3212,2014-10-18
single_binary_segmentation_least_squares,3646,3212,2014-10-18
single_binary_segmentation_least_squares,3647,3271,2014-12-16
single_binary_segmentation_least_squares,3648,3212,2014-10-18
single_binary_segmentation_least_squares,3649,3212,2014-10-18
single_binary_segmentation_least_squares,3650,3287,2015-01-01
single_binary_segmentation_least_squares,3651,3212,2014-10-18
single_binary_segmentation_least_squares,3652,3218,2014-10-24
single_binary_segmentation_least_squares,3653,3214,2014-10-20
single_binary_segmentation_least_squares,3654,3287,2015-01-01
single_binary_segmentation_least_squares,3655,3206,2014-10-12
single_binary_segmentation_least_squares,3656,3217,2014-10-23
single_binary_segmentation_least_squares,3657,3206,2014-10-12
single_binary_segmentation_least_squares,3658,3198,2014-10-04
single_binary_segmentation_least_squares,3659,3287,2015-01-01
single_binary_segmentation_least_squares,3660,3287,2015-01-01
single_binary_segmentation_least_squares,3661,3212,2014-10-18
single_binary_segmentation_least_squares,3662,3211,2014-10-17
single_binary_segmentation_least_squares,3663,3212,2014-10-18
single_binary_segmentation_least_squares,3664,3226,2014-11-01
single_binary_segmentation_least_squares,3665,3212,2014-10-18
single_binary_segmentation_least_squares,3666,3212,2014-10-18
single_binary_segmentation_least_squares,3667,3195,2014-10-01
single_binary_segmentation_least_squares,3668,3212,2014-10-18
single_binary_segmentation_least_squares,3669,3212,2014-10-18
single_binary_segmentation_least_squares,3670,2675,2013-04-29
single_binary_segmentation_least_squares,3671,3287,2015-01-01
single_binary_segmentation_least_squares,3672,3196,2014-10-02
single_binary_segmentation_least_squares,3673,3212,2014-10-18
single_binary_segmentation_least_squares,3674,3212,2014-10-18
single_binary_segmentation_least_squares,3675,2523,2012-11-28
single_binary_segmentation_least_squares,3676,3269,2014-12-14
single_binary_segmentation_least_squares,3677,3212,2014-10-18
single_binary_segmentation_least_squares,3678,3212,2014-10-18
single_binary_segmentation_least_squares,3679,3214,2014-10-20
single_binary_segmentation_least_squares,3680,3211,2014-10-17
single_binary_segmentation_least_squares,3681,3212,2014-10-18
single_binary_segmentation_least_squares,3682,3212,2014-10-18
single_binary_segmentation_least_squares,3683,3179,2014-09-15
single_binary_segmentation_least_squares,3684,3219,2014-10-25
single_binary_segmentation_least_squares,3685,3212,2014-10-18
single_binary_segmentation_least_squares,3686,3221,2014-10-27
single_binary_segmentation_least_squares,3687,3205,2014-10-11
single_binary_segmentation_least_squares,3688,3287,2015-01-01
single_binary_segmentation_least_squares,3689,3212,2014-10-18
single_binary_segmentation_least_squares,3690,3203,2014-10-09
single_binary_segmentation_least_squares,3691,3212,2014-10-18
single_binary_segmentation_least_squares,3692,3266,2014-12-11
single_binary_segmentation_least_squares,3693,3168,2014-09-04
single_binary_segmentation_least_squares,3694,3283,2014-12-28
single_binary_segmentation_least_squares,3695,3202,2014-10-08
single_binary_segmentation_least_squares,3696,3273,2014-12-18
single_binary_segmentation_least_squares,3697,3139,2014-08-06
single_binary_segmentation_least_squares,3698,3212,2014-10-18
single_binary_segmentation_least_squares,3699,3209,2014-10-15
single_binary_segmentation_least_squares,3700,3022,2014-04-11
single_binary_segmentation_least_squares,3701,3203,2014-10-09
single_binary_segmentation_least_squares,3702,3285,2014-12-30
single_binary_segmentation_least_squares,3703,3287,2015-01-01
single_binary_segmentation_least_squares,3704,3287,2015-01-01
single_binary_segmentation_least_squares,3705,3212,2014-10-18
single_binary_segmentation_least_squares,3706,3285,2014-12-30
single_binary_segmentation_least_squares,3707,3240,2014-11-15
single_binary_segmentation_least_squares,3708,3212,2014-10-18
single_binary_segmentation_least_squares,3709,3212,2014-10-18
single_binary_segmentation_least_squares,3710,3212,2014-10-18
single_binary_segmentation_least_squares,3711,3146,2014-08-13
single_binary_segmentation_least_squares,3712,3212,2014-10-18
single_binary_segmentation_least_squares,3713,3228,2014-11-03
single_binary_segmentation_least_squares,3714,3277,2014-12-22
single_binary_segmentation_least_squares,3715,3212,2014-10-18
single_binary_segmentation_least_squares,3716,3164,2014-08-31
single_binary_segmentation_least_squares,3717,3287,2015-01-01
single_binary_segmentation_least_squares,3718,3286,2014-12-31
single_binary_segmentation_least_squares,3719,3212,2014-10-18
single_binary_segmentation_least_squares,3720,3212,2014-10-18
single_binary_segmentation_least_squares,3721,3212,2014-10-18
single_binary_segmentation_least_squares,3722,3226,2014-11-01
single_binary_segmentation_least_squares,3723,3212,2014-10-18
single_binary_segmentation_least_squares,3724,3212,2014-10-18
single_binary_segmentation_least_squares,3725,3212,2014-10-18
single_binary_segmentation_least_squares,3726,3212,2014-10-18
single_binary_segmentation_least_squares,3727,3220,2014-10-26
single_binary_segmentation_least_squares,3728,3212,2014-10-18
single_binary_segmentation_least_squares,3729,3287,2015-01-01
single_binary_segmentation_least_squares,3730,3212,2014-10-18
single_binary_segmentation_least_squares,3731,3203,2014-10-09
single_binary_segmentation_least_squares,3732,3212,2014-10-18
single_binary_segmentation_least_squares,3733,3278,2014-12-23
single_binary_segmentation_least_squares,3734,3212,2014-10-18
single_binary_segmentation_least_squares,3735,3144,2014-08-11
single_binary_segmentation_least_squares,3736,3212,2014-10-18
single_binary_segmentation_least_squares,3737,3203,2014-10-09
single_binary_segmentation_least_squares,3738,3212,2014-10-18
single_binary_segmentation_least_squares,3739,3212,2014-10-18
single_binary_segmentation_least_squares,3740,3222,2014-10-28
single_binary_segmentation_least_squares,3741,3287,2015-01-01
single_binary_segmentation_least_squares,3742,3212,2014-10-18
single_binary_segmentation_least_squares,3743,3287,2015-01-01
single_binary_segmentation_least_squares,3744,3212,2014-10-18
single_binary_segmentation_least_squares,3745,3215,2014-10-21
single_binary_segmentation_least_squares,3746,3249,2014-11-24
single_binary_segmentation_least_squares,3747,3238,2014-11-13
single_binary_segmentation_least_squares,3748,3212,2014-10-18
single_binary_segmentation_least_squares,3749,3212,2014-10-18
single_binary_segmentation_least_squares,3750,3212,2014-10-18
single_binary_segmentation_least_squares,3751,3212,2014-10-18
single_binary_segmentation_least_squares,3752,3287,2015-01-01
single_binary_segmentation_least_squares,3753,2693,2013-05-17
single_binary_segmentation_least_squares,3754,3212,2014-10-18
single_binary_segmentation_least_squares,3755,3287,2015-01-01
single_binary_segmentation_least_squares,3756,3287,2015-01-01
single_binary_segmentation_least_squares,3757,3231,2014-11-06
single_binary_segmentation_least_squares,3758,3287,2015-01-01
single_binary_segmentation_least_squares,3759,3287,2015-01-01
single_binary_segmentation_least_squares,3760,3287,2015-01-01
single_binary_segmentation_least_squares,3761,3287,2015-01-01
single_binary_segmentation_least_squares,3762,3266,2014-12-11
single_binary_segmentation_least_squares,3763,3287,2015-01-01
single_binary_segmentation_least_squares,3764,3212,2014-10-18
single_binary_segmentation_least_squares,3765,3212,2014-10-18
single_binary_segmentation_least_squares,3766,3202,2014-10-08
single_binary_segmentation_least_squares,3767,3169,2014-09-05
single_binary_segmentation_least_squares,3768,3212,2014-10-18
single_binary_segmentation_least_squares,3769,3151,2014-08-18
single_binary_segmentation_least_squares,3770,3158,2014-08-25
single_binary_segmentation_least_squares,3771,3208,2014-10-14
single_binary_segmentation_least_squares,3772,1998,2011-06-22
single_binary_segmentation_least_squares,3773,3287,2015-01-01
single_binary_segmentation_least_squares,3774,3212,2014-10-18
single_binary_segmentation_least_squares,3775,3287,2015-01-01
single_binary_segmentation_least_squares,3776,3172,2014-09-08
single_binary_segmentation_least_squares,3777,3155,2014-08-22
single_binary_segmentation_least_squares,3778,3212,2014-10-18
single_binary_segmentation_least_squares,3779,3287,2015-01-01
single_binary_segmentation_least_squares,3780,3287,2015-01-01
single_binary_segmentation_least_squares,3781,2927,2014-01-06
single_binary_segmentation_least_squares,3782,3238,2014-11-13
single_binary_segmentation_least_squares,3783,3212,2014-10-18
single_binary_segmentation_least_squares,3784,3004,2014-03-24
single_binary_segmentation_least_squares,3785,3212,2014-10-18
single_binary_segmentation_least_squares,3786,3243,2014-11-18
single_binary_segmentation_least_squares,3787,3212,2014-10-18
single_binary_segmentation_least_squares,3788,3205,2014-10-11
single_binary_segmentation_least_squares,3789,3212,2014-10-18
single_binary_segmentation_least_squares,3790,3212,2014-10-18
single_binary_segmentation_least_squares,3791,3143,2014-08-10
single_binary_segmentation_least_squares,3792,3213,2014-10-19
single_binary_segmentation_least_squares,3793,3212,2014-10-18
single_binary_segmentation_least_squares,3794,3287,2015-01-01
single_binary_segmentation_least_squares,3795,3086,2014-06-14
single_binary_segmentation_least_squares,3796,3287,2015-01-01
single_binary_segmentation_least_squares,3797,3212,2014-10-18
single_binary_segmentation_least_squares,3798,3212,2014-10-18
single_binary_segmentation_least_squares,3799,3212,2014-10-18
single_binary_segmentation_least_squares,3800,3212,2014-10-18
single_binary_segmentation_least_squares,3801,3268,2014-12-13
single_binary_segmentation_least_squares,3802,3232,2014-11-07
single_binary_segmentation_least_squares,3803,3260,2014-12-05
single_binary_segmentation_least_squares,3804,3212,2014-10-18
single_binary_segmentation_least_squares,3805,3212,2014-10-18
single_binary_segmentation_least_squares,3806,3212,2014-10-18
single_binary_segmentation_least_squares,3807,3212,2014-10-18
single_binary_segmentation_least_squares,3808,3174,2014-09-10
single_binary_segmentation_least_squares,3809,3212,2014-10-18
single_binary_segmentation_least_squares,3810,3212,2014-10-18
single_binary_segmentation_least_squares,3811,3212,2014-10-18
single_binary_segmentation_least_squares,3812,3287,2015-01-01
single_binary_segmentation_least_squares,3813,3257,2014-12-02
single_binary_segmentation_least_squares,3814,3212,2014-10-18
single_binary_segmentation_least_squares,3815,3195,2014-10-01
single_binary_segmentation_least_squares,3816,3211,2014-10-17
single_binary_segmentation_least_squares,3817,3212,2014-10-18
single_binary_segmentation_least_squares,3818,3212,2014-10-18
single_binary_segmentation_least_squares,3819,3287,2015-01-01
single_binary_segmentation_least_squares,3820,3287,2015-01-01
single_binary_segmentation_least_squares,3821,3212,2014-10-18
single_binary_segmentation_least_squares,3822,3212,2014-10-18
single_binary_segmentation_least_squares,3823,3210,2014-10-16
single_binary_segmentation_least_squares,3824,3212,2014-10-18
single_binary_segmentation_least_squares,3825,3212,2014-10-18
single_binary_segmentation_least_squares,3826,3284,2014-12-29
single_binary_segmentation_least_squares,3827,3282,2014-12-27
single_binary_segmentation_least_squares,3828,3287,2015-01-01
single_binary_segmentation_least_squares,3829,3213,2014-10-19
single_binary_segmentation_least_squares,3830,3212,2014-10-18
single_binary_segmentation_least_squares,3831,3243,2014-11-18
single_binary_segmentation_least_squares,3832,3212,2014-10-18
single_binary_segmentation_least_squares,3833,3158,2014-08-25
single_binary_segmentation_least_squares,3834,3287,2015-01-01
single_binary_segmentation_least_squares,3835,3212,2014-10-18
single_binary_segmentation_least_squares,3836,3287,2015-01-01
single_binary_segmentation_least_squares,3837,3287,2015-01-01
single_binary_segmentation_least_squares,3838,3212,2014-10-18
single_binary_segmentation_least_squares,3839,3268,2014-12-13
single_binary_segmentation_least_squares,3840,3287,2015-01-01
single_binary_segmentation_least_squares,3841,3191,2014-09-27
single_binary_segmentation_least_squares,3842,3287,2015-01-01
single_binary_segmentation_least_squares,3843,3212,2014-10-18
single_binary_segmentation_least_squares,3844,3287,2015-01-01
single_binary_segmentation_least_squares,3845,3212,2014-10-18
single_binary_segmentation_least_squares,3846,3212,2014-10-18
single_binary_segmentation_least_squares,3847,3287,2015-01-01
single_binary_segmentation_least_squares,3848,3212,2014-10-18
single_binary_segmentation_least_squares,3849,3212,2014-10-18
single_binary_segmentation_least_squares,3850,3212,2014-10-18
single_binary_segmentation_least_squares,3851,3212,2014-10-18
single_binary_segmentation_least_squares,3852,3212,2014-10-18
single_binary_segmentation_least_squares,3853,3212,2014-10-18
single_binary_segmentation_least_squares,3854,2985,2014-03-05
single_binary_segmentation_least_squares,3855,3072,2014-05-31
single_binary_segmentation_least_squares,3856,3212,2014-10-18
single_binary_segmentation_least_squares,3857,3287,2015-01-01
single_binary_segmentation_least_squares,3858,3212,2014-10-18
single_binary_segmentation_least_squares,3859,2986,2014-03-06
single_binary_segmentation_least_squares,3860,3212,2014-10-18
single_binary_segmentation_least_squares,3861,3286,2014-12-31
single_binary_segmentation_least_squares,3862,3210,2014-10-16
single_binary_segmentation_least_squares,3863,3178,2014-09-14
single_binary_segmentation_least_squares,3864,3212,2014-10-18
single_binary_segmentation_least_squares,3865,2943,2014-01-22
single_binary_segmentation_least_squares,3866,3212,2014-10-18
single_binary_segmentation_least_squares,3867,3212,2014-10-18
single_binary_segmentation_least_squares,3868,3231,2014-11-06
single_binary_segmentation_least_squares,3869,3287,2015-01-01
single_binary_segmentation_least_squares,3870,3212,2014-10-18
single_binary_segmentation_least_squares,3871,3286,2014-12-31
single_binary_segmentation_least_squares,3872,3287,2015-01-01
single_binary_segmentation_least_squares,3873,3246,2014-11-21
single_binary_segmentation_least_squares,3874,3212,2014-10-18
single_binary_segmentation_least_squares,3875,3211,2014-10-17
single_binary_segmentation_least_squares,3876,3212,2014-10-18
single_binary_segmentation_least_squares,3877,3262,2014-12-07
single_binary_segmentation_least_squares,3878,3212,2014-10-18
single_binary_segmentation_least_squares,3879,3287,2015-01-01
single_binary_segmentation_least_squares,3880,3227,2014-11-02
single_binary_segmentation_least_squares,3881,3212,2014-10-18
single_binary_segmentation_least_squares,3882,3226,2014-11-01
single_binary_segmentation_least_squares,3883,3287,2015-01-01
single_binary_segmentation_least_squares,3884,3287,2015-01-01
single_binary_segmentation_least_squares,3885,3250,2014-11-25
single_binary_segmentation_least_squares,3886,3212,2014-10-18
single_binary_segmentation_least_squares,3887,3212,2014-10-18
single_binary_segmentation_least_squares,3888,3179,2014-09-15
single_binary_segmentation_least_squares,3889,3212,2014-10-18
single_binary_segmentation_least_squares,3890,3212,2014-10-18
single_binary_segmentation_least_squares,3891,3216,2014-10-22
single_binary_segmentation_least_squares,3892,3212,2014-10-18
single_binary_segmentation_least_squares,3893,3282,2014-12-27
single_binary_segmentation_least_squares,3894,3287,2015-01-01
single_binary_segmentation_least_squares,3895,3212,2014-10-18
single_binary_segmentation_least_squares,3896,3287,2015-01-01
single_binary_segmentation_least_squares,3897,3287,2015-01-01
single_binary_segmentation_least_squares,3898,3287,2015-01-01
single_binary_segmentation_least_squares,3899,3212,2014-10-18
single_binary_segmentation_least_squares,3900,3212,2014-10-18
single_binary_segmentation_least_squares,3901,3262,2014-12-07
single_binary_segmentation_least_squares,3902,3212,2014-10-18
single_binary_segmentation_least_squares,3903,3212,2014-10-18
single_binary_segmentation_least_squares,3904,3212,2014-10-18
single_binary_segmentation_least_squares,3905,3278,2014-12-23
single_binary_segmentation_least_squares,3906,3212,2014-10-18
single_binary_segmentation_least_squares,3907,3287,2015-01-01
single_binary_segmentation_least_squares,3908,3212,2014-10-18
single_binary_segmentation_least_squares,3909,3287,2015-01-01
single_binary_segmentation_least_squares,3910,3212,2014-10-18
single_binary_segmentation_least_squares,3911,3189,2014-09-25
single_binary_segmentation_least_squares,3912,3216,2014-10-22
single_binary_segmentation_least_squares,3913,3212,2014-10-18
single_binary_segmentation_least_squares,3914,3212,2014-10-18
single_binary_segmentation_least_squares,3915,3212,2014-10-18
single_binary_segmentation_least_squares,3916,3216,2014-10-22
single_binary_segmentation_least_squares,3917,3212,2014-10-18
single_binary_segmentation_least_squares,3918,3212,2014-10-18
single_binary_segmentation_least_squares,3919,3035,2014-04-24
single_binary_segmentation_least_squares,3920,3212,2014-10-18
single_binary_segmentation_least_squares,3921,3179,2014-09-15
single_binary_segmentation_least_squares,3922,3287,2015-01-01
single_binary_segmentation_least_squares,3923,3212,2014-10-18
single_binary_segmentation_least_squares,3924,3212,2014-10-18
single_binary_segmentation_least_squares,3925,3287,2015-01-01
single_binary_segmentation_least_squares,3926,3202,2014-10-08
single_binary_segmentation_least_squares,3927,3287,2015-01-01
single_binary_segmentation_least_squares,3928,3280,2014-12-25
single_binary_segmentation_least_squares,3929,3212,2014-10-18
single_binary_segmentation_least_squares,3930,3222,2014-10-28
single_binary_segmentation_least_squares,3931,3212,2014-10-18
single_binary_segmentation_least_squares,3932,3212,2014-10-18
single_binary_segmentation_least_squares,3933,3287,2015-01-01
single_binary_segmentation_least_squares,3934,3287,2015-01-01
single_binary_segmentation_least_squares,3935,3287,2015-01-01
single_binary_segmentation_least_squares,3936,3287,2015-01-01
single_binary_segmentation_least_squares,3937,3251,2014-11-26
single_binary_segmentation_least_squares,3938,3212,2014-10-18
single_binary_segmentation_least_squares,3939,3212,2014-10-18
single_binary_segmentation_least_squares,3940,3212,2014-10-18
single_binary_segmentation_least_squares,3941,3226,2014-11-01
single_binary_segmentation_least_squares,3942,3218,2014-10-24
single_binary_segmentation_least_squares,3943,3212,2014-10-18
single_binary_segmentation_least_squares,3944,3249,2014-11-24
single_binary_segmentation_least_squares,3945,3212,2014-10-18
single_binary_segmentation_least_squares,3946,3226,2014-11-01
single_binary_segmentation_least_squares,3947,3246,2014-11-21
single_binary_segmentation_least_squares,3948,3251,2014-11-26
single_binary_segmentation_least_squares,3949,3287,2015-01-01
single_binary_segmentation_least_squares,3950,3159,2014-08-26
single_binary_segmentation_least_squares,3951,3212,2014-10-18
single_binary_segmentation_least_squares,3952,3287,2015-01-01
single_binary_segmentation_least_squares,3953,2738,2013-07-01
single_binary_segmentation_least_squares,3954,3212,2014-10-18
single_binary_segmentation_least_squares,3955,3212,2014-10-18
single_binary_segmentation_least_squares,3956,3287,2015-01-01
single_binary_segmentation_least_squares,3957,3212,2014-10-18
single_binary_segmentation_least_squares,3958,3287,2015-01-01
single_binary_segmentation_least_squares,3959,3287,2015-01-01
single_binary_segmentation_least_squares,3960,3214,2014-10-20
single_binary_segmentation_least_squares,3961,3212,2014-10-18
single_binary_segmentation_least_squares,3962,3212,2014-10-18
single_binary_segmentation_least_squares,3963,3223,2014-10-29
single_binary_segmentation_least_squares,3964,3214,2014-10-20
single_binary_segmentation_least_squares,3965,3287,2015-01-01
single_binary_segmentation_least_squares,3966,3212,2014-10-18
single_binary_segmentation_least_squares,3967,3222,2014-10-28
single_binary_segmentation_least_squares,3968,3212,2014-10-18
single_binary_segmentation_least_squares,3969,3287,2015-01-01
single_binary_segmentation_least_squares,3970,3212,2014-10-18
single_binary_segmentation_least_squares,3971,3212,2014-10-18
single_binary_segmentation_least_squares,3972,2850,2013-10-21
single_binary_segmentation_least_squares,3973,3287,2015-01-01
single_binary_segmentation_least_squares,3974,3269,2014-12-14
single_binary_segmentation_least_squares,3975,3212,2014-10-18
single_binary_segmentation_least_squares,3976,3287,2015-01-01
single_binary_segmentation_least_squares,3977,3212,2014-10-18
single_binary_segmentation_least_squares,3978,3162,2014-08-29
single_binary_segmentation_least_squares,3979,3212,2014-10-18
single_binary_segmentation_least_squares,3980,3012,2014-04-01
single_binary_segmentation_least_squares,3981,3212,2014-10-18
single_binary_segmentation_least_squares,3982,3212,2014-10-18
single_binary_segmentation_least_squares,3983,3212,2014-10-18
single_binary_segmentation_least_squares,3984,3212,2014-10-18
single_binary_segmentation_least_squares,3985,3212,2014-10-18
single_binary_segmentation_least_squares,3986,3212,2014-10-18
single_binary_segmentation_least_squares,3987,3287,2015-01-01
single_binary_segmentation_least_squares,3988,3212,2014-10-18
single_binary_segmentation_least_squares,3989,3212,2014-10-18
single_binary_segmentation_least_squares,3990,3000,2014-03-20
single_binary_segmentation_least_squares,3991,3212,2014-10-18
single_binary_segmentation_least_squares,3992,3287,2015-01-01
single_binary_segmentation_least_squares,3993,3212,2014-10-18
single_binary_segmentation_least_squares,3994,3223,2014-10-29
single_binary_segmentation_least_squares,3995,3233,2014-11-08
single_binary_segmentation_least_squares,3996,2979,2014-02-27
single_binary_segmentation_least_squares,3997,3208,2014-10-14
single_binary_segmentation_least_squares,3998,3287,2015-01-01
single_binary_segmentation_least_squares,3999,3212,2014-10-18
single_binary_segmentation_least_squares,4000,3212,2014-10-18
single_binary_segmentation_least_squares,4001,3287,2015-01-01
single_binary_segmentation_least_squares,4002,3189,2014-09-25
single_binary_segmentation_least_squares,4003,3225,2014-10-31
single_binary_segmentation_least_squares,4004,3212,2014-10-18
single_binary_segmentation_least_squares,4005,3114,2014-07-12
single_binary_segmentation_least_squares,4006,3212,2014-10-18
single_binary_segmentation_least_squares,4007,3287,2015-01-01
single_binary_segmentation_least_squares,4008,3212,2014-10-18
single_binary_segmentation_least_squares,4009,3212,2014-10-18
single_binary_segmentation_least_squares,4010,3212,2014-10-18
single_binary_segmentation_least_squares,4011,3231,2014-11-06
single_binary_segmentation_least_squares,4012,3212,2014-10-18
single_binary_segmentation_least_squares,4013,3236,2014-11-11
single_binary_segmentation_least_squares,4014,2991,2014-03-11
single_binary_segmentation_least_squares,4015,3212,2014-10-18
single_binary_segmentation_least_squares,4016,3212,2014-10-18
single_binary_segmentation_least_squares,4017,3213,2014-10-19
single_binary_segmentation_least_squares,4018,3218,2014-10-24
single_binary_segmentation_least_squares,4019,3212,2014-10-18
single_binary_segmentation_least_squares,4020,3287,2015-01-01
single_binary_segmentation_least_squares,4021,3262,2014-12-07
single_binary_segmentation_least_squares,4022,3251,2014-11-26
single_binary_segmentation_least_squares,4023,3169,2014-09-05
single_binary_segmentation_least_squares,4024,3212,2014-10-18
single_binary_segmentation_least_squares,4025,3190,2014-09-26
single_binary_segmentation_least_squares,4026,3222,2014-10-28
single_binary_segmentation_least_squares,4027,3237,2014-11-12
single_binary_segmentation_least_squares,4028,3212,2014-10-18
single_binary_segmentation_least_squares,4029,3233,2014-11-08
single_binary_segmentation_least_squares,4030,3280,2014-12-25
single_binary_segmentation_least_squares,4031,3212,2014-10-18
single_binary_segmentation_least_squares,4032,3212,2014-10-18
single_binary_segmentation_least_squares,4033,3287,2015-01-01
single_binary_segmentation_least_squares,4034,3229,2014-11-04
single_binary_segmentation_least_squares,4035,3212,2014-10-18
single_binary_segmentation_least_squares,4036,3184,2014-09-20
single_binary_segmentation_least_squares,4037,3218,2014-10-24
single_binary_segmentation_least_squares,4038,3212,2014-10-18
single_binary_segmentation_least_squares,4039,3015,2014-04-04
single_binary_segmentation_least_squares,4040,3212,2014-10-18
single_binary_segmentation_least_squares,4041,3265,2014-12-10
single_binary_segmentation_least_squares,4042,3212,2014-10-18
single_binary_segmentation_least_squares,4043,3251,2014-11-26
single_binary_segmentation_least_squares,4044,3212,2014-10-18
single_binary_segmentation_least_squares,4045,3212,2014-10-18
single_binary_segmentation_least_squares,4046,3214,2014-10-20
single_binary_segmentation_least_squares,4047,3212,2014-10-18
single_binary_segmentation_least_squares,4048,3246,2014-11-21
single_binary_segmentation_least_squares,4049,3212,2014-10-18
single_binary_segmentation_least_squares,4050,3212,2014-10-18
single_binary_segmentation_least_squares,4051,3213,2014-10-19
single_binary_segmentation_least_squares,4052,3235,2014-11-10
single_binary_segmentation_least_squares,4053,3212,2014-10-18
single_binary_segmentation_least_squares,4054,3287,2015-01-01
single_binary_segmentation_least_squares,4055,3287,2015-01-01
single_binary_segmentation_least_squares,4056,3256,2014-12-01
single_binary_segmentation_least_squares,4057,3287,2015-01-01
single_binary_segmentation_least_squares,4058,3212,2014-10-18
single_binary_segmentation_least_squares,4059,3253,2014-11-28
single_binary_segmentation_least_squares,4060,3172,2014-09-08
single_binary_segmentation_least_squares,4061,3244,2014-11-19
single_binary_segmentation_least_squares,4062,3257,2014-12-02
single_binary_segmentation_least_squares,4063,3147,2014-08-14
single_binary_segmentation_least_squares,4064,3281,2014-12-26
single_binary_segmentation_least_squares,4065,3212,2014-10-18
single_binary_segmentation_least_squares,4066,2877,2013-11-17
single_binary_segmentation_least_squares,4067,3227,2014-11-02
single_binary_segmentation_least_squares,4068,3287,2015-01-01
single_binary_segmentation_least_squares,4069,3212,2014-10-18
single_binary_segmentation_least_squares,4070,3212,2014-10-18
single_binary_segmentation_least_squares,4071,3287,2015-01-01
single_binary_segmentation_least_squares,4072,3103,2014-07-01
single_binary_segmentation_least_squares,4073,3287,2015-01-01
single_binary_segmentation_least_squares,4074,3218,2014-10-24
single_binary_segmentation_least_squares,4075,3212,2014-10-18
single_binary_segmentation_least_squares,4076,3224,2014-10-30
single_binary_segmentation_least_squares,4077,3094,2014-06-22
single_binary_segmentation_least_squares,4078,3287,2015-01-01
single_binary_segmentation_least_squares,4079,3208,2014-10-14
single_binary_segmentation_least_squares,4080,3212,2014-10-18
single_binary_segmentation_least_squares,4081,3217,2014-10-23
single_binary_segmentation_least_squares,4082,3267,2014-12-12
single_binary_segmentation_least_squares,4083,3287,2015-01-01
single_binary_segmentation_least_squares,4084,3212,2014-10-18
single_binary_segmentation_least_squares,4085,3212,2014-10-18
single_binary_segmentation_least_squares,4086,3214,2014-10-20
single_binary_segmentation_least_squares,4087,3287,2015-01-01
single_binary_segmentation_least_squares,4088,3287,2015-01-01
single_binary_segmentation_least_squares,4089,3212,2014-10-18
single_binary_segmentation_least_squares,4090,3212,2014-10-18
single_binary_segmentation_least_squares,4091,3212,2014-10-18
single_binary_segmentation_least_squares,4092,3212,2014-10-18
single_binary_segmentation_least_squares,4093,3287,2015-01-01
single_binary_segmentation_least_squares,4094,3212,2014-10-18
single_binary_segmentation_least_squares,4095,3234,2014-11-09
single_binary_segmentation_least_squares,4096,3287,2015-01-01
single_binary_segmentation_least_squares,4097,3146,2014-08-13
single_binary_segmentation_least_squares,4098,3287,2015-01-01
single_binary_segmentation_least_squares,4099,3212,2014-10-18
single_binary_segmentation_least_squares,4100,2796,2013-08-28
single_binary_segmentation_least_squares,4101,3287,2015-01-01
single_binary_segmentation_least_squares,4102,3212,2014-10-18
single_binary_segmentation_least_squares,4103,3212,2014-10-18
single_binary_segmentation_least_squares,4104,3212,2014-10-18
single_binary_segmentation_least_squares,4105,3251,2014-11-26
single_binary_segmentation_least_squares,4106,3287,2015-01-01
single_binary_segmentation_least_squares,4107,3287,2015-01-01
single_binary_segmentation_least_squares,4108,3283,2014-12-28
single_binary_segmentation_least_squares,4109,3216,2014-10-22
single_binary_segmentation_least_squares,4110,3287,2015-01-01
single_binary_segmentation_least_squares,4111,3212,2014-10-18
single_binary_segmentation_least_squares,4112,3212,2014-10-18
single_binary_segmentation_least_squares,4113,3287,2015-01-01
single_binary_segmentation_least_squares,4114,3129,2014-07-27
single_binary_segmentation_least_squares,4115,3218,2014-10-24
single_binary_segmentation_least_squares,4116,3287,2015-01-01
single_binary_segmentation_least_squares,4117,3212,2014-10-18
single_binary_segmentation_least_squares,4118,3197,2014-10-03
single_binary_segmentation_least_squares,4119,3212,2014-10-18
single_binary_segmentation_least_squares,4120,3287,2015-01-01
single_binary_segmentation_least_squares,4121,2796,2013-08-28
single_binary_segmentation_least_squares,4122,3187,2014-09-23
single_binary_segmentation_least_squares,4123,3212,2014-10-18
single_binary_segmentation_least_squares,4124,3271,2014-12-16
single_binary_segmentation_least_squares,4125,2927,2014-01-06
single_binary_segmentation_least_squares,4126,3247,2014-11-22
single_binary_segmentation_least_squares,4127,3212,2014-10-18
single_binary_segmentation_least_squares,4128,3228,2014-11-03
single_binary_segmentation_least_squares,4129,3212,2014-10-18
single_binary_segmentation_least_squares,4130,3252,2014-11-27
single_binary_segmentation_least_squares,4131,3214,2014-10-20
single_binary_segmentation_least_squares,4132,3212,2014-10-18
single_binary_segmentation_least_squares,4133,3039,2014-04-28
single_binary_segmentation_least_squares,4134,3287,2015-01-01
single_binary_segmentation_least_squares,4135,3287,2015-01-01
single_binary_segmentation_least_squares,4136,3216,2014-10-22
single_binary_segmentation_least_squares,4137,3276,2014-12-21
single_binary_segmentation_least_squares,4138,3212,2014-10-18
single_binary_segmentation_least_squares,4139,3212,2014-10-18
single_binary_segmentation_least_squares,4140,3227,2014-11-02
single_binary_segmentation_least_squares,4141,3212,2014-10-18
single_binary_segmentation_least_squares,4142,3212,2014-10-18
single_binary_segmentation_least_squares,4143,3287,2015-01-01
single_binary_segmentation_least_squares,4144,3287,2015-01-01
single_binary_segmentation_least_squares,4145,3236,2014-11-11
single_binary_segmentation_least_squares,4146,3124,2014-07-22
single_binary_segmentation_least_squares,4147,3212,2014-10-18
single_binary_segmentation_least_squares,4148,3212,2014-10-18
single_binary_segmentation_least_squares,4149,3287,2015-01-01
single_binary_segmentation_least_squares,4150,3262,2014-12-07
single_binary_segmentation_least_squares,4151,3212,2014-10-18
single_binary_segmentation_least_squares,4152,3287,2015-01-01
single_binary_segmentation_least_squares,4153,3258,2014-12-03
single_binary_segmentation_least_squares,4154,3212,2014-10-18
single_binary_segmentation_least_squares,4155,3114,2014-07-12
single_binary_segmentation_least_squares,4156,3210,2014-10-16
single_binary_segmentation_least_squares,4157,3287,2015-01-01
single_binary_segmentation_least_squares,4158,3212,2014-10-18
single_binary_segmentation_least_squares,4159,3169,2014-09-05
single_binary_segmentation_least_squares,4160,3267,2014-12-12
single_binary_segmentation_least_squares,4161,3212,2014-10-18
single_binary_segmentation_least_squares,4162,3166,2014-09-02
single_binary_segmentation_least_squares,4163,3237,2014-11-12
single_binary_segmentation_least_squares,4164,3287,2015-01-01
single_binary_segmentation_least_squares,4165,3212,2014-10-18
single_binary_segmentation_least_squares,4166,3199,2014-10-05
single_binary_segmentation_least_squares,4167,3212,2014-10-18
single_binary_segmentation_least_squares,4168,3272,2014-12-17
single_binary_segmentation_least_squares,4169,3212,2014-10-18
single_binary_segmentation_least_squares,4170,3205,2014-10-11
single_binary_segmentation_least_squares,4171,3231,2014-11-06
single_binary_segmentation_least_squares,4172,3287,2015-01-01
single_binary_segmentation_least_squares,4173,3199,2014-10-05
single_binary_segmentation_least_squares,4174,3215,2014-10-21
single_binary_segmentation_least_squares,4175,3212,2014-10-18
single_binary_segmentation_least_squares,4176,3251,2014-11-26
single_binary_segmentation_least_squares,4177,3212,2014-10-18
single_binary_segmentation_least_squares,4178,3287,2015-01-01
single_binary_segmentation_least_squares,4179,3252,2014-11-27
single_binary_segmentation_least_squares,4180,3287,2015-01-01
single_binary_segmentation_least_squares,4181,3287,2015-01-01
single_binary_segmentation_least_squares,4182,2966,2014-02-14
single_binary_segmentation_least_squares,4183,3287,2015-01-01
single_binary_segmentation_least_squares,4184,3212,2014-10-18
single_binary_segmentation_least_squares,4185,3212,2014-10-18
single_binary_segmentation_least_squares,4186,3238,2014-11-13
single_binary_segmentation_least_squares,4187,3287,2015-01-01
single_binary_segmentation_least_squares,4188,3072,2014-05-31
single_binary_segmentation_least_squares,4189,3283,2014-12-28
single_binary_segmentation_least_squares,4190,3287,2015-01-01
single_binary_segmentation_least_squares,4191,3212,2014-10-18
single_binary_segmentation_least_squares,4192,3212,2014-10-18
single_binary_segmentation_least_squares,4193,3212,2014-10-18
single_binary_segmentation_least_squares,4194,3224,2014-10-30
single_binary_segmentation_least_squares,4195,3212,2014-10-18
single_binary_segmentation_least_squares,4196,3287,2015-01-01
single_binary_segmentation_least_squares,4197,3212,2014-10-18
single_binary_segmentation_least_squares,4198,3229,2014-11-04
single_binary_segmentation_least_squares,4199,3212,2014-10-18
single_binary_segmentation_least_squares,4200,3287,2015-01-01
single_binary_segmentation_least_squares,4201,3287,2015-01-01
single_binary_segmentation_least_squares,4202,3231,2014-11-06
single_binary_segmentation_least_squares,4203,3287,2015-01-01
single_binary_segmentation_least_squares,4204,3212,2014-10-18
single_binary_segmentation_least_squares,4205,3287,2015-01-01
single_binary_segmentation_least_squares,4206,3197,2014-10-03
single_binary_segmentation_least_squares,4207,3212,2014-10-18
single_binary_segmentation_least_squares,4208,3212,2014-10-18
single_binary_segmentation_least_squares,4209,3235,2014-11-10
single_binary_segmentation_least_squares,4210,3287,2015-01-01
single_binary_segmentation_least_squares,4211,3212,2014-10-18
single_binary_segmentation_least_squares,4212,3279,2014-12-24
single_binary_segmentation_least_squares,4213,3212,2014-10-18
single_binary_segmentation_least_squares,4214,3287,2015-01-01
single_binary_segmentation_least_squares,4215,3212,2014-10-18
single_binary_segmentation_least_squares,4216,3216,2014-10-22
single_binary_segmentation_least_squares,4217,3212,2014-10-18
single_binary_segmentation_least_squares,4218,3161,2014-08-28
single_binary_segmentation_least_squares,4219,3287,2015-01-01
single_binary_segmentation_least_squares,4220,3105,2014-07-03
single_binary_segmentation_least_squares,4221,2941,2014-01-20
single_binary_segmentation_least_squares,4222,3210,2014-10-16
single_binary_segmentation_least_squares,4223,3212,2014-10-18
single_binary_segmentation_least_squares,4224,3198,2014-10-04
single_binary_segmentation_least_squares,4225,3287,2015-01-01
single_binary_segmentation_least_squares,4226,3287,2015-01-01
single_binary_segmentation_least_squares,4227,3287,2015-01-01
single_binary_segmentation_least_squares,4228,3212,2014-10-18
single_binary_segmentation_least_squares,4229,3212,2014-10-18
single_binary_segmentation_least_squares,4230,3287,2015-01-01
single_binary_segmentation_least_squares,4231,3287,2015-01-01
single_binary_segmentation_least_squares,4232,3287,2015-01-01
single_binary_segmentation_least_squares,4233,3212,2014-10-18
single_binary_segmentation_least_squares,4234,3212,2014-10-18
single_binary_segmentation_least_squares,4235,3287,2015-01-01
single_binary_segmentation_least_squares,4236,3212,2014-10-18
single_binary_segmentation_least_squares,4237,3212,2014-10-18
single_binary_segmentation_least_squares,4238,3212,2014-10-18
single_binary_segmentation_least_squares,4239,3212,2014-10-18
single_binary_segmentation_least_squares,4240,3212,2014-10-18
single_binary_segmentation_least_squares,4241,3232,2014-11-07
single_binary_segmentation_least_squares,4242,3208,2014-10-14
single_binary_segmentation_least_squares,4243,3243,2014-11-18
single_binary_segmentation_least_squares,4244,3287,2015-01-01
single_binary_segmentation_least_squares,4245,3281,2014-12-26
single_binary_segmentation_least_squares,4246,3212,2014-10-18
single_binary_segmentation_least_squares,4247,3212,2014-10-18
single_binary_segmentation_least_squares,4248,3286,2014-12-31
single_binary_segmentation_least_squares,4249,3212,2014-10-18
single_binary_segmentation_least_squares,4250,3212,2014-10-18
single_binary_segmentation_least_squares,4251,3262,2014-12-07
single_binary_segmentation_least_squares,4252,3208,2014-10-14
single_binary_segmentation_least_squares,4253,3212,2014-10-18
single_binary_segmentation_least_squares,4254,3287,2015-01-01
single_binary_segmentation_least_squares,4255,3223,2014-10-29
single_binary_segmentation_least_squares,4256,3223,2014-10-29
single_binary_segmentation_least_squares,4257,3221,2014-10-27
single_binary_segmentation_least_squares,4258,3212,2014-10-18
single_binary_segmentation_least_squares,4259,3212,2014-10-18
single_binary_segmentation_least_squares,4260,3257,2014-12-02
single_binary_segmentation_least_squares,4261,3287,2015-01-01
single_binary_segmentation_least_squares,4262,3260,2014-12-05
single_binary_segmentation_least_squares,4263,3287,2015-01-01
single_binary_segmentation_least_squares,4264,3212,2014-10-18
single_binary_segmentation_least_squares,4265,3212,2014-10-18
single_binary_segmentation_least_squares,4266,3212,2014-10-18
single_binary_segmentation_least_squares,4267,3212,2014-10-18
single_binary_segmentation_least_squares,4268,3212,2014-10-18
single_binary_segmentation_least_squares,4269,3214,2014-10-20
single_binary_segmentation_least_squares,4270,3286,2014-12-31
single_binary_segmentation_least_squares,4271,3287,2015-01-01
single_binary_segmentation_least_squares,4272,3216,2014-10-22
single_binary_segmentation_least_squares,4273,3112,2014-07-10
single_binary_segmentation_least_squares,4274,3202,2014-10-08
single_binary_segmentation_least_squares,4275,3211,2014-10-17
single_binary_segmentation_least_squares,4276,3287,2015-01-01
single_binary_segmentation_least_squares,4277,3230,2014-11-05
single_binary_segmentation_least_squares,4278,3287,2015-01-01
single_binary_segmentation_least_squares,4279,3285,2014-12-30
single_binary_segmentation_least_squares,4280,3287,2015-01-01
single_binary_segmentation_least_squares,4281,3212,2014-10-18
single_binary_segmentation_least_squares,4282,3266,2014-12-11
single_binary_segmentation_least_squares,4283,3212,2014-10-18
single_binary_segmentation_least_squares,4284,3212,2014-10-18
single_binary_segmentation_least_squares,4285,3242,2014-11-17
single_binary_segmentation_least_squares,4286,3235,2014-11-10
single_binary_segmentation_least_squares,4287,3287,2015-01-01
single_binary_segmentation_least_squares,4288,3212,2014-10-18
single_binary_segmentation_least_squares,4289,3212,2014-10-18
single_binary_segmentation_least_squares,4290,3192,2014-09-28
single_binary_segmentation_least_squares,4291,3287,2015-01-01
single_binary_segmentation_least_squares,4292,3212,2014-10-18
single_binary_segmentation_least_squares,4293,3212,2014-10-18
single_binary_segmentation_least_squares,4294,3231,2014-11-06
single_binary_segmentation_least_squares,4295,3287,2015-01-01
single_binary_segmentation_least_squares,4296,3212,2014-10-18
single_binary_segmentation_least_squares,4297,3165,2014-09-01
single_binary_segmentation_least_squares,4298,3212,2014-10-18
single_binary_segmentation_least_squares,4299,3212,2014-10-18
single_binary_segmentation_least_squares,4300,3212,2014-10-18
single_binary_segmentation_least_squares,4301,3287,2015-01-01
single_binary_segmentation_least_squares,4302,3187,2014-09-23
single_binary_segmentation_least_squares,4303,3287,2015-01-01
single_binary_segmentation_least_squares,4304,3287,2015-01-01
single_binary_segmentation_least_squares,4305,3287,2015-01-01
single_binary_segmentation_least_squares,4306,3287,2015-01-01
single_binary_segmentation_least_squares,4307,3197,2014-10-03
single_binary_segmentation_least_squares,4308,3212,2014-10-18
single_binary_segmentation_least_squares,4309,3212,2014-10-18
single_binary_segmentation_least_squares,4310,3212,2014-10-18
single_binary_segmentation_least_squares,4311,3268,2014-12-13
single_binary_segmentation_least_squares,4312,3137,2014-08-04
single_binary_segmentation_least_squares,4313,3212,2014-10-18
single_binary_segmentation_least_squares,4314,3287,2015-01-01
single_binary_segmentation_least_squares,4315,3021,2014-04-10
single_binary_segmentation_least_squares,4316,3287,2015-01-01
single_binary_segmentation_least_squares,4317,3287,2015-01-01
single_binary_segmentation_least_squares,4318,3273,2014-12-18
single_binary_segmentation_least_squares,4319,3212,2014-10-18
single_binary_segmentation_least_squares,4320,3212,2014-10-18
single_binary_segmentation_least_squares,4321,3243,2014-11-18
single_binary_segmentation_least_squares,4322,3212,2014-10-18
single_binary_segmentation_least_squares,4323,3287,2015-01-01
single_binary_segmentation_least_squares,4324,3210,2014-10-16
single_binary_segmentation_least_squares,4325,2949,2014-01-28
single_binary_segmentation_least_squares,4326,3184,2014-09-20
single_binary_segmentation_least_squares,4327,3164,2014-08-31
single_binary_segmentation_least_squares,4328,3216,2014-10-22
single_binary_segmentation_least_squares,4329,3212,2014-10-18
single_binary_segmentation_least_squares,4330,3209,2014-10-15
single_binary_segmentation_least_squares,4331,3212,2014-10-18
single_binary_segmentation_least_squares,4332,3212,2014-10-18
single_binary_segmentation_least_squares,4333,3265,2014-12-10
single_binary_segmentation_least_squares,4334,3212,2014-10-18
single_binary_segmentation_least_squares,4335,3203,2014-10-09
single_binary_segmentation_least_squares,4336,3151,2014-08-18
single_binary_segmentation_least_squares,4337,3212,2014-10-18
single_binary_segmentation_least_squares,4338,3211,2014-10-17
single_binary_segmentation_least_squares,4339,3212,2014-10-18
single_binary_segmentation_least_squares,4340,3274,2014-12-19
single_binary_segmentation_least_squares,4341,3212,2014-10-18
single_binary_segmentation_least_squares,4342,3212,2014-10-18
single_binary_segmentation_least_squares,4343,3287,2015-01-01
single_binary_segmentation_least_squares,4344,3209,2014-10-15
single_binary_segmentation_least_squares,4345,3287,2015-01-01
single_binary_segmentation_least_squares,4346,3212,2014-10-18
single_binary_segmentation_least_squares,4347,3212,2014-10-18
single_binary_segmentation_least_squares,4348,3287,2015-01-01
single_binary_segmentation_least_squares,4349,3212,2014-10-18
single_binary_segmentation_least_squares,4350,3287,2015-01-01
single_binary_segmentation_least_squares,4351,3274,2014-12-19
single_binary_segmentation_least_squares,4352,3174,2014-09-10
single_binary_segmentation_least_squares,4353,3278,2014-12-23
single_binary_segmentation_least_squares,4354,3222,2014-10-28
single_binary_segmentation_least_squares,4355,3212,2014-10-18
single_binary_segmentation_least_squares,4356,3212,2014-10-18
single_binary_segmentation_least_squares,4357,3267,2014-12-12
single_binary_segmentation_least_squares,4358,3212,2014-10-18
single_binary_segmentation_least_squares,4359,3204,2014-10-10
single_binary_segmentation_least_squares,4360,3173,2014-09-09
single_binary_segmentation_least_squares,4361,3212,2014-10-18
single_binary_segmentation_least_squares,4362,3212,2014-10-18
single_binary_segmentation_least_squares,4363,3267,2014-12-12
single_binary_segmentation_least_squares,4364,3212,2014-10-18
single_binary_segmentation_least_squares,4365,3212,2014-10-18
single_binary_segmentation_least_squares,4366,3251,2014-11-26
single_binary_segmentation_least_squares,4367,3212,2014-10-18
single_binary_segmentation_least_squares,4368,3212,2014-10-18
single_binary_segmentation_least_squares,4369,3198,2014-10-04
single_binary_segmentation_least_squares,4370,3222,2014-10-28
single_binary_segmentation_least_squares,4371,3287,2015-01-01
single_binary_segmentation_least_squares,4372,3201,2014-10-07
single_binary_segmentation_least_squares,4373,3212,2014-10-18
single_binary_segmentation_least_squares,4374,3287,2015-01-01
single_binary_segmentation_least_squares,4375,2997,2014-03-17
single_binary_segmentation_least_squares,4376,3212,2014-10-18
single_binary_segmentation_least_squares,4377,3287,2015-01-01
single_binary_segmentation_least_squares,4378,3212,2014-10-18
single_binary_segmentation_least_squares,4379,3212,2014-10-18
single_binary_segmentation_least_squares,4380,3212,2014-10-18
single_binary_segmentation_least_squares,4381,3287,2015-01-01
single_binary_segmentation_least_squares,4382,3255,2014-11-30
single_binary_segmentation_least_squares,4383,3222,2014-10-28
single_binary_segmentation_least_squares,4384,3287,2015-01-01
single_binary_segmentation_least_squares,4385,3287,2015-01-01
single_binary_segmentation_least_squares,4386,3212,2014-10-18
single_binary_segmentation_least_squares,4387,3212,2014-10-18
single_binary_segmentation_least_squares,4388,3235,2014-11-10
single_binary_segmentation_least_squares,4389,3212,2014-10-18
single_binary_segmentation_least_squares,4390,3212,2014-10-18
single_binary_segmentation_least_squares,4391,3271,2014-12-16
single_binary_segmentation_least_squares,4392,3179,2014-09-15
single_binary_segmentation_least_squares,4393,3271,2014-12-16
single_binary_segmentation_least_squares,4394,3212,2014-10-18
single_binary_segmentation_least_squares,4395,3212,2014-10-18
single_binary_segmentation_least_squares,4396,3287,2015-01-01
single_binary_segmentation_least_squares,4397,3287,2015-01-01
single_binary_segmentation_least_squares,4398,3213,2014-10-19
single_binary_segmentation_least_squares,4399,3028,2014-04-17
single_binary_segmentation_least_squares,4400,3287,2015-01-01
single_binary_segmentation_least_squares,4401,3212,2014-10-18
single_binary_segmentation_least_squares,4402,3212,2014-10-18
single_binary_segmentation_least_squares,4403,3212,2014-10-18
single_binary_segmentation_least_squares,4404,3212,2014-10-18
single_binary_segmentation_least_squares,4405,3212,2014-10-18
single_binary_segmentation_least_squares,4406,3212,2014-10-18
single_binary_segmentation_least_squares,4407,3212,2014-10-18
single_binary_segmentation_least_squares,4408,3212,2014-10-18
single_binary_segmentation_least_squares,4409,3212,2014-10-18
single_binary_segmentation_least_squares,4410,3212,2014-10-18
single_binary_segmentation_least_squares,4411,3213,2014-10-19
single_binary_segmentation_least_squares,4412,3195,2014-10-01
single_binary_segmentation_least_squares,4413,3221,2014-10-27
single_binary_segmentation_least_squares,4414,3212,2014-10-18
single_binary_segmentation_least_squares,4415,3212,2014-10-18
single_binary_segmentation_least_squares,4416,3212,2014-10-18
single_binary_segmentation_least_squares,4417,3206,2014-10-12
single_binary_segmentation_least_squares,4418,3212,2014-10-18
single_binary_segmentation_least_squares,4419,3212,2014-10-18
single_binary_segmentation_least_squares,4420,3038,2014-04-27
single_binary_segmentation_least_squares,4421,3212,2014-10-18
single_binary_segmentation_least_squares,4422,3287,2015-01-01
single_binary_segmentation_least_squares,4423,3241,2014-11-16
single_binary_segmentation_least_squares,4424,3235,2014-11-10
single_binary_segmentation_least_squares,4425,3287,2015-01-01
single_binary_segmentation_least_squares,4426,3157,2014-08-24
single_binary_segmentation_least_squares,4427,3212,2014-10-18
single_binary_segmentation_least_squares,4428,3212,2014-10-18
single_binary_segmentation_least_squares,4429,3212,2014-10-18
single_binary_segmentation_least_squares,4430,3274,2014-12-19
single_binary_segmentation_least_squares,4431,3217,2014-10-23
single_binary_segmentation_least_squares,4432,3208,2014-10-14
single_binary_segmentation_least_squares,4433,3272,2014-12-17
single_binary_segmentation_least_squares,4434,3287,2015-01-01
single_binary_segmentation_least_squares,4435,3223,2014-10-29
single_binary_segmentation_least_squares,4436,3212,2014-10-18
single_binary_segmentation_least_squares,4437,3212,2014-10-18
single_binary_segmentation_least_squares,4438,3212,2014-10-18
single_binary_segmentation_least_squares,4439,3212,2014-10-18
single_binary_segmentation_least_squares,4440,3212,2014-10-18
single_binary_segmentation_least_squares,4441,3212,2014-10-18
single_binary_segmentation_least_squares,4442,3212,2014-10-18
single_binary_segmentation_least_squares,4443,3153,2014-08-20
single_binary_segmentation_least_squares,4444,3224,2014-10-30
single_binary_segmentation_least_squares,4445,3194,2014-09-30
single_binary_segmentation_least_squares,4446,3069,2014-05-28
single_binary_segmentation_least_squares,4447,3229,2014-11-04
single_binary_segmentation_least_squares,4448,3198,2014-10-04
single_binary_segmentation_least_squares,4449,3212,2014-10-18
single_binary_segmentation_least_squares,4450,3122,2014-07-20
single_binary_segmentation_least_squares,4451,3170,2014-09-06
single_binary_segmentation_least_squares,4452,3212,2014-10-18
single_binary_segmentation_least_squares,4453,3287,2015-01-01
single_binary_segmentation_least_squares,4454,3212,2014-10-18
single_binary_segmentation_least_squares,4455,3063,2014-05-22
single_binary_segmentation_least_squares,4456,3211,2014-10-17
single_binary_segmentation_least_squares,4457,3287,2015-01-01
single_binary_segmentation_least_squares,4458,3212,2014-10-18
single_binary_segmentation_least_squares,4459,3189,2014-09-25
single_binary_segmentation_least_squares,4460,3286,2014-12-31
single_binary_segmentation_least_squares,4461,3287,2015-01-01
single_binary_segmentation_least_squares,4462,3212,2014-10-18
single_binary_segmentation_least_squares,4463,3245,2014-11-20
single_binary_segmentation_least_squares,4464,3212,2014-10-18
single_binary_segmentation_least_squares,4465,3212,2014-10-18
single_binary_segmentation_least_squares,4466,3287,2015-01-01
single_binary_segmentation_least_squares,4467,3287,2015-01-01
single_binary_segmentation_least_squares,4468,3212,2014-10-18
single_binary_segmentation_least_squares,4469,3287,2015-01-01
single_binary_segmentation_least_squares,4470,3212,2014-10-18
single_binary_segmentation_least_squares,4471,3212,2014-10-18
single_binary_segmentation_least_squares,4472,3180,2014-09-16
single_binary_segmentation_least_squares,4473,3223,2014-10-29
single_binary_segmentation_least_squares,4474,3205,2014-10-11
single_binary_segmentation_least_squares,4475,3212,2014-10-18
single_binary_segmentation_least_squares,4476,3287,2015-01-01
single_binary_segmentation_least_squares,4477,3200,2014-10-06
single_binary_segmentation_least_squares,4478,3287,2015-01-01
single_binary_segmentation_least_squares,4479,3287,2015-01-01
single_binary_segmentation_least_squares,4480,3264,2014-12-09
single_binary_segmentation_least_squares,4481,3212,2014-10-18
single_binary_segmentation_least_squares,4482,3212,2014-10-18
single_binary_segmentation_least_squares,4483,3212,2014-10-18
single_binary_segmentation_least_squares,4484,3287,2015-01-01
single_binary_segmentation_least_squares,4485,3194,2014-09-30
single_binary_segmentation_least_squares,4486,3223,2014-10-29
single_binary_segmentation_least_squares,4487,3213,2014-10-19
single_binary_segmentation_least_squares,4488,3287,2015-01-01
single_binary_segmentation_least_squares,4489,3287,2015-01-01
single_binary_segmentation_least_squares,4490,3258,2014-12-03
single_binary_segmentation_least_squares,4491,3287,2015-01-01
single_binary_segmentation_least_squares,4492,3287,2015-01-01
single_binary_segmentation_least_squares,4493,3247,2014-11-22
single_binary_segmentation_least_squares,4494,3285,2014-12-30
single_binary_segmentation_least_squares,4495,3284,2014-12-29
single_binary_segmentation_least_squares,4496,3278,2014-12-23
single_binary_segmentation_least_squares,4497,3287,2015-01-01
single_binary_segmentation_least_squares,4498,3212,2014-10-18
single_binary_segmentation_least_squares,4499,3212,2014-10-18
single_binary_segmentation_least_squares,4500,3287,2015-01-01
single_binary_segmentation_least_squares,4501,3200,2014-10-06
single_binary_segmentation_least_squares,4502,3184,2014-09-20
single_binary_segmentation_least_squares,4503,3212,2014-10-18
single_binary_segmentation_least_squares,4504,3212,2014-10-18
single_binary_segmentation_least_squares,4505,3212,2014-10-18
single_binary_segmentation_least_squares,4506,3212,2014-10-18
single_binary_segmentation_least_squares,4507,3269,2014-12-14
single_binary_segmentation_least_squares,4508,3202,2014-10-08
single_binary_segmentation_least_squares,4509,3206,2014-10-12
single_binary_segmentation_least_squares,4510,3223,2014-10-29
single_binary_segmentation_least_squares,4511,3285,2014-12-30
single_binary_segmentation_least_squares,4512,3257,2014-12-02
single_binary_segmentation_least_squares,4513,3212,2014-10-18
single_binary_segmentation_least_squares,4514,2673,2013-04-27
single_binary_segmentation_least_squares,4515,2717,2013-06-10
single_binary_segmentation_least_squares,4516,3212,2014-10-18
single_binary_segmentation_least_squares,4517,3212,2014-10-18
single_binary_segmentation_least_squares,4518,3212,2014-10-18
single_binary_segmentation_least_squares,4519,3212,2014-10-18
single_binary_segmentation_least_squares,4520,3255,2014-11-30
single_binary_segmentation_least_squares,4521,3254,2014-11-29
single_binary_segmentation_least_squares,4522,3152,2014-08-19
single_binary_segmentation_least_squares,4523,3252,2014-11-27
single_binary_segmentation_least_squares,4524,3212,2014-10-18
single_binary_segmentation_least_squares,4525,3212,2014-10-18
single_binary_segmentation_least_squares,4526,3287,2015-01-01
single_binary_segmentation_least_squares,4527,3287,2015-01-01
single_binary_segmentation_least_squares,4528,3161,2014-08-28
single_binary_segmentation_least_squares,4529,2967,2014-02-15
single_binary_segmentation_least_squares,4530,3212,2014-10-18
single_binary_segmentation_least_squares,4531,3214,2014-10-20
single_binary_segmentation_least_squares,4532,3090,2014-06-18
single_binary_segmentation_least_squares,4533,3287,2015-01-01
single_binary_segmentation_least_squares,4534,3221,2014-10-27
single_binary_segmentation_least_squares,4535,3211,2014-10-17
single_binary_segmentation_least_squares,4536,3277,2014-12-22
single_binary_segmentation_least_squares,4537,3287,2015-01-01
single_binary_segmentation_least_squares,4538,3165,2014-09-01
single_binary_segmentation_least_squares,4539,3287,2015-01-01
single_binary_segmentation_least_squares,4540,3212,2014-10-18
single_binary_segmentation_least_squares,4541,3212,2014-10-18
single_binary_segmentation_least_squares,4542,3212,2014-10-18
single_binary_segmentation_least_squares,4543,3287,2015-01-01
single_binary_segmentation_least_squares,4544,3212,2014-10-18
single_binary_segmentation_least_squares,4545,3212,2014-10-18
single_binary_segmentation_least_squares,4546,3212,2014-10-18
single_binary_segmentation_least_squares,4547,2858,2013-10-29
single_binary_segmentation_least_squares,4548,3212,2014-10-18
single_binary_segmentation_least_squares,4549,3236,2014-11-11
single_binary_segmentation_least_squares,4550,3287,2015-01-01
single_binary_segmentation_least_squares,4551,3287,2015-01-01
single_binary_segmentation_least_squares,4552,3281,2014-12-26
single_binary_segmentation_least_squares,4553,3210,2014-10-16
single_binary_segmentation_least_squares,4554,3271,2014-12-16
single_binary_segmentation_least_squares,4555,3211,2014-10-17
single_binary_segmentation_least_squares,4556,3212,2014-10-18
single_binary_segmentation_least_squares,4557,3287,2015-01-01
single_binary_segmentation_least_squares,4558,3025,2014-04-14
single_binary_segmentation_least_squares,4559,3187,2014-09-23
single_binary_segmentation_least_squares,4560,3232,2014-11-07
single_binary_segmentation_least_squares,4561,3239,2014-11-14
single_binary_segmentation_least_squares,4562,3094,2014-06-22
single_binary_segmentation_least_squares,4563,3287,2015-01-01
single_binary_segmentation_least_squares,4564,3212,2014-10-18
single_binary_segmentation_least_squares,4565,3212,2014-10-18
single_binary_segmentation_least_squares,4566,3287,2015-01-01
single_binary_segmentation_least_squares,4567,3190,2014-09-26
single_binary_segmentation_least_squares,4568,3225,2014-10-31
single_binary_segmentation_least_squares,4569,3212,2014-10-18
single_binary_segmentation_least_squares,4570,3212,2014-10-18
single_binary_segmentation_least_squares,4571,3212,2014-10-18
single_binary_segmentation_least_squares,4572,3287,2015-01-01
single_binary_segmentation_least_squares,4573,3212,2014-10-18
single_binary_segmentation_least_squares,4574,3088,2014-06-16
single_binary_segmentation_least_squares,4575,3232,2014-11-07
single_binary_segmentation_least_squares,4576,3209,2014-10-15
single_binary_segmentation_least_squares,4577,3212,2014-10-18
single_binary_segmentation_least_squares,4578,3083,2014-06-11
single_binary_segmentation_least_squares,4579,3228,2014-11-03
single_binary_segmentation_least_squares,4580,3164,2014-08-31
single_binary_segmentation_least_squares,4581,3212,2014-10-18
single_binary_segmentation_least_squares,4582,3283,2014-12-28
single_binary_segmentation_least_squares,4583,3212,2014-10-18
single_binary_segmentation_least_squares,4584,3212,2014-10-18
single_binary_segmentation_least_squares,4585,3258,2014-12-03
single_binary_segmentation_least_squares,4586,3212,2014-10-18
single_binary_segmentation_least_squares,4587,3287,2015-01-01
single_binary_segmentation_least_squares,4588,3287,2015-01-01
single_binary_segmentation_least_squares,4589,3223,2014-10-29
single_binary_segmentation_least_squares,4590,3184,2014-09-20
single_binary_segmentation_least_squares,4591,3212,2014-10-18
single_binary_segmentation_least_squares,4592,3212,2014-10-18
single_binary_segmentation_least_squares,4593,3212,2014-10-18
single_binary_segmentation_least_squares,4594,3098,2014-06-26
single_binary_segmentation_least_squares,4595,3212,2014-10-18
single_binary_segmentation_least_squares,4596,3212,2014-10-18
single_binary_segmentation_least_squares,4597,3207,2014-10-13
single_binary_segmentation_least_squares,4598,3282,2014-12-27
single_binary_segmentation_least_squares,4599,3287,2015-01-01
single_binary_segmentation_least_squares,4600,3212,2014-10-18
single_binary_segmentation_least_squares,4601,3212,2014-10-18
single_binary_segmentation_least_squares,4602,3287,2015-01-01
single_binary_segmentation_least_squares,4603,3287,2015-01-01
single_binary_segmentation_least_squares,4604,3287,2015-01-01
single_binary_segmentation_least_squares,4605,3183,2014-09-19
single_binary_segmentation_least_squares,4606,3212,2014-10-18
single_binary_segmentation_least_squares,4607,3212,2014-10-18
single_binary_segmentation_least_squares,4608,3248,2014-11-23
single_binary_segmentation_least_squares,4609,3212,2014-10-18
single_binary_segmentation_least_squares,4610,3212,2014-10-18
single_binary_segmentation_least_squares,4611,3287,2015-01-01
single_binary_segmentation_least_squares,4612,3198,2014-10-04
single_binary_segmentation_least_squares,4613,3212,2014-10-18
single_binary_segmentation_least_squares,4614,3287,2015-01-01
single_binary_segmentation_least_squares,4615,3287,2015-01-01
single_binary_segmentation_least_squares,4616,3212,2014-10-18
single_binary_segmentation_least_squares,4617,3183,2014-09-19
single_binary_segmentation_least_squares,4618,3287,2015-01-01
single_binary_segmentation_least_squares,4619,3212,2014-10-18
single_binary_segmentation_least_squares,4620,3219,2014-10-25
single_binary_segmentation_least_squares,4621,3287,2015-01-01
single_binary_segmentation_least_squares,4622,3212,2014-10-18
single_binary_segmentation_least_squares,4623,3287,2015-01-01
single_binary_segmentation_least_squares,4624,3212,2014-10-18
single_binary_segmentation_least_squares,4625,3212,2014-10-18
single_binary_segmentation_least_squares,4626,3274,2014-12-19
single_binary_segmentation_least_squares,4627,3287,2015-01-01
single_binary_segmentation_least_squares,4628,3129,2014-07-27
single_binary_segmentation_least_squares,4629,2661,2013-04-15
single_binary_segmentation_least_squares,4630,3212,2014-10-18
single_binary_segmentation_least_squares,4631,3212,2014-10-18
single_binary_segmentation_least_squares,4632,3189,2014-09-25
single_binary_segmentation_least_squares,4633,3234,2014-11-09
single_binary_segmentation_least_squares,4634,3287,2015-01-01
single_binary_segmentation_least_squares,4635,3182,2014-09-18
single_binary_segmentation_least_squares,4636,3265,2014-12-10
single_binary_segmentation_least_squares,4637,3211,2014-10-17
single_binary_segmentation_least_squares,4638,3212,2014-10-18
single_binary_segmentation_least_squares,4639,3200,2014-10-06
single_binary_segmentation_least_squares,4640,3228,2014-11-03
single_binary_segmentation_least_squares,4641,3212,2014-10-18
single_binary_segmentation_least_squares,4642,3287,2015-01-01
single_binary_segmentation_least_squares,4643,3287,2015-01-01
single_binary_segmentation_least_squares,4644,3287,2015-01-01
single_binary_segmentation_least_squares,4645,3181,2014-09-17
single_binary_segmentation_least_squares,4646,3287,2015-01-01
single_binary_segmentation_least_squares,4647,3287,2015-01-01
single_binary_segmentation_least_squares,4648,3212,2014-10-18
single_binary_segmentation_least_squares,4649,3212,2014-10-18
single_binary_segmentation_least_squares,4650,3287,2015-01-01
single_binary_segmentation_least_squares,4651,3212,2014-10-18
single_binary_segmentation_least_squares,4652,3212,2014-10-18
single_binary_segmentation_least_squares,4653,2096,2011-09-28
single_binary_segmentation_least_squares,4654,3212,2014-10-18
single_binary_segmentation_least_squares,4655,3287,2015-01-01
single_binary_segmentation_least_squares,4656,3287,2015-01-01
single_binary_segmentation_least_squares,4657,3287,2015-01-01
single_binary_segmentation_least_squares,4658,3269,2014-12-14
single_binary_segmentation_least_squares,4659,3233,2014-11-08
single_binary_segmentation_least_squares,4660,3201,2014-10-07
single_binary_segmentation_least_squares,4661,3199,2014-10-05
single_binary_segmentation_least_squares,4662,3212,2014-10-18
single_binary_segmentation_least_squares,4663,3212,2014-10-18
single_binary_segmentation_least_squares,4664,3229,2014-11-04
single_binary_segmentation_least_squares,4665,3212,2014-10-18
single_binary_segmentation_least_squares,4666,3287,2015-01-01
single_binary_segmentation_least_squares,4667,3223,2014-10-29
single_binary_segmentation_least_squares,4668,3212,2014-10-18
single_binary_segmentation_least_squares,4669,3287,2015-01-01
single_binary_segmentation_least_squares,4670,3212,2014-10-18
single_binary_segmentation_least_squares,4671,3271,2014-12-16
single_binary_segmentation_least_squares,4672,3287,2015-01-01
single_binary_segmentation_least_squares,4673,3229,2014-11-04
single_binary_segmentation_least_squares,4674,3287,2015-01-01
single_binary_segmentation_least_squares,4675,3212,2014-10-18
single_binary_segmentation_least_squares,4676,3235,2014-11-10
single_binary_segmentation_least_squares,4677,3287,2015-01-01
single_binary_segmentation_least_squares,4678,3287,2015-01-01
single_binary_segmentation_least_squares,4679,3240,2014-11-15
single_binary_segmentation_least_squares,4680,3136,2014-08-03
single_binary_segmentation_least_squares,4681,3212,2014-10-18
single_binary_segmentation_least_squares,4682,3154,2014-08-21
single_binary_segmentation_least_squares,4683,3287,2015-01-01
single_binary_segmentation_least_squares,4684,3212,2014-10-18
single_binary_segmentation_least_squares,4685,3212,2014-10-18
single_binary_segmentation_least_squares,4686,3212,2014-10-18
single_binary_segmentation_least_squares,4687,3212,2014-10-18
single_binary_segmentation_least_squares,4688,3287,2015-01-01
single_binary_segmentation_least_squares,4689,3287,2015-01-01
single_binary_segmentation_least_squares,4690,3212,2014-10-18
single_binary_segmentation_least_squares,4691,3212,2014-10-18
single_binary_segmentation_least_squares,4692,2980,2014-02-28
single_binary_segmentation_least_squares,4693,3287,2015-01-01
single_binary_segmentation_least_squares,4694,3287,2015-01-01
single_binary_segmentation_least_squares,4695,3287,2015-01-01
single_binary_segmentation_least_squares,4696,3271,2014-12-16
single_binary_segmentation_least_squares,4697,3246,2014-11-21
single_binary_segmentation_least_squares,4698,3287,2015-01-01
single_binary_segmentation_least_squares,4699,3224,2014-10-30
single_binary_segmentation_least_squares,4700,3210,2014-10-16
single_binary_segmentation_least_squares,4701,3212,2014-10-18
single_binary_segmentation_least_squares,4702,3287,2015-01-01
single_binary_segmentation_least_squares,4703,3212,2014-10-18
single_binary_segmentation_least_squares,4704,3212,2014-10-18
single_binary_segmentation_least_squares,4705,3272,2014-12-17
single_binary_segmentation_least_squares,4706,3287,2015-01-01
single_binary_segmentation_least_squares,4707,3212,2014-10-18
single_binary_segmentation_least_squares,4708,3212,2014-10-18
single_binary_segmentation_least_squares,4709,3280,2014-12-25
single_binary_segmentation_least_squares,4710,3287,2015-01-01
single_binary_segmentation_least_squares,4711,3287,2015-01-01
single_binary_segmentation_least_squares,4712,3212,2014-10-18
single_binary_segmentation_least_squares,4713,3287,2015-01-01
single_binary_segmentation_least_squares,4714,2949,2014-01-28
single_binary_segmentation_least_squares,4715,3287,2015-01-01
single_binary_segmentation_least_squares,4716,3287,2015-01-01
single_binary_segmentation_least_squares,4717,3212,2014-10-18
single_binary_segmentation_least_squares,4718,3287,2015-01-01
single_binary_segmentation_least_squares,4719,3212,2014-10-18
single_binary_segmentation_least_squares,4720,3275,2014-12-20
single_binary_segmentation_least_squares,4721,3212,2014-10-18
single_binary_segmentation_least_squares,4722,3212,2014-10-18
single_binary_segmentation_least_squares,4723,3287,2015-01-01
single_binary_segmentation_least_squares,4724,3212,2014-10-18
single_binary_segmentation_least_squares,4725,3287,2015-01-01
single_binary_segmentation_least_squares,4726,3212,2014-10-18
single_binary_segmentation_least_squares,4727,3212,2014-10-18
single_binary_segmentation_least_squares,4728,3212,2014-10-18
single_binary_segmentation_least_squares,4729,3212,2014-10-18
single_binary_segmentation_least_squares,4730,3196,2014-10-02
single_binary_segmentation_least_squares,4731,3016,2014-04-05
single_binary_segmentation_least_squares,4732,3287,2015-01-01
single_binary_segmentation_least_squares,4733,3245,2014-11-20
single_binary_segmentation_least_squares,4734,3221,2014-10-27
single_binary_segmentation_least_squares,4735,3179,2014-09-15
single_binary_segmentation_least_squares,4736,3197,2014-10-03
single_binary_segmentation_least_squares,4737,3287,2015-01-01
single_binary_segmentation_least_squares,4738,3180,2014-09-16
single_binary_segmentation_least_squares,4739,3287,2015-01-01
single_binary_segmentation_least_squares,4740,3242,2014-11-17
single_binary_segmentation_least_squares,4741,3212,2014-10-18
single_binary_segmentation_least_squares,4742,3228,2014-11-03
single_binary_segmentation_least_squares,4743,3211,2014-10-17
single_binary_segmentation_least_squares,4744,3212,2014-10-18
single_binary_segmentation_least_squares,4745,3287,2015-01-01
single_binary_segmentation_least_squares,4746,3212,2014-10-18
single_binary_segmentation_least_squares,4747,3216,2014-10-22
single_binary_segmentation_least_squares,4748,3122,2014-07-20
single_binary_segmentation_least_squares,4749,3212,2014-10-18
single_binary_segmentation_least_squares,4750,3212,2014-10-18
single_binary_segmentation_least_squares,4751,3287,2015-01-01
single_binary_segmentation_least_squares,4752,3134,2014-08-01
single_binary_segmentation_least_squares,4753,3212,2014-10-18
single_binary_segmentation_least_squares,4754,3212,2014-10-18
single_binary_segmentation_least_squares,4755,3210,2014-10-16
single_binary_segmentation_least_squares,4756,3198,2014-10-04
single_binary_segmentation_least_squares,4757,3212,2014-10-18
single_binary_segmentation_least_squares,4758,3212,2014-10-18
single_binary_segmentation_least_squares,4759,3226,2014-11-01
single_binary_segmentation_least_squares,4760,3212,2014-10-18
single_binary_segmentation_least_squares,4761,3212,2014-10-18
single_binary_segmentation_least_squares,4762,3191,2014-09-27
single_binary_segmentation_least_squares,4763,2184,2011-12-25
single_binary_segmentation_least_squares,4764,3212,2014-10-18
single_binary_segmentation_least_squares,4765,3210,2014-10-16
single_binary_segmentation_least_squares,4766,3287,2015-01-01
single_binary_segmentation_least_squares,4767,3231,2014-11-06
single_binary_segmentation_least_squares,4768,3282,2014-12-27
single_binary_segmentation_least_squares,4769,3212,2014-10-18
single_binary_segmentation_least_squares,4770,3232,2014-11-07
single_binary_segmentation_least_squares,4771,3212,2014-10-18
single_binary_segmentation_least_squares,4772,3212,2014-10-18
single_binary_segmentation_least_squares,4773,3287,2015-01-01
single_binary_segmentation_least_squares,4774,3226,2014-11-01
single_binary_segmentation_least_squares,4775,3212,2014-10-18
single_binary_segmentation_least_squares,4776,3267,2014-12-12
single_binary_segmentation_least_squares,4777,3212,2014-10-18
single_binary_segmentation_least_squares,4778,3212,2014-10-18
single_binary_segmentation_least_squares,4779,3287,2015-01-01
single_binary_segmentation_least_squares,4780,3246,2014-11-21
single_binary_segmentation_least_squares,4781,3217,2014-10-23
single_binary_segmentation_least_squares,4782,3229,2014-11-04
single_binary_segmentation_least_squares,4783,3242,2014-11-17
single_binary_segmentation_least_squares,4784,3212,2014-10-18
single_binary_segmentation_least_squares,4785,3282,2014-12-27
single_binary_segmentation_least_squares,4786,3188,2014-09-24
single_binary_segmentation_least_squares,4787,3212,2014-10-18
single_binary_segmentation_least_squares,4788,3231,2014-11-06
single_binary_segmentation_least_squares,4789,3286,2014-12-31
single_binary_segmentation_least_squares,4790,3287,2015-01-01
single_binary_segmentation_least_squares,4791,3214,2014-10-20
single_binary_segmentation_least_squares,4792,3226,2014-11-01
single_binary_segmentation_least_squares,4793,3200,2014-10-06
single_binary_segmentation_least_squares,4794,3287,2015-01-01
single_binary_segmentation_least_squares,4795,3287,2015-01-01
single_binary_segmentation_least_squares,4796,3215,2014-10-21
single_binary_segmentation_least_squares,4797,3212,2014-10-18
single_binary_segmentation_least_squares,4798,3281,2014-12-26
single_binary_segmentation_least_squares,4799,3271,2014-12-16
single_binary_segmentation_least_squares,4800,3287,2015-01-01
single_binary_segmentation_least_squares,4801,3212,2014-10-18
single_binary_segmentation_least_squares,4802,3212,2014-10-18
single_binary_segmentation_least_squares,4803,3287,2015-01-01
single_binary_segmentation_least_squares,4804,3212,2014-10-18
single_binary_segmentation_least_squares,4805,3213,2014-10-19
single_binary_segmentation_least_squares,4806,3212,2014-10-18
single_binary_segmentation_least_squares,4807,3212,2014-10-18
single_binary_segmentation_least_squares,4808,3212,2014-10-18
single_binary_segmentation_least_squares,4809,3212,2014-10-18
single_binary_segmentation_least_squares,4810,3239,2014-11-14
single_binary_segmentation_least_squares,4811,3235,2014-11-10
single_binary_segmentation_least_squares,4812,3213,2014-10-19
single_binary_segmentation_least_squares,4813,3287,2015-01-01
single_binary_segmentation_least_squares,4814,3044,2014-05-03
single_binary_segmentation_least_squares,4815,3287,2015-01-01
single_binary_segmentation_least_squares,4816,3287,2015-01-01
single_binary_segmentation_least_squares,4817,3287,2015-01-01
single_binary_segmentation_least_squares,4818,3212,2014-10-18
single_binary_segmentation_least_squares,4819,3270,2014-12-15
single_binary_segmentation_least_squares,4820,3212,2014-10-18
single_binary_segmentation_least_squares,4821,3251,2014-11-26
single_binary_segmentation_least_squares,4822,3287,2015-01-01
single_binary_segmentation_least_squares,4823,3198,2014-10-04
single_binary_segmentation_least_squares,4824,3212,2014-10-18
single_binary_segmentation_least_squares,4825,3212,2014-10-18
single_binary_segmentation_least_squares,4826,3212,2014-10-18
single_binary_segmentation_least_squares,4827,3287,2015-01-01
single_binary_segmentation_least_squares,4828,3212,2014-10-18
single_binary_segmentation_least_squares,4829,3212,2014-10-18
single_binary_segmentation_least_squares,4830,3010,2014-03-30
single_binary_segmentation_least_squares,4831,3233,2014-11-08
single_binary_segmentation_least_squares,4832,3212,2014-10-18
single_binary_segmentation_least_squares,4833,3212,2014-10-18
single_binary_segmentation_least_squares,4834,3278,2014-12-23
single_binary_segmentation_least_squares,4835,3212,2014-10-18
single_binary_segmentation_least_squares,4836,3225,2014-10-31
single_binary_segmentation_least_squares,4837,3212,2014-10-18
single_binary_segmentation_least_squares,4838,3202,2014-10-08
single_binary_segmentation_least_squares,4839,3287,2015-01-01
single_binary_segmentation_least_squares,4840,3243,2014-11-18
single_binary_segmentation_least_squares,4841,3181,2014-09-17
single_binary_segmentation_least_squares,4842,3212,2014-10-18
single_binary_segmentation_least_squares,4843,3212,2014-10-18
single_binary_segmentation_least_squares,4844,3212,2014-10-18
single_binary_segmentation_least_squares,4845,3212,2014-10-18
single_binary_segmentation_least_squares,4846,3212,2014-10-18
single_binary_segmentation_least_squares,4847,3163,2014-08-30
single_binary_segmentation_least_squares,4848,3212,2014-10-18
single_binary_segmentation_least_squares,4849,3262,2014-12-07
single_binary_segmentation_least_squares,4850,3287,2015-01-01
single_binary_segmentation_least_squares,4851,3212,2014-10-18
single_binary_segmentation_least_squares,4852,3212,2014-10-18
single_binary_segmentation_least_squares,4853,3046,2014-05-05
single_binary_segmentation_least_squares,4854,3211,2014-10-17
single_binary_segmentation_least_squares,4855,3287,2015-01-01
single_binary_segmentation_least_squares,4856,3287,2015-01-01
single_binary_segmentation_least_squares,4857,1273,2009-06-27
single_binary_segmentation_least_squares,4858,3287,2015-01-01
single_binary_segmentation_least_squares,4859,3287,2015-01-01
single_binary_segmentation_least_squares,4860,3265,2014-12-10
single_binary_segmentation_least_squares,4861,3250,2014-11-25
single_binary_segmentation_least_squares,4862,3125,2014-07-23
single_binary_segmentation_least_squares,4863,3174,2014-09-10
single_binary_segmentation_least_squares,4864,3212,2014-10-18
single_binary_segmentation_least_squares,4865,3230,2014-11-05
single_binary_segmentation_least_squares,4866,3210,2014-10-16
single_binary_segmentation_least_squares,4867,3212,2014-10-18
single_binary_segmentation_least_squares,4868,3212,2014-10-18
single_binary_segmentation_least_squares,4869,3042,2014-05-01
single_binary_segmentation_least_squares,4870,3287,2015-01-01
single_binary_segmentation_least_squares,4871,3187,2014-09-23
single_binary_segmentation_least_squares,4872,3212,2014-10-18
single_binary_segmentation_least_squares,4873,3212,2014-10-18
single_binary_segmentation_least_squares,4874,3212,2014-10-18
single_binary_segmentation_least_squares,4875,3287,2015-01-01
single_binary_segmentation_least_squares,4876,3287,2015-01-01
single_binary_segmentation_least_squares,4877,3212,2014-10-18
single_binary_segmentation_least_squares,4878,3246,2014-11-21
single_binary_segmentation_least_squares,4879,3212,2014-10-18
single_binary_segmentation_least_squares,4880,3212,2014-10-18
single_binary_segmentation_least_squares,4881,3287,2015-01-01
single_binary_segmentation_least_squares,4882,3245,2014-11-20
single_binary_segmentation_least_squares,4883,3287,2015-01-01
single_binary_segmentation_least_squares,4884,3287,2015-01-01
single_binary_segmentation_least_squares,4885,3125,2014-07-23
single_binary_segmentation_least_squares,4886,3212,2014-10-18
single_binary_segmentation_least_squares,4887,3242,2014-11-17
single_binary_segmentation_least_squares,4888,3212,2014-10-18
single_binary_segmentation_least_squares,4889,3212,2014-10-18
single_binary_segmentation_least_squares,4890,3212,2014-10-18
single_binary_segmentation_least_squares,4891,3207,2014-10-13
single_binary_segmentation_least_squares,4892,3222,2014-10-28
single_binary_segmentation_least_squares,4893,3212,2014-10-18
single_binary_segmentation_least_squares,4894,3287,2015-01-01
single_binary_segmentation_least_squares,4895,3212,2014-10-18
single_binary_segmentation_least_squares,4896,3215,2014-10-21
single_binary_segmentation_least_squares,4897,3212,2014-10-18
single_binary_segmentation_least_squares,4898,3212,2014-10-18
single_binary_segmentation_least_squares,4899,3274,2014-12-19
single_binary_segmentation_least_squares,4900,3279,2014-12-24
single_binary_segmentation_least_squares,4901,3212,2014-10-18
single_binary_segmentation_least_squares,4902,3004,2014-03-24
single_binary_segmentation_least_squares,4903,3198,2014-10-04
single_binary_segmentation_least_squares,4904,3287,2015-01-01
single_binary_segmentation_least_squares,4905,3212,2014-10-18
single_binary_segmentation_least_squares,4906,3287,2015-01-01
single_binary_segmentation_least_squares,4907,3287,2015-01-01
single_binary_segmentation_least_squares,4908,3212,2014-10-18
single_binary_segmentation_least_squares,4909,3212,2014-10-18
single_binary_segmentation_least_squares,4910,3287,2015-01-01
single_binary_segmentation_least_squares,4911,3212,2014-10-18
single_binary_segmentation_least_squares,4912,3182,2014-09-18
single_binary_segmentation_least_squares,4913,3203,2014-10-09
single_binary_segmentation_least_squares,4914,3212,2014-10-18
single_binary_segmentation_least_squares,4915,3261,2014-12-06
single_binary_segmentation_least_squares,4916,3198,2014-10-04
single_binary_segmentation_least_squares,4917,3287,2015-01-01
single_binary_segmentation_least_squares,4918,3287,2015-01-01
single_binary_segmentation_least_squares,4919,3287,2015-01-01
single_binary_segmentation_least_squares,4920,3212,2014-10-18
single_binary_segmentation_least_squares,4921,3219,2014-10-25
single_binary_segmentation_least_squares,4922,3201,2014-10-07
single_binary_segmentation_least_squares,4923,3119,2014-07-17
single_binary_segmentation_least_squares,4924,3287,2015-01-01
single_binary_segmentation_least_squares,4925,3236,2014-11-11
single_binary_segmentation_least_squares,4926,3212,2014-10-18
single_binary_segmentation_least_squares,4927,3287,2015-01-01
single_binary_segmentation_least_squares,4928,3212,2014-10-18
single_binary_segmentation_least_squares,4929,3171,2014-09-07
single_binary_segmentation_least_squares,4930,3212,2014-10-18
single_binary_segmentation_least_squares,4931,3287,2015-01-01
single_binary_segmentation_least_squares,4932,3217,2014-10-23
single_binary_segmentation_least_squares,4933,3212,2014-10-18
single_binary_segmentation_least_squares,4934,3204,2014-10-10
single_binary_segmentation_least_squares,4935,3212,2014-10-18
single_binary_segmentation_least_squares,4936,3287,2015-01-01
single_binary_segmentation_least_squares,4937,3234,2014-11-09
single_binary_segmentation_least_squares,4938,3164,2014-08-31
single_binary_segmentation_least_squares,4939,3212,2014-10-18
single_binary_segmentation_least_squares,4940,3243,2014-11-18
single_binary_segmentation_least_squares,4941,3213,2014-10-19
single_binary_segmentation_least_squares,4942,3212,2014-10-18
single_binary_segmentation_least_squares,4943,3212,2014-10-18
single_binary_segmentation_least_squares,4944,3287,2015-01-01
single_binary_segmentation_least_squares,4945,3212,2014-10-18
single_binary_segmentation_least_squares,4946,3212,2014-10-18
single_binary_segmentation_least_squares,4947,3212,2014-10-18
single_binary_segmentation_least_squares,4948,3072,2014-05-31
single_binary_segmentation_least_squares,4949,3212,2014-10-18
single_binary_segmentation_least_squares,4950,3212,2014-10-18
single_binary_segmentation_least_squares,4951,3212,2014-10-18
single_binary_segmentation_least_squares,4952,3211,2014-10-17
single_binary_segmentation_least_squares,4953,3260,2014-12-05
single_binary_segmentation_least_squares,4954,3212,2014-10-18
single_binary_segmentation_least_squares,4955,3212,2014-10-18
single_binary_segmentation_least_squares,4956,3217,2014-10-23
single_binary_segmentation_least_squares,4957,3235,2014-11-10
single_binary_segmentation_least_squares,4958,3287,2015-01-01
single_binary_segmentation_least_squares,4959,3212,2014-10-18
single_binary_segmentation_least_squares,4960,3212,2014-10-18
single_binary_segmentation_least_squares,4961,2984,2014-03-04
single_binary_segmentation_least_squares,4962,3212,2014-10-18
single_binary_segmentation_least_squares,4963,3212,2014-10-18
single_binary_segmentation_least_squares,4964,3212,2014-10-18
single_binary_segmentation_least_squares,4965,3212,2014-10-18
single_binary_segmentation_least_squares,4966,3212,2014-10-18
single_binary_segmentation_least_squares,4967,3143,2014-08-10
single_binary_segmentation_least_squares,4968,3212,2014-10-18
single_binary_segmentation_least_squares,4969,3274,2014-12-19
single_binary_segmentation_least_squares,4970,3212,2014-10-18
single_binary_segmentation_least_squares,4971,3252,2014-11-27
single_binary_segmentation_least_squares,4972,3212,2014-10-18
single_binary_segmentation_least_squares,4973,3212,2014-10-18
single_binary_segmentation_least_squares,4974,3211,2014-10-17
single_binary_segmentation_least_squares,4975,3194,2014-09-30
single_binary_segmentation_least_squares,4976,3287,2015-01-01
single_binary_segmentation_least_squares,4977,3212,2014-10-18
single_binary_segmentation_least_squares,4978,3287,2015-01-01
single_binary_segmentation_least_squares,4979,3069,2014-05-28
single_binary_segmentation_least_squares,4980,3287,2015-01-01
single_binary_segmentation_least_squares,4981,3287,2015-01-01
single_binary_segmentation_least_squares,4982,3212,2014-10-18
single_binary_segmentation_least_squares,4983,3212,2014-10-18
single_binary_segmentation_least_squares,4984,3186,2014-09-22
single_binary_segmentation_least_squares,4985,3212,2014-10-18
single_binary_segmentation_least_squares,4986,3212,2014-10-18
single_binary_segmentation_least_squares,4987,3287,2015-01-01
single_binary_segmentation_least_squares,4988,3212,2014-10-18
single_binary_segmentation_least_squares,4989,3130,2014-07-28
single_binary_segmentation_least_squares,4990,3212,2014-10-18
single_binary_segmentation_least_squares,4991,3212,2014-10-18
single_binary_segmentation_least_squares,4992,3212,2014-10-18
single_binary_segmentation_least_squares,4993,3212,2014-10-18
single_binary_segmentation_least_squares,4994,3254,2014-11-29
single_binary_segmentation_least_squares,4995,3287,2015-01-01
single_binary_segmentation_least_squares,4996,3287,2015-01-01
single_binary_segmentation_least_squares,4997,3207,2014-10-13
single_binary_segmentation_least_squares,4998,3212,2014-10-18
single_binary_segmentation_least_squares,4999,3240,2014-11-15
single_binary_segmentation_least_squares,5000,3194,2014-09-30
