event_id,pair_id,anchor_id,station_id,event_type,season,episode_length,analysis_eligible,cluster_id,cluster_size,station_cluster_id,station_cluster_size,station_event_type_cluster_id,station_event_type_cluster_size,experiment_family
M7BEVENT-20181230-20181124-20181208-0E314BE8492C,M7BPAIR-M7BEVENT2018123020181124201812080E314BE8492C-M7BCONTROL2018120820180102201801162CD7A1EF1A75-48D7631F3B92,M7BANCHOR-M7BEVENT2018123020181124201812080E314BE8492C-M7BCONTROL2018120820180102201801162CD7A1EF1A75-48D7631F3B92,B1,flood,DJF,15,True,EC0021,9,STB1-SC0022,3,ETB1flood-TC0006,1,M7b
M7BEVENT-20191219-20191124-20191208-38163E57CFDF,M7BPAIR-M7BEVENT20191219201911242019120838163E57CFDF-M7BCONTROL20191208201912202020010353CC75E3BCDF-6815C87619A6,M7BANCHOR-M7BEVENT20191219201911242019120838163E57CFDF-M7BCONTROL20191208201912202020010353CC75E3BCDF-6815C87619A6,B1,flood,DJF,15,True,EC0054,9,STB1-SC0048,2,ETB1flood-TC0010,1,M7b
M7BEVENT-20201220-20201124-20201208-BFEF45E7134A,M7BPAIR-M7BEVENT202012202020112420201208BFEF45E7134A-M7BCONTROL2020120820191225202001082E8EE9AA24CD-A0C4E9CD74CC,M7BANCHOR-M7BEVENT202012202020112420201208BFEF45E7134A-M7BCONTROL2020120820191225202001082E8EE9AA24CD-A0C4E9CD74CC,B1,flood,DJF,15,True,EC0080,39,STB1-SC0071,2,ETB1flood-TC0017,1,M7b
M7BEVENT-20180714-20180706-20180720-D630FBDE3179,M7BPAIR-M7BEVENT201807142018070620180720D630FBDE3179-M7BCONTROL20180720201806212018070555460C0555D9-C0A5B46D8BE3,M7BANCHOR-M7BEVENT201807142018070620180720D630FBDE3179-M7BCONTROL20180720201806212018070555460C0555D9-C0A5B46D8BE3,B1,flood,JJA,15,True,EC0014,7,STB1-SC0015,1,ETB1flood-TC0002,1,M7b
M7BEVENT-20200624-20200616-20200630-0ED36263952A,M7BPAIR-M7BEVENT2020062420200616202006300ED36263952A-M7BCONTROL2020063020200820202009032CBB78E79B4C-75B7BB6BC5D9,M7BANCHOR-M7BEVENT2020062420200616202006300ED36263952A-M7BCONTROL2020063020200820202009032CBB78E79B4C-75B7BB6BC5D9,B1,flood,JJA,15,True,EC0072,5,STB1-SC0062,1,ETB1flood-TC0014,1,M7b
M7BEVENT-20200819-20200716-20200730-DF68CA202BCE,M7BPAIR-M7BEVENT202008192020071620200730DF68CA202BCE-M7BCONTROL202007302020082120200904DC3A6456658A-B7EE0B7E4ACD,M7BANCHOR-M7BEVENT202008192020071620200730DF68CA202BCE-M7BCONTROL202007302020082120200904DC3A6456658A-B7EE0B7E4ACD,B1,flood,JJA,15,True,EC0075,5,STB1-SC0063,2,ETB1flood-TC0015,1,M7b
M7BEVENT-20180525-20180517-20180531-A12048912C83,M7BPAIR-M7BEVENT201805252018051720180531A12048912C83-M7BCONTROL2018053120180502201805168FF645C6C8FA-A1B45F4F54A7,M7BANCHOR-M7BEVENT201805252018051720180531A12048912C83-M7BCONTROL2018053120180502201805168FF645C6C8FA-A1B45F4F54A7,B1,flood,MAM,15,True,EC0008,15,STB1-SC0010,3,ETB1flood-TC0001,1,M7b
M7BEVENT-20190512-20190429-20190513-6ED454357548,M7BPAIR-M7BEVENT2019051220190429201905136ED454357548-M7BCONTROL2019051320190405201904196D5EEA2B67F2-B5E8FC7EE5F9,M7BANCHOR-M7BEVENT2019051220190429201905136ED454357548-M7BCONTROL2019051320190405201904196D5EEA2B67F2-B5E8FC7EE5F9,B1,flood,MAM,15,True,EC0036,23,STB1-SC0029,3,ETB1flood-TC0007,1,M7b
M7BEVENT-20190531-20190522-20190605-FBF08D5A6660,M7BPAIR-M7BEVENT201905312019052220190605FBF08D5A6660-M7BCONTROL201906052019040420190418AA2BEAEA1436-09785630E763,M7BANCHOR-M7BEVENT201905312019052220190605FBF08D5A6660-M7BCONTROL201906052019040420190418AA2BEAEA1436-09785630E763,B1,flood,MAM,15,True,EC0036,23,STB1-SC0033,5,ETB1flood-TC0008,1,M7b
M7BEVENT-20200423-20200416-20200430-C388D3E4962C,M7BPAIR-M7BEVENT202004232020041620200430C388D3E4962C-M7BCONTROL202004302020040120200415E876DB6C7BE0-7E46FED80313,M7BANCHOR-M7BEVENT202004232020041620200430C388D3E4962C-M7BCONTROL202004302020040120200415E876DB6C7BE0-7E46FED80313,B1,flood,MAM,15,True,EC0067,25,STB1-SC0057,6,ETB1flood-TC0011,1,M7b
M7BEVENT-20200512-20200501-20200515-C7DD108263E7,M7BPAIR-M7BEVENT202005122020050120200515C7DD108263E7-M7BCONTROL202005152020033120200414EF6207C16109-712AA22076B1,M7BANCHOR-M7BEVENT202005122020050120200515C7DD108263E7-M7BCONTROL202005152020033120200414EF6207C16109-712AA22076B1,B1,flood,MAM,15,True,EC0067,25,STB1-SC0057,6,ETB1flood-TC0012,1,M7b
M7BEVENT-20200531-20200519-20200602-637910BEB468,M7BPAIR-M7BEVENT202005312020051920200602637910BEB468-M7BCONTROL202006022020033020200413654FF7CA6019-E09C2E618188,M7BANCHOR-M7BEVENT202005312020051920200602637910BEB468-M7BCONTROL202006022020033020200413654FF7CA6019-E09C2E618188,B1,flood,MAM,15,True,EC0067,25,STB1-SC0059,3,ETB1flood-TC0013,1,M7b
M7BEVENT-20181006-20180907-20180921-EBFA0658167B,M7BPAIR-M7BEVENT201810062018090720180921EBFA0658167B-M7BCONTROL201809212018102120181104F5555DC9FBDD-854041C615FA,M7BANCHOR-M7BEVENT201810062018090720180921EBFA0658167B-M7BCONTROL201809212018102120181104F5555DC9FBDD-854041C615FA,B1,flood,SON,15,True,EC0018,10,STB1-SC0018,3,ETB1flood-TC0003,1,M7b
M7BEVENT-20181013-20181006-20181020-101AAE968D8B,M7BPAIR-M7BEVENT201810132018100620181020101AAE968D8B-M7BCONTROL20181020201810222018110500C6A5A30362-2A5C5540B411,M7BANCHOR-M7BEVENT201810132018100620181020101AAE968D8B-M7BCONTROL20181020201810222018110500C6A5A30362-2A5C5540B411,B1,flood,SON,15,True,EC0019,12,STB1-SC0020,4,ETB1flood-TC0004,1,M7b
M7BEVENT-20181114-20181107-20181121-8C3324B97270,M7BPAIR-M7BEVENT2018111420181107201811218C3324B97270-M7BCONTROL201811212018102320181106691D7A869AAC-BAA209B90D39,M7BANCHOR-M7BEVENT2018111420181107201811218C3324B97270-M7BCONTROL201811212018102320181106691D7A869AAC-BAA209B90D39,B1,flood,SON,15,True,EC0020,9,STB1-SC0021,5,ETB1flood-TC0005,1,M7b
M7BEVENT-20190926-20190914-20190928-6ACAC673A986,M7BPAIR-M7BEVENT2019092620190914201909286ACAC673A986-M7BCONTROL20190928201908302019091315A10AC58009-C5FCA23C7638,M7BANCHOR-M7BEVENT2019092620190914201909286ACAC673A986-M7BCONTROL20190928201908302019091315A10AC58009-C5FCA23C7638,B1,flood,SON,15,True,EC0047,21,STB1-SC0043,4,ETB1flood-TC0009,1,M7b
M7BEVENT-20200919-20200910-20200924-3DC83F169701,M7BPAIR-M7BEVENT2020091920200910202009243DC83F169701-M7BCONTROL2020092420200826202009091659154A6EBF-D2584F207849,M7BANCHOR-M7BEVENT2020091920200910202009243DC83F169701-M7BCONTROL2020092420200826202009091659154A6EBF-D2584F207849,B1,flood,SON,15,True,EC0080,39,STB1-SC0067,7,ETB1flood-TC0016,2,M7b
M7BEVENT-20201002-20200922-20201006-EF52E0480CB9,M7BPAIR-M7BEVENT202010022020092220201006EF52E0480CB9-M7BCONTROL202010062020100720201021C0A5CA36330B-4C57B326CB80,M7BANCHOR-M7BEVENT202010022020092220201006EF52E0480CB9-M7BCONTROL202010062020100720201021C0A5CA36330B-4C57B326CB80,B1,flood,SON,15,True,EC0080,39,STB1-SC0067,7,ETB1flood-TC0016,2,M7b
M7BEVENT-20180120-20180117-20180120-C8CBF74F1BA2,M7BPAIR-M7BEVENT201801202018011720180120C8CBF74F1BA2-M7BCONTROL201801202018011320180116515E52B19990-F36FD18D2E29,M7BANCHOR-M7BEVENT201801202018011720180120C8CBF74F1BA2-M7BCONTROL201801202018011320180116515E52B19990-F36FD18D2E29,B1,high_temperature,DJF,4,True,EC0001,33,STB1-SC0003,1,ETB1high_temperature-TC0001,1,M7b
M7BEVENT-20181207-20181205-20181207-517C6BFE9EB9,M7BPAIR-M7BEVENT201812072018120520181207517C6BFE9EB9-M7BCONTROL2018120720181202201812042191B8EE93E1-CD15EA9719D4,M7BANCHOR-M7BEVENT201812072018120520181207517C6BFE9EB9-M7BCONTROL2018120720181202201812042191B8EE93E1-CD15EA9719D4,B1,high_temperature,DJF,3,True,EC0021,9,STB1-SC0022,3,ETB1high_temperature-TC0008,1,M7b
M7BEVENT-20191224-20191222-20191224-920899691218,M7BPAIR-M7BEVENT201912242019122220191224920899691218-M7BCONTROL201912242019121920191221DC508B171E7C-9206C9C31A0A,M7BANCHOR-M7BEVENT201912242019122220191224920899691218-M7BCONTROL201912242019121920191221DC508B171E7C-9206C9C31A0A,B1,high_temperature,DJF,3,True,EC0056,25,STB1-SC0049,1,ETB1high_temperature-TC0016,1,M7b
M7BEVENT-20201231-20201214-20201231-2FD7471F0AA1,M7BPAIR-M7BEVENT2020123120201214202012312FD7471F0AA1-M7BCONTROL202012312019122520200111C57DD4E9054F-FA6696EEF258,M7BANCHOR-M7BEVENT2020123120201214202012312FD7471F0AA1-M7BCONTROL202012312019122520200111C57DD4E9054F-FA6696EEF258,B1,high_temperature,DJF,18,False,EC0080,39,STB1-SC0072,2,ETB1high_temperature-TC0020,1,M7b
M7BEVENT-20180703-20180626-20180703-47476F3FAF66,M7BPAIR-M7BEVENT20180703201806262018070347476F3FAF66-M7BCONTROL201807032018061820180625FF7F4CAD3272-339E9094A648,M7BANCHOR-M7BEVENT20180703201806262018070347476F3FAF66-M7BCONTROL201807032018061820180625FF7F4CAD3272-339E9094A648,B1,high_temperature,JJA,8,True,EC0013,4,STB1-SC0014,2,ETB1high_temperature-TC0006,1,M7b
M7BEVENT-20190618-20190616-20190618-E52D79632B08,M7BPAIR-M7BEVENT201906182019061620190618E52D79632B08-M7BCONTROL201906182019061320190615C5A2C02C7545-DADB18FF0A55,M7BANCHOR-M7BEVENT201906182019061620190618E52D79632B08-M7BCONTROL201906182019061320190615C5A2C02C7545-DADB18FF0A55,B1,high_temperature,JJA,3,True,EC0036,23,STB1-SC0035,1,ETB1high_temperature-TC0011,1,M7b
M7BEVENT-20190901-20190825-20190901-3E14FCD70265,M7BPAIR-M7BEVENT2019090120190825201909013E14FCD70265-M7BCONTROL2019090120190817201908245F5CA77C6A55-12BFD8023D33,M7BANCHOR-M7BEVENT2019090120190825201909013E14FCD70265-M7BCONTROL2019090120190817201908245F5CA77C6A55-12BFD8023D33,B1,high_temperature,JJA,8,True,EC0047,21,STB1-SC0042,2,ETB1high_temperature-TC0012,1,M7b
M7BEVENT-20180307-20180302-20180307-8944E6E8084C,M7BPAIR-M7BEVENT2018030720180302201803078944E6E8084C-M7BCONTROL20180307201803082018031345FEB5CB21C8-CF8E5C9D936D,M7BANCHOR-M7BEVENT2018030720180302201803078944E6E8084C-M7BCONTROL20180307201803082018031345FEB5CB21C8-CF8E5C9D936D,B1,high_temperature,MAM,6,True,EC0001,33,STB1-SC0005,6,ETB1high_temperature-TC0002,1,M7b
M7BEVENT-20180406-20180326-20180406-7A1926A59C82,M7BPAIR-M7BEVENT2018040620180326201804067A1926A59C82-M7BCONTROL201804062018031420180325450B2D2DC1FC-73390F218392,M7BANCHOR-M7BEVENT2018040620180326201804067A1926A59C82-M7BCONTROL201804062018031420180325450B2D2DC1FC-73390F218392,B1,high_temperature,MAM,12,True,EC0001,33,STB1-SC0005,6,ETB1high_temperature-TC0003,1,M7b
M7BEVENT-20180427-20180422-20180427-0C7087AB6718,M7BPAIR-M7BEVENT2018042720180422201804270C7087AB6718-M7BCONTROL201804272018041620180421601FD00A7131-AB29DAD85829,M7BANCHOR-M7BEVENT2018042720180422201804270C7087AB6718-M7BCONTROL201804272018041620180421601FD00A7131-AB29DAD85829,B1,high_temperature,MAM,6,True,EC0005,8,STB1-SC0007,2,ETB1high_temperature-TC0004,1,M7b
M7BEVENT-20180528-20180518-20180528-6BE9C207F04B,M7BPAIR-M7BEVENT2018052820180518201805286BE9C207F04B-M7BCONTROL201805282018050720180517265400A56948-8361AD660902,M7BANCHOR-M7BEVENT2018052820180518201805286BE9C207F04B-M7BCONTROL201805282018050720180517265400A56948-8361AD660902,B1,high_temperature,MAM,11,True,EC0008,15,STB1-SC0010,3,ETB1high_temperature-TC0005,1,M7b
M7BEVENT-20190420-20190415-20190420-86CDEA3A0CAC,M7BPAIR-M7BEVENT20190420201904152019042086CDEA3A0CAC-M7BCONTROL201904202019040920190414D4940D17E07F-CF7F68465981,M7BANCHOR-M7BEVENT20190420201904152019042086CDEA3A0CAC-M7BCONTROL201904202019040920190414D4940D17E07F-CF7F68465981,B1,high_temperature,MAM,6,True,EC0036,23,STB1-SC0028,1,ETB1high_temperature-TC0009,1,M7b
M7BEVENT-20190501-20190429-20190501-A4367DEE7875,M7BPAIR-M7BEVENT201905012019042920190501A4367DEE7875-M7BCONTROL2019050120190426201904283D4FEFAA1F50-B0FA278F1B04,M7BANCHOR-M7BEVENT201905012019042920190501A4367DEE7875-M7BCONTROL2019050120190426201904283D4FEFAA1F50-B0FA278F1B04,B1,high_temperature,MAM,3,True,EC0036,23,STB1-SC0029,3,ETB1high_temperature-TC0010,1,M7b
M7BEVENT-20180909-20180903-20180909-078B272EA060,M7BPAIR-M7BEVENT201809092018090320180909078B272EA060-M7BCONTROL20180909201809102018091630D1453A3BAF-22FD3F8EEF3E,M7BANCHOR-M7BEVENT201809092018090320180909078B272EA060-M7BCONTROL20180909201809102018091630D1453A3BAF-22FD3F8EEF3E,B1,high_temperature,SON,7,True,EC0018,10,STB1-SC0018,3,ETB1high_temperature-TC0007,1,M7b
M7BEVENT-20190916-20190906-20190916-A4D6D05489E5,M7BPAIR-M7BEVENT201909162019090620190916A4D6D05489E5-M7BCONTROL20190916201909172019092795A6736E1B20-11F5253B3A5D,M7BANCHOR-M7BEVENT201909162019090620190916A4D6D05489E5-M7BCONTROL20190916201909172019092795A6736E1B20-11F5253B3A5D,B1,high_temperature,SON,11,True,EC0047,21,STB1-SC0043,4,ETB1high_temperature-TC0013,1,M7b
M7BEVENT-20191012-20191008-20191012-EFBE7D8AA574,M7BPAIR-M7BEVENT201910122019100820191012EFBE7D8AA574-M7BCONTROL2019101220191003201910077C4A194AB6EA-43755EDE91C3,M7BANCHOR-M7BEVENT201910122019100820191012EFBE7D8AA574-M7BCONTROL2019101220191003201910077C4A194AB6EA-43755EDE91C3,B1,high_temperature,SON,5,True,EC0049,2,STB1-SC0046,2,ETB1high_temperature-TC0014,1,M7b
M7BEVENT-20191130-20191111-20191130-0160E9FD64B3,M7BPAIR-M7BEVENT2019113020191111201911300160E9FD64B3-M7BCONTROL2019113020191022201911108DFBAFFB5020-C87202370101,M7BANCHOR-M7BEVENT2019113020191111201911300160E9FD64B3-M7BCONTROL2019113020191022201911108DFBAFFB5020-C87202370101,B1,high_temperature,SON,20,True,EC0054,9,STB1-SC0048,2,ETB1high_temperature-TC0015,1,M7b
M7BEVENT-20200915-20200907-20200915-5A86414CBC57,M7BPAIR-M7BEVENT2020091520200907202009155A86414CBC57-M7BCONTROL202009152020082920200906BC9FAAF1EDFF-E663AA59296E,M7BANCHOR-M7BEVENT2020091520200907202009155A86414CBC57-M7BCONTROL202009152020082920200906BC9FAAF1EDFF-E663AA59296E,B1,high_temperature,SON,9,True,EC0080,39,STB1-SC0067,7,ETB1high_temperature-TC0017,1,M7b
M7BEVENT-20201022-20201010-20201022-4D91C759EA9D,M7BPAIR-M7BEVENT2020102220201010202010224D91C759EA9D-M7BCONTROL202010222020092720201009CFBEA9D611ED-40C893572857,M7BANCHOR-M7BEVENT2020102220201010202010224D91C759EA9D-M7BCONTROL202010222020092720201009CFBEA9D611ED-40C893572857,B1,high_temperature,SON,13,True,EC0080,39,STB1-SC0068,2,ETB1high_temperature-TC0018,1,M7b
M7BEVENT-20201110-20201026-20201110-DF10E3A68DC8,M7BPAIR-M7BEVENT202011102020102620201110DF10E3A68DC8-M7BCONTROL202011102020111120201126C934BAE229D0-9A22ED16524C,M7BANCHOR-M7BEVENT202011102020102620201110DF10E3A68DC8-M7BCONTROL202011102020111120201126C934BAE229D0-9A22ED16524C,B1,high_temperature,SON,16,True,EC0080,39,STB1-SC0069,2,ETB1high_temperature-TC0019,1,M7b
M7BEVENT-20180613-20180601-20180613-EA26F445DB87,M7BPAIR-M7BEVENT201806132018060120180613EA26F445DB87-M7BCONTROL2018061320180614201806263720F4EC8C68-607392393DE6,M7BANCHOR-M7BEVENT201806132018060120180613EA26F445DB87-M7BCONTROL2018061320180614201806263720F4EC8C68-607392393DE6,B1,low_flow,JJA,13,True,EC0008,15,STB1-SC0011,3,ETB1low_flow-TC0002,1,M7b
M7BEVENT-20190609-20190603-20190609-8B14FE03536D,M7BPAIR-M7BEVENT2019060920190603201906098B14FE03536D-M7BCONTROL201906092019061020190616AD5EA6D7DC6D-BA3C88B91051,M7BANCHOR-M7BEVENT2019060920190603201906098B14FE03536D-M7BCONTROL201906092019061020190616AD5EA6D7DC6D-BA3C88B91051,B1,low_flow,JJA,7,True,EC0036,23,STB1-SC0033,5,ETB1low_flow-TC0004,1,M7b
M7BEVENT-20180326-20180209-20180326-61C334D50427,M7BPAIR-M7BEVENT20180326201802092018032661C334D50427-M7BCONTROL2018032620180327201805110E934510B1F1-F749E568D466,M7BANCHOR-M7BEVENT20180326201802092018032661C334D50427-M7BCONTROL2018032620180327201805110E934510B1F1-F749E568D466,B1,low_flow,MAM,46,True,EC0001,33,STB1-SC0005,6,ETB1low_flow-TC0001,1,M7b
M7BEVENT-20181113-20181105-20181113-16C49213CA83,M7BPAIR-M7BEVENT20181113201811052018111316C49213CA83-M7BCONTROL2018111320181027201811043882C5908A05-F6B6B229CED6,M7BANCHOR-M7BEVENT20181113201811052018111316C49213CA83-M7BCONTROL2018111320181027201811043882C5908A05-F6B6B229CED6,B1,low_flow,SON,9,True,EC0020,9,STB1-SC0021,5,ETB1low_flow-TC0003,1,M7b
M7BEVENT-20180103-20180103-20180103-3B3130B53DFA,M7BPAIR-M7BEVENT2018010320180103201801033B3130B53DFA-M7BCONTROL2018010320180102201801025D2D1F028B1A-2362AD8CB3AC,M7BANCHOR-M7BEVENT2018010320180103201801033B3130B53DFA-M7BCONTROL2018010320180102201801025D2D1F028B1A-2362AD8CB3AC,B1,rapid_warming,DJF,1,True,EC0001,33,STB1-SC0001,1,ETB1rapid_warming-TC0001,1,M7b
M7BEVENT-20180114-20180114-20180114-390E74639B8B,M7BPAIR-M7BEVENT201801142018011420180114390E74639B8B-M7BCONTROL2018011420180113201801133FC405EFC92F-2767E3D27FBC,M7BANCHOR-M7BEVENT201801142018011420180114390E74639B8B-M7BCONTROL2018011420180113201801133FC405EFC92F-2767E3D27FBC,B1,rapid_warming,DJF,1,True,EC0001,33,STB1-SC0002,1,ETB1rapid_warming-TC0002,1,M7b
M7BEVENT-20180207-20180207-20180207-9A4B2690BE12,M7BPAIR-M7BEVENT2018020720180207201802079A4B2690BE12-M7BCONTROL201802072018020620180206E6B9671943FC-E5D76C9933F5,M7BANCHOR-M7BEVENT2018020720180207201802079A4B2690BE12-M7BCONTROL201802072018020620180206E6B9671943FC-E5D76C9933F5,B1,rapid_warming,DJF,1,True,EC0001,33,STB1-SC0004,1,ETB1rapid_warming-TC0003,1,M7b
M7BEVENT-20180214-20180214-20180214-21ED5F316C97,M7BPAIR-M7BEVENT20180214201802142018021421ED5F316C97-M7BCONTROL201802142018021320180213FB105BCEEC70-A4FE1DA16FAD,M7BANCHOR-M7BEVENT20180214201802142018021421ED5F316C97-M7BCONTROL201802142018021320180213FB105BCEEC70-A4FE1DA16FAD,B1,rapid_warming,DJF,1,True,EC0001,33,STB1-SC0005,6,ETB1rapid_warming-TC0004,1,M7b
M7BEVENT-20180219-20180219-20180219-7416773B92B8,M7BPAIR-M7BEVENT2018021920180219201802197416773B92B8-M7BCONTROL201802192018021820180218A0F1325BD0F8-DC1F12DA771B,M7BANCHOR-M7BEVENT2018021920180219201802197416773B92B8-M7BCONTROL201802192018021820180218A0F1325BD0F8-DC1F12DA771B,B1,rapid_warming,DJF,1,True,EC0001,33,STB1-SC0005,6,ETB1rapid_warming-TC0005,1,M7b
M7BEVENT-20180227-20180227-20180227-E4AE96B368C8,M7BPAIR-M7BEVENT201802272018022720180227E4AE96B368C8-M7BCONTROL201802272018022620180226CC3E869A1ECF-7172FE05A297,M7BANCHOR-M7BEVENT201802272018022720180227E4AE96B368C8-M7BCONTROL201802272018022620180226CC3E869A1ECF-7172FE05A297,B1,rapid_warming,DJF,1,True,EC0001,33,STB1-SC0005,6,ETB1rapid_warming-TC0006,1,M7b
M7BEVENT-20181201-20181201-20181201-86A5DD591569,M7BPAIR-M7BEVENT20181201201812012018120186A5DD591569-M7BCONTROL20181201201812022018120288E03E62894C-4939DE14E984,M7BANCHOR-M7BEVENT20181201201812012018120186A5DD591569-M7BCONTROL20181201201812022018120288E03E62894C-4939DE14E984,B1,rapid_warming,DJF,1,True,EC0021,9,STB1-SC0022,3,ETB1rapid_warming-TC0027,1,M7b
M7BEVENT-20190202-20190202-20190202-71E5A2FFFC80,M7BPAIR-M7BEVENT20190202201902022019020271E5A2FFFC80-M7BCONTROL201902022019020120190201C4B3A8C4C7F8-A7D723DE3520,M7BANCHOR-M7BEVENT20190202201902022019020271E5A2FFFC80-M7BCONTROL201902022019020120190201C4B3A8C4C7F8-A7D723DE3520,B1,rapid_warming,DJF,1,True,EC0023,8,STB1-SC0023,1,ETB1rapid_warming-TC0028,1,M7b
M7BEVENT-20190209-20190208-20190209-2759732FBEA9,M7BPAIR-M7BEVENT2019020920190208201902092759732FBEA9-M7BCONTROL201902092019020620190207152C7447D785-E1BD3B86A3D3,M7BANCHOR-M7BEVENT2019020920190208201902092759732FBEA9-M7BCONTROL201902092019020620190207152C7447D785-E1BD3B86A3D3,B1,rapid_warming,DJF,2,True,EC0025,2,STB1-SC0024,1,ETB1rapid_warming-TC0029,1,M7b
M7BEVENT-20200109-20200109-20200109-A6C2898C94AA,M7BPAIR-M7BEVENT202001092020010920200109A6C2898C94AA-M7BCONTROL2020010920200108202001086C2C389D2EC6-983678484584,M7BANCHOR-M7BEVENT202001092020010920200109A6C2898C94AA-M7BCONTROL2020010920200108202001086C2C389D2EC6-983678484584,B1,rapid_warming,DJF,1,True,EC0056,25,STB1-SC0050,1,ETB1rapid_warming-TC0054,1,M7b
M7BEVENT-20200213-20200213-20200213-6140C9F9743F,M7BPAIR-M7BEVENT2020021320200213202002136140C9F9743F-M7BCONTROL202002132020021220200212EC7C2C541D0B-717CB81D779C,M7BANCHOR-M7BEVENT2020021320200213202002136140C9F9743F-M7BCONTROL202002132020021220200212EC7C2C541D0B-717CB81D779C,B1,rapid_warming,DJF,1,True,EC0056,25,STB1-SC0051,1,ETB1rapid_warming-TC0055,1,M7b
M7BEVENT-20200216-20200216-20200216-2209FBDAC8A5,M7BPAIR-M7BEVENT2020021620200216202002162209FBDAC8A5-M7BCONTROL20200216202002152020021554BFD13FA6AC-30D2B297970B,M7BANCHOR-M7BEVENT2020021620200216202002162209FBDAC8A5-M7BCONTROL20200216202002152020021554BFD13FA6AC-30D2B297970B,B1,rapid_warming,DJF,1,True,EC0056,25,STB1-SC0052,1,ETB1rapid_warming-TC0056,1,M7b
M7BEVENT-20200221-20200221-20200221-BE1A9D6193FC,M7BPAIR-M7BEVENT202002212020022120200221BE1A9D6193FC-M7BCONTROL202002212020022020200220871E12DC249E-1F556EC57D88,M7BANCHOR-M7BEVENT202002212020022120200221BE1A9D6193FC-M7BCONTROL202002212020022020200220871E12DC249E-1F556EC57D88,B1,rapid_warming,DJF,1,True,EC0057,1,STB1-SC0053,1,ETB1rapid_warming-TC0057,1,M7b
M7BEVENT-20200226-20200226-20200226-F8CAFDCCC488,M7BPAIR-M7BEVENT202002262020022620200226F8CAFDCCC488-M7BCONTROL20200226202002252020022521480CF48C69-ACF899E47022,M7BANCHOR-M7BEVENT202002262020022620200226F8CAFDCCC488-M7BCONTROL20200226202002252020022521480CF48C69-ACF899E47022,B1,rapid_warming,DJF,1,True,EC0060,1,STB1-SC0054,1,ETB1rapid_warming-TC0058,1,M7b
M7BEVENT-20201226-20201226-20201226-3C0C17171266,M7BPAIR-M7BEVENT2020122620201226202012263C0C17171266-M7BCONTROL202012262020122520201225B3125CE85F73-4B81AD57D550,M7BANCHOR-M7BEVENT2020122620201226202012263C0C17171266-M7BCONTROL202012262020122520201225B3125CE85F73-4B81AD57D550,B1,rapid_warming,DJF,1,True,EC0080,39,STB1-SC0072,2,ETB1rapid_warming-TC0082,1,M7b
M7BEVENT-20180611-20180610-20180611-AEC81B33D2E2,M7BPAIR-M7BEVENT201806112018061020180611AEC81B33D2E2-M7BCONTROL20180611201806082018060947852BE7A85B-FC5EFCAA3378,M7BANCHOR-M7BEVENT201806112018061020180611AEC81B33D2E2-M7BCONTROL20180611201806082018060947852BE7A85B-FC5EFCAA3378,B1,rapid_warming,JJA,2,True,EC0008,15,STB1-SC0011,3,ETB1rapid_warming-TC0012,1,M7b
M7BEVENT-20180613-20180613-20180613-9A14AD2E2A53,M7BPAIR-M7BEVENT2018061320180613201806139A14AD2E2A53-M7BCONTROL201806132018061220180612061F90AC05A4-EA67B9BA03C8,M7BANCHOR-M7BEVENT2018061320180613201806139A14AD2E2A53-M7BCONTROL201806132018061220180612061F90AC05A4-EA67B9BA03C8,B1,rapid_warming,JJA,1,True,EC0008,15,STB1-SC0011,3,ETB1rapid_warming-TC0013,1,M7b
M7BEVENT-20180619-20180619-20180619-A0B86EB7E13D,M7BPAIR-M7BEVENT201806192018061920180619A0B86EB7E13D-M7BCONTROL201806192018061820180618CDE1DDC6665F-102C0C163498,M7BANCHOR-M7BEVENT201806192018061920180619A0B86EB7E13D-M7BCONTROL201806192018061820180618CDE1DDC6665F-102C0C163498,B1,rapid_warming,JJA,1,True,EC0010,1,STB1-SC0012,1,ETB1rapid_warming-TC0014,1,M7b
M7BEVENT-20180621-20180621-20180621-C54F05A03A11,M7BPAIR-M7BEVENT201806212018062120180621C54F05A03A11-M7BCONTROL201806212018062020180620FE66989DC9DD-B046C7578160,M7BANCHOR-M7BEVENT201806212018062120180621C54F05A03A11-M7BCONTROL201806212018062020180620FE66989DC9DD-B046C7578160,B1,rapid_warming,JJA,1,True,EC0011,1,STB1-SC0013,1,ETB1rapid_warming-TC0015,1,M7b
M7BEVENT-20180626-20180626-20180626-FE9E070165A0,M7BPAIR-M7BEVENT201806262018062620180626FE9E070165A0-M7BCONTROL2018062620180625201806253DA5B3902568-AF5DDF742A73,M7BANCHOR-M7BEVENT201806262018062620180626FE9E070165A0-M7BCONTROL2018062620180625201806253DA5B3902568-AF5DDF742A73,B1,rapid_warming,JJA,1,True,EC0013,4,STB1-SC0014,2,ETB1rapid_warming-TC0016,1,M7b
M7BEVENT-20180729-20180729-20180729-307FC43F296C,M7BPAIR-M7BEVENT201807292018072920180729307FC43F296C-M7BCONTROL201807292018072820180728D5CC78617B16-5B568439BE32,M7BANCHOR-M7BEVENT201807292018072920180729307FC43F296C-M7BCONTROL201807292018072820180728D5CC78617B16-5B568439BE32,B1,rapid_warming,JJA,1,True,EC0014,7,STB1-SC0016,1,ETB1rapid_warming-TC0017,1,M7b
M7BEVENT-20180805-20180805-20180805-E70F3A9D0375,M7BPAIR-M7BEVENT201808052018080520180805E70F3A9D0375-M7BCONTROL2018080520180804201808045FC20934C2A4-59F0EF74ECBC,M7BANCHOR-M7BEVENT201808052018080520180805E70F3A9D0375-M7BCONTROL2018080520180804201808045FC20934C2A4-59F0EF74ECBC,B1,rapid_warming,JJA,1,True,EC0016,1,STB1-SC0017,1,ETB1rapid_warming-TC0018,1,M7b
M7BEVENT-20190609-20190609-20190609-6BE9287DCC9A,M7BPAIR-M7BEVENT2019060920190609201906096BE9287DCC9A-M7BCONTROL201906092019060820190608D42340D53B6A-5101E5E0F2A7,M7BANCHOR-M7BEVENT2019060920190609201906096BE9287DCC9A-M7BCONTROL201906092019060820190608D42340D53B6A-5101E5E0F2A7,B1,rapid_warming,JJA,1,True,EC0036,23,STB1-SC0033,5,ETB1rapid_warming-TC0039,1,M7b
M7BEVENT-20190615-20190615-20190615-96C1BA8B288E,M7BPAIR-M7BEVENT20190615201906152019061596C1BA8B288E-M7BCONTROL2019061520190614201906146FDE959D0F9C-E97343E6FC1A,M7BANCHOR-M7BEVENT20190615201906152019061596C1BA8B288E-M7BCONTROL2019061520190614201906146FDE959D0F9C-E97343E6FC1A,B1,rapid_warming,JJA,1,True,EC0036,23,STB1-SC0034,1,ETB1rapid_warming-TC0040,1,M7b
M7BEVENT-20190704-20190704-20190704-4F4F4BC6B2E7,M7BPAIR-M7BEVENT2019070420190704201907044F4F4BC6B2E7-M7BCONTROL2019070420190703201907038FBF51C4C8DE-F8D3734169A1,M7BANCHOR-M7BEVENT2019070420190704201907044F4F4BC6B2E7-M7BCONTROL2019070420190703201907038FBF51C4C8DE-F8D3734169A1,B1,rapid_warming,JJA,1,True,EC0038,1,STB1-SC0036,1,ETB1rapid_warming-TC0041,1,M7b
M7BEVENT-20190718-20190718-20190718-6C2C50E9E402,M7BPAIR-M7BEVENT2019071820190718201907186C2C50E9E402-M7BCONTROL2019071820190717201907175CD4FBF5B3FC-080CD2D31CCF,M7BANCHOR-M7BEVENT2019071820190718201907186C2C50E9E402-M7BCONTROL2019071820190717201907175CD4FBF5B3FC-080CD2D31CCF,B1,rapid_warming,JJA,1,True,EC0039,2,STB1-SC0037,1,ETB1rapid_warming-TC0042,1,M7b
M7BEVENT-20190728-20190728-20190728-C11145FAB984,M7BPAIR-M7BEVENT201907282019072820190728C11145FAB984-M7BCONTROL201907282019072720190727608A5B70B2A4-C2D0A6A202C8,M7BANCHOR-M7BEVENT201907282019072820190728C11145FAB984-M7BCONTROL201907282019072720190727608A5B70B2A4-C2D0A6A202C8,B1,rapid_warming,JJA,1,True,EC0040,1,STB1-SC0038,1,ETB1rapid_warming-TC0043,1,M7b
M7BEVENT-20190730-20190730-20190730-5C63A949D302,M7BPAIR-M7BEVENT2019073020190730201907305C63A949D302-M7BCONTROL201907302019072920190729783DCAB95B07-D6F904A94C01,M7BANCHOR-M7BEVENT2019073020190730201907305C63A949D302-M7BCONTROL201907302019072920190729783DCAB95B07-D6F904A94C01,B1,rapid_warming,JJA,1,True,EC0041,1,STB1-SC0039,1,ETB1rapid_warming-TC0044,1,M7b
M7BEVENT-20190804-20190804-20190804-1ED619E2DCDA,M7BPAIR-M7BEVENT2019080420190804201908041ED619E2DCDA-M7BCONTROL201908042019080320190803CCBD36812B82-E1EF0E65D48C,M7BANCHOR-M7BEVENT2019080420190804201908041ED619E2DCDA-M7BCONTROL201908042019080320190803CCBD36812B82-E1EF0E65D48C,B1,rapid_warming,JJA,1,True,EC0042,2,STB1-SC0040,1,ETB1rapid_warming-TC0045,1,M7b
M7BEVENT-20190812-20190812-20190812-F905614CC2EC,M7BPAIR-M7BEVENT201908122019081220190812F905614CC2EC-M7BCONTROL2019081220190811201908115BE73FB14001-F55D5917CCC4,M7BANCHOR-M7BEVENT201908122019081220190812F905614CC2EC-M7BCONTROL2019081220190811201908115BE73FB14001-F55D5917CCC4,B1,rapid_warming,JJA,1,True,EC0044,1,STB1-SC0041,1,ETB1rapid_warming-TC0046,1,M7b
M7BEVENT-20190825-20190825-20190825-07DB915E062F,M7BPAIR-M7BEVENT20190825201908252019082507DB915E062F-M7BCONTROL201908252019082420190824C43506464693-1AD1CA493DE9,M7BANCHOR-M7BEVENT20190825201908252019082507DB915E062F-M7BCONTROL201908252019082420190824C43506464693-1AD1CA493DE9,B1,rapid_warming,JJA,1,True,EC0047,21,STB1-SC0042,2,ETB1rapid_warming-TC0047,1,M7b
M7BEVENT-20200609-20200609-20200609-D5AB0DAF9EB7,M7BPAIR-M7BEVENT202006092020060920200609D5AB0DAF9EB7-M7BCONTROL2020060920200608202006086E4B99B547D6-4E69778DA574,M7BANCHOR-M7BEVENT202006092020060920200609D5AB0DAF9EB7-M7BCONTROL2020060920200608202006086E4B99B547D6-4E69778DA574,B1,rapid_warming,JJA,1,True,EC0068,1,STB1-SC0060,1,ETB1rapid_warming-TC0068,1,M7b
M7BEVENT-20200613-20200612-20200613-328F3CCC33AE,M7BPAIR-M7BEVENT202006132020061220200613328F3CCC33AE-M7BCONTROL202006132020061020200611F513E00C1899-B47653A2E20B,M7BANCHOR-M7BEVENT202006132020061220200613328F3CCC33AE-M7BCONTROL202006132020061020200611F513E00C1899-B47653A2E20B,B1,rapid_warming,JJA,2,True,EC0070,1,STB1-SC0061,1,ETB1rapid_warming-TC0069,1,M7b
M7BEVENT-20200726-20200726-20200726-BC881C6B1B59,M7BPAIR-M7BEVENT202007262020072620200726BC881C6B1B59-M7BCONTROL202007262020072520200725C0B663EB80B6-3D9CEB281067,M7BANCHOR-M7BEVENT202007262020072620200726BC881C6B1B59-M7BCONTROL202007262020072520200725C0B663EB80B6-3D9CEB281067,B1,rapid_warming,JJA,1,True,EC0075,5,STB1-SC0063,2,ETB1rapid_warming-TC0070,1,M7b
M7BEVENT-20200806-20200806-20200806-F6DC0BD95A11,M7BPAIR-M7BEVENT202008062020080620200806F6DC0BD95A11-M7BCONTROL2020080620200805202008050AF1B2720AAC-CDFB91F7DB8A,M7BANCHOR-M7BEVENT202008062020080620200806F6DC0BD95A11-M7BCONTROL2020080620200805202008050AF1B2720AAC-CDFB91F7DB8A,B1,rapid_warming,JJA,1,True,EC0077,7,STB1-SC0064,1,ETB1rapid_warming-TC0071,1,M7b
M7BEVENT-20200810-20200810-20200810-7F4C25CC80C7,M7BPAIR-M7BEVENT2020081020200810202008107F4C25CC80C7-M7BCONTROL2020081020200809202008099AD2A8438920-5CB808DB06AB,M7BANCHOR-M7BEVENT2020081020200810202008107F4C25CC80C7-M7BCONTROL2020081020200809202008099AD2A8438920-5CB808DB06AB,B1,rapid_warming,JJA,1,True,EC0077,7,STB1-SC0065,1,ETB1rapid_warming-TC0072,1,M7b
M7BEVENT-20180419-20180419-20180419-88DD3C1D3F6E,M7BPAIR-M7BEVENT20180419201804192018041988DD3C1D3F6E-M7BCONTROL20180419201804182018041857F1797F2D48-13D2DF14093E,M7BANCHOR-M7BEVENT20180419201804192018041988DD3C1D3F6E-M7BCONTROL20180419201804182018041857F1797F2D48-13D2DF14093E,B1,rapid_warming,MAM,1,True,EC0004,1,STB1-SC0006,1,ETB1rapid_warming-TC0007,1,M7b
M7BEVENT-20180424-20180421-20180424-C8AF76BA21FF,M7BPAIR-M7BEVENT201804242018042120180424C8AF76BA21FF-M7BCONTROL201804242018042520180428EACD691DF52A-8CC61F8F51C1,M7BANCHOR-M7BEVENT201804242018042120180424C8AF76BA21FF-M7BCONTROL201804242018042520180428EACD691DF52A-8CC61F8F51C1,B1,rapid_warming,MAM,4,True,EC0005,8,STB1-SC0007,2,ETB1rapid_warming-TC0008,1,M7b
M7BEVENT-20180505-20180505-20180505-46CE24C1BE6F,M7BPAIR-M7BEVENT20180505201805052018050546CE24C1BE6F-M7BCONTROL201805052018050420180504C1A611E56CFD-198124A4F47E,M7BANCHOR-M7BEVENT20180505201805052018050546CE24C1BE6F-M7BCONTROL201805052018050420180504C1A611E56CFD-198124A4F47E,B1,rapid_warming,MAM,1,True,EC0005,8,STB1-SC0008,1,ETB1rapid_warming-TC0009,1,M7b
M7BEVENT-20180511-20180511-20180511-DCCC069C7D11,M7BPAIR-M7BEVENT201805112018051120180511DCCC069C7D11-M7BCONTROL2018051120180510201805100117BD922791-9CD78240A907,M7BANCHOR-M7BEVENT201805112018051120180511DCCC069C7D11-M7BCONTROL2018051120180510201805100117BD922791-9CD78240A907,B1,rapid_warming,MAM,1,True,EC0007,1,STB1-SC0009,1,ETB1rapid_warming-TC0010,1,M7b
M7BEVENT-20180518-20180516-20180518-F6B8FAA94C92,M7BPAIR-M7BEVENT201805182018051620180518F6B8FAA94C92-M7BCONTROL201805182018051320180515BAB47B515A5A-8988B969537A,M7BANCHOR-M7BEVENT201805182018051620180518F6B8FAA94C92-M7BCONTROL201805182018051320180515BAB47B515A5A-8988B969537A,B1,rapid_warming,MAM,3,True,EC0008,15,STB1-SC0010,3,ETB1rapid_warming-TC0011,1,M7b
M7BEVENT-20190315-20190315-20190315-1FA394B1E7C2,M7BPAIR-M7BEVENT2019031520190315201903151FA394B1E7C2-M7BCONTROL201903152019031420190314215590385AFA-A52AAB597FE9,M7BANCHOR-M7BEVENT2019031520190315201903151FA394B1E7C2-M7BCONTROL201903152019031420190314215590385AFA-A52AAB597FE9,B1,rapid_warming,MAM,1,True,EC0030,2,STB1-SC0025,1,ETB1rapid_warming-TC0030,1,M7b
M7BEVENT-20190319-20190319-20190319-441EBBC452C2,M7BPAIR-M7BEVENT201903192019031920190319441EBBC452C2-M7BCONTROL201903192019031820190318E7E3ECF6B6BC-837A344995BA,M7BANCHOR-M7BEVENT201903192019031920190319441EBBC452C2-M7BCONTROL201903192019031820190318E7E3ECF6B6BC-837A344995BA,B1,rapid_warming,MAM,1,True,EC0032,1,STB1-SC0026,1,ETB1rapid_warming-TC0031,1,M7b
M7BEVENT-20190402-20190402-20190402-B2A3C7777646,M7BPAIR-M7BEVENT201904022019040220190402B2A3C7777646-M7BCONTROL2019040220190401201904019DA7D2C2F54C-6747F752E59C,M7BANCHOR-M7BEVENT201904022019040220190402B2A3C7777646-M7BCONTROL2019040220190401201904019DA7D2C2F54C-6747F752E59C,B1,rapid_warming,MAM,1,True,EC0034,1,STB1-SC0027,1,ETB1rapid_warming-TC0032,1,M7b
M7BEVENT-20190429-20190426-20190429-0F22F37A7C97,M7BPAIR-M7BEVENT2019042920190426201904290F22F37A7C97-M7BCONTROL2019042920190422201904257480FBE66AD4-E023C9D937A6,M7BANCHOR-M7BEVENT2019042920190426201904290F22F37A7C97-M7BCONTROL2019042920190422201904257480FBE66AD4-E023C9D937A6,B1,rapid_warming,MAM,4,True,EC0036,23,STB1-SC0029,3,ETB1rapid_warming-TC0033,1,M7b
M7BEVENT-20190517-20190517-20190517-1373C8669995,M7BPAIR-M7BEVENT2019051720190517201905171373C8669995-M7BCONTROL20190517201905162019051667A7C88DD38B-79A39A2105DA,M7BANCHOR-M7BEVENT2019051720190517201905171373C8669995-M7BCONTROL20190517201905162019051667A7C88DD38B-79A39A2105DA,B1,rapid_warming,MAM,1,True,EC0036,23,STB1-SC0030,1,ETB1rapid_warming-TC0034,1,M7b
M7BEVENT-20190519-20190519-20190519-BADC75CF1595,M7BPAIR-M7BEVENT201905192019051920190519BADC75CF1595-M7BCONTROL2019051920190518201905184249369CC0DA-5B0BD6541C9B,M7BANCHOR-M7BEVENT201905192019051920190519BADC75CF1595-M7BCONTROL2019051920190518201905184249369CC0DA-5B0BD6541C9B,B1,rapid_warming,MAM,1,True,EC0036,23,STB1-SC0031,1,ETB1rapid_warming-TC0035,1,M7b
M7BEVENT-20190521-20190521-20190521-F61D92704614,M7BPAIR-M7BEVENT201905212019052120190521F61D92704614-M7BCONTROL2019052120190520201905207F817F5E4B55-29CACCAF2564,M7BANCHOR-M7BEVENT201905212019052120190521F61D92704614-M7BCONTROL2019052120190520201905207F817F5E4B55-29CACCAF2564,B1,rapid_warming,MAM,1,True,EC0036,23,STB1-SC0032,1,ETB1rapid_warming-TC0036,1,M7b
M7BEVENT-20190527-20190527-20190527-2E9650988B82,M7BPAIR-M7BEVENT2019052720190527201905272E9650988B82-M7BCONTROL2019052720190526201905265310EBABE8ED-80A93FE57B0C,M7BANCHOR-M7BEVENT2019052720190527201905272E9650988B82-M7BCONTROL2019052720190526201905265310EBABE8ED-80A93FE57B0C,B1,rapid_warming,MAM,1,True,EC0036,23,STB1-SC0033,5,ETB1rapid_warming-TC0037,1,M7b
M7BEVENT-20190529-20190529-20190529-9A45B48FD49C,M7BPAIR-M7BEVENT2019052920190529201905299A45B48FD49C-M7BCONTROL2019052920190528201905286CC7DDC14173-462ACA83BC48,M7BANCHOR-M7BEVENT2019052920190529201905299A45B48FD49C-M7BCONTROL2019052920190528201905286CC7DDC14173-462ACA83BC48,B1,rapid_warming,MAM,1,True,EC0036,23,STB1-SC0033,5,ETB1rapid_warming-TC0038,1,M7b
M7BEVENT-20200329-20200329-20200329-9A9FEA4AA426,M7BPAIR-M7BEVENT2020032920200329202003299A9FEA4AA426-M7BCONTROL20200329202003282020032853F72C506793-A949FCB70837,M7BANCHOR-M7BEVENT2020032920200329202003299A9FEA4AA426-M7BCONTROL20200329202003282020032853F72C506793-A949FCB70837,B1,rapid_warming,MAM,1,True,EC0065,5,STB1-SC0055,1,ETB1rapid_warming-TC0059,1,M7b
M7BEVENT-20200402-20200402-20200402-13B4F29994BE,M7BPAIR-M7BEVENT20200402202004022020040213B4F29994BE-M7BCONTROL202004022020040120200401D25426DF10F8-1B73D0409D61,M7BANCHOR-M7BEVENT20200402202004022020040213B4F29994BE-M7BCONTROL202004022020040120200401D25426DF10F8-1B73D0409D61,B1,rapid_warming,MAM,1,True,EC0065,5,STB1-SC0056,1,ETB1rapid_warming-TC0060,1,M7b
M7BEVENT-20200419-20200419-20200419-7F5B8518F189,M7BPAIR-M7BEVENT2020041920200419202004197F5B8518F189-M7BCONTROL202004192020041820200418C1BB3882EE13-257B3EFD172C,M7BANCHOR-M7BEVENT2020041920200419202004197F5B8518F189-M7BCONTROL202004192020041820200418C1BB3882EE13-257B3EFD172C,B1,rapid_warming,MAM,1,True,EC0067,25,STB1-SC0057,6,ETB1rapid_warming-TC0061,1,M7b
M7BEVENT-20200428-20200428-20200428-4BFA4D1CBD33,M7BPAIR-M7BEVENT2020042820200428202004284BFA4D1CBD33-M7BCONTROL2020042820200427202004274B1441146B03-852001CC66F1,M7BANCHOR-M7BEVENT2020042820200428202004284BFA4D1CBD33-M7BCONTROL2020042820200427202004274B1441146B03-852001CC66F1,B1,rapid_warming,MAM,1,True,EC0067,25,STB1-SC0057,6,ETB1rapid_warming-TC0062,1,M7b
M7BEVENT-20200501-20200430-20200501-CE2C0D4DF371,M7BPAIR-M7BEVENT202005012020043020200501CE2C0D4DF371-M7BCONTROL2020050120200502202005033A4EE864CA75-06860062E248,M7BANCHOR-M7BEVENT202005012020043020200501CE2C0D4DF371-M7BCONTROL2020050120200502202005033A4EE864CA75-06860062E248,B1,rapid_warming,MAM,2,True,EC0067,25,STB1-SC0057,6,ETB1rapid_warming-TC0063,1,M7b
M7BEVENT-20200507-20200506-20200507-73433A2CF175,M7BPAIR-M7BEVENT20200507202005062020050773433A2CF175-M7BCONTROL2020050720200504202005051D25421B2DDD-01D2C929AFDC,M7BANCHOR-M7BEVENT20200507202005062020050773433A2CF175-M7BCONTROL2020050720200504202005051D25421B2DDD-01D2C929AFDC,B1,rapid_warming,MAM,2,True,EC0067,25,STB1-SC0057,6,ETB1rapid_warming-TC0064,1,M7b
M7BEVENT-20200518-20200518-20200518-3A03145B0215,M7BPAIR-M7BEVENT2020051820200518202005183A03145B0215-M7BCONTROL202005182020051720200517B538769A681E-BAC2A45EDEDC,M7BANCHOR-M7BEVENT2020051820200518202005183A03145B0215-M7BCONTROL202005182020051720200517B538769A681E-BAC2A45EDEDC,B1,rapid_warming,MAM,1,True,EC0067,25,STB1-SC0058,1,ETB1rapid_warming-TC0065,1,M7b
M7BEVENT-20200521-20200520-20200521-8C80F2A5B897,M7BPAIR-M7BEVENT2020052120200520202005218C80F2A5B897-M7BCONTROL202005212020052220200523DE4D41D1CD04-D1E4D1B34F0D,M7BANCHOR-M7BEVENT2020052120200520202005218C80F2A5B897-M7BCONTROL202005212020052220200523DE4D41D1CD04-D1E4D1B34F0D,B1,rapid_warming,MAM,2,True,EC0067,25,STB1-SC0059,3,ETB1rapid_warming-TC0066,1,M7b
M7BEVENT-20200530-20200530-20200530-3683EC148DE5,M7BPAIR-M7BEVENT2020053020200530202005303683EC148DE5-M7BCONTROL20200530202005292020052994525FAFDE78-D6B37CB446E8,M7BANCHOR-M7BEVENT2020053020200530202005303683EC148DE5-M7BCONTROL20200530202005292020052994525FAFDE78-D6B37CB446E8,B1,rapid_warming,MAM,1,True,EC0067,25,STB1-SC0059,3,ETB1rapid_warming-TC0067,1,M7b
M7BEVENT-20180921-20180920-20180921-536209762918,M7BPAIR-M7BEVENT201809212018092020180921536209762918-M7BCONTROL201809212018091820180919CF8E198523B9-FB2EA1BD9982,M7BANCHOR-M7BEVENT201809212018092020180921536209762918-M7BCONTROL201809212018091820180919CF8E198523B9-FB2EA1BD9982,B1,rapid_warming,SON,2,True,EC0018,10,STB1-SC0018,3,ETB1rapid_warming-TC0019,1,M7b
M7BEVENT-20180926-20180926-20180926-33EF7D400E8C,M7BPAIR-M7BEVENT20180926201809262018092633EF7D400E8C-M7BCONTROL201809262018092520180925258E0DA5E137-F2FD862C1766,M7BANCHOR-M7BEVENT20180926201809262018092633EF7D400E8C-M7BCONTROL201809262018092520180925258E0DA5E137-F2FD862C1766,B1,rapid_warming,SON,1,True,EC0019,12,STB1-SC0019,1,ETB1rapid_warming-TC0020,1,M7b
M7BEVENT-20181012-20181012-20181012-222D870A50D4,M7BPAIR-M7BEVENT201810122018101220181012222D870A50D4-M7BCONTROL201810122018101120181011ADF95DDF96E6-15F2502E94A5,M7BANCHOR-M7BEVENT201810122018101220181012222D870A50D4-M7BCONTROL201810122018101120181011ADF95DDF96E6-15F2502E94A5,B1,rapid_warming,SON,1,True,EC0019,12,STB1-SC0020,4,ETB1rapid_warming-TC0021,1,M7b
M7BEVENT-20181016-20181016-20181016-FD08B27B6AEE,M7BPAIR-M7BEVENT201810162018101620181016FD08B27B6AEE-M7BCONTROL201810162018101520181015E2986C30244D-C824EE582E60,M7BANCHOR-M7BEVENT201810162018101620181016FD08B27B6AEE-M7BCONTROL201810162018101520181015E2986C30244D-C824EE582E60,B1,rapid_warming,SON,1,True,EC0019,12,STB1-SC0020,4,ETB1rapid_warming-TC0022,1,M7b
M7BEVENT-20181018-20181018-20181018-D2385FC211E7,M7BPAIR-M7BEVENT201810182018101820181018D2385FC211E7-M7BCONTROL20181018201810172018101732DD39527D1D-57DC7DECC3E0,M7BANCHOR-M7BEVENT201810182018101820181018D2385FC211E7-M7BCONTROL20181018201810172018101732DD39527D1D-57DC7DECC3E0,B1,rapid_warming,SON,1,True,EC0019,12,STB1-SC0020,4,ETB1rapid_warming-TC0023,1,M7b
M7BEVENT-20181105-20181105-20181105-1DB41A0DE702,M7BPAIR-M7BEVENT2018110520181105201811051DB41A0DE702-M7BCONTROL201811052018110420181104E8B2AB9D5FAE-A7A79ADACAC2,M7BANCHOR-M7BEVENT2018110520181105201811051DB41A0DE702-M7BCONTROL201811052018110420181104E8B2AB9D5FAE-A7A79ADACAC2,B1,rapid_warming,SON,1,True,EC0020,9,STB1-SC0021,5,ETB1rapid_warming-TC0024,1,M7b
M7BEVENT-20181107-20181107-20181107-E5B9F0A0D8B3,M7BPAIR-M7BEVENT201811072018110720181107E5B9F0A0D8B3-M7BCONTROL201811072018110620181106A812A4709038-8CEEECABD7C3,M7BANCHOR-M7BEVENT201811072018110720181107E5B9F0A0D8B3-M7BCONTROL201811072018110620181106A812A4709038-8CEEECABD7C3,B1,rapid_warming,SON,1,True,EC0020,9,STB1-SC0021,5,ETB1rapid_warming-TC0025,1,M7b
M7BEVENT-20181118-20181118-20181118-BF75BA9B1D36,M7BPAIR-M7BEVENT201811182018111820181118BF75BA9B1D36-M7BCONTROL201811182018111720181117E5A23F90418C-1DC74FCE917C,M7BANCHOR-M7BEVENT201811182018111820181118BF75BA9B1D36-M7BCONTROL201811182018111720181117E5A23F90418C-1DC74FCE917C,B1,rapid_warming,SON,1,True,EC0020,9,STB1-SC0021,5,ETB1rapid_warming-TC0026,1,M7b
M7BEVENT-20190906-20190906-20190906-A5325DDD4EDD,M7BPAIR-M7BEVENT201909062019090620190906A5325DDD4EDD-M7BCONTROL201909062019090520190905F22CDAB20B2D-2108F37A5B10,M7BANCHOR-M7BEVENT201909062019090620190906A5325DDD4EDD-M7BCONTROL201909062019090520190905F22CDAB20B2D-2108F37A5B10,B1,rapid_warming,SON,1,True,EC0047,21,STB1-SC0043,4,ETB1rapid_warming-TC0048,1,M7b
M7BEVENT-20190910-20190910-20190910-2F3BB5ED9904,M7BPAIR-M7BEVENT2019091020190910201909102F3BB5ED9904-M7BCONTROL201909102019090920190909B0EFB11724B9-F64BD92E8AB4,M7BANCHOR-M7BEVENT2019091020190910201909102F3BB5ED9904-M7BCONTROL201909102019090920190909B0EFB11724B9-F64BD92E8AB4,B1,rapid_warming,SON,1,True,EC0047,21,STB1-SC0043,4,ETB1rapid_warming-TC0049,1,M7b
M7BEVENT-20190930-20190929-20190930-5275C197F31C,M7BPAIR-M7BEVENT2019093020190929201909305275C197F31C-M7BCONTROL201909302019092720190928A4F18397F63B-7B60DAC9CCAD,M7BANCHOR-M7BEVENT2019093020190929201909305275C197F31C-M7BCONTROL201909302019092720190928A4F18397F63B-7B60DAC9CCAD,B1,rapid_warming,SON,2,True,EC0047,21,STB1-SC0044,1,ETB1rapid_warming-TC0050,1,M7b
M7BEVENT-20191005-20191002-20191005-C2D51F777DF2,M7BPAIR-M7BEVENT201910052019100220191005C2D51F777DF2-M7BCONTROL201910052019092520190928E7598DC2F865-A5BD8FD0033E,M7BANCHOR-M7BEVENT201910052019100220191005C2D51F777DF2-M7BCONTROL201910052019092520190928E7598DC2F865-A5BD8FD0033E,B1,rapid_warming,SON,4,True,EC0047,21,STB1-SC0045,1,ETB1rapid_warming-TC0051,1,M7b
M7BEVENT-20191008-20191008-20191008-8205C2581726,M7BPAIR-M7BEVENT2019100820191008201910088205C2581726-M7BCONTROL201910082019100720191007C05F5DC963FE-38D19CD02B2E,M7BANCHOR-M7BEVENT2019100820191008201910088205C2581726-M7BCONTROL201910082019100720191007C05F5DC963FE-38D19CD02B2E,B1,rapid_warming,SON,1,True,EC0049,2,STB1-SC0046,2,ETB1rapid_warming-TC0052,1,M7b
M7BEVENT-20191024-20191024-20191024-FBC46F6A7118,M7BPAIR-M7BEVENT201910242019102420191024FBC46F6A7118-M7BCONTROL201910242019102320191023A4DB48142FBC-E5A8A66FE170,M7BANCHOR-M7BEVENT201910242019102420191024FBC46F6A7118-M7BCONTROL201910242019102320191023A4DB48142FBC-E5A8A66FE170,B1,rapid_warming,SON,1,True,EC0051,1,STB1-SC0047,1,ETB1rapid_warming-TC0053,1,M7b
M7BEVENT-20200904-20200904-20200904-476B0A28AC17,M7BPAIR-M7BEVENT202009042020090420200904476B0A28AC17-M7BCONTROL20200904202009032020090307052EA9F454-0F2F32C6033C,M7BANCHOR-M7BEVENT202009042020090420200904476B0A28AC17-M7BCONTROL20200904202009032020090307052EA9F454-0F2F32C6033C,B1,rapid_warming,SON,1,True,EC0079,1,STB1-SC0066,1,ETB1rapid_warming-TC0073,1,M7b
M7BEVENT-20200910-20200910-20200910-5B42914AA5BF,M7BPAIR-M7BEVENT2020091020200910202009105B42914AA5BF-M7BCONTROL20200910202009092020090907FB8C6A2FB6-168F621C2F27,M7BANCHOR-M7BEVENT2020091020200910202009105B42914AA5BF-M7BCONTROL20200910202009092020090907FB8C6A2FB6-168F621C2F27,B1,rapid_warming,SON,1,True,EC0080,39,STB1-SC0067,7,ETB1rapid_warming-TC0074,1,M7b
M7BEVENT-20200922-20200922-20200922-08D8F1A0CC32,M7BPAIR-M7BEVENT20200922202009222020092208D8F1A0CC32-M7BCONTROL202009222020092120200921B0A384ADD2F8-7B3F057E2EBC,M7BANCHOR-M7BEVENT20200922202009222020092208D8F1A0CC32-M7BCONTROL202009222020092120200921B0A384ADD2F8-7B3F057E2EBC,B1,rapid_warming,SON,1,True,EC0080,39,STB1-SC0067,7,ETB1rapid_warming-TC0075,1,M7b
M7BEVENT-20200929-20200929-20200929-33228804FF81,M7BPAIR-M7BEVENT20200929202009292020092933228804FF81-M7BCONTROL2020092920200928202009281680FDA3D0D7-AA61E902EE78,M7BANCHOR-M7BEVENT20200929202009292020092933228804FF81-M7BCONTROL2020092920200928202009281680FDA3D0D7-AA61E902EE78,B1,rapid_warming,SON,1,True,EC0080,39,STB1-SC0067,7,ETB1rapid_warming-TC0076,1,M7b
M7BEVENT-20201002-20201002-20201002-448CEB5A3C06,M7BPAIR-M7BEVENT202010022020100220201002448CEB5A3C06-M7BCONTROL2020100220201001202010018EA5B16D16E6-BA7921D8505A,M7BANCHOR-M7BEVENT202010022020100220201002448CEB5A3C06-M7BCONTROL2020100220201001202010018EA5B16D16E6-BA7921D8505A,B1,rapid_warming,SON,1,True,EC0080,39,STB1-SC0067,7,ETB1rapid_warming-TC0077,1,M7b
M7BEVENT-20201010-20201010-20201010-F648C8208A0E,M7BPAIR-M7BEVENT202010102020101020201010F648C8208A0E-M7BCONTROL2020101020201009202010092E9002A43260-C60E163AE29F,M7BANCHOR-M7BEVENT202010102020101020201010F648C8208A0E-M7BCONTROL2020101020201009202010092E9002A43260-C60E163AE29F,B1,rapid_warming,SON,1,True,EC0080,39,STB1-SC0068,2,ETB1rapid_warming-TC0078,1,M7b
M7BEVENT-20201026-20201026-20201026-E1717D5DF8A4,M7BPAIR-M7BEVENT202010262020102620201026E1717D5DF8A4-M7BCONTROL20201026202010252020102524D3D8E1E174-5D349CC554AF,M7BANCHOR-M7BEVENT202010262020102620201026E1717D5DF8A4-M7BCONTROL20201026202010252020102524D3D8E1E174-5D349CC554AF,B1,rapid_warming,SON,1,True,EC0080,39,STB1-SC0069,2,ETB1rapid_warming-TC0079,1,M7b
M7BEVENT-20201121-20201121-20201121-680CBFF61EED,M7BPAIR-M7BEVENT202011212020112120201121680CBFF61EED-M7BCONTROL202011212020112020201120557F0D2C9DC2-51DE53F119A2,M7BANCHOR-M7BEVENT202011212020112120201121680CBFF61EED-M7BCONTROL202011212020112020201120557F0D2C9DC2-51DE53F119A2,B1,rapid_warming,SON,1,True,EC0080,39,STB1-SC0070,1,ETB1rapid_warming-TC0080,1,M7b
M7BEVENT-20201128-20201128-20201128-A8D8690267C0,M7BPAIR-M7BEVENT202011282020112820201128A8D8690267C0-M7BCONTROL202011282020112720201127863C28ADE971-2647F2BA0643,M7BANCHOR-M7BEVENT202011282020112820201128A8D8690267C0-M7BCONTROL202011282020112720201127863C28ADE971-2647F2BA0643,B1,rapid_warming,SON,1,True,EC0080,39,STB1-SC0071,2,ETB1rapid_warming-TC0081,1,M7b
M7BEVENT-20180116-20180103-20180117-E3956BD1FB78,M7BPAIR-M7BEVENT201801162018010320180117E3956BD1FB78-M7BCONTROL201801172018021320180227AF19B70E692C-716FB5709660,M7BANCHOR-M7BEVENT201801162018010320180117E3956BD1FB78-M7BCONTROL201801172018021320180227AF19B70E692C-716FB5709660,P3,flood,DJF,15,True,EC0001,33,STP3-SC0001,4,ETP3flood-TC0001,1,M7b
M7BEVENT-20180131-20180124-20180207-AC42F59E9D27,M7BPAIR-M7BEVENT201801312018012420180207AC42F59E9D27-M7BCONTROL201802072018021420180228FE572DDC8CB9-DFE082100F65,M7BANCHOR-M7BEVENT201801312018012420180207AC42F59E9D27-M7BCONTROL201802072018021420180228FE572DDC8CB9-DFE082100F65,P3,flood,DJF,15,True,EC0001,33,STP3-SC0001,4,ETP3flood-TC0002,2,M7b
M7BEVENT-20180205-20180129-20180212-DBB8D521A371,M7BPAIR-M7BEVENT201802052018012920180212DBB8D521A371-M7BCONTROL201802122018021520180301E04E6468342F-B32B686969F3,M7BANCHOR-M7BEVENT201802052018012920180212DBB8D521A371-M7BCONTROL201802122018021520180301E04E6468342F-B32B686969F3,P3,flood,DJF,15,True,EC0001,33,STP3-SC0001,4,ETP3flood-TC0002,2,M7b
M7BEVENT-20181205-20181127-20181211-C94744FCDA9C,M7BPAIR-M7BEVENT201812052018112720181211C94744FCDA9C-M7BCONTROL201812112018021620180302C3C0DC809469-20E623213E6B,M7BANCHOR-M7BEVENT201812052018112720181211C94744FCDA9C-M7BCONTROL201812112018021620180302C3C0DC809469-20E623213E6B,P3,flood,DJF,15,True,EC0021,9,STP3-SC0013,3,ETP3flood-TC0009,2,M7b
M7BEVENT-20181222-20181207-20181221-75DD9F2D5473,M7BPAIR-M7BEVENT20181222201812072018122175DD9F2D5473-M7BCONTROL201812212018021720180303ED55AD0027CC-06E0D00AFE65,M7BANCHOR-M7BEVENT20181222201812072018122175DD9F2D5473-M7BCONTROL201812212018021720180303ED55AD0027CC-06E0D00AFE65,P3,flood,DJF,15,True,EC0021,9,STP3-SC0013,3,ETP3flood-TC0009,2,M7b
M7BEVENT-20190109-20190101-20190115-68745CA3704A,M7BPAIR-M7BEVENT20190109201901012019011568745CA3704A-M7BCONTROL201901152019012520190208BF50C65028F5-949EE1024606,M7BANCHOR-M7BEVENT20190109201901012019011568745CA3704A-M7BCONTROL201901152019012520190208BF50C65028F5-949EE1024606,P3,flood,DJF,15,True,EC0023,8,STP3-SC0014,3,ETP3flood-TC0010,2,M7b
M7BEVENT-20190122-20190110-20190124-FCCFF09A5B38,M7BPAIR-M7BEVENT201901222019011020190124FCCFF09A5B38-M7BCONTROL201901242019012620190209376C79236049-E0C554A7B1BF,M7BANCHOR-M7BEVENT201901222019011020190124FCCFF09A5B38-M7BCONTROL201901242019012620190209376C79236049-E0C554A7B1BF,P3,flood,DJF,15,True,EC0023,8,STP3-SC0014,3,ETP3flood-TC0010,2,M7b
M7BEVENT-20191211-20191127-20191211-DC9C7F6DC4CF,M7BPAIR-M7BEVENT201912112019112720191211DC9C7F6DC4CF-M7BCONTROL201912112019012720190210C2279CB57685-FA2E8D63D938,M7BANCHOR-M7BEVENT201912112019112720191211DC9C7F6DC4CF-M7BCONTROL201912112019012720190210C2279CB57685-FA2E8D63D938,P3,flood,DJF,15,True,EC0054,9,STP3-SC0027,2,ETP3flood-TC0015,1,M7b
M7BEVENT-20200104-20191223-20200106-DAE3D12D1B74,M7BPAIR-M7BEVENT202001042019122320200106DAE3D12D1B74-M7BCONTROL20200106201901282019021163E75793C250-C15EE6E55A62,M7BANCHOR-M7BEVENT202001042019122320200106DAE3D12D1B74-M7BCONTROL20200106201901282019021163E75793C250-C15EE6E55A62,P3,flood,DJF,15,True,EC0056,25,STP3-SC0028,6,ETP3flood-TC0016,2,M7b
M7BEVENT-20200112-20200105-20200119-CE068B6D2946,M7BPAIR-M7BEVENT202001122020010520200119CE068B6D2946-M7BCONTROL2020011920200120202002034A56ECDFD228-BCA71E1CEDFE,M7BANCHOR-M7BEVENT202001122020010520200119CE068B6D2946-M7BCONTROL2020011920200120202002034A56ECDFD228-BCA71E1CEDFE,P3,flood,DJF,15,True,EC0056,25,STP3-SC0028,6,ETP3flood-TC0016,2,M7b
M7BEVENT-20201210-20201126-20201210-5A504829C6E4,M7BPAIR-M7BEVENT2020121020201126202012105A504829C6E4-M7BCONTROL20201210202001212020020498420AB5AFCF-E21BBDB5833F,M7BANCHOR-M7BEVENT2020121020201126202012105A504829C6E4-M7BCONTROL20201210202001212020020498420AB5AFCF-E21BBDB5833F,P3,flood,DJF,15,True,EC0080,39,STP3-SC0039,9,ETP3flood-TC0023,1,M7b
M7BEVENT-20201225-20201216-20201230-C998CAC98A28,M7BPAIR-M7BEVENT202012252020121620201230C998CAC98A28-M7BCONTROL2020123020200122202002050D03ABE834CF-4C605DA481A7,M7BANCHOR-M7BEVENT202012252020121620201230C998CAC98A28-M7BCONTROL2020123020200122202002050D03ABE834CF-4C605DA481A7,P3,flood,DJF,15,True,EC0080,39,STP3-SC0039,9,ETP3flood-TC0024,1,M7b
M7BEVENT-20180719-20180708-20180722-0BB8D2D51BDA,M7BPAIR-M7BEVENT2018071920180708201807220BB8D2D51BDA-M7BCONTROL20180722201806232018070716B0BACBF1AF-E22B14C0720C,M7BANCHOR-M7BEVENT2018071920180708201807220BB8D2D51BDA-M7BCONTROL20180722201806232018070716B0BACBF1AF-E22B14C0720C,P3,flood,JJA,15,True,EC0014,7,STP3-SC0007,2,ETP3flood-TC0005,1,M7b
M7BEVENT-20180818-20180809-20180823-08955AD38ECE,M7BPAIR-M7BEVENT20180818201808092018082308955AD38ECE-M7BCONTROL201808232018072520180808B5679CBDD200-774F2BE8F513,M7BANCHOR-M7BEVENT20180818201808092018082308955AD38ECE-M7BCONTROL201808232018072520180808B5679CBDD200-774F2BE8F513,P3,flood,JJA,15,True,EC0017,8,STP3-SC0008,2,ETP3flood-TC0006,2,M7b
M7BEVENT-20180826-20180819-20180902-2E9131FEC4F1,M7BPAIR-M7BEVENT2018082620180819201809022E9131FEC4F1-M7BCONTROL201809022018072420180807C8A6BD76ECC6-324434D9D2EE,M7BANCHOR-M7BEVENT2018082620180819201809022E9131FEC4F1-M7BCONTROL201809022018072420180807C8A6BD76ECC6-324434D9D2EE,P3,flood,JJA,15,True,EC0017,8,STP3-SC0008,2,ETP3flood-TC0006,2,M7b
M7BEVENT-20200626-20200618-20200702-DC00DB01A23F,M7BPAIR-M7BEVENT202006262020061820200702DC00DB01A23F-M7BCONTROL2020070220190618201907028F2A7772F9B7-5DCB2E7C9460,M7BANCHOR-M7BEVENT202006262020061820200702DC00DB01A23F-M7BCONTROL2020070220190618201907028F2A7772F9B7-5DCB2E7C9460,P3,flood,JJA,15,True,EC0072,5,STP3-SC0035,3,ETP3flood-TC0019,1,M7b
M7BEVENT-20200723-20200714-20200728-3CF8A5074349,M7BPAIR-M7BEVENT2020072320200714202007283CF8A5074349-M7BCONTROL20200728201907142019072867DAC2686B78-FF916B2110A4,M7BANCHOR-M7BEVENT2020072320200714202007283CF8A5074349-M7BCONTROL20200728201907142019072867DAC2686B78-FF916B2110A4,P3,flood,JJA,15,True,EC0075,5,STP3-SC0037,1,ETP3flood-TC0020,1,M7b
M7BEVENT-20200811-20200804-20200818-2A8229B85EC3,M7BPAIR-M7BEVENT2020081120200804202008182A8229B85EC3-M7BCONTROL202008182019080420190818FA2DC7157C91-3A87F4D32EB4,M7BANCHOR-M7BEVENT2020081120200804202008182A8229B85EC3-M7BCONTROL202008182019080420190818FA2DC7157C91-3A87F4D32EB4,P3,flood,JJA,15,True,EC0077,7,STP3-SC0038,3,ETP3flood-TC0021,2,M7b
M7BEVENT-20200822-20200813-20200827-A16832857C34,M7BPAIR-M7BEVENT202008222020081320200827A16832857C34-M7BCONTROL202008272019081320190827021207842862-3FEADC3E353C,M7BANCHOR-M7BEVENT202008222020081320200827A16832857C34-M7BCONTROL202008272019081320190827021207842862-3FEADC3E353C,P3,flood,JJA,15,True,EC0077,7,STP3-SC0038,3,ETP3flood-TC0021,2,M7b
M7BEVENT-20180503-20180425-20180509-DEE71F4B82D1,M7BPAIR-M7BEVENT201805032018042520180509DEE71F4B82D1-M7BCONTROL20180509201804102018042466976A758BBD-887D3F296250,M7BANCHOR-M7BEVENT201805032018042520180509DEE71F4B82D1-M7BCONTROL20180509201804102018042466976A758BBD-887D3F296250,P3,flood,MAM,15,True,EC0005,8,STP3-SC0004,1,ETP3flood-TC0003,1,M7b
M7BEVENT-20180531-20180524-20180607-4D5E99E1138E,M7BPAIR-M7BEVENT2018053120180524201806074D5E99E1138E-M7BCONTROL201806072018040920180423D739E1955EB5-109AFD5E61E0,M7BANCHOR-M7BEVENT2018053120180524201806074D5E99E1138E-M7BCONTROL201806072018040920180423D739E1955EB5-109AFD5E61E0,P3,flood,MAM,15,True,EC0008,15,STP3-SC0005,3,ETP3flood-TC0004,1,M7b
M7BEVENT-20190306-20190227-20190313-A9A6978D966C,M7BPAIR-M7BEVENT201903062019022720190313A9A6978D966C-M7BCONTROL201903132019031420190328158ADA3D00DF-AB10C3071180,M7BANCHOR-M7BEVENT201903062019022720190313A9A6978D966C-M7BCONTROL201903132019031420190328158ADA3D00DF-AB10C3071180,P3,flood,MAM,15,True,EC0029,2,STP3-SC0016,1,ETP3flood-TC0011,1,M7b
M7BEVENT-20190428-20190418-20190502-86AE22353860,M7BPAIR-M7BEVENT20190428201904182019050286AE22353860-M7BCONTROL201905022019040320190417ADDCDD5D730E-85D1EAEE9F08,M7BANCHOR-M7BEVENT20190428201904182019050286AE22353860-M7BCONTROL201905022019040320190417ADDCDD5D730E-85D1EAEE9F08,P3,flood,MAM,15,True,EC0036,23,STP3-SC0017,1,ETP3flood-TC0012,1,M7b
M7BEVENT-20190523-20190512-20190526-2494A0C5C7AC,M7BPAIR-M7BEVENT2019052320190512201905262494A0C5C7AC-M7BCONTROL2019052620190402201904162289024A8E24-C6690D718E68,M7BANCHOR-M7BEVENT2019052320190512201905262494A0C5C7AC-M7BCONTROL2019052620190402201904162289024A8E24-C6690D718E68,P3,flood,MAM,15,True,EC0036,23,STP3-SC0018,2,ETP3flood-TC0013,2,M7b
M7BEVENT-20190531-20190524-20190607-DC21D06D2792,M7BPAIR-M7BEVENT201905312019052420190607DC21D06D2792-M7BCONTROL2019060720190401201904158813A8608B99-E60D454A9176,M7BANCHOR-M7BEVENT201905312019052420190607DC21D06D2792-M7BCONTROL2019060720190401201904158813A8608B99-E60D454A9176,P3,flood,MAM,15,True,EC0036,23,STP3-SC0018,2,ETP3flood-TC0013,2,M7b
M7BEVENT-20200417-20200410-20200424-EB8F367F864F,M7BPAIR-M7BEVENT202004172020041020200424EB8F367F864F-M7BCONTROL202004242020032620200409CF46888DBC23-2B3DA8AB36A9,M7BANCHOR-M7BEVENT202004172020041020200424EB8F367F864F-M7BCONTROL202004242020032620200409CF46888DBC23-2B3DA8AB36A9,P3,flood,MAM,15,True,EC0067,25,STP3-SC0031,2,ETP3flood-TC0017,1,M7b
M7BEVENT-20200525-20200513-20200527-B56FC26296E4,M7BPAIR-M7BEVENT202005252020051320200527B56FC26296E4-M7BCONTROL2020052720200428202005129A09032AA5AC-DF2F7C4E4356,M7BANCHOR-M7BEVENT202005252020051320200527B56FC26296E4-M7BCONTROL2020052720200428202005129A09032AA5AC-DF2F7C4E4356,P3,flood,MAM,15,True,EC0067,25,STP3-SC0033,2,ETP3flood-TC0018,2,M7b
M7BEVENT-20200531-20200524-20200607-172E6ED21200,M7BPAIR-M7BEVENT202005312020052420200607172E6ED21200-M7BCONTROL2020060720200427202005115565965ABEC0-9E4BB019BF0A,M7BANCHOR-M7BEVENT202005312020052420200607172E6ED21200-M7BCONTROL2020060720200427202005115565965ABEC0-9E4BB019BF0A,P3,flood,MAM,15,True,EC0067,25,STP3-SC0033,2,ETP3flood-TC0018,2,M7b
M7BEVENT-20180926-20180908-20180922-69340218F9B3,M7BPAIR-M7BEVENT20180926201809082018092269340218F9B3-M7BCONTROL201809222018102120181104F89EF5519455-4D1A5EF710F2,M7BANCHOR-M7BEVENT20180926201809082018092269340218F9B3-M7BCONTROL201809222018102120181104F89EF5519455-4D1A5EF710F2,P3,flood,SON,15,True,EC0018,10,STP3-SC0009,4,ETP3flood-TC0007,1,M7b
M7BEVENT-20181002-20180925-20181009-1AFF9F620DB5,M7BPAIR-M7BEVENT2018100220180925201810091AFF9F620DB5-M7BCONTROL201810092018102220181105AEB3BC7A5AD0-C0E4305C47B3,M7BANCHOR-M7BEVENT2018100220180925201810091AFF9F620DB5-M7BCONTROL201810092018102220181105AEB3BC7A5AD0-C0E4305C47B3,P3,flood,SON,15,True,EC0019,12,STP3-SC0010,3,ETP3flood-TC0008,2,M7b
M7BEVENT-20181013-20181006-20181020-BB69B0DA6C50,M7BPAIR-M7BEVENT201810132018100620181020BB69B0DA6C50-M7BCONTROL201810202018102320181106CC2B02EEEE59-FFAF873FACDA,M7BANCHOR-M7BEVENT201810132018100620181020BB69B0DA6C50-M7BCONTROL201810202018102320181106CC2B02EEEE59-FFAF873FACDA,P3,flood,SON,15,True,EC0019,12,STP3-SC0010,3,ETP3flood-TC0008,2,M7b
M7BEVENT-20190917-20190907-20190921-B060CEE8C24A,M7BPAIR-M7BEVENT201909172019090720190921B060CEE8C24A-M7BCONTROL201909212019100520191019DFC722CE9070-35E0456D481F,M7BANCHOR-M7BEVENT201909172019090720190921B060CEE8C24A-M7BCONTROL201909212019100520191019DFC722CE9070-35E0456D481F,P3,flood,SON,15,True,EC0047,21,STP3-SC0022,7,ETP3flood-TC0014,2,M7b
M7BEVENT-20190927-20190920-20191004-FAD72F6FC07E,M7BPAIR-M7BEVENT201909272019092020191004FAD72F6FC07E-M7BCONTROL2019100420191006201910205C35E4B79970-C6E4F818C625,M7BANCHOR-M7BEVENT201909272019092020191004FAD72F6FC07E-M7BCONTROL2019100420191006201910205C35E4B79970-C6E4F818C625,P3,flood,SON,15,True,EC0047,21,STP3-SC0022,7,ETP3flood-TC0014,2,M7b
M7BEVENT-20200920-20200908-20200922-B7EB31057A7B,M7BPAIR-M7BEVENT202009202020090820200922B7EB31057A7B-M7BCONTROL2020092220200923202010078DD4EC28C9FD-E63340A5CDC0,M7BANCHOR-M7BEVENT202009202020090820200922B7EB31057A7B-M7BCONTROL2020092220200923202010078DD4EC28C9FD-E63340A5CDC0,P3,flood,SON,15,True,EC0080,39,STP3-SC0039,9,ETP3flood-TC0022,1,M7b
M7BEVENT-20180210-20180110-20180210-632D0FB3AE0D,M7BPAIR-M7BEVENT201802102018011020180210632D0FB3AE0D-M7BCONTROL201802102018121520190115FD02A7BD39E9-B6111CCDE134,M7BANCHOR-M7BEVENT201802102018011020180210632D0FB3AE0D-M7BCONTROL201802102018121520190115FD02A7BD39E9-B6111CCDE134,P3,high_temperature,DJF,32,True,EC0001,33,STP3-SC0001,4,ETP3high_temperature-TC0001,1,M7b
M7BEVENT-20190202-20190116-20190202-F5F06AFFA6F8,M7BPAIR-M7BEVENT201902022019011620190202F5F06AFFA6F8-M7BCONTROL201902022018122920190115AB62C0E38FB2-9813CA1A0D9A,M7BANCHOR-M7BEVENT201902022019011620190202F5F06AFFA6F8-M7BCONTROL201902022018122920190115AB62C0E38FB2-9813CA1A0D9A,P3,high_temperature,DJF,18,True,EC0023,8,STP3-SC0014,3,ETP3high_temperature-TC0003,1,M7b
M7BEVENT-20200220-20200108-20200220-50F407CE614C,M7BPAIR-M7BEVENT20200220202001082020022050F407CE614C-M7BCONTROL202002202019020320190318C82400DFAD1A-D59B0943D57B,M7BANCHOR-M7BEVENT20200220202001082020022050F407CE614C-M7BCONTROL202002202019020320190318C82400DFAD1A-D59B0943D57B,P3,high_temperature,DJF,44,True,EC0056,25,STP3-SC0028,6,ETP3high_temperature-TC0005,1,M7b
M7BEVENT-20180922-20180914-20180922-E2B755959F2F,M7BPAIR-M7BEVENT201809222018091420180922E2B755959F2F-M7BCONTROL2018092220180905201809139C7A05A22094-A789BC71B781,M7BANCHOR-M7BEVENT201809222018091420180922E2B755959F2F-M7BCONTROL2018092220180905201809139C7A05A22094-A789BC71B781,P3,high_temperature,SON,9,True,EC0018,10,STP3-SC0009,4,ETP3high_temperature-TC0002,1,M7b
M7BEVENT-20190919-20190911-20190919-D968B8FB251B,M7BPAIR-M7BEVENT201909192019091120190919D968B8FB251B-M7BCONTROL2019091920190902201909109F54E0E0E699-1A94FAF33A7F,M7BANCHOR-M7BEVENT201909192019091120190919D968B8FB251B-M7BCONTROL2019091920190902201909109F54E0E0E699-1A94FAF33A7F,P3,high_temperature,SON,9,True,EC0047,21,STP3-SC0022,7,ETP3high_temperature-TC0004,1,M7b
M7BEVENT-20201231-20200910-20201231-B129EDAE58BC,M7BPAIR-M7BEVENT202012312020091020201231B129EDAE58BC-M7BCONTROL2020123120180923201901137E07D19292F1-FB321C959B83,M7BANCHOR-M7BEVENT202012312020091020201231B129EDAE58BC-M7BCONTROL2020123120180923201901137E07D19292F1-FB321C959B83,P3,high_temperature,SON,113,False,EC0080,39,STP3-SC0039,9,ETP3high_temperature-TC0006,1,M7b
M7BEVENT-20180615-20180602-20180615-C5891950A7D0,M7BPAIR-M7BEVENT201806152018060220180615C5891950A7D0-M7BCONTROL20180615201806162018062975662721191C-A801676CC0A1,M7BANCHOR-M7BEVENT201806152018060220180615C5891950A7D0-M7BCONTROL20180615201806162018062975662721191C-A801676CC0A1,P3,low_flow,JJA,14,True,EC0008,15,STP3-SC0005,3,ETP3low_flow-TC0001,1,M7b
M7BEVENT-20190616-20190610-20190616-2C41180BE5CC,M7BPAIR-M7BEVENT2019061620190610201906162C41180BE5CC-M7BCONTROL201906162019060320190609569F8E2CC76C-DB02F28F9C6B,M7BANCHOR-M7BEVENT2019061620190610201906162C41180BE5CC-M7BCONTROL201906162019060320190609569F8E2CC76C-DB02F28F9C6B,P3,low_flow,JJA,7,True,EC0036,23,STP3-SC0019,1,ETP3low_flow-TC0003,1,M7b
M7BEVENT-20181122-20181114-20181122-C1779678E723,M7BPAIR-M7BEVENT201811222018111420181122C1779678E723-M7BCONTROL201811222018110520181113E3639C3CFC0A-DF6177C9A63E,M7BANCHOR-M7BEVENT201811222018111420181122C1779678E723-M7BCONTROL201811222018110520181113E3639C3CFC0A-DF6177C9A63E,P3,low_flow,SON,9,True,EC0020,9,STP3-SC0011,2,ETP3low_flow-TC0002,1,M7b
M7BEVENT-20191128-20191122-20191128-DEC53006EDCC,M7BPAIR-M7BEVENT201911282019112220191128DEC53006EDCC-M7BCONTROL201911282019111520191121978281EAF298-EB35A7E9B7FE,M7BANCHOR-M7BEVENT201911282019112220191128DEC53006EDCC-M7BCONTROL201911282019111520191121978281EAF298-EB35A7E9B7FE,P3,low_flow,SON,7,True,EC0054,9,STP3-SC0027,2,ETP3low_flow-TC0004,1,M7b
M7BEVENT-20180220-20180220-20180220-5E66B469F111,M7BPAIR-M7BEVENT2018022020180220201802205E66B469F111-M7BCONTROL201802202018021920180219EFBB2AF94EFC-639DABB7387F,M7BANCHOR-M7BEVENT2018022020180220201802205E66B469F111-M7BCONTROL201802202018021920180219EFBB2AF94EFC-639DABB7387F,P3,rapid_warming,DJF,1,True,EC0001,33,STP3-SC0002,1,ETP3rapid_warming-TC0001,1,M7b
M7BEVENT-20190216-20190216-20190216-F7515C91C1F0,M7BPAIR-M7BEVENT201902162019021620190216F7515C91C1F0-M7BCONTROL201902162019021520190215D0E162391192-F08D8BC1504D,M7BANCHOR-M7BEVENT201902162019021620190216F7515C91C1F0-M7BCONTROL201902162019021520190215D0E162391192-F08D8BC1504D,P3,rapid_warming,DJF,1,True,EC0027,2,STP3-SC0015,1,ETP3rapid_warming-TC0012,1,M7b
M7BEVENT-20200102-20200101-20200102-A32A7A408D63,M7BPAIR-M7BEVENT202001022020010120200102A32A7A408D63-M7BCONTROL202001022020122920201230A2E259666FF1-C1973C1831FE,M7BANCHOR-M7BEVENT202001022020010120200102A32A7A408D63-M7BCONTROL202001022020122920201230A2E259666FF1-C1973C1831FE,P3,rapid_warming,DJF,2,True,EC0056,25,STP3-SC0028,6,ETP3rapid_warming-TC0023,1,M7b
M7BEVENT-20200104-20200104-20200104-544814C8996B,M7BPAIR-M7BEVENT202001042020010420200104544814C8996B-M7BCONTROL202001042020010320200103708028589CF4-A630C6C22AB7,M7BANCHOR-M7BEVENT202001042020010420200104544814C8996B-M7BCONTROL202001042020010320200103708028589CF4-A630C6C22AB7,P3,rapid_warming,DJF,1,True,EC0056,25,STP3-SC0028,6,ETP3rapid_warming-TC0024,1,M7b
M7BEVENT-20200110-20200110-20200110-6D435C5B2E7D,M7BPAIR-M7BEVENT2020011020200110202001106D435C5B2E7D-M7BCONTROL202001102020010920200109EB73706DD54D-8BF23D0EEA53,M7BANCHOR-M7BEVENT2020011020200110202001106D435C5B2E7D-M7BCONTROL202001102020010920200109EB73706DD54D-8BF23D0EEA53,P3,rapid_warming,DJF,1,True,EC0056,25,STP3-SC0028,6,ETP3rapid_warming-TC0025,1,M7b
M7BEVENT-20200222-20200222-20200222-84EEFAFE75F5,M7BPAIR-M7BEVENT20200222202002222020022284EEFAFE75F5-M7BCONTROL2020022220200221202002211641B699C563-613794C6A525,M7BANCHOR-M7BEVENT20200222202002222020022284EEFAFE75F5-M7BCONTROL2020022220200221202002211641B699C563-613794C6A525,P3,rapid_warming,DJF,1,True,EC0058,1,STP3-SC0029,1,ETP3rapid_warming-TC0026,1,M7b
M7BEVENT-20200227-20200227-20200227-9EFDD81DB77F,M7BPAIR-M7BEVENT2020022720200227202002279EFDD81DB77F-M7BCONTROL202002272020022620200226B059F6DCC7DB-1088060A670C,M7BANCHOR-M7BEVENT2020022720200227202002279EFDD81DB77F-M7BCONTROL202002272020022620200226B059F6DCC7DB-1088060A670C,P3,rapid_warming,DJF,1,True,EC0061,1,STP3-SC0030,1,ETP3rapid_warming-TC0027,1,M7b
M7BEVENT-20180603-20180603-20180603-872344A4B137,M7BPAIR-M7BEVENT201806032018060320180603872344A4B137-M7BCONTROL201806032018060220180602060EEBFB13F3-EDE9FF63D3B6,M7BANCHOR-M7BEVENT201806032018060320180603872344A4B137-M7BCONTROL201806032018060220180602060EEBFB13F3-EDE9FF63D3B6,P3,rapid_warming,JJA,1,True,EC0008,15,STP3-SC0005,3,ETP3rapid_warming-TC0003,1,M7b
M7BEVENT-20180701-20180701-20180701-609F126ADA49,M7BPAIR-M7BEVENT201807012018070120180701609F126ADA49-M7BCONTROL20180701201806302018063052896A34EE43-947F6E21191D,M7BANCHOR-M7BEVENT201807012018070120180701609F126ADA49-M7BCONTROL20180701201806302018063052896A34EE43-947F6E21191D,P3,rapid_warming,JJA,1,True,EC0013,4,STP3-SC0006,1,ETP3rapid_warming-TC0004,1,M7b
M7BEVENT-20180720-20180720-20180720-3D3194EFA472,M7BPAIR-M7BEVENT2018072020180720201807203D3194EFA472-M7BCONTROL20180720201807192018071900E0F48CA995-1C7F78E260A5,M7BANCHOR-M7BEVENT2018072020180720201807203D3194EFA472-M7BCONTROL20180720201807192018071900E0F48CA995-1C7F78E260A5,P3,rapid_warming,JJA,1,True,EC0014,7,STP3-SC0007,2,ETP3rapid_warming-TC0005,1,M7b
M7BEVENT-20190621-20190621-20190621-595A92786ADC,M7BPAIR-M7BEVENT201906212019062120190621595A92786ADC-M7BCONTROL201906212019062020190620DAE95680A47A-61C9A4248E11,M7BANCHOR-M7BEVENT201906212019062120190621595A92786ADC-M7BCONTROL201906212019062020190620DAE95680A47A-61C9A4248E11,P3,rapid_warming,JJA,1,True,EC0037,1,STP3-SC0020,1,ETP3rapid_warming-TC0013,1,M7b
M7BEVENT-20190804-20190804-20190804-4259E3064CE2,M7BPAIR-M7BEVENT2019080420190804201908044259E3064CE2-M7BCONTROL2019080420190803201908034B6BF23A6E26-DC050F7FDEB9,M7BANCHOR-M7BEVENT2019080420190804201908044259E3064CE2-M7BCONTROL2019080420190803201908034B6BF23A6E26-DC050F7FDEB9,P3,rapid_warming,JJA,1,True,EC0042,2,STP3-SC0021,1,ETP3rapid_warming-TC0014,1,M7b
M7BEVENT-20200611-20200611-20200611-08FD1146C65C,M7BPAIR-M7BEVENT20200611202006112020061108FD1146C65C-M7BCONTROL202006112020061020200610DCDA2EF54801-AE08BFFE0F94,M7BANCHOR-M7BEVENT20200611202006112020061108FD1146C65C-M7BCONTROL202006112020061020200610DCDA2EF54801-AE08BFFE0F94,P3,rapid_warming,JJA,1,True,EC0069,1,STP3-SC0034,1,ETP3rapid_warming-TC0030,1,M7b
M7BEVENT-20200622-20200622-20200622-0B276398F768,M7BPAIR-M7BEVENT2020062220200622202006220B276398F768-M7BCONTROL2020062220200621202006219542630BE981-C14A31489B8E,M7BANCHOR-M7BEVENT2020062220200622202006220B276398F768-M7BCONTROL2020062220200621202006219542630BE981-C14A31489B8E,P3,rapid_warming,JJA,1,True,EC0072,5,STP3-SC0035,3,ETP3rapid_warming-TC0031,1,M7b
M7BEVENT-20200628-20200627-20200628-8F7AA2A745D5,M7BPAIR-M7BEVENT2020062820200627202006288F7AA2A745D5-M7BCONTROL202006282020062520200626A359C4D282A4-7A7524A944C5,M7BANCHOR-M7BEVENT2020062820200627202006288F7AA2A745D5-M7BCONTROL202006282020062520200626A359C4D282A4-7A7524A944C5,P3,rapid_warming,JJA,2,True,EC0072,5,STP3-SC0035,3,ETP3rapid_warming-TC0032,1,M7b
M7BEVENT-20200706-20200706-20200706-9F3164BF4D94,M7BPAIR-M7BEVENT2020070620200706202007069F3164BF4D94-M7BCONTROL2020070620200705202007053D7BBE6FEE8D-04502D1D729B,M7BANCHOR-M7BEVENT2020070620200706202007069F3164BF4D94-M7BCONTROL2020070620200705202007053D7BBE6FEE8D-04502D1D729B,P3,rapid_warming,JJA,1,True,EC0073,1,STP3-SC0036,1,ETP3rapid_warming-TC0033,1,M7b
M7BEVENT-20200804-20200804-20200804-7E34BB1BB9D0,M7BPAIR-M7BEVENT2020080420200804202008047E34BB1BB9D0-M7BCONTROL2020080420200803202008039F4AB23C6792-E1D65352631C,M7BANCHOR-M7BEVENT2020080420200804202008047E34BB1BB9D0-M7BCONTROL2020080420200803202008039F4AB23C6792-E1D65352631C,P3,rapid_warming,JJA,1,True,EC0077,7,STP3-SC0038,3,ETP3rapid_warming-TC0034,1,M7b
M7BEVENT-20180410-20180410-20180410-BDEDB23AD3E8,M7BPAIR-M7BEVENT201804102018041020180410BDEDB23AD3E8-M7BCONTROL2018041020180409201804098C915D79DCAB-BD6A9FE4D3A1,M7BANCHOR-M7BEVENT201804102018041020180410BDEDB23AD3E8-M7BCONTROL2018041020180409201804098C915D79DCAB-BD6A9FE4D3A1,P3,rapid_warming,MAM,1,True,EC0002,3,STP3-SC0003,1,ETP3rapid_warming-TC0002,1,M7b
M7BEVENT-20200419-20200419-20200419-CA5FEC563C16,M7BPAIR-M7BEVENT202004192020041920200419CA5FEC563C16-M7BCONTROL20200419202004182020041880B728E00F46-66A3D6DEDB46,M7BANCHOR-M7BEVENT202004192020041920200419CA5FEC563C16-M7BCONTROL20200419202004182020041880B728E00F46-66A3D6DEDB46,P3,rapid_warming,MAM,1,True,EC0067,25,STP3-SC0031,2,ETP3rapid_warming-TC0028,1,M7b
M7BEVENT-20200508-20200508-20200508-CC6E7F19940A,M7BPAIR-M7BEVENT202005082020050820200508CC6E7F19940A-M7BCONTROL202005082020050720200507DAC9C000CC2E-3ECCA13DFF6B,M7BANCHOR-M7BEVENT202005082020050820200508CC6E7F19940A-M7BCONTROL202005082020050720200507DAC9C000CC2E-3ECCA13DFF6B,P3,rapid_warming,MAM,1,True,EC0067,25,STP3-SC0032,1,ETP3rapid_warming-TC0029,1,M7b
M7BEVENT-20180908-20180908-20180908-D4618FBCEFCE,M7BPAIR-M7BEVENT201809082018090820180908D4618FBCEFCE-M7BCONTROL20180908201809072018090740E96658056E-8C90FA321A0F,M7BANCHOR-M7BEVENT201809082018090820180908D4618FBCEFCE-M7BCONTROL20180908201809072018090740E96658056E-8C90FA321A0F,P3,rapid_warming,SON,1,True,EC0018,10,STP3-SC0009,4,ETP3rapid_warming-TC0006,1,M7b
M7BEVENT-20180910-20180910-20180910-AC83405A3595,M7BPAIR-M7BEVENT201809102018091020180910AC83405A3595-M7BCONTROL2018091020180909201809097B36E2D4B107-DA3C7160E502,M7BANCHOR-M7BEVENT201809102018091020180910AC83405A3595-M7BCONTROL2018091020180909201809097B36E2D4B107-DA3C7160E502,P3,rapid_warming,SON,1,True,EC0018,10,STP3-SC0009,4,ETP3rapid_warming-TC0007,1,M7b
M7BEVENT-20181011-20181011-20181011-061F87DDE6CB,M7BPAIR-M7BEVENT201810112018101120181011061F87DDE6CB-M7BCONTROL201810112018101020181010741E75CE5344-75E1FFF38B5F,M7BANCHOR-M7BEVENT201810112018101120181011061F87DDE6CB-M7BCONTROL201810112018101020181010741E75CE5344-75E1FFF38B5F,P3,rapid_warming,SON,1,True,EC0019,12,STP3-SC0010,3,ETP3rapid_warming-TC0008,1,M7b
M7BEVENT-20181119-20181119-20181119-CC10A952FC53,M7BPAIR-M7BEVENT201811192018111920181119CC10A952FC53-M7BCONTROL2018111920181118201811180F8D5D3E9808-8CA5303319B5,M7BANCHOR-M7BEVENT201811192018111920181119CC10A952FC53-M7BCONTROL2018111920181118201811180F8D5D3E9808-8CA5303319B5,P3,rapid_warming,SON,1,True,EC0020,9,STP3-SC0011,2,ETP3rapid_warming-TC0009,1,M7b
M7BEVENT-20181125-20181125-20181125-FA83DC7FEA61,M7BPAIR-M7BEVENT201811252018112520181125FA83DC7FEA61-M7BCONTROL201811252018112420181124DA8F8E58E6DF-CC525F8095FB,M7BANCHOR-M7BEVENT201811252018112520181125FA83DC7FEA61-M7BCONTROL201811252018112420181124DA8F8E58E6DF-CC525F8095FB,P3,rapid_warming,SON,1,True,EC0021,9,STP3-SC0012,1,ETP3rapid_warming-TC0010,1,M7b
M7BEVENT-20181127-20181127-20181127-BF46584829B2,M7BPAIR-M7BEVENT201811272018112720181127BF46584829B2-M7BCONTROL20181127201811262018112627A170F25495-1EA4E497D952,M7BANCHOR-M7BEVENT201811272018112720181127BF46584829B2-M7BCONTROL20181127201811262018112627A170F25495-1EA4E497D952,P3,rapid_warming,SON,1,True,EC0021,9,STP3-SC0013,3,ETP3rapid_warming-TC0011,1,M7b
M7BEVENT-20190907-20190906-20190907-74AC8A68E76D,M7BPAIR-M7BEVENT20190907201909062019090774AC8A68E76D-M7BCONTROL2019090720190904201909050385573AD7CD-80D040E7FEBE,M7BANCHOR-M7BEVENT20190907201909062019090774AC8A68E76D-M7BCONTROL2019090720190904201909050385573AD7CD-80D040E7FEBE,P3,rapid_warming,SON,2,True,EC0047,21,STP3-SC0022,7,ETP3rapid_warming-TC0015,1,M7b
M7BEVENT-20190911-20190911-20190911-49CB3BA29F88,M7BPAIR-M7BEVENT20190911201909112019091149CB3BA29F88-M7BCONTROL20190911201909102019091012D914E38634-1ED1F0D02EA9,M7BANCHOR-M7BEVENT20190911201909112019091149CB3BA29F88-M7BCONTROL20190911201909102019091012D914E38634-1ED1F0D02EA9,P3,rapid_warming,SON,1,True,EC0047,21,STP3-SC0022,7,ETP3rapid_warming-TC0016,1,M7b
M7BEVENT-20190914-20190914-20190914-F2A388295D5F,M7BPAIR-M7BEVENT201909142019091420190914F2A388295D5F-M7BCONTROL2019091420190913201909130B261C9043B9-C4CF75F4D39C,M7BANCHOR-M7BEVENT201909142019091420190914F2A388295D5F-M7BCONTROL2019091420190913201909130B261C9043B9-C4CF75F4D39C,P3,rapid_warming,SON,1,True,EC0047,21,STP3-SC0022,7,ETP3rapid_warming-TC0017,1,M7b
M7BEVENT-20190917-20190917-20190917-7CE0265B58A8,M7BPAIR-M7BEVENT2019091720190917201909177CE0265B58A8-M7BCONTROL20190917201909162019091613D5532E9D75-B7A8032C8427,M7BANCHOR-M7BEVENT2019091720190917201909177CE0265B58A8-M7BCONTROL20190917201909162019091613D5532E9D75-B7A8032C8427,P3,rapid_warming,SON,1,True,EC0047,21,STP3-SC0022,7,ETP3rapid_warming-TC0018,1,M7b
M7BEVENT-20191014-20191014-20191014-A07400F52447,M7BPAIR-M7BEVENT201910142019101420191014A07400F52447-M7BCONTROL201910142019101320191013035F02B00B5F-8BC4A1F5AEC2,M7BANCHOR-M7BEVENT201910142019101420191014A07400F52447-M7BCONTROL201910142019101320191013035F02B00B5F-8BC4A1F5AEC2,P3,rapid_warming,SON,1,True,EC0050,1,STP3-SC0023,1,ETP3rapid_warming-TC0019,1,M7b
M7BEVENT-20191028-20191028-20191028-74CDCFCE1D7C,M7BPAIR-M7BEVENT20191028201910282019102874CDCFCE1D7C-M7BCONTROL201910282019102720191027D361222D27EF-8F904E68A7E9,M7BANCHOR-M7BEVENT20191028201910282019102874CDCFCE1D7C-M7BCONTROL201910282019102720191027D361222D27EF-8F904E68A7E9,P3,rapid_warming,SON,1,True,EC0052,1,STP3-SC0024,1,ETP3rapid_warming-TC0020,1,M7b
M7BEVENT-20191108-20191106-20191108-B2E858CFEDF4,M7BPAIR-M7BEVENT201911082019110620191108B2E858CFEDF4-M7BCONTROL2019110820191103201911051E2D36EC45D0-4F66825B9BE6,M7BANCHOR-M7BEVENT201911082019110620191108B2E858CFEDF4-M7BCONTROL2019110820191103201911051E2D36EC45D0-4F66825B9BE6,P3,rapid_warming,SON,3,True,EC0053,1,STP3-SC0025,1,ETP3rapid_warming-TC0021,1,M7b
M7BEVENT-20191115-20191115-20191115-6B07537AB9A0,M7BPAIR-M7BEVENT2019111520191115201911156B07537AB9A0-M7BCONTROL2019111520191114201911140D826D6B66B1-5690022207D5,M7BANCHOR-M7BEVENT2019111520191115201911156B07537AB9A0-M7BCONTROL2019111520191114201911140D826D6B66B1-5690022207D5,P3,rapid_warming,SON,1,True,EC0054,9,STP3-SC0026,1,ETP3rapid_warming-TC0022,1,M7b
M7BEVENT-20200912-20200912-20200912-66CACDB2067B,M7BPAIR-M7BEVENT20200912202009122020091266CACDB2067B-M7BCONTROL202009122020091120200911C55A60577CA7-301AA2992B73,M7BANCHOR-M7BEVENT20200912202009122020091266CACDB2067B-M7BCONTROL202009122020091120200911C55A60577CA7-301AA2992B73,P3,rapid_warming,SON,1,True,EC0080,39,STP3-SC0039,9,ETP3rapid_warming-TC0035,1,M7b
M7BEVENT-20200918-20200918-20200918-CEE5E9141EBF,M7BPAIR-M7BEVENT202009182020091820200918CEE5E9141EBF-M7BCONTROL202009182020091720200917FEED282C79B5-CC20ACDEC675,M7BANCHOR-M7BEVENT202009182020091820200918CEE5E9141EBF-M7BCONTROL202009182020091720200917FEED282C79B5-CC20ACDEC675,P3,rapid_warming,SON,1,True,EC0080,39,STP3-SC0039,9,ETP3rapid_warming-TC0036,1,M7b
M7BEVENT-20200921-20200921-20200921-AEF195F14E65,M7BPAIR-M7BEVENT202009212020092120200921AEF195F14E65-M7BCONTROL202009212020092020200920349AA2418B4B-1033F859FAEC,M7BANCHOR-M7BEVENT202009212020092120200921AEF195F14E65-M7BCONTROL202009212020092020200920349AA2418B4B-1033F859FAEC,P3,rapid_warming,SON,1,True,EC0080,39,STP3-SC0039,9,ETP3rapid_warming-TC0037,1,M7b
M7BEVENT-20201018-20201018-20201018-B10E58BA5D81,M7BPAIR-M7BEVENT202010182020101820201018B10E58BA5D81-M7BCONTROL2020101820201017202010174A7CFDC49195-D6EFAFFD7CD6,M7BANCHOR-M7BEVENT202010182020101820201018B10E58BA5D81-M7BCONTROL2020101820201017202010174A7CFDC49195-D6EFAFFD7CD6,P3,rapid_warming,SON,1,True,EC0080,39,STP3-SC0039,9,ETP3rapid_warming-TC0038,1,M7b
M7BEVENT-20201122-20201122-20201122-D4CBC71277C9,M7BPAIR-M7BEVENT202011222020112220201122D4CBC71277C9-M7BCONTROL2020112220201121202011217FB95BF6CB1E-A2D8CF9A3EC1,M7BANCHOR-M7BEVENT202011222020112220201122D4CBC71277C9-M7BCONTROL2020112220201121202011217FB95BF6CB1E-A2D8CF9A3EC1,P3,rapid_warming,SON,1,True,EC0080,39,STP3-SC0039,9,ETP3rapid_warming-TC0039,1,M7b
M7BEVENT-20190103-20181126-20181210-673E7F469148,M7BPAIR-M7BEVENT201901032018112620181210673E7F469148-M7BCONTROL201812102018010220180116D092EE8EF800-1A7EAB72C887,M7BANCHOR-M7BEVENT201901032018112620181210673E7F469148-M7BCONTROL201812102018010220180116D092EE8EF800-1A7EAB72C887,S2,flood,DJF,15,True,EC0021,9,STS2-SC0041,1,ETS2flood-TC0006,1,M7b
M7BEVENT-20191222-20191124-20191208-AB55F32F9312,M7BPAIR-M7BEVENT201912222019112420191208AB55F32F9312-M7BCONTROL201912082019122320200106266E40B91FB0-1854CC988ED6,M7BANCHOR-M7BEVENT201912222019112420191208AB55F32F9312-M7BCONTROL201912082019122320200106266E40B91FB0-1854CC988ED6,S2,flood,DJF,15,True,EC0054,9,STS2-SC0066,4,ETS2flood-TC0011,1,M7b
M7BEVENT-20201222-20201124-20201208-6FAB4596E7B3,M7BPAIR-M7BEVENT2020122220201124202012086FAB4596E7B3-M7BCONTROL2020120820191225202001084404544D466F-BE9779542BFE,M7BANCHOR-M7BEVENT2020122220201124202012086FAB4596E7B3-M7BCONTROL2020120820191225202001084404544D466F-BE9779542BFE,S2,flood,DJF,15,True,EC0080,39,STS2-SC0106,4,ETS2flood-TC0016,1,M7b
M7BEVENT-20180719-20180707-20180721-A0BD86F4EE11,M7BPAIR-M7BEVENT201807192018070720180721A0BD86F4EE11-M7BCONTROL201807212018062220180706589B308793DF-06585E14143A,M7BANCHOR-M7BEVENT201807192018070720180721A0BD86F4EE11-M7BCONTROL201807212018062220180706589B308793DF-06585E14143A,S2,flood,JJA,15,True,EC0014,7,STS2-SC0028,3,ETS2flood-TC0001,2,M7b
M7BEVENT-20180725-20180718-20180801-5FCF56EA9394,M7BPAIR-M7BEVENT2018072520180718201808015FCF56EA9394-M7BCONTROL201808012018062120180705A6A83E88C7FC-D15C1801BFDB,M7BANCHOR-M7BEVENT2018072520180718201808015FCF56EA9394-M7BCONTROL201808012018062120180705A6A83E88C7FC-D15C1801BFDB,S2,flood,JJA,15,True,EC0014,7,STS2-SC0028,3,ETS2flood-TC0001,2,M7b
M7BEVENT-20180819-20180809-20180823-8D1BC0A053F4,M7BPAIR-M7BEVENT2018081920180809201808238D1BC0A053F4-M7BCONTROL201808232018062020180704EF56659EB9EC-A8EECFE89B35,M7BANCHOR-M7BEVENT2018081920180809201808238D1BC0A053F4-M7BCONTROL201808232018062020180704EF56659EB9EC-A8EECFE89B35,S2,flood,JJA,15,True,EC0017,8,STS2-SC0030,4,ETS2flood-TC0002,1,M7b
M7BEVENT-20200821-20200717-20200731-7DA9B5D69133,M7BPAIR-M7BEVENT2020082120200717202007317DA9B5D69133-M7BCONTROL202007312020062820200712F2AD5D841100-EF399BA10017,M7BANCHOR-M7BEVENT2020082120200717202007317DA9B5D69133-M7BCONTROL202007312020062820200712F2AD5D841100-EF399BA10017,S2,flood,JJA,15,True,EC0075,5,STS2-SC0095,2,ETS2flood-TC0014,1,M7b
M7BEVENT-20190513-20190423-20190507-B2B757B3A2AB,M7BPAIR-M7BEVENT201905132019042320190507B2B757B3A2AB-M7BCONTROL201905072019040720190421554CDF760891-F9B0FAF9B42C,M7BANCHOR-M7BEVENT201905132019042320190507B2B757B3A2AB-M7BCONTROL201905072019040720190421554CDF760891-F9B0FAF9B42C,S2,flood,MAM,15,True,EC0036,23,STS2-SC0057,1,ETS2flood-TC0007,1,M7b
M7BEVENT-20190531-20190523-20190606-B9DBF5B51BEA,M7BPAIR-M7BEVENT201905312019052320190606B9DBF5B51BEA-M7BCONTROL20190606201904062019042057223AAE75DA-87B9BB866F4D,M7BANCHOR-M7BEVENT201905312019052320190606B9DBF5B51BEA-M7BCONTROL20190606201904062019042057223AAE75DA-87B9BB866F4D,S2,flood,MAM,15,True,EC0036,23,STS2-SC0058,3,ETS2flood-TC0008,1,M7b
M7BEVENT-20200512-20200503-20200517-D3348B6B57A2,M7BPAIR-M7BEVENT202005122020050320200517D3348B6B57A2-M7BCONTROL2020051720200418202005027AB53B19F17E-3524590582D4,M7BANCHOR-M7BEVENT202005122020050320200517D3348B6B57A2-M7BCONTROL2020051720200418202005027AB53B19F17E-3524590582D4,S2,flood,MAM,15,True,EC0067,25,STS2-SC0090,3,ETS2flood-TC0012,1,M7b
M7BEVENT-20200531-20200521-20200604-A43FB3884D07,M7BPAIR-M7BEVENT202005312020052120200604A43FB3884D07-M7BCONTROL20200604202004172020050154F86F56C50B-0E7FCC57104C,M7BANCHOR-M7BEVENT202005312020052120200604A43FB3884D07-M7BCONTROL20200604202004172020050154F86F56C50B-0E7FCC57104C,S2,flood,MAM,15,True,EC0067,25,STS2-SC0091,3,ETS2flood-TC0013,1,M7b
M7BEVENT-20181006-20180907-20180921-0451C6D0914E,M7BPAIR-M7BEVENT2018100620180907201809210451C6D0914E-M7BCONTROL2018092120181023201811064E2E8DE33C32-7E6FB76F748E,M7BANCHOR-M7BEVENT2018100620180907201809210451C6D0914E-M7BCONTROL2018092120181023201811064E2E8DE33C32-7E6FB76F748E,S2,flood,SON,15,True,EC0018,10,STS2-SC0034,2,ETS2flood-TC0003,1,M7b
M7BEVENT-20181015-20181008-20181022-1F13A14421DD,M7BPAIR-M7BEVENT2018101520181008201810221F13A14421DD-M7BCONTROL2018102220181024201811079FF15AB45B0B-AEDD39411ADA,M7BANCHOR-M7BEVENT2018101520181008201810221F13A14421DD-M7BCONTROL2018102220181024201811079FF15AB45B0B-AEDD39411ADA,S2,flood,SON,15,True,EC0019,12,STS2-SC0037,2,ETS2flood-TC0004,1,M7b
M7BEVENT-20181115-20181108-20181122-A7BD18BC7A84,M7BPAIR-M7BEVENT201811152018110820181122A7BD18BC7A84-M7BCONTROL201811222019110820191122884B52F612B4-E2A0252A11AD,M7BANCHOR-M7BEVENT201811152018110820181122A7BD18BC7A84-M7BCONTROL201811222019110820191122884B52F612B4-E2A0252A11AD,S2,flood,SON,15,True,EC0020,9,STS2-SC0038,2,ETS2flood-TC0005,1,M7b
M7BEVENT-20190906-20190830-20190913-4B02540832D4,M7BPAIR-M7BEVENT2019090620190830201909134B02540832D4-M7BCONTROL201909132019100420191018871C0D4367A5-5A3A4947559C,M7BANCHOR-M7BEVENT2019090620190830201909134B02540832D4-M7BCONTROL201909132019100420191018871C0D4367A5-5A3A4947559C,S2,flood,SON,15,True,EC0047,21,STS2-SC0063,4,ETS2flood-TC0009,1,M7b
M7BEVENT-20190927-20190919-20191003-F07898434D13,M7BPAIR-M7BEVENT201909272019091920191003F07898434D13-M7BCONTROL201910032019100520191019632705CA41BC-151FCF8DF4AB,M7BANCHOR-M7BEVENT201909272019091920191003F07898434D13-M7BCONTROL201910032019100520191019632705CA41BC-151FCF8DF4AB,S2,flood,SON,15,True,EC0047,21,STS2-SC0064,2,ETS2flood-TC0010,1,M7b
M7BEVENT-20200920-20200912-20200926-1AA924D66748,M7BPAIR-M7BEVENT2020092020200912202009261AA924D66748-M7BCONTROL2020092620200828202009117CE11D58D3C5-A21CBD91F30F,M7BANCHOR-M7BEVENT2020092020200912202009261AA924D66748-M7BCONTROL2020092620200828202009117CE11D58D3C5-A21CBD91F30F,S2,flood,SON,15,True,EC0080,39,STS2-SC0100,1,ETS2flood-TC0015,1,M7b
M7BEVENT-20180105-20180101-20180105-2F85BFDB0D7F,M7BPAIR-M7BEVENT2018010520180101201801052F85BFDB0D7F-M7BCONTROL20180105201812292019010204C082D507C5-CFBAD3C082CA,M7BANCHOR-M7BEVENT2018010520180101201801052F85BFDB0D7F-M7BCONTROL20180105201812292019010204C082D507C5-CFBAD3C082CA,S2,high_temperature,DJF,5,False,EC0001,33,STS2-SC0001,3,ETS2high_temperature-TC0001,1,M7b
M7BEVENT-20180121-20180119-20180121-51224F5B8C39,M7BPAIR-M7BEVENT20180121201801192018012151224F5B8C39-M7BCONTROL20180121201801162018011816248EB82E49-D122490C0AA4,M7BANCHOR-M7BEVENT20180121201801192018012151224F5B8C39-M7BCONTROL20180121201801162018011816248EB82E49-D122490C0AA4,S2,high_temperature,DJF,3,True,EC0001,33,STS2-SC0004,2,ETS2high_temperature-TC0002,1,M7b
M7BEVENT-20180210-20180207-20180210-0C550D9E993F,M7BPAIR-M7BEVENT2018021020180207201802100C550D9E993F-M7BCONTROL201802102018020320180206B719D198A70C-97634BDD93A0,M7BANCHOR-M7BEVENT2018021020180207201802100C550D9E993F-M7BCONTROL201802102018020320180206B719D198A70C-97634BDD93A0,S2,high_temperature,DJF,4,True,EC0001,33,STS2-SC0009,2,ETS2high_temperature-TC0003,1,M7b
M7BEVENT-20200110-20200104-20200110-CFC0D0935E0F,M7BPAIR-M7BEVENT202001102020010420200110CFC0D0935E0F-M7BCONTROL202001102020011120200117EFB16F80D4AE-1CF478FD8242,M7BANCHOR-M7BEVENT202001102020010420200110CFC0D0935E0F-M7BCONTROL202001102020011120200117EFB16F80D4AE-1CF478FD8242,S2,high_temperature,DJF,7,True,EC0056,25,STS2-SC0070,4,ETS2high_temperature-TC0010,1,M7b
M7BEVENT-20190830-20190827-20190830-7D46CAED510C,M7BPAIR-M7BEVENT2019083020190827201908307D46CAED510C-M7BCONTROL2019083020190823201908269A97B3A3BC7A-08093D02C328,M7BANCHOR-M7BEVENT2019083020190827201908307D46CAED510C-M7BCONTROL2019083020190823201908269A97B3A3BC7A-08093D02C328,S2,high_temperature,JJA,4,True,EC0047,21,STS2-SC0063,4,ETS2high_temperature-TC0008,1,M7b
M7BEVENT-20180415-20180410-20180415-23C06B1E3694,M7BPAIR-M7BEVENT20180415201804102018041523C06B1E3694-M7BCONTROL2018041520180404201804092EF8231993A0-E2EB02359427,M7BANCHOR-M7BEVENT20180415201804102018041523C06B1E3694-M7BCONTROL2018041520180404201804092EF8231993A0-E2EB02359427,S2,high_temperature,MAM,6,True,EC0002,3,STS2-SC0015,2,ETS2high_temperature-TC0004,1,M7b
M7BEVENT-20180427-20180420-20180427-5CFA897837D5,M7BPAIR-M7BEVENT2018042720180420201804275CFA897837D5-M7BCONTROL2018042720180428201805055698A157B7CE-60A682E95370,M7BANCHOR-M7BEVENT2018042720180420201804275CFA897837D5-M7BCONTROL2018042720180428201805055698A157B7CE-60A682E95370,S2,high_temperature,MAM,8,True,EC0005,8,STS2-SC0017,1,ETS2high_temperature-TC0005,1,M7b
M7BEVENT-20180530-20180522-20180530-4685E84AD122,M7BPAIR-M7BEVENT2018053020180522201805304685E84AD122-M7BCONTROL20180530201805132018052116835779DA65-E1BE359088DD,M7BANCHOR-M7BEVENT2018053020180522201805304685E84AD122-M7BCONTROL20180530201805132018052116835779DA65-E1BE359088DD,S2,high_temperature,MAM,9,True,EC0008,15,STS2-SC0023,2,ETS2high_temperature-TC0006,1,M7b
M7BEVENT-20190422-20190417-20190422-A53C89474626,M7BPAIR-M7BEVENT201904222019041720190422A53C89474626-M7BCONTROL20190422201904112019041674CD8118224A-1B2B50A1A76E,M7BANCHOR-M7BEVENT201904222019041720190422A53C89474626-M7BCONTROL20190422201904112019041674CD8118224A-1B2B50A1A76E,S2,high_temperature,MAM,6,True,EC0036,23,STS2-SC0056,1,ETS2high_temperature-TC0007,1,M7b
M7BEVENT-20200402-20200328-20200402-1D4268D499E0,M7BPAIR-M7BEVENT2020040220200328202004021D4268D499E0-M7BCONTROL202004022020032220200327D11091456723-16643D005E35,M7BANCHOR-M7BEVENT2020040220200328202004021D4268D499E0-M7BCONTROL202004022020032220200327D11091456723-16643D005E35,S2,high_temperature,MAM,6,True,EC0065,5,STS2-SC0084,3,ETS2high_temperature-TC0011,1,M7b
M7BEVENT-20191128-20191111-20191128-EE64318DFE69,M7BPAIR-M7BEVENT201911282019111120191128EE64318DFE69-M7BCONTROL201911282019102420191110DFE8C1F64FA6-D749034B58DD,M7BANCHOR-M7BEVENT201911282019111120191128EE64318DFE69-M7BCONTROL201911282019102420191110DFE8C1F64FA6-D749034B58DD,S2,high_temperature,SON,18,True,EC0054,9,STS2-SC0066,4,ETS2high_temperature-TC0009,1,M7b
M7BEVENT-20201106-20201010-20201106-68B8373A154A,M7BPAIR-M7BEVENT20201106202010102020110668B8373A154A-M7BCONTROL2020110620200912202010097235B37DBEF6-9568AD88CD6D,M7BANCHOR-M7BEVENT20201106202010102020110668B8373A154A-M7BCONTROL2020110620200912202010097235B37DBEF6-9568AD88CD6D,S2,high_temperature,SON,28,True,EC0080,39,STS2-SC0102,3,ETS2high_temperature-TC0012,1,M7b
M7BEVENT-20201112-20201110-20201112-10A96B92B1B3,M7BPAIR-M7BEVENT20201112202011102020111210A96B92B1B3-M7BCONTROL202011122020110720201109FEF36628CA25-A885EE7573F9,M7BANCHOR-M7BEVENT20201112202011102020111210A96B92B1B3-M7BCONTROL202011122020110720201109FEF36628CA25-A885EE7573F9,S2,high_temperature,SON,3,True,EC0080,39,STS2-SC0104,1,ETS2high_temperature-TC0013,1,M7b
M7BEVENT-20180615-20180601-20180615-D178C7B02F85,M7BPAIR-M7BEVENT201806152018060120180615D178C7B02F85-M7BCONTROL2018061520180616201806309368741E5AE3-F432C4338876,M7BANCHOR-M7BEVENT201806152018060120180615D178C7B02F85-M7BCONTROL2018061520180616201806309368741E5AE3-F432C4338876,S2,low_flow,JJA,15,True,EC0008,15,STS2-SC0024,3,ETS2low_flow-TC0001,1,M7b
M7BEVENT-20190611-20190605-20190611-1458080E48E9,M7BPAIR-M7BEVENT2019061120190605201906111458080E48E9-M7BCONTROL201906112019052920190604A1802F9D491E-10E6437E799B,M7BANCHOR-M7BEVENT2019061120190605201906111458080E48E9-M7BCONTROL201906112019052920190604A1802F9D491E-10E6437E799B,S2,low_flow,JJA,7,True,EC0036,23,STS2-SC0058,3,ETS2low_flow-TC0003,1,M7b
M7BEVENT-20181113-20181106-20181113-24D50FEDE8A4,M7BPAIR-M7BEVENT20181113201811062018111324D50FEDE8A4-M7BCONTROL2018111320181029201811053C4CA9EFB8EC-2FC8087BA400,M7BANCHOR-M7BEVENT20181113201811062018111324D50FEDE8A4-M7BCONTROL2018111320181029201811053C4CA9EFB8EC-2FC8087BA400,S2,low_flow,SON,8,True,EC0020,9,STS2-SC0038,2,ETS2low_flow-TC0002,1,M7b
M7BEVENT-20180102-20180102-20180102-E9968CB3D3C6,M7BPAIR-M7BEVENT201801022018010220180102E9968CB3D3C6-M7BCONTROL201801022018010320180103F9452466BAD4-1C87093A0E50,M7BANCHOR-M7BEVENT201801022018010220180102E9968CB3D3C6-M7BCONTROL201801022018010320180103F9452466BAD4-1C87093A0E50,S2,rapid_warming,DJF,1,True,EC0001,33,STS2-SC0001,3,ETS2rapid_warming-TC0001,1,M7b
M7BEVENT-20180104-20180104-20180104-CCA78206E95F,M7BPAIR-M7BEVENT201801042018010420180104CCA78206E95F-M7BCONTROL2018010420180105201801053DC385C7ADE2-6578338FBBB3,M7BANCHOR-M7BEVENT201801042018010420180104CCA78206E95F-M7BCONTROL2018010420180105201801053DC385C7ADE2-6578338FBBB3,S2,rapid_warming,DJF,1,True,EC0001,33,STS2-SC0001,3,ETS2rapid_warming-TC0002,1,M7b
M7BEVENT-20180113-20180113-20180113-1FFAE36D2E52,M7BPAIR-M7BEVENT2018011320180113201801131FFAE36D2E52-M7BCONTROL201801132018011220180112BCA637D0C487-33E751F508DC,M7BANCHOR-M7BEVENT2018011320180113201801131FFAE36D2E52-M7BCONTROL201801132018011220180112BCA637D0C487-33E751F508DC,S2,rapid_warming,DJF,1,True,EC0001,33,STS2-SC0002,1,ETS2rapid_warming-TC0003,1,M7b
M7BEVENT-20180115-20180115-20180115-55714AE879C6,M7BPAIR-M7BEVENT20180115201801152018011555714AE879C6-M7BCONTROL201801152018011420180114F076F56EFB38-B68727595F9B,M7BANCHOR-M7BEVENT20180115201801152018011555714AE879C6-M7BCONTROL201801152018011420180114F076F56EFB38-B68727595F9B,S2,rapid_warming,DJF,1,True,EC0001,33,STS2-SC0003,1,ETS2rapid_warming-TC0004,1,M7b
M7BEVENT-20180119-20180119-20180119-C52925922475,M7BPAIR-M7BEVENT201801192018011920180119C52925922475-M7BCONTROL2018011920180118201801181B962D094F16-DC1DE80D4CEF,M7BANCHOR-M7BEVENT201801192018011920180119C52925922475-M7BCONTROL2018011920180118201801181B962D094F16-DC1DE80D4CEF,S2,rapid_warming,DJF,1,True,EC0001,33,STS2-SC0004,2,ETS2rapid_warming-TC0005,1,M7b
M7BEVENT-20180129-20180129-20180129-4B7927492F7A,M7BPAIR-M7BEVENT2018012920180129201801294B7927492F7A-M7BCONTROL2018012920180128201801288415607D653C-55C1262D6B60,M7BANCHOR-M7BEVENT2018012920180129201801294B7927492F7A-M7BCONTROL2018012920180128201801288415607D653C-55C1262D6B60,S2,rapid_warming,DJF,1,True,EC0001,33,STS2-SC0005,1,ETS2rapid_warming-TC0006,1,M7b
M7BEVENT-20180131-20180131-20180131-88E4057E029C,M7BPAIR-M7BEVENT20180131201801312018013188E4057E029C-M7BCONTROL201801312018013020180130E7186CCAD243-6D27D3360A9F,M7BANCHOR-M7BEVENT20180131201801312018013188E4057E029C-M7BCONTROL201801312018013020180130E7186CCAD243-6D27D3360A9F,S2,rapid_warming,DJF,1,True,EC0001,33,STS2-SC0006,1,ETS2rapid_warming-TC0007,1,M7b
M7BEVENT-20180203-20180202-20180203-148ED4E87F32,M7BPAIR-M7BEVENT201802032018020220180203148ED4E87F32-M7BCONTROL201802032018020420180205F8A378DE9B5A-6922510A177B,M7BANCHOR-M7BEVENT201802032018020220180203148ED4E87F32-M7BCONTROL201802032018020420180205F8A378DE9B5A-6922510A177B,S2,rapid_warming,DJF,2,True,EC0001,33,STS2-SC0007,1,ETS2rapid_warming-TC0008,1,M7b
M7BEVENT-20180206-20180206-20180206-98D945760317,M7BPAIR-M7BEVENT20180206201802062018020698D945760317-M7BCONTROL2018020620180205201802057A1049BD99CC-05DCCDFD4422,M7BANCHOR-M7BEVENT20180206201802062018020698D945760317-M7BCONTROL2018020620180205201802057A1049BD99CC-05DCCDFD4422,S2,rapid_warming,DJF,1,True,EC0001,33,STS2-SC0008,1,ETS2rapid_warming-TC0009,1,M7b
M7BEVENT-20180209-20180208-20180209-B2E6A247A8BD,M7BPAIR-M7BEVENT201802092018020820180209B2E6A247A8BD-M7BCONTROL20180209201802102018021113AC1F7D2BD2-741096942844,M7BANCHOR-M7BEVENT201802092018020820180209B2E6A247A8BD-M7BCONTROL20180209201802102018021113AC1F7D2BD2-741096942844,S2,rapid_warming,DJF,2,True,EC0001,33,STS2-SC0009,2,ETS2rapid_warming-TC0010,1,M7b
M7BEVENT-20180212-20180212-20180212-9D4F7ABAB632,M7BPAIR-M7BEVENT2018021220180212201802129D4F7ABAB632-M7BCONTROL2018021220180211201802110C03AE18018D-1264E27BCDCD,M7BANCHOR-M7BEVENT2018021220180212201802129D4F7ABAB632-M7BCONTROL2018021220180211201802110C03AE18018D-1264E27BCDCD,S2,rapid_warming,DJF,1,True,EC0001,33,STS2-SC0010,1,ETS2rapid_warming-TC0011,1,M7b
M7BEVENT-20180220-20180220-20180220-0DAEBCB36164,M7BPAIR-M7BEVENT2018022020180220201802200DAEBCB36164-M7BCONTROL201802202018021920180219A1320C1EB153-5F0366124C41,M7BANCHOR-M7BEVENT2018022020180220201802200DAEBCB36164-M7BCONTROL201802202018021920180219A1320C1EB153-5F0366124C41,S2,rapid_warming,DJF,1,True,EC0001,33,STS2-SC0011,1,ETS2rapid_warming-TC0012,1,M7b
M7BEVENT-20180225-20180224-20180225-F49C00275560,M7BPAIR-M7BEVENT201802252018022420180225F49C00275560-M7BCONTROL201802252018022220180223C69027B20210-1FBAE7A2BA7F,M7BANCHOR-M7BEVENT201802252018022420180225F49C00275560-M7BCONTROL201802252018022220180223C69027B20210-1FBAE7A2BA7F,S2,rapid_warming,DJF,2,True,EC0001,33,STS2-SC0012,1,ETS2rapid_warming-TC0013,1,M7b
M7BEVENT-20181219-20181219-20181219-44B2C3FE0846,M7BPAIR-M7BEVENT20181219201812192018121944B2C3FE0846-M7BCONTROL20181219201812182018121835E77ACC28F3-51E723D85A2D,M7BANCHOR-M7BEVENT20181219201812192018121944B2C3FE0846-M7BCONTROL20181219201812182018121835E77ACC28F3-51E723D85A2D,S2,rapid_warming,DJF,1,True,EC0021,9,STS2-SC0039,1,ETS2rapid_warming-TC0041,1,M7b
M7BEVENT-20181229-20181229-20181229-891852D75283,M7BPAIR-M7BEVENT201812292018122920181229891852D75283-M7BCONTROL20181229201812282018122818E3FE7E3F38-61921D7C408C,M7BANCHOR-M7BEVENT201812292018122920181229891852D75283-M7BCONTROL20181229201812282018122818E3FE7E3F38-61921D7C408C,S2,rapid_warming,DJF,1,True,EC0022,1,STS2-SC0040,1,ETS2rapid_warming-TC0042,1,M7b
M7BEVENT-20190108-20190108-20190108-862526941DA2,M7BPAIR-M7BEVENT201901082019010820190108862526941DA2-M7BCONTROL2019010820190107201901074BC28FC1E600-93E082B2BE31,M7BANCHOR-M7BEVENT201901082019010820190108862526941DA2-M7BCONTROL2019010820190107201901074BC28FC1E600-93E082B2BE31,S2,rapid_warming,DJF,1,True,EC0023,8,STS2-SC0042,1,ETS2rapid_warming-TC0043,1,M7b
M7BEVENT-20190110-20190110-20190110-DB171D61AD74,M7BPAIR-M7BEVENT201901102019011020190110DB171D61AD74-M7BCONTROL201901102019010920190109CBC1384D0C94-5D0504E8E5FD,M7BANCHOR-M7BEVENT201901102019011020190110DB171D61AD74-M7BCONTROL201901102019010920190109CBC1384D0C94-5D0504E8E5FD,S2,rapid_warming,DJF,1,True,EC0023,8,STS2-SC0043,1,ETS2rapid_warming-TC0044,1,M7b
M7BEVENT-20190125-20190125-20190125-B3E1E6C994EB,M7BPAIR-M7BEVENT201901252019012520190125B3E1E6C994EB-M7BCONTROL201901252019012420190124B6FE13F48A94-678DF2486E64,M7BANCHOR-M7BEVENT201901252019012520190125B3E1E6C994EB-M7BCONTROL201901252019012420190124B6FE13F48A94-678DF2486E64,S2,rapid_warming,DJF,1,True,EC0023,8,STS2-SC0044,1,ETS2rapid_warming-TC0045,1,M7b
M7BEVENT-20190130-20190127-20190130-49495C068530,M7BPAIR-M7BEVENT20190130201901272019013049495C068530-M7BCONTROL201901302019013120190203501B74B1F309-C0DB56288856,M7BANCHOR-M7BEVENT20190130201901272019013049495C068530-M7BCONTROL201901302019013120190203501B74B1F309-C0DB56288856,S2,rapid_warming,DJF,4,True,EC0023,8,STS2-SC0045,1,ETS2rapid_warming-TC0046,1,M7b
M7BEVENT-20190206-20190206-20190206-55EEAB67A860,M7BPAIR-M7BEVENT20190206201902062019020655EEAB67A860-M7BCONTROL201902062019020520190205180211E34F74-C294588375B6,M7BANCHOR-M7BEVENT20190206201902062019020655EEAB67A860-M7BCONTROL201902062019020520190205180211E34F74-C294588375B6,S2,rapid_warming,DJF,1,True,EC0024,1,STS2-SC0046,1,ETS2rapid_warming-TC0047,1,M7b
M7BEVENT-20190211-20190208-20190211-06980613C810,M7BPAIR-M7BEVENT20190211201902082019021106980613C810-M7BCONTROL201902112019020220190205D83C62F61B43-D1FCF0CE7E59,M7BANCHOR-M7BEVENT20190211201902082019021106980613C810-M7BCONTROL201902112019020220190205D83C62F61B43-D1FCF0CE7E59,S2,rapid_warming,DJF,4,True,EC0025,2,STS2-SC0047,1,ETS2rapid_warming-TC0048,1,M7b
M7BEVENT-20190213-20190213-20190213-AC41896B030D,M7BPAIR-M7BEVENT201902132019021320190213AC41896B030D-M7BCONTROL2019021320190212201902129DEEB9E769CB-52B246F611DA,M7BANCHOR-M7BEVENT201902132019021320190213AC41896B030D-M7BCONTROL2019021320190212201902129DEEB9E769CB-52B246F611DA,S2,rapid_warming,DJF,1,True,EC0026,1,STS2-SC0048,1,ETS2rapid_warming-TC0049,1,M7b
M7BEVENT-20190216-20190215-20190216-F3383AA8D6F5,M7BPAIR-M7BEVENT201902162019021520190216F3383AA8D6F5-M7BCONTROL201902162019021720190218F0AAAC587220-6627E06B2557,M7BANCHOR-M7BEVENT201902162019021520190216F3383AA8D6F5-M7BCONTROL201902162019021720190218F0AAAC587220-6627E06B2557,S2,rapid_warming,DJF,2,True,EC0027,2,STS2-SC0049,1,ETS2rapid_warming-TC0050,1,M7b
M7BEVENT-20190223-20190223-20190223-344DEBAB6B35,M7BPAIR-M7BEVENT201902232019022320190223344DEBAB6B35-M7BCONTROL2019022320190222201902221516B89F273E-622C591B52BD,M7BANCHOR-M7BEVENT201902232019022320190223344DEBAB6B35-M7BCONTROL2019022320190222201902221516B89F273E-622C591B52BD,S2,rapid_warming,DJF,1,True,EC0028,1,STS2-SC0050,1,ETS2rapid_warming-TC0051,1,M7b
M7BEVENT-20190228-20190228-20190228-44500DD8C071,M7BPAIR-M7BEVENT20190228201902282019022844500DD8C071-M7BCONTROL20190228201902272019022704892CAB9EB5-81D0CD650143,M7BANCHOR-M7BEVENT20190228201902282019022844500DD8C071-M7BCONTROL20190228201902272019022704892CAB9EB5-81D0CD650143,S2,rapid_warming,DJF,1,True,EC0029,2,STS2-SC0051,1,ETS2rapid_warming-TC0052,1,M7b
M7BEVENT-20191217-20191217-20191217-E7080A857FC4,M7BPAIR-M7BEVENT201912172019121720191217E7080A857FC4-M7BCONTROL201912172019121620191216EBFC20F9EC70-2C693E79B85A,M7BANCHOR-M7BEVENT201912172019121720191217E7080A857FC4-M7BCONTROL201912172019121620191216EBFC20F9EC70-2C693E79B85A,S2,rapid_warming,DJF,1,True,EC0055,1,STS2-SC0067,1,ETS2rapid_warming-TC0068,1,M7b
M7BEVENT-20191223-20191223-20191223-7561F7ED748E,M7BPAIR-M7BEVENT2019122320191223201912237561F7ED748E-M7BCONTROL2019122320191222201912228BD7BA9ACFE7-2279B437B906,M7BANCHOR-M7BEVENT2019122320191223201912237561F7ED748E-M7BCONTROL2019122320191222201912228BD7BA9ACFE7-2279B437B906,S2,rapid_warming,DJF,1,True,EC0056,25,STS2-SC0068,1,ETS2rapid_warming-TC0069,1,M7b
M7BEVENT-20191228-20191227-20191228-EE7B4F6F1343,M7BPAIR-M7BEVENT201912282019122720191228EE7B4F6F1343-M7BCONTROL2019122820191225201912267692EBE83E23-8A4C71B08499,M7BANCHOR-M7BEVENT201912282019122720191228EE7B4F6F1343-M7BCONTROL2019122820191225201912267692EBE83E23-8A4C71B08499,S2,rapid_warming,DJF,2,True,EC0056,25,STS2-SC0069,1,ETS2rapid_warming-TC0070,1,M7b
M7BEVENT-20200104-20200104-20200104-72AB261AAEBA,M7BPAIR-M7BEVENT20200104202001042020010472AB261AAEBA-M7BCONTROL20200104202001032020010352A3FDA7CF7B-389D99054A6B,M7BANCHOR-M7BEVENT20200104202001042020010472AB261AAEBA-M7BCONTROL20200104202001032020010352A3FDA7CF7B-389D99054A6B,S2,rapid_warming,DJF,1,True,EC0056,25,STS2-SC0070,4,ETS2rapid_warming-TC0071,1,M7b
M7BEVENT-20200106-20200106-20200106-B575834292FD,M7BPAIR-M7BEVENT202001062020010620200106B575834292FD-M7BCONTROL202001062020010520200105146949601734-12567A87385D,M7BANCHOR-M7BEVENT202001062020010620200106B575834292FD-M7BCONTROL202001062020010520200105146949601734-12567A87385D,S2,rapid_warming,DJF,1,True,EC0056,25,STS2-SC0070,4,ETS2rapid_warming-TC0072,1,M7b
M7BEVENT-20200108-20200108-20200108-D6FF3E18F7D6,M7BPAIR-M7BEVENT202001082020010820200108D6FF3E18F7D6-M7BCONTROL2020010820200107202001074646C6C7A4C2-262F649A25A1,M7BANCHOR-M7BEVENT202001082020010820200108D6FF3E18F7D6-M7BCONTROL2020010820200107202001074646C6C7A4C2-262F649A25A1,S2,rapid_warming,DJF,1,True,EC0056,25,STS2-SC0070,4,ETS2rapid_warming-TC0073,1,M7b
M7BEVENT-20200113-20200113-20200113-0ACE2231FAC4,M7BPAIR-M7BEVENT2020011320200113202001130ACE2231FAC4-M7BCONTROL202001132020011220200112710192FCB819-B6761AFEEAEF,M7BANCHOR-M7BEVENT2020011320200113202001130ACE2231FAC4-M7BCONTROL202001132020011220200112710192FCB819-B6761AFEEAEF,S2,rapid_warming,DJF,1,True,EC0056,25,STS2-SC0071,1,ETS2rapid_warming-TC0074,1,M7b
M7BEVENT-20200116-20200115-20200116-4A5E083DF416,M7BPAIR-M7BEVENT2020011620200115202001164A5E083DF416-M7BCONTROL202001162020011720200118A0F9290BD241-629444AE19EA,M7BANCHOR-M7BEVENT2020011620200115202001164A5E083DF416-M7BCONTROL202001162020011720200118A0F9290BD241-629444AE19EA,S2,rapid_warming,DJF,2,True,EC0056,25,STS2-SC0072,1,ETS2rapid_warming-TC0075,1,M7b
M7BEVENT-20200122-20200122-20200122-87408AF2840E,M7BPAIR-M7BEVENT20200122202001222020012287408AF2840E-M7BCONTROL202001222020012120200121772C62A7A451-C2EDBE0144C6,M7BANCHOR-M7BEVENT20200122202001222020012287408AF2840E-M7BCONTROL202001222020012120200121772C62A7A451-C2EDBE0144C6,S2,rapid_warming,DJF,1,True,EC0056,25,STS2-SC0073,1,ETS2rapid_warming-TC0076,1,M7b
M7BEVENT-20200131-20200130-20200131-EE72BD2E151B,M7BPAIR-M7BEVENT202001312020013020200131EE72BD2E151B-M7BCONTROL2020013120200128202001293F7136AC7EE6-5D59F8EC6750,M7BANCHOR-M7BEVENT202001312020013020200131EE72BD2E151B-M7BCONTROL2020013120200128202001293F7136AC7EE6-5D59F8EC6750,S2,rapid_warming,DJF,2,True,EC0056,25,STS2-SC0074,1,ETS2rapid_warming-TC0077,1,M7b
M7BEVENT-20200203-20200203-20200203-B443C824A067,M7BPAIR-M7BEVENT202002032020020320200203B443C824A067-M7BCONTROL2020020320200202202002023D8D5F6F804A-24F74133FFCD,M7BANCHOR-M7BEVENT202002032020020320200203B443C824A067-M7BCONTROL2020020320200202202002023D8D5F6F804A-24F74133FFCD,S2,rapid_warming,DJF,1,True,EC0056,25,STS2-SC0075,1,ETS2rapid_warming-TC0078,1,M7b
M7BEVENT-20200205-20200205-20200205-283040D5DAF1,M7BPAIR-M7BEVENT202002052020020520200205283040D5DAF1-M7BCONTROL20200205202002042020020483E8E4E19A13-A5910DD37F2B,M7BANCHOR-M7BEVENT202002052020020520200205283040D5DAF1-M7BCONTROL20200205202002042020020483E8E4E19A13-A5910DD37F2B,S2,rapid_warming,DJF,1,True,EC0056,25,STS2-SC0076,1,ETS2rapid_warming-TC0079,1,M7b
M7BEVENT-20200208-20200208-20200208-2C67BC5F96E8,M7BPAIR-M7BEVENT2020020820200208202002082C67BC5F96E8-M7BCONTROL202002082020020720200207811642680D86-EED392B3ADD7,M7BANCHOR-M7BEVENT2020020820200208202002082C67BC5F96E8-M7BCONTROL202002082020020720200207811642680D86-EED392B3ADD7,S2,rapid_warming,DJF,1,True,EC0056,25,STS2-SC0077,1,ETS2rapid_warming-TC0080,1,M7b
M7BEVENT-20200215-20200213-20200215-28D5D019F982,M7BPAIR-M7BEVENT20200215202002132020021528D5D019F982-M7BCONTROL2020021520200210202002120B1D81A98317-D3FA8F8C387B,M7BANCHOR-M7BEVENT20200215202002132020021528D5D019F982-M7BCONTROL2020021520200210202002120B1D81A98317-D3FA8F8C387B,S2,rapid_warming,DJF,3,True,EC0056,25,STS2-SC0078,1,ETS2rapid_warming-TC0081,1,M7b
M7BEVENT-20200220-20200218-20200220-E63E4D1AD230,M7BPAIR-M7BEVENT202002202020021820200220E63E4D1AD230-M7BCONTROL202002202020022420200226ED76145891C8-7A884DCF9E56,M7BANCHOR-M7BEVENT202002202020021820200220E63E4D1AD230-M7BCONTROL202002202020022420200226ED76145891C8-7A884DCF9E56,S2,rapid_warming,DJF,3,True,EC0056,25,STS2-SC0079,1,ETS2rapid_warming-TC0082,1,M7b
M7BEVENT-20200223-20200223-20200223-E51AFB0518D4,M7BPAIR-M7BEVENT202002232020022320200223E51AFB0518D4-M7BCONTROL2020022320200222202002221BDC58E33CA1-7D3EF92322A2,M7BANCHOR-M7BEVENT202002232020022320200223E51AFB0518D4-M7BCONTROL2020022320200222202002221BDC58E33CA1-7D3EF92322A2,S2,rapid_warming,DJF,1,True,EC0059,1,STS2-SC0080,1,ETS2rapid_warming-TC0083,1,M7b
M7BEVENT-20201201-20201201-20201201-BD4685F7F664,M7BPAIR-M7BEVENT202012012020120120201201BD4685F7F664-M7BCONTROL202012012020120220201202DDDDC8E10907-663C0D7454C9,M7BANCHOR-M7BEVENT202012012020120120201201BD4685F7F664-M7BCONTROL202012012020120220201202DDDDC8E10907-663C0D7454C9,S2,rapid_warming,DJF,1,True,EC0080,39,STS2-SC0106,4,ETS2rapid_warming-TC0112,1,M7b
M7BEVENT-20201206-20201206-20201206-C87F7BF55E0F,M7BPAIR-M7BEVENT202012062020120620201206C87F7BF55E0F-M7BCONTROL20201206202012052020120567D14E4D69FE-AA4F942CD46F,M7BANCHOR-M7BEVENT202012062020120620201206C87F7BF55E0F-M7BCONTROL20201206202012052020120567D14E4D69FE-AA4F942CD46F,S2,rapid_warming,DJF,1,True,EC0080,39,STS2-SC0106,4,ETS2rapid_warming-TC0113,1,M7b
M7BEVENT-20201209-20201209-20201209-FDA0DA9C6368,M7BPAIR-M7BEVENT202012092020120920201209FDA0DA9C6368-M7BCONTROL20201209202012082020120823D01F628034-C9A5404162C6,M7BANCHOR-M7BEVENT202012092020120920201209FDA0DA9C6368-M7BCONTROL20201209202012082020120823D01F628034-C9A5404162C6,S2,rapid_warming,DJF,1,True,EC0080,39,STS2-SC0107,1,ETS2rapid_warming-TC0114,1,M7b
M7BEVENT-20201213-20201213-20201213-AA2D6AE489F5,M7BPAIR-M7BEVENT202012132020121320201213AA2D6AE489F5-M7BCONTROL20201213202012122020121218DA73A6C2D1-56C7F96D9149,M7BANCHOR-M7BEVENT202012132020121320201213AA2D6AE489F5-M7BCONTROL20201213202012122020121218DA73A6C2D1-56C7F96D9149,S2,rapid_warming,DJF,1,True,EC0080,39,STS2-SC0108,1,ETS2rapid_warming-TC0115,1,M7b
M7BEVENT-20180603-20180603-20180603-08EB3C912D52,M7BPAIR-M7BEVENT20180603201806032018060308EB3C912D52-M7BCONTROL201806032018060220180602078605CD7009-8FD8C9F5CECE,M7BANCHOR-M7BEVENT20180603201806032018060308EB3C912D52-M7BCONTROL201806032018060220180602078605CD7009-8FD8C9F5CECE,S2,rapid_warming,JJA,1,True,EC0008,15,STS2-SC0024,3,ETS2rapid_warming-TC0024,1,M7b
M7BEVENT-20180607-20180607-20180607-0C2980F655A1,M7BPAIR-M7BEVENT2018060720180607201806070C2980F655A1-M7BCONTROL20180607201806062018060659413C7EB3EC-50553B02A5FF,M7BANCHOR-M7BEVENT2018060720180607201806070C2980F655A1-M7BCONTROL20180607201806062018060659413C7EB3EC-50553B02A5FF,S2,rapid_warming,JJA,1,True,EC0008,15,STS2-SC0024,3,ETS2rapid_warming-TC0025,1,M7b
M7BEVENT-20180616-20180616-20180616-3C41BD12D79F,M7BPAIR-M7BEVENT2018061620180616201806163C41BD12D79F-M7BCONTROL2018061620180615201806151684AB6F7958-B6B8BA3A11D0,M7BANCHOR-M7BEVENT2018061620180616201806163C41BD12D79F-M7BCONTROL2018061620180615201806151684AB6F7958-B6B8BA3A11D0,S2,rapid_warming,JJA,1,True,EC0009,1,STS2-SC0025,1,ETS2rapid_warming-TC0026,1,M7b
M7BEVENT-20180624-20180623-20180624-2BEB22E93174,M7BPAIR-M7BEVENT2018062420180623201806242BEB22E93174-M7BCONTROL20180624201806212018062207DDA7D26832-8F849E078682,M7BANCHOR-M7BEVENT2018062420180623201806242BEB22E93174-M7BCONTROL20180624201806212018062207DDA7D26832-8F849E078682,S2,rapid_warming,JJA,2,True,EC0012,1,STS2-SC0026,1,ETS2rapid_warming-TC0027,1,M7b
M7BEVENT-20180628-20180628-20180628-44DF66FA9406,M7BPAIR-M7BEVENT20180628201806282018062844DF66FA9406-M7BCONTROL2018062820180627201806272065E817953F-3673A8613E8D,M7BANCHOR-M7BEVENT20180628201806282018062844DF66FA9406-M7BCONTROL2018062820180627201806272065E817953F-3673A8613E8D,S2,rapid_warming,JJA,1,True,EC0013,4,STS2-SC0027,1,ETS2rapid_warming-TC0028,1,M7b
M7BEVENT-20180709-20180709-20180709-D42BE82D402A,M7BPAIR-M7BEVENT201807092018070920180709D42BE82D402A-M7BCONTROL201807092018070820180708689FB7BB9660-F4CE64FAFCEF,M7BANCHOR-M7BEVENT201807092018070920180709D42BE82D402A-M7BCONTROL201807092018070820180708689FB7BB9660-F4CE64FAFCEF,S2,rapid_warming,JJA,1,True,EC0014,7,STS2-SC0028,3,ETS2rapid_warming-TC0029,1,M7b
M7BEVENT-20180803-20180803-20180803-81116185851C,M7BPAIR-M7BEVENT20180803201808032018080381116185851C-M7BCONTROL2018080320180802201808029059C0C59436-AE14F9BFC77E,M7BANCHOR-M7BEVENT20180803201808032018080381116185851C-M7BCONTROL2018080320180802201808029059C0C59436-AE14F9BFC77E,S2,rapid_warming,JJA,1,True,EC0015,1,STS2-SC0029,1,ETS2rapid_warming-TC0030,1,M7b
M7BEVENT-20180811-20180811-20180811-AA2B24A5CC37,M7BPAIR-M7BEVENT201808112018081120180811AA2B24A5CC37-M7BCONTROL2018081120180810201808102EDCA02DE8FC-359925B257EA,M7BANCHOR-M7BEVENT201808112018081120180811AA2B24A5CC37-M7BCONTROL2018081120180810201808102EDCA02DE8FC-359925B257EA,S2,rapid_warming,JJA,1,True,EC0017,8,STS2-SC0030,4,ETS2rapid_warming-TC0031,1,M7b
M7BEVENT-20180819-20180819-20180819-1C12A0ACD1F0,M7BPAIR-M7BEVENT2018081920180819201808191C12A0ACD1F0-M7BCONTROL201808192018081820180818059B0A4BF84E-9F2217EA02B8,M7BANCHOR-M7BEVENT2018081920180819201808191C12A0ACD1F0-M7BCONTROL201808192018081820180818059B0A4BF84E-9F2217EA02B8,S2,rapid_warming,JJA,1,True,EC0017,8,STS2-SC0030,4,ETS2rapid_warming-TC0032,1,M7b
M7BEVENT-20180823-20180823-20180823-1BD9E2A62226,M7BPAIR-M7BEVENT2018082320180823201808231BD9E2A62226-M7BCONTROL201808232018082220180822C6B86529EDDA-BE00B78C407F,M7BANCHOR-M7BEVENT2018082320180823201808231BD9E2A62226-M7BCONTROL201808232018082220180822C6B86529EDDA-BE00B78C407F,S2,rapid_warming,JJA,1,True,EC0017,8,STS2-SC0030,4,ETS2rapid_warming-TC0033,1,M7b
M7BEVENT-20180829-20180829-20180829-7384781119BA,M7BPAIR-M7BEVENT2018082920180829201808297384781119BA-M7BCONTROL201808292018082820180828C579109026E7-42A7BC02DABD,M7BANCHOR-M7BEVENT2018082920180829201808297384781119BA-M7BCONTROL201808292018082820180828C579109026E7-42A7BC02DABD,S2,rapid_warming,JJA,1,True,EC0017,8,STS2-SC0031,1,ETS2rapid_warming-TC0034,1,M7b
M7BEVENT-20190608-20190608-20190608-4D5F563FED6E,M7BPAIR-M7BEVENT2019060820190608201906084D5F563FED6E-M7BCONTROL2019060820190607201906075E71EEE998BC-8AB2E202B0E9,M7BANCHOR-M7BEVENT2019060820190608201906084D5F563FED6E-M7BCONTROL2019060820190607201906075E71EEE998BC-8AB2E202B0E9,S2,rapid_warming,JJA,1,True,EC0036,23,STS2-SC0058,3,ETS2rapid_warming-TC0057,1,M7b
M7BEVENT-20190719-20190718-20190719-7C2BC55ED9F2,M7BPAIR-M7BEVENT2019071920190718201907197C2BC55ED9F2-M7BCONTROL2019071920190716201907172ADD511B5006-98FECD92688E,M7BANCHOR-M7BEVENT2019071920190718201907197C2BC55ED9F2-M7BCONTROL2019071920190716201907172ADD511B5006-98FECD92688E,S2,rapid_warming,JJA,2,True,EC0039,2,STS2-SC0059,1,ETS2rapid_warming-TC0058,1,M7b
M7BEVENT-20190807-20190807-20190807-81242624B5F3,M7BPAIR-M7BEVENT20190807201908072019080781242624B5F3-M7BCONTROL20190807201908062019080616E30CCC67D1-98C44E06BD50,M7BANCHOR-M7BEVENT20190807201908072019080781242624B5F3-M7BCONTROL20190807201908062019080616E30CCC67D1-98C44E06BD50,S2,rapid_warming,JJA,1,True,EC0043,1,STS2-SC0060,1,ETS2rapid_warming-TC0059,1,M7b
M7BEVENT-20190814-20190814-20190814-91F41AD30FA8,M7BPAIR-M7BEVENT20190814201908142019081491F41AD30FA8-M7BCONTROL201908142019081320190813E915EC1E2188-DD9453D0B846,M7BANCHOR-M7BEVENT20190814201908142019081491F41AD30FA8-M7BCONTROL201908142019081320190813E915EC1E2188-DD9453D0B846,S2,rapid_warming,JJA,1,True,EC0045,1,STS2-SC0061,1,ETS2rapid_warming-TC0060,1,M7b
M7BEVENT-20190820-20190820-20190820-3ABB9166CF63,M7BPAIR-M7BEVENT2019082020190820201908203ABB9166CF63-M7BCONTROL2019082020190819201908190F54450997E4-FD5EE1D51E69,M7BANCHOR-M7BEVENT2019082020190820201908203ABB9166CF63-M7BCONTROL2019082020190819201908190F54450997E4-FD5EE1D51E69,S2,rapid_warming,JJA,1,True,EC0046,1,STS2-SC0062,1,ETS2rapid_warming-TC0061,1,M7b
M7BEVENT-20200602-20200602-20200602-F583E1819F67,M7BPAIR-M7BEVENT202006022020060220200602F583E1819F67-M7BCONTROL20200602202006012020060117A511EEE93F-F080F5524524,M7BANCHOR-M7BEVENT202006022020060220200602F583E1819F67-M7BCONTROL20200602202006012020060117A511EEE93F-F080F5524524,S2,rapid_warming,JJA,1,True,EC0067,25,STS2-SC0091,3,ETS2rapid_warming-TC0097,1,M7b
M7BEVENT-20200615-20200615-20200615-43DFE69B04CA,M7BPAIR-M7BEVENT20200615202006152020061543DFE69B04CA-M7BCONTROL202006152020061420200614BBE49E5DBA7E-42A130106E26,M7BANCHOR-M7BEVENT20200615202006152020061543DFE69B04CA-M7BCONTROL202006152020061420200614BBE49E5DBA7E-42A130106E26,S2,rapid_warming,JJA,1,True,EC0071,1,STS2-SC0092,1,ETS2rapid_warming-TC0098,1,M7b
M7BEVENT-20200628-20200628-20200628-6D89E8B49BA7,M7BPAIR-M7BEVENT2020062820200628202006286D89E8B49BA7-M7BCONTROL202006282020062720200627F35160B29415-F0367092613D,M7BANCHOR-M7BEVENT2020062820200628202006286D89E8B49BA7-M7BCONTROL202006282020062720200627F35160B29415-F0367092613D,S2,rapid_warming,JJA,1,True,EC0072,5,STS2-SC0093,1,ETS2rapid_warming-TC0099,1,M7b
M7BEVENT-20200708-20200708-20200708-DC282F458EDD,M7BPAIR-M7BEVENT202007082020070820200708DC282F458EDD-M7BCONTROL2020070820200707202007071FF31B44869D-30F7BC035F02,M7BANCHOR-M7BEVENT202007082020070820200708DC282F458EDD-M7BCONTROL2020070820200707202007071FF31B44869D-30F7BC035F02,S2,rapid_warming,JJA,1,True,EC0074,1,STS2-SC0094,1,ETS2rapid_warming-TC0100,1,M7b
M7BEVENT-20200720-20200720-20200720-BE73F18B716E,M7BPAIR-M7BEVENT202007202020072020200720BE73F18B716E-M7BCONTROL20200720202007192020071904E1AAF17F38-3F6F7213BB9A,M7BANCHOR-M7BEVENT202007202020072020200720BE73F18B716E-M7BCONTROL20200720202007192020071904E1AAF17F38-3F6F7213BB9A,S2,rapid_warming,JJA,1,True,EC0075,5,STS2-SC0095,2,ETS2rapid_warming-TC0101,1,M7b
M7BEVENT-20200802-20200802-20200802-4BF48A3C9319,M7BPAIR-M7BEVENT2020080220200802202008024BF48A3C9319-M7BCONTROL202008022020080120200801688903AE206F-B32E4AA23A01,M7BANCHOR-M7BEVENT2020080220200802202008024BF48A3C9319-M7BCONTROL202008022020080120200801688903AE206F-B32E4AA23A01,S2,rapid_warming,JJA,1,True,EC0076,1,STS2-SC0096,1,ETS2rapid_warming-TC0102,1,M7b
M7BEVENT-20200807-20200807-20200807-3D868F0E228A,M7BPAIR-M7BEVENT2020080720200807202008073D868F0E228A-M7BCONTROL2020080720200806202008064839E2B32FFA-FEB536482229,M7BANCHOR-M7BEVENT2020080720200807202008073D868F0E228A-M7BCONTROL2020080720200806202008064839E2B32FFA-FEB536482229,S2,rapid_warming,JJA,1,True,EC0077,7,STS2-SC0097,1,ETS2rapid_warming-TC0103,1,M7b
M7BEVENT-20200821-20200821-20200821-EC189B2A4789,M7BPAIR-M7BEVENT202008212020082120200821EC189B2A4789-M7BCONTROL2020082120200820202008202639D24219CD-44B82FF9C681,M7BANCHOR-M7BEVENT202008212020082120200821EC189B2A4789-M7BCONTROL2020082120200820202008202639D24219CD-44B82FF9C681,S2,rapid_warming,JJA,1,True,EC0077,7,STS2-SC0098,1,ETS2rapid_warming-TC0104,1,M7b
M7BEVENT-20180310-20180310-20180310-208774B59765,M7BPAIR-M7BEVENT201803102018031020180310208774B59765-M7BCONTROL20180310201803092018030913C68C8E2403-B5C2BAF9A028,M7BANCHOR-M7BEVENT201803102018031020180310208774B59765-M7BCONTROL20180310201803092018030913C68C8E2403-B5C2BAF9A028,S2,rapid_warming,MAM,1,True,EC0001,33,STS2-SC0013,1,ETS2rapid_warming-TC0014,1,M7b
M7BEVENT-20180316-20180316-20180316-A6C5ABE91531,M7BPAIR-M7BEVENT201803162018031620180316A6C5ABE91531-M7BCONTROL20180316201803152018031587FABB3CFD19-B2A683F89A29,M7BANCHOR-M7BEVENT201803162018031620180316A6C5ABE91531-M7BCONTROL20180316201803152018031587FABB3CFD19-B2A683F89A29,S2,rapid_warming,MAM,1,True,EC0001,33,STS2-SC0014,1,ETS2rapid_warming-TC0015,1,M7b
M7BEVENT-20180411-20180411-20180411-BADE2579B02C,M7BPAIR-M7BEVENT201804112018041120180411BADE2579B02C-M7BCONTROL20180411201804102018041027563FCDA196-CE4653BB3212,M7BANCHOR-M7BEVENT201804112018041120180411BADE2579B02C-M7BCONTROL20180411201804102018041027563FCDA196-CE4653BB3212,S2,rapid_warming,MAM,1,True,EC0002,3,STS2-SC0015,2,ETS2rapid_warming-TC0016,1,M7b
M7BEVENT-20180418-20180418-20180418-C2FA8007AB44,M7BPAIR-M7BEVENT201804182018041820180418C2FA8007AB44-M7BCONTROL20180418201804172018041747C875301E8B-4B6247C10A7C,M7BANCHOR-M7BEVENT201804182018041820180418C2FA8007AB44-M7BCONTROL20180418201804172018041747C875301E8B-4B6247C10A7C,S2,rapid_warming,MAM,1,True,EC0003,1,STS2-SC0016,1,ETS2rapid_warming-TC0017,1,M7b
M7BEVENT-20180430-20180430-20180430-F4990CC6E686,M7BPAIR-M7BEVENT201804302018043020180430F4990CC6E686-M7BCONTROL2018043020180429201804292B713622F354-20B478EA832E,M7BANCHOR-M7BEVENT201804302018043020180430F4990CC6E686-M7BCONTROL2018043020180429201804292B713622F354-20B478EA832E,S2,rapid_warming,MAM,1,True,EC0005,8,STS2-SC0018,1,ETS2rapid_warming-TC0018,1,M7b
M7BEVENT-20180505-20180505-20180505-DE801495708E,M7BPAIR-M7BEVENT201805052018050520180505DE801495708E-M7BCONTROL2018050520180504201805043FEC95A678B4-23A2E69F95C5,M7BANCHOR-M7BEVENT201805052018050520180505DE801495708E-M7BCONTROL2018050520180504201805043FEC95A678B4-23A2E69F95C5,S2,rapid_warming,MAM,1,True,EC0005,8,STS2-SC0019,1,ETS2rapid_warming-TC0019,1,M7b
M7BEVENT-20180508-20180508-20180508-BBEF521397F6,M7BPAIR-M7BEVENT201805082018050820180508BBEF521397F6-M7BCONTROL201805082018050720180507C690BBE99E62-219B7C919A8E,M7BANCHOR-M7BEVENT201805082018050820180508BBEF521397F6-M7BCONTROL201805082018050720180507C690BBE99E62-219B7C919A8E,S2,rapid_warming,MAM,1,True,EC0005,8,STS2-SC0020,1,ETS2rapid_warming-TC0020,1,M7b
M7BEVENT-20180510-20180510-20180510-333990D34EE6,M7BPAIR-M7BEVENT201805102018051020180510333990D34EE6-M7BCONTROL201805102018050920180509E98C8EC18FFA-D0ED01EF9E6F,M7BANCHOR-M7BEVENT201805102018051020180510333990D34EE6-M7BCONTROL201805102018050920180509E98C8EC18FFA-D0ED01EF9E6F,S2,rapid_warming,MAM,1,True,EC0006,1,STS2-SC0021,1,ETS2rapid_warming-TC0021,1,M7b
M7BEVENT-20180516-20180516-20180516-531517A9A987,M7BPAIR-M7BEVENT201805162018051620180516531517A9A987-M7BCONTROL201805162018051520180515F1F7CBC21E09-E9A42D08DFF7,M7BANCHOR-M7BEVENT201805162018051620180516531517A9A987-M7BCONTROL201805162018051520180515F1F7CBC21E09-E9A42D08DFF7,S2,rapid_warming,MAM,1,True,EC0008,15,STS2-SC0022,1,ETS2rapid_warming-TC0022,1,M7b
M7BEVENT-20180523-20180523-20180523-8963456BD980,M7BPAIR-M7BEVENT2018052320180523201805238963456BD980-M7BCONTROL2018052320180522201805226A5539D57299-AE45B42B4E7D,M7BANCHOR-M7BEVENT2018052320180523201805238963456BD980-M7BCONTROL2018052320180522201805226A5539D57299-AE45B42B4E7D,S2,rapid_warming,MAM,1,True,EC0008,15,STS2-SC0023,2,ETS2rapid_warming-TC0023,1,M7b
M7BEVENT-20190315-20190315-20190315-5C5E2872666B,M7BPAIR-M7BEVENT2019031520190315201903155C5E2872666B-M7BCONTROL2019031520190314201903146570F8761B64-A8D712E8E657,M7BANCHOR-M7BEVENT2019031520190315201903155C5E2872666B-M7BCONTROL2019031520190314201903146570F8761B64-A8D712E8E657,S2,rapid_warming,MAM,1,True,EC0030,2,STS2-SC0052,1,ETS2rapid_warming-TC0053,1,M7b
M7BEVENT-20190317-20190317-20190317-95E043D5B4DB,M7BPAIR-M7BEVENT20190317201903172019031795E043D5B4DB-M7BCONTROL20190317201903162019031600533FBAC505-71428C41739F,M7BANCHOR-M7BEVENT20190317201903172019031795E043D5B4DB-M7BCONTROL20190317201903162019031600533FBAC505-71428C41739F,S2,rapid_warming,MAM,1,True,EC0031,1,STS2-SC0053,1,ETS2rapid_warming-TC0054,1,M7b
M7BEVENT-20190331-20190330-20190331-ABA7F9F3A0FF,M7BPAIR-M7BEVENT201903312019033020190331ABA7F9F3A0FF-M7BCONTROL201903312019032820190329EAD093308E91-BA0EBA1BC978,M7BANCHOR-M7BEVENT201903312019033020190331ABA7F9F3A0FF-M7BCONTROL201903312019032820190329EAD093308E91-BA0EBA1BC978,S2,rapid_warming,MAM,2,True,EC0033,1,STS2-SC0054,1,ETS2rapid_warming-TC0055,1,M7b
M7BEVENT-20190412-20190412-20190412-0A694DBEA7D2,M7BPAIR-M7BEVENT2019041220190412201904120A694DBEA7D2-M7BCONTROL20190412201904112019041114B8E3FDC740-04F32FFA9E34,M7BANCHOR-M7BEVENT2019041220190412201904120A694DBEA7D2-M7BCONTROL20190412201904112019041114B8E3FDC740-04F32FFA9E34,S2,rapid_warming,MAM,1,True,EC0035,1,STS2-SC0055,1,ETS2rapid_warming-TC0056,1,M7b
M7BEVENT-20200303-20200302-20200303-504AAC50F3CF,M7BPAIR-M7BEVENT202003032020030220200303504AAC50F3CF-M7BCONTROL202003032020030420200305939753215BCA-9BF482E4B887,M7BANCHOR-M7BEVENT202003032020030220200303504AAC50F3CF-M7BCONTROL202003032020030420200305939753215BCA-9BF482E4B887,S2,rapid_warming,MAM,2,True,EC0062,1,STS2-SC0081,1,ETS2rapid_warming-TC0084,1,M7b
M7BEVENT-20200308-20200308-20200308-42F8041C350E,M7BPAIR-M7BEVENT20200308202003082020030842F8041C350E-M7BCONTROL2020030820200307202003079C5B3BA53D32-0B24534023B8,M7BANCHOR-M7BEVENT20200308202003082020030842F8041C350E-M7BCONTROL2020030820200307202003079C5B3BA53D32-0B24534023B8,S2,rapid_warming,MAM,1,True,EC0063,1,STS2-SC0082,1,ETS2rapid_warming-TC0085,1,M7b
M7BEVENT-20200325-20200325-20200325-91E11207F152,M7BPAIR-M7BEVENT20200325202003252020032591E11207F152-M7BCONTROL202003252020032420200324B0CA8FCB8719-040716B99585,M7BANCHOR-M7BEVENT20200325202003252020032591E11207F152-M7BCONTROL202003252020032420200324B0CA8FCB8719-040716B99585,S2,rapid_warming,MAM,1,True,EC0064,1,STS2-SC0083,1,ETS2rapid_warming-TC0086,1,M7b
M7BEVENT-20200328-20200328-20200328-6C3FFB3A8982,M7BPAIR-M7BEVENT2020032820200328202003286C3FFB3A8982-M7BCONTROL20200328202003272020032756EC98469017-1B5B3BDBDEB8,M7BANCHOR-M7BEVENT2020032820200328202003286C3FFB3A8982-M7BCONTROL20200328202003272020032756EC98469017-1B5B3BDBDEB8,S2,rapid_warming,MAM,1,True,EC0065,5,STS2-SC0084,3,ETS2rapid_warming-TC0087,1,M7b
M7BEVENT-20200401-20200401-20200401-0AE4285876C7,M7BPAIR-M7BEVENT2020040120200401202004010AE4285876C7-M7BCONTROL2020040120200331202003315AA99E3390D7-9D824F55DC32,M7BANCHOR-M7BEVENT2020040120200401202004010AE4285876C7-M7BCONTROL2020040120200331202003315AA99E3390D7-9D824F55DC32,S2,rapid_warming,MAM,1,True,EC0065,5,STS2-SC0084,3,ETS2rapid_warming-TC0088,1,M7b
M7BEVENT-20200409-20200409-20200409-57734B94DA6F,M7BPAIR-M7BEVENT20200409202004092020040957734B94DA6F-M7BCONTROL202004092020040820200408A9D850E18935-4F3C75272692,M7BANCHOR-M7BEVENT20200409202004092020040957734B94DA6F-M7BCONTROL202004092020040820200408A9D850E18935-4F3C75272692,S2,rapid_warming,MAM,1,True,EC0066,1,STS2-SC0085,1,ETS2rapid_warming-TC0089,1,M7b
M7BEVENT-20200412-20200412-20200412-6E8DD92C519E,M7BPAIR-M7BEVENT2020041220200412202004126E8DD92C519E-M7BCONTROL2020041220200411202004110C4AD18DF6C9-C6D6BE1C256D,M7BANCHOR-M7BEVENT2020041220200412202004126E8DD92C519E-M7BCONTROL2020041220200411202004110C4AD18DF6C9-C6D6BE1C256D,S2,rapid_warming,MAM,1,True,EC0067,25,STS2-SC0086,1,ETS2rapid_warming-TC0090,1,M7b
M7BEVENT-20200416-20200415-20200416-E8616E4F9C38,M7BPAIR-M7BEVENT202004162020041520200416E8616E4F9C38-M7BCONTROL202004162020041320200414D208F3FE508C-757DFBE2B9A2,M7BANCHOR-M7BEVENT202004162020041520200416E8616E4F9C38-M7BCONTROL202004162020041320200414D208F3FE508C-757DFBE2B9A2,S2,rapid_warming,MAM,2,True,EC0067,25,STS2-SC0087,1,ETS2rapid_warming-TC0091,1,M7b
M7BEVENT-20200419-20200419-20200419-FDFDD3DBA3CE,M7BPAIR-M7BEVENT202004192020041920200419FDFDD3DBA3CE-M7BCONTROL20200419202004182020041836769A69BA63-68CF4E54156B,M7BANCHOR-M7BEVENT202004192020041920200419FDFDD3DBA3CE-M7BCONTROL20200419202004182020041836769A69BA63-68CF4E54156B,S2,rapid_warming,MAM,1,True,EC0067,25,STS2-SC0088,1,ETS2rapid_warming-TC0092,1,M7b
M7BEVENT-20200429-20200429-20200429-4FC18BC8D4C9,M7BPAIR-M7BEVENT2020042920200429202004294FC18BC8D4C9-M7BCONTROL202004292020042820200428B62E972131CF-2452E2BB7DAE,M7BANCHOR-M7BEVENT2020042920200429202004294FC18BC8D4C9-M7BCONTROL202004292020042820200428B62E972131CF-2452E2BB7DAE,S2,rapid_warming,MAM,1,True,EC0067,25,STS2-SC0089,1,ETS2rapid_warming-TC0093,1,M7b
M7BEVENT-20200503-20200503-20200503-41409B9C6BAB,M7BPAIR-M7BEVENT20200503202005032020050341409B9C6BAB-M7BCONTROL202005032020050220200502D489B01E08BF-86F5B5F6DD41,M7BANCHOR-M7BEVENT20200503202005032020050341409B9C6BAB-M7BCONTROL202005032020050220200502D489B01E08BF-86F5B5F6DD41,S2,rapid_warming,MAM,1,True,EC0067,25,STS2-SC0090,3,ETS2rapid_warming-TC0094,1,M7b
M7BEVENT-20200516-20200516-20200516-42D3EE991CC9,M7BPAIR-M7BEVENT20200516202005162020051642D3EE991CC9-M7BCONTROL2020051620200515202005153BF4E4D6E1C3-F69A9EE2A44A,M7BANCHOR-M7BEVENT20200516202005162020051642D3EE991CC9-M7BCONTROL2020051620200515202005153BF4E4D6E1C3-F69A9EE2A44A,S2,rapid_warming,MAM,1,True,EC0067,25,STS2-SC0090,3,ETS2rapid_warming-TC0095,1,M7b
M7BEVENT-20200531-20200530-20200531-2843726BCE16,M7BPAIR-M7BEVENT2020053120200530202005312843726BCE16-M7BCONTROL202005312020052820200529220D8B7C67FC-7F6395843896,M7BANCHOR-M7BEVENT2020053120200530202005312843726BCE16-M7BCONTROL202005312020052820200529220D8B7C67FC-7F6395843896,S2,rapid_warming,MAM,2,True,EC0067,25,STS2-SC0091,3,ETS2rapid_warming-TC0096,1,M7b
M7BEVENT-20180901-20180901-20180901-F844E9B4C53B,M7BPAIR-M7BEVENT201809012018090120180901F844E9B4C53B-M7BCONTROL20180901201809022018090283D4EAF82D13-EACA348A3E15,M7BANCHOR-M7BEVENT201809012018090120180901F844E9B4C53B-M7BCONTROL20180901201809022018090283D4EAF82D13-EACA348A3E15,S2,rapid_warming,SON,1,True,EC0017,8,STS2-SC0032,1,ETS2rapid_warming-TC0035,1,M7b
M7BEVENT-20180903-20180903-20180903-B3AE70C80932,M7BPAIR-M7BEVENT201809032018090320180903B3AE70C80932-M7BCONTROL20180903201809042018090495532E1F546D-09824D914441,M7BANCHOR-M7BEVENT201809032018090320180903B3AE70C80932-M7BCONTROL20180903201809042018090495532E1F546D-09824D914441,S2,rapid_warming,SON,1,True,EC0018,10,STS2-SC0033,1,ETS2rapid_warming-TC0036,1,M7b
M7BEVENT-20180914-20180914-20180914-07D9F3304ED6,M7BPAIR-M7BEVENT20180914201809142018091407D9F3304ED6-M7BCONTROL2018091420180913201809136F0C6AF70795-01942C8C0FAA,M7BANCHOR-M7BEVENT20180914201809142018091407D9F3304ED6-M7BCONTROL2018091420180913201809136F0C6AF70795-01942C8C0FAA,S2,rapid_warming,SON,1,True,EC0018,10,STS2-SC0034,2,ETS2rapid_warming-TC0037,1,M7b
M7BEVENT-20180926-20180926-20180926-E93D82A50BB1,M7BPAIR-M7BEVENT201809262018092620180926E93D82A50BB1-M7BCONTROL20180926201809252018092578777A797E0C-DC8A0EBF1B70,M7BANCHOR-M7BEVENT201809262018092620180926E93D82A50BB1-M7BCONTROL20180926201809252018092578777A797E0C-DC8A0EBF1B70,S2,rapid_warming,SON,1,True,EC0019,12,STS2-SC0035,1,ETS2rapid_warming-TC0038,1,M7b
M7BEVENT-20180928-20180928-20180928-5820676CEE5E,M7BPAIR-M7BEVENT2018092820180928201809285820676CEE5E-M7BCONTROL2018092820180927201809272B20CF4D6D34-B7E347F7AABF,M7BANCHOR-M7BEVENT2018092820180928201809285820676CEE5E-M7BCONTROL2018092820180927201809272B20CF4D6D34-B7E347F7AABF,S2,rapid_warming,SON,1,True,EC0019,12,STS2-SC0036,1,ETS2rapid_warming-TC0039,1,M7b
M7BEVENT-20181014-20181014-20181014-C97452BBBDE0,M7BPAIR-M7BEVENT201810142018101420181014C97452BBBDE0-M7BCONTROL201810142018101320181013BCFAD89DE36D-758D7F1717B2,M7BANCHOR-M7BEVENT201810142018101420181014C97452BBBDE0-M7BCONTROL201810142018101320181013BCFAD89DE36D-758D7F1717B2,S2,rapid_warming,SON,1,True,EC0019,12,STS2-SC0037,2,ETS2rapid_warming-TC0040,1,M7b
M7BEVENT-20190908-20190908-20190908-896817BA0896,M7BPAIR-M7BEVENT201909082019090820190908896817BA0896-M7BCONTROL2019090820190907201909073A54336CF041-8D853951CFE0,M7BANCHOR-M7BEVENT201909082019090820190908896817BA0896-M7BCONTROL2019090820190907201909073A54336CF041-8D853951CFE0,S2,rapid_warming,SON,1,True,EC0047,21,STS2-SC0063,4,ETS2rapid_warming-TC0062,1,M7b
M7BEVENT-20190912-20190912-20190912-7404493681EA,M7BPAIR-M7BEVENT2019091220190912201909127404493681EA-M7BCONTROL2019091220190911201909117279115201B7-3F7905391BEF,M7BANCHOR-M7BEVENT2019091220190912201909127404493681EA-M7BCONTROL2019091220190911201909117279115201B7-3F7905391BEF,S2,rapid_warming,SON,1,True,EC0047,21,STS2-SC0063,4,ETS2rapid_warming-TC0063,1,M7b
M7BEVENT-20191005-20191002-20191005-2E63C68FFF91,M7BPAIR-M7BEVENT2019100520191002201910052E63C68FFF91-M7BCONTROL20191005201909282019100174E86D743851-29945350B6C8,M7BANCHOR-M7BEVENT2019100520191002201910052E63C68FFF91-M7BCONTROL20191005201909282019100174E86D743851-29945350B6C8,S2,rapid_warming,SON,4,True,EC0047,21,STS2-SC0064,2,ETS2rapid_warming-TC0064,1,M7b
M7BEVENT-20191007-20191007-20191007-7C475DABA591,M7BPAIR-M7BEVENT2019100720191007201910077C475DABA591-M7BCONTROL20191007201910062019100698D96F8971B7-4D4DA64B66AF,M7BANCHOR-M7BEVENT2019100720191007201910077C475DABA591-M7BCONTROL20191007201910062019100698D96F8971B7-4D4DA64B66AF,S2,rapid_warming,SON,1,True,EC0048,1,STS2-SC0065,1,ETS2rapid_warming-TC0065,1,M7b
M7BEVENT-20191111-20191111-20191111-04B09DBF5EC5,M7BPAIR-M7BEVENT20191111201911112019111104B09DBF5EC5-M7BCONTROL20191111201911102019111062363C194E71-1333D08A08ED,M7BANCHOR-M7BEVENT20191111201911112019111104B09DBF5EC5-M7BCONTROL20191111201911102019111062363C194E71-1333D08A08ED,S2,rapid_warming,SON,1,True,EC0054,9,STS2-SC0066,4,ETS2rapid_warming-TC0066,1,M7b
M7BEVENT-20191125-20191125-20191125-0468228543B7,M7BPAIR-M7BEVENT2019112520191125201911250468228543B7-M7BCONTROL201911252019112420191124A9A747150E2B-5F619A6D8F3A,M7BANCHOR-M7BEVENT2019112520191125201911250468228543B7-M7BCONTROL201911252019112420191124A9A747150E2B-5F619A6D8F3A,S2,rapid_warming,SON,1,True,EC0054,9,STS2-SC0066,4,ETS2rapid_warming-TC0067,1,M7b
M7BEVENT-20200903-20200902-20200903-3CAF5CA2FBDA,M7BPAIR-M7BEVENT2020090320200902202009033CAF5CA2FBDA-M7BCONTROL202009032020090420200905636ED53F9B51-254B3925356E,M7BANCHOR-M7BEVENT2020090320200902202009033CAF5CA2FBDA-M7BCONTROL202009032020090420200905636ED53F9B51-254B3925356E,S2,rapid_warming,SON,2,True,EC0078,1,STS2-SC0099,1,ETS2rapid_warming-TC0105,1,M7b
M7BEVENT-20201001-20201001-20201001-594D63DCA26E,M7BPAIR-M7BEVENT202010012020100120201001594D63DCA26E-M7BCONTROL20201001202009302020093078B7B58B3C21-2C631A26AFB4,M7BANCHOR-M7BEVENT202010012020100120201001594D63DCA26E-M7BCONTROL20201001202009302020093078B7B58B3C21-2C631A26AFB4,S2,rapid_warming,SON,1,True,EC0080,39,STS2-SC0101,1,ETS2rapid_warming-TC0106,1,M7b
M7BEVENT-20201027-20201027-20201027-EB6CFB829F2A,M7BPAIR-M7BEVENT202010272020102720201027EB6CFB829F2A-M7BCONTROL202010272020102620201026637D6D9DC3DA-37A86E25C275,M7BANCHOR-M7BEVENT202010272020102720201027EB6CFB829F2A-M7BCONTROL202010272020102620201026637D6D9DC3DA-37A86E25C275,S2,rapid_warming,SON,1,True,EC0080,39,STS2-SC0102,3,ETS2rapid_warming-TC0107,1,M7b
M7BEVENT-20201102-20201102-20201102-16B721E727F3,M7BPAIR-M7BEVENT20201102202011022020110216B721E727F3-M7BCONTROL20201102202011012020110109A1E838979F-61FBB8F329D1,M7BANCHOR-M7BEVENT20201102202011022020110216B721E727F3-M7BCONTROL20201102202011012020110109A1E838979F-61FBB8F329D1,S2,rapid_warming,SON,1,True,EC0080,39,STS2-SC0102,3,ETS2rapid_warming-TC0108,1,M7b
M7BEVENT-20201109-20201109-20201109-A7140E5C63F4,M7BPAIR-M7BEVENT202011092020110920201109A7140E5C63F4-M7BCONTROL20201109202011082020110832056A176219-C43AD688C332,M7BANCHOR-M7BEVENT202011092020110920201109A7140E5C63F4-M7BCONTROL20201109202011082020110832056A176219-C43AD688C332,S2,rapid_warming,SON,1,True,EC0080,39,STS2-SC0103,1,ETS2rapid_warming-TC0109,1,M7b
M7BEVENT-20201122-20201122-20201122-30D6E240D9BE,M7BPAIR-M7BEVENT20201122202011222020112230D6E240D9BE-M7BCONTROL20201122202011212020112132A27FD3A921-8B13E613C4C6,M7BANCHOR-M7BEVENT20201122202011222020112230D6E240D9BE-M7BCONTROL20201122202011212020112132A27FD3A921-8B13E613C4C6,S2,rapid_warming,SON,1,True,EC0080,39,STS2-SC0105,1,ETS2rapid_warming-TC0110,1,M7b
M7BEVENT-20201128-20201128-20201128-1E0D66DA5739,M7BPAIR-M7BEVENT2020112820201128202011281E0D66DA5739-M7BCONTROL2020112820201127202011274332C227A2AB-CD2A7BE38CD7,M7BANCHOR-M7BEVENT2020112820201128202011281E0D66DA5739-M7BCONTROL2020112820201127202011274332C227A2AB-CD2A7BE38CD7,S2,rapid_warming,SON,1,True,EC0080,39,STS2-SC0106,4,ETS2rapid_warming-TC0111,1,M7b
